id,state,city,timestamp,pm25,pm10,no2,co,so2,o3,temperature,humidity,windSpeed,windDirection,latitude,longitude,distRoad,distIndustry,distDump,distFarmland,pollutionSource
"pol-0","Andhra Pradesh","Visakhapatnam","2026-02-25T12:10:25.354Z","162.53466314893853","256.1587012380634","46.305413027592465","9.754473268405485","41.316089360179525","85.76481334379358","30.054111628575754","28.041026833663885","22.0671867231268","295.67083999656114","14.714562649609677","88.38082433482386","386.01479129088113","7917.814804269391","7124.6141320082515","6380.348146436138","Vehicular"
"pol-1","Arunachal Pradesh","Itanagar","2026-02-25T11:10:25.354Z","190.22247600606346","87.1363057618226","23.263253698523705","3.9234535788231515","1.0278635603569064","70.22866667389287","24.45486259261036","43.17731649316784","16.2136096978791","311.05430592742374","21.145688266171575","85.02452254714632","1027.720700684768","3755.33044174419","11117.094290302333","7179.834071504718","Natural"
"pol-2","Assam","Guwahati","2026-02-25T10:10:25.354Z","51.761469589532716","215.44576824499075","59.829724054305856","7.549828022144433","9.172614271375117","26.221642390162092","23.07255427938839","37.2377364406616","15.753033087247864","143.24476486678444","35.44781007314246","90.77481046108348","1493.540482046891","2618.0125077342896","16640.62549266588","5863.006170309623","Natural"
"pol-3","Bihar","Patna","2026-02-25T09:10:25.354Z","104.3010367464658","15.360480492078466","13.655873098245381","7.415509667578","10.558633970167342","49.39068582202284","27.628022613430105","61.50457793925699","2.0140080840708148","120.36865810811364","31.445213138348944","85.298444114701","1237.1258014625678","9378.658518538372","15334.51718824262","966.3524685860403","Natural"
"pol-4","Chhattisgarh","Raipur","2026-02-25T08:10:25.354Z","8.600312320681326","67.68258663082143","62.21156670414098","2.442974817381315","28.89848885870342","85.80879614454537","33.40509729803923","71.83438688284139","12.900303526484727","63.341181547799444","11.80971356085122","72.50920057434425","283.7503058914224","1446.1306511667772","4580.581859421708","2198.7132545788777","Vehicular"
"pol-5","Goa","Panaji","2026-02-25T07:10:25.354Z","194.26726838708902","255.17890214726108","46.88641781187237","3.1822914947976635","46.49223505009875","29.45733299545369","32.136492828168535","65.10457938434406","19.275536535599233","150.99731860599402","17.0132826180491","88.79438350994603","1870.9477008540978","7321.988776844608","18121.093324620706","6518.723393647141","Natural"
"pol-6","Gujarat","Ahmedabad","2026-02-25T06:10:25.354Z","54.057667423119995","247.5127762321707","32.11750860230545","1.0812861151888242","8.138108312528198","53.83895876378948","19.708929299124783","48.5466480396515","13.01456321744428","225.17983479611442","28.82604740108048","69.08577026510275","17.3576364605601","4955.696425251362","12339.875406516807","3733.7604141740076","Vehicular"
"pol-7","Haryana","Gurugram","2026-02-25T05:10:25.354Z","165.80528431432398","218.34887937352394","5.343529469996922","1.9099620455829414","39.45330144501958","32.78662847219251","31.160280875952633","25.691911366765574","7.791081292184854","204.7642252357147","8.15460217284092","81.3861961687671","38.27798109241654","430.0994394220914","17551.70922199142","529.6555564483185","Industrial"
"pol-8","Himachal Pradesh","Shimla","2026-02-25T04:10:25.354Z","61.16573249590302","182.168577519859","22.5555319704181","9.070830589163776","2.2751146189880336","11.017071488966646","16.695779905588076","41.09682678553351","23.366703565986526","77.62275840080552","15.501549678490663","89.55452186937963","1526.4039405176457","9350.786177821929","13054.712821378673","2802.4511785390737","Agricultural"
"pol-9","Jharkhand","Ranchi","2026-02-25T03:10:25.354Z","196.0079853718307","148.67099666995847","20.82323309661681","0.9910859989469856","33.40542976972901","35.602835307707906","25.000773897449776","57.07444113564524","21.5717869243368","68.1568967517492","35.21055007638769","75.84861928022721","217.9474185087822","7643.849587045588","10382.9386377032","6702.29917307117","Natural"
"pol-10","Karnataka","Bengaluru","2026-02-25T02:10:25.354Z","160.72077957158194","291.93576055669763","15.855226792742556","7.295153719994777","46.97348828161986","68.43785669553418","19.573528151244304","53.38295624023567","18.308179501025517","5.36835421780772","19.044772914816818","72.26326527071338","775.8904328635856","6200.789842024573","4103.033588379756","3369.749488584435","Burning"
"pol-11","Kerala","Thiruvananthapuram","2026-02-25T01:10:25.354Z","45.092380330462476","192.81257680363552","46.026404224153495","1.4222456952957585","12.874888367255883","23.659258204468813","20.336800404597508","20.837763405638093","24.476873615026953","353.0142422819378","16.307609282502906","82.36921398214716","388.80323939905657","5347.9599683497245","1279.7837816302238","6283.772175022132","Vehicular"
"pol-12","Madhya Pradesh","Bhopal","2026-02-25T00:10:25.354Z","52.049023696095965","36.18388969146273","18.85853171953917","2.124711167502369","17.2303802868815","1.2576807807776924","31.143126564796873","57.03571374462262","17.637968856154103","24.501486340296275","19.965949696172075","81.8905700995475","189.27028136408651","9285.214677177311","10460.988734459408","969.1625803775272","Natural"
"pol-13","Maharashtra","Mumbai","2026-02-24T23:10:25.354Z","135.9473948359222","28.871743495966285","56.14943768742151","6.289669377651928","38.56019321617857","28.672145080938925","27.148097523563266","42.687189864056556","19.603285537684897","0.305025025548753","22.04993710676075","89.77872815691069","340.5883210318983","9058.30665287917","11918.254082474314","7306.0937382915945","Vehicular"
"pol-14","Manipur","Imphal","2026-02-24T22:10:25.354Z","127.75714096451574","168.01760644827348","5.545589694729767","5.188359034050154","10.177636357068332","31.87729466714606","19.592466486990233","49.425437502771175","14.372348091687181","47.40609505480093","22.9317152764633","74.71031913062629","778.7058730448217","2635.3593380549178","10019.675805468883","8342.464453156164","Natural"
"pol-15","Meghalaya","Shillong","2026-02-24T21:10:25.354Z","124.57991857491587","65.61109091421993","27.550475612334306","8.653401385370547","10.306538260088521","72.18780058670079","34.02418672993595","39.14601434051116","4.537852487277178","182.53461593284385","18.649692334948455","88.83528406442588","1693.058585972922","8689.119682211696","5642.128535592459","4158.030752244158","Burning"
"pol-16","Mizoram","Aizawl","2026-02-24T20:10:25.354Z","148.39378201221496","56.39098934450527","57.20643383914211","8.501650372858178","0.7425062304041885","70.43408667176449","26.978470802616613","32.51367618850858","9.83020246393363","329.4400281263774","8.005441992246102","86.85899552813875","1114.2112488693688","6099.43992743765","13325.000059938404","2261.609935149597","Agricultural"
"pol-17","Nagaland","Kohima","2026-02-24T19:10:25.354Z","121.2069969962428","264.18785254095263","3.787944220495314","4.3442103479782554","37.38124902178272","16.96491405592021","27.34852660744521","46.37715200901147","7.964857312181886","335.3017938335486","23.568253530122604","78.46046850662843","1270.2553667438833","2746.046713689233","3050.81961122275","9942.906658819402","Industrial"
"pol-18","Odisha","Bhubaneswar","2026-02-24T18:10:25.354Z","183.7172388209773","64.81742159574435","56.63489844366141","7.931614140410216","10.244566832856572","61.52062657541409","30.170912695809854","38.30223378401825","11.972778382356712","85.74940957621723","24.402489098195403","88.31044134986605","1455.877422872302","8797.321369876361","10717.507638646635","2015.3874688379715","Agricultural"
"pol-19","Punjab","Ludhiana","2026-02-24T17:10:25.354Z","135.31616216996022","142.63305673400677","39.204427616480466","3.741206358953877","16.875185350039075","7.522546714188893","21.09991703939384","48.683103411697914","3.972307397727068","167.17529780897252","26.25955670713734","80.21002948361541","51.261142384243286","5635.869422706159","17812.44671585402","1319.5572138684797","Vehicular"
"pol-20","Rajasthan","Jaipur","2026-02-24T16:10:25.354Z","108.5568679872917","31.69188687696488","29.13055229485674","6.7503552842809","17.276424370082378","52.634121056775655","26.866189943347486","34.55012346344081","13.6051200941878","273.40063550489634","32.20907754442857","78.65345046996418","1874.5609832100047","3384.3708612189207","18633.588775399654","5801.660997737842","Industrial"
"pol-21","Sikkim","Gangtok","2026-02-24T15:10:25.354Z","73.45382727523777","152.93618022551607","9.783572822092674","6.173642870380026","5.944243829294754","59.28163639630184","16.342015499707937","54.133303934419864","8.189756606954537","104.47725673863658","16.27060194599584","88.39284210462478","1445.1699673768223","63.94383741936682","8552.22671211545","8618.76779790551","Natural"
"pol-22","Tamil Nadu","Chennai","2026-02-24T14:10:25.354Z","140.0576999483204","204.48626163612323","28.66018356783549","7.254915435413474","47.87501331634573","92.55613491177499","17.40576381711452","54.03514957641325","3.7772318636315525","153.80008984338974","28.514086602825547","79.88590187572979","1844.4966803603184","6398.228138657189","10194.28466911434","4669.859843320838","Natural"
"pol-23","Telangana","Hyderabad","2026-02-24T13:10:25.354Z","91.32186147087558","130.8729495486813","36.861691658440435","0.45697217186640104","4.33145464478949","43.36761736287665","20.285253929363122","26.577693245446664","23.584350705600066","261.3406220691984","15.172392814300006","90.83497117522485","1268.2642880379528","9158.586048606036","7274.086596306213","7249.961957195414","Burning"
"pol-24","Tripura","Agartala","2026-02-24T12:10:25.354Z","172.95097070420604","74.8078087601747","69.85767852721747","3.8074007596327073","44.115557519591825","62.33951594046866","35.524329064585935","72.0823245930861","16.891061178777413","94.13045230899861","19.999778750912864","75.46869566382135","763.6657981726152","2597.8944695720174","16122.684677884397","5771.478376727588","Industrial"
"pol-25","Uttar Pradesh","Lucknow","2026-02-24T11:10:25.354Z","111.6786938872114","293.6419155516196","34.36519646454829","2.164618651921039","11.646905400278595","26.946488057784933","32.514932442235065","29.65039996675889","3.4020622851786584","256.0199290414013","29.48889627748057","72.23042499998584","1004.2534188094767","3235.3234539669274","18477.74559792333","8112.293230599807","Natural"
"pol-26","Uttarakhand","Dehradun","2026-02-24T10:10:25.354Z","102.22880770458138","211.86724405299177","72.97332079951164","1.4130591488428745","48.92215281267397","85.8095291357131","28.03142362482013","49.48923091693303","23.808059106276954","17.382922990106188","15.914882386576403","80.96273046224857","443.63379074297814","182.46494641839473","8308.06586376957","5712.390003865382","Vehicular"
"pol-27","West Bengal","Kolkata","2026-02-24T09:10:25.354Z","119.82994749523992","67.53714625452649","36.633578798771325","2.0896303727510244","17.07102257906103","36.17531297478522","26.91137915776022","37.63112462773998","11.718900207614535","229.55918293009924","34.333580735741904","73.42879038765028","1014.6483732588358","4033.4294877466036","3726.169529268484","1178.00657535859","Burning"
"pol-28","Delhi","New Delhi","2026-02-24T08:10:25.354Z","22.70296098604623","248.11595975523173","65.01300091385187","5.519898752636093","6.576719797868807","64.89749931681952","17.108856536754224","21.04964008206956","10.849101844088418","151.2464620673525","34.361457828804994","73.5751013768467","1031.6441841244546","9810.08447555324","16398.46942094319","5472.9272738057725","Natural"
"pol-29","Andhra Pradesh","Visakhapatnam","2026-02-24T07:10:25.354Z","24.22147702815607","132.57436860817816","3.0397203719440835","9.401516728489787","31.381930635211212","47.403940244993535","35.066011126640156","70.54765507312544","17.3579742147617","53.03053577842855","35.962750347839545","74.7098682473751","1295.8122788128221","6648.886479419154","13132.41388435443","9796.308217499905","Natural"
"pol-30","Arunachal Pradesh","Itanagar","2026-02-24T06:10:25.354Z","61.69401540463466","252.84726649947584","46.37830836677842","1.7030665016307778","29.894781069231875","77.1712701782637","36.3354800883107","75.0702234833614","14.239000026234777","268.81205906810135","20.121071344279052","79.92835594825407","59.39842355514058","2866.387685571381","17651.59696653751","4729.958621802405","Vehicular"
"pol-31","Assam","Guwahati","2026-02-24T05:10:25.354Z","139.4441491008796","265.76421458974255","16.407549241073724","9.714869712589895","15.776172001980143","0.015207730193189661","17.983394413402575","69.85452319015815","13.143805233536831","96.13244620631626","31.843639159287036","68.88540790420167","665.6043134621468","3074.5733215770697","5629.008564061662","3914.335541819909","Industrial"
"pol-32","Bihar","Patna","2026-02-24T04:10:25.354Z","91.02297375966127","289.5840333347173","51.03336220896358","4.909275707383001","49.364905673505746","59.08187515222868","34.47244416983601","55.79688202902957","17.48114784476609","324.1263696936664","31.713130308194117","86.20807081720905","635.7332316576785","1073.0784966286078","18395.905807893618","5497.162031372319","Industrial"
"pol-33","Chhattisgarh","Raipur","2026-02-24T03:10:25.354Z","15.271769925422296","220.1773435321529","10.527978795867003","6.205030992115196","3.795609886177531","60.75585004636448","21.708217212435635","76.09229995751662","17.485305948777157","98.74204899162802","32.69294416267583","87.25292257086775","1235.8031185313278","8230.499684067163","13322.781271695387","8065.781475329742","Natural"
"pol-34","Goa","Panaji","2026-02-24T02:10:25.354Z","27.887120409308185","67.51412634857905","62.67663762292031","9.420503832917479","20.888010304364762","40.423595641167076","29.667822884083385","51.97841832605394","3.422098779507379","316.60577476907986","29.181394773102536","78.38369695631548","1068.3178603838367","6360.473093110877","104.72991730686499","6322.986793723433","Natural"
"pol-35","Gujarat","Ahmedabad","2026-02-24T01:10:25.354Z","54.294771608922396","45.239001475768816","68.7523838477567","5.9737704903356725","6.023674789726218","22.26151913565949","32.89454523405445","38.92693652334103","10.612862421582065","221.90316872533253","27.39764710205748","84.90837928503834","539.0762465605033","2826.4609700878273","2216.970538483296","8339.749572238668","Natural"
"pol-36","Haryana","Gurugram","2026-02-24T00:10:25.354Z","115.54733424003929","175.95486892916642","42.706332115585795","4.91549553958749","18.379798741567832","99.76110612604727","27.752026071641332","73.9401174060394","18.31965027344444","335.1888315040907","25.292421518070526","79.86394783333877","859.0425126560923","9210.37916473946","19312.523725800955","4696.065861753748","Natural"
"pol-37","Himachal Pradesh","Shimla","2026-02-23T23:10:25.354Z","113.99328863519966","277.235398368508","27.895021457479867","8.148816132838284","10.678945448590959","19.035357338304713","24.71172508212694","72.16461137337122","19.783878878977497","8.564265573290587","20.000959079832917","70.86909034037694","437.61783501933473","6650.00729431917","15141.192194407575","2450.5953081635935","Agricultural"
"pol-38","Jharkhand","Ranchi","2026-02-23T22:10:25.354Z","61.2943176322086","27.247413268753597","46.75254178001378","8.762829164171096","43.925969549968656","38.310591467598684","33.42321603494648","31.3059219804002","7.358418501264843","49.85818734536072","11.048936150171365","68.13314061538028","1075.863424430554","2269.5465467955923","1867.7868740010829","6173.649133212913","Industrial"
"pol-39","Karnataka","Bengaluru","2026-02-23T21:10:25.354Z","190.82373465404135","41.1473548585766","47.78908407912237","3.2133804432757342","12.860565435260868","87.20117881444855","25.73378494833584","61.71225079937705","8.413827629848104","291.94651953194915","10.880067846777767","89.26638543033704","1834.861730798089","1731.6615167528305","1142.5359101893773","7724.002773490451","Burning"
"pol-40","Kerala","Thiruvananthapuram","2026-02-23T20:10:25.354Z","186.40228930862034","292.91789400264867","2.888679424980092","9.153723506838281","26.345522100389257","36.45432893040416","18.392918135259798","29.14337280089409","16.638471484298215","96.01378031425344","10.957621561348212","70.79160522145561","996.6644104863735","1546.398674225149","15429.980470864191","5950.138534715807","Industrial"
"pol-41","Madhya Pradesh","Bhopal","2026-02-23T19:10:25.354Z","176.35754911973305","230.23008405076612","22.646051151347297","9.675391375480988","46.85779066496968","33.03658535476847","31.98482916722157","59.58406390852589","3.4557823860966703","308.79664619265","12.872023716979324","73.12145348764746","282.02941625428355","7129.952054768659","6432.635188697571","9834.680415126319","Burning"
"pol-42","Maharashtra","Mumbai","2026-02-23T18:10:25.354Z","69.12298391739637","155.99314566383217","25.960710879885383","5.272633754811245","35.68429041582384","71.17882270841342","28.171375387469503","34.330802789678586","22.022246345147103","79.47155376232236","31.332062462310095","71.63647819836324","70.16200659697435","5445.512124687394","13991.866560106979","397.1539598933682","Agricultural"
"pol-43","Manipur","Imphal","2026-02-23T17:10:25.354Z","22.244355732501408","154.20540444277825","14.387008284468727","0.6877116444296305","36.05858846971092","37.65867029257374","25.551237837637448","61.024397513552124","7.241061596505355","349.340243341168","10.76727026627418","85.65618497363789","156.24034265122998","8664.258128971265","15774.140357157043","3980.3152986536293","Natural"
"pol-44","Meghalaya","Shillong","2026-02-23T16:10:25.354Z","21.53843234105539","40.76814317941032","57.573054172592244","7.0763860630042625","40.89784390137841","15.96273244932197","17.99517084341033","74.32191828712278","20.720203301689168","66.65829146301564","15.103852840973385","87.56327510409503","1972.6909204618141","5603.9567185642745","13147.113450839252","4329.96262811553","Natural"
"pol-45","Mizoram","Aizawl","2026-02-23T15:10:25.354Z","154.6702010078346","236.01864703108635","68.24545707465224","2.7955707413895925","31.759275343269","33.28893138595481","38.67961379630441","29.610465376609156","2.202095463404902","136.97730623056808","21.978913808624277","78.96260436553075","1642.2561087977006","2665.1349394548065","17932.79094160039","3527.3876278665084","Industrial"
"pol-46","Nagaland","Kohima","2026-02-23T14:10:25.354Z","121.02066950920343","161.0882045404137","63.70518809722944","3.9016173710656465","39.118522772820555","62.01234187923323","18.3549961459586","55.010033073737276","11.225888142547987","330.19567719032966","32.338008039287175","68.59917719459912","506.1206469300761","9930.934586661962","7122.455637151548","8743.867328880602","Burning"
"pol-47","Odisha","Bhubaneswar","2026-02-23T13:10:25.354Z","49.82159973037981","17.46137995090329","67.21241861346424","8.298273066728926","32.30459150319142","43.363804648771186","28.456398687352305","54.018401107974306","19.41101029873543","310.5906346689094","8.76982566858402","87.29085349802337","474.96783621366603","5215.041703785214","2863.1619742519465","3898.5028881812177","Vehicular"
"pol-48","Punjab","Ludhiana","2026-02-23T12:10:25.354Z","108.02157515135535","239.24741079497855","38.776533843799015","0.20317034457892347","18.423356704284455","45.834626456470616","38.83451678362323","58.39556887621689","4.909579515122769","137.88141451162863","10.600406315906175","87.47186937955098","268.08677266814664","8725.731020914243","16366.165080889941","5369.960701152006","Vehicular"
"pol-49","Rajasthan","Jaipur","2026-02-23T11:10:25.354Z","101.24798896344504","63.35173555159855","65.00549752438285","1.2932624490743927","35.29562549917335","89.85931033116728","24.55297892304418","33.20103724672939","9.02139705019995","197.0802789530142","19.37417659151162","89.35000252057185","1058.1498324743454","1057.5420328471407","11878.831421326931","1245.129914714118","Industrial"
"pol-50","Sikkim","Gangtok","2026-02-23T10:10:25.354Z","50.201015077561365","162.22408827919793","11.972701852766203","6.942209125426306","20.92809006011952","22.78003100722489","37.58660852695779","62.803710011038575","19.436707988748953","346.823741040431","15.196143586612683","75.53629743416981","600.4539071496771","4087.5216620907395","19156.06120041846","538.0982592757066","Agricultural"
"pol-51","Tamil Nadu","Chennai","2026-02-23T09:10:25.354Z","28.14148918517636","227.73653595386958","31.57993580235707","2.7133132861333675","28.159103908836798","4.7189145758687046","32.21032115879832","32.17145341087365","9.261679244561066","357.67270814259007","28.641287636595486","70.50998920226967","1248.3943241538875","4631.453531496118","2783.8737180911767","5731.2486580756695","Burning"
"pol-52","Telangana","Hyderabad","2026-02-23T08:10:25.354Z","39.807158055101134","149.6655923825824","66.81811775365689","6.426883104418918","27.9724314472667","18.41584124993726","18.787837796340533","42.63944425093003","16.77972765152141","159.71233048775167","30.97696234780132","68.63784076979995","1889.2025405791794","959.8884699855503","19441.003481883447","2004.900709976818","Industrial"
"pol-53","Tripura","Agartala","2026-02-23T07:10:25.354Z","83.71021329316815","157.8188129992925","36.01474611637034","3.920829932663077","1.2539873644844768","27.176816597118915","21.34954400908014","29.684635385649653","4.373372386945995","286.9159758657258","18.002935482888397","90.06698887938123","644.6783430960614","2752.6352458029855","13351.087169649283","3563.8464584067233","Natural"
"pol-54","Uttar Pradesh","Lucknow","2026-02-23T06:10:25.354Z","82.82115777117937","247.6691785952308","58.00075349555267","7.968190802396165","37.30269436179954","76.16346701933708","18.947328205160545","30.37874205202718","12.446376260538269","177.740643065776","32.823931583491806","91.82142056264895","1299.1082764382256","2454.6878248602234","19738.953761432203","1345.560221878429","Industrial"
"pol-55","Uttarakhand","Dehradun","2026-02-23T05:10:25.354Z","0.7755757306141753","220.17812330002982","42.28913141160426","0.43889373389438213","7.40255187287015","38.706493916768316","35.48644072388856","36.918435165857346","14.771970731288347","7.265449412419711","23.74018525529334","86.84028259053979","404.5395839619765","7567.030557625034","1908.0411504992067","9104.660221505988","Vehicular"
"pol-56","West Bengal","Kolkata","2026-02-23T04:10:25.354Z","127.94505093219803","121.34020902856665","65.92575850661761","2.414690021798985","1.2362739891805863","47.98347141314699","31.085516602551614","77.4155527300107","18.1680843963935","128.0014873843068","12.288000221984275","71.20868914411963","396.46246298899524","1206.418354968004","5179.385338826508","3970.5887494397875","Vehicular"
"pol-57","Delhi","New Delhi","2026-02-23T03:10:25.354Z","194.9028846778776","296.76065878113974","15.54056934877031","6.522834512807392","9.217579431364303","56.94249821544008","16.21923327094722","48.804128884247504","2.0824710769924204","34.7927354608654","8.169537862905802","84.34261001098301","271.61656782978594","9705.317602608407","18485.805933951706","2039.907871199611","Agricultural"
"pol-58","Andhra Pradesh","Visakhapatnam","2026-02-23T02:10:25.354Z","141.03638622675524","111.52057285999129","18.22355686430951","5.989316395369741","20.053690478207947","35.46966837677993","36.86017302363449","63.59530963899398","4.064693122440877","324.5892897608299","12.880735496715017","92.72605391790404","1927.2844364275127","1377.1935260988498","19868.973966294932","4270.490940065017","Industrial"
"pol-59","Arunachal Pradesh","Itanagar","2026-02-23T01:10:25.354Z","4.756899725851649","30.18724566319877","27.278201799877102","6.3539986935828905","15.946835052338443","90.39830306157782","39.174808735814906","29.37536902100417","4.098444693789416","14.099193971070525","26.89306672130445","72.8657310903601","1986.985330699599","6499.152379666469","6601.44198502288","3601.069254497986","Natural"
"pol-60","Assam","Guwahati","2026-02-23T00:10:25.354Z","24.110985938253936","171.2666708958441","58.320319397425706","5.182927083432128","47.24764730570943","58.59359313197848","23.798034792257535","65.98606217436824","0.6686970036927226","132.09248397389905","30.707605733834225","90.56562564990266","1811.2323432029732","1651.9125115522338","19040.22858725972","4030.837275753494","Industrial"
"pol-61","Bihar","Patna","2026-02-22T23:10:25.354Z","61.92332886452117","220.69573219906655","1.9751634916654215","3.6464486860680934","15.262134582304093","16.425301566368276","18.90353150848899","55.2713079260317","5.109707233243455","122.45398849635103","22.083093150293006","85.09101622196962","164.36044054180266","1184.7415924074123","18047.18589150096","9451.508711961214","Industrial"
"pol-62","Chhattisgarh","Raipur","2026-02-22T22:10:25.354Z","7.547582523436169","96.5754226695275","9.419770366107807","9.961304109075849","46.594655101479","89.77526306354264","15.474446615285798","39.84285107060853","21.030420525298663","19.781018632598677","11.581567787125039","83.39042535808474","872.3932068738171","5191.336485377649","9237.49585642239","2871.0348524251026","Natural"
"pol-63","Goa","Panaji","2026-02-22T21:10:25.354Z","157.72202397918585","185.9968444347265","39.17999355226793","0.4515348228161842","11.013611098624615","55.1336363335692","30.068985200585747","73.0497700884008","11.259641722333042","89.79235023122354","24.56152312983914","76.85440167909998","1729.0866655067225","5085.567233998953","3374.110220829134","4158.963809740569","Burning"
"pol-64","Gujarat","Ahmedabad","2026-02-22T20:10:25.354Z","105.80389971546427","226.04980866081266","74.07848164753281","7.087490163810345","9.634316594501351","20.02555915948455","28.816680748208242","52.65744513807376","7.489427357808934","67.57729886236515","8.915905652860383","77.45666677803526","225.77435272989055","6875.612791257544","3687.571621626273","6987.408641533888","Vehicular"
"pol-65","Haryana","Gurugram","2026-02-22T19:10:25.354Z","17.206676668784105","251.75710859591425","56.49895652971473","0.7387271015365537","19.15610423524986","7.8320351834140105","15.229217495333417","49.71287699909787","20.16006310008822","354.1283957064143","23.153992082148918","71.23443051209011","779.983721668878","4951.2569988702335","7799.126441316626","9203.896563504099","Burning"
"pol-66","Himachal Pradesh","Shimla","2026-02-22T18:10:25.354Z","110.92298291133864","101.28164787285453","16.110041779948574","5.689061081409482","37.647452916542825","19.797122359107476","24.89038620861801","55.493197935994814","5.341553646869326","220.09430228259586","12.312529869964298","87.08299820944497","125.19944166324848","1332.1069419210662","2742.436408611888","90.55853564373773","Industrial"
"pol-67","Jharkhand","Ranchi","2026-02-22T17:10:25.354Z","145.52927691040694","180.9307474736764","20.149492059625594","1.8046229751313225","15.28779493204252","62.85471332495916","38.3111278050567","55.7791681934074","20.8159920437653","355.7983195446065","32.88012214250857","74.5242078431095","1870.0738996677642","4119.575930052017","7302.849026227378","8875.678557892323","Burning"
"pol-68","Karnataka","Bengaluru","2026-02-22T16:10:25.354Z","107.65030515858835","203.39442130450988","27.38800719859256","8.238830608932362","49.26020204576092","85.40206322614824","36.725390218387545","28.27903336286023","24.182771973872548","97.60136143069525","12.403040000035498","73.53668715109782","998.5096595360714","6956.335999559783","15097.580077057197","7368.841550880595","Natural"
"pol-69","Kerala","Thiruvananthapuram","2026-02-22T15:10:25.354Z","195.45040468274868","178.58156461806348","53.69319929432423","8.938913873724832","15.666104318658803","42.205584014925975","37.31821074658903","47.746353216445016","15.864899528808982","243.6365228583114","30.04950229939227","68.22217615271718","32.82552530458571","4052.6814468771454","18702.236448033676","7775.114480342846","Vehicular"
"pol-70","Madhya Pradesh","Bhopal","2026-02-22T14:10:25.354Z","133.95119461951148","104.59355831697307","47.35147572224151","8.85235627809535","30.29307274429248","67.11537857794356","24.200134257399547","51.386663745971354","16.12554637872872","249.07459253552625","20.505679760647965","83.01703617979447","156.4986823046781","7863.214542259966","19973.213247873206","6001.774799219752","Vehicular"
"pol-71","Maharashtra","Mumbai","2026-02-22T13:10:25.354Z","79.25366785088922","126.50183545968646","33.328347956498085","6.802917941752465","3.8689020950033237","32.525264577246226","17.028781282901846","45.8114481944318","4.575031734196494","29.375463584761373","21.68539699578569","77.6019729844303","467.08052363013365","8885.132139552506","15384.259528890729","6229.946269067596","Vehicular"
"pol-72","Manipur","Imphal","2026-02-22T12:10:25.354Z","75.05759302081525","71.05517913041857","16.06585180077035","0.5570685282223109","38.31555198880221","94.86447847160491","38.506939451021054","27.733594178870362","4.005125272728927","12.968115945585158","22.429517815394117","91.26519170654227","276.0953372041679","8088.681222182864","15215.668444001438","9430.730327685718","Natural"
"pol-73","Meghalaya","Shillong","2026-02-22T11:10:25.354Z","191.18292945614547","263.8808055554187","18.17366563496173","1.2722191614864542","9.456984465387269","30.20279116315374","32.21652839448984","34.44260954176068","17.35590366132172","291.22070550391976","14.811941825952882","88.54663154287968","196.5900614594882","3608.4447548649723","11838.80854328472","3152.8067282671113","Natural"
"pol-74","Mizoram","Aizawl","2026-02-22T10:10:25.354Z","36.68580223498794","84.72792438246388","18.982843620381942","8.757220635931844","13.136378694568036","88.0308688725139","19.17524703609424","36.23112616830137","11.627069836684104","107.4353502866817","12.404654997469757","89.77807065355678","75.25317658384401","8550.387845675594","10572.392229736217","5037.351010626398","Natural"
"pol-75","Nagaland","Kohima","2026-02-22T09:10:25.354Z","122.0933212149008","287.5433158423481","52.282064474708676","0.8582357877806368","19.859140947967575","39.84483435427823","20.127406526714253","38.43352868565869","7.038694876902935","82.34841928003456","21.510103916716638","79.96472495922599","1635.6826588695137","6694.9490618876835","11771.20741086599","1597.2027071347761","Agricultural"
"pol-76","Odisha","Bhubaneswar","2026-02-22T08:10:25.354Z","109.51048173975889","29.514029293832866","8.792377090938146","0.6062185608897586","40.0983633018126","94.96929879789988","32.18421799033074","70.89943905248776","14.724693587927353","284.8852272179823","27.213443355165623","70.45541960953119","1668.7464002712147","8799.121850416943","18255.523163992595","4814.016487595683","Natural"
"pol-77","Punjab","Ludhiana","2026-02-22T07:10:25.354Z","63.427754015632786","179.0087036584434","12.235664107364093","4.872951593007388","20.286118663098556","45.17768055546132","22.911337530677482","36.85779632520104","9.422794246503067","93.64536176897963","17.666490444563184","84.57925714537151","329.11830277578156","7936.3117038283335","6295.923735430891","4533.170839404815","Burning"
"pol-78","Rajasthan","Jaipur","2026-02-22T06:10:25.354Z","43.91352408995974","12.421927702839586","38.19349676076881","0.5151016913883466","26.25590086773758","79.53330067235682","20.83871928617907","32.365772014984344","24.578216750999854","77.54753617673565","26.804046758937222","81.87577459429723","1916.4273255686485","5463.608336450614","2722.884522915434","7760.08702937841","Natural"
"pol-79","Sikkim","Gangtok","2026-02-22T05:10:25.354Z","44.192933234547695","28.900221712063356","64.79748551753113","4.90697754063701","14.101668681625917","75.72746832314759","36.49177155322403","54.18891899923775","13.935065774071365","42.541031355123934","8.547038991015516","88.86444935643298","1698.1997552502025","4891.996949199474","13969.867090236636","3619.0234639303267","Natural"
"pol-80","Tamil Nadu","Chennai","2026-02-22T04:10:25.354Z","95.35171979634197","269.71489945881734","43.95964740076164","9.148027541591055","44.80969589134235","70.85391589052769","23.112379204103405","30.692572846813686","21.93126983455814","295.8519524007687","11.078126256456713","90.32907734393366","1066.686570670973","510.2928459636746","11960.792156671714","1958.9460274870685","Industrial"
"pol-81","Telangana","Hyderabad","2026-02-22T03:10:25.354Z","51.97266308444524","99.25256179247681","60.09542742153223","0.004168546042219168","6.086391977068967","44.15853852505306","25.80212452136473","64.35401060656449","22.95310753512466","212.74061576426587","33.48658862668188","91.26950664462659","1021.0229146125527","8033.393291951518","1637.7206332959427","6662.753646996795","Burning"
"pol-82","Tripura","Agartala","2026-02-22T02:10:25.354Z","159.31829269525332","222.77394933492786","7.68645127470144","2.0875071129173572","3.0091580106700935","87.88586822724159","39.107763730389344","41.05191304918332","16.50690704369334","302.32300182021277","13.302443165579998","81.6089268559547","670.9208628158929","9152.370841018002","17464.451299731667","5454.717467832382","Natural"
"pol-83","Uttar Pradesh","Lucknow","2026-02-22T01:10:25.354Z","28.36316630795079","55.495836071738125","46.665664565339775","0.8598963167977758","11.776603487344556","98.18007475970444","34.6250843232443","50.84791624841533","3.2082246842987745","125.01253789744653","22.976247867424103","92.99305916885007","1303.0483278463066","2431.229854111824","3438.500388873129","2712.804343051025","Natural"
"pol-84","Uttarakhand","Dehradun","2026-02-22T00:10:25.354Z","78.55149009262412","58.91941612561536","14.351073496641096","2.483985814858859","48.22892299234333","89.6968102940772","28.146997818902108","74.39889829725209","22.09977953412574","36.4404112566923","19.563609757941926","75.31400579524885","1652.0601880433794","3787.26553347135","6755.20350191374","8312.655537330464","Industrial"
"pol-85","West Bengal","Kolkata","2026-02-21T23:10:25.354Z","18.333653357745263","168.36211264626084","14.756968282596965","9.897762688804429","44.825279115251604","48.10621342725623","27.618453921916355","73.37591303218336","8.743051356822438","148.4122903325138","32.369387442502884","71.41420812848304","293.27139154177775","2850.6872368129343","11661.170853150432","8328.556383688587","Industrial"
"pol-86","Delhi","New Delhi","2026-02-21T22:10:25.354Z","92.51404113855672","299.7246271699179","7.927212119550058","7.68367264002733","5.509927510939922","88.60770078255543","33.53614056429264","39.475233496565345","3.965811838698885","220.940456481089","30.631122359631412","86.47277362090728","133.58864861103092","2380.3138407126503","14458.78343710972","8274.188104580277","Natural"
"pol-87","Andhra Pradesh","Visakhapatnam","2026-02-21T21:10:25.354Z","193.4979631733941","199.74094331989977","52.83894619254741","0.43253307898264093","16.168857116774564","86.51117434457696","24.892204580451917","59.44509416410162","7.568743702658979","184.40099639087126","30.578527291681024","88.5992334483748","296.9455406953587","7507.516512945654","18068.039875168903","3889.1025759202157","Vehicular"
"pol-88","Arunachal Pradesh","Itanagar","2026-02-21T20:10:25.354Z","197.59918029959064","51.51904618983774","49.70883786798205","8.757673897916275","40.503206517288326","34.5155295482977","16.842970718147928","70.10185362687726","20.79138772124444","31.57462412453047","8.516441938985366","84.20619595954108","33.3443591011553","1410.4071339919567","11434.751279046975","8631.827145719637","Vehicular"
"pol-89","Assam","Guwahati","2026-02-21T19:10:25.354Z","176.12770128249764","79.928067762616","72.74314351205769","2.649624791269707","29.25793671197357","87.78607497060136","22.973799293990943","51.95152674457704","11.528479207479304","110.94662055359109","30.984853407974146","89.32186262250883","1617.9413713092713","3877.038282846593","10550.291562635557","7314.825460348146","Industrial"
"pol-90","Bihar","Patna","2026-02-21T18:10:25.354Z","19.837926283828146","276.3691184994507","29.07733461284839","1.365686274377541","26.00511756654238","48.445035043918075","33.486551631420156","42.59716799498938","6.21394110546174","312.7866412530016","21.60314585635691","86.28556654645796","124.36382561319803","3102.140309235215","13394.324900433316","6119.9340304997","Industrial"
"pol-91","Chhattisgarh","Raipur","2026-02-21T17:10:25.354Z","187.01067040684302","112.26621692386676","38.890981230870324","6.281103509926236","14.207596226537088","13.87607473583915","35.987840836973966","77.04115825471314","20.021954731031514","348.81600943478156","33.643777961986615","74.97855997519368","1285.774982870371","3300.4117355268336","9524.127785097711","6434.783343863739","Natural"
"pol-92","Goa","Panaji","2026-02-21T16:10:25.354Z","85.60352723472948","220.87088647284193","1.6217848115885403","2.344647725386154","9.174263654442456","28.622928618796738","21.619497659478938","25.37426367279666","0.4205903164147595","76.79682734220202","22.286500108559885","87.7105647536081","1822.896855062506","2913.5854965384924","8585.90853655803","5853.279128336192","Natural"
"pol-93","Gujarat","Ahmedabad","2026-02-21T15:10:25.354Z","163.96741246601417","60.64355505239338","70.65051553046943","0.16120024868233163","45.17071110374736","51.065473254764804","16.173274525089187","71.79995620460149","2.8068666607395434","105.22730507149382","11.4358061762156","69.96333365834732","1252.1672653453197","3954.2220948945182","18498.134387906786","2467.725609314234","Industrial"
"pol-94","Haryana","Gurugram","2026-02-21T14:10:25.354Z","17.42986395001662","207.0700701956797","6.236757261398891","1.4550008903565625","4.745614457508296","40.96225472452426","32.45355581752622","58.620714855490306","7.522026949682129","48.465177044201376","20.988723050928584","79.31641199687611","1645.7407723268882","5863.472499393283","6346.160079410517","6006.290462736538","Burning"
"pol-95","Himachal Pradesh","Shimla","2026-02-21T13:10:25.354Z","65.72213288997979","210.28364101517855","72.99764207479414","6.134907422514628","40.190649866465186","56.63255901293539","38.850530888177985","28.31491449082864","8.688691458989073","21.79038774226552","15.071253193714284","69.895778119634","1318.2396160759415","1935.7688759170699","16821.263550282336","3820.6931393182786","Industrial"
"pol-96","Jharkhand","Ranchi","2026-02-21T12:10:25.354Z","97.66382334863198","44.30579220258042","78.41345259457468","9.661989099180051","49.06942847158136","66.39026710291827","23.697502669848113","69.2010011983131","20.01794479033204","12.411464938543517","20.46388956135299","84.12628571581999","1669.3150154216644","5220.250585527939","5837.045677530157","7620.87344187021","Burning"
"pol-97","Karnataka","Bengaluru","2026-02-21T11:10:25.354Z","75.33925564277779","199.58203003808288","75.05696558662463","8.520856556701272","27.67679457927454","64.41867289418892","17.902508130101666","49.93076533123199","19.766809327925788","13.31464879448491","26.575667759479757","86.38391467267728","94.27882387942455","1421.2225497555942","16912.642121657656","6438.28384680325","Vehicular"
"pol-98","Kerala","Thiruvananthapuram","2026-02-21T10:10:25.354Z","31.466196550901614","299.80700423002963","48.42975842137193","3.9398511419703217","49.47232409193894","81.8068952759774","36.77037041392076","35.11993736843699","14.991504792775407","90.38134168701974","30.811493244679472","91.84521132265267","360.7875756808172","3377.5131191489572","3739.283154037394","8202.080761921683","Vehicular"
"pol-99","Madhya Pradesh","Bhopal","2026-02-21T09:10:25.354Z","108.21263276563742","278.47508328352376","56.002879726139234","4.02396247983162","10.995480545688196","38.5947533451597","34.552786264583446","33.322194186815395","1.4145893723955556","204.33438482045253","33.23350585890914","73.56186468136275","1105.9618468225824","4719.8619124481975","2877.175151956266","8084.582848986338","Burning"
"pol-100","Maharashtra","Mumbai","2026-02-21T08:10:25.354Z","93.29166831167083","7.198978801406486","60.721403663571294","4.213160051457784","7.679495268205766","13.944511477174448","34.18405808825635","21.077072701711927","21.78357647307593","298.7858952952114","16.46614663895609","84.2568776872004","68.45168791942835","234.75577516541836","17700.88704946229","2948.6362120326635","Vehicular"
"pol-101","Manipur","Imphal","2026-02-21T07:10:25.354Z","172.44152711087395","269.54054119728147","36.152531266085035","3.1048634703966083","2.036144156508224","7.048412272339666","23.797596053109636","41.68563767599089","3.0405554492292763","296.0508557908688","32.36719152874821","73.52384151138646","1551.0591452390058","894.1194741552638","17623.08224368118","9910.256615942017","Natural"
"pol-102","Meghalaya","Shillong","2026-02-21T06:10:25.354Z","60.649901443651146","136.27276604300746","35.61182602509067","4.203568091806499","28.107217819973336","15.131070717523809","29.832052524415857","74.87434269610466","7.248193119116192","102.82778112741701","21.689374133776866","72.2166033261206","1641.528414944731","9650.39096824631","2854.4235263963124","3542.183385899317","Burning"
"pol-103","Mizoram","Aizawl","2026-02-21T05:10:25.354Z","184.05808020774015","194.94037257228814","30.979448831783422","7.8728056478232045","25.689252579433024","21.3393630657018","17.681202109219004","45.330264319431166","2.9190059141418616","157.9931947915257","15.424182104606796","87.20485706694464","1197.65137740372","3588.5984041294582","8756.755995651702","6837.302767942601","Industrial"
"pol-104","Nagaland","Kohima","2026-02-21T04:10:25.354Z","118.69856444759897","213.8409860818826","13.097152212030858","1.584523642110378","31.45400103460273","61.81243836265558","19.487780149739542","77.46230327450968","19.91372113941631","256.5880376464559","8.90449240200595","80.27212785357003","1907.3680627579695","5707.1636459884785","17093.539824278334","3189.660278027865","Natural"
"pol-105","Odisha","Bhubaneswar","2026-02-21T03:10:25.354Z","129.00532708317084","87.75641452489718","60.157683612681325","4.197338866889404","43.54936303627091","72.65824952696856","30.233031492192175","38.71343382757","13.632201493781409","187.73298917784166","25.986066475447284","90.36434040492202","1567.625857739724","9346.26815435945","15678.268949459489","1962.0748181528347","Agricultural"
"pol-106","Punjab","Ludhiana","2026-02-21T02:10:25.354Z","42.00704519335405","5.865850752589729","44.73872423486554","7.115625236179504","4.755460531121009","20.070240498347246","29.836616418031376","30.55618823436402","23.931121455955477","165.43254504636863","10.640984776188644","71.36115140817928","1213.2238550560264","2672.9806883026563","11133.599315077505","1904.9419121769806","Natural"
"pol-107","Rajasthan","Jaipur","2026-02-21T01:10:25.354Z","18.741225735463395","220.76113860942385","16.529663149282364","2.133375099400905","12.791784112572685","96.34814170247559","35.62076238970849","69.6049557543096","22.186800892154846","188.197708181035","10.840797430970627","87.41123351500056","1743.0818869647053","3644.427936297192","12430.044721557388","9599.385913183667","Natural"
"pol-108","Sikkim","Gangtok","2026-02-21T00:10:25.354Z","149.45940842390587","257.78082916285877","13.328496889044272","1.036478039953742","1.9313195252544102","39.02955612569031","30.066701076427613","26.584659724181407","4.493639754755726","260.01807819580387","20.188661556463796","88.3542036573182","798.233275473911","9599.825888979107","12787.477708430213","8087.700162534456","Natural"
"pol-109","Tamil Nadu","Chennai","2026-02-20T23:10:25.354Z","35.1461504765951","104.57681042039144","38.9656109200197","0.8337450497990051","23.301439746326874","95.64354927883731","19.314569717672068","56.83761456511366","15.625044971159443","325.9259185849495","33.69555366496437","87.70561917376037","1850.830068887239","9867.448548385597","19785.394763962333","5961.817987380993","Natural"
"pol-110","Telangana","Hyderabad","2026-02-20T22:10:25.354Z","82.94403970926174","217.7025226575357","13.2115443405299","5.986347388287454","47.72304010409451","87.42219771854434","38.22762843564749","49.86218212299717","17.773001970590627","101.9475275820619","12.365073875051381","68.8362068652282","349.31141516744634","84.61368307674189","9734.044867676945","38.04625196663913","Industrial"
"pol-111","Tripura","Agartala","2026-02-20T21:10:25.354Z","123.75032426190853","180.36616047390552","43.616403930427616","3.6567549966995805","7.0814413200113115","81.59846040650439","32.92185282088681","67.48731857352894","2.6179970224028377","130.0292370030177","35.39807880872443","71.49909870052014","1632.1374509260002","4340.312769785891","15545.317896455155","2172.86608301913","Agricultural"
"pol-112","Uttar Pradesh","Lucknow","2026-02-20T20:10:25.354Z","7.779256144839786","145.98483094706987","52.66160673507642","5.141649954920431","43.76956231460228","64.80212758392565","28.726729793717958","56.27307777852831","0.8501768519348168","242.31259755859367","21.313375797991114","79.45149114751507","339.7860080126533","7149.306536683779","10191.371395694223","6385.038085734116","Vehicular"
"pol-113","Uttarakhand","Dehradun","2026-02-20T19:10:25.354Z","17.85508121306425","92.17381583903772","53.3103701105481","1.572470139413502","14.182771999569017","27.09741466714236","29.20580700073014","25.81723156332907","24.536614068600006","272.9388909433109","29.01845209133816","71.06169088750704","249.8089672764634","4779.250054741247","18723.281532592257","102.81631399469249","Vehicular"
"pol-114","West Bengal","Kolkata","2026-02-20T18:10:25.354Z","176.99975130879818","17.323755808013452","75.07029756895489","2.772837716236495","35.78452247851749","7.8461991428765305","23.857463731076116","21.640756158021077","13.64642193728886","289.3444677656857","21.422215056255112","74.50821713019037","1249.3203057498613","8527.978076380126","6092.08833238456","1672.3177809331125","Burning"
"pol-115","Delhi","New Delhi","2026-02-20T17:10:25.354Z","65.77377176653283","46.358546314617556","59.56253132835161","7.810523891383088","13.32371954610821","90.57716782339382","36.80282954674752","28.208082965096203","19.416447018041822","283.84191144918015","35.66442698430123","88.0503052060301","1530.4992035839718","14.978581519257128","2754.607440014196","290.58085492109865","Natural"
"pol-116","Andhra Pradesh","Visakhapatnam","2026-02-20T16:10:25.354Z","82.42176570096275","186.06183736334557","58.23843454372241","7.8119005815267855","14.956726158119643","81.41089361572175","35.05291517548498","69.32125818743623","14.592883928436567","242.72403337402548","13.462600634723174","85.03008846207047","1961.1498109405763","4926.031629888043","6862.137734672051","2083.0001116045937","Burning"
"pol-117","Arunachal Pradesh","Itanagar","2026-02-20T15:10:25.354Z","178.08476389443837","58.620773463902495","75.8297599519575","9.250067091588104","12.379334792412283","22.5022685121553","26.572888882644005","31.115649477259115","5.192075713383218","193.330472160143","32.78971636644485","77.88227007753079","42.22548856260189","9106.485579181177","12052.394372461518","6060.284310949501","Vehicular"
"pol-118","Assam","Guwahati","2026-02-20T14:10:25.354Z","163.20268445011814","227.41424673222488","77.66228647491775","7.896912601930438","49.47863322888378","52.323885693866444","18.77476832173747","40.12688719557393","11.632617840687312","5.249410186703938","12.629393656363101","69.3118222152153","489.2488377964612","3633.3838649182017","3859.7530872349716","9249.936556421739","Vehicular"
"pol-119","Bihar","Patna","2026-02-20T13:10:25.354Z","63.86940804845573","94.21017652977774","4.275198542521945","8.42867719236065","28.003172836251156","43.83898124224819","21.04376847921642","42.461775576752075","10.871330481375182","131.03454993125624","18.41449179760111","92.79373417700006","1950.4806185220307","6714.222804235012","2547.291381133574","5847.630654345771","Burning"
"pol-120","Chhattisgarh","Raipur","2026-02-20T12:10:25.354Z","107.86634006931999","17.71831391325006","71.077827348788","7.468472780281594","26.39179722192413","57.88608948959871","18.20904873075436","22.124236180501654","11.449025467704432","156.6656404197659","19.63825023766553","83.81412571564276","1474.1002368686438","9185.68335400422","3857.6630621862187","3253.584005551745","Burning"
"pol-121","Goa","Panaji","2026-02-20T11:10:25.354Z","94.79387852839545","1.0478490619258318","16.56215959452058","0.19142482990552434","30.040545817618074","82.51344271311626","28.24236487711881","72.46314844869354","18.82038291637572","21.859287095263838","34.052780192374655","74.71355788141408","1448.6500219254026","5833.951682561212","3367.5084508179666","4874.142590092339","Natural"
"pol-122","Gujarat","Ahmedabad","2026-02-20T10:10:25.354Z","76.2708805808693","213.41781352227127","68.39508564680752","4.6076007958061505","20.381618811030894","54.7249870858555","38.021312090970795","29.971941055714687","12.982239642554058","234.20477473869315","21.636149140256407","80.59732694042823","1659.3871562629206","1050.5861392534077","18676.550604326974","184.094829395548","Industrial"
"pol-123","Haryana","Gurugram","2026-02-20T09:10:25.354Z","195.53738025847275","31.994222760026158","1.0901722129456193","4.624041848879336","42.39163208038288","70.16790290181478","25.016153135218723","32.90210007594057","10.657935072561308","33.93890901532157","26.503291951165128","75.22772805145661","13.00051730789975","3876.7115194899006","10606.925807070293","4737.989588800639","Industrial"
"pol-124","Himachal Pradesh","Shimla","2026-02-20T08:10:25.354Z","120.71273829540658","215.5505827959852","11.578855826396008","1.5084070269968308","17.652929794174376","35.95962712897863","38.13201798096938","55.87644268282812","21.652611559930715","236.12684859097342","32.465737519165955","78.63023505751353","1959.217887949559","2382.6447847740974","7699.153140731456","2259.887551541313","Industrial"
"pol-125","Jharkhand","Ranchi","2026-02-20T07:10:25.354Z","70.09363547411473","286.8243018415235","39.76834193679074","5.960327304593792","42.917554041421994","92.00121493177086","34.91586385108981","66.7866329623181","15.105951961590899","117.68106232588262","13.293035534435527","81.60789102991367","1139.0048776239069","4904.327898291827","13356.664750795764","7574.214402331184","Natural"
"pol-126","Karnataka","Bengaluru","2026-02-20T06:10:25.354Z","4.827665586729535","167.54795633601475","31.52177236794411","7.8106856634128725","14.577887406476187","92.86994019939226","33.6136722744503","45.64867697320594","13.426876540627228","174.66143307883343","17.49843585605457","82.20535449265319","1233.0620016967532","2778.7444115844505","11115.490580314761","7355.759782542256","Natural"
"pol-127","Kerala","Thiruvananthapuram","2026-02-20T05:10:25.354Z","93.71945668373623","271.26197703949373","48.07937542285973","0.62699006023343","39.740953832158134","28.461380189451766","16.78025924376339","67.91118892309927","21.973855150909188","280.71924631893967","12.201905360750542","92.86074744381364","1107.5459212148132","8853.980952396774","355.26170592179216","1103.0114331146845","Burning"
"pol-128","Madhya Pradesh","Bhopal","2026-02-20T04:10:25.354Z","126.25032479763314","60.774131277099855","72.02789612968527","3.830020197416011","3.8925567553990517","46.32354102415276","17.144241908197934","69.16494434347833","3.5878249318919724","62.67336980774414","15.81371792826584","74.30363535205126","540.5568369727354","5791.101380824576","19516.309748862037","5617.93286929351","Natural"
"pol-129","Maharashtra","Mumbai","2026-02-20T03:10:25.354Z","193.22663139451487","46.820223552210415","7.386749722760122","4.265848936128004","9.398927436416994","91.50664030654629","15.256550289644888","65.18796949435253","9.060261802091569","29.237734671267074","31.386131880124232","91.62900278127718","1307.3609696207643","9475.297587166355","6069.3025364197565","1094.8690176693176","Burning"
"pol-130","Manipur","Imphal","2026-02-20T02:10:25.354Z","105.56140569830839","225.49974305935956","54.56269788798589","6.050804056175407","5.805907830445417","5.930309910251941","23.34552461306712","42.15593642801973","15.988709433137696","342.76654130070824","16.119786926716763","68.33339525486888","7.399506177768078","2393.353890122135","2410.549884349944","5744.138446590037","Vehicular"
"pol-131","Meghalaya","Shillong","2026-02-20T01:10:25.354Z","92.5903911991388","77.2201665997782","57.18889312352189","7.143945983801924","23.26321878446033","60.29054024818284","21.923291164569935","20.950032591305817","12.971239635168411","30.71509543097946","33.165820764902335","73.88230776133506","72.30372295073172","5547.123267423649","9068.257666178388","7286.930249722279","Vehicular"
"pol-132","Mizoram","Aizawl","2026-02-20T00:10:25.354Z","146.39395696927215","106.24527540358173","20.375820470283436","1.2775376912816216","40.7519165744194","21.19740948216311","16.260434139674533","71.00751858478455","1.0226167474983172","355.5584891866707","23.78894366640801","70.37649303953496","992.0422965657676","5471.128023171134","8623.710559408459","2474.5126206369505","Agricultural"
"pol-133","Nagaland","Kohima","2026-02-19T23:10:25.354Z","45.87877312294428","33.47426912972201","23.555034076467383","4.526611887544538","41.75868430651792","20.404908861449833","18.058328675178725","46.923967165883745","13.441204302003321","104.74303736895659","9.043629547181823","72.53812670623087","1242.7939233959914","2993.736732895883","13882.353339496789","2384.7623542062356","Industrial"
"pol-134","Odisha","Bhubaneswar","2026-02-19T22:10:25.354Z","66.21611046894486","5.798332896587843","64.18103086526037","9.41237818672578","43.136715081994815","95.80909983661266","31.190838429138648","55.78683908941875","9.171242767312224","179.93959886642344","15.164195416518602","68.39273199427089","766.9032517595367","4845.918556205393","18571.880200899777","7402.426958316505","Natural"
"pol-135","Punjab","Ludhiana","2026-02-19T21:10:25.354Z","3.8121503289940906","247.3531105953224","59.15385182204475","3.423702204892991","43.48565218413965","32.907354307526674","37.62744077281193","48.68169196080052","9.094060242031098","259.22972157433105","32.67215996988078","72.0171414358929","333.1814714677026","8146.730879878664","15257.296279374466","3778.355318001775","Vehicular"
"pol-136","Rajasthan","Jaipur","2026-02-19T20:10:25.354Z","8.259465826077061","45.571176338814304","3.2749933722760804","7.2007952083092786","12.870272523026461","85.4203722031144","17.310209573645906","23.535961095989478","12.324957448664145","38.93496006669885","11.21608662620995","91.70585116941349","1124.2728563387616","1444.8910572496243","10532.910993971576","5993.792827280125","Natural"
"pol-137","Sikkim","Gangtok","2026-02-19T19:10:25.354Z","177.1200962071425","121.00880256028051","76.63101612294182","1.9160513898616538","39.87686376418462","77.76340599890639","33.44714546264551","54.70430099011827","15.511331609461223","267.12027557535305","31.43332105418756","85.49888502081441","191.89649505901852","3511.2953396342896","7229.577573372919","4896.889315968991","Vehicular"
"pol-138","Tamil Nadu","Chennai","2026-02-19T18:10:25.354Z","142.48976293478307","52.196411294159084","22.733630662525837","6.0814911151247655","42.69629997336689","42.59950288812273","35.06118844224582","73.88747516419093","24.902308982916654","168.1369384689275","35.144506974593504","76.47404641247078","1667.058101995491","630.3025013201835","5608.167824970345","9866.123520830879","Industrial"
"pol-139","Telangana","Hyderabad","2026-02-19T17:10:25.355Z","30.051073802926865","234.7079800966963","48.53129351612769","2.2498744986062924","48.0776375018349","4.029746831115489","30.788075012335923","30.81169117306665","17.35382721244735","249.20327621086918","29.608177932874742","82.60140408563798","1722.7685641753167","9475.166934686273","10721.086093181299","4476.994444162018","Natural"
"pol-140","Tripura","Agartala","2026-02-19T16:10:25.355Z","47.52926001772168","35.734518062566266","30.596032133326077","7.876351651350553","28.70676613529929","45.502499250945206","29.312710086864584","79.48387158368666","21.109212666316186","328.46898099359174","9.837702774059649","81.75241133248977","1469.0182805172321","3348.819396866171","14169.019118515576","5522.121399339277","Industrial"
"pol-141","Uttar Pradesh","Lucknow","2026-02-19T15:10:25.355Z","61.842455094499414","176.29316799752232","5.369231923151787","2.996749626626838","45.94146124577799","28.64045103511259","19.37805039720873","22.38547642841992","14.246706135897776","223.8717563572712","21.137491526068686","90.94032871837642","913.3636971303669","2947.51319298999","4532.583109384889","7295.440788516071","Industrial"
"pol-142","Uttarakhand","Dehradun","2026-02-19T14:10:25.355Z","28.747911258510793","293.5999948907771","30.888017898885217","1.6916488250833184","15.599158204415053","51.74088328260296","36.75642373515666","33.734419373273994","6.692617115550078","180.16271517196228","32.70073519021841","91.68996063616157","1733.3546421041442","5941.882523838883","3623.572698768658","1270.5487630132661","Burning"
"pol-143","West Bengal","Kolkata","2026-02-19T13:10:25.355Z","181.246430092147","298.7549750996071","34.548794343584184","4.389986997781987","1.6376732544415296","68.43294907805874","17.23115427339252","65.51636556155728","12.47242134828329","167.16111450413476","30.318688097831235","78.31870481210983","1404.5672628929412","1320.705305829436","8341.6439150208","488.64277101292265","Agricultural"
"pol-144","Delhi","New Delhi","2026-02-19T12:10:25.355Z","176.25509842278214","254.07910049900494","3.461523498774106","8.189945660440907","8.510792930467453","84.15477823324015","36.466681787323395","63.826554065899906","14.39875880881672","193.8746941848599","22.37963111166589","72.14453832758142","161.20350888645984","9539.647074581186","15682.926410415632","5583.487391002705","Natural"
"pol-145","Andhra Pradesh","Visakhapatnam","2026-02-19T11:10:25.355Z","130.57253465291964","8.993456922928589","5.262454933026444","1.2441259296365248","9.475050086686732","78.70294336195752","25.129214650763224","40.4278435223581","13.115408590143641","188.38822124761356","29.699538670886394","88.69834140701182","283.36861115304845","7677.2373319395","16066.563554375653","2923.466278049619","Agricultural"
"pol-146","Arunachal Pradesh","Itanagar","2026-02-19T10:10:25.355Z","119.34146883221636","174.7002578374231","28.498550611553142","5.2347061021293495","36.279175082726404","45.042160196748405","28.808835382693367","29.990012152420427","2.007778075228334","74.61447138133468","30.922564411659057","84.5949221826765","364.44873860267137","1255.194676734911","15344.930131159335","5985.55395798698","Industrial"
"pol-147","Assam","Guwahati","2026-02-19T09:10:25.355Z","143.81885478233124","181.70572574379852","20.728276990573413","1.880541467580561","47.38882977250485","79.09360937878978","29.195112803865086","25.996162245627673","6.063038941812909","122.63013703921072","13.390899908650685","70.83351686116814","72.7932272463241","4207.310078059524","19518.636991388754","531.8102081359632","Agricultural"
"pol-148","Bihar","Patna","2026-02-19T08:10:25.355Z","37.696071961909404","50.30962596749292","55.32057560622689","4.674679127272135","21.040793032751555","74.47717549861915","24.94918258827457","67.10117978865567","17.246172793067945","68.55970216092518","11.903960974090138","82.84254740838355","1824.3249159126642","4482.837462492192","4867.139504623517","8628.079812501315","Natural"
"pol-149","Chhattisgarh","Raipur","2026-02-19T07:10:25.355Z","110.15690025588611","78.64070607861025","9.791246886308542","8.472377080673159","31.80266000007822","37.8717626906205","22.373903215768138","64.1641048000129","23.325417958502467","119.51566612586099","32.19152582550457","85.87553962482302","1495.032709556073","2392.5045741308036","3015.844456671659","1378.3409908074673","Industrial"
"pol-150","Goa","Panaji","2026-02-19T06:10:25.355Z","97.27805272753749","149.7458923768884","10.963639042014712","5.7050213927743805","4.312839292276677","51.966595603460775","26.389300407663022","28.15765650245502","0.995521200845656","322.444953577372","26.943766975116347","86.37226508908401","1214.452404079046","5427.262100261581","16275.942811901627","2239.6929398760344","Agricultural"
"pol-151","Gujarat","Ahmedabad","2026-02-19T05:10:25.355Z","90.94541097188265","82.33347494561991","75.34285427071954","6.020871328268582","49.90721164496803","86.21476331499336","33.63080955435538","64.25554130283535","2.708430353308386","235.6789377212316","19.03452172164775","92.89073673958266","1532.331416466151","2777.5758427216047","12400.930842393145","4920.891617030227","Industrial"
"pol-152","Haryana","Gurugram","2026-02-19T04:10:25.355Z","52.13750842485065","256.90174535936956","2.439704504549205","2.6864347941372815","22.701873030344704","24.584997421684175","20.313782703272388","32.53024088700562","20.31577472789777","293.7761484003402","11.834582822914648","85.90713558223776","1409.6271694839677","1407.7631053828886","19603.797314673466","1442.110156485318","Industrial"
"pol-153","Himachal Pradesh","Shimla","2026-02-19T03:10:25.355Z","100.84223280424509","60.315873589496626","79.7067959869111","4.8274866491890025","11.462594432724627","9.770955434356644","21.736401421558327","65.6867399112559","24.2550001630548","190.41661851356005","31.953673464568787","86.55946192471725","292.9809702518265","8325.065799497224","12005.305494674772","7159.62431507091","Vehicular"
"pol-154","Jharkhand","Ranchi","2026-02-19T02:10:25.355Z","53.82448206012525","206.4719242883826","44.41082108039525","2.0256552745315837","24.372072723350964","19.160603353945227","38.41997214566302","66.24333359489836","22.01261236021754","54.72181557302473","20.55498806142605","79.38362634296689","1867.1014129266864","2939.653774476465","1804.7426142596955","3107.2539566345413","Industrial"
"pol-155","Karnataka","Bengaluru","2026-02-19T01:10:25.355Z","109.14610125510026","90.02534742161745","77.91003435188686","6.801131959681221","46.45316158532155","9.101917224888245","17.523088144662367","39.92677008984701","24.064508764270983","302.54479602352734","8.616475495819262","71.73911764523055","155.63653524122878","5181.173761354183","655.3973966443593","9829.97950112342","Vehicular"
"pol-156","Kerala","Thiruvananthapuram","2026-02-19T00:10:25.355Z","179.68085380453124","17.443395738021884","38.912242004125076","1.820149714879442","0.82465042481637","76.34172638335978","39.18608096264685","33.22823889652652","18.742446599675997","354.40965606755935","30.91473039453355","91.17526759038068","450.52723355159196","3154.30407537053","15642.978370675712","1528.0995534701458","Vehicular"
"pol-157","Madhya Pradesh","Bhopal","2026-02-18T23:10:25.355Z","91.88610813246152","0.7833014966238339","51.100567882904116","9.782029843505867","1.1421340724500184","83.08769488755847","38.55945793451545","70.58426000827092","24.015912980781817","37.59426990245463","23.099772627937504","91.70790112859612","837.8353161038737","3563.697290413306","8311.237079265517","2310.6538319464844","Natural"
"pol-158","Maharashtra","Mumbai","2026-02-18T22:10:25.355Z","177.9366989304452","245.25941399871175","0.2794368058057728","3.135607091940508","38.982972693620944","82.87987843390177","30.472115504980415","60.2534563116131","6.468056550664422","184.95155313269834","24.247143208072792","88.9095462484209","425.04976964254683","6558.182423887389","14219.799746948978","3036.933245054755","Natural"
"pol-159","Manipur","Imphal","2026-02-18T21:10:25.355Z","83.96945676699137","238.9794705933824","0.8990611669406778","1.0088123328824528","17.70255408934616","75.69118156482365","31.87428815497327","23.852473553304637","12.756949279162965","61.922476089165116","18.394812674095917","75.46432029298384","1414.5173353300886","9559.58520945866","16227.343827293413","1724.3055203221559","Agricultural"
"pol-160","Meghalaya","Shillong","2026-02-18T20:10:25.355Z","62.48967877384055","141.75808875607012","31.636798521229714","9.705644907957637","37.73293984325035","91.83689179482195","31.5998458693373","50.51470506271064","14.293877148519945","108.38372225894477","17.508635487863653","85.76119960760997","1250.0370153547858","633.4085479053286","12905.454123154363","8550.038700197576","Industrial"
"pol-161","Mizoram","Aizawl","2026-02-18T19:10:25.355Z","129.96808415807413","20.735508776412516","40.16685393304815","4.194984494286743","3.2559985746135944","0.9872243390662172","16.05803404155557","43.95069220719095","11.419579693976095","151.85411644829287","29.793904895150057","68.1600007789456","850.8065897421994","7894.273510463519","13668.741750684632","5711.1140185799495","Natural"
"pol-162","Nagaland","Kohima","2026-02-18T18:10:25.355Z","40.35396000980689","238.38344050016266","10.23032638593694","2.5060973565478593","42.434196318938056","78.04986379729883","16.775960441071668","36.49692876388738","24.255617659095456","106.31728712913521","31.77054746708993","92.22517483286317","781.8822067082203","5589.41709384527","1471.4049577558885","2068.3220268255677","Burning"
"pol-163","Odisha","Bhubaneswar","2026-02-18T17:10:25.355Z","70.11931130481304","137.90004268904656","8.580207847000434","9.398427862585127","30.57921662877571","94.37404031096874","33.81626976338124","34.573498064559054","7.01489664374908","279.7169248964099","34.873524528168886","78.5788328373043","417.33747881732455","5327.050384345424","15513.569231807396","5421.833128363695","Natural"
"pol-164","Punjab","Ludhiana","2026-02-18T16:10:25.355Z","184.65474464934735","3.554786335555804","72.2203463179195","6.626726120217001","21.770820482430647","32.39709823166571","17.252818923356593","43.258886912303765","17.939875710774643","209.05417073784588","14.735376449187545","75.10561152040695","1382.0564390952286","9008.991287496186","3883.9745150830263","6121.437930866049","Burning"
"pol-165","Rajasthan","Jaipur","2026-02-18T15:10:25.355Z","194.01922122340747","126.72086344721316","75.69098958107556","3.4217814470822185","37.964252125383176","54.33747025332168","37.53282682324863","62.88885376560132","3.23442911173259","182.6490743045905","20.107526827878072","77.27629043584459","778.3769487045631","30.637961460145966","12294.89326685261","7245.5014142032305","Industrial"
"pol-166","Sikkim","Gangtok","2026-02-18T14:10:25.355Z","90.8452438823658","252.83864869923366","13.82979306274394","3.5148561491359542","47.67176576044056","71.19047383993626","21.218034364923422","21.15730325800626","24.704054651929614","244.9240617598834","27.02191209238601","80.07061434559881","1007.3672065148189","0.952499524927708","682.2740138670769","3150.2690518378863","Industrial"
"pol-167","Tamil Nadu","Chennai","2026-02-18T13:10:25.355Z","115.5596153591782","288.057860980264","38.525217553020106","8.83027984023499","15.766708970108773","44.63323333630084","26.640747985773878","32.82589842582405","2.872682012310976","275.06048738652805","20.159148959999584","70.84520983272351","563.43987033959","5168.614494192423","16072.565453058438","9020.308086218294","Natural"
"pol-168","Telangana","Hyderabad","2026-02-18T12:10:25.355Z","187.31914295775528","34.74737857452565","51.24994538988403","4.424516917578565","47.652349779183396","95.26355820320514","20.781997309181765","23.77201136652382","7.498620172863809","84.15660362947094","11.520590933005378","79.08976612259085","104.26979886565357","2044.1370059180508","19642.03764041601","2637.6730084336086","Vehicular"
"pol-169","Tripura","Agartala","2026-02-18T11:10:25.355Z","97.99195560296124","220.33534620702585","36.44728042356089","9.962957922551093","28.865980976872347","23.08143575747339","32.103039473815485","58.243080536334624","14.654524973632824","57.881693310844426","8.251006321418355","72.90903132011356","1108.2569082728492","5673.94010107306","8372.153265062578","4401.554563794396","Natural"
"pol-170","Uttar Pradesh","Lucknow","2026-02-18T10:10:25.355Z","103.50681815088593","94.11620773870361","54.84635463691432","9.680818954251741","21.22344142480991","58.86259821020198","26.540988589364858","33.00459411947435","10.735397836823966","195.1909837638554","34.47581315400441","85.44390929950659","39.829079491569445","6881.118575966776","4021.034467987168","2596.1045730554342","Vehicular"
"pol-171","Uttarakhand","Dehradun","2026-02-18T09:10:25.355Z","77.35488815327511","232.25087016284763","4.707658439277775","6.22526857771832","9.481391986430454","86.88190936867612","23.590156433932762","51.72162207379442","8.624704667488622","305.26426390528513","11.879751427477075","76.13523104349291","1593.7465458014788","1830.9470350907775","16625.52936064032","8534.119815924056","Natural"
"pol-172","West Bengal","Kolkata","2026-02-18T08:10:25.355Z","91.28419674003399","254.85115279684953","0.7387219818172408","0.38157836944903045","23.07298441433821","15.913095531321142","24.500753500873977","61.41876706345432","1.788454492699032","261.9627407701506","12.799625473892876","77.20070261606892","1836.2130586022438","758.5926963784706","8579.606389956787","2868.129150423564","Industrial"
"pol-173","Delhi","New Delhi","2026-02-18T07:10:25.355Z","19.800225715717556","26.813910289922106","37.74739694762982","2.8218615335193897","11.031397594475079","82.71418342086366","36.219692208339524","51.782613269085275","4.496781524514004","265.2633928350635","12.678115101502277","76.79045008507129","1962.4177851176314","5271.424212735147","16582.447957285447","7239.936198800743","Natural"
"pol-174","Andhra Pradesh","Visakhapatnam","2026-02-18T06:10:25.355Z","13.100373977655089","34.597004880611614","43.90649319641595","0.09757446815001236","49.84622315492048","34.267778833730276","31.356968773049736","78.69230462515767","21.502213258914853","124.07595570711925","27.05259818256163","88.05826746520854","1704.6970976544892","5932.261371347726","16008.596576318922","8979.371715331941","Natural"
"pol-175","Arunachal Pradesh","Itanagar","2026-02-18T05:10:25.355Z","192.03039735258437","225.39685548781844","24.976343926214675","4.757117731826238","19.340146726440604","75.17026247562171","21.391774987039526","74.82454539628515","12.434259585080603","213.3624317886711","20.73041429776339","73.20793561803774","811.2148541474793","169.6435262024254","19901.103060334095","3862.5354714606565","Industrial"
"pol-176","Assam","Guwahati","2026-02-18T04:10:25.355Z","103.21161508836683","183.99983101073627","12.705068002531403","3.7407413666612976","29.225071530068757","86.7932159529845","24.09586777863366","50.59506139382346","0.7783118876231648","246.28012165619126","10.46838617380551","68.86240027000764","1769.6163805468873","9737.293717465995","17968.534978417225","1615.8506058183352","Agricultural"
"pol-177","Bihar","Patna","2026-02-18T03:10:25.355Z","141.99808977251783","253.97962350674385","41.8006546420918","8.820036780694165","17.721426434240733","39.2101769598254","32.43306802100998","75.13915486980594","21.23362318308246","201.9685527306885","10.207112645834416","72.12454531414028","1602.0165132382897","3876.7048689656826","951.756890753963","6527.763576817465","Industrial"
"pol-178","Chhattisgarh","Raipur","2026-02-18T02:10:25.355Z","58.832902255170815","275.53657575199344","68.3084843766906","0.11375562955397878","42.270578815963866","90.84029333000449","15.949147703591882","63.97788394877547","22.531295691932474","248.14727765546758","9.909755136961909","76.73708558308535","462.4579221123948","4339.166257430425","16902.462183163047","3084.403153318297","Vehicular"
"pol-179","Goa","Panaji","2026-02-18T01:10:25.355Z","22.062854830758937","168.48349290708973","79.48908293778926","0.2510968961395743","47.57666055914037","0.21101298621880593","26.838380799723126","51.02070109917439","8.045162903790828","144.1089387789483","24.494202194666663","84.46765660347357","148.04005541470366","6517.080941777459","3689.3041649439674","1781.5228980434406","Vehicular"
"pol-180","Gujarat","Ahmedabad","2026-02-18T00:10:25.355Z","26.411769648289397","210.39620903772922","44.458064830879465","3.128549668964191","17.51321497938978","10.47815057658157","21.295346985394207","21.90406313460993","10.49221544779807","142.69274809644438","13.32147757864294","88.75371011846181","1633.2321630807926","7632.031176606169","18385.64648301859","1352.564080960369","Agricultural"
"pol-181","Haryana","Gurugram","2026-02-17T23:10:25.355Z","53.026306515122144","46.09787372762262","32.87906191317427","0.39907548618478006","8.521536234032528","89.81388530094037","34.1758760431284","23.193343749313556","19.032616862324918","265.9408080500897","23.044770856677744","78.24864607020656","1491.191117552498","6741.481036153301","7071.956064909697","9038.271023610365","Natural"
"pol-182","Himachal Pradesh","Shimla","2026-02-17T22:10:25.355Z","3.5367900782034445","148.1544123951797","3.667244440212194","3.2289174460685532","39.043072494127905","68.00012547036297","35.366512703471116","42.396247129438386","22.79273092083276","332.96738512001343","31.125576979990562","89.43414894297598","1920.0265570032561","9109.97294383807","6433.843473875949","914.870501713767","Burning"
"pol-183","Jharkhand","Ranchi","2026-02-17T21:10:25.355Z","187.826516641226","232.64521144166036","23.863518005518358","9.896493589141846","29.771280834485864","5.181948732922637","28.415394746854076","27.510731820007273","11.432647351187516","200.85345999776771","16.691746056899788","81.44047129873623","1753.5827834667118","1395.9106300909896","4823.0218661360905","1897.9750985720211","Industrial"
"pol-184","Karnataka","Bengaluru","2026-02-17T20:10:25.355Z","55.783083155932275","77.80376334009071","7.952784245376039","8.321191063284326","2.189708835213211","37.862023464353456","21.075128030543674","28.758231568714997","17.734264760675966","40.80787566412896","13.053543076767696","75.65285914241335","1106.272264867346","2797.2387935172137","13437.423687499417","518.6657566337982","Agricultural"
"pol-185","Kerala","Thiruvananthapuram","2026-02-17T19:10:25.355Z","154.19792685870806","19.49060433262","51.66476868817298","2.2391350830604395","45.52285440922248","65.35685037105023","24.047073134974532","31.78046977074482","19.890095735608504","286.264928463374","16.333598475500818","90.86032944886877","1480.4374874391037","9873.930577343535","17604.52112126787","5001.778125495148","Natural"
"pol-186","Madhya Pradesh","Bhopal","2026-02-17T18:10:25.355Z","36.497317302938214","150.529898464096","52.676331222167256","5.954043198431823","43.80765148812853","16.41219695509055","32.64615720849599","78.6124116068934","9.609365405947756","262.62817121905863","10.581078864122109","90.89520729560903","1831.7022748954578","8210.112984434021","1165.321107908639","9471.740917008463","Burning"
"pol-187","Maharashtra","Mumbai","2026-02-17T17:10:25.355Z","6.759410823640866","180.52297580238562","13.828722580221804","7.382138281660038","26.280296086475058","40.051572254320334","15.56475079835057","61.87980157718984","23.527029949605932","186.35098719800425","28.99236667416274","91.61506181325709","1440.3003663468096","4532.581951980519","1723.89885104538","1568.0851316452904","Burning"
"pol-188","Manipur","Imphal","2026-02-17T16:10:25.355Z","98.54022136525637","170.78766441582704","48.036970996262696","8.345297975011036","40.79195016626412","16.099583636937087","21.895933358647394","64.49096642763878","2.048809434364782","354.7720163628819","32.80170519924633","72.85817351007722","206.72866006858692","6272.406094282012","18522.077435913103","2974.7486051455876","Vehicular"
"pol-189","Meghalaya","Shillong","2026-02-17T15:10:25.355Z","86.59341609803815","180.7695986649286","79.05950853356698","8.69330999588246","27.374785683758514","21.152586095242164","37.12952081471984","29.85808159406663","21.093912545819382","171.10249650449742","28.941539458909688","84.49724335142776","1509.0474732597984","1074.2235109851206","12328.759464741088","3119.6835011695957","Industrial"
"pol-190","Mizoram","Aizawl","2026-02-17T14:10:25.355Z","141.9625528478488","67.97292449283314","42.71351857509739","4.719802036964205","17.94406705858258","93.33310184828298","18.183467650285916","38.489720875970924","1.7992612451988994","97.03238766597539","31.088242461057217","68.33866346061512","78.71826573213303","3293.536648727595","17170.950336614664","7030.43376479268","Vehicular"
"pol-191","Nagaland","Kohima","2026-02-17T13:10:25.355Z","96.06909380270837","256.4301496873958","12.831089223446313","2.6342868627939686","12.46828039970893","56.21125011241116","33.74360866660679","58.25587398532241","16.360936375104988","313.99644162260444","13.352042441624665","71.5861595560626","786.0642830864257","197.69521941758293","4639.1926234367165","245.4801650097771","Burning"
"pol-192","Odisha","Bhubaneswar","2026-02-17T12:10:25.355Z","59.24985443965591","181.62178261516416","5.5051969572554516","0.5187423846994377","22.13967715349815","15.556481259430143","18.982233431226703","23.626441194802787","6.195815201492327","333.886044784613","21.13649276317301","89.98005487130152","660.0551775922805","4307.234269410373","9266.71898785399","8073.64379016065","Natural"
"pol-193","Punjab","Ludhiana","2026-02-17T11:10:25.355Z","82.57623420060428","143.59332363441865","71.86285342551463","2.263981613364867","43.09491196834087","42.12681861395843","39.787815847433734","77.54179553540826","17.72504074254712","33.64742563417367","22.06492206515069","75.53826605828557","492.40236391780303","8328.063059764465","18298.679553457583","3936.8949076307003","Vehicular"
"pol-194","Rajasthan","Jaipur","2026-02-17T10:10:25.355Z","86.55423820857607","267.8332284204557","29.062956245380775","8.382817943892952","12.198959130033076","13.79182058820595","17.091421546414736","66.9443146529344","9.322261105457427","11.24229942810398","10.727814874449054","90.64289777290114","1038.5667328016477","6998.047779992839","18457.06397577057","8522.335434929868","Natural"
"pol-195","Sikkim","Gangtok","2026-02-17T09:10:25.355Z","150.11887226222981","158.76635607879973","10.352178450476668","5.818781831447801","46.77349674518465","77.50455979614259","38.24699697190163","31.689822266478792","13.045147838408013","35.6963918537849","15.763299796649868","80.87693561667972","1795.4303392362683","6921.4493840272","16090.734037924969","5949.289191203518","Natural"
"pol-196","Tamil Nadu","Chennai","2026-02-17T08:10:25.355Z","42.89826452527099","222.4888173432981","67.34980878044242","5.2259500516572635","14.644238148399907","15.888358862549323","17.59367375084998","78.86138600993908","19.511173375289758","117.63385416979838","27.438542901943137","74.50969791739473","991.9965397926622","3531.408151177117","4646.2580580771355","8082.765425251411","Burning"
"pol-197","Telangana","Hyderabad","2026-02-17T07:10:25.355Z","162.21487614683613","233.63142457379783","77.89278993300942","2.132410992912037","31.01658451992526","14.126971173526337","35.094082479425154","23.64458977423134","14.57340060088832","286.7119106826967","24.972609239100784","75.3867723303522","1983.6015278110676","2917.140011424195","8765.223950836807","6262.114670660865","Industrial"
"pol-198","Tripura","Agartala","2026-02-17T06:10:25.355Z","34.41644019424528","86.29067813805167","49.09116273841736","5.931530313904773","4.221966067219279","32.974104473811295","23.43782387966081","43.44110157798151","24.191319452279224","314.97072171431546","28.97356895772099","71.35972303343985","170.06166361834053","5629.229115919235","13072.966812118297","9600.917861285334","Vehicular"
"pol-199","Uttar Pradesh","Lucknow","2026-02-17T05:10:25.355Z","92.61533396774173","220.13555779287628","21.863727566298863","8.670331334420064","30.746316593926835","13.742897806469156","25.21790056988832","54.69184572063707","7.618162470984352","182.45687533415526","20.258574589328816","91.58490983864908","1842.0957192836445","5797.098306347851","11959.43638194312","2472.6316583144335","Agricultural"
"pol-200","Uttarakhand","Dehradun","2026-02-17T04:10:25.355Z","95.72880163101077","110.62817446808974","48.782122436061655","1.6425252500924126","2.5638967012527605","0.7879569574035128","30.636117903183933","64.38440891934084","3.876459532392304","264.73919267629833","11.63656368168102","68.15185516553987","1182.9472284423239","1428.5272672156857","2661.325077880936","498.9503916235416","Burning"
"pol-201","West Bengal","Kolkata","2026-02-17T03:10:25.355Z","147.8228844289993","75.75296695969924","52.8848776886796","9.294586969289881","38.22065901493454","12.6984632218903","35.907760382749856","49.55216686635467","8.703050612505633","233.15641710565274","35.07954495095762","74.96674255326995","1898.9665315589848","8366.21274089833","18453.054494150994","5114.648991607839","Natural"
"pol-202","Delhi","New Delhi","2026-02-17T02:10:25.355Z","138.16463760139095","174.62325508730635","67.20003452632666","7.904991394114623","7.254619574735538","20.224271388510683","19.800617374514427","39.878835978744945","18.365021128173918","10.133090619976759","24.809683733549708","73.18449234996889","1037.163727549286","7048.108143424002","2231.7638540880534","4644.181196378495","Burning"
"pol-203","Andhra Pradesh","Visakhapatnam","2026-02-17T01:10:25.355Z","39.95419475289259","102.99252227601836","0.02986294822569846","2.3100989187224465","27.070210747675162","70.75185056772025","34.13449346074427","78.3829631180602","14.352456873833964","86.53983674660971","29.36548781978916","91.83034946190735","858.2869198367799","1499.0910494529041","8908.647834462767","2311.968730793399","Industrial"
"pol-204","Arunachal Pradesh","Itanagar","2026-02-17T00:10:25.355Z","68.06416918003839","225.87290134921295","76.9266458400521","4.570133386234394","46.014067467019096","9.183444125214491","18.03576612513376","48.5292064348979","4.6987241427905","124.99447466069175","22.451232676163908","91.81970131602269","502.7065491908556","4566.145131642281","16355.734740477192","4734.864070873107","Natural"
"pol-205","Assam","Guwahati","2026-02-16T23:10:25.355Z","95.0745855665515","151.2219745850129","12.905071902654655","5.332295448879685","11.000345855014798","77.44797288682926","37.12551149907902","78.17786138258701","11.768974702912955","289.990340494475","13.913007676874802","84.87685679826741","920.5436697620977","8765.728421052912","5528.067091454381","3805.685066935023","Burning"
"pol-206","Bihar","Patna","2026-02-16T22:10:25.355Z","21.713481721076345","249.73889347183245","22.48822745453282","2.5416978531860024","1.585615030815546","60.67440790476184","35.48003827130249","70.85226408588126","2.916634377595015","223.96546634465514","32.411659406729335","86.67797743164843","1260.0032656978085","3079.9443119611446","9851.692463598189","7326.802517354928","Natural"
"pol-207","Chhattisgarh","Raipur","2026-02-16T21:10:25.355Z","124.45642542166082","287.94153299652123","69.52096492454397","8.997967248562485","21.66692779906404","14.08854744128175","16.653389521759927","35.7473443586066","4.748216255542418","122.50778683311047","10.846544057001026","90.65955925180204","1113.725244546895","9704.89480148084","9225.807368506225","8638.595792007729","Natural"
"pol-208","Goa","Panaji","2026-02-16T20:10:25.355Z","77.05546715302445","47.903245352635984","28.119101999886862","3.4500783904465337","26.97240942525026","70.6184445439647","39.15555360365604","64.75472543060991","17.618282384522818","107.76473045448672","35.38109548212413","74.68028865159675","245.6523509433406","4013.813096821366","15401.343085635239","6594.750011868704","Natural"
"pol-209","Gujarat","Ahmedabad","2026-02-16T19:10:25.355Z","182.76925676511414","213.6870686324523","73.76767946278865","5.235086608567366","4.366192679061276","17.190352993925462","18.95522956353345","60.82578670272393","5.355955838988108","44.49469445507653","35.7687266382969","83.27338224365322","1806.0440208395435","7927.315832615252","2283.1375399780527","2946.602098628931","Burning"
"pol-210","Haryana","Gurugram","2026-02-16T18:10:25.355Z","109.47998403879622","273.87462449328","65.64163757450625","7.368924409749233","2.987884931974344","4.054513910930435","19.93071117151793","48.57405139410461","6.09484306786367","212.7584015692827","34.95399881610844","72.94873606604737","1125.1360213735645","2551.9464722850425","2210.5111457413427","163.9123599157355","Burning"
"pol-211","Himachal Pradesh","Shimla","2026-02-16T17:10:25.355Z","49.60305137390411","30.577705106722817","41.47297060625006","8.432927808083784","30.988524959519363","27.89759038931553","28.147262171457438","40.10917629658819","10.382258464378898","41.77268148787849","30.893718548566973","78.94893025000344","269.4326600212471","5128.324260331772","12199.646936348083","2097.9891372852644","Vehicular"
"pol-212","Jharkhand","Ranchi","2026-02-16T16:10:25.355Z","35.75272345858615","106.02041503293724","17.735683171135975","9.466298129156312","35.83245272443779","15.344120464524325","33.34925404433739","29.255763036170148","14.459245378781041","218.75684486874303","19.483047582066412","74.18081991552815","685.9577861551653","9508.147701310783","15325.114508250703","8928.252998431264","Natural"
"pol-213","Karnataka","Bengaluru","2026-02-16T15:10:25.355Z","159.60291527114","227.4678428844061","7.816971734246314","7.182250474927355","33.76843896817426","63.532551502907886","24.864764235518734","38.811200610222166","11.939336557171023","351.29124010681875","26.8336275554833","84.33965409930062","1637.2032393124646","6054.081242227767","16685.559876804615","1978.1028851300987","Agricultural"
"pol-214","Kerala","Thiruvananthapuram","2026-02-16T14:10:25.355Z","34.65981992714764","202.65331264843348","71.46001413858657","9.74776178268073","42.1726482696283","88.69477564821165","27.668743557799782","51.52963879227545","10.12284661283149","285.0670123933299","17.789259375910966","88.18178599198201","712.5858422569502","2729.047206522908","14192.793647719469","5876.555208744574","Industrial"
"pol-215","Madhya Pradesh","Bhopal","2026-02-16T13:10:25.355Z","5.218335481344849","151.0114651785693","5.008901533441774","5.599415301373501","18.259998390810843","77.1639826524486","20.41130776558293","72.96171265952347","7.850311950281699","51.11447796653855","16.182926175220153","84.27230628222745","1157.084755784807","3353.169669433026","17844.83284986308","6866.558933212892","Industrial"
"pol-216","Maharashtra","Mumbai","2026-02-16T12:10:25.355Z","72.47180824353528","293.361490837955","32.64893751482866","0.8771378206302904","30.536877703773545","57.18807040211088","33.4496636369329","33.4285107054591","2.7984108698815873","33.11555357873481","32.61525309790503","75.55932671167302","1875.9297185905557","3605.7296690852836","1843.4860944595898","5883.3836242609805","Industrial"
"pol-217","Manipur","Imphal","2026-02-16T11:10:25.355Z","189.20700667155612","133.241444355354","36.440162173469744","5.9504895346547695","35.467208494645654","58.330577244740034","16.411781268677338","45.28665398409702","10.442962619745497","157.41727817828541","11.709763207585565","85.28813077488421","1109.6680156899215","2595.2060275923027","19584.177037213183","1568.5469630671078","Industrial"
"pol-218","Meghalaya","Shillong","2026-02-16T10:10:25.355Z","9.26325510940762","136.686551865509","21.612690785979282","4.728134161938787","18.274092131566743","20.116072102882676","21.84119089072931","59.37543769993446","19.803978213528772","115.30118362693082","21.075904329354334","76.8246849019858","120.52823286936642","1851.034782899329","13972.505453121727","6904.247041188717","Industrial"
"pol-219","Mizoram","Aizawl","2026-02-16T09:10:25.355Z","23.12310406342042","189.77250269194278","2.0360232116523136","8.566756873559745","23.469280372898382","17.129117297888875","26.01314456231683","79.68843013168119","20.57507849225609","276.53029057437544","11.126236847051988","73.16173002351319","1129.6504588849004","4184.147188792789","2821.3424853113133","6347.401284134508","Burning"
"pol-220","Nagaland","Kohima","2026-02-16T08:10:25.355Z","138.18834327240077","193.26639932625756","73.77079993615664","4.159033171820289","25.04063847646487","57.609087309909015","32.38685593163508","67.19791572390415","6.847099389083628","258.2393652578562","30.681887431020566","89.15526967969926","687.1786860803808","1644.4619990729248","2226.656017762083","8145.768502109866","Industrial"
"pol-221","Odisha","Bhubaneswar","2026-02-16T07:10:25.355Z","145.5135383717864","108.42766488476707","1.7542822530280233","5.639832056099347","45.756968099355824","46.94582066306485","18.027295166873476","78.32766375963818","21.005445751016545","183.72675983657425","25.403876159188393","88.58376366693318","1210.148192193196","904.5528581838324","9186.356116984578","895.4348808996359","Industrial"
"pol-222","Punjab","Ludhiana","2026-02-16T06:10:25.355Z","117.4376942553492","139.4015317070039","4.612062540621196","8.097412325550517","32.512087969154905","5.279853673597767","26.262122633748692","51.54040565298749","19.095835651250827","247.16554113804557","35.20772335298794","92.97526672168064","1079.6564806246436","1288.7362625982446","12476.663506526565","4641.442634098019","Industrial"
"pol-223","Rajasthan","Jaipur","2026-02-16T05:10:25.355Z","60.76641606844333","254.36861216641478","37.16496781822652","7.631236065751582","9.792948562500802","48.131883717701506","23.776349421264012","36.489045650152846","24.134200687276845","94.55862321970005","25.99724701049125","73.74698721612279","6.329798611961479","8830.848801955151","19701.52885960471","6675.818485265013","Vehicular"
"pol-224","Sikkim","Gangtok","2026-02-16T04:10:25.355Z","195.21515805237337","112.38759344020177","39.26212221669942","4.973225140317936","49.39612140110956","51.72883210849609","17.715331872467335","34.26754468292263","21.893324681231384","256.52656354068944","8.888692441207434","68.57398126920862","1445.4513148087972","6692.227087011694","10284.334561076037","8062.473767868205","Natural"
"pol-225","Tamil Nadu","Chennai","2026-02-16T03:10:25.355Z","60.24971353011479","7.528308245090609","49.72156454546294","0.17891952830673796","10.796107031100583","25.90575289789594","31.954027926854327","77.08833684908946","13.966958890260631","91.48840549325524","20.259177318066875","68.43013986688254","1538.8266324668841","5530.143683509579","1184.877516187961","1240.721355842217","Natural"
"pol-226","Telangana","Hyderabad","2026-02-16T02:10:25.355Z","194.53148971484393","292.7143244400438","57.29076603249319","5.415402898036924","15.964511003321903","24.757831926251907","39.29304071863025","24.9953047613988","11.353107619469316","179.15294230658975","22.686793216887807","89.42066810898186","764.7039925849632","7562.743756899821","2196.521199206691","1434.4057334896731","Burning"
"pol-227","Tripura","Agartala","2026-02-16T01:10:25.355Z","89.9757736794851","146.14124182281287","15.35753099405654","5.656671064787952","25.961355987076445","74.77940706648106","21.827979625306497","76.09343881548993","21.938746506800456","149.13238876537318","12.234716908668267","76.19868293537648","255.64192560046718","372.6747642577399","8890.270051286416","8427.316469535011","Industrial"
"pol-228","Uttar Pradesh","Lucknow","2026-02-16T00:10:25.355Z","74.76626277739358","59.137297167101686","66.55142794196823","8.692794199900607","9.798628984675812","32.20998071249459","16.67701100983685","59.51656331739683","9.834930704841009","164.28485292895715","22.201409453192447","88.41892377897554","667.3805660731176","6995.10955843463","13369.813230659815","6490.95377950425","Natural"
"pol-229","Uttarakhand","Dehradun","2026-02-15T23:10:25.355Z","42.65639909507628","97.50596639062805","54.15726249763263","9.589036140209888","40.85406979997719","43.80424674271723","23.993909461264572","61.7740734063591","15.506748015759356","76.61153813456868","23.612666409696327","79.57621318366367","1647.6397337178482","3033.7964897372217","3604.6020956247403","8879.085785817802","Industrial"
"pol-230","West Bengal","Kolkata","2026-02-15T22:10:25.355Z","170.61202869773464","8.59300463849043","29.27918254367637","4.581427548877652","24.82167805777304","91.02954435385165","36.746657148514984","69.30698457199021","18.12064557322081","287.67716919558035","20.877972477955353","84.74400429414325","1324.3530571098022","1246.0793453250385","18050.700567351018","9913.163160068074","Industrial"
"pol-231","Delhi","New Delhi","2026-02-15T21:10:25.355Z","164.72260662329944","275.77432373556064","50.23557098966368","8.902928901608396","20.252323977909885","87.02967638839318","19.69185124370121","52.83823912848409","8.30790091997021","330.92571759164866","19.85139490870333","88.96244830546863","895.432002074932","6287.907459818811","11580.251698639222","9753.918692341207","Natural"
"pol-232","Andhra Pradesh","Visakhapatnam","2026-02-15T20:10:25.355Z","28.898515402910462","270.75958119230177","15.361428814735492","3.2224917056158264","13.444251602369024","26.324447200701673","26.974200936728124","28.158725101613975","23.770092349590804","315.9749105302694","30.678868869542455","68.15813768804554","374.3612758323915","4349.669511797198","17214.81178921501","5255.269031800678","Natural"
"pol-233","Arunachal Pradesh","Itanagar","2026-02-15T19:10:25.355Z","148.74147762994042","22.780480547029892","12.466105750001955","6.968740680844862","7.237847971084693","19.966831734439705","34.38028607085053","70.81933553809368","18.155126745081795","59.73134677021237","21.715871714985713","68.65754633480007","1312.6523213576706","5080.069225555765","918.8004043638442","8889.576823648657","Burning"
"pol-234","Assam","Guwahati","2026-02-15T18:10:25.355Z","18.447399668677477","66.73718181217434","43.51873823114188","9.28649013187022","42.00618519380473","28.80593684524856","33.07663972183142","79.66820315097517","15.899657059850808","152.82457846405376","14.27075884205142","76.57989785913564","246.21534264355915","9453.85853605491","17109.119999204726","3951.2342113557274","Vehicular"
"pol-235","Bihar","Patna","2026-02-15T17:10:25.355Z","10.224257555942916","286.1832904910687","76.03393540436775","2.808040048995096","8.797276566209833","32.84209589056678","35.89277445453567","71.17133689291688","24.419051389957932","184.20058284655093","22.376617368592125","69.96931084939904","534.5333103709895","3209.4793296780754","4206.126109661026","8025.904829335575","Burning"
"pol-236","Chhattisgarh","Raipur","2026-02-15T16:10:25.355Z","72.8593545245418","72.32296814183054","2.074550006184621","6.904459191193516","10.27036658559502","34.95837315814412","29.138925170163905","45.61573000154021","10.009785206205965","333.4959548056824","29.137249344450066","78.11204748464425","1346.2689015700091","3025.5986316211547","141.8069022215529","2863.0428525373195","Burning"
"pol-237","Goa","Panaji","2026-02-15T15:10:25.355Z","189.93287550248442","95.62365599071013","73.87251548821256","3.1857934886205976","41.36980437237547","63.67328943466812","18.65810285819411","23.405449541241836","14.510400902325044","31.155662682032354","18.63977734915803","73.65984880034527","787.7906446533005","2261.0951169130444","3193.9890601662246","5056.188765730274","Industrial"
"pol-238","Gujarat","Ahmedabad","2026-02-15T14:10:25.355Z","102.7880388883054","64.51905907491823","79.17088769898615","3.0152290984906847","7.563800157783951","21.462993202929116","36.823417743460276","45.68839272446049","21.793893921466573","163.05195772915926","29.352152877209825","75.66699599000569","423.18978449852216","4090.1488111714","4069.371210207533","6675.666424065015","Vehicular"
"pol-239","Haryana","Gurugram","2026-02-15T13:10:25.355Z","110.3092540905795","49.73987809303516","60.66952605201572","0.6402308089110487","49.65304248086623","68.14788879709963","24.434632349302014","46.949409073397874","20.9360338280549","60.57504193203728","15.779656740180794","91.03314898897729","780.4242979543827","6993.16410813924","15782.309762502744","6364.286598108194","Natural"
"pol-240","Himachal Pradesh","Shimla","2026-02-15T12:10:25.355Z","98.52315915104639","0.12512721762985013","15.508626126407101","6.1086061009677906","18.552566046736214","29.201453546873868","19.789465250044003","23.393380851599744","24.067262222312742","62.66273386046932","26.26799840250831","76.26602745276575","1504.56145866398","5124.358428773928","5790.4828207697265","6525.89753097747","Natural"
"pol-241","Jharkhand","Ranchi","2026-02-15T11:10:25.355Z","78.33591629716885","218.3079823456862","54.810452275004565","4.095285803308505","17.624620279417474","73.80340897922476","39.601083216207556","53.004226157329235","8.661872245438202","242.06242744406342","20.680676097163207","82.95036571032583","950.4388351941748","5510.8538435241935","16242.01114747696","5345.717938768196","Natural"
"pol-242","Karnataka","Bengaluru","2026-02-15T10:10:25.355Z","131.82015921635514","163.33728877205934","1.2312301507435564","1.6436090621899102","16.403042854565808","5.821334337984396","23.08271877774765","38.7764097463621","16.824767564747585","46.199087273357","25.563639764842595","79.36546848026802","268.42756063494465","3658.527515676241","15388.070434085725","6792.627883158","Industrial"
"pol-243","Kerala","Thiruvananthapuram","2026-02-15T09:10:25.355Z","66.66272651971032","46.12711561811301","22.527192614718494","1.073217416417861","18.862530535274246","80.47242722677134","32.46378165856231","62.0107468199499","23.331175552398474","349.5640078390772","21.118733363373465","88.24610334469479","1594.376187931803","8910.270968177307","11535.471795443429","2094.143005436958","Natural"
"pol-244","Madhya Pradesh","Bhopal","2026-02-15T08:10:25.355Z","125.98820218506003","144.03623675573144","48.00163500891547","8.939388644180356","13.740098404267897","99.73008478173846","31.279910283913242","48.75592485938519","23.314725174079815","311.49443153862387","25.526045194087196","90.9897662956605","1718.7670625683584","310.0944713184717","8157.61748251568","1355.6364303446967","Agricultural"
"pol-245","Maharashtra","Mumbai","2026-02-15T07:10:25.355Z","95.66264754573666","141.73879585839222","10.98344665561771","8.602985488213923","7.7271135864890095","35.54917578910866","35.87880923606522","62.676758138229864","16.81686952260336","35.953330857299804","15.447098624077345","90.22565642700289","929.7632514429066","227.27547952046788","6296.871320464244","4768.527973335677","Burning"
"pol-246","Manipur","Imphal","2026-02-15T06:10:25.355Z","37.50598406789849","101.82217929454363","13.129377332782788","3.282007626772938","49.92507888496739","34.661189705894834","27.367186518846495","77.86186752257271","12.932345126254544","46.56084572670406","8.96278948590501","84.79186473377817","1095.3409439670677","9853.788446772462","1169.9622649557973","5335.7036506509385","Burning"
"pol-247","Meghalaya","Shillong","2026-02-15T05:10:25.355Z","82.20088930016858","265.94082006523126","49.54841477008379","6.994202172744174","19.27005150114785","72.2664120308621","15.010497456762016","27.731619427669507","15.189783294416475","359.4166304398819","29.061702518942727","69.67052644378772","1736.5942804534177","5643.7418110055905","17077.338925039316","8834.933752982106","Natural"
"pol-248","Mizoram","Aizawl","2026-02-15T04:10:25.355Z","113.12571200892198","266.04949505414055","7.079374844157904","1.8353092816699923","16.706691701494194","69.92905756799284","37.397933874889176","70.87223494136344","1.1395069759624095","334.67339114054244","30.06788411619582","91.39495727781092","1338.8692379916386","7688.032494608507","1362.910793317167","5872.161194315063","Burning"
"pol-249","Nagaland","Kohima","2026-02-15T03:10:25.355Z","52.027600338869995","182.54109576477137","5.188849919187097","3.8600378576867844","3.377775775967712","14.526467465118353","32.090013896098604","71.23212981290362","10.953787768632356","196.656686001139","33.71234977882138","85.63437800478097","1764.7588183218195","5408.751847575764","292.8558345690568","9341.121400487702","Burning"
"pol-250","Odisha","Bhubaneswar","2026-02-15T02:10:25.355Z","68.79215721018144","235.71422831060585","1.4496509164704463","5.541038086636919","10.128340710491024","66.86893713638175","31.542051519760587","25.152629672611685","24.47005368288271","65.80571532027203","35.38837741078683","85.96354443230847","1356.390968010771","1947.819348200096","8620.734122572114","8249.06180347149","Natural"
"pol-251","Punjab","Ludhiana","2026-02-15T01:10:25.355Z","188.41007964590176","233.12507285519283","57.00918798694795","7.806306595586449","46.02402350192048","94.49136341675938","17.887503293856714","26.181347919130317","3.5402302813134363","27.219700733635698","27.630089968269523","81.0947981169145","1483.1624293861164","3984.2557054741856","12377.853595223547","4832.861145404703","Industrial"
"pol-252","Rajasthan","Jaipur","2026-02-15T00:10:25.355Z","122.75186963969573","171.1515623476368","73.91098952159584","2.3112950815296096","18.935822821738856","61.393194953451555","16.947533768254758","35.293789487759604","21.105500528237105","346.1054198214384","11.807122368992067","74.15149632041518","923.6246699348478","8410.201535111664","7266.750372360249","5223.524570579709","Burning"
"pol-253","Sikkim","Gangtok","2026-02-14T23:10:25.355Z","187.45049943107054","257.5219126902781","17.825150016212376","4.934031819167009","10.731190686274589","98.41668956549519","38.66681401215067","50.51478737866002","6.305114361955266","81.23752415835719","18.921103548819325","81.38898433576803","673.9406110314475","2180.8092706161997","15067.280985384916","5735.760880227543","Natural"
"pol-254","Tamil Nadu","Chennai","2026-02-14T22:10:25.355Z","47.721589364104354","39.70660435777782","77.5883381260591","7.993956779845806","13.092819500523628","28.825446051371806","20.652848629040204","47.212787978114214","8.440973927299956","356.27109026193","21.3712647080323","87.72771921321043","200.5769704475211","103.55031585749686","17202.117584392552","8457.441334731317","Vehicular"
"pol-255","Telangana","Hyderabad","2026-02-14T21:10:25.355Z","27.01065277841117","286.97965389680644","67.59884886448683","3.347755056884619","45.12407431921906","53.30474501767406","28.96985678204622","20.99371506353033","12.706735486584858","236.5949029715085","14.338885920996216","74.85459714556708","1488.261157047238","1724.5254440371227","14754.346168331862","1753.5023207841027","Industrial"
"pol-256","Tripura","Agartala","2026-02-14T20:10:25.355Z","85.36088953445682","194.3099237502706","8.08562869385022","6.537028181898944","22.67787994740711","46.28578758811012","21.60329929663034","22.518408783904583","15.47533901361184","88.14503067760081","33.10397751407447","81.70004959572779","1349.832789961255","9607.343535985332","9187.395083064108","6404.908617548306","Natural"
"pol-257","Uttar Pradesh","Lucknow","2026-02-14T19:10:25.355Z","173.9065197092495","153.9188903383893","14.15529640659801","7.8506423485280745","42.4827768964542","81.503924721289","37.38694493405854","38.81227488099749","16.984272713810284","57.45116505508831","8.109217564847476","86.24222391244228","689.4300630187527","175.42236902616136","14138.171135335268","9251.193085909117","Industrial"
"pol-258","Uttarakhand","Dehradun","2026-02-14T18:10:25.355Z","48.815806835988006","9.837427581518487","5.858762549397456","1.3229452422374033","33.30381905822058","10.368342049188573","22.18637335906138","61.11471185357768","24.465069296200443","248.49652000186728","17.676659651588125","82.19698346019041","13.299992728925902","89.24060592514161","7015.954659765555","9711.7550716597","Industrial"
"pol-259","West Bengal","Kolkata","2026-02-14T17:10:25.355Z","111.62077496448077","251.07731674726966","10.570245741652267","4.867537678754982","9.063840974734976","43.779382029807515","19.059384616340182","59.017537908496585","6.258135415147145","126.91598281833154","26.846752957458083","89.69989634417767","595.0026756807625","9000.312576487671","11521.289271527872","4871.055858081169","Natural"
"pol-260","Delhi","New Delhi","2026-02-14T16:10:25.355Z","173.04752210224234","267.30860373769787","6.068810936245876","2.7699529031829617","2.220695276739076","79.68297118638796","38.63523421394392","47.66419575808335","5.749554433090659","252.1748783375871","12.726869780486862","74.25976639908627","644.6488519209006","5166.288512553717","4253.41118897504","2699.637474410893","Burning"
"pol-261","Andhra Pradesh","Visakhapatnam","2026-02-14T15:10:25.355Z","176.71037599866088","79.07953448698682","69.90703078352962","6.800279832016791","48.360061534191566","41.50354716756499","22.46207502748248","34.751594312532305","7.28712424054285","335.14480651077605","27.740479844791885","72.5412652066587","986.098047156855","8102.700112978459","1941.895550906798","8145.324564101409","Burning"
"pol-262","Arunachal Pradesh","Itanagar","2026-02-14T14:10:25.355Z","136.0607441968934","49.95741097360725","51.087514943551504","9.292018362386296","46.25372388674631","20.09440874997469","35.8740612293699","34.19486316927954","1.3431782709190876","17.582192685493876","33.56108129282866","90.42180391237409","1440.8677467235402","956.763371237327","6662.886084914437","8213.456372993864","Industrial"
"pol-263","Assam","Guwahati","2026-02-14T13:10:25.355Z","106.84922363026466","64.07554601561642","61.76137297546689","6.098536319798519","1.8752769361670696","74.68944274489154","37.8571658455175","51.9353936576409","21.680440755843186","32.24784446123137","13.442329855705248","84.38929037388415","1187.118334369958","5077.429255137313","15416.017144899128","9919.573975075375","Natural"
"pol-264","Bihar","Patna","2026-02-14T12:10:25.355Z","80.14118233477615","64.01887337012369","76.65424494996324","6.508264504144142","25.830613334138825","79.84246235598333","20.001252745232268","42.89531632706891","12.139043952106354","67.30392435650884","10.650411551354726","71.89520807622907","737.7074523707148","7133.148312874694","13334.154137366006","3703.135970268859","Natural"
"pol-265","Chhattisgarh","Raipur","2026-02-14T11:10:25.355Z","35.99839712869986","209.31280706217507","23.679558923242325","3.376819767377701","47.57048397765064","27.157799467216492","27.763969077909895","59.61847187142781","5.031952457775421","40.879124884109196","24.1161545037989","87.95869104993514","1591.7571983620805","1779.4083702967612","7117.190292864326","5222.028901904894","Industrial"
"pol-266","Goa","Panaji","2026-02-14T10:10:25.355Z","149.40205838590703","23.552652142622954","75.20956621763557","9.96575099731462","37.561770118656725","30.70338309467413","15.744128667241705","38.16414371565076","16.889880305652927","101.21738023220794","19.983968388735793","75.36285582465001","1148.0913782675655","7669.746267147372","9939.03057513353","9406.311278917852","Natural"
"pol-267","Gujarat","Ahmedabad","2026-02-14T09:10:25.355Z","173.15986919127695","96.9515545732153","69.08906370383893","1.1114376130291492","10.378193711553092","91.56451028678076","25.79614698576727","71.11875655682245","4.665080507020047","132.48897903929537","34.192790780576686","89.08293779628048","1865.5743676913664","265.322847628191","11811.929930201028","8917.343411056292","Natural"
"pol-268","Haryana","Gurugram","2026-02-14T08:10:25.355Z","35.84467085206313","65.76676087406821","75.67367464674716","0.8064775242333344","35.45083075776125","14.998894067516911","18.24937422753874","28.568669785669158","21.033341112724994","316.3894357095626","18.379488072184895","86.59122755750515","654.1771993446754","4138.367197358443","13709.756314888447","5881.2550502701315","Natural"
"pol-269","Himachal Pradesh","Shimla","2026-02-14T07:10:25.355Z","153.2956450088984","58.53157917173729","26.595992721141588","3.198332121685592","14.069904217791091","3.156684985848679","16.141947553951407","71.8046759337909","20.27049364718018","213.11265299184694","18.503940696604932","90.5125078470456","1816.9356119574104","3841.543646154643","15297.859437075007","6057.515433162518","Natural"
"pol-270","Jharkhand","Ranchi","2026-02-14T06:10:25.355Z","25.968900254266792","292.6423030818794","21.493469932604413","3.7473468884034657","20.121751443275414","12.137622760405819","27.18426260519493","43.907963004052746","15.822256254818058","284.4718892126865","29.136858444550917","74.72814661850482","418.8103135430319","4021.7520936530304","14211.39832184295","986.9745836288846","Agricultural"
"pol-271","Karnataka","Bengaluru","2026-02-14T05:10:25.355Z","154.4044005031081","98.32312273940576","46.25158290324087","6.591571082165396","42.346061671746185","46.5366398596486","36.13268580136473","56.75160919036438","19.30499075997624","146.7907439837799","32.33032263750483","77.543611533558","1131.9823687154576","2403.1282327676417","16906.855955891857","6524.518970968434","Industrial"
"pol-272","Kerala","Thiruvananthapuram","2026-02-14T04:10:25.355Z","82.32212764684976","54.64932309398467","19.965929747405234","1.376486932654103","22.821402887377484","33.5284816228542","33.82244965501176","31.263526570713942","16.34539486919125","33.67891636852815","8.081417890484943","86.73101710684384","1609.9979737654721","373.2955308943497","10027.572485877256","3354.4088943348947","Industrial"
"pol-273","Madhya Pradesh","Bhopal","2026-02-14T03:10:25.355Z","111.46160491806702","224.83160519240445","49.09924707098763","9.846621314340622","2.145482875536331","72.197820906474","20.644334192436293","55.81564037286547","11.814269680019555","151.76168274641972","12.318894558712504","86.7066791804279","1716.7983607420058","6721.793932923221","1617.4894140565277","7027.07266033631","Burning"
"pol-274","Maharashtra","Mumbai","2026-02-14T02:10:25.355Z","199.52774519119006","51.84982191160169","55.44844243534665","4.824485875750197","23.123832295945206","67.85501478908789","22.069922315639644","56.33666339851133","1.6597129329871396","270.9082515127868","20.80036737098324","87.82670722268966","815.1295050924502","1934.9949559816648","11453.160554115653","1681.7453223328348","Industrial"
"pol-275","Manipur","Imphal","2026-02-14T01:10:25.355Z","152.76328436775728","51.67351031622277","35.84817967954089","5.678686284243138","40.188648915944306","69.6885845633026","29.11636361186883","55.2792115868312","17.749903907463704","183.4732818489267","25.67566128556077","69.77393150612006","310.12852758814336","6605.338288067899","14499.822311884196","8807.980041104513","Vehicular"
"pol-276","Meghalaya","Shillong","2026-02-14T00:10:25.355Z","45.688624130000875","109.97648306343041","25.782452267363453","2.5151900028537453","26.972910116413946","74.52282267323042","26.504746543809098","46.90294621055483","4.465635688396646","115.41446005105527","34.42927116292315","81.91497105732132","1874.1753836407493","4039.9145795808267","19389.203792391723","1045.234305771182","Agricultural"
"pol-277","Mizoram","Aizawl","2026-02-13T23:10:25.355Z","148.88199471004742","293.59084399045656","22.540559613411915","0.5657198973196698","25.157652714075056","18.4434684378878","39.7280490569501","68.24688804327624","10.336389406769179","120.0076628487617","16.592106230186364","69.3351508168637","1820.3675245290515","6099.2285477861105","6156.831791567978","4811.986347134408","Burning"
"pol-278","Nagaland","Kohima","2026-02-13T22:10:25.355Z","24.512015187123804","161.82118888073478","27.40216266729785","1.1898542248527388","44.34875241904105","95.55035904069415","30.66126099639419","53.30348901041289","17.331574161622544","160.33716933254118","31.549690091195554","77.30748278266083","1515.460258374795","3764.0786092829317","5500.536460704348","648.5101136541349","Industrial"
"pol-279","Odisha","Bhubaneswar","2026-02-13T21:10:25.355Z","10.732244260144409","35.83917485335224","36.175798062356876","2.4468650367184983","33.574188196670185","32.17104461971344","37.74070749491719","22.092048436614377","8.153897275802352","143.6216006976939","11.941730807370508","91.2136328447794","1940.123214079849","4704.9300503503955","12602.185300850439","9976.698930614948","Natural"
"pol-280","Punjab","Ludhiana","2026-02-13T20:10:25.355Z","15.844480130735406","153.72019732577348","53.519170083801086","9.418537269648189","45.45613138200441","85.52073297031627","39.25158282574023","51.77493735305086","5.057658030184883","177.25040566206064","32.43168564258234","81.5988647434665","127.61494847164533","9221.36959146029","14812.412618395727","5788.957784713","Vehicular"
"pol-281","Rajasthan","Jaipur","2026-02-13T19:10:25.355Z","23.99361399679092","32.76808817891531","19.027841101124956","9.453152199538348","13.851383752044121","71.71929644233565","25.823553284108257","43.81493069992193","3.214535930064877","316.230430624602","22.1827217219996","80.1507627767253","206.68766023272235","972.0450366553923","289.05625707826846","857.25286393874","Natural"
"pol-282","Sikkim","Gangtok","2026-02-13T18:10:25.355Z","62.01470207380571","140.20995049240506","56.45829510486927","8.694591383966987","45.392663834500404","51.25791460071939","15.763214290995725","73.28267718099953","1.9863457265230866","263.8590922870254","34.06381035487641","72.8947916141835","1377.8773326583528","3833.894859222984","8928.659590883408","8652.494953177436","Industrial"
"pol-283","Tamil Nadu","Chennai","2026-02-13T17:10:25.355Z","187.73650736607038","131.834046417237","70.52717676415895","1.536925679399923","21.977574854299647","52.908626138388236","18.590317088089506","36.948587041896076","6.557610261840622","133.91742109471758","17.49018353636541","86.68750087562596","764.940255721718","7211.641285987186","19390.846206819773","616.6114667633127","Agricultural"
"pol-284","Telangana","Hyderabad","2026-02-13T16:10:25.355Z","111.93794337430828","224.6120654028204","68.93769099991272","8.792611079239643","46.32137923442327","81.19916634961848","25.351065402126153","24.57897534335576","19.6873310947112","201.7046433268618","27.436100436065175","91.09775453092072","998.9396957595294","5985.009641747817","11233.881321288878","3074.2331215614436","Natural"
"pol-285","Tripura","Agartala","2026-02-13T15:10:25.355Z","117.17077314142679","166.09276352098394","39.98035879122669","2.5626846442455165","31.747639857484717","19.448325746632765","17.15017142722246","74.32274249206876","6.186495934786865","128.77937726697596","22.06304135766098","89.25374479532782","1696.1394547744092","7934.241609533929","10072.271684546859","4984.056029199027","Natural"
"pol-286","Uttar Pradesh","Lucknow","2026-02-13T14:10:25.355Z","154.76964020176797","240.06168426026008","68.46091100419444","4.84137242869633","29.408675866901078","43.99279793710667","33.444718778005814","50.46044132185633","7.534174527202711","256.49475762420644","23.54408552731597","81.2468955022341","716.8668794386746","395.90262793963603","19218.83292146483","2226.298650947426","Industrial"
"pol-287","Uttarakhand","Dehradun","2026-02-13T13:10:25.355Z","140.24963747058013","139.60680953683763","7.280679780620325","3.2327440318471066","31.367316268402607","90.8635812951204","26.101767332705794","64.66514573704738","0.6232761720338958","113.89693859715531","23.614156450231587","81.59552683444771","1625.0506243819384","5479.501748941874","3545.7075979279853","5752.232159057","Burning"
"pol-288","West Bengal","Kolkata","2026-02-13T12:10:25.355Z","139.79913204450244","28.823601224513585","33.631725733796635","8.465651895646145","18.758922372443553","73.58299544931943","27.163747638182187","60.121945244046294","22.687129987060885","165.73775451422114","13.942505191580732","84.41705032629963","88.33005142800943","8327.872389907996","3252.239550832985","496.1993930204589","Vehicular"
"pol-289","Delhi","New Delhi","2026-02-13T11:10:25.355Z","81.32348025548461","240.6557720630348","4.398535748562642","3.3420025695355013","44.18389524197303","40.23326530967052","28.650831559911097","32.5492968978609","16.605022547749897","69.32093012589871","11.226386096332938","69.51967703405154","944.658055506908","2587.2958958082304","15423.100033058214","512.3667887660177","Industrial"
"pol-290","Andhra Pradesh","Visakhapatnam","2026-02-13T10:10:25.355Z","54.9235165559888","252.1350178222457","14.239634171995714","7.397858302084507","35.15942292948994","35.28064062409584","34.37155347620542","79.03731917595962","24.952165200539177","27.544695883847258","26.388670621102275","71.30819647507437","1453.4224834850063","9497.584185633523","2148.340023484805","6857.810652816536","Burning"
"pol-291","Arunachal Pradesh","Itanagar","2026-02-13T09:10:25.355Z","141.38393817579598","37.98554357071582","12.618372554515478","6.625972532583997","40.40877035829663","54.65054640609293","16.41689505464302","57.5025657257888","7.963312417035773","2.3178176516372284","28.308871795372443","72.61959808821094","1510.8898465658824","6708.977677797142","5656.061861272221","3204.20113223055","Burning"
"pol-292","Assam","Guwahati","2026-02-13T08:10:25.355Z","48.82463200903169","130.47622694867056","78.67535787242929","5.2135574400455855","10.296931002443854","55.08308157989362","30.415951781446637","62.031823935695904","16.312752936904587","133.15081386510707","16.182097245937413","91.9757625122212","402.7517541873078","9981.674801299065","8065.389140891748","9043.615458928143","Vehicular"
"pol-293","Bihar","Patna","2026-02-13T07:10:25.355Z","14.28595129335224","113.61117824544196","71.37227260434801","2.2437647451364064","15.535992908118107","71.66796781205774","22.48866329751058","61.32482842884321","5.076115754132515","178.49058095979524","34.021387632172434","81.74026972196855","1677.1094576726234","2813.1115544992804","17161.348073782126","2545.262116434808","Industrial"
"pol-294","Chhattisgarh","Raipur","2026-02-13T06:10:25.355Z","180.69885963436647","241.17504772936184","34.987148872372195","2.7824024581598685","11.717053832092578","62.01760488238806","21.62634979344451","27.103714986191743","22.91691061497855","184.7418339011641","15.219586592542251","70.77593397096958","231.86916463501706","9904.880540276403","17043.66685087786","2589.6082344683814","Vehicular"
"pol-295","Goa","Panaji","2026-02-13T05:10:25.355Z","194.78675480437903","23.603737388198553","57.84619664467317","0.4518144094219123","8.046795584757815","28.612824291039562","20.51334432970818","54.366376703373255","24.273205157006046","61.90800338172088","10.912004890947916","71.93089260704438","548.5255042176402","9839.365029147963","2800.175343525462","606.8993699200576","Burning"
"pol-296","Gujarat","Ahmedabad","2026-02-13T04:10:25.355Z","129.55240204189505","47.7327285640187","12.077652728534414","4.725428209750237","46.61383860718219","96.0493862734444","28.233679765639902","22.341498355496245","19.580673495911995","123.33563469862042","29.62763585541515","83.9373042056887","1403.5223519217866","7138.643531436101","3827.3403616995515","5206.7555066448","Burning"
"pol-297","Haryana","Gurugram","2026-02-13T03:10:25.355Z","120.40963889007111","12.14369756069189","20.28115444538031","5.544481456109737","5.316962620556643","63.289953989669264","23.944967255500664","76.37899001700934","10.871369096268158","176.98429573599972","15.39194175236127","68.58153048937928","1003.9864162806274","4348.442606942968","3109.1160420088972","6565.636321275384","Burning"
"pol-298","Himachal Pradesh","Shimla","2026-02-13T02:10:25.355Z","157.8626339076401","55.015221746002","6.8691510307606585","7.082798843313345","45.645093048995555","80.03276099921618","19.695829358502117","69.12955136291396","16.84931539024951","206.87213885877807","35.41847621816618","83.14153678083979","1087.384711192628","5662.760291974348","6048.302281525992","3601.868922128373","Burning"
"pol-299","Jharkhand","Ranchi","2026-02-13T01:10:25.355Z","15.622471381765957","131.82273860442024","8.398645022248505","4.289532028248716","34.91679206580919","18.25635348178034","35.914915886864435","46.447610350530326","14.269673549882068","313.82039630392836","20.38016784920866","77.18502906044948","104.05042716513657","1783.9926427366304","8267.991714112357","9185.73402331239","Industrial"
"pol-300","Karnataka","Bengaluru","2026-02-13T00:10:25.355Z","26.902886433002426","23.548905637271734","37.43410446200847","5.626705757500023","23.315056434657688","52.83441996756469","15.623858782701653","32.77561947101062","11.060214763219086","214.29079199296814","14.827938976801958","75.18414371877225","1327.9429952659248","6303.3023433633825","15364.987724195335","9807.664360180812","Natural"
"pol-301","Kerala","Thiruvananthapuram","2026-02-12T23:10:25.355Z","33.59482180031379","119.89466297803449","74.96224450130099","4.56212858099446","7.028020158239095","76.69351039848135","26.739324930606315","49.366938838944456","9.470202540385628","231.18271696459743","31.95662106458543","90.6674617227544","1906.3298486310332","6820.134098248805","13882.493738325102","5839.970709514409","Natural"
"pol-302","Madhya Pradesh","Bhopal","2026-02-12T22:10:25.355Z","65.59550349050136","228.06115891069425","15.634791977582747","5.969122008760337","31.609799458317227","24.77351774518908","29.051156985378185","43.6716024891619","15.372678354614417","7.164005380904612","20.702932800607563","78.25469765741109","1769.2453400055838","7394.471407653566","2563.5486653698836","4905.191838357047","Burning"
"pol-303","Maharashtra","Mumbai","2026-02-12T21:10:25.355Z","175.2054038052328","72.32063903419429","50.40687815143628","9.33574969865546","18.032556478434426","91.55651905265982","32.551165212878026","70.26564324249567","17.369090569351595","142.74645707491112","31.903622888992423","73.89056272766736","1844.3149163553712","11.7693121952267","8916.248399395045","9357.041705932019","Industrial"
"pol-304","Manipur","Imphal","2026-02-12T20:10:25.355Z","76.5359562213568","3.307216358520082","63.899934995193064","7.7813387361909845","23.00528565106224","23.47231281336164","18.52596806582477","39.2983987487452","16.32535281897925","43.28717253820229","17.36668060381424","89.01922243324901","791.2490775876054","4031.3866415685175","1500.320263178363","5323.190822276398","Natural"
"pol-305","Meghalaya","Shillong","2026-02-12T19:10:25.355Z","183.76096214812742","111.98456213685421","40.476356739242604","4.35590653438083","11.999564261688771","74.26940301887312","28.939171532488107","20.9423955886273","22.283749479213704","143.49665846584955","12.57581060871861","70.92847617018005","619.9589677125122","6085.713446681097","52.53274214681802","4557.090922453181","Burning"
"pol-306","Mizoram","Aizawl","2026-02-12T18:10:25.355Z","56.99497980432049","130.52541067248802","54.730324346844796","4.374870286665693","44.30878530249368","84.24997724042213","26.74931661238591","26.15280848835902","13.724062055224087","312.36742188439814","13.224886719996292","70.7603629899371","1133.1870886259546","7227.909247174286","14018.0577587213","828.6024411555326","Agricultural"
"pol-307","Nagaland","Kohima","2026-02-12T17:10:25.355Z","67.4970713953553","29.292085882457663","58.75928888354303","3.772440898797189","25.232922381897183","45.96662135115629","36.812892588642676","77.06437626292391","4.53931946116197","251.09181724095765","19.303479848250262","79.1843232136104","1417.2540481432213","4110.643653369043","2432.0829634516026","6558.621014573882","Natural"
"pol-308","Odisha","Bhubaneswar","2026-02-12T16:10:25.355Z","34.08281386468877","99.45201410494762","29.060713583445885","6.230965939500701","4.596530389618042","29.9359658912971","39.52628732478894","37.461617049754096","23.967660671625264","268.5926362264754","35.60680086640703","71.60669251977092","1511.7547670217907","9611.652016256643","10924.805929860217","6955.858078807072","Natural"
"pol-309","Punjab","Ludhiana","2026-02-12T15:10:25.355Z","71.452370539664","255.5939520638239","10.678425898857604","7.024372014032108","18.26113938077138","9.380869132679237","33.696348463629946","50.17917511928121","17.29417759596784","57.31149635135897","17.850176374315907","72.79243857453497","1648.13518898893","9198.543235975298","1764.8195656364574","8095.1969506054975","Burning"
"pol-310","Rajasthan","Jaipur","2026-02-12T14:10:25.355Z","121.09064752803258","63.34786641792887","61.31683732724953","6.357751426289841","20.44932565987652","47.224678059165356","36.05468325389154","68.46677929004204","3.123452814320804","166.78948138086184","34.63041000772948","86.38068822328572","1512.212523072846","1642.9856671093191","7702.575114648629","1062.6689514141153","Industrial"
"pol-311","Sikkim","Gangtok","2026-02-12T13:10:25.355Z","133.3121575014743","251.12634811769934","63.40263475726381","9.133197010061117","29.02508661191493","29.415358626454434","24.01646612279223","24.0646171909425","9.799387115850472","282.21527171369655","16.82432569631559","83.64294535448389","1746.6310114293738","7086.195098370963","7469.018784327885","5282.299374950137","Burning"
"pol-312","Tamil Nadu","Chennai","2026-02-12T12:10:25.355Z","195.04523864699587","81.04225146987504","48.636276130088106","6.911172520228851","8.193612318208505","26.07377927170861","29.63339685572173","45.24739478426422","11.487763006060034","92.18920686713938","12.726560257245985","89.25202800225188","1288.7969079277498","7495.638111485134","6063.047180028442","8494.803739005447","Burning"
"pol-313","Telangana","Hyderabad","2026-02-12T11:10:25.355Z","198.19208584827882","45.49729505837716","11.617354903201225","4.597173385884929","38.80474367660208","94.09548490720782","25.813943719403788","35.1056936557447","18.638888154374598","242.4717516103402","27.318892354157203","88.0104327493346","1049.0423943845096","6865.827095107851","15751.744810464883","6341.655750380461","Natural"
"pol-314","Tripura","Agartala","2026-02-12T10:10:25.355Z","61.863521208883895","233.25330364844373","49.08826673957858","7.623261125398432","31.326809756640678","83.4543827615051","33.436788943608356","75.58233471902412","13.322157880587351","270.9537059513672","35.251944247980674","76.89839537349533","1453.801607831821","8713.521361690928","12226.739595308376","8368.874588897379","Natural"
"pol-315","Uttar Pradesh","Lucknow","2026-02-12T09:10:25.355Z","44.424629363922044","282.97669248416844","61.72283966428167","2.0419119332689153","31.904448300413158","31.84029936974857","31.998083028705974","73.00284646055744","10.72008976116492","342.6990048655491","34.60897488465665","84.03795740736723","1734.1037051678306","8996.763897180585","18041.314655409926","7239.124426673502","Natural"
"pol-316","Uttarakhand","Dehradun","2026-02-12T08:10:25.355Z","148.51595039792653","274.1754528665798","46.872841635733025","6.049217065657593","12.538411074225753","28.830610001745015","28.88181085029778","36.348708833568566","17.766833290296276","114.88770757356914","12.902505861785928","88.97632925962698","517.5470338538446","3086.564040002312","8543.95174742242","9860.93147730192","Natural"
"pol-317","West Bengal","Kolkata","2026-02-12T07:10:25.355Z","61.86595629690363","208.00228549212522","66.30021487020507","9.875248398670408","15.961337949844124","56.70619477773303","25.90205498763627","34.4940933610342","8.941395551078053","8.364690055264408","32.370189580798794","84.715923572529","552.484626579481","7132.931139530842","16013.981412099176","4105.594061449248","Natural"
"pol-318","Delhi","New Delhi","2026-02-12T06:10:25.355Z","167.68463991499144","63.66450897550825","43.289343001452714","2.356078661432127","35.583496005532595","71.48479514854776","18.241936921328637","48.98750094046847","15.260630076677643","174.94690558074512","19.332108843318444","78.98287251449048","255.0129664926448","6893.829105873863","8734.56805093206","6585.129449494542","Vehicular"
"pol-319","Andhra Pradesh","Visakhapatnam","2026-02-12T05:10:25.355Z","76.751423866378","195.10856800471683","29.69524514719719","3.8982028731188354","42.63495715462884","23.294874504978402","35.865845813766065","21.94934254412083","6.584820341534398","149.6331157609487","20.782381227977144","69.66630080487373","499.1273243773149","1477.8578687018207","17914.466862112913","5900.4066397813995","Industrial"
"pol-320","Arunachal Pradesh","Itanagar","2026-02-12T04:10:25.355Z","178.35053102552988","19.954153063420634","36.27122189326889","3.4691202376635766","12.395133934458435","25.715722461927793","18.873828044012114","31.679477411060418","16.2748921137193","336.3609169333622","11.289707480347456","86.96668901531093","611.0212336576088","2842.7627713144243","8548.28702839899","104.63013329346515","Agricultural"
"pol-321","Assam","Guwahati","2026-02-12T03:10:25.355Z","74.77352906400169","77.16243657656028","28.654532197576856","1.1999690282120434","17.03189416169947","0.12858249392226906","24.749387608651816","71.7252875133403","9.786429773244318","325.57259738430923","17.44749347460177","88.43920902846165","473.65890827491654","1436.3806846652483","8537.117292950838","4667.0898008071445","Industrial"
"pol-322","Bihar","Patna","2026-02-12T02:10:25.355Z","17.78344080257328","184.50677194559307","59.801130543599406","3.5707810778977365","24.975185941645762","72.14884067608659","25.199962556152073","46.156589302152184","1.4661337232619476","105.79096713321968","16.182606294844003","75.07520127024863","1704.4536438485948","4464.114771573415","1728.252153755301","7494.775299114953","Burning"
"pol-323","Chhattisgarh","Raipur","2026-02-12T01:10:25.355Z","27.987145169476424","147.54398793587842","24.92391607531043","5.988464021135714","33.7497987609722","47.34154146661148","26.316031675631443","52.57067486219577","8.016291947610657","168.80893603346072","9.20905177875819","78.78628533016787","387.3012818888313","4714.711711512324","10994.65301157861","8845.657183154459","Natural"
"pol-324","Goa","Panaji","2026-02-12T00:10:25.355Z","86.31287534148402","2.5827545354342285","6.3637589902228875","8.020404933658108","22.269713807325143","28.61564919859","24.60039724130647","45.22654395645455","21.96997944728469","315.2149769043163","19.697290130863728","68.18997935627684","306.68078340486215","3581.9565767223626","18893.098212918107","4461.279940250314","Industrial"
"pol-325","Gujarat","Ahmedabad","2026-02-11T23:10:25.355Z","168.34700109888567","33.75136487916297","68.0384417123209","3.5773511261762145","26.12377340312935","63.14257944636162","33.89240068152756","25.966207157031576","16.498221118584443","3.116362641466486","22.421935655839075","69.25605757608528","919.6457646102556","2127.727467268841","10587.437499642281","5703.175370644544","Industrial"
"pol-326","Haryana","Gurugram","2026-02-11T22:10:25.355Z","104.0913680718685","243.89445295523547","54.06345107152174","8.103768753722575","45.19184952367912","7.700222323418792","22.365086510023055","26.653658538724265","5.608140206234752","272.6245060314752","32.004360513940654","83.32804758179086","24.022160441612208","5222.848505235832","13993.541444689054","4377.860122380135","Vehicular"
"pol-327","Himachal Pradesh","Shimla","2026-02-11T21:10:25.355Z","131.21460637766495","118.32065497188665","9.59999442961803","6.155455504112643","34.92523292019274","84.57953643067914","38.85889911531517","28.868627226481102","20.150305757832562","333.1627708410787","11.037151052494647","81.32237686483411","1287.6484020874202","5511.779234289584","5866.288796969757","5177.65735071379","Burning"
"pol-328","Jharkhand","Ranchi","2026-02-11T20:10:25.355Z","20.396256018212043","160.92365045188305","52.17263429592221","5.8048814117625","14.165373597767816","90.79458958098007","34.60046400936545","46.0302545735387","7.532899423297751","166.48087385697613","15.358559573704259","85.13347752480843","1947.5833055313349","1342.985734476867","9626.5993465751","6333.462843972232","Natural"
"pol-329","Karnataka","Bengaluru","2026-02-11T19:10:25.355Z","76.68057100441827","158.65362627972743","8.155107083583308","3.6847999395519713","49.15735436494698","4.548256764652114","33.110861067077764","20.63249191406073","19.286344994942475","232.2148789889918","31.519295187333707","77.4415998569728","844.9494508060726","1755.0383832224713","7975.787495401949","3113.9348147947444","Industrial"
"pol-330","Kerala","Thiruvananthapuram","2026-02-11T18:10:25.355Z","190.40260643251025","87.09120626243144","50.08190417097452","5.396343226505877","18.336549680614393","16.789052882309385","20.77558305235518","38.62545767188834","9.43844779018295","301.8613056701183","24.370001517373247","80.89988827353947","741.6578666247377","1439.0116464398607","6548.246274737153","5426.912139724886","Industrial"
"pol-331","Madhya Pradesh","Bhopal","2026-02-11T17:10:25.355Z","124.07703271287541","245.12373536422888","1.171544106087854","1.934436527338822","47.64081365045869","43.20392208542664","32.956038585661936","37.67850012169397","2.4406150383902285","84.22559286350007","20.99509966625805","71.63683766647341","786.9657363869085","9903.73105531621","19923.9507114975","7307.05173885825","Natural"
"pol-332","Maharashtra","Mumbai","2026-02-11T16:10:25.355Z","53.388660159706646","204.02486288692293","21.612967116302002","4.0550746617426086","44.50805333358529","69.48394449118584","32.50857959719406","27.91962953626579","13.5038305514709","109.21230330982054","16.80807993905613","83.56686497020524","1247.8982052612323","9411.93230158228","6930.706729191225","3531.7934429109023","Burning"
"pol-333","Manipur","Imphal","2026-02-11T15:10:25.355Z","20.396773111092227","217.3339402891737","39.43139191044129","8.622630648392729","24.560488002285336","44.150341301343865","33.259015592358566","70.27491474774406","11.884840959540844","167.71471896461932","29.304028193544436","71.58358850154974","1030.53787163692","146.5742449049112","431.6842817433231","7592.414903186752","Industrial"
"pol-334","Meghalaya","Shillong","2026-02-11T14:10:25.355Z","175.04809063805266","175.569537842348","66.6781984785668","2.9105925319496775","37.99872497564876","88.77440210346728","19.877983733772528","24.047303439540286","5.845881305081116","148.2840695291417","25.43843351800958","78.48036946155668","1017.1711904047576","1311.238937482595","13330.175757818357","6731.730855423251","Industrial"
"pol-335","Mizoram","Aizawl","2026-02-11T13:10:25.355Z","92.01156842233506","251.06694909297244","22.694720340484544","0.4206531884056508","28.26412429293027","62.236416694510865","34.65193967793319","73.08503987527833","24.411388873959382","15.86177210974737","13.25591075664408","74.14548443443054","1507.3635111725494","4089.714397254215","13949.878250069603","9833.997106082106","Natural"
"pol-336","Nagaland","Kohima","2026-02-11T12:10:25.355Z","112.45218523082828","147.71144349591458","63.69341038898899","3.4636055536589385","32.136069789586905","7.702008252156533","39.4887826671993","26.412173252250874","4.384102447347294","48.27564594516403","15.429218726923146","71.97046254275314","775.1058335082593","8060.647788446462","18353.75904841179","9956.232175969015","Natural"
"pol-337","Odisha","Bhubaneswar","2026-02-11T11:10:25.355Z","163.8473723851439","3.586516664779138","55.74156079233612","6.073154867529515","31.154100280137058","60.31627257462934","31.30559509542319","21.817132182524674","10.949331337415186","118.72860229454831","19.98430522226189","89.54122421433138","469.2914905558965","3601.3340727127543","1534.3070450911277","4748.102752990127","Vehicular"
"pol-338","Punjab","Ludhiana","2026-02-11T10:10:25.355Z","176.11536742730112","60.380524281378186","54.38617095579713","1.9871707616682943","39.980323423991734","28.27043307677968","32.51666353742311","59.82310889786272","16.31306019275498","341.56008833122553","33.095485918719206","80.57491441067046","1487.0080602814926","9677.061783909592","3762.679051288631","2853.134941036396","Burning"
"pol-339","Rajasthan","Jaipur","2026-02-11T09:10:25.355Z","15.23588825277229","276.895947455233","32.21495189967343","1.4938064504277604","21.056816979397414","5.314586688328637","20.32714402701062","44.956647057159785","14.549593964431873","109.22528611967141","21.370438234033497","80.15870282880731","285.89984277467306","3619.7283377528256","11028.335450296201","2951.880419530858","Vehicular"
"pol-340","Sikkim","Gangtok","2026-02-11T08:10:25.355Z","19.267190330007764","3.64193344282977","58.865930654765684","3.091213823628245","36.289965150929774","14.539686331243463","33.733021136198545","56.01406937941193","6.572229898068088","33.5671621505304","23.103231759703668","87.97876591121883","1161.612761386827","9897.379373344109","4987.278351050235","1510.1851307198388","Natural"
"pol-341","Tamil Nadu","Chennai","2026-02-11T07:10:25.355Z","73.11830461353446","226.6106375963879","11.759841531571231","9.123831127358438","40.839003393907895","68.79777729753549","27.7536824205451","66.24703215471743","8.873842567608417","29.106624653662227","18.0511403894732","92.51500075900543","1209.8681966073211","4022.3518716408735","13869.089825148714","650.2756189740222","Agricultural"
"pol-342","Telangana","Hyderabad","2026-02-11T06:10:25.355Z","175.3788708291631","197.69166233485066","33.97779276540055","6.854400767162029","12.951266795872801","46.961821167281634","20.45684548651158","37.10418486835292","14.780514800772451","333.8487465791431","13.038993222897897","90.55302097760372","1332.6814027309845","6370.559481186947","16528.785020729316","9734.381416626577","Natural"
"pol-343","Tripura","Agartala","2026-02-11T05:10:25.355Z","15.93489959632468","32.53610837051395","62.41180209989297","2.804105152232185","46.70870045891226","18.136542677335655","15.976578658196223","54.490958268807844","12.04533269261022","139.10638132840862","27.03214298359428","91.41561104443848","1526.5582481871131","7390.962156755836","7287.79699192899","234.66418579959125","Natural"
"pol-344","Uttar Pradesh","Lucknow","2026-02-11T04:10:25.355Z","56.45792419238409","175.11865543735217","31.940687558058354","0.23138170650583656","0.39171916854204847","41.534215852641864","17.33504792939426","38.29418425990646","2.2523525991639595","172.8723436676971","29.941453875834885","70.56732506390142","284.4325101701359","7090.0670330657385","17573.41221119384","7173.22414593486","Vehicular"
"pol-345","Uttarakhand","Dehradun","2026-02-11T03:10:25.355Z","90.04130572385304","297.0290804460491","16.999714828947674","3.0532840969141906","47.008951271340585","53.84377384595105","30.423168915048805","36.21133302436857","11.033742778821079","318.0998302297375","28.269345507718405","76.44049852189362","964.0218781115626","6654.532562902513","6025.641245418329","8935.171648776315","Burning"
"pol-346","West Bengal","Kolkata","2026-02-11T02:10:25.355Z","66.49377977793387","11.776551492325583","65.99607340061786","8.510844636504508","18.933930288774274","44.588519028416066","35.8745491170305","29.20543236006585","5.336514550413455","279.8300478403534","32.13636604802593","73.29811012462132","1793.7394566745531","2817.6408576970002","9405.25049235956","6325.493446953062","Industrial"
"pol-347","Delhi","New Delhi","2026-02-11T01:10:25.355Z","21.603585178189853","242.2211613706023","40.9170299621732","2.476589059678428","4.977396808953294","29.44092236995156","21.471123522228403","64.06744422634827","16.973776417135188","336.54994037462194","28.941078296850385","84.30315917634655","1797.1365466642576","20.26350510583086","15397.122692995003","3923.721155767805","Natural"
"pol-348","Andhra Pradesh","Visakhapatnam","2026-02-11T00:10:25.355Z","21.823528615913325","152.00308431670226","6.29172018321241","7.690739279926632","21.260963278241874","79.42357204703416","29.06502301772772","50.549558660180224","22.276058908287172","243.48213352114252","16.032792825850294","70.89143423597983","468.227301972705","303.2337440470212","18827.36889037568","441.2482583477506","Industrial"
"pol-349","Arunachal Pradesh","Itanagar","2026-02-10T23:10:25.355Z","119.07592433976629","94.19040052062921","75.30713226560357","9.28254671872051","46.632694870284865","87.22027697815588","33.03106990037445","21.456288964005417","22.86127018132862","311.76585521977364","27.87593760059014","87.04854875621712","1713.919652467966","4322.216388192148","3126.090567075108","3689.8111314774296","Burning"
"pol-350","Assam","Guwahati","2026-02-10T22:10:25.355Z","9.461549328218721","244.39825024793376","22.73219568788628","1.4704039763442345","48.78428939557507","74.87631014394074","26.81262882428975","53.982286347452316","3.43101349340017","70.72564092245742","16.249391562709924","90.05435637589889","1048.7782806879786","704.0031899398414","19567.996698219158","8277.587804394358","Industrial"
"pol-351","Bihar","Patna","2026-02-10T21:10:25.355Z","158.1718917770587","53.76818327228817","38.591613478823696","9.156619408939884","32.29027126551235","81.94848179574632","23.03982208922413","47.38974449907187","1.5980841790185885","265.3676263938463","18.372822593698253","71.26219040991604","790.4180571458586","5625.964907370379","8278.329976770214","452.7720000783608","Agricultural"
"pol-352","Chhattisgarh","Raipur","2026-02-10T20:10:25.355Z","124.95969343090097","26.157142625434858","50.34256137077084","0.3961294860651299","1.5878997061082145","32.17824304467928","37.72023927432673","21.09972154330034","20.316148689047598","132.2425071948197","11.87615181717743","86.38050376835668","1063.2159572024677","2065.9847880147054","15006.85470462682","9222.918296112883","Natural"
"pol-353","Goa","Panaji","2026-02-10T19:10:25.355Z","12.541644827900168","237.2971040161582","31.687486284293563","5.214169437748679","39.55922332772291","96.87405577566116","18.34385158743494","70.39006674214495","20.46073788363296","261.5533482132054","19.104502207914805","75.8221407619596","1292.6928457866056","6014.818967436333","15091.189698175218","3405.8038145259175","Natural"
"pol-354","Gujarat","Ahmedabad","2026-02-10T18:10:25.355Z","173.3198985083781","168.35412754122072","33.33343651964658","9.610355044662636","45.24720804023717","0.5282066497242943","33.27226592479178","39.9195934796428","19.004559042952145","23.470416675281037","34.84940080420458","86.8990767952307","615.2764542724171","1479.4180186189642","10037.316171358401","2764.670941031627","Industrial"
"pol-355","Haryana","Gurugram","2026-02-10T17:10:25.355Z","103.61441588585913","247.51300738113576","64.82691282687426","2.184169609938076","3.6510360829712374","18.147311580042004","18.724395950037227","78.95194062821736","17.631948377197634","31.924998382854337","30.412362272954063","80.48986737054973","418.60329880546976","4078.7605253792235","4569.5806239318545","2582.8004627700684","Vehicular"
"pol-356","Himachal Pradesh","Shimla","2026-02-10T16:10:25.355Z","194.0124721571897","261.8628844962323","52.88092367020419","0.7872056384087234","23.603237092353837","57.79976615060155","27.150365419942517","48.053246158041674","11.492724593776327","238.3416999965039","13.030321623700228","88.20409667162872","29.21179248611172","6808.657080476901","4121.45963119142","408.49270297046326","Vehicular"
"pol-357","Jharkhand","Ranchi","2026-02-10T15:10:25.355Z","52.21767800109387","120.39516380276015","20.321971061960696","2.6052368876360266","23.400536699627832","59.9646648325319","34.64548667483801","32.369618112884204","9.751006684338618","133.84300501805455","13.523189341825066","88.4798179950421","1426.6996501491794","4959.94706715373","12007.780546854565","4462.708446823599","Natural"
"pol-358","Karnataka","Bengaluru","2026-02-10T14:10:25.355Z","190.38107041191853","114.3131028003393","39.60643951286504","4.137693288439863","1.4859890709877588","74.08895162235076","16.77167046134059","68.03688136879512","5.7919517330182915","317.7062720433293","8.529303516041473","76.62863717824172","405.1541987848997","8065.276243869054","16390.34698656777","3797.2919578461383","Vehicular"
"pol-359","Kerala","Thiruvananthapuram","2026-02-10T13:10:25.355Z","174.24375665481978","50.275109856860766","68.73489081463651","1.6414016434348522","0.2908726342760237","97.6145253306794","30.607866763913023","56.996823839015455","22.922670415648657","59.62760481397892","34.334372319463256","80.22184884143692","793.0159951794516","9682.387036814014","4502.262261092928","6543.501495560074","Burning"
"pol-360","Madhya Pradesh","Bhopal","2026-02-10T12:10:25.355Z","81.21503736360862","228.26962329403514","9.50454453353041","8.580276364384996","36.71063766172922","17.15615151377491","26.933768465266375","22.552713558976812","4.790696872909411","140.52785109962315","17.18082566116145","79.69638872201445","1837.0893664943692","9930.653175733545","11016.773004669383","2212.686621876755","Agricultural"
"pol-361","Maharashtra","Mumbai","2026-02-10T11:10:25.355Z","151.39576101898768","163.75934187813579","26.330295141853632","0.5658702274451222","20.68649342557546","69.21091704863981","27.93999834014633","47.68701101039071","4.680072495287943","182.82909613158853","16.528011070876836","85.35613531847224","1319.9768729837283","5880.18074010173","7787.908221508451","1897.2144436784445","Burning"
"pol-362","Manipur","Imphal","2026-02-10T10:10:25.355Z","50.281810087986486","14.547855113754283","50.09202078894485","6.649433272114116","0.881790868019694","99.72542919680181","21.26291649017523","57.62250624810342","12.319846803989048","226.59113927729416","34.11607961716936","82.48042138920448","997.9910759828812","7502.255646531308","16402.990651163946","2278.342430560961","Natural"
"pol-363","Meghalaya","Shillong","2026-02-10T09:10:25.355Z","134.12419097527436","247.397418854911","40.88156091559446","0.21072902920405312","40.908791517826685","73.948931030533","19.219749503125836","37.97913862999918","1.9709082633931951","269.63560149356323","35.44373855336133","87.73265682365016","1747.6139209021335","9729.34497724259","241.71134137455752","7399.24573998044","Burning"
"pol-364","Mizoram","Aizawl","2026-02-10T08:10:25.355Z","45.40389895971357","14.506130618689571","13.87933040604441","7.104206988129169","15.427297504304038","49.27020506098798","19.895083524174197","49.78967940755206","12.188013825455545","44.43866292153682","24.37364220799745","84.46220596302473","474.2553586488154","6374.527301275696","7495.017735480549","4189.687452702267","Natural"
"pol-365","Nagaland","Kohima","2026-02-10T07:10:25.355Z","162.97789537628427","206.21844402588502","69.78234291318469","2.4234961774650507","34.49420439709489","64.65195059127808","26.93447084268705","76.64190574376437","11.273211194484908","357.30352093055603","10.53850973536553","82.48024930663969","1149.9112044656176","7265.936485066182","5333.018252370045","1036.8185500904526","Burning"
"pol-366","Odisha","Bhubaneswar","2026-02-10T06:10:25.355Z","163.34567934285883","18.123000658632606","6.946995597218679","6.328715813577962","25.50594241269813","6.062934503676686","21.564820645322612","54.50160654446915","21.698926647767312","213.7816921383738","34.766632716999325","72.7371344907922","1987.9311903641847","6922.937788619449","3769.480003601142","2522.7674815742675","Burning"
"pol-367","Punjab","Ludhiana","2026-02-10T05:10:25.355Z","89.44975981252922","236.0544767053505","77.44898650706033","0.8008329289939464","31.977185442603854","52.629992762102","27.305975842927495","59.772426383485175","2.3638516252617787","47.25823174857474","32.89119613213868","86.78119741657922","1146.9013186309573","4299.094222164957","14835.28879582324","3028.4368907070525","Natural"
"pol-368","Rajasthan","Jaipur","2026-02-10T04:10:25.355Z","154.9633769638929","53.16206408746722","7.00429854472044","3.4429211407217286","34.15103897278033","79.49499511345391","18.187373731676033","56.91324448816819","5.084456768657927","2.6070422134646565","21.333072006421855","92.43429583312746","729.6056992579403","3581.8934278343627","6968.596847876085","6369.784564847026","Industrial"
"pol-369","Sikkim","Gangtok","2026-02-10T03:10:25.355Z","83.90043454903038","82.231425742292","71.28529837226475","7.877995987454503","40.15331212671251","56.74792590493172","19.89453267877426","69.21031629089183","12.227402378649902","140.31310593089788","33.89157561579272","78.69675409095076","1734.634962723395","4740.160681416804","17250.937852093102","2768.2471466167135","Agricultural"
"pol-370","Tamil Nadu","Chennai","2026-02-10T02:10:25.355Z","169.1322107870206","180.04071897979566","57.278728712846515","5.268808236468091","8.005337239454452","62.15430595956162","28.395614112957624","20.325124525903952","22.097958743014523","113.0020799357852","22.14317949457749","70.70460810575304","1491.678799923885","3311.9831172396753","7122.787960623389","5708.474799748874","Burning"
"pol-371","Telangana","Hyderabad","2026-02-10T01:10:25.355Z","153.3661916090091","57.76938137417626","57.215487715724066","3.7141875470762176","40.112668890111145","54.03803753204597","38.813913689454154","35.59353086090017","6.7969503471561525","253.00955053284446","8.04676783331293","71.00922785383875","408.1669285867084","3599.4103214887928","16595.586940159854","4179.09378368627","Vehicular"
"pol-372","Tripura","Agartala","2026-02-10T00:10:25.355Z","152.39486895836575","90.30357895553011","55.79907631232252","1.1615869763916509","17.827815187861358","31.607016391416575","25.26066557677443","26.684482587585876","15.666096878337102","84.4435692811167","23.579068081198336","85.42291319000574","1803.2221224521168","4617.3599260974615","1768.430389692195","6943.8458242127335","Burning"
"pol-373","Uttar Pradesh","Lucknow","2026-02-09T23:10:25.355Z","144.31520134439478","110.97185488459775","53.48710038469244","8.704424603475143","48.9556414775609","33.706733233556804","39.44234686797003","36.83605748483164","3.2935667279619967","214.87340551122273","30.839989305904847","69.75712167930148","1489.8055852590996","2501.6849640964365","9716.153190408762","1759.7091979782176","Industrial"
"pol-374","Uttarakhand","Dehradun","2026-02-09T22:10:25.355Z","61.20295612336395","157.0478280115876","66.10885993114022","1.9561328155966218","22.570717452596934","44.3159185308774","36.96439753499836","68.15373042211982","13.21685437637081","14.360625072680605","21.524324260399688","83.81900328757355","849.4366310277976","8658.973027734633","1053.6808710361024","5637.501644161709","Burning"
"pol-375","West Bengal","Kolkata","2026-02-09T21:10:25.355Z","105.93143945056838","28.398978235034235","48.24473268501973","1.6265827766255558","49.68768020803731","16.539724406020227","37.92200523200802","48.53001068956917","20.564537446748474","182.36777780967103","22.817532018685664","85.87009462885449","1287.0928018934223","3888.5300825840472","15473.713798131044","3465.4486455219158","Industrial"
"pol-376","Delhi","New Delhi","2026-02-09T20:10:25.355Z","7.249608388114903","24.748336434555707","36.17424399000545","3.7145912252770907","29.880615001533812","76.03956131556347","23.16080093387077","20.236321854226404","0.479124958330307","38.51914339781437","19.32598160712965","88.92447066289282","1111.933499035504","7187.2401235055195","3809.4211454080205","329.36878403992955","Natural"
"pol-377","Andhra Pradesh","Visakhapatnam","2026-02-09T19:10:25.355Z","161.8876735166914","68.15188027723906","45.250092957167794","8.927036608262043","24.692815106916022","84.40625397188973","31.82415496635738","28.027197530783354","5.60675184889228","85.04479833292747","27.501572304399673","85.8618850532371","1722.9236141511917","3239.715312100386","2907.099120316663","732.7052973491587","Industrial"
"pol-378","Arunachal Pradesh","Itanagar","2026-02-09T18:10:25.355Z","14.651531606223255","143.25523722410634","36.06061863356526","4.033122724671419","41.72875808328497","25.480397355873585","17.924020342609865","67.48229399208321","0.6784993479322099","355.38330667632044","24.151415507560138","91.94604593552171","23.871810682189356","5682.342594324012","18502.67498418238","535.1903191562391","Vehicular"
"pol-379","Assam","Guwahati","2026-02-09T17:10:25.355Z","115.5070029443102","26.55291315480186","51.94126886935054","3.0307063554936455","43.58259904503999","50.050545420637796","30.20559901906808","23.542329516443615","1.1669923438193563","198.88565081229788","30.03528436713772","74.79301444087825","1412.1266083983537","7532.813948742131","5992.575284401076","8036.93083187101","Burning"
"pol-380","Bihar","Patna","2026-02-09T16:10:25.355Z","58.15736463947157","209.63111663736694","11.649869863429947","0.44109601953162936","10.680196812293307","33.47296577790034","38.09575801495768","64.57683751942935","14.115350656118517","187.54101103436753","28.22998665383288","72.73365272381994","713.4002709504597","5363.449278918147","15931.263844889434","5086.667838601548","Natural"
"pol-381","Chhattisgarh","Raipur","2026-02-09T15:10:25.355Z","61.45358531297875","110.42752292651646","61.011960978402456","5.224749891831419","30.136848420893998","88.31710845638997","17.4888632197882","69.95760020880263","12.738397050882966","135.94672512800054","23.736960161129666","86.47825478117312","1085.9623813676455","8489.422846849873","19260.658398940883","803.4145535890647","Agricultural"
"pol-382","Goa","Panaji","2026-02-09T14:10:25.355Z","81.49028118222141","45.65353525198535","57.336663946605945","0.09404717969046628","33.168111070347855","20.07945235724289","28.967857693679655","47.8640914560158","16.839686951639855","58.31770239093365","15.943314905919767","72.18027068665002","25.361803412318416","8003.527007718108","5732.163188409602","1040.2969555109075","Vehicular"
"pol-383","Gujarat","Ahmedabad","2026-02-09T13:10:25.355Z","155.79417327706435","48.614841345135126","30.371980774378684","9.29545973075288","23.974855010785223","22.988454366014622","18.458134895519628","36.50434496281662","6.344428179993692","251.24143617739816","33.64327918527975","81.31169671037101","219.68327729190818","6373.483172669427","5946.106361708104","5505.5703409206835","Vehicular"
"pol-384","Haryana","Gurugram","2026-02-09T12:10:25.355Z","22.220649939752967","259.42743965635555","4.501194414948815","7.438671083207556","0.306270634108724","24.75922129764877","26.610445695865717","24.59111703284577","4.082289836865871","92.32231742801889","20.468008434038772","92.4594218508969","1001.6164996955268","529.3923235717524","15020.312527696411","23.564333737492447","Agricultural"
"pol-385","Himachal Pradesh","Shimla","2026-02-09T11:10:25.355Z","8.619825265595038","85.37880620902006","13.492704832257827","9.121661218559515","7.839086027111692","0.691357096017664","31.935421031022663","20.715656428209222","18.289824090744915","150.74720402801","18.493403977329123","84.45538870602073","847.8898623021464","6566.73959695794","15874.975925594252","2489.2095656534375","Natural"
"pol-386","Jharkhand","Ranchi","2026-02-09T10:10:25.355Z","82.88315386344591","152.62052186211884","77.01187244802392","5.4403078232680135","32.971506302894774","2.8158762221370592","37.863756109621846","27.68449175332566","20.05962628461781","270.10700194856815","14.419608375024106","86.07102474614175","1386.582213101901","8164.349386688846","695.1450427164252","3709.904155309847","Burning"
"pol-387","Karnataka","Bengaluru","2026-02-09T09:10:25.355Z","81.68575816166117","211.49872273875374","42.489874211034106","5.13642929496132","21.766748747560587","66.94139538906676","39.83688579259308","52.33789718817136","9.410929950137078","120.2268864571441","23.380947066420354","89.21507874003673","113.48849683133078","5483.003141644485","11587.059705579026","4763.89461194369","Vehicular"
"pol-388","Kerala","Thiruvananthapuram","2026-02-09T08:10:25.355Z","149.4260702250931","92.74689926571355","5.910697091741177","5.423413948484248","40.51964202528071","76.0145372714302","33.77098170627973","21.211678243026682","17.46382844431384","203.44562368666894","24.796252830297135","85.98227751311066","500.5113766599112","8782.1378156388","11538.15756488483","3416.3637618208754","Natural"
"pol-389","Madhya Pradesh","Bhopal","2026-02-09T07:10:25.355Z","152.5661394312205","15.408107897720713","74.36349978242477","3.7283724606422863","10.677739857067293","65.1609443088716","16.111184659695404","44.77085870725539","5.335490305725396","201.97140075424184","18.628503046151785","89.25535886664653","1135.010533228848","4601.6410078143035","13791.651837718202","4843.69068778579","Natural"
"pol-390","Maharashtra","Mumbai","2026-02-09T06:10:25.355Z","14.979169805800918","105.85148585569775","62.637543803059984","1.1701700843665641","7.036315072900706","72.23526335517336","22.565369963623915","72.58620358643293","16.627601259391284","207.5721368409276","11.012507825055959","87.57425566965367","335.55328642764846","2207.3830385205497","10450.738592403548","9122.52588297865","Vehicular"
"pol-391","Manipur","Imphal","2026-02-09T05:10:25.355Z","153.9997175593646","250.0045260097732","52.4691453786912","5.131270516563873","19.92288258447245","97.1544842203312","26.017014196550473","61.87082170788512","13.84375109259038","210.58315347102592","17.28143386466074","88.13982570602698","40.162425214102406","4728.644797055971","8824.773044665488","8621.130124875452","Vehicular"
"pol-392","Meghalaya","Shillong","2026-02-09T04:10:25.355Z","109.81578760315385","176.48452593639365","11.720237036934833","7.439578322159337","23.199336193850563","86.3683955644489","35.65704246587103","42.52057854131804","18.50615533700002","315.3090123066488","35.17865124757613","80.67044425500119","1419.4583488232445","8447.535728673669","11795.574837276217","64.89485006482387","Agricultural"
"pol-393","Mizoram","Aizawl","2026-02-09T03:10:25.355Z","5.276533901132985","124.23165116211668","5.202935731700142","8.782435383415267","45.986319409414556","44.63519266036366","37.13847711771625","47.88744581376601","8.151651158532026","193.536091142964","16.85225896591223","81.92933799383995","1211.050239797273","5245.013861624951","8504.792427759248","3427.2120189099164","Natural"
"pol-394","Nagaland","Kohima","2026-02-09T02:10:25.355Z","190.96292125558386","160.1567754287533","46.89035421473096","9.971446887916077","47.43227030536972","53.498643828635004","28.310998236964142","61.41365179828157","2.2946385511134233","229.12057107217345","34.36846074248195","71.80183323892004","258.52521055824343","4328.21127285373","10185.892989864937","2393.244325963745","Vehicular"
"pol-395","Odisha","Bhubaneswar","2026-02-09T01:10:25.355Z","104.1133897525171","57.249992958789974","20.413275146300442","7.8220978764365885","43.75411331140496","88.76582330357923","22.447301611136353","67.8507900167414","18.532705980774388","44.309698330740865","34.922247871194635","83.36342766398876","80.861720210619","8235.411186836733","18196.92164359851","2519.3022462285553","Agricultural"
"pol-396","Punjab","Ludhiana","2026-02-09T00:10:25.355Z","185.6949846284218","183.73222643823615","78.90230615119604","2.129665805567531","34.23814456357992","84.35322804806017","18.02133043026203","75.67705919624531","4.0645980624988445","213.38922751498933","34.08747523675133","84.65044033023727","276.25994163118526","7823.796791812556","2107.1804498360857","8186.059570525075","Vehicular"
"pol-397","Rajasthan","Jaipur","2026-02-08T23:10:25.355Z","141.04224926294836","107.5553475137323","78.77812753318923","6.742465401843871","0.7045642726935364","84.70378398614824","20.56961677023881","76.4598617981645","11.559551214918645","168.63275834913318","13.158437178212953","77.19240714828757","690.2490505092644","6544.128458140684","6505.942457649725","6741.932634460362","Burning"
"pol-398","Sikkim","Gangtok","2026-02-08T22:10:25.355Z","49.10137286147496","255.82489528758987","36.04071705136554","0.41706316930808174","48.39225185970461","43.84126052693138","35.68800961445077","41.12316137334992","11.122893689093349","34.62873456369235","29.631854994862636","74.45188476117755","224.23621946574013","1993.474327213083","6944.754750579496","6349.205321348993","Vehicular"
"pol-399","Tamil Nadu","Chennai","2026-02-08T21:10:25.355Z","183.3066148353957","133.15944545947883","76.96505981340069","5.849243322681813","28.722166722493654","57.678229620316","38.59884329284345","39.56214071532433","1.686537737838409","71.22799303262713","17.73266996088371","72.12310841791256","1081.3641048203854","9301.76683667987","13580.273595938828","1597.3335256992093","Agricultural"
"pol-400","Telangana","Hyderabad","2026-02-08T20:10:25.355Z","40.6034757732076","289.56554885235846","44.03514065929972","3.6051869932701743","2.409024469298676","50.01919642061432","20.779139348088705","42.358083954088684","5.277601425233574","168.24063023069905","8.338360651882002","76.00663689180324","979.5072577412625","603.4030204099549","5365.0848303514385","5054.36735312454","Burning"
"pol-401","Tripura","Agartala","2026-02-08T19:10:25.355Z","113.37809286509422","215.26584880904076","11.34156550998199","9.558839441031544","20.07901885416879","82.85748278796595","31.48880067222706","65.61135996348027","12.222869355262494","286.64007619131934","26.714218565805005","87.71265486382694","1409.949442574216","3606.463136174567","6184.764656359099","9750.026565555894","Industrial"
"pol-402","Uttar Pradesh","Lucknow","2026-02-08T18:10:25.355Z","1.3978626092060908","124.80238955583005","61.89167606293063","3.2197379746664945","13.867335129652714","55.588467059237715","16.81195901188114","38.54272762826627","5.531844545018477","186.51212002347134","21.026343557182017","91.95711680744236","658.5972513581227","5482.010010674749","14444.183046883172","9244.374931509557","Natural"
"pol-403","Uttarakhand","Dehradun","2026-02-08T17:10:25.355Z","168.68645126349017","69.5696709101497","4.848030663437557","3.817182264254513","48.68195254852875","39.79190809949028","27.479730942068343","29.732605240949503","24.98764500329777","351.88723435232487","33.337890768814525","69.88675421016835","556.1528313289608","2319.55293327037","9102.417234690978","1088.142233370607","Industrial"
"pol-404","West Bengal","Kolkata","2026-02-08T16:10:25.355Z","40.83708009260465","128.12112706423738","16.541481171764943","6.551936120374243","8.681185400008534","25.219898168669207","26.39913040817779","47.83233873279977","24.816975199881682","36.50149293249646","12.386280288465166","88.95023028557384","1663.6865432739176","4239.700380005233","2223.0518341251604","1139.2962036066613","Burning"
"pol-405","Delhi","New Delhi","2026-02-08T15:10:25.355Z","145.4832637587637","128.04987376601585","39.018408945836676","4.629851092781525","1.4699046994537723","23.916617954428876","28.710786350457923","29.8634152759159","3.635151548751317","227.96208253810417","33.47701972806236","90.12372174508393","1782.2382026525195","8205.198866903113","18705.480122036905","8491.336870933546","Natural"
"pol-406","Andhra Pradesh","Visakhapatnam","2026-02-08T14:10:25.355Z","85.24351772916134","136.80459403405993","52.94345269601293","7.221054490256109","42.3340634778047","93.42921689210316","37.64539991730784","49.19213096296118","9.880599897087409","88.64200127990432","22.474195812818454","92.16035133002346","1120.139586215718","2059.190735400711","18608.47643078939","9550.51937434682","Industrial"
"pol-407","Arunachal Pradesh","Itanagar","2026-02-08T13:10:25.355Z","22.061348595684095","293.5460254398822","59.484997983836394","9.363683852978683","6.371312967940063","7.127843722860094","28.305958587927616","78.76450072489503","5.615604378052772","248.9433103753852","9.098382262285563","81.03479503924014","618.9214776168286","1194.019785878243","7725.774510350018","8152.8117710997985","Burning"
"pol-408","Assam","Guwahati","2026-02-08T12:10:25.355Z","80.31359513510345","87.3053655873989","60.28823009769451","1.8572733231132899","2.1564149455081507","92.79183792190555","28.0036416275396","38.96306387944239","2.9671373033718695","7.251439210466737","12.547992178797617","81.9263636131402","61.57213177919996","3585.9029621808604","16231.817116744116","2608.628946771394","Vehicular"
"pol-409","Bihar","Patna","2026-02-08T11:10:25.355Z","93.54389503021055","25.856902281472426","15.860664116438636","9.530608261493652","23.1319146888931","28.939047798851536","34.07237577876141","26.264462675890716","7.391297866822474","30.1575975237239","30.55170813998945","90.58582231734974","1408.0150901516058","6144.912911607964","8813.996377745183","4655.2769626120835","Natural"
"pol-410","Chhattisgarh","Raipur","2026-02-08T10:10:25.355Z","37.29112553607974","264.0351182760655","25.78320150526671","0.018507920739473382","22.223760090193828","93.58078824595644","20.15871433503327","62.529405372793605","17.694163933185735","329.0657420115301","16.95641246676584","83.21304471999484","1867.7252259339475","398.2801324236662","4997.686998389554","612.3073720496641","Industrial"
"pol-411","Goa","Panaji","2026-02-08T09:10:25.355Z","77.96971443936802","48.56833369174777","28.996559148553143","4.559267435116736","28.36977583766936","49.41253001056363","23.55802634241607","53.96335309534863","22.085992862523067","148.76643098616913","14.944402728321762","90.86592054696436","1877.0369921579672","6445.367490500677","5903.603054330993","2307.955643504296","Burning"
"pol-412","Gujarat","Ahmedabad","2026-02-08T08:10:25.355Z","43.848164147800574","268.7461847596094","8.93105087334546","2.7112734979955286","43.419115745032556","38.58119593370509","19.39606517486658","32.70726569948043","21.86947377352025","293.7718003847311","31.846223556371946","88.52602251929814","1914.2239067177109","6513.510252887772","1718.0160967187685","4948.948251869008","Burning"
"pol-413","Haryana","Gurugram","2026-02-08T07:10:25.355Z","5.2286508736074655","134.446734767859","62.27627553969783","2.294859393679917","1.2907509308799359","69.97711837613119","37.92915887489982","35.845075595851355","14.239088527416419","344.5155277855982","13.337309137249726","92.92497066708886","904.4850741747097","3256.5025925066993","7362.061717020527","6990.288011498037","Burning"
"pol-414","Himachal Pradesh","Shimla","2026-02-08T06:10:25.355Z","29.49614908991196","221.2865969006723","1.5289538296600735","4.98750064809864","10.771574193389172","35.867740115193605","16.814327209933317","35.54332692813345","20.15326141086536","13.411452479561547","26.698836812059447","86.2422183817146","369.7631661609837","3458.725046306156","18605.831200820765","4778.051540862989","Natural"
"pol-415","Jharkhand","Ranchi","2026-02-08T05:10:25.355Z","8.627788197456333","90.43680604824343","69.27447811865784","1.6132243375115396","43.23178303078212","92.24479236163165","25.253783770458355","26.016733770871525","2.507857710880118","63.17049169557906","24.878820558346153","81.39154405428864","1918.4630059210983","597.6216594655814","4704.398396896974","6767.629982143854","Industrial"
"pol-416","Karnataka","Bengaluru","2026-02-08T04:10:25.355Z","179.60039984113325","147.6358434611952","75.18844274890748","7.477891234740363","48.82254793448734","10.892809867571563","16.004511383355613","38.80375544655951","1.6944012208767956","224.56592733493216","28.164327491511745","74.85672840544356","571.1826955022368","9729.609630702893","19806.33456790302","2581.7630318908614","Agricultural"
"pol-417","Kerala","Thiruvananthapuram","2026-02-08T03:10:25.355Z","190.65358397836968","64.86863952526434","23.854898550081476","8.876816417394371","31.87821349561449","31.376679990517143","32.24588608183838","33.095710919260675","16.69954113047406","28.51662947917019","29.6413581732702","83.8561523840448","212.27995744425309","6678.351140047237","19289.093826338263","2856.212876238582","Agricultural"
"pol-418","Madhya Pradesh","Bhopal","2026-02-08T02:10:25.355Z","87.34191039628037","198.90165342963698","11.285888340607313","9.83796897590397","1.6868931915556495","24.61098219644583","22.073693625508913","43.58410631037431","15.464623206334116","64.20479022674951","32.52339321007115","88.70703212147102","276.5696499950967","985.4718970432364","17294.261227438074","2420.3175390316865","Agricultural"
"pol-419","Maharashtra","Mumbai","2026-02-08T01:10:25.355Z","77.60477820721343","83.39775095259986","73.1951145112098","2.9712983357904976","41.14351382172924","11.513380144196805","30.425920694825745","58.470264638428674","7.7298640152444085","77.81764626970144","21.566940663416045","76.57501586078497","813.7093515793483","8782.934912040799","19333.609331229596","1251.959835401687","Agricultural"
"pol-420","Manipur","Imphal","2026-02-08T00:10:25.355Z","69.61152393596164","179.72425403513412","41.54947209428733","7.091439133574075","26.042032864600717","56.575360831543044","24.364791508170715","39.00540238801402","3.7560035753783723","84.77228192791497","22.65746626790436","74.37602243604584","1114.6842666960893","1757.3784322107588","7429.675470832839","9570.794677313772","Industrial"
"pol-421","Meghalaya","Shillong","2026-02-07T23:10:25.355Z","184.17721090400894","177.73374683553487","62.23081688283984","8.566062348938377","44.18807080608725","64.37550367163546","15.450840351339538","23.278337200503177","11.021591449496682","152.5152046335437","30.83891009915627","72.21123000767835","151.26924677111097","3346.47726889211","18974.791621659362","1715.4414511127648","Vehicular"
"pol-422","Mizoram","Aizawl","2026-02-07T22:10:25.355Z","131.85639737966642","127.3364213321657","51.735822025837415","1.3644303106247868","47.66349174912814","2.5115188755431728","29.101190350348332","38.0274314147573","12.808295029343888","213.11560879648582","31.713391956641413","69.9033083041439","339.94801361849227","4243.253340875381","261.923654581282","4383.659518731094","Vehicular"
"pol-423","Nagaland","Kohima","2026-02-07T21:10:25.355Z","66.48826046932153","150.17964324842953","67.16263128915091","8.74305550391094","25.208899568933724","43.89714222039325","32.986625756618245","23.134258317843795","3.1414295200290683","10.862177542600877","8.572834902311735","68.50215553929576","633.8114377244959","6714.888065285572","6898.691677836215","5480.672867111306","Burning"
"pol-424","Odisha","Bhubaneswar","2026-02-07T20:10:25.355Z","27.265356169948628","127.02318642488612","75.24545763540254","7.268523767994191","45.03644768081998","10.3400922378177","17.80577496472377","62.01835004342374","0.5994650698226411","132.34783118182034","22.012439114464193","74.34079784064352","1723.704781508562","5435.966022571565","11978.232958760544","4655.820881148551","Natural"
"pol-425","Punjab","Ludhiana","2026-02-07T19:10:25.355Z","33.39008774094068","113.5911337815474","29.233661549667886","8.32788374518274","9.342281699358896","25.472067045110926","17.851786543296654","66.5468837363974","0.21047937670252703","77.81719271130476","11.987351700745549","89.36687053681564","563.9821086900039","8315.090054701699","18492.317497945332","6110.481647342342","Natural"
"pol-426","Rajasthan","Jaipur","2026-02-07T18:10:25.355Z","65.29691798933234","110.97939589729151","34.19029600196601","1.019575122427615","8.44757867606522","85.13434867853127","17.983069158950915","68.71448295358185","5.933354666025978","192.37819546995303","15.975194550732354","74.57718324929934","1331.7143471443192","6846.560504083549","15047.106186474086","9899.74150481117","Natural"
"pol-427","Sikkim","Gangtok","2026-02-07T17:10:25.355Z","71.18739517854581","84.83429731914312","25.291627473968134","1.103930521206099","30.514844113413353","31.717745183953816","21.086656582579522","54.54834793560024","19.882635498414896","343.1319838539276","10.150316770359591","74.2927087330017","1709.7520363104334","7959.21060445455","5803.554938200553","5119.6737050407655","Burning"
"pol-428","Tamil Nadu","Chennai","2026-02-07T16:10:25.355Z","54.660619514132456","59.85664988573737","6.986983092640369","5.09773448049318","33.43238681476027","55.3796814466453","35.608775566487324","45.82779568308854","10.188976985700329","356.7668028184822","24.875751954681384","80.9894303212268","1738.698978139015","6706.356192660295","5227.049754355706","2203.350520310052","Natural"
"pol-429","Telangana","Hyderabad","2026-02-07T15:10:25.355Z","69.94165377019965","48.41780907883714","63.15014683962935","4.177226657820626","19.370050671441604","1.3769035512233518","30.550991821531113","20.304408362958707","6.734198667579331","281.8127712503077","13.923397417343333","89.87294105630687","1025.156355833474","5441.720597751354","4773.27522834398","9064.033414472131","Natural"
"pol-430","Tripura","Agartala","2026-02-07T14:10:25.355Z","144.21791660133172","121.34169840317186","38.996230888784595","5.608918022338197","43.93825051477218","95.88956375842713","24.568366789152734","76.41126627817903","2.067993472537916","254.71229001672936","33.75403320169116","85.58222301008895","1946.0401977589345","5757.807128381161","12276.928450179645","4807.62429850117","Natural"
"pol-431","Uttar Pradesh","Lucknow","2026-02-07T13:10:25.355Z","192.6341566215919","271.8388829200898","41.07315710837745","0.9812362228741855","11.778018824559112","97.79379475895142","32.77478780349852","78.68155486367536","7.252970222524222","261.7787039356642","22.99839884518476","74.39140847310306","943.5674554649032","9674.970212933753","4680.569665724445","4110.274067287588","Burning"
"pol-432","Uttarakhand","Dehradun","2026-02-07T12:10:25.355Z","195.54211425196496","183.8064318013483","52.66749404412421","2.937462028546064","40.34443412975116","72.90716054133122","28.37477074790762","55.47107136144785","18.533362244972537","5.2176846490761974","10.329328700298364","69.90221899723993","1171.4388357910855","2575.9294647415","3591.3217245318265","2993.371930586494","Industrial"
"pol-433","West Bengal","Kolkata","2026-02-07T11:10:25.355Z","15.071002281377211","101.87594880514493","49.061148511018715","0.872533297988316","33.820663288704765","78.16804287892508","29.54127038575816","55.83509939447401","5.100379322728451","310.532266989915","16.730494570108277","83.74479269286584","1621.811269025747","7314.9032293373075","6892.386922063565","5328.099667971561","Natural"
"pol-434","Delhi","New Delhi","2026-02-07T10:10:25.355Z","147.14160849239244","81.44002257785797","28.443859302848526","6.426372169743696","2.6463591491458773","66.07351004395764","22.194800996890653","58.42725230643305","0.9638616878432454","182.49479307785498","13.173406112738302","82.37290332146944","1177.868877431595","5983.490468228908","18959.801348156037","3371.0348639985123","Natural"
"pol-435","Andhra Pradesh","Visakhapatnam","2026-02-07T09:10:25.355Z","50.69788514845137","211.02765410091706","26.74158951780423","5.47630151017785","14.842676985441594","31.871109744416582","31.93271635390909","49.060828463440245","13.020936415591871","258.29388194760963","16.93896567913564","87.38293144350533","1892.3798775908356","9598.481999527083","3649.0814868815423","6250.16642246459","Burning"
"pol-436","Arunachal Pradesh","Itanagar","2026-02-07T08:10:25.356Z","132.93221932225313","117.54326998758123","63.93166503669809","9.93077081607958","43.501301642688986","4.135669297363576","23.565858860607413","27.66176577469693","1.1457971616306573","55.12431918929429","15.339620357931175","87.43399705737886","1723.4617110355778","4683.939694365593","10455.424687035986","9627.168367032284","Natural"
"pol-437","Assam","Guwahati","2026-02-07T07:10:25.356Z","14.513302520587423","111.34304799544171","70.26144190077287","2.801789314932821","32.93392178121162","96.351351390053","17.166839965848926","69.00197123872465","18.12617780336047","280.64401978571374","30.06965006449313","82.54136897129625","1749.5743755070573","894.2052157883206","7648.854655659838","5727.218948701391","Industrial"
"pol-438","Bihar","Patna","2026-02-07T06:10:25.356Z","122.93605258245984","159.40975771977247","53.803522568235806","1.1273812070411426","14.236695490035112","82.7314291045541","30.51813652101061","44.69925162835098","21.543157308765554","40.289378725086365","25.06670871987972","76.52631826261168","1475.3827462420431","4172.657673617087","11601.97574213992","1433.9761644636394","Agricultural"
"pol-439","Chhattisgarh","Raipur","2026-02-07T05:10:25.356Z","142.5271552437922","121.45484047928194","36.685717485387016","7.245817572048724","43.95402323146171","50.199179583593676","27.662800327167517","55.59980702707839","3.0400843225548284","71.30730295599633","11.078192691012303","75.45027851070523","911.0861314421479","8164.801221262766","19205.09957334487","6228.035098755301","Natural"
"pol-440","Goa","Panaji","2026-02-07T04:10:25.356Z","48.45336381903782","87.08433331421675","21.952783839524788","3.497601884410341","44.02576493705518","6.447200878375603","37.24337998403861","49.55747253042261","15.896779209342387","192.55464327130633","29.55151842555128","76.0367957642561","422.2204003530263","1008.1032200933204","15626.985694800873","3053.592295548138","Industrial"
"pol-441","Gujarat","Ahmedabad","2026-02-07T03:10:25.356Z","149.4615867530501","4.697842821013342","5.310327831523782","2.143770130813545","22.886182006364447","47.00283678397581","33.62256266826662","73.22499262539894","21.234907407968457","309.18993385634246","28.20569091219705","75.25955329513407","1184.7996767237157","873.3108969628389","4861.801261760017","4539.698605221958","Industrial"
"pol-442","Haryana","Gurugram","2026-02-07T02:10:25.356Z","146.70129312460318","91.24910447839866","59.96733836576469","1.6266069205730138","4.463046669588078","44.36405353984776","35.841451978613335","53.10007964528134","16.20441729172435","31.09070752284715","25.102840883917143","88.40348472898677","1215.217019447636","4563.205996332046","17649.94644059506","5271.5434594974695","Natural"
"pol-443","Himachal Pradesh","Shimla","2026-02-07T01:10:25.356Z","60.803390933077765","257.7577118938162","77.1441111241202","5.446329938469745","24.761927451539655","33.03082721471892","15.732527955029619","28.752575406167914","1.771491608994541","135.75155693378576","16.43306152430204","92.59085070954885","1860.1340656022223","6144.972262100819","4977.924968066609","7269.025853336284","Burning"
"pol-444","Jharkhand","Ranchi","2026-02-07T00:10:25.356Z","190.91497093901418","82.12528426731211","33.038824499279016","3.6404596750637785","10.63030494685886","70.77080476756123","31.85005541850637","22.124700529595945","20.370121254404506","154.51462079872462","8.915740329721633","74.98815910972934","1111.0012987497594","8545.299245074933","16594.821295077916","6201.768764647348","Natural"
"pol-445","Karnataka","Bengaluru","2026-02-06T23:10:25.356Z","193.07682453246616","167.83459073692205","43.061611083196325","9.436573064895509","15.768647012416148","32.21976369768055","27.574384041593817","38.75167194857128","2.9838400054829517","260.85842433217357","15.01031828686125","77.83556132254506","1533.5063047630501","9254.600395639647","14979.931347665259","565.5637609179065","Agricultural"
"pol-446","Kerala","Thiruvananthapuram","2026-02-06T22:10:25.356Z","162.40961087347145","194.0187860416831","17.69052864770595","5.638659004802471","37.049987772873926","27.362393248095472","32.50965109843783","44.78062464193599","14.261692248530672","23.530884141579143","29.589470832415262","73.8038843622407","628.9054569983883","3756.786677492112","3692.0455056431224","6414.6087010544625","Industrial"
"pol-447","Madhya Pradesh","Bhopal","2026-02-06T21:10:25.356Z","187.3742141306181","203.0416528591135","8.521136274827787","0.8807117887564109","15.573804556843307","67.61380899880793","37.023069505250845","37.124449260043825","15.324199908413227","66.96497086708729","13.66682111090008","74.58477754672782","1085.8520377681307","1726.5306568475125","11351.420729901396","2373.458038609612","Industrial"
"pol-448","Maharashtra","Mumbai","2026-02-06T20:10:25.356Z","188.97612722685633","272.76464010748265","43.58413002940991","6.23111964819355","46.150212894479544","88.81764481227997","29.37990661319614","43.74662627405104","20.00222813509059","183.83877174431115","26.016323686732736","90.448267061961","497.4954169903536","5062.680055063577","5180.177687650355","2704.1929754776784","Vehicular"
"pol-449","Manipur","Imphal","2026-02-06T19:10:25.356Z","18.706313463945023","200.03737721741868","74.14698091855556","7.923535742021378","16.829357123756512","37.60767071280892","21.75649178776437","69.74461989604573","7.845067317020773","293.2982380572883","21.618407363541497","81.2569691227948","444.4066976337855","4349.414055187935","18188.13370741668","5687.782574477365","Vehicular"
"pol-450","Meghalaya","Shillong","2026-02-06T18:10:25.356Z","134.86138866125407","58.911113730506194","20.069978307527503","8.351411487528189","46.15947899332878","1.4373207196175408","31.865114085720894","51.50479546787094","12.916825262620577","246.23546975248178","11.641950943505805","70.24788104880162","1620.3137545889247","6246.962517114527","19304.284690505236","3650.2826762743466","Natural"
"pol-451","Mizoram","Aizawl","2026-02-06T17:10:25.356Z","103.77046051610066","230.5493402031686","72.40894707658089","5.8405978096814","35.886556144246136","10.450566906547575","36.46800366462236","60.69136020412179","18.10605554622733","152.83259736649723","23.710169677686153","71.83672428982305","320.09304801457563","9669.055891418862","18736.88906195336","3572.3371668832638","Vehicular"
"pol-452","Nagaland","Kohima","2026-02-06T16:10:25.356Z","30.90862677623969","32.70824940152508","44.947742091678776","8.59768699930909","7.510686984471137","59.157719781640715","30.17019691025492","55.03597014145815","22.199017307706875","121.28339926159386","9.22428577266395","91.9053450566003","142.17283539504467","4334.084772772571","19707.674072092963","5226.94471988828","Vehicular"
"pol-453","Odisha","Bhubaneswar","2026-02-06T15:10:25.356Z","60.992315859444425","67.20505373116654","74.47640460036926","8.096554178263135","13.993844242718446","60.74899038580269","36.959732269976335","36.32607170304509","22.996984565493015","275.9092768737067","28.915454477350874","87.80343737109494","179.55874973412622","289.097739514611","708.4367079621967","2365.8843843765285","Vehicular"
"pol-454","Punjab","Ludhiana","2026-02-06T14:10:25.356Z","5.191464556644632","50.43508710062136","24.347178061005337","5.690106810245741","14.195545204843713","56.918482329249365","30.711997998623097","27.31346319008205","21.100817338535286","300.0539433581213","15.023204655650671","86.45429174843241","1481.916491978387","9330.511196052506","1766.630063647987","7300.501521168045","Natural"
"pol-455","Rajasthan","Jaipur","2026-02-06T13:10:25.356Z","2.326828422279803","13.339003999412158","43.44585964999482","3.9282703081640524","49.922763883581275","25.740472650520807","27.916840601491643","52.17216814970111","21.71259547272113","275.54920426888117","28.69646529357816","78.79513407699662","18.898058544925213","1464.4270558569817","5928.89107936782","5521.555798271216","Vehicular"
"pol-456","Sikkim","Gangtok","2026-02-06T12:10:25.356Z","23.994520665967833","6.951111050956838","59.673434784081024","2.317895304009915","13.659040455856392","28.97305789193786","15.625545890018842","31.08151514588959","9.886083719389893","321.42310120033653","18.829553190892472","76.61742335128737","1931.5299969246253","7830.008163934808","5523.70931477721","168.5434849244527","Natural"
"pol-457","Tamil Nadu","Chennai","2026-02-06T11:10:25.356Z","2.6612521427789915","114.07986926355196","40.127240511148166","0.48241385619562815","18.04796493187908","47.90417055567519","19.248753514020763","60.87038091083254","1.9908057232690597","319.5129127581937","34.24537974024811","71.32801539254838","685.6131754931989","1487.1501159370991","14392.926489012405","9380.331495646891","Industrial"
"pol-458","Telangana","Hyderabad","2026-02-06T10:10:25.356Z","86.24541015366599","102.45825226352116","29.270288510715847","8.41660120165976","14.719818938194528","32.170052758891444","27.33619916602665","77.53692128352418","23.985026735318105","308.56540526781214","16.36162009896999","72.75508517853642","1578.1326226356487","5263.621409239108","1659.6402834338053","4562.172639200985","Burning"
"pol-459","Tripura","Agartala","2026-02-06T09:10:25.356Z","199.33848014798124","136.5097844695105","2.8295387432457098","9.723559149519525","16.9131907006853","93.95729829038218","26.745210230037465","50.33164342592758","9.812723514488434","296.37651342572985","18.389126347276743","73.20907932538955","605.6205137688632","7547.43416314952","6585.747297867101","792.0974467930697","Burning"
"pol-460","Uttar Pradesh","Lucknow","2026-02-06T08:10:25.356Z","17.581212921529833","174.78492345957403","11.970399863903829","0.20011702536460785","41.059792515306","11.157031314655331","19.410677200744033","34.814941132515145","20.339193167931967","15.579488689733104","22.72658492026866","78.75032009422796","1441.3091679914955","3583.2571137130153","10110.11446033631","4734.004333081194","Industrial"
"pol-461","Uttarakhand","Dehradun","2026-02-06T07:10:25.356Z","74.91261896909684","174.90744634843279","11.968421398089326","6.087496232130086","4.189268497182752","53.094365345854996","26.86576834501566","61.61092198113505","22.266810246993284","236.04140772782685","32.834874625369174","82.37843770702752","1990.4326372139374","6162.705194363708","412.70815939161486","4679.039643306993","Burning"
"pol-462","West Bengal","Kolkata","2026-02-06T06:10:25.356Z","135.80097601137575","197.39808474430245","73.831043788454","3.193739292082407","28.794459197491744","55.22750889486557","31.66984829335381","32.01634062178301","16.883782672382342","310.2309631440791","27.44161570398075","90.8309055752934","1464.5806556730615","3218.5465154160497","7533.8294304869605","7404.429397935747","Industrial"
"pol-463","Delhi","New Delhi","2026-02-06T05:10:25.356Z","24.19411586460438","115.12605884209897","41.659905835087486","5.825205390897311","0.10632320234499337","62.38853695640264","38.66566288519559","27.065968383863858","21.35935296935057","140.7044181058139","14.843261148779188","69.92982817833573","230.1409917583268","9195.712661145597","772.094091157296","7862.245315756542","Vehicular"
"pol-464","Andhra Pradesh","Visakhapatnam","2026-02-06T04:10:25.356Z","191.87899619009787","270.1731008391237","77.03316724157293","7.040055225337501","14.96548393983756","16.246014417116506","26.863925865265603","70.67239402669564","19.635998523725696","64.4052975771294","31.538716214459818","73.36804468247591","545.7575004203014","9858.983240561754","9561.982796116874","4091.376111521168","Natural"
"pol-465","Arunachal Pradesh","Itanagar","2026-02-06T03:10:25.356Z","30.982942373193502","40.756384570992","75.84522616110733","7.432680810413766","36.369067742169975","8.042744883290553","18.945521313870913","42.87433554405459","0.8731598063206475","351.50459171410927","29.77065210759427","75.20504194500224","904.4170257716202","6395.805542142197","1478.4977313193149","7801.020785772494","Natural"
"pol-466","Assam","Guwahati","2026-02-06T02:10:25.356Z","146.4364378732614","263.8736233307454","53.4414147365099","1.5670488670416183","44.47706847253181","52.50873219574316","37.211754362196785","49.78239928951402","17.9998215923625","352.5547373273539","9.750375786716695","79.81462462204547","1787.3564997494545","2468.3521262402787","2647.389690543842","2055.722931653501","Industrial"
"pol-467","Bihar","Patna","2026-02-06T01:10:25.356Z","112.59963640285252","161.21773121888643","46.33310713075008","0.24646638155040979","22.961902723797913","99.93346261599415","23.159854829661512","40.20354971104247","7.593052611439758","15.21165813122385","28.19695057790007","83.97167960628698","847.8957762868038","9714.038294861335","14985.50857567451","4298.950250751959","Natural"
"pol-468","Chhattisgarh","Raipur","2026-02-06T00:10:25.356Z","97.19457758058338","195.57984710320065","0.5613222882091051","1.3968136481194826","30.148282441045666","21.79089492152967","27.909865859641148","49.313475769953776","16.693485738655323","100.49176873713677","34.37966503273561","86.52084327809483","40.66426233015852","2593.547072179725","3938.4604785651336","7033.116649931981","Industrial"
"pol-469","Goa","Panaji","2026-02-05T23:10:25.356Z","69.7264376719796","61.32238311278212","13.784524834468401","3.133210426649542","38.747143694023315","80.50523232356271","19.96128976460057","54.383750309868454","2.280052837663102","56.16106286114419","33.562546535714034","74.4253421108863","1927.1256603068016","6092.876377929578","18274.8014044619","5656.510261291051","Natural"
"pol-470","Gujarat","Ahmedabad","2026-02-05T22:10:25.356Z","85.43601321656347","221.53251642979492","34.58664786051155","5.2995873148187105","30.550274170051555","73.94512028273262","17.69381111724446","40.19194311940011","14.136893563230924","179.64385717939368","23.019679904165276","70.1250213937264","447.8460579503096","7767.659254570177","17254.366323879676","5829.650119180659","Vehicular"
"pol-471","Haryana","Gurugram","2026-02-05T21:10:25.356Z","2.437510832157086","102.13147184037396","1.4278477626505648","9.904903989342221","20.634881004527983","69.74458421860858","39.37529848390255","54.74408489748531","8.10966334067779","195.4797276508482","19.430569312777987","74.9120224038383","1111.4027053290497","1098.7436999471233","19864.950928282655","6156.540231403717","Industrial"
"pol-472","Himachal Pradesh","Shimla","2026-02-05T20:10:25.356Z","148.16135216984193","187.8672443904268","75.66480694042392","6.399304373162523","47.62798710061602","9.133722282638846","23.75645245324564","56.02468634883571","17.93840364929595","138.99602917395163","16.786373691603416","86.40723480253291","1787.91320164682","2773.025136618549","9894.443335760066","8793.56537675515","Industrial"
"pol-473","Jharkhand","Ranchi","2026-02-05T19:10:25.356Z","141.284595377383","236.43329727000437","49.1280785278503","5.121321753050636","28.297049807383544","55.598276828625295","31.659948234986967","53.072429462372966","14.503307151577319","137.83102005296828","13.04654139621116","78.56153519457615","514.692072165142","6133.085159773716","14587.33886856376","996.0973065956902","Agricultural"
"pol-474","Karnataka","Bengaluru","2026-02-05T18:10:25.356Z","171.55422871746424","145.8999285353692","39.86568567934327","9.205136407819898","47.549292291002565","62.96663422052563","39.175352160527375","75.20008755783371","12.114296759791571","58.09061350989991","25.24365653071964","72.61994657711409","607.0460715077568","3444.3821491688786","12444.0803688406","7775.552876958081","Industrial"
"pol-475","Kerala","Thiruvananthapuram","2026-02-05T17:10:25.356Z","91.27797542914907","74.49619899476819","39.029319811528396","5.104629660028472","17.00007136069829","34.27456089381009","30.439397292685662","41.28034519044897","0.11918765404881349","169.57853205307168","28.30461127127493","87.80286120190252","1297.6025525574535","3906.05060007978","16788.55455472346","475.4143616375872","Industrial"
"pol-476","Madhya Pradesh","Bhopal","2026-02-05T16:10:25.356Z","98.07661258221252","162.4520494639058","60.690424279203725","1.7918521831230005","14.248101761597576","51.1528972593757","21.561250103586822","53.07355592447638","20.8124207691661","104.03797556398419","12.774335033007493","69.33888994172338","912.5145680661903","9979.762530929404","2099.4435235334886","1625.19686755779","Burning"
"pol-477","Maharashtra","Mumbai","2026-02-05T15:10:25.356Z","162.8962613167138","231.30345607668067","60.32824173871071","1.333617379276042","49.76305137000897","7.1431612661224","20.51877101362859","33.72933175552555","9.847568102209795","27.356822159052157","22.620185974020572","84.69922116203173","176.8276586147457","7661.269416510586","16645.683864411767","5172.093447327132","Vehicular"
"pol-478","Manipur","Imphal","2026-02-05T14:10:25.356Z","72.77812297980581","244.30491465617644","72.82344509729481","4.710465519702921","2.0270736236514875","14.737839336067015","36.28581939711846","20.13331813593313","21.87295622860471","137.0617171367455","26.65057378354148","90.17525451115375","1012.6687817569946","261.8749094379391","6635.089076316752","2942.565703507101","Burning"
"pol-479","Meghalaya","Shillong","2026-02-05T13:10:25.356Z","75.78532492275048","87.98350768999187","72.36227018224136","5.568309933013733","35.129398599375676","28.72072701324473","39.5072707930332","38.57565155996401","9.893015178414272","39.2556612480371","30.46659866267704","68.25319179379481","1423.3587952261323","4479.906255864658","10082.680818732637","6223.326255232027","Natural"
"pol-480","Mizoram","Aizawl","2026-02-05T12:10:25.356Z","173.37711535026216","23.29364425390984","29.346424631685313","4.569296952384978","23.515937205766534","77.88765709101972","30.090669365368218","48.69449369542621","11.896924248673013","56.55606298049814","35.344910372502795","78.04544053957449","1155.1581835287557","212.21015282499644","13.900754527198522","6862.684837262333","Industrial"
"pol-481","Nagaland","Kohima","2026-02-05T11:10:25.356Z","24.28046911635928","209.052886516711","61.08195126621225","4.209373129641265","7.100930680330986","26.61203646711553","23.260864504603255","23.88071220188545","10.2498820634459","290.33004897949894","30.58463869452422","72.7932656689441","1669.384634967045","2077.816638205916","2114.128519791099","4296.452671422188","Burning"
"pol-482","Odisha","Bhubaneswar","2026-02-05T10:10:25.356Z","33.176038652183614","204.7285689548185","0.8657407212066559","4.691470656697146","16.23073337310736","44.25250765833619","22.78073701999572","56.62287040305481","5.602830226871886","231.3351642241575","21.508726805887534","71.0019340894999","1235.760933765841","1962.2142133399789","5944.988206499029","374.2578275036934","Industrial"
"pol-483","Punjab","Ludhiana","2026-02-05T09:10:25.356Z","78.40188387107038","288.63619527376324","24.361889213993216","3.6937106824396793","8.030490029711729","55.96852029134224","19.849353344876157","28.676512785867843","12.181680004765816","265.4976484853106","31.766905410593687","88.64038792539064","1557.285350928586","994.5728186730329","11197.716544418163","613.1716320644365","Agricultural"
"pol-484","Rajasthan","Jaipur","2026-02-05T08:10:25.356Z","8.082398418104297","51.22591190211394","56.06804318595693","5.0203107707712356","25.846089672561394","91.36575619171447","24.46724218214688","61.834757712744455","0.7007888678353336","304.3744310431288","8.742228591111921","76.33009148891082","1070.0085718066994","9254.079130293581","11590.548007735644","5859.282243995813","Natural"
"pol-485","Sikkim","Gangtok","2026-02-05T07:10:25.356Z","104.63602835023813","125.8771844738432","63.47025759982097","2.2911126396830794","11.356893992777534","2.107489011275454","37.68604367252657","47.2840138273428","8.30694762174411","38.41922353886871","15.537534790292051","76.51296009178897","788.1554019399404","7981.297670264857","18125.43750573947","3647.8003781040634","Natural"
"pol-486","Tamil Nadu","Chennai","2026-02-05T06:10:25.356Z","151.14412370245145","127.50008645385186","76.59482690005912","7.766054559147588","23.7884222780713","57.734615361061095","23.5378965295671","46.03271818795815","14.714203763732975","0.4847648151240058","10.404030696753768","71.36004041821326","927.9462309445721","6287.270493592168","6123.205626104175","2213.1172719521296","Burning"
"pol-487","Telangana","Hyderabad","2026-02-05T05:10:25.356Z","16.896229598436065","285.8636389685651","58.36020811207409","2.065931029726542","47.80792276465418","22.901457164096783","17.96565978488675","27.818854006871366","3.2096360679079003","24.853400037723215","21.570555746316813","70.12768956106505","1043.7469599971537","9131.188960427817","17512.403763836053","3765.6206917078925","Natural"
"pol-488","Tripura","Agartala","2026-02-05T04:10:25.356Z","62.82393806018413","124.50453648000183","35.98632241893505","2.2913215335838624","32.883570324556594","39.59993094517562","36.64573956145031","76.80381999911825","18.84445309688777","147.65894923840116","9.287084536056707","86.27110965690296","1366.8687344819928","7042.045303127678","7727.366364275443","3331.672058728704","Burning"
"pol-489","Uttar Pradesh","Lucknow","2026-02-05T03:10:25.356Z","8.54468814341207","255.3379190796781","32.61519992856375","4.136946291317088","16.01098513494491","13.675842105364422","28.096697092118568","67.52256611715279","21.294227115398883","163.1991535653439","18.064914386672058","86.4167390948075","612.4567820895237","4982.121967397055","8104.814964179696","1256.7993626469054","Agricultural"
"pol-490","Uttarakhand","Dehradun","2026-02-05T02:10:25.356Z","80.18757536952901","58.37216573397496","75.8342119865287","9.424897210502884","6.448172825196758","80.21384637700248","34.07460650760149","65.8024638474038","10.554008510775157","82.65549311235807","12.652757713040781","88.4784774369772","304.2432070115153","2735.2509613645716","5616.535909342939","3894.491390863738","Vehicular"
"pol-491","West Bengal","Kolkata","2026-02-05T01:10:25.356Z","61.407489261143965","105.32556594733735","62.74339908714247","7.029128768021641","28.217130405930913","65.21094835591066","28.989763712238577","67.27890796759658","10.453655761929536","39.728258144705485","8.203822751492126","86.8518520605127","424.90198338372085","4935.848204810733","3425.9631938045686","3103.1696782491313","Vehicular"
"pol-492","Delhi","New Delhi","2026-02-05T00:10:25.356Z","135.67551625246747","84.24000487812891","21.159819606318038","5.073600345944422","10.63777225345231","44.60955697005796","26.45908613520874","37.2804288107462","15.14812863003822","129.65991148078209","34.36373446778359","88.9946562919113","128.93847146568584","4310.883037525093","7504.048366879839","1491.4274751800249","Burning"
"pol-493","Andhra Pradesh","Visakhapatnam","2026-02-04T23:10:25.356Z","84.72189779901058","2.7299221462483203","24.870703418941382","6.743947115625076","46.14063983481537","7.706570818823355","37.99034016003956","62.08367450842327","2.213039558854474","278.90938183053606","10.897582634430675","84.44885628338258","987.8102992782152","6952.71389567434","17050.68149905888","3991.4992548335736","Natural"
"pol-494","Arunachal Pradesh","Itanagar","2026-02-04T22:10:25.356Z","75.2870612664003","274.040405805148","8.9078151049846","2.3431920706210674","43.25617984888256","57.73826850333618","30.39667134632814","58.734533517596056","1.3757317266688163","73.55643674652785","14.107918340824558","83.97892844700363","1914.5410526256155","3422.4689854042235","11244.705048272826","9167.450873131747","Industrial"
"pol-495","Assam","Guwahati","2026-02-04T21:10:25.356Z","176.808647442543","122.34135426487302","48.59363755364904","4.443050326594013","17.945751672626375","76.98759422660096","28.85062457415042","25.537561812057078","24.212096097221224","117.64411156702398","29.020088141075803","87.83181399613083","1182.7112413071434","5874.208537094277","7926.534623566946","4782.497415473741","Burning"
"pol-496","Bihar","Patna","2026-02-04T20:10:25.356Z","37.19654622545876","245.01977991692314","70.15791665889806","9.83486899950048","25.392565893477116","70.69679262333835","16.336870551600644","41.16323440604043","16.321171465539972","278.4983796552732","15.023628447594978","71.02275765156332","1599.7483897655827","833.4439597391852","18594.414297833828","5326.408950225619","Industrial"
"pol-497","Chhattisgarh","Raipur","2026-02-04T19:10:25.356Z","159.89965259113436","132.21221920562687","43.48136128156797","2.8186759154615073","42.86902587538204","78.2501840484628","21.79360751122913","41.276806441412816","16.974421321660337","221.58051820077168","20.844152726947808","72.91297153947399","1187.759638968563","9270.648325700497","15469.001650743015","9799.429633733836","Natural"
"pol-498","Goa","Panaji","2026-02-04T18:10:25.356Z","37.290578611244406","257.0626409804528","55.00766772113735","5.673934385803328","38.54951328496077","17.463958562819805","18.239306971942167","42.67373941500351","8.89840316283959","48.08637901289047","22.60274639185563","88.05889633736285","912.1328414341332","5640.84940097908","3022.8091312675833","4479.172082531616","Burning"
"pol-499","Gujarat","Ahmedabad","2026-02-04T17:10:25.356Z","123.20045142967118","9.270847163055418","62.11007667852041","1.4617557424191685","22.549237000084844","33.98257600659773","35.40438062565676","20.248675967548444","10.810496647001086","42.99714841655747","11.325437456831187","75.28195791801704","339.49351189702304","7932.937048138686","4955.058994654429","3372.2551074366456","Vehicular"
"pol-500","Haryana","Gurugram","2026-02-04T16:10:25.356Z","173.502494717092","189.47178594708188","36.509280773376105","7.539327079365803","6.192789517079533","89.4465980274887","22.586639022997662","53.695078270065565","19.704725124280632","233.36584946948045","32.43480753061475","75.77532375096649","1061.4526050928282","3514.2766624599562","4276.283712719424","3639.1729122391303","Burning"
"pol-501","Himachal Pradesh","Shimla","2026-02-04T15:10:25.356Z","22.102890071942593","140.939864373253","12.363244464790712","9.590273247012641","36.01437235572373","4.352136363309578","32.51057832382949","34.84851839036125","0.03490013114718915","307.76391134898137","34.52256397071976","87.26208343257521","663.5800620430452","6544.026247194491","5533.015690316092","9561.412476367914","Burning"
"pol-502","Jharkhand","Ranchi","2026-02-04T14:10:25.356Z","156.44434592669603","64.5329282673784","6.440236944745026","3.8113886305704012","0.14005181687735124","31.210283038860652","17.932687900797166","30.149398777752296","12.916250445347806","311.60584627350755","15.081652280847676","70.69975273785916","876.8578371033511","6365.338941596939","859.3342940753579","2001.3093475944688","Burning"
"pol-503","Karnataka","Bengaluru","2026-02-04T13:10:25.356Z","19.183020794373995","38.596320485823895","53.49734884912627","2.381558058658877","34.48705312804471","70.6546335839142","32.12121188172229","76.01103211510463","17.22761822447188","301.6235629965937","11.064118598530346","84.32790427672892","1990.3176981738973","9512.191284785502","10558.03878833258","8916.811426821967","Natural"
"pol-504","Kerala","Thiruvananthapuram","2026-02-04T12:10:25.356Z","110.7805564536492","247.02998534199585","35.005599745311216","3.216378441451051","17.377874503227936","91.83171268450964","21.82784654596834","39.62824026382694","8.797553685058833","60.77701441900371","31.43040430607248","75.48528645286262","1623.0145388489052","7901.437705397084","5316.091425626426","3256.8477017878995","Burning"
"pol-505","Madhya Pradesh","Bhopal","2026-02-04T11:10:25.356Z","120.95806721862034","33.470233637108834","49.67045921510457","5.628712113353763","26.5074508597107","21.099170418890267","18.1361753239577","28.647678345594215","19.428378951945945","70.7844105002749","19.112531878793938","86.09984342113884","1336.2560484793498","7806.592704336434","9016.984336628235","5147.819631254359","Natural"
"pol-506","Maharashtra","Mumbai","2026-02-04T10:10:25.356Z","113.16266222398761","192.3037364285882","18.719876060340866","3.3403799047228566","17.17466280561671","49.16176221722901","39.10918003289834","21.579074888354285","13.433889937557195","123.65370193099446","13.175321652301793","81.50679954873667","1523.9795521281515","7654.312248060996","11150.75575524965","8347.251503964677","Natural"
"pol-507","Manipur","Imphal","2026-02-04T09:10:25.356Z","132.0459012979789","58.268815927510516","40.3739754666472","7.4437207767451605","48.292331533302026","46.084127677926965","27.592393873832556","36.23384553243913","6.413955947013631","274.7128435678272","22.135993825246906","86.76362232041062","99.35848591436347","7551.129352451829","18602.01650750972","6219.495155019298","Vehicular"
"pol-508","Meghalaya","Shillong","2026-02-04T08:10:25.356Z","185.16261805327528","68.34753234980411","70.06898823775526","8.589597688961302","13.449458374796091","86.85793188692475","31.162173114742654","29.33884531173147","2.301265780648329","224.25836640020796","27.82214920350014","85.87743460148752","760.412186863474","5596.295394988415","18916.872104891172","2475.190309318337","Agricultural"
"pol-509","Mizoram","Aizawl","2026-02-04T07:10:25.356Z","113.07261062203196","82.17589856844573","48.75804800951184","2.938631785277963","8.249619534118702","97.57018232533191","26.872354303660536","35.831338878135725","23.398415111284525","206.31660550729032","28.89569708629226","81.96452617843444","855.9300027401007","12.247428558221918","2206.5579008266154","5273.277261017752","Burning"
"pol-510","Nagaland","Kohima","2026-02-04T06:10:25.356Z","76.6078089873501","91.83236946077143","53.86088609532762","2.8459787875222373","3.9687132452983276","30.36863197775056","24.90728813223057","43.62471433530146","18.112571700982617","301.3668468326707","16.255992939456284","84.6708109634614","226.20100310727963","3901.428059296934","19895.698356056844","5510.766563304938","Vehicular"
"pol-511","Odisha","Bhubaneswar","2026-02-04T05:10:25.356Z","51.0240070621256","138.70720235216154","49.417003647693235","5.500232404937908","32.13875724205057","17.052247560284904","36.82854337510791","78.74613025086364","5.537536346845681","236.86349732922417","30.691209442670377","81.21223484010454","43.34946177711751","7837.586148366713","18005.571182598473","3967.5310638531214","Vehicular"
"pol-512","Punjab","Ludhiana","2026-02-04T04:10:25.356Z","148.9098626657112","161.81127631040147","65.23093218968522","9.26700993709046","22.23314249007815","67.63357201042912","35.92994796434124","50.371298967758605","4.895547851558854","337.1829945327025","34.74993954518446","92.83085262047804","989.4965952321973","1964.959288709097","8629.468477512131","8285.61019132373","Industrial"
"pol-513","Rajasthan","Jaipur","2026-02-04T03:10:25.356Z","29.26191036958885","189.5122705443755","37.76138331083669","0.3597127743179962","11.782326641351132","64.75779361602062","38.34301705840229","44.96147714814711","9.764650749039145","293.19644512484314","20.15686690343417","81.15895414726435","1673.8483963650758","5695.391486797384","8509.928424629745","171.38326866828479","Agricultural"
"pol-514","Sikkim","Gangtok","2026-02-04T02:10:25.356Z","100.27770929478521","268.13424968228486","2.221609751006257","2.7632855265864675","18.64536627377194","11.808168678018127","21.393152366892856","78.27216283482744","24.588605145984875","205.8615792475817","24.937346980961586","73.32538183249507","930.626247070745","9886.424250449596","839.5659647713849","1433.1484910677673","Burning"
"pol-515","Tamil Nadu","Chennai","2026-02-04T01:10:25.356Z","162.50458236386265","223.43631058069766","0.9058897286260503","0.6664993476391268","14.57240738504309","45.37281694846087","34.09968160316927","74.16823928668475","3.2687066334040975","181.0083909570013","20.122404939974523","71.49421173098398","1580.0903018171132","9143.030996921994","8933.790487542423","9297.70990066082","Natural"
"pol-516","Telangana","Hyderabad","2026-02-04T00:10:25.356Z","156.53222435421063","134.40607970802952","23.39736586346932","6.065649670112016","39.00131250783262","31.551764684636364","29.215427105153253","51.4033277293959","17.734817447984067","194.4590125525149","31.549839269559293","92.2377549770167","1680.726329097088","5532.356717441159","16617.014678638203","2771.5766424416533","Agricultural"
"pol-517","Tripura","Agartala","2026-02-03T23:10:25.356Z","43.6582489564044","6.780494829726081","1.8363878117666754","5.124670887127706","12.271682882765871","83.00290577073801","15.477856213227188","66.22061092360946","3.0092629895035197","300.85817028031084","32.40626789304271","72.10087608841239","1734.1655761734933","8919.005168854837","7233.148373011658","6088.321891635621","Natural"
"pol-518","Uttar Pradesh","Lucknow","2026-02-03T22:10:25.356Z","52.80608366619393","180.35215853235016","63.36903063941215","5.224018344404726","13.129956963584121","65.25550479553658","15.718874667821595","53.183421906989544","9.224090082510145","72.36034957927959","17.767950925574507","71.53396337913111","1544.213053987251","8129.418411364272","1029.9277092710058","8037.715476565811","Burning"
"pol-519","Uttarakhand","Dehradun","2026-02-03T21:10:25.356Z","25.14386068534893","18.324625330527933","8.309199386825252","8.238897584203018","5.714245916706634","77.72576198387935","37.232586309520705","58.83252919087903","8.791955281122885","284.71421067922245","16.60129350760334","72.75163107875538","325.6869854088664","2211.2550565420775","10845.705307170243","1474.0302903161196","Natural"
"pol-520","West Bengal","Kolkata","2026-02-03T20:10:25.356Z","193.20314102080928","257.3042154857794","69.52827506817536","4.893416802677209","46.72494343100989","8.312840904225816","29.652679550093822","39.87285524687802","4.210973363679979","220.65045651153113","12.162229895807286","87.35429058819084","701.3258581164034","6441.855501101434","10419.841464184618","1624.266757321128","Agricultural"
"pol-521","Delhi","New Delhi","2026-02-03T19:10:25.356Z","102.33277500957942","44.374225640141475","56.196671092897255","5.736598982092692","1.6903203475873874","44.77305434088357","38.6476615232422","50.727858037434785","23.720129227949744","213.2227916770535","14.876185653936082","80.56904628623698","1784.0424445215258","6662.074816012809","2057.0952082611125","8799.746658149841","Burning"
"pol-522","Andhra Pradesh","Visakhapatnam","2026-02-03T18:10:25.356Z","18.272553145258684","11.162617813659248","10.287225741257258","3.7780847706819474","43.8826568802118","9.571792612591612","35.5177633368821","26.0653659531853","21.281967889529753","96.69438251244765","20.071178414248212","81.75308335124144","462.15644216708364","119.44672450068694","6964.3913280125935","2326.7804667125156","Industrial"
"pol-523","Arunachal Pradesh","Itanagar","2026-02-03T17:10:25.356Z","98.23237155585002","56.26513572170164","55.981216397028476","5.086401696054121","16.020885132058112","89.8902150649922","30.504891286381195","43.513717460967385","9.919292106665708","44.33728494605428","24.771541527304386","70.1538401870293","762.525784910556","1348.6122239896426","15795.15451339355","8980.871763804782","Industrial"
"pol-524","Assam","Guwahati","2026-02-03T16:10:25.356Z","131.82554459885895","116.8403641622201","66.36949416803913","7.530993745379119","17.89362172674853","96.47153486239188","30.22943933948322","54.78476159332279","3.6718046395353006","53.21797632741814","32.16271472431136","89.46164111201031","345.2176024521163","3071.248558920232","15811.364576694867","6386.318689816707","Vehicular"
"pol-525","Bihar","Patna","2026-02-03T15:10:25.356Z","56.370220643804856","154.11766657805614","33.08532515591995","1.6071805042410692","44.91905064309235","94.77203778420609","16.966685755681794","48.76080904646872","13.969489635459432","37.966004293899395","35.493650399417646","88.71971431968514","1791.5487395685216","4268.089031344525","107.88562298897241","5582.537624063526","Burning"
"pol-526","Chhattisgarh","Raipur","2026-02-03T14:10:25.356Z","90.436566865275","74.60268445010911","27.384628794173118","7.922068521915774","11.264870862918691","21.439799292872497","28.562935463385763","31.130296577737887","10.280653046784211","301.32345051418247","9.477351903590858","75.58776161721991","295.47132820561694","1941.7409159055455","11335.512336388452","9683.207904429122","Natural"
"pol-527","Goa","Panaji","2026-02-03T13:10:25.356Z","42.61253404741014","192.4422682693586","41.57007367227245","7.096821279795098","39.58937866074436","87.20782592020993","31.167961841751552","35.0239439350574","2.9427484096563927","58.782507514716976","13.293428984540135","75.00514110838729","298.5999738983556","424.33762981178626","6154.226019445241","444.37151629816987","Vehicular"
"pol-528","Gujarat","Ahmedabad","2026-02-03T12:10:25.356Z","161.50440595383077","229.76853115370724","57.04918618963811","9.534249312834175","16.94684416799962","97.62615464770687","36.67232145174233","31.802824769941136","8.87163880138182","328.2344157045484","8.326134942633496","68.03606371199203","456.1426071461547","6757.789296032652","2331.7305256213026","9350.404169131341","Vehicular"
"pol-529","Haryana","Gurugram","2026-02-03T11:10:25.356Z","138.70639629451765","80.87185863857746","44.478888366363265","3.333989394415932","41.33865186319264","0.8409546640208654","20.661783220715016","61.277992439396854","22.86069891192098","169.65653253411503","25.101574123812167","92.0226967144402","693.1197651798908","5060.042288101779","19073.83484111628","4858.570163886458","Natural"
"pol-530","Himachal Pradesh","Shimla","2026-02-03T10:10:25.356Z","152.9741130008607","202.17401445935798","18.11086083725435","5.240782533274997","47.66228888343094","94.63930555634228","18.58830114962978","45.145667428286615","2.180945322195285","102.85218500732348","10.254952863938827","70.1054669422047","1542.1941620709854","3754.913440367861","5845.047385940452","2325.2131785261377","Industrial"
"pol-531","Jharkhand","Ranchi","2026-02-03T09:10:25.356Z","79.02857017809058","120.30633409028314","32.3377647242","7.9533112942035435","47.0058775778412","12.955224692579947","19.382616211181656","79.70020332402659","17.62355600219868","317.6056983033937","26.64802770299259","78.14599305424852","824.3085482581554","3514.0031236837644","4397.617055494043","4676.636854055706","Industrial"
"pol-532","Karnataka","Bengaluru","2026-02-03T08:10:25.356Z","87.485068799387","97.98463515096842","2.687815016832378","4.8413850778222125","27.763497382674412","55.93870305494212","25.95512726948627","22.472615063274578","21.445062026197725","172.20500398110087","14.439736688984922","80.33707277666086","319.54315808132236","6554.094651060285","13893.01729438491","5515.450785612709","Natural"
"pol-533","Kerala","Thiruvananthapuram","2026-02-03T07:10:25.356Z","144.8079413105814","158.7422531242031","45.942070899676935","4.070828991672504","4.3054003012727105","18.81867059706579","23.726274158042003","67.72841215384628","14.39060232462676","49.45863676044292","29.201045447615826","77.94303619247745","1816.3626906307559","3792.4109476437197","1529.0943071673512","4535.453615944024","Burning"
"pol-534","Madhya Pradesh","Bhopal","2026-02-03T06:10:25.356Z","124.60895734048101","55.70764850637544","39.26016738995696","7.071612342552276","6.101428533312636","1.4392423918818231","26.468071847092737","49.823726425343516","1.7173527706086378","209.7844942561247","15.589700207403503","80.51652481574949","873.4437925878284","4951.791096899057","4114.191945188266","7965.399036209766","Burning"
"pol-535","Maharashtra","Mumbai","2026-02-03T05:10:25.356Z","154.2854336591217","65.66400277463917","7.099632475797977","4.11098965825821","17.4178538589664","12.696013631699676","29.228266645007864","49.99662725052825","19.739461366049657","175.12727536728","31.65286705079279","90.93156051904066","1253.9971153363863","9993.068230692688","18885.344098529367","1310.6956325110675","Agricultural"
"pol-536","Manipur","Imphal","2026-02-03T04:10:25.356Z","56.619232879046045","66.0576247576211","22.52093880719631","8.377037089023007","7.9458927397575705","6.791648238182246","36.812948316686445","25.745097069765137","7.026678861157793","29.442668958051428","13.740258247369862","85.18686038006258","637.8001064408938","7367.899458784366","12899.778458422026","9977.337322568179","Natural"
"pol-537","Meghalaya","Shillong","2026-02-03T03:10:25.356Z","67.3744549671772","190.1953471651115","37.09052181237416","2.418922676166002","0.7217957498217853","77.70849462448443","28.972977527333686","53.51001664718026","21.826568622623718","196.4893636711533","25.640940295355453","68.23310594877269","1469.1874114407244","6114.428783255036","3605.280912484936","356.5007842951029","Burning"
"pol-538","Mizoram","Aizawl","2026-02-03T02:10:25.356Z","124.17175510663697","124.69810232594087","48.90005882809146","8.476124521895645","44.93312362003955","0.24817066459781323","20.72908047481537","31.865881559443082","23.347365647899167","14.633780677049707","27.009022605323604","90.11830091644654","687.5782261660244","6415.681993944352","7587.210858227409","420.0085338878867","Burning"
"pol-539","Nagaland","Kohima","2026-02-03T01:10:25.356Z","95.46515041944926","16.879157993935966","34.18614540478142","5.249777098206575","28.497896740858668","10.820925977862716","16.083627905401983","66.88368506538639","0.9405618920568681","105.42802155965681","11.226500601111432","76.51870398637939","324.6879426738836","7035.991369251764","5568.271239394032","3315.1993194179972","Vehicular"
"pol-540","Odisha","Bhubaneswar","2026-02-03T00:10:25.356Z","101.74723637845014","188.63123882326403","58.4667314455952","1.8147539550484892","29.058850546009275","84.36499413391219","28.71070215168652","21.306587715595974","24.901924724087074","201.31787174246833","32.46358131496778","79.63550862228229","694.1369149059102","7114.348172118937","961.7976957832531","5313.14006913189","Burning"
"pol-541","Punjab","Ludhiana","2026-02-02T23:10:25.356Z","22.85933698841367","94.43542862379768","69.95172681600592","4.252045013549611","2.991566118644612","95.97739927684074","21.770042056867638","62.20169775971055","20.52550358576599","207.5012453246469","14.418071432364346","83.2227968117921","498.9368553136464","9121.637616632861","13048.439022479379","8886.527018711235","Vehicular"
"pol-542","Rajasthan","Jaipur","2026-02-02T22:10:25.356Z","177.98981642958475","81.28049644686283","53.75726977284492","3.1036459982400446","27.52724833532387","61.34804908948025","20.440194844574727","74.32602142835344","1.8229093105791767","154.91245079784082","9.341061028465493","85.07812392119315","659.0425243958435","3348.079848757507","9489.061016239333","4228.937367494523","Industrial"
"pol-543","Sikkim","Gangtok","2026-02-02T21:10:25.356Z","68.17518349672895","1.208881478942725","64.98460626946557","9.230338794305627","38.26122638513412","28.125340504138908","31.723633746572997","36.236605862501534","10.386350216751527","85.26279633947281","12.693360610375704","87.23616815311293","684.158506341704","3857.8066982654836","9629.22945098136","1886.6490954335968","Industrial"
"pol-544","Tamil Nadu","Chennai","2026-02-02T20:10:25.356Z","183.17307621621424","294.07381906829033","73.8755832629659","7.5107192262851665","11.900747356534398","30.974980567004184","29.335428741720293","76.13583415132908","7.834768429353095","34.64554802349897","10.785020728526538","72.7851302681763","941.2744353096772","3341.9679935139256","14398.262134122424","1928.996674746345","Agricultural"
"pol-545","Telangana","Hyderabad","2026-02-02T19:10:25.356Z","107.51484700077887","267.1542553629996","10.379769548840212","4.690851891205491","40.345159724670246","31.46696104985147","20.81932457933034","32.577045128539645","14.456474290162651","331.76910278461463","28.47878436080463","72.9752379880167","1655.6974523324438","3966.487881817773","6280.648105047701","2112.438926679665","Industrial"
"pol-546","Tripura","Agartala","2026-02-02T18:10:25.356Z","99.30891973229761","82.3018993900146","25.362366826249545","5.115858949617729","6.130849811187611","3.5220690378435227","36.09589933896677","21.302534961929545","3.1864255990512986","358.8725649771062","24.432718178670818","77.35892165087036","568.160119620839","6190.157288017313","13894.199392759727","3002.3880606372554","Natural"
"pol-547","Uttar Pradesh","Lucknow","2026-02-02T17:10:25.356Z","181.3612697195307","290.77280634090175","17.08021315109356","6.1130856069477835","18.34104827004097","11.698274292247458","29.23317882527613","46.26596360052841","2.5053311669187424","26.387546894778467","23.390140892261453","78.27794766881131","1083.2134912585252","4916.527999911174","2219.4143670566823","4958.884568927609","Burning"
"pol-548","Uttarakhand","Dehradun","2026-02-02T16:10:25.356Z","33.15402469186053","84.46608508145741","33.52840593688682","6.958700050272037","10.932217227056029","71.16951121227139","32.08075457336494","32.34397849642546","24.06064401888843","181.79803481382012","35.19674863445128","91.17247238736098","1239.388549681821","5037.565150507876","6879.392922116521","9034.748002036982","Natural"
"pol-549","West Bengal","Kolkata","2026-02-02T15:10:25.356Z","123.41016230883895","262.24629990926127","39.81775050363836","0.2595991967063671","16.98805203779581","40.76700322481434","30.063938296451","45.321701470069456","6.784470992700095","333.0370163526252","22.728571325432526","84.52405567191917","60.97099812756612","5203.654661791675","16636.919021680693","8626.48777035036","Vehicular"
"pol-550","Delhi","New Delhi","2026-02-02T14:10:25.356Z","80.4072731605965","208.74571866169273","8.047407174163412","1.730546005161715","2.168521562739251","9.516729088765786","37.60340526821774","55.839730240154225","21.59728375522423","26.254783905965432","20.31263276830545","71.40066271706608","817.311651400036","8727.457642419864","13549.854234949087","4749.594757138911","Natural"
"pol-551","Andhra Pradesh","Visakhapatnam","2026-02-02T13:10:25.356Z","1.5308375743454228","187.5069857055223","64.28473294851803","6.369077532295506","46.16568812564092","42.45989506012544","37.11696911875454","49.152962846414255","7.98062449673633","83.58807573060935","27.484858278119418","85.08967212257849","76.7037766625902","2204.066655953967","1200.9546034274333","7583.888876527166","Vehicular"
"pol-552","Arunachal Pradesh","Itanagar","2026-02-02T12:10:25.356Z","188.96501870602467","287.7204693721372","34.542614262862244","0.6128995413907623","28.406071248973625","76.36320261482274","34.91988604837821","23.829211002939612","21.891943786650824","48.0050045422155","10.011715360579382","78.32277544080685","1137.4964063500436","1150.6343141091857","14048.715457618348","7119.522542363044","Industrial"
"pol-553","Assam","Guwahati","2026-02-02T11:10:25.356Z","53.5278056316951","296.22950986160936","28.66200791613929","5.135919058032523","24.541095880402093","47.19402217476093","34.26173713544634","24.54523251007859","16.331689863991883","243.97201895738328","12.903434295952739","79.78252396807325","1554.1788370496188","2913.976924258753","4014.4841256979435","3933.575730287753","Industrial"
"pol-554","Bihar","Patna","2026-02-02T10:10:25.356Z","74.75546984575013","135.35162335562225","6.2845230364623195","1.9366187918171007","22.70712605797584","95.23905771221533","26.73915399732448","57.30299162506967","12.331486951148868","194.31185180206262","31.608187648877674","72.77022004760377","1064.967976241916","4789.112642725712","14241.834245670005","8274.535574715974","Natural"
"pol-555","Chhattisgarh","Raipur","2026-02-02T09:10:25.356Z","136.7840485152527","233.0759196475433","14.828318083206282","0.7561601173682508","9.500681299730823","84.04553876587433","37.15249637450819","27.493934374590552","8.007196094886297","249.92851500642203","13.608920328798007","75.69889335049186","1834.617091605602","4041.1238125773752","6231.602087055312","4182.586198505549","Burning"
"pol-556","Goa","Panaji","2026-02-02T08:10:25.356Z","72.84314846401341","224.04569817115285","9.972493724110159","4.939231435848866","41.43266394213877","27.49501842035178","29.293617585012047","43.28665616329006","4.399670336713038","328.3099419432575","14.851548788905362","90.59763479699487","1710.8947621281784","8347.949849542281","13145.394460140007","3631.4791933802157","Natural"
"pol-557","Gujarat","Ahmedabad","2026-02-02T07:10:25.356Z","34.12215051472265","285.7326173130373","22.616620049459737","3.496733880746409","45.13874254266527","40.553378575578314","26.63399006874831","42.43256742634376","3.6199756373686527","66.59626889982712","33.95905794483446","90.71302529519707","1188.6790664027942","9422.509976035999","14644.182663725982","2834.581736635886","Agricultural"
"pol-558","Haryana","Gurugram","2026-02-02T06:10:25.356Z","60.84569126729023","34.28032450346442","71.23494939542542","8.34292881596069","23.283240189153354","79.87489434252088","24.812385278236285","51.163081356115114","8.838306997094064","289.7992075464703","25.721323243590756","69.76691724123614","842.2787223914296","2303.102457190246","18922.355946377455","8392.448275858067","Industrial"
"pol-559","Himachal Pradesh","Shimla","2026-02-02T05:10:25.356Z","12.35226955993378","280.3793264490862","12.262407232314905","2.4251795276714025","34.260546592283106","93.08034764234799","29.692717451507217","30.990903257967375","8.584675931658653","182.0453601314275","19.127592817988273","89.63443693254514","663.8467252950759","3689.4308168260827","18263.64487241151","7121.755671726341","Industrial"
"pol-560","Jharkhand","Ranchi","2026-02-02T04:10:25.356Z","70.30546748095247","275.45616095853495","28.804442392963125","1.9246837506836156","34.76589091949499","85.10145074125931","34.00279662903185","26.035553953634427","15.611647713243359","136.71641598021725","26.023335892144626","76.92793325446091","152.52503393664708","224.09611092987114","5673.483297517463","3935.5584205266346","Industrial"
"pol-561","Karnataka","Bengaluru","2026-02-02T03:10:25.356Z","59.279688079204384","44.36054582448419","78.00377323432673","7.012762345485617","49.04500988066172","60.30659296865544","29.066471704379243","55.11335323552905","19.068143452971224","302.7419551354893","11.065701006530887","74.02809546385785","1116.750135322721","3746.194928816686","9363.745085750299","7489.861735167278","Industrial"
"pol-562","Kerala","Thiruvananthapuram","2026-02-02T02:10:25.356Z","115.89992259837152","278.44072662257463","11.951733417009356","4.615234427581321","25.523559604413187","57.186225318526006","34.2242526645748","38.59946895491207","9.356339406122732","202.3029542766352","19.47406558824876","77.83211159964571","1271.8188939487961","3015.2740286865633","18482.55573023195","7866.6291665320805","Industrial"
"pol-563","Madhya Pradesh","Bhopal","2026-02-02T01:10:25.356Z","121.67435699629652","158.5949960158245","77.2901053441992","4.926360927506966","40.03100229999343","8.282133534448732","35.590667766191366","35.31615726630722","6.2727560894826","148.88545626443442","28.49583997988326","88.29070212422141","1117.437275471663","5312.726754931082","11540.411312462753","2399.752928586679","Agricultural"
"pol-564","Maharashtra","Mumbai","2026-02-02T00:10:25.356Z","191.59225066878335","28.63416298095024","70.65171506664372","8.519498051348508","3.2087384583300347","27.639267619423702","28.70067487990886","57.9124987521854","0.16526901427846574","157.26563661850952","33.68059529401519","87.60635812976822","1455.7268806900154","1635.3264086672825","12263.166804919221","6517.351669075048","Natural"
"pol-565","Manipur","Imphal","2026-02-01T23:10:25.356Z","30.59004667885801","279.97283690925616","8.245156309709687","1.582379332885695","33.92207248668289","37.95002292038529","33.75509561473096","29.522390302595827","1.2156251339026287","285.6752223138084","16.013877526234605","88.91878599930054","607.9723193469","9869.821626008963","6875.13434685467","2143.896615347719","Burning"
"pol-566","Meghalaya","Shillong","2026-02-01T22:10:25.356Z","64.22187380470736","211.23131652989878","13.723781467618279","8.065686567294192","22.712092154527447","94.48364134167208","28.37603271556147","78.71581452282082","11.78367148235902","256.33033501542536","34.65284223487683","88.87882094784004","1291.764438393989","6396.593415777489","19195.735286402833","1846.295264490394","Agricultural"
"pol-567","Mizoram","Aizawl","2026-02-01T21:10:25.356Z","178.379521590221","275.0820581274012","4.546633058611391","6.116246707204239","12.657801557380749","96.28247852661728","37.23173573247716","68.11165660349215","6.205376396352341","54.882922868327626","18.91842734043182","74.4024573541288","1427.8592272650312","3098.557692174353","14147.842229839454","7195.716134611588","Natural"
"pol-568","Nagaland","Kohima","2026-02-01T20:10:25.356Z","190.30236619535293","183.13040897676876","61.19076361421448","6.6558568513255825","33.311138801869966","97.8772995391654","25.97331988996029","75.8957363782227","22.047223573514742","167.90434180510482","15.433638918489075","83.72919910178028","1142.9820836506556","8969.851603692721","2189.1114749620288","4151.291046844637","Burning"
"pol-569","Odisha","Bhubaneswar","2026-02-01T19:10:25.356Z","27.115538849431008","123.5537500881121","68.84271038469427","9.314250333469351","49.93307549756686","28.312859345744158","36.69512147709044","36.964252338440474","13.70315046127101","298.4322550635416","19.277917956379586","81.43071559898853","1823.8575095563474","7623.3094417754855","413.8831442167268","6867.347273039326","Burning"
"pol-570","Punjab","Ludhiana","2026-02-01T18:10:25.356Z","157.0168137346269","103.56734434066655","67.82927892510443","5.982342471960115","18.609074461047925","39.45552252122406","32.07188609466532","60.76178385583826","18.183434813952843","203.53359304980427","8.03783518814098","69.994035347914","832.5363350374555","2861.8323983723903","3155.44793210891","8011.462605943774","Industrial"
"pol-571","Rajasthan","Jaipur","2026-02-01T17:10:25.356Z","77.64600257772965","24.069025183508288","28.978029919746618","8.13242968172326","21.149640735795316","92.08246692488189","39.9930177889549","75.00708234957031","13.168590190438975","235.7658306774908","20.5378463894509","72.04910580163565","66.60710040267736","4787.628005734226","15403.348969992316","7856.730830526588","Natural"
"pol-572","Sikkim","Gangtok","2026-02-01T16:10:25.356Z","197.01736950355755","71.73508854988418","66.94067838795502","2.3136432574275356","6.186638955098084","85.96530004285509","17.08382295133363","38.59637652503979","11.296602451521254","306.9396095242912","33.86606650699758","70.11810896394532","929.6922215325553","8780.533664532808","7902.460048263247","3283.669126995815","Burning"
"pol-573","Tamil Nadu","Chennai","2026-02-01T15:10:25.356Z","122.64866596384103","199.18571758844098","14.211493709725662","9.21166053303711","45.79804046359578","49.692171834502","34.0914496477622","71.86451726449755","7.027817311436044","121.45995750512672","9.777574564711662","92.36911987775441","352.58442451361674","9166.523994366866","877.300067237039","4899.969853554457","Burning"
"pol-574","Telangana","Hyderabad","2026-02-01T14:10:25.356Z","9.40162020794335","179.4437141640762","62.35805233177829","6.028857399301458","22.214455091850056","75.4936707145642","31.356572068463105","72.76062086248058","6.091061126807992","80.947572143774","10.972559182377044","76.27731852210115","1075.5103378880049","4019.751185557986","14230.997794318238","1726.1989173061177","Agricultural"
"pol-575","Tripura","Agartala","2026-02-01T13:10:25.356Z","197.4852993384258","239.87801365584238","57.9599125051116","4.8278782565678675","19.722136222563304","10.256109438586392","34.229578154367715","68.68097987865804","9.386896094076175","322.9920342812025","34.26023562701783","68.42862072021254","1602.502888370713","6882.627636776263","10160.770723441432","1722.3356379445331","Agricultural"
"pol-576","Uttar Pradesh","Lucknow","2026-02-01T12:10:25.356Z","123.1738309487615","99.33864000186125","38.766689513262975","8.305887331511347","29.670058176765945","48.66981165559202","21.79777637215377","51.53166403543657","14.979046123063819","54.62797634238446","11.716759072906864","89.98552434847075","193.71000364151047","7446.995344889658","9333.19404379093","1191.2028754127346","Vehicular"
"pol-577","Uttarakhand","Dehradun","2026-02-01T11:10:25.356Z","114.37547893414943","137.38012184949258","11.184985675818373","9.344914251308476","41.953862205447194","48.103543949702335","37.99161220547673","25.74531552117616","4.002371478072702","107.14301778208561","9.399971625966895","76.46172543060925","1098.7608023251073","7810.575347264005","3706.4235997380847","7766.00405483984","Burning"
"pol-578","West Bengal","Kolkata","2026-02-01T10:10:25.356Z","68.87722800976046","198.43831041013945","10.731972937351504","9.582437892920929","14.44535048194226","45.956020196207426","28.626037041984382","48.2014232975845","23.315036266438245","135.5340429078296","14.614915582865244","82.8524519359773","1329.2439743300895","9281.134068425106","7789.580526336462","5000.137305565787","Burning"
"pol-579","Delhi","New Delhi","2026-02-01T09:10:25.356Z","77.83939169656485","256.04402271730453","70.15862797022064","8.74876963929024","46.221594950346486","74.393417814111","27.22098530823738","69.91031132815121","1.5523034158304472","39.07215155683689","9.521763989110449","75.04806681901445","825.1990530488793","3122.3984738798026","9065.216949897054","1657.011254476547","Industrial"
"pol-580","Andhra Pradesh","Visakhapatnam","2026-02-01T08:10:25.356Z","11.14915055315322","76.51837875861285","45.755692734836884","4.802614269256255","12.278773394847242","80.61594891098565","25.570027296161605","24.565100213806602","6.6154675150575795","15.414769674955831","21.29440541932911","76.19828794203862","1599.623193606907","9637.38859592107","3009.605449074981","9826.54311321458","Natural"
"pol-581","Arunachal Pradesh","Itanagar","2026-02-01T07:10:25.356Z","27.264560140301253","154.25127657739313","42.562750262360034","0.00041598075713022986","0.630095337177039","18.02834025296122","35.681184292972276","35.80466218568239","21.33603876950873","137.55505306958725","27.13914019900457","85.96329798545543","1482.7974691555262","139.5523441914426","2578.1800859178184","275.0026081965895","Burning"
"pol-582","Assam","Guwahati","2026-02-01T06:10:25.356Z","166.20730666346554","257.63227696255393","18.76043122272586","6.970698471362641","18.193138370792596","78.58689166085533","22.36789782703824","40.4411107506391","10.630143835140714","248.3355227064037","16.614277878140726","68.68291648307658","1621.7811318465142","6013.797435227082","13365.40549325283","2584.4295374847084","Agricultural"
"pol-583","Bihar","Patna","2026-02-01T05:10:25.356Z","191.83946927883915","65.39014294023168","49.580127134949635","0.20391004806377122","40.03971541958447","93.46937064518718","35.743234638428405","62.580007032291036","6.304108062894917","268.29640233499157","31.6354616750496","85.56418387014668","810.0573533254192","7858.087765810621","13576.566726499655","9543.357266483226","Natural"
"pol-584","Chhattisgarh","Raipur","2026-02-01T04:10:25.356Z","14.073370369135718","299.0122267347053","11.462037913597918","4.963336430845027","1.3578911674132776","19.678058590962276","17.151070240159726","38.126075880034975","22.202058648400445","107.69321080535121","10.875239525368729","79.31830906979984","1553.4907455875843","5092.628227532686","18091.117550914656","3957.43607610196","Natural"
"pol-585","Goa","Panaji","2026-02-01T03:10:25.356Z","15.745557078016725","261.50915554634173","60.20106331845835","6.14725085012557","9.273013163917682","95.78578001416032","31.34894676897759","38.265778659323225","18.252621260629425","91.64533736681388","22.961244163809585","74.5516915275795","1239.2940871511812","1910.5350103765018","13239.715201196372","6027.27128780225","Natural"
"pol-586","Gujarat","Ahmedabad","2026-02-01T02:10:25.356Z","124.74160435982553","66.53679714694672","45.949707853428365","8.801121222708375","16.577643025450406","84.70733259892172","18.59493679511741","57.63938716394269","9.564125789941835","120.34688625200407","11.019601515911924","80.87289269375809","470.52817417739567","3271.2012299173766","19708.223294000396","9178.532075844849","Vehicular"
"pol-587","Haryana","Gurugram","2026-02-01T01:10:25.356Z","156.0621078849034","277.4233842739339","26.716776472122838","9.366382914498583","48.859759411415055","91.7607798957777","39.412631877904445","61.39274190538482","6.791435074975744","95.36960292695704","12.228557751222326","70.08373323450658","1534.1494244713622","8598.553289956699","19665.110893925823","1225.1913628763377","Agricultural"
"pol-588","Himachal Pradesh","Shimla","2026-02-01T00:10:25.356Z","46.663636995122346","73.97854568841315","7.289628230292617","5.982669885318104","21.991753187723646","82.3108197960521","15.405088097602391","49.96732891913901","5.603886438437625","146.78047119146632","33.37232623902068","78.51978312648757","1467.737607547325","407.66327284991746","16668.487254862317","2494.0869715660174","Industrial"
"pol-589","Jharkhand","Ranchi","2026-01-31T23:10:25.356Z","87.23011132351009","289.13270464721535","44.159632147988226","4.194525847344725","47.409415870108305","1.0566895938670329","22.32643050110502","65.83834496484681","5.194743773765998","343.405258250068","10.88276561913611","89.322992442891","423.3622981528822","9951.533176705003","18793.744668138912","746.0878851069052","Vehicular"
"pol-590","Karnataka","Bengaluru","2026-01-31T22:10:25.356Z","10.785175269775472","111.68576448729026","63.840231697799766","9.747354744092734","37.32362655469566","94.46704181768725","38.44871963268649","40.88080057106832","1.1414099205565076","127.92040198907301","13.463531470163119","72.1112268893347","1811.2976404179253","9712.08419151921","19074.85973904541","5428.364800462458","Natural"
"pol-591","Kerala","Thiruvananthapuram","2026-01-31T21:10:25.356Z","19.157051181467754","146.74292996570904","73.40139855424704","2.7127317628878833","4.842410933006736","25.025181598888523","22.340595066658544","48.490199094564076","9.531068602029782","116.14408512926126","8.299717881623716","87.55032553578147","559.9406936980398","8338.624416103221","15800.352502155867","9478.919494467053","Natural"
"pol-592","Madhya Pradesh","Bhopal","2026-01-31T20:10:25.356Z","29.709720727121415","269.06847902934425","47.43963376604135","0.34118954839031046","9.335435906713007","71.8979306055667","31.64295689730543","49.03788123102315","16.623518327777575","267.879984746104","24.94971941792918","91.14289297513922","1758.661522385522","9903.211483658628","4037.937891779324","118.9980463472018","Burning"
"pol-593","Maharashtra","Mumbai","2026-01-31T19:10:25.356Z","167.33098646658132","86.0932651130884","59.71857241685204","6.147503077225501","39.1291847961475","11.189854084326733","20.007293436288386","69.21293570594472","16.214809110846975","249.9023416914456","8.234407213557938","85.62075515403149","380.6618430613007","3390.2827021762328","12802.709210911938","5212.6598724258665","Vehicular"
"pol-594","Manipur","Imphal","2026-01-31T18:10:25.356Z","130.44660581852904","294.6696081839213","32.22040022256102","1.5165915487608173","29.341051459826428","19.11711982790113","32.169951617639654","76.02120003810609","1.1327928584349667","119.48549027519547","29.616099350978235","69.93472267260196","882.7119223449322","6141.619384016654","18541.706151751416","3354.181159422869","Natural"
"pol-595","Meghalaya","Shillong","2026-01-31T17:10:25.356Z","78.95785174548016","182.1405653366054","73.20371225988842","6.543597396502223","48.23207683666572","37.49797276974544","18.146161968889626","42.76620862689559","24.88830310573903","119.30046317484354","9.239803664886256","75.2037207612154","534.9178072578642","997.2022397564173","2934.8699608083193","9307.182247877743","Industrial"
"pol-596","Mizoram","Aizawl","2026-01-31T16:10:25.356Z","91.385768732799","241.5139039320621","77.69658924696932","9.944436829707321","14.731351786545327","15.9765018183473","34.945280047325866","32.93047011640134","24.184404262266295","193.5672665067794","20.283250821725808","70.56312089245344","235.54105617613175","7027.929498202165","13636.725314026604","3752.0240126958624","Vehicular"
"pol-597","Nagaland","Kohima","2026-01-31T15:10:25.356Z","30.30396038097709","15.795347833629226","56.22419539735261","5.785716596533272","13.784269275399192","77.73107171667736","28.170656717465576","32.04626420715073","4.197739093462394","231.64157546148672","11.57908497932198","89.52969283283363","1275.4370788321985","1963.9465747633644","17890.52208892856","9868.200039917081","Natural"
"pol-598","Odisha","Bhubaneswar","2026-01-31T14:10:25.356Z","162.92930392736346","262.7697573284229","19.509776262587373","2.2404534961291187","26.02942310544115","69.22915746392889","23.79995485441644","29.14595661924733","6.995169320347971","27.1326944491707","14.314049155538019","71.51597840976639","1376.2793933443636","4405.714697850178","11314.859437933956","7729.31335387519","Natural"
"pol-599","Punjab","Ludhiana","2026-01-31T13:10:25.356Z","125.455866299767","22.271100534042876","4.803291449389739","1.5254070915534634","34.48933868132975","0.01654068657799268","24.059507640045094","41.44202193239667","12.275226426144567","285.04257020821495","34.88083469268992","84.62470849236729","1152.931838642047","6136.944535040745","19991.36930666452","8049.252725491047","Natural"
"pol-600","Rajasthan","Jaipur","2026-01-31T12:10:25.356Z","160.00968240364475","298.8012383403531","28.679083227820623","7.001068789640955","22.449517913838786","39.32660394523177","35.799951348727454","59.19049321944816","12.017603645867064","102.83492679364413","15.182292385996167","78.57671001413598","1487.02106290461","1190.6566291933595","7882.225399379537","6370.543663447307","Industrial"
"pol-601","Sikkim","Gangtok","2026-01-31T11:10:25.356Z","132.28985317151788","292.17880770553444","76.60438228827798","9.321682413209277","4.907310931528286","18.719065786312527","34.66185862234693","21.996475701377364","5.3260564059306095","132.28780658305985","19.65657285451511","75.63678990997","337.57930278094904","4941.125225943529","13611.811726058442","1549.177952159685","Vehicular"
"pol-602","Tamil Nadu","Chennai","2026-01-31T10:10:25.356Z","148.9440791157112","17.38005279289654","23.488101025076","6.767675945524009","5.258560801042056","54.87727945586974","20.00830165396851","79.22747668173068","21.658950824011292","200.78387131848584","20.13347523180285","73.26228830439946","876.6614005548726","9503.299328370958","12511.489065180718","6350.402885968638","Natural"
"pol-603","Telangana","Hyderabad","2026-01-31T09:10:25.356Z","67.84754113184823","181.9197828014515","68.33634088538993","1.2803743716942695","37.36596411850199","73.39275942165696","30.483736765606174","58.11280723873401","2.1016066839171508","101.22905075154603","25.805065819150585","78.0974302443647","1056.4389849240363","2.6489806845508834","19336.82323618853","7252.732807356874","Industrial"
"pol-604","Tripura","Agartala","2026-01-31T08:10:25.356Z","96.10668793355394","78.62347175802743","76.74353929216475","8.562023305631412","10.644249172417902","95.41681804930519","30.744652055108276","69.30241724583269","1.6717877237417855","111.94682404670053","21.440723854215474","88.03788924780415","617.4449965077629","1714.2003310094133","2620.1624033212447","6880.20260296109","Burning"
"pol-605","Uttar Pradesh","Lucknow","2026-01-31T07:10:25.356Z","50.90101986072797","131.27935630353244","33.36406961471472","8.756165378963171","42.86768048978646","50.228220398380806","36.24845547553571","44.77756659708943","3.1775793136867376","283.24127976306636","22.79351625823608","82.7252284322266","1974.9224328050423","9375.471426218728","926.7780870113662","9134.29477275423","Burning"
"pol-606","Uttarakhand","Dehradun","2026-01-31T06:10:25.356Z","68.13708079096672","202.87407652753035","14.245710672741234","0.8609602382316306","27.121589557594355","36.70284566996305","28.616099612191274","23.48679888794574","6.56357182576787","238.76306095425605","25.602529896345732","83.98624311621546","1805.8088688640046","1958.1720870123477","9431.137319023735","2403.239054559159","Industrial"
"pol-607","West Bengal","Kolkata","2026-01-31T05:10:25.356Z","14.732330687611705","276.79280435192265","70.33032446284975","4.725697617432093","49.69804080830308","99.54575922516797","37.45783953825736","36.13245701466238","12.037123500361382","320.8517401643368","12.98151265399585","78.47312168697388","1758.100660684201","7462.532784558441","15956.992038889111","2632.2819377413775","Agricultural"
"pol-608","Delhi","New Delhi","2026-01-31T04:10:25.356Z","43.63665063693267","208.2449743567582","29.260131260205018","0.39671166469592456","20.125706365358592","19.744835346026534","25.919541038034325","35.353029952328356","15.625037796501246","52.8384113366341","23.494451181400454","71.57581034648118","123.58723987569675","5847.740417812327","19883.698284380607","4670.449412537913","Natural"
"pol-609","Andhra Pradesh","Visakhapatnam","2026-01-31T03:10:25.356Z","133.86112751387094","280.4399564616867","14.27141153076703","9.71119602339423","10.163381081062322","65.99392231949061","37.473266211942004","57.12268711023524","8.933805284686686","115.08652829062564","11.484626977634075","68.23571073661371","1936.5455265431349","5829.851670147425","12298.362255597813","4655.670900770672","Natural"
"pol-610","Arunachal Pradesh","Itanagar","2026-01-31T02:10:25.356Z","26.77926839017215","91.5303075682303","22.719949441926303","7.9624483791556475","12.490867155543539","99.835436998108","28.759018877862356","46.87921376220689","7.877557103333896","355.92339079477347","8.99337450724312","76.4423699118998","1796.1756218402086","9613.177074048455","248.48927751435212","8893.184897223993","Natural"
"pol-611","Assam","Guwahati","2026-01-31T01:10:25.356Z","169.13916849324823","23.834478888999755","68.54690199681697","9.683264721435043","25.17223123936045","81.1193670661104","39.09269124864291","23.460942627619005","19.753124352822006","279.725412799999","26.32663367124647","92.8041682615548","1442.6626281668882","4632.744583418857","18671.901084598012","464.26380294113056","Agricultural"
"pol-612","Bihar","Patna","2026-01-31T00:10:25.356Z","181.46490515143793","215.97217169779572","12.756103006464103","9.994420037952727","30.806197055859368","91.6985775634077","35.52976737853028","49.04189752259694","11.17693548164522","2.4362644808294887","31.368863772559507","68.53594769238327","905.702289108389","2719.0795945607083","14376.676291288339","886.809659679556","Industrial"
"pol-613","Chhattisgarh","Raipur","2026-01-30T23:10:25.356Z","154.9414513800307","50.50507255633677","75.05374419638976","9.073497190600946","10.313768788017752","25.236078541577832","22.767308506548524","55.00018995807322","20.872105845095636","96.62055085771284","18.08837496045149","90.12747963446472","1961.1710372313476","9033.572949400694","6467.135650343045","6438.651396011721","Burning"
"pol-614","Goa","Panaji","2026-01-30T22:10:25.356Z","83.03511445499754","174.31810287705827","23.03748247227464","7.75531896152645","6.059854660078012","58.70599201717395","37.35858461327089","20.710487699465247","6.551456090428292","268.30435024711613","20.158249248551776","82.4991705916175","992.8690439211871","9654.859236585313","7384.896645859049","8967.589744962388","Burning"
"pol-615","Gujarat","Ahmedabad","2026-01-30T21:10:25.356Z","81.68036659862561","32.98192254899437","72.56058053350084","1.6373343840965504","18.020375647257552","82.04165249145423","18.583043344578744","32.60154500269415","2.358391961623299","19.22688512198588","14.218609260736768","83.11142895889434","1685.3963040310718","4620.325226379016","17393.009065163144","1424.7664977914242","Natural"
"pol-616","Haryana","Gurugram","2026-01-30T20:10:25.356Z","80.92090876850382","284.36992123385807","70.52122840998935","2.9708073988905737","14.905244815445995","34.79708762888543","24.874625662271747","36.14395393932724","10.151319108962545","315.8661903030221","22.38605266656804","87.99811099040825","1736.0366777649476","3883.942896486177","13291.837303398363","301.15574134255144","Agricultural"
"pol-617","Himachal Pradesh","Shimla","2026-01-30T19:10:25.356Z","43.800185881429","99.57820689492624","57.607856860770056","3.0409919212699954","23.959875997734404","54.7875717365079","36.115995564534266","34.1155097163155","21.802337523087285","18.579073409444774","23.624866353296472","89.69078242771218","327.6743540313236","4307.1700700016445","15370.48220210219","758.7513003400736","Vehicular"
"pol-618","Jharkhand","Ranchi","2026-01-30T18:10:25.356Z","100.03353008584884","162.61827027739514","33.9595559819518","0.28020249103138384","45.62560513421785","95.95138864082419","23.275055358173596","68.72667214716333","18.373055000570503","63.71582120519707","18.59271925664266","73.46102546498541","1617.6841482560965","6681.424435106561","12048.149703046172","7944.6674712799895","Natural"
"pol-619","Karnataka","Bengaluru","2026-01-30T17:10:25.356Z","163.2224863758573","279.2638894659364","4.624636887522735","3.1925568886130815","1.4289780668480356","12.15896184865124","15.634859022703429","49.0686592226629","10.497057647016142","349.02947280775504","25.09025489545944","69.26208583742878","1171.989650727497","5355.04937171526","2544.984589347503","8067.48754818186","Burning"
"pol-620","Kerala","Thiruvananthapuram","2026-01-30T16:10:25.356Z","80.2224560523962","198.27909586967988","27.727148173564593","5.297599832571841","16.78494757986147","8.372572664562927","25.801884882917406","38.76059320635159","2.807282711004491","94.8575247412186","11.879963394910117","76.7930087289198","91.92030755908975","2205.2660989429105","14200.87435127415","4152.365992844805","Industrial"
"pol-621","Madhya Pradesh","Bhopal","2026-01-30T15:10:25.356Z","32.044975304257626","64.66381022566112","20.09966322104202","1.6391865857066257","38.947951007408","14.320058083310073","25.214261036815437","77.69488680105478","8.280962061795053","210.7501274555503","10.03307349217225","92.33269863110198","215.8992805415523","3930.4873598900213","6585.788693639405","5081.735339594453","Industrial"
"pol-622","Maharashtra","Mumbai","2026-01-30T14:10:25.356Z","130.0151535498039","245.41475105397294","39.66604396492989","7.975675897654932","33.095302323222654","28.28876352468206","18.77816896241422","59.59018224127769","15.450355643600489","329.1069191800874","8.032037374533582","89.00275949150705","1372.608029258712","6360.5901146833685","5241.073221646888","6795.1261150440305","Burning"
"pol-623","Manipur","Imphal","2026-01-30T13:10:25.356Z","124.5645046690951","173.2358064116285","9.606692394733773","8.755693045625902","25.3401442974782","60.383630310470906","24.4007241007889","56.85844127934081","15.285808959328623","348.21969652902504","23.462619756275174","74.76174599007061","807.0055685655268","1005.9666251948196","18077.700650832914","4086.439708321663","Industrial"
"pol-624","Meghalaya","Shillong","2026-01-30T12:10:25.356Z","89.7931634069858","247.75958212247008","33.25491986854307","3.1190260642501633","16.21679185380614","85.3226379844765","31.18802758263758","62.706439715739144","15.40534325498622","214.06496825282161","14.691842861822376","74.27744072453054","1333.4834208708533","9796.808438640946","10418.121341892025","1268.2144429363207","Agricultural"
"pol-625","Mizoram","Aizawl","2026-01-30T11:10:25.356Z","129.74222011318773","179.41234613068605","66.33910470992618","7.855684419689162","5.0261253671388895","5.1461012765460445","38.878485081565","25.372852777168042","3.514987026650873","65.74910329076198","9.058500744243082","78.24252023544274","350.8155516271583","967.2279165088993","16960.356135252376","1490.9916095781728","Vehicular"
"pol-626","Nagaland","Kohima","2026-01-30T10:10:25.356Z","172.91353586028805","165.32216331116396","32.31848032977122","7.218029959766101","24.829484960025177","77.08561415757129","39.556632231371154","23.474984792221207","21.229401904643037","36.75400193666385","21.553615624017656","75.30281177639682","109.75533613262711","7919.820661106723","10046.266951634185","2395.3872515595563","Vehicular"
"pol-627","Odisha","Bhubaneswar","2026-01-30T09:10:25.356Z","36.01119590978612","81.9295812993285","21.168648749288597","2.769658933046589","18.31851241709575","55.180412827626135","15.053197892550095","60.424610802792024","9.659345179844998","253.54659931369375","9.137887341724138","87.97606456829605","949.6673856328979","1025.0741744857062","3932.2011346666154","8621.628091779858","Industrial"
"pol-628","Punjab","Ludhiana","2026-01-30T08:10:25.356Z","10.242941674403205","90.65216655777982","18.85420813787359","5.094541858152994","2.492917901469993","73.37479221299662","34.042078982148595","61.55682602955677","21.695618892011343","159.75907289843306","16.385163886608087","82.48420840778437","1037.223759006243","7952.162236271015","2836.7867832914294","3656.129859800832","Natural"
"pol-629","Rajasthan","Jaipur","2026-01-30T07:10:25.356Z","102.55173778263742","121.71483194971493","76.30301655088614","4.48778759958231","46.171233757738925","43.50979299641426","38.775384946406476","37.73659611613553","23.128591793701112","105.33179552882989","20.137918234197635","72.26312118848153","1830.1952279795753","8898.092681520833","18457.40278013074","6855.724486140599","Natural"
"pol-630","Sikkim","Gangtok","2026-01-30T06:10:25.356Z","111.0597360563904","119.11220777023706","42.63758432180772","9.196348522695999","32.06374500169346","27.464267020956722","21.88325834800608","39.647626972356505","7.785079877056517","322.0594545792705","15.93028656445503","88.18717502175251","1964.8471971379583","2878.8373856149997","749.8459797772261","8185.099760801261","Industrial"
"pol-631","Tamil Nadu","Chennai","2026-01-30T05:10:25.356Z","23.06984713034721","130.23131155745958","48.78702363096306","1.8958556859430342","22.90832919824062","76.58103104992884","30.517592527357014","41.58381898588171","21.89628077797168","74.00301852286348","20.249260143180635","84.66276738779487","150.38259896858096","7231.942189314228","16808.636945024336","3941.261651383012","Vehicular"
"pol-632","Telangana","Hyderabad","2026-01-30T04:10:25.356Z","59.997653404303634","61.11022247491725","33.41196315212813","5.276549531532702","10.247192339484135","52.59645759408835","37.12569284416937","20.899909342798075","2.632021977762247","86.39923761512313","12.825648997074001","72.84512881829461","1850.3126989495295","9969.50359996667","7753.22363782333","170.86341791495042","Burning"
"pol-633","Tripura","Agartala","2026-01-30T03:10:25.356Z","30.22311222764371","270.3420202300041","3.097154869804619","6.319889376716972","16.867689917509303","89.19422253863758","29.02344287947638","30.004867795690053","19.411585243501207","42.926651498890834","30.039219064906604","81.01175877292923","1624.5295734131903","7538.009182163133","1637.9174210723702","399.28992142403087","Burning"
"pol-634","Uttar Pradesh","Lucknow","2026-01-30T02:10:25.356Z","13.533604459886227","91.5713263487921","35.22982045761167","3.255372265164312","10.381259154085765","26.193706725741716","21.771898427893053","29.31441066066213","18.964957814671557","107.54704524123832","8.826066791737883","84.67111634331451","373.75460485835686","8842.88357221303","6703.570184371814","2358.7514968164014","Vehicular"
"pol-635","Uttarakhand","Dehradun","2026-01-30T01:10:25.356Z","130.1566955780491","209.51150123462727","67.55681797865498","8.286786157385066","48.75751124433674","99.93372126218051","25.30259516314521","76.65366779904532","13.00343278771175","159.06839989773388","9.872316876723566","81.42231990757074","83.19914511593262","9083.431472371742","822.4465361802124","1744.5241771024312","Vehicular"
"pol-636","West Bengal","Kolkata","2026-01-30T00:10:25.356Z","6.3551639685044625","58.011229269358644","56.142040294313624","7.124494556119259","49.78044625197032","80.90386957043061","30.496244430437557","28.83857276374721","7.385878996751213","295.9091593249243","9.1566547970611","83.96048834548128","555.9736645715951","1174.5411453186782","19421.910366006345","7256.370929991835","Industrial"
"pol-637","Delhi","New Delhi","2026-01-29T23:10:25.356Z","163.2010936363131","284.5746896020804","79.53357922180241","8.2586934661856","29.982306542639837","11.429577873165453","36.73983277548731","32.69220483828547","22.7686552172193","89.22214120683448","29.32010718275137","87.29457405884536","1583.1129029211672","679.5645346965196","10023.295332951044","7931.048440405729","Industrial"
"pol-638","Andhra Pradesh","Visakhapatnam","2026-01-29T22:10:25.356Z","22.335473555379814","107.64099445966735","51.348212472344805","6.916096540690773","19.272221861990896","74.50592429865782","30.73427089375137","64.35960578441755","20.711196494782016","215.3597757401674","31.920348257205543","70.5912342025062","72.62781770971128","1339.6938681988825","16109.491711992276","5746.287141024426","Vehicular"
"pol-639","Arunachal Pradesh","Itanagar","2026-01-29T21:10:25.356Z","146.2938456176801","103.29328792360356","18.315359418278774","9.233453636381913","16.23562205098287","54.003860266008296","24.895111250993494","44.29309239240852","23.75065031085664","323.2471393011732","8.773404768517505","92.7159288599405","958.6931360568667","755.9053680783289","955.4733670894544","4071.6552040053875","Industrial"
"pol-640","Assam","Guwahati","2026-01-29T20:10:25.356Z","61.29862895805087","76.84137192202655","39.47557900893795","8.267365046249543","38.3613791136459","99.40756463233906","23.49634823287903","28.783327648417654","4.438562470127022","240.74588182407626","33.605868751220896","81.91104519672045","1926.6316455548133","6446.739109803733","1243.4085884552637","9230.260250084788","Burning"
"pol-641","Bihar","Patna","2026-01-29T19:10:25.356Z","183.49154743343263","166.8919312706944","48.662826124754005","9.974012328449383","10.882992573241962","22.855591675015706","18.68597703054931","32.43940484143728","7.920391186523493","179.93032097435017","10.513696518127842","90.65100689529501","813.6978302625331","2802.11301247439","10114.864393713746","9618.381580528565","Natural"
"pol-642","Chhattisgarh","Raipur","2026-01-29T18:10:25.356Z","56.87412377537324","197.5605220955907","1.447893841659429","6.901188290738228","44.50043608248443","32.87758636297008","15.135441431063688","45.02276101708939","7.280499131012022","84.63755115044664","26.241356071351913","76.9864508608519","1558.9234659090093","795.4530754061428","16772.207118239177","906.7228850632913","Industrial"
"pol-643","Goa","Panaji","2026-01-29T17:10:25.356Z","187.45662191449267","228.1703700674625","59.33167529601944","6.7561576442080415","38.80894273448384","15.521217416525879","16.962421431841214","65.26022364170848","22.401773296549948","201.6497740947329","14.217499461348577","68.06650647865939","1927.873327574409","8186.947272592998","14100.131628871188","3921.428199388104","Natural"
"pol-644","Gujarat","Ahmedabad","2026-01-29T16:10:25.356Z","195.99296689623935","96.68832440685034","76.43809702379797","1.2472587676532199","4.046775926993002","87.77701166157726","32.95036738307551","67.14242961421287","9.220049727564279","348.3433503645667","25.98863920404329","74.97467038083006","1979.148779875973","4642.925555590004","14504.100616336968","4590.1038567067935","Natural"
"pol-645","Haryana","Gurugram","2026-01-29T15:10:25.356Z","165.37077964140155","117.47895122852123","75.28219819711686","2.861967406161805","14.32994047560035","20.873061412807694","16.331262233275886","60.417431747158524","6.7234026373750115","222.063812728251","31.110528392648337","74.03356622154068","562.7705170348878","317.8560833080635","14772.484274422055","6691.254416263958","Natural"
"pol-646","Himachal Pradesh","Shimla","2026-01-29T14:10:25.356Z","0.557661438457191","13.44400945906824","8.212783913197796","7.616055627124218","17.185682647739704","13.186566289429425","22.84444740037447","36.94040504811193","6.385800689906687","63.71093117605218","15.651789474757923","74.89134350893472","1760.453673322956","61.27073800570426","14236.253332581384","8108.508563373222","Industrial"
"pol-647","Jharkhand","Ranchi","2026-01-29T13:10:25.356Z","198.78693934219845","186.6926643606461","32.95300456375565","1.3136254047021612","39.95339676312339","90.65469853726309","17.814865683025467","45.08722647524756","20.959191113468854","127.57775091596494","21.84892336346781","90.9982637370119","1206.0246332671522","9660.093153621","11747.817447682655","6126.111756291918","Natural"
"pol-648","Karnataka","Bengaluru","2026-01-29T12:10:25.356Z","27.765727789052864","132.5738773485655","72.67350595546448","6.694268791209415","4.398370063928403","84.08425356534337","38.69343505147889","32.85479334331042","13.044638307742886","88.94063749606906","33.19583326700166","77.68516657459121","743.2269772402504","7517.625374112666","16747.182709633547","379.0962126948028","Agricultural"
"pol-649","Kerala","Thiruvananthapuram","2026-01-29T11:10:25.356Z","162.5955106802323","299.35330057613146","40.55102056589949","2.857942853999319","25.727490784195528","8.882392747461331","20.29468811529646","53.54835175907994","23.680714804023708","353.6309994549412","24.03963489291451","91.68972177666946","507.4782045782291","1913.2692892767955","3573.6248476366673","2005.4599173414222","Industrial"
"pol-650","Madhya Pradesh","Bhopal","2026-01-29T10:10:25.356Z","110.7047758356807","147.85283268485665","60.80768771985507","5.852874735809475","27.783395233082004","26.984592703550312","20.198519999983308","68.15595406206671","2.598567241570154","235.51442734456546","20.71203137598343","76.41286762302843","837.5757692907802","8049.299982378378","1456.3368245666509","3132.0369784542636","Burning"
"pol-651","Maharashtra","Mumbai","2026-01-29T09:10:25.356Z","12.090041455631306","79.77796271218193","66.21662737999169","8.348190050566915","32.66967401675737","46.79325121779762","19.094891680140975","69.70874124036001","1.376569692351065","222.75641189821553","30.163019111769618","91.68974598445686","117.0259630584587","8893.618987497746","3499.5659125488696","8960.197699875605","Vehicular"
"pol-652","Manipur","Imphal","2026-01-29T08:10:25.356Z","1.2019827045663956","253.9295798958148","74.60606670601864","7.774675111480205","12.092962212047725","24.194773510292322","38.02480456814139","43.402566309190746","12.199536098733896","324.3247409742128","17.79091236439715","88.23901597950129","105.44709090919469","9142.36864168031","17191.247944958184","7352.775287774743","Vehicular"
"pol-653","Meghalaya","Shillong","2026-01-29T07:10:25.356Z","35.169179272839024","14.536226262983353","7.749970165538116","6.00034082602063","6.696186296768697","36.030193275385756","26.107618090704666","63.771369021415545","13.725132640353554","145.73026603804934","33.43086564991259","74.12355804245225","1492.4475195034286","7813.877129721341","2406.6808278653684","2476.7757643983323","Natural"
"pol-654","Mizoram","Aizawl","2026-01-29T06:10:25.356Z","180.70947335399","8.667909939536278","68.8105996015045","2.4830501422391347","16.677183239159316","91.89576122721034","21.4972736807757","39.45220969179511","21.035667403381016","115.36635094026636","8.725557666700517","81.58974506500843","1291.506559723035","9334.788194658038","5407.672025581318","7493.710135323524","Burning"
"pol-655","Nagaland","Kohima","2026-01-29T05:10:25.356Z","113.7488599643778","63.56583459312917","47.71584465804067","3.284219714639881","37.34392495381965","82.56691211156499","20.835672498502163","37.940320351429975","18.556879981567313","105.81272356875138","22.349700818466296","90.91248684359161","242.071084848295","8901.686149229545","10412.546991093674","7785.984194718542","Vehicular"
"pol-656","Odisha","Bhubaneswar","2026-01-29T04:10:25.356Z","187.86219031999062","141.98354402536174","55.62645812764383","7.237263319845817","5.38808171828774","17.540642366828465","31.66398763302578","25.467155347678627","2.943505503034766","119.92749580797273","29.974910590797652","86.8921205511829","1610.0820727095982","9386.063982563002","11061.620592556763","5544.014192987084","Natural"
"pol-657","Punjab","Ludhiana","2026-01-29T03:10:25.356Z","141.93107741408798","108.03931158158969","28.671825519198933","4.958390324944969","17.7069710692881","10.467776612387569","33.167276740655474","73.1968915959252","7.683706496644188","297.15890437939896","27.743153526336066","68.88086973047061","513.377670847391","303.0952202796888","16462.07791146701","2847.7508106396454","Industrial"
"pol-658","Rajasthan","Jaipur","2026-01-29T02:10:25.356Z","152.7165877236088","4.823098456869213","21.704053978827176","1.7159410291084298","37.60840236323039","85.21435528354007","30.88966705622935","31.462667494616063","3.9560810815893936","256.3952460060318","15.87075028830888","91.25641495507512","1885.53275643176","8690.02116489438","8442.574748151299","278.453298221073","Agricultural"
"pol-659","Sikkim","Gangtok","2026-01-29T01:10:25.356Z","166.15987462867133","194.31249954123697","61.66800453003137","8.22185003658086","22.90073355950924","60.20660361522445","23.54796555684063","67.7710144305631","24.800120367291893","118.55646581249349","18.862545955454898","79.4766602104958","704.7404870437322","8555.061880896192","410.1430954578444","4930.519629350014","Burning"
"pol-660","Tamil Nadu","Chennai","2026-01-29T00:10:25.356Z","22.388672057550174","92.0489760086232","31.819359815883175","0.9473979428572832","19.57447041599526","91.1049781023973","39.65026269287222","43.59562417547111","7.086833949859258","193.34604333909022","11.75666923329794","75.37272172548191","1706.1536924490713","9863.229448009684","18694.932868793658","4421.324128695143","Natural"
"pol-661","Telangana","Hyderabad","2026-01-28T23:10:25.356Z","36.67162824964309","58.20747446567468","12.291087038711623","8.215839400179505","38.32635970948468","51.487236746249366","39.69522156861533","52.419961143176664","7.559383659189986","58.05513250127239","24.056428297558302","68.32969380421093","182.64087402189432","1911.666182862669","2751.591114464611","7373.875619728688","Industrial"
"pol-662","Tripura","Agartala","2026-01-28T22:10:25.356Z","154.7561162623216","57.85124371233914","50.92885168533372","7.719071116286137","16.742404202728807","54.014038767120056","22.533387667905338","45.74107625847801","13.091493713787871","47.78000809721852","8.2001651106477","92.95625382916063","1159.803726230486","1758.546420273276","13802.2970863732","1733.0627775897156","Industrial"
"pol-663","Uttar Pradesh","Lucknow","2026-01-28T21:10:25.356Z","181.31435769787964","208.38948134511622","2.368476310240899","7.580522987147069","27.529237731615325","33.69544132703286","27.22961194216025","26.297141863653266","13.905170032514711","5.028575942199658","20.649201285746866","77.6676995595829","1467.0558530471612","5033.147819624526","19266.685989421978","3028.47633727408","Natural"
"pol-664","Uttarakhand","Dehradun","2026-01-28T20:10:25.356Z","142.6906989140593","133.40463828003053","16.43055324933841","0.8580669884046666","22.104600445132593","1.276047891394827","23.9525851710499","55.072245073107325","17.213852858304744","114.69465972105073","14.5247849480794","78.98454746338285","545.2690264488286","7909.461274596323","15424.726617024178","2862.167716034303","Agricultural"
"pol-665","West Bengal","Kolkata","2026-01-28T19:10:25.356Z","130.4182999621121","157.71803561819752","77.37046211672465","9.386613966271572","12.382142031922072","31.321620810864992","25.8568081413168","38.694386575684334","19.60274568248703","300.0166367301317","25.483902803461895","85.45707508296309","1460.27896554055","3926.6903494295225","6958.72440429822","4615.8582547879005","Burning"
"pol-666","Delhi","New Delhi","2026-01-28T18:10:25.356Z","73.58967188394804","199.30874311486673","2.0450278055602222","7.9079038552717105","40.12391584632209","15.772022377156325","33.064271424533246","29.008933880580294","22.499810452401785","314.3421345329513","26.563404100721137","91.1603612406114","113.59568250950747","862.7713318063435","9637.487716409994","6068.895746308087","Industrial"
"pol-667","Andhra Pradesh","Visakhapatnam","2026-01-28T17:10:25.356Z","81.21068952518513","120.7261618997992","11.261721736545036","0.6995676605622092","42.91238444484542","78.52211002264804","17.65795771168705","59.27575502853262","5.306139285586687","210.08603360845476","13.80380644377266","74.7293562771426","721.0633861739584","8182.7887801679","5565.027761500165","4356.614377875962","Burning"
"pol-668","Arunachal Pradesh","Itanagar","2026-01-28T16:10:25.356Z","83.85667697227377","282.2450660197629","19.928286271418962","2.208067283372872","23.752441981636547","24.991714900136554","30.75420273886116","24.008378911220426","1.8468357491003673","334.85289233094267","15.990323487714079","87.99584486186755","898.6208878422312","6944.011554801911","5526.626333585065","8656.492574847969","Burning"
"pol-669","Assam","Guwahati","2026-01-28T15:10:25.356Z","175.49639695389365","297.9624114611559","5.675755423898146","9.623171079944065","20.966628441917322","79.9919236115264","24.163542378475494","68.31837796300965","7.529226303792052","27.719017697356318","21.31751067611343","90.8346700530999","1055.888944459833","5510.910822787871","16347.108655004155","3493.9565705932982","Natural"
"pol-670","Bihar","Patna","2026-01-28T14:10:25.356Z","79.47964898243455","239.98143321881923","55.59478116787918","1.2630537000766984","45.40615987900129","37.23855730177862","20.086306709865617","30.569512488379782","3.2155147741885077","83.29781257403263","27.239183135487476","77.4630452521539","1392.210241713925","1886.4653849198953","12349.362671022194","4891.726898146184","Industrial"
"pol-671","Chhattisgarh","Raipur","2026-01-28T13:10:25.356Z","135.86047357424488","48.18024800649427","25.556624184924672","6.301447726555343","45.43428778798886","77.77398228455684","19.511913518346795","79.84383140044739","5.61617174383437","233.53802988366357","17.42402941191421","71.2786447076304","476.23499071208045","8980.883040092334","14487.412455048068","4160.5205508901245","Natural"
"pol-672","Goa","Panaji","2026-01-28T12:10:25.356Z","56.73776773266519","252.21188130813465","39.67877449939661","1.6222959487707678","33.51171610213745","64.84154853493929","38.988966727369494","30.24684051201997","13.934664974015604","138.50687037096154","18.04609325987692","79.48585830573012","990.7070016469954","9852.97209747783","11278.054612383825","6534.834862924726","Natural"
"pol-673","Gujarat","Ahmedabad","2026-01-28T11:10:25.356Z","190.98241273134903","9.82347288049833","29.706761449458057","1.8133862863975003","23.67876530915832","25.212847894997815","30.885302228568197","48.80225629458775","9.984324991262831","19.65141437701738","13.030062064803461","85.62420365319494","1597.8126093689182","6583.070918320485","19475.37934171373","8729.060966537829","Natural"
"pol-674","Haryana","Gurugram","2026-01-28T10:10:25.356Z","107.55271293303328","22.860960335112946","3.3199548408061386","8.26863064168996","45.318158552428365","59.886223597397944","33.52976603362171","29.553311043881518","0.09760826380070531","198.15043151362684","18.458114098870674","80.07962934316981","1873.3037001649254","403.00791247265823","4589.893521280946","8026.92183733251","Industrial"
"pol-675","Himachal Pradesh","Shimla","2026-01-28T09:10:25.356Z","182.0799641163158","233.56939105777167","25.910945118813736","8.050278730301956","15.207337231891954","95.18378245791472","33.45045770798615","47.540591095068244","14.934268974015053","174.7212149827853","25.17570360030396","77.1451035095951","669.0013585363763","884.1580741489008","2135.935522772363","8226.399169582997","Industrial"
"pol-676","Jharkhand","Ranchi","2026-01-28T08:10:25.356Z","9.918222653776333","183.52784452751015","52.44411616931035","2.2860661931910267","24.826563629077548","86.0697794821355","35.55273969762645","54.79782279791054","18.82134677398062","56.95904803089831","27.70185588696581","72.94410569261476","723.795455975024","2711.559824341647","9396.5147387855","6730.559424844839","Industrial"
"pol-677","Karnataka","Bengaluru","2026-01-28T07:10:25.356Z","30.27987986844436","205.8677781250231","35.50158465960645","5.395273305183742","47.5647857649593","19.58024540394251","32.40775791088106","55.39727750074254","20.213482455886673","59.0638387453164","29.443729491254448","74.41063496238354","1924.7433024219404","798.5673834536456","2769.5393806688817","987.9469579896338","Industrial"
"pol-678","Kerala","Thiruvananthapuram","2026-01-28T06:10:25.356Z","20.394410983644807","136.544186020599","76.08760234216156","1.2106876073779715","8.024648672208128","39.76727493659268","33.77034416896875","34.63051923197668","8.723703441202723","164.78758012590276","18.85827887039926","87.57653609071684","1238.9939331006076","5567.992666741639","17885.298515483766","3773.266832941433","Natural"
"pol-679","Madhya Pradesh","Bhopal","2026-01-28T05:10:25.357Z","12.359473796649656","42.82549170761064","20.830318152866614","8.756289156530473","8.49346187931967","30.85858809577423","15.69225194442167","71.19246090800503","6.809980941036786","286.84052277344665","22.292433144460357","72.34329507562687","1768.3746204264105","7063.758377825331","12014.352745980865","4272.612903539251","Natural"
"pol-680","Maharashtra","Mumbai","2026-01-28T04:10:25.357Z","106.13253616429294","32.7893297829432","21.64846475666981","8.089148223989373","39.67955858476094","10.54289781793818","34.36391516443669","65.27199590740383","17.62318678050341","61.2171172885735","14.805657953793496","80.66963427320955","956.3042606586338","7241.353109885967","13304.160939654432","676.8466550541841","Agricultural"
"pol-681","Manipur","Imphal","2026-01-28T03:10:25.357Z","146.14983301651455","276.26084707051115","12.13078535709931","0.8558063525733572","28.569081712438336","47.83408632371854","15.441870252895571","28.9085006816571","18.401389115299548","222.20655297219668","21.599867465243914","71.20637135065732","201.17325778864515","6283.1350046770085","18437.990182128062","6444.142638643499","Natural"
"pol-682","Meghalaya","Shillong","2026-01-28T02:10:25.357Z","92.0810801379589","191.37330313742612","48.31145811246432","5.279094796396622","31.471846706294954","33.58815629024963","32.08437854379543","22.66377708552313","22.638966301246498","103.70651492107513","14.141453990429362","82.97946807774306","1574.274669185313","5721.548035045503","12994.465470649948","6297.194519252634","Natural"
"pol-683","Mizoram","Aizawl","2026-01-28T01:10:25.357Z","122.04015074403907","283.2149008401779","40.65367639554509","2.027096005454018","19.626597817174723","27.699704920546232","16.567018007306583","53.78882648754841","14.956653199216625","64.13255558739017","20.213145104376913","89.9011129556644","1316.2592124444893","6004.6915593817175","5325.099687472858","9608.253443292442","Burning"
"pol-684","Nagaland","Kohima","2026-01-28T00:10:25.357Z","59.174070444021254","117.71547934758011","5.235423745445837","0.6414754519815169","20.651707660591352","34.54633948276441","35.07300584957945","36.78456942393036","15.836567712997576","33.07286073772541","11.330740077718012","70.06425803781882","376.19131323270284","7010.168618836819","13744.147835760325","9010.78845448549","Natural"
"pol-685","Odisha","Bhubaneswar","2026-01-27T23:10:25.357Z","168.65291343291005","16.312891451921896","25.17811631673321","9.00816423886595","32.99343034422966","64.83100562514264","37.893522434787364","27.02885509723968","11.201366047519231","355.02587167072636","10.451472576184045","71.8342116934435","135.23840925845133","6537.260586961511","9222.429692774958","1537.944559567217","Agricultural"
"pol-686","Punjab","Ludhiana","2026-01-27T22:10:25.357Z","169.49302815813704","61.666345650487806","60.018717735587416","5.801995353690149","19.619707389633987","16.529889152080358","18.99695746187861","71.50114761791681","21.344104883300634","98.4750629460732","26.276818249613548","78.15226666107513","728.1595800205756","4889.175258229362","1881.5780652175506","9357.905968427696","Burning"
"pol-687","Rajasthan","Jaipur","2026-01-27T21:10:25.357Z","17.447723113415","214.80141253393597","63.40220652230214","5.445461757779907","10.657294975130178","46.79215644138295","21.26003345732688","78.64393233332993","16.172287106641374","273.1711044542877","35.10294632381356","80.83781662708986","488.7819925189756","5714.731397154429","13611.100553640574","741.5770223957785","Vehicular"
"pol-688","Sikkim","Gangtok","2026-01-27T20:10:25.357Z","35.6047142390227","112.65434681481244","43.29644113756573","6.784708964803556","36.24825192558724","99.379611838293","18.485822601387547","40.79022433420157","3.5514948789261034","243.63128475538275","10.64395949598299","70.61422723462381","293.92436791978093","6677.665266461502","15498.01767855712","1877.882528829522","Vehicular"
"pol-689","Tamil Nadu","Chennai","2026-01-27T19:10:25.357Z","154.96333777641254","87.37376453307277","32.63440511391082","7.785195889463223","32.82695577833491","63.69093422933193","37.474476336786374","60.21010627393826","5.609504738629875","142.3107884052074","18.82096203512233","90.77780852435409","457.2673852398337","2677.3572794460742","19796.77935725667","8872.662697823069","Vehicular"
"pol-690","Telangana","Hyderabad","2026-01-27T18:10:25.357Z","156.63761631638954","62.23534764918954","18.32945652259374","8.069090577944346","40.176923626886726","3.9082058635950268","17.147367783145388","62.306351355675964","20.52182010812553","209.05572236248943","15.302319756295109","88.43311169670484","445.9165854914426","3692.0656062101975","11452.413991825739","2148.25512338798","Industrial"
"pol-691","Tripura","Agartala","2026-01-27T17:10:25.357Z","196.77646722967253","22.1493916166021","4.345617550290699","4.7207623992232195","3.4041965973531543","83.92179914394845","38.190728146618426","58.93563577179984","17.247969005647924","313.3457764528459","27.95750067670321","79.77202154564158","145.96642586992868","4786.127658349986","7059.793644366652","1629.3226712363296","Burning"
"pol-692","Uttar Pradesh","Lucknow","2026-01-27T16:10:25.357Z","78.58171078397358","138.79928636067882","50.421186071535544","7.240505463241549","24.387014536638347","35.643522056248564","29.01516461703357","74.3908619030894","7.5054937545147915","212.0517892022687","28.999817054605373","72.93964817960277","532.043413709365","3237.1226260655685","18282.272506091096","9775.34959614804","Industrial"
"pol-693","Uttarakhand","Dehradun","2026-01-27T15:10:25.357Z","132.0092419549631","145.923934588289","35.01788543569377","5.493020596145763","34.75099563050885","99.75950615873145","31.870798601395062","38.77521070459155","4.733564182286323","293.42478018796226","22.908804288109234","86.46497004572369","669.5883030171196","378.97042615832044","18539.051205522224","7652.839570301941","Industrial"
"pol-694","West Bengal","Kolkata","2026-01-27T14:10:25.357Z","144.61387597453515","289.5735118489458","39.32257415104075","6.434972127904236","22.132655689823366","56.827441199984364","15.428195628641289","46.50818412770836","22.800190714888288","319.1865384475585","34.9074145027289","74.28632625674476","1554.6990675928532","7770.605970653132","4710.16335866191","2627.344694984035","Burning"
"pol-695","Delhi","New Delhi","2026-01-27T13:10:25.357Z","132.55579560091286","45.267813172744894","31.573807305465024","7.635173448386253","14.704299464475346","77.04903136648689","35.50925224961661","76.22988698418169","18.021186131263246","322.15386491624974","14.355914161519728","71.36889889847902","1574.0494457114141","5517.793510853712","8434.904732655099","3071.4946246841","Natural"
"pol-696","Andhra Pradesh","Visakhapatnam","2026-01-27T12:10:25.357Z","193.76856036885465","118.49721125307312","14.110095507530502","6.450520293313157","49.41075157837292","28.472698527643125","35.72267430149647","31.869206154120306","4.3289648589600995","41.761858243559104","24.47656009400478","85.13735953156909","637.3697903571136","6068.931416316739","16052.607258715148","9900.189376017548","Natural"
"pol-697","Arunachal Pradesh","Itanagar","2026-01-27T11:10:25.357Z","104.63727060448534","225.90667434636455","58.07471748438334","8.859939697444654","27.90265627836136","81.66429961624694","28.203463358037176","77.48710219803063","14.355805197761025","187.3548277544547","9.693060637524907","69.44448611255291","842.9738697210892","7389.290780632726","4055.568290722407","3613.804179679854","Burning"
"pol-698","Assam","Guwahati","2026-01-27T10:10:25.357Z","23.878982314370468","155.46169366125056","54.07586719770249","4.8517683338124185","17.834373829680562","62.390413910029054","30.614567207454147","60.63690193025027","11.788286581177253","259.85412391991997","25.729656425231358","72.76436699607173","170.131317322773","3046.9722627303177","18317.44508603374","8773.22701682626","Vehicular"
"pol-699","Bihar","Patna","2026-01-27T09:10:25.357Z","151.80646198850556","8.819284980394304","34.6909704170758","2.4929158840457033","48.77933466187539","58.910049270901375","30.48275391796022","66.02149176727835","21.77632086875806","275.7726570360057","18.181492535956508","90.3831993210215","561.6916991765754","6902.039209384558","3954.94392330104","9758.338220956595","Burning"
"pol-700","Chhattisgarh","Raipur","2026-01-27T08:10:25.357Z","107.87670947551385","96.00860196983692","1.7044093593125176","1.8232625624339494","19.653584913567308","1.510016891907684","19.208884412046352","22.06193294802113","7.033037053303259","95.85609830187327","25.739277278942506","76.5667179376374","40.262862921327084","9572.065508455007","2648.6606711452464","4125.7646807738465","Burning"
"pol-701","Goa","Panaji","2026-01-27T07:10:25.357Z","154.4496261793139","50.129578589266465","8.052604978427276","4.635157026046217","7.411398065047104","7.32492639372313","26.717094431795633","57.79433943040051","6.169488026111184","135.03861347815277","21.949710853333865","84.43569895398136","1122.339823247521","8792.657897809191","14892.520507539295","4761.947264784481","Natural"
"pol-702","Gujarat","Ahmedabad","2026-01-27T06:10:25.357Z","113.94928293182294","167.6364563176033","60.59105177241226","6.083617319271494","49.33934579062636","6.543495500216667","16.685384840330414","71.4199113562452","13.613902655635565","94.46888270604603","17.799768238877444","71.66451058186244","113.90815243600927","9098.00290534694","19422.04920378553","8020.088980793763","Vehicular"
"pol-703","Haryana","Gurugram","2026-01-27T05:10:25.357Z","149.94422380819415","230.23461402305227","42.149314371774544","3.5612757003040296","39.32962457370745","91.87168464959903","30.834614705808193","53.44702706429389","12.033595321671303","189.8540638471368","34.45478409612734","68.58789214571412","1427.6731920884813","1545.9269617926152","16506.48502009683","2463.100792977343","Industrial"
"pol-704","Himachal Pradesh","Shimla","2026-01-27T04:10:25.357Z","40.67544767037852","125.44652641950776","62.99632591618878","9.735848126262415","28.834602517299672","38.71649684302753","36.86164273972217","46.69341672237882","10.642847895535951","104.01656165942941","18.827764599378668","86.6421680618181","465.4413764864098","3106.442341347855","5933.027639915686","8607.16655870358","Vehicular"
"pol-705","Jharkhand","Ranchi","2026-01-27T03:10:25.357Z","150.57494465612743","225.4426039862206","26.10673114045751","4.716929054822949","23.08198615720175","28.66301294642969","26.88116841155207","67.08739047525091","9.35058683963583","320.90874337162774","28.66621130921295","86.02582638352493","1815.6927871749847","9209.13288184842","13090.826610875232","8862.64327470975","Natural"
"pol-706","Karnataka","Bengaluru","2026-01-27T02:10:25.357Z","152.11448813709674","170.16777875260863","52.78770545599289","5.708245652267635","49.119204503508","2.7206828538901107","30.0377324743854","60.639327931419515","22.317823221969615","280.59611778646655","15.067861869869105","92.83496182444398","860.7497963988753","5609.866530924585","16471.115198402724","5429.321791770955","Natural"
"pol-707","Kerala","Thiruvananthapuram","2026-01-27T01:10:25.357Z","142.68830593559863","2.4025206008027156","49.89455892693645","6.563794269812181","47.61521640802485","93.42173808927554","24.027610830393705","59.5886054261176","10.746234309813122","170.882470896017","15.211257941850743","87.03100605341555","1475.493025076628","6944.099329147228","13644.026832075022","6601.168307776492","Natural"
"pol-708","Madhya Pradesh","Bhopal","2026-01-27T00:10:25.357Z","106.22624340079851","293.8315850523813","44.441576784882095","9.947009743961848","35.53043449906064","36.2918599819114","31.452036413850283","39.65304017753683","21.255831167460993","108.27888008942178","26.990538807637233","85.2053831187751","1441.2151963202293","869.579398859055","11266.939504237014","3593.8359701625754","Industrial"
"pol-709","Maharashtra","Mumbai","2026-01-26T23:10:25.357Z","138.90040320801705","189.930486378897","65.36305306019949","6.4766626396706615","49.01398490940974","22.502137904860852","35.27486296894332","36.23869950726361","3.000079526320898","4.713726532292828","15.604414052860818","84.878470064681","1915.567802184201","4960.9254737906585","6912.053128071853","333.0948247418863","Burning"
"pol-710","Manipur","Imphal","2026-01-26T22:10:25.357Z","108.62265942925818","57.88417608758446","38.115818107748964","2.8167796159473557","13.841267087361553","5.711758359111297","19.497205204682956","70.81182094739745","17.018744490340797","32.91854771621013","30.78795105581108","89.17377537069004","42.24682313862438","9222.822493974632","18203.70932759087","2589.959309653237","Vehicular"
"pol-711","Meghalaya","Shillong","2026-01-26T21:10:25.357Z","99.8934559654697","109.87125921873411","64.77108780764132","0.0761441121005324","1.2647460300999946","58.46752463420625","18.684503612453632","37.71242335208945","7.416282895939089","62.96529306971165","32.134165565967955","76.55218243927794","987.7948867925395","8354.533086473553","9121.213247399795","5567.891676140283","Natural"
"pol-712","Mizoram","Aizawl","2026-01-26T20:10:25.357Z","105.25059477320175","145.65977052583472","8.651150394530234","5.594462231476656","45.011508163914115","40.49511172700808","25.860043195123104","37.35518675347554","5.738675965959803","240.01003760444365","27.831753598829874","80.67428504075214","1381.1707758470611","4859.230905644379","958.4349361470435","4152.841708509546","Burning"
"pol-713","Nagaland","Kohima","2026-01-26T19:10:25.357Z","25.507368211815518","238.56610994710073","6.286205712330499","1.8214164765756558","1.0354591120560586","25.020772690897385","21.17612951087162","43.23535926870082","6.24992879580534","137.10948151104787","21.08413826101158","76.78846538334874","81.17819576694218","5419.136401671374","8739.519552590118","6517.159034630714","Natural"
"pol-714","Odisha","Bhubaneswar","2026-01-26T18:10:25.357Z","46.795821081488384","232.4530258852674","25.363166500642773","2.2001647225645247","8.294261906310119","44.214838607086214","15.40648535750917","52.02203607283478","14.782163656844954","326.5088267248861","25.870169590921293","74.84167499946513","1810.4882825017514","2297.1732582088634","11294.222469441078","7579.685989037835","Natural"
"pol-715","Punjab","Ludhiana","2026-01-26T17:10:25.357Z","67.03138491566708","133.1412259959344","35.46408079738132","9.585536743748062","19.8993450486252","3.6452212906536663","33.21222835504146","46.727403707592146","21.548869913293828","323.8925532844378","24.738656073662018","91.1204650628084","1936.2488723132076","6800.560192170216","11098.16782476504","858.7823340595335","Agricultural"
"pol-716","Rajasthan","Jaipur","2026-01-26T16:10:25.357Z","130.02864150133837","298.11305189602416","66.30049244307432","2.4914198277525346","34.542275854880046","33.167733447692186","22.970405835122605","66.80212808057149","3.1521284244970915","28.201057480263167","26.86860047144655","81.33409050462306","1047.3784562917415","4911.375640873163","16361.961725780646","515.9470694712098","Agricultural"
"pol-717","Sikkim","Gangtok","2026-01-26T15:10:25.357Z","124.57053701286007","77.74994482384268","9.13513666866578","9.299270605464075","31.127388526844985","2.754538285348429","32.129029570787736","72.29328984211799","6.998756994447961","67.38888305482897","11.001437600618742","87.82549499114423","1174.7779577674335","5072.952846308566","18817.07666775653","3795.9241205145113","Natural"
"pol-718","Tamil Nadu","Chennai","2026-01-26T14:10:25.357Z","168.6865926973005","204.33256735535193","36.32716782119478","8.130242872250923","31.803996646949983","11.92920413327192","31.568385791111968","59.84216437412498","22.36977195444306","81.33762344185914","33.42629133607567","69.11308839284543","141.0929999635957","7590.611317874029","6579.340437145788","1588.9254667788655","Vehicular"
"pol-719","Telangana","Hyderabad","2026-01-26T13:10:25.357Z","105.68673494129301","151.44845873631152","29.102455353755936","9.813823863672255","11.980219912594675","89.96271958734613","15.910212885547168","58.37387990912906","4.569043441791446","216.37307414616876","23.499511034391205","85.37785263858505","923.0191877271133","5584.871885193085","1279.125125296081","2895.915912304523","Burning"
"pol-720","Tripura","Agartala","2026-01-26T12:10:25.357Z","151.9640481534028","106.17626387695532","9.48388568213181","1.299848382040053","2.7615603835948077","2.259883653392314","31.359635482581176","72.84241159189207","4.479688267595922","301.6673106505923","13.810019608707238","91.8217712298712","1863.566085490276","3458.32271118528","13682.60557632957","5884.794294467393","Natural"
"pol-721","Uttar Pradesh","Lucknow","2026-01-26T11:10:25.357Z","27.105231671742793","94.63354029449727","55.16186818595231","8.072622189206438","16.547044580207288","61.638633462567746","18.109167420954233","64.70770745731264","21.077171626826022","356.9068703253705","12.170067887891156","89.40964498097998","285.2590858528592","7796.259535130582","14897.78477811101","7633.4031860239975","Vehicular"
"pol-722","Uttarakhand","Dehradun","2026-01-26T10:10:25.357Z","142.7601172038046","67.12694238081978","17.08800985910458","1.6290685729859733","39.27463791922144","79.31417173925041","23.68655833723421","50.731189755626566","4.706078651013374","95.52531458846714","20.092167799276492","87.59715748035636","1462.7629230869716","7316.432805854919","19512.15979933091","5867.353266790986","Natural"
"pol-723","West Bengal","Kolkata","2026-01-26T09:10:25.357Z","45.30978873002969","243.34897835774106","51.697054502295686","0.263531511425672","15.316272547508685","54.033615941956135","28.621012036949438","55.24597037056886","5.848756257674031","253.42691235063498","31.526280321501027","85.68692576112849","1577.3511044761592","4657.066379119934","17427.107819761102","9850.080812189533","Natural"
"pol-724","Delhi","New Delhi","2026-01-26T08:10:25.357Z","177.93086243613155","210.80622117119526","54.56825619552153","0.09028194203320683","39.6884294338997","59.106763425684036","15.866772415462147","34.304078753470726","0.10293942368689302","90.1837427042511","20.75920923785604","77.28980152450787","1480.567800777711","8601.221415118604","1524.2453366458597","757.9304833308853","Burning"
"pol-725","Andhra Pradesh","Visakhapatnam","2026-01-26T07:10:25.357Z","154.5188419007423","122.73973877921614","12.88796928600683","1.7560381652460155","41.230456918593525","5.8467137021027575","16.426432100924345","70.73689533400366","8.957812913174035","283.35686348949645","21.84321234723314","82.43331493491345","200.66929254799803","5664.347501638758","10824.282306488187","3105.5048709255716","Natural"
"pol-726","Arunachal Pradesh","Itanagar","2026-01-26T06:10:25.357Z","125.71116616782834","104.7771770984971","74.60537964783548","8.303423222337717","45.73545462464353","61.67554146474724","31.372358171705816","42.48334565195481","20.186099892738863","216.2507714920594","20.32414112598752","91.58204145374023","208.7894315935659","5322.596286623427","9491.1635851119","5534.8950582383595","Vehicular"
"pol-727","Assam","Guwahati","2026-01-26T05:10:25.357Z","149.19078249783547","274.59078003124864","50.0523803115989","7.068349119879443","21.746755840900832","6.461011183614662","31.279661232580825","35.709563917999276","11.749964533338368","123.04085834712492","32.07227335350798","71.0520683024797","426.43542323950714","4003.981723006047","4960.715616351361","9254.571102138681","Vehicular"
"pol-728","Bihar","Patna","2026-01-26T04:10:25.357Z","162.26904220043136","233.01776533334098","64.27190388213174","5.78343802229388","31.192018774284847","21.740100718676658","30.31672556108196","76.82486235567066","8.581589402978688","311.6384129117653","19.632444887666665","72.02872158235304","775.0317120866856","167.01902402966985","17570.2494448394","2313.5589175476634","Industrial"
"pol-729","Chhattisgarh","Raipur","2026-01-26T03:10:25.357Z","58.402795799335095","4.94713683686564","1.6768770172922842","5.359075703813624","30.383796029593046","54.71882213234315","20.272591305681118","52.99450552831415","23.960308352954137","148.65278781589882","15.612437596732684","88.04650167835531","1634.6939433710043","3262.7574467958752","12949.239867552202","7484.920372297101","Industrial"
"pol-730","Goa","Panaji","2026-01-26T02:10:25.357Z","101.32518626729112","217.39766357758566","59.99675302943653","4.181192645040522","13.396886330603197","49.192247347532295","31.17448612059041","39.44384558939022","14.341344270840178","58.55824902104168","24.755625490534946","72.37077427428599","1432.5049852046263","6353.587320990773","5401.459617679918","7514.686986746529","Burning"
"pol-731","Gujarat","Ahmedabad","2026-01-26T01:10:25.357Z","193.2516394159468","189.4387688800782","22.348329018449135","6.457313297104895","12.56726902915557","24.20087891313013","18.90479994335984","66.11165922368626","5.235217193434977","52.8778603656839","23.52539514295819","84.5036681655497","1189.690013221021","7802.220985545977","715.152530993619","3273.345126676588","Burning"
"pol-732","Haryana","Gurugram","2026-01-26T00:10:25.357Z","198.74610111174863","64.12887435373553","13.671683839569768","5.887124379235961","0.5047662154357313","71.283169631984","32.94775417170872","76.89598406997519","10.965805747562365","0.10718607316669626","17.568606967212386","84.39802041417563","1614.5833752385745","7310.632974426221","7148.502013158362","5817.650279295381","Burning"
"pol-733","Himachal Pradesh","Shimla","2026-01-25T23:10:25.357Z","194.69013751296575","234.4999739859767","7.3429038990101425","1.5154589414237951","42.18416981609533","24.285739799250283","24.109429112607415","39.368219322734845","19.293269704411454","304.03953131898805","21.65782102706173","76.41701797024048","1880.8538843224126","5850.540375266533","8955.126529100708","9010.547445762279","Natural"
"pol-734","Jharkhand","Ranchi","2026-01-25T22:10:25.357Z","192.06805971072532","47.79869670698559","66.4653955492252","0.3246019523180299","47.5127354406949","95.43659803948015","32.0320736682489","74.44395998071121","16.044591116279676","4.499889623324984","24.885545514367116","78.75052536163608","249.59175637039954","8094.893257909289","5106.834005192862","126.31603122495672","Vehicular"
"pol-735","Karnataka","Bengaluru","2026-01-25T21:10:25.357Z","48.13664660906394","14.855781390416901","56.380595011979146","5.292644650901147","45.49014480015848","79.16383560284636","30.12230853471295","47.84818442654624","5.106602344911987","142.2806584245937","17.186903636155254","90.96128456496245","381.20255790060065","8969.257920647126","13584.160871658085","9663.305639514441","Vehicular"
"pol-736","Kerala","Thiruvananthapuram","2026-01-25T20:10:25.357Z","23.21825585958821","70.54577329625592","76.40864975440022","1.8473523156008609","32.61072292057826","0.2326910129419435","32.70057833779928","29.867658707301803","13.597461088083312","128.09921230392536","15.706648933999737","69.86410476462524","1909.0037069151122","7059.165035830426","19351.701225789657","6844.261457562357","Natural"
"pol-737","Madhya Pradesh","Bhopal","2026-01-25T19:10:25.357Z","32.7145860302219","167.60742460669172","46.535174261619694","7.252217029514121","46.647326138156444","11.24323494093552","27.285911503372326","66.40450022803823","14.151829891557224","299.91808013936753","29.413888242740615","74.17753070472675","1356.8398659784573","3647.341575778682","17997.793609241897","2725.003006670993","Industrial"
"pol-738","Maharashtra","Mumbai","2026-01-25T18:10:25.357Z","172.15379585133346","214.23789837238385","79.31105749363752","2.216422494011221","18.876803615826855","91.71741878978915","23.004792259531683","74.81905920341197","3.7651734556167797","204.06243442376348","33.35362924761422","86.62406782718853","235.50946008886143","7251.185597594786","6662.275138766991","9766.374072614502","Vehicular"
"pol-739","Manipur","Imphal","2026-01-25T17:10:25.357Z","110.87181612521924","185.31164000494672","49.92484750123317","3.2682471628194456","38.07417785070778","26.36021618551555","28.57361629561901","48.960879994083015","20.57298158796638","142.0609926873614","26.734671239945765","68.67276491178488","669.5089544209578","2850.4454813383163","5878.727957289243","9082.051102468273","Industrial"
"pol-740","Meghalaya","Shillong","2026-01-25T16:10:25.357Z","186.50010990431034","128.53307348780731","74.17632507493123","1.0786323438418743","39.49338262945531","74.89202960137814","28.28924896999493","33.82925398496499","21.588915189174696","241.57716653312394","16.817780460107524","87.6806613192771","1752.7959723263173","435.642992764651","51.37229183672653","3325.0267786646846","Industrial"
"pol-741","Mizoram","Aizawl","2026-01-25T15:10:25.357Z","126.52145210245243","79.71812667975938","67.67242705277422","5.907220813292467","39.50642356297279","49.67766609635158","39.07338367426759","49.4433107356881","5.494358193851595","340.45726276573225","8.664886877902424","82.47634363177819","279.9610074766503","2856.2172853471","17354.69275517734","9292.256065448972","Vehicular"
"pol-742","Nagaland","Kohima","2026-01-25T14:10:25.357Z","110.39154906541549","20.804966002103477","49.89297987126054","2.0332856163818813","21.428731356097767","12.986633664517267","23.85006677165961","26.95110931377006","12.845892301831089","197.54790322565285","15.701281782145614","70.11243567856492","1293.3876083025955","5991.550653590701","5154.012610572234","8352.270623925524","Burning"
"pol-743","Odisha","Bhubaneswar","2026-01-25T13:10:25.357Z","139.49635056566385","228.08798052095824","18.59150273176393","1.2997232778076095","1.6200728455985247","45.30150314919391","18.15665619726611","71.03988570973783","1.1114137019395898","168.0078980427399","30.761387999703608","78.35135817029469","1823.1507693703388","6693.3807185708","8235.461036289244","5654.97773051197","Natural"
"pol-744","Punjab","Ludhiana","2026-01-25T12:10:25.357Z","71.69577926098378","292.2462005977948","15.86774427817228","5.024574134500015","6.203002898080046","9.262949527890852","38.328186515871664","43.33031233074203","22.699703332537116","119.80654901297814","30.30844331975514","90.04746521974704","1957.2860810359277","4339.826934937594","10995.986831882581","8460.710406963975","Natural"
"pol-745","Rajasthan","Jaipur","2026-01-25T11:10:25.357Z","23.002366127632314","221.72553346560085","28.213117284009634","8.87966719555095","10.695548769803398","73.49537204955638","30.984883053945826","39.67524776499415","18.532130989567413","117.53083886406503","13.353673662249076","68.3764374472878","1835.2758511534628","22.69511383560352","12923.492046714053","2170.9556935035525","Agricultural"
"pol-746","Sikkim","Gangtok","2026-01-25T10:10:25.357Z","126.88444508450785","95.67176048336071","45.46259039072234","0.37507456382705584","15.643098018252699","17.87553097722807","28.86069460859006","72.94896760673","19.041518273524915","164.40454045988764","34.44926566734544","77.67348305059645","1909.0448674989445","9014.816998790639","1124.9730359965504","8345.35679792429","Burning"
"pol-747","Tamil Nadu","Chennai","2026-01-25T09:10:25.357Z","78.57793770410039","162.20515341680692","57.72108617664361","5.668314019368019","25.643554140995324","14.15048773742955","25.85515409635041","27.292752097297964","13.316955715336034","208.73946848917487","11.535041990799595","77.15569715367292","117.08520859498583","5481.61496915075","8764.543447460535","4206.848555665997","Vehicular"
"pol-748","Telangana","Hyderabad","2026-01-25T08:10:25.357Z","100.62884987579899","2.5210024654382157","66.04038886654321","3.2340043683392317","4.632421612266641","89.38860444611343","35.27530003780154","51.04427755321994","3.2267855926192803","248.59622748889294","35.888400389095295","81.07293128096083","1608.5845874795086","2139.4384503752785","11827.301657934253","3981.514003701108","Natural"
"pol-749","Tripura","Agartala","2026-01-25T07:10:25.357Z","81.84421991038195","295.7472158925751","21.776974581058248","7.871750045680766","22.63205759046132","78.25188795271588","34.712338664874636","40.99492491678838","23.071543365953506","126.12799437356576","34.402190159972875","74.92483681877354","1396.7626381324878","6724.193395397085","6787.5161251412665","6795.896269687964","Burning"
"pol-750","Uttar Pradesh","Lucknow","2026-01-25T06:10:25.357Z","66.52681967981049","222.31343476000504","72.13319291101699","8.443323592248298","28.144723951906414","32.21998984956862","25.789716233021505","76.47237222323663","15.600018590000781","304.9837769333875","24.942821810682403","75.51196928331113","1506.2227091677814","7907.7996949321905","7784.959320028115","9119.288547676406","Burning"
"pol-751","Uttarakhand","Dehradun","2026-01-25T05:10:25.357Z","67.60578339785414","95.69193097148269","39.48899726401406","5.271800352489881","48.49873823626215","67.07560969004246","38.20063137818343","40.30650182595353","5.050074555215336","206.29003549688153","8.597662036796837","91.14193007739215","233.22390919127355","7147.678724023974","16723.890798733504","2422.793362923048","Vehicular"
"pol-752","West Bengal","Kolkata","2026-01-25T04:10:25.357Z","56.78289432814552","257.6929183133449","13.589672155007433","0.48336835224366936","43.109792573745736","72.10336738453307","39.3680070803733","66.56589955347107","9.082417373895865","86.1475229183157","11.038613701049488","77.52879931497658","1814.1768223577615","1505.7302989577238","5728.309219514882","9907.179722248342","Industrial"
"pol-753","Delhi","New Delhi","2026-01-25T03:10:25.357Z","174.23906285620015","152.77783368514264","48.09035670198775","1.1896777472937103","31.38709152466202","80.05559987904599","16.022983462094437","76.5422688060445","23.694979726885066","38.053160759144006","15.060240229158303","85.86856665365787","844.8897695953375","6540.323448306999","10347.022481425503","2859.6027390144995","Agricultural"
"pol-754","Andhra Pradesh","Visakhapatnam","2026-01-25T02:10:25.357Z","76.26871554008738","1.9184739279185181","79.26129689910213","9.149358336769366","27.435556790636213","46.33139612360133","32.14600247767856","60.797196916234185","6.7961313878853815","85.43564857533327","22.99190779170186","77.9240449053712","576.7447792270988","3728.1591293585693","10742.076748217434","7093.377800036937","Industrial"
"pol-755","Arunachal Pradesh","Itanagar","2026-01-25T01:10:25.357Z","93.27079008813419","84.63639781518907","34.212878469351004","5.676670763355608","15.442220384367623","73.3109952044209","18.469974322016217","27.15119858919155","2.704066414031553","310.12326651825384","11.083905907438492","71.77279743445439","777.0529599131581","4709.0539113293535","11543.484951067318","655.1064082156344","Agricultural"
"pol-756","Assam","Guwahati","2026-01-25T00:10:25.357Z","50.56249387992049","18.12788703707807","52.22812031857067","3.0140880798052674","36.88269832229966","79.81960015769805","36.75775950213968","33.505650396079744","18.29866957495169","104.38518726654603","10.01951441350695","68.63979658428613","895.8815317678526","1222.4773185837323","8267.97668607831","6215.066105032009","Industrial"
"pol-757","Bihar","Patna","2026-01-24T23:10:25.357Z","120.00163910947083","117.50086597196709","15.050033237059877","8.383305022604198","23.995478610634596","77.72314387955758","39.65915062818763","38.08455772133928","3.1058671774399196","67.7401278587775","25.077331245372367","68.95528042586194","774.2657470894023","907.338587135279","17418.573448445968","4666.57377873937","Industrial"
"pol-758","Chhattisgarh","Raipur","2026-01-24T22:10:25.357Z","19.196456995576327","76.77590626356779","66.96808643130015","6.831257317262063","30.145971435202277","45.71498061664116","16.272627747230455","67.73580288109952","23.57718112973296","259.48292086425437","16.41163544464406","71.95691938737525","769.2703392588662","9358.198975080588","6518.790254043823","9411.962681767087","Natural"
"pol-759","Goa","Panaji","2026-01-24T21:10:25.357Z","161.76233046002514","236.7585249236885","48.47245573469709","7.34938239244231","38.67276504250789","85.21094991454393","30.43615340769188","78.20122260656802","20.635821193562624","336.97922864493466","26.992173900948917","80.57917028946527","1594.4035098287457","8375.709634751478","8427.692960602652","3294.228617448243","Natural"
"pol-760","Gujarat","Ahmedabad","2026-01-24T20:10:25.357Z","172.00349941033397","75.70968491898857","34.404286950991064","2.5436187706973366","20.386850400655426","42.23421713562243","34.175762589546466","55.92558444705277","17.905584075277154","114.52934783739363","23.419028151124245","77.61667925725538","1429.0408842069692","8919.41495422671","19361.706205340353","8904.748189525862","Natural"
"pol-761","Haryana","Gurugram","2026-01-24T19:10:25.357Z","144.5659982207212","269.9912656752779","24.01242373535841","6.123987814326128","10.997504906860605","60.387015392222054","20.664854126876445","50.513123414752386","11.116635171808092","295.99388314784784","25.46613308761157","68.00284235362454","1836.3808295394056","4244.584415543058","11368.768317492024","9739.491103733726","Natural"
"pol-762","Himachal Pradesh","Shimla","2026-01-24T18:10:25.357Z","157.1404551238374","161.03211830672362","45.54343043727123","6.283578462764183","34.022567402704496","42.142799755530405","36.466793063737086","23.91569593818186","20.02249818055784","310.0675624957164","24.28515958188734","70.57591150399014","1508.4397975892423","6396.102927813024","6118.661285445599","156.78797825349423","Burning"
"pol-763","Jharkhand","Ranchi","2026-01-24T17:10:25.357Z","165.80304156180625","151.57406539682773","34.645121218639474","3.800263908995325","31.57849647526756","60.58229106454942","37.14826517366127","78.40839737011427","6.4505424861773575","359.63958704191845","13.023437631041732","89.4586306575313","1323.0290379531132","766.8058107993703","5650.8371252806255","7103.922724320179","Industrial"
"pol-764","Karnataka","Bengaluru","2026-01-24T16:10:25.357Z","150.98384429584385","287.7525353571682","51.37603342921709","4.771471226181148","6.066341757861488","25.377290140489183","25.980755995982975","78.30711461732987","11.480030268622976","124.4684181416558","9.886899989795648","74.2165704233864","628.4535805787257","690.4412659734338","5676.554514542598","4985.274786788187","Burning"
"pol-765","Kerala","Thiruvananthapuram","2026-01-24T15:10:25.357Z","13.428987426132654","246.17410926612038","34.070271108270404","1.1509007471560873","19.11487394081417","52.5103061442445","22.22664195253858","55.87880772750034","20.07549853881421","170.94794241145755","9.662548583674333","78.24108187152986","77.7438131335646","5406.399920210124","14511.365236077187","4242.796000441526","Vehicular"
"pol-766","Madhya Pradesh","Bhopal","2026-01-24T14:10:25.357Z","196.8035955712362","222.82461105010637","11.525527114750922","9.580173564670657","15.835031885584055","88.07833912275248","23.418185703789366","45.551429823038106","1.9371777422315162","74.63422431673332","24.96861925239278","71.95695266844899","1230.891004082791","7600.646584414984","15643.915763652563","8576.431691675958","Natural"
"pol-767","Maharashtra","Mumbai","2026-01-24T13:10:25.357Z","50.83320896696269","183.7830401851811","67.14806134741553","3.4566511472524897","46.89138123140117","22.56708879979894","32.792722035940805","35.61407394228492","3.4314139108925277","37.1459673434321","8.627087304650326","80.11369208331776","1063.2965397626913","3181.274879642517","18996.137281066916","3169.6148894588373","Industrial"
"pol-768","Manipur","Imphal","2026-01-24T12:10:25.357Z","9.36415813185494","33.41738474913558","9.855824071803987","1.6613889835279794","37.85359662422065","0.09895018442641623","35.912997062131765","66.31392597305992","12.66807190424635","30.534939712160522","32.81176777557231","78.24828151258704","734.4770059423855","5597.905710959271","5227.465775009401","8169.0035697865715","Natural"
"pol-769","Meghalaya","Shillong","2026-01-24T11:10:25.357Z","33.2382935935865","16.274353677139608","18.72446687694285","8.953004810198665","9.660121986784088","91.557596536585","23.432004613579327","39.2854337822539","16.089303704931375","137.87494458321788","13.733139758170061","85.06998897106257","562.5495578457227","7629.702753918469","7653.150882359317","1760.3596186261782","Natural"
"pol-770","Mizoram","Aizawl","2026-01-24T10:10:25.357Z","41.00257116147732","290.9184568437614","51.6154467536565","7.515734306280075","24.80501903421511","48.844376186314754","17.155277005913444","35.260105449597376","23.328407786541984","291.90189449412014","32.372951288010206","80.34827324678811","1645.6069433795633","916.3179329341176","14259.825737230534","6113.640012031266","Industrial"
"pol-771","Nagaland","Kohima","2026-01-24T09:10:25.357Z","74.74924608991518","66.54604957164597","50.347039997127766","2.9776058945727812","44.03243795348836","17.605062209391598","28.601305595615415","46.57558601276581","1.230209768789331","256.42761956862216","15.57061847314096","81.91749263486908","385.3736147556359","189.85436610823191","7127.322035574602","1497.342959224608","Vehicular"
"pol-772","Odisha","Bhubaneswar","2026-01-24T08:10:25.357Z","151.15554685811853","262.3227657139243","16.20225107170552","4.535868019509043","30.0017455336551","17.15680406364313","34.582104318080795","58.94326034978641","5.492119335844689","105.03159165433375","28.571689376836336","77.2519902507463","939.4697373602605","6876.794814475933","10802.983767203548","4315.485452508701","Natural"
"pol-773","Punjab","Ludhiana","2026-01-24T07:10:25.357Z","33.457819414699166","92.273240201297","45.523473760214344","2.0673490222684707","33.28177953733426","72.99724023855572","29.65561245425237","67.63396143590441","9.109696470560225","195.08088256587047","23.141400335177284","72.98743977819977","657.5642195243491","8774.89298894143","9336.109934137055","2724.794676166904","Agricultural"
"pol-774","Rajasthan","Jaipur","2026-01-24T06:10:25.357Z","166.77389638493787","261.8235565055653","39.210724960037865","4.465055632149505","45.13162762836179","79.03573701292561","19.651114365701584","58.50949052732901","19.65778883759279","211.85689393168295","27.866256348471335","92.07003201546138","627.5262948796658","3937.795113991315","5979.571417483738","9695.063757345299","Industrial"
"pol-775","Sikkim","Gangtok","2026-01-24T05:10:25.357Z","67.85543962362546","204.0329441570286","19.618406013139456","6.368682294018648","18.826639555697465","36.380679869208144","17.297004052062256","39.01890172933624","23.89384148499244","313.3376227368655","17.030155291007716","80.91543340762057","1847.0194905613414","5043.135773975375","5911.939674733704","9826.627108234416","Burning"
"pol-776","Tamil Nadu","Chennai","2026-01-24T04:10:25.357Z","1.5993124099862754","0.12690937753909726","68.8721669354596","6.156226090081098","30.233409147289013","43.257016616988444","21.804945291758354","57.623126164947124","16.29637614718537","197.6593419607777","15.295855908956632","89.67840405055213","1920.1158001155109","424.4815996879803","18583.18516269661","8545.189985417306","Industrial"
"pol-777","Telangana","Hyderabad","2026-01-24T03:10:25.357Z","178.49042540828842","133.03538509107153","71.46776469022468","5.931102790229171","24.776463675534327","60.228267983495535","32.03973646590835","46.71740934086114","5.571694467833613","111.37284084993604","13.053127256929685","81.10775031772779","1011.3053670618583","2073.2757548451473","1157.074823663571","1077.3953895245313","Industrial"
"pol-778","Tripura","Agartala","2026-01-24T02:10:25.357Z","100.13419154921554","97.0399823276238","10.600739208929086","8.934659909489366","36.93352218584371","81.1322564804641","26.27705689638071","28.254287272502836","11.671125233033209","24.598184938696434","8.91376589936474","72.51429857441025","1255.249862265037","8452.774984576812","5763.342845990789","8520.705004918398","Burning"
"pol-779","Uttar Pradesh","Lucknow","2026-01-24T01:10:25.357Z","40.29225995938941","117.41405736634675","40.00761808244481","7.514131494825655","22.828759495645073","75.49997620557592","21.793383362263313","28.50165175633043","9.247951209655131","250.64390430489314","15.880813611020974","83.00232857293135","800.0202392383633","5008.801741414194","18660.17381707976","9376.0021097312","Natural"
"pol-780","Uttarakhand","Dehradun","2026-01-24T00:10:25.357Z","115.35696296956648","297.98463004249703","15.895521350057598","6.813423011132263","3.6612005889430312","27.776075304556702","17.963610862926473","73.66349602023803","21.372071156107037","42.886431606354876","14.506863376454156","92.0206054732048","90.86792069508687","6609.6187636813665","3510.392446709638","9531.870401590948","Burning"
"pol-781","West Bengal","Kolkata","2026-01-23T23:10:25.357Z","13.755479198417131","186.194848733456","30.257820344419237","3.230782343363207","26.106337149981023","81.03675118169512","34.78087321724515","24.598925616015237","10.558903554155986","66.59559690367364","24.371229398655682","69.19580153200623","1500.4440969721363","2903.346910648772","13057.651620111625","7212.130299018031","Industrial"
"pol-782","Delhi","New Delhi","2026-01-23T22:10:25.357Z","31.01064281928494","2.4049098565850358","76.81523191438944","3.828198529083948","15.214996837802259","5.037949746498461","15.116359419978854","72.37476557877216","9.87214296095197","349.4870051306994","9.678853582218565","74.58937428075465","320.4145552908575","1012.3529861302327","13534.75998765172","6641.403468399967","Vehicular"
"pol-783","Andhra Pradesh","Visakhapatnam","2026-01-23T21:10:25.357Z","48.1607317160061","298.8486413891693","61.62698730270273","9.897966656481781","47.04051186114115","36.41546183430766","19.812864646139957","40.90294395140466","13.230546942763008","328.29265587307714","8.493821907464747","83.83366607538423","1985.0011762042843","240.1308449461803","2780.787018026918","2650.373142833913","Industrial"
"pol-784","Arunachal Pradesh","Itanagar","2026-01-23T20:10:25.357Z","62.011185940466994","21.31064682717334","35.77796029187182","2.748503713238797","2.130360739179876","10.57613610913023","24.601768832658244","64.66097764970982","3.872891464447828","15.787422687987757","15.446971658513505","85.18231198081678","489.33078240444263","1883.8747007690604","12114.368296186298","1758.7056648598698","Vehicular"
"pol-785","Assam","Guwahati","2026-01-23T19:10:25.357Z","137.96524102160626","33.44731084769261","33.04646463899872","1.790584388805302","13.95268144491218","95.20272192926166","27.47515487404077","37.748163872408895","22.86304767900055","303.59397078896103","35.87245177453046","78.02565446952107","1972.9913704743612","9314.187357375227","18263.833896508444","105.15232036940714","Agricultural"
"pol-786","Bihar","Patna","2026-01-23T18:10:25.357Z","116.96129268483877","239.2019091926893","63.72640589192903","8.708245908490195","20.4202513338037","12.785388196894365","20.09335018035264","55.34806398017453","22.133438287883603","146.94900999700562","14.707656305826031","73.34985368382354","1678.1894884415844","6761.758406921437","17128.45322600597","3595.4404699050115","Natural"
"pol-787","Chhattisgarh","Raipur","2026-01-23T17:10:25.357Z","60.959307251760265","9.112819859042332","3.508627952990002","7.771680036040553","43.50412718515107","11.230588190769508","26.170217074386898","23.37104310754974","7.285724011157677","186.96418567933844","31.784497447097223","76.65969307777155","12.297033124788248","6672.117719858092","11529.340279242366","3957.9587265784157","Natural"
"pol-788","Goa","Panaji","2026-01-23T16:10:25.357Z","39.7941161944402","249.41304391530085","74.79091951412191","2.2610928182804004","22.381462708696613","9.558381128140535","24.08147654747166","20.15689920778375","21.846210258451233","31.150028874025043","26.82712873738452","81.095705967219","522.704995281901","5822.239787119074","5395.207339707853","6814.556105212369","Burning"
"pol-789","Gujarat","Ahmedabad","2026-01-23T15:10:25.357Z","94.31452426031701","285.56718899309726","63.239858456686946","1.663059274950156","22.247717951900913","45.4595067951807","26.123320032907227","51.12363086118157","17.725397307463073","241.6532317546414","15.512631104979098","83.59057214135532","707.2455876598586","7690.217448339892","6106.066749742523","748.8947829846948","Burning"
"pol-790","Haryana","Gurugram","2026-01-23T14:10:25.357Z","179.73001184031753","243.96122696290496","12.587997975036256","0.7888123572008698","37.60281026754745","73.62900896284742","16.13071485841426","72.93819779945251","15.618599047541949","231.34785961434767","33.57430066487935","69.23160702726382","79.37911746208992","9628.856456764746","17772.99120948789","78.97144579200544","Agricultural"
"pol-791","Himachal Pradesh","Shimla","2026-01-23T13:10:25.357Z","96.97757957499601","171.10658288595315","52.03281936700286","0.36212554331140123","33.44285360268198","33.02618540342738","21.586802668004125","34.06387231161371","8.711652822716932","251.70524839744593","8.58736703527648","89.30491185161344","1627.440709298778","7510.970633567032","11500.169902153346","1447.5148413930528","Agricultural"
"pol-792","Jharkhand","Ranchi","2026-01-23T12:10:25.357Z","34.77395762131301","255.73900920764126","11.706900293037847","9.414240821899485","5.118445850364367","84.25421047082506","17.52918526400642","78.92702063044098","11.853276459325757","297.2564493117495","35.97265862131144","88.28906656118573","1720.370966262083","9980.563879629037","18626.990717624376","510.9013487536784","Agricultural"
"pol-793","Karnataka","Bengaluru","2026-01-23T11:10:25.357Z","23.961034271339066","162.77511958671818","9.267546772819095","2.5758526523731753","33.734482047862215","34.089448562238175","28.580921117066225","60.48227457836631","3.156808058131286","328.5390846967505","35.69819774831207","81.63492416093014","383.34957050372196","2342.3383641870887","3726.960153404808","7261.291472644847","Industrial"
"pol-794","Kerala","Thiruvananthapuram","2026-01-23T10:10:25.357Z","22.852936085904084","167.0380346193854","60.852997803961706","5.095370627236987","18.74305828817175","79.95466369489351","26.09937269844071","69.70906976788942","5.672478216321752","253.11217602135957","27.316323663052327","92.33331014409838","1605.6107404421116","9116.629459790389","15634.61500442303","7427.430900706052","Natural"
"pol-795","Madhya Pradesh","Bhopal","2026-01-23T09:10:25.357Z","3.8794500995668058","136.95708859877638","62.6995047839906","9.752709465519843","20.45439908852374","71.20170263657644","36.58673541655041","63.24625329603273","2.399016137790216","175.73364027845196","34.13188161432089","86.20106944533273","106.65910811193035","7013.7579728927","7701.1046973453485","4278.611832188131","Vehicular"
"pol-796","Maharashtra","Mumbai","2026-01-23T08:10:25.357Z","75.69422129741332","89.11940456202288","64.34840696824133","3.6010224074175587","22.50116972564853","33.694633804514154","33.15360680351407","26.925033730216455","24.757940719503342","88.13277960547109","35.53794315858276","70.6779277354657","1564.6687966027475","443.5749421865587","6162.042797469569","3998.719318367189","Industrial"
"pol-797","Manipur","Imphal","2026-01-23T07:10:25.357Z","40.33829727135525","296.8612566664805","58.48765423684956","8.499703201229947","40.016660246712966","31.5604104894038","23.615337017257794","68.40326220826978","16.477487078288675","357.3524498264929","30.300716367290903","80.39779598899594","956.7649889805863","8292.490654973353","11758.206885304033","5489.857465450726","Natural"
"pol-798","Meghalaya","Shillong","2026-01-23T06:10:25.357Z","7.149278953744265","289.48812652046877","29.254853141690855","9.000654817003223","17.62291674743973","60.34571029669854","24.818202127159758","75.58301313641556","16.800885326536545","124.28642411618445","17.430304701982607","76.87730887868707","313.95868072021705","8574.634875506441","13513.252682410206","1920.5357151250357","Agricultural"
"pol-799","Mizoram","Aizawl","2026-01-23T05:10:25.357Z","7.889274700135074","147.05911174514108","28.686943895910684","8.174702920391688","27.016895487897237","52.667812945155426","26.946723400552315","68.75231995172913","5.353290202245925","305.7983231622262","16.13727097524246","80.30013487761734","1931.1326114663577","3003.1196617022347","10498.701190205646","8589.750986484514","Industrial"
"pol-800","Nagaland","Kohima","2026-01-23T04:10:25.357Z","110.57640472689776","157.72667515569088","70.79648112904536","7.922197390767801","0.6205162894669103","92.54365328577977","21.308033572134224","32.264609644635975","3.4027216852298063","81.87052416822188","12.120185049437447","79.3550097972545","1406.8251508586602","9401.081459960544","17841.036839128654","8474.708671041843","Natural"
"pol-801","Odisha","Bhubaneswar","2026-01-23T03:10:25.357Z","31.901259258129635","25.114384322651862","49.34799845488627","5.121501652166787","39.15338581893276","68.28109815578787","28.018867908257896","55.53282310686823","2.8593535882726173","79.18990605927796","34.20231547375421","69.63768834720645","1624.574562986849","9698.899956097086","200.662811142982","7804.222393407011","Natural"
"pol-802","Punjab","Ludhiana","2026-01-23T02:10:25.357Z","23.290450174780553","128.53156292693296","72.08468933743899","3.087286753631968","18.269019874089665","98.43686006465636","29.04262746028755","65.96382795209608","12.941000425195517","291.07113199694356","25.242681331927834","80.64542225540922","1168.6213782601274","8642.243415113526","15426.224448734538","4936.900691310871","Natural"
"pol-803","Rajasthan","Jaipur","2026-01-23T01:10:25.357Z","48.25538105283027","128.87164333294288","78.50900013151387","4.467208558381687","12.426265149606635","3.0127329198505026","36.15333026540914","52.111331206794226","16.589555010682133","17.721542849141105","15.675621476456943","79.46930120781555","8.578376902030671","9438.640614866214","5771.643923637093","6619.220165492724","Vehicular"
"pol-804","Sikkim","Gangtok","2026-01-23T00:10:25.357Z","133.9111361546917","32.74953853038474","26.228188151127554","1.6445625474766834","33.12789267964256","18.992050695531372","21.11264664192305","45.36811322220608","11.817895960450286","341.11579648361163","11.341826202629221","73.27841824738164","949.6367294909949","8002.711869302507","3163.0392496181603","3349.381638122807","Burning"
"pol-805","Tamil Nadu","Chennai","2026-01-22T23:10:25.357Z","119.39763550805375","49.44824845327456","18.20847182153738","0.4949915568849139","0.3926034810403878","21.27524311069491","23.354348270116574","61.532166985018286","5.678820976454604","139.44577656393957","25.836511447578317","83.8757669936717","584.8882744316963","6447.072032524703","16858.481379034867","8616.861881873127","Natural"
"pol-806","Telangana","Hyderabad","2026-01-22T22:10:25.357Z","155.37705055396003","122.98390896048325","69.1175338294883","3.0226574517248315","25.08031589673829","47.22007557391774","34.65153105809374","67.49138362990391","6.734437625709758","220.47633072740123","27.680723089419935","80.03819033632027","20.364015560111028","7028.611742290821","19346.962806992415","737.5671763179137","Vehicular"
"pol-807","Tripura","Agartala","2026-01-22T21:10:25.357Z","44.57091682847552","36.47085861941718","41.163836804761516","7.802618243245744","38.22742402069316","36.59320649813035","28.14273933807069","33.644251984146834","13.969567105506279","311.12789726409034","32.826308894336854","89.34793411823006","1571.842165138379","4363.790159707325","11958.84330723428","4011.708213108318","Natural"
"pol-808","Uttar Pradesh","Lucknow","2026-01-22T20:10:25.357Z","198.79793808572194","216.81714911445548","62.653532551981584","4.524568517683383","37.04181941419272","26.25964318541738","35.250748101728846","30.522114696291304","7.135607609488484","1.3554404468595083","32.10306511489663","77.22393176261203","710.2207776797105","4551.51375467987","2775.7716753257223","2922.898066445839","Burning"
"pol-809","Uttarakhand","Dehradun","2026-01-22T19:10:25.357Z","169.1995660778018","108.69881019022212","56.04324427782545","7.487319331690866","49.146741985476126","82.85437113529085","23.145440794087808","52.478647906003694","13.8068546333351","65.78394079221907","17.959991431549113","71.55746117342953","1976.6260866621146","2597.4006396231907","12878.387240942231","7148.595315652005","Industrial"
"pol-810","West Bengal","Kolkata","2026-01-22T18:10:25.357Z","70.81919962512022","245.92603752040364","35.76568591497988","3.625712673122863","13.890599383792912","12.619438487873225","39.2366590161794","34.323456937087826","2.778765076239692","192.36088203079817","34.3210987870376","77.15038022421129","1601.685196310072","8160.023253361312","5914.7995004620225","1276.8878141674866","Burning"
"pol-811","Delhi","New Delhi","2026-01-22T17:10:25.357Z","198.04832006890683","210.0864588172827","12.075437926460504","8.391832613035557","4.6271408094366695","5.548570411563802","24.984413087998032","42.71405087075712","11.544112912539534","230.12089789025802","26.621517374330306","69.55851997085281","1702.155034206267","9725.822717562205","15622.042763367956","8579.169527557642","Natural"
"pol-812","Andhra Pradesh","Visakhapatnam","2026-01-22T16:10:25.357Z","182.39366849280972","258.0917720281371","60.16401237834371","2.3348845888658487","40.25458278640593","21.295927642561875","29.032102734125825","20.181315870213513","22.06668422292979","237.93184027176426","11.082791704626564","77.08897685233042","1635.796561367542","9311.64788872567","8908.010823920866","7350.5875818976165","Natural"
"pol-813","Arunachal Pradesh","Itanagar","2026-01-22T15:10:25.357Z","68.27435354284019","260.8806282173786","17.94984885689719","9.854272220626534","36.6717519022009","90.07181305930038","39.185773188481335","45.19327320895762","16.509517035286905","170.3668886126423","17.583820643697813","76.99917111435855","1909.4130549367028","8616.18430991083","10069.411752917555","5941.2777902664475","Natural"
"pol-814","Assam","Guwahati","2026-01-22T14:10:25.357Z","132.01135384306411","259.04087899321024","15.995168503781843","0.9883215798571432","47.80550009325578","36.307674668929245","27.650031623434078","59.568057373985255","7.851189990289664","286.48715159743176","24.597420927101407","72.48251350609632","564.7620429487208","7950.456062813739","18918.098678365637","517.8050935057754","Agricultural"
"pol-815","Bihar","Patna","2026-01-22T13:10:25.357Z","198.02845909117983","67.04354341661913","71.27542408606486","3.5298808361848275","9.156904908894964","28.064874671023155","21.559848315851582","63.66343213144991","14.532939643396087","137.8081026000518","28.641718768682892","78.2175026306688","1250.1723874801312","7529.873208281028","13690.007776415052","1980.8718735751652","Agricultural"
"pol-816","Chhattisgarh","Raipur","2026-01-22T12:10:25.357Z","2.682677419705226","224.54166467989708","23.6671012337898","4.863936829126545","46.798278457137236","97.6536463526174","29.546365200325575","26.711917543207875","19.170509996192973","66.1314933356798","34.77778224191575","87.85906689561801","1908.444194820923","304.97119350734516","15258.200915700108","5798.957016882144","Industrial"
"pol-817","Goa","Panaji","2026-01-22T11:10:25.357Z","155.16949405305718","121.9726825983305","61.034428143658346","7.937324001994206","36.784122754117455","43.929368225116875","16.16479958765953","46.61286766413065","13.287654084448326","49.58151126638138","34.81750595873636","83.82453327213281","3.7552543202803434","4662.846210726317","4710.748760084744","860.6271035126733","Vehicular"
"pol-818","Gujarat","Ahmedabad","2026-01-22T10:10:25.357Z","62.93548013602872","182.17786191170535","12.344082688537403","2.1571275072034446","46.94827871068312","22.65753141361553","16.32757448983983","32.42873710940907","7.919046938699395","280.89168709176715","15.879745261238838","68.75602133560692","1533.2627188624901","181.56912123410973","3351.583579123116","3089.4906724792704","Industrial"
"pol-819","Haryana","Gurugram","2026-01-22T09:10:25.357Z","32.57311879989875","107.24449473244871","64.31607586248805","2.9574390929666383","30.192988975902185","45.89416843742617","29.62067702013916","49.498751003562774","20.68010889519535","313.61441757497806","30.054901831693684","82.3910373961651","1475.658406676326","4659.998630057766","1657.2918246455924","9765.290413367946","Burning"
"pol-820","Himachal Pradesh","Shimla","2026-01-22T08:10:25.357Z","39.74514677873244","199.21042919935593","44.52229591698183","1.079194746750226","17.906477686015993","79.72116079050389","29.276678942717147","77.49708239151788","17.644465919070402","90.36261336214861","29.74619868085763","71.25826644369532","432.16822083393566","5873.731972713068","7003.901392536942","9983.473064867","Vehicular"
"pol-821","Jharkhand","Ranchi","2026-01-22T07:10:25.357Z","8.906066882787966","243.0579699185362","55.577316804930376","0.9929817030843946","34.6099393295923","47.392235599851176","19.408849421550016","57.966106875471375","24.921450643326278","310.83877799198063","12.840566312981391","79.02437455871788","1444.3875367268863","8837.4147855068","8381.75232108703","1027.3671953611663","Agricultural"
"pol-822","Karnataka","Bengaluru","2026-01-22T06:10:25.357Z","131.73379604719037","187.9256957594937","42.19157649271224","1.444575487046189","17.896838728692526","27.27999728335947","19.89693484035667","31.700531509803106","6.003502736222854","217.23676158834607","18.45428653932823","77.45202004541414","961.8116673964565","8655.335033564921","13731.006506137972","2318.9718265658744","Agricultural"
"pol-823","Kerala","Thiruvananthapuram","2026-01-22T05:10:25.357Z","141.4022379357776","127.396811511582","15.475935588741052","5.642351899915498","9.642912876894577","72.72468855389351","35.50987583299162","67.7487587502931","11.368332767801464","46.232256406758864","17.5563627059515","75.38329310720086","635.9752669094028","8888.243575405577","344.1782740710586","775.6234100430348","Burning"
"pol-824","Madhya Pradesh","Bhopal","2026-01-22T04:10:25.357Z","13.721717404995282","6.635300869854732","28.113409499245936","1.8260620234421832","37.51828473042084","38.969465226791755","20.16756914491495","62.596301914780796","1.5334116891389278","44.038877733716845","29.01968053565219","72.24856395067113","1948.182010976021","909.2792256351389","3200.4085830028253","222.3642728593844","Industrial"
"pol-825","Maharashtra","Mumbai","2026-01-22T03:10:25.357Z","178.57187377827853","251.71362971670482","73.86495568132845","8.21652916592306","11.23996845693333","33.37134280419413","29.309598472911524","35.68054662370647","12.671085340790025","324.7006849872119","21.31791622674148","84.66645171825662","1729.8263716637307","6166.978383537948","13064.359214458034","2360.8002693496564","Agricultural"
"pol-826","Manipur","Imphal","2026-01-22T02:10:25.357Z","169.79204978138256","51.534583767017004","70.14041402453559","6.65669652720188","18.438217429610976","37.41927832685463","35.93340354302181","32.64606399005676","21.68991115760967","267.6048579728954","12.15223936873108","70.92703499358853","1328.826734665618","2731.1363527515064","10278.529303718951","3406.960923713426","Industrial"
"pol-827","Meghalaya","Shillong","2026-01-22T01:10:25.357Z","5.0022359014755935","197.85307678562592","74.50000062464015","4.003290697161929","36.93448149015804","98.83013807169823","26.299167335032262","41.248019353948706","22.392118004399073","357.2742527154572","20.84097691671056","70.38874244725261","102.37369489928905","7708.202827777674","18407.424291547497","158.36877174955632","Vehicular"
"pol-828","Mizoram","Aizawl","2026-01-22T00:10:25.357Z","108.24767688866386","217.3622845652336","13.534145191919311","0.6816066818728961","20.794365467982797","92.90089140692344","37.09996341801521","26.125514228248075","15.402077392870062","117.84748513405731","35.79264590308643","88.31878929094118","993.6985549424812","4014.8106593964826","1811.463984967201","1437.3295572943146","Burning"
"pol-829","Nagaland","Kohima","2026-01-21T23:10:25.357Z","114.13667336913453","273.9621434198099","11.770284698195486","4.02467752293406","11.431491205284155","89.47671547357623","38.49748385157435","36.03081381848297","9.395924343613363","0.4601000148640466","16.52314485817407","79.8380377050555","1761.2410279562278","3432.424146318737","4686.001049934474","8777.653032001803","Burning"
"pol-830","Odisha","Bhubaneswar","2026-01-21T22:10:25.357Z","172.88689736582853","94.20771328011384","40.57293952601946","1.603290087247038","44.61018892000656","63.756189865445165","22.93728918276408","29.27342488119496","5.125814311951915","122.11045247784716","28.759060389334653","70.13942908223932","815.166755824463","7751.429658368061","7581.5010366658835","9945.991765325643","Burning"
"pol-831","Punjab","Ludhiana","2026-01-21T21:10:25.357Z","157.61468323726604","112.67613876349651","48.657121446185165","8.42692209311049","45.49661363912026","27.838799825677498","35.11725134986932","64.40776259710188","18.566109780521963","41.155294629701224","26.475072220322087","68.91087556244038","1425.7393834508885","1220.6895413155628","15074.101465789334","8200.302504604284","Industrial"
"pol-832","Rajasthan","Jaipur","2026-01-21T20:10:25.357Z","20.722406708593265","260.4391709373016","78.53352814546052","4.598929466201355","5.816676739351184","87.00252513857541","35.2260183167318","35.96127192268778","20.1979254121971","244.6468971817124","26.98882881451847","77.20277984936354","1894.8163409264118","8492.61984031096","12416.019064959173","1114.8237007799744","Agricultural"
"pol-833","Sikkim","Gangtok","2026-01-21T19:10:25.357Z","145.29492938019226","231.6632360542898","56.00762995368987","4.581395870786629","2.9947978726820033","37.742890073465084","31.761437937285596","40.53170891308197","7.417385652600547","255.2926860462113","34.47234670608215","75.88943055974603","1586.4219894298064","5338.610288447546","7828.679892976098","2535.323251982686","Burning"
"pol-834","Tamil Nadu","Chennai","2026-01-21T18:10:25.357Z","88.35752312477769","185.8016099093659","73.4485935264188","0.3479763650742118","30.422273187638226","85.31128426163559","29.628048761273227","57.35912517004194","0.7626831791546718","213.3647786739625","27.952097677509247","75.47157259639162","249.19715356722284","1504.3400838664422","11792.301076205931","2794.5033781702077","Vehicular"
"pol-835","Telangana","Hyderabad","2026-01-21T17:10:25.357Z","88.64175648643149","97.06997646556813","65.92978531908209","6.162102345620598","30.438127448521247","86.89437359076831","21.314891748310327","35.956406980781644","10.68534131656782","31.19259570532302","20.78184727273471","83.89418786529025","217.0471936279703","9425.783791384005","1842.403098161176","3936.623067099686","Vehicular"
"pol-836","Tripura","Agartala","2026-01-21T16:10:25.357Z","110.84964794849238","130.95438975378934","10.77357051450071","6.609508928851136","35.728247317192526","1.8767352659314618","39.360881194891874","75.12377820695377","4.500143738228568","248.75748228156317","13.99259345363011","87.99686352512234","217.55732793095882","6657.140737370767","11421.597130877894","6881.0026004781585","Natural"
"pol-837","Uttar Pradesh","Lucknow","2026-01-21T15:10:25.357Z","77.54225247738059","132.03313829590027","51.217502566741786","4.753883189862579","11.465409603776749","45.916768743519384","30.912152449940734","58.3125864096828","3.7645857553036954","15.243895935488737","11.781581811945017","76.87127918451885","1645.1875207097914","859.3590383286221","4218.20410920023","6765.419760697986","Burning"
"pol-838","Uttarakhand","Dehradun","2026-01-21T14:10:25.357Z","65.04218210705844","206.74003718262009","53.721335574448325","0.3241440057705369","6.979708953327251","18.509423960744087","28.004300357738078","31.84824191701441","19.86288779852479","187.01297537333704","9.682977124044386","79.95861893084103","857.471001976108","4777.950760835101","1865.8589462190034","9843.638397692948","Burning"
"pol-839","West Bengal","Kolkata","2026-01-21T13:10:25.357Z","1.7193802339439568","155.6583638295752","6.989016073498204","6.661606910641504","30.594134530828843","38.05974505158394","16.799183069361643","45.138584846803276","19.552354324072674","74.88130380359735","29.05681751966774","81.54876986964348","1387.776858545355","7767.196147654423","3699.3696690698007","2445.851143462371","Burning"
"pol-840","Delhi","New Delhi","2026-01-21T12:10:25.357Z","46.48662716422744","6.92354312623924","27.784305121657916","1.3312982720523447","1.685406278298146","33.78558828522306","15.540013151499522","62.838010075664585","18.58701984137965","184.7178775957359","12.8938765533333","87.74146026210803","1457.565038089922","7254.306937458938","14240.54079577656","9242.150709183243","Natural"
"pol-841","Andhra Pradesh","Visakhapatnam","2026-01-21T11:10:25.357Z","164.9340281027666","81.17826487609396","53.475793414917646","3.1480786914717864","28.61037224014613","11.038127244150752","36.05105508229019","48.4419667843233","5.501417338942585","294.7192941205527","29.18867436185243","79.82028171651395","1764.4281783522424","8644.842242348943","17673.809143980463","5143.577443709665","Natural"
"pol-842","Arunachal Pradesh","Itanagar","2026-01-21T10:10:25.357Z","168.47876772611966","266.94771617598894","20.40722858495134","2.573350781543211","43.42742036046074","17.202907227067644","32.82080269484414","30.18371315905343","4.950640470846935","358.58538297470733","28.737610348644772","88.95197249001598","305.0358128926347","8461.49031134721","1100.6101662223866","723.9238879788368","Burning"
"pol-843","Assam","Guwahati","2026-01-21T09:10:25.357Z","82.81417226553678","127.21011732736177","40.913529381986606","0.017633503454893562","26.27871611645022","20.129385156945602","18.42300151544846","73.48985492935611","11.364311872659286","310.4270179331338","26.46454357189128","70.5198416507261","424.25424728551286","8207.530577695996","5429.966061413278","5239.697630806699","Vehicular"
"pol-844","Bihar","Patna","2026-01-21T08:10:25.357Z","116.5669686886226","63.67059342318424","56.553119247508896","8.84408062398897","16.92589320491654","89.00816805478135","23.8677734841182","24.01781099536433","23.788436510849568","58.47823862096831","25.630031493605983","87.18328464359962","1297.5369737590897","1666.7695856899845","8192.606757795866","5488.284006532133","Industrial"
"pol-845","Chhattisgarh","Raipur","2026-01-21T07:10:25.357Z","136.324539636468","245.97559530294623","58.021159682561844","8.336709899731678","11.790855893380359","29.254876265869477","29.661503958119596","75.28104665548737","0.6498446788235163","339.1235447849604","35.71070477358975","88.42278237959272","163.58262029109193","192.67469179617524","11132.529773682816","8069.2836968447355","Vehicular"
"pol-846","Goa","Panaji","2026-01-21T06:10:25.357Z","54.545244148022334","189.55653581856427","1.238276063263708","1.0201088718952056","19.525912734576096","32.343327579499736","26.163820587413397","20.38556216429917","12.650329081503466","201.97475628660086","15.647634941079549","82.59651540247842","1844.3098378253603","9965.167532098445","1703.5150412718126","9416.54574893893","Burning"
"pol-847","Gujarat","Ahmedabad","2026-01-21T05:10:25.357Z","182.67001910217638","233.0850296252876","57.241766074494535","2.56941473343674","11.485962949899402","90.875006553939","34.09593391813265","42.82668102946856","7.172258333954307","13.77678342434368","26.09036801945583","77.87397005253237","1786.7142306460628","6309.750816141356","11119.808401009574","4660.751193721278","Natural"
"pol-848","Haryana","Gurugram","2026-01-21T04:10:25.357Z","114.86702366328143","156.77053461863107","11.668154665853354","7.769876829499049","16.254990231340027","43.53560345705404","26.75957741283174","45.071129929051125","5.489718242727007","357.843136359262","26.61328901398528","89.06284102854487","88.71480976013314","4499.4446566061715","4283.857783281424","8558.255243738342","Burning"
"pol-849","Himachal Pradesh","Shimla","2026-01-21T03:10:25.357Z","76.88347630296883","244.28529257272103","31.80742644706126","7.702324904863996","37.75380323861984","78.36416608150377","18.24001210989043","48.938084079626144","3.4529247196877835","86.01394558158641","26.505119502346886","82.26519830593381","477.6424949578548","8031.38749432859","17491.383974720284","465.05424240317785","Vehicular"
"pol-850","Jharkhand","Ranchi","2026-01-21T02:10:25.357Z","4.059004958968182","173.51276690837614","17.978954816598076","9.124192204697103","12.401959754388193","25.28004772949227","18.57640573389166","20.338284440251282","10.485730850526442","17.572701143227725","27.112932512282143","69.08697852365329","1123.661507220018","7236.518614546197","9255.526652141632","5559.118022085924","Natural"
"pol-851","Karnataka","Bengaluru","2026-01-21T01:10:25.357Z","178.3533601953166","169.63777726317184","62.09879067713778","5.6932679739423575","33.76376595489285","32.21088985080254","25.376582374830825","41.65791506926304","20.958643831239726","117.02271854474","8.24409746333109","74.16789521565067","1840.7550617627862","3645.857187795868","19398.74029451314","3606.066999122558","Industrial"
"pol-852","Kerala","Thiruvananthapuram","2026-01-21T00:10:25.357Z","12.564097204457013","71.98331949137611","26.97728294821113","7.5937126181311445","46.685001276985524","29.37066469157993","21.79490818378548","79.8935980728584","23.07356537429581","142.14375378619994","21.116505823679923","92.11742551034986","1328.7610289600557","3656.6488140144315","17103.371823128964","2704.156078062676","Industrial"
"pol-853","Madhya Pradesh","Bhopal","2026-01-20T23:10:25.357Z","191.6747712709673","151.91681951088648","48.79496564068476","6.178748032819361","47.2684759645377","15.284536070606746","33.11803808918642","41.25004382365674","0.9114819645236055","225.29439816723556","25.95809060226502","85.40824195237519","51.34940939136023","3072.779413966934","5302.279034967616","2168.0214548928157","Vehicular"
"pol-854","Maharashtra","Mumbai","2026-01-20T22:10:25.357Z","166.03645387494663","9.194982216126313","71.51201540550603","7.963005373394942","36.483552025310026","47.20969097355538","36.75293406326455","70.05855453080562","16.305450171168452","100.68864679885691","30.85148664175713","84.28792084253146","1496.2269764230234","4497.840584343306","7332.821522853046","6591.068492464673","Burning"
"pol-855","Manipur","Imphal","2026-01-20T21:10:25.357Z","27.83299951940277","128.6205672261292","71.08898256631117","2.6163855045074613","13.277185789407847","47.73516090712652","16.26910401008776","62.75729560188866","22.96245487429282","136.57528055649868","24.022936496672916","92.70917425516588","1468.4314005460458","2025.5810909526206","5240.263615642937","429.39191804932886","Burning"
"pol-856","Meghalaya","Shillong","2026-01-20T20:10:25.357Z","49.36320847228608","218.92669501793642","64.34006993570007","9.924508524147326","6.751610004352066","55.379490267091484","20.231574918773376","70.65108480884254","0.8495965081633139","351.1208595946663","28.60658295522814","82.02383932951938","966.9828940644804","7057.073379360702","11065.731535151233","1725.6252609787216","Agricultural"
"pol-857","Mizoram","Aizawl","2026-01-20T19:10:25.357Z","121.90152851855571","149.77263117066332","41.441520418930565","1.7901192280415013","1.3716540838564162","43.09013433916622","19.8175595644598","32.998263844631445","20.046712643256054","46.60441154694948","26.981234891246654","86.7583007670751","887.3888561907801","2818.563610135978","2862.978446523292","8515.735703743156","Burning"
"pol-858","Nagaland","Kohima","2026-01-20T18:10:25.357Z","99.55778339475718","53.7124834086997","68.86269652083243","7.166389288200773","38.704633085472125","98.08219239968902","32.18623009658416","50.30713029920735","22.387236123360164","10.284987318731677","29.20070500051218","71.88585105489209","1693.4425055203335","3667.9140528941166","5937.187572429392","449.845318419404","Industrial"
"pol-859","Odisha","Bhubaneswar","2026-01-20T17:10:25.357Z","29.84245282385234","176.38898054924215","25.215312190640617","7.261826985770758","46.16728109639387","96.47994351038436","37.0244742744757","57.85596687258714","6.674878341115323","160.80404438702465","24.05704565263399","68.41116919997246","1743.2783932841512","1722.0144013017625","11735.375437227249","9591.954392609741","Industrial"
"pol-860","Punjab","Ludhiana","2026-01-20T16:10:25.357Z","62.93161549999415","39.148825625710074","62.55568533623132","7.612310443843864","5.108027964452605","10.937133756039142","28.554602534108938","23.92935016098217","4.3129775009601525","287.19328968369206","35.77337059517308","82.3011944140208","558.2583415220681","5579.861518003505","14341.052621088806","7975.329024111247","Natural"
"pol-861","Rajasthan","Jaipur","2026-01-20T15:10:25.357Z","78.81493316618575","167.1293473244586","57.93051062664621","2.1405492895885447","13.31726753264369","72.9367231289939","32.67779322319872","55.72105751466903","20.87324878493116","39.88590197109024","14.740061523584421","76.48187091585345","439.8548891258589","667.640340487965","19236.233576046932","9284.52942296293","Vehicular"
"pol-862","Sikkim","Gangtok","2026-01-20T14:10:25.357Z","37.471215565985936","203.81813597535063","50.0558221978359","1.0487906231634814","28.166092690880372","98.40360402058542","22.260635550282142","43.32628730153257","0.3705453870862574","237.31438762720595","29.159093122609285","70.38432357533456","1825.4104531995683","7127.037519076487","2703.407330774341","6294.606658697881","Burning"
"pol-863","Tamil Nadu","Chennai","2026-01-20T13:10:25.357Z","65.90168768494084","37.839452529376594","36.63010154036063","7.795786169766626","26.482289138590726","6.135495766212252","15.418467449606657","57.37588669956027","5.498983360303134","25.430583204559454","24.532698667539904","89.91538332743458","168.3928841525455","8919.568887006684","9554.38289321107","4536.486721082438","Vehicular"
"pol-864","Telangana","Hyderabad","2026-01-20T12:10:25.357Z","40.500982546119644","107.54829020366773","24.270833798756783","6.587549244290047","41.524442044339736","52.55932317733165","39.98086292797047","59.90679451378552","19.128677544609786","90.76180520765942","30.39320555667319","84.52613970649564","1354.198411714702","8760.704901390935","16445.73004313961","4987.012816996994","Natural"
"pol-865","Tripura","Agartala","2026-01-20T11:10:25.357Z","4.734747498591441","17.71518373497455","32.48809469510781","7.080567947059913","13.332932991330315","26.349564831607175","24.857040930609557","78.61767671307604","0.9124621202689559","72.88462782086111","32.02607667832942","91.59771330031091","615.5401724983171","7992.056580830228","5528.587484326759","2030.321167288558","Natural"
"pol-866","Uttar Pradesh","Lucknow","2026-01-20T10:10:25.357Z","62.396819860985445","202.94611259405892","19.230617294309074","2.2502835618850145","10.289217406310641","62.17721272745158","21.3133318020014","24.57507741225159","24.8045896747779","57.418488540237","33.326945632460394","68.67945715997291","728.8004773849331","6773.95123534136","11832.651419358135","4732.884837394733","Natural"
"pol-867","Uttarakhand","Dehradun","2026-01-20T09:10:25.357Z","138.40610307181095","7.7681295966539725","28.804768716933413","9.231720760743892","43.80386956941038","65.84776993266061","26.70767337344017","56.76832696132144","4.209741852631349","195.1421207240448","30.42050453670957","91.34827634889814","1197.2819330648067","8426.178607390733","11675.036782229809","187.67569699548181","Agricultural"
"pol-868","West Bengal","Kolkata","2026-01-20T08:10:25.357Z","168.21801819819285","96.67810042138667","3.3613259128591544","7.509438879850308","35.53819059238832","79.23993723888152","22.409355570863315","39.51263352575381","20.294965152416218","2.9874058967571893","24.017282004102963","72.91938022587539","298.61008209004257","3331.1085359005633","11073.21172658543","6659.830370772954","Industrial"
"pol-869","Delhi","New Delhi","2026-01-20T07:10:25.357Z","40.46872512747734","233.81951014914458","33.560235175685015","9.940700775981263","25.0323231771736","40.683199215964116","24.75311336142613","46.04603083896848","17.239358240753173","37.58673483836323","34.15498381735433","92.7061886520196","928.7628019318823","8784.847888157012","17129.081364031146","306.36304766703984","Agricultural"
"pol-870","Andhra Pradesh","Visakhapatnam","2026-01-20T06:10:25.357Z","85.92904750231705","273.28687520421573","10.94798236377871","9.338559736262805","33.589052096712855","75.41824846905055","18.215827288834152","35.21726444058141","10.676164049989334","214.18604876652907","31.892206782406227","74.63855804163137","614.2224324471739","4229.432796604211","11586.524334575308","541.0551026735933","Agricultural"
"pol-871","Arunachal Pradesh","Itanagar","2026-01-20T05:10:25.357Z","84.25412562212841","243.30114525653255","70.6173657457276","5.151907869010869","12.749741060711322","88.07263802652103","31.4623363281165","27.971733000439215","24.56532272169429","183.07404366286008","10.356453768631903","91.33501326783204","1460.0163386420286","8376.34077053945","3401.5749385149907","2397.0198573427506","Burning"
"pol-872","Assam","Guwahati","2026-01-20T04:10:25.357Z","12.146367448422456","201.9662941015835","55.40918426546965","4.397702008077759","6.639774813703797","56.67943210948","32.94186471278759","42.7401427417318","4.235534391303561","15.0104678387892","35.384801018897505","87.8830155965205","390.0882371960419","683.0903746702365","5141.080932218713","7965.137268573336","Vehicular"
"pol-873","Bihar","Patna","2026-01-20T03:10:25.357Z","122.50850464651842","258.0749394298603","12.453812642504003","5.2747140305360665","42.53862265925068","2.878507732739255","33.81779760862156","39.56853784449561","18.380871689634056","71.31779428779052","13.047920577393224","75.26730199694912","1679.0402784507367","5814.311547892894","3451.3584688293818","8566.296342901378","Burning"
"pol-874","Chhattisgarh","Raipur","2026-01-20T02:10:25.357Z","127.16700090531663","89.01916693215242","59.297123083394396","1.6199836382060617","26.93691929411416","26.363660347842355","27.078854525334865","21.289565762639317","20.625480190034853","10.839505014314671","15.483767464802238","68.44765141086776","1741.0409149636716","7899.091616172821","4690.970431037742","8093.858558563569","Burning"
"pol-875","Goa","Panaji","2026-01-20T01:10:25.357Z","11.323038868616631","279.5422958382309","63.409632781547785","3.697111018282749","1.2595568442592464","40.07528117929524","39.83723691969526","76.92057405412933","2.6468194958202407","308.7114263011059","15.76791369800683","86.47448114586237","11.914026334324701","5182.215867847478","11808.436028727378","7193.364848521935","Vehicular"
"pol-876","Gujarat","Ahmedabad","2026-01-20T00:10:25.357Z","73.18365550879462","178.842835333331","10.152234339162662","5.485875887960429","19.448596416594004","74.20216990393142","36.42013354346237","71.28783388963635","18.011834484580145","224.9281913279469","16.279510429875874","76.42395756336722","776.7326484168282","6425.463238029213","7874.718061418515","9627.872192875922","Burning"
"pol-877","Haryana","Gurugram","2026-01-19T23:10:25.357Z","198.01921517805667","58.56986191898702","16.05776790979896","4.80806052498137","23.955904109224125","9.633456678518105","21.723676278773894","79.1867588813409","9.649522368151034","330.1810675736521","26.09764907791984","75.43194996764133","205.42249511421383","4232.753078341483","10322.469940300889","8663.369687194232","Natural"
"pol-878","Himachal Pradesh","Shimla","2026-01-19T22:10:25.357Z","149.62536538932355","230.34728350975868","52.52370219547423","8.323410831195808","10.034561352157118","21.278186076418805","37.40051133673463","67.12691973393308","20.77464443927521","225.44444008002134","13.810015678979248","82.58143640817457","1410.24883445789","4280.684732996627","19103.495436452296","5244.545930630803","Natural"
"pol-879","Jharkhand","Ranchi","2026-01-19T21:10:25.357Z","4.576684463356817","90.31035400646373","39.826356690211426","8.596859386537801","28.760979729005392","9.688417328235776","22.177250117323688","77.83513687324334","21.601680475350765","74.17703384223947","17.23853338880766","85.51520227602836","428.11805769816203","200.25432954952404","18482.11987184598","8799.792798025785","Vehicular"
"pol-880","Karnataka","Bengaluru","2026-01-19T20:10:25.357Z","105.62472350156654","186.20505414471722","34.7400226623037","2.5793773416868016","30.43602870384517","28.35379919028074","18.595225998766114","43.90543070892203","7.169473261659218","229.58708164457042","23.28198746096463","89.6391912114584","1206.4546869951716","321.187137750496","1327.9613502668974","1107.8963169376332","Industrial"
"pol-881","Kerala","Thiruvananthapuram","2026-01-19T19:10:25.357Z","195.93259561421746","204.73108242784815","34.0433723741775","8.102280828147038","16.521055577912865","52.66283701157457","39.63156918677173","53.10556140564979","11.784482454511444","263.6011854080564","25.92649995771225","87.16071561905233","301.01810973735013","2645.8848903474372","16735.50895434766","6426.721299119983","Vehicular"
"pol-882","Madhya Pradesh","Bhopal","2026-01-19T18:10:25.357Z","16.889169356192802","205.8904273702024","19.775641968746456","6.985354289728334","21.195948287206733","56.19197869180024","15.130050410680216","52.15080327205294","5.6319005560283575","320.99938605258365","27.357061398464293","68.06658746543216","339.15523034965656","3815.2366175291454","5339.2009265970455","5820.952377847477","Industrial"
"pol-883","Maharashtra","Mumbai","2026-01-19T17:10:25.357Z","57.04633840903952","90.4945643497216","5.290545698679043","2.736161359455446","31.19018481847101","52.79615016265867","30.068596412798215","65.58947043139487","6.391802217833184","52.24521932242189","21.216152472270263","86.81805096223391","762.1049532797208","862.2663827373677","2658.798233392856","1001.5117313360289","Industrial"
"pol-884","Manipur","Imphal","2026-01-19T16:10:25.357Z","29.294175093056808","173.18816486069875","53.39057666957345","8.85687654786453","48.61648830193779","94.75943014979731","26.661674218836076","43.68277496861443","20.236405994060718","231.55065371413536","8.592716524399536","88.51163658351003","292.10099137963596","1508.1447166140238","1883.4309921860836","875.9524163032739","Vehicular"
"pol-885","Meghalaya","Shillong","2026-01-19T15:10:25.357Z","194.38753120123528","142.3062246341974","76.82587142177641","2.1743717571050314","23.25335281886389","46.91496758115863","26.72401427894583","54.287180338405484","0.5246459609840048","308.7397924769855","24.29966408478223","68.22994722515494","180.62431549412872","3824.636250959045","4858.5204840521155","2611.8046995782884","Vehicular"
"pol-886","Mizoram","Aizawl","2026-01-19T14:10:25.357Z","156.91931915362863","291.0551869468136","74.86055611353143","7.479340100095064","2.3156956782473537","70.49979605503842","24.85098312025741","51.093232391752565","15.574298802820818","211.62034807518367","18.476765496460988","72.75187278043018","1733.0374913474718","5315.217808416074","9991.226360270743","8912.865990909102","Natural"
"pol-887","Nagaland","Kohima","2026-01-19T13:10:25.357Z","186.58524069627552","218.71510119135996","50.772525367441844","5.796932808316586","17.567469369929402","56.102766564409414","39.14868473755982","64.50487590781273","19.659408895906648","299.2489842770299","10.89088144651252","68.25094094831047","1008.5776979327629","8882.619919640101","7079.017151257618","9770.563203332913","Burning"
"pol-888","Odisha","Bhubaneswar","2026-01-19T12:10:25.357Z","56.4381073404367","145.35851742321958","59.74134018177823","3.4899955163845267","21.46762264324668","45.11705175645092","28.662283139190883","46.2525981360647","23.28869986076852","107.50045727478454","19.2404983290107","75.28160996856523","106.61766598474998","9180.116541145393","8306.003855681734","4623.311828223186","Vehicular"
"pol-889","Punjab","Ludhiana","2026-01-19T11:10:25.357Z","83.52948759386362","265.5335799305815","8.436795602706395","9.445561881109764","35.68372056728737","91.36854591607322","32.6834958734333","46.320559711139296","15.894081728462407","138.55335025883414","9.066960312403527","92.71231346461578","1707.0422402322456","5311.379239327257","17749.805992595077","4204.720451267152","Natural"
"pol-890","Rajasthan","Jaipur","2026-01-19T10:10:25.357Z","60.34917776844117","264.6541174747921","63.65964208277834","6.947235726002598","40.73675818263993","44.0450883398839","29.699066316783423","40.80728237209759","21.01401122078981","2.234795627173831","12.244324995561156","88.46292157173797","253.91805659541467","880.2744346985459","9326.65945572714","1545.7167116880821","Vehicular"
"pol-891","Sikkim","Gangtok","2026-01-19T09:10:25.357Z","132.96081628709834","272.6015100399165","4.450140593024354","2.3092933302033503","4.671031491573357","16.20655524009853","36.28575841700721","51.82288335241633","16.84815885632431","324.7145429474521","34.06638515168649","92.08500816541329","1257.796132764943","7860.371038027977","7903.648067154052","9609.578057137796","Burning"
"pol-892","Tamil Nadu","Chennai","2026-01-19T08:10:25.357Z","178.40987017022573","17.307511837512777","69.64086817435988","7.6659072009130105","13.387037100388472","20.428725514390532","28.041571192548865","74.93384124472874","8.518391681875762","232.99953695208228","33.24974541718167","81.5304848494395","80.43489078225407","4144.798391985026","1095.4335852064578","8900.547307281666","Vehicular"
"pol-893","Telangana","Hyderabad","2026-01-19T07:10:25.357Z","8.652123441480096","242.23169197305145","60.70736882365609","7.2980221687814595","42.60644245836518","36.773779828703454","32.681728699498294","37.28765398766207","16.125207581542302","78.00888882564126","9.681983710803303","79.06610825177376","536.8315854329448","8295.035357355895","10358.716128252268","4735.749014709247","Natural"
"pol-894","Tripura","Agartala","2026-01-19T06:10:25.357Z","77.63341340466641","86.11849903939164","68.24318871932606","9.908230988055905","40.980227978824374","63.65315100834644","21.204385693818534","49.76800342218752","20.752553373617673","13.525529113317676","9.959263635481769","79.72810756202057","1372.339373898768","1842.814578364076","1423.042600034441","3934.4400298269834","Industrial"
"pol-895","Uttar Pradesh","Lucknow","2026-01-19T05:10:25.357Z","55.225789762847114","23.47442734055698","52.92967185016715","2.2295983683532308","47.24897104479485","38.703807175127615","22.193490749120947","29.241341254703816","2.1174016405724694","178.1261584004341","15.047297661745844","83.87670062591211","465.1631464752286","6240.155730216547","9797.584761815182","9672.424686938875","Vehicular"
"pol-896","Uttarakhand","Dehradun","2026-01-19T04:10:25.357Z","193.0942187063552","205.69159569725602","62.46602831472088","3.802204463136415","28.197974175283306","48.23175205706666","25.271108164548796","53.42366022290339","4.111777488862084","154.29347549170942","10.247266554139603","69.05127750518375","1684.8664591626937","4931.967925888761","6946.695309072668","2829.641710386738","Burning"
"pol-897","West Bengal","Kolkata","2026-01-19T03:10:25.357Z","86.11165330536646","285.89748175179784","29.061213163730848","6.484726932968764","4.311820467014366","36.556737378893665","26.000456508540818","70.81191895080927","2.6408055639318526","354.4347693843577","31.76810040062149","88.33065482761265","55.76966232946412","2521.2716616856446","9791.608340508765","2979.7660536217395","Agricultural"
"pol-898","Delhi","New Delhi","2026-01-19T02:10:25.357Z","85.60307259323929","177.6955458773712","42.8369319816654","9.477143355987527","34.74978600436748","76.93517088509853","26.843005903459215","58.103661973337644","13.022638531975467","1.1441173794212434","33.173529785881854","73.69554456173542","463.4033508155244","9206.44941173356","19913.11141844662","2982.365762009246","Vehicular"
"pol-899","Andhra Pradesh","Visakhapatnam","2026-01-19T01:10:25.357Z","50.74966381487616","292.6367814037428","73.9312906403955","1.1958547553545562","42.13355573153784","11.6152567964102","38.764284043758764","29.48864659247946","20.159511916988766","298.8349187953454","16.308123993609414","72.2109181697975","1930.6314810740555","8115.230771916469","15284.76226129633","5776.229947704098","Natural"
"pol-900","Arunachal Pradesh","Itanagar","2026-01-19T00:10:25.357Z","170.8617370863787","169.48613968937138","53.69491619376652","4.283751949696786","3.0838762894656426","33.955762334353224","16.71774315480318","49.089127155756856","18.265991465753178","36.72921114028295","21.820352009105328","74.3438078220221","1450.8826815444597","4962.67560031212","16840.736696512005","4994.782394036047","Natural"
"pol-901","Assam","Guwahati","2026-01-18T23:10:25.357Z","170.5850171762998","65.21434420100401","73.215736858325","9.587011647691279","26.19551124263142","31.8376570329279","18.113032262568534","54.90013617374847","22.54012098754108","177.65480320185844","11.659891936466238","84.75391711738247","431.803564259164","7724.923240086759","16458.4285421543","2462.6233528369467","Vehicular"
"pol-902","Bihar","Patna","2026-01-18T22:10:25.357Z","195.75829941895367","81.68114634005644","65.89188366333337","8.301791728983673","17.163049768120835","57.70608154775259","27.93769794218195","53.83970306546812","4.762295218748242","92.45526724371797","10.05347106540285","88.37913204456054","1733.176856929304","9153.126320595255","7001.455862744372","2531.420371993387","Burning"
"pol-903","Chhattisgarh","Raipur","2026-01-18T21:10:25.357Z","92.16757322327238","221.96528121480173","7.347385289457948","0.7853398751727914","47.627896274479816","31.9718415894337","18.454689525650206","34.57217952333403","16.759441616005404","329.33795301637633","25.362743144562153","75.89690933504016","1384.3369493977277","5468.043323582593","8686.932508425436","1575.9119233209628","Agricultural"
"pol-904","Goa","Panaji","2026-01-18T20:10:25.357Z","23.37467076245112","13.710585324337021","29.001182952545204","9.191205032131176","18.06644969383346","87.95438483559988","38.36617614124006","48.35256167579658","8.32672068566533","199.11661706907117","17.84478909903629","79.6874196328225","1994.7412301260133","9385.603110432137","16546.135220870052","3605.7573221160033","Natural"
"pol-905","Gujarat","Ahmedabad","2026-01-18T19:10:25.357Z","150.4087511262748","270.0635423199526","4.467386319740623","2.4212263798902036","41.953163334340964","97.61251067144497","19.307562692334","41.821853564801884","8.041862100326352","293.09621928141587","11.47689253260265","91.30131259952213","431.62281099360314","6834.480043869095","2883.443057114139","5896.889124921877","Burning"
"pol-906","Haryana","Gurugram","2026-01-18T18:10:25.357Z","34.25826791397857","159.83432164819834","39.94967560223995","3.598246104610079","4.227013661610169","24.673419801659293","35.891482846979784","24.3366745206852","23.8980718875501","309.82170688902136","33.340284356286446","90.32230953978659","1194.9382089595765","499.04730361109984","12924.95177497441","8615.294262335734","Natural"
"pol-907","Himachal Pradesh","Shimla","2026-01-18T17:10:25.357Z","117.77426202199727","26.360312257084317","54.99727427025271","5.682151205973139","28.937245473130584","66.17444338517205","22.4132156070298","23.681193287299514","8.31571984578971","68.94804630559402","18.225164228370495","87.15592918856854","385.98124940335987","3337.925573504974","5579.849291821914","7146.758786323803","Vehicular"
"pol-908","Jharkhand","Ranchi","2026-01-18T16:10:25.357Z","92.32573239798609","110.16209978919184","36.84177927449671","5.857533878573898","11.663884956851772","37.86685304430626","17.94888093701711","69.28013249384679","3.007627962711848","109.54678102430526","30.767415335089332","69.41249442406813","1836.1154657021982","505.09835419208616","15692.442275110905","293.01901668916554","Agricultural"
"pol-909","Karnataka","Bengaluru","2026-01-18T15:10:25.357Z","129.96534117070996","151.16961128439257","21.651511912999357","4.265418464927762","19.19449110048399","34.037093913857","33.00338768811605","47.251774946535036","13.311866070341797","206.50071839620708","21.690556148578366","91.81667044786207","1298.0899368946677","4337.5698054115055","19711.032652817485","5927.6676108757665","Natural"
"pol-910","Kerala","Thiruvananthapuram","2026-01-18T14:10:25.357Z","13.621073537577711","209.27285062964043","35.48356594998843","5.744848344889666","39.43758140613487","37.26643513016323","27.328969177618475","32.0811753168825","20.39061893593507","105.13118569702785","8.150692467539777","68.48878014047715","399.235206217939","8366.404363006617","18149.355158814084","9642.008443694755","Vehicular"
"pol-911","Madhya Pradesh","Bhopal","2026-01-18T13:10:25.357Z","150.8038368613222","68.59276273681273","53.76297781330763","4.237477765320461","15.326884805946566","35.39597445019849","37.15996222835277","75.97555328697791","23.062425691769207","218.57288440229775","26.946759981253646","71.26994388395595","1626.010511187989","7504.178055231449","10890.656456911634","8355.640106105771","Natural"
"pol-912","Maharashtra","Mumbai","2026-01-18T12:10:25.357Z","170.8925055032062","137.1169848075044","61.47416783557945","8.406407271985294","26.599845166835713","28.571134425896005","30.00312339502526","32.48270551473153","24.354834456067838","251.91358818213234","23.75510778270031","68.47787042858975","1204.7912670318133","9429.032001353058","200.48695246143612","3185.373246099431","Burning"
"pol-913","Manipur","Imphal","2026-01-18T11:10:25.357Z","68.67409860862048","199.27109406424933","48.347375627356044","0.393825076128439","2.3946367935641755","44.28172934835395","27.58477763197355","41.928627340132124","20.241931203548287","140.30073340986635","12.333711200338545","70.61644806350792","283.7748722265807","7145.233848770977","2106.5320574191037","6814.499179163852","Vehicular"
"pol-914","Meghalaya","Shillong","2026-01-18T10:10:25.357Z","80.05540393153603","168.66217192949574","39.28974433828073","9.889036340526252","13.770998899097975","88.7312841219982","30.202246979158552","48.03257454366618","12.11715973827506","327.64311447054547","12.386841220247444","79.89062892943817","6.685181711026056","7646.867947396345","3259.6394519264572","3807.6257912414667","Vehicular"
"pol-915","Mizoram","Aizawl","2026-01-18T09:10:25.357Z","64.5647829408811","281.6208779046314","51.97051974448216","5.970554821451676","1.812899827401565","96.46654792504067","29.347081328692447","69.25443477159641","18.564365817179628","103.9224105831012","34.60122890522014","76.48992693628966","343.55182224154055","5917.815890129657","19270.86952005909","8332.052778511634","Vehicular"
"pol-916","Nagaland","Kohima","2026-01-18T08:10:25.357Z","59.9436490862471","150.95477100123972","43.11238922665517","1.4876376048819162","46.26075887855403","11.995301025793193","22.04928566181691","70.31826681572542","15.796634383150183","199.4556388747122","13.623914974723341","69.40477027532103","205.208360017336","4966.383707980008","4962.475664316664","5484.9561491019485","Vehicular"
"pol-917","Odisha","Bhubaneswar","2026-01-18T07:10:25.357Z","81.64058410981387","0.8933266200145229","45.267925536022915","4.691488854552809","37.58952819528244","95.87317485198344","25.92124143203435","28.336811705975375","24.762368869571453","186.49976200659088","31.911693214992454","78.48455272212868","95.80266055572895","5417.506611823126","17668.02884428891","2555.028320959799","Vehicular"
"pol-918","Punjab","Ludhiana","2026-01-18T06:10:25.357Z","115.64885647588845","0.17296202245769","50.971010065703524","3.6976066024128187","9.313150009221827","68.0880592365263","29.359962893734128","63.78379153600056","17.037810462885695","268.92152992608703","18.500901173328057","73.17771813995608","1606.4298091130324","7491.1997889951035","9373.987966276474","8901.315543508526","Natural"
"pol-919","Rajasthan","Jaipur","2026-01-18T05:10:25.357Z","24.74466888785947","112.56484955388393","14.705417805957692","4.591846007701605","5.927472005994227","80.60731754796966","18.533655184431126","33.39243154108441","21.499344043576734","30.500548965131603","11.43375438347467","92.63214620116966","630.8850237784509","216.89973058967917","16465.472857944107","3747.0597716909792","Natural"
"pol-920","Sikkim","Gangtok","2026-01-18T04:10:25.357Z","157.6700920415982","190.32647287371736","72.11389578935665","0.46227608102442974","2.815431705271776","53.151506071530505","22.50366137158749","40.60461788685366","18.486863161653577","72.12815398493719","27.463035934301228","74.27227702586455","1665.7827431868052","8542.289439628705","6326.974514718789","2794.592756452273","Burning"
"pol-921","Tamil Nadu","Chennai","2026-01-18T03:10:25.357Z","53.29449820960062","209.89701874954523","19.92624103648133","8.187197730995528","38.45655430755335","19.221344409068685","26.053403963853526","68.89467172634842","16.38838453679524","235.54620177942616","31.719852356089874","74.00689556526645","204.22941959879103","1703.2714703123597","9891.05085051605","8200.463648283718","Industrial"
"pol-922","Telangana","Hyderabad","2026-01-18T02:10:25.357Z","142.80641875060766","174.89079010389344","78.59014142218217","6.061870768031269","26.59190200587831","19.07334085056479","33.48439943744136","46.510032293277106","12.989074932644629","2.605865647721144","15.126406304712063","68.12678787664562","556.2244587989516","9542.708025030423","8478.170031911492","991.8006969033222","Agricultural"
"pol-923","Tripura","Agartala","2026-01-18T01:10:25.357Z","12.678944361119783","134.22462516336475","43.105593598328966","0.7572996430701129","15.781117774973858","72.36677865847768","30.03367697702255","56.55164253307017","9.56622324934146","252.7874624731341","8.024345359752251","75.85667474254429","1718.550283223563","6842.862538295509","3405.2328195800997","7449.144417377226","Burning"
"pol-924","Uttar Pradesh","Lucknow","2026-01-18T00:10:25.357Z","147.03965570110543","4.649754914996363","45.08845953409967","3.242202665712565","15.281445218175199","79.59623110772938","36.2408051799038","69.42141444033787","20.75123743969662","253.19923089851238","17.942968423996426","77.3649215566965","1770.8241661494267","2814.326236422261","68.05081395920621","733.2225414121651","Industrial"
"pol-925","Uttarakhand","Dehradun","2026-01-17T23:10:25.357Z","188.3491847141517","113.63277655314012","16.029822917558487","1.7252848939336263","10.595743436817855","66.95610748952286","36.5804158995553","26.70214659624719","10.017356568608262","74.54656693826013","12.776804607711542","85.90853615951953","826.0683696447521","7584.254614721975","17356.18708898114","824.3979284792946","Agricultural"
"pol-926","West Bengal","Kolkata","2026-01-17T22:10:25.357Z","47.00788958396742","76.20119367333142","15.514271898639516","7.441940078885745","36.89044900223157","26.573195952059557","16.284382507210584","54.01467482391229","17.72557700102856","40.99329877142641","11.647655167413328","87.57243462169599","1071.8153996021165","8011.83590627334","18222.203000835703","394.7476371710179","Agricultural"
"pol-927","Delhi","New Delhi","2026-01-17T21:10:25.357Z","160.81116736637148","277.5895230265463","37.39666673791915","2.4037649333770403","39.32138673238011","7.631904270965483","30.28359433656351","74.48228363562131","24.253744489007907","78.33199512427736","13.616807376341631","89.6946757067382","1536.989429858906","9476.352837011693","11702.142878876339","9269.175874240993","Natural"
"pol-928","Andhra Pradesh","Visakhapatnam","2026-01-17T20:10:25.357Z","76.61569491937126","93.6745755272046","18.122169529005873","5.58555559748775","47.01112220759045","50.40252373550107","28.630271374721747","79.40162547622538","12.545245705718793","252.1106877474096","19.777632350680065","90.81027263022841","168.5953808022813","7157.306761060447","6541.48517609493","5606.4116443514185","Burning"
"pol-929","Arunachal Pradesh","Itanagar","2026-01-17T19:10:25.357Z","104.11243561542591","31.80370598394565","32.774561457131874","0.2824559365697854","42.797039188501365","87.34198717092518","21.293897538700527","74.65144019469417","3.5548344642126137","279.261337375188","33.26912543407509","73.94132294259084","1859.354868910845","4619.192981415556","19050.773120536374","207.40445976508371","Agricultural"
"pol-930","Assam","Guwahati","2026-01-17T18:10:25.357Z","57.60963501380483","284.1263797423696","68.92259524571939","2.3929780159666993","49.52789179802874","79.80763856257316","31.67730044148624","41.75311995860197","4.348449449880695","228.89316386842668","35.90882653101034","82.78318684503935","1768.2301459100956","1020.4609533692533","15558.260240550051","179.47104153168914","Industrial"
"pol-931","Bihar","Patna","2026-01-17T17:10:25.357Z","135.17742462491017","258.79826488240354","35.51275976424836","2.429184142465802","9.327640463933212","98.68459647697861","38.252423944588855","24.47739116765953","4.7693519375875155","181.90043563381155","23.306334222707747","82.37074220803459","1022.6658318997556","3569.850447469463","4916.940764117126","5726.740205759611","Burning"
"pol-932","Chhattisgarh","Raipur","2026-01-17T16:10:25.357Z","36.52495461279233","107.58802450446811","52.76674554048955","9.987307254361497","12.414997274970036","27.843022689112175","35.80201642238483","23.507146165994882","23.934594579089005","311.045738429753","8.75287337325272","83.63314735202219","739.6665163455478","7184.124024095714","16582.8907768278","4581.938791317406","Natural"
"pol-933","Goa","Panaji","2026-01-17T15:10:25.357Z","19.083164705589194","5.484529239683134","12.476346331573174","9.581748089051336","8.467499308991316","22.432899643521477","33.339691140303515","69.97699309255384","5.072532355846812","34.78759880620019","22.812481957015983","85.93154824422187","1745.4688099721145","283.3811913356854","19990.81872359297","834.6675488144195","Natural"
"pol-934","Gujarat","Ahmedabad","2026-01-17T14:10:25.357Z","5.067180734960042","49.38678549317097","31.014397147974986","0.7910321227613115","17.52344816189157","67.53267787130824","35.47929145161575","41.08856537444027","24.674253067644873","249.77738571060522","16.909093314111477","69.57468305065984","943.6721258119499","5174.9311506852155","6138.274046881953","4803.803781413148","Natural"
"pol-935","Haryana","Gurugram","2026-01-17T13:10:25.357Z","67.75886972279541","231.4180684337912","12.693812591001397","0.08250012542955099","21.046247746224612","93.68185374432684","18.05229324353658","48.95461032398648","3.8535976294087115","56.07384662229387","18.384476052482658","82.3516050521546","1623.0405309745604","2507.9917787403406","14229.596209285786","7718.196290723604","Industrial"
"pol-936","Himachal Pradesh","Shimla","2026-01-17T12:10:25.357Z","83.43568083758993","121.05195708583182","6.802470340130808","2.065003554506842","8.930112767785781","38.71148313443052","20.441099698626275","42.04041473479309","0.8164104295560637","244.82491681879415","24.467651669108097","73.45482830051003","939.4206640559469","7969.939205136117","11745.379617838526","6959.147343146275","Natural"
"pol-937","Jharkhand","Ranchi","2026-01-17T11:10:25.357Z","37.8852601246012","205.43285132136532","29.818285721678084","1.7236560769084164","36.58966535277969","83.74905253561464","16.155151301299664","68.75169107280033","12.965711199308943","185.16984776135848","33.21324660598208","84.25026629814309","743.0843413878032","9524.999535080686","13607.089437477258","1522.464394271743","Agricultural"
"pol-938","Karnataka","Bengaluru","2026-01-17T10:10:25.357Z","25.51889504279994","48.53199261897171","2.402858769113889","6.973823514985295","14.97346819620054","63.60545190728948","33.70102657310599","63.292208996785405","6.4283319918790855","210.66425644186748","34.61616827895871","68.56219316163616","1301.8165717571649","8764.186787800794","7668.056714556306","8271.872037786854","Natural"
"pol-939","Kerala","Thiruvananthapuram","2026-01-17T09:10:25.357Z","156.80278071183386","111.60193169084202","1.8206745084739673","4.444581662242451","32.6653583969609","69.74181556486818","21.86477703507124","35.59363683764579","20.88428934158139","128.64838825804532","28.987776993892414","88.16768639330215","1733.3819463487835","4595.56033010601","2169.4529430203247","257.14352774451663","Burning"
"pol-940","Madhya Pradesh","Bhopal","2026-01-17T08:10:25.357Z","134.38715295319042","123.91846549194977","71.45145017948674","7.271187008551475","15.572318485966797","29.846807247358885","16.43069782073612","61.22387990372003","14.515596411671211","220.32893439062534","18.56347898133388","78.71660092473141","103.80768764548742","6441.694521992293","19423.888632979564","9752.051076226855","Vehicular"
"pol-941","Maharashtra","Mumbai","2026-01-17T07:10:25.357Z","63.31752116117863","232.29192000428608","70.50707293582289","8.03418421052915","11.100058728327078","71.35799627408058","19.28795409810825","77.51063919152934","6.5243259936030835","229.87268028556554","32.76047704754813","91.28578529674172","330.97757276529904","7213.6193711842125","8006.713018493659","2294.723423898295","Vehicular"
"pol-942","Manipur","Imphal","2026-01-17T06:10:25.357Z","84.41653085364965","177.3423356239308","11.205054245125652","6.876104867575626","1.5689403776187438","38.85550519506634","26.466524531855576","33.10130854915491","1.66172461426555","55.47175398652019","31.76672894297541","68.48554584335517","234.00236994179014","829.4570620435959","7173.108873201901","5731.3158915312015","Burning"
"pol-943","Meghalaya","Shillong","2026-01-17T05:10:25.357Z","21.553379283094777","237.11764165964289","28.211077767420363","7.895320925446304","20.39805118472756","51.94640038932615","38.259663113243406","30.077964842299398","5.1024108027720425","211.52775141429984","23.24848874168108","74.32384354175493","1744.8426093917972","2104.366611496312","14867.53858819944","6091.797816829282","Industrial"
"pol-944","Mizoram","Aizawl","2026-01-17T04:10:25.357Z","111.71203958601103","235.55822060457098","0.8227136401781543","9.924823336552087","1.477092786701445","65.44737153766424","19.369410413327124","55.429220106285214","23.218013315436025","349.4746098409374","35.68547042515698","74.26547372686481","1594.5153154315087","4712.210198285129","3016.2249989032543","396.485715946151","Burning"
"pol-945","Nagaland","Kohima","2026-01-17T03:10:25.357Z","164.72961428849064","43.825077743499875","43.43782288661593","5.326914273888507","41.53435287391118","3.426315837032201","33.34113801501975","21.671243415850046","23.004422706402053","54.49758369612578","9.979744656062083","82.23226476227622","600.4455827929224","7259.913679364398","15962.819162668779","7098.071071026594","Natural"
"pol-946","Odisha","Bhubaneswar","2026-01-17T02:10:25.357Z","99.06798105842228","99.84240967700556","50.079317492697115","0.7666119557350826","20.795404378971906","3.2795230616463944","37.27005823428","32.42623432916511","8.806094630071964","11.282589652661748","31.884354846757677","84.6570232930891","1276.9857623871321","3159.862719433336","14639.17745094652","1641.094393383935","Industrial"
"pol-947","Punjab","Ludhiana","2026-01-17T01:10:25.357Z","190.08487961630405","258.9663223435827","18.219604096303144","9.583055786755304","25.835842854733638","58.730647390913404","38.713686445688275","44.01286241262047","23.324866450550356","193.80732407464342","16.47979982185084","92.0900191000989","302.73710247648154","4140.581144347293","1312.2536098049852","7798.146142637078","Burning"
"pol-948","Rajasthan","Jaipur","2026-01-17T00:10:25.357Z","169.9923791445706","191.35338218982884","18.776336251880767","8.797079657789727","28.59358825146992","63.123250736167044","26.874731969151348","67.05839226964179","2.1775157352229484","31.222013948689387","32.566667983140775","81.29821514762409","822.7787597524551","1268.5593929411132","1473.7043313055608","7483.706527596169","Industrial"
"pol-949","Sikkim","Gangtok","2026-01-16T23:10:25.357Z","100.12509086835475","235.65867247976553","2.3168731280800436","7.714886064306422","47.697831920201125","10.672355960544866","26.543993538080382","72.16599350301365","21.833832692346768","76.00231474059797","21.046866360945216","89.8068358441202","743.1948254115201","9670.69569868808","12467.212752535612","2345.025148276705","Agricultural"
"pol-950","Tamil Nadu","Chennai","2026-01-16T22:10:25.357Z","112.7276278065316","64.60231811388782","71.61068289275863","4.803187760135598","45.203690618009325","0.0012719759462043179","18.695585399675018","41.08720122985858","8.903817937430913","98.92294264053332","18.69844499695104","76.52556246659108","119.50681611164771","4231.433223830875","8111.7324831227625","7053.0002538795225","Vehicular"
"pol-951","Telangana","Hyderabad","2026-01-16T21:10:25.357Z","192.99493148335463","23.886962875939155","6.1997983038200655","5.261253607815669","14.846909644761475","41.92577460769209","18.49439448423512","27.86284757188553","6.251671104137785","54.962151995054896","11.931658209047615","72.76633383555779","1425.1631699111708","9510.081907930016","3887.7485300223457","1045.2500175606826","Burning"
"pol-952","Tripura","Agartala","2026-01-16T20:10:25.357Z","140.14695995314344","265.3051137632615","7.542322524774869","3.008050807940216","25.66049419130481","85.73821024711765","29.281405960843585","29.414162011977062","2.8113915783840344","218.14996549070136","13.853157326006432","69.95188215934823","122.35640624089261","5225.64838920862","14541.36800037376","4985.652245664067","Natural"
"pol-953","Uttar Pradesh","Lucknow","2026-01-16T19:10:25.357Z","3.6646757700960153","187.0369973895428","2.587502798219008","7.5955362232880965","41.6936568403931","31.900897583538367","36.908485447116746","72.8732965617778","7.52230710828328","356.5370552759832","17.663703908020697","71.74015106589607","1973.2062584953205","2574.376522722652","11985.007931474112","1167.4126906737226","Industrial"
"pol-954","Uttarakhand","Dehradun","2026-01-16T18:10:25.357Z","181.35773054808166","40.928169962050674","34.95269108775468","9.16989586364416","1.0439726187108256","75.0852028665936","32.16955600780571","21.39133992751755","20.012032113455838","154.18783419486743","25.553940184377335","81.64580679071956","1701.9710781351682","8848.773071233072","11240.407146381727","7613.245296294301","Natural"
"pol-955","West Bengal","Kolkata","2026-01-16T17:10:25.357Z","18.625870624018148","231.3606040971095","6.005788655229232","6.553555307704759","34.35476470840521","28.684714369009477","21.23281187845039","72.596423241197","21.649572964214222","349.67229422891353","21.87832722644054","69.05504299498516","1568.6958554452888","7159.987717480599","10149.128113099763","4935.032370087238","Natural"
"pol-956","Delhi","New Delhi","2026-01-16T16:10:25.357Z","178.56399911837082","15.028842771437933","71.48790581131398","1.0310253574612538","8.119093162505381","81.59639526376994","30.721930678836877","73.7199707277249","15.956259829629966","215.57029240955734","21.669603515153536","92.69228503963943","274.56625851601825","3200.406488587707","1165.2389157316568","9527.080985284114","Vehicular"
"pol-957","Andhra Pradesh","Visakhapatnam","2026-01-16T15:10:25.357Z","121.90759282319353","120.91899531492943","77.85080863674138","8.258202869996191","0.49968523422240785","69.90676537666053","27.13900607993159","21.40221497904697","23.975021906662285","78.86907540139156","26.368261655081255","70.00665927838453","1270.4982253616822","1347.721462712662","15247.14414704616","6295.392510942725","Natural"
"pol-958","Arunachal Pradesh","Itanagar","2026-01-16T14:10:25.357Z","189.53068608610138","68.53712752924463","79.12730960492597","3.211194795811163","40.570953411457545","47.53206983625292","16.72903743368305","27.739772307275846","14.252738670721007","218.69574038975458","19.485317775692437","70.55955962471207","1493.576487127366","9256.94968545154","5889.372495927048","3803.6716113882508","Burning"
"pol-959","Assam","Guwahati","2026-01-16T13:10:25.357Z","84.59787902381845","150.756581928931","30.34455048879373","3.238931085609169","21.162840236297242","59.95624661174156","17.465304910811746","58.21428402827897","22.939848490112073","303.07367806944285","24.268301284446185","77.35924252910246","156.61638166913173","4188.280965992734","4459.724705866952","2795.869715307129","Vehicular"
"pol-960","Bihar","Patna","2026-01-16T12:10:25.357Z","76.43297131175508","5.311337698815799","44.731684163812034","8.4754870337636","43.71832446217023","73.7643216897337","38.94402311644393","29.52561103459174","17.51833706258759","206.7252324338262","34.822726430028226","90.8994450165462","166.31838676082177","6646.4871158159285","11521.255957127983","159.32183363977614","Vehicular"
"pol-961","Chhattisgarh","Raipur","2026-01-16T11:10:25.357Z","92.93256793443894","279.17925810916927","45.53526797001478","1.0310608461852688","6.11134594479526","25.844839460397452","32.90683670272851","74.93548361494642","0.8540472739557575","320.4923584708352","25.76340992051513","83.711632307665","1782.7757300980224","6755.526153325839","14745.035953114782","8160.625980850786","Natural"
"pol-962","Goa","Panaji","2026-01-16T10:10:25.357Z","170.6368871537245","117.04534112351168","76.36631626031358","1.993991566942882","27.465965178053196","53.91797797292595","18.61221896489969","27.600217869726315","12.443052185723257","343.96396972654276","19.93876885969034","92.76142909365339","41.58580949922208","2339.186319697597","12196.563655077554","1385.8341576706734","Vehicular"
"pol-963","Gujarat","Ahmedabad","2026-01-16T09:10:25.357Z","124.11166117695633","231.94031624333877","47.86035977077783","8.37401173607672","18.112255062737276","57.501125181534796","25.028338449703035","77.96048739941","6.08491080004627","70.35005310291267","35.9690136845242","74.82653362920142","1128.8612277224852","3790.8959787327713","5622.28566613112","5997.018505130127","Industrial"
"pol-964","Haryana","Gurugram","2026-01-16T08:10:25.357Z","160.4680157244902","36.89491679816638","58.630136010416074","8.23623928373686","8.068908424096566","5.391177862891072","26.187671134765758","34.65041143895206","11.668544500261508","280.45248010340634","15.93780797965874","82.57000087995145","158.85858955795996","2450.1710179544602","17564.080277735626","9613.155331455226","Vehicular"
"pol-965","Himachal Pradesh","Shimla","2026-01-16T07:10:25.357Z","48.45128985138862","101.9875233789223","17.98301583278129","9.232164706694432","6.350584926942942","88.84654714248829","16.077494642507375","37.01431765251405","9.442465343423597","346.4907597066349","14.093119701170888","72.93805130336344","1705.8809115808406","6298.941352720666","3564.320493205102","3777.280842981052","Burning"
"pol-966","Jharkhand","Ranchi","2026-01-16T06:10:25.357Z","132.25431076822463","86.47375759378649","24.5471136988154","5.503096089802348","6.236047653878934","2.211079412297079","33.329056142668406","49.2416270972512","19.872939329646716","177.03743306194704","15.807918768704576","81.36832905452655","751.083583709554","4992.8374190175","13684.419240111414","9432.357240633432","Natural"
"pol-967","Karnataka","Bengaluru","2026-01-16T05:10:25.357Z","81.69647463036804","35.12936351786393","38.13872945909485","8.675627120690748","17.951262179813128","74.65745502909994","35.9121998021412","36.330822226215034","2.339285338276281","263.1499022461112","19.705007035507315","91.80323256100213","1600.375000744149","2023.3015416731748","19228.090189151633","3084.3478584344084","Industrial"
"pol-968","Kerala","Thiruvananthapuram","2026-01-16T04:10:25.357Z","138.72340203770702","102.56939699895919","57.00550252767027","5.543604283714671","7.0678371659393555","0.3829306184696457","31.9917881829779","41.949062902975484","1.6225945112349955","78.16568506032307","13.08786266853275","77.17006578199756","1948.5480059241784","8933.0240108436","15698.421872909987","8061.890872767435","Natural"
"pol-969","Madhya Pradesh","Bhopal","2026-01-16T03:10:25.357Z","181.58741094102564","241.98149108603357","8.236363666973903","3.8058102663486215","17.901192071872487","57.993509912275485","22.930035594654075","49.53722588747719","9.239002529425372","160.4390334606542","11.164543084022839","83.7924538809854","1339.2768107750749","3024.3280722472487","1891.2546209588531","3628.8110835694742","Industrial"
"pol-970","Maharashtra","Mumbai","2026-01-16T02:10:25.357Z","67.81678479057685","217.38914126575887","24.660216412496982","1.973925666530686","15.118792147200994","67.6599686229576","26.27235703089748","55.46457176787824","18.281365457198632","207.24961540237533","34.408032880774165","84.5000079706272","297.0763291270848","9140.240918414429","1884.9234645950253","4088.730466154732","Burning"
"pol-971","Manipur","Imphal","2026-01-16T01:10:25.357Z","161.9268282458554","36.82218806347015","42.1855857574659","5.8788003734439","40.87098087779763","27.718845577842178","15.722222213884253","52.6744831184758","14.354178482307569","248.7770956565666","24.971152037687013","74.40479344038656","1035.0814183247733","2870.755244040677","17360.923074016955","5108.9201032188","Industrial"
"pol-972","Meghalaya","Shillong","2026-01-16T00:10:25.357Z","45.12073359873485","290.34136492321346","1.8777820466390427","7.025745373330777","34.23342105056668","6.626606615522734","22.253948549055607","75.55297132311547","5.154173332636611","170.77484087613774","32.17763169501865","79.9715537885921","40.27286880997249","8637.078644910298","16294.372022762516","5720.307971447679","Natural"
"pol-973","Mizoram","Aizawl","2026-01-15T23:10:25.357Z","196.46032808506973","73.06901348156187","73.00060131698706","9.65486871096729","37.18654180764667","67.64471707601231","27.50645585057149","73.94944520364419","19.550292591706405","226.3158597548551","27.816778914896986","74.56153078210737","869.4114886128206","5422.912692823461","494.4350838009126","2379.39138661703","Burning"
"pol-974","Nagaland","Kohima","2026-01-15T22:10:25.357Z","101.7252820962102","237.31255748306256","56.45590322622881","9.072296594228105","42.4154943652786","39.355663016150565","32.13615776116713","23.803536869056586","24.570222258262852","356.5928237913381","15.338388756968227","90.98218953401101","1977.7431274150472","5517.734900082206","4184.527607059898","5341.053756196762","Burning"
"pol-975","Odisha","Bhubaneswar","2026-01-15T21:10:25.357Z","166.57046618629295","214.38843997836364","51.05048427821277","6.991240082154517","7.116490900666022","68.5661939004954","32.28300800314133","34.795390095940405","5.9458547885054","320.8853272122903","9.102359483374576","77.43591334842989","446.4446032929255","5999.237006021845","10284.334524339567","822.6593351056022","Vehicular"
"pol-976","Punjab","Ludhiana","2026-01-15T20:10:25.357Z","31.62814422261768","115.05892669825035","60.6050345027071","8.897783178687162","12.742919487530163","40.3240435638824","26.306596680081043","20.05997819653856","0.771270728187981","112.83168040044264","19.359027890322494","86.80153327634603","525.7218084216814","9287.79314735908","18565.306112544982","2513.938846772057","Agricultural"
"pol-977","Rajasthan","Jaipur","2026-01-15T19:10:25.357Z","18.020327291625637","282.11373402169716","35.470594951341596","6.632264042213797","6.148672364219626","78.65741193730335","20.632290073228802","20.24318630003601","23.09734182091563","73.82332535736766","34.750548394483985","73.90100446364785","979.5828494465486","455.85294847964695","6099.870799436644","1540.8064286541967","Burning"
"pol-978","Sikkim","Gangtok","2026-01-15T18:10:25.357Z","166.31794339078502","156.59095723978814","32.68103867413478","2.5494430547507707","21.12330453100226","67.17990034228797","27.162715010897745","74.96183711022212","21.600673926972945","166.1590939919545","31.282906102585272","71.6270006537008","1295.9369370789525","4684.46149051434","6358.031037692155","8709.000319041092","Burning"
"pol-979","Tamil Nadu","Chennai","2026-01-15T17:10:25.357Z","196.63651847670923","4.882995534726398","50.722173679211096","5.714193638992876","4.189199826794626","82.41935744086591","37.377997221386174","49.03217474583036","21.34686936474451","96.16714043517312","8.3808516912443","85.56873263073129","1313.4226135958295","3073.587890380308","1964.7036354820148","6561.678269138684","Burning"
"pol-980","Telangana","Hyderabad","2026-01-15T16:10:25.357Z","67.52142096886506","11.645633889833707","1.1684089813888132","9.369327993813204","36.778571068157326","99.98323114021433","24.002822385589518","28.71440358571514","19.46716010907086","244.32967250605716","30.711912293481568","82.5043684616205","1258.4715436899457","5868.521287215432","1637.6087785592586","1787.6022444635807","Natural"
"pol-981","Tripura","Agartala","2026-01-15T15:10:25.357Z","168.4492211758816","56.70139213441573","33.51862231236006","5.554575415199042","24.78539580393104","0.9269467764199901","35.45052583568021","41.92261087150101","9.41036405006487","330.0230677690411","20.610233108206277","68.24727057941125","1808.2574230785835","3973.5811862019254","18098.67509660044","4238.280076838603","Industrial"
"pol-982","Uttar Pradesh","Lucknow","2026-01-15T14:10:25.357Z","75.53937717157366","161.2638142191196","17.819202541046","5.715322583400267","18.928218059689637","75.72357702309378","18.246867900675117","24.63457735545827","0.5347254515102845","202.525122794761","23.125633194700875","73.33528656920576","1762.6748594615035","3988.483822384985","1875.5758332015594","5326.163108653846","Industrial"
"pol-983","Uttarakhand","Dehradun","2026-01-15T13:10:25.357Z","108.69742196617406","140.50534586894943","64.90627456232575","6.385760398940156","3.8276418820176463","22.787085814212983","17.67494413048433","78.03187627507819","14.135370348637993","181.12853824403226","18.87830677112366","77.88740485766499","316.1584537516338","9994.017204147098","14399.712375007217","7663.555164905369","Vehicular"
"pol-984","West Bengal","Kolkata","2026-01-15T12:10:25.357Z","158.30853767055407","246.19535896275","0.6446072970467842","5.9463759127556965","29.941046549549995","90.57217125322875","30.672854543077843","69.39695462307941","6.588658518070692","81.56657858461868","34.52050877412539","91.34996684497582","1615.0354912109322","6326.482010304431","13443.729050647973","3426.859572603309","Natural"
"pol-985","Delhi","New Delhi","2026-01-15T11:10:25.357Z","181.10868248614312","84.29432921660684","51.575720123645006","2.3728583677687984","41.20839450414816","42.44663815695839","35.47343581075108","64.8935280609185","14.44888065967066","26.70719479809236","14.361856241540945","74.87777805231943","218.61480162161095","7923.1844226809435","14041.128208627963","9962.154227990804","Vehicular"
"pol-986","Andhra Pradesh","Visakhapatnam","2026-01-15T10:10:25.357Z","71.13357199126544","229.51624410247132","47.674029460914866","2.7424139598635513","12.986663556478995","1.3528581618347246","21.18650987379582","45.79444824453257","4.78159787279453","28.391399225725863","20.323689449548482","70.5114339785803","595.9375688836725","8003.676665410874","18526.674320137612","5250.976634519393","Natural"
"pol-987","Arunachal Pradesh","Itanagar","2026-01-15T09:10:25.357Z","83.90315440975546","66.65258419201426","51.60797684610793","9.174827931338566","18.668587101476792","31.712375789692416","24.424431560532227","75.76762519897356","1.1854455506265849","70.78186840135966","8.664813062341274","74.52494958149643","321.4108752702669","9067.217119966012","3207.3917024265206","3795.4296158891566","Vehicular"
"pol-988","Assam","Guwahati","2026-01-15T08:10:25.357Z","83.49441672173894","96.86334233267698","6.436917164745193","2.252846256394659","16.65550581706066","70.12093773315927","28.66685169928008","52.20962480583788","20.637498119130765","57.463608526608816","33.82798282081997","71.18403116686922","287.4055655225405","3504.0913311023382","3857.5386672913846","9975.969677516372","Industrial"
"pol-989","Bihar","Patna","2026-01-15T07:10:25.357Z","175.56108288560392","220.86448727174314","25.274406191638494","5.236574325647203","17.62922925497334","82.00396288714622","25.530057453201785","34.70198143496083","20.9044724514951","214.39463190947114","31.06437292334836","92.2386526519616","1608.882286106557","3486.476524753128","9962.904390870373","213.71499033229324","Industrial"
"pol-990","Chhattisgarh","Raipur","2026-01-15T06:10:25.357Z","164.17143991996704","157.59009624843995","48.30783880268096","5.521736465150768","30.41761016851054","33.47985404808209","22.324658979018707","29.595159561560585","4.077735663229134","217.08827087724796","17.415216532710247","77.8592075443165","933.5387734438912","5683.16877367697","1574.2087536126892","6372.147945059837","Burning"
"pol-991","Goa","Panaji","2026-01-15T05:10:25.357Z","164.9992459593844","68.18303107597666","44.42435418193512","6.468146829360197","42.39019303682775","35.445392532286824","36.714596622285455","55.51326578474619","0.31179140811613826","318.82918980665715","24.45856418366973","76.19943733983808","747.2195382402263","154.22973672701178","10491.69329900922","989.2957330640239","Industrial"
"pol-992","Gujarat","Ahmedabad","2026-01-15T04:10:25.357Z","53.35823929938095","296.3948596113195","65.90481637212791","3.562747858006211","6.1342579968346245","50.5711703683159","34.700945602697075","22.386232064797017","4.5438590229518905","218.33924705331702","30.588948530102073","73.95675959281513","106.61265330223068","9464.303376655072","5093.8978459513255","6258.75436382428","Vehicular"
"pol-993","Haryana","Gurugram","2026-01-15T03:10:25.358Z","100.12426058023347","244.45574977274404","11.384561807900031","8.814061516005413","22.221712964415907","30.020656964927326","15.755814125372947","62.10583592561925","18.256482213897648","198.6778048833001","13.036824005185451","87.00049568269725","250.8751921195962","9327.625161084481","9498.967443698099","2468.6364382408387","Agricultural"
"pol-994","Himachal Pradesh","Shimla","2026-01-15T02:10:25.358Z","100.77469851020729","43.15005335496066","5.1345391376517835","4.5943404250190465","47.98090645368627","28.298154873080406","30.029006719881124","32.476671202382434","24.64381639673581","294.88840899820406","8.05251211030124","79.58188960478564","843.4188606157937","6429.147350824636","14422.062634502905","5358.894146697916","Natural"
"pol-995","Jharkhand","Ranchi","2026-01-15T01:10:25.358Z","187.49196256606174","265.61213651093186","30.84390940481282","1.1172999694990027","6.486823227824617","61.15334741725347","26.717089206044783","49.40445104974767","5.890949979625438","291.776170798632","21.683271542884192","91.33362716039916","1352.1528050785612","5907.170591257997","17236.325624470915","2113.2794793261746","Agricultural"
"pol-996","Karnataka","Bengaluru","2026-01-15T00:10:25.358Z","182.68538848532648","105.45262301526523","44.26958197316789","3.3500645779472316","10.938144850902336","3.3745844663230384","37.74718346610948","69.82672875096677","10.872627845843336","144.68456966881413","35.882990874923365","74.44406835455473","833.4183323859443","5105.309905511433","19963.515079724788","1028.8982722168582","Agricultural"
"pol-997","Kerala","Thiruvananthapuram","2026-01-14T23:10:25.358Z","194.7410323286269","105.41777553373666","74.14555085186566","1.9864411537941684","26.535348488143335","49.32740807797625","32.508532904570785","53.865901194781074","14.108904296731925","357.6949306343967","31.093099789128374","80.8710771796961","113.0830438919026","2607.4161751047777","4117.739215193281","9962.90926981023","Vehicular"
"pol-998","Madhya Pradesh","Bhopal","2026-01-14T22:10:25.358Z","162.4616423173651","92.6710370651492","38.522100658838035","5.849204768827598","24.526783484481246","92.36032601323998","32.97233435034241","23.002438764006236","5.460539870353043","129.88624224113627","24.343632435649987","68.81232006129004","1356.7137018441927","7174.9008545484485","14068.176353977973","5051.615736250231","Natural"
"pol-999","Maharashtra","Mumbai","2026-01-14T21:10:25.358Z","136.51165367313388","67.03785989722805","30.55863228348146","4.086335599510873","43.33906991358161","87.57476346089248","20.911380333841","72.88882747797294","5.064310099511046","27.360237706744634","11.266746380400754","87.10837838806802","661.1785434802548","1824.1842194896797","18575.444952120288","3467.5136666150843","Industrial"
"pol-1000","Manipur","Imphal","2026-01-14T20:10:25.358Z","107.40329557532588","257.70833003932245","1.8559439296021818","8.948959461684744","33.2813515037711","43.40204770076534","39.58448116755342","55.47438611091465","0.2526837288968714","128.35773739668304","9.549728970980501","70.9884408331519","1202.0424544381233","230.52011071435396","11379.797070942155","4536.913447628679","Industrial"
"pol-1001","Meghalaya","Shillong","2026-01-14T19:10:25.358Z","137.88111096097762","129.9610803149298","44.219277469527576","2.2805319922984446","6.707725530344994","35.459927611857125","32.59154623721069","64.61887009967549","15.986378182818623","321.9635724393459","25.156918744796663","92.48349276099849","197.33792675169036","9445.128269788267","9480.67516812842","7447.595331652524","Vehicular"
"pol-1002","Mizoram","Aizawl","2026-01-14T18:10:25.358Z","182.08936870356948","241.4211004529728","21.015131984325343","9.476823232228686","3.9198903961442766","99.88526970949948","37.073789280926235","59.349349621050315","8.487369295207001","75.42687825315345","17.22775439977161","70.87097238103082","1525.9804671807844","6062.963089073616","19462.11842101602","3019.763302713373","Natural"
"pol-1003","Nagaland","Kohima","2026-01-14T17:10:25.358Z","87.88865756805203","154.72684503872486","13.146182053048392","7.0014060226767505","23.63948192612814","70.54222744016327","30.562798811667683","73.03332704556746","22.049306689915028","145.609631991337","23.350335590829502","83.829565254631","1862.4242177915255","5410.070711876552","7560.687431379099","9898.456442741799","Burning"
"pol-1004","Odisha","Bhubaneswar","2026-01-14T16:10:25.358Z","178.00897570113256","253.19205853945058","28.18478919633786","0.08919775125474261","9.105369414527493","12.245094170957405","15.55596679518036","55.05194490805982","20.047011198433445","0.24516337358462703","14.484873624924132","76.48777497894098","1383.9444485585511","8972.076879932452","18875.39562828529","8019.630615053528","Natural"
"pol-1005","Punjab","Ludhiana","2026-01-14T15:10:25.358Z","106.27338062649582","173.04164688370037","74.29190032328583","2.311313018997806","39.8430078188261","70.07467623032171","18.32075377089773","67.28853292565748","7.606179804100854","289.9656923772381","10.893588459682455","73.2433573674455","874.3179251492994","2869.1805189542397","4191.4657118005525","3556.227892859115","Industrial"
"pol-1006","Rajasthan","Jaipur","2026-01-14T14:10:25.358Z","111.94890363594484","31.100235933049436","58.722511843184684","1.9562581866015383","41.09739688577686","82.92052984762056","21.427823781400807","66.85066823594312","16.765908275367224","294.27553077865156","33.10309374169617","74.39691877849368","1135.1829298671485","6221.722752786547","13136.078513117147","9005.07429451043","Natural"
"pol-1007","Sikkim","Gangtok","2026-01-14T13:10:25.358Z","37.948374528537855","162.2860977890256","49.959700294106916","3.9447539281296216","20.020259186256617","48.599127498675934","23.917136266006132","21.41681086258482","24.799617204868653","233.34713337644857","26.450439950237538","81.60181504126061","353.10336070258865","1370.094498764295","10775.031034100532","3082.2816110101726","Vehicular"
"pol-1008","Tamil Nadu","Chennai","2026-01-14T12:10:25.358Z","155.78921274298074","186.15650591391164","75.213851156516","9.92938960108255","42.43641031752939","96.7290634014599","34.587973169469066","37.18586035696261","22.745292360395972","111.66373816609928","23.726981530085","83.31045329640705","1416.0775172508982","4819.893403455571","11034.92549497745","8754.370018164687","Natural"
"pol-1009","Telangana","Hyderabad","2026-01-14T11:10:25.358Z","129.14087984727556","194.19905056226403","79.0098204721181","5.786072071305295","4.702725976596817","84.16970578447864","23.593449549473924","41.296620156445414","18.67579144159096","286.5086144582578","28.275852413708428","69.82711244344279","63.02104505001949","5215.925647472286","4348.578991577055","2462.6558409527966","Vehicular"
"pol-1010","Tripura","Agartala","2026-01-14T10:10:25.358Z","164.51167788390396","18.24925118210363","77.67117885133699","5.691970178046905","23.939961873862053","20.928879651317022","36.90762611773317","23.819252515577674","16.859133572930467","197.3893806196206","26.38036854800276","86.95816129541878","1507.8187781920706","2282.580455918626","9625.79014154747","398.06521311159804","Industrial"
"pol-1011","Uttar Pradesh","Lucknow","2026-01-14T09:10:25.358Z","178.60011547957842","232.96008448216972","35.48464354508081","2.6486845642924584","22.06970361892664","90.03433458056477","17.320479694406913","40.006763060529146","2.598398563273263","306.382905089223","32.268845509085054","89.1140155735334","328.8554100350247","5160.172255586266","16379.593540078322","227.0957466963175","Vehicular"
"pol-1012","Uttarakhand","Dehradun","2026-01-14T08:10:25.358Z","197.59358536172766","292.9284144095587","31.985699336380684","2.8789059733416367","28.354464548866787","97.81981908339806","33.29993123690372","21.3340293896573","13.365247060510427","36.658564516286425","12.212779917518212","91.57220517355734","819.7999905518456","1573.0390669955275","6127.897508937234","5258.793981836639","Industrial"
"pol-1013","West Bengal","Kolkata","2026-01-14T07:10:25.358Z","137.95284705177156","145.7509100945235","26.190085113621056","4.805675319346862","12.677656913090441","57.388838620694614","34.68700354486155","35.24260006357658","2.7168449523003235","25.927266364113155","20.57507687159194","80.88613847371806","947.550199525782","3881.436074293173","19404.0967380276","4744.129234724319","Natural"
"pol-1014","Delhi","New Delhi","2026-01-14T06:10:25.358Z","99.43434416892838","90.03484106649931","27.968152017517713","1.248851910742791","29.038698640651166","93.00696277719926","35.15441702954392","35.23154624597073","9.485782886659566","6.928590663545777","16.99095739448536","70.43791416515623","197.65849362881704","3408.798924831473","11510.415219432709","1654.652526915017","Industrial"
"pol-1015","Andhra Pradesh","Visakhapatnam","2026-01-14T05:10:25.358Z","34.13415716373795","167.4949873890693","8.233158853254317","6.7635067073242885","25.05997248243752","33.287101882500046","22.025350302890836","73.79216216972621","15.492570236080788","271.36869753871196","15.352103515059792","88.50326102290988","1553.2601252869022","9833.60888959417","10638.050690625041","795.7560228918969","Agricultural"
"pol-1016","Arunachal Pradesh","Itanagar","2026-01-14T04:10:25.358Z","148.64446941843602","200.66865416892276","75.27206554688637","4.11962730889578","37.797253091199444","25.00426880964548","30.235178106266993","76.16301896078986","22.419176786746924","63.47135295287891","17.27127788555731","85.6098479428107","1968.2799241285352","8044.939607093719","19684.1653617434","2080.6253364869144","Agricultural"
"pol-1017","Assam","Guwahati","2026-01-14T03:10:25.358Z","172.1017750259752","181.21604942361617","23.212954394876462","2.6546103702153747","31.510787263019875","82.99097470219705","22.933508813449446","36.24935287859484","9.785578957286084","16.101318751229975","18.8379152790601","69.87562369532843","1861.7087096774435","7257.017052903119","11083.76922240665","2887.1505971906754","Agricultural"
"pol-1018","Bihar","Patna","2026-01-14T02:10:25.358Z","7.65058348622194","205.05293163467758","11.50233746839537","1.5200644782074724","12.355310862500591","30.549446220244004","30.91845457149369","33.4221717791943","21.205589904167237","34.78429078554402","12.082184698549076","81.5456429687001","1826.0394299471764","4548.97527367679","18223.687061504963","5719.913346133225","Natural"
"pol-1019","Chhattisgarh","Raipur","2026-01-14T01:10:25.358Z","33.279612352481","201.45948745597707","32.23517068118216","7.2498118998463745","46.201906401588474","82.62345331292724","26.811622897060886","79.97129411654271","7.785592131607294","37.21553049432479","22.788763959995435","92.27445933799125","25.103701151287574","4067.544608940685","968.898902816202","3355.3520688982053","Vehicular"
"pol-1020","Goa","Panaji","2026-01-14T00:10:25.358Z","193.11459003750073","25.499884874498658","62.54474798011377","3.0123824869643325","35.22662634069918","11.622771177825165","33.702056896529086","37.06820742836443","11.199017158409456","102.04930342888973","30.2745369218304","88.92907241846821","1504.0059780223914","3151.7715320928064","7370.810119476357","7554.485596562036","Industrial"
"pol-1021","Gujarat","Ahmedabad","2026-01-13T23:10:25.358Z","8.429446266749284","34.401894514651865","50.76221882978086","8.93755421172148","2.604215847506419","39.10427964565264","38.66168755507976","44.29717464560866","5.616817578066871","356.4515562231167","31.940603131256083","75.871613175923","754.6348482168759","175.60219622068107","13605.174932229442","4451.4297329912315","Natural"
"pol-1022","Haryana","Gurugram","2026-01-13T22:10:25.358Z","43.66929811666984","182.94663384201664","4.421303795824452","5.845559965220405","40.370385446569564","13.289558190537365","36.799891718678516","62.67779495801314","16.964697335227406","128.8514066489732","27.51008633421509","89.48398388429965","1335.4941594155","3919.2208153342676","16061.696297999182","2850.792256527267","Industrial"
"pol-1023","Himachal Pradesh","Shimla","2026-01-13T21:10:25.358Z","149.59309509407674","109.31227507944925","62.5749413832397","7.223984329201524","48.036032886021374","99.38831638636168","22.541892321488696","34.20293853613396","14.324631954628387","142.02952495587908","11.951562923100525","69.85047751525312","108.73380579637293","3485.8162972439945","12128.322869945838","510.5152862622009","Vehicular"
"pol-1024","Jharkhand","Ranchi","2026-01-13T20:10:25.358Z","99.83121369245143","209.13411887454606","15.630693450376256","1.9551655163103832","47.938221446463366","82.01793214808458","32.050586218444025","47.558306119034135","15.464538971824354","208.93616769826284","35.86108302120641","79.26564593117975","1181.924077304074","7486.789392939161","1547.3391621486865","1387.2311316413234","Burning"
"pol-1025","Karnataka","Bengaluru","2026-01-13T19:10:25.358Z","50.896939576974255","134.67553794499096","77.12656263142745","9.244654647633046","5.738661610843815","65.20425630953127","28.295449566653446","61.64035981969284","24.861293344967624","112.69620840208951","18.911185822459203","73.01794837626507","1774.529068233682","9960.039120759871","11822.696947423452","6436.875986144785","Natural"
"pol-1026","Kerala","Thiruvananthapuram","2026-01-13T18:10:25.358Z","138.81795631127645","263.3610530801851","57.00474236541267","7.50407357532013","9.158595530207359","31.068669293149497","34.241559816380985","30.595900143904412","0.05421314130657773","193.120006288681","35.202771856815026","85.22503494888049","917.7586458839355","3401.8937405184492","6523.324119694887","8695.255363422713","Burning"
"pol-1027","Madhya Pradesh","Bhopal","2026-01-13T17:10:25.358Z","188.0222275832696","254.42988240287687","74.874029425468","4.3665620976639365","7.060689388430558","71.76857015101689","15.33209478275702","43.5164654840956","5.092666521806885","80.84694802049209","11.547566768533008","91.14546205978006","915.8610005689783","4880.284167781362","1660.3945063360936","1957.0429330690042","Burning"
"pol-1028","Maharashtra","Mumbai","2026-01-13T16:10:25.358Z","131.21757769331512","248.17735875671184","49.550451850805494","9.900190882447028","34.56821241096213","45.80165456415942","35.787861378153565","34.32474047615379","3.4115515511454975","90.22703753633105","15.12084174563071","82.31915309065735","931.9181202342817","9708.97687417154","4426.063817212817","3825.2486391055263","Burning"
"pol-1029","Manipur","Imphal","2026-01-13T15:10:25.358Z","99.61544910855828","244.69689947008172","25.53916921555257","9.711373487103566","47.294073079893984","47.786349217954715","34.069677152397404","34.69244527299914","20.502919457391037","307.7524178429576","16.810812802986078","87.07183763662633","405.58570714849384","9183.91994428893","306.06907989419784","9583.53539700543","Burning"
"pol-1030","Meghalaya","Shillong","2026-01-13T14:10:25.358Z","135.06839636087383","271.9072821442757","41.059124758494974","3.306812354040116","19.299323740465667","37.247355521179635","27.12182150753383","53.079520051932164","4.879358047955987","235.7693033465148","22.589047454762","86.65978483953457","624.5336339345296","9541.961683593496","2335.72123399816","5773.64009836012","Burning"
"pol-1031","Mizoram","Aizawl","2026-01-13T13:10:25.358Z","84.68495753030942","132.5766390130486","21.067131891321882","2.1855993089307413","40.8816926939111","54.19917334722727","23.755875704425854","76.04056024114418","17.24051270468876","319.45611984311034","33.239857777491764","88.29382436477849","1057.2302059434935","1328.7395541530489","5755.7191046559055","677.0779619369738","Industrial"
"pol-1032","Nagaland","Kohima","2026-01-13T12:10:25.358Z","104.7082259232957","173.0758521213662","37.868143789583996","8.706440876231095","8.866400831957455","84.53974210801235","35.785726957260096","73.18419894748894","1.644784244254227","79.0029070375542","20.488388215236707","68.89426851247167","675.7596141348987","4482.275310872145","7134.355892569246","3655.6142793038816","Burning"
"pol-1033","Odisha","Bhubaneswar","2026-01-13T11:10:25.358Z","190.52406482784824","70.16912353973606","76.92439383004184","3.633864674469546","44.78991329023888","96.29949099533327","15.970041894963911","34.27029936202466","12.240923132471107","12.080292574382643","22.40677334571742","71.69863509853748","173.9357748448598","4665.57559987327","5845.348887194228","3764.3972644439737","Vehicular"
"pol-1034","Punjab","Ludhiana","2026-01-13T10:10:25.358Z","110.82519481684304","68.69524799855296","4.625362231363841","0.3473698241935652","12.221567275958535","19.607722597128806","35.76246671936137","52.644062663116145","24.549677277932087","314.97242439855376","34.0499316723686","73.08334484475891","871.7267348070601","1709.0450964924642","16340.79949010614","3910.234857990923","Natural"
"pol-1035","Rajasthan","Jaipur","2026-01-13T09:10:25.358Z","126.06491956337251","140.75836740050443","35.22222004917139","4.815394260489105","37.179328210499676","12.366725717672534","23.3784708609612","32.82334986082055","10.554584731822821","235.94211281966003","30.510908205296708","73.01434311893917","1866.3980582451663","2838.037380174401","557.3609695810711","5437.180709959426","Industrial"
"pol-1036","Sikkim","Gangtok","2026-01-13T08:10:25.358Z","176.08205078646662","21.67499101743722","13.366078225682765","9.292396103775213","44.760673538125126","3.6554436225618825","19.57250174226662","62.207163862233195","1.2911037566336603","62.72210136405998","32.08005084288767","82.14611738068471","659.20314058781","4345.158244086984","6867.892191991953","6492.187094552407","Burning"
"pol-1037","Tamil Nadu","Chennai","2026-01-13T07:10:25.358Z","149.7682368800775","296.76880519595886","58.10443446413832","3.939685710729419","48.8434787634427","39.94447379533829","27.392163643594536","46.50161891396883","5.328820155198541","104.81512937360068","24.1730380669221","88.10103426479026","1007.3726409094661","3637.427510671374","5349.467764470674","5227.420779964733","Industrial"
"pol-1038","Telangana","Hyderabad","2026-01-13T06:10:25.358Z","96.5325638251652","289.7769254639771","62.686240184099624","7.665832019763506","0.45512341443553206","16.352441011144315","37.111026365708085","70.08359952065487","13.352208847044631","4.072867362536052","20.954244453686556","74.36928772316215","1942.5372612762903","6666.12869222767","14523.512198708784","9658.928550952","Natural"
"pol-1039","Tripura","Agartala","2026-01-13T05:10:25.358Z","188.40510469195996","132.13023708500077","2.1101615894347248","0.2316457758319057","1.6922947604000371","72.9010243149971","39.940942096963816","51.55688606220167","4.910130089069578","77.5687141664414","17.271109544351667","77.01222227466889","1545.898849214566","5364.608614503372","8317.955536282638","1799.8628920600502","Agricultural"
"pol-1040","Uttar Pradesh","Lucknow","2026-01-13T04:10:25.358Z","78.79464061523666","273.9594609313658","19.541467221689075","8.809040250450884","45.936263882929225","84.41452655701701","31.265989399988644","53.07246590873335","10.70695248383601","105.98911813627443","30.519690811464002","87.9521126631555","1979.2084702764778","3371.178104099715","17906.85300026819","1613.534024991935","Industrial"
"pol-1041","Uttarakhand","Dehradun","2026-01-13T03:10:25.358Z","88.89926775656005","107.17031570645776","64.30900427943934","5.945193723505975","24.757793817516244","62.90178627443843","15.819327459235437","52.954763014709684","18.959502297268646","39.674167084853636","15.053365653396707","71.02064112911138","368.9901110104823","7442.730899128606","16413.80845353969","9352.916944203","Vehicular"
"pol-1042","West Bengal","Kolkata","2026-01-13T02:10:25.358Z","78.92569259216819","51.404666544786","64.0840036329225","3.51291628889887","21.45783228266841","6.2575338477586335","19.181739160659504","31.28201852175969","11.368419054322723","80.7510090038155","12.834806278816773","85.70269713045961","1842.1092357869977","476.35425722349464","6256.959286440054","6089.551784086602","Industrial"
"pol-1043","Delhi","New Delhi","2026-01-13T01:10:25.358Z","151.06424994780843","165.4750087374814","50.372202566220935","6.1158758021272694","13.731053772477807","26.40152470006909","39.07073138303748","21.365342967237492","23.265952230993875","167.03160895576525","35.05264662158518","91.00448288585505","1419.6651647730996","6578.277527566627","17734.828430026784","821.9723476018747","Agricultural"
"pol-1044","Andhra Pradesh","Visakhapatnam","2026-01-13T00:10:25.358Z","13.552998384721505","99.1994028336558","57.86130271768598","7.607824943239432","48.279285742869895","20.652437184023754","32.248689847098504","52.756068385268186","20.797383675649474","315.44874545174497","9.67227162657564","75.12573144949269","327.6537803364039","9113.098419237045","14341.631151883486","7784.1671789556285","Vehicular"
"pol-1045","Arunachal Pradesh","Itanagar","2026-01-12T23:10:25.358Z","45.345401430865984","285.49386458315035","16.85928809946729","3.7591068721438994","7.670015166557881","90.56513464580472","19.983000733219473","29.119065957999226","1.5866671211143046","235.72620770050344","29.828015761274862","78.49986952252974","1931.7354749088925","1737.8263210248424","1015.517336990257","7128.492714939049","Burning"
"pol-1046","Assam","Guwahati","2026-01-12T22:10:25.358Z","123.05803029448752","286.2445691236903","25.20605199308724","2.2786830455929783","30.301533347665398","84.32863331596336","31.290397401522615","74.33085379072986","19.644833450245784","341.46855563297214","18.830153499412397","81.08736235975815","23.638218672763944","2798.289271891343","12148.537493288133","3326.0703801304826","Industrial"
"pol-1047","Bihar","Patna","2026-01-12T21:10:25.358Z","63.76441969252302","101.20038491938871","13.938280629661737","8.564212373464015","31.800394975232155","32.069497811317696","39.47959798142091","73.16424439626209","15.416156641128396","341.2005827880978","30.063886376217315","92.95759577824657","823.7871631656233","8125.700679303801","2038.0966041022753","8371.768613717195","Burning"
"pol-1048","Chhattisgarh","Raipur","2026-01-12T20:10:25.358Z","139.97056445877925","45.65043714891344","72.65619767142181","2.0132166799385134","6.221418575993104","19.160672822277082","20.32029608484369","26.401092528868766","17.121133842881157","17.95270701005716","22.49525112862966","83.73052430902834","954.0859289062413","3853.3646317397584","10203.336860386587","3959.0177143168735","Natural"
"pol-1049","Goa","Panaji","2026-01-12T19:10:25.358Z","119.87825555076542","208.97196914128307","26.072427423723514","2.1914393221179185","32.78598926683354","98.19659615924985","19.360578002664436","34.407367606185026","12.085853271884611","292.66958227622257","31.027484033307413","77.42991945923829","1793.577709650631","6223.455550092747","106.80325213361374","4050.8568174844418","Burning"
"pol-1050","Gujarat","Ahmedabad","2026-01-12T18:10:25.358Z","164.7271040053757","18.596923318653857","24.258699991599446","1.5840458576468364","36.98539837340712","85.989579472851","30.550220628164308","29.837088472478346","17.455071303952607","18.91847694814985","35.29953862480818","72.01865051526809","1366.382005535328","1307.850646773534","12056.317396841727","6344.276729895858","Industrial"
"pol-1051","Haryana","Gurugram","2026-01-12T17:10:25.358Z","163.89444665659886","91.6721959584171","68.13549419292653","5.576645159068239","36.332916219414194","40.562322531320014","35.28281592085789","23.849058063120662","9.198888780137382","193.6917013603685","14.777720970802202","77.05106890564448","1803.268976661668","5883.208497056811","11824.739216209575","4977.827605642939","Natural"
"pol-1052","Himachal Pradesh","Shimla","2026-01-12T16:10:25.358Z","98.17064893187644","60.251312005316215","2.9389973028637684","0.5614850315415754","0.48835872512335565","38.63850316088184","31.66384189004802","30.06429400911436","23.75336122993889","23.36708695248234","12.883168295007925","88.33712087350392","393.12423885286154","6705.613836081538","14568.610793272206","1538.5518621862059","Agricultural"
"pol-1053","Jharkhand","Ranchi","2026-01-12T15:10:25.358Z","90.76027784085869","5.538831591410642","7.652620986987522","9.12598451527788","7.163842289206151","69.89845669032864","22.463087708185782","77.39880551676697","13.050133278407126","203.12875216926503","15.186509155920678","69.74574545320945","185.98274152595386","8937.992904718845","15916.562092264958","7775.380762296663","Natural"
"pol-1054","Karnataka","Bengaluru","2026-01-12T14:10:25.358Z","0.6668729152349062","243.43437467809454","73.6279381340651","4.346521293684395","21.138685777185007","88.04610840477312","25.848979962945684","70.71445284977113","23.81838418828014","87.11407545928522","15.515690318177375","89.66430093134068","518.8400243804774","3886.622166842556","10710.18315840503","9790.496644610943","Industrial"
"pol-1055","Kerala","Thiruvananthapuram","2026-01-12T13:10:25.358Z","42.58131365852791","256.8972071950414","14.90143295716341","2.4628829469170066","40.2863010538145","82.97490134513518","31.07058692587129","78.08866112918304","10.919420828961801","114.18499700433237","31.37263947066884","79.00690268906556","786.8972641455645","3062.785707464958","18964.090262978138","2980.899401208423","Industrial"
"pol-1056","Madhya Pradesh","Bhopal","2026-01-12T12:10:25.358Z","124.9283933321655","6.897059832058994","27.430658422704024","1.025672292395473","15.577295358031867","20.806443678877496","38.35991880473644","30.55001203959852","0.6785011953627212","350.4557937954668","16.854500624058844","71.04740638901498","1529.8090116966623","129.6107608712105","19835.823211735093","8713.02380900239","Industrial"
"pol-1057","Maharashtra","Mumbai","2026-01-12T11:10:25.358Z","155.66904412147542","236.60051705205163","68.17214639769102","0.12022615078303933","43.03476034343913","58.85235942673512","17.3780641841838","46.341719527679714","1.6902421766148064","109.09559918293043","13.706281890882407","73.1869008690542","1158.5412212471335","5161.29457403246","5153.840380896107","3331.288213067032","Burning"
"pol-1058","Manipur","Imphal","2026-01-12T10:10:25.358Z","178.70566047308205","291.6970807102908","1.462822533432373","0.24507523270948628","15.0896181325621","94.64437939129216","32.56283378951136","30.17900911533853","16.25058894065137","15.696745823338357","33.58879274130622","84.18257629402716","1769.4366189362772","9061.830121581723","13488.297694412458","5702.8934798244","Natural"
"pol-1059","Meghalaya","Shillong","2026-01-12T09:10:25.358Z","81.80316326271628","218.72122763479217","5.900972013510204","8.875457708625916","36.6604449893698","85.88205519594746","26.532932737813688","53.956865535906445","23.64136919726773","133.22210287287533","29.30201003333189","74.86447598817841","191.46952682829976","703.1115480592242","4063.4343538008166","4238.348964157118","Industrial"
"pol-1060","Mizoram","Aizawl","2026-01-12T08:10:25.358Z","162.76616008506218","69.82357229452212","42.50727040114968","4.411476978382709","25.97057455739293","33.82851767213921","28.781935355218675","23.41527729030091","18.23954478078319","211.26000512722484","23.653937408095906","86.0742339148305","747.9637174099743","4990.700663003572","6071.9938696644695","3311.5969071753148","Burning"
"pol-1061","Nagaland","Kohima","2026-01-12T07:10:25.358Z","136.3652597040075","263.3227015669957","62.427896582847154","4.535729302794735","1.4160386482387155","63.85990302794756","28.191001639587903","25.160778383833353","4.618882054412943","25.10234491384071","10.993926800712556","89.81973204015497","1503.1397367351747","2155.4173841635384","14044.119594738093","9137.434860229618","Natural"
"pol-1062","Odisha","Bhubaneswar","2026-01-12T06:10:25.358Z","69.1385056632362","44.438711426897484","18.813794151627256","1.684576202380591","15.67140925830673","46.18864087341471","18.125043940662334","67.81361764702072","15.77771588269312","95.39628507820446","14.726045248664576","84.07954258888462","867.8173794303914","2082.2839212223375","17302.07692139657","4008.526516172831","Industrial"
"pol-1063","Punjab","Ludhiana","2026-01-12T05:10:25.358Z","8.493814698024638","231.82353728111326","38.660676581974954","2.9507450871061125","6.741036828292257","31.958872318625097","38.31395199935451","49.493243516380005","4.077063182082149","204.73262348052492","29.614383488395866","76.05565281183115","33.49027929023008","7527.434755906192","13828.090536203057","3035.040221175044","Vehicular"
"pol-1064","Rajasthan","Jaipur","2026-01-12T04:10:25.358Z","41.923019115406305","167.14920083836483","76.843091148936","2.7492989466085427","16.549789958227095","78.14160232957515","24.89874003680721","28.719311973729553","0.3624937948523088","344.2134582269225","9.66281992485959","83.46212364723328","1552.7189456610772","8628.67678760251","2887.720886395835","4479.094376270671","Burning"
"pol-1065","Sikkim","Gangtok","2026-01-12T03:10:25.358Z","17.105802645977096","125.3676157159241","78.69223003206646","8.457170317913011","42.9877698328144","18.382204531925737","36.3844451835695","71.02278194829155","7.808170644230902","312.87956753830196","29.044128447698142","81.01068749147143","1292.1982118321089","1421.7281561260575","17411.914767023467","2943.9633380978134","Industrial"
"pol-1066","Tamil Nadu","Chennai","2026-01-12T02:10:25.358Z","19.09893347296492","38.25635070327345","20.19269737575314","2.781404671336305","7.5023063061236295","98.40943062348686","29.478975420648727","58.395649771656615","18.36718185251298","243.29791779637011","20.15027483630186","87.54273168971741","394.58098108965436","5818.015124954913","12107.175976055592","9330.427540622934","Natural"
"pol-1067","Telangana","Hyderabad","2026-01-12T01:10:25.358Z","12.279004409916027","183.6276176835754","22.672941542207905","5.458887667110442","13.67916477975336","28.226917515052797","20.046545565772632","72.05604681814447","24.367923140239036","255.93026429933735","26.720947598205772","84.10604405434837","257.3339447431571","6370.887882852967","19195.904177138644","3359.749284834507","Natural"
"pol-1068","Tripura","Agartala","2026-01-12T00:10:25.358Z","189.8376016607467","138.80218168805982","50.218056691385925","3.1607277349528626","27.32358281916542","76.43524888858728","23.020706362452867","31.457750799540158","3.8453462197727104","262.7081996172087","9.195360198347675","79.8328382916301","777.2207234338715","4836.008034105267","6653.353541935221","4569.919549956411","Burning"
"pol-1069","Uttar Pradesh","Lucknow","2026-01-11T23:10:25.358Z","129.7680510517219","203.85431355026893","51.84592835340642","9.78656044976842","30.442039569991188","55.71507302754187","29.833770384275688","31.497316992840222","11.222151343925576","87.06467564994622","13.822900574228301","69.25124693808041","105.74124164558052","1631.5410612806902","13779.866884885429","7223.184019015424","Vehicular"
"pol-1070","Uttarakhand","Dehradun","2026-01-11T22:10:25.358Z","167.2366733850764","158.28406517804763","39.56012795069","6.008542020929949","20.332716384873507","56.82904483010702","30.013103731512","67.35723653234903","0.3052316731993049","177.77666940511637","13.645105455324746","69.67750159179685","1888.3056718536463","1374.4112508492956","4061.925397213333","7969.3149626658715","Industrial"
"pol-1071","West Bengal","Kolkata","2026-01-11T21:10:25.358Z","106.74611616323378","31.606824127165368","15.643883950732302","5.914072395815482","34.86942317551807","80.10549349414214","27.73663031026731","42.97002756963734","4.806363423930257","261.37818306573433","32.20237525361734","85.72687617042558","1425.4079132165623","7256.399100487406","17947.16508707966","6232.3289921822925","Natural"
"pol-1072","Delhi","New Delhi","2026-01-11T20:10:25.358Z","64.55290989442885","134.1250753981937","8.77792284655734","5.737417818782175","5.391678707484942","41.404579543731046","19.99013268030403","37.25073505306365","2.667439064765717","44.629510844920176","33.154651428183335","83.81346798348743","698.9072928997678","6884.5617478900485","9732.060085276185","8238.917600987284","Natural"
"pol-1073","Andhra Pradesh","Visakhapatnam","2026-01-11T19:10:25.358Z","82.90473486046383","135.05882238538246","22.080221988995028","9.505063281891331","10.263905484436348","19.88309706468071","38.43330109683946","40.86098139919525","12.454876926616715","178.6294831464212","22.906313014244862","87.49419656592944","597.146500738176","5207.606551696371","13928.989667524662","274.2587122289575","Agricultural"
"pol-1074","Arunachal Pradesh","Itanagar","2026-01-11T18:10:25.358Z","122.22962099050486","168.3108097815013","36.053776770776345","9.173062998695835","39.81802136192059","23.044195678905655","27.369504389178807","64.88642312517177","17.47854513703028","181.65415220058978","25.90624994991399","88.65603316134934","916.9681765594579","5658.957310885281","19662.306602646724","6749.138506246662","Natural"
"pol-1075","Assam","Guwahati","2026-01-11T17:10:25.358Z","114.14663558684612","280.9510241656652","79.82475616750372","3.8364799807636074","28.618492505888497","23.378361459818965","21.889556441897554","73.6539605280916","8.442614319397986","249.75677846565114","19.332721654059547","73.81644028782507","1664.1011285500092","5021.180989738081","16901.120656558818","126.62964147574618","Agricultural"
"pol-1076","Bihar","Patna","2026-01-11T16:10:25.358Z","105.27564561281744","244.49077189538744","63.91972059703035","0.43984406439733004","19.38421662192573","27.07482656462772","31.094196334905327","28.683917918725673","3.587653249093531","17.90149529138875","28.944332492061957","89.95430356586883","63.21046476170289","8726.299070198922","8156.746785263053","7082.625498348802","Vehicular"
"pol-1077","Chhattisgarh","Raipur","2026-01-11T15:10:25.358Z","17.622868390031975","204.72410462461474","66.94350472823646","4.939490057910772","26.53153015669934","43.7668491928101","21.499658879358762","60.08495174338675","20.6020851793227","18.227408177933597","31.081691475765993","76.97835569588676","801.235469381018","1140.1902724419356","19699.903097679213","8203.698492784712","Industrial"
"pol-1078","Goa","Panaji","2026-01-11T14:10:25.358Z","134.71777698051199","160.44561666527392","74.7232067452939","4.52009539346196","32.64326989936375","22.767389373971834","26.240505532661317","30.253676204754512","19.36514390222302","170.17434198599202","35.84478683527517","92.69193693534565","1919.4529136403353","6179.2378437535945","3154.4884398730333","748.3221330585955","Burning"
"pol-1079","Gujarat","Ahmedabad","2026-01-11T13:10:25.358Z","160.75659374412905","266.6893713741011","75.98981720908989","9.207624068200735","36.625014316169874","21.866025396621048","24.74947301294882","47.20592831979727","0.8689940830442777","291.4432076874633","33.38288066522146","92.68035193523454","898.7418696110117","7516.388101003623","1527.451815634977","5517.907303849286","Burning"
"pol-1080","Haryana","Gurugram","2026-01-11T12:10:25.358Z","80.37821405272936","131.12119152680026","47.73961604613266","1.5415767692585958","43.284408350031775","98.89713837646244","15.197417316117832","64.9819928474926","7.439811368764918","206.522212751682","35.89853037113352","85.32965342691949","1549.1945855236822","553.2217367306902","10910.210020697014","6574.262244687899","Industrial"
"pol-1081","Himachal Pradesh","Shimla","2026-01-11T11:10:25.358Z","29.681182110881664","125.08253782221828","46.61505522478687","1.659264564783176","7.438168355111302","33.93522373390293","24.041505933285965","40.97322541997933","21.99799394785176","165.12077076502226","21.431196334481704","86.98480076597008","1931.3580539446525","6580.261494031285","6719.516900011873","994.3836373228443","Burning"
"pol-1082","Jharkhand","Ranchi","2026-01-11T10:10:25.358Z","75.06263733003196","67.31705592207803","45.29949037944303","2.26504429035576","30.78741998154794","2.193344851473644","17.64183737909476","71.95657216236518","23.362173368680512","149.0004177005225","11.0826787234559","89.05322157172854","767.1754739989387","2165.4847847644387","3052.7822490517265","290.4931818951628","Industrial"
"pol-1083","Karnataka","Bengaluru","2026-01-11T09:10:25.358Z","36.283261191179015","173.88866396028627","6.423868634355241","1.766193411657746","40.863279429323164","93.7451282492902","17.171239728323734","31.23332413800841","6.272171361706741","56.76761938966914","19.954778229048895","69.5940226434635","2.552124956595181","5704.43674238749","4975.047539061781","6755.874159530371","Burning"
"pol-1084","Kerala","Thiruvananthapuram","2026-01-11T08:10:25.358Z","136.7767240151159","97.63122480495487","71.55350926391189","1.1645789998572909","27.290689595679947","34.95158462026119","16.46795556775745","64.85349522143443","17.817977002572142","71.40164260006826","8.834179295691248","77.09906628665242","1265.445332457628","4522.089720796242","5641.023456594281","8006.527538102576","Burning"
"pol-1085","Madhya Pradesh","Bhopal","2026-01-11T07:10:25.358Z","51.9198528774365","76.96384547050855","3.0198769856416696","3.953086577070122","17.511248550629194","37.92925397063507","38.588814013466404","31.50409777696167","12.03619877548692","311.09022219730855","35.01086040913521","84.16587541700346","727.7488993204064","6938.880654160556","19046.10304821037","1452.1576600509368","Agricultural"
"pol-1086","Maharashtra","Mumbai","2026-01-11T06:10:25.358Z","149.5164223027159","237.83170822548095","30.51807798835819","4.730689685856616","46.87076894403271","60.60333530280894","19.20399523551867","55.575713457364984","0.1752692615878293","18.84246806250937","16.163539142859186","69.07294890922208","1358.8757388304134","2953.378835054544","10691.404317409519","1602.1596822015504","Industrial"
"pol-1087","Manipur","Imphal","2026-01-11T05:10:25.358Z","155.88195726050537","222.58435302825436","74.05300190928226","1.542564665641687","37.58924319551936","62.02784747851491","38.664197591539335","62.809588864221354","16.016894209951836","34.145037930759926","19.798065680863864","86.1532637300956","98.06317204406324","2210.7852526706974","10922.189650681536","6675.285956560398","Vehicular"
"pol-1088","Meghalaya","Shillong","2026-01-11T04:10:25.358Z","96.94135503367805","138.47381149369497","74.82121443242679","4.351930509458254","37.10849736800818","12.13385088083947","16.115707950149815","58.380903138556455","8.308983544684406","182.98973182798755","26.23044906116521","75.34768342449578","1120.9511356850962","9074.116474670169","19658.83801985491","9494.829330293784","Natural"
"pol-1089","Mizoram","Aizawl","2026-01-11T03:10:25.358Z","148.56420429692355","127.56016360372224","36.77162859542278","9.54215040128615","45.077725693451804","40.04685115074136","21.520741878420843","56.79077823631916","14.524703582368836","148.39948301632194","21.670755282375815","86.73841525611311","601.7083875192428","3472.9785153447433","18315.726820937773","9648.57625967559","Industrial"
"pol-1090","Nagaland","Kohima","2026-01-11T02:10:25.358Z","91.81723234420329","40.85398001160988","56.17560356108717","3.5679706445255857","5.080481954707694","66.32550828638803","16.099124360841188","50.877469253375324","4.477657949815306","31.751364773844625","11.080658198947472","90.12594090124308","938.0963540885166","1702.9742617662803","6219.613066404941","1862.632129866827","Burning"
"pol-1091","Odisha","Bhubaneswar","2026-01-11T01:10:25.358Z","112.31255531086303","172.33705011755973","44.043469591897946","5.317642159063673","12.336252164825984","27.056151160648767","29.195859902447282","58.78166738592529","10.955473360615978","144.24497967605552","33.49520415228393","91.62134671392621","601.2693900481712","2046.4740894249567","3778.286639748629","2034.3700418725286","Burning"
"pol-1092","Punjab","Ludhiana","2026-01-11T00:10:25.358Z","53.16150803669173","23.805144020336233","48.39002983802132","9.512159289045762","18.179613830189112","13.591829441840098","31.43995249193964","26.20119126226688","13.943443183022394","258.9484345263087","20.57516912571584","70.37520124564121","970.8192586940552","6392.4786463543915","17152.641896236786","4792.453592086729","Natural"
"pol-1093","Rajasthan","Jaipur","2026-01-10T23:10:25.358Z","172.21093398156734","166.9792376199046","76.83036194033663","8.001161434409681","37.93464294330463","3.439830760528839","15.146605727214657","69.09704546105644","0.7883259200644671","320.20694605916395","8.814807016706883","77.89030867952587","1071.6897730109672","5854.3687413955095","3568.061990871125","5877.387518091461","Burning"
"pol-1094","Sikkim","Gangtok","2026-01-10T22:10:25.358Z","22.50326528789033","81.66449559412763","16.116923445207725","3.141937398105019","17.738836255571105","25.60752443464849","35.83622512562674","73.07146750539118","5.37732893158264","130.73121434118872","18.80421948336063","83.58502283054776","824.7909725606162","4929.278096845656","17780.43552307965","1072.3526121472526","Natural"
"pol-1095","Tamil Nadu","Chennai","2026-01-10T21:10:25.358Z","71.1563240413105","243.7058181067703","68.81613348913432","8.809273330341362","9.416491214503726","51.35263701581672","21.060034501228024","79.79854727280131","8.271379543063006","271.982879232071","12.87186704020281","71.18241996565675","1587.9170082233932","3633.980404777778","11385.900964130982","778.8984441656132","Agricultural"
"pol-1096","Telangana","Hyderabad","2026-01-10T20:10:25.358Z","173.64126341227853","41.261826158818046","2.1431993750154454","5.792134188210238","46.95818061899829","8.176269020078653","16.917315586801244","39.2109751489068","19.71236309597489","127.4612601706458","25.864020831599316","77.57392888823227","63.8960549566776","9789.652653684405","1257.2453674494755","2990.197879596117","Burning"
"pol-1097","Tripura","Agartala","2026-01-10T19:10:25.358Z","152.3638639123782","288.794436155984","46.13415359174898","9.293256022641016","22.967723586728855","77.86621746687537","19.987873550032777","21.361566950676824","7.617469280249095","157.96319802968503","24.697537162670546","86.31016036891867","1331.5015811076667","1652.1152277275219","6759.310496563576","8010.883782291127","Industrial"
"pol-1098","Uttar Pradesh","Lucknow","2026-01-10T18:10:25.358Z","185.05114264473536","202.38377606263938","75.29874627933089","0.6503870502078368","49.396353243262745","21.243402076684536","35.01738654049883","74.25907479665888","1.9224642524063613","351.3438910527817","9.41765745124205","77.61616299272563","341.05381908829145","1465.8168439718434","13688.803292766399","9322.21276214898","Vehicular"
"pol-1099","Uttarakhand","Dehradun","2026-01-10T17:10:25.358Z","148.2029076471169","246.9366849604789","4.105043723509407","9.255127233999442","20.591667066996322","81.1421912516755","36.6687354283442","39.35709021530971","23.2333765521952","294.3634791316953","22.465395290101405","92.43522981941325","1394.8654724336527","3964.708092895675","17054.922801079734","1711.337068141594","Industrial"
"pol-1100","West Bengal","Kolkata","2026-01-10T16:10:25.358Z","124.33357598872365","207.32708161182626","28.834970872835484","8.948271338795529","3.423860078879737","78.77493341410258","29.468449176740698","47.994876754338485","15.72337229332529","208.46387352310435","27.154421733055617","72.04925095468057","1216.0409417171613","7076.840647903499","6419.055998974696","1034.0720710865514","Burning"
"pol-1101","Delhi","New Delhi","2026-01-10T15:10:25.358Z","89.46615423557319","65.58328534359984","69.11406607708949","4.656004523824545","29.99135254128807","0.7991418324264976","31.365979834581427","60.06218623023314","22.782122833169655","76.94716811688531","25.946224791896572","76.76499358433395","59.73003993419712","3034.644572365537","17345.393821801015","4160.547973246917","Vehicular"
"pol-1102","Andhra Pradesh","Visakhapatnam","2026-01-10T14:10:25.358Z","157.8475622977334","123.1029822095488","58.32006412110324","6.506415964158845","1.2031669445261184","62.634214793896845","19.66390584748404","76.89317957859784","9.83086640847677","232.52187287119904","20.577727357960132","83.62469164498795","1778.9141621415142","2589.647743428163","12707.441412189643","1091.8918422197198","Agricultural"
"pol-1103","Arunachal Pradesh","Itanagar","2026-01-10T13:10:25.358Z","4.799451286840384","33.5284235909171","77.94853228958294","9.586272055994309","8.169828584235677","58.17919222526095","16.6752733097397","64.404727026964","7.3866646346469915","286.5409136338311","27.54650470099854","92.09459091247913","1983.8889293445643","1734.7715715818636","11936.226452819123","4259.417054268474","Natural"
"pol-1104","Assam","Guwahati","2026-01-10T12:10:25.358Z","112.50901124177788","269.6524217304399","34.04101464465124","9.119086840088395","7.7062471988062375","72.7647603756663","17.352395375184454","46.84704660317414","10.16929463565014","62.89918426903043","23.503481409790925","80.34224622447613","442.12595377692753","376.08645113351713","17569.698839400484","6824.81270524868","Vehicular"
"pol-1105","Bihar","Patna","2026-01-10T11:10:25.358Z","52.51272468482513","157.65985387951943","30.923689626709773","8.633156372694916","27.9732414713528","44.79198751429435","17.981748594195526","21.631311837043526","15.83559292463833","338.13001707622936","24.917108873009678","87.61046421114966","916.1628548725915","9175.954749876186","17155.286611960273","9793.59767414861","Natural"
"pol-1106","Chhattisgarh","Raipur","2026-01-10T10:10:25.358Z","189.71309805185166","221.11375791294626","8.07974994604935","6.348596394191127","36.9339865734777","56.62670765388796","25.175027482104753","40.27064801127594","21.045767641567856","9.854024534377178","26.093322866186988","86.09901870003385","1002.0490683260155","645.6908121938898","2912.6371168247188","4859.898799153703","Industrial"
"pol-1107","Goa","Panaji","2026-01-10T09:10:25.358Z","14.610081827682308","79.57952408544426","4.3501580958780295","3.3159571379394426","21.271156660658836","71.29705685660322","29.45252722463701","50.530511067413464","10.497243681717242","351.7497475393764","35.47702873098454","68.85919320124995","345.97298393262224","6592.339897892188","6962.084522415248","1927.9974745835116","Natural"
"pol-1108","Gujarat","Ahmedabad","2026-01-10T08:10:25.358Z","185.59208773644988","287.2328374744086","37.25980235601233","0.6151703273770215","49.68335838390863","82.03452974009468","38.87120320685666","46.76723293895676","1.2521365316446627","52.31228458267972","27.150351613941304","81.79899178491853","742.2825105764555","568.6589941015862","18812.5913752155","5106.260327338458","Industrial"
"pol-1109","Haryana","Gurugram","2026-01-10T07:10:25.358Z","96.49230615566786","27.449639622464762","0.7800426550641948","5.411855417651012","20.524645574399003","51.43891168482568","27.441401637837437","50.24726286554973","14.696003184826207","306.2230085848889","8.719644560256347","75.93362908768728","274.88950592930706","1053.7663525609576","17348.291480284315","7882.78693897998","Industrial"
"pol-1110","Himachal Pradesh","Shimla","2026-01-10T06:10:25.358Z","116.01459067138448","67.24447874817446","33.82563381044328","9.937965029588218","13.312157658343555","26.511991448843464","18.07855285081439","40.42679501866695","3.5311309305038314","163.4874900275259","31.3890931165666","80.36642386550182","972.8858868967878","5586.5962332346435","1685.894933862364","4503.145512170306","Burning"
"pol-1111","Jharkhand","Ranchi","2026-01-10T05:10:25.358Z","154.3553056090821","189.73740489342205","6.651032231308669","0.2693767219095966","26.277217150773225","81.95856483435087","33.327932303311215","66.26831645125516","21.424319422327088","263.55564240372667","31.526715175980154","70.73996321774413","867.7094188918419","7323.228686415771","15320.786472951757","5107.235338666738","Natural"
"pol-1112","Karnataka","Bengaluru","2026-01-10T04:10:25.358Z","43.80811265019422","78.54695812782376","27.233025575042493","6.962221551892159","20.46846202085083","77.65640242651843","24.750594062541584","34.93879267311752","5.444296118981545","224.84189578528833","22.77443432407866","78.74437919085317","1810.0190160239406","6175.311563668796","17027.576230623046","5742.075037377474","Natural"
"pol-1113","Kerala","Thiruvananthapuram","2026-01-10T03:10:25.358Z","177.6804084343317","280.1984374971951","26.54427328302159","7.124193094011311","16.109275467669477","22.80986748246816","38.45794578065778","32.88982370191567","8.01905103307418","165.20593978929114","28.74843139461586","73.75685482177991","1285.2346666849708","8393.735348684868","15470.97575461846","3324.7520307660207","Natural"
"pol-1114","Madhya Pradesh","Bhopal","2026-01-10T02:10:25.358Z","77.86651805484443","193.38270962364743","58.891415395540136","6.119087872679573","17.070624447254612","46.59087976995572","29.57496123777069","20.65557409941533","20.009472030104497","4.916691778622018","9.216765217169218","91.5181597461178","904.5857323586366","6978.9548952211335","9865.88774629868","6197.385978740052","Natural"
"pol-1115","Maharashtra","Mumbai","2026-01-10T01:10:25.358Z","137.69920920939398","25.50777681946499","23.521336830165023","1.6866754452444577","16.876574804021853","81.70319394861572","32.14257757482265","43.165673958602675","11.847073561366994","318.1487344011093","20.037707686815246","83.58029297579105","486.00458018292113","2538.543219302981","6849.744739648398","6534.112317024471","Industrial"
"pol-1116","Manipur","Imphal","2026-01-10T00:10:25.358Z","93.57483398707012","14.385594821414838","52.716502703168054","6.142597201558949","18.669571517258767","41.13332140751949","18.74046593907744","45.182803783606786","24.330655718213944","332.04608727688696","32.03392985063897","83.54674092606501","168.63880853760782","852.994469399736","7577.417779156879","1937.9160904504322","Vehicular"
"pol-1117","Meghalaya","Shillong","2026-01-09T23:10:25.358Z","76.03186030298497","4.692996850098163","26.849114475168463","8.767347584801888","35.018818597516635","31.26754147484654","38.48765137760656","49.26895567737843","4.228980455818815","136.11634384029858","9.689271779336243","89.86242339605818","496.0506699811109","6876.666762758224","17616.787971559825","239.3939129018674","Natural"
"pol-1118","Mizoram","Aizawl","2026-01-09T22:10:25.358Z","73.01387184480662","68.51972281813572","75.46003298983112","0.12765152255324708","42.123760134499676","15.451680711807537","34.53115511599222","42.10439185313154","24.097923601795408","62.892739427842024","34.74619021811784","70.64567186016052","704.6985760494881","2025.1236634002612","12404.26626922092","9853.002350826784","Industrial"
"pol-1119","Nagaland","Kohima","2026-01-09T21:10:25.358Z","141.90494057207073","4.4922896312054705","47.52136908018113","5.8501088497959985","9.90398950557741","99.48231120301058","26.844614929778167","73.30369417891961","19.89212443068463","242.74277832675156","31.903546028566474","84.34481391887147","373.0389297302448","616.1211063436411","4728.523227380717","3461.4244668558026","Vehicular"
"pol-1120","Odisha","Bhubaneswar","2026-01-09T20:10:25.358Z","132.27620442957522","224.62390387625408","77.59895913016996","4.503253496446332","30.039065313176504","66.85625970818585","20.819145899358432","30.059198321418627","10.660518727176699","30.412481118648635","21.651017974333428","77.40851508183175","739.3428129944082","7419.148979739998","17903.37314704233","1.9423329527934463","Agricultural"
"pol-1121","Punjab","Ludhiana","2026-01-09T19:10:25.358Z","47.286733160297615","53.77166939208228","79.10367059376087","2.5971359887092293","21.622689665154837","12.64595929119009","16.234249539118583","52.49286885253881","11.380866058735744","201.95910863101548","24.430187526767483","77.10048513955438","96.230824564574","474.82119412838864","7281.865415903932","7564.553537408206","Vehicular"
"pol-1122","Rajasthan","Jaipur","2026-01-09T18:10:25.358Z","138.00623445016026","96.82619853669019","51.3580987930456","1.1245636976226192","41.63126267292611","95.63795609726017","29.487035482282188","75.60051456576377","6.028550719661613","29.788514801931147","17.573753986645468","73.51360133665196","1955.5183282228843","6501.6854113372265","6403.307067907882","690.9111406405355","Burning"
"pol-1123","Sikkim","Gangtok","2026-01-09T17:10:25.358Z","148.36197735019675","115.30868052784568","73.9777132770365","0.00627958267402251","17.602960624022955","7.7306949967672285","29.135861680061076","35.21920523984033","13.40673464485708","264.76134202630556","14.463771073894202","82.063181305107","364.9163004558367","8234.037367368064","5090.502771314589","8121.516247106983","Vehicular"
"pol-1124","Tamil Nadu","Chennai","2026-01-09T16:10:25.358Z","6.412405795240761","209.7909609212709","54.85754949374982","0.821509475537362","39.93718258588987","49.46538521237481","15.858800332505838","42.843643081188006","10.283881218381907","91.9669915379914","29.840884239487465","92.19492006312996","1073.0795028269108","2316.9333966360205","8262.357193025115","2025.0071890989495","Industrial"
"pol-1125","Telangana","Hyderabad","2026-01-09T15:10:25.358Z","135.65840679140362","46.48307433944073","56.7980451874806","7.641312843052281","36.634596107212595","27.581421313555808","17.48244779123076","25.59704959698039","10.78368593046412","15.412586299900756","13.017665167039308","84.75376797184595","1471.784412209987","5532.513238968621","8949.001722884705","7844.080162225109","Natural"
"pol-1126","Tripura","Agartala","2026-01-09T14:10:25.358Z","198.53503844419092","207.21352256765496","78.94347869155338","2.497668209892451","20.50953480069886","50.84743431499103","15.599266501115128","64.13108762311018","6.981862593955995","328.35152714672415","25.153564058570833","70.38104988486815","1344.3734184556367","1022.3287415184757","19760.765259546944","8073.806892852049","Industrial"
"pol-1127","Uttar Pradesh","Lucknow","2026-01-09T13:10:25.358Z","147.00916660900145","49.708881288801706","75.87552566806681","5.805695194949464","27.627485911682893","23.1755943269181","30.794366589226634","75.09861497172398","10.80321321267804","297.0215847369814","31.616972840160376","74.21477768758773","960.9381982290106","8631.564818298706","13182.910152168515","7924.60798912761","Natural"
"pol-1128","Uttarakhand","Dehradun","2026-01-09T12:10:25.358Z","175.77822944477316","187.48025982417138","50.09766464310027","7.9541679713906195","41.468815668273486","53.58925482686564","27.88348174248638","74.36264578081159","7.1087609427949285","156.03499656935995","8.742252068554016","74.94815240251187","1379.0830812923984","9032.92835629589","12721.293679334512","1955.477360023763","Agricultural"
"pol-1129","West Bengal","Kolkata","2026-01-09T11:10:25.358Z","174.22978676431168","115.08103464167093","23.18604204782318","1.9146946583001812","49.92730117306965","79.55269827269909","33.43798923273227","32.686438044992485","24.82881102557114","172.19534344046593","22.316649180413183","71.36453372865842","325.6884718978221","4734.672801113491","9877.509613663502","8112.411761754429","Natural"
"pol-1130","Delhi","New Delhi","2026-01-09T10:10:25.358Z","37.69980396232455","125.40106187969006","20.606746927826293","1.489854674818346","6.399781710062369","50.74674446350617","35.021562874062624","24.170253837387897","22.952674682356346","300.8695202967234","31.915974083740373","91.76202764386551","911.8749236685313","357.6962265181527","12724.251874633874","596.0244346161214","Agricultural"
"pol-1131","Andhra Pradesh","Visakhapatnam","2026-01-09T09:10:25.358Z","0.3162235730579388","1.7652336949969594","17.93510227266962","4.189825562667524","34.948638103682335","36.928189046027136","15.046610115586448","46.635921398513986","20.163239927827092","328.042812086788","17.288139676235733","73.68818686978324","1985.3422294397726","4484.360595591179","19425.352876725363","3910.90050789794","Natural"
"pol-1132","Arunachal Pradesh","Itanagar","2026-01-09T08:10:25.358Z","187.65365428439281","60.956681895230766","70.52724727746492","7.336992312772171","34.017862102321935","91.24560324535615","30.351064533583767","35.929354579583105","5.042300875233632","182.91959769883113","27.988878804892583","87.01112213486668","386.17381218863443","8181.958646397368","5532.498024929404","6025.724881224931","Vehicular"
"pol-1133","Assam","Guwahati","2026-01-09T07:10:25.358Z","62.460465412133104","79.16671827297785","63.521744286738326","6.930577651269263","8.057509382877242","33.69969559976547","36.08824386380299","38.95955575418528","7.729867726644396","213.15531776858026","34.19321178698089","91.24096048488235","1869.981750008696","6918.316109716602","1349.3003016332873","4981.551307100124","Burning"
"pol-1134","Bihar","Patna","2026-01-09T06:10:25.358Z","125.5604844755851","234.37888067327236","64.18272412979545","2.470552075635725","33.48124786132167","91.85617570927396","24.20147255437132","45.6261366995882","10.866840556526313","172.65965375792678","31.12992057950971","84.10268222946767","268.77884664060423","8214.268904227536","6199.824525622017","1597.3662756378849","Vehicular"
"pol-1135","Chhattisgarh","Raipur","2026-01-09T05:10:25.358Z","36.97886321279626","67.61154773364466","67.24727677359026","7.411275059761673","26.692586447754792","74.79209883753283","32.0056683584972","49.64861176373152","0.6708854168158584","258.42016077212526","27.298281400398075","76.58719591496629","1552.290530132922","1694.0960224640612","939.5632371691077","5706.925610702823","Industrial"
"pol-1136","Goa","Panaji","2026-01-09T04:10:25.358Z","42.408275553776505","8.8879310605418","71.73849093506517","7.075220305021336","15.944197824638067","9.97843178794373","34.53926487114592","35.25915985963205","1.2148035149852716","166.95808245561534","8.075190379082755","92.2162569599788","826.2146986381726","7469.063843255559","14990.335913182407","1678.5291836125439","Natural"
"pol-1137","Gujarat","Ahmedabad","2026-01-09T03:10:25.358Z","126.41324933007674","30.85090023530127","61.24614294509879","2.372979579583671","32.96095617117174","62.18244669967492","28.544762467139886","30.08048553662269","2.2811245964541427","23.943796999065327","27.15587323181014","90.39780905988361","749.7286286676974","4232.182569035955","3960.2968975582266","3314.591480892316","Burning"
"pol-1138","Haryana","Gurugram","2026-01-09T02:10:25.358Z","37.98820410639312","122.23086758279646","72.19811734871459","1.5213145581700283","9.099947269524444","44.136730824540834","29.970707083133114","60.77455932340139","4.128560498194736","294.9427128217228","11.621628270780116","88.16451352085261","254.1540673956686","4411.003138526073","494.23282910936007","8782.350138295944","Vehicular"
"pol-1139","Himachal Pradesh","Shimla","2026-01-09T01:10:25.358Z","118.55434837359893","33.731102171715676","56.96774083372847","8.114993412981994","36.60335983247917","86.97192757327963","33.08361804317573","28.857271037054698","10.109075728963617","149.93933037340975","24.332971490549617","82.11828730115597","1395.949699395094","6328.526139378538","1071.6464892670685","3700.6496034091674","Burning"
"pol-1140","Jharkhand","Ranchi","2026-01-09T00:10:25.358Z","190.6574532675764","186.72731121034883","31.826319827886095","1.6911367924699383","16.322557299554212","19.998240228770104","30.7796304500979","56.60319371301794","6.243391460503175","265.3017097252997","26.336242103285848","71.87163425613531","599.0368614929413","1243.4243257150413","336.2859700923937","3185.889186969757","Industrial"
"pol-1141","Karnataka","Bengaluru","2026-01-08T23:10:25.358Z","79.86117623323676","243.10779597872374","58.66506645457062","3.9858108469857623","11.589613906782454","89.56177159956485","33.4675522131181","68.56985343478793","2.199062625250245","330.89417718642505","27.039197902096387","77.52035494670595","265.71615636715217","3675.416290941259","18027.590752336117","8153.975198139423","Vehicular"
"pol-1142","Kerala","Thiruvananthapuram","2026-01-08T22:10:25.358Z","113.86997771237827","169.6120020792666","12.927370802900606","5.299124777842339","34.46925683369898","77.35597495126517","31.7419881665141","30.12621469020465","2.8761293004007342","34.49810393157273","13.484251757186556","84.12711028145884","621.8509484856196","1523.7825948457285","3385.8501238827052","7347.786651753482","Industrial"
"pol-1143","Madhya Pradesh","Bhopal","2026-01-08T21:10:25.358Z","187.86936039817923","27.808211248770696","58.5368101319425","1.1112695518465932","28.917621522191066","40.58944505298403","16.234661967472256","29.352725711983442","18.26525815681156","222.13488499996083","30.535977260244437","74.05192244753673","190.14843515697822","4538.064102215189","12264.334467698654","6045.190775564492","Vehicular"
"pol-1144","Maharashtra","Mumbai","2026-01-08T20:10:25.358Z","2.0134509795394884","54.01727273244702","43.93070336673753","8.82135091713834","19.707323234698077","86.42185172165728","35.568203375427785","65.28893684722084","4.694751585509688","74.80799928574746","14.227526693533362","76.85854285990055","938.1137658418321","1801.9973451087112","13814.053658592198","3278.1646459031767","Industrial"
"pol-1145","Manipur","Imphal","2026-01-08T19:10:25.358Z","76.18891813878348","64.74501206066246","27.501187146208103","8.527595058197644","44.885149027518096","19.715734246795858","27.75902828745471","71.07842526746356","19.518877746582778","358.9545846324274","28.737017897455736","82.76839881444424","534.0558036768135","1273.911611879902","15312.530624490337","2871.8762559243582","Industrial"
"pol-1146","Meghalaya","Shillong","2026-01-08T18:10:25.358Z","43.00913630155008","34.068349303199064","43.751701340609365","6.994658428613195","48.036698929789964","80.55191614331693","24.431588152518394","48.44087950725594","22.02991036232848","292.8203026918158","30.404746232337807","91.77274539775522","1072.9977733017154","2091.9482554527744","8367.197465998792","2327.264576019564","Industrial"
"pol-1147","Mizoram","Aizawl","2026-01-08T17:10:25.358Z","55.232633457815616","84.21452383709708","18.920658357456617","9.912962378457205","23.874201043552013","96.67820376198799","24.899000564039433","23.666425817308088","3.6469475038262504","215.31458639751517","14.79474970968056","89.05276187609013","1684.107361232068","3445.7711498256417","4575.5808607057725","6395.806975789503","Industrial"
"pol-1148","Nagaland","Kohima","2026-01-08T16:10:25.358Z","37.62105685925001","44.16775363886922","28.28637447269167","3.9001341720783147","32.514775804278685","20.563555602200378","25.11931295972205","35.42788531467879","15.763305839857294","154.62178426773255","12.30021788307683","87.22766344873722","1987.8586836915","8984.657919217725","15492.611203751665","4416.614243599221","Natural"
"pol-1149","Odisha","Bhubaneswar","2026-01-08T15:10:25.358Z","180.20769734833723","287.35963363081515","73.94966237322612","4.711621520417861","0.6567927049714928","55.34608387673007","29.392352765607672","67.04301098015168","11.602025480859579","137.28980626342667","31.93243923890212","84.69199989637536","1541.241896244464","9030.25886368721","4432.242055842028","1999.8915558249973","Burning"
"pol-1150","Punjab","Ludhiana","2026-01-08T14:10:25.358Z","95.0632080563907","131.20058643544192","59.96773922368977","4.216827023899441","28.758490287948103","26.35818781806115","34.12312769593889","68.88886719052834","5.159696471663167","286.8524839798838","34.15170353245942","69.35930872076062","1857.8913928878433","1276.200706339834","10099.4257766301","334.6375759236886","Industrial"
"pol-1151","Rajasthan","Jaipur","2026-01-08T13:10:25.358Z","155.745790234132","131.63745439294757","50.62428627532066","4.255246244037998","45.687929561471314","17.619528626980973","16.773635915162448","29.593588209103146","7.4078385786399465","316.9615197952823","30.873490056425588","87.27221711635109","1860.8372079615428","5992.391894389073","16039.706772114156","504.5827058023722","Agricultural"
"pol-1152","Sikkim","Gangtok","2026-01-08T12:10:25.358Z","90.56828466436788","97.70819111818359","61.82046139147219","1.7098557492664468","19.133907457976047","13.535521154149698","19.788993689017776","26.982893847850086","3.950991433004622","29.492670079322792","35.516745603600526","87.9848357356575","360.89679147933884","2033.4137301265066","4103.136522158057","4859.320502999902","Vehicular"
"pol-1153","Tamil Nadu","Chennai","2026-01-08T11:10:25.358Z","92.72963050830569","147.89595765266083","41.959509914359785","1.5605004160519487","20.9072740606905","1.7738011058276104","39.3654762055039","52.55326468443728","22.7112482161974","6.5528365956286905","15.460394332928125","68.09638135210002","141.34562964697417","6282.218948698889","4774.590876264182","2129.837992763417","Vehicular"
"pol-1154","Telangana","Hyderabad","2026-01-08T10:10:25.358Z","114.1611105178989","223.82768443830344","53.11827171201735","3.381128592662689","40.25371748952375","79.09327843510489","39.613072660828465","37.42150667499218","1.551019325742431","303.3313631488741","9.394160908387745","72.74523533640536","179.04422046158342","4207.704713978627","18320.802551270855","2018.6807453157362","Vehicular"
"pol-1155","Tripura","Agartala","2026-01-08T09:10:25.358Z","123.93389658593179","177.82309972855376","57.09354631258564","6.36814178867073","27.465007444312338","36.594789273279204","25.051246375814095","59.023303245359756","5.870458558919439","204.479322089045","22.72145928883961","78.13623472379426","1477.3459172613016","8569.648834745936","18804.409975224404","7584.822416040526","Natural"
"pol-1156","Uttar Pradesh","Lucknow","2026-01-08T08:10:25.358Z","113.49675006095023","288.84978058137983","73.27050733357201","9.096109973630305","22.274682195114355","66.0837516179822","29.144148695257456","55.084863209173974","2.5238779720792275","184.5774359575787","28.024223676758577","84.92722951313688","769.7390129569128","3010.5797579899886","16813.99573743574","7201.184862289862","Industrial"
"pol-1157","Uttarakhand","Dehradun","2026-01-08T07:10:25.358Z","63.721903640365454","40.61306247953462","52.506999040737256","3.545808543720929","17.837262304659745","11.930926424096434","28.69076337106549","35.742862755269016","12.113454250399394","15.296967589480865","16.5638189745503","89.59830992132218","1197.8661869251666","3699.555548855846","10602.791853215398","6118.435167588804","Industrial"
"pol-1158","West Bengal","Kolkata","2026-01-08T06:10:25.358Z","83.82958993682989","35.75686110475074","69.31954947787756","0.7360936164362086","2.379771671928932","79.57946526748425","38.07798749001164","58.127663781242575","9.441353515381634","302.08882900894866","21.147291941591675","73.76272793651084","90.875917195254","2997.642139046879","13.176788932918182","6941.64634753492","Vehicular"
"pol-1159","Delhi","New Delhi","2026-01-08T05:10:25.358Z","42.054640620802616","67.57917486731763","21.732666574679406","0.17558212563622777","44.22213927670994","62.984439535756295","22.17104527660206","24.621126888030645","12.405294782486198","340.14454971002385","26.130008319625528","76.25798623855461","1455.2736333832424","8681.45402768721","5945.861119147488","7315.817231063484","Natural"
"pol-1160","Andhra Pradesh","Visakhapatnam","2026-01-08T04:10:25.358Z","114.27761125525033","116.45836586844722","59.13802251645706","8.869088358761267","20.584313677997685","49.73663049844512","34.33868158592804","47.484136975059826","21.3542935155499","251.83821859484794","22.1592762526176","86.18625643857078","1562.4353710869043","8274.351702730355","2189.6807880611323","2503.0291470486864","Burning"
"pol-1161","Arunachal Pradesh","Itanagar","2026-01-08T03:10:25.358Z","2.1053808489146064","116.31607262567213","61.792162557309574","3.2411705679491942","3.1875103454197973","81.81964359802532","28.1653627203262","63.10356992377232","1.9796806953725155","262.4423773227709","26.416190809060016","90.78220205341876","13.158021281954646","6944.864278097716","9032.487231630223","5621.4070783046245","Vehicular"
"pol-1162","Assam","Guwahati","2026-01-08T02:10:25.358Z","125.2902001854035","55.205543311918134","74.01067611517792","7.725037299272305","48.82527467406816","2.707197771158787","29.79421240638755","28.07854699196885","13.44824136194348","84.08943536246164","19.875770183382237","75.25275707986079","268.422681238083","700.2833199278946","18727.66256205768","824.5465586183087","Vehicular"
"pol-1163","Bihar","Patna","2026-01-08T01:10:25.358Z","41.536233560640824","73.9107416374144","58.08039486115736","6.266013859453107","23.850003910705713","86.92205011426873","37.178540553173036","65.48015913195199","13.092745550913678","35.09946108628792","20.203142439208783","72.58519100844686","984.0167158641668","8118.3737473437","19760.286110471516","8656.860988225097","Natural"
"pol-1164","Chhattisgarh","Raipur","2026-01-08T00:10:25.358Z","111.27439383154218","8.876820987963708","71.31795789921635","8.742017991771275","46.78952125793209","16.920626423134767","16.277931077559046","48.694232471492946","7.944679493135095","309.6878430137898","28.923178819162807","91.07244182685749","70.73261998860292","9389.656570633511","10121.944898392712","5076.19269300295","Vehicular"
"pol-1165","Goa","Panaji","2026-01-07T23:10:25.358Z","109.21343416788854","180.99735447502303","63.10985776984864","0.04142961740425388","22.65285703612997","86.82207671799165","35.31142778085391","50.08660013576388","22.627463288643845","18.767895585743332","15.186011450644335","79.99288003907454","1036.6348722420237","9825.806695015539","8026.7976234784965","9796.76074160204","Natural"
"pol-1166","Gujarat","Ahmedabad","2026-01-07T22:10:25.358Z","194.17845478597997","222.73644409823697","74.66859167111272","0.24972113070219293","2.097856822146693","18.176646266664566","38.816196132469194","78.766370379742","17.19780771235024","22.94455555982973","14.657253199834718","85.15686446578856","1871.962402675106","2628.9701246504783","8151.219821548172","3649.4275538844777","Natural"
"pol-1167","Haryana","Gurugram","2026-01-07T21:10:25.358Z","142.43736961203203","30.00445429962887","48.05014392451608","0.6333406982376388","9.227235771221176","80.0519429887588","36.425500080590524","68.43960727277724","8.42855706679331","21.899551249398506","9.709360438889691","92.04839205502219","801.3547659308165","578.3243406299698","12635.247758597898","2194.4208036904943","Agricultural"
"pol-1168","Himachal Pradesh","Shimla","2026-01-07T20:10:25.358Z","192.0232034428232","118.54883776787516","1.5910873457302976","2.563640352102329","22.74739872246318","91.68550036275073","18.64165441099089","47.37928418492774","23.041263453781315","80.09103041930459","35.465387195716","77.55522184780722","1448.122480297234","8929.432561049494","1312.8593895098995","4390.219878076225","Burning"
"pol-1169","Jharkhand","Ranchi","2026-01-07T19:10:25.358Z","62.39605225757949","2.5120724446782927","4.312516002090039","7.302791288304218","4.460624458405659","12.658575805187466","23.124613874715266","38.68278888472361","7.524062140662846","135.353382219674","14.194067510447454","86.25538588101948","914.4859199891918","1475.586315059757","12040.075986959302","6751.777210694836","Natural"
"pol-1170","Karnataka","Bengaluru","2026-01-07T18:10:25.358Z","12.342881604760226","209.67082616769662","17.03647149283764","0.7472533707268803","22.258076523461874","90.15702567839713","37.30539572670775","61.853367955995246","18.563723788761948","290.16350582548915","17.17139901127255","77.75502360204177","1786.7259938160175","4464.165053921108","10275.91978821835","3722.3287579611674","Natural"
"pol-1171","Kerala","Thiruvananthapuram","2026-01-07T17:10:25.358Z","146.75310151538497","195.8147342591879","8.420831495613461","9.368000645040114","42.89759978135582","58.6423347849293","23.002570570958262","65.42709523007903","1.9713510287035496","57.834363577383705","30.37284539193236","74.46946675861152","1199.3499656036631","8322.77241711724","8477.760711973244","3588.309076863234","Natural"
"pol-1172","Madhya Pradesh","Bhopal","2026-01-07T16:10:25.358Z","88.82320456173278","245.19427766062364","57.60023872258767","6.656790654310289","45.089489622130245","8.141934375918748","17.26088182290181","36.10785148566978","15.197093620776153","199.75053377194502","8.755022814654524","87.34800193545911","1100.4986377526309","2401.7125682344663","16766.44882168664","4462.772575770932","Industrial"
"pol-1173","Maharashtra","Mumbai","2026-01-07T15:10:25.358Z","23.42535108324457","123.18677461538176","50.512259882014945","3.666201916960894","22.451739120595683","89.8143314210816","15.195192735850302","29.4675631325471","17.514447530460806","165.21151495715816","27.81906146841501","85.62296396186838","580.6563466962074","2720.1185364017556","16688.46176912227","3837.84686108809","Industrial"
"pol-1174","Manipur","Imphal","2026-01-07T14:10:25.358Z","100.99542272896058","0.2399892083628563","1.64309003683754","2.431379246103865","1.8645625430144752","44.3283709556352","29.94689214870609","58.56276634264113","23.38948515281526","185.79781587513975","17.348110874502204","68.50897498085978","1961.0133796956968","7765.07983462524","17381.819910788352","6296.720315213677","Natural"
"pol-1175","Meghalaya","Shillong","2026-01-07T13:10:25.358Z","161.78280346571518","231.65376821216566","59.3509116600129","1.4872101604875976","26.471322017641175","86.48697752150966","37.39991331873853","74.9461510633079","6.2510846304145","324.0307588419883","19.869983294345","77.49421256248037","1291.2021420074611","6729.201860114754","10681.504815476417","7483.508450071495","Natural"
"pol-1176","Mizoram","Aizawl","2026-01-07T12:10:25.358Z","61.667347868172605","1.41367840593003","23.960365136004143","6.7393760275411765","34.95431577140711","49.758524130733626","22.46544392127286","57.385792811046294","24.833973738517543","90.20509815339639","29.813569794536576","77.93272255023946","669.0553653671203","8869.590741202688","1695.90361615646","2472.736904597488","Natural"
"pol-1177","Nagaland","Kohima","2026-01-07T11:10:25.358Z","120.29176184029853","93.2286963410062","16.369576521484923","8.647936606713184","14.95350385466141","13.744255341213341","27.912390350214977","55.779142202613116","7.837911180656362","309.5385011721728","25.369471433116388","91.55875277257516","353.7397727771292","9309.565668337329","18495.911841290876","6744.355183394728","Natural"
"pol-1178","Odisha","Bhubaneswar","2026-01-07T10:10:25.358Z","25.681858719499417","264.30784070731784","60.480604286689285","4.528770987803287","2.8172868327306033","26.52469023427656","20.890737281386745","54.15616284498844","7.880479507317975","34.368765415305106","12.023760594086367","68.54967157195424","1437.0656527250467","152.33910666891725","13250.741084014644","7770.935451661466","Natural"
"pol-1179","Punjab","Ludhiana","2026-01-07T09:10:25.358Z","8.613364635758437","22.191660335294973","65.78298910171759","7.554193740720145","45.941594363390365","14.18310345421877","27.4691135242251","63.992316744041155","22.478294059997545","156.15588986861314","17.35190035164465","81.07429067892087","1106.3115287282706","1796.2917231128151","3506.0198186026346","8297.131664498693","Industrial"
"pol-1180","Rajasthan","Jaipur","2026-01-07T08:10:25.358Z","62.05602128754914","129.0613401049914","63.97093974080239","5.393933255749671","29.994120168229237","27.824768063224205","31.224455521357307","61.093247911778114","2.5831607317179817","195.84656061964327","12.893741888118557","88.20525455532766","1132.618411740202","7221.938405146488","6895.027909569917","3932.953975987287","Burning"
"pol-1181","Sikkim","Gangtok","2026-01-07T07:10:25.358Z","157.42075179669274","129.3096804882186","29.683902306878913","2.6039745378246417","9.559006552715276","97.18026022843365","27.208711493577326","24.714621202071605","6.151065694724411","170.82848389227203","34.357649881237094","88.65487996239378","245.94718499448166","7892.522219706439","18528.850661019107","223.72888772928644","Agricultural"
"pol-1182","Tamil Nadu","Chennai","2026-01-07T06:10:25.358Z","9.080285919240016","202.7548723607439","31.981368789874864","0.866021657585514","39.24473289173088","24.02938947764186","22.467865407770883","66.4478701377362","0.26622865121953276","200.65123418606242","10.800578147725092","82.61298318764605","636.6799981892306","4158.719440362692","9195.438393336666","1242.4493734816322","Agricultural"
"pol-1183","Telangana","Hyderabad","2026-01-07T05:10:25.358Z","172.11723404375175","226.7974786352216","60.108381998496384","1.1649821652695935","43.0067390385776","42.76364523137003","15.024179885323436","38.3223495833257","11.947681887021181","48.71161811353401","23.024597469013592","88.2628907988539","1839.797889468475","9494.089926376033","5157.27797010559","2241.56332003282","Burning"
"pol-1184","Tripura","Agartala","2026-01-07T04:10:25.358Z","194.9870429706738","83.14646821083045","42.17283086201849","8.144517464109756","10.779666582891616","40.855634312472645","38.141842376674035","46.87847620957206","5.896547916737024","239.03748575552675","30.170369994278204","73.1876272574276","78.36475841784973","1264.2154513030835","4515.7089500668235","8797.107682426853","Vehicular"
"pol-1185","Uttar Pradesh","Lucknow","2026-01-07T03:10:25.358Z","38.626408572322404","49.388198460340504","28.49730854837147","3.13359841452042","25.23726570214298","49.23760652974109","17.124830054906145","40.612849044427264","19.440122078213847","176.8380374353688","31.987464239388142","80.47461888550349","1451.6304591447995","4560.205583464859","12236.08279422602","6463.0526194144995","Natural"
"pol-1186","Uttarakhand","Dehradun","2026-01-07T02:10:25.358Z","79.08605555186641","17.73530581179147","32.245180512565184","5.169417990066596","34.16963475209295","18.529677246082677","31.490707434486414","74.11122989413093","20.339657159430992","269.82619444374126","35.254178311705594","87.13085151120788","263.45685768785154","3935.130809465758","14938.250745612055","4139.4924488919305","Vehicular"
"pol-1187","West Bengal","Kolkata","2026-01-07T01:10:25.358Z","25.781598732073153","141.31502383022888","17.76560892549531","0.8866680672562388","23.101711821649833","32.14250750521249","28.46011578299345","21.333499333839136","12.03059553571093","26.877470517542026","35.67235171100974","88.41222678969285","1897.1087663094277","6754.539735326844","8975.672063587695","2142.552663693086","Agricultural"
"pol-1188","Delhi","New Delhi","2026-01-07T00:10:25.358Z","40.47665072795916","249.41689693254153","76.78062739613783","9.989584817652702","5.551480806466641","45.90194703878956","16.616628556701013","57.414908646262845","21.982263564387825","230.37696435359166","23.108163789963037","91.17630492658041","1229.2933708827024","9131.039058690052","6795.122720605895","4779.262602687213","Burning"
"pol-1189","Andhra Pradesh","Visakhapatnam","2026-01-06T23:10:25.358Z","130.8662368493244","152.2165216702467","2.5428658268611937","0.00100548514944232","0.7077631602330214","53.175573957548885","27.701029343887583","24.330020316251236","16.761899364398662","132.10453854820548","9.87561021745598","77.78084156397756","836.1320123487641","2520.533550556151","9275.480218711362","3452.1652092314557","Natural"
"pol-1190","Arunachal Pradesh","Itanagar","2026-01-06T22:10:25.358Z","152.83252588766177","165.15477797689684","40.317232913452735","6.044391800408899","44.04161037376821","96.69259041691518","26.961892196934908","26.44784459070862","8.146949351389903","230.36907373141065","19.47944341855372","91.22777301024875","1798.6465346622385","8367.303452031052","13726.738064648547","7138.123648392334","Natural"
"pol-1191","Assam","Guwahati","2026-01-06T21:10:25.358Z","86.02463229270798","136.04253509815578","75.06260060135935","8.918853363902127","26.03118081972297","50.25630143583598","39.39339792613464","47.8716484547618","1.3353748187266146","241.2261905237743","30.208634926364585","91.66433332206826","255.23949911428102","421.0155342561961","17573.381580186415","4687.437537551895","Vehicular"
"pol-1192","Bihar","Patna","2026-01-06T20:10:25.358Z","137.14519260853652","30.066868933016032","60.40781353347973","4.9656065252158035","29.539907870488836","75.0699777124153","15.558374718689267","37.93589553811683","13.610974750949694","96.61711783149795","24.508365155905114","79.37168366082835","1038.5567316964741","8908.85734252588","19595.774676723242","6555.224000658967","Natural"
"pol-1193","Chhattisgarh","Raipur","2026-01-06T19:10:25.358Z","1.4139570181090022","4.874154153674349","33.23044389499995","6.873159156027059","11.80756709228667","74.24536111308268","15.253058309454104","79.11560948053514","20.354459186846146","308.7602956417317","21.154446070135027","92.04965100213114","1998.5073829701018","9126.08399881151","2180.704566715741","9838.487834580834","Natural"
"pol-1194","Goa","Panaji","2026-01-06T18:10:25.358Z","11.602745462494845","5.0338720211268395","57.540399942058784","7.5476860411970295","10.09720763747055","8.75256824905357","26.373513674116374","23.607760961872472","2.5329396480811757","230.3877926160033","9.605172554570409","79.94365723631586","510.89601438529075","7285.723740566958","13366.523553014167","4723.106071569142","Natural"
"pol-1195","Gujarat","Ahmedabad","2026-01-06T17:10:25.358Z","44.617625102186075","37.59809681756624","50.359997961470754","4.949197776765178","37.25673631878943","96.25847663805901","35.479914264536106","29.45684672695421","7.60817815633649","293.5142279106517","18.999501947111646","74.33458743004624","113.72645037095074","5356.009321184177","1479.109603671629","1443.934873489171","Vehicular"
"pol-1196","Haryana","Gurugram","2026-01-06T16:10:25.358Z","113.74357658596085","21.622134999594","73.60272088249664","5.503396559781121","48.27855700601246","54.93616081240901","21.74664038563536","48.32836876145271","1.2894514080460913","221.56092748228383","35.32242115946288","74.69780467181809","35.4574390272322","18.24349389986546","720.8203129915902","130.55677791598663","Vehicular"
"pol-1197","Himachal Pradesh","Shimla","2026-01-06T15:10:25.358Z","16.434824480269338","32.93149791187214","0.16723630126185718","5.526793411924693","28.04834850467337","22.18650772938686","29.352855105259763","36.81728125337506","22.586492757655638","281.4057034627813","21.456230893585847","83.00877777584307","1515.2347994364802","7209.138198764454","4620.078302377171","4897.785220180365","Natural"
"pol-1198","Jharkhand","Ranchi","2026-01-06T14:10:25.358Z","169.18530898190266","247.21291902434552","75.90073553786416","1.8130001869458068","15.858177990052003","24.687935620116818","16.478409228016886","72.30886422182994","24.085966004001726","225.2572142403308","10.23561569748079","81.637632325443","1849.318624950387","6758.055144769572","7867.605272692264","7275.170255952474","Burning"
"pol-1199","Karnataka","Bengaluru","2026-01-06T13:10:25.358Z","187.29343430697517","296.6806661616466","66.9828059886241","6.265240570513063","44.79619198684262","18.71797782179545","35.47316758134355","73.19868089980017","1.1636733014006055","307.6033121487086","32.83163953840606","89.5027346199943","242.6364068856799","6237.142557166949","1865.7980231884385","5464.1172853858325","Vehicular"
"pol-1200","Kerala","Thiruvananthapuram","2026-01-06T12:10:25.358Z","1.7561710962952448","296.95114487484443","18.978793678538104","4.6431150725351795","32.34320072161298","1.0614743434684382","38.944893928976484","75.17234432971995","14.724730335675416","29.394389034375354","34.691333532090596","87.37867591228013","1357.3901246120881","9660.866037039816","6456.734752834248","4568.697356765055","Burning"
"pol-1201","Madhya Pradesh","Bhopal","2026-01-06T11:10:25.358Z","198.74661761827014","149.06442699322682","52.055027733850764","5.00072767391211","15.281734131976016","79.60211031264248","32.21745940232502","52.1047754956047","2.302534123397906","52.22387997955522","23.791474366497383","91.5861086042026","591.3210179875088","514.1661550186483","9080.260575380044","4009.6974392907214","Industrial"
"pol-1202","Maharashtra","Mumbai","2026-01-06T10:10:25.358Z","147.23445706925312","143.86848665396855","13.854278849100794","7.822608877054749","14.209290655393525","84.2983747920458","19.55898580103726","38.62401681617165","16.686947574931526","79.89289518700393","13.422332871097115","84.0069080890778","800.8706459604931","1511.250007456676","11035.606367964714","7431.077541936316","Natural"
"pol-1203","Manipur","Imphal","2026-01-06T09:10:25.358Z","138.0140093894791","110.46439869574527","28.24599566753303","4.185916851147593","17.631791869714004","72.40364464728918","24.187693336323473","79.24013131831816","22.183730402134803","11.857644734327266","20.054709357470962","76.00153717768427","936.6146508316864","1630.5745214321655","19997.00172227431","8405.286069243206","Industrial"
"pol-1204","Meghalaya","Shillong","2026-01-06T08:10:25.358Z","112.76548530451859","251.96557044422332","73.94962467372237","4.405285551358695","13.360019035099729","12.080839879029782","34.597281299141834","69.22043391784149","13.703070499962081","342.35373438131603","13.655941843047106","72.50546953265388","106.35970469395973","5238.925482210369","18400.074066266745","1597.640549281295","Vehicular"
"pol-1205","Mizoram","Aizawl","2026-01-06T07:10:25.358Z","160.2161125709819","243.70460889547687","37.58827606067744","5.457686352794102","47.82357193798064","50.274145216102106","17.80286131391518","71.20978016159916","20.45356057739319","358.4273658775914","20.83147264934741","71.2762831192373","571.9040958515675","7732.33163296345","3397.6955827121637","4281.655516479739","Burning"
"pol-1206","Nagaland","Kohima","2026-01-06T06:10:25.358Z","172.48717999901103","291.9775347574779","14.312856807705572","8.730358922448646","38.91193972750574","68.97453259724578","15.796658210643189","75.64297039566442","5.7746774276058455","220.1546348148464","31.687662657677876","91.06351526881298","1347.4221891995262","9735.998097152882","12874.158802325926","3293.9055431403854","Natural"
"pol-1207","Odisha","Bhubaneswar","2026-01-06T05:10:25.358Z","32.70283345939464","131.92072984892633","13.728505178626609","3.6631365001683944","2.11688929699449","6.909568482208927","30.64589448176296","65.64910354023871","7.965398778061855","36.29854833427509","35.9523409980835","76.06801422004408","1059.0766123511826","5542.297172067313","10564.061392441461","179.0451409956506","Agricultural"
"pol-1208","Punjab","Ludhiana","2026-01-06T04:10:25.358Z","6.7373515826763875","184.9543577321299","63.73348510831785","5.733643116411905","43.23825804496436","44.28476205691112","33.990123198149675","76.9669167626108","24.39710119096987","91.79962167785467","31.359959620219197","71.33093126670362","413.40395000098295","252.13436259213685","6385.949847361186","4133.4430802079205","Vehicular"
"pol-1209","Rajasthan","Jaipur","2026-01-06T03:10:25.358Z","87.52641418642568","31.921403606962407","52.17208906235366","3.1010506125503365","43.682049437398895","81.78207572074771","27.068729985877095","77.47238851603599","5.1737838004873","172.88127827918373","27.17290720733246","87.58943152429003","1798.0167158840418","1404.8016508233109","1493.095036261327","1955.153638977768","Industrial"
"pol-1210","Sikkim","Gangtok","2026-01-06T02:10:25.358Z","37.489515421949385","138.79668678019752","22.30817798333402","9.280595940705755","2.5658635757855652","91.01984289245534","38.274065084203194","42.597047214031974","12.913477954611308","346.3340883144076","29.565020779044872","88.8477951991098","1108.6586859027664","65.80089564630521","16867.93234322489","8559.504723707629","Natural"
"pol-1211","Tamil Nadu","Chennai","2026-01-06T01:10:25.358Z","125.77686951516993","219.4598797881293","57.11853625255959","5.248509061477721","38.59877609619078","30.05065832206748","37.74606685534442","66.60474811312295","8.874638203768612","4.046425891589442","27.97088500604012","79.0924030903144","174.79076552120264","5222.980869395474","6915.440925773295","8663.939260921321","Vehicular"
"pol-1212","Telangana","Hyderabad","2026-01-06T00:10:25.358Z","129.0027106245811","189.02353705982122","10.253504389722305","0.6165727197722559","6.4623247408867766","65.15246212972926","24.691480675399603","75.53900343229917","19.19963726398226","355.7264854429114","27.220796833959742","75.09046850487523","1976.815965322609","7652.789272900021","10536.80837204824","4366.402947018057","Natural"
"pol-1213","Tripura","Agartala","2026-01-05T23:10:25.358Z","178.69641471462273","125.23570682887197","7.698208186701976","1.7624241063081236","4.164081653807022","44.68967407810444","39.688137364556624","43.59592653831874","21.298678380072328","288.77020401832186","28.36737639172832","74.67394401425","944.0340853410507","4704.26762500198","18703.475150378577","1553.1637491685246","Agricultural"
"pol-1214","Uttar Pradesh","Lucknow","2026-01-05T22:10:25.358Z","5.668507337176387","268.5260899771244","6.385362415461362","6.462870137343105","19.425451442562963","61.42923681761781","31.0031443419266","46.72740893932643","22.59997602949789","212.80516204458635","11.018756681675546","73.34259750122537","1045.9309934105972","8923.194514406989","18723.252572933496","6681.962459503389","Natural"
"pol-1215","Uttarakhand","Dehradun","2026-01-05T21:10:25.358Z","136.18238609785413","174.6473355249644","1.7155158256174996","3.300855364447499","10.911896268501248","38.578051298119256","28.422760058741147","20.23677817927161","9.024688894452703","9.0423778675658","16.49082248559151","89.88641803133609","1082.5679974185696","8516.537974100687","14684.199537129312","6031.546255057104","Natural"
"pol-1216","West Bengal","Kolkata","2026-01-05T20:10:25.358Z","41.67547691912781","249.54428646369735","48.59134658583116","2.4658185635855636","14.224570082828786","98.04333413762868","38.1966398829106","62.159156096161624","2.4355531950232767","99.68573030366292","24.329420639917917","80.30681395819461","26.45563838978604","6325.306801910529","6947.0114390099025","6058.32559810945","Vehicular"
"pol-1217","Delhi","New Delhi","2026-01-05T19:10:25.358Z","163.52295566972174","281.92170039781456","18.175104669146283","0.016582939251682527","16.005578361966133","16.960470839806007","30.7051341944123","23.364540087820814","5.7696751615463615","19.79715420393206","9.9965408159475","68.54881449999752","1554.4032133242058","7969.043411375931","12160.24184004957","6985.2267516801685","Natural"
"pol-1218","Andhra Pradesh","Visakhapatnam","2026-01-05T18:10:25.358Z","172.61488395670762","14.794647923708714","61.84004134643015","8.740101850076725","3.59853521085613","75.47871687494559","39.250062721184804","50.743275245286775","21.43322473420185","342.25054033449896","25.240903700999922","75.39517399181997","1466.7306001253248","6881.522239577022","14035.617720400522","8424.352054219877","Natural"
"pol-1219","Arunachal Pradesh","Itanagar","2026-01-05T17:10:25.358Z","41.099155524931355","39.08564345507385","34.21501819945347","6.859896907069639","14.326542400329878","49.51369785767517","15.396114355978156","75.125139580108","5.19692546174669","313.800901913649","13.857831383311169","78.52607286096396","1712.173755344994","809.2201942045218","5694.904162433967","1323.4602555662357","Natural"
"pol-1220","Assam","Guwahati","2026-01-05T16:10:25.358Z","31.394077718100675","296.5017686593221","40.3104244146224","5.290819399662329","23.92369816283646","87.49105795555346","24.786266906650447","66.69393139686481","22.6538704354572","135.6519806744984","8.994276972392376","83.94355762939679","132.96425961377923","4933.99269613629","18690.050858378403","9854.932535291528","Vehicular"
"pol-1221","Bihar","Patna","2026-01-05T15:10:25.358Z","168.59815844014008","292.1991346167178","78.64522047799325","3.155093987244113","28.53646434376753","25.939428570339153","19.73792785674051","78.19334158937114","18.76206985511211","273.1991683091733","23.089579383391857","69.4302239189413","1359.2129286648008","3382.3260327128237","17840.15010331933","6824.859524258787","Industrial"
"pol-1222","Chhattisgarh","Raipur","2026-01-05T14:10:25.358Z","100.70442409156213","203.3458313481856","48.79267154320846","4.288268688346792","36.088836326262424","64.83840214671977","28.350765295783845","25.1924540181537","0.9103639560117699","33.59618683348295","32.560542286671826","77.73335817787083","1428.5662204274406","2440.11269488969","15838.318419438525","5185.227941390171","Industrial"
"pol-1223","Goa","Panaji","2026-01-05T13:10:25.358Z","130.58004845582397","163.95458617448745","67.0609396038443","4.6955942248179525","12.301478228561875","22.131455731749085","35.97061509177642","39.68174283014859","12.133434357124814","71.20706869692441","12.650585640452485","91.70182397908684","752.895716850891","7891.281712100481","13219.514493193474","6099.227970438383","Natural"
"pol-1224","Gujarat","Ahmedabad","2026-01-05T12:10:25.358Z","133.027109360466","159.25442873083267","56.14750006014397","5.117855413157498","23.045583886972302","72.66823467543091","31.007339739364078","24.837128499814803","20.037161436054042","250.82769900424734","27.256726767153943","85.63197890675465","1333.5968720998546","4735.324955630476","15521.793292399874","4765.3820480968025","Natural"
"pol-1225","Haryana","Gurugram","2026-01-05T11:10:25.358Z","102.8370440325852","149.19895632611414","29.03864492736912","8.762860015418557","14.236567855855236","85.75658104208317","39.361008833035115","45.50890850592472","4.874358320738603","319.08596421911756","9.5556853409079","70.57397171089276","804.0947572088742","3023.4479948113026","5872.230867967867","2698.0330342062366","Burning"
"pol-1226","Himachal Pradesh","Shimla","2026-01-05T10:10:25.358Z","66.01275781994987","162.27138556942657","55.635380300333004","7.23079509312967","15.625704937950214","78.79777164999143","23.9160346593737","32.91502769981014","21.653697011514726","80.8854529580125","33.1257020583488","76.81553062218978","1641.3696832431729","3218.527908280042","11019.870259356463","679.7669396896378","Industrial"
"pol-1227","Jharkhand","Ranchi","2026-01-05T09:10:25.358Z","180.10745223659026","5.283447630651983","15.65929367614233","6.978644742552072","44.91857079703854","76.22907982826543","24.55308068141192","26.09933576227106","16.16019996035312","349.9904169879739","10.396819115500412","82.59790937402735","849.0702797297414","5993.987632699835","9051.491703436986","5514.124281481564","Natural"
"pol-1228","Karnataka","Bengaluru","2026-01-05T08:10:25.358Z","183.45156718545985","269.14698751627935","56.21010992596982","0.5376222703409539","7.5623932443504405","49.25788952583","22.55455188951432","59.25381631570736","2.022539712307264","194.48658466802974","31.567292270381884","91.70150576732004","798.8967494782581","1208.2578829723645","831.9048400948636","8753.54760035105","Burning"
"pol-1229","Kerala","Thiruvananthapuram","2026-01-05T07:10:25.358Z","56.5455212256126","115.25646486434269","72.92508778436616","9.783289821389928","38.49441232160365","82.09770883110534","31.029226204301864","43.17759906068761","16.7324991559174","295.8970321308459","29.280587367531588","82.19643069359039","1422.7082799077943","9584.356074338684","16824.065070550503","2456.08725998354","Agricultural"
"pol-1230","Madhya Pradesh","Bhopal","2026-01-05T06:10:25.358Z","176.8764330491938","280.1007592514348","20.579688134143844","7.9093450676872425","42.021378096006266","10.541059923508278","33.08072233185514","24.047892035250854","9.38057629475271","130.1766455065686","26.655767896654705","75.59666825056605","348.6060142959566","4052.6409113516484","911.4833217933249","3415.825606817153","Burning"
"pol-1231","Maharashtra","Mumbai","2026-01-05T05:10:25.358Z","68.99917307167307","170.847708115858","69.04557569093717","1.1512050669119167","40.83718993786896","93.17412278740062","36.96236815499248","63.27026518290437","24.042049242759504","356.728359467331","9.685943903928386","91.84599228646857","270.1217549089252","8054.943233375611","8382.238743672353","5338.0708189181505","Vehicular"
"pol-1232","Manipur","Imphal","2026-01-05T04:10:25.358Z","66.85774700400731","62.75366989452119","22.577003523569807","7.464716225468257","2.946492465265943","88.53546731579664","36.77645034981056","79.53893290041805","20.470369763413345","69.32093553226535","21.07364580740316","92.42000531378547","781.7929065431193","158.56695396323948","2321.332672483174","9975.030225818084","Burning"
"pol-1233","Meghalaya","Shillong","2026-01-05T03:10:25.358Z","165.26148318943092","129.77916624271649","65.41265548021077","6.474327703749106","6.982440785563105","99.60330124115093","30.093619506180286","41.504207230304566","7.905115754773226","165.93868039378938","11.903986870238967","90.99648896982161","1585.8974436539384","6357.386916734023","15461.237038007372","6821.256319382469","Natural"
"pol-1234","Mizoram","Aizawl","2026-01-05T02:10:25.358Z","29.993789354947275","271.53252671457545","72.38063489453825","6.788929933127835","17.540797128230746","88.66436802903036","25.320763975927147","63.518606150210104","3.8542266052347895","187.81721100807582","15.20091715812812","68.44228450072853","1323.6284426789123","972.4802337529736","13961.18814629616","5598.398300452932","Industrial"
"pol-1235","Nagaland","Kohima","2026-01-05T01:10:25.358Z","185.92089164948146","215.83166180254153","59.43431809575638","8.604414045062903","1.3070246295710852","35.46507118170387","18.91952181902667","70.59433411695049","21.407625690469022","318.4915656133864","31.769649100855148","84.51331296924786","286.5024778651026","345.2939436753288","6519.616984618795","4497.380650525209","Vehicular"
"pol-1236","Odisha","Bhubaneswar","2026-01-05T00:10:25.358Z","163.84319005275324","210.04690437378642","31.47136193933374","0.06009452070717125","34.27729574648116","47.235188774739754","15.083265330319573","72.533497066536","13.975564580583105","99.64816471439985","10.514685058920566","74.9309960455599","1811.537705511276","3147.0782325306823","6820.714322300734","7373.768808744726","Industrial"
"pol-1237","Punjab","Ludhiana","2026-01-04T23:10:25.358Z","196.69773073750417","53.65366820260935","59.991412985920746","6.297859479823085","39.907169786010954","84.98840600521007","18.921653520585856","59.0169231707742","4.770196992100023","43.572745047558485","9.404916474580327","71.48329594963573","1885.6275944048882","9857.517705966564","14026.724474507113","6007.163993055852","Natural"
"pol-1238","Rajasthan","Jaipur","2026-01-04T22:10:25.358Z","192.59950897799268","174.45078618296677","15.782542976464375","7.949182517393241","7.452269942494027","5.234879686365524","20.65801472745198","70.77477271263035","18.800372278938692","32.09356678000071","21.779051917540723","92.76954127862527","498.5783704011266","6144.057089195239","2506.0322631042122","1001.6543223235386","Burning"
"pol-1239","Sikkim","Gangtok","2026-01-04T21:10:25.358Z","141.21335032321903","59.5714884594799","5.077052495044274","0.9388695884376397","9.4413811214619","83.68763036386852","32.35942238539741","49.66709038171527","17.5462935976933","224.4476668766704","35.227285376917635","91.71437529313756","866.1007109261383","6806.6129917391845","8584.399647154652","8204.424317613544","Natural"
"pol-1240","Tamil Nadu","Chennai","2026-01-04T20:10:25.358Z","44.18223955127465","193.88323679856305","5.023887871494992","9.88565153292602","16.17492223829379","59.03040473936868","33.65779735524076","54.27704030621094","1.5662335168316304","97.71065222990899","32.807418236283034","92.54782381279747","1520.6984075882915","8422.164845764699","5158.184364591276","779.3136428554037","Burning"
"pol-1241","Telangana","Hyderabad","2026-01-04T19:10:25.358Z","146.81791422217734","9.729046629659056","62.88261962597452","8.83867009355738","38.92640355569286","45.199722909894454","20.750638241409632","55.27201864360164","10.017105902457057","87.2638621299516","31.89283041013968","88.85902445129798","608.9824167350644","3045.6373577645036","1348.1165353460578","8703.204560946739","Industrial"
"pol-1242","Tripura","Agartala","2026-01-04T18:10:25.358Z","157.84864147877877","219.4195913744351","76.77579836870565","4.363810822124208","18.709432934243182","69.13184816842141","17.25704983102365","39.56726166297675","19.770948704060228","84.28825852934204","27.465284935921844","87.66598050028043","338.3615278552119","8069.042547664246","16988.18518470379","5277.121685275664","Vehicular"
"pol-1243","Uttar Pradesh","Lucknow","2026-01-04T17:10:25.358Z","132.30066968661075","10.175055896896856","23.391105067521593","3.253306080997105","1.5662730102230127","59.184981753195174","35.46198658735325","29.82553656746024","14.022991727121614","50.131441693553974","24.302230275916685","68.91536033992759","1373.2270508067797","9501.99758914395","379.9802168770916","3415.1229527483006","Burning"
"pol-1244","Uttarakhand","Dehradun","2026-01-04T16:10:25.358Z","112.90021849177843","134.64641288669898","29.349236349810973","8.735126291264995","5.522281820484176","44.861603589929345","17.456586097572586","54.67480152327008","18.252857775850757","258.7074040047529","14.531097114973806","89.2987749564829","338.0497803470699","6263.907492042482","3833.858407910875","4134.6237301807305","Burning"
"pol-1245","West Bengal","Kolkata","2026-01-04T15:10:25.358Z","121.41517003517146","90.47939089767965","37.479317153813184","7.2213379368572825","13.878286109016669","91.83328323293422","21.99685259431096","58.41285262870416","22.531329624834797","2.7220235404704995","31.59916700998224","87.42605999036331","1733.0087568492072","6101.446725797561","19552.409014094817","6584.751179893949","Natural"
"pol-1246","Delhi","New Delhi","2026-01-04T14:10:25.358Z","61.18513581180449","121.04766306469315","34.181688887534","8.565306988581769","47.43435645951122","75.89845259294398","15.162920792887103","57.659168581439225","20.1179700088842","34.01375387347789","35.97841844611909","83.80545814958157","326.92179811899405","3972.1552756727874","9687.3122858208","3630.5686522597857","Vehicular"
"pol-1247","Andhra Pradesh","Visakhapatnam","2026-01-04T13:10:25.358Z","66.9300446417794","138.34892849829444","48.252224997415084","1.2882376211739044","5.531714350249478","37.342594739469114","17.09173453341939","58.15040085524369","13.822138305699177","88.84534462752423","27.9560422739365","88.3173059103141","1450.1802026909704","8984.892388372113","3064.4157264580163","3064.848418572813","Burning"
"pol-1248","Arunachal Pradesh","Itanagar","2026-01-04T12:10:25.358Z","22.829840147086177","142.14542984937816","29.203996745590768","3.2688372642164976","5.570898256598694","90.45063523960117","18.62823769085369","23.756157728635227","14.100513543772644","235.1374507498109","10.563359526121044","73.76969848648757","1222.5130732624402","1023.7565179517683","19532.72688328486","6204.791370689979","Natural"
"pol-1249","Assam","Guwahati","2026-01-04T11:10:25.358Z","143.09170505828155","176.38895906254547","53.0601427913124","3.0718502069421136","23.47659812271619","47.14949956187235","23.10926934028923","27.50551875186052","5.2240568150235696","354.93140650405803","17.142621886389083","74.64061178983519","1158.903008464112","3172.0933421384466","5795.773682845469","2840.5896609659353","Industrial"
"pol-1250","Bihar","Patna","2026-01-04T10:10:25.358Z","133.9393685509572","117.22183992060049","74.9148825131002","6.781397899176731","12.868353818782113","59.597813886730044","19.02896358362236","40.34871242293866","19.929281977322205","238.51210595593463","30.899658339252483","91.54258922375514","1384.6124565246778","8873.887336915524","1903.6957846842495","195.43908619229944","Burning"
"pol-1251","Chhattisgarh","Raipur","2026-01-04T09:10:25.358Z","126.4392721610031","145.65107315100704","43.80655548478447","8.576060589845442","1.0817140773858869","35.65736644464697","36.66415453224816","46.395291780265","10.301629555282105","159.95984133373565","35.67943503887177","72.5059791043453","1346.0772866614493","6233.120106742689","9867.67875921647","1899.263484556196","Agricultural"
"pol-1252","Goa","Panaji","2026-01-04T08:10:25.358Z","135.7493735893665","145.30713034507517","16.712669459790746","5.246241163421217","35.76144786300967","9.08145939682865","27.00839413561659","72.51125262967048","23.25708110503868","84.38625284595074","22.99120062742233","86.90719129101068","64.28663171267313","5311.270645350227","12294.74278507889","5753.371146879091","Natural"
"pol-1253","Gujarat","Ahmedabad","2026-01-04T07:10:25.358Z","14.86149380261721","26.634518105689708","66.77734725454741","8.343486922624729","29.56820483125142","37.65774507687553","28.092317709316067","59.12982226670053","0.5936857916494204","89.77379846535311","9.76274473524549","86.2266346843647","878.3534781859528","9703.243659444635","6998.157944379651","535.5218638833193","Natural"
"pol-1254","Haryana","Gurugram","2026-01-04T06:10:25.358Z","125.5504824975142","229.56528005163455","15.442093080640795","8.238698259737331","2.7791558711367848","95.73066385537452","30.71399300784563","59.80169802676151","0.6478667052961962","344.18176756361964","12.684227798848319","77.99088768074797","897.8628434144371","8350.403411774176","12528.436765011855","3488.004741058682","Natural"
"pol-1255","Himachal Pradesh","Shimla","2026-01-04T05:10:25.358Z","181.07829065391184","12.84868310876206","46.30579534911508","2.4278500067785047","3.7394950912194136","58.5861355544573","37.27478025042482","32.87333571757575","12.240726995656878","331.05202669353014","12.741892360501524","76.55582214958767","822.4167106655376","2867.4982104002124","15286.488863970362","9283.663720810535","Natural"
"pol-1256","Jharkhand","Ranchi","2026-01-04T04:10:25.358Z","115.64934429155693","76.46901971678287","8.151365094961402","7.18726262759747","14.327679680629052","40.361688564124755","27.525969953734343","61.85152928585443","7.761452763981369","137.19804960849964","22.39119336438509","90.43447210709525","88.02116975248353","7289.225259278862","11959.530280465342","6801.684117758899","Natural"
"pol-1257","Karnataka","Bengaluru","2026-01-04T03:10:25.358Z","173.69511727111652","207.03244663288902","29.361596838521578","0.011092056511142756","29.52006488783749","45.728327311442115","22.432260433902762","28.009893078077162","0.05160456669329461","154.538988865518","10.753337326194583","73.49257189223296","960.9506913336583","7193.272666145858","19689.947989645294","3386.1862737555216","Natural"
"pol-1258","Kerala","Thiruvananthapuram","2026-01-04T02:10:25.358Z","166.5150888874007","208.45558713538392","29.111428238993604","0.7583052533203649","16.440186692183705","24.500823298542795","31.94454173178606","73.10566327442217","11.582782744274311","110.72486366294727","29.051247493709837","89.58743605004312","70.03648917836868","8469.851228424064","19971.80477460071","7548.082351487954","Natural"
"pol-1259","Madhya Pradesh","Bhopal","2026-01-04T01:10:25.358Z","31.780463399757263","262.074099564442","72.07996904080021","7.3773194007128104","20.55280560170508","22.991817606956076","20.879832384270443","75.0129938474988","19.520840707904465","124.51108567412722","35.686629235368436","85.4074428436639","665.9447256238193","3438.796871263391","14383.36113993718","7284.973064892412","Industrial"
"pol-1260","Maharashtra","Mumbai","2026-01-04T00:10:25.358Z","90.42086323457113","268.0076228029796","23.419810309234244","4.062292567689311","34.08509899244367","87.72668367327134","27.386897029591143","47.50466359733066","6.49336804994913","249.60427153462933","22.066130998081086","91.64195956708582","1024.9705486149103","1231.263220958373","2674.542619889455","1800.1475004851043","Industrial"
"pol-1261","Manipur","Imphal","2026-01-03T23:10:25.358Z","18.963881790733026","250.2185473957868","72.07322334452684","9.781451353079799","14.03405544380597","74.3749014489304","20.693333825380368","43.18266673141572","1.807981287338778","276.8231021568587","9.40300940133818","76.37900777192286","1249.9411748464393","7566.078344824329","8086.69382525524","7348.484870407593","Natural"
"pol-1262","Meghalaya","Shillong","2026-01-03T22:10:25.358Z","147.9388168878041","3.63360582024036","9.487763964743827","3.2117113146824607","47.24732279023709","36.97455698128944","18.1304569518767","47.57102474834184","20.45009615484219","108.28225595798979","24.655048199836095","70.63484400401654","855.3352683498125","7128.707040137857","12375.090807746521","2683.98806768716","Agricultural"
"pol-1263","Mizoram","Aizawl","2026-01-03T21:10:25.358Z","40.49212403320814","116.71062005932995","11.63054293174726","4.944606716950348","48.38217132182259","22.8826194277007","37.42397225892844","69.06382759186843","9.45177798696065","333.59270303356993","10.01173345110503","74.0472084586595","996.4744336480824","9627.927894493592","16567.494027677185","3366.63778414525","Natural"
"pol-1264","Nagaland","Kohima","2026-01-03T20:10:25.358Z","199.51581400977275","202.6289854394229","48.20931355532202","4.712973205803335","22.542592720556915","16.703548281217362","29.23021556363222","70.58179073359678","9.555246910906781","149.54181666229346","15.8271539323861","81.20820257387771","1065.3609715613952","9564.932788625953","3817.253889399206","3932.5728678339533","Burning"
"pol-1265","Odisha","Bhubaneswar","2026-01-03T19:10:25.358Z","51.84117322628856","61.01688870238956","27.67820101783417","8.67393912337835","22.62892773406598","55.865144311070345","25.143448821352422","49.98390308988084","5.058458116949549","296.2280614492078","16.20389629268723","77.08822556071367","94.63977051521665","1565.0051506856032","9984.176417603214","5684.330194038446","Industrial"
"pol-1266","Punjab","Ludhiana","2026-01-03T18:10:25.358Z","22.789858457516065","89.35889220249142","1.7816746559923047","3.323249052640509","44.43170176947769","27.005484011878167","16.773112429970052","48.20357202750847","23.26244534840515","348.5084513159501","12.548044370887952","78.77135743307406","1278.5352180351938","3599.8489068288063","7922.377990661736","3743.8492836392934","Industrial"
"pol-1267","Rajasthan","Jaipur","2026-01-03T17:10:25.358Z","180.98810929638384","203.15014566050633","40.81832635531201","3.104230733955864","2.002652022231427","59.700681358934425","39.0820885052878","38.65779417256538","9.231791199582377","174.02389160838945","28.246165190784307","83.23914108144945","447.6583765211222","7981.353024774275","11370.809092397662","4953.6190535876785","Vehicular"
"pol-1268","Sikkim","Gangtok","2026-01-03T16:10:25.358Z","163.6217418320427","271.1209482385019","5.303430074573781","3.6381109546794543","30.538673327317756","4.991688319241638","27.619115831316154","74.46626023089584","18.75031244315149","6.569666469865565","30.471008720528907","80.13069652826725","1242.4905144527854","1396.5272952393193","12478.385241587861","3480.0635388466962","Industrial"
"pol-1269","Tamil Nadu","Chennai","2026-01-03T15:10:25.358Z","130.84420476247348","290.62279426543466","56.94537737566038","5.97580327090783","5.294503077158169","16.1576818312284","37.15611145630034","73.96560169624642","12.584449333577515","80.81304367109539","35.82928531650559","77.58568546115627","1119.963903251885","8527.773856926206","8006.095695092161","1459.0539117117685","Agricultural"
"pol-1270","Telangana","Hyderabad","2026-01-03T14:10:25.358Z","80.74155532826654","269.7000155912024","15.414066369405539","7.405201710725304","47.19315557450925","45.90452618610663","22.179899724933478","42.16599838368869","20.75360640188407","29.896014112431835","31.30135177667148","88.8823104146921","790.3297884423619","4994.292331582892","2430.748641242482","7971.774229074877","Burning"
"pol-1271","Tripura","Agartala","2026-01-03T13:10:25.358Z","105.54108608740655","34.887992802427306","4.932846701042495","8.257585901890671","46.596009586346185","62.35843438002075","26.592065427523934","25.5831447534215","7.809033421263231","168.24191459522942","19.357134692178064","71.49617796004492","1927.3461687678364","5482.182929648346","19357.246515512124","4256.465429401874","Natural"
"pol-1272","Uttar Pradesh","Lucknow","2026-01-03T12:10:25.358Z","146.6116119963573","26.683010451399124","29.535427562614494","6.914714080106334","9.321744664933401","61.80661169288999","18.403991331751392","55.21554504205052","6.515402896124808","122.97330385319144","8.84781455649335","78.75804591094092","1734.3927510945143","5057.768739603823","7453.866638769468","1576.924895354912","Burning"
"pol-1273","Uttarakhand","Dehradun","2026-01-03T11:10:25.358Z","141.95337977008143","259.9741020024042","42.76218766546659","6.732788073687827","11.649722795070454","53.65952244520663","34.00976242095258","22.067885567134876","13.265895094894594","108.62831414615427","22.028583686157404","87.61112188934652","1827.8820182601564","4352.886292754459","447.5820135777564","2807.529507890192","Burning"
"pol-1274","West Bengal","Kolkata","2026-01-03T10:10:25.358Z","35.266897042929045","43.484128082575815","35.689272964566506","4.64346145188048","41.22412906356617","26.493084039498882","22.45386317228424","30.489301765530612","14.47842051478837","65.28244632600921","17.380553022685298","86.01603895655438","229.89576093580055","3630.007468097337","18923.248270782224","9415.914321985052","Vehicular"
"pol-1275","Delhi","New Delhi","2026-01-03T09:10:25.358Z","46.440881228817844","208.67642887735556","61.120809280243186","2.7759924973937924","36.20330826655195","79.61811030016366","15.66483444994091","24.48789885811628","13.368965630658414","273.86578420178427","19.6109448374565","78.50642106521695","952.4398972135461","370.42258728941846","7900.786003457097","1359.7941694374283","Industrial"
"pol-1276","Andhra Pradesh","Visakhapatnam","2026-01-03T08:10:25.358Z","85.59593746150267","133.71104938801528","70.6542662785102","5.677902243984624","4.1813342273275875","22.15554510361666","29.074421950256514","28.969416940314492","20.156059277341555","263.0562669720067","20.842933170111372","68.808841611255","168.50931637906052","8876.496394759233","10558.002568188791","2727.427695887632","Vehicular"
"pol-1277","Arunachal Pradesh","Itanagar","2026-01-03T07:10:25.358Z","11.154151437431125","154.1422669743873","18.561861584285644","6.61640158612843","15.91458831685832","25.468212692053626","27.61561356354531","21.281307344023645","16.877158829708826","71.15074316623472","18.207565550391408","88.52478430484425","350.8760408153244","1949.8811228816182","12422.248516232161","2626.64760401497","Industrial"
"pol-1278","Assam","Guwahati","2026-01-03T06:10:25.358Z","56.73905955386373","58.29267290195491","3.0550182184742702","1.1883124644853826","5.0189086914009975","51.18342231599807","17.50014006617692","36.545577561316065","12.5706365945543","63.47003677942892","30.441649646259716","80.91473198728963","1074.2617077799346","5387.942177127001","8231.298131338946","1584.5504945642042","Natural"
"pol-1279","Bihar","Patna","2026-01-03T05:10:25.358Z","131.12396537262302","41.863739319819935","67.78701189485781","1.0690792168818641","48.450901991123104","54.3000184612783","38.02344524554039","45.44330021548927","12.614178654769598","38.43322196974957","34.88906064120492","68.80168020073415","1838.1364558942594","2474.788185913875","6775.3839272698315","5352.752738744605","Industrial"
"pol-1280","Chhattisgarh","Raipur","2026-01-03T04:10:25.358Z","12.094323100471204","147.70864352165788","51.04006583648098","7.218673913819293","45.1819098055612","63.33350521111001","32.982295503971365","72.76275087678151","11.841209048989937","224.10534502937566","11.32888841033574","90.07534700107622","909.8521015548555","3531.7114367919557","19163.59648895464","4594.427211197189","Industrial"
"pol-1281","Goa","Panaji","2026-01-03T03:10:25.358Z","72.39612656231469","261.2042456896079","6.954933550306759","6.705606669185215","22.582546475786113","97.85359718310592","30.162520216461086","32.40182853168466","21.697051235455312","225.00755490904098","29.35709195147106","75.58000015662144","891.409692287594","7077.858943238997","14366.368062761636","3508.3403095241074","Natural"
"pol-1282","Gujarat","Ahmedabad","2026-01-03T02:10:25.358Z","173.24878211368951","198.261425744925","22.048879614801862","0.24687845692945132","19.64002481656561","68.67760333915052","17.451692461983534","25.724517572038224","13.99003695623035","22.808449618426827","8.40931800779191","81.74266477307086","1238.7051768091444","6646.989175444821","8239.659945069812","6799.342400590344","Natural"
"pol-1283","Haryana","Gurugram","2026-01-03T01:10:25.358Z","67.5808687472361","97.86453841060005","4.3131464410707565","7.423520182491814","7.295683169202228","99.13446411793969","36.81139475055022","46.443180690341556","13.665893620853408","64.39537612234375","25.53471296806662","76.20092519184661","308.1976215403439","6534.343414521601","11590.096461381132","9172.559952092457","Natural"
"pol-1284","Himachal Pradesh","Shimla","2026-01-03T00:10:25.358Z","80.0965411902823","233.39657942289844","35.960721277657406","0.4947467113481552","21.56606824752101","60.99613650477933","21.44145570853328","51.03915616215034","12.109764730473502","121.10583969892554","15.526300617978185","86.98789452894216","324.0235570323848","3276.877310906988","4140.729704939803","5486.049999811804","Vehicular"
"pol-1285","Jharkhand","Ranchi","2026-01-02T23:10:25.358Z","189.8687305572862","3.2048894407429973","27.203891253817936","0.32234260842162743","43.159953964197896","39.02079420577939","16.378064462940507","65.56789186519066","3.6757038995549913","199.20555139033934","12.267047131414445","84.91220881668072","1612.9756499250736","4584.606644166922","17125.913531569808","6295.581249611341","Natural"
"pol-1286","Karnataka","Bengaluru","2026-01-02T22:10:25.358Z","73.21474185927283","85.49181611276036","68.17530601921379","9.62481446127962","49.76301135233162","18.29716973505915","25.71633386709125","79.57730437727845","19.29214228035566","85.56772227377832","31.875560376337724","71.18779019272641","1477.8417432092006","6659.727032380453","349.75028444787614","3034.059942295282","Burning"
"pol-1287","Kerala","Thiruvananthapuram","2026-01-02T21:10:25.358Z","41.8127796083275","222.74647358513297","38.19672622077816","3.6332349600316496","38.69828494885251","48.139308096956626","19.741259766219898","43.74365586922319","9.388020037772215","307.8018039557549","15.959277623544246","91.48698970784335","1877.6311207711074","4551.990538087679","16907.390101967034","4127.3093119753075","Natural"
"pol-1288","Madhya Pradesh","Bhopal","2026-01-02T20:10:25.358Z","84.93273922814832","53.109338263894","16.72458182649228","3.1219593074141585","23.99058415196148","22.192097172799897","16.900531063011318","43.43873503323816","22.29884998141773","211.82936568018906","12.980595767045893","73.18432391932845","842.0741895246522","1393.3992897166813","1099.0570689877566","5980.077596235343","Industrial"
"pol-1289","Maharashtra","Mumbai","2026-01-02T19:10:25.358Z","26.60622258433274","253.27582297167055","48.096541610131354","8.661251273242948","27.101255794737888","84.89135113681195","38.680906749196595","76.87844892574287","24.864828579782","109.170572872162","13.193328499604794","74.23126394833452","172.96671337442194","8723.540338574025","14190.178043661295","5431.488399698185","Vehicular"
"pol-1290","Manipur","Imphal","2026-01-02T18:10:25.358Z","81.72357249760887","211.83421074083253","10.664635917693772","4.08004284328372","37.09262890118632","65.70334670618136","17.10949393741863","58.02014388374208","12.974709548942688","187.77087012410146","29.33196659501204","77.9789594526346","566.6647314709592","9627.81203852423","10936.684962403202","918.5892622488889","Agricultural"
"pol-1291","Meghalaya","Shillong","2026-01-02T17:10:25.358Z","6.843844256037945","82.50704393631644","75.78208248430713","2.1881217280382526","12.057409244164813","56.71246626738187","38.3135881143888","76.31058565140947","8.80159818780674","141.2526773809612","18.121207313449244","83.11661804077963","340.2705539629889","1748.4908737170479","18453.775392823874","6690.924074917442","Vehicular"
"pol-1292","Mizoram","Aizawl","2026-01-02T16:10:25.358Z","116.88851731261714","158.85298689300183","9.769437412770028","0.0785116446135925","34.593607150707705","1.8828905984938804","21.96499863410323","49.981994026635334","3.7143471062753424","219.45117577226048","8.423419806203544","69.12098260103069","702.0237052368336","5987.461111538885","12235.126171160047","38.95162308543476","Agricultural"
"pol-1293","Nagaland","Kohima","2026-01-02T15:10:25.358Z","108.43190630436736","117.79143058757502","5.984745978758923","3.4553413742402816","49.32661635675449","83.55670188646317","15.124125331026928","66.66077826967361","20.788928669000512","287.28693324139067","26.366060434500234","90.1455909791211","1102.42257477488","9099.613631473674","17099.686889583223","2496.094171771718","Agricultural"
"pol-1294","Odisha","Bhubaneswar","2026-01-02T14:10:25.358Z","12.293229030255826","240.68039240112554","77.48703282103729","9.173711835265998","15.870354263627762","13.409361410799425","16.544225287662936","70.1907292764742","20.75389639438967","16.131404987742783","14.373172131251318","76.66419410005024","1038.153300129653","4087.119980100865","11202.288173530813","4381.5509667857","Natural"
"pol-1295","Punjab","Ludhiana","2026-01-02T13:10:25.358Z","30.821656263363217","123.26101978297508","16.811436268195877","8.560705252997636","31.212375929771973","4.158816021410338","33.90776574900535","73.43428353802796","21.894902675707566","102.97269484417188","33.425744974563216","70.51830944898938","943.547076616492","9942.965663781963","15562.426481076234","2655.1611316889603","Agricultural"
"pol-1296","Rajasthan","Jaipur","2026-01-02T12:10:25.358Z","36.70211393473455","250.20720152136067","63.980781392406385","3.9067702823545702","21.40435785266297","23.222576925511795","26.90054398869824","77.35374498877832","16.52797515736446","111.3053053576901","12.674712849082232","90.67593454520966","1498.5353924493293","5122.231042397641","19308.00620388486","8798.704600113266","Natural"
"pol-1297","Sikkim","Gangtok","2026-01-02T11:10:25.358Z","159.10735142667795","5.992214042571753","73.81816453915414","9.344457817288976","40.49330399835863","58.74207947447439","16.094079684242374","29.664919558670718","8.894564924962827","229.54304069912158","28.600872616904393","84.28427407303145","509.5384928209357","8797.005744480653","11547.648793370056","8399.136083182091","Natural"
"pol-1298","Tamil Nadu","Chennai","2026-01-02T10:10:25.358Z","10.629480560752501","227.4736243597939","50.18708788435351","0.7872600001144192","21.678167478236844","80.80866243533943","25.46678610284181","69.70220651069982","1.3995806982728927","99.52982266588737","35.57973411517317","68.7279846489976","1509.7516122823008","487.6281917801739","17151.099598729445","6360.684503020299","Industrial"
"pol-1299","Telangana","Hyderabad","2026-01-02T09:10:25.358Z","47.17947901046169","219.7453315374591","58.8373015414345","0.7278717198507478","0.42399960067739384","54.05298962024479","27.58945511048848","53.09746266664574","13.130609449962103","328.49224368851884","14.138997129939115","73.72105733127428","1363.0710354353587","865.4512359438537","6304.569644701343","6353.297344647375","Burning"
"pol-1300","Tripura","Agartala","2026-01-02T08:10:25.358Z","179.32612033715256","249.3439645052432","69.40258893681032","1.8469197580931274","47.944495734513396","38.730169971525285","15.45947323806878","51.595446649073516","18.809547246300887","105.64163137730938","9.980780479145253","74.0928472938314","511.7802417277895","3362.5104047190857","3473.1293272375297","9675.704387816182","Industrial"
"pol-1301","Uttar Pradesh","Lucknow","2026-01-02T07:10:25.358Z","52.07307832119974","115.79441443082563","22.44427821453213","9.875032863715433","42.19297256891929","93.39263496562327","22.336936138893094","32.76267853922741","13.236203501995252","161.14714703645797","8.131662491005441","78.35811192635624","1634.8926196479572","3880.482932223166","16113.937467563246","2151.3279744197766","Industrial"
"pol-1302","Uttarakhand","Dehradun","2026-01-02T06:10:25.358Z","82.73413938855762","168.25576230854165","72.5230336856783","8.638375306221057","35.23509071362892","3.312889822716558","28.205070374780675","69.7044676414354","4.286399120414982","275.8199449120075","29.89681082321978","91.65552372479121","1055.9255512206676","1965.3360431627243","12705.26495275707","1230.6780007305863","Industrial"
"pol-1303","West Bengal","Kolkata","2026-01-02T05:10:25.358Z","142.78462960498243","108.60145698876023","30.687964422187058","8.93562419736187","13.526303758819724","8.53944773033125","34.35672557265079","71.97770114145325","13.331584807872899","41.005890142028576","14.929009511506623","86.14378767673165","970.0586887561682","953.806275702942","6826.904319583648","5160.568010122332","Burning"
"pol-1304","Delhi","New Delhi","2026-01-02T04:10:25.358Z","13.970916971768599","222.35209451321458","79.31698002025912","7.870417174867102","29.60874467259188","54.59910344308223","16.622185996887456","36.58261455504925","3.6072658223804814","5.281146764444382","23.766771463219698","84.53552245442222","131.649248138922","8020.96066036328","1147.1303014876444","2043.2566800114005","Vehicular"
"pol-1305","Andhra Pradesh","Visakhapatnam","2026-01-02T03:10:25.358Z","75.87002469836695","19.34483392286116","41.60569229130488","2.1551659775034837","30.812744475908737","79.78959480751988","32.473516471930466","28.535791581862256","22.01030719992621","0.3668516853617554","27.907889917529197","81.25675833424606","906.7748465198877","1214.8197962958507","886.5699208035038","9747.510000190232","Industrial"
"pol-1306","Arunachal Pradesh","Itanagar","2026-01-02T02:10:25.358Z","144.18429042350274","297.35391326913356","65.51616236663035","2.7026399302971216","37.86547365112643","10.804777116979425","33.849886559550235","48.94596894941219","7.8326835095903515","216.40353002638656","35.005137036464966","85.62494210718692","1508.794765384066","4680.605439091194","4366.437035234081","8615.732656206106","Burning"
"pol-1307","Assam","Guwahati","2026-01-02T01:10:25.358Z","120.34992582612674","199.41584378448707","26.816556660160906","8.325768608503077","6.68164721847223","96.810639685296","24.243443175063227","48.6269348871282","19.797954955446688","305.5734204670847","22.800319935171157","92.47367217113427","1358.7995119096315","542.161140773556","179.82097492029058","6799.532521485759","Burning"
"pol-1308","Bihar","Patna","2026-01-02T00:10:25.358Z","123.51681595706816","206.73617372092113","18.38195892071529","5.977383775882329","5.073811025774893","90.31935733455313","31.81027580950395","78.68190081067107","6.233754863565061","120.7527466933132","20.612754367428163","80.04565523699155","1032.6570233964658","5099.455705375695","8489.68430231034","4555.419160080457","Natural"
"pol-1309","Chhattisgarh","Raipur","2026-01-01T23:10:25.358Z","61.43864188662853","298.6312608337615","28.363545664257828","4.712071552693368","23.69413726363487","25.762471451282043","34.09739582941554","54.258374402417395","1.2333951658656557","351.86310040232877","10.890261717789581","73.08124063297534","690.4054295618407","5580.14581211069","1760.6458084512533","7977.111025392231","Burning"
"pol-1310","Goa","Panaji","2026-01-01T22:10:25.358Z","68.23174778946598","19.36133202592093","6.386827370208756","2.9180685586324326","39.84215908551171","77.3683281262617","24.478433663845387","79.69338886880861","5.527142936361434","305.81896474535336","32.325563101244526","84.28404355802526","989.2833439784723","4357.393347065092","1835.2510808477884","5865.22475738143","Natural"
"pol-1311","Gujarat","Ahmedabad","2026-01-01T21:10:25.358Z","74.01415214019475","2.9262032421172535","0.008906004494919628","7.989450921268537","38.485800999056956","54.9816543113295","30.38662307797758","58.20849916743366","13.922133027278708","166.4507488756879","27.19164381675459","69.93195909407154","47.248928301216964","60.746599153274076","87.26118464678746","4284.688933388234","Industrial"
"pol-1312","Haryana","Gurugram","2026-01-01T20:10:25.358Z","8.474702282003266","21.227344682481064","66.75854972969178","6.105049966007185","18.14682135008988","97.03058638674639","37.638782859063795","63.881481478309574","18.50796953760681","103.56233099524653","32.59459061794687","90.80998687921101","1349.7857561432331","2269.3755135386104","7393.237788325684","3224.9203973845274","Industrial"
"pol-1313","Himachal Pradesh","Shimla","2026-01-01T19:10:25.358Z","190.18677100397966","132.08879513424108","17.495223687365396","2.053852615230695","40.07280967383102","1.7700159893020206","32.862937526436","36.48314090509551","24.518024783583623","249.34231492047948","13.247213668496515","83.64776223753965","1448.1209187903023","4375.778137912759","9773.655472902628","9802.45106787842","Natural"
"pol-1314","Jharkhand","Ranchi","2026-01-01T18:10:25.358Z","108.37354319056665","223.70731114317363","14.078846159469531","2.1662744544924872","25.640430775814842","27.81007264835429","33.39773685700372","31.329025641853978","8.671826447633668","211.9439456651493","11.47695335297682","71.00030715151485","638.7570935652467","182.91749928295962","13503.375185974597","1973.806833297761","Industrial"
"pol-1315","Karnataka","Bengaluru","2026-01-01T17:10:25.358Z","102.71875248619962","136.29307933357615","36.30755803134575","9.315389481637286","41.557982063844726","82.31882659872964","39.710444373594584","61.72270028765029","0.05145282972788823","307.8887321003216","18.93362073554004","78.8255469536098","1829.8730541658194","9836.71605389365","9022.14912569471","4260.692677475791","Natural"
"pol-1316","Kerala","Thiruvananthapuram","2026-01-01T16:10:25.358Z","180.20435802315222","97.87542544994243","75.4625846580438","1.6134360972764294","49.87987111239061","68.54455645161048","18.499340364426505","78.81471993547083","9.889181122343238","302.4158633248151","14.150253371311154","70.68048136846899","1201.928482051692","7039.27869825713","9005.375717786872","2160.55210794013","Agricultural"
"pol-1317","Madhya Pradesh","Bhopal","2026-01-01T15:10:25.358Z","34.36657226684081","206.48067726537602","50.195142155060296","9.599463917228682","6.10020343134563","50.71001535485449","21.697230264896255","20.97236476733325","5.088021090688274","172.67989711500803","31.153497422505442","71.98024482570749","1842.4118969327665","9882.895080104747","17936.787936581215","1784.5484845373605","Agricultural"
"pol-1318","Maharashtra","Mumbai","2026-01-01T14:10:25.358Z","39.273719181345925","246.02976611252413","12.955841784085509","6.610609216882484","28.584292964574708","16.690365061256053","21.977859147942837","30.476591284409526","18.53534813680539","327.8873992631314","10.984975314837275","84.4560071508724","1040.6975522390592","5646.181386388316","1474.7332835111404","1897.324546088579","Burning"
"pol-1319","Manipur","Imphal","2026-01-01T13:10:25.358Z","99.09460610084044","111.03333048742631","33.199276371714674","6.095527626922374","2.2748104782916445","2.042859589149071","23.060307162117027","60.600306051484246","6.201435965329055","165.01892319914234","26.367474256382614","78.99095334285799","1157.786387559195","2574.4856578606023","15746.003092826168","7150.93396393436","Natural"
"pol-1320","Meghalaya","Shillong","2026-01-01T12:10:25.358Z","125.17667709751925","245.6125630760582","45.69636944179735","4.353945803330781","10.71491154431089","86.52783734186393","23.773127430966674","74.97591488670636","9.331921287712388","238.57328830892294","30.093591704555454","70.47404581872125","1284.0554612561382","7362.777993873496","16768.73386382117","5485.237158192806","Natural"
"pol-1321","Mizoram","Aizawl","2026-01-01T11:10:25.358Z","193.6159207355578","253.76596555699072","54.53139074730043","6.635903958575527","48.52761530584715","74.39557834992675","23.576938483209123","51.440654471473394","13.309632544182628","187.0203704004347","21.00929894379636","70.12438652395011","264.980835285126","7064.831756189984","2095.6549781249346","5818.457375238596","Vehicular"
"pol-1322","Nagaland","Kohima","2026-01-01T10:10:25.358Z","125.5562099363716","214.10664910615392","30.667249714530264","8.007877294182467","28.72454057903881","12.393247724600709","39.52011096273162","69.59267587904384","21.87633020224751","178.36264241393275","18.01524052388454","73.35836647891364","1175.0413652937114","2204.549120974345","7087.618619513796","1280.5533292742643","Industrial"
"pol-1323","Odisha","Bhubaneswar","2026-01-01T09:10:25.358Z","47.42775708695426","164.63649964612233","30.882367679495157","7.416586683098814","41.004008168467514","95.35816460657234","39.94054026112168","33.319737546690135","18.87998441107943","55.11166457534908","33.47337715630863","86.3753070896213","153.46366109688225","807.7583331566863","19103.946587894075","9799.604178610418","Vehicular"
"pol-1324","Punjab","Ludhiana","2026-01-01T08:10:25.358Z","192.93734685324816","23.85056445043793","8.44121953320009","8.925781111014828","47.112237854698286","79.78632745901774","21.37806602084579","41.80423669545654","22.932024868620722","173.47145679177788","9.559801322508584","84.82441476429715","326.8563413266923","1996.3988217864137","19160.12983824985","8785.937881208369","Industrial"
"pol-1325","Rajasthan","Jaipur","2026-01-01T07:10:25.358Z","164.94586392383925","71.64384821817916","53.612902190005215","7.70672510555912","48.57911688679504","43.3924769878385","22.770887774605345","63.11425942369103","21.873031468081038","98.53672597715403","25.730343531547028","85.24871118281537","289.05106570987436","2233.193168591454","8862.759664694297","6576.703117087384","Vehicular"
"pol-1326","Sikkim","Gangtok","2026-01-01T06:10:25.358Z","155.96479003085983","14.222841851484802","57.212387832706646","9.135567838917883","46.91889748420114","56.15131229510493","23.320503366288698","71.03463978786849","10.735995032711083","296.84432787916796","23.19950629005564","89.75294174719521","261.104631108678","3970.613614912368","8525.554637225943","4550.932258001755","Vehicular"
"pol-1327","Tamil Nadu","Chennai","2026-01-01T05:10:25.358Z","193.30054000850865","13.76252789979857","47.99132843513847","6.332015077165859","40.25568651444891","7.8774567766180414","32.48235027654773","30.416804501325075","24.19519398729389","184.42147004394064","24.717510221007096","87.79678508215676","1310.2656510604513","7771.347640013808","8181.8849639577775","3809.0935336982902","Natural"
"pol-1328","Telangana","Hyderabad","2026-01-01T04:10:25.358Z","64.22942095955742","93.17365341758615","30.63797430153727","9.510112846851975","21.63335558964349","31.159458564138642","30.35578636521322","66.79661211860261","15.553237414505544","279.20387460415907","26.892035521015114","87.90855485027711","1447.861080819748","5948.019266628818","4288.439378774425","3529.87969195636","Burning"
"pol-1329","Tripura","Agartala","2026-01-01T03:10:25.358Z","39.90896472970591","171.78309261561992","28.59507247876545","0.33576664416356206","31.418311660936222","63.15507630777502","27.774530303778782","68.41012394983599","3.860914350485051","251.14257150425212","26.488041710248122","69.9379654275874","1996.8136727386673","9312.378156614017","8904.510770303115","3607.100132549943","Natural"
"pol-1330","Uttar Pradesh","Lucknow","2026-01-01T02:10:25.359Z","117.71350708844295","201.68023910856226","71.09574623933572","1.3109706244570996","41.51549731876661","71.14760852319434","39.475291847500046","46.02793760906839","13.676371895277944","194.28683643467502","19.57578396100815","77.28014464039194","1984.2930373707334","8866.9547623508","6958.600989847517","4952.916247561032","Burning"
"pol-1331","Uttarakhand","Dehradun","2026-01-01T01:10:25.362Z","43.826940050683525","155.5771324565925","20.061206313140538","1.2816352833666278","0.218016642472868","91.74120377096625","30.6849700548784","79.9147350356956","16.878425163375766","91.8797164456508","24.878105099186236","76.17262837462073","93.45092300979286","1963.7948181494469","2507.518779409057","4686.283423388776","Burning"
"pol-1332","West Bengal","Kolkata","2026-01-01T00:10:25.362Z","156.93742904233093","89.11232010657147","38.76014617895771","3.072672901680277","18.453988703808943","76.24979394607189","36.049036749282365","76.67556921109986","6.9992446963592805","293.75538193923353","21.871816691841865","90.44063060395308","1488.0413193950944","6688.902175252954","12707.804610131714","5158.023223610811","Natural"
"pol-1333","Delhi","New Delhi","2025-12-31T23:10:25.362Z","126.60551707775791","127.1288197097842","9.264433862528527","0.7445751029860459","15.328746493970701","38.25471580425271","30.983217623426057","27.135281623074455","6.1933464994168075","207.02561829210458","15.161304176221632","88.60567710261738","1583.7960623265076","335.6575253277905","3889.9136700061777","1641.5309891667807","Industrial"
"pol-1334","Andhra Pradesh","Visakhapatnam","2025-12-31T22:10:25.362Z","0.3498810340933689","258.75276635254454","4.1279606927395385","2.1741494780928736","42.02403879559959","54.30542545012004","32.82093761357791","35.94593558254698","18.232871067079408","32.90402628855047","33.86177500132503","85.41907578169939","1841.218997947835","361.0596803362587","8742.87381129169","889.6088406442815","Industrial"
"pol-1335","Arunachal Pradesh","Itanagar","2025-12-31T21:10:25.362Z","175.34174149479148","116.38548179997039","72.74874960351566","5.305703890467216","24.661774215456095","49.93347428441736","30.759503044917523","26.401300388253944","7.3608437370904225","272.70081003259156","25.383379653978263","68.97965446914131","1225.3624743318983","5899.419803975775","13434.063961940175","5730.130086980979","Natural"
"pol-1336","Assam","Guwahati","2025-12-31T20:10:25.362Z","20.458338467886005","46.39580535790988","41.993127128407664","8.20410429843784","22.94466667915381","99.2729497753363","22.675756980375702","35.5375054705432","12.51132027809427","119.6747980056293","15.016033117292121","85.77504970457228","658.0514026705627","6683.485419884453","3389.287914178898","5311.4224618215785","Natural"
"pol-1337","Bihar","Patna","2025-12-31T19:10:25.362Z","39.699060664594874","229.9680612720693","46.75249145701269","8.920614854456655","0.2945979417053768","42.60176048053934","25.683153853786777","29.76567138107955","17.26015206046875","44.721775932023725","13.440576306429724","83.62397189226795","153.98182960493912","7060.332563815263","1849.2233998745955","846.2957226857903","Vehicular"
"pol-1338","Chhattisgarh","Raipur","2025-12-31T18:10:25.362Z","166.12862728411133","156.0246411808836","59.94680341952498","1.4597917473758792","6.68564260860704","27.628569799607373","16.24381377452352","70.10394448388936","24.257348281530483","270.13718200058156","18.257727679829586","82.87025078891747","1308.254110716027","6468.327613118189","17235.23822363962","4881.641502554444","Natural"
"pol-1339","Goa","Panaji","2025-12-31T17:10:25.362Z","1.066085567334163","284.50141736506146","48.40764334394467","9.106010744974986","6.1308521932007976","26.605954097987905","30.362094839409053","77.96994412979475","0.4774877206471517","354.005110164548","14.901123765659818","92.96822251133229","921.1068849151017","2510.139690847565","18100.504606947245","6083.57219170897","Natural"
"pol-1340","Gujarat","Ahmedabad","2025-12-31T16:10:25.362Z","54.801108265852115","144.1572819140834","66.12950679865486","6.584452468926715","41.62716271101992","34.86191244183746","39.29368781793518","24.234234529845203","22.949068832488717","60.29616092575381","28.82676410365618","71.41124236280812","1290.5183427067234","4691.138276425765","8688.782343548672","4358.755980970236","Natural"
"pol-1341","Haryana","Gurugram","2025-12-31T15:10:25.362Z","114.32900855162156","198.82752527694316","25.85903418629964","6.741451143755732","43.000343404447996","6.847964130378637","35.81016494527149","23.365817484591304","1.1475172073796391","30.16816331893625","26.882276928107256","89.75793536882398","900.7180302315654","2108.680445100064","2284.238724117933","2905.567150435947","Industrial"
"pol-1342","Himachal Pradesh","Shimla","2025-12-31T14:10:25.362Z","183.2279274843848","14.116724633276135","46.00166016129297","1.8862598058638014","33.46828264814336","45.789110400322265","15.442868776858846","64.00517348933573","20.965204754907962","132.13337318411197","33.452066958096594","84.86697617921592","153.65131184870484","4022.299051360687","2930.4663998102387","876.2010566064349","Vehicular"
"pol-1343","Jharkhand","Ranchi","2025-12-31T13:10:25.362Z","7.8248202944787515","114.34650914014351","50.89797235324812","9.648113617681902","32.38859070313377","76.7136716566403","21.041119309449975","37.20427229614565","21.03092581892581","26.045088509472272","26.256897304260605","91.05116474680592","880.0041345083827","9264.206398207905","13775.736576129058","7155.374195488214","Natural"
"pol-1344","Karnataka","Bengaluru","2025-12-31T12:10:25.362Z","156.04338411743905","135.5275713852634","73.83437874070869","8.43722269346892","28.907013119162606","13.270215785074924","36.63180525932662","28.25808996555193","1.5643319382603549","196.1013385044053","13.760303394378514","73.78350347661215","1254.816370159925","1396.0316796007166","1682.852930847607","7117.188290978134","Industrial"
"pol-1345","Kerala","Thiruvananthapuram","2025-12-31T11:10:25.362Z","129.26261802376104","166.89712736396373","8.590456788535157","3.6414112837985915","16.86806023047891","75.72745721694915","28.934391897331555","75.91472507577595","7.503810279329818","313.45794449758523","28.62800482734455","72.9528246320531","1359.3395398691928","7046.162824452969","1299.8600094755575","8264.82464186873","Burning"
"pol-1346","Madhya Pradesh","Bhopal","2025-12-31T10:10:25.362Z","94.14663156538694","171.6854168296401","66.96949260994808","9.914351450318602","30.58904752010661","48.740933557599206","23.570499408203176","20.009926070879033","17.067974730118774","138.21199567398043","29.279328761719647","88.68331721467308","1419.6215533605855","8073.687461409826","11073.506290424124","3852.9293027116273","Natural"
"pol-1347","Maharashtra","Mumbai","2025-12-31T09:10:25.362Z","150.56701008559492","7.831361717460927","65.75432197822379","2.6990245680487455","30.276580745099004","0.6044643173442776","19.2032674831868","79.98968760076207","1.5595011999725878","321.3633282369292","29.369417022141498","90.69542374817516","560.1923898460584","3792.411154870784","6749.621305092506","1642.7472059014635","Industrial"
"pol-1348","Manipur","Imphal","2025-12-31T08:10:25.362Z","83.55932195372809","263.73241128931824","39.536144418417365","4.565844724925119","42.29495018027096","44.54404346725941","29.269935367425216","35.09789936985119","6.797037760908717","151.09301986578956","21.704143164532418","92.16252309118843","169.2124507688517","5321.33390130596","4525.60699877202","6643.849645722387","Vehicular"
"pol-1349","Meghalaya","Shillong","2025-12-31T07:10:25.362Z","84.21209619285695","202.9407203236501","50.23535605959809","1.2342191671797231","48.93944578596855","91.5313609372634","25.285308253235044","73.66188944434145","14.470954699746356","356.0019357813174","29.127694050204003","86.69107719468386","1333.7554526431472","5615.669067768785","19840.485817227487","185.92766282827023","Agricultural"
"pol-1350","Mizoram","Aizawl","2025-12-31T06:10:25.362Z","140.94653788279348","172.87183227024425","70.19840260845308","5.942173241644512","32.28861408519786","62.90758152889373","19.969666268436285","48.40011424338855","9.739226443975118","109.43474542433347","11.872218587262147","86.858294637504","1884.5754447511974","9249.75900408521","16359.339712257313","4418.463169010323","Natural"
"pol-1351","Nagaland","Kohima","2025-12-31T05:10:25.362Z","90.78890183148378","290.44596768946593","33.45365556097576","6.015474383217705","1.5582849960179224","86.67753264694475","16.115408938980714","26.155475582437507","18.703586798115975","50.11175370993237","13.375275083100384","75.41514437713082","251.55306090321238","2793.4566756936943","2642.2547782895413","171.76489414743256","Vehicular"
"pol-1352","Odisha","Bhubaneswar","2025-12-31T04:10:25.362Z","111.74369555602428","2.0991885090242524","8.846868054869379","9.7074721846366","39.450782215284235","93.62480704635719","17.630054100269952","20.80811861452787","8.788640604838918","207.0530932714145","30.639715167605672","72.22299317243638","679.5911740146325","5432.71794290951","3137.443548416712","418.0257889507111","Natural"
"pol-1353","Punjab","Ludhiana","2025-12-31T03:10:25.362Z","185.71515604492197","38.79546284994247","75.98918675530611","3.8037376824486504","12.112342192429804","54.28978564883798","20.48960267375712","78.10150242953762","2.4464229922779523","201.71073078271004","22.9779442821483","76.92747963017806","195.43508315934187","2039.52846777113","19992.07411846596","2620.322149721087","Vehicular"
"pol-1354","Rajasthan","Jaipur","2025-12-31T02:10:25.362Z","181.43797765433746","109.72856263234311","61.55013250432979","0.11050385662378148","42.58423657576806","38.173453951201544","31.4114652386054","79.81452640176656","17.521076326395647","351.38939063054727","14.07574327085361","80.42808557778157","1891.298855770227","1605.905656654758","334.088995587043","6047.757564961013","Industrial"
"pol-1355","Sikkim","Gangtok","2025-12-31T01:10:25.362Z","158.6406265684677","31.17523138889634","4.737632249853423","7.159035033818078","27.977831076931743","3.0498585992456473","33.941400997554965","66.37851969779467","11.24636066077327","101.44231926688491","29.87680683722347","71.71199239966478","399.5559540565501","7076.762430200377","4791.532078981595","2389.70073400562","Burning"
"pol-1356","Tamil Nadu","Chennai","2025-12-31T00:10:25.362Z","170.7007778747768","290.2334744622917","9.086914061812017","6.496519441322911","32.78548789960292","46.859327396168915","20.58466152558782","66.74517148591475","13.117685993514064","239.6435823901719","31.27299226002108","79.52735221728014","1171.9880208979698","9621.74276662035","19161.32773177251","1093.6032278595198","Agricultural"
"pol-1357","Telangana","Hyderabad","2025-12-30T23:10:25.362Z","128.47096431347006","200.1897994243274","76.89374149478463","9.904502971524508","20.510975259349102","80.26036387282552","30.739141505614406","33.42703270363813","8.566652988982765","107.92523542099921","17.973708795110966","87.35293508014453","1918.4785581403398","9956.43518635811","19038.095682562227","5229.498814105404","Natural"
"pol-1358","Tripura","Agartala","2025-12-30T22:10:25.362Z","79.82337528119068","265.03922141472583","23.86311709397259","5.961801197029754","41.269752591828514","11.112411395067411","35.787614219112506","32.517838703334974","24.880782779827136","67.28090033659804","23.018027424651493","83.89394918783907","961.1540701497598","8013.933902295614","80.54419338137109","9399.056747834115","Burning"
"pol-1359","Uttar Pradesh","Lucknow","2025-12-30T21:10:25.362Z","9.628324844170887","161.57218040820442","49.054356834989086","3.5785469112140387","20.125542030286585","65.5656411042042","21.064905447681888","48.94766632701138","23.092601668756828","202.27564429977525","15.63719676797966","90.8333932711143","574.9129373815267","6208.275850660952","2660.3167797230285","8153.995508855802","Burning"
"pol-1360","Uttarakhand","Dehradun","2025-12-30T20:10:25.362Z","5.365985067386392","282.16889096421795","2.386492407123333","7.662989209309248","47.13791168317908","7.724047785131383","24.245026896498942","44.20606844675667","6.36360933335787","298.5799458256177","22.56505017644667","78.21067337300273","1658.8924984008006","4986.143577268125","12509.58452760977","9807.360938999487","Natural"
"pol-1361","West Bengal","Kolkata","2025-12-30T19:10:25.362Z","67.46074445138419","168.7835216865164","68.77762131972382","4.390010717443138","2.095087764484166","4.887514685946581","26.075534232108943","41.10197278515719","20.54260263409376","50.80436131691928","29.34500591157729","82.18709671925919","999.9046750273645","2732.8892459608123","8785.824268574703","2367.841070202211","Agricultural"
"pol-1362","Delhi","New Delhi","2025-12-30T18:10:25.362Z","25.403812370166957","202.31547994418685","49.94155333607026","7.406959489139238","48.86504488266229","64.29957859066194","37.23788582977812","56.31557180941902","21.64991001523113","335.6531951471936","17.580991847306386","91.54464556639314","550.5358474038178","223.38501917663288","1660.1004265163842","4398.539519994266","Industrial"
"pol-1363","Andhra Pradesh","Visakhapatnam","2025-12-30T17:10:25.362Z","105.68468310660369","174.79720946674576","26.41380935382804","9.02582172160984","5.132517422643596","48.98006516967685","22.287996336417294","29.74392047484592","3.905270188103818","270.55849727348124","35.449140842456465","77.75132026367555","963.1152574559508","5252.299954898465","17727.838384032104","1566.9655259987958","Agricultural"
"pol-1364","Arunachal Pradesh","Itanagar","2025-12-30T16:10:25.362Z","52.734258711181006","5.751809226658889","8.797527153257318","5.359677737427212","43.354293352909465","69.4626256385679","39.24807734911671","47.472070385088486","16.552909241236854","16.362927683890824","18.269597853979903","73.47082724269382","1490.2769731114427","9969.15403536418","8754.295849557808","1356.436525800986","Natural"
"pol-1365","Assam","Guwahati","2025-12-30T15:10:25.362Z","35.55315536506964","207.21810588904862","72.10233080794686","1.2449035515133589","24.557484561946612","41.2488927941553","20.25095412308187","73.16803340001547","19.42886740274206","81.95942769125173","17.770698668099072","87.95699916430715","708.3632879799304","9713.99021514001","2894.2168781178257","8910.07993452165","Burning"
"pol-1366","Bihar","Patna","2025-12-30T14:10:25.362Z","52.328028633905845","37.80869587127056","24.404883945800535","8.659318466175218","44.67777804178892","26.826623542963702","37.26897048292864","41.48923965347518","4.808477295309169","263.46154249451007","31.60497835854092","81.06285092234934","561.7719534566852","7068.279967900575","4295.374256971721","3558.271205568201","Natural"
"pol-1367","Chhattisgarh","Raipur","2025-12-30T13:10:25.362Z","121.7558216231859","55.17360602316253","15.845574120913914","2.2911671847430624","18.901468187310932","91.16753026833938","20.12938441722934","45.96037941265337","14.166861501323494","51.66621500490179","10.511008567951874","73.16691939915226","184.68665535579132","2469.609251616274","6035.365749434421","3921.4695042047942","Industrial"
"pol-1368","Goa","Panaji","2025-12-30T12:10:25.362Z","63.63186343573679","261.648149515967","16.688323928434492","4.470003788969822","13.303912271489132","95.88640798849582","26.216780156989003","60.4808899383688","4.797557069330619","164.4764874143673","33.912735380398104","91.00563341183269","1477.8483496037932","5187.494527594336","1341.2731283677504","31.82819786170521","Burning"
"pol-1369","Gujarat","Ahmedabad","2025-12-30T11:10:25.362Z","168.98343172438712","116.8780623339551","53.1028578614287","0.5788556084781471","16.080177119584793","82.10858649863333","38.433539779220396","52.14912046603375","1.9455952872937443","277.43157464617343","35.298755514485336","80.89383938139119","1468.9900413863113","6298.253046173081","15224.3062608168","6272.720690136688","Natural"
"pol-1370","Haryana","Gurugram","2025-12-30T10:10:25.362Z","171.21666158273598","139.72718281944572","74.11513631934713","8.609146263722314","22.284230516664827","45.89939265385175","27.26348024027309","58.539760661489474","16.092996321869254","111.77165941244574","19.700626583381947","83.39154859313915","1806.6041988018735","5466.794661219793","9021.786979678813","5716.618536124905","Natural"
"pol-1371","Himachal Pradesh","Shimla","2025-12-30T09:10:25.362Z","35.91518052333442","38.771242969710386","20.62924322289745","5.945973940068507","12.059319194539503","36.12280753198077","16.199714460047325","33.964313299105754","23.305260382653074","309.1189336579266","12.071083225919764","83.74277298407388","1410.7876499496158","8437.220842491824","12475.322072804418","7754.684695032178","Natural"
"pol-1372","Jharkhand","Ranchi","2025-12-30T08:10:25.362Z","36.108614498732685","76.74197009798372","5.860462171645713","8.560217666069674","18.18595015854958","57.48977294207116","27.242261882793954","46.90890212037377","16.916201355046965","172.13238358404442","33.06898415895233","82.80105324731618","1713.083437839553","2157.657535386769","3111.5834750288586","1592.4653744677187","Industrial"
"pol-1373","Karnataka","Bengaluru","2025-12-30T07:10:25.362Z","139.38432982810548","162.82920622760494","22.97458235713905","3.072108556024502","24.33603663169002","33.72259025346354","34.23376628305755","62.3192540747205","16.458051569677576","190.81721940906047","19.28889957632818","81.93022295319463","785.1404519200848","9537.453840864562","2414.8141657673914","8511.251430578935","Burning"
"pol-1374","Kerala","Thiruvananthapuram","2025-12-30T06:10:25.362Z","19.820719970368028","144.51964693948293","19.054729169876925","5.225147883814717","25.24068783811898","99.34824682330942","19.464404848940177","34.69137448622854","15.493745887213825","171.31702988189267","33.786154879302444","72.4284485808743","1306.2651321688186","835.4402817996487","14417.64300093846","176.50529094160538","Industrial"
"pol-1375","Madhya Pradesh","Bhopal","2025-12-30T05:10:25.362Z","186.1587419347756","254.25171205412377","0.21363414773553302","9.574154862735188","26.86495419286939","35.74670231018814","36.587005282233804","37.00307986025377","7.0761788887979655","97.45522316245903","28.477997283024987","79.54900117061621","1351.8169019322575","6857.478065795931","11167.31483213637","5474.378078963401","Natural"
"pol-1376","Maharashtra","Mumbai","2025-12-30T04:10:25.362Z","158.88323723545136","202.29199892892888","74.43928819324466","0.05731075831724941","12.195031640420778","91.33799472081623","31.67292980257854","26.284877708258293","19.65213002653098","254.67059709605277","21.694140196342182","89.20267180790691","735.8846089041787","2145.219490753345","3913.9275287594664","6673.374993995914","Burning"
"pol-1377","Manipur","Imphal","2025-12-30T03:10:25.362Z","43.30843724978053","198.72289393531537","8.946318872571855","8.786959471637253","23.866342150637678","95.52598722438775","20.804196915998148","56.76678705744212","9.930458528180521","27.8768495643438","14.600307160104437","72.50692954641173","774.7655075394543","8368.934373826416","7469.560684654981","1524.68637224631","Burning"
"pol-1378","Meghalaya","Shillong","2025-12-30T02:10:25.362Z","65.62574154600264","6.693386902375254","79.73992997992735","1.8948504750138984","36.85176120277331","57.55331476574233","39.801100391529694","60.35069358320657","1.974464510886792","242.57472473383342","18.454617099935188","87.74850723399676","809.0445968089921","6300.562676223245","19031.712356167754","2028.9564396527205","Natural"
"pol-1379","Mizoram","Aizawl","2025-12-30T01:10:25.362Z","144.96152069297167","117.17760238203346","10.311684960974228","8.952859751008766","48.67051069151015","18.93986302974062","37.50662086079897","70.52566258915488","2.9420110042577607","153.7899727136991","31.726967755927976","76.78444976323829","239.13124067310144","5602.756693435619","15740.900976574952","2328.858344969006","Agricultural"
"pol-1380","Nagaland","Kohima","2025-12-30T00:10:25.362Z","72.57319441047328","298.56446072496277","66.70525355549928","2.3984210668988015","48.1034663002832","54.750277859348905","20.92557768500471","56.03144191732781","11.505079773220364","113.1883882880702","22.373558064043653","85.3681127673883","676.1419695182285","4069.360217634408","12208.839717268129","3103.343375682903","Natural"
"pol-1381","Odisha","Bhubaneswar","2025-12-29T23:10:25.362Z","172.3222919898931","294.4448875477383","79.30429558935542","1.7211470545571417","24.837144077089036","1.283732792601211","39.038011249331376","57.79594410589019","2.151406866833272","103.58463884382374","27.76508518562069","80.99484930393052","155.74235845950147","6573.6602174871805","6635.40065822686","5624.565876354656","Vehicular"
"pol-1382","Punjab","Ludhiana","2025-12-29T22:10:25.362Z","136.480326710583","136.0514484025479","27.806353726781865","5.184586486579322","13.090411286186686","71.05382804492463","35.69151067115514","29.526717206501573","23.017551645771086","340.4141156536908","29.365831029039388","86.19834561325206","1539.9772660882265","8893.179479455448","17072.5501704592","76.7115299956478","Agricultural"
"pol-1383","Rajasthan","Jaipur","2025-12-29T21:10:25.362Z","144.07108449612053","93.11879838643928","74.48157576066751","4.64711759287815","4.918936257265494","20.879513497383584","35.8940574963557","43.97247188149005","10.539352423472678","220.32160937003994","22.632082609770368","83.90828039687742","1247.1507857174843","3725.1658674287214","6584.209627355","6866.067189902597","Burning"
"pol-1384","Sikkim","Gangtok","2025-12-29T20:10:25.362Z","106.86253127215575","25.680515368076783","38.38189890765686","7.054168803977935","12.229550367352498","36.243888119733704","17.859190971915556","57.91161629823976","24.81779916960389","256.2776756629839","20.35178193623446","72.49505282016906","1198.3123536588525","2877.7875311929656","2197.79987030198","2820.2728309902905","Burning"
"pol-1385","Tamil Nadu","Chennai","2025-12-29T19:10:25.362Z","51.75760121609034","191.22615127592366","15.948521421639246","4.163705013997959","34.12542621769647","60.43649201061789","21.353677891280046","27.873877783376265","1.1209230156010497","160.48530010770153","32.38482626180632","92.02724887782463","1546.6292958024012","707.7816771749457","2115.0662271139977","4341.87929937802","Industrial"
"pol-1386","Telangana","Hyderabad","2025-12-29T18:10:25.362Z","174.26123198276622","232.96557032930318","74.61109612206596","3.318924824712186","6.02252650132093","10.395567851363563","33.2254449931615","75.76106444499874","13.068720496503635","245.24393809276523","18.20442902615941","87.4594483222955","623.0507136511607","6163.920509575361","2361.2086775483367","7515.242398191316","Burning"
"pol-1387","Tripura","Agartala","2025-12-29T17:10:25.362Z","187.20562645779208","38.34567640991365","38.83604484331972","3.3505869555841916","19.802400227802853","87.28143944814904","26.538023633434776","25.6139890902708","20.320527646669795","287.302996604225","30.687159121378098","78.46990271173708","380.8759107680306","664.3308537868331","7115.1531783777245","1210.3831439722446","Vehicular"
"pol-1388","Uttar Pradesh","Lucknow","2025-12-29T16:10:25.362Z","154.46185351644363","205.4533362523304","47.14276385499517","1.8162187706105393","7.924142178961924","90.81574540640501","26.718021277842638","78.19796065022601","22.174568808985587","72.12053310723884","20.540093364475453","80.54933745581467","352.01761012093914","8774.857726699476","9221.687880118452","4120.148735332837","Vehicular"
"pol-1389","Uttarakhand","Dehradun","2025-12-29T15:10:25.362Z","8.80572252008922","193.9667537903608","29.00508160042034","7.150757312102854","5.237506316453549","24.75338999599903","18.66633659423823","57.959900035970996","24.663002767139826","301.058971127434","28.946093192685808","80.15616418562985","642.0546591019514","5997.2533754543","11937.336600238006","1918.5888064566536","Agricultural"
"pol-1390","West Bengal","Kolkata","2025-12-29T14:10:25.362Z","156.41617435790596","158.9623691496067","47.117302183909345","6.911953830741369","5.342936391799618","99.20575271486733","36.66814511034772","37.34974925738359","9.866908089579871","104.66748006584216","27.190275810326025","70.64914814935585","1504.0488661346576","3589.757426923028","4133.331389067141","8214.441447190584","Burning"
"pol-1391","Delhi","New Delhi","2025-12-29T13:10:25.362Z","197.5691297814581","129.33699705287103","42.847166978521926","2.6118551573143933","19.94533493143919","15.969503606924796","22.83045004689085","29.895276026969682","18.360739503510583","101.07866886069115","33.012719411633014","87.4642172772405","759.9428894259257","5125.547734843373","4257.753090439942","785.3205650008255","Burning"
"pol-1392","Andhra Pradesh","Visakhapatnam","2025-12-29T12:10:25.362Z","96.689171250901","181.28881692574652","65.98038926529163","7.8944369409306825","37.607209904616106","43.43418508895991","30.551203644700983","75.64988372616648","19.119416332542126","209.09092805412342","31.52257441769868","72.08097555394772","1393.257230566449","5154.211499728396","8874.067365914007","9167.088293495772","Natural"
"pol-1393","Arunachal Pradesh","Itanagar","2025-12-29T11:10:25.362Z","156.61337601894292","270.26215228278403","47.95509058106953","8.01548982858901","35.225024839980605","74.67810847053427","24.9847945388627","75.42820582932018","6.08687466979419","169.4069599277209","20.825720835255837","85.91678714316687","110.18306497898055","5216.445685801095","9814.498444916944","4348.3740965461375","Vehicular"
"pol-1394","Assam","Guwahati","2025-12-29T10:10:25.362Z","92.37513723390411","179.8344297216001","77.37839544722999","1.4405897668274381","17.385794693703232","71.56808985817312","27.401568664152215","77.71876595187163","6.225419888438494","106.84332805782222","13.6060987752006","91.49855959549566","628.40230477908","8441.312798345341","3886.195773555328","5547.397304944082","Burning"
"pol-1395","Bihar","Patna","2025-12-29T09:10:25.362Z","135.6533809273417","265.91226783741297","47.556928504553724","9.890295005390051","24.351113466668124","60.414361027581506","39.54017122436919","72.7610034766079","0.6963464600197977","169.36933489917178","18.756063806354803","90.48789875215809","938.9214778802503","3429.8459142559923","4808.577018214577","8922.572160591688","Industrial"
"pol-1396","Chhattisgarh","Raipur","2025-12-29T08:10:25.362Z","29.69279362944677","269.5362893882816","37.50895291456363","6.032481228620654","32.1070284091759","67.64412694745745","39.6119869338947","27.85487687343294","19.647318442522234","139.06192499657877","17.546320651346992","76.55064330180149","1526.1252334435535","8938.763732806747","317.103596830588","5376.522007650943","Burning"
"pol-1397","Goa","Panaji","2025-12-29T07:10:25.362Z","180.51016010954282","63.323557917240514","46.66949547184092","0.6320502381876547","44.42613033134952","75.5512364613204","15.60105793619391","43.07518534301699","16.034649220233177","16.221354666841208","29.911034628276745","81.6861659872257","157.88571526496065","5013.347751289181","12637.800670978717","5001.050673494782","Vehicular"
"pol-1398","Gujarat","Ahmedabad","2025-12-29T06:10:25.362Z","65.50489720886377","187.42346910285542","15.452605277021751","3.6178872761791148","14.31486676732786","98.44573497989259","20.784943107503203","70.83530487577518","5.016734190147637","234.58421077562795","30.773098175337264","71.81781245700193","427.3726644965727","5355.661555565414","3637.3012780659697","3614.380692835355","Burning"
"pol-1399","Haryana","Gurugram","2025-12-29T05:10:25.362Z","88.35232868837832","270.2095111579685","79.47215588109","0.21600014449883687","28.390332728684157","43.37197407500702","22.287463070779836","47.60452309709353","5.492406886823731","146.67886546682857","22.168674035427077","86.23030837647094","1232.6600842299626","3028.7677524119295","15064.511439495267","9588.379238022599","Industrial"
"pol-1400","Himachal Pradesh","Shimla","2025-12-29T04:10:25.362Z","86.87251325823826","25.6583257256248","71.8455386424557","1.4304083359545683","9.682238588345642","70.85019761800595","16.9333568839992","73.75147396076355","4.376112218771941","206.7889616013821","22.979260717926312","91.03585923958921","923.4583272676196","2202.43654241739","8755.746799410905","5147.007498051108","Natural"
"pol-1401","Jharkhand","Ranchi","2025-12-29T03:10:25.362Z","87.4774914079599","63.663250803340766","23.699984345020717","8.113673600524253","28.01373050176878","71.89545667738919","32.0898745911919","48.74430544607168","18.85638867128336","176.6522300946402","14.24193474633195","84.47480747621856","1294.9362302836948","7093.7105429125595","4722.33607583898","6625.906654097164","Burning"
"pol-1402","Karnataka","Bengaluru","2025-12-29T02:10:25.362Z","88.23383520989879","30.471955380170755","33.01884425465491","1.1927377473594902","47.82946854824128","74.69607784258355","26.349461327273957","40.93543990060198","7.762461465250564","234.43355181997737","20.329561294780667","78.35858498614598","1153.6835742441992","1872.208128249997","14602.58991661267","5837.796859084081","Industrial"
"pol-1403","Kerala","Thiruvananthapuram","2025-12-29T01:10:25.362Z","65.88292029381255","31.302328300761506","54.6113762026571","8.052844115954242","36.17947627428732","43.96488091682529","34.52701586652317","69.98447630520444","14.875550672373455","351.4458974621502","14.617676052917295","74.32018567013003","877.7799790686951","9585.089361029583","8309.869518549829","8386.079531949454","Natural"
"pol-1404","Madhya Pradesh","Bhopal","2025-12-29T00:10:25.362Z","106.93437730764023","96.37332747290412","31.21887940858648","5.399812197139065","22.24367054681224","82.01195995577228","34.53211097909535","27.284251572958304","14.266876911387172","266.56795426045113","24.693623637346807","89.8065774638061","1486.708053040901","2156.75730394173","18650.316118201532","1427.43788150404","Industrial"
"pol-1405","Maharashtra","Mumbai","2025-12-28T23:10:25.362Z","186.70386236459","119.1967194910175","5.956312109005868","3.7288227963135734","20.271600117324123","16.367183512463257","29.27024033296391","79.25063841785412","20.86632117874088","4.865620794244108","19.703693514351954","77.28965685098687","1110.5772016618948","4095.338186277796","6983.822610165837","5589.352416372465","Burning"
"pol-1406","Manipur","Imphal","2025-12-28T22:10:25.362Z","27.178648037812692","97.43887471335194","19.0469248907646","9.722777581155393","25.611509631756984","85.3550635846132","21.32180258351989","64.42084672153271","24.909974667050005","35.01257602749402","19.774350533515136","88.73151740815541","830.042129691118","3803.1662120213505","10654.798310569606","546.2192416656131","Industrial"
"pol-1407","Meghalaya","Shillong","2025-12-28T21:10:25.362Z","63.42787977172137","184.32016005019207","25.801191458760062","5.745421228095177","42.53506905508493","13.938506924912375","36.27789780131561","76.41781196613795","14.910401761238312","312.54961335826005","16.36718673203577","89.80015181986109","1544.7446806406924","5904.047268748503","1971.3539648592237","9639.914577545329","Burning"
"pol-1408","Mizoram","Aizawl","2025-12-28T20:10:25.362Z","66.8087954733448","286.09320302518887","66.0373325488894","6.951787237925076","25.832576063264533","28.317005269819862","23.4610735873344","43.67625914448861","16.674285331187537","173.32022071716514","19.997508614178493","71.03937300081947","1487.7633275454784","6527.360636876334","4286.740582732334","4216.955992495559","Burning"
"pol-1409","Nagaland","Kohima","2025-12-28T19:10:25.362Z","80.96834221895564","263.2688213405269","65.79348778497193","0.3230856063002985","11.742168876951814","19.419550610461766","17.31809252022313","40.14461789075285","2.4257417026434607","174.8590726236905","24.928442806296875","68.96003658859314","426.8876257314729","7835.827897624464","16379.037497077124","1745.9480263124183","Vehicular"
"pol-1410","Odisha","Bhubaneswar","2025-12-28T18:10:25.362Z","166.01769008286752","219.50069234983624","12.04873322513988","0.7421201805130284","39.65714050920404","25.814766341908125","25.582583756938014","44.97572828031207","24.324911321866974","286.93247244470854","15.235472341536575","76.32683816190703","48.96734966434635","3524.0798037317945","892.3428269401356","1578.7262827791449","Industrial"
"pol-1411","Punjab","Ludhiana","2025-12-28T17:10:25.362Z","102.89378123486541","74.44109887416492","71.9114953913846","6.820846684181026","0.49632056570702576","34.451830557957244","28.193617250645545","29.54054344360449","17.54946911448666","128.5634198755874","32.43165312451643","68.50313903844189","475.1692033881696","9513.501840987532","13970.8947769472","4611.268825023915","Vehicular"
"pol-1412","Rajasthan","Jaipur","2025-12-28T16:10:25.362Z","91.07148953254247","229.7180580952815","13.382064276102312","7.644728856837732","35.045160860712755","72.09561649036141","27.88328017332732","72.6929207979797","5.6964304668641885","187.2064687129895","28.05279525565735","88.1492297116925","545.4766616853253","7988.170790534174","7091.541699235815","4545.975149847116","Burning"
"pol-1413","Sikkim","Gangtok","2025-12-28T15:10:25.362Z","72.27535465462734","178.92683580489418","37.57624341429752","3.53089148503034","33.05567589474743","13.975725000731487","22.81115280183143","50.676816330298706","19.365652125407166","217.21325032962665","11.375998617323647","80.83087107423877","269.09834337112784","547.7935967860781","4063.1970349016665","7841.67634896287","Vehicular"
"pol-1414","Tamil Nadu","Chennai","2025-12-28T14:10:25.362Z","129.61857508679455","45.79734695034505","63.84498816546342","0.25483562882822497","23.808882131468355","42.48152112113009","38.17674186902468","52.20710560173621","10.628047041186841","85.57425461613815","15.349666480473372","78.90241671415646","687.1094587504707","5035.349984707611","6344.565970337559","3712.077824004232","Burning"
"pol-1415","Telangana","Hyderabad","2025-12-28T13:10:25.362Z","64.65264261694807","38.114017288638216","23.697677182394507","0.2959008690118836","39.12953108968748","35.11401160508194","15.844550960732501","21.76720212416854","24.11938300168339","133.15346249357205","16.730794813562316","72.84615935909261","154.11786160000497","1972.3401202062573","14067.458116496167","7022.599234092299","Industrial"
"pol-1416","Tripura","Agartala","2025-12-28T12:10:25.362Z","157.04710565874475","125.95939658729985","39.95785577484106","8.802327156413018","27.285206835051568","43.195082464110456","31.436677430663867","34.51432021304008","16.05354865596139","180.19731022187193","11.654920542208213","75.836557524766","1830.4204391657686","8588.952732145046","14686.919286208204","9326.437047489295","Natural"
"pol-1417","Uttar Pradesh","Lucknow","2025-12-28T11:10:25.362Z","84.68791167098533","170.43169442431167","45.74969000246607","7.874583269582854","1.5099030070059027","42.260930781037764","32.64998183333932","32.918834811187295","11.994320055956115","216.87057074562873","32.495515445684866","68.05265531173293","1872.7920510752729","1102.5404418615803","1714.9873721722786","5288.077940097098","Burning"
"pol-1418","Uttarakhand","Dehradun","2025-12-28T10:10:25.362Z","16.78950107570838","86.75997112224961","22.366190591001384","3.1833246911065096","47.01364026933584","15.89286732919466","24.93226105569328","23.931583933898555","19.48076751333655","196.81345298527825","28.427025556835776","77.20445298098129","713.3011144551496","6765.372371974429","13841.924958149819","1314.0068844905372","Natural"
"pol-1419","West Bengal","Kolkata","2025-12-28T09:10:25.362Z","185.36256955316995","149.45526947435474","63.079364618305505","2.3279751018138475","20.30386156933568","37.74950857068442","35.7674177330407","65.33392764009716","6.40349440886481","35.93646862844226","32.53947499200343","86.0913717075157","6.2744394328642095","8732.550628362693","15627.860639417033","1854.29949776614","Vehicular"
"pol-1420","Delhi","New Delhi","2025-12-28T08:10:25.362Z","144.63245277680986","136.5919226698745","3.7859328905951983","2.910652556654215","4.68863084929787","69.7553058574973","20.197070780744415","43.79290559982","21.304369429547652","84.69743244851439","22.676012413313476","79.12163172335364","716.9512359705594","9726.144006174221","5745.5045512707175","7877.383804521676","Burning"
"pol-1421","Andhra Pradesh","Visakhapatnam","2025-12-28T07:10:25.362Z","147.56762129764832","47.59450672023968","63.83379100025771","5.648354231623667","46.45096490859916","62.986776047857184","37.35283988238126","62.21198352008267","5.60884184710479","310.93935410468254","25.040810215915435","71.19164014129781","1217.8388005157237","3867.290507432718","4144.848231751188","8681.43094555626","Industrial"
"pol-1422","Arunachal Pradesh","Itanagar","2025-12-28T06:10:25.362Z","119.42755771322797","261.9295084416271","17.01559839003486","9.17024547196843","19.563628352292277","40.28507221531964","30.804192445988374","69.67132798246192","9.698460137191384","279.48695335906206","34.50736334737958","79.59877370279843","451.06272731588183","9144.593958418096","11987.81109545419","471.8871239192224","Agricultural"
"pol-1423","Assam","Guwahati","2025-12-28T05:10:25.362Z","160.49251923954603","79.14330203990708","35.11988627842426","6.884994971756006","22.158826559856394","24.863797453117076","33.551041459165546","26.92859184750504","18.620492157641333","41.94989997690172","34.730303129228105","91.79867728324534","1477.6869225961734","7674.125409739594","7545.851819670026","8527.63981701075","Burning"
"pol-1424","Bihar","Patna","2025-12-28T04:10:25.362Z","58.74880580238311","174.56311337856212","40.28068269971162","4.625529691443448","0.35954747469369996","77.8107730547209","35.81984372425315","72.22646587906347","9.670027076485413","54.24431411315282","9.412961398011635","79.22014449899442","1681.595430519303","4879.366119573911","14279.579958698361","5750.52659566888","Natural"
"pol-1425","Chhattisgarh","Raipur","2025-12-28T03:10:25.362Z","1.2832213377071966","202.88788855322338","57.9819620118116","4.257690529440551","13.41786707659165","98.18996545839806","19.295961820025425","45.55846662315612","7.377275143706358","64.22014363553947","33.17972841305733","90.59305533178828","1855.701152598231","5963.334522748036","18009.538077025332","2419.299104193706","Agricultural"
"pol-1426","Goa","Panaji","2025-12-28T02:10:25.362Z","185.62106572555217","244.10205305494443","43.58871186255472","6.677409332442935","49.88044277285695","73.86300082370325","26.695573202368557","22.361834019156856","12.44041340926764","359.04502462945055","14.380114746930374","80.45100213165924","1339.2409316782316","1306.7682902362255","2342.3966013249587","7461.995191400395","Industrial"
"pol-1427","Gujarat","Ahmedabad","2025-12-28T01:10:25.362Z","44.82213372106991","225.85399038688143","13.132580605868007","8.31570537923757","20.491789140313077","38.47145742879318","34.003208688506355","25.654934499114475","5.484577613226252","267.8580659669441","22.27539226817783","77.45220409975742","1218.559446410451","5831.774425966964","10185.302729374496","6920.550149688494","Natural"
"pol-1428","Haryana","Gurugram","2025-12-28T00:10:25.362Z","61.770901596010354","164.92780301026275","15.986375121260137","8.223475421069496","41.79889355840479","16.517909304025004","36.18290683240696","65.0575823814107","14.125355603048293","355.9002201669051","27.799957432128295","81.02643565610131","36.177594925406844","1830.1443040565734","9623.492482306821","2054.311145350155","Industrial"
"pol-1429","Himachal Pradesh","Shimla","2025-12-27T23:10:25.362Z","57.94734676918951","169.90926597958585","11.376746834523415","3.926350390959322","45.395957484258744","8.25906474696987","37.78753086925668","73.65065313978462","10.75316761870628","24.163936519296495","12.299015516911474","78.79655741088607","1246.3608763372981","6133.851203730647","14630.085791343297","4904.7727799333115","Natural"
"pol-1430","Jharkhand","Ranchi","2025-12-27T22:10:25.362Z","182.18385553800235","170.46805356324484","9.858584619471875","6.710937781175653","47.28248775741902","13.390065544467511","37.39913267895973","26.192060175402666","5.476039752983553","159.13840264925736","20.82302477311002","78.26394490095647","287.1126093557035","2569.2636024902813","19796.82991107975","3334.3828819371233","Industrial"
"pol-1431","Karnataka","Bengaluru","2025-12-27T21:10:25.362Z","186.83870443862716","171.88856848360047","79.06491881315164","4.098974509930314","13.834317519655908","41.25756526620352","29.453499051210073","51.75186390119438","14.11023832639897","131.36500791119136","13.132556805068045","86.10481808880931","1445.9208903551494","5140.154939002185","17865.08536118677","8867.00808054674","Natural"
"pol-1432","Kerala","Thiruvananthapuram","2025-12-27T20:10:25.362Z","12.358093730208552","242.34341711578233","54.54394275243635","5.11947793742888","36.83639820578225","21.3792560942194","16.982595869052748","76.22067649880802","24.174931319696164","331.9295097593048","27.52577165205742","79.47653420916012","129.620922351811","5440.331621717643","951.2223165669087","2342.5611717675797","Vehicular"
"pol-1433","Madhya Pradesh","Bhopal","2025-12-27T19:10:25.362Z","72.04152028593003","229.53309111872642","7.745583396583848","0.4263463336835216","4.680454085444413","40.09753941223254","15.956994822619677","49.80939603751938","12.110969316503278","296.4330239911876","35.97120824446786","79.97097983315209","319.56274615157974","6952.823380489252","705.7440287551486","2203.8437454777372","Burning"
"pol-1434","Maharashtra","Mumbai","2025-12-27T18:10:25.362Z","49.48800081852187","94.91570700337115","30.518303513775447","7.828903832658533","46.65631298051927","20.523225791775957","34.14885748746168","63.82964643331253","6.289256393623155","227.59461419025325","13.766904490260709","84.14173928627912","1322.0401624280769","5515.6238786606145","4009.9055957787023","5555.856413525504","Burning"
"pol-1435","Manipur","Imphal","2025-12-27T17:10:25.362Z","52.84726638606134","155.87033767832045","34.454323244819236","4.096702932774687","22.77244632195574","33.45280615985965","31.72914542528287","23.548992828137877","11.793595658058544","184.95925059426278","31.811381123452428","79.58063101294987","75.1176967610625","7208.645220405087","3931.676256981473","818.1320275028636","Vehicular"
"pol-1436","Meghalaya","Shillong","2025-12-27T16:10:25.362Z","77.60589035167693","235.67244623138285","42.49840124612017","7.7954328401606245","7.395515831388632","64.98991007437859","25.55769183266136","64.84415497379229","17.765072345321393","144.81801955362872","9.31525757565454","68.3388942642063","562.5041281530603","4220.0859286667965","13879.504972712757","6541.815558009687","Natural"
"pol-1437","Mizoram","Aizawl","2025-12-27T15:10:25.362Z","195.018836263055","78.44438337175396","12.759271878155989","8.56654844053486","33.45518097473625","44.987853002157394","28.143687584829607","26.452622746015436","23.26078255135492","121.85771159894816","35.15202326904294","82.01798947170553","1631.5865270281922","2617.5105282565282","12369.348516869994","7914.678234595855","Industrial"
"pol-1438","Nagaland","Kohima","2025-12-27T14:10:25.362Z","31.581768345410488","239.9061476950764","76.17213552744428","0.7750559444212735","12.579805396787702","85.11191407702174","37.07939757067878","52.393653327516056","9.086439654729153","21.144809166460465","9.954894408161787","73.85657604146887","1363.4451512072244","5171.260396338313","13149.462477628791","1566.4303894330856","Agricultural"
"pol-1439","Odisha","Bhubaneswar","2025-12-27T13:10:25.362Z","100.70161598658305","2.1018733024271152","57.14206479176619","6.830885362278573","48.570030848198186","38.34644518135034","39.586112288986094","56.757910224385625","11.204936920469247","90.08783402111115","32.185508117524755","89.41788488316809","1790.0583510667384","7198.015812572917","13457.372704171146","2680.8813952850865","Natural"
"pol-1440","Punjab","Ludhiana","2025-12-27T12:10:25.362Z","186.64358769653663","152.16382841226013","52.541571447876805","0.46218862044810294","44.99621702576166","33.312517055958764","36.5472040762608","45.404531499968826","3.6688516988481803","251.69536000336333","15.332042951470537","86.87271929417503","1284.732794660286","8310.138096982926","13975.03738260142","8519.004565057356","Natural"
"pol-1441","Rajasthan","Jaipur","2025-12-27T11:10:25.362Z","192.09695821194012","158.5714468902051","33.531084912573164","4.120704543185179","16.494150965759268","26.717154189916304","33.501234986511896","42.02403408940589","9.494283088617708","330.04641356671914","25.094939112766685","85.73104978912944","1759.1028097171368","6465.372734494928","14584.98497155168","6539.922441603631","Natural"
"pol-1442","Sikkim","Gangtok","2025-12-27T10:10:25.362Z","2.153517230712465","185.2133677542592","68.94565353419762","1.0258637162078088","40.13188222102958","41.375004113991174","22.2201703217115","78.33549286873706","15.139737771214289","227.31296547484143","21.573008216569146","68.91841168709581","474.66032254495616","8154.740171016951","15092.52597396283","5830.473139834968","Vehicular"
"pol-1443","Tamil Nadu","Chennai","2025-12-27T09:10:25.362Z","172.8458822517148","85.95581883922125","79.9363763323615","8.137860176466438","21.105783514898434","58.6971456810163","27.11910494001119","51.45384079073482","13.460989304946894","1.8855265081960004","10.806308198482295","79.81672489743396","1290.5055863357059","8149.960737978988","6707.983860127811","9558.084833106199","Burning"
"pol-1444","Telangana","Hyderabad","2025-12-27T08:10:25.362Z","31.42738323157075","119.48190349945692","72.74199161372769","0.6698044475908216","49.75087818766309","65.54721939776724","36.81511698341389","29.443975512266665","11.750122735138206","296.7279950695132","27.09522364507828","74.26647917431544","1865.5048927348828","8841.237929739436","7064.694975250205","4447.811833920391","Burning"
"pol-1445","Tripura","Agartala","2025-12-27T07:10:25.362Z","188.22582733177424","119.9032865260388","50.31648562756183","2.7586832087599458","42.75925896811922","36.42674353590164","15.818687075770056","23.347070260747426","12.910021820287412","32.133652388851615","30.00838989665204","70.32842785132415","1197.912967221084","9161.914927210217","14552.26759487102","8909.525815756198","Natural"
"pol-1446","Uttar Pradesh","Lucknow","2025-12-27T06:10:25.362Z","18.623463296383136","259.9066678152779","15.711932915204914","5.998549784736548","14.812014034413961","35.64597925913399","29.375439304295288","52.411985905485125","14.879841749304665","174.4524330339339","11.469231733045344","75.80088953039916","1086.2782647443287","4787.486495956215","13907.08985267989","5063.663990916133","Natural"
"pol-1447","Uttarakhand","Dehradun","2025-12-27T05:10:25.362Z","114.46477057423084","4.998422925792722","52.049825966981196","5.06294235271479","31.405474007141333","38.34077991063493","25.48351646862306","31.33317531780798","9.67925379103475","0.5890636573494135","30.066406388728737","82.6707839087044","1708.4615363076387","5980.914071401927","13772.433231205667","3256.374170015811","Natural"
"pol-1448","West Bengal","Kolkata","2025-12-27T04:10:25.362Z","90.94068492025771","119.98886225472874","27.68092984920103","3.017918565710432","39.452628609671976","89.72920361112577","22.06884961703271","36.66477210384747","4.84931453608517","81.59776827682771","19.71002008048133","90.14283397282955","1571.2880395068144","2616.1236952032805","7336.154318827593","9289.700188141403","Industrial"
"pol-1449","Delhi","New Delhi","2025-12-27T03:10:25.362Z","175.35099347464785","131.40439823852228","15.770193237120944","9.535470240617666","17.81824004336809","44.61452882192742","21.30348240729333","39.291900856866945","19.39287388879239","264.98944977351664","13.31510208565322","75.96342481972435","40.99181176564959","4305.60974623065","6763.653921694801","1701.392215644869","Burning"
"pol-1450","Andhra Pradesh","Visakhapatnam","2025-12-27T02:10:25.362Z","134.76496846269407","24.569172922441552","23.57042458308402","6.47340975592474","17.451828649833278","9.456184718698301","29.84692057073445","66.28589229788916","4.054191661247741","59.19992801756021","34.47341009679867","86.32992123935122","1201.7728530179575","8160.996180284843","14739.731478836684","2367.8443517131377","Agricultural"
"pol-1451","Arunachal Pradesh","Itanagar","2025-12-27T01:10:25.362Z","168.0477402876092","294.509293216841","20.330217961447204","2.9332142831666563","7.962764411399087","19.658274754463466","20.500634675143832","52.82430490853912","3.91704090410486","51.21310251277005","28.029023911433228","91.05518370903654","665.5934152572842","9640.769277231735","19371.890069815552","7638.470220326864","Natural"
"pol-1452","Assam","Guwahati","2025-12-27T00:10:25.362Z","193.07789630894987","252.91227609794265","75.04220074144479","8.057403759813289","41.224389772030555","18.04023574563719","23.692105431103272","50.03647771883741","14.901058581737267","135.3983308126969","21.42004275817449","78.12800589179896","487.96553764924465","5147.827663367395","13345.660208720687","6872.258824951991","Vehicular"
"pol-1453","Bihar","Patna","2025-12-26T23:10:25.362Z","81.46420295422405","185.02774253979916","77.48162038228102","4.649687572466231","6.402034363404146","9.289483075330274","36.40948525363665","29.864276589746872","16.404331232478675","168.74489406617926","9.552217903326008","78.96000245196244","1775.4100553830124","6487.332354092643","8000.9261189367935","8114.452289532149","Natural"
"pol-1454","Chhattisgarh","Raipur","2025-12-26T22:10:25.362Z","119.27868552863468","86.61310571725686","78.91725348388854","1.7724996630555045","41.61821723106902","16.89459692163617","39.88491480686751","68.03898388040076","23.2676964145042","244.72576075073624","16.193519021218847","75.74393924321515","1133.425851067017","7186.41105896087","17769.749940507045","5183.3252921911335","Natural"
"pol-1455","Goa","Panaji","2025-12-26T21:10:25.362Z","15.560358180436795","116.62428938010679","54.14343246601648","8.413567048796189","47.036238214369455","95.17319362155278","37.033560673136705","25.88682560667523","0.7278433105268572","332.4731973453267","28.248116658897455","73.63773807895893","1688.0830746086835","8265.480672695912","15586.163811505392","8971.171296450937","Natural"
"pol-1456","Gujarat","Ahmedabad","2025-12-26T20:10:25.362Z","199.27518328226728","280.81784635351625","66.69631826174577","1.536294526160299","0.5339954262180979","0.6142958036170376","22.274226501062778","30.094301821909248","19.0339442144055","187.59516201312766","15.599378982199898","68.43309593302862","58.1600000324396","761.9559043610379","506.7705230823716","5056.6666507814","Vehicular"
"pol-1457","Haryana","Gurugram","2025-12-26T19:10:25.362Z","165.9710924527688","114.988251810504","35.70838762512969","1.8602899125412498","7.382256341318999","22.752301957645095","33.16299866799263","47.15123119129602","15.033116566855256","261.4823080110966","21.076167125126283","82.16571276405003","1516.9752152400847","9163.714393479599","4501.576588235847","6413.031358260194","Burning"
"pol-1458","Himachal Pradesh","Shimla","2025-12-26T18:10:25.362Z","76.56526993459114","32.533378713645774","30.289090606075","4.418565426390641","37.96140808084399","63.401093290873234","31.975635305931664","50.495719445751824","0.8994454159984094","8.260150469927353","8.074392842398442","89.95616212025858","1345.6916111496","4407.127672310938","11900.000383653218","9739.111875269024","Natural"
"pol-1459","Jharkhand","Ranchi","2025-12-26T17:10:25.362Z","63.0275621702657","98.66307735300089","52.877917985996596","9.43584273318545","37.80527363313632","97.99409904591833","36.701515121839535","32.18692946895857","10.092997718859023","186.01163243803572","20.68080397473142","72.01880500825114","599.3508012006996","6715.467638094691","11176.430733609364","1879.8836553936571","Agricultural"
"pol-1460","Karnataka","Bengaluru","2025-12-26T16:10:25.362Z","33.181382816664716","39.55088656803536","21.510750723752903","8.863378476593931","38.50830883824274","81.7381033203456","24.61682435361631","32.21450789009948","23.047226974349186","23.498269780745527","20.656826911839048","77.55184951565252","572.4328467126622","1617.1243725687978","658.0523429028862","3992.036027702245","Industrial"
"pol-1461","Kerala","Thiruvananthapuram","2025-12-26T15:10:25.362Z","89.87728311208933","75.37273756208545","49.95865041489601","6.384223084344334","13.173504170904993","63.666904107063516","32.04963285165456","64.30228962968206","16.93444437218328","290.62116057623297","11.26592171306962","75.95609842400071","16.75338900106049","7248.126244536238","11094.252377616638","104.98485404424885","Vehicular"
"pol-1462","Madhya Pradesh","Bhopal","2025-12-26T14:10:25.362Z","0.9813394605217907","173.9740766556705","14.597257207224796","1.996439134610406","16.116966624480323","58.9266266473259","34.928136737916134","65.61904139851406","3.959126150997372","192.91110807856282","22.528446463782906","89.03012114766537","1238.8153784715596","4851.869666108087","15342.297430130542","1716.087144204298","Agricultural"
"pol-1463","Maharashtra","Mumbai","2025-12-26T13:10:25.362Z","174.3721579519149","83.85465119700913","41.305037282761205","8.56417344123391","45.17969973954315","64.76579241988664","23.99504409644596","36.10830637164831","17.12594403361683","186.79257192051875","8.626446693139565","69.24427597703188","1594.3762631099542","7039.037844443777","16391.97332136063","4819.393593820542","Natural"
"pol-1464","Manipur","Imphal","2025-12-26T12:10:25.362Z","109.25690551577586","176.70869735439467","75.07688366993276","9.809421737790794","33.80302405668914","21.16685445583073","38.31690151284936","54.12802762783192","24.396030872953414","299.3395276438483","29.859538643396526","92.713172570921","490.12491697778836","4851.073299142621","8077.265677860941","2478.9760064839074","Vehicular"
"pol-1465","Meghalaya","Shillong","2025-12-26T11:10:25.362Z","52.36776414876423","222.5854154573047","78.29082013561207","0.11441142110008351","40.129996860814636","32.03124890998755","23.588941405975973","58.83531667185877","13.751650657734027","260.91841888331","19.308689854252535","75.9072438766995","377.2067329653972","5241.86116262506","18142.856232076152","5868.840051202994","Vehicular"
"pol-1466","Mizoram","Aizawl","2025-12-26T10:10:25.362Z","132.85501287139837","192.34400743061886","75.43708828067915","4.316929735876425","48.65355724519767","46.01352078245486","35.73498563395058","42.5474336787191","5.581236131242454","94.21696532877752","29.176796708186046","83.78881310314603","86.29174994741074","2314.5285898846214","5073.413669440876","5652.28634926368","Vehicular"
"pol-1467","Nagaland","Kohima","2025-12-26T09:10:25.362Z","10.810126446537138","11.17407178201123","42.79980200267723","1.66249321226154","25.6535641440575","46.983765044917384","17.696311313663106","63.2304349569329","23.99745610186933","195.0661454095808","18.581821186510833","71.66025396572039","1434.9474952877279","7728.251128744376","18877.66745373544","8104.526492775216","Natural"
"pol-1468","Odisha","Bhubaneswar","2025-12-26T08:10:25.362Z","110.31601410309713","239.7831044024371","66.54318353147039","6.699494025395902","4.775895297114713","3.611655686763704","37.357218148610414","27.505194372415183","2.628475056700813","267.8032393868791","16.859746087144845","76.42068988472953","1983.9369866246939","4057.30992379402","14108.416933228797","882.6992375631493","Agricultural"
"pol-1469","Punjab","Ludhiana","2025-12-26T07:10:25.362Z","85.46880515227582","86.79932259971004","36.27197878286164","0.018213063106458094","46.909073630234865","20.989332818540728","35.13982634716821","74.16564487094524","4.752138540003462","205.919504079508","12.226619713680488","84.88537487041762","1400.4906835024544","3224.594799364191","19780.17060224556","9915.741249763267","Industrial"
"pol-1470","Rajasthan","Jaipur","2025-12-26T06:10:25.362Z","94.98601741872321","10.818177841028565","64.6117139185302","5.337918097508059","25.187421769005375","85.23808858052583","27.363661857925706","52.34825871403949","14.462249066240924","13.662098567815324","15.226593132195674","71.82902809656662","526.2099186351061","2167.2593587892206","16780.542464040198","5693.918400880316","Industrial"
"pol-1471","Sikkim","Gangtok","2025-12-26T05:10:25.362Z","118.04887629926542","61.294572483938126","54.65964279405114","6.472639698620512","16.974293443437688","35.22766386627183","27.14837141211514","41.39276376381369","4.581602849524932","67.28819196651118","21.250300847153415","69.77747582737945","295.6081244918898","7314.876432609464","13785.138027346711","3498.784715208925","Vehicular"
"pol-1472","Tamil Nadu","Chennai","2025-12-26T04:10:25.362Z","157.89706161829912","88.0007287221653","14.404066096208084","2.4995687743201698","6.138372106229056","65.49282039762562","15.812616855606214","64.15648493457704","19.89824605758452","168.9531158454445","8.315900325451329","79.38870172121477","1766.1565703683254","3600.4280235896126","10082.096969034585","8666.732651127068","Natural"
"pol-1473","Telangana","Hyderabad","2025-12-26T03:10:25.362Z","6.437337387431685","31.171730993034107","66.8600727675641","4.603136486891098","32.413321875866735","16.62298838777625","24.634906731741964","20.755718445569773","16.936898431014328","139.65467487414395","21.193493253698342","71.59214365276047","1184.9419146232353","7818.51086643831","9482.64383556983","687.5164172293946","Natural"
"pol-1474","Tripura","Agartala","2025-12-26T02:10:25.362Z","40.80537735502943","97.62567557176926","53.30038534534671","1.142434654792226","38.75689608392342","34.07929772835703","28.214581717555085","21.153779761740722","2.102984767163843","92.87197223397364","27.08918847453277","90.00098592599485","312.90841784703673","1000.9751337041383","18885.70070812266","2707.3185835224367","Vehicular"
"pol-1475","Uttar Pradesh","Lucknow","2025-12-26T01:10:25.362Z","185.26802968328315","246.2999855757039","21.631935837137107","4.835149036736279","39.65247022083408","34.53539650868572","33.53563914572968","60.75268945931317","0.8633903604886306","180.07797130868602","32.23381360977955","80.48846305965478","1072.9441875682369","5257.013387156294","9958.575984860716","5676.359499969731","Natural"
"pol-1476","Uttarakhand","Dehradun","2025-12-26T00:10:25.362Z","20.331134147501384","152.20676955438455","38.15820521683306","8.124590105214507","9.485723946929491","15.49087430838143","29.80111144093717","74.70808694731292","19.937549366436606","226.30785604406","32.59646107126258","84.53846770306146","1813.2866324115523","4229.795512030061","9040.763224694012","3707.469289529796","Natural"
"pol-1477","West Bengal","Kolkata","2025-12-25T23:10:25.362Z","168.75636286189115","275.5732752170112","12.99423297887059","9.56594077351361","11.791386855598013","35.17640897492655","17.552125677090537","59.266028620267925","5.727938030079663","141.3766921612564","25.564007814254573","79.1056962988865","1093.462051636179","488.6769397308799","8351.390274689751","4961.249686921089","Natural"
"pol-1478","Delhi","New Delhi","2025-12-25T22:10:25.362Z","188.15853084389693","64.32733388166301","12.070766711488803","8.333791027044288","21.737645880102143","60.63327564686804","34.325714139115505","76.62368218140797","18.50235333242457","15.417069380585957","31.407602695158314","90.67605605515087","1120.3476071589946","496.9112414124821","3959.9316112926754","9244.101152030547","Industrial"
"pol-1479","Andhra Pradesh","Visakhapatnam","2025-12-25T21:10:25.362Z","199.2155243986867","180.25877940792407","8.198227916050378","6.490183015039572","31.749982509699603","20.951173042993187","27.9461193820145","78.99235839310555","14.184379421980289","154.81757246100824","23.215371801540535","87.2522587406455","44.544497894815294","7163.458571655553","15480.821388494813","2307.1579068464134","Agricultural"
"pol-1480","Arunachal Pradesh","Itanagar","2025-12-25T20:10:25.362Z","51.835627734027725","151.4901441506508","59.29245463342906","5.785706824722264","47.582381294187506","62.977597479545466","22.55620133750261","78.70452176239553","10.407022380601374","291.90372907796655","30.063863285382077","68.24301227772577","1969.8396060823477","5520.174968012285","8352.792954428664","4269.777164753228","Natural"
"pol-1481","Assam","Guwahati","2025-12-25T19:10:25.362Z","27.986749107741392","125.20862262615465","74.62563789575142","3.141773028275041","24.282616519594626","2.719212931753856","24.074502908055024","48.77721165949931","3.3654867142965035","100.25670819563442","19.566380895181716","80.63313744078516","103.63342202421033","4647.190472741289","15523.74760618336","8155.047292677825","Vehicular"
"pol-1482","Bihar","Patna","2025-12-25T18:10:25.362Z","189.67785014844338","228.2050194904978","24.564042078619337","5.865310387603061","36.918284891852586","63.467222287877235","18.35268672204939","40.25621752630804","18.091742638065604","123.52653863065673","33.37963462564385","69.93685278574465","1789.6161650050954","4079.3649430683645","12498.6980540999","4947.472181330161","Natural"
"pol-1483","Chhattisgarh","Raipur","2025-12-25T17:10:25.362Z","66.35101730739137","224.447357229352","62.70742766337281","5.945832135983892","41.8359874140327","99.71173644684191","28.79538459800903","66.38295816034366","19.652980876193244","23.172123502886564","20.516222555511714","82.60891182146196","1949.4509309341188","8215.75220040062","434.6292348430669","8305.142673845332","Burning"
"pol-1484","Goa","Panaji","2025-12-25T16:10:25.362Z","168.58645265789917","187.09529166207577","48.25076269072052","0.3995989982444459","9.584212797376512","14.368724725833005","16.707452055521426","50.59680573903229","12.107658117571429","2.1401439436570646","11.605210192577855","83.06326163313635","567.1063216360486","1725.7875441096737","12600.266134136058","256.28618061937726","Agricultural"
"pol-1485","Gujarat","Ahmedabad","2025-12-25T15:10:25.362Z","2.0697607718035638","24.672774572057953","43.330798437673764","3.811013903352146","42.39349377396866","54.004395974708366","20.78156493931087","37.33826087807397","9.368864293809256","113.50130169190798","32.44979349548617","86.21452935006191","1392.713464553867","469.65712787243484","4117.898615518531","5394.870514946124","Industrial"
"pol-1486","Haryana","Gurugram","2025-12-25T14:10:25.362Z","188.90685447445875","183.3783263880864","35.90258329886703","9.076569164533403","2.3441655918610085","37.628397127181614","27.86080417815122","49.71873047442128","10.26104267156179","11.84077828356974","33.447109679520125","79.34175613364356","1294.7246712622518","5839.633177473911","8456.586491940643","1766.952548570311","Agricultural"
"pol-1487","Himachal Pradesh","Shimla","2025-12-25T13:10:25.362Z","59.21641061695653","225.15292430810672","0.6026977824612967","8.753821093944875","38.35064679574703","98.40860253224733","15.200669994087136","24.38151334731197","21.346939472112393","138.53650786358773","14.593805311379345","74.70567959872517","464.3938140357875","597.952564567088","18608.06675924613","6131.2106166818685","Industrial"
"pol-1488","Jharkhand","Ranchi","2025-12-25T12:10:25.362Z","81.43865312000437","135.71924089924406","0.9083578562908468","5.015474635631314","15.815133865937742","23.783784514554995","19.105692005826626","38.42741666960039","10.924811145661275","52.18595929553787","15.520864386343833","69.74421223414458","1251.7767000220417","5240.406730774747","8749.810251688872","9451.829157194546","Natural"
"pol-1489","Karnataka","Bengaluru","2025-12-25T11:10:25.362Z","78.21499179799983","92.96007714792283","21.241017482818584","0.16470404429098862","28.516621462631246","6.961101105863365","39.895966545887745","72.06556064435853","2.4494805124491648","278.1248407760723","16.60679510038914","72.3706262473171","1544.5141416354982","6183.204532631582","13872.485542444887","7658.502099900386","Natural"
"pol-1490","Kerala","Thiruvananthapuram","2025-12-25T10:10:25.362Z","100.52635694301797","170.3729111424143","56.99787488420077","4.267862850107288","31.25169814694558","65.10559078658618","21.14807972216317","52.47735054619181","3.32056307652592","338.51742201675546","15.780175717704608","82.16448673733646","1913.9768583254581","1606.1438849306487","12234.801421665721","5930.316794181373","Industrial"
"pol-1491","Madhya Pradesh","Bhopal","2025-12-25T09:10:25.362Z","192.40349085687936","21.20070902375121","78.76195074137652","5.3405456281026105","30.80331749004505","28.2042600283232","27.256835980683054","65.48248139422982","3.3629428350028743","35.165121468740864","17.639958239742942","78.83788907384616","297.62138495944333","964.7945435689343","14339.474969914025","7657.907432546151","Vehicular"
"pol-1492","Maharashtra","Mumbai","2025-12-25T08:10:25.362Z","22.637094223829337","196.96500858382902","28.437833183879626","1.5924376722352729","0.6454074040631141","82.08755215837554","26.4321365892758","76.05868079346354","18.3813281129312","306.2005512712451","16.26727284421511","75.45676091535029","347.7886745059593","5673.260311407078","4457.147822079685","6157.9084120467605","Burning"
"pol-1493","Manipur","Imphal","2025-12-25T07:10:25.362Z","117.53846927465258","86.9620607273234","34.04418681943991","4.509322425778622","29.02727978956605","76.15996744603528","16.62898000956694","69.23012645023397","20.485396910637142","158.04242645700234","23.492557824826935","74.91125323958165","1162.7253627658056","6950.677204262556","1585.8028147823222","7832.464678947241","Burning"
"pol-1494","Meghalaya","Shillong","2025-12-25T06:10:25.362Z","72.32849134783544","74.64371799952613","34.88817645321349","0.37861379680925844","44.58202518061392","34.05867223034566","31.89201284517184","39.25976695731412","15.57898198023436","352.14853533421854","25.737397034769238","90.30277346933445","1221.6518876001412","5909.367023164699","18587.7518101824","1105.7147352827967","Agricultural"
"pol-1495","Mizoram","Aizawl","2025-12-25T05:10:25.362Z","53.328256060459964","133.5171993538451","61.25387823797582","4.360154730036896","39.39933707314277","26.460313500557863","15.621749186785383","57.851822743559445","20.265583084187323","26.442412100930824","21.746878194116512","81.26039394291527","1278.0056795604198","961.9223921053077","8683.4474480095","5240.290978095243","Industrial"
"pol-1496","Nagaland","Kohima","2025-12-25T04:10:25.362Z","195.3862547798655","106.21623859479449","49.0291954534451","8.755315141188088","18.746147380167848","9.36239249438211","32.55921971534355","35.843893762957464","16.986296717503176","48.79447945899738","29.439209962835417","84.44696487867903","146.44797312338852","7707.80251830873","8442.023308165411","3099.571725105732","Vehicular"
"pol-1497","Odisha","Bhubaneswar","2025-12-25T03:10:25.362Z","81.0137316914064","213.65323354240547","57.29435113387049","3.777876050669792","43.9998524270696","36.72152624614825","15.100706659851213","72.51846070000839","24.396524266258957","183.739453847424","25.56961696069169","87.80278052496413","1166.0834579500302","9190.107738580562","2600.6634227763393","960.2044641576501","Burning"
"pol-1498","Punjab","Ludhiana","2025-12-25T02:10:25.362Z","149.49975622366816","203.39906846997806","19.901211844693385","3.7350394693181532","35.879443020029626","98.6697060749707","36.52431778896307","54.04385051236216","16.001193004288286","236.4391980859028","22.97352135686139","81.5668426189733","487.31538219081915","3966.6887449606847","19080.770547132593","4636.918417880088","Industrial"
"pol-1499","Rajasthan","Jaipur","2025-12-25T01:10:25.362Z","167.57851672709333","246.55029892681742","28.581670585337832","9.647206487828262","7.302522801774597","63.806262940600874","39.83128893688534","52.63859861171653","15.965306287421374","156.87396716932616","24.083838791595323","68.91517838816166","1378.0660050744627","1024.3063266483744","7545.064173121427","8100.930941448384","Burning"
"pol-1500","Sikkim","Gangtok","2025-12-25T00:10:25.362Z","103.050155223111","136.36491618988944","57.499295760854395","7.1134155873463465","33.45338010813271","94.2264920226498","27.5718814594378","56.46886906820087","15.64260277441969","129.5896157087813","14.11159712477966","74.55760659829869","789.9201720057484","3613.564639457606","19599.922183155857","969.0708367280398","Industrial"
"pol-1501","Tamil Nadu","Chennai","2025-12-24T23:10:25.362Z","15.793783791350657","204.61691208538855","44.62376522011865","8.45911760048562","13.177788424705595","52.01836813944377","26.739372604507512","49.065236745908514","4.732590298626657","346.15195891082584","27.481702509790008","87.74521184882755","1042.9425262155648","1798.6446724031225","19122.733359358903","5761.704168803374","Natural"
"pol-1502","Telangana","Hyderabad","2025-12-24T22:10:25.362Z","147.98089301624802","34.66855614857083","51.35693774279928","8.732620958545763","24.476860530931","96.76147205787201","22.47060264469673","65.69922267541028","21.13473525024206","155.4106827606317","24.156248176635344","91.1159395024336","1924.964582994453","2756.8718833016583","4046.3338377930613","6207.43132110446","Industrial"
"pol-1503","Tripura","Agartala","2025-12-24T21:10:25.362Z","35.928018060130704","53.1766898302927","71.20459498941614","5.942345700064537","48.59656194934078","63.89567455585258","27.803909008047185","68.25276289452326","19.80537027369953","331.5284128007525","11.189276125545803","77.24112312337265","1217.8247960726073","7277.682409302567","1795.6685210481237","6470.288369045454","Natural"
"pol-1504","Uttar Pradesh","Lucknow","2025-12-24T20:10:25.362Z","159.86041183531637","77.61776144346688","76.16480359263774","7.35880731177152","0.9779884216845336","94.87123907324295","37.65815139905453","51.2223454310509","19.983554453507235","86.2775233865144","30.363102704918916","86.94759466207478","248.884038723469","8234.987907552179","7866.209277461638","9671.195323056603","Vehicular"
"pol-1505","Uttarakhand","Dehradun","2025-12-24T19:10:25.362Z","129.83551392539135","122.90602515833774","43.33434373149593","8.724701691826942","2.9566736069260746","55.6273773609884","25.006180466650605","74.06577889144859","10.055082748277366","214.88691690888396","8.587885798854199","90.3702942046875","1651.782886180906","2126.2565808524882","14495.321722390718","718.3664281911995","Agricultural"
"pol-1506","West Bengal","Kolkata","2025-12-24T18:10:25.362Z","159.49117661194364","121.65321122012116","0.04142569490410253","8.514229944490605","25.542280618135532","34.78818304408172","29.22462487923159","28.15380868837132","8.002100171116473","154.9546589076307","26.96904778327394","70.18357300264567","196.23173325023834","7436.923068587766","17587.984235570388","5873.695372719728","Natural"
"pol-1507","Delhi","New Delhi","2025-12-24T17:10:25.362Z","155.69951506385266","177.4329329220757","64.33402962063091","8.209650347948136","47.67100177332391","26.11893262166982","32.83617593304547","54.28224520467132","14.316607743674489","34.71731327067566","32.58508430708384","90.5667168024373","850.4625852441275","1431.7982034005427","8518.238861678505","3714.9169443189858","Industrial"
"pol-1508","Andhra Pradesh","Visakhapatnam","2025-12-24T16:10:25.362Z","83.27241203991937","3.7259140220653575","37.15062239112534","4.991253671197167","34.48760117888102","7.913775623103591","31.384881359852223","24.8342739845176","0.054718615527618586","271.2974668128303","18.609963908213423","68.84379607872594","1942.7832525020997","7691.365616136711","4488.674222542968","7361.822314418022","Natural"
"pol-1509","Arunachal Pradesh","Itanagar","2025-12-24T15:10:25.362Z","41.903848767299976","15.578685122267455","66.06041892339115","0.4311528944570364","49.1994099052685","48.56716899524226","18.1793478838771","69.51726418088066","15.41109061327573","188.0898751134737","31.496966623680667","89.16488145887354","10.331630163304517","5593.7749498692565","4970.405537258917","3159.804197668492","Vehicular"
"pol-1510","Assam","Guwahati","2025-12-24T14:10:25.362Z","122.79734283224717","220.0375600212711","53.42385694869327","0.1393605192519043","27.94862534309833","12.658787846395004","21.461460542441387","56.27396497938518","12.379629465882115","154.15588439189432","34.576624191463296","76.26820185641327","880.5165394119246","8088.995436806585","10878.78865071425","2224.5662879008323","Agricultural"
"pol-1511","Bihar","Patna","2025-12-24T13:10:25.362Z","144.68964562815938","54.24447062065656","37.957210414941194","5.124672464925714","44.47205164250205","37.76166439962411","30.006272365948604","64.0599657788816","4.8250092301133005","305.37871170547606","15.97310584670061","72.89596237531703","1837.2449818345194","8306.61846146507","17960.529209324213","4331.930122114994","Natural"
"pol-1512","Chhattisgarh","Raipur","2025-12-24T12:10:25.362Z","15.433255847424011","272.13178426650666","27.242817793532357","3.8079820644080566","44.1224703410916","80.53203421629347","35.40740299374985","43.62806885500592","5.597429188939457","162.7746976778664","34.931438937302126","72.65769293495967","1662.598584333099","3592.1957682909024","9080.41725734148","1328.4147053324148","Industrial"
"pol-1513","Goa","Panaji","2025-12-24T11:10:25.362Z","107.44533261984066","293.8239722939107","0.9310192137785211","1.5245007314517556","19.28911356295376","78.10067479813955","31.217695314711765","50.58847889755014","9.289698131713694","171.39914756489736","32.17602245754283","72.90575273015152","1512.1484660642361","5442.832764018996","9442.570946073945","5548.933299544492","Natural"
"pol-1514","Gujarat","Ahmedabad","2025-12-24T10:10:25.362Z","151.88781346766868","57.71224917068224","10.365474695970862","9.81837982068476","22.01619410089659","32.66057811109956","34.1251109255458","43.97434847775757","14.638080674131151","52.39495582929947","25.563918307596516","84.73846065683517","294.40762743853924","7714.3618320716505","4692.021419798555","4115.227372810696","Burning"
"pol-1515","Haryana","Gurugram","2025-12-24T09:10:25.362Z","33.44944046024558","188.54715768564571","36.425743083849525","8.088296780407155","25.706191105382636","5.326588676897426","22.64820798123901","59.30490132262075","18.153699120941912","27.11069604716297","28.198200991734655","77.2864098351965","1540.8554439832658","2517.8416035898067","16659.62016225273","562.2392606953119","Industrial"
"pol-1516","Himachal Pradesh","Shimla","2025-12-24T08:10:25.362Z","41.76488922094106","181.72725850034448","1.8282258413581776","8.929485798338845","35.640130733763584","23.77907535959475","25.165148389621194","48.20238431553581","7.164597402156875","192.30395111330822","22.867936570945258","79.70566871377092","577.4563755692081","7882.876360144932","14576.228213863567","9377.987388460402","Natural"
"pol-1517","Jharkhand","Ranchi","2025-12-24T07:10:25.362Z","186.05194317644313","98.51898115538184","39.18063314911082","5.847078167703671","18.055455480037647","75.53851597521437","25.315075217018588","75.1310256049838","19.363730456777574","240.77167602996656","13.779331218224728","81.5231234828692","306.8421610094998","9240.523351988591","5200.845019057203","2508.3477545458663","Vehicular"
"pol-1518","Karnataka","Bengaluru","2025-12-24T06:10:25.362Z","104.33060828507396","118.92986655014046","73.16986809642879","9.238170878242396","43.73814546070773","84.49608520061109","16.74252881008174","54.15681581234045","23.651360559346333","47.02181747465066","31.06763636435666","81.30672771065251","1650.5822856454542","1717.921350960241","9683.76357818382","8350.62199420143","Industrial"
"pol-1519","Kerala","Thiruvananthapuram","2025-12-24T05:10:25.362Z","61.53739785005157","129.03943387030893","28.334666216225884","2.6507992147836634","8.627863111551132","4.6331985176952255","37.90641156507719","63.28870911751605","16.041110765948037","133.47467820919618","27.91051782365509","76.91614105688764","218.1273124658991","8045.046228433806","13732.206800598256","443.05156243540813","Agricultural"
"pol-1520","Madhya Pradesh","Bhopal","2025-12-24T04:10:25.362Z","177.10819218320387","42.60068291551291","12.310231988192992","4.50158930476933","49.17331150602476","11.584513767757375","33.034201836535715","47.95605585380087","5.509863732006048","290.4360861612508","35.24228360974422","79.24417926562154","1568.7970050879042","1354.369311614314","3060.739141070128","3070.923770357503","Industrial"
"pol-1521","Maharashtra","Mumbai","2025-12-24T03:10:25.362Z","37.681816364033914","144.4650458219053","53.86499224078494","1.39102920020985","45.407038525277144","34.88822693747258","28.870805258331334","63.90474241430317","0.6393674094722052","172.19094404325077","31.029386233411028","71.57473232696265","750.7179250736656","4289.351468518902","19495.084768219225","684.7053263622715","Agricultural"
"pol-1522","Manipur","Imphal","2025-12-24T02:10:25.362Z","146.0548678533409","99.34231957980579","32.30043954825398","5.058788388826451","32.239445836378","38.71468605138626","15.730854381369305","26.650739508559987","24.746873328519875","242.53804939174705","10.17621796968748","92.56109520421144","1374.6374171740565","854.5274970394934","6049.146293593078","3735.428192111376","Industrial"
"pol-1523","Meghalaya","Shillong","2025-12-24T01:10:25.362Z","197.29952313948496","10.287471918244362","54.62606531086571","8.066300412370554","18.287031493688875","4.935020278186442","32.48157446257825","29.131356219284857","6.683169881724058","101.72616437632196","14.03863653368527","70.58881522664089","1936.0785749596882","1794.1101676194205","14558.980648747061","8769.409824486702","Industrial"
"pol-1524","Mizoram","Aizawl","2025-12-24T00:10:25.362Z","49.44334772580034","219.77146165451694","66.2238988830051","8.177355113616194","1.3483163321504343","74.64633456124152","31.368442537634266","31.74389608332462","5.556904313209491","104.41214413114307","18.679489196298533","83.83529900514661","987.6106366599482","2758.9935919698473","10688.549882299418","6410.970231216189","Natural"
"pol-1525","Nagaland","Kohima","2025-12-23T23:10:25.362Z","38.2937555133934","88.75986666119795","41.572652097895585","0.18506316726001337","12.294091360800131","48.718443674663995","22.298369066646206","28.481833012612995","20.66649791901075","327.86347605007006","33.713365349088434","75.94555849191417","27.505067869671997","6450.535156546457","18706.573154015703","425.8838256551778","Vehicular"
"pol-1526","Odisha","Bhubaneswar","2025-12-23T22:10:25.362Z","64.65437309955044","267.865716324109","68.31151691362349","7.073695944028293","42.572832077324954","49.922626530513746","17.94508493546273","48.615780860983904","24.393169050317898","359.45757151446213","21.253712452083203","88.26924678758525","51.5844083886079","2845.6316617244747","17877.253219261886","8168.733406723252","Vehicular"
"pol-1527","Punjab","Ludhiana","2025-12-23T21:10:25.362Z","179.6527326455975","104.02963108489797","61.06932216944037","5.738974028554479","46.46856203719037","98.81344000273727","21.280552718274965","35.225591652172625","5.39039901102499","300.98620350039715","34.34609392062198","84.2610190833806","1975.2720070676958","2390.490876864172","10834.291523268092","4355.75113678672","Industrial"
"pol-1528","Rajasthan","Jaipur","2025-12-23T20:10:25.362Z","37.44689534413732","68.77559313890865","16.451943893352645","3.183255901829475","45.058377508896456","4.0769635392190136","20.455304996261145","58.61793211492212","8.626293532018131","201.63522158298588","14.820157277038945","86.30963358094962","1604.7533003073017","5199.308890456612","18809.97345887282","9424.369886855473","Natural"
"pol-1529","Sikkim","Gangtok","2025-12-23T19:10:25.362Z","187.95067960498972","254.33174556580997","8.002756271684355","4.035436253864417","49.24438261541199","1.0118077385741775","37.042856235233856","23.557572924990904","23.512459492010727","264.8356162119467","21.24400275064196","84.15361835097318","108.78536720317067","8038.3999422816","2425.052197004007","2964.853064464047","Burning"
"pol-1530","Tamil Nadu","Chennai","2025-12-23T18:10:25.362Z","14.351175344528722","293.9738213396966","13.355910861844071","1.0783349433114642","17.67348446002067","80.47518231361653","36.125542893258114","51.59731992009847","6.0958044568111935","137.66052943672042","30.425523700741437","86.79068537128518","1877.3925336273792","5108.791948980861","15540.744696513779","1337.2189651943022","Agricultural"
"pol-1531","Telangana","Hyderabad","2025-12-23T17:10:25.362Z","172.3348400499082","5.1146778305033225","3.5158921513042873","2.2179515921136383","1.6807059513346823","36.58191497981515","38.20888761970569","48.57544789174102","24.373831010096485","175.35046494072688","27.6484950660057","85.76937195738908","307.45502834196236","1399.3755474153002","8845.068241871113","9220.97964535691","Natural"
"pol-1532","Tripura","Agartala","2025-12-23T16:10:25.362Z","51.101524336488204","119.33438820101921","26.826601407337847","2.005356831303194","2.069787194454947","93.4768807151107","32.20479671932294","56.90055461658786","15.310715412772522","124.52609705702255","35.62890502837541","92.04485067378809","1483.1460139434007","9769.384049417198","756.1664902200005","7323.700431290013","Burning"
"pol-1533","Uttar Pradesh","Lucknow","2025-12-23T15:10:25.362Z","133.06596929868425","45.55067987412055","27.88328063905645","8.177307988747183","4.608345789092338","34.352149037380975","21.758094295996123","22.127396439597447","16.63287251384644","183.62759688933752","18.853485404700002","69.24924109604167","542.717542184894","1151.9636530906419","1099.0650019594827","8290.153688857496","Burning"
"pol-1534","Uttarakhand","Dehradun","2025-12-23T14:10:25.362Z","109.2049528555836","281.87897085326716","49.46082381576911","1.3268992876060726","6.857005427236218","76.79717850585871","25.40126515726366","66.9236400645066","20.65754413880542","298.60126494208964","21.92194861847517","80.48955481169727","930.1437228111002","5006.629857250992","11650.148518322163","8329.302378531038","Natural"
"pol-1535","West Bengal","Kolkata","2025-12-23T13:10:25.362Z","97.2207454049394","238.26502191056207","18.51138995433797","4.274332511508446","19.409142101272764","70.46737961030226","17.68603221898935","74.25595369300773","17.42763864475763","291.5953801964508","35.202742016240386","79.57512919799089","1027.1427719039934","8152.600840021527","15605.615401114654","6837.725304064615","Natural"
"pol-1536","Delhi","New Delhi","2025-12-23T12:10:25.362Z","6.125828707275605","125.53674617977315","17.9762009628573","2.6571876107470405","32.004933773576035","27.497040168379282","25.92232555781805","59.928815088911534","22.047066027570423","88.46105516452258","22.07432213109032","81.69812259968444","347.6967449371935","8958.599967486358","16434.127404573366","5242.923613328333","Natural"
"pol-1537","Andhra Pradesh","Visakhapatnam","2025-12-23T11:10:25.362Z","160.46057517340253","165.17822600339792","72.90190524514682","3.3343612822928073","14.029048854573977","49.31581636203588","37.687743544607","60.954486107621264","20.59763990697777","173.64415005922874","16.076812315150512","73.67673284673444","117.36425448722288","5772.06322726176","5674.627461834145","4316.460818989855","Vehicular"
"pol-1538","Arunachal Pradesh","Itanagar","2025-12-23T10:10:25.362Z","128.89584143461877","68.79279445921465","53.696841815735034","6.717109376794631","3.26567923983509","1.4474316940121135","29.69914732910877","27.16191574721102","13.357377055309557","235.73976632683915","11.856386734696887","74.39454588214247","864.9068330252236","9783.788832078362","11826.89677332913","5403.2396447812425","Natural"
"pol-1539","Assam","Guwahati","2025-12-23T09:10:25.362Z","139.52563403417855","257.9458387862535","34.621436345823334","1.5561938863970515","38.09235072617776","69.02403805835453","33.5088830147009","43.76859320911983","22.519416368956648","343.3606721215481","35.26746339147363","74.40230124764933","1255.3995034579566","9564.133196363562","1910.432011404435","3339.955722113962","Burning"
"pol-1540","Bihar","Patna","2025-12-23T08:10:25.362Z","54.52221262919756","63.64082396759887","3.039578299135419","3.899014072504606","40.28076203776848","23.26618893372362","29.226605045939674","68.58979829971956","6.520023908551975","254.37625075076363","12.163339888472184","68.9979070015124","1812.584396585777","4800.097582982261","12961.187502084173","4283.610904024991","Natural"
"pol-1541","Chhattisgarh","Raipur","2025-12-23T07:10:25.362Z","156.25318644371146","104.03673923677734","78.59086829219146","5.509262190741521","14.85906379607272","42.42175116841139","25.953509831503336","24.180142522672625","11.46399159639511","256.10340174148865","30.315944726741044","73.39967742679465","909.5110673526052","3387.3043842151883","16404.986556728512","2223.608188063992","Agricultural"
"pol-1542","Goa","Panaji","2025-12-23T06:10:25.362Z","187.57700468769173","217.9005562930057","13.685520959031301","9.174222764673523","28.995748971194864","13.753303910790715","22.52931241730888","37.87797347510657","3.0810218347641802","22.550308070283172","13.979641410722863","77.30083729880052","198.32231168091562","4499.545511547055","16959.2797648951","8327.83156442747","Natural"
"pol-1543","Gujarat","Ahmedabad","2025-12-23T05:10:25.362Z","167.5849489643478","1.5255887997109863","2.195455889970024","9.162904235248714","45.314449223610396","77.38163207391655","24.658066712685912","36.778433469861675","21.44983402645225","115.84167843445172","9.572284274683772","90.45920211368315","1807.558492069784","733.9737533115353","18154.181809623416","4277.5095641982825","Industrial"
"pol-1544","Haryana","Gurugram","2025-12-23T04:10:25.362Z","125.99474792941554","60.373276112608806","64.94173309100712","3.7333676374572144","25.531320716448125","17.315315888979377","17.309133494706053","79.2713812912852","24.002071674068585","305.5308205933076","17.776034268099295","92.50813338112414","805.9387621916622","3988.22662376242","15271.30547477062","1596.2013857774148","Industrial"
"pol-1545","Himachal Pradesh","Shimla","2025-12-23T03:10:25.362Z","197.6878717371198","275.13598834234375","76.12960838242086","6.644143305058349","28.483354190743114","57.92704129055429","39.55727225153205","68.91660000646183","21.70117526524129","282.2736267180827","18.169862171349997","73.10593354549096","1418.1225683733308","6328.425855350804","1502.6285987244003","4942.5826418535","Burning"
"pol-1546","Jharkhand","Ranchi","2025-12-23T02:10:25.362Z","113.16365167873084","149.29752905319944","35.98596082863906","9.425996548724807","37.646924024176215","90.44375977982556","15.181395846559868","56.89145068544311","23.991821364280945","111.7970455373552","18.665097519887613","77.6412972459552","1503.1872400530758","5141.624631687869","16293.742460247051","6182.600021295821","Natural"
"pol-1547","Karnataka","Bengaluru","2025-12-23T01:10:25.362Z","99.27179744980239","247.85251858272267","54.20005116592349","2.6084257351944116","18.39604172036037","33.19257805422693","19.334481973649368","51.421876048817936","24.004476003756192","43.53054859080515","23.352990808852276","76.66181995525366","176.67227079634418","9583.635030220086","18379.680938394635","3440.0304120147553","Vehicular"
"pol-1548","Kerala","Thiruvananthapuram","2025-12-23T00:10:25.362Z","199.52385513569223","59.69121946755532","0.2548866994669563","6.9012750671602685","4.589041881658784","44.2951085244646","28.0287450187062","51.742955772435316","5.153732970961497","129.3972693168691","26.142039992807305","70.6947559968635","1.71864266177435","930.3317093698871","11798.7191812593","4897.3762888988185","Natural"
"pol-1549","Madhya Pradesh","Bhopal","2025-12-22T23:10:25.362Z","179.78175987676505","152.35266139043404","10.649295069021214","5.193718555753502","14.003581863543623","77.84948402807517","30.792696241900437","35.064573373191024","16.841217731280175","117.12184726737648","21.25838901120116","71.01693937381111","1677.6749054615213","9876.110875143757","12582.496320532247","2958.8301128222083","Agricultural"
"pol-1550","Maharashtra","Mumbai","2025-12-22T22:10:25.362Z","3.422105751291782","296.1729615348563","2.070426540818797","8.985178340797725","44.50873004978984","38.55770094522926","38.65104349246002","65.25115585538734","19.75242201455875","56.41510020942336","20.456881309624393","70.4796752285986","1339.6353834291513","3386.726735110306","4847.651278385172","1510.3843636660451","Industrial"
"pol-1551","Manipur","Imphal","2025-12-22T21:10:25.362Z","163.20148835467958","136.9089636147439","35.748739819004356","5.887246453903879","14.474231601862009","44.90555224182574","20.566062276351502","78.75541222207113","9.335983891940487","283.04226751456383","22.94909339895139","78.82427525634486","1200.1607888175413","7005.90137708284","18532.904484256196","3846.260119875926","Natural"
"pol-1552","Meghalaya","Shillong","2025-12-22T20:10:25.362Z","194.00469796313277","108.89654726990923","34.97160812176763","9.062300720229233","47.98720745346057","35.125418206571","21.366670578674444","39.957524148816674","14.182324669528334","99.26868597685524","13.699425288608651","73.00391086204623","166.4385844791485","8439.647117534525","6151.3197792944175","500.3196437307711","Vehicular"
"pol-1553","Mizoram","Aizawl","2025-12-22T19:10:25.362Z","102.44992088079208","4.740542767532963","26.657555862816533","8.606169080996755","13.503520243336464","56.921498376673085","39.215043297270014","31.597667930387523","20.762344088250956","341.2090953363318","11.036189809102156","81.23390472027658","113.3813087307547","6475.802823876396","10931.129377925496","56.72795960854016","Natural"
"pol-1554","Nagaland","Kohima","2025-12-22T18:10:25.362Z","48.49667395517403","148.8319931278832","54.69152979229368","6.480950741516992","8.287347397058614","0.8474170038942908","37.36028972765972","29.433736775733948","18.429227430158342","74.64314607194856","16.07829347263675","76.50462636198239","809.0436830704173","215.35021767746244","4891.587219610234","2698.379699519372","Burning"
"pol-1555","Odisha","Bhubaneswar","2025-12-22T17:10:25.362Z","145.89965613542142","132.54742843267974","73.35579560752542","6.549967054661915","23.185913028507716","72.3425169624679","21.180118689908735","49.08190895694932","3.350448916831736","75.01956544962526","13.931635061929523","83.3888219903599","1375.790231169111","6474.716126918377","3364.5814805124296","2291.301849325493","Burning"
"pol-1556","Punjab","Ludhiana","2025-12-22T16:10:25.362Z","145.2086590820535","115.25166517664927","39.51902248003647","6.161995519097054","32.73574996694193","2.1868461617436274","22.58937379235521","71.13718104271251","0.39213755462760014","341.2525953433019","13.257730072714399","80.41059440891128","1100.636663259929","9941.027093782413","10443.863682055153","740.7099229234738","Agricultural"
"pol-1557","Rajasthan","Jaipur","2025-12-22T15:10:25.362Z","27.238612144671958","52.93062997577175","53.64928604573326","6.997146777111313","44.005686647539044","23.397984130226657","36.97675693776004","28.905593539839387","16.47255099678033","300.5762324401254","18.678255571451096","72.50228561604564","1840.90622995282","5202.62013933102","2836.586364942881","5752.63733212214","Natural"
"pol-1558","Sikkim","Gangtok","2025-12-22T14:10:25.362Z","130.01982381901215","52.54918695109857","31.123634449007387","5.471691280513101","14.389841972468636","55.10418188979793","16.915630010870498","66.27916625650722","3.632794269466916","130.26193194532848","13.051191148755343","73.13774634390904","1574.9507591149966","300.0476318561873","1474.1415281871984","5152.764967143535","Burning"
"pol-1559","Tamil Nadu","Chennai","2025-12-22T13:10:25.362Z","30.270341297416458","16.70002054128433","66.44568647739563","0.05781917318685492","36.06423409097277","17.43273347480955","18.13269753941075","50.44359985919046","11.91685469889429","33.01695776095901","17.461972725167477","76.77583204655703","958.6171143858455","2620.175919785137","9932.677067259177","5352.075923931891","Industrial"
"pol-1560","Telangana","Hyderabad","2025-12-22T12:10:25.362Z","51.995871816484815","186.6495416036713","76.85951617507197","3.637585684447593","41.37899460184402","21.267387350157286","17.563772959429254","62.06794977499583","7.326086415193073","36.95704209154084","34.46530167552969","85.55248491133653","1147.844217049439","9909.152553829512","7681.362708881831","1188.0102463028907","Burning"
"pol-1561","Tripura","Agartala","2025-12-22T11:10:25.362Z","26.567405492881324","76.9203686066866","20.687497907968222","5.7501690864568324","32.67766028461039","76.33364420962755","37.19434729825668","30.839474422619208","16.2241335183245","262.7669514957583","13.100091831565157","84.31017298419636","1736.7326376351318","7565.735216302505","7701.624630016306","5072.842702951472","Natural"
"pol-1562","Uttar Pradesh","Lucknow","2025-12-22T10:10:25.362Z","47.094795130693655","22.73742089842915","11.833170177858294","6.4052196708097275","9.219713668730451","9.105485179406415","18.672000589692576","33.11583609937868","21.476825027789793","272.43806801518406","14.548994544148574","80.31068582515398","1280.721800635224","9482.695661042666","18724.625423570786","89.69543213045772","Natural"
"pol-1563","Uttarakhand","Dehradun","2025-12-22T09:10:25.362Z","88.64647214165726","105.0309776692188","21.93430381711093","9.750536592090427","2.3076927140188666","18.64453003924168","28.488910675332207","29.262273030884987","0.4438889543537966","39.13243613279516","24.196069879785654","73.56336688969314","893.1688484183795","1638.4161381270612","1094.1520880195842","7890.728665827648","Burning"
"pol-1564","West Bengal","Kolkata","2025-12-22T08:10:25.362Z","118.84633454054756","272.48130258516744","69.86874162360951","7.639717699451828","46.236747102075135","34.88921753182874","19.647308126078045","73.16113365413952","18.13310381928506","108.95551667441417","24.763757748865473","83.40529110334826","1254.849348550529","8212.201229268856","1028.2233771731653","7811.929716562197","Burning"
"pol-1565","Delhi","New Delhi","2025-12-22T07:10:25.362Z","44.00158485064354","201.08988365041952","35.172061986570796","0.1867666855543293","6.622060733527086","96.49282369833439","39.839177475259056","71.46213388145912","19.347420431859927","169.55876212074742","16.858088591593482","83.29894296916797","170.72361491644727","1999.2942828424243","1927.1707083889323","9601.79097980936","Vehicular"
"pol-1566","Andhra Pradesh","Visakhapatnam","2025-12-22T06:10:25.362Z","145.09403514481764","34.39877268317028","56.712905981496704","0.16237923879471539","48.62455246692413","72.26304067097627","16.242073122042598","29.363501001293194","5.852963392858373","113.01941704641105","17.518800893425407","73.90432466404405","313.4055698074518","4715.66507095673","13286.944977875046","4433.797298537276","Vehicular"
"pol-1567","Arunachal Pradesh","Itanagar","2025-12-22T05:10:25.362Z","193.70177463745313","2.0176041717909543","50.326847107306776","2.4074275868861674","20.337525974998638","32.21354670970199","37.53179077206774","75.88564582073045","10.250510685588306","90.42513713296125","31.660414905784346","78.83660133982073","1812.127754627993","1645.9573008230577","11022.959286976757","3673.5212580699085","Industrial"
"pol-1568","Assam","Guwahati","2025-12-22T04:10:25.362Z","158.4161251492027","114.44073792734198","39.74428267969283","0.3333473718184088","12.35604085732191","29.93436353697466","30.960844466662778","69.58766683757332","1.8886108527983114","104.78502185569175","34.64224218459006","69.90671526348308","1393.5498432815261","1427.7512920026047","9291.044946291766","5111.024153740651","Natural"
"pol-1569","Bihar","Patna","2025-12-22T03:10:25.362Z","77.60738339465436","107.15860448424817","28.14062468445428","6.2433148674523835","17.296696762046178","31.725360098887002","22.53555696016108","35.072671041943565","4.496810643233648","131.79150135157983","32.43327558274285","86.43175399364601","1484.8881732132595","1079.0783156206708","872.4821837728691","9315.72913511915","Industrial"
"pol-1570","Chhattisgarh","Raipur","2025-12-22T02:10:25.362Z","97.93952607297014","201.62374375947664","42.379364042501","0.4030799040269617","4.560454815757464","84.52034167520335","20.886119613063492","61.8163255791841","22.018788584012565","210.4512413862186","22.770307121068093","84.26672165017568","627.1226846362168","9017.37721350538","12621.290492422751","5812.946757554707","Natural"
"pol-1571","Goa","Panaji","2025-12-22T01:10:25.362Z","114.55191794194334","95.90364950721482","8.616687184613587","8.509920761692532","24.317680249041274","36.13655856510689","33.22830739501035","26.860847255848864","10.84032221205116","74.96817554884878","35.42431249244886","68.28003631820926","1605.3484085910934","9435.295048521959","18044.341159674786","4756.8589249188235","Natural"
"pol-1572","Gujarat","Ahmedabad","2025-12-22T00:10:25.362Z","155.21376824778216","118.03575678268338","10.541253306398808","8.45527427064149","40.72972590368506","23.67613596878233","38.55422939125909","42.90735753704573","15.32986495360918","45.060614098028424","10.265307215382629","89.85295737386427","359.77443777262596","2744.463719337159","6699.685440241343","5773.532968850908","Industrial"
"pol-1573","Haryana","Gurugram","2025-12-21T23:10:25.362Z","172.1681968058695","194.52041419330257","14.430097474260641","4.516398965234503","27.430133591403873","30.616506348880858","17.635683584767122","29.45062478881355","8.221104096138788","179.24349436790465","10.007062431665934","83.61173754104226","1122.8911860734786","7145.3569501279","10607.828214751844","2192.9221287570845","Agricultural"
"pol-1574","Himachal Pradesh","Shimla","2025-12-21T22:10:25.362Z","135.78476718302142","186.3538111191691","57.869233192018086","6.019049287633412","3.361159753377796","45.40014921642307","24.071778684932653","74.64179743754111","19.00074849351146","334.950995662502","31.602472057676106","88.37827988465853","1326.6150214946226","7729.769706480795","2391.9653373240644","742.0197210252321","Burning"
"pol-1575","Jharkhand","Ranchi","2025-12-21T21:10:25.362Z","139.83513265612677","197.75764150288214","45.581539418376906","8.660211574314038","20.275101903073217","39.69646489636223","22.880494317778105","68.77712747043081","21.815367415912267","16.047764424998434","29.933313300677796","69.42529934013875","835.8115898594043","5505.178204846214","7639.600636012143","9121.510922995825","Burning"
"pol-1576","Karnataka","Bengaluru","2025-12-21T20:10:25.362Z","128.0367156425671","30.90054703931411","74.93792151706705","5.883723789304187","25.53483145482925","43.3817320999344","36.737276623805464","76.4475509954434","6.574728071508712","341.97726611552304","9.139123223411863","89.8764580773423","1876.3799419800791","2859.5377834636206","7109.518033355597","4431.025834580779","Industrial"
"pol-1577","Kerala","Thiruvananthapuram","2025-12-21T19:10:25.362Z","76.16408846323861","294.37901641800175","26.02163540452193","0.003238506677881725","37.23202306578845","73.09205516612347","19.66271191704328","73.70875606114194","14.08278601904428","273.9718916766027","12.69910220821105","71.44610091094881","1942.4884294282888","3748.2500946218242","18782.38788977711","6407.899910530091","Industrial"
"pol-1578","Madhya Pradesh","Bhopal","2025-12-21T18:10:25.362Z","111.37229373622877","112.44780345947841","68.26647724700771","4.645218833101462","2.324112893137953","66.16648526532012","32.815355954353095","66.78285237440599","10.404554485102496","236.3444558547442","14.37917212066603","78.35378486567888","227.62279078612457","3365.527526703609","16389.978759014124","8676.81993865861","Vehicular"
"pol-1579","Maharashtra","Mumbai","2025-12-21T17:10:25.362Z","184.71580865094273","213.83347933810552","41.13333442606709","7.5764059459635105","35.506966910108915","59.639536911085536","17.83581670939875","47.271871528072346","9.597572648779721","305.71178252360863","8.046412418811991","85.64984264373591","184.6152126893321","6768.498133761012","5021.059749256862","9134.484723785943","Vehicular"
"pol-1580","Manipur","Imphal","2025-12-21T16:10:25.362Z","47.708236631788246","189.31850379517516","19.465541013341667","0.4962284113071036","23.80568782026905","62.68472450081887","31.688915100823216","28.585990070304096","0.0430716497955258","283.2256107251301","25.32533340460892","91.1278736870853","467.1118076703724","8047.332171350573","2896.9324855985647","3616.6167096704194","Burning"
"pol-1581","Meghalaya","Shillong","2025-12-21T15:10:25.362Z","159.8977411155928","76.83313496143408","19.218700235513843","1.8580022983626532","45.2909054710332","42.0694371861233","36.20828460372657","40.848244113830916","14.71920487173908","139.64421951971093","31.223778814442955","81.07641586935084","931.2303621597249","7011.40669004134","1765.80095361079","1237.1852455385945","Burning"
"pol-1582","Mizoram","Aizawl","2025-12-21T14:10:25.362Z","61.130577809091925","81.22650246171315","5.664886657661139","6.0183737950409295","49.68725793182416","47.69028305488071","22.540373465168734","68.94010846309854","20.270256184816038","32.318855099362366","26.253223621134055","82.16384901199275","876.6318616173712","2770.0337383060914","4358.750750117977","5593.838623357318","Industrial"
"pol-1583","Nagaland","Kohima","2025-12-21T13:10:25.362Z","98.0589868602729","185.8457348638881","29.232118296238312","7.146998681194253","1.213362387628386","32.84096733303926","23.981314083734844","70.80190834306906","15.04614675879801","154.88622068448123","27.30800000184148","92.21272442826613","509.67957665713845","455.97997550587024","15269.539402956647","9828.464108673808","Natural"
"pol-1584","Odisha","Bhubaneswar","2025-12-21T12:10:25.362Z","23.77200271639881","66.99386764963101","46.992688015899574","7.095740252658284","38.802398935124224","42.12589388820924","34.09331066223365","57.21771162772981","18.117552695642896","188.06540837629734","20.803256104040095","75.88748067345361","683.447960524455","3581.7387559743975","8075.679293339213","7982.2084276272135","Industrial"
"pol-1585","Punjab","Ludhiana","2025-12-21T11:10:25.362Z","116.60115569378628","71.04505993664365","59.85339046114974","6.511562611725116","14.580479531979474","79.33173287273519","27.950790762280135","47.65760605572257","3.457015589725226","266.7413599877042","28.19975205943812","82.41153780623063","369.136050677922","7831.639874187225","19886.870725895467","1478.144001515058","Vehicular"
"pol-1586","Rajasthan","Jaipur","2025-12-21T10:10:25.362Z","63.21858889562204","119.05960593363334","76.57753826575112","3.7613317980312475","24.211906984312435","12.495100669891778","21.854670252381993","79.58007290257004","16.69878979457837","111.3592943234606","11.386175524716974","80.01972209335409","986.9909009035647","9939.007766944238","7622.7834765981825","5119.052081900397","Burning"
"pol-1587","Sikkim","Gangtok","2025-12-21T09:10:25.362Z","167.23509561205728","112.32383839314208","7.516455138281719","4.418771524993147","30.874694720867318","30.679692249969847","27.466675724476545","70.11087702215687","20.922802387677812","356.44996040954186","33.61340740316389","79.42819548929846","1692.8273831377458","9572.033199171656","17114.666080002437","133.59349520216114","Agricultural"
"pol-1588","Tamil Nadu","Chennai","2025-12-21T08:10:25.362Z","106.98179960953402","20.84510344198658","20.703461427197514","2.5147389624527197","35.32734386972668","7.600973210659645","21.517201330219272","31.06793908249139","14.912705358785308","283.2954150390383","12.227169647940142","69.59277560977294","23.734307030949253","3172.6155872675645","2183.5250947152263","5702.787976606046","Industrial"
"pol-1589","Telangana","Hyderabad","2025-12-21T07:10:25.362Z","12.2303166487856","172.2974016654809","36.65503435036693","3.262107904204065","39.93890829750459","61.880982737130886","34.6401431296727","48.377156971456046","8.297427522365913","3.418674797819592","30.538131937334185","75.41347093173898","1867.4741304104016","7820.184365584658","2523.9566817783234","6567.535624022858","Burning"
"pol-1590","Tripura","Agartala","2025-12-21T06:10:25.362Z","7.7672191035718985","148.0928400385894","54.362239603636596","5.959963104599318","2.9765895945931042","42.53901440167884","33.07471499338346","41.12418358441977","13.764977779318535","300.78299253311377","14.438300480728826","72.81232961732462","1438.648163123596","1353.373922334774","10894.125989650587","9859.210867358026","Natural"
"pol-1591","Uttar Pradesh","Lucknow","2025-12-21T05:10:25.362Z","21.852415738026053","28.89729044661209","11.45129233523039","1.3127757138706397","27.812704852853315","8.130508272276005","35.28977436658678","48.42585464445126","5.500699785614382","334.0894400556326","33.52229152157256","73.83782292506086","1143.2307361708974","644.6907264929225","8822.479082658365","702.9225569198094","Industrial"
"pol-1592","Uttarakhand","Dehradun","2025-12-21T04:10:25.362Z","1.1424421406869945","269.1221965012053","14.267927760943806","4.551303594162778","25.99883512066799","62.23805615637226","30.47524883537051","31.77629576988452","9.012662904335695","27.832893734246888","27.394144025165154","69.91181734848661","1344.2514816189243","4086.549355935113","13315.226753544808","2300.630747553274","Agricultural"
"pol-1593","West Bengal","Kolkata","2025-12-21T03:10:25.362Z","164.82251364138244","247.45421565356597","15.116900862579072","5.539166557560159","32.06332150693826","54.099815519613394","35.8317723337084","44.63122508617701","1.4512384780566379","257.79757742393014","27.710826195324138","72.34757084851306","502.52691657731674","9625.055932760468","12500.210199953939","949.9970883171737","Agricultural"
"pol-1594","Delhi","New Delhi","2025-12-21T02:10:25.362Z","191.5355221533694","75.52675761881589","26.48470314813034","4.5895753489616755","21.328291635780815","29.139704100855056","22.61537285820048","22.42755059989268","9.746522916693062","175.07006312552213","32.914533690288536","79.78278525709122","1377.9942724339137","499.96083204739693","11562.310897747338","5229.716307087502","Industrial"
"pol-1595","Andhra Pradesh","Visakhapatnam","2025-12-21T01:10:25.362Z","9.443085204606083","105.4235323624688","60.841717983484955","3.037458681452909","46.936341171358215","72.49035579040432","22.873835322224725","68.0952685656413","10.086595636808662","4.028228968589658","20.208104832765187","71.12869449529667","1694.9978092671652","5665.308051321424","17870.786389225836","5028.24640362285","Natural"
"pol-1596","Arunachal Pradesh","Itanagar","2025-12-21T00:10:25.362Z","130.59451016531784","90.12172384695488","26.147381883064618","1.1230960208255059","44.53010622112622","28.67231954961048","19.641292663901478","74.27901907970951","14.363710082272336","322.97807954156167","20.133532607369865","74.10821188356324","1554.96574139037","5148.045962271251","19320.04627860367","4481.35853178057","Natural"
"pol-1597","Assam","Guwahati","2025-12-20T23:10:25.362Z","181.02933269085113","231.7757663043936","64.743881929045","9.074580534196482","49.8699317049371","97.48580579287639","20.931621433117627","22.71300288230931","9.639603878813055","134.12971851812665","34.15769632592889","86.30663902844398","985.608768745813","6734.039832047719","18736.39284314947","1826.3995232367124","Agricultural"
"pol-1598","Bihar","Patna","2025-12-20T22:10:25.362Z","53.0741146578112","20.00388931159761","13.651803715489468","8.859130030968801","30.62963992636985","62.74617721903933","33.11034545204382","50.431897572073886","18.925419524443406","228.63313276493767","15.139672784264238","80.27003805544365","1261.4120498462896","7747.2482645032","19992.383448663644","9498.223395747329","Natural"
"pol-1599","Chhattisgarh","Raipur","2025-12-20T21:10:25.362Z","96.764718758392","168.97806977371837","45.96129897027862","5.578360017737736","2.2976938657890744","7.2849818416667595","39.41121834920895","22.189378644790246","18.98470880589246","45.142633674210316","16.365796847951774","71.33948350878012","1894.918949077131","8960.93238647488","4873.611374739983","8788.376413282209","Burning"
"pol-1600","Goa","Panaji","2025-12-20T20:10:25.362Z","79.78486122946846","155.34446475771875","5.28454834239831","9.933667695079642","14.976737583638206","48.49589065243739","27.025839491321083","26.143369047487553","19.02445723235777","218.1968854244357","24.46797717780328","78.4410695207426","768.0829967956715","6097.261438569253","18269.07053773478","5916.14989005559","Natural"
"pol-1601","Gujarat","Ahmedabad","2025-12-20T19:10:25.362Z","171.34202242414494","85.31363358038857","39.396210260236245","5.643987193613774","8.57678003368253","36.49547984814192","26.424188637388845","23.791275442093855","6.131530131438135","174.14734292755358","30.62039714743448","76.52232836143266","512.117495419093","2695.136268522743","5521.318230440737","780.9508699774581","Burning"
"pol-1602","Haryana","Gurugram","2025-12-20T18:10:25.362Z","123.60237317991066","245.6876790098593","23.145316173417","9.216961248651668","28.46389525435985","91.25338516395144","27.23659929488177","68.31648462353557","3.4915858970487905","175.9097454955102","19.073019103195907","73.8211383718447","1502.4993624111028","6207.848073215709","19616.210734692504","8282.967171971219","Natural"
"pol-1603","Himachal Pradesh","Shimla","2025-12-20T17:10:25.362Z","127.31216651522442","3.2940269668902844","3.5674696251635396","0.06739963371615976","47.30688939007043","16.52668461636806","23.17103384155117","67.84258336492469","21.071959664625854","343.0582626492372","24.609931975793078","92.44604255169958","1749.4889475932073","8197.081480848523","13480.85354006238","4144.569121349122","Natural"
"pol-1604","Jharkhand","Ranchi","2025-12-20T16:10:25.362Z","17.401816525935622","221.3266903102656","12.475619265601798","7.938739506844","35.71808835106214","38.71778362828165","25.08500248461676","26.813844602647755","3.8174772701455613","66.77143295510831","30.528543208041327","92.32632319080176","1383.3812568423048","9724.38008050328","6844.067426710658","2465.82135341901","Burning"
"pol-1605","Karnataka","Bengaluru","2025-12-20T15:10:25.362Z","145.5064041546217","124.43522453144585","0.0205916214364521","4.589736613015766","48.16476406599062","19.82763200855079","39.694365361723","60.1587639945403","6.118340983707279","300.0303423910397","29.584184373749284","68.99226958043195","1003.4255195626554","7358.686596363092","15197.60976147084","7430.015541900098","Natural"
"pol-1606","Kerala","Thiruvananthapuram","2025-12-20T14:10:25.362Z","3.1413756013761063","235.55173877507693","28.298688248929196","9.755392701771356","30.48195339461329","71.90797269246222","18.150554064685103","76.38236952512224","19.81846692928909","65.48762778894879","17.152397915726805","69.38369939025446","1969.3527691485647","4058.2627333627042","15346.332412492864","7155.779736864092","Natural"
"pol-1607","Madhya Pradesh","Bhopal","2025-12-20T13:10:25.362Z","161.42883726402783","182.13180751186096","2.4825384107696546","7.785428262873333","24.220298145995628","6.89093745672934","21.61835934709778","40.564505165578154","19.902074984754083","25.181137790414255","19.29993002436271","90.04253950228059","259.0282771322543","4250.611422473264","3723.1257184882784","3113.717822728753","Burning"
"pol-1608","Maharashtra","Mumbai","2025-12-20T12:10:25.362Z","61.17804712374482","40.9912602130422","72.31009555360342","3.0495912655889326","33.5199436858527","91.93267313461713","23.86828912462334","63.86226046159575","15.16598245331456","324.594323455137","12.657019418566634","83.90995814816668","1069.9764037186837","6464.389276487444","19487.294825647892","8088.5964207420975","Natural"
"pol-1609","Manipur","Imphal","2025-12-20T11:10:25.362Z","3.193550221240349","18.30389288435136","5.644206645587051","4.713795696236296","9.936613304703117","33.821598830111924","29.283502553106572","53.960286010407245","14.40906688749711","297.6220454070481","16.964232770482347","79.62909022138118","926.9194142124486","8166.574600616121","16514.29534805922","4160.923250246958","Natural"
"pol-1610","Meghalaya","Shillong","2025-12-20T10:10:25.362Z","42.62430913290094","159.55500864451992","19.513884907099932","7.256536500103491","39.4061909333843","1.769739926747338","18.325312188324176","38.38040590242507","21.657954730811525","123.96036677073704","22.990170177554553","74.87978500403231","1208.6406021207933","7592.149255097524","17294.230002176595","8201.44500505024","Natural"
"pol-1611","Mizoram","Aizawl","2025-12-20T09:10:25.363Z","127.60490389196238","47.219591284991594","63.51725258580201","3.432738434555158","26.366241797146685","16.637265520236223","17.342377807995348","23.932738426671044","0.2616132360942963","217.86452116315053","8.569449165407631","73.05750772547239","1901.1208151836045","1993.4647784468928","1427.0402731113152","114.751174909965","Industrial"
"pol-1612","Nagaland","Kohima","2025-12-20T08:10:25.363Z","96.16186250986433","22.33851828276343","18.345972272297413","3.9313700748671754","45.64796539998735","61.8377578076165","33.01296658454653","32.773236362993615","3.7622936596040573","341.25556374470494","30.14701507551865","91.51498871221662","1390.1707200680885","2357.3619723704155","19501.91155396628","7403.043507402625","Industrial"
"pol-1613","Odisha","Bhubaneswar","2025-12-20T07:10:25.363Z","37.598813090140084","58.458401288721426","66.76533385589597","3.8412199842049155","1.2303861541379801","82.39677926637827","28.58005924764102","78.32609139938535","20.93187758567449","285.9478089406562","12.529293071770978","85.65085059826767","844.2440924810577","4015.0221461832957","378.68509189940227","4648.763048816612","Natural"
"pol-1614","Punjab","Ludhiana","2025-12-20T06:10:25.363Z","131.6298371551071","115.17446222152076","45.554472506823274","6.4933901222489325","10.91882075574172","45.91238705407784","32.59975179116883","72.27156815668653","20.920664311367638","332.3642762254661","8.633897425247033","89.71036242985672","1595.0381791693694","9740.51213587762","6530.413239243367","5297.285548265508","Burning"
"pol-1615","Rajasthan","Jaipur","2025-12-20T05:10:25.363Z","123.71753754787555","224.62215343382607","26.554015106054134","2.0945413392305157","21.182556728064622","33.43890752956031","26.126430743735895","22.39174744252884","23.23915257388183","196.53866037736842","27.283039866170057","92.23130517630992","1436.9760902080131","6250.195650805103","15347.9549624976","74.76103275389944","Agricultural"
"pol-1616","Sikkim","Gangtok","2025-12-20T04:10:25.363Z","2.686958967542963","282.385888101179","64.15736318712352","0.08682622517169336","10.302227726426016","96.17227035608302","29.165628576231377","33.52349700951825","15.011527960202214","99.3963223989144","22.449532013006362","83.88951311445942","220.0636841067265","892.602926539754","4021.121792404747","3877.3037509927644","Vehicular"
"pol-1617","Tamil Nadu","Chennai","2025-12-20T03:10:25.363Z","71.26899154503606","72.80671199476576","63.3840612808741","3.2314378355033946","9.869155923100092","64.11862096725613","32.95927897254474","72.27237485402136","17.952864423295345","79.78493033718455","13.463673086391928","74.32070165555065","1502.6459224224511","9937.12842833429","19535.554088896075","5368.198723229334","Natural"
"pol-1618","Telangana","Hyderabad","2025-12-20T02:10:25.363Z","186.10934122512268","104.33258651519739","13.819429926941522","3.206054573495263","39.020047381398335","77.95273352270065","22.399309451917013","77.96468040343251","9.078810168565827","305.8178094577461","17.48228029307323","68.93912552816862","477.9988622649787","8486.514569660168","18875.787541684527","793.478506732177","Agricultural"
"pol-1619","Tripura","Agartala","2025-12-20T01:10:25.363Z","79.66339976352997","66.12494504705012","4.186389630195881","4.442285952368076","1.4161980522616469","38.34998849079951","37.77972518052421","51.733504857490956","19.263451812714585","204.78606622901998","9.162230893371794","89.46204251670355","936.2742535392658","2385.882581553458","13465.474910064546","796.3599375869123","Agricultural"
"pol-1620","Uttar Pradesh","Lucknow","2025-12-20T00:10:25.363Z","20.660418320174646","147.30678351234354","27.094335870027866","8.223898413561775","19.573689406062883","82.0549696508766","36.380975454514974","55.362556197894925","8.744241700049816","140.49514416069928","11.487397168164428","83.93759553560712","340.90087497856626","3381.478870832062","4337.4349610087775","4819.180827669615","Industrial"
"pol-1621","Uttarakhand","Dehradun","2025-12-19T23:10:25.363Z","135.7698857837805","37.30624667447008","76.36862268505018","9.818294201618837","35.98009778054468","60.08683903705292","25.053525534527633","76.60551840927349","2.2952454041439863","69.82167773868096","9.78794224462532","83.83887286503344","150.8606657446936","4078.6235323459828","19260.89196292754","9122.155130275984","Vehicular"
"pol-1622","West Bengal","Kolkata","2025-12-19T22:10:25.363Z","75.51757814882332","298.9063393618535","12.92388479865867","9.441585873389696","22.95443665696761","29.608407993190223","29.447952825198996","73.82623134069912","8.13452006794732","291.8655995120155","25.746339288291416","69.2416501997408","311.001357365293","8270.494600772836","3154.492222937497","156.91055079856574","Burning"
"pol-1623","Delhi","New Delhi","2025-12-19T21:10:25.363Z","39.93062104320533","210.53576709378143","53.01638682205542","0.6189156438846444","25.26149761783151","9.873298917939334","23.44915180688931","76.45971594764491","21.990980896947665","60.34748307714207","8.329786740929626","81.42127760369732","1688.6810466121804","4810.673162881398","5902.265100310866","7549.498188886603","Burning"
"pol-1624","Andhra Pradesh","Visakhapatnam","2025-12-19T20:10:25.363Z","145.6392497300882","282.05639042229603","78.28889117558927","0.5109560244708522","34.65079728678195","98.76215651158176","17.65438054248051","53.909098787666615","6.819463711467807","296.5540780896861","29.436693050036325","74.13778321858351","909.7275674196363","8956.635115645067","14695.953678033766","4279.310520419713","Natural"
"pol-1625","Arunachal Pradesh","Itanagar","2025-12-19T19:10:25.363Z","91.82812849797095","123.31824504713657","76.16625785570099","4.460794887384097","36.710910440992734","12.101163841545715","25.49134030922962","24.393411705653985","0.5553860930373244","122.72829902655106","34.00201582866379","68.85865990097267","1066.9247047138272","5998.835534922467","14410.00259867905","3884.20019436868","Natural"
"pol-1626","Assam","Guwahati","2025-12-19T18:10:25.363Z","56.2590149223543","289.228188555187","24.905046260368824","1.0889877238836898","39.8720681657781","21.84088787259465","22.839962878748054","22.97971998407196","18.049889574936362","34.27616160963948","33.76385650816479","89.99260079097171","1415.5729420465152","88.99142168550812","17607.172543262495","769.0141240875204","Industrial"
"pol-1627","Bihar","Patna","2025-12-19T17:10:25.363Z","2.874156079244683","293.9549737786083","31.035591816960277","6.590576471078192","19.448114230626707","9.829178339259181","28.278475855715502","38.181208579420385","9.691616511015273","331.9637145837391","16.421928489704854","70.17849641346872","1863.9728754946025","2553.56419291902","7018.97374292582","2738.1576393964324","Industrial"
"pol-1628","Chhattisgarh","Raipur","2025-12-19T16:10:25.363Z","3.984301895808695","44.0233127448241","73.18246418240292","7.3978937078358715","20.54586945975369","71.47861767711578","29.008382068994827","56.60579465486572","10.957847214371915","99.61435358142309","32.556176130125884","70.60400026743189","490.3678862146152","6618.210706744498","219.0404397396306","8416.85009115911","Vehicular"
"pol-1629","Goa","Panaji","2025-12-19T15:10:25.363Z","199.857206453697","228.52047166733237","39.968345042723186","8.971212911626955","21.367967982594692","6.567710117601965","31.747810265093744","76.43357384603809","9.741482540051472","108.21953270930165","11.172518472670571","78.1785336075953","1885.753178181756","1800.5515393094017","13040.793930252095","1740.554069642075","Industrial"
"pol-1630","Gujarat","Ahmedabad","2025-12-19T14:10:25.363Z","135.8004561123855","65.67866584708628","76.42485521185664","2.2966056775542842","42.47650269525031","28.41449277150686","38.06585608720687","31.94825633638711","22.71322116928001","18.113251080539357","9.419533173654486","88.41918317900978","1471.1775407725838","7908.0100416813075","7861.020765102505","8519.752320394762","Burning"
"pol-1631","Haryana","Gurugram","2025-12-19T13:10:25.363Z","6.6996210429132175","176.0521252166333","8.586402145964227","8.810857066707262","11.044489136360058","20.216580725572054","36.084017147796814","61.778512544002986","18.25607748941013","131.58362023422578","28.406178925269188","71.78508617760588","798.0468179660231","9693.407092896638","15378.167001346432","2531.786501052521","Agricultural"
"pol-1632","Himachal Pradesh","Shimla","2025-12-19T12:10:25.363Z","161.48073417164034","191.49209615669434","34.94863143660798","2.9640656730895056","19.60799338771329","58.15028307951412","29.886906898016576","55.311313513744814","1.9668494113040529","86.86064606075627","30.49885671667561","80.76383388101347","1035.055203805758","1896.986855262811","11687.66967462636","3426.3909151024595","Industrial"
"pol-1633","Jharkhand","Ranchi","2025-12-19T11:10:25.363Z","76.4761375637854","41.70058646973541","3.1367423926308025","5.116555814317104","43.28852010216354","4.052523536780416","34.18292616999328","76.60853302704692","24.437374794627704","297.79477833503586","29.717573119312778","80.01168899531639","1534.6414292409424","6671.39716055473","6311.548402996188","1704.0353484370496","Natural"
"pol-1634","Karnataka","Bengaluru","2025-12-19T10:10:25.363Z","71.11695280362021","282.7806882591061","7.165741973047872","8.140637161088815","33.72805820032344","65.92317570569132","31.035316361991196","44.006602031684736","19.770160418186318","30.81493141075727","8.024154866479277","69.13540525822623","412.0347934442605","9793.99704106406","19379.398432288825","6674.589451511579","Natural"
"pol-1635","Kerala","Thiruvananthapuram","2025-12-19T09:10:25.363Z","22.835996852329533","176.04851007948736","51.99184587669191","0.6924367017093525","33.02042348560368","1.0747010161040071","19.679042699067033","60.98713309704781","6.989224925688303","50.16586834291172","31.23175880481865","86.90276754312968","1426.5097842472076","3988.5231156264113","7309.890594937727","3495.119093026865","Industrial"
"pol-1636","Madhya Pradesh","Bhopal","2025-12-19T08:10:25.363Z","27.386671922416994","8.100875090882898","58.15020649390039","6.69630523439949","18.09312190341209","87.21578464911201","15.113143435097818","41.1597502742396","21.326299002818907","134.0040993226694","27.63514268311286","69.43682887583427","171.51934163416894","8773.358135306346","5630.041385395741","4970.3465040159845","Vehicular"
"pol-1637","Maharashtra","Mumbai","2025-12-19T07:10:25.363Z","114.2689034934923","97.09859949283849","61.565494707985664","2.6720985105453323","0.15923657234219735","85.85853434133519","36.69419332954847","48.061213269530214","3.0637338033851047","176.24726381473187","15.655512159200995","89.4735428672219","1198.2304943022352","8499.380481192185","6289.5600571955865","4733.051204926072","Burning"
"pol-1638","Manipur","Imphal","2025-12-19T06:10:25.363Z","68.63340256925825","107.26718448385981","42.05518853523842","8.680785499482571","37.9837207190172","88.602625833851","28.15123112529193","62.553699209141556","2.0089086342693685","230.58185984928903","9.323759170208671","81.37220652499664","502.3327268725504","4936.186936673528","6531.436282204437","2480.088983488512","Burning"
"pol-1639","Meghalaya","Shillong","2025-12-19T05:10:25.363Z","154.21179786047944","277.2190854899647","71.97333794943175","3.6268507114381823","25.89281969799534","70.05057909648428","18.750909596560085","30.11050844481384","7.6290375877086145","48.28186527042682","17.678604604095632","74.01424021180435","326.3788727846679","3295.00978028031","520.6604687958172","2809.0494616392625","Vehicular"
"pol-1640","Mizoram","Aizawl","2025-12-19T04:10:25.363Z","116.49587393523888","192.71443807481833","70.98553133378334","5.898812298586174","19.89305433826828","69.87231839592116","23.135418631356778","25.679816060569088","17.707431088365023","1.6130221765264308","24.976280230559155","74.02901533057118","1575.7882249791135","1196.5171922292038","15708.40965626013","5445.039127760311","Industrial"
"pol-1641","Nagaland","Kohima","2025-12-19T03:10:25.363Z","35.17073094902678","80.98484245255241","48.198189498737854","8.843611996903194","9.731965379073525","1.1157475620241497","28.090097289755754","21.819435046963335","8.834305682071127","193.59422200739255","14.27094638192236","72.75612744060713","1558.4432635612093","7167.402945102765","11597.728529675605","3642.032746451378","Natural"
"pol-1642","Odisha","Bhubaneswar","2025-12-19T02:10:25.363Z","8.281750251765029","262.1782813203136","79.75308501485601","5.76028412181863","8.126046568452615","95.96096720296313","39.62095712298573","60.611374908875156","14.50672115444774","351.16793975490936","32.74707061565721","80.31997024017619","1368.4737265738668","4085.343068364086","10887.248681980805","9463.374388822156","Natural"
"pol-1643","Punjab","Ludhiana","2025-12-19T01:10:25.363Z","171.7676862912271","236.5583478030147","54.52909229233927","2.191987389156904","31.968624277124736","72.84686801355905","25.351571576536585","61.63048919266414","9.669372481423125","121.6314661094031","22.092561808348677","74.52794330740485","596.3882304299051","8054.6543918376055","13995.152555563545","7857.541871614796","Natural"
"pol-1644","Rajasthan","Jaipur","2025-12-19T00:10:25.363Z","14.20626608889355","197.51488381860062","75.02797224525736","2.670041307912813","15.640837046032535","21.2558890138392","30.26927846865817","55.94795014135143","8.620088963643008","56.41318722616995","33.75897881072768","88.58941534185504","623.5056440215723","9710.32204276007","9273.896684690053","2478.2684623517016","Agricultural"
"pol-1645","Sikkim","Gangtok","2025-12-18T23:10:25.363Z","75.47935487394642","203.59845717661617","27.485858600932715","0.21304587273600073","9.892967220396853","33.80353046154917","18.66220266844491","61.04824653581821","17.197046513769052","185.52863308702098","35.329571828100015","76.01027222151758","800.547351765535","4267.251972414911","3645.4278985883648","6412.133736177753","Burning"
"pol-1646","Tamil Nadu","Chennai","2025-12-18T22:10:25.363Z","16.974515645953716","15.575218645395006","67.37088322494924","8.96325567712083","40.17540068236619","1.3943209001190726","29.70258307712907","25.020745815067592","6.023106710235615","242.8682521601024","35.851670622994064","82.41166319805538","1959.332318877701","6425.118132819746","11270.050196271133","9017.54262421663","Natural"
"pol-1647","Telangana","Hyderabad","2025-12-18T21:10:25.363Z","104.81371141854379","226.19857938470244","72.65687772712396","0.763217154621989","43.62753374974891","55.346062705515386","15.763707285830478","35.03892542057112","24.337562172121473","105.03743183221769","16.991928180387525","69.93404377708328","1116.0476927205266","1417.4536951307891","7371.0101066259485","1649.82073100832","Industrial"
"pol-1648","Tripura","Agartala","2025-12-18T20:10:25.363Z","77.4419143620514","128.97268288550856","39.65032115284945","6.520035742601728","29.41894637413171","29.3767971688887","27.08349562194086","63.708165592163915","12.331042432350847","251.1237312132115","30.08190088332502","69.21595155559808","331.96262276613095","405.4271275030663","6076.11311466554","1515.9429431230708","Vehicular"
"pol-1649","Uttar Pradesh","Lucknow","2025-12-18T19:10:25.363Z","127.46205121129421","126.60191338395289","79.93090186411149","0.7946342368751169","25.407716100176188","22.386708282105914","21.76997021094501","75.8304107620116","11.658766324387296","182.6035868554034","14.902899692659501","79.43718251477819","255.3539663127993","143.8706001054879","12765.944607974061","452.1600711175544","Vehicular"
"pol-1650","Uttarakhand","Dehradun","2025-12-18T18:10:25.363Z","28.459534307033696","143.28043815376765","17.8747667518836","5.970468046407653","41.019364117507834","11.69263083677874","17.863290888373818","70.26777751339992","2.4216514009464536","55.491724237708866","15.534631999275685","86.00384066499774","384.79917004493","221.46278864959123","967.7667168233684","8946.898140482956","Industrial"
"pol-1651","West Bengal","Kolkata","2025-12-18T17:10:25.363Z","84.04028711721969","198.75994186033824","10.775175338739125","0.17048796394581234","0.6957717601558333","31.4463357239391","35.127763592695416","67.60467808185666","15.663229987101134","323.72495487227854","11.398212760075982","79.29455201296463","1317.6876940853097","4048.8413483338927","8494.277761685978","6119.940943753946","Natural"
"pol-1652","Delhi","New Delhi","2025-12-18T16:10:25.363Z","157.47636559999447","27.97741994291637","16.994401502281427","3.7490305372801447","41.6196023229714","97.39208760918552","17.448565713587463","75.13552584798781","23.005169928686232","96.49250094839509","19.837082534966356","87.027656364861","573.5480013694188","5996.907776946693","14453.948225357928","5123.471144677201","Natural"
"pol-1653","Andhra Pradesh","Visakhapatnam","2025-12-18T15:10:25.363Z","137.16371696594774","98.75476090551733","25.34792587599833","8.508496158727688","23.04024634079044","47.00416158032957","38.429314432561725","46.009640003670455","6.643617772587287","83.64408757890985","13.540876457237978","74.32072858597218","1222.254144616274","2050.97545069164","4350.77996322827","6685.399748056392","Industrial"
"pol-1654","Arunachal Pradesh","Itanagar","2025-12-18T14:10:25.363Z","74.52307500912512","269.7310836666768","26.08671826391444","2.7520378345336596","17.493338288532414","72.77841045495605","15.986568424328382","50.685570589677056","20.61153843247708","218.0055973674094","13.84768304614578","88.31371918792338","1903.657532204492","5409.953160545447","13146.159644884705","1940.7576150441653","Agricultural"
"pol-1655","Assam","Guwahati","2025-12-18T13:10:25.363Z","89.08994079915603","11.806255088208395","7.08526154478287","0.8310890665308479","6.233293567473036","60.57450398319333","34.24808326723843","38.70432823081032","22.7462183840927","306.0403814427056","35.888861059069676","85.24366884126394","491.89530814022265","2540.2566199112166","11997.846146601763","287.96924956026703","Natural"
"pol-1656","Bihar","Patna","2025-12-18T12:10:25.363Z","165.28322638178113","37.367462236139524","21.934118507889487","7.850232556045663","20.24022128663531","52.58191711356181","16.837120599650746","27.577634496162716","9.632415078798894","108.25888977654827","9.30210384540357","89.86002168084825","221.24128706032286","2923.36010428217","3622.3411534303327","8319.703236040292","Industrial"
"pol-1657","Chhattisgarh","Raipur","2025-12-18T11:10:25.363Z","160.81067164056603","147.08423392164107","53.053303141171845","6.403937601543456","17.996921344318157","91.67522403804327","19.8129000824963","69.91138888728979","4.2727605455832265","60.41634027892927","13.902159643545561","92.35294640756337","740.5818434267593","4971.137240629274","9534.007678176837","1492.556242199008","Agricultural"
"pol-1658","Goa","Panaji","2025-12-18T10:10:25.363Z","95.13331359688347","73.07819489592593","3.968460265886664","5.796498311628675","24.25509683103834","78.1104821578492","34.812601180985","53.042448941226446","22.40582365275362","96.54018390916247","33.69867981257739","71.65912727175005","1395.8436175297525","5992.341135636856","18618.61712390843","2068.818658966456","Agricultural"
"pol-1659","Gujarat","Ahmedabad","2025-12-18T09:10:25.363Z","46.429561116657105","132.48331482497957","8.738364852729008","6.179167985795377","2.2416261547440475","93.41475376311662","17.464860282353957","35.360470704290364","5.895200148452987","275.99714976414543","27.135128063437755","75.92643622508288","1971.1519201470826","758.4495436041138","5941.862360943693","85.73975206369266","Burning"
"pol-1660","Haryana","Gurugram","2025-12-18T08:10:25.363Z","42.82176665603063","120.62080951844702","12.218502421806434","7.682008787586405","34.7556141303507","71.68367773857894","15.46466732292074","61.02795284965481","1.674668035912913","73.86603139608691","9.404583693899236","83.12701640899371","546.5834661495144","6915.347603947097","18045.096957666152","2439.8484336408264","Agricultural"
"pol-1661","Himachal Pradesh","Shimla","2025-12-18T07:10:25.363Z","112.88653119079102","147.43602655444556","56.24645463013381","5.918169574355683","49.814885563016595","60.16050341841568","29.71251979577532","42.43659272796104","17.290709446968737","354.7962065660101","9.886340805830818","71.38492746957975","1845.2682167106002","8111.891866981417","17647.914897358107","5006.149178691128","Natural"
"pol-1662","Jharkhand","Ranchi","2025-12-18T06:10:25.363Z","90.51187365594447","178.78068413223292","64.34685326305471","2.1661638929991742","20.675241939834866","90.88738981596934","26.05939636498398","43.47411347444207","22.91646292136031","306.3415956901104","35.23392654377234","75.72506959892844","72.28343481369248","8463.595968148495","17283.453511196825","7567.827127704233","Vehicular"
"pol-1663","Karnataka","Bengaluru","2025-12-18T05:10:25.363Z","136.07114116495234","93.56219089639475","11.926464904014207","7.369213131814062","48.39826596289883","5.416180875974231","19.768944649908132","50.20569922013196","4.1613732130590195","86.88211879812849","9.567158016861574","85.0393335882222","702.2319149587157","5488.508506281102","11365.670256042793","5981.917922299649","Natural"
"pol-1664","Kerala","Thiruvananthapuram","2025-12-18T04:10:25.363Z","167.11004375454166","240.38686823493097","22.372457371844384","8.232296964720037","35.88318779517465","95.86634703166028","34.07183620641479","35.02361567791081","23.776216906206482","56.83959326534539","13.501481311761058","71.60491447791887","824.4647597798091","1995.851777135803","10529.397085515782","9365.168313119939","Industrial"
"pol-1665","Madhya Pradesh","Bhopal","2025-12-18T03:10:25.363Z","103.35784447753392","2.260085620645258","53.23856214899625","9.58190654800711","6.311910817562194","88.02478659370428","33.38143310408063","22.570854001775686","12.263797768972426","172.46857031678437","11.28988935199256","79.61277360054709","1416.4025679281142","2279.7950422035296","7620.951202837407","8680.928670142492","Natural"
"pol-1666","Maharashtra","Mumbai","2025-12-18T02:10:25.363Z","79.03092839913435","216.8944611308031","63.903937014512394","2.5988926780240194","37.889076491074285","48.59759821359717","20.20015667747678","23.76779994317807","19.047138004392828","150.61366575018096","20.691392057464576","92.03473146623578","858.4511093300251","4770.888040614186","4018.3849918455717","4841.512167417763","Burning"
"pol-1667","Manipur","Imphal","2025-12-18T01:10:25.363Z","199.29136644553424","78.59538472686243","7.329427729805786","7.995152430407434","17.121296432124456","13.481686608973053","33.82706606721855","72.70766338998399","6.595459888251706","105.25115176099877","21.972285026997675","76.75272352909411","1637.0398922907764","316.8124671028083","8583.645740755363","9771.770887786313","Industrial"
"pol-1668","Meghalaya","Shillong","2025-12-18T00:10:25.363Z","186.5183148665152","205.72808168947327","23.50963422749289","1.7015463841012013","8.37312076062382","26.70528390189909","20.138088195890056","29.410364105321662","17.756121585545248","352.50060913990865","14.524115239657071","80.73129962935225","144.76543216399727","3720.938334438314","1420.9269967357563","1302.356637147979","Burning"
"pol-1669","Mizoram","Aizawl","2025-12-17T23:10:25.363Z","137.82223694327956","228.3794281411257","11.092247405625786","6.0854378939413545","49.70043603790548","17.502049083008387","23.24407022165339","60.90539973832205","8.908835017180255","275.3653689760359","30.510212323764385","79.28891905374638","1559.31827546891","2123.480861230018","16329.660664777448","4913.75917172255","Industrial"
"pol-1670","Nagaland","Kohima","2025-12-17T22:10:25.363Z","63.31221204789412","164.6106753174718","74.18694890926764","4.077903141616169","24.67159204682119","80.43271103190439","22.71367859671767","41.55345786090377","23.677232610896183","350.5837468537152","14.154254524913616","69.793593820365","587.5249943689123","6293.718853397598","3285.851891714888","1291.3233420025338","Burning"
"pol-1671","Odisha","Bhubaneswar","2025-12-17T21:10:25.363Z","24.600948571606416","269.2220600543252","19.446158090895345","1.622831425680229","4.973059470388963","39.759426802276174","24.914831429308627","34.290914467979086","8.229318298334087","32.97769534447353","12.06805724492542","90.51923803150156","1535.2764248266335","2401.2412198107027","13029.523624984873","1354.4904659311508","Agricultural"
"pol-1672","Punjab","Ludhiana","2025-12-17T20:10:25.363Z","44.612286871258334","212.67731066324936","28.499180010611447","6.057394706341967","13.784629322874853","21.924585417075193","31.485140348955998","43.73528103564901","0.25850461512007816","162.54337467923455","20.230830722277993","82.61659175653463","825.4900538029575","7778.283289616721","18778.056016670274","902.0256349403088","Agricultural"
"pol-1673","Rajasthan","Jaipur","2025-12-17T19:10:25.363Z","76.945553631516","54.208980753952694","61.3161675465276","0.966752198367421","11.82239744826396","57.12444104628074","21.97877745213608","26.349902963358684","24.755896230696607","105.69983190228754","29.365788208439476","85.6283747917038","36.46983719114849","1807.7183974772615","8931.296390584175","1787.2740081986583","Vehicular"
"pol-1674","Sikkim","Gangtok","2025-12-17T18:10:25.363Z","26.690655581821044","264.9997190217416","45.48397252969473","4.147891002968567","48.19532106346056","8.873373378369164","36.8758511040222","64.12229785351727","7.534061542852413","249.43896345097048","22.41066663057163","73.92446367269689","1258.3554160955714","1962.2885443266725","9719.355481291212","5552.047138148594","Industrial"
"pol-1675","Tamil Nadu","Chennai","2025-12-17T17:10:25.363Z","181.85405164743037","149.1193163950767","56.775387573721346","9.158689782919575","16.65809826207532","17.19492390733527","15.422802196624833","53.99887843697228","6.497839585857953","331.204415887127","18.874916841827613","84.78215511136573","1829.6938820680155","9537.621987098913","6481.069540707301","9776.0625714852","Burning"
"pol-1676","Telangana","Hyderabad","2025-12-17T16:10:25.363Z","174.74212488935234","142.40404580019703","35.60591846580009","3.5252781320613846","47.01677541205772","16.57036003210748","32.840200398529454","54.115715471581545","14.281441007820767","294.91717784054276","23.778800158214548","87.46996569818873","158.4362139250304","3210.18462670274","7406.521765276326","8644.995909131823","Vehicular"
"pol-1677","Tripura","Agartala","2025-12-17T15:10:25.363Z","126.50496436233645","18.701090972963442","36.76333399082286","8.955612782603517","31.070974875965724","67.15891133516159","32.63672881499619","28.916719249169","24.638561590949774","237.8241849684985","13.40544105290892","69.99966058542594","1645.3860262930439","2393.195038278524","16783.721630157943","6845.7531571074205","Industrial"
"pol-1678","Uttar Pradesh","Lucknow","2025-12-17T14:10:25.363Z","154.1598736760354","298.06645352014596","58.45358364259983","7.247279888055189","14.087487998214133","62.32011239282702","36.625894897398666","51.34784695691508","6.844354766843058","150.57860611361133","35.562173253761664","68.24280755611971","1219.8892583548813","9590.810741625493","18014.686301715625","7802.412764536732","Natural"
"pol-1679","Uttarakhand","Dehradun","2025-12-17T13:10:25.363Z","110.45805905096977","265.0658878394504","5.61891311037896","7.495047226126559","29.93830787820826","5.215365995453891","26.173462340766758","73.00127344093455","22.793553648023337","146.2718618897563","33.904221107448556","68.83938210152758","1600.0774641964172","5724.420222313272","18435.098741155354","11.597280978903335","Agricultural"
"pol-1680","West Bengal","Kolkata","2025-12-17T12:10:25.363Z","22.776489805810662","78.61412497442657","22.150293480305116","5.531452926569457","44.06286844453573","39.67078558859173","18.298876212489045","53.12395689372932","1.8485500607464984","94.1284672360121","30.92842618285642","75.39424645842402","872.3907373321993","895.6684677256166","12763.898555475655","9483.13904197608","Industrial"
"pol-1681","Delhi","New Delhi","2025-12-17T11:10:25.363Z","13.582901417233352","40.63651837954359","31.496525026908195","9.918549191506495","42.022018088808075","98.42317545415756","23.917906464916193","74.8857341090991","24.14201610249397","26.75943274156139","24.50414224615133","83.11319008595598","1549.7441948403489","2642.856650989965","4495.038350590826","8977.022259756175","Industrial"
"pol-1682","Andhra Pradesh","Visakhapatnam","2025-12-17T10:10:25.363Z","73.71053159374847","224.52120295318124","12.95801366584139","2.4486420451817947","43.87412491431068","73.94027879597999","34.75282202460923","57.7523848176192","1.012348519669612","348.11183185874864","16.65142848689094","81.91294743583302","995.9241746841749","7471.623647715386","12597.133195579576","9877.970351806942","Natural"
"pol-1683","Arunachal Pradesh","Itanagar","2025-12-17T09:10:25.363Z","121.20737419666798","172.5155647756814","40.43208683610084","8.780106355738525","37.279178960004884","79.46696982077871","25.126604191270154","57.45087397640426","2.113064768909603","191.6376600608955","27.82286903404862","86.46691376091073","132.19879665543078","381.6701772488296","16325.619448013284","991.270904518009","Vehicular"
"pol-1684","Assam","Guwahati","2025-12-17T08:10:25.363Z","93.84174622351138","76.96972866533565","54.69238852785278","7.075640215379141","21.86271790787683","50.64308935681138","29.347336071972972","50.81444368669828","15.62481581561842","33.85514333932438","25.406960412454968","91.62050883355433","1237.2176126656439","6829.805338542545","8353.358221296217","1609.1245257388164","Agricultural"
"pol-1685","Bihar","Patna","2025-12-17T07:10:25.363Z","126.27411962162391","218.27329328095922","20.600990289131175","2.231093416110065","24.017992529071048","95.6313034013635","28.567278127971377","36.58891436974543","5.229391040357035","36.69507280333899","25.633460777320295","72.03249730926903","431.0916691708304","1684.8839690840034","4907.966366650602","6436.036160792394","Industrial"
"pol-1686","Chhattisgarh","Raipur","2025-12-17T06:10:25.363Z","51.40584033701414","186.79095611349265","60.73288313116749","0.0016321199749358417","39.29198059246622","71.97715485531373","33.98343514003361","68.33373094526914","15.208902397350252","39.331276396640085","24.631624170761356","81.93712858494108","970.4974945108338","2042.827351068054","1619.719310478691","9215.502454415164","Industrial"
"pol-1687","Goa","Panaji","2025-12-17T05:10:25.363Z","144.8896428682074","7.353581270760301","25.822429572484786","6.495871086665633","27.8296601730394","94.00819635636499","39.774737593228565","58.425263825625294","0.3309888138715078","356.0097061510986","32.604652225203246","89.19596931142132","334.37212801862137","6687.28965540372","1342.173359401364","7584.20749647536","Burning"
"pol-1688","Gujarat","Ahmedabad","2025-12-17T04:10:25.363Z","97.01493103001218","52.38380571463806","55.18614769204288","6.217608921153857","31.511794432714304","47.79476560404638","38.321688395141294","54.122831521766685","22.298385918161713","119.0195699941847","9.604636527151719","79.06814398723449","1527.303302034958","9864.263937896336","12363.804902183749","3315.3643685365896","Natural"
"pol-1689","Haryana","Gurugram","2025-12-17T03:10:25.363Z","198.49989219612308","283.2168323270498","50.94428246657173","9.65996884850091","16.87804449788432","48.64503298038081","37.45331841565274","31.53185459237765","2.0241490384617506","301.26525224979474","19.997406483601665","69.80788926292061","833.6240622261988","8503.438835492392","3339.5833078661894","5738.348650487901","Burning"
"pol-1690","Himachal Pradesh","Shimla","2025-12-17T02:10:25.363Z","163.07807735856755","149.39225324050926","69.78049093646769","5.190390475634312","41.93339834756203","72.80958232309969","36.395663665036444","20.00757698401739","18.267349644792095","142.26153972779687","19.74265197949959","74.97525348328456","1239.0805888875605","2334.643437809959","6515.599062990705","5886.84379505236","Industrial"
"pol-1691","Jharkhand","Ranchi","2025-12-17T01:10:25.363Z","81.51894841914718","117.0695624306133","21.79001502986931","7.982064529886689","38.12610662353144","82.60272277277446","18.52781203140312","71.10586584986756","21.01214494051765","263.3451926025087","21.08622371531257","89.71745884041763","1583.4189334995895","3542.2819056157173","6538.024584779485","7102.222199608619","Industrial"
"pol-1692","Karnataka","Bengaluru","2025-12-17T00:10:25.363Z","26.320118351316513","63.046004380926476","29.843399958485833","7.622786935271706","6.772787844967715","46.30599426984695","34.070938518363214","24.32005178371885","3.2634672967870175","131.60730407961188","12.165239744920035","73.56238660031819","802.3069613620341","6261.469777406735","9706.802989601149","9597.899903285359","Natural"
"pol-1693","Kerala","Thiruvananthapuram","2025-12-16T23:10:25.363Z","119.80652004267434","142.01868804652435","3.315732618531042","2.771486274271684","18.962686351738512","84.73992044228326","33.424157780740565","27.51770786008797","6.15149406384104","349.093050286969","28.699940611620164","73.63771107472891","257.47718945779076","9895.334155735054","10136.495577835702","6628.643116956111","Natural"
"pol-1694","Madhya Pradesh","Bhopal","2025-12-16T22:10:25.363Z","172.21110866104948","34.13826748964392","11.593135132787653","0.5577217504899779","2.1272413834304227","94.90070611264089","21.983922401519166","54.55020073406447","15.140368232307036","201.56562706534504","19.772000855727565","69.35485357678003","417.82892938796954","9663.42888908086","130.8411338712645","1602.7687455226912","Burning"
"pol-1695","Maharashtra","Mumbai","2025-12-16T21:10:25.363Z","82.25973888747018","56.239154056122786","29.458747222340598","6.409766105056468","4.320078714627723","51.56308496502625","37.48974570541786","21.06866185246355","7.163768390086933","64.31861733374335","26.706261472270384","78.09416618264262","53.60593230397947","9862.250558690324","9869.466942899793","8623.287219793521","Natural"
"pol-1696","Manipur","Imphal","2025-12-16T20:10:25.363Z","65.6266713403895","240.66163338287996","51.748437445415504","2.8843705805079702","45.18481653886734","31.128045093350398","27.913247568863312","27.357035769985163","12.895535944125486","78.80197641174763","29.044720258348395","79.68755269569371","1684.466093811336","6738.343113505526","11523.74687034479","9255.192303418491","Natural"
"pol-1697","Meghalaya","Shillong","2025-12-16T19:10:25.363Z","146.12048365484048","46.976538829745216","33.233680821218464","1.8979003312948406","24.71964266700068","91.71618675185891","18.19813011134322","34.862704168946294","8.873388919964292","188.28620555073343","18.394850751878252","74.47700596417646","633.8494404310416","1604.7523523812167","17060.196254324037","744.1536441054941","Industrial"
"pol-1698","Mizoram","Aizawl","2025-12-16T18:10:25.363Z","139.78146676134065","110.16857284820162","54.47946566256252","8.975779518467572","0.6882308964185013","80.94237212058452","34.136508023177505","20.26929604729037","19.839937821761584","316.47591619560956","35.411325003207466","83.19786496278338","444.202042977196","3902.7050385219964","14777.563639437723","2266.9477611266775","Vehicular"
"pol-1699","Nagaland","Kohima","2025-12-16T17:10:25.363Z","172.4283468956768","70.8842328294917","71.86934913561548","1.230474067865206","25.9142215093089","95.6535167851951","25.554750751943132","41.14096517632264","20.43688326626419","24.01665072797908","28.930459773226243","86.77980314859327","263.1849932992165","1131.358167832861","7317.8783209332705","1191.0734968625102","Vehicular"
"pol-1700","Odisha","Bhubaneswar","2025-12-16T16:10:25.363Z","28.078706771981963","253.11015162559914","45.428150992810814","1.6144268961862196","29.91866436147227","15.45904016333537","17.081496414285187","26.335956011737927","6.960354005518473","146.97809155247566","17.640269363101503","91.71083040247696","999.3538607020189","5167.7453921983215","7816.127829050739","4640.532322451598","Burning"
"pol-1701","Punjab","Ludhiana","2025-12-16T15:10:25.363Z","110.03839973450282","283.3714994421473","60.31600728884534","6.1476548840062515","41.331869055249314","41.805567449851054","21.139188648333167","36.566893306781225","12.130187412316287","312.16009310210063","9.265893783898495","91.84823747642267","326.195062483837","590.6524969575611","505.8810221233734","4107.1469441915","Vehicular"
"pol-1702","Rajasthan","Jaipur","2025-12-16T14:10:25.363Z","114.31002570968731","282.89930291225755","56.24109785750653","0.7396478176601162","18.286451922040108","30.30204091140861","20.25331026834015","68.25368734931607","9.951662440075513","144.68217593117595","16.300200517227122","83.94919338179666","253.3712172865159","7261.886910316561","17793.879972532366","6540.108297162843","Vehicular"
"pol-1703","Sikkim","Gangtok","2025-12-16T13:10:25.363Z","168.30934505113018","137.2518054336895","71.11977777741728","5.5482257870172935","38.134075123842166","93.99220620241032","18.310426614753077","33.21998222983463","20.03772324176449","104.61307845059683","26.419495093158318","74.12969624081613","1529.0233681031439","836.8485396615977","10025.72461130738","3627.038066296788","Industrial"
"pol-1704","Tamil Nadu","Chennai","2025-12-16T12:10:25.363Z","85.24433968160068","109.37338036110064","53.8630078598305","7.291671536602323","3.80561959880224","33.99417408849087","36.85151318216673","27.263611258234967","1.7841135491018179","56.10368899721636","17.746849562347744","84.18758636178923","887.2859674476849","6715.537458271854","5517.581363974939","7237.695615837082","Burning"
"pol-1705","Telangana","Hyderabad","2025-12-16T11:10:25.363Z","58.27636820521289","291.15067819884115","15.384879610754858","9.725159703857146","49.350719458236526","4.257344067435664","16.73314516600561","53.24673611672625","18.098292280917008","227.91860710290547","14.276405852168066","83.7642167339772","1028.9981787298068","1909.2520388986522","18536.65412535522","416.4440849018436","Industrial"
"pol-1706","Tripura","Agartala","2025-12-16T10:10:25.363Z","99.63797155624844","242.48627312346463","20.104893928549803","8.368150089814396","34.53785080799959","49.41321741122662","22.486204341362548","26.962123582102084","14.608176664043935","187.72463009197836","19.768277724515507","84.82217880576232","1460.7709746956825","1856.3513698525724","16097.458353212816","9046.189016981802","Industrial"
"pol-1707","Uttar Pradesh","Lucknow","2025-12-16T09:10:25.363Z","138.71813128672392","202.89643489593163","55.91368387798803","3.8545502906315754","28.660576813363775","48.43195320801927","24.02314312398672","22.393512263932976","18.998447464876474","142.42858926065938","20.267855395290024","91.83060888904707","1990.5203554246382","9649.87764270763","6104.66653642443","9342.95285515928","Burning"
"pol-1708","Uttarakhand","Dehradun","2025-12-16T08:10:25.363Z","174.03135173544874","165.62184996135218","9.476189026752406","3.8430475604402945","43.35904815336822","70.62992708776","22.401070453339358","34.709433369144676","21.390569301045982","15.103047799123","29.342207203690048","78.42235276782623","1263.181442371367","2766.2076796265787","7614.0612857506685","1704.1049291749932","Industrial"
"pol-1709","West Bengal","Kolkata","2025-12-16T07:10:25.363Z","175.58877374346392","31.373399122534117","42.656140829373925","2.2007134761220337","32.30198720231011","6.176717102317097","18.871270921848815","24.233512803186642","16.14274304439997","89.51860592339303","29.226897825269493","82.77849482753848","776.8440975864694","6357.724286963264","2490.2567307514632","3144.170564479235","Burning"
"pol-1710","Delhi","New Delhi","2025-12-16T06:10:25.363Z","40.795093190705664","153.53788305495078","31.007833016939593","2.0830007706312372","43.82554922907935","62.13716028829482","39.857025176691025","21.30197088766644","8.809341719425943","107.17287428204999","12.799635532036508","79.36489993675839","644.2146394667068","3214.564564590143","5981.0002028931585","3699.743311941419","Industrial"
"pol-1711","Andhra Pradesh","Visakhapatnam","2025-12-16T05:10:25.363Z","148.90422819075698","70.53520892549366","45.36780311447643","7.918435958090687","48.6001357476492","69.90044660394925","24.4140154560028","35.97254976873114","22.524738374576717","183.31333819312258","12.92115117463019","78.34241293531828","1384.8546709298143","9850.767607189407","1354.5567004117643","5646.19841230044","Burning"
"pol-1712","Arunachal Pradesh","Itanagar","2025-12-16T04:10:25.363Z","85.22168873276567","2.7533246818558177","75.33601150921054","3.7786407117166423","12.442895335372855","8.632138760483887","15.488971325731354","54.48355962169532","17.144883125075737","349.8306250759944","31.099669792067516","74.71401319745405","728.7771513445645","3829.254477799452","7692.3832876655315","6743.344165476154","Natural"
"pol-1713","Assam","Guwahati","2025-12-16T03:10:25.363Z","147.91180742412408","39.99400690696822","9.297869656010569","9.721472764967938","22.013284537361947","87.42653839735613","16.089932742825802","54.85340697181258","13.22358540917734","30.489769404307324","12.40222664033076","79.55410395942391","562.090629820644","1875.0674364601382","14229.85242601454","1431.4107666928398","Industrial"
"pol-1714","Bihar","Patna","2025-12-16T02:10:25.363Z","124.59114341799555","126.49996269465717","63.301525182204294","5.783667203163429","15.115353557791911","90.182641779732","23.90287815649745","52.69415267070514","3.306010150400307","317.627468399247","11.102829256443322","71.10802208450636","794.8763047220428","8608.296632379022","2818.10184537846","2280.124373279884","Burning"
"pol-1715","Chhattisgarh","Raipur","2025-12-16T01:10:25.363Z","90.8498506004313","128.12365741168128","52.182399833333534","6.045505538985489","1.6181831370896127","86.46373081222458","22.892391630571055","39.36001198478813","12.32543136463446","208.45182589124713","35.20822803632173","72.9807056301219","1978.7582782528912","8252.204623825775","10565.678526033933","4124.206874845786","Natural"
"pol-1716","Goa","Panaji","2025-12-16T00:10:25.363Z","31.73115741751513","37.9702221278826","39.97214764824367","4.440249121568702","27.465150584359865","79.74991123567823","26.526732519248014","65.88315760995789","10.697520893214406","188.357812172216","28.68523620752458","85.06031604096859","1775.8857438998161","9914.009483483924","11561.888554182751","5835.1743264927145","Natural"
"pol-1717","Gujarat","Ahmedabad","2025-12-15T23:10:25.363Z","43.41585710921818","223.29705611940196","73.69532213051559","6.745212671124158","19.28679090026646","25.303273405556336","21.192633986815657","30.74177897261808","20.119410390704527","266.4796058110345","32.541015194757904","81.67912514449159","1826.9705262296175","8931.21900500148","3680.7805435186337","7937.73114087591","Burning"
"pol-1718","Haryana","Gurugram","2025-12-15T22:10:25.363Z","108.61148359394541","131.83478774898057","17.555158596413598","1.6226427148696754","28.352407362228455","86.7639351879797","22.044458858958514","40.69344869199301","16.404150702266683","356.18539227964817","20.773263899190525","84.1070197393601","1873.9929797916272","4987.7395260024805","9508.789665923054","6547.298045810702","Natural"
"pol-1719","Himachal Pradesh","Shimla","2025-12-15T21:10:25.363Z","199.96674796667332","21.825494447281546","27.852914046032254","0.40432305376899347","1.052234604395913","33.72832067174018","33.868156012362434","75.45012081727303","17.18765939148725","331.49361530686656","12.490860329353087","86.62063033941354","319.91849378546","4984.842634468883","2099.7744120855664","3683.9297551488016","Burning"
"pol-1720","Jharkhand","Ranchi","2025-12-15T20:10:25.363Z","58.28377815014916","232.78861891437577","25.25953874848576","1.2315851969547909","32.24461911254987","3.416854076350606","27.233204319369055","23.148947095662248","9.68476588608907","330.73348083713563","17.852812842360965","79.4424805468135","1969.8073612385276","3734.5824745007926","19685.13347675257","4509.095143611811","Industrial"
"pol-1721","Karnataka","Bengaluru","2025-12-15T19:10:25.363Z","180.41778795595093","83.28855689886619","72.45948285709959","1.0481279620708484","28.850560652866186","34.23489782682297","23.227474286293436","71.85423504051523","9.323456668528912","66.89902721969145","15.839576342685959","71.24267506272865","993.2980773621174","8132.262908613949","8012.44536867046","8515.25639828348","Natural"
"pol-1722","Kerala","Thiruvananthapuram","2025-12-15T18:10:25.363Z","189.59846652163756","283.02138147860995","24.379780923565875","5.244729305933733","39.216628287053055","3.321013320542854","39.55005782372869","59.42843084957234","10.564609625387853","286.50949149680207","25.32037093370765","72.99928764344249","1829.7467929047334","4296.158819768051","11398.96286790706","7163.640802487783","Natural"
"pol-1723","Madhya Pradesh","Bhopal","2025-12-15T17:10:25.363Z","65.98226840233366","14.602008531020028","66.53555978660883","6.762809631537776","47.2168691097431","61.61020132247448","24.74558298743451","37.9011171279205","3.888703123159551","212.8503958037003","25.30944666139367","69.34617941300911","988.8324896577075","1940.930163932104","15712.647644053539","5762.732011092995","Industrial"
"pol-1724","Maharashtra","Mumbai","2025-12-15T16:10:25.363Z","28.97599227075418","194.02829207575752","15.543238492975906","9.748547587752087","15.480265194598319","37.48539640572457","20.538471530380875","72.5423378656904","17.634428169006956","140.25985753225993","19.654275835964448","72.91653572910458","1007.0738276155355","9833.077586457192","11368.837270157417","4261.902472042199","Natural"
"pol-1725","Manipur","Imphal","2025-12-15T15:10:25.363Z","139.4792227345626","231.57206266451814","76.1223089886674","9.580868295259814","26.66084474648494","82.30505294773293","25.688755680608637","44.390287884791675","22.74247390856644","295.4482563999033","27.715969121195183","79.37908485378131","467.9053978943422","2697.7973934533006","16732.19007440591","4305.166447839928","Vehicular"
"pol-1726","Meghalaya","Shillong","2025-12-15T14:10:25.363Z","161.62553086746553","226.82902590164198","70.5464180209581","6.565343996581017","6.093885543060634","17.758891517932483","27.85929408107757","49.91887439046043","10.381038691252392","306.8192644475192","20.445111414166707","83.45202520941385","656.9898503600745","9554.256988786408","15783.61710207554","8434.367149412978","Natural"
"pol-1727","Mizoram","Aizawl","2025-12-15T13:10:25.363Z","53.825218077170334","259.56547587120644","7.51527307769706","8.64419421768538","9.818152081522651","53.72445990457003","30.745258827607344","29.573003316319536","15.3086576280576","259.042028889981","30.500827700868243","70.15815412979315","474.939334709118","7954.071629608616","10777.516320187693","2984.5125138519","Agricultural"
"pol-1728","Nagaland","Kohima","2025-12-15T12:10:25.363Z","90.52574898602413","4.2256178409009415","4.699149101758584","6.203072455790574","39.046101093831794","70.85315602245407","16.43716835005034","51.631804515087744","17.557837936892174","61.30622848149663","29.91947045058302","91.74396465158208","1799.6316521727615","4213.2466689317935","18618.048194702067","2870.5835759916154","Natural"
"pol-1729","Odisha","Bhubaneswar","2025-12-15T11:10:25.363Z","119.18608629446588","288.50359101996673","12.681705096605018","6.644758543100867","41.52482052260428","58.49024368145729","23.818778005663972","26.416108129067148","6.171742944511593","171.24004115148188","25.94788503599038","82.52467504276974","1674.774953719905","6813.289607897085","1897.1496801560806","7476.833288446757","Burning"
"pol-1730","Punjab","Ludhiana","2025-12-15T10:10:25.363Z","18.103214159986123","65.60383619050529","48.06021180087824","7.926005755463409","40.053475371150704","36.15701596228763","30.81488032894221","35.522649762576286","19.54468758895382","236.84089844325163","27.40651552405875","78.01721149739969","1379.2161873529344","7622.376861476473","15284.544908920925","5417.336104668755","Natural"
"pol-1731","Rajasthan","Jaipur","2025-12-15T09:10:25.363Z","104.52227744493206","122.06052796835564","23.160584261742095","7.675489938057314","40.12983639093235","41.81508673337897","15.715710723844918","29.634432509745608","15.776018800739223","323.9484211573449","31.80167646338372","83.93283260920907","378.62696375116747","8053.053906612246","19871.076039554733","1023.9506601183268","Agricultural"
"pol-1732","Sikkim","Gangtok","2025-12-15T08:10:25.363Z","165.66268853226518","254.66817540213813","15.033107503204803","8.085925018856852","21.770392764094517","26.138932936421043","31.799602940143146","44.37639199911866","7.416464574973161","96.92553459504687","34.227786391904516","68.4963247280385","1053.6076001098397","9836.812717489913","1877.4351938140544","6220.875367657962","Burning"
"pol-1733","Tamil Nadu","Chennai","2025-12-15T07:10:25.363Z","28.81749183267619","221.83255760673083","57.43120555208194","2.967072942006559","42.36919291428675","78.17135093990323","38.502251484708985","70.16824451915022","11.438935073182805","195.90657439842636","9.506961975449892","78.53812202458339","1010.6592506896517","5101.859108987419","8743.812016160655","2557.3185643699835","Agricultural"
"pol-1734","Telangana","Hyderabad","2025-12-15T06:10:25.363Z","17.668489418727027","176.1213150514334","22.187379872043067","5.650776475897056","39.72718172722478","94.7541108723733","36.47284395376333","45.19163331358598","14.510151685522072","152.04214504210213","10.903031086613353","92.72958615581324","945.3326362899656","614.0057558229583","12679.670048331422","9790.349788547064","Industrial"
"pol-1735","Tripura","Agartala","2025-12-15T05:10:25.363Z","96.531810365273","136.55247415494702","19.48059818259429","9.140989050384322","38.40436402407228","55.85290139485196","38.949796354554614","67.99381564847258","10.551806021524305","119.01073832459194","19.97075760776655","68.66943955578928","1060.7192946084463","439.02340433622066","3915.1773772672605","4147.305178561749","Industrial"
"pol-1736","Uttar Pradesh","Lucknow","2025-12-15T04:10:25.363Z","149.16472523317427","168.9050361497807","57.67633290536081","8.925288635400946","35.265651540184955","96.4545626590032","38.96734388788376","39.540287588914566","23.95650026598874","118.705224595601","29.459354279842213","80.09911962641485","735.8976393000198","3383.245823500289","4407.053589762812","8289.434897758732","Industrial"
"pol-1737","Uttarakhand","Dehradun","2025-12-15T03:10:25.363Z","117.7891935658558","97.27036289238998","66.24624342436115","0.7513255521146256","31.249723415281426","69.2802799588687","20.709880003957196","58.141725526820274","10.640361949480406","131.59248255310922","28.988522404207213","69.17237977614447","825.5546339155966","4934.877003153064","18303.494952789843","4400.0496560925385","Natural"
"pol-1738","West Bengal","Kolkata","2025-12-15T02:10:25.363Z","159.02554337462885","260.952283323411","79.26034966451284","0.466018957204436","27.000280567011774","79.40810560343047","25.569725886093963","20.07950916373708","21.292581340177108","242.0027779889261","18.73587703219119","89.56655542482889","1265.1056863829679","1017.6329659911743","15905.94102316527","8634.016725721796","Industrial"
"pol-1739","Delhi","New Delhi","2025-12-15T01:10:25.363Z","194.96636032067354","267.3546702295613","59.698437584571465","5.935718738761433","29.37765537075489","58.74866880127272","27.18106427340947","71.76382247982076","13.130361055089454","83.60185107938925","32.55368508511228","85.11684040706194","1427.5646134957049","751.531066976917","3740.0715346206257","1461.7610954085335","Industrial"
"pol-1740","Andhra Pradesh","Visakhapatnam","2025-12-15T00:10:25.363Z","198.05347764868785","10.336639307054496","25.843074568800198","1.3039953564590245","34.28849505474952","77.97746981695398","29.32754431335119","51.84188418600981","21.529736846701155","8.89543108795805","20.600401031523482","91.25436203578087","291.4486437733663","5739.6704878668725","14890.383193604193","6553.657670179166","Natural"
"pol-1741","Arunachal Pradesh","Itanagar","2025-12-14T23:10:25.363Z","169.95239979928886","254.72169996709658","78.06216217464221","8.152813088536655","34.2204162679963","84.13646187920776","19.578068934683245","71.112545627581","20.25479259703607","306.64128657488004","24.430997378231282","88.07197180003178","1117.2745462794965","3328.8723800246466","7031.683137323421","7099.463581247908","Industrial"
"pol-1742","Assam","Guwahati","2025-12-14T22:10:25.363Z","91.27381715015414","289.64790341148307","16.35266594561341","9.707761684201449","49.22305178271647","92.27601323357744","38.87900326722033","55.72913771563699","21.55335758398793","359.63983466927453","26.735913431422578","89.6791390492809","1012.7650956258021","677.1488011219917","14989.859309443384","4131.034932942428","Industrial"
"pol-1743","Bihar","Patna","2025-12-14T21:10:25.363Z","124.06210162717386","93.34196965433931","69.20973012655747","3.8699411914911885","31.432718941353187","14.77159671142193","24.276684420755778","22.8464627197942","24.536878826016398","16.238602587460434","20.875089982545745","84.39661067371658","141.19681754928192","3413.200912637231","15967.844789509863","188.5930482141196","Vehicular"
"pol-1744","Chhattisgarh","Raipur","2025-12-14T20:10:25.363Z","38.0826871483867","239.6783798086017","37.160030486669484","2.4772626768423276","17.51830539592673","39.923428928562856","37.469112313992454","51.207291154758245","19.87013157746677","47.82026863100937","21.76075112053164","74.77965046123033","340.0824404506577","5131.273440763172","16335.033259986023","8106.392015805886","Vehicular"
"pol-1745","Goa","Panaji","2025-12-14T19:10:25.363Z","166.64813261471514","232.5627329846338","0.8225865930015264","8.989292349486147","20.53417280801505","11.968107271359528","39.41424909730675","39.592982653397854","11.92566790313802","235.91897295746227","13.763585397020858","78.85872140275958","1566.773491025718","6434.274709814711","6035.634195067969","5938.776687294115","Burning"
"pol-1746","Gujarat","Ahmedabad","2025-12-14T18:10:25.363Z","180.00650509179187","152.34023434496171","56.66966297680875","0.8506293335498116","9.768395369287719","68.5712488676732","16.892515373162006","75.78162915702711","4.630383327950968","265.34529536173653","32.02174993164535","92.47390769351615","560.9156856654233","5772.87819989088","16461.71682247131","3571.29818525458","Natural"
"pol-1747","Haryana","Gurugram","2025-12-14T17:10:25.363Z","120.23963375128237","272.285127362488","32.07400530841298","3.2965790393662484","18.710436816442705","76.52026156331942","34.58702592910918","76.06178704133472","17.589623684688707","166.56173343118212","24.85854026004252","77.01876349946612","1796.469005846933","4152.82979271659","9533.82244292954","7660.628816296851","Natural"
"pol-1748","Himachal Pradesh","Shimla","2025-12-14T16:10:25.363Z","136.8975673939849","65.74767715311644","51.61336316864498","4.226477179392046","31.22454843922251","12.057886519715844","26.88246076469767","23.415366140727386","18.201695632843347","93.59082982397315","18.21582391842982","84.76247693414071","1532.3175137305382","2512.123402878709","15976.283994491358","6447.455176923719","Industrial"
"pol-1749","Jharkhand","Ranchi","2025-12-14T15:10:25.363Z","194.759709244315","221.50432554882715","71.31561404266945","7.831285155177453","25.243190422098056","97.41487209209296","35.15243812864378","23.721350301109336","0.5425549573215782","332.02837765269817","33.368715000169274","88.74753508862621","455.7412370861029","605.3807009068856","11678.259975175877","4417.968778372378","Vehicular"
"pol-1750","Karnataka","Bengaluru","2025-12-14T14:10:25.363Z","179.3752302919504","107.87949497733632","43.02647489271333","7.755562406777398","45.52406864061877","11.27862956425597","32.18445780486101","79.9718995014448","21.423990902592983","253.936385859704","11.45122306710497","86.21981282000267","951.3892221395264","6357.255111907767","13458.765286132346","3480.1654123286175","Natural"
"pol-1751","Kerala","Thiruvananthapuram","2025-12-14T13:10:25.363Z","197.13075677478878","33.083572255277204","55.066706545437526","9.193047625671566","44.402633798665704","52.66185620864092","21.20050851485508","76.94311208867421","0.3214979571740689","181.03608645852117","23.357921177749162","87.33965558815143","1011.3840775393824","2964.17780524493","17638.60144575233","6985.426708410631","Industrial"
"pol-1752","Madhya Pradesh","Bhopal","2025-12-14T12:10:25.363Z","190.71645285981708","282.78066571980173","60.94659185663022","3.468473512000166","41.113967209532","52.189336163177614","33.38507576178876","67.57305695082361","24.28199823558571","357.5409857427692","13.128219501609424","69.08744985422656","807.2885379281855","1307.9461002972903","7350.965998739003","4122.347928999736","Industrial"
"pol-1753","Maharashtra","Mumbai","2025-12-14T11:10:25.363Z","101.20401795146188","92.40305511008955","47.88335428713701","4.076089421198933","35.14208893606811","13.225502973503234","15.549826025541542","34.641862704587275","18.338997672766023","288.82523147780375","14.698457955967378","87.86915162124434","1216.5145924553685","9314.359529858513","1744.4735826760582","9433.69175528148","Burning"
"pol-1754","Manipur","Imphal","2025-12-14T10:10:25.363Z","100.38529798270714","120.8605872231372","25.656831653631507","7.7135873283307905","22.91045790041571","36.66040217582272","32.78717809896406","79.58224300022854","19.129855893686916","133.74662909771956","15.922258476180989","88.16171526222935","1217.1082405978475","4925.91641739381","12050.207332436898","5414.272926414764","Natural"
"pol-1755","Meghalaya","Shillong","2025-12-14T09:10:25.363Z","123.39519920185744","205.39976002363682","18.37493861828574","5.8792602038709205","18.51364362309334","26.953023752128736","34.6849467885244","78.86005715523714","8.693680613125554","203.59856526686795","16.640293334548645","77.92543805326393","1690.431297974203","2312.311863258604","14218.11605729936","1788.4155409988057","Industrial"
"pol-1756","Mizoram","Aizawl","2025-12-14T08:10:25.363Z","194.23556797432596","287.93625228681844","29.586175737279873","1.8299987510723859","34.90121426275633","91.01564450408942","23.332121387502205","55.68924255856867","21.078483899139226","251.57503378060383","12.672512454201668","73.44144588824533","1803.5474029253435","3553.7554525936944","5892.061802599306","7847.389972076207","Industrial"
"pol-1757","Nagaland","Kohima","2025-12-14T07:10:25.363Z","114.60830900897747","190.83426864549935","43.83261933483574","7.329901672164793","6.535631000480962","53.71521838492887","35.26483682506568","23.97896530974027","21.836627623065507","141.94517971177788","13.384539697804486","72.1244469776836","802.242656882975","7003.6847471917245","13674.440708606942","9348.70952905161","Natural"
"pol-1758","Odisha","Bhubaneswar","2025-12-14T06:10:25.363Z","118.37714160709247","7.727979556747345","58.01950970094037","6.002193738066986","1.469248801794687","90.18250075168052","28.550075917262255","62.771817035601025","5.6817145850315525","146.641993306115","18.589601105548837","68.38843065432874","423.1413500353125","7422.192749532243","19877.826025744223","2493.8619082541045","Vehicular"
"pol-1759","Punjab","Ludhiana","2025-12-14T05:10:25.363Z","157.14313766929791","40.06766975727317","30.632819795048746","2.369329947146517","14.487555991603868","20.67960745102266","26.030363254616745","75.43055285850215","21.891502726179574","320.38526690461833","18.192292322355808","83.86505319731594","1167.9882256837966","9834.346535079434","14452.98349244717","2651.4189940112055","Agricultural"
"pol-1760","Rajasthan","Jaipur","2025-12-14T04:10:25.363Z","64.60116281707451","145.89479413104783","13.872537553795263","1.0691033886789658","15.078043244378264","28.659081760776374","28.976107310904283","29.22786041669393","10.639665046516955","50.25102931480105","10.873672033071852","74.94466363313843","71.91457959763481","2479.0769297311244","1993.4538215569075","4942.077004982159","Industrial"
"pol-1761","Sikkim","Gangtok","2025-12-14T03:10:25.363Z","29.48374987525202","280.7476442285112","59.330004899305074","7.416668606800155","5.120932550823709","40.41138929138358","29.474807278744876","76.99082249126272","17.003466694094378","219.5412411863965","24.763463874093734","75.3651218887142","1042.8727061289214","4546.853507320596","13775.322972016673","695.1242947886893","Agricultural"
"pol-1762","Tamil Nadu","Chennai","2025-12-14T02:10:25.363Z","100.24345544088902","118.90742918126656","60.42422610518331","1.7391302466091152","24.38934574218013","34.384966253928376","38.407596859269184","60.81198832563708","1.0834241704408332","104.23468393025384","27.5211588232478","82.62677129203674","1294.212514666728","5131.634974447186","2499.24114168534","949.6098957659327","Burning"
"pol-1763","Telangana","Hyderabad","2025-12-14T01:10:25.363Z","117.13983316114633","195.28373136168682","3.0801496388778737","2.5588585689381063","24.50323241769245","30.319511065849134","23.285146467890225","25.598828042151982","23.008632746474095","13.953890434033628","33.55912322040357","84.95402902857577","1575.6669102904784","3371.5179318841983","968.126075912179","6903.031126799998","Industrial"
"pol-1764","Tripura","Agartala","2025-12-14T00:10:25.363Z","55.16389631707437","180.36876175960026","11.30834523149363","0.6911012202325806","36.33357203746258","68.48399662205222","28.53188049674992","40.96404618965619","22.68353432457572","83.68953243261889","8.022341603130911","75.04351970872294","867.5535108193213","2057.7130384833677","6501.634839504995","2708.388747225682","Industrial"
"pol-1765","Uttar Pradesh","Lucknow","2025-12-13T23:10:25.363Z","183.6156611551202","204.928509446065","69.70197807231416","2.2435164113511163","15.194091536218751","95.76794657760503","30.90867397952774","31.410524206517714","10.519393183506665","94.45079458548179","23.571252111784627","70.15666902578475","533.0794412159985","4172.210972024161","12853.890637765317","2416.1781551477425","Agricultural"
"pol-1766","Uttarakhand","Dehradun","2025-12-13T22:10:25.363Z","94.38938659807437","6.2202754209955575","51.859292636251915","1.9819098066398466","29.48703414927779","46.88427600429177","16.80750278595489","22.637446860922275","17.645664467339707","171.14346674420568","13.874396323600312","69.51469400551238","1764.059506362034","1019.4185006743917","8016.910685129841","3813.5148079253245","Industrial"
"pol-1767","West Bengal","Kolkata","2025-12-13T21:10:25.363Z","9.774260644214984","128.62970737204725","70.59696677489617","2.1748771729484995","39.3682452875203","80.68912265343128","16.64872933677359","23.1508493023761","10.516168679169397","102.52653344152928","13.148643220358242","87.76738577903467","1050.9964420306278","9652.662114247445","15172.689711877345","792.4368730375852","Agricultural"
"pol-1768","Delhi","New Delhi","2025-12-13T20:10:25.363Z","175.29887206538257","259.52363146122394","58.43809865100482","6.280168009743417","5.732406851500748","22.054276429637444","28.50788738452925","36.63059003419974","18.760794338289216","62.85311775412786","12.622658473792072","91.46998697877602","1540.7781614240744","4778.94297560653","14884.407470455215","9048.022458141422","Natural"
"pol-1769","Andhra Pradesh","Visakhapatnam","2025-12-13T19:10:25.363Z","24.237824604841652","283.79808788797305","8.487050841484818","5.764207312837314","25.38389075943374","80.46682925639071","18.491654135549908","46.582147039550335","1.1388074839302098","299.04483448949253","28.534457354545932","70.99741696743607","1673.647055624005","4122.728528479141","2263.4258345281787","4598.71646838597","Burning"
"pol-1770","Arunachal Pradesh","Itanagar","2025-12-13T18:10:25.363Z","17.17071105193062","299.64572382253374","44.78246068849967","1.478208649202707","2.69393607151725","96.2656742973645","38.78956627383663","57.58431796030547","10.650996115163803","131.0590650798827","26.54442205762727","81.20721893078479","1135.3724634889006","7252.278577750451","17605.18274256024","1496.1254530644385","Agricultural"
"pol-1771","Assam","Guwahati","2025-12-13T17:10:25.363Z","137.82797537044084","75.28932459748046","52.68867402204934","9.015595319534365","31.012008319738886","93.93693541662302","29.498052972161084","69.96766995221154","7.099449355774396","214.43193236551147","12.006696756477869","68.81739707358425","438.03300401280643","9039.879851785865","7706.93364714137","6121.425180776544","Vehicular"
"pol-1772","Bihar","Patna","2025-12-13T16:10:25.363Z","81.26973291667225","143.91110121160222","24.69543264201168","2.6680379353075043","37.6109342251127","26.564952346445246","18.802024839492876","37.6278044771827","0.518221745411443","257.47747370964595","27.52539760283232","73.16496359842644","1893.1380362081177","1447.8319540250995","7458.7229186976265","919.1142063185531","Industrial"
"pol-1773","Chhattisgarh","Raipur","2025-12-13T15:10:25.363Z","122.19054913414868","99.65894174844676","10.1821747484151","0.09646896815379224","38.19146825922743","74.5229127486961","20.326451288378166","26.2244313315814","19.170251911507506","88.72371600230092","30.08132020316752","81.49356109210532","662.8173632268006","7653.204196818077","15381.416620626405","3486.9286030624626","Natural"
"pol-1774","Goa","Panaji","2025-12-13T14:10:25.363Z","64.6360208740812","71.11865479905465","76.55715931096329","5.217960125315189","47.04105035056656","84.5669203831501","36.87212290379141","63.36190811746387","18.94502072768813","313.72009644139075","27.228624715695307","78.56224792108526","1898.0590492360143","6614.58357975373","4849.261138012648","806.7184691465457","Burning"
"pol-1775","Gujarat","Ahmedabad","2025-12-13T13:10:25.363Z","163.77364899861385","52.55394995310111","7.895510128502368","6.921699372047669","8.975841986202527","52.722225420626465","25.937216632299297","26.78874667544067","5.044151741397634","206.1836593485213","9.606304810941875","76.69170018886464","866.9398160033728","8015.490056508495","6702.92132105251","779.6317214820436","Burning"
"pol-1776","Haryana","Gurugram","2025-12-13T12:10:25.363Z","19.17806272640512","217.38312653985747","13.49519140156799","5.651023215701816","43.35578993191642","69.07999983379993","34.82459030083652","33.366534747756305","7.715666678477989","117.37156689862462","13.772487455332069","84.01430628048033","1811.9036847034026","292.36292721287583","14009.479249557608","7147.733034340626","Industrial"
"pol-1777","Himachal Pradesh","Shimla","2025-12-13T11:10:25.363Z","9.141127122718462","197.74928081261692","36.20181639226247","2.9751136050218197","12.13899446763323","49.21935107463581","31.268197095568","63.694560956926495","0.38810055824946843","45.08609396672209","32.55708790529404","75.73564011740498","690.1569604823526","6920.30180259524","5770.921567308465","6451.040600868369","Burning"
"pol-1778","Jharkhand","Ranchi","2025-12-13T10:10:25.363Z","137.52247242448885","259.1262444170916","22.46673737428398","9.58515466471342","31.56736502671939","50.839712440218875","30.804861136290533","32.91176551850811","1.3507348553049998","127.26856541173406","15.461979513696972","91.81832025350226","1901.971731592635","9788.297404755676","5534.023649055622","8413.559741427973","Burning"
"pol-1779","Karnataka","Bengaluru","2025-12-13T09:10:25.363Z","159.21292498696562","285.82237152321716","63.19739692384889","4.868213712689795","14.320096066970667","79.89161012515535","21.531815077019743","46.52312369232622","22.848816641696974","63.51190059493839","22.115519798427755","86.66335545716603","1444.1944315803412","6060.159063597337","11917.201503172717","7198.39963772896","Natural"
"pol-1780","Kerala","Thiruvananthapuram","2025-12-13T08:10:25.363Z","11.110387460109683","194.93750141022028","2.7411216726787657","5.636776621101464","27.438843880440487","91.38255367269734","22.693046105382024","47.568517068075465","10.087024415358181","145.36411903505436","8.83818642730158","70.20607305196599","921.7585130939136","3988.3697461391953","9861.449464955293","2125.2237360766712","Industrial"
"pol-1781","Madhya Pradesh","Bhopal","2025-12-13T07:10:25.363Z","19.320575587724242","281.7423570964008","4.223386417888415","2.163066909556294","26.913108660627174","87.6226118770497","25.534409852022115","34.11339559435784","17.54720104188417","140.04903243137332","19.605096614726975","85.26197766476969","392.0749317933017","6846.823904877913","14015.088456978638","3791.2665071573047","Natural"
"pol-1782","Maharashtra","Mumbai","2025-12-13T06:10:25.363Z","148.51297967114874","210.88772464710146","16.46121268402169","0.2039819699919243","24.79477091362171","33.28622744375728","39.820772392462985","67.37302408836052","16.88340495836016","184.30291259248858","15.329973057805777","81.9041920835036","908.9717203865499","8925.95769155578","14316.020050563851","7263.579673782199","Natural"
"pol-1783","Manipur","Imphal","2025-12-13T05:10:25.363Z","109.80481279223496","281.86344701975185","16.666806366416402","4.155859229145463","48.786665830574336","19.63683724696167","23.948497422232066","43.212935108753214","6.233968695480368","18.587979451843776","20.955835740631173","88.78897311148278","1766.4266643600026","1473.1223671149573","2767.0595079235018","1663.446477064564","Industrial"
"pol-1784","Meghalaya","Shillong","2025-12-13T04:10:25.363Z","127.24872886950433","47.979344438776536","60.97851032639085","8.118696527636892","32.40349233989428","71.77662711480397","31.568553590721425","20.724091231514418","13.372250815197233","224.56538973601454","30.561927113620385","81.63913444767665","1156.194271828348","4224.823285270467","12357.537094417392","6458.358526287604","Natural"
"pol-1785","Mizoram","Aizawl","2025-12-13T03:10:25.363Z","4.164027842530338","166.5317684881566","62.256352800932326","5.452728389974384","42.841296059806176","22.796163433388905","19.162135585109326","64.19078155283141","12.075733854985337","28.63868958663332","25.44022758728626","91.45612358866683","1507.4140272697637","3566.626811153245","9626.27134417829","8170.296276213358","Industrial"
"pol-1786","Nagaland","Kohima","2025-12-13T02:10:25.363Z","9.979421950080013","146.3559573339494","11.566355633984315","5.592264751787886","30.051104392127908","5.000936702355563","38.36680230597721","24.795297352249108","13.325395129477618","121.47343462764746","19.961862032153377","80.64347086278421","1332.2347146027641","290.76918321045866","7509.369821469776","4542.283881908531","Industrial"
"pol-1787","Odisha","Bhubaneswar","2025-12-13T01:10:25.363Z","38.9240794939395","24.606833606222978","43.12062893752671","8.832748433872048","49.698980278039414","99.86015683009111","39.42279518696098","40.34890650409148","7.438871487957222","338.84316387420625","25.901019073038796","72.56654729061776","1330.891340168157","5920.969154609547","16268.839677893317","2911.6236401028495","Natural"
"pol-1788","Punjab","Ludhiana","2025-12-13T00:10:25.363Z","146.27564027453917","265.3575283809526","74.58508757985527","7.146293161309835","17.014490422320467","89.09477871167039","36.55138786144428","67.04734033894846","15.672659083077779","21.507680468564466","12.216563420967924","87.09836201730405","905.9905176240601","5553.153912682272","5838.705753391658","3323.7441139317657","Burning"
"pol-1789","Rajasthan","Jaipur","2025-12-12T23:10:25.363Z","128.19043780792734","106.66911634742853","23.773132148512104","1.9957533759437596","8.975802156824209","41.08191646263462","38.13469800021676","43.74339722717296","24.031977520520233","291.81491265865264","15.599166684073973","80.93110051236599","1081.2966351810662","3276.5791512149012","608.7857710942978","4011.4729049717203","Burning"
"pol-1790","Sikkim","Gangtok","2025-12-12T22:10:25.363Z","164.7644676907138","6.718526221337018","67.15945854634539","3.6580046148566305","0.938710527968617","67.09824677598381","21.464693430195446","44.91481087792462","20.84204103823636","156.59551817524581","24.50056154935843","81.79680518423073","113.47270798974796","3834.5100038589","5355.937581372943","5650.3017699519405","Vehicular"
"pol-1791","Tamil Nadu","Chennai","2025-12-12T21:10:25.363Z","76.4747318913818","130.61689954323384","17.391011339384992","1.7583923451209527","8.820153171435424","77.68407711735533","18.05904772050351","23.73109131926062","1.489514504525638","307.26720874680706","27.712622294705085","74.77864911943871","1011.580452146984","2194.546442127934","6586.994851481411","6626.680877480017","Burning"
"pol-1792","Telangana","Hyderabad","2025-12-12T20:10:25.363Z","0.27164300955906384","49.63760597782123","70.60739249209034","5.655609271095267","20.4119133010978","76.63731512302684","19.52928959719771","60.40949159889307","3.484334461538599","105.56379337351864","15.538753322642052","79.16642848430932","1309.4709821114582","5198.117121652125","7658.115742365821","9658.48591961138","Natural"
"pol-1793","Tripura","Agartala","2025-12-12T19:10:25.363Z","74.7695688173929","100.41124013707979","45.35777467906634","0.23107444669771438","49.0460129069194","82.2849763926976","32.4127233584409","43.20725146238598","4.67467465098535","263.18391650416856","18.125923627222317","87.81017409665743","1383.9915311319817","2521.5251658214397","12356.711460879858","2168.8126116292106","Industrial"
"pol-1794","Uttar Pradesh","Lucknow","2025-12-12T18:10:25.363Z","196.0411343628409","193.03946283694663","61.654006633984544","5.651577190086826","31.72037623210948","87.70886292049008","22.274516259741628","62.75182709495708","23.079510030453875","250.55074373595866","29.903917331430105","90.4734834760532","421.6220896994174","8025.991313035667","12669.02918237044","2778.708421098147","Vehicular"
"pol-1795","Uttarakhand","Dehradun","2025-12-12T17:10:25.363Z","85.96633820889974","181.2010490983484","5.042199034318076","1.9534167763705035","6.842386602788658","35.77665497717511","36.64657996413855","37.29165171602325","2.173864351472904","314.164441210007","10.601346488213132","86.34696786469377","459.23085376453776","15.618202787771596","17676.70844343764","1714.7914039596478","Agricultural"
"pol-1796","West Bengal","Kolkata","2025-12-12T16:10:25.363Z","137.37238582975854","12.237655981034257","60.5750331195283","9.491080328349774","16.622137370786998","36.999094373560304","17.882180867946495","52.57362190976124","8.041622898633142","209.1667214289484","26.46399360952219","73.89373482434206","126.89411135142836","9849.342216026256","12029.548526190503","1499.2192737179755","Vehicular"
"pol-1797","Delhi","New Delhi","2025-12-12T15:10:25.363Z","155.94038385831598","179.55873660712973","65.7955740038653","8.343173401475529","40.41081526948743","4.31458402128283","31.290692659995873","77.08112625626379","13.558601656221287","64.89896758688","23.44776679928482","83.27197423281459","1994.0726907501487","1562.9258511835708","10750.757149181383","5809.73012195704","Industrial"
"pol-1798","Andhra Pradesh","Visakhapatnam","2025-12-12T14:10:25.363Z","119.91582798875093","139.4614231629382","75.4677669711198","8.533981591596714","44.88929445543205","89.00236102949778","30.662223033107935","62.944024066273265","17.27581724919817","231.076714620184","21.474722415013527","92.64918161202803","1483.3137328102594","8579.126417661204","19521.267080128884","1296.6000519319332","Agricultural"
"pol-1799","Arunachal Pradesh","Itanagar","2025-12-12T13:10:25.363Z","41.10391671643914","129.67607552632683","78.56229079256096","8.466045316213448","26.310626432055606","45.16095192563113","37.47947741715802","69.98086468952982","18.083342745539813","318.3572672809531","12.247457034005933","91.66026328691166","652.1147711114465","599.5082379427174","4861.239216660953","8085.203617111325","Industrial"
"pol-1800","Assam","Guwahati","2025-12-12T12:10:25.363Z","54.706079430998386","160.75516770580418","17.097187491368153","2.1169251542369585","21.730029202310558","71.77360647746195","15.346995486764381","42.44817800753936","17.517337682106508","274.8926254856111","22.624199620499333","85.17480118046237","685.8036989641727","9870.09843224051","11890.425552354522","5089.989940608306","Natural"
"pol-1801","Bihar","Patna","2025-12-12T11:10:25.363Z","23.07795835017248","117.24865419066037","32.83974429405038","0.6367301697280048","35.990301125142295","40.21829073556924","19.406785743873467","75.74644219242025","21.397199788486855","46.168877968356156","23.642896869443668","82.57861540327953","623.5129466081069","533.0983694833714","9270.000983328906","9559.669985170385","Industrial"
"pol-1802","Chhattisgarh","Raipur","2025-12-12T10:10:25.363Z","115.00726598510069","274.37178816856044","40.565120460644266","6.194754805609508","15.132368000610697","19.811552958889024","31.487432680712963","65.995530353461","10.286550801036151","249.9545029898049","17.040981978519405","72.99320895548617","40.80157331313528","8289.21557395563","9559.801336335802","2433.180026219579","Vehicular"
"pol-1803","Goa","Panaji","2025-12-12T09:10:25.363Z","113.95082975580351","143.4699616412935","19.1999025977473","3.950180865951399","21.545761605153263","5.326295012850057","39.188044064343636","39.496211621280644","18.488064339256464","1.929815147938636","21.851734683689706","76.93236355575361","845.0709435531916","9541.491141708539","10807.97435948638","2411.75819024962","Agricultural"
"pol-1804","Gujarat","Ahmedabad","2025-12-12T08:10:25.363Z","66.39614578294587","224.37631597750993","54.95799294165566","9.964695056891127","7.240218898438794","95.26303736016324","28.440274379401544","79.1827594184348","20.554884155407475","181.23104997736957","26.582934328645344","76.04569462817163","841.8361577342511","9174.586602017303","18767.899057087947","954.3499959246537","Agricultural"
"pol-1805","Haryana","Gurugram","2025-12-12T07:10:25.363Z","135.5394394194355","202.36090680906","27.89073906595071","7.868415208710221","43.001694322718755","40.19545409996932","34.26854801517971","62.769900429717225","8.8961335602836","161.5888322007031","31.779852296330095","69.22967590056608","793.550445385592","2543.414648774821","1201.147545892307","1180.540994013145","Industrial"
"pol-1806","Himachal Pradesh","Shimla","2025-12-12T06:10:25.363Z","181.78003325973563","287.8570424767551","26.654760564267484","4.2505752890279656","38.51902814737139","70.59215512983596","27.077973455623784","23.171214743231282","14.209669866640324","265.29906531350264","19.504858322478135","88.9509294777217","294.3731915293759","3832.9254972015246","18194.918816883153","8021.734625175671","Industrial"
"pol-1807","Jharkhand","Ranchi","2025-12-12T05:10:25.363Z","51.705916534975806","144.35357874424386","35.49606172910748","1.2545659466990744","16.389319926549128","69.18628790634689","15.959283423627028","53.465998821115896","3.586656993201123","258.0075912882971","35.32190476706199","91.73426302261856","920.5964760438803","8865.216522698089","15467.688691583393","6553.96787112132","Natural"
"pol-1808","Karnataka","Bengaluru","2025-12-12T04:10:25.363Z","51.65885960910681","177.32030121089662","10.446739648848338","6.282347343908925","8.51631508451421","92.32985222306954","26.034684276090466","23.842972659941065","11.073460592595316","134.7055148696314","34.69897866378954","70.29616104886384","848.0724756477102","4916.759716189701","9162.439368906082","4414.543516870883","Natural"
"pol-1809","Kerala","Thiruvananthapuram","2025-12-12T03:10:25.363Z","59.48323117353853","18.105158896221816","75.46635163804186","4.5720194617189485","11.171425196411056","42.240019517138535","37.171959425596654","31.528708623415653","19.34259133365678","278.26190432452205","23.43263772956921","88.12363162334185","870.5484733434434","7315.729883643017","7541.911772605085","8136.003106024925","Natural"
"pol-1810","Madhya Pradesh","Bhopal","2025-12-12T02:10:25.363Z","12.77341941356096","286.32757591286895","31.540883437698","4.732528960117382","46.13713715225138","75.44743800804106","31.334747901001105","72.08385033385272","20.006412711918166","74.56613243876916","20.723936014581707","87.18327770970664","1109.358133883446","4649.402138718778","14113.228939701521","8007.8250885606485","Natural"
"pol-1811","Maharashtra","Mumbai","2025-12-12T01:10:25.363Z","109.89953938203945","145.24803064575903","69.86124932186003","1.1588478371791178","5.35925547191653","57.8986127181543","15.181481151099034","49.75841024959965","5.739552577429044","58.446219020117","23.082773661538663","91.73927773508397","1285.8395321695705","4198.581307204051","17148.588175156892","4073.1477306528095","Natural"
"pol-1812","Manipur","Imphal","2025-12-12T00:10:25.363Z","26.006475883299984","137.25532629537648","45.75923676254797","9.999073558506877","39.104513202350745","5.981734811035011","29.894734582267457","73.85553460195712","3.2121529904309636","294.27709927580105","10.584299839690892","86.8914799848085","63.44512041218753","1889.835477490418","12395.547724132317","8353.212585518377","Vehicular"
"pol-1813","Meghalaya","Shillong","2025-12-11T23:10:25.363Z","22.21899751186345","141.15860486704136","45.778496027655976","3.1551956677087323","38.62531170024592","24.207278741616367","25.600023406570347","46.91629166072937","7.9417070727308445","101.90691958894733","15.534200070949325","85.20484421935154","109.07360653495158","6424.08330612212","5810.153075733145","8849.053050504239","Vehicular"
"pol-1814","Mizoram","Aizawl","2025-12-11T22:10:25.363Z","31.936989789877668","94.1959747047008","53.16187372057278","1.1045346096619968","11.440823788549798","57.2761716707589","35.71586739054563","78.20346476496545","3.487896913476565","269.79307888568087","15.899460881111017","68.25317337023164","1770.6620467743417","8074.241942428983","7488.388534864685","3868.160652307926","Burning"
"pol-1815","Nagaland","Kohima","2025-12-11T21:10:25.363Z","6.315262636205521","130.04779683245647","5.542470632342749","1.3648980870894356","18.112196923823305","93.75542738553916","35.122032776020866","55.053556050114715","9.00841193233537","244.97704320483453","29.89339897597355","76.96171623462459","1866.812986183442","7895.136080048142","6702.123890833666","156.54439160829094","Burning"
"pol-1816","Odisha","Bhubaneswar","2025-12-11T20:10:25.363Z","0.9444641015661448","8.562863705048818","0.2944751422010139","2.5726136275038214","11.932867947473703","46.249634649099804","29.97706724733766","44.5353280806396","10.835025815946544","111.5003978655159","35.36316523778301","74.67811243869248","663.4688556953428","7545.079258722788","2577.1396303536267","6763.7572283538","Natural"
"pol-1817","Punjab","Ludhiana","2025-12-11T19:10:25.363Z","35.015868724222024","243.5656173276979","52.798442614923566","0.9246066180805157","38.49045955643198","11.539620888202629","26.533044765080778","41.40125172647254","0.40620899443966074","306.6233457815272","9.376912346489465","74.34913748782496","604.7804105188577","6865.433311972646","13460.458126458261","8256.411297828921","Natural"
"pol-1818","Rajasthan","Jaipur","2025-12-11T18:10:25.363Z","119.96474870172082","223.7062188980804","29.21613962018915","6.861895532091561","41.384074062128015","73.56543129561172","15.783277234708638","24.984739980295714","22.90941576539506","150.3586598056938","32.9097982293017","71.36847592094936","851.5923160648524","5874.001142306354","12622.599232018894","2172.5011846129937","Agricultural"
"pol-1819","Sikkim","Gangtok","2025-12-11T17:10:25.363Z","93.54524460948379","137.3559312054046","76.18241364360742","6.656931844914632","30.900849594378666","15.746820940368867","24.74811877795542","43.33435559566688","24.97218549278172","269.39990856175416","20.61058696407223","73.87938130384907","420.9423238897536","7760.976212979343","625.0297621969426","2975.819134804859","Vehicular"
"pol-1820","Tamil Nadu","Chennai","2025-12-11T16:10:25.363Z","181.71244772876076","160.31785633176906","60.186194195698405","0.1868363606945489","20.376604332342602","74.72034598377913","35.19760290880828","23.54329821280953","14.112257396171396","12.50718749167239","15.92914348500506","86.37180480577227","1047.9857751569632","6277.197701611707","52.24192861979837","8453.257719268364","Burning"
"pol-1821","Telangana","Hyderabad","2025-12-11T15:10:25.363Z","104.21095644692188","210.9835644348483","78.96840907795823","7.773459557053598","34.903603223974045","27.960599708692037","17.730305800779746","36.0205827175714","4.710748688659663","320.7146513833475","25.426926016828123","70.17433183997214","61.15399596173865","7901.797409843843","11108.576770998123","9447.01543975905","Vehicular"
"pol-1822","Tripura","Agartala","2025-12-11T14:10:25.363Z","62.39003566326355","276.5885436525231","19.410435187653867","0.7656273316784445","24.472440585666966","10.807494168717046","38.93448574709667","36.56833906645442","1.7447285265984407","338.7783189787452","18.694700690196157","88.2888559512965","1770.8920042862674","3153.929402122836","4082.3429200051087","1539.5518583337964","Industrial"
"pol-1823","Uttar Pradesh","Lucknow","2025-12-11T13:10:25.363Z","153.90592284049595","212.13276418559246","32.84997406944322","1.694434251499226","35.67011627327299","31.69434472778525","23.02952214515672","43.512501800487364","4.6554085502674365","196.73482215386258","16.31089398655855","84.62948283453089","1464.1430652259253","8954.458926816544","5697.489086209102","6817.67863713557","Burning"
"pol-1824","Uttarakhand","Dehradun","2025-12-11T12:10:25.363Z","111.02542100827617","126.69653293802922","79.93601822200563","5.424175305856541","46.510580905809576","76.3748580259949","34.60833803111869","62.32504660728315","22.327643645540345","322.7302694293185","8.554807821821319","69.68564686056011","601.9460569499681","5397.987652732705","11754.919535490646","9907.89883475052","Natural"
"pol-1825","West Bengal","Kolkata","2025-12-11T11:10:25.363Z","130.50496125097675","267.9775716105835","67.71873582822498","2.002411789206997","17.0186935911955","16.48486901181656","27.04694384359861","48.070913420614716","1.2973898862391668","342.5944070604832","22.471869881881283","79.8452193579845","644.4495850303747","7262.590512795159","10119.78948598209","8100.1388665853465","Natural"
"pol-1826","Delhi","New Delhi","2025-12-11T10:10:25.363Z","198.070569854856","245.76759539763913","79.55186941192413","9.00988844374243","26.621661353345516","58.90579125313038","33.072115297850395","27.630641881155675","24.15107097251794","144.46306676367539","8.96150279634234","91.7948066938492","1882.652515441598","3947.370761351453","13277.020027129776","6594.703683753303","Industrial"
"pol-1827","Andhra Pradesh","Visakhapatnam","2025-12-11T09:10:25.363Z","3.9557406269332684","50.75280327552662","72.53641358096212","8.992026030781284","7.271076200969034","72.75771923492954","20.724544116797","60.51912724032329","7.71073955773679","244.26560253948693","22.272371208290622","85.3172391169471","1516.3127358538318","5273.612240684886","2357.5750062962684","7749.4526505180065","Natural"
"pol-1828","Arunachal Pradesh","Itanagar","2025-12-11T08:10:25.363Z","161.35961371548922","290.66017776485984","30.96582376737568","8.29386043920823","39.531946777802226","65.7470987511547","17.685424013016345","27.20535459143265","7.105655147612616","184.9155090348803","9.11581526312011","79.7982557857922","1057.4788667657747","9462.30513594566","7415.787987858862","966.3500452487028","Burning"
"pol-1829","Assam","Guwahati","2025-12-11T07:10:25.363Z","114.08849101285182","237.60170233889428","16.27245884939616","7.360209471673899","22.056702345746803","42.94655054992405","28.3863831131928","43.8139650228275","21.957641708325323","54.155370283598245","18.01010098386073","88.7427119530914","283.458780127291","2806.609831614849","19989.04678465055","7600.339603111192","Industrial"
"pol-1830","Bihar","Patna","2025-12-11T06:10:25.363Z","85.22318450954864","61.61424654202783","2.74729480315413","4.579815105672148","42.99616586845277","41.48772629049443","30.047653910576862","37.012131148304846","1.6080628844032274","288.7212656466625","18.704875808502077","68.48377334144591","1421.0781927938046","3097.017250706832","12832.360191900334","3236.5715265615504","Industrial"
"pol-1831","Chhattisgarh","Raipur","2025-12-11T05:10:25.363Z","75.34219863247735","218.8808880445429","34.73331409267591","7.886543327573424","44.32859662526468","88.76469377346943","27.565677654338835","43.511667073184995","20.498582921340773","83.56961746408797","33.30795669272581","78.80671057885847","696.9970033429538","1609.5736874834565","7729.967786147667","9742.093983666247","Industrial"
"pol-1832","Goa","Panaji","2025-12-11T04:10:25.363Z","180.72924176630337","245.09586582708195","76.3525481337325","2.0711816000457506","37.56466206130515","76.8962356024328","38.062102521491965","43.79094236626064","21.15521241527017","302.01606382825315","34.24176105910263","90.1332287893355","1807.2328666276903","9566.367791145323","19677.286245412288","6273.8339864092195","Natural"
"pol-1833","Gujarat","Ahmedabad","2025-12-11T03:10:25.363Z","30.76917856105963","160.77023743728813","10.09701011718004","3.7503489426570136","14.689868420496705","37.359350381365374","27.80202117061434","59.61840144463211","18.403183243712668","159.04929450204295","22.026001558689586","70.40792568030996","514.0293036789254","7526.65091092423","12369.89943698075","6034.541443461953","Natural"
"pol-1834","Haryana","Gurugram","2025-12-11T02:10:25.363Z","91.03372990197643","259.81801522485927","7.8433376508110175","9.876516166613635","17.513575816869764","47.60681469863171","15.358984840846539","57.43416019699711","22.38724295659848","349.2704479005555","30.208663098749266","86.29573597386079","158.396679871067","8350.654224456484","15050.146550759118","3469.533408416837","Natural"
"pol-1835","Himachal Pradesh","Shimla","2025-12-11T01:10:25.363Z","92.79331764416973","74.46912787379773","57.82247590908594","0.7815407288215503","16.199523024716743","32.19590878606444","21.210300146268956","61.19030896048461","24.839739317606917","130.20781751009045","10.291746453225528","75.03886873045737","110.61908772870699","2420.07311373138","3795.2470706498943","3905.2923711799426","Vehicular"
"pol-1836","Jharkhand","Ranchi","2025-12-11T00:10:25.363Z","131.8819590452409","66.85352978136343","34.991685160741284","5.7863639424873705","38.46377355416471","40.294281004378696","30.159307384655854","32.99880902409038","14.622896834144395","25.26166473178428","29.14755809946686","77.33894077809414","1305.8257185788743","5775.053479929635","18313.856220039524","8208.907224214072","Natural"
"pol-1837","Karnataka","Bengaluru","2025-12-10T23:10:25.363Z","76.85566548329881","129.53301350651665","42.889971801913376","2.3970540093842096","13.642587751660622","14.18694052068663","28.26434631292869","31.51971904516398","3.7954107107319777","334.09522665223216","8.967689482363632","90.8901395813438","1033.6515049071359","4029.5126394526437","14531.060108324697","1194.922608585015","Agricultural"
"pol-1838","Kerala","Thiruvananthapuram","2025-12-10T22:10:25.363Z","130.87988333368074","32.76606547907842","3.1419510537591755","2.8862269411695705","17.696797688213373","17.31675949918161","37.38440249927784","20.062901122892086","7.7184879684911865","232.60920424470288","30.097739858370076","68.21269048724011","157.02013301466056","6979.534771577594","14542.686376148165","2857.2419404515035","Agricultural"
"pol-1839","Madhya Pradesh","Bhopal","2025-12-10T21:10:25.363Z","182.59618803852246","231.26657120741106","66.83376857075372","2.308405499995896","35.82107316884204","2.61524328323427","30.040531610317437","79.37407275501978","15.183436221096008","192.97730168890266","10.670219775614417","81.68731021519798","707.5317214985511","871.8809815419304","2810.474409797097","8006.449608658186","Industrial"
"pol-1840","Maharashtra","Mumbai","2025-12-10T20:10:25.363Z","130.2986314049327","55.24611804661307","52.13873019378725","3.0477652971927482","43.77045796603191","71.93580986703935","20.368668507137475","44.97603479383585","7.008925693950974","315.06274183882596","9.990024127448663","90.8388200934431","1353.5588667322245","421.87955743182346","16259.916865557847","9048.329878994991","Industrial"
"pol-1841","Manipur","Imphal","2025-12-10T19:10:25.363Z","35.312300458456704","155.22405222481046","45.599946745922175","5.455701199157899","40.15082634191718","22.70212211411643","24.51595370006453","41.1115234123737","1.9998300344231557","309.794332222157","10.462155831982368","84.19506938182751","1368.3653178571558","8230.069472367102","2388.002676603236","6061.366497036491","Burning"
"pol-1842","Meghalaya","Shillong","2025-12-10T18:10:25.363Z","152.01651211488735","110.17853319428254","58.66809009298473","4.4153599217217785","31.12119487118027","92.38460967675992","30.19740729965934","47.28607123509691","23.49755717227118","130.89781367463138","20.918636727021152","72.03549240282811","502.0338343056747","4914.987802676456","5940.024764566507","5334.686850323439","Burning"
"pol-1843","Mizoram","Aizawl","2025-12-10T17:10:25.363Z","197.894532965596","198.25585835484915","60.879771367349775","4.485975751521981","44.662022255643016","93.34205972851336","16.88789259904806","30.276369014567315","5.303012320925332","85.75034265073812","23.981579396420337","78.28559692449306","1394.3152104131518","6196.709766576516","3853.277499745078","3807.116373178324","Burning"
"pol-1844","Nagaland","Kohima","2025-12-10T16:10:25.363Z","121.79108992393606","271.44444249540743","74.31683891295276","8.869470520302249","47.5627004684324","90.32352898574491","16.715150235591363","41.04363554874489","10.501253200934599","202.54675539095993","13.557720709051889","79.95505500142143","88.29336211017824","1592.028625891575","8003.761368100763","5289.969790087346","Vehicular"
"pol-1845","Odisha","Bhubaneswar","2025-12-10T15:10:25.363Z","162.07673142225713","158.5332380195553","23.867946658585666","8.676697187889427","48.81236904951313","86.48573467732886","29.92656147569828","66.58065981197548","12.087342400594075","259.26519930868136","9.201092738598","88.82026773516395","1466.9515657624058","3456.646308558069","19895.168375813802","2018.0755364483227","Industrial"
"pol-1846","Punjab","Ludhiana","2025-12-10T14:10:25.363Z","190.68589062369435","156.53530855394723","17.407335125041055","1.906772249789428","28.27490739506612","87.76794079369319","16.08362974690349","27.79440061733069","17.783630267610135","147.17880272416846","30.208647410712135","77.91953634293584","264.60037494031076","1084.4664300445506","17104.423862477986","5170.873808935432","Industrial"
"pol-1847","Rajasthan","Jaipur","2025-12-10T13:10:25.363Z","161.14977620471407","35.225457658342876","7.266280372742777","8.669911458822273","39.961341912185155","78.44594522859872","21.75660833503085","54.79829870669393","21.600117140399934","176.73050909079691","31.512984093698698","88.23299207622368","1396.7792418101792","4037.986184943083","2829.798302951554","8422.974780158458","Burning"
"pol-1848","Sikkim","Gangtok","2025-12-10T12:10:25.363Z","69.97230819858319","184.76964127541873","56.24738276634691","4.342928711132325","21.791596230620215","95.39548062339","30.929007584088197","47.61796371062308","20.94583208977955","39.76698680383101","10.66612424602664","87.17394897210004","618.6914772475232","9283.116437953033","8066.377874525486","1268.0177886020895","Agricultural"
"pol-1849","Tamil Nadu","Chennai","2025-12-10T11:10:25.363Z","19.233498353117806","286.0668874686132","1.1027219854392012","7.848086643242251","23.689614292239515","21.206146020354133","39.243543931243046","33.14655657485665","17.6468772210708","234.94160442584064","25.73313314136041","80.95057838809504","173.80496395328592","2878.5827380619667","3538.6719342942397","8641.7291703483","Industrial"
"pol-1850","Telangana","Hyderabad","2025-12-10T10:10:25.363Z","83.28344364163374","199.2381141153991","68.34759091195274","3.4508613115191866","10.296796101533435","74.6695355819249","25.979662719684306","77.90641575608018","10.51227437508091","145.0115467559572","9.514520983505216","89.69283123856245","1417.459217024641","1367.9293003240546","10969.507984372805","3157.4964875612554","Natural"
"pol-1851","Tripura","Agartala","2025-12-10T09:10:25.363Z","142.35487773816172","283.3776362802482","42.61297035398891","6.8008374827434945","13.60150054877957","75.05252773838579","19.824852082774523","60.15562919195089","24.0168526302077","14.995319246666096","14.658027567316875","74.45730557938408","642.0894182001939","3531.6148104952126","19.292757291662355","2323.937918268274","Burning"
"pol-1852","Uttar Pradesh","Lucknow","2025-12-10T08:10:25.363Z","129.63926936856083","277.8824860637425","34.744259416730834","9.82018056048459","9.0796552298347","77.84977577752402","23.925145067287144","42.20025202212166","8.206857564529702","283.99451189071806","18.196197543821953","78.08494855534028","1539.900484897457","4279.730397783657","12575.371344482894","6150.097055541977","Natural"
"pol-1853","Uttarakhand","Dehradun","2025-12-10T07:10:25.363Z","22.794399095561047","46.936831367910514","52.38500964824957","3.696639095255593","28.26897449034919","67.57558019083683","28.864418396461566","37.838939200479885","2.268726455192685","9.458145292939331","28.775474739735177","87.87016155647787","160.01320728086642","2507.551940205488","10357.041721167658","1869.0111277166322","Vehicular"
"pol-1854","West Bengal","Kolkata","2025-12-10T06:10:25.363Z","179.63606699533352","36.2522293808104","37.203362064945004","3.005466578960431","37.16825227984232","68.70980563448639","37.57017818483474","56.29222334036386","17.02607569310984","359.00937767807625","13.972578556253477","68.50053897296623","1982.7470336852562","8188.8474662215285","7482.632510964544","8435.292496099206","Burning"
"pol-1855","Delhi","New Delhi","2025-12-10T05:10:25.363Z","176.35955653645038","38.83204928625767","21.94484676061135","9.245587771944024","39.888053148463875","93.41137480952595","37.780488152275204","53.65897334928245","11.971903088879014","87.22134699782688","10.677195367831795","70.876822127611","948.3825457622459","5526.989929106684","9123.837056687631","326.32693158733184","Agricultural"
"pol-1856","Andhra Pradesh","Visakhapatnam","2025-12-10T04:10:25.363Z","68.67792094110445","244.29954549295505","25.493723416504032","4.756580626844258","43.8123902165792","13.485470598886451","25.92098741711147","38.952961895401145","6.104678258901236","265.5813366992551","25.677087065485573","70.19862310621359","112.5448546542287","3783.2267069002046","1471.7632650878666","5204.6189678406445","Industrial"
"pol-1857","Arunachal Pradesh","Itanagar","2025-12-10T03:10:25.363Z","28.68370735555581","61.79051714788194","60.3222721449611","0.9155147656218376","15.890264253891123","11.95670157034895","38.39966763630433","44.95879731337321","1.1628376665260425","235.64030068404222","35.96760752380578","89.29983790087746","758.2769764802105","237.4340263234531","13563.07245328884","2917.376621185036","Industrial"
"pol-1858","Assam","Guwahati","2025-12-10T02:10:25.363Z","79.59295824390095","162.1854270754334","63.65572376378056","7.19657015487434","26.480189455796516","46.2287475820542","26.53103700352024","79.52146188194484","16.230251984284397","68.29416580792125","30.10899967966445","74.50837199276236","1751.3755780277857","6389.757665192976","7051.142632758898","8421.813401434772","Burning"
"pol-1859","Bihar","Patna","2025-12-10T01:10:25.363Z","127.46161775210811","213.27379468996625","37.85776278796408","7.777271288033125","26.618113074369536","12.031204876826962","21.190152966378356","31.345539422674204","17.110180130818566","82.91629729495745","23.425147146795908","71.23731466452084","1406.6893886175747","3977.597752452472","15698.644289960954","8949.471106712343","Industrial"
"pol-1860","Chhattisgarh","Raipur","2025-12-10T00:10:25.363Z","62.883115376452146","127.62051128209227","38.261898831343714","7.534094395405953","47.10644388686352","70.58404071097584","31.6839491443566","53.20953941846016","6.857316913301926","197.71652102177643","18.08467924503013","73.07603805916554","684.7411395315437","7865.783487110402","13886.36410201751","2660.116258889664","Agricultural"
"pol-1861","Goa","Panaji","2025-12-09T23:10:25.363Z","60.82447966591147","83.51561771409737","67.89176107032526","5.268850722869089","32.711893463131695","24.657614622722413","24.547567150497443","23.519382052628245","5.201490130467967","233.6302109586041","17.40851208082223","75.95439854882886","1757.492932990252","6424.845349845929","5297.645316804158","1375.6877386674837","Burning"
"pol-1862","Gujarat","Ahmedabad","2025-12-09T22:10:25.363Z","106.93487096692233","209.454440804551","29.033466988993748","9.041810309356725","39.450087035320465","62.07530128531228","16.76069637346202","42.73039077661437","10.048115161071491","48.69021018981775","31.914618785041377","87.77054276151128","1408.793397706467","3291.2148995413704","8713.690786653508","4873.766384360854","Industrial"
"pol-1863","Haryana","Gurugram","2025-12-09T21:10:25.363Z","28.064398746370056","35.25325307429262","71.47027884326948","1.606481506040105","43.52448336614338","70.42108768704124","34.25295046918088","79.02243386917021","1.2027953996624208","148.47660322542652","19.33293177672993","79.7441853898338","1076.275280569582","9387.829446124486","3843.1235180375033","8550.963970208077","Natural"
"pol-1864","Himachal Pradesh","Shimla","2025-12-09T20:10:25.363Z","7.405595855390046","26.978489941231565","65.38980760792457","9.80501454659059","9.545880343556512","98.14455233814869","31.0915858169131","42.45000398630407","9.112267541654825","287.8557415257186","11.138314524095021","87.70457350690208","214.37107176446247","8595.830978075659","12784.56178467459","8396.320265513652","Vehicular"
"pol-1865","Jharkhand","Ranchi","2025-12-09T19:10:25.363Z","189.16139227785473","86.22286002618475","43.74074430973966","3.174146530845249","35.55092627323026","11.946608602300412","36.828295108682525","50.92392134151159","17.816254286823895","262.9522907093614","24.23151511719731","78.98064313426968","279.4813441719568","7547.353440285436","13435.068115634063","4618.884979347649","Vehicular"
"pol-1866","Karnataka","Bengaluru","2025-12-09T18:10:25.363Z","141.46136739645897","11.522607087423909","69.34600378046224","1.9313149078918768","32.090045958881426","21.410677403760037","30.86364756972567","26.886977950403658","7.138097074837654","336.2453367881857","13.080221040704835","80.14666147341727","510.86549956648184","1795.0571739834154","10804.274363740798","9699.420240375297","Industrial"
"pol-1867","Kerala","Thiruvananthapuram","2025-12-09T17:10:25.363Z","19.19895504241127","102.2343894711352","19.549274450027028","0.23570522052404064","18.845829901287097","46.10717461699914","24.75397305927727","59.81155104893827","24.775914010721074","325.02143886121405","8.56199708878228","73.82525080175176","1065.9397410185436","5150.192792392136","9514.848006568887","1762.9942702476808","Agricultural"
"pol-1868","Madhya Pradesh","Bhopal","2025-12-09T16:10:25.363Z","48.67067735222375","229.81186562793968","38.944921156048764","0.11178696251674003","19.300972704224012","52.69492449942905","26.073730606889196","33.0616153691286","23.062114162652144","311.36476842891915","9.497407699680945","68.09301560907969","239.3538547889076","3265.4900005860186","6124.829924076292","4364.071103277718","Vehicular"
"pol-1869","Maharashtra","Mumbai","2025-12-09T15:10:25.363Z","49.322262679248155","58.67895570278356","49.61599990940342","8.856647340438919","15.012127001608494","49.02159529248114","27.853782419313973","66.82167683090447","22.10496326752625","300.88335300947284","27.55352349174528","90.91464423530826","1826.4366852157395","4097.096220401303","283.8457704702124","2836.752433224976","Natural"
"pol-1870","Manipur","Imphal","2025-12-09T14:10:25.363Z","4.214938378888244","169.5314873994392","41.735981918128395","0.06342158775940798","11.633731413081172","85.15528887841172","19.926573454074944","67.57166223179365","17.78664917677811","241.16083508287977","27.362790311730773","73.10205126314675","1603.473370868097","6921.17814118663","1184.6332567149375","6407.873454456432","Burning"
"pol-1871","Meghalaya","Shillong","2025-12-09T13:10:25.363Z","187.6346627499955","16.252828787152662","45.4987196539515","6.138293718792691","43.873977220993","33.02429537508812","31.176124554074732","24.25042934673575","4.176940742468766","226.83319511099154","26.783267350354823","88.55319340188895","178.5332410327054","9349.084436270525","1576.448128122756","7900.993429147938","Vehicular"
"pol-1872","Mizoram","Aizawl","2025-12-09T12:10:25.363Z","20.4866209813086","106.26935852237823","62.9929963176016","7.8524477506105335","17.60568981276881","38.390650001831986","32.60051787943404","35.18019220489243","1.58020998151803","303.1470434312605","16.550758642964393","76.21380558930528","120.26287499445499","1240.6454862596795","14172.617448091667","6821.403625483381","Vehicular"
"pol-1873","Nagaland","Kohima","2025-12-09T11:10:25.363Z","110.97022051958835","80.29542368588785","42.08938265975316","8.858026622822283","49.44226520737462","45.158715975656314","25.949832659187805","25.90565560456364","0.42818676811039735","131.18077276975086","35.02820333280161","79.00527092024416","124.9305068859805","4672.1175670326475","17683.65505371794","3321.488994245344","Vehicular"
"pol-1874","Odisha","Bhubaneswar","2025-12-09T10:10:25.363Z","110.10599048063017","147.5007696896914","77.5585457407181","5.242026991326865","11.239705707156777","89.08799067884298","29.61877765078837","65.06991996737972","23.363902371194346","32.89925015609582","10.547785847864741","80.05498208646391","840.7044333073537","2899.457542972652","5701.401406654995","3909.188707672515","Burning"
"pol-1875","Punjab","Ludhiana","2025-12-09T09:10:25.363Z","36.508122426233","37.64740602737589","42.852522461283094","5.330221506485595","12.077937987035202","90.92378971989844","39.15373268375213","76.01424319676845","11.531831342520368","221.09173952083722","8.441311509457464","74.89795139829029","1140.9872019011184","6371.868570469535","12833.217853383794","1389.9316129430106","Natural"
"pol-1876","Rajasthan","Jaipur","2025-12-09T08:10:25.363Z","156.38465604306796","244.04593494767073","39.39461149194323","6.543351384686985","42.428733785553796","85.95200303124749","38.533162266184014","75.42529156101534","17.616999976076762","196.84439130958833","27.17891380228791","77.47984842725606","1533.5447597679542","6036.89585020695","1084.3046695964497","2740.103945541057","Burning"
"pol-1877","Sikkim","Gangtok","2025-12-09T07:10:25.363Z","38.768746080432635","217.402678176922","65.97878727291193","6.049844633136463","49.99479185256632","44.230544001436634","28.151902529656965","75.31655598614785","7.9957926126075","199.17216587928394","33.55312754962243","80.75156998489351","1146.8629961243194","4667.140949487903","19729.750371629656","1025.0907051142021","Agricultural"
"pol-1878","Tamil Nadu","Chennai","2025-12-09T06:10:25.363Z","130.37042970324902","199.47205050994165","3.2930854449089253","1.482977038883595","40.88617912504931","74.102846622502","22.438811838207805","65.32111464529928","4.423598859743685","38.92834518502527","10.74855752271506","80.07969931042278","1960.6891650143282","5164.4611588500375","5836.872028673819","3894.2398369133134","Burning"
"pol-1879","Telangana","Hyderabad","2025-12-09T05:10:25.363Z","87.8795745207249","166.25497828069896","19.025999326338912","7.201516564662038","6.99577835402998","76.29442624251391","34.91374533135371","47.42703766684674","21.48024424504412","345.97812756146334","17.11929821531186","79.65809751482055","68.27522464019253","4838.2424120787","2153.244693442855","5312.207675129268","Burning"
"pol-1880","Tripura","Agartala","2025-12-09T04:10:25.363Z","58.527060165564706","257.4468472413556","37.88691846325173","4.460697345703716","4.106842642278852","68.30743607273256","22.529848310918823","71.36158879686857","2.0097932718890044","195.22378680876412","23.645728136958585","86.71706032380621","285.28226529961034","4749.486313015856","16910.146450383578","8657.056350246165","Vehicular"
"pol-1881","Uttar Pradesh","Lucknow","2025-12-09T03:10:25.363Z","119.49045645771396","135.14544490061772","47.42020359643949","4.583520661456918","40.16869328753167","0.9533276837086491","33.68245244332453","23.14725859085441","23.744116315857877","126.77125696702926","16.469720861193302","79.07928158730512","730.0002364602944","1351.029019066823","13001.428523784198","195.52885054072044","Industrial"
"pol-1882","Uttarakhand","Dehradun","2025-12-09T02:10:25.363Z","24.453810472180827","139.85110733928596","66.1705829056208","8.169014988379535","32.148567384114024","50.54059372786347","31.25108794366044","42.37431496354314","13.420904248891333","230.86513190995234","28.79231042179751","87.99151692860092","1453.7123842945207","6609.732788803793","13789.567354965977","3008.5934385899395","Natural"
"pol-1883","West Bengal","Kolkata","2025-12-09T01:10:25.363Z","9.79382547220149","214.43167125553427","1.256156803368782","7.998004558941393","24.948708513925077","47.70164756912054","22.31944013545287","79.67289276629612","0.2942524776015032","78.636866523655","26.041261026243824","87.89776626920641","1853.585564581713","9185.872186917888","11170.931632898184","5464.655123966757","Natural"
"pol-1884","Delhi","New Delhi","2025-12-09T00:10:25.363Z","109.05080250683166","296.72378581581864","49.80852895476406","9.690802888487598","16.48217413320475","48.75405833613915","27.312261098682065","28.57952222576707","21.4318410821391","181.3185977543055","10.297149228126486","90.32606220628684","542.9814959742542","4729.335730960489","12235.585554311747","1729.1437501345065","Agricultural"
"pol-1885","Andhra Pradesh","Visakhapatnam","2025-12-08T23:10:25.363Z","56.562468413347844","147.0092903379577","32.84723088382495","0.9100745076744843","2.8237246270946037","21.63062393210209","27.920928367107635","44.0637876278606","21.63481697981729","13.656846244689259","32.17700291320112","86.1763645795946","1194.5523507118296","3446.984862516377","5243.445450570441","2828.821063534572","Burning"
"pol-1886","Arunachal Pradesh","Itanagar","2025-12-08T22:10:25.363Z","56.2888235894045","278.9851117843581","64.0005514481784","5.412197088340747","21.083703400146288","28.889225822163123","26.530591670131663","66.65883969141392","17.78028278126726","135.01942172233717","21.772255997519576","83.52187365551423","1445.8097590636412","8922.869233979802","18798.795442719813","3172.944314878159","Natural"
"pol-1887","Assam","Guwahati","2025-12-08T21:10:25.363Z","79.93596863842573","274.13123251482943","21.598804075541224","6.614600653261444","36.977900400623895","48.41950424197786","26.214706197853886","65.15121530118833","9.395590222545962","199.6965580811105","11.694669859724838","76.82836424091211","1450.285793296532","1139.7883206137594","968.941681638651","6700.147002797723","Industrial"
"pol-1888","Bihar","Patna","2025-12-08T20:10:25.363Z","137.51735533405272","103.64352850570826","61.80023799055955","5.784338334459892","32.33330158377662","53.62505284433308","21.850633114380642","24.60456667013223","9.025154488156936","196.40096899164544","24.594425220687185","87.71617381779275","1317.9382584413308","3443.787718929112","11235.95922585701","3701.789642739136","Industrial"
"pol-1889","Chhattisgarh","Raipur","2025-12-08T19:10:25.363Z","90.29985811452626","237.1059849810725","0.5264215521085003","3.512239313332437","17.107993285655333","88.85003057816448","39.104473829619366","58.79375955943892","13.946753366327794","356.80288923895847","28.000554873570863","70.41684836032508","421.08010661621995","4012.259261275286","11682.277645184384","1213.8896424096101","Agricultural"
"pol-1890","Goa","Panaji","2025-12-08T18:10:25.363Z","173.67981249220583","183.9847184099845","10.173986931589871","2.125497102470163","26.052630310637543","6.742146088736756","27.05763939090987","32.74506441749626","14.3413233548765","324.03629946589274","31.17139724770906","85.6868021556509","30.524287013318883","5859.516602840829","11060.44535082742","2714.8184828927933","Agricultural"
"pol-1891","Gujarat","Ahmedabad","2025-12-08T17:10:25.363Z","196.21089559221784","214.80260710352266","14.98705370598568","5.7353817196071875","31.503312273873952","77.77152323983185","20.02179597088213","30.750920499045428","21.439072101670646","254.73977707500686","21.190614823766687","80.14933310606254","1169.6041728371408","4653.264743697791","7718.621570261994","3625.013301495026","Burning"
"pol-1892","Haryana","Gurugram","2025-12-08T16:10:25.363Z","182.12759016121288","222.69071247340236","34.07354265905525","9.67253307640395","33.17544983555175","65.82813207224572","22.889057408284224","27.83365590897251","9.636614960176363","45.21564333277806","26.117041166395218","75.25819474954645","596.0459015744202","4262.328656782838","2073.3856948169096","7095.719832758644","Burning"
"pol-1893","Himachal Pradesh","Shimla","2025-12-08T15:10:25.363Z","188.74534164181546","291.3936383211064","11.156808011704245","3.5506273033074107","35.64428983209825","69.41784871240792","15.28673925524376","28.186050060357665","17.684342491471735","330.7925129217377","8.791762362961792","87.29782475393252","1296.333767070238","8467.700446211735","2621.4243702209683","7485.781359107157","Burning"
"pol-1894","Jharkhand","Ranchi","2025-12-08T14:10:25.363Z","1.012304244004092","24.722680102899453","30.992016135705356","3.132430304773257","1.7135156040527288","79.42782132180068","33.73349725127704","32.1087655163381","7.574828821267316","130.61706779714166","15.225552193473561","85.97884193597746","333.97930425793396","4053.463893354654","5689.012629039676","2802.143593749793","Vehicular"
"pol-1895","Karnataka","Bengaluru","2025-12-08T13:10:25.363Z","20.53695989106743","91.58105798853408","37.11459013994195","6.871548328732686","2.6637601547647662","87.65212756652008","28.10188019886816","75.45518824819052","7.458734815869428","65.10351358917491","31.615606753186846","71.89900086725342","1803.4316534903369","6249.567126734417","7905.374951158211","7188.742173114603","Natural"
"pol-1896","Kerala","Thiruvananthapuram","2025-12-08T12:10:25.363Z","28.35504258879824","261.89180428077344","42.82422251505881","3.422502642198907","13.357850762295165","88.72318967969012","35.94683958658362","49.9297366151487","1.2191105325017215","219.06875358997624","32.66151739620611","81.2719334035981","1324.9919234276795","6567.8102071437415","5256.036033296119","1516.801029502709","Burning"
"pol-1897","Madhya Pradesh","Bhopal","2025-12-08T11:10:25.363Z","190.83667262105297","147.1481474876409","73.75858862489261","9.619118534794106","48.78842792069366","27.447554685961094","25.05665985509355","30.149159727592433","13.981845214311559","189.38147116181088","20.89170254060038","71.70023354068246","1445.6379515890387","4694.053442302703","13654.579964031323","5968.512153759281","Natural"
"pol-1898","Maharashtra","Mumbai","2025-12-08T10:10:25.363Z","95.6993179284251","99.01892757451354","16.397317742101613","4.294863259289467","35.84209973861585","25.19119931904642","37.138715037179004","73.06253807386301","24.033230046439243","264.01445344292966","28.3026114973639","70.98404094964843","1931.7838376657378","7125.704373266694","13861.839496823392","3283.1657155276785","Natural"
"pol-1899","Manipur","Imphal","2025-12-08T09:10:25.363Z","62.38765054191091","120.646174096565","43.304040838624125","8.287026055562276","36.65260351169592","15.793648377598302","39.15696446291652","65.8660783664185","1.1855281911346744","52.092185068037836","35.769578601836436","84.35282628911388","1986.944038672884","9139.407207418975","18244.03291445257","2573.6108500067844","Agricultural"
"pol-1900","Meghalaya","Shillong","2025-12-08T08:10:25.363Z","47.542925182696074","299.4953911476557","54.556971466821565","2.6897556673684564","16.86496585780387","75.59780702102344","25.570462273133856","58.5733316079576","17.06183115748962","2.8023255142120362","12.118874127764144","83.8821010903315","1915.1154831750305","8175.035108355259","2446.849973794014","7840.425390491289","Burning"
"pol-1901","Mizoram","Aizawl","2025-12-08T07:10:25.363Z","49.85799085010385","66.10625170161427","69.62683827494854","7.535491164393775","1.7095406902052357","42.413992936013514","27.233823002248045","66.21751384701224","11.843729963395788","203.76888696850236","30.988746817188094","89.669238239118","579.8078192943415","1788.6981436487936","4475.715883992822","1589.9883267334403","Natural"
"pol-1902","Nagaland","Kohima","2025-12-08T06:10:25.363Z","145.76913288261937","200.81749225890852","74.67699964812046","8.194068139025482","26.992102644897404","66.07211898832519","27.590466361792544","63.66660031511952","1.9161914738695718","39.82182501018677","13.652743841579069","76.66910267610291","535.4481045670238","362.18567520785894","15700.094674606042","9066.750898439828","Industrial"
"pol-1903","Odisha","Bhubaneswar","2025-12-08T05:10:25.363Z","72.19406988481656","87.9461897223203","57.63252087621769","3.2295036767779948","27.75743650545009","36.779382582028155","19.721576269145007","34.360175768944664","3.787392681859114","125.0455846810334","28.50533461092957","71.50584143780178","737.6777399345134","6825.919767296451","12839.324213187234","2172.5520400559526","Agricultural"
"pol-1904","Punjab","Ludhiana","2025-12-08T04:10:25.363Z","11.843079247209975","74.18351103525579","74.2768264417606","6.548370317290547","19.277377595358892","64.19931470264764","39.9503440790137","60.04874217444816","1.9161948032522802","212.32056863410264","25.433656537956196","86.00786311651277","80.62027156132956","2608.147935435465","15132.883724348107","6357.468198077682","Vehicular"
"pol-1905","Rajasthan","Jaipur","2025-12-08T03:10:25.363Z","48.82872137089511","288.28840760681885","34.64617834489644","9.528802071949636","43.030510487812215","85.54720639344035","39.0356436147148","38.176836900025435","13.224169425840063","99.15302826153449","8.467072172798868","75.1903024783704","1213.2943217380057","232.01966318763147","5898.583225391399","2339.9661930923176","Industrial"
"pol-1906","Sikkim","Gangtok","2025-12-08T02:10:25.363Z","94.53939214999988","194.38637608421325","65.536523885932","7.555781020354314","10.924936568490484","1.7487057499205094","28.829885108581728","66.26882384466188","23.18610238592235","46.94350880757717","19.40880094334034","84.809175917657","41.61495574813667","8265.236142976157","2958.5584312471024","9329.601057961105","Vehicular"
"pol-1907","Tamil Nadu","Chennai","2025-12-08T01:10:25.363Z","27.76858201221275","61.135374780385554","69.70794504265287","8.956489002360113","1.363706604303605","89.39687334221087","21.8761078468306","39.168398084428446","23.806729809800338","332.6692673727413","8.51732236540673","74.94887021984492","536.7646196691285","1654.5144319819583","17878.882873442042","446.6181297939331","Natural"
"pol-1908","Telangana","Hyderabad","2025-12-08T00:10:25.363Z","148.04296201293425","238.9035367532932","9.129868183602659","0.7369446311268368","48.9174605651551","56.51520904306224","32.659554583349895","49.15555980409927","24.65336550843652","321.2028799692445","19.395178282225288","69.447293887738","1901.4266331264962","9638.01245576503","14220.178721536267","4066.0439958837146","Natural"
"pol-1909","Tripura","Agartala","2025-12-07T23:10:25.363Z","67.2766268381603","202.26647555221714","12.626363561859844","6.983295795366402","38.417522547267964","65.53578961623768","38.626383836059944","78.78560971664263","2.7377633275409234","137.73582087984587","18.608895405253485","76.54213348870525","24.931672244319138","9965.581463643783","9622.05766940654","4909.644116477647","Natural"
"pol-1910","Uttar Pradesh","Lucknow","2025-12-07T22:10:25.363Z","141.12374170888762","137.60327367747183","29.433451678047096","8.89099833220739","25.63853848628713","77.07792102750243","30.21558284140457","69.23531286304004","18.858480979127826","248.5680452832031","33.602011524166436","69.40779803092151","1598.013974044181","8269.653401273614","7159.0447504463355","6024.848747800968","Burning"
"pol-1911","Uttarakhand","Dehradun","2025-12-07T21:10:25.363Z","74.85750045024082","236.54656353686093","22.52480141890033","6.42741908231161","41.640809701961565","93.33978564765397","32.15929433777235","43.031166685373464","22.95608597870643","119.69987441376503","19.65880588413702","80.58710154108715","1942.591692658441","5927.695185025469","10533.593071332447","4314.735528873226","Natural"
"pol-1912","West Bengal","Kolkata","2025-12-07T20:10:25.363Z","16.84317540484781","156.17302726102554","34.91318702750364","7.68793571106758","45.9317765673919","29.952953317371133","27.35323878432682","30.18783790721659","8.229264892898968","21.105923581056565","33.18229530099646","88.2019589824907","1104.4425039988205","511.05463250109784","16971.61131097985","7260.9679484264125","Industrial"
"pol-1913","Delhi","New Delhi","2025-12-07T19:10:25.363Z","57.96005508969362","64.60809484772841","46.049551054354964","6.943581898368983","42.69594726612618","30.47496250964231","19.197423715889833","79.9125878236936","19.42408995518269","294.86240008163435","14.653935929333405","87.78119097319063","107.8568716081063","340.71835882427126","16014.633945812928","5754.583845779663","Vehicular"
"pol-1914","Andhra Pradesh","Visakhapatnam","2025-12-07T18:10:25.363Z","198.3523981200976","151.42515301598462","37.4751378818039","2.0677909333080127","17.9002724382914","38.45749221567962","18.430167683519088","20.999173231351353","1.9710684084244867","164.6628132246288","13.815318952865487","89.14971791420007","1133.6128243237217","6136.496540580387","8998.264286760495","7158.649214351901","Natural"
"pol-1915","Arunachal Pradesh","Itanagar","2025-12-07T17:10:25.363Z","190.32125652860614","257.9279359984935","75.3639504063988","4.4724945547562704","48.37262904529147","67.6439363522112","38.95527536773103","75.02727276384965","13.755330715518758","87.14666806560552","10.08430232257576","77.51665640279256","69.52733034532233","9713.301289701372","15564.554544957078","9542.855516577778","Vehicular"
"pol-1916","Assam","Guwahati","2025-12-07T16:10:25.363Z","114.91677711228058","298.8674293596777","78.37879594865936","3.911671157159291","49.060777361873825","20.137922349369365","23.66077496237711","49.42558805446673","19.426233630672005","167.1209413115296","33.14860701237218","88.63140237741703","1620.9890523811798","684.8401282297223","11479.941151710478","4440.9918032592495","Industrial"
"pol-1917","Bihar","Patna","2025-12-07T15:10:25.363Z","178.0330133994117","30.547345222015355","57.86133963218413","1.5109723368487715","20.7156002163413","64.6256611478365","23.214113998009665","21.479204492494123","8.751164849385537","99.2601007791883","15.59261571413936","86.98881804892707","1377.5532923884352","3606.8650413054347","5265.168329991987","7204.547006976404","Industrial"
"pol-1918","Chhattisgarh","Raipur","2025-12-07T14:10:25.363Z","6.09296602053242","270.8383456706567","0.10839347379906883","5.528561530604036","1.519074910143492","69.73514367368202","32.490658279054784","36.542735712703646","22.41657024628034","15.393966663535782","18.377564048281208","85.23821435819791","1473.8656180404869","3844.075437116288","18403.051401908724","9904.18248981906","Natural"
"pol-1919","Goa","Panaji","2025-12-07T13:10:25.363Z","82.18229426668377","266.96080601447983","23.445098976300986","5.697393350319549","21.176737397772616","87.5929833703958","37.190458285867024","29.60316257974768","8.833909748350347","98.81550310259102","25.912197165249665","78.8061993326854","1837.0281753579534","8609.370441814488","3000.8333463582403","7214.653964895531","Burning"
"pol-1920","Gujarat","Ahmedabad","2025-12-07T12:10:25.363Z","99.44641482912553","22.193761269644362","48.51033234652778","9.008245904431636","34.96256190403119","67.51201299793874","31.63537581288265","63.50336666746216","13.891328883270068","319.95946659587327","11.22674113688181","78.60795792353002","1094.9120772760368","4929.005660945128","3047.971269222165","6033.553099827556","Burning"
"pol-1921","Haryana","Gurugram","2025-12-07T11:10:25.363Z","182.02786288869984","196.65550203314967","33.14828534585917","4.032076778908707","25.711383171539715","36.96397865478852","38.56394711004043","65.10710001752234","24.296295149799615","41.162002509801965","14.017951114615808","72.93448649022811","1848.1217368263653","2758.798084512789","8692.519341610885","965.4723856619507","Industrial"
"pol-1922","Himachal Pradesh","Shimla","2025-12-07T10:10:25.363Z","96.85604879644232","247.42291786873037","35.11475595492597","3.5994991709988335","23.660525380240326","58.07552969539934","30.86656951637874","32.239561870060854","17.809279118867813","210.33121101158238","27.156656869105415","72.40372053025129","644.8482382986715","1341.5610762206354","3691.2414576723295","6183.924160915949","Industrial"
"pol-1923","Jharkhand","Ranchi","2025-12-07T09:10:25.363Z","6.988523568068117","282.8637774358964","16.769645745710868","1.0959270283961364","35.72977761733672","26.51059520496967","32.13140588377496","34.37716565602682","9.829938804702405","227.06124379295744","10.936864984147617","69.69299986387811","1524.7972200744214","7534.663579802282","19692.213538699245","1164.7369216547354","Agricultural"
"pol-1924","Karnataka","Bengaluru","2025-12-07T08:10:25.363Z","157.42838936435538","18.094308050729424","7.067139770255748","5.7206446758602425","35.54761395614274","2.920578982652433","15.712280563514428","55.999377251655446","2.9982640979891895","84.9962227277916","15.445379466179979","71.5234153542483","1739.4607080322437","6084.177357027929","10909.66867728942","7627.832979839191","Natural"
"pol-1925","Kerala","Thiruvananthapuram","2025-12-07T07:10:25.363Z","157.3466204246669","71.25340388828654","6.356407443364347","9.245790332344336","35.26452100376586","3.8370582227287287","30.210036956845457","22.87979423600073","12.458812991234941","314.3162544046063","31.296627693443156","82.04432502935656","775.647304513206","7670.397827974585","11870.098923538832","9790.697882696079","Natural"
"pol-1926","Madhya Pradesh","Bhopal","2025-12-07T06:10:25.363Z","94.09582360468835","109.22803334841065","42.38279920829833","9.463147259839303","31.773514798551357","91.13800082492988","20.678678743902584","64.15706871769497","6.190937141748523","108.26797742292392","11.751575355987393","92.77384477273895","822.8503297392098","3945.608187389158","1580.049708037945","7247.169847537135","Industrial"
"pol-1927","Maharashtra","Mumbai","2025-12-07T05:10:25.363Z","153.60187161925504","63.16432894095148","49.52782143216165","8.133907805379971","37.86046393409963","65.76250593425232","28.467408666447852","47.25369570507797","1.4102723806388968","212.215219256682","24.800748435461585","70.29049110056789","632.452008128522","79.1207955907991","15995.30663606591","8390.176687156638","Industrial"
"pol-1928","Manipur","Imphal","2025-12-07T04:10:25.363Z","158.01746656600093","246.20539475789184","31.810209969066925","8.58540799194982","39.108985970709526","97.2115280133668","24.950422850808884","28.467743431410852","6.157456346270415","187.78358069823025","15.42558975668595","85.32692053103577","634.4504326424553","9911.978704137384","13165.55503779848","5440.013261869936","Natural"
"pol-1929","Meghalaya","Shillong","2025-12-07T03:10:25.363Z","186.19840757884424","28.746195307129607","58.54671653940278","6.721982882516228","7.678579944033831","70.40725615752041","21.347337301692384","43.983364211118115","10.692227342591734","111.4388845691074","17.295855573774894","72.58618880640563","1250.130830250861","7884.3765288031245","9760.15769972616","7535.8640874725625","Natural"
"pol-1930","Mizoram","Aizawl","2025-12-07T02:10:25.363Z","110.7309332761081","272.13589187157675","27.41079379970624","2.596144960360732","3.5014113340555375","17.922790608461202","36.16322721146252","69.21702823191188","10.450502231850134","77.4302505560453","25.618309237692294","80.43907396407845","269.7483848449251","4853.203491487876","7701.716507935663","2031.8462632178525","Burning"
"pol-1931","Nagaland","Kohima","2025-12-07T01:10:25.363Z","49.30558550117807","227.17025820722964","59.51937904390047","0.35342208779175266","5.985446741353417","60.84047230676314","24.23541316854296","51.02786800467072","2.4630306706900833","200.37482307521887","34.59747747256321","90.30967810419725","490.0991484066919","6609.52947371649","13937.233458676186","610.3861074146299","Vehicular"
"pol-1932","Odisha","Bhubaneswar","2025-12-07T00:10:25.363Z","195.51893494361144","145.8274436278147","79.90371232918227","7.9492339037777","12.030193517205662","68.09298376416257","36.2964403929964","78.27287864491109","9.574200906184357","217.16831697535576","16.100752034016658","75.13794579898213","610.7116198236431","7748.118346973164","2495.333927266221","6665.065505464089","Burning"
"pol-1933","Punjab","Ludhiana","2025-12-06T23:10:25.363Z","127.52342983225036","10.872680153744641","42.63400187915841","5.6714666540651235","23.54229948754196","59.96693590731951","35.732186687731264","24.149771837927858","1.9604538194747971","5.449905144381453","11.28436282065082","83.74006101344652","1081.279984920151","1586.847005123586","8043.8310770037515","5722.652058655096","Industrial"
"pol-1934","Rajasthan","Jaipur","2025-12-06T22:10:25.363Z","116.93244961127922","172.03390083608951","28.58686245186221","1.0068181802459775","16.89960715108422","94.11282184801611","19.140613200767397","21.537550395786457","4.325454497316023","33.00516492271572","28.505190820325648","79.54230588257202","1568.70387292085","6491.011807622584","7363.010650811805","5070.521169169908","Burning"
"pol-1935","Sikkim","Gangtok","2025-12-06T21:10:25.363Z","10.752091869621093","137.36330086358316","73.74878397306188","1.5189407016233292","15.81478207712171","90.11816556457607","28.49461561762275","46.10255664361813","11.937723459322388","104.11583309728162","34.69403281154098","68.92634121851677","1518.720700449485","7181.309583616897","19285.65261446278","4852.7559508639915","Natural"
"pol-1936","Tamil Nadu","Chennai","2025-12-06T20:10:25.363Z","79.81641139525419","26.59198222003112","70.50522983639267","8.926714819226993","31.58342617637261","5.775211106537714","36.945759501870796","54.77452534181393","7.941846521153026","240.78121397646345","10.799675072639747","74.43314463658967","476.10687006904027","7697.989707806523","18509.310831547282","7447.409116900333","Vehicular"
"pol-1937","Telangana","Hyderabad","2025-12-06T19:10:25.363Z","41.517361259228494","163.61623284440566","9.544731149609476","6.583103380533694","9.311035419529091","72.24725105642639","32.35991043816017","41.28077739691248","20.707798504905032","172.8184602363471","16.707390525618386","92.8896939948144","527.6013428736121","4041.853347793548","13633.736713080456","9879.538911079042","Natural"
"pol-1938","Tripura","Agartala","2025-12-06T18:10:25.363Z","66.76201239887651","99.77546735503158","29.329075153898554","1.1230024135444194","33.23988940587831","42.24839346865726","34.61529940624834","40.85975032178775","11.194054427525371","73.83721314108897","29.433980416419892","86.4444546029305","386.24269559252866","9853.69023255887","1661.1857530093644","7458.391620511527","Burning"
"pol-1939","Uttar Pradesh","Lucknow","2025-12-06T17:10:25.363Z","11.570991141962828","28.245608538684163","19.875576876142702","5.852877582188022","22.347185671910164","53.00716558206056","27.812679245635405","68.34793000675108","0.5224815836904512","338.4915279528947","29.107615625844502","71.98035898482138","575.0271982244925","9562.800805702156","7373.004451386538","8498.40439742628","Natural"
"pol-1940","Uttarakhand","Dehradun","2025-12-06T16:10:25.363Z","130.91741634821145","243.3286539839632","56.43541770762208","1.1830081391044711","47.80274958024188","23.6981111717233","23.720990106878546","30.594155035022332","18.78125046111189","114.18548910989838","18.683982515101697","74.97349083105068","552.9152387893504","6791.023977915347","10950.205000905857","9195.209234991486","Natural"
"pol-1941","West Bengal","Kolkata","2025-12-06T15:10:25.363Z","125.5959206179271","283.1681266696731","13.294993995895483","4.625887001968399","48.555769320765926","49.467015488271805","25.27082752048566","76.19328043565616","2.473942338856114","336.85638885395633","20.459373622456255","81.87773762149325","1516.4294744327854","629.3947802258992","2783.072687279433","7413.533098196471","Industrial"
"pol-1942","Delhi","New Delhi","2025-12-06T14:10:25.363Z","149.00643315250036","41.19948525173025","51.120750863199085","2.7461230282763105","2.9500626758808046","34.36442105641725","37.660979048990555","71.41446478047277","10.781721924010357","299.3001613089454","9.33967208599681","90.21390776095858","872.7534193982383","2164.106644186542","13050.717801253853","3746.819416503564","Natural"
"pol-1943","Andhra Pradesh","Visakhapatnam","2025-12-06T13:10:25.363Z","102.6515190993998","89.28111327329388","24.533037744801725","3.512815569486331","29.786160893053264","40.89391109966937","27.478690907009863","21.118185394622643","24.757881363974","76.49895095667999","9.503233399020647","80.77602397605716","1228.0253841213819","5244.839879882114","15875.863822924255","7407.060300430938","Natural"
"pol-1944","Arunachal Pradesh","Itanagar","2025-12-06T12:10:25.363Z","121.12667035695439","111.85620481161784","44.29094998461341","2.264829858991705","38.485181964274666","43.38049981705608","27.94583775814691","70.50270224393935","12.17251165487076","111.17396647118906","19.389808538278167","77.26235834980218","1617.0444267126604","8016.332838805497","13316.091785459776","1132.5028550946292","Agricultural"
"pol-1945","Assam","Guwahati","2025-12-06T11:10:25.363Z","197.91070933551595","287.6109336577358","50.037664474047496","4.150689543191032","48.30587392934705","8.65473193520896","27.9319852452627","54.374849962989416","3.2563422920139695","346.8582312695788","8.734895458038235","78.66301579820335","108.81813538023266","5976.3799944896155","14028.430352812438","2153.979989476006","Vehicular"
"pol-1946","Bihar","Patna","2025-12-06T10:10:25.363Z","35.54080879788235","170.91434185964022","78.8401272964664","7.9871650320964775","1.6319652979556065","11.378921486490112","38.76753974158093","55.4520608989868","4.826288128883566","102.56795983618144","22.010971800551104","75.1924865195501","1849.920104486801","688.1318729133657","11156.021820222537","5743.88850763036","Natural"
"pol-1947","Chhattisgarh","Raipur","2025-12-06T09:10:25.363Z","163.26432337946392","212.10733664588724","66.69423999633868","5.956250019688536","19.70309238389542","35.23187088771505","15.35427189445052","49.46916767270915","22.367446248960036","82.72873831102308","24.611823619462484","73.3132898804302","1916.3233318124087","7344.611887307152","3886.3600514330865","9287.932477672806","Burning"
"pol-1948","Goa","Panaji","2025-12-06T08:10:25.363Z","128.3885872967677","130.0076057943046","10.260455877718977","9.544631518306534","18.98880632298208","97.40048001816099","15.391560166041868","58.619840938231704","7.310651782238181","21.2818790013424","35.50371277414821","77.51697737622413","1033.0441298255178","3109.622954610476","9830.483619731738","1746.5996811663765","Industrial"
"pol-1949","Gujarat","Ahmedabad","2025-12-06T07:10:25.363Z","169.1892326977706","27.81719758349761","16.114377813112988","1.330146683803145","23.44041786940936","47.2817516398379","28.81448611426406","36.28534528782508","21.328378918364564","327.7796671582232","23.570103101807376","71.080718937062","1524.4713510287866","4845.9257524447075","5161.045853582405","9139.797520018654","Burning"
"pol-1950","Haryana","Gurugram","2025-12-06T06:10:25.363Z","86.38116292745654","19.830533957075104","71.20476121071363","5.646224327415266","29.46825049914463","61.716778228641125","34.90980017740006","78.2470403571246","20.67178907933772","120.39648610396169","16.46197144337556","88.66857572361079","775.6027365063753","1932.6610710421078","3427.7108004948163","6078.2222312229","Industrial"
"pol-1951","Himachal Pradesh","Shimla","2025-12-06T05:10:25.363Z","62.55745096450236","55.72548543470802","74.17180128875376","8.204715346231527","6.319977452126524","42.53079452035252","27.04032293340643","25.625872977446527","6.867829411877521","62.44774784071067","9.001271728495858","71.63975230385978","984.1977074767445","2589.7624085959205","10809.156280793555","8796.149907279121","Natural"
"pol-1952","Jharkhand","Ranchi","2025-12-06T04:10:25.363Z","132.55912320166652","191.10515410431026","41.213243363189946","0.6254150755617349","44.752045883812755","76.51976417927665","22.281167485298916","76.96580445105396","8.882834640502338","135.0530795612159","12.846591788610889","87.0726083697761","299.25428639393203","5184.641046396458","12240.566632317365","5410.3974557496","Vehicular"
"pol-1953","Karnataka","Bengaluru","2025-12-06T03:10:25.363Z","183.43825303221206","57.56016596022662","40.937163701287176","3.7441504468647024","47.69588209692303","61.609614611646165","19.775852195779162","31.415051515595685","19.8494473984157","49.44429568502117","32.57901698107474","90.42391537123135","474.71626410161474","2167.346405200267","11895.341440603625","407.69788598086774","Vehicular"
"pol-1954","Kerala","Thiruvananthapuram","2025-12-06T02:10:25.363Z","114.63782427298617","92.9523683465075","51.67466728321492","4.291347165976931","18.36097001780141","94.91440063198725","35.102151559515605","60.783286777436274","1.7394027013367064","225.59895984222655","9.897038175844669","89.94925521714175","286.79261842270074","8685.444121187042","7470.901254034863","8513.917213188435","Vehicular"
"pol-1955","Madhya Pradesh","Bhopal","2025-12-06T01:10:25.363Z","114.09292491784684","261.7719986983931","22.62504596974754","4.593937381174861","20.521389039155807","21.428046211816298","30.345141180882692","56.615848233530286","18.861179827102028","227.0125382894347","31.541594788277706","80.7502245396253","693.0840440310083","2795.4155051490084","7537.849980765239","555.0611471400424","Industrial"
"pol-1956","Maharashtra","Mumbai","2025-12-06T00:10:25.363Z","169.6217785340267","4.039822527622128","63.84086020109504","0.8417437080877133","18.043452964054318","41.06255316699288","15.598191727822703","34.97769354257512","22.756942562398404","19.87789543197573","27.00077867505297","81.2087346836413","169.2986007608599","8055.764137262744","5535.823305209171","9659.214621108502","Vehicular"
"pol-1957","Manipur","Imphal","2025-12-05T23:10:25.363Z","15.727329942303236","274.9312430145883","21.9379466692585","5.1259230444152015","14.56865020716957","25.440149844101768","17.499833464227418","24.719965700731255","21.81685859082289","211.22690885341046","35.725036068585794","75.95219749817623","1249.5313398473","5366.002045853687","7030.726824186589","3708.5373218853015","Burning"
"pol-1958","Meghalaya","Shillong","2025-12-05T22:10:25.363Z","38.637167883105825","103.47034669964742","55.03622554370784","3.429468870073289","36.6781961075853","85.18356584658035","37.22322268298242","51.97887825456533","17.07367270631963","164.02765214000152","18.40885112071068","69.1057405396394","1252.8285855406318","358.86828144595427","4749.463387120299","9741.48596532767","Industrial"
"pol-1959","Mizoram","Aizawl","2025-12-05T21:10:25.363Z","138.8969081915091","122.57092802916557","75.10708531931554","4.631483484678423","29.25293488815467","64.0610042571064","27.032977836093885","39.82513448190173","12.19353866172918","151.3509478907999","30.29937531533552","90.78118758368304","1377.0588157982847","3766.297591664596","13737.5855416829","6094.838024195609","Industrial"
"pol-1960","Nagaland","Kohima","2025-12-05T20:10:25.363Z","53.115262299288005","292.14832354594694","64.95249877840665","8.825315185307485","3.2464205663200687","75.8076986007169","16.15200536056764","49.71739419850403","10.1956993941619","184.58866260695115","20.57131755490653","76.04861465576637","1212.889175181312","6898.017710737356","18499.726760099216","4536.431618530843","Natural"
"pol-1961","Odisha","Bhubaneswar","2025-12-05T19:10:25.363Z","153.18122071926987","90.61164737104019","78.24876317166965","1.701738212534465","10.844176688110485","57.487815981214595","17.018597801354645","77.74257837901433","22.950208241644887","179.94547515526722","18.960046760840857","74.9149158049301","1597.2841175185154","5960.200386766506","9654.120648715252","1586.5752176612714","Agricultural"
"pol-1962","Punjab","Ludhiana","2025-12-05T18:10:25.363Z","110.52980292189932","105.56529573267402","37.359595630867574","4.14389929090495","13.201393540568379","11.680641236503742","24.546441407910436","20.313518928616123","24.78931133869036","16.0240291115679","32.031553640542","91.6001201086948","363.44359309243043","1338.6022743409421","7440.201449291976","487.48783542323036","Vehicular"
"pol-1963","Rajasthan","Jaipur","2025-12-05T17:10:25.363Z","133.20020883642053","293.46365083550364","65.02668860591916","7.362347668095534","48.39485170410532","94.03326723044287","31.769863323667312","52.409924957632924","17.89334801520418","359.5173255611132","17.10279608843115","72.1439738626449","49.48906332406122","5916.658270013124","5418.917650627555","6016.360578973162","Vehicular"
"pol-1964","Sikkim","Gangtok","2025-12-05T16:10:25.363Z","199.29127635177096","125.08269445797792","48.257896216789916","5.339210811055333","46.12160329985789","0.19913479569486636","31.480194397252163","77.00697854242533","24.065021286700713","270.0506500433962","18.40859549676161","85.83615747164157","448.29372883655805","8488.018103924795","302.57183994033323","159.37223332240347","Vehicular"
"pol-1965","Tamil Nadu","Chennai","2025-12-05T15:10:25.363Z","180.07505404642063","286.25056992030665","16.771266744823706","9.766699914475423","21.264054055378047","58.27402927201983","35.701539395726485","49.001553737563604","9.501402796469932","355.29741829541297","21.765440256669642","78.03837905608313","641.0142042478975","4262.1296749603525","4480.061211536883","1304.0340885033174","Burning"
"pol-1966","Telangana","Hyderabad","2025-12-05T14:10:25.363Z","7.977745107367018","5.544642311340797","59.91501093678711","8.740787928734376","13.917518227302184","95.94332437861738","21.11308919412065","62.74350070707408","7.859892075713793","53.24286470700664","17.21145034656119","92.44203711981947","1247.3194467346768","2032.5952100061684","11858.994855024197","4272.980121318143","Natural"
"pol-1967","Tripura","Agartala","2025-12-05T13:10:25.363Z","12.374313413133976","139.5658407645774","10.580093510349826","1.1924818724524977","23.68582664845778","65.62619592332761","23.648507425874566","52.022059093035146","23.247296386603285","255.27522236795977","23.817835787216907","76.71395512948776","134.68701660527404","32.26903825251037","15644.269377770306","1234.0350045419568","Industrial"
"pol-1968","Uttar Pradesh","Lucknow","2025-12-05T12:10:25.363Z","159.7708137903356","270.49045288212665","23.147284379299187","0.7683285497926673","21.44052172457772","42.40763418663217","37.479898100928864","39.956111930781745","5.1003196367123165","236.5909957459691","27.72347007154742","73.98010393444545","1347.8272816684619","872.6737231723048","17657.390598262293","6561.219560341887","Industrial"
"pol-1969","Uttarakhand","Dehradun","2025-12-05T11:10:25.363Z","189.076759271543","226.50385817610618","63.01793888336456","5.072965705014375","41.72083668792624","19.082486404487543","23.138930438706403","48.20131458174835","11.39667258501505","194.822124772635","30.93232440495102","72.28696873347934","850.6980735526616","9148.13777759781","15540.000292082532","2922.080094682129","Agricultural"
"pol-1970","West Bengal","Kolkata","2025-12-05T10:10:25.363Z","147.66764918096118","98.73857012596507","8.395218974897531","9.391141113272013","3.8168265947623015","2.182473452650724","23.763477635172443","61.80316473403201","9.91010382263087","14.393864270050853","24.99802308575579","73.42472630033872","1399.3468219933907","8992.826005521993","2403.071195919193","3877.555331040259","Burning"
"pol-1971","Delhi","New Delhi","2025-12-05T09:10:25.363Z","44.17504747390193","295.31706995954085","63.24171100069509","4.505289676759922","47.071807271646634","81.84991870570619","39.915738562343876","38.06786530591689","2.7853926360976446","119.43342472478336","10.203060065079546","82.00929420543329","1523.6238774023345","1883.5461030847655","6803.094652629707","1158.8252850579183","Industrial"
"pol-1972","Andhra Pradesh","Visakhapatnam","2025-12-05T08:10:25.363Z","124.67944035836689","95.64987952542491","45.08541927734817","6.130668976199774","35.64535766259345","25.459393503476324","20.002466342634545","57.082746614396754","10.253331088478145","182.08669276728318","25.932280830011287","92.31937294608217","1884.1925538980465","1705.0216603346769","13239.141562925872","862.9722557167996","Industrial"
"pol-1973","Arunachal Pradesh","Itanagar","2025-12-05T07:10:25.363Z","171.98088629271996","78.02072497648511","5.784347507689942","6.082525608506872","0.6260543596189494","20.7440623366696","32.61087295705798","34.631193066693754","1.39137948852808","125.07966603853528","8.223201123284552","89.57453022752667","1593.386427432881","2376.444089339593","15784.174551681728","8216.467252276096","Natural"
"pol-1974","Assam","Guwahati","2025-12-05T06:10:25.363Z","103.39558383364806","285.6694641154928","26.372690609331528","8.851544437686925","30.807197406194426","84.32067170470454","24.01108995909","38.125448021807415","1.1976422180065756","139.62677377309765","16.09557332781094","80.95075680896312","676.7556332258031","9641.115810702802","1572.9815157043258","7791.753106992668","Burning"
"pol-1975","Bihar","Patna","2025-12-05T05:10:25.363Z","151.47481633053783","174.64246773124597","36.032897224916674","6.570226062699946","42.857303318468745","2.294527542749103","35.49711797274557","71.00764821191598","3.1598771761571527","170.25793965310982","9.20869036470679","84.16404836458817","231.2277283962001","6777.317549202128","1592.849386041404","7152.689471700787","Vehicular"
"pol-1976","Chhattisgarh","Raipur","2025-12-05T04:10:25.363Z","18.031765205297432","217.17294416743115","35.533754212092504","5.900666852164813","3.950767571274411","3.1682288769668276","37.58765544499752","42.278664524706","23.155884332473537","35.42269111093277","12.09652401625713","73.12302585564795","1133.587246848902","982.7480256924515","8684.789901422997","5133.756033263265","Natural"
"pol-1977","Goa","Panaji","2025-12-05T03:10:25.363Z","51.305952920702104","148.03427058445868","61.89378286136695","2.4808997854029746","11.934508461723503","46.43450941636469","25.839381056760242","26.175902638151456","15.076730667679186","86.9828913427674","26.92612197426094","81.91280178440662","1250.6689454045493","6200.843690321151","11866.77136687811","1887.9821567331824","Agricultural"
"pol-1978","Gujarat","Ahmedabad","2025-12-05T02:10:25.363Z","67.51024904865834","37.24062119601912","17.854292978743675","5.843963121293722","39.15736330711418","91.17142821253907","15.330558789327068","72.22494006051781","15.591626558649738","345.64572041180196","22.885747691204983","82.55771236715788","851.7167271205712","2466.8521006702304","14198.48825942907","5972.035984954881","Industrial"
"pol-1979","Haryana","Gurugram","2025-12-05T01:10:25.363Z","70.47881858740148","288.8394163829923","71.60558055622553","6.080544092689041","44.20316284046759","30.39489943349195","15.824781295528265","43.66373322609211","1.5696154476453255","274.1613198569872","8.9434755028305","80.76306825511892","1167.6566402447472","9934.195259182768","1344.4004127872388","9325.617420977855","Burning"
"pol-1980","Himachal Pradesh","Shimla","2025-12-05T00:10:25.363Z","185.67358772485935","214.29646144010897","72.99015881230065","6.952236293556612","18.94385012267949","27.499349724142274","17.135987894354187","59.33423274431179","16.580370719947243","10.366030811936685","11.06674825485159","89.18486859395458","61.80631649672086","3095.913140112659","7335.875420176516","4777.905439903903","Vehicular"
"pol-1981","Jharkhand","Ranchi","2025-12-04T23:10:25.363Z","145.12326227028638","180.5987933764087","31.125998692595953","2.0053093034925196","31.81238068740265","3.318302568346898","18.56842662386221","48.125761609128965","19.49873189204516","290.9615926570628","14.347247629084812","75.29263249060674","887.9372188923928","8925.104427602095","1652.779826690316","3427.800131259047","Burning"
"pol-1982","Karnataka","Bengaluru","2025-12-04T22:10:25.363Z","97.9920588613401","58.541046691128116","38.9522239518757","6.046645117907518","46.80849806218075","18.729532095429356","20.54753602125205","38.89967203158617","12.327907907800284","232.36717122159723","12.87119280257674","91.14243399002306","1062.601378603367","2370.8586320698855","1455.2720825867427","8118.93955725674","Industrial"
"pol-1983","Kerala","Thiruvananthapuram","2025-12-04T21:10:25.363Z","100.18776059290914","3.433310080559304","76.77309554590343","4.8730964499889105","42.498896608265966","29.33018270738359","25.993177541976685","39.8623556480096","22.634643384828394","306.47496527673457","30.71832721903344","91.12017440496852","71.19544961341285","8754.035439511368","2910.7384527720146","9658.12348717754","Vehicular"
"pol-1984","Madhya Pradesh","Bhopal","2025-12-04T20:10:25.363Z","56.360490732617485","210.40784328318827","60.16156454048574","1.5307508678372383","37.38555515325969","16.8052663446125","36.51207311689794","34.4884869749456","8.061868126846239","127.78274783750555","10.52695592530695","80.81361696996888","529.8724548500098","3886.520702559961","6780.900534950017","9491.978882239015","Industrial"
"pol-1985","Maharashtra","Mumbai","2025-12-04T19:10:25.363Z","131.7385726551313","137.6048313472671","63.22629919142048","9.42011164147064","17.87476714350358","32.07261372558236","25.6821250993489","25.94062508800836","7.659294102277617","321.73977691124213","13.059335823411493","76.20890786944588","464.1246545520339","359.3062154192972","2523.750341402431","8117.478523992278","Vehicular"
"pol-1986","Manipur","Imphal","2025-12-04T18:10:25.363Z","121.08348937562603","106.79644873457008","12.069466989810405","0.616802930402025","6.91354140265727","27.4418481929499","19.474632854815745","71.90798149860935","12.298767798566054","330.1591884719908","29.40230659296737","75.9942573106375","1300.4469948427313","9850.747321414703","15247.85893465106","7351.76558231102","Natural"
"pol-1987","Meghalaya","Shillong","2025-12-04T17:10:25.363Z","119.95822386286757","154.98750270912237","55.46077932174423","1.1740150266629323","48.805795576252585","58.92179333566603","22.819969616857488","59.06584676913839","4.281457917886525","43.761446059363884","13.82634241512865","87.23470287701831","738.5539200020281","272.22430991854173","3090.497282071587","6695.018438950515","Industrial"
"pol-1988","Mizoram","Aizawl","2025-12-04T16:10:25.363Z","176.9043129417933","71.26081981644857","23.133597917552322","0.2663671522480815","24.646396973366038","58.695804974604904","26.765299796451977","28.22387303847755","10.847794141951642","47.46554121755506","12.094818687513618","76.47575622896105","1279.3449028114683","951.3721446987366","4030.531058019442","1704.8407365193764","Industrial"
"pol-1989","Nagaland","Kohima","2025-12-04T15:10:25.363Z","139.9395325166511","182.5948296295829","30.325243772182855","5.218695707756408","42.635836225681516","43.11205267973296","39.78772226421425","25.155890651535948","8.29466654959386","30.960581589916654","35.406041177300565","85.90480027937049","782.3634849248275","7779.125114487652","14203.713193937647","9502.104424600366","Natural"
"pol-1990","Odisha","Bhubaneswar","2025-12-04T14:10:25.363Z","54.3951311812503","235.24936123461723","59.86807569939886","7.078209824861225","5.6720107726357885","33.41438579079534","27.34734578299458","70.56329175292998","18.540407478124738","195.64613366207294","20.60253385453811","69.70592467244697","1553.7580318523828","2611.185676929686","4637.92741623394","5602.056798574477","Burning"
"pol-1991","Punjab","Ludhiana","2025-12-04T13:10:25.363Z","182.2398380146008","2.7518279673662716","53.07409717723968","1.184470014808865","26.809495215250266","40.462887348749334","33.58217996751789","35.561446729991246","3.8019220103863964","156.44257240729726","9.375958229784029","72.14776682639409","382.0276511760543","9716.223402297852","7715.381299345599","4930.016004074758","Vehicular"
"pol-1992","Rajasthan","Jaipur","2025-12-04T12:10:25.363Z","169.45250095309586","110.24132488198357","77.21464670866011","7.478372926366963","23.07940007135627","41.24411609361339","24.89147389223716","52.70239617021005","3.3927889133397753","311.1955530688932","13.868561912507666","88.98552543238881","1979.8799413839085","298.2415146612483","12801.080556701263","3647.110753806836","Industrial"
"pol-1993","Sikkim","Gangtok","2025-12-04T11:10:25.363Z","32.138720733982076","98.40937316825678","34.13120529071981","5.3081338799328845","8.694911338649835","30.4049688760755","22.66089768279749","33.10669474014685","1.8389795770504869","328.46911187876793","26.958651802786086","74.3383689259837","1268.3491584956641","4425.9019937444955","7442.387480375159","4269.283412312933","Burning"
"pol-1994","Tamil Nadu","Chennai","2025-12-04T10:10:25.363Z","69.10543955065955","294.93927270236514","65.33900121739217","3.8405100298751007","2.0570653098683387","46.75274134900064","38.3353610242704","24.564288872476396","4.988807654559658","142.96917722236182","12.249461556985679","82.48600542687907","393.5262513017777","7408.614610896517","12735.396397787494","5400.22451955538","Vehicular"
"pol-1995","Telangana","Hyderabad","2025-12-04T09:10:25.363Z","118.3913981647214","192.18386962589517","3.9229202233892035","0.335701256883123","27.61315448084718","78.20614304139526","28.840587095391356","56.50925936532946","20.254828841687754","233.86478891304094","18.536304194946077","77.93072818216162","219.4642957931674","6948.8155693921035","12612.020863046066","439.3373600738637","Agricultural"
"pol-1996","Tripura","Agartala","2025-12-04T08:10:25.363Z","126.54458362610302","216.00086206114491","28.832018745048682","4.153382753232728","14.697347515854375","70.18446041045588","17.00423978243185","44.69215861193484","23.931397871363313","30.824315090189156","23.824497328197015","74.69389263971601","1544.4221406521015","7070.935163062039","2780.283575631608","9119.002282973732","Burning"
"pol-1997","Uttar Pradesh","Lucknow","2025-12-04T07:10:25.363Z","41.55640716594926","99.52082954883812","13.385639754415006","1.1239304713443476","40.62121440851046","18.04483556434775","35.07972746218066","72.36656123955463","1.9881009877853377","3.1238203523137953","35.482240600796445","82.16416318746778","460.0925714538624","794.2654393836257","17133.162008791332","5209.272774464134","Industrial"
"pol-1998","Uttarakhand","Dehradun","2025-12-04T06:10:25.363Z","118.3470762652913","131.25121695743903","2.699434156721603","5.494197811860916","26.704210148223883","61.9738620959289","18.12076148220478","55.59750216287012","23.500598868483557","292.30196296817013","12.255449503269652","89.88504769527702","692.8438250867104","4706.580642805703","11142.505139078214","8787.286482667705","Natural"
"pol-1999","West Bengal","Kolkata","2025-12-04T05:10:25.363Z","48.171474745184064","95.82022904826152","14.58626020377606","0.5581592796633905","26.508118401058624","26.44717966504464","30.05623353906794","31.75786311134442","5.664635847034435","219.70838711181395","16.075282565345173","82.44611355048072","36.77421576876583","3402.865120840608","2877.4471329539297","5237.043237725782","Industrial"