country,state,city,station,latitude,longitude,pollutant_id,pollutant_min,pollutant_max,pollutant_avg
India,Andhra_Pradesh,Anantapur,"Gulzarpet, Anantapur - APPCB",14.675886,77.593027,O3,17,17,17
India,Andhra_Pradesh,Chittoor,"Gangineni Cheruvu, Chittoor - APPCB",13.20488,79.097889,NO2,12,26,16
India,Andhra_Pradesh,Chittoor,"Gangineni Cheruvu, Chittoor - APPCB",13.20488,79.097889,O3,30,42,37
India,Andhra_Pradesh,Kadapa,"Yerramukkapalli, Kadapa - APPCB",14.465052,78.824187,SO2,9,17,11
India,Andhra_Pradesh,Rajamahendravaram,"Anand Kala Kshetram, Rajamahendravaram - APPCB",16.9872867,81.7363176,NH3,6,8,7
India,Andhra_Pradesh,Rajamahendravaram,"Anand Kala Kshetram, Rajamahendravaram - APPCB",16.9872867,81.7363176,SO2,5,19,11
India,Andhra_Pradesh,Tirumala,"Toll Gate, Tirumala - APPCB",13.67,79.35,NO2,17,49,32
India,Andhra_Pradesh,Tirupati,"Vaikuntapuram, Tirupati - APPCB",13.615387,79.40923,CO,26,32,28
India,Andhra_Pradesh,Tirupati,"Vaikuntapuram, Tirupati - APPCB",13.615387,79.40923,O3,14,20,17
India,Bihar,Arrah,"New DM Office, Arrah - BSPCB",25.5626095,84.663264,CO,32,65,52
India,Bihar,Begusarai,"Lohiyanagar, Begusarai - BSPCB",25.42742023,86.13886079,NH3,6,11,10
India,Bihar,Begusarai,"Lohiyanagar, Begusarai - BSPCB",25.42742023,86.13886079,O3,2,273,88
India,Bihar,Bettiah,"Kamalnath Nagar, Bettiah - BSPCB",26.80365,84.51954,PM10,50,124,93
India,Bihar,Bettiah,"Kamalnath Nagar, Bettiah - BSPCB",26.80365,84.51954,NO2,7,9,8
India,Bihar,Bettiah,"Kamalnath Nagar, Bettiah - BSPCB",26.80365,84.51954,SO2,6,17,12
India,Bihar,Bettiah,"Kamalnath Nagar, Bettiah - BSPCB",26.80365,84.51954,CO,66,128,91
India,Bihar,Bhagalpur,"DM Office_Kachari Chowk, Bhagalpur - BSPCB",25.251013,86.989001,NH3,1,1,1
India,Bihar,Gaya,"Kareemganj, Gaya - BSPCB",24.792403,84.992416,PM10,95,348,203
India,Bihar,Gaya,"Kareemganj, Gaya - BSPCB",24.792403,84.992416,O3,16,40,22
India,Bihar,Gaya,"SFTI Kusdihra, Gaya - BSPCB",24.762518,84.982348,PM10,42,56,48
India,Bihar,Gaya,"SFTI Kusdihra, Gaya - BSPCB",24.762518,84.982348,SO2,6,9,7
India,Bihar,Hajipur,"Industrial Area, Hajipur - BSPCB",25.697189,85.2459,PM10,46,263,163
India,Bihar,Hajipur,"Industrial Area, Hajipur - BSPCB",25.697189,85.2459,NO2,63,171,103
India,Bihar,Hajipur,"Industrial Area, Hajipur - BSPCB",25.697189,85.2459,CO,6,94,21
India,Bihar,Katihar,"Mirchaibari, Katihar - BSPCB",25.560083,87.553265,NO2,9,10,9
India,Bihar,Kishanganj,"SDM Office_Khagra, Kishanganj - BSPCB",26.0881305,87.93840336,PM10,40,141,89
India,Bihar,Kishanganj,"SDM Office_Khagra, Kishanganj - BSPCB",26.0881305,87.93840336,O3,32,34,32
India,Bihar,Manguraha,"Forest Rest House, Manguraha - BSPCB",27.308328,84.531742,PM10,101,201,125
India,Bihar,Manguraha,"Forest Rest House, Manguraha - BSPCB",27.308328,84.531742,NO2,4,12,7
India,Bihar,Manguraha,"Forest Rest House, Manguraha - BSPCB",27.308328,84.531742,NH3,1,2,1
India,Bihar,Motihari,"Gandak Colony, Motihari - BSPCB",26.63086,84.90051,SO2,3,3,3
India,Bihar,Munger,"Town Hall, Munger - BSPCB",25.376776,86.471523,O3,8,10,10
India,Bihar,Muzaffarpur,"Buddha Colony, Muzaffarpur - BSPCB",26.11442,85.39813,PM10,114,173,144
India,Bihar,Muzaffarpur,"Buddha Colony, Muzaffarpur - BSPCB",26.11442,85.39813,SO2,4,8,6
India,Assam,Nalbari,"Bata Chowk, Nalbari - PCBA",26.446912,91.439057,NH3,NA,NA,NA
India,Assam,Silchar,"Tarapur, Silchar - PCBA",24.82827,92.79525,NO2,18,32,28
India,Assam,Silchar,"Tarapur, Silchar - PCBA",24.82827,92.79525,NH3,1,2,2
India,Assam,Silchar,"Tarapur, Silchar - PCBA",24.82827,92.79525,CO,29,66,44
India,Assam,Silchar,"Tarapur, Silchar - PCBA",24.82827,92.79525,O3,2,8,5
India,Bihar,Araria,"Kharahiya Basti, Araria - BSPCB",26.146529,87.454184,NO2,1,12,2
India,Bihar,Araria,"Kharahiya Basti, Araria - BSPCB",26.146529,87.454184,O3,9,10,10
India,Andhra_Pradesh,Vijayawada,"HB Colony, Vijayawada - APPCB",16.536107,80.594233,CO,20,34,33
India,Andhra_Pradesh,Vijayawada,"Rajiv Gandhi Park, Vijayawada - APPCB",16.509717,80.612222,PM2.5,50,90,73
India,Andhra_Pradesh,Vijayawada,"Rajiv Gandhi Park, Vijayawada - APPCB",16.509717,80.612222,NO2,27,60,42
India,Andhra_Pradesh,Vijayawada,"Rajiv Gandhi Park, Vijayawada - APPCB",16.509717,80.612222,NH3,4,6,4
India,Andhra_Pradesh,Vijayawada,"Rajiv Nagar, Vijayawada - APPCB",16.554731,80.64911,PM10,60,76,65
India,Andhra_Pradesh,Vijayawada,"Rajiv Nagar, Vijayawada - APPCB",16.554731,80.64911,O3,29,40,31
India,Assam,Byrnihat,"Central Academy for SFS, Byrnihat - PCBA",26.071318,91.87488,O3,13,32,27
India,Assam,Guwahati,"LGBI Airport, Guwahati - PCBA",26.10887,91.589544,NO2,10,30,18
India,Assam,Guwahati,"Pan Bazaar, Guwahati - PCBA",26.1875,91.744194,SO2,27,62,41
India,Assam,Nagaon,"Christianpatty, Nagaon - PCBA",26.349082,92.68449,PM10,71,125,101
India,Bihar,Bhagalpur,"Mayaganj, Bhagalpur - BSPCB",25.265194,87.012947,PM2.5,17,43,27
India,Bihar,Bhagalpur,"Mayaganj, Bhagalpur - BSPCB",25.265194,87.012947,NO2,7,8,7
India,Bihar,Chhapra,"Darshan Nagar, Chhapra - BSPCB",25.7808257,84.7446768,SO2,23,29,26
India,Arunachal_Pradesh,Naharlagun,"Naharlagun, Naharlagun - APSPCB",27.103358,93.679645,PM2.5,55,369,145
India,Assam,Byrnihat,"Central Academy for SFS, Byrnihat - PCBA",26.071318,91.87488,NO2,4,11,8
India,Andhra_Pradesh,Amaravati,"Secretariat, Amaravati - APPCB",16.5150833,80.5181667,NO2,16,29,22
India,Andhra_Pradesh,Amaravati,"Secretariat, Amaravati - APPCB",16.5150833,80.5181667,SO2,14,21,17
India,Delhi,Delhi,"Aya Nagar, Delhi - IMD",28.4706914,77.1099364,CO,24,64,27
India,Delhi,Delhi,"Bawana, Delhi - DPCC",28.7762,77.051074,PM2.5,48,500,326
India,Delhi,Delhi,"Bawana, Delhi - DPCC",28.7762,77.051074,PM10,107,500,292
India,Delhi,Delhi,"Bawana, Delhi - DPCC",28.7762,77.051074,CO,28,105,44
India,Delhi,Delhi,"Bawana, Delhi - DPCC",28.7762,77.051074,O3,3,120,83
India,Delhi,Delhi,"Burari Crossing, Delhi - IMD",28.7256504,77.2011573,NO2,63,184,118
India,Delhi,Delhi,"CRRI Mathura Road, Delhi - IMD",28.5512005,77.2735737,PM10,94,288,177
India,Delhi,Delhi,"CRRI Mathura Road, Delhi - IMD",28.5512005,77.2735737,CO,4,62,6
India,Delhi,Delhi,"Chandni Chowk, Delhi - IITM",28.656756,77.227234,NO2,17,62,36
India,Delhi,Delhi,"Chandni Chowk, Delhi - IITM",28.656756,77.227234,NH3,5,12,8
India,Chhattisgarh,Korba,"Urja Nagar, Korba - CECB",22.348441,82.549611,O3,12,26,26
India,Chhattisgarh,Kunjemura,"OP Jindal School, Kunjemura - CECB",22.12665,83.483212,NH3,2,2,2
India,Chhattisgarh,Milupara,"Govt. Higher Secondary School, Milupara - CECB",22.1910172,83.5197009,PM10,34,105,60
India,Chhattisgarh,Milupara,"Govt. Higher Secondary School, Milupara - CECB",22.1910172,83.5197009,NO2,13,77,29
India,Chhattisgarh,Milupara,"Govt. Higher Secondary School, Milupara - CECB",22.1910172,83.5197009,NH3,1,3,2
India,Chhattisgarh,Raipur,"AIIMS, Raipur - CECB",21.258815,81.578979,NH3,4,5,4
India,Chhattisgarh,Raipur,"Bhatagaon New ISBT, Raipur - CECB",21.219665,81.630094,CO,3,102,24
India,Chhattisgarh,Raipur,"Krishak Nagar, Raipur - CECB",21.237755,81.705301,NO2,13,30,19
India,Bihar,Siwan,"Chitragupta Nagar, Siwan - BSPCB",26.2271665,84.3570427,PM2.5,45,113,76
India,Chandigarh,Chandigarh,"Sector 22, Chandigarh - CPCC",30.735567,76.775714,NO2,6,58,20
India,Chandigarh,Chandigarh,"Sector-25, Chandigarh - CPCC",30.751462,76.762879,PM2.5,70,275,143
India,Chandigarh,Chandigarh,"Sector-53, Chandigarh - CPCC",30.719859,76.738637,NH3,NA,NA,NA
India,Chhattisgarh,Tumidih,"OP Jindal Industrial Park, Tumidih - CECB",22.06631475,83.33820077,NH3,NA,NA,NA
India,Delhi,Delhi,"Alipur, Delhi - DPCC",28.815329,77.15301,PM10,127,355,200
India,Delhi,Delhi,"Alipur, Delhi - DPCC",28.815329,77.15301,NO2,30,76,51
India,Delhi,Delhi,"Alipur, Delhi - DPCC",28.815329,77.15301,NH3,13,14,14
India,Delhi,Delhi,"Alipur, Delhi - DPCC",28.815329,77.15301,CO,32,62,47
India,Chandigarh,Chandigarh,"Sector-53, Chandigarh - CPCC",30.719859,76.738637,CO,21,103,37
India,Chhattisgarh,Bhilai,"32Bungalows, Bhilai - CECB",21.194815,81.31477,PM2.5,13,33,21
India,Chhattisgarh,Bhilai,"32Bungalows, Bhilai - CECB",21.194815,81.31477,SO2,4,10,8
India,Chhattisgarh,Bhilai,"Civic Center, Bhilai - Bhilai Steel Plant",21.185571,81.343175,NO2,11,11,11
India,Chhattisgarh,Bhilai,"Hathkhoj, Bhilai - CECB",21.224231,81.40835,O3,3,13,12
India,Bihar,Patna,"Rajbansi Nagar, Patna - BSPCB",25.599486,85.113666,PM10,94,221,141
India,Bihar,Patna,"Rajbansi Nagar, Patna - BSPCB",25.599486,85.113666,NO2,32,120,58
India,Bihar,Patna,"Samanpura, Patna - BSPCB",25.596727,85.085624,NO2,6,44,25
India,Bihar,Patna,"Samanpura, Patna - BSPCB",25.596727,85.085624,SO2,3,7,5
India,Bihar,Purnia,"Mariam Nagar, Purnia - BSPCB",25.366336,87.117468,PM10,59,94,74
India,Bihar,Purnia,"Mariam Nagar, Purnia - BSPCB",25.366336,87.117468,SO2,11,18,16
India,Chhattisgarh,Bilaspur,"Mangala, Bilaspur - NTPC",22.08815,82.13737,CO,18,124,27
India,Chhattisgarh,Chhal,"Nawapara SECL Colony, Chhal - CECB",22.118125,83.140608,PM2.5,29,55,42
India,Chhattisgarh,Korba,"Rampur, Korba - CECB",22.368195,82.746431,PM2.5,17,61,33
India,Chhattisgarh,Korba,"Rampur, Korba - CECB",22.368195,82.746431,NH3,1,1,1
India,Bihar,Patna,"DRM Office Danapur, Patna - BSPCB",25.586562,85.043586,PM10,70,322,170
India,Bihar,Patna,"DRM Office Danapur, Patna - BSPCB",25.586562,85.043586,SO2,5,8,7
India,Bihar,Patna,"Govt. High School Shikarpur, Patna - BSPCB",25.592539,85.227158,O3,8,14,11
India,Bihar,Patna,"IGSC Planetarium Complex, Patna - BSPCB",25.610369,85.132568,SO2,1,18,12
India,Delhi,Delhi,"Ashok Vihar, Delhi - DPCC",28.695381,77.181665,SO2,12,23,18
India,Delhi,Delhi,"DTU, Delhi - CPCB",28.7500499,77.1112615,NH3,9,13,12
India,Delhi,Delhi,"DTU, Delhi - CPCB",28.7500499,77.1112615,CO,20,101,40
India,Delhi,Delhi,"Dr. Karni Singh Shooting Range, Delhi - DPCC",28.498571,77.26484,CO,2,12,1
India,Delhi,Delhi,"Dwarka-Sector 8, Delhi - DPCC ",28.5710274,77.0719006,PM10,111,304,183
India,Delhi,Delhi,"Dwarka-Sector 8, Delhi - DPCC ",28.5710274,77.0719006,NO2,45,177,95
India,Delhi,Delhi,"IHBAS, Dilshad Garden, Delhi - CPCB",28.6811736,77.3025234,PM2.5,87,303,229
India,Delhi,Delhi,"IHBAS, Dilshad Garden, Delhi - CPCB",28.6811736,77.3025234,NO2,25,135,77
India,Delhi,Delhi,"R K Puram, Delhi - DPCC",28.563262,77.186937,O3,8,95,80
India,Delhi,Delhi,"Rohini, Delhi - DPCC",28.732528,77.11992,PM2.5,75,447,306
India,Delhi,Delhi,"Rohini, Delhi - DPCC",28.732528,77.11992,NO2,26,115,77
India,Delhi,Delhi,"Rohini, Delhi - DPCC",28.732528,77.11992,SO2,7,27,12
India,Delhi,Delhi,"Shadipur, Delhi - CPCB",28.6514781,77.1473105,PM2.5,164,448,312
India,Delhi,Delhi,"Shadipur, Delhi - CPCB",28.6514781,77.1473105,NO2,57,179,88
India,Delhi,Delhi,"Sirifort, Delhi - CPCB",28.5504249,77.2159377,PM10,115,491,220
India,Delhi,Delhi,"Sirifort, Delhi - CPCB",28.5504249,77.2159377,NH3,6,9,7
India,Delhi,Delhi,"Sirifort, Delhi - CPCB",28.5504249,77.2159377,SO2,29,37,32
India,Gujarat,Ahmedabad,"Gyaspur, Ahmedabad - IITM",22.977134,72.553024,SO2,1,60,26
India,Gujarat,Ahmedabad,"Maninagar, Ahmedabad - GPCB",23.002657,72.591912,SO2,26,40,35
India,Gujarat,Ahmedabad,"Maninagar, Ahmedabad - GPCB",23.002657,72.591912,O3,33,108,90
India,Gujarat,Ahmedabad,"Raikhad, Ahmedabad - IITM",23.020509,72.579261,O3,1,72,59
India,Gujarat,Ahmedabad,"Rakhial, Ahmedabad - IITM",23.016834,72.625775,NH3,3,6,4
India,Gujarat,Ahmedabad,"SAC ISRO Bopal, Ahmedabad - IITM",23.041137,72.456691,PM2.5,65,197,129
India,Gujarat,Ahmedabad,"SAC ISRO Bopal, Ahmedabad - IITM",23.041137,72.456691,NO2,10,40,23
India,Gujarat,Ahmedabad,"SAC ISRO Bopal, Ahmedabad - IITM",23.041137,72.456691,O3,6,87,65
India,Delhi,Delhi,"Mandir Marg, Delhi - DPCC",28.636429,77.201067,NH3,4,10,6
India,Delhi,Delhi,"Mandir Marg, Delhi - DPCC",28.636429,77.201067,CO,7,56,45
India,Delhi,Delhi,"Mundka, Delhi - DPCC",28.684678,77.076574,NH3,9,16,11
India,Delhi,Delhi,"Mundka, Delhi - DPCC",28.684678,77.076574,SO2,21,38,29
India,Delhi,Delhi,"Mundka, Delhi - DPCC",28.684678,77.076574,O3,4,96,77
India,Delhi,Delhi,"NSIT Dwarka, Delhi - CPCB",28.60909,77.0325413,NO2,10,94,34
India,Delhi,Delhi,"Najafgarh, Delhi - DPCC",28.570173,76.933762,PM10,61,234,137
India,Delhi,Delhi,"Narela, Delhi - DPCC",28.822836,77.101981,CO,23,74,38
India,Delhi,Delhi,"Jawaharlal Nehru Stadium, Delhi - DPCC",28.58028,77.233829,PM2.5,52,341,199
India,Delhi,Delhi,"Jawaharlal Nehru Stadium, Delhi - DPCC",28.58028,77.233829,SO2,3,27,13
India,Delhi,Delhi,"Jawaharlal Nehru Stadium, Delhi - DPCC",28.58028,77.233829,O3,1,129,99
India,Delhi,Delhi,"Lodhi Road, Delhi - IMD",28.5918245,77.2273074,PM2.5,37,220,133
India,Delhi,Delhi,"Major Dhyan Chand National Stadium, Delhi - DPCC",28.611281,77.237738,NH3,13,34,17
India,Delhi,Delhi,"Major Dhyan Chand National Stadium, Delhi - DPCC",28.611281,77.237738,SO2,5,27,15
India,Delhi,Delhi,"Mandir Marg, Delhi - DPCC",28.636429,77.201067,PM2.5,3,312,93
India,Delhi,Delhi,"Sri Aurobindo Marg, Delhi - DPCC",28.531346,77.190156,PM2.5,58,220,125
India,Delhi,Delhi,"Sri Aurobindo Marg, Delhi - DPCC",28.531346,77.190156,PM10,113,222,145
India,Delhi,Delhi,"Sri Aurobindo Marg, Delhi - DPCC",28.531346,77.190156,O3,2,86,79
India,Delhi,Delhi,"Vivek Vihar, Delhi - DPCC",28.672342,77.31526,PM2.5,51,387,290
India,Gujarat,Ahmedabad,"Chandkheda, Ahmedabad - IITM",23.107969,72.574648,NH3,2,5,4
India,Delhi,Delhi,"Nehru Nagar, Delhi - DPCC",28.56789,77.250515,O3,1,103,89
India,Delhi,Delhi,"North Campus, DU, Delhi - IMD",28.6573814,77.1585447,CO,2,149,9
India,Delhi,Delhi,"Okhla Phase-2, Delhi - DPCC",28.530785,77.271255,NO2,33,125,84
India,Delhi,Delhi,"Patparganj, Delhi - DPCC",28.623763,77.287209,NH3,7,9,8
India,Delhi,Delhi,"Punjabi Bagh, Delhi - DPCC",28.674045,77.131023,NO2,26,92,63
India,Delhi,Delhi,"Punjabi Bagh, Delhi - DPCC",28.674045,77.131023,NH3,4,6,5
India,Delhi,Delhi,"Pusa, Delhi - DPCC",28.639652,77.146275,NH3,9,34,17
India,Delhi,Delhi,"Pusa, Delhi - DPCC",28.639652,77.146275,CO,41,105,56
India,Delhi,Delhi,"IIT Delhi, Delhi - IITM",28.54246,77.191651,PM10,111,257,160
India,Delhi,Delhi,"ITO, Delhi - CPCB",28.628624,77.24106,NH3,3,9,6
India,Delhi,Delhi,"Jahangirpuri, Delhi - DPCC",28.73282,77.170633,NO2,77,134,109
India,Gujarat,Surat,"Katargam, Surat - Nexteng Enviro",21.217779,72.834787,CO,122,141,124
India,Gujarat,Surat,"Science Center, Surat - SMC",21.170046,72.795405,SO2,23,28,25
India,Gujarat,Vadodara,"Bapunagar, Vadodara - Nexteng Enviro",22.320153,73.216285,NO2,8,45,28
India,Gujarat,Vadodara,"Bapunagar, Vadodara - Nexteng Enviro",22.320153,73.216285,NH3,1,3,2
India,Gujarat,Vadodara,"Bapunagar, Vadodara - Nexteng Enviro",22.320153,73.216285,SO2,7,19,9
India,Gujarat,Vatva,"Phase-4 GIDC, Vatva - GPCB",22.969611,72.6435,PM10,66,430,168
India,Gujarat,Vatva,"Phase-4 GIDC, Vatva - GPCB",22.969611,72.6435,NO2,22,146,94
India,Gujarat,Vatva,"Phase-4 GIDC, Vatva - GPCB",22.969611,72.6435,SO2,10,29,24
India,Haryana,Manesar,"Sector-2 IMT, Manesar - HSPCB",28.360699,76.93609,CO,10,22,14
India,Haryana,Narnaul,"Shastri Nagar, Narnaul - HSPCB",28.060249,76.113115,NO2,50,95,64
India,Haryana,Palwal,"Shyam Nagar, Palwal - HSPCB",28.1485564,77.3320667,PM2.5,44,62,52
India,Haryana,Palwal,"Shyam Nagar, Palwal - HSPCB",28.1485564,77.3320667,NO2,23,24,24
India,Haryana,Palwal,"Shyam Nagar, Palwal - HSPCB",28.1485564,77.3320667,CO,14,51,30
India,Haryana,Panchgaon,"Amity University, Panchgaon - IITM",28.3153,76.9143,NH3,4,6,5
India,Haryana,Panchkula,"Sector-6, Panchkula - HSPCB ",30.7057778,76.85318056,NO2,24,26,25
India,Gujarat,Vatva,"Phase-4 GIDC, Vatva - GPCB",22.969611,72.6435,O3,30,46,46
India,Haryana,Bahadurgarh,"Arya Nagar, Bahadurgarh - HSPCB",28.6701,76.9254,NO2,12,14,13
India,Haryana,Ballabgarh,"Nathu Colony, Ballabgarh - HSPCB",28.3419248,77.319699,NH3,3,3,3
India,Haryana,Bhiwani,"H.B. Colony, Bhiwani - HSPCB",28.806223,76.141105,O3,7,18,14
India,Haryana,Charkhi Dadri,"Mini Secretariat, Charkhi Dadri - HSPCB",28.593883,76.270653,PM2.5,158,214,183
India,Haryana,Charkhi Dadri,"Mini Secretariat, Charkhi Dadri - HSPCB",28.593883,76.270653,NO2,9,24,15
India,Gujarat,Bhavnagar,"Vidhyanagar, Bhavnagar - Nexteng Enviro",21.755417,72.139056,CO,118,146,119
India,Gujarat,Gandhinagar,"IIPHG Lekawada, Gandhinagar - IITM",23.243639,72.68994,PM2.5,NA,NA,NA
India,Gujarat,Gandhinagar,"IIPHG Lekawada, Gandhinagar - IITM",23.243639,72.68994,NO2,NA,NA,NA
India,Gujarat,Gandhinagar,"IIPHG Lekawada, Gandhinagar - IITM",23.243639,72.68994,NH3,NA,NA,NA
India,Gujarat,Gandhinagar,"Sector-10, Gandhinagar - GPCB",23.221714,72.654328,PM2.5,57,302,152
India,Gujarat,Gandhinagar,"Sector-10, Gandhinagar - GPCB",23.221714,72.654328,CO,48,71,55
India,Gujarat,Mehsana,"Sadanand Nagar, Mehsana - Nexteng Enviro",23.59315,72.372792,NH3,1,3,3
India,Haryana,Hisar,"Urban Estate-II, Hisar - HSPCB",29.14056,75.744941,NO2,26,27,27
India,Haryana,Karnal,"Sector-12, Karnal - HSPCB",29.6953,77.0027,PM2.5,13,305,190
India,Haryana,Karnal,"Sector-12, Karnal - HSPCB",29.6953,77.0027,NH3,6,6,6
India,Haryana,Kurukshetra,"Sector-7, Kurukshetra - HSPCB",29.966942,76.875879,CO,15,76,24
India,Haryana,Mandikhera,"General Hospital, Mandikhera(Nuh) - HSPCB",27.9002,76.9938,O3,22,32,27
India,Gujarat,Ahmedabad,"SAC ISRO Satellite, Ahmedabad - IITM",23.023389,72.515201,SO2,10,66,28
India,Gujarat,Ahmedabad,"SAC ISRO Satellite, Ahmedabad - IITM",23.023389,72.515201,O3,4,67,52
India,Gujarat,Ahmedabad,"SVPI Airport Hansol, Ahmedabad - IITM",23.076793,72.627874,SO2,6,18,10
India,Gujarat,Ankleshwar,"GIDC, Ankleshwar - GPCB",21.613267,73.010555,SO2,19,25,24
India,Gujarat,Bhavnagar,"Vidhyanagar, Bhavnagar - Nexteng Enviro",21.755417,72.139056,SO2,18,67,30
India,Haryana,Dharuhera,"Municipal Corporation Office, Dharuhera -  HSPCB",28.2068,76.7997,PM2.5,100,303,195
India,Haryana,Dharuhera,"Municipal Corporation Office, Dharuhera -  HSPCB",28.2068,76.7997,NH3,NA,NA,NA
India,Haryana,Faridabad,"Sector 30, Faridabad - HSPCB",28.4417,77.3217,PM2.5,86,92,88
India,Haryana,Faridabad,"Sector 30, Faridabad - HSPCB",28.4417,77.3217,NO2,36,39,38
India,Haryana,Fatehabad,"Huda Sector, Fatehabad - HSPCB",29.503664,75.467934,NO2,18,20,19
India,Haryana,Gurugram,"Sector-51, Gurugram - HSPCB",28.4227,77.0667,SO2,5,9,8
India,Haryana,Gurugram,"Sector-51, Gurugram - HSPCB",28.4227,77.0667,O3,3,16,13
India,Haryana,Gurugram,"Teri Gram, Gurugram - HSPCB",28.4275,77.1465,PM10,NA,NA,NA
India,Haryana,Gurugram,"Vikas Sadan, Gurugram - HSPCB",28.4501238,77.0263051,SO2,2,8,5
India,Haryana,Gurugram,"Vikas Sadan, Gurugram - HSPCB",28.4501238,77.0263051,CO,64,115,93
India,Haryana,Fatehabad,"Huda Sector, Fatehabad - HSPCB",29.503664,75.467934,NH3,12,15,14
India,Haryana,Fatehabad,"Huda Sector, Fatehabad - HSPCB",29.503664,75.467934,O3,58,80,69
India,Haryana,Gurugram,"Sector-51, Gurugram - HSPCB",28.4227,77.0667,PM2.5,76,365,225
India,Haryana,Gurugram,"Sector-51, Gurugram - HSPCB",28.4227,77.0667,PM10,81,319,163
India,Karnataka,Mysuru,"Hebbal 1st Stage, Mysuru - KSPCB",12.21041,76.37376,CO,6,102,19
India,Karnataka,Ramanagara,"Vijay Nagar, Ramanagara - KSPCB",12.733409,77.298051,NH3,3,4,3
India,Karnataka,Ramanagara,"Vijay Nagar, Ramanagara - KSPCB",12.733409,77.298051,O3,29,85,76
India,Karnataka,Shivamogga,"Vinoba Nagara, Shivamogga - KSPCB",13.94,75.555917,NO2,21,25,22
India,Karnataka,Tumakuru,"Thimmalapura, Tumakuru - KSPCB",13.377516,77.099072,O3,23,23,23
India,Karnataka,Vijayapura,"Ibrahimpur, Vijayapura - KSPCB",16.802639,75.722694,SO2,3,6,3
India,Karnataka,Vijayapura,"Ibrahimpur, Vijayapura - KSPCB",16.802639,75.722694,CO,14,28,21
India,Karnataka,Yadgir,"Collector Office, Yadgir - KSPCB",16.7602,77.1428,NH3,2,3,2
India,Karnataka,Bengaluru,"RVCE-Mailasandra, Bengaluru - KSPCB",12.921418,77.502466,SO2,5,6,6
India,Karnataka,Bengaluru,"Shivapura_Peenya, Bengaluru - KSPCB",13.0246342,77.5080115,NO2,NA,NA,NA
India,Karnataka,Bengaluru,"Shivapura_Peenya, Bengaluru - KSPCB",13.0246342,77.5080115,SO2,NA,NA,NA
India,Karnataka,Bengaluru,"Shivapura_Peenya, Bengaluru - KSPCB",13.0246342,77.5080115,CO,32,42,35
India,Karnataka,Bengaluru,"Silk Board, Bengaluru - KSPCB",12.917348,77.622813,PM2.5,79,127,102
India,Karnataka,Bengaluru,"Silk Board, Bengaluru - KSPCB",12.917348,77.622813,SO2,5,17,9
India,Karnataka,Bengaluru,"Silk Board, Bengaluru - KSPCB",12.917348,77.622813,CO,26,82,39
India,Karnataka,Chamarajanagar,"Urban, Chamarajanagar - KSPCB",11.55358,76.55521,NO2,15,36,27
India,Haryana,Yamuna Nagar,"Gobind Pura, Yamuna Nagar - HSPCB",30.1480566,77.2893471,O3,8,33,28
India,Himachal Pradesh,Baddi,"HIMUDA Complex Phase-1, Baddi - HPPCB",30.943887,76.801991,PM2.5,42,217,102
India,Himachal Pradesh,Baddi,"HIMUDA Complex Phase-1, Baddi - HPPCB",30.943887,76.801991,PM10,59,181,115
India,Himachal Pradesh,Baddi,"HIMUDA Complex Phase-1, Baddi - HPPCB",30.943887,76.801991,CO,44,72,51
India,Jammu_and_Kashmir,Pampore,"Khrew, Pampore - JKPCC",34.031606,75.009712,PM2.5,42,94,68
India,Jammu_and_Kashmir,Srinagar,"Khunmoh, Srinagar - JKPCC",34.06313,74.96017,SO2,3,4,4
India,Kerala,Kollam,"Polayathode, Kollam - Kerala PCB",8.8787,76.6073,PM10,72,81,76
India,Kerala,Kollam,"Polayathode, Kollam - Kerala PCB",8.8787,76.6073,NO2,9,10,9
India,Kerala,Kollam,"Polayathode, Kollam - Kerala PCB",8.8787,76.6073,CO,14,18,15
India,Kerala,Kollam,"Polayathode, Kollam - Kerala PCB",8.8787,76.6073,O3,29,38,38
India,Kerala,Thiruvananthapuram,"Kariavattom, Thiruvananthapuram - Kerala PCB",8.5637,76.8865,O3,36,37,37
India,Kerala,Thiruvananthapuram,"Plammoodu, Thiruvananthapuram - Kerala PCB",8.5149093,76.9435879,PM10,81,109,94
India,Karnataka,Chikkamagaluru,"Kalyana Nagara, Chikkamagaluru - KSPCB",13.328028,75.797056,PM10,61,78,67
India,Karnataka,Dharwad,"Kalabhavan, Dharwad - KSPCB",15.459706,75.008381,NH3,6,7,6
India,Karnataka,Dharwad,"Kalabhavan, Dharwad - KSPCB",15.459706,75.008381,SO2,12,12,12
India,Karnataka,Dharwad,"Kalabhavan, Dharwad - KSPCB",15.459706,75.008381,CO,50,117,56
India,Karnataka,Kalaburagi,"Mahatma Basaveswar Colony, Kalaburgi - KSPCB",17.336318,76.847397,PM2.5,23,60,48
India,Karnataka,Madikeri,"Stuart Hill, Madikeri - KSPCB",12.415911,75.73505,SO2,7,7,7
India,Karnataka,Bengaluru,"Hebbal, Bengaluru - KSPCB",13.029152,77.585901,SO2,8,20,12
India,Karnataka,Bengaluru,"Hombegowda Nagar, Bengaluru - KSPCB",12.938539,77.5901,CO,12,28,15
India,Karnataka,Bengaluru,"Jayanagar 5th Block, Bengaluru - KSPCB",12.920984,77.584908,PM2.5,91,159,122
India,Karnataka,Bengaluru,"Jigani, Bengaluru - KSPCB",12.7816279,77.6299145,PM10,88,189,121
India,Karnataka,Bengaluru,"Peenya, Bengaluru - CPCB",13.0270199,77.494094,PM2.5,18,60,35
India,Karnataka,Bagalkot,"Vidayagiri, Bagalkot - KSPCB",16.172806,75.659694,PM10,45,46,46
India,Karnataka,Bagalkot,"Vidayagiri, Bagalkot - KSPCB",16.172806,75.659694,NO2,11,12,12
India,Karnataka,Bengaluru,"BTM Layout, Bengaluru - CPCB",12.9135218,77.5950804,PM10,101,103,102
India,Karnataka,Bengaluru,"BTM Layout, Bengaluru - CPCB",12.9135218,77.5950804,NH3,12,23,16
India,Karnataka,Bengaluru,"BTM Layout, Bengaluru - CPCB",12.9135218,77.5950804,CO,42,55,50
India,Karnataka,Bengaluru,"BWSSB Kadabesanahalli, Bengaluru - CPCB",12.9352049,77.6814488,CO,36,39,38
India,Madhya Pradesh,Bhopal,"Idgah Hills, Bhopal - MPPCB",23.264759,77.381568,PM2.5,37,123,56
India,Madhya Pradesh,Bhopal,"Idgah Hills, Bhopal - MPPCB",23.264759,77.381568,NO2,20,41,28
India,Madhya Pradesh,Bhopal,"Idgah Hills, Bhopal - MPPCB",23.264759,77.381568,SO2,11,25,14
India,Madhya Pradesh,Bhopal,"T T Nagar, Bhopal - MPPCB",23.233584,77.400574,SO2,14,33,19
India,Madhya Pradesh,Dewas,"Bhopal Chauraha, Dewas - MPPCB",22.9682591,76.064118,O3,1,1,1
India,Haryana,Rohtak,"MD University, Rohtak - HSPCB",28.52123,76.37138,CO,22,39,35
India,Haryana,Rohtak,"MD University, Rohtak - HSPCB",28.52123,76.37138,O3,39,40,39
India,Haryana,Yamuna Nagar,"Gobind Pura, Yamuna Nagar - HSPCB",30.1480566,77.2893471,PM10,10,369,162
India,Haryana,Yamuna Nagar,"Gobind Pura, Yamuna Nagar - HSPCB",30.1480566,77.2893471,NH3,4,4,4
India,Haryana,Yamuna Nagar,"Gobind Pura, Yamuna Nagar - HSPCB",30.1480566,77.2893471,CO,30,51,50
India,Maharashtra,Akola,"Ramdaspeth, Akola - MPCB",20.719516,77.000253,CO,16,26,16
India,Maharashtra,Amravati,"Shivneri Colony, Amravati - MPCB",20.9402359,77.7895248,NO2,10,40,16
India,Maharashtra,Amravati,"Shri Shivaji Science College, Amravati - MPCB",20.939198,77.765701,NO2,6,68,18
India,Maharashtra,Aurangabad,"MIDC Chilkalthana, Aurangabad - MPCB",19.87562,75.38731,NH3,3,5,4
India,Maharashtra,Aurangabad,"MIDC Chilkalthana, Aurangabad - MPCB",19.87562,75.38731,CO,20,64,25
India,Maharashtra,Aurangabad,"More Chowk Waluj, Aurangabad - MPCB",19.8389439,75.244448,NO2,13,22,18
India,Maharashtra,Aurangabad,"More Chowk Waluj, Aurangabad - MPCB",19.8389439,75.244448,SO2,15,32,21
India,Madhya Pradesh,Sagar,"Deen Dayal Nagar, Sagar - MPPCB",23.8640158,78.80289321,NO2,4,44,13
India,Madhya Pradesh,Singrauli,"Suryakiran Bhawan NCL, Singrauli - MPPCB",24.10897,82.64558,CO,45,69,50
India,Madhya Pradesh,Singrauli,"Suryakiran Bhawan NCL, Singrauli - MPPCB",24.10897,82.64558,O3,1,23,13
India,Madhya Pradesh,Ujjain,"Mahashweta Nagar, Ujjain - MPPCB",23.1633321,75.800225,PM10,31,115,68
India,Maharashtra,Ahmednagar,"Tarakpur, Ahmednagar - MPCB",19.10122,74.73339,PM2.5,34,152,89
India,Maharashtra,Ahmednagar,"Tarakpur, Ahmednagar - MPCB",19.10122,74.73339,SO2,18,35,24
India,Maharashtra,Chandrapur,"MIDC Khutala, Chandrapur - MPCB",19.9775302,79.2337086,NH3,1,3,2
India,Maharashtra,Chandrapur,"MIDC Khutala, Chandrapur - MPCB",19.9775302,79.2337086,CO,34,42,40
India,Maharashtra,Dhule,"Deopur, Dhule - MPCB",20.918946,74.776388,SO2,1,12,5
India,Maharashtra,Dhule,"Deopur, Dhule - MPCB",20.918946,74.776388,O3,16,74,56
India,Maharashtra,Jalgaon,"Prabhat Colony, Jalgaon - MPCB",21.001264,75.565602,O3,15,32,30
India,Maharashtra,Jalna,"Old MIDC, Jalna - MPCB",19.854616,75.905894,PM2.5,80,315,126
India,Maharashtra,Jalna,"Old MIDC, Jalna - MPCB",19.854616,75.905894,SO2,1,15,6
India,Madhya Pradesh,Katni,"Gole Bazar, Katni - MPPCB",23.50016,80.23284,PM2.5,18,107,45
India,Madhya Pradesh,Katni,"Gole Bazar, Katni - MPPCB",23.50016,80.23284,PM10,29,99,52
India,Madhya Pradesh,Katni,"Gole Bazar, Katni - MPPCB",23.50016,80.23284,CO,15,64,26
India,Madhya Pradesh,Mandideep,"Sector-D Industrial Area, Mandideep - MPPCB",23.10844,77.511428,PM2.5,60,485,195
India,Madhya Pradesh,Pithampur,"Sector-2 Industrial Area, Pithampur - MPPCB",22.624758,75.675238,PM10,88,248,135
India,Madhya Pradesh,Ratlam,"Shasthri Nagar, Ratlam - IPCA Lab",23.331731,75.045981,SO2,35,43,37
India,Maharashtra,Aurangabad,"Rachnakar Colony, Aurangabad - MPCB",19.863756,75.321188,NH3,1,3,2
India,Maharashtra,Badlapur,"Katrap, Badlapur - MPCB",19.16485,73.23409,PM10,86,179,141
India,Maharashtra,Belapur,"CBD Belapur, Belapur - MPCB",19.0243902,73.0406721,PM10,71,165,122
India,Maharashtra,Belapur,"CBD Belapur, Belapur - MPCB",19.0243902,73.0406721,NO2,20,25,23
India,Madhya Pradesh,Gwalior,"City Center, Gwalior - MPPCB",26.203442,78.193251,NO2,16,74,36
India,Madhya Pradesh,Gwalior,"City Center, Gwalior - MPPCB",26.203442,78.193251,O3,28,94,85
India,Madhya Pradesh,Gwalior,"Maharaj Bada, Gwalior - MPPCB",26.200388,78.147714,NH3,3,4,4
India,Madhya Pradesh,Gwalior,"Maharaj Bada, Gwalior - MPPCB",26.200388,78.147714,SO2,7,11,9
India,Madhya Pradesh,Indore,"Residency Area, Indore - IMC",22.7084,75.8815,SO2,1,3,2
India,Madhya Pradesh,Jabalpur,"Suhagi, Jabalpur - JMC",23.218135,79.95777,PM10,40,134,80
India,Madhya Pradesh,Jabalpur,"Suhagi, Jabalpur - JMC",23.218135,79.95777,SO2,12,45,20
India,Madhya Pradesh,Indore,"Maguda Nagar, Indore - IMC",22.7524,75.8872,SO2,10,13,12
India,Madhya Pradesh,Indore,"Residency Area, Indore - IMC",22.7084,75.8815,PM2.5,25,91,57
India,Maharashtra,Chandrapur,"Chauhan Colony, Chandrapur - MPCB",19.9629,79.298714,PM10,62,149,100
India,Maharashtra,Chandrapur,"Chauhan Colony, Chandrapur - MPCB",19.9629,79.298714,SO2,38,38,38
India,Maharashtra,Mumbai,"Chakala-Andheri East, Mumbai - IITM",19.11074,72.86084,NO2,57,96,78
India,Maharashtra,Mumbai,"Chakala-Andheri East, Mumbai - IITM",19.11074,72.86084,NH3,13,38,19
India,Maharashtra,Mumbai,"Chakala-Andheri East, Mumbai - IITM",19.11074,72.86084,O3,1,70,56
India,Maharashtra,Mumbai,"Chembur, Mumbai - MPCB",19.0364585,72.8954371,PM2.5,40,89,59
India,Maharashtra,Mumbai,"Chembur, Mumbai - MPCB",19.0364585,72.8954371,PM10,58,119,86
India,Maharashtra,Mumbai,"Chhatrapati Shivaji Intl. Airport (T2), Mumbai - MPCB",19.10078,72.87462,PM2.5,50,133,81
India,Maharashtra,Mumbai,"Colaba, Mumbai - MPCB",18.91,72.82,PM2.5,28,136,41
India,Maharashtra,Mumbai,"Colaba, Mumbai - MPCB",18.91,72.82,CO,60,72,61
India,Maharashtra,Mumbai,"Deonar, Mumbai - IITM",19.04946,72.923,NH3,14,18,16
India,Maharashtra,Mumbai,"Deonar, Mumbai - IITM",19.04946,72.923,SO2,1,4,1
India,Maharashtra,Mumbai,"Bandra Kurla Complex, Mumbai - MPCB",19.065931,72.862131,PM2.5,43,264,85
India,Maharashtra,Mumbai,"Bandra Kurla Complex, Mumbai - MPCB",19.065931,72.862131,CO,9,13,11
India,Maharashtra,Mumbai,"Bandra Kurla Complex, Mumbai - MPCB",19.065931,72.862131,O3,2,63,43
India,Maharashtra,Mumbai,"Borivali East, Mumbai - IITM",19.23241,72.86895,CO,30,84,40
India,Maharashtra,Mumbai,"Borivali East, Mumbai - MPCB",19.2243333,72.8658113,CO,16,20,18
India,Maharashtra,Mumbai,"Byculla, Mumbai - BMC",18.9767,72.838,SO2,1,3,1
India,Maharashtra,Mumbai,"Byculla, Mumbai - BMC",18.9767,72.838,CO,40,119,43
India,Maharashtra,Mumbai,"Chakala-Andheri East, Mumbai - IITM",19.11074,72.86084,PM2.5,60,156,92
India,Maharashtra,Kalyan,"Pimpleshwar Mandir, Kalyan - MPCB",19.192056,72.9585188,O3,1,49,35
India,Maharashtra,Kolhapur,"Shivaji University, Kolhapur - MPCB",16.6870449,74.2505872,CO,9,50,17
India,Maharashtra,Kolhapur,"Sinchan Bhavan, Kolhapur - MPCB",16.7143745,74.2426398,PM2.5,19,93,41
India,Maharashtra,Kolhapur,"Sinchan Bhavan, Kolhapur - MPCB",16.7143745,74.2426398,NO2,NA,NA,NA
India,Maharashtra,Kolhapur,"Sinchan Bhavan, Kolhapur - MPCB",16.7143745,74.2426398,SO2,2,9,5
India,Maharashtra,Latur,"Sawe Wadi, Latur - MPCB",18.39963,76.57452,NO2,15,71,36
India,Maharashtra,Mumbai,"Ghatkopar, Mumbai - BMC",19.083694,72.920967,PM2.5,60,106,79
India,Maharashtra,Mumbai,"Ghatkopar, Mumbai - BMC",19.083694,72.920967,NH3,1,5,3
India,Maharashtra,Mumbai,"Ghatkopar, Mumbai - BMC",19.083694,72.920967,SO2,1,5,1
India,Maharashtra,Mumbai,"Kandivali East, Mumbai - MPCB",19.2058,72.8682,SO2,24,27,25
India,Maharashtra,Mumbai,"Kherwadi_Bandra East, Mumbai - MPCB",19.0632143,72.8456324,NH3,4,23,11
India,Maharashtra,Mumbai,"Kherwadi_Bandra East, Mumbai - MPCB",19.0632143,72.8456324,O3,1,73,52
India,Maharashtra,Mumbai,"Khindipada-Bhandup West, Mumbai - IITM",19.1653323,72.922099,PM10,50,105,81
India,Maharashtra,Mumbai,"Khindipada-Bhandup West, Mumbai - IITM",19.1653323,72.922099,NH3,4,5,5
India,Maharashtra,Mumbai,"Kurla, Mumbai - MPCB",19.0863,72.8888,NO2,6,17,9
India,Maharashtra,Mumbai,"Kurla, Mumbai - MPCB",19.0863,72.8888,SO2,36,37,36
India,Maharashtra,Mumbai,"Malad West, Mumbai - IITM",19.19709,72.82204,PM2.5,1,83,50
India,Maharashtra,Mumbai,"Malad West, Mumbai - IITM",19.19709,72.82204,NH3,NA,NA,NA
India,Maharashtra,Mumbai,"Malad West, Mumbai - IITM",19.19709,72.82204,CO,6,84,11
India,Maharashtra,Mumbai,"Mazgaon, Mumbai - IITM",18.96702,72.84214,PM2.5,29,104,56
India,Maharashtra,Mumbai,"Mazgaon, Mumbai - IITM",18.96702,72.84214,NH3,10,17,12
India,Maharashtra,Mumbai,"Mindspace-Malad West, Mumbai - MPCB",19.1878657,72.8304069,NO2,8,86,30
India,Maharashtra,Mumbai,"Mindspace-Malad West, Mumbai - MPCB",19.1878657,72.8304069,SO2,18,40,27
India,Maharashtra,Mumbai,"Mindspace-Malad West, Mumbai - MPCB",19.1878657,72.8304069,CO,8,106,11
India,Maharashtra,Mumbai,"Sewri, Mumbai - BMC",19.000084,72.85673,PM10,50,186,84
India,Maharashtra,Mumbai,"Sewri, Mumbai - BMC",19.000084,72.85673,NH3,1,51,10
India,Maharashtra,Mumbai,"Shivaji Nagar, Mumbai - BMC",19.060498,72.923356,PM2.5,31,83,54
India,Maharashtra,Mahad,"Kamble Tarf Birwadi, Mahad - MPCB",18.1023399,73.4783687,PM2.5,99,189,123
India,Maharashtra,Mira-Bhayandar,"Bhayandar West, Mira-Bhayandar - MPCB",19.296481,72.840923,PM10,68,144,106
India,Maharashtra,Mumbai,"Siddharth Nagar-Worli, Mumbai - IITM",19.000083,72.813993,NH3,3,5,3
India,Maharashtra,Mumbai,"Sion, Mumbai - MPCB",19.047,72.8746,PM2.5,16,101,34
India,Maharashtra,Pimpri-Chinchwad,"Gavalinagar, Pimpri Chinchwad - MPCB",18.63673,73.82487,NO2,NA,NA,NA
India,Maharashtra,Pimpri-Chinchwad,"Gavalinagar, Pimpri Chinchwad - MPCB",18.63673,73.82487,CO,22,86,34
India,Maharashtra,Pimpri-Chinchwad,"Savta Mali Nagar, Pimpri-Chinchwad - IITM",18.614767,73.799516,PM2.5,58,169,101
India,Maharashtra,Pimpri-Chinchwad,"Savta Mali Nagar, Pimpri-Chinchwad - IITM",18.614767,73.799516,O3,3,45,39
India,Maharashtra,Pimpri-Chinchwad,"Thergaon, Pimpri Chinchwad - MPCB",18.616318,73.765797,PM10,95,137,115
India,Maharashtra,Pimpri-Chinchwad,"Thergaon, Pimpri Chinchwad - MPCB",18.616318,73.765797,NH3,4,14,9
India,Maharashtra,Pune,"Bhosari, Pune - IITM",18.640051,73.848956,NO2,7,14,12
India,Maharashtra,Pune,"Bhosari, Pune - IITM",18.640051,73.848956,CO,2,90,2
India,Maharashtra,Pune,"Dhankawadi, Pune - IITM",18.459883,73.852193,NO2,20,80,48
India,Maharashtra,Nagpur,"Ram Nagar, Nagpur - MPCB",21.143383,79.048912,NO2,9,75,35
India,Maharashtra,Nagpur,"Ram Nagar, Nagpur - MPCB",21.143383,79.048912,NH3,4,4,4
India,Maharashtra,Nanded,"Sneh Nagar, Nanded - MPCB",19.173852,77.296291,PM10,86,121,105
India,Maharashtra,Nanded,"Sneh Nagar, Nanded - MPCB",19.173852,77.296291,NO2,NA,NA,NA
India,Maharashtra,Nashik,"Gangapur Road, Nashik - MPCB",20.0073285,73.7762427,NH3,3,3,3
India,Maharashtra,Nashik,"Hirawadi, Nashik - MPCB",20.021503,73.813844,NH3,1,5,3
India,Maharashtra,Nashik,"MIDC Ambad, Nashik - MPCB",19.95022,73.73148,PM2.5,54,133,75
India,Maharashtra,Nashik,"MIDC Ambad, Nashik - MPCB",19.95022,73.73148,NH3,2,5,4
India,Maharashtra,Nashik,"MIDC Ambad, Nashik - MPCB",19.95022,73.73148,SO2,19,27,21
India,Maharashtra,Pune,"Savitribai Phule Pune University, Pune - MPCB",18.547056,73.826908,NO2,NA,NA,NA
India,Maharashtra,Pune,"Transport Nagar-Nigdi, Pune - IITM",18.664282,73.763966,PM10,104,157,121
India,Maharashtra,Sangli,"Vijay Nagar, Sangli - MPCB",16.5038,74.3623,NH3,1,6,4
India,Maharashtra,Solapur,"Dnyaneshwar Nagar, Solapur - MPCB",17.6336264,75.9132495,NH3,6,26,11
India,Maharashtra,Solapur,"Dnyaneshwar Nagar, Solapur - MPCB",17.6336264,75.9132495,CO,14,35,15
India,Maharashtra,Solapur,"Ratandeep Housing Society, Solapur - MPCB",17.65439,75.90649,SO2,6,37,15
India,Mizoram,Aizawl,"Sikulpuikawn, Aizawl - Mizoram PCB",23.7176342,92.7192841,O3,3,13,4
India,Nagaland,Kohima,"PWD Junction, Kohima - NPCB",25.6635413,94.0989878,O3,1,22,12
India,Odisha,Angul,"Hakimapada, Angul - OSPCB",20.832874,85.104082,NH3,8,11,9
India,Odisha,Angul,"Hakimapada, Angul - OSPCB",20.832874,85.104082,O3,11,179,133
India,Odisha,Balasore,"Kalidaspur, Balasore - OSPCB",21.51161,86.89088,PM2.5,70,312,206
India,Odisha,Balasore,"Kalidaspur, Balasore - OSPCB",21.51161,86.89088,SO2,8,30,16
India,Maharashtra,Nashik,"Pandav Nagari, Nashik - MPCB",19.9591346,73.7788008,NH3,4,8,5
India,Maharashtra,Nashik,"Pandav Nagari, Nashik - MPCB",19.9591346,73.7788008,SO2,2,26,8
India,Maharashtra,Nashik,"Pandav Nagari, Nashik - MPCB",19.9591346,73.7788008,O3,6,74,69
India,Maharashtra,Navi Mumbai,"Kopripada-Vashi, Navi Mumbai - MPCB",19.090337,73.014232,PM2.5,46,149,82
India,Maharashtra,Navi Mumbai,"Mahape, Navi Mumbai - MPCB",19.1135051,73.008978,O3,8,14,11
India,Maharashtra,Navi Mumbai,"Nerul, Navi Mumbai - MPCB",19.008751,73.01662,NH3,4,4,4
India,Maharashtra,Ulhasnagar,"Sidhi Vinayak Nagar, Ulhasnagar - MPCB",19.235581,73.159121,CO,12,56,15
India,Maharashtra,Virar,"Bolinj, Virar - MPCB",19.445821,72.7988231,CO,12,109,19
India,Maharashtra,Virar,"Bolinj, Virar - MPCB",19.445821,72.7988231,O3,1,38,31
India,Meghalaya,Shillong,"Lumpyngngad, Shillong - Meghalaya PCB",25.5586,91.8985,PM2.5,NA,NA,NA
India,Meghalaya,Shillong,"Lumpyngngad, Shillong - Meghalaya PCB",25.5586,91.8985,SO2,8,16,11
India,Maharashtra,Mumbai,"Sion, Mumbai - MPCB",19.047,72.8746,SO2,1,134,52
India,Maharashtra,Mumbai,"Worli, Mumbai -MPCB",18.994218,72.8158167,O3,4,193,124
India,Maharashtra,Nagpur,"Ambazari, Nagpur - MPCB",21.121801,79.04952,NH3,2,18,6
India,Maharashtra,Nagpur,"Opp GPO Civil Lines, Nagpur - MPCB",21.152875,79.0517531,O3,1,32,28
India,Maharashtra,Pune,"Hadapsar, Pune - IITM",18.501793,73.927532,PM2.5,113,319,260
India,Maharashtra,Pune,"Mhada Colony, Pune - IITM",18.57304,73.927715,PM2.5,219,320,280
India,Maharashtra,Pune,"Panchawati_Pashan, Pune - IITM",18.536457,73.805454,NO2,4,46,19
India,Maharashtra,Pune,"Panchawati_Pashan, Pune - IITM",18.536457,73.805454,CO,1,21,4
India,Maharashtra,Navi Mumbai,"Sector-2E Kalamboli, Navi Mumbai - MPCB",19.02579,73.10297,PM2.5,41,98,72
India,Maharashtra,Navi Mumbai,"Tondare-Taloja, Navi Mumbai - MPCB",19.063,73.1209,NH3,NA,NA,NA
India,Maharashtra,Parbhani,"Masoom Colony, Parbhani - MPCB",19.265594,76.761463,PM2.5,34,111,58
India,Punjab,Khanna,"Kalal Majra, Khanna - PPCB",30.736056,76.209694,PM2.5,72,105,87
India,Punjab,Khanna,"Kalal Majra, Khanna - PPCB",30.736056,76.209694,NO2,26,30,28
India,Punjab,Khanna,"Kalal Majra, Khanna - PPCB",30.736056,76.209694,SO2,7,18,10
India,Punjab,Ludhiana,"Punjab Agricultural University, Ludhiana - PPCB",30.9028,75.8086,CO,52,98,68
India,Punjab,Ludhiana,"Punjab Agricultural University, Ludhiana - PPCB",30.9028,75.8086,O3,20,40,28
India,Punjab,Mandi Gobindgarh,"RIMT University, Mandi Gobindgarh - PPCB",30.649961,76.331442,NO2,23,24,24
India,Punjab,Patiala,"Model Town, Patiala - PPCB",30.349388,76.366642,SO2,1,31,15
India,Punjab,Patiala,"Model Town, Patiala - PPCB",30.349388,76.366642,CO,26,109,60
India,Punjab,Rupnagar,"Ratanpura, Rupnagar - Ambuja Cements",31.0325454,76.5623046,PM10,27,75,42
India,Odisha,Barbil,"Forest Office, Barbil - OSPCB",22.1166054,85.3945546,O3,2,107,87
India,Odisha,Baripada,"Meher Colony, Baripada - OSPCB",21.941841,86.728318,SO2,10,28,17
India,Odisha,Baripada,"Meher Colony, Baripada - OSPCB",21.941841,86.728318,O3,18,99,90
India,Odisha,Bhubaneswar,"Lingraj Mandir, Bhubaneswar - OSPCB",20.24079,85.836784,SO2,5,21,11
India,Odisha,Bhubaneswar,"Patia, Bhubaneswar - OSPCB",20.34652,85.8163,PM2.5,67,237,119
India,Odisha,Bhubaneswar,"Patia, Bhubaneswar - OSPCB",20.34652,85.8163,CO,70,104,101
India,Odisha,Bileipada,"Tata Township, Bileipada - OSPCB",22.06156703,85.47409613,PM2.5,77,319,172
India,Odisha,Bileipada,"Tata Township, Bileipada - OSPCB",22.06156703,85.47409613,PM10,108,206,148
India,Odisha,Bileipada,"Tata Township, Bileipada - OSPCB",22.06156703,85.47409613,NH3,NA,NA,NA
India,Rajasthan,Baran,"Bamboliya, Baran - RSPCB",25.106006,76.469948,O3,25,104,88
India,Rajasthan,Barmer,"Railway Colony, Barmer - RSPCB",25.747299,71.393989,CO,6,96,21
India,Rajasthan,Barmer,"Railway Colony, Barmer - RSPCB",25.747299,71.393989,O3,23,58,53
India,Rajasthan,Bharatpur,"Krishna Nagar, Bharatpur - RSPCB",27.215415,77.50873,NO2,11,103,23
India,Rajasthan,Bharatpur,"Krishna Nagar, Bharatpur - RSPCB",27.215415,77.50873,NH3,10,14,12
India,Rajasthan,Bharatpur,"Krishna Nagar, Bharatpur - RSPCB",27.215415,77.50873,O3,8,115,100
India,Rajasthan,Bhilwara,"Pratap Nagar, Bhilwara - RSPCB",25.339605,74.618883,PM10,35,176,80
India,Rajasthan,Bhilwara,"Pratap Nagar, Bhilwara - RSPCB",25.339605,74.618883,NH3,4,6,5
India,Rajasthan,Bhilwara,"Pratap Nagar, Bhilwara - RSPCB",25.339605,74.618883,CO,15,98,21
India,Rajasthan,Bhiwadi,"RIICO Ind. Area III, Bhiwadi - RSPCB",28.194909,76.862296,PM2.5,51,275,186
India,Rajasthan,Bhiwadi,"RIICO Ind. Area III, Bhiwadi - RSPCB",28.194909,76.862296,SO2,2,43,23
India,Rajasthan,Bhiwadi,"RIICO Ind. Area III, Bhiwadi - RSPCB",28.194909,76.862296,CO,6,118,77
India,Rajasthan,Bikaner,"MM Ground, Bikaner - RSPCB",28.018792,73.292658,NH3,9,14,11
India,Rajasthan,Bundi,"New Colony, Bundi - RSPCB",25.435774,75.644272,PM2.5,28,55,44
India,Odisha,Rourkela,"Raghunathpali, Rourkela - OSPCB",22.220833,84.809444,NO2,15,15,15
India,Odisha,Rourkela,"Raghunathpali, Rourkela - OSPCB",22.220833,84.809444,SO2,5,7,6
India,Odisha,Rourkela,"Sector-2, Rourkela - OSPCB",22.245,84.88111111,PM10,40,88,64
India,Odisha,Talcher,"Talcher Coalfields,Talcher - OSPCB",20.9360711,85.1707021,PM2.5,5,343,96
India,Odisha,Tensa,"Barsua Iron Ore Mines, Tensa - OSPCB",21.869985,85.167016,PM2.5,19,80,49
India,Punjab,Rupnagar,"Ratanpura, Rupnagar - Ambuja Cements",31.0325454,76.5623046,CO,14,47,38
India,Rajasthan,Ajmer,"Civil Lines,  Ajmer - RSPCB",26.470859,74.646594,NO2,25,34,30
India,Rajasthan,Alwar,"Moti Doongri, Alwar - RSPCB",27.554793,76.611536,PM10,106,162,133
India,Rajasthan,Banswara,"Rati Talai, Banswara - RSPCB",23.55519,74.44001,O3,20,150,111
India,Odisha,Brajrajnagar,"GM Office, Brajrajnagar - OSPCB",21.8004996,83.8396977,NH3,3,5,4
India,Odisha,Brajrajnagar,"GM Office, Brajrajnagar - OSPCB",21.8004996,83.8396977,SO2,19,22,21
India,Odisha,Brajrajnagar,"GM Office, Brajrajnagar - OSPCB",21.8004996,83.8396977,CO,2,64,58
India,Odisha,Byasanagar,"Ferro Chrome Colony, Byasanagar - OSPCB",20.94185,86.1151,PM10,70,156,120
India,Odisha,Byasanagar,"Ferro Chrome Colony, Byasanagar - OSPCB",20.94185,86.1151,CO,18,62,43
India,Odisha,Byasanagar,"Ferro Chrome Colony, Byasanagar - OSPCB",20.94185,86.1151,O3,38,208,184
India,Puducherry,Puducherry,"Jawahar Nagar, Puducherry - PPCC",11.9309,79.8027,NH3,2,6,4
India,Punjab,Amritsar,"Golden Temple, Amritsar - PPCB",31.62,74.876512,PM2.5,58,80,69
India,Punjab,Amritsar,"Golden Temple, Amritsar - PPCB",31.62,74.876512,O3,31,43,37
India,Punjab,Bathinda,"Hardev Nagar, Bathinda - PPCB",30.233011,74.907758,PM10,80,303,158
India,Odisha,Cuttack,"CDA Area, Cuttack - OSPCB",20.48891,85.84768,CO,63,94,73
India,Odisha,Keonjhar,"Jagamohanpur, Keonjhar - OSPCB",21.6439,85.599355,PM2.5,14,65,48
India,Odisha,Nayagarh,"Dabuna, Nayagarh - OSPCB",21.847279,85.416905,PM10,62,257,144
India,Odisha,Nayagarh,"Dabuna, Nayagarh - OSPCB",21.847279,85.416905,NH3,6,7,6
India,Rajasthan,Sikar,"Radhakishan Pura, Sikar - RSPCB",27.608912,75.153302,O3,28,114,107
India,Rajasthan,Sirohi,"Vedhaynath Colony, Sirohi - RSPCB",24.885261,72.857549,NH3,3,10,5
India,Rajasthan,Sri Ganganagar,"Old City, Sri Ganganagar - RSPCB",29.931624,73.864511,NO2,20,96,59
India,Rajasthan,Sri Ganganagar,"Old City, Sri Ganganagar - RSPCB",29.931624,73.864511,NH3,4,6,5
India,Rajasthan,Sri Ganganagar,"Old City, Sri Ganganagar - RSPCB",29.931624,73.864511,SO2,4,9,6
India,Rajasthan,Tonk,"Shastri Nagar, Tonk - RSPCB",26.159933,75.780517,PM10,67,216,126
India,Rajasthan,Tonk,"Shastri Nagar, Tonk - RSPCB",26.159933,75.780517,NH3,7,8,7
India,Rajasthan,Tonk,"Shastri Nagar, Tonk - RSPCB",26.159933,75.780517,CO,20,85,29
India,Rajasthan,Udaipur,"Ashok Nagar, Udaipur - RSPCB",24.5886166,73.6321397,NO2,1,77,33
India,Rajasthan,Udaipur,"Ashok Nagar, Udaipur - RSPCB",24.5886166,73.6321397,O3,6,73,52
India,Sikkim,Gangtok,"Zero Point GICI, Gangtok - SSPCB",27.33853,88.614099,PM2.5,38,91,61
India,Sikkim,Gangtok,"Zero Point GICI, Gangtok - SSPCB",27.33853,88.614099,SO2,1,1,1
India,Rajasthan,Jodhpur,"Digari Kalan, Jodhpur - RSPCB",26.29581,73.082283,SO2,1,6,3
India,Rajasthan,Jodhpur,"Digari Kalan, Jodhpur - RSPCB",26.29581,73.082283,CO,21,67,25
India,Rajasthan,Jodhpur,"Digari Kalan, Jodhpur - RSPCB",26.29581,73.082283,O3,3,136,113
India,Rajasthan,Jodhpur,"Jhalamand, Jodhpur - RSPCB",26.215415,73.070156,PM10,51,500,151
India,Rajasthan,Jodhpur,"Jhalamand, Jodhpur - RSPCB",26.215415,73.070156,CO,14,102,16
India,Rajasthan,Jodhpur,"Jhalamand, Jodhpur - RSPCB",26.215415,73.070156,O3,4,87,76
India,Rajasthan,Jodhpur,"Mandor, Jodhpur - RSPCB",26.358805,73.047444,NO2,8,119,30
India,Rajasthan,Jodhpur,"Mandor, Jodhpur - RSPCB",26.358805,73.047444,CO,32,74,53
India,Rajasthan,Jodhpur,"Samrat Ashok Udhyan, Jodhpur - RSPCB",26.253384,72.976571,PM10,57,400,129
India,Rajasthan,Jodhpur,"Samrat Ashok Udhyan, Jodhpur - RSPCB",26.253384,72.976571,NO2,6,68,22
India,Rajasthan,Jodhpur,"Samrat Ashok Udhyan, Jodhpur - RSPCB",26.253384,72.976571,CO,17,101,21
India,Rajasthan,Karauli,"Satyawati Vihar, Karauli - RSPCB",26.506177,77.025989,PM2.5,23,107,44
India,Rajasthan,Dungarpur,"Bhoiwada, Dungarpur - RSPCB",23.837789,73.714926,PM2.5,55,200,102
India,Rajasthan,Dungarpur,"Bhoiwada, Dungarpur - RSPCB",23.837789,73.714926,PM10,88,170,121
India,Rajasthan,Dungarpur,"Bhoiwada, Dungarpur - RSPCB",23.837789,73.714926,NH3,14,22,18
India,Rajasthan,Dungarpur,"Bhoiwada, Dungarpur - RSPCB",23.837789,73.714926,CO,30,115,42
India,Rajasthan,Dungarpur,"Bhoiwada, Dungarpur - RSPCB",23.837789,73.714926,O3,17,69,60
India,Rajasthan,Jaipur,"Adarsh Nagar, Jaipur - RSPCB",26.902909,75.836858,NO2,15,42,23
India,Rajasthan,Jaipur,"Adarsh Nagar, Jaipur - RSPCB",26.902909,75.836858,SO2,11,33,23
India,Rajasthan,Jaipur,"Adarsh Nagar, Jaipur - RSPCB",26.902909,75.836858,O3,46,71,68
India,Rajasthan,Pali,"Indira Colony Vistar, Pali - RSPCB",25.771061,73.340227,O3,7,70,45
India,Rajasthan,Pratapgarh,"Pragati Nagar, Pratapgarh - RSPCB",24.041198,74.780702,PM2.5,43,120,67
India,Rajasthan,Pratapgarh,"Pragati Nagar, Pratapgarh - RSPCB",24.041198,74.780702,SO2,4,19,9
India,Rajasthan,Rajsamand,"Dhoinda, Rajsamand - RSPCB",25.03636,73.883502,CO,14,62,28
India,Rajasthan,Sawai Madhopur,"Sahu Nagar, Sawai Madhopur - RSPCB",26.031443,76.359327,NH3,1,7,4
India,Rajasthan,Kota,"Dhanmandi, Kota - RSPCB",25.16409,75.858137,NO2,24,121,55
India,Rajasthan,Kota,"Dhanmandi, Kota - RSPCB",25.16409,75.858137,O3,4,97,80
India,Rajasthan,Kota,"Nayapura, Kota - RSPCB",25.196024,75.855668,PM2.5,18,95,42
India,Rajasthan,Kota,"Shrinath Puram, Kota - RSPCB",25.14389,75.821256,CO,1,65,10
India,Rajasthan,Kota,"Shrinath Puram, Kota - RSPCB",25.14389,75.821256,O3,2,23,18
India,Rajasthan,Nagaur,"Karni Colony, Nagaur - RSPCB",27.213494,73.734444,PM2.5,NA,NA,NA
India,Rajasthan,Chittorgarh,"Shastri Nagar, Chittorgarh - RSPCB",24.892047,74.623527,NH3,9,17,13
India,Rajasthan,Chittorgarh,"Shastri Nagar, Chittorgarh - RSPCB",24.892047,74.623527,CO,4,39,13
India,Rajasthan,Churu,"Subash Chowk, Churu - RSPCB",28.296139,74.961696,O3,41,106,93
India,Rajasthan,Dausa,"Khatikan Mohalla, Dausa - RSPCB",26.895552,76.334753,PM2.5,7,48,24
India,Rajasthan,Dausa,"Khatikan Mohalla, Dausa - RSPCB",26.895552,76.334753,O3,33,130,115
India,Rajasthan,Jaipur,"RIICO Sitapura, Jaipur - RSPCB",26.786682,75.827928,PM10,59,286,137
India,Rajasthan,Jaipur,"RIICO Sitapura, Jaipur - RSPCB",26.786682,75.827928,NO2,60,338,112
India,Rajasthan,Jaipur,"Shastri Nagar, Jaipur - RSPCB",26.9502929,75.730943,SO2,2,32,21
India,Rajasthan,Jaipur,"Shastri Nagar, Jaipur - RSPCB",26.9502929,75.730943,O3,13,49,46
India,Rajasthan,Jaisalmer,"Sadar Bazar, Jaisalmer - RSPCB",26.912329,70.909168,NH3,12,20,16
India,Rajasthan,Jalore,"Mudtra Sili, Jalore - RSPCB",25.344694,72.626208,PM10,46,424,102
India,Rajasthan,Jhalawar,"Rajlaxmi Nagar, Jhalawar - RSPCB",24.588397,76.172782,PM2.5,20,87,51
India,Rajasthan,Jodhpur,"Collectorate, Jodhpur - RSPCB",26.268249,73.0193853,NH3,8,47,19
India,Rajasthan,Jodhpur,"Digari Kalan, Jodhpur - RSPCB",26.29581,73.082283,PM2.5,37,130,67
India,Rajasthan,Jodhpur,"Digari Kalan, Jodhpur - RSPCB",26.29581,73.082283,PM10,58,409,117
India,TamilNadu,Chennai,"Perungudi, Chennai - TNPCB",12.9533,80.2357,PM10,74,194,112
India,TamilNadu,Chennai,"Perungudi, Chennai - TNPCB",12.9533,80.2357,NH3,1,2,1
India,TamilNadu,Chennai,"Perungudi, Chennai - TNPCB",12.9533,80.2357,O3,3,37,14
India,TamilNadu,Chennai,"Royapuram, Chennai - TNPCB",13.1036,80.2909,NH3,NA,NA,NA
India,TamilNadu,Chennai,"Royapuram, Chennai - TNPCB",13.1036,80.2909,CO,45,61,52
India,TamilNadu,Coimbatore,"PSG College of Arts and Science, Coimbatore - TNPCB",11.0328,77.0349,NH3,1,1,1
India,TamilNadu,Coimbatore,"SIDCO Kurichi, Coimbatore - TNPCB",10.942451,76.978996,NO2,NA,NA,NA
India,Telangana,Hyderabad,"Kompally Municipal Office, Hyderabad - TSPCB",17.544899,78.486949,NH3,4,6,4
India,Telangana,Hyderabad,"Kompally Municipal Office, Hyderabad - TSPCB",17.544899,78.486949,CO,10,43,20
India,Telangana,Hyderabad,"Kompally Municipal Office, Hyderabad - TSPCB",17.544899,78.486949,O3,15,34,30
India,Telangana,Hyderabad,"Nacharam_TSIIC IALA, Hyderabad - TSPCB",17.429398,78.569354,PM10,75,92,81
India,Telangana,Hyderabad,"New Malakpet, Hyderabad - TSPCB",17.37206,78.50864,PM10,78,93,85
India,Telangana,Hyderabad,"Ramachandrapuram, Hyderabad - TSPCB",17.528544,78.286195,PM10,86,93,89
India,TamilNadu,Thoothukudi,"Meelavittan, Thoothukudi - TNPCB",8.816428,78.099039,O3,13,44,23
India,Telangana,Hyderabad,"Bollaram Industrial Area, Hyderabad - TSPCB",17.540891,78.358528,SO2,3,63,10
India,Telangana,Hyderabad,"Bollaram Industrial Area, Hyderabad - TSPCB",17.540891,78.358528,CO,9,141,45
India,Telangana,Hyderabad,"Bollaram Industrial Area, Hyderabad - TSPCB",17.540891,78.358528,O3,38,47,46
India,Telangana,Hyderabad,"Central University, Hyderabad - TSPCB",17.460103,78.334361,PM2.5,62,95,74
India,TamilNadu,Chennai,"Arumbakkam, Chennai - TNPCB",13.0664,80.2112,NH3,1,2,2
India,TamilNadu,Chennai,"Manali Village, Chennai - TNPCB",13.1662,80.2584,SO2,15,18,17
India,TamilNadu,Chennai,"Manali Village, Chennai - TNPCB",13.1662,80.2584,CO,28,55,29
India,TamilNadu,Chennai,"Manali, Chennai - CPCB",13.164544,80.26285,NH3,6,7,7
India,TamilNadu,Chennai,"Manali, Chennai - CPCB",13.164544,80.26285,SO2,8,31,18
India,TamilNadu,Madurai,"Uchapatti, Madurai - TNPCB",9.865935,78.022669,SO2,NA,NA,NA
India,TamilNadu,Perundurai,"SIPCOT Industrial Park, Perundurai - TNPCB",11.258242,77.552761,NH3,2,3,2
India,TamilNadu,Perundurai,"SIPCOT Industrial Park, Perundurai - TNPCB",11.258242,77.552761,SO2,14,15,15
India,Telangana,Hyderabad,"IITH Kandi, Hyderabad - TSPCB",17.585705,78.126199,PM10,NA,NA,NA
India,Telangana,Hyderabad,"IITH Kandi, Hyderabad - TSPCB",17.585705,78.126199,SO2,NA,NA,NA
India,Telangana,Hyderabad,"Kokapet, Hyderabad - TSPCB",17.393559,78.339194,PM2.5,53,75,60
India,Telangana,Hyderabad,"Kokapet, Hyderabad - TSPCB",17.393559,78.339194,SO2,13,17,14
India,TamilNadu,Gummidipoondi,"Anthoni Pillai Nagar, Gummidipoondi - TNPCB",13.4127,80.1081,NH3,1,1,1
India,TamilNadu,Madurai,"Uchapatti, Madurai - TNPCB",9.865935,78.022669,PM10,NA,NA,NA
India,TamilNadu,Coimbatore,"SIDCO Kurichi, Coimbatore - TNPCB",10.942451,76.978996,SO2,22,23,23
India,Telangana,Hyderabad,"Somajiguda, Hyderabad - TSPCB",17.417094,78.457437,NO2,12,19,17
India,Telangana,Hyderabad,"Somajiguda, Hyderabad - TSPCB",17.417094,78.457437,CO,28,44,33
India,Telangana,Hyderabad,"Zoo Park, Hyderabad - TSPCB",17.349694,78.451437,PM2.5,60,171,103
India,Telangana,Hyderabad,"Zoo Park, Hyderabad - TSPCB",17.349694,78.451437,NO2,6,14,10
India,Telangana,Hyderabad,"Zoo Park, Hyderabad - TSPCB",17.349694,78.451437,CO,3,66,51
India,Tripura,Agartala,"Bardowali, Agartala - Tripura SPCB",23.8175497,91.2726974,NH3,3,8,5
India,Tripura,Agartala,"Bardowali, Agartala - Tripura SPCB",23.8175497,91.2726974,CO,23,40,29
India,Uttar_Pradesh,Agra,"Manoharpur, Agra - UPPCB",27.23711,78.01936,PM2.5,21,87,56
India,Uttar_Pradesh,Agra,"Manoharpur, Agra - UPPCB",27.23711,78.01936,NH3,4,5,4
India,Uttar_Pradesh,Bulandshahr,"Yamunapuram, Bulandshahr - UPPCB",28.406963,77.849831,CO,26,84,32
India,Uttar_Pradesh,Firozabad,"Nagla Bhau, Firozabad - UPPCB",27.168897,78.37696,PM10,29,78,56
India,Uttar_Pradesh,Firozabad,"Nagla Bhau, Firozabad - UPPCB",27.168897,78.37696,O3,1,26,14
India,Uttar_Pradesh,Firozabad,"Vibhab Nagar, Firozabad - UPPCB",27.1594,78.3953,NO2,15,15,15
India,Uttar_Pradesh,Ghaziabad,"Indirapuram, Ghaziabad - UPPCB",28.646233,77.358075,NO2,17,160,70
India,Uttar_Pradesh,Baghpat,"Sardar Patel Inter College, Baghpat - UPPCB",28.964949,77.278761,PM10,128,263,185
India,Uttar_Pradesh,Baghpat,"Sardar Patel Inter College, Baghpat - UPPCB",28.964949,77.278761,NH3,2,4,3
India,Uttar_Pradesh,Bareilly,"Civil Lines, Bareilly - UPPCB",28.359581,79.414455,PM10,35,75,59
India,Uttar_Pradesh,Bareilly,"Civil Lines, Bareilly - UPPCB",28.359581,79.414455,SO2,44,68,54
India,Uttar_Pradesh,Bareilly,"Rajendra Nagar, Bareilly - UPPCB",28.38910936,79.42963708,SO2,38,40,39
India,Uttar_Pradesh,Agra,"Sanjay Palace, Agra - UPPCB",27.19865833,78.00598056,SO2,18,19,19
India,Uttar_Pradesh,Agra,"Sector-3B Avas Vikas Colony, Agra - UPPCB",27.19412,77.96237,PM10,66,143,95
India,Uttar_Pradesh,Agra,"Sector-3B Avas Vikas Colony, Agra - UPPCB",27.19412,77.96237,NH3,4,6,4
India,Uttar_Pradesh,Agra,"Shahjahan Garden, Agra - UPPCB",27.169338,78.03582,NO2,11,18,14
India,Uttar_Pradesh,Agra,"Shahjahan Garden, Agra - UPPCB",27.169338,78.03582,SO2,31,50,42
India,Uttar_Pradesh,Ghaziabad,"Vasundhara, Ghaziabad - UPPCB",28.6603346,77.3572563,O3,5,86,76
India,Uttar_Pradesh,Gorakhpur,"Madan Mohan Malaviya University of Technology, Gorakhpur - UPPCB",26.730136,83.433859,PM10,18,158,84
India,Uttar_Pradesh,Gorakhpur,"Madan Mohan Malaviya University of Technology, Gorakhpur - UPPCB",26.730136,83.433859,CO,4,4,4
India,Uttar_Pradesh,Gorakhpur,"Madan Mohan Malaviya University of Technology, Gorakhpur - UPPCB",26.730136,83.433859,O3,1,4,3
India,Uttar_Pradesh,Agra,"Rohta, Agra - UPPCB",27.106972,78.000111,PM10,56,118,83
India,Uttar_Pradesh,Agra,"Rohta, Agra - UPPCB",27.106972,78.000111,NO2,14,14,14
India,Uttar_Pradesh,Ghaziabad,"Sanjay Nagar, Ghaziabad - UPPCB",28.685382,77.453839,CO,2,106,22
India,Uttar_Pradesh,Ghaziabad,"Loni, Ghaziabad - UPPCB",28.757294,77.278792,NO2,NA,NA,NA
India,Uttar_Pradesh,Meerut,"Pallavpuram Phase 2, Meerut - UPPCB",29.06351,77.709723,CO,30,122,52
India,Uttar_Pradesh,Meerut,"Pallavpuram Phase 2, Meerut - UPPCB",29.06351,77.709723,O3,13,136,106
India,Uttar_Pradesh,Moradabad,"Buddhi Vihar, Moradabad - UPPCB",28.83526,78.7446,O3,8,75,30
India,Uttar_Pradesh,Moradabad,"Eco Herbal Park, Moradabad - UPPCB",28.840739,78.697531,PM2.5,61,318,188
India,Uttar_Pradesh,Moradabad,"Eco Herbal Park, Moradabad - UPPCB",28.840739,78.697531,PM10,68,178,123
India,Uttar_Pradesh,Moradabad,"Eco Herbal Park, Moradabad - UPPCB",28.840739,78.697531,CO,34,100,52
India,Uttar_Pradesh,Moradabad,"Employment Office, Moradabad - UPPCB",28.88528,78.7388,O3,15,28,21
India,Uttar_Pradesh,Moradabad,"Jigar Colony, Moradabad - UPPCB",28.856664,78.772638,PM2.5,30,122,75
India,Uttar_Pradesh,Moradabad,"Jigar Colony, Moradabad - UPPCB",28.856664,78.772638,NO2,24,25,25
India,Uttar_Pradesh,Kanpur,"NSI Kalyanpur, Kanpur - UPPCB",26.509954,80.249612,NO2,24,25,25
India,Uttar_Pradesh,Kanpur,"NSI Kalyanpur, Kanpur - UPPCB",26.509954,80.249612,NH3,5,5,5
India,Uttar_Pradesh,Kanpur,"NSI Kalyanpur, Kanpur - UPPCB",26.509954,80.249612,SO2,30,63,38
India,Uttar_Pradesh,Kanpur,"Nehru Nagar, Kanpur - UPPCB",26.4703136,80.3229863,PM10,24,216,99
India,Uttar_Pradesh,Kanpur,"Nehru Nagar, Kanpur - UPPCB",26.4703136,80.3229863,SO2,8,23,13
India,Uttar_Pradesh,Khurja,"Kalindi Kunj, Khurja - UPPCB",28.2348927,77.8683002,PM2.5,NA,NA,NA
India,Uttar_Pradesh,Lucknow,"B R Ambedkar University, Lucknow - UPPCB",26.766433,80.927299,NH3,4,7,5
India,Uttar_Pradesh,Lucknow,"B R Ambedkar University, Lucknow - UPPCB",26.766433,80.927299,O3,17,101,78
India,Uttar_Pradesh,Lucknow,"Gomti Nagar, Lucknow - UPPCB",26.86812,81.005119,PM10,48,240,122
India,Uttar_Pradesh,Lucknow,"Gomti Nagar, Lucknow - UPPCB",26.86812,81.005119,O3,28,42,40
India,Uttar_Pradesh,Lucknow,"Kendriya Vidyalaya, Lucknow - CPCB",26.906111,80.948222,NH3,12,17,15
India,Uttar_Pradesh,Lucknow,"Kukrail Picnic Spot-1, Lucknow - UPPCB",26.90723,80.98579,PM2.5,NA,NA,NA
India,Uttar_Pradesh,Lucknow,"Lalbagh, Lucknow - CPCB",26.8458805,80.9365541,CO,6,98,55
India,Uttar_Pradesh,Lucknow,"Talkatora District Industries Center, Lucknow - CPCB",26.83399722,80.8917361,NH3,9,13,11
India,Uttar_Pradesh,Lucknow,"Talkatora District Industries Center, Lucknow - CPCB",26.83399722,80.8917361,CO,18,76,39
India,Uttar_Pradesh,Moradabad,"Kashiram Nagar, Moradabad - UPPCB",28.849399,78.742362,NO2,25,25,25
India,Uttar_Pradesh,Moradabad,"Transport Nagar, Moradabad - UPPCB",28.802625,78.753728,PM2.5,25,194,86
India,Uttar_Pradesh,Moradabad,"Transport Nagar, Moradabad - UPPCB",28.802625,78.753728,NO2,29,30,29
India,Uttar_Pradesh,Moradabad,"Transport Nagar, Moradabad - UPPCB",28.802625,78.753728,CO,43,78,64
India,Uttar_Pradesh,Muzaffarnagar,"New Mandi, Muzaffarnagar - UPPCB",29.4723508,77.7194031,PM10,78,236,169
India,Uttar_Pradesh,Greater Noida,"Knowledge Park - V, Greater Noida - UPPCB",28.557054,77.453663,PM2.5,59,359,246
India,Uttar_Pradesh,Hapur,"Anand Vihar, Hapur - UPPCB",28.725645,77.749675,NH3,7,10,9
India,Uttar_Pradesh,Hapur,"Anand Vihar, Hapur - UPPCB",28.725645,77.749675,O3,12,79,65
India,Uttar_Pradesh,Jhansi,"Shivaji Nagar, Jhansi - UPPCB",25.4547,78.6039,O3,1,9,6
India,Uttar_Pradesh,Noida,"Sector-1, Noida - UPPCB",28.5898,77.3101,O3,1,103,86
India,Uttar_Pradesh,Prayagraj,"Jhunsi, Prayagraj - UPPCB",25.425602,81.917152,PM2.5,28,167,66
India,Uttar_Pradesh,Prayagraj,"Jhunsi, Prayagraj - UPPCB",25.425602,81.917152,CO,4,75,9
India,Uttar_Pradesh,Meerut,"Ganga Nagar, Meerut - UPPCB",28.999264,77.7590354,NO2,NA,NA,NA
India,Uttar_Pradesh,Meerut,"Ganga Nagar, Meerut - UPPCB",28.999264,77.7590354,NH3,NA,NA,NA
India,Uttar_Pradesh,Meerut,"Ganga Nagar, Meerut - UPPCB",28.999264,77.7590354,O3,35,63,49
India,Uttar_Pradesh,Muzaffarnagar,"New Mandi, Muzaffarnagar - UPPCB",29.4723508,77.7194031,SO2,4,20,12
India,Uttar_Pradesh,Noida,"Sector - 125, Noida - UPPCB",28.5447608,77.3231257,PM2.5,71,466,262
India,Uttar_Pradesh,Prayagraj,"Nagar Nigam, Prayagraj - UPPCB",25.44919916,81.82735986,NO2,5,5,5
India,Uttar_Pradesh,Prayagraj,"Nagar Nigam, Prayagraj - UPPCB",25.44919916,81.82735986,NH3,8,24,16
India,Uttar_Pradesh,Prayagraj,"Nagar Nigam, Prayagraj - UPPCB",25.44919916,81.82735986,SO2,17,78,48
India,Uttar_Pradesh,Prayagraj,"Nagar Nigam, Prayagraj - UPPCB",25.44919916,81.82735986,CO,20,123,25
India,Uttar_Pradesh,Varanasi,"Bhelupur, Varanasi - UPPCB",25.301778,82.996789,NO2,8,8,8
India,Uttar_Pradesh,Varanasi,"Bhelupur, Varanasi - UPPCB",25.301778,82.996789,SO2,25,31,28
India,Uttar_Pradesh,Varanasi,"IESD Banaras Hindu University, Varanasi - UPPCB",25.262326,82.995408,SO2,30,37,32
India,Uttar_Pradesh,Varanasi,"Maldahiya, Varanasi - UPPCB",25.32393,82.99687,NO2,2,2,2
India,Uttar_Pradesh,Varanasi,"Maldahiya, Varanasi - UPPCB",25.32393,82.99687,SO2,29,30,30
India,Uttar_Pradesh,Vrindavan,"Omex Eternity, Vrindavan - UPPCB",27.571409,77.655757,SO2,17,36,21
India,Uttar_Pradesh,Vrindavan,"Omex Eternity, Vrindavan - UPPCB",27.571409,77.655757,O3,15,15,15
India,Uttarakhand,Dehradun,"Doon University, Dehradun - UKPCB",30.269444,78.044167,NO2,1,4,1
India,Uttarakhand,Dehradun,"Doon University, Dehradun - UKPCB",30.269444,78.044167,CO,6,8,8
India,Uttarakhand,Kashipur,"Govt. Girls Inter College, Kashipur - UKPCB",29.2124114,78.9611753,NO2,9,16,11
India,Uttarakhand,Rishikesh,"Shivaji Nagar, Rishikesh - UKPCB",30.075911,78.2859547,PM10,48,48,48
India,West_Bengal,Asansol,"Asansol Court Area, Asansol - WBPCB",23.685297,86.945968,SO2,18,73,37
India,West_Bengal,Asansol,"Evelyn Lodge, Asansol - WBPCB",23.697936,86.944395,O3,6,56,44
India,West_Bengal,Asansol,"Mahabir Colliery, Asansol - WBPCB",23.618183,87.105718,PM10,54,156,118
India,West_Bengal,Asansol,"Trivenidevi Bhalotia College, Asansol - WBPCB",23.616515,87.119133,NO2,15,40,31
India,West_Bengal,Barrackpore,"SVSPA Campus, Barrackpore - WBPCB",22.7605581,88.3617589,NH3,6,9,8
India,West_Bengal,Barrackpore,"SVSPA Campus, Barrackpore - WBPCB",22.7605581,88.3617589,SO2,11,13,12
India,West_Bengal,Durgapur,"Mahishkapur Road_B-Zone, Durgapur - WBPCB",23.567923,87.306843,PM2.5,29,171,90
India,West_Bengal,Durgapur,"PCBL Residential Complex, Durgapur - WBPCB",23.508764,87.35444,PM2.5,29,289,130
India,West_Bengal,Durgapur,"PCBL Residential Complex, Durgapur - WBPCB",23.508764,87.35444,O3,1,56,42
India,West_Bengal,Durgapur,"Womens College_City Center, Durgapur - WBPCB",23.549395,87.300496,PM10,71,199,132
India,West_Bengal,Durgapur,"Womens College_City Center, Durgapur - WBPCB",23.549395,87.300496,NH3,2,5,3
India,West_Bengal,Durgapur,"Womens College_City Center, Durgapur - WBPCB",23.549395,87.300496,CO,18,76,24
India,West_Bengal,Haldia,"Priyambada Housing Estate, Haldia - WBPCB",22.06047,88.109737,PM2.5,65,176,109
India,West_Bengal,Haldia,"Priyambada Housing Estate, Haldia - WBPCB",22.06047,88.109737,O3,20,25,24
India,West_Bengal,Howrah,"Belur Math, Howrah - WBPCB",22.629801,88.352017,PM2.5,68,179,128
India,West_Bengal,Howrah,"Belur Math, Howrah - WBPCB",22.629801,88.352017,CO,18,74,21
India,West_Bengal,Howrah,"Botanical Garden, Howrah - WBPCB",22.554954,88.292568,O3,6,54,48
India,West_Bengal,Howrah,"Dasnagar, Howrah - WBPCB",22.6025571,88.3105664,PM2.5,78,115,105
India,West_Bengal,Howrah,"Dasnagar, Howrah - WBPCB",22.6025571,88.3105664,O3,15,147,128
India,West_Bengal,Howrah,"Ghusuri, Howrah - WBPCB",22.611968,88.347422,CO,37,88,51
India,West_Bengal,Howrah,"Padmapukur, Howrah - WBPCB",22.5687319,88.2797276,CO,15,107,27
India,West_Bengal,Kolkata,"Ballygunge, Kolkata - WBPCB",22.5367507,88.3638022,PM2.5,88,243,174
India,West_Bengal,Kolkata,"Ballygunge, Kolkata - WBPCB",22.5367507,88.3638022,SO2,8,23,16
India,West_Bengal,Kolkata,"Fort William, Kolkata - WBPCB",22.55664,88.342674,NH3,9,14,11
India,West_Bengal,Kolkata,"Jadavpur, Kolkata - WBPCB",22.49929,88.36917,PM10,81,211,139
India,West_Bengal,Kolkata,"Jadavpur, Kolkata - WBPCB",22.49929,88.36917,SO2,2,11,4
India,West_Bengal,Kolkata,"Rabindra Bharati University, Kolkata - WBPCB",22.627847,88.380669,NO2,43,134,84
India,West_Bengal,Kolkata,"Rabindra Sarobar, Kolkata - WBPCB",22.51106,88.35142,PM10,75,116,97
India,West_Bengal,Kolkata,"Rabindra Sarobar, Kolkata - WBPCB",22.51106,88.35142,NO2,28,167,96
India,West_Bengal,Kolkata,"Victoria, Kolkata - WBPCB",22.5448082,88.3403691,PM10,NA,NA,NA
India,West_Bengal,Kolkata,"Victoria, Kolkata - WBPCB",22.5448082,88.3403691,NO2,NA,NA,NA
India,West_Bengal,Kolkata,"Victoria, Kolkata - WBPCB",22.5448082,88.3403691,NH3,NA,NA,NA
India,West_Bengal,Kolkata,"Victoria, Kolkata - WBPCB",22.5448082,88.3403691,O3,12,53,43
India,Andhra_Pradesh,Anantapur,"Gulzarpet, Anantapur - APPCB",14.675886,77.593027,CO,32,36,34
India,Andhra_Pradesh,Chittoor,"Gangineni Cheruvu, Chittoor - APPCB",13.20488,79.097889,PM2.5,54,90,78
India,Andhra_Pradesh,Chittoor,"Gangineni Cheruvu, Chittoor - APPCB",13.20488,79.097889,PM10,50,86,75
India,Andhra_Pradesh,Chittoor,"Gangineni Cheruvu, Chittoor - APPCB",13.20488,79.097889,SO2,10,15,12
India,Andhra_Pradesh,Chittoor,"Gangineni Cheruvu, Chittoor - APPCB",13.20488,79.097889,CO,23,38,26
India,Andhra_Pradesh,Kadapa,"Yerramukkapalli, Kadapa - APPCB",14.465052,78.824187,NO2,17,25,21
India,Andhra_Pradesh,Tirumala,"Toll Gate, Tirumala - APPCB",13.67,79.35,PM10,77,122,100
India,Andhra_Pradesh,Tirumala,"Toll Gate, Tirumala - APPCB",13.67,79.35,CO,12,65,31
India,Andhra_Pradesh,Tirupati,"Vaikuntapuram, Tirupati - APPCB",13.615387,79.40923,NO2,25,31,27
India,Bihar,Kishanganj,"SDM Office_Khagra, Kishanganj - BSPCB",26.0881305,87.93840336,CO,16,25,24
India,Bihar,Manguraha,"Forest Rest House, Manguraha - BSPCB",27.308328,84.531742,PM2.5,77,263,113
India,Bihar,Manguraha,"Forest Rest House, Manguraha - BSPCB",27.308328,84.531742,CO,31,32,32
India,Bihar,Manguraha,"Forest Rest House, Manguraha - BSPCB",27.308328,84.531742,O3,9,10,10
India,Bihar,Motihari,"Gandak Colony, Motihari - BSPCB",26.63086,84.90051,PM10,72,165,132
India,Bihar,Motihari,"Gandak Colony, Motihari - BSPCB",26.63086,84.90051,O3,3,5,4
India,Bihar,Munger,"Town Hall, Munger - BSPCB",25.376776,86.471523,NO2,4,5,5
India,Bihar,Muzaffarpur,"MIT-Daudpur Kothi, Muzaffarpur - BSPCB",26.1403345,85.3650192,NO2,NA,NA,NA
India,Assam,Byrnihat,"Central Academy for SFS, Byrnihat - PCBA",26.071318,91.87488,SO2,22,32,31
India,Assam,Guwahati,"LGBI Airport, Guwahati - PCBA",26.10887,91.589544,CO,17,134,68
India,Assam,Guwahati,"Pan Bazaar, Guwahati - PCBA",26.1875,91.744194,PM2.5,45,299,153
India,Assam,Guwahati,"Pan Bazaar, Guwahati - PCBA",26.1875,91.744194,NO2,NA,NA,NA
India,Assam,Guwahati,"Railway Colony, Guwahati - PCBA",26.181742,91.78063,PM10,51,309,162
India,Assam,Guwahati,"Railway Colony, Guwahati - PCBA",26.181742,91.78063,SO2,23,26,25
India,Assam,Guwahati,"Railway Colony, Guwahati - PCBA",26.181742,91.78063,CO,NA,NA,NA
India,Assam,Nagaon,"Christianpatty, Nagaon - PCBA",26.349082,92.68449,PM2.5,66,171,110
India,Andhra_Pradesh,Vijayawada,"HB Colony, Vijayawada - APPCB",16.536107,80.594233,NO2,16,25,18
India,Andhra_Pradesh,Vijayawada,"Kanuru, Vijayawada - APPCB",16.486692,80.699436,NH3,4,4,4
India,Andhra_Pradesh,Vijayawada,"Rajiv Gandhi Park, Vijayawada - APPCB",16.509717,80.612222,PM10,50,91,73
India,Andhra_Pradesh,Vijayawada,"Rajiv Nagar, Vijayawada - APPCB",16.554731,80.64911,PM2.5,57,67,59
India,Andhra_Pradesh,Vijayawada,"Rajiv Nagar, Vijayawada - APPCB",16.554731,80.64911,NH3,NA,NA,NA
India,Andhra_Pradesh,Visakhapatnam,"GVM Corporation, Visakhapatnam - APPCB",17.72,83.3,CO,3,62,18
India,Assam,Nalbari,"Bata Chowk, Nalbari - PCBA",26.446912,91.439057,PM10,NA,NA,NA
India,Assam,Nalbari,"Bata Chowk, Nalbari - PCBA",26.446912,91.439057,O3,14,16,14
India,Assam,Sivasagar,"Girls College, Sivasagar - PCBA",26.987634,94.636574,NH3,6,27,13
India,Bihar,Araria,"Kharahiya Basti, Araria - BSPCB",26.146529,87.454184,PM2.5,52,253,104
India,Bihar,Araria,"Kharahiya Basti, Araria - BSPCB",26.146529,87.454184,PM10,45,137,82
India,Bihar,Araria,"Kharahiya Basti, Araria - BSPCB",26.146529,87.454184,CO,26,100,54
India,Bihar,Arrah,"New DM Office, Arrah - BSPCB",25.5626095,84.663264,PM10,40,121,96
India,Bihar,Arrah,"New DM Office, Arrah - BSPCB",25.5626095,84.663264,NH3,1,2,2
India,Bihar,Begusarai,"Lohiyanagar, Begusarai - BSPCB",25.42742023,86.13886079,PM10,58,208,116
India,Bihar,Begusarai,"Lohiyanagar, Begusarai - BSPCB",25.42742023,86.13886079,SO2,20,28,24
India,Bihar,Bhagalpur,"Mayaganj, Bhagalpur - BSPCB",25.265194,87.012947,NH3,6,8,7
India,Bihar,Buxar,"Charitra Van, Buxar - BSPCB",25.56752,83.966379,PM10,39,105,67
India,Bihar,Chhapra,"Darshan Nagar, Chhapra - BSPCB",25.7808257,84.7446768,NH3,6,14,8
India,Andhra_Pradesh,Amaravati,"Secretariat, Amaravati - APPCB",16.5150833,80.5181667,O3,10,58,54
India,Andhra_Pradesh,Anantapur,"Gulzarpet, Anantapur - APPCB",14.675886,77.593027,PM2.5,NA,NA,NA
India,Andhra_Pradesh,Anantapur,"Gulzarpet, Anantapur - APPCB",14.675886,77.593027,PM10,NA,NA,NA
India,Andhra_Pradesh,Anantapur,"Gulzarpet, Anantapur - APPCB",14.675886,77.593027,NO2,NA,NA,NA
India,Assam,Byrnihat,"Central Academy for SFS, Byrnihat - PCBA",26.071318,91.87488,PM10,66,143,93
India,Bihar,Hajipur,"Industrial Area, Hajipur - BSPCB",25.697189,85.2459,NH3,22,27,24
India,Chandigarh,Chandigarh,"Sector-25, Chandigarh - CPCC",30.751462,76.762879,O3,1,62,48
India,Chandigarh,Chandigarh,"Sector-53, Chandigarh - CPCC",30.719859,76.738637,PM2.5,NA,NA,NA
India,Chandigarh,Chandigarh,"Sector-53, Chandigarh - CPCC",30.719859,76.738637,PM10,NA,NA,NA
India,Chhattisgarh,Bhilai,"32Bungalows, Bhilai - CECB",21.194815,81.31477,PM10,20,64,46
India,Chhattisgarh,Bhilai,"32Bungalows, Bhilai - CECB",21.194815,81.31477,NO2,31,46,37
India,Chhattisgarh,Bhilai,"Civic Center, Bhilai - Bhilai Steel Plant",21.185571,81.343175,NH3,3,3,3
India,Chhattisgarh,Bhilai,"Hathkhoj, Bhilai - CECB",21.224231,81.40835,PM10,16,141,63
India,Chhattisgarh,Bhilai,"Hathkhoj, Bhilai - CECB",21.224231,81.40835,NO2,15,97,54
India,Chhattisgarh,Bhilai,"Hathkhoj, Bhilai - CECB",21.224231,81.40835,SO2,16,103,45
India,Bihar,Muzaffarpur,"MIT-Daudpur Kothi, Muzaffarpur - BSPCB",26.1403345,85.3650192,NH3,5,6,5
India,Bihar,Muzaffarpur,"Muzaffarpur Collectorate, Muzaffarpur - BSPCB",26.1209,85.3647,PM2.5,83,113,91
India,Bihar,Muzaffarpur,"Muzaffarpur Collectorate, Muzaffarpur - BSPCB",26.1209,85.3647,NO2,9,17,11
India,Bihar,Muzaffarpur,"Muzaffarpur Collectorate, Muzaffarpur - BSPCB",26.1209,85.3647,SO2,4,8,5
India,Bihar,Patna,"DRM Office Danapur, Patna - BSPCB",25.586562,85.043586,NO2,46,53,50
India,Bihar,Patna,"DRM Office Danapur, Patna - BSPCB",25.586562,85.043586,CO,6,107,28
India,Bihar,Patna,"Govt. High School Shikarpur, Patna - BSPCB",25.592539,85.227158,PM10,97,465,205
India,Bihar,Patna,"Govt. High School Shikarpur, Patna - BSPCB",25.592539,85.227158,NO2,17,53,37
India,Chhattisgarh,Raipur,"AIIMS, Raipur - CECB",21.258815,81.578979,O3,1,26,9
India,Chhattisgarh,Raipur,"Bhatagaon New ISBT, Raipur - CECB",21.219665,81.630094,NH3,2,2,2
India,Chhattisgarh,Raipur,"Krishak Nagar, Raipur - CECB",21.237755,81.705301,PM10,40,92,71
India,Chhattisgarh,Raipur,"Siltara Phase-II, Raipur - CECB",21.371751,81.664929,PM10,52,152,115
India,Chhattisgarh,Tumidih,"OP Jindal Industrial Park, Tumidih - CECB",22.06631475,83.33820077,SO2,NA,NA,NA
India,Delhi,Delhi,"Alipur, Delhi - DPCC",28.815329,77.15301,SO2,4,19,11
India,Bihar,Saharsa,"Police Line, Saharsa - BSPCB",25.892357,86.590325,NH3,4,4,4
India,Bihar,Samastipur,"DM Office_Kasipur, Samastipur - BSPCB",25.859655,85.77944,PM2.5,55,435,244
India,Bihar,Samastipur,"DM Office_Kasipur, Samastipur - BSPCB",25.859655,85.77944,CO,9,12,10
India,Bihar,Sasaram,"Dada Peer, Sasaram - BSPCB",24.952822,84.002396,PM10,NA,NA,NA
India,Chandigarh,Chandigarh,"Sector 22, Chandigarh - CPCC",30.735567,76.775714,NH3,5,21,14
India,Chandigarh,Chandigarh,"Sector 22, Chandigarh - CPCC",30.735567,76.775714,O3,4,147,107
India,Delhi,Delhi,"Aya Nagar, Delhi - IMD",28.4706914,77.1099364,O3,10,69,58
India,Delhi,Delhi,"Bawana, Delhi - DPCC",28.7762,77.051074,NH3,7,9,8
India,Delhi,Delhi,"Burari Crossing, Delhi - IMD",28.7256504,77.2011573,PM10,104,500,332
India,Delhi,Delhi,"CRRI Mathura Road, Delhi - IMD",28.5512005,77.2735737,PM2.5,43,306,157
India,Delhi,Delhi,"Chandni Chowk, Delhi - IITM",28.656756,77.227234,PM10,105,421,285
India,Delhi,Delhi,"Chandni Chowk, Delhi - IITM",28.656756,77.227234,CO,52,145,70
India,Chhattisgarh,Korba,"Rampur, Korba - CECB",22.368195,82.746431,O3,2,15,11
India,Chhattisgarh,Korba,"Urja Nagar, Korba - CECB",22.348441,82.549611,PM10,28,61,49
India,Chhattisgarh,Korba,"Urja Nagar, Korba - CECB",22.348441,82.549611,NO2,16,20,17
India,Chhattisgarh,Korba,"Urja Nagar, Korba - CECB",22.348441,82.549611,CO,19,28,22
India,Chhattisgarh,Milupara,"Govt. Higher Secondary School, Milupara - CECB",22.1910172,83.5197009,O3,4,137,125
India,Chhattisgarh,Raipur,"AIIMS, Raipur - CECB",21.258815,81.578979,PM10,28,137,74
India,Bihar,Patna,"Muradpur, Patna - BSPCB",25.619651,85.147382,NH3,4,5,5
India,Bihar,Patna,"Muradpur, Patna - BSPCB",25.619651,85.147382,SO2,8,10,9
India,Bihar,Patna,"Muradpur, Patna - BSPCB",25.619651,85.147382,O3,4,15,14
India,Bihar,Patna,"Rajbansi Nagar, Patna - BSPCB",25.599486,85.113666,NH3,1,5,3
India,Bihar,Patna,"Rajbansi Nagar, Patna - BSPCB",25.599486,85.113666,SO2,2,13,7
India,Bihar,Patna,"Samanpura, Patna - BSPCB",25.596727,85.085624,NH3,1,21,9
India,Bihar,Patna,"Samanpura, Patna - BSPCB",25.596727,85.085624,CO,4,116,66
India,Chhattisgarh,Chhal,"Nawapara SECL Colony, Chhal - CECB",22.118125,83.140608,PM10,40,73,51
India,Chhattisgarh,Chhal,"Nawapara SECL Colony, Chhal - CECB",22.118125,83.140608,O3,6,87,80
India,Delhi,Delhi,"Aya Nagar, Delhi - IMD",28.4706914,77.1099364,NO2,12,74,37
India,Delhi,Delhi,"North Campus, DU, Delhi - IMD",28.6573814,77.1585447,PM10,104,468,243
India,Delhi,Delhi,"North Campus, DU, Delhi - IMD",28.6573814,77.1585447,NO2,53,152,102
India,Delhi,Delhi,"Okhla Phase-2, Delhi - DPCC",28.530785,77.271255,NH3,9,13,11
India,Delhi,Delhi,"Okhla Phase-2, Delhi - DPCC",28.530785,77.271255,O3,4,143,126
India,Delhi,Delhi,"Patparganj, Delhi - DPCC",28.623763,77.287209,PM2.5,42,333,228
India,Delhi,Delhi,"Patparganj, Delhi - DPCC",28.623763,77.287209,O3,1,93,79
India,Delhi,Delhi,"Mandir Marg, Delhi - DPCC",28.636429,77.201067,O3,6,70,55
India,Delhi,Delhi,"Mundka, Delhi - DPCC",28.684678,77.076574,PM2.5,58,416,252
India,Delhi,Delhi,"Mundka, Delhi - DPCC",28.684678,77.076574,CO,50,122,55
India,Delhi,Delhi,"NSIT Dwarka, Delhi - CPCB",28.60909,77.0325413,PM2.5,123,300,154
India,Delhi,Delhi,"NSIT Dwarka, Delhi - CPCB",28.60909,77.0325413,NH3,6,8,7
India,Delhi,Delhi,"Narela, Delhi - DPCC",28.822836,77.101981,PM2.5,78,387,278
India,Delhi,Delhi,"Sonia Vihar, Delhi - DPCC",28.710508,77.249485,NH3,5,7,6
India,Delhi,Delhi,"Sri Aurobindo Marg, Delhi - DPCC",28.531346,77.190156,SO2,4,12,10
India,Delhi,Delhi,"Vivek Vihar, Delhi - DPCC",28.672342,77.31526,PM10,104,486,321
India,Delhi,Delhi,"Wazirpur, Delhi - DPCC",28.699793,77.165453,NH3,10,13,11
India,Delhi,Delhi,"Wazirpur, Delhi - DPCC",28.699793,77.165453,SO2,9,13,11
India,Delhi,Delhi,"Wazirpur, Delhi - DPCC",28.699793,77.165453,CO,68,123,86
India,Delhi,Delhi,"IHBAS, Dilshad Garden, Delhi - CPCB",28.6811736,77.3025234,CO,40,102,91
India,Delhi,Delhi,"IIT Delhi, Delhi - IITM",28.54246,77.191651,CO,30,111,36
India,Delhi,Delhi,"ITO, Delhi - CPCB",28.628624,77.24106,NO2,29,147,78
India,Delhi,Delhi,"ITO, Delhi - CPCB",28.628624,77.24106,CO,24,129,45
India,Delhi,Delhi,"Jahangirpuri, Delhi - DPCC",28.73282,77.170633,NH3,12,53,33
India,Delhi,Delhi,"Jahangirpuri, Delhi - DPCC",28.73282,77.170633,O3,4,40,28
India,Delhi,Delhi,"Major Dhyan Chand National Stadium, Delhi - DPCC",28.611281,77.237738,PM2.5,30,319,181
India,Delhi,Delhi,"Major Dhyan Chand National Stadium, Delhi - DPCC",28.611281,77.237738,NO2,35,217,111
India,Delhi,Delhi,"Punjabi Bagh, Delhi - DPCC",28.674045,77.131023,PM10,115,332,223
India,Delhi,Delhi,"Punjabi Bagh, Delhi - DPCC",28.674045,77.131023,CO,56,110,62
India,Delhi,Delhi,"Pusa, Delhi - IMD",28.63611,77.173332,PM2.5,46,256,150
India,Delhi,Delhi,"R K Puram, Delhi - DPCC",28.563262,77.186937,PM2.5,57,359,212
India,Delhi,Delhi,"R K Puram, Delhi - DPCC",28.563262,77.186937,NH3,8,13,10
India,Delhi,Delhi,"Rohini, Delhi - DPCC",28.732528,77.11992,CO,4,133,10
India,Gujarat,Ahmedabad,"Gyaspur, Ahmedabad - IITM",22.977134,72.553024,NO2,51,151,92
India,Gujarat,Ahmedabad,"Gyaspur, Ahmedabad - IITM",22.977134,72.553024,O3,1,87,52
India,Gujarat,Ahmedabad,"Raikhad, Ahmedabad - IITM",23.020509,72.579261,NO2,38,193,94
India,Delhi,Delhi,"IGI Airport (T3), Delhi - IMD",28.5627763,77.1180053,CO,6,96,11
India,Delhi,Delhi,"IHBAS, Dilshad Garden, Delhi - CPCB",28.6811736,77.3025234,PM10,128,256,190
India,Haryana,Charkhi Dadri,"Mini Secretariat, Charkhi Dadri - HSPCB",28.593883,76.270653,O3,14,17,15
India,Haryana,Dharuhera,"Municipal Corporation Office, Dharuhera -  HSPCB",28.2068,76.7997,PM10,104,179,137
India,Haryana,Dharuhera,"Municipal Corporation Office, Dharuhera -  HSPCB",28.2068,76.7997,CO,188,194,192
India,Haryana,Faridabad,"New Industrial Town, Faridabad - HSPCB",28.39072,77.30059,SO2,8,8,8
India,Haryana,Faridabad,"Sector 11, Faridabad - HSPCB",28.376058,77.315741,NO2,30,33,31
India,Haryana,Faridabad,"Sector 11, Faridabad - HSPCB",28.376058,77.315741,O3,15,16,15
India,Haryana,Faridabad,"Sector 30, Faridabad - HSPCB",28.4417,77.3217,PM10,95,101,97
India,Haryana,Faridabad,"Sector 30, Faridabad - HSPCB",28.4417,77.3217,NH3,10,12,11
India,Haryana,Faridabad,"Sector 30, Faridabad - HSPCB",28.4417,77.3217,O3,17,19,19
India,Haryana,Fatehabad,"Huda Sector, Fatehabad - HSPCB",29.503664,75.467934,PM2.5,8,28,18
India,Haryana,Jind,"Police Lines, Jind - HSPCB",29.307814,76.337619,PM2.5,106,269,183
India,Haryana,Jind,"Police Lines, Jind - HSPCB",29.307814,76.337619,PM10,88,139,114
India,Haryana,Karnal,"Sector-12, Karnal - HSPCB",29.6953,77.0027,PM10,95,311,144
India,Haryana,Karnal,"Sector-12, Karnal - HSPCB",29.6953,77.0027,CO,1,50,6
India,Haryana,Karnal,"Sector-12, Karnal - HSPCB",29.6953,77.0027,O3,31,31,31
India,Haryana,Kurukshetra,"Sector-7, Kurukshetra - HSPCB",29.966942,76.875879,SO2,1,22,9
India,Haryana,Kurukshetra,"Sector-7, Kurukshetra - HSPCB",29.966942,76.875879,O3,1,65,54
India,Haryana,Mandikhera,"General Hospital, Mandikhera(Nuh) - HSPCB",27.9002,76.9938,PM2.5,44,90,67
India,Gujarat,Surat,"Katargam, Surat - Nexteng Enviro",21.217779,72.834787,PM2.5,36,152,67
India,Gujarat,Surat,"Katargam, Surat - Nexteng Enviro",21.217779,72.834787,PM10,42,125,75
India,Gujarat,Surat,"Katargam, Surat - Nexteng Enviro",21.217779,72.834787,NO2,16,118,46
India,Gujarat,Surat,"Science Center, Surat - SMC",21.170046,72.795405,PM2.5,78,256,146
India,Gujarat,Surat,"Science Center, Surat - SMC",21.170046,72.795405,NO2,6,47,30
India,Gujarat,Vadodara,"Bapunagar, Vadodara - Nexteng Enviro",22.320153,73.216285,PM10,121,188,149
India,Gujarat,Vapi,"Phase-1 GIDC, Vapi - GPCB",20.362421,72.918013,PM2.5,30,86,46
India,Gujarat,Vapi,"Phase-1 GIDC, Vapi - GPCB",20.362421,72.918013,SO2,9,23,16
India,Haryana,Panchkula,"Sector-6, Panchkula - HSPCB ",30.7057778,76.85318056,O3,1,3,2
India,Haryana,Rohtak,"MD University, Rohtak - HSPCB",28.52123,76.37138,PM2.5,1,500,200
India,Haryana,Sirsa,"F-Block, Sirsa - HSPCB",29.5364,75.0158,CO,46,71,59
India,Haryana,Sonipat,"Murthal, Sonipat - HSPCB",29.0272,77.0621,PM2.5,55,265,136
India,Haryana,Sonipat,"Murthal, Sonipat - HSPCB",29.0272,77.0621,NO2,12,13,12
India,Haryana,Yamuna Nagar,"Gobind Pura, Yamuna Nagar - HSPCB",30.1480566,77.2893471,NO2,36,39,37
India,Gujarat,Ahmedabad,"SAC ISRO Satellite, Ahmedabad - IITM",23.023389,72.515201,PM2.5,83,186,127
India,Gujarat,Ahmedabad,"SAC ISRO Satellite, Ahmedabad - IITM",23.023389,72.515201,NH3,6,22,9
India,Gujarat,Ahmedabad,"SVPI Airport Hansol, Ahmedabad - IITM",23.076793,72.627874,PM2.5,53,164,97
India,Gujarat,Ankleshwar,"GIDC, Ankleshwar - GPCB",21.613267,73.010555,PM2.5,56,178,91
India,Gujarat,Ankleshwar,"GIDC, Ankleshwar - GPCB",21.613267,73.010555,PM10,77,148,106
India,Gujarat,Bhavnagar,"Vidhyanagar, Bhavnagar - Nexteng Enviro",21.755417,72.139056,NH3,5,7,6
India,Gujarat,Gandhinagar,"GIFT City, Gandhinagar - IITM",23.163798,72.677768,PM10,115,408,176
India,Gujarat,Gandhinagar,"GIFT City, Gandhinagar - IITM",23.163798,72.677768,NH3,5,22,9
India,Gujarat,Gandhinagar,"GIFT City, Gandhinagar - IITM",23.163798,72.677768,O3,2,97,74
India,Gujarat,Gandhinagar,"Sector-10, Gandhinagar - GPCB",23.221714,72.654328,NO2,25,57,36
India,Gujarat,Gandhinagar,"Sector-10, Gandhinagar - GPCB",23.221714,72.654328,O3,4,104,81
India,Gujarat,Rajkot,"Mavdi, Rajkot - Nexteng Enviro ",22.248853,70.776774,PM10,29,200,102
India,Haryana,Ambala,"Patti Mehar, Ambala - HSPCB",30.379589,76.778328,NO2,19,24,22
India,Haryana,Ambala,"Patti Mehar, Ambala - HSPCB",30.379589,76.778328,CO,26,42,33
India,Haryana,Ballabgarh,"Nathu Colony, Ballabgarh - HSPCB",28.3419248,77.319699,SO2,2,6,4
India,Haryana,Ballabgarh,"Nathu Colony, Ballabgarh - HSPCB",28.3419248,77.319699,O3,15,15,15
India,Haryana,Bhiwani,"H.B. Colony, Bhiwani - HSPCB",28.806223,76.141105,NO2,7,11,8
India,Haryana,Bhiwani,"H.B. Colony, Bhiwani - HSPCB",28.806223,76.141105,CO,8,12,10
India,Haryana,Manesar,"Sector-2 IMT, Manesar - HSPCB",28.360699,76.93609,NH3,10,11,11
India,Haryana,Manesar,"Sector-2 IMT, Manesar - HSPCB",28.360699,76.93609,SO2,5,40,24
India,Haryana,Palwal,"Shyam Nagar, Palwal - HSPCB",28.1485564,77.3320667,PM10,48,71,58
India,Haryana,Palwal,"Shyam Nagar, Palwal - HSPCB",28.1485564,77.3320667,SO2,12,14,14
India,Haryana,Panchkula,"Sector-6, Panchkula - HSPCB ",30.7057778,76.85318056,PM2.5,28,106,68
India,Himachal Pradesh,Baddi,"HIMUDA Complex Phase-1, Baddi - HPPCB",30.943887,76.801991,NH3,4,7,5
India,Jammu_and_Kashmir,Pampore,"Khrew, Pampore - JKPCC",34.031606,75.009712,NO2,22,68,38
India,Jammu_and_Kashmir,Srinagar,"Khunmoh, Srinagar - JKPCC",34.06313,74.96017,PM2.5,NA,NA,NA
India,Jammu_and_Kashmir,Srinagar,"Khunmoh, Srinagar - JKPCC",34.06313,74.96017,NO2,14,57,25
India,Kerala,Thrissur,"Corporation Ground, Thrissur - Kerala PCB",10.5324,76.2159,PM2.5,NA,NA,NA
India,Kerala,Thrissur,"Corporation Ground, Thrissur - Kerala PCB",10.5324,76.2159,PM10,NA,NA,NA
India,Kerala,Thrissur,"Corporation Ground, Thrissur - Kerala PCB",10.5324,76.2159,CO,8,12,10
India,Kerala,Thrissur,"Corporation Ground, Thrissur - Kerala PCB",10.5324,76.2159,O3,30,31,31
India,Madhya Pradesh,Bhopal,"Idgah Hills, Bhopal - MPPCB",23.264759,77.381568,PM10,61,165,102
India,Madhya Pradesh,Bhopal,"Idgah Hills, Bhopal - MPPCB",23.264759,77.381568,O3,36,71,65
India,Madhya Pradesh,Bhopal,"Paryavaran Parisar, Bhopal - MPPCB",23.210494,77.425409,NO2,31,92,56
India,Madhya Pradesh,Bhopal,"Paryavaran Parisar, Bhopal - MPPCB",23.210494,77.425409,CO,14,46,28
India,Madhya Pradesh,Bhopal,"Paryavaran Parisar, Bhopal - MPPCB",23.210494,77.425409,O3,16,51,39
India,Madhya Pradesh,Bhopal,"T T Nagar, Bhopal - MPPCB",23.233584,77.400574,CO,27,75,41
India,Madhya Pradesh,Bhopal,"T T Nagar, Bhopal - MPPCB",23.233584,77.400574,O3,35,148,123
India,Madhya Pradesh,Gwalior,"City Center, Gwalior - MPPCB",26.203442,78.193251,PM10,38,126,67
India,Madhya Pradesh,Gwalior,"City Center, Gwalior - MPPCB",26.203442,78.193251,NH3,2,3,3
India,Madhya Pradesh,Gwalior,"City Center, Gwalior - MPPCB",26.203442,78.193251,SO2,10,23,15
India,Madhya Pradesh,Gwalior,"Deen Dayal Nagar, Gwalior - MPPCB",26.259242,78.216432,CO,57,111,94
India,Madhya Pradesh,Gwalior,"Maharaj Bada, Gwalior - MPPCB",26.200388,78.147714,PM10,48,197,102
India,Madhya Pradesh,Gwalior,"Maharaj Bada, Gwalior - MPPCB",26.200388,78.147714,O3,11,108,72
India,Madhya Pradesh,Indore,"Airport Area, Indore - IMC",22.7289,75.8076,PM10,45,162,90
India,Madhya Pradesh,Indore,"Airport Area, Indore - IMC",22.7289,75.8076,NO2,32,85,63
India,Madhya Pradesh,Indore,"Airport Area, Indore - IMC",22.7289,75.8076,CO,2,21,2
India,Madhya Pradesh,Indore,"Chhoti Gwaltoli, Indore - MPPCB",22.431,75.5213,NO2,55,144,86
India,Karnataka,Madikeri,"Stuart Hill, Madikeri - KSPCB",12.415911,75.73505,O3,1,5,3
India,Karnataka,Mysuru,"Hebbal 1st Stage, Mysuru - KSPCB",12.21041,76.37376,NH3,4,5,5
India,Karnataka,Ramanagara,"Vijay Nagar, Ramanagara - KSPCB",12.733409,77.298051,PM2.5,98,177,134
India,Karnataka,Ramanagara,"Vijay Nagar, Ramanagara - KSPCB",12.733409,77.298051,PM10,127,166,146
India,Karnataka,Ramanagara,"Vijay Nagar, Ramanagara - KSPCB",12.733409,77.298051,NO2,28,69,54
India,Karnataka,Ramanagara,"Vijay Nagar, Ramanagara - KSPCB",12.733409,77.298051,SO2,12,32,21
India,Karnataka,Shivamogga,"Vinoba Nagara, Shivamogga - KSPCB",13.94,75.555917,PM10,41,69,51
India,Karnataka,Yadgir,"Collector Office, Yadgir - KSPCB",16.7602,77.1428,PM2.5,99,153,121
India,Karnataka,Chikkaballapur,"Chikkaballapur Rural, Chikkaballapur - KSPCB",13.428828,77.731418,SO2,15,28,21
India,Karnataka,Chikkamagaluru,"Kalyana Nagara, Chikkamagaluru - KSPCB",13.328028,75.797056,SO2,6,14,9
India,Karnataka,Dharwad,"Kalabhavan, Dharwad - KSPCB",15.459706,75.008381,O3,25,37,33
India,Karnataka,Hubballi,"Lingaraj Nagar, Hubballi - KSPCB",15.3714823,75.1160168,PM10,60,72,64
India,Karnataka,Hubballi,"Lingaraj Nagar, Hubballi - KSPCB",15.3714823,75.1160168,NO2,7,11,10
India,Karnataka,Hubballi,"Lingaraj Nagar, Hubballi - KSPCB",15.3714823,75.1160168,NH3,1,2,2
India,Karnataka,Hubballi,"Lingaraj Nagar, Hubballi - KSPCB",15.3714823,75.1160168,SO2,1,4,3
India,Karnataka,Hubballi,"Lingaraj Nagar, Hubballi - KSPCB",15.3714823,75.1160168,O3,17,27,24
India,Karnataka,Yadgir,"Collector Office, Yadgir - KSPCB",16.7602,77.1428,SO2,6,14,11
India,Karnataka,Yadgir,"Collector Office, Yadgir - KSPCB",16.7602,77.1428,CO,15,36,17
India,Kerala,Kannur,"Thavakkara, Kannur - Kerala PCB",11.875,75.3732,NH3,2,2,2
India,Kerala,Thiruvananthapuram,"Kariavattom, Thiruvananthapuram - Kerala PCB",8.5637,76.8865,PM2.5,10,316,196
India,Kerala,Thiruvananthapuram,"Kariavattom, Thiruvananthapuram - Kerala PCB",8.5637,76.8865,NO2,7,8,8
India,Kerala,Thiruvananthapuram,"Kariavattom, Thiruvananthapuram - Kerala PCB",8.5637,76.8865,SO2,2,16,7
India,Kerala,Thiruvananthapuram,"Plammoodu, Thiruvananthapuram - Kerala PCB",8.5149093,76.9435879,SO2,2,29,16
India,Karnataka,Bengaluru,"Peenya, Bengaluru - CPCB",13.0270199,77.494094,NO2,22,34,25
India,Karnataka,Bengaluru,"RVCE-Mailasandra, Bengaluru - KSPCB",12.921418,77.502466,O3,22,25,24
India,Karnataka,Bengaluru,"Sanegurava Halli, Bengaluru - KSPCB",12.990328,77.5431385,PM10,50,58,52
India,Karnataka,Bengaluru,"Shivapura_Peenya, Bengaluru - KSPCB",13.0246342,77.5080115,PM2.5,NA,NA,NA
India,Karnataka,Bengaluru,"Shivapura_Peenya, Bengaluru - KSPCB",13.0246342,77.5080115,NH3,NA,NA,NA
India,Karnataka,Bengaluru,"Shivapura_Peenya, Bengaluru - KSPCB",13.0246342,77.5080115,O3,26,26,26
India,Karnataka,Bengaluru,"Silk Board, Bengaluru - KSPCB",12.917348,77.622813,NH3,2,6,5
India,Karnataka,Bengaluru,"Hebbal, Bengaluru - KSPCB",13.029152,77.585901,PM2.5,67,247,147
India,Karnataka,Bengaluru,"Hebbal, Bengaluru - KSPCB",13.029152,77.585901,NO2,41,53,48
India,Karnataka,Bengaluru,"Hebbal, Bengaluru - KSPCB",13.029152,77.585901,O3,6,18,14
India,Karnataka,Bengaluru,"Jayanagar 5th Block, Bengaluru - KSPCB",12.920984,77.584908,NH3,2,3,2
India,Karnataka,Bengaluru,"Jayanagar 5th Block, Bengaluru - KSPCB",12.920984,77.584908,CO,8,47,31
India,Karnataka,Bengaluru,"Jigani, Bengaluru - KSPCB",12.7816279,77.6299145,PM2.5,53,425,94
India,Karnataka,Bengaluru,"Jigani, Bengaluru - KSPCB",12.7816279,77.6299145,CO,42,44,43
India,Karnataka,Bengaluru,"Jigani, Bengaluru - KSPCB",12.7816279,77.6299145,O3,22,23,22
India,Madhya Pradesh,Indore,"Chhoti Gwaltoli, Indore - MPPCB",22.431,75.5213,CO,32,101,38
India,Madhya Pradesh,Indore,"Chhoti Gwaltoli, Indore - MPPCB",22.431,75.5213,O3,5,58,49
India,Madhya Pradesh,Indore,"Maguda Nagar, Indore - IMC",22.7524,75.8872,CO,22,39,24
India,Madhya Pradesh,Indore,"Maguda Nagar, Indore - IMC",22.7524,75.8872,O3,19,24,21
India,Madhya Pradesh,Indore,"Regional Park, Indore - IMC",22.678,75.8559,PM2.5,NA,NA,NA
India,Karnataka,Bengaluru,"BTM Layout, Bengaluru - CPCB",12.9135218,77.5950804,NO2,3,11,6
India,Madhya Pradesh,Sagar,"Civil Lines, Sagar - MPPCB",23.838586,78.759431,PM10,39,82,52
India,Madhya Pradesh,Sagar,"Deen Dayal Nagar, Sagar - MPPCB",23.8640158,78.80289321,PM2.5,1,49,25
India,Madhya Pradesh,Sagar,"Deen Dayal Nagar, Sagar - MPPCB",23.8640158,78.80289321,SO2,4,9,5
India,Madhya Pradesh,Satna,"Bandhavgar Colony, Satna - Birla Cement",24.58434363,80.8549414,NO2,12,13,12
India,Madhya Pradesh,Ujjain,"Mahashweta Nagar, Ujjain - MPPCB",23.1633321,75.800225,PM2.5,37,179,72
India,Madhya Pradesh,Ujjain,"Mahashweta Nagar, Ujjain - MPPCB",23.1633321,75.800225,NH3,7,12,10
India,Madhya Pradesh,Ujjain,"Mahashweta Nagar, Ujjain - MPPCB",23.1633321,75.800225,SO2,4,24,9
India,Maharashtra,Ahmednagar,"Tarakpur, Ahmednagar - MPCB",19.10122,74.73339,NO2,12,24,20
India,Madhya Pradesh,Indore,"Regional Park, Indore - IMC",22.678,75.8559,NH3,1,3,2
India,Madhya Pradesh,Indore,"Residency Area, Indore - IMC",22.7084,75.8815,O3,6,15,12
India,Madhya Pradesh,Jabalpur,"Govindh Bhavan Colony, Jabalpur - JMC",23.163174,79.973061,O3,8,97,40
India,Madhya Pradesh,Jabalpur,"Gupteshwar, Jabalpur - JMC",23.142888,79.916147,PM2.5,21,70,44
India,Madhya Pradesh,Jabalpur,"Gupteshwar, Jabalpur - JMC",23.142888,79.916147,PM10,25,63,42
India,Madhya Pradesh,Jabalpur,"Gupteshwar, Jabalpur - JMC",23.142888,79.916147,NO2,15,114,40
India,Madhya Pradesh,Jabalpur,"Gupteshwar, Jabalpur - JMC",23.142888,79.916147,O3,9,83,73
India,Madhya Pradesh,Jabalpur,"Marhatal, Jabalpur - MPPCB",23.168606,79.932247,NO2,2,52,28
India,Madhya Pradesh,Jabalpur,"Marhatal, Jabalpur - MPPCB",23.168606,79.932247,NH3,1,6,2
India,Maharashtra,Chandrapur,"MIDC Khutala, Chandrapur - MPCB",19.9775302,79.2337086,PM2.5,47,167,89
India,Maharashtra,Chandrapur,"MIDC Khutala, Chandrapur - MPCB",19.9775302,79.2337086,PM10,78,197,118
India,Maharashtra,Chandrapur,"MIDC Khutala, Chandrapur - MPCB",19.9775302,79.2337086,NO2,11,18,14
India,Maharashtra,Dhule,"Deopur, Dhule - MPCB",20.918946,74.776388,NH3,2,2,2
India,Maharashtra,Jalgaon,"Prabhat Colony, Jalgaon - MPCB",21.001264,75.565602,SO2,NA,NA,NA
India,Maharashtra,Jalna,"Old MIDC, Jalna - MPCB",19.854616,75.905894,NO2,5,16,9
India,Madhya Pradesh,Jabalpur,"Marhatal, Jabalpur - MPPCB",23.168606,79.932247,O3,29,144,90
India,Madhya Pradesh,Katni,"Gole Bazar, Katni - MPPCB",23.50016,80.23284,NO2,19,38,29
India,Madhya Pradesh,Katni,"Gole Bazar, Katni - MPPCB",23.50016,80.23284,O3,26,126,107
India,Madhya Pradesh,Mandideep,"Sector-D Industrial Area, Mandideep - MPPCB",23.10844,77.511428,CO,20,54,24
India,Madhya Pradesh,Pithampur,"Sector-2 Industrial Area, Pithampur - MPPCB",22.624758,75.675238,O3,51,172,154
India,Maharashtra,Belapur,"CBD Belapur, Belapur - MPCB",19.0243902,73.0406721,SO2,17,29,22
India,Maharashtra,Bhiwandi,"Gokul Nagar, Bhiwandi - MPCB",19.309073,73.057223,PM2.5,46,187,109
India,Maharashtra,Bhiwandi,"Gokul Nagar, Bhiwandi - MPCB",19.309073,73.057223,PM10,90,170,136
India,Maharashtra,Bhiwandi,"Gokul Nagar, Bhiwandi - MPCB",19.309073,73.057223,NH3,4,10,6
India,Maharashtra,Boisar,"Khaira, Boisar - MPCB",19.786089,72.757971,NH3,6,7,6
India,Maharashtra,Latur,"Sawe Wadi, Latur - MPCB",18.39963,76.57452,PM2.5,78,162,101
India,Maharashtra,Latur,"Sawe Wadi, Latur - MPCB",18.39963,76.57452,PM10,73,109,95
India,Maharashtra,Latur,"Sawe Wadi, Latur - MPCB",18.39963,76.57452,SO2,4,13,8
India,Maharashtra,Latur,"Sawe Wadi, Latur - MPCB",18.39963,76.57452,CO,17,70,30
India,Maharashtra,Malegaon,"Mahesh Nagar, Malegaon - MPCB",20.555712,74.529236,PM2.5,69,214,118
India,Maharashtra,Jalna,"Old MIDC, Jalna - MPCB",19.854616,75.905894,O3,44,60,59
India,Maharashtra,Kalyan,"Khadakpada, Kalyan - MPCB",19.25292,73.142019,O3,8,8,8
India,Maharashtra,Kolhapur,"Shivaji University, Kolhapur - MPCB",16.6870449,74.2505872,NO2,17,84,39
India,Maharashtra,Kolhapur,"Shivaji University, Kolhapur - MPCB",16.6870449,74.2505872,NH3,3,5,4
India,Maharashtra,Aurangabad,"Rachnakar Colony, Aurangabad - MPCB",19.863756,75.321188,CO,32,66,33
India,Maharashtra,Badlapur,"Katrap, Badlapur - MPCB",19.16485,73.23409,NH3,3,9,5
India,Maharashtra,Akola,"Ramdaspeth, Akola - MPCB",20.719516,77.000253,SO2,18,36,26
India,Maharashtra,Aurangabad,"MIDC Chilkalthana, Aurangabad - MPCB",19.87562,75.38731,PM10,82,174,107
India,Maharashtra,Mira-Bhayandar,"Bhayandar West, Mira-Bhayandar - MPCB",19.296481,72.840923,NO2,16,78,40
India,Maharashtra,Mira-Bhayandar,"Bhayandar West, Mira-Bhayandar - MPCB",19.296481,72.840923,SO2,13,17,15
India,Maharashtra,Mumbai,"Bandra Kurla Complex, Mumbai - MPCB",19.065931,72.862131,SO2,5,21,10
India,Maharashtra,Mumbai,"Borivali East, Mumbai - IITM",19.23241,72.86895,PM2.5,58,91,75
India,Maharashtra,Mumbai,"Borivali East, Mumbai - IITM",19.23241,72.86895,NH3,8,12,9
India,Maharashtra,Mumbai,"Borivali East, Mumbai - IITM",19.23241,72.86895,O3,NA,NA,NA
India,Maharashtra,Mumbai,"Borivali East, Mumbai - MPCB",19.2243333,72.8658113,NH3,1,8,4
India,Maharashtra,Mumbai,"Byculla, Mumbai - BMC",18.9767,72.838,PM10,36,117,66
India,Maharashtra,Mumbai,"Chakala-Andheri East, Mumbai - IITM",19.11074,72.86084,SO2,1,21,8
India,Maharashtra,Mumbai,"Chembur, Mumbai - MPCB",19.0364585,72.8954371,NO2,26,89,54
India,Maharashtra,Mumbai,"Chembur, Mumbai - MPCB",19.0364585,72.8954371,CO,6,52,9
India,Maharashtra,Mumbai,"Colaba, Mumbai - MPCB",18.91,72.82,SO2,NA,NA,NA
India,Maharashtra,Mumbai,"Colaba, Mumbai - MPCB",18.91,72.82,O3,11,12,11
India,Maharashtra,Nagpur,"Ambazari, Nagpur - MPCB",21.121801,79.04952,PM10,70,127,103
India,Maharashtra,Nagpur,"Ambazari, Nagpur - MPCB",21.121801,79.04952,CO,5,101,12
India,Maharashtra,Nagpur,"Ambazari, Nagpur - MPCB",21.121801,79.04952,O3,1,94,84
India,Maharashtra,Nagpur,"Mahal, Nagpur - MPCB",21.14472,79.107595,SO2,10,104,54
India,Maharashtra,Nagpur,"Mahal, Nagpur - MPCB",21.14472,79.107595,CO,36,120,48
India,Maharashtra,Mumbai,"Ghatkopar, Mumbai - BMC",19.083694,72.920967,NO2,39,109,69
India,Maharashtra,Mumbai,"Kandivali East, Mumbai - MPCB",19.2058,72.8682,PM10,72,152,99
India,Maharashtra,Mumbai,"Kandivali West, Mumbai - BMC",19.215859,72.831718,PM2.5,42,104,71
India,Maharashtra,Mumbai,"Kandivali West, Mumbai - BMC",19.215859,72.831718,NO2,NA,NA,NA
India,Maharashtra,Mumbai,"Mulund West, Mumbai - MPCB",19.175,72.9419,SO2,NA,NA,NA
India,Maharashtra,Mumbai,"Navy Nagar-Colaba, Mumbai - IITM",18.897756,72.81332,PM2.5,67,134,92
India,Maharashtra,Mumbai,"Sewri, Mumbai - BMC",19.000084,72.85673,CO,8,82,10
India,Maharashtra,Nagpur,"Ram Nagar, Nagpur - MPCB",21.143383,79.048912,PM2.5,63,141,91
India,Maharashtra,Nashik,"Gangapur Road, Nashik - MPCB",20.0073285,73.7762427,SO2,1,9,3
India,Maharashtra,Nashik,"Gangapur Road, Nashik - MPCB",20.0073285,73.7762427,O3,10,47,29
India,Maharashtra,Mumbai,"Shivaji Nagar, Mumbai - BMC",19.060498,72.923356,PM10,56,148,113
India,Maharashtra,Mumbai,"Shivaji Nagar, Mumbai - BMC",19.060498,72.923356,SO2,5,35,22
India,Maharashtra,Mumbai,"Siddharth Nagar-Worli, Mumbai - IITM",19.000083,72.813993,PM2.5,42,68,56
India,Maharashtra,Mumbai,"Malad West, Mumbai - IITM",19.19709,72.82204,PM10,47,154,111
India,Maharashtra,Mumbai,"Malad West, Mumbai - IITM",19.19709,72.82204,O3,19,76,64
India,Maharashtra,Mumbai,"Mulund West, Mumbai - MPCB",19.175,72.9419,PM2.5,33,98,65
India,Maharashtra,Mumbai,"Kherwadi_Bandra East, Mumbai - MPCB",19.0632143,72.8456324,PM10,53,260,104
India,Maharashtra,Mumbai,"Kherwadi_Bandra East, Mumbai - MPCB",19.0632143,72.8456324,NO2,12,75,34
India,Maharashtra,Virar,"Bolinj, Virar - MPCB",19.445821,72.7988231,SO2,11,37,19
India,Meghalaya,Shillong,"Lumpyngngad, Shillong - Meghalaya PCB",25.5586,91.8985,O3,16,33,26
India,Mizoram,Aizawl,"Sikulpuikawn, Aizawl - Mizoram PCB",23.7176342,92.7192841,PM10,55,57,56
India,Mizoram,Aizawl,"Sikulpuikawn, Aizawl - Mizoram PCB",23.7176342,92.7192841,SO2,16,17,17
India,Nagaland,Kohima,"PWD Junction, Kohima - NPCB",25.6635413,94.0989878,NO2,3,5,3
India,Nagaland,Kohima,"PWD Junction, Kohima - NPCB",25.6635413,94.0989878,SO2,76,79,78
India,Odisha,Angul,"Hakimapada, Angul - OSPCB",20.832874,85.104082,NO2,31,90,52
India,Odisha,Balasore,"Kalidaspur, Balasore - OSPCB",21.51161,86.89088,PM10,93,189,138
India,Maharashtra,Pimpri-Chinchwad,"Thergaon, Pimpri Chinchwad - MPCB",18.616318,73.765797,CO,14,102,31
India,Maharashtra,Pune,"Dhankawadi, Pune - IITM",18.459883,73.852193,PM10,91,187,133
India,Maharashtra,Pune,"Dhankawadi, Pune - IITM",18.459883,73.852193,O3,6,84,75
India,Maharashtra,Pune,"Hadapsar, Pune - IITM",18.501793,73.927532,PM10,135,246,204
India,Maharashtra,Pune,"Hadapsar, Pune - IITM",18.501793,73.927532,NO2,53,150,95
India,Maharashtra,Pune,"Katraj Dairy, Pune - MPCB",18.45445,73.854155,NO2,12,54,37
India,Maharashtra,Pune,"Mhada Colony, Pune - IITM",18.57304,73.927715,NO2,26,170,86
India,Maharashtra,Pune,"Panchawati_Pashan, Pune - IITM",18.536457,73.805454,PM2.5,87,225,126
India,Maharashtra,Pune,"Revenue Colony-Shivajinagar, Pune - IITM",18.530085,73.849598,PM2.5,83,232,123
India,Maharashtra,Pune,"Revenue Colony-Shivajinagar, Pune - IITM",18.530085,73.849598,CO,50,114,77
India,Maharashtra,Pune,"Savitribai Phule Pune University, Pune - MPCB",18.547056,73.826908,CO,14,74,30
India,Maharashtra,Pune,"Transport Nagar-Nigdi, Pune - IITM",18.664282,73.763966,O3,2,51,43
India,Maharashtra,Sangli,"Vijay Nagar, Sangli - MPCB",16.5038,74.3623,NO2,8,58,24
India,Maharashtra,Sangli,"Vijay Nagar, Sangli - MPCB",16.5038,74.3623,SO2,2,24,17
India,Maharashtra,Solapur,"Dnyaneshwar Nagar, Solapur - MPCB",17.6336264,75.9132495,SO2,4,17,9
India,Maharashtra,Parbhani,"Masoom Colony, Parbhani - MPCB",19.265594,76.761463,CO,8,15,12
India,Maharashtra,Pimpri-Chinchwad,"Gavalinagar, Pimpri Chinchwad - MPCB",18.63673,73.82487,O3,32,161,111
India,Maharashtra,Pimpri-Chinchwad,"Park Street Wakad, Pimpri Chinchwad - MPCB",18.59051,73.77946,SO2,7,23,13
India,Maharashtra,Pimpri-Chinchwad,"Park Street Wakad, Pimpri Chinchwad - MPCB",18.59051,73.77946,CO,30,90,37
India,Maharashtra,Pimpri-Chinchwad,"Park Street Wakad, Pimpri Chinchwad - MPCB",18.59051,73.77946,O3,3,249,161
India,Maharashtra,Pimpri-Chinchwad,"Thergaon, Pimpri Chinchwad - MPCB",18.616318,73.765797,NO2,36,113,74
India,Maharashtra,Navi Mumbai,"Sector-2E Kalamboli, Navi Mumbai - MPCB",19.02579,73.10297,PM10,46,144,95
India,Maharashtra,Navi Mumbai,"Sector-2E Kalamboli, Navi Mumbai - MPCB",19.02579,73.10297,NO2,5,18,9
India,Maharashtra,Navi Mumbai,"Sector-2E Kalamboli, Navi Mumbai - MPCB",19.02579,73.10297,NH3,4,15,10
India,Maharashtra,Navi Mumbai,"Sector-2E Kalamboli, Navi Mumbai - MPCB",19.02579,73.10297,SO2,1,23,7
India,Maharashtra,Navi Mumbai,"Sector-2E Kalamboli, Navi Mumbai - MPCB",19.02579,73.10297,O3,1,61,48
India,Maharashtra,Navi Mumbai,"Tondare-Taloja, Navi Mumbai - MPCB",19.063,73.1209,PM10,63,143,109
India,Maharashtra,Navi Mumbai,"Tondare-Taloja, Navi Mumbai - MPCB",19.063,73.1209,O3,1,65,42
India,Maharashtra,Nashik,"Pandav Nagari, Nashik - MPCB",19.9591346,73.7788008,PM10,82,155,111
India,Maharashtra,Nashik,"Pandav Nagari, Nashik - MPCB",19.9591346,73.7788008,CO,22,64,27
India,Maharashtra,Navi Mumbai,"Kopripada-Vashi, Navi Mumbai - MPCB",19.090337,73.014232,PM10,77,143,125
India,Maharashtra,Navi Mumbai,"Kopripada-Vashi, Navi Mumbai - MPCB",19.090337,73.014232,CO,10,35,12
India,Maharashtra,Navi Mumbai,"Kopripada-Vashi, Navi Mumbai - MPCB",19.090337,73.014232,O3,1,77,50
India,Maharashtra,Navi Mumbai,"Mahape, Navi Mumbai - MPCB",19.1135051,73.008978,NH3,1,2,1
India,Maharashtra,Thane,"Upvan Fort, Thane - MPCB",19.222279,72.957979,NO2,15,56,31
India,Maharashtra,Ulhasnagar,"Sidhi Vinayak Nagar, Ulhasnagar - MPCB",19.235581,73.159121,NO2,10,44,29
India,Maharashtra,Ulhasnagar,"Sidhi Vinayak Nagar, Ulhasnagar - MPCB",19.235581,73.159121,NH3,4,9,6
India,Maharashtra,Ulhasnagar,"Sidhi Vinayak Nagar, Ulhasnagar - MPCB",19.235581,73.159121,O3,11,84,59
India,Maharashtra,Virar,"Bolinj, Virar - MPCB",19.445821,72.7988231,NH3,1,3,2
India,Odisha,Balasore,"Kalidaspur, Balasore - OSPCB",21.51161,86.89088,O3,29,179,170
India,Odisha,Barbil,"Forest Office, Barbil - OSPCB",22.1166054,85.3945546,PM10,71,364,156
India,Odisha,Bhubaneswar,"Lingraj Mandir, Bhubaneswar - OSPCB",20.24079,85.836784,PM10,83,152,115
India,Odisha,Bhubaneswar,"Patia, Bhubaneswar - OSPCB",20.34652,85.8163,NO2,9,24,17
India,Maharashtra,Solapur,"Ratandeep Housing Society, Solapur - MPCB",17.65439,75.90649,PM2.5,25,82,57
India,Maharashtra,Thane,"Kasarvadavali, Thane - MPCB",19.26777,72.97182,PM10,71,113,94
India,Punjab,Bathinda,"Hardev Nagar, Bathinda - PPCB",30.233011,74.907758,NO2,19,41,23
India,Punjab,Bathinda,"Hardev Nagar, Bathinda - PPCB",30.233011,74.907758,SO2,5,22,14
India,Punjab,Jalandhar,"Civil Line, Jalandhar - PPCB",31.321907,75.578914,NH3,1,3,3
India,Punjab,Khanna,"Kalal Majra, Khanna - PPCB",30.736056,76.209694,NH3,7,8,7
India,Punjab,Ludhiana,"Punjab Agricultural University, Ludhiana - PPCB",30.9028,75.8086,NO2,31,35,33
India,Punjab,Mandi Gobindgarh,"RIMT University, Mandi Gobindgarh - PPCB",30.649961,76.331442,NH3,6,6,6
India,Punjab,Mandi Gobindgarh,"RIMT University, Mandi Gobindgarh - PPCB",30.649961,76.331442,CO,40,123,108
India,Punjab,Mandi Gobindgarh,"RIMT University, Mandi Gobindgarh - PPCB",30.649961,76.331442,O3,37,38,37
India,Odisha,Nayagarh,"Dabuna, Nayagarh - OSPCB",21.847279,85.416905,NO2,9,10,10
India,Odisha,Nayagarh,"Dabuna, Nayagarh - OSPCB",21.847279,85.416905,O3,10,35,29
India,Odisha,Rairangpur,"Divisional Forest Office, Rairangpur - OSPCB",22.265816,86.174829,O3,6,73,42
India,Odisha,Rourkela,"Fertilizer Township, Rourkela - OSPCB",22.18972222,84.86277778,PM2.5,NA,NA,NA
India,Odisha,Rourkela,"Fertilizer Township, Rourkela - OSPCB",22.18972222,84.86277778,NO2,NA,NA,NA
India,Odisha,Rourkela,"Raghunathpali, Rourkela - OSPCB",22.220833,84.809444,NH3,1,2,2
India,Odisha,Suakati,"OMC Colony, Suakati - OSPCB",21.606865,85.510538,NO2,NA,NA,NA
India,Odisha,Suakati,"OMC Colony, Suakati - OSPCB",21.606865,85.510538,CO,22,44,31
India,Punjab,Patiala,"Model Town, Patiala - PPCB",30.349388,76.366642,NH3,6,7,6
India,Punjab,Patiala,"Model Town, Patiala - PPCB",30.349388,76.366642,O3,11,42,32
India,Punjab,Rupnagar,"Ratanpura, Rupnagar - Ambuja Cements",31.0325454,76.5623046,NO2,4,46,25
India,Rajasthan,Ajmer,"Civil Lines,  Ajmer - RSPCB",26.470859,74.646594,O3,10,165,35
India,Rajasthan,Alwar,"Moti Doongri, Alwar - RSPCB",27.554793,76.611536,NO2,56,106,79
India,Rajasthan,Alwar,"Moti Doongri, Alwar - RSPCB",27.554793,76.611536,SO2,8,33,15
India,Odisha,Tensa,"Barsua Iron Ore Mines, Tensa - OSPCB",21.869985,85.167016,O3,6,28,25
India,Puducherry,Puducherry,"Jawahar Nagar, Puducherry - PPCC",11.9309,79.8027,PM10,64,119,90
India,Puducherry,Puducherry,"Jawahar Nagar, Puducherry - PPCC",11.9309,79.8027,NO2,11,50,29
India,Puducherry,Puducherry,"Jawahar Nagar, Puducherry - PPCC",11.9309,79.8027,CO,4,44,19
India,Punjab,Amritsar,"Golden Temple, Amritsar - PPCB",31.62,74.876512,NO2,34,94,70
India,Rajasthan,Alwar,"Moti Doongri, Alwar - RSPCB",27.554793,76.611536,CO,71,110,90
India,Rajasthan,Banswara,"Rati Talai, Banswara - RSPCB",23.55519,74.44001,PM2.5,35,158,73
India,Rajasthan,Banswara,"Rati Talai, Banswara - RSPCB",23.55519,74.44001,SO2,1,17,4
India,Rajasthan,Barmer,"Railway Colony, Barmer - RSPCB",25.747299,71.393989,PM2.5,18,57,39
India,Rajasthan,Barmer,"Railway Colony, Barmer - RSPCB",25.747299,71.393989,PM10,44,144,87
India,Rajasthan,Barmer,"Railway Colony, Barmer - RSPCB",25.747299,71.393989,SO2,3,17,9
India,Rajasthan,Bharatpur,"Krishna Nagar, Bharatpur - RSPCB",27.215415,77.50873,SO2,4,12,6
India,Rajasthan,Bhilwara,"Pratap Nagar, Bhilwara - RSPCB",25.339605,74.618883,PM2.5,27,243,71
India,Rajasthan,Bhilwara,"Pratap Nagar, Bhilwara - RSPCB",25.339605,74.618883,O3,10,76,63
India,Rajasthan,Bhiwadi,"Vasundhara Nagar_UIT, Bhiwadi - RSPCB",28.207266,76.829265,PM2.5,47,414,178
India,Rajasthan,Bhiwadi,"Vasundhara Nagar_UIT, Bhiwadi - RSPCB",28.207266,76.829265,PM10,50,418,138
India,Odisha,Bhubaneswar,"Patia, Bhubaneswar - OSPCB",20.34652,85.8163,SO2,5,34,12
India,Odisha,Bileipada,"Tata Township, Bileipada - OSPCB",22.06156703,85.47409613,O3,27,33,32
India,Odisha,Brajrajnagar,"GM Office, Brajrajnagar - OSPCB",21.8004996,83.8396977,PM2.5,26,297,120
India,Rajasthan,Bundi,"New Colony, Bundi - RSPCB",25.435774,75.644272,SO2,3,38,10
India,Rajasthan,Chittorgarh,"Shastri Nagar, Chittorgarh - RSPCB",24.892047,74.623527,PM10,32,163,89
India,Rajasthan,Chittorgarh,"Shastri Nagar, Chittorgarh - RSPCB",24.892047,74.623527,NO2,9,80,38
India,Rajasthan,Chittorgarh,"Shastri Nagar, Chittorgarh - RSPCB",24.892047,74.623527,SO2,1,24,8
India,Odisha,Byasanagar,"Ferro Chrome Colony, Byasanagar - OSPCB",20.94185,86.1151,NH3,2,4,3
India,Odisha,Keonjhar,"Jagamohanpur, Keonjhar - OSPCB",21.6439,85.599355,O3,1,59,41
India,Rajasthan,Pratapgarh,"Pragati Nagar, Pratapgarh - RSPCB",24.041198,74.780702,O3,32,117,100
India,Rajasthan,Rajsamand,"Dhoinda, Rajsamand - RSPCB",25.03636,73.883502,PM10,42,187,101
India,Rajasthan,Sawai Madhopur,"Sahu Nagar, Sawai Madhopur - RSPCB",26.031443,76.359327,PM2.5,6,238,57
India,Rajasthan,Sawai Madhopur,"Sahu Nagar, Sawai Madhopur - RSPCB",26.031443,76.359327,PM10,56,404,137
India,Rajasthan,Sikar,"Radhakishan Pura, Sikar - RSPCB",27.608912,75.153302,CO,22,62,25
India,Rajasthan,Sirohi,"Vedhaynath Colony, Sirohi - RSPCB",24.885261,72.857549,CO,9,34,12
India,Rajasthan,Jodhpur,"Mandor, Jodhpur - RSPCB",26.358805,73.047444,NH3,4,8,5
India,Rajasthan,Jodhpur,"Samrat Ashok Udhyan, Jodhpur - RSPCB",26.253384,72.976571,NH3,2,10,7
India,Rajasthan,Karauli,"Satyawati Vihar, Karauli - RSPCB",26.506177,77.025989,NO2,25,88,43
India,Rajasthan,Karauli,"Satyawati Vihar, Karauli - RSPCB",26.506177,77.025989,CO,38,80,56
India,Rajasthan,Kota,"Nayapura, Kota - RSPCB",25.196024,75.855668,PM10,57,118,85
India,Rajasthan,Kota,"Nayapura, Kota - RSPCB",25.196024,75.855668,NO2,14,105,44
India,Rajasthan,Jaipur,"Sector-2 Murlipura, Jaipur - RSPCB",26.960669,75.771817,O3,9,84,77
India,Rajasthan,Jaipur,"Shastri Nagar, Jaipur - RSPCB",26.9502929,75.730943,PM2.5,50,226,87
India,Rajasthan,Jaipur,"Shastri Nagar, Jaipur - RSPCB",26.9502929,75.730943,NO2,36,128,63
India,Rajasthan,Jaipur,"Shastri Nagar, Jaipur - RSPCB",26.9502929,75.730943,CO,91,137,118
India,Rajasthan,Jaisalmer,"Sadar Bazar, Jaisalmer - RSPCB",26.912329,70.909168,PM10,25,144,78
India,Rajasthan,Churu,"Subash Chowk, Churu - RSPCB",28.296139,74.961696,PM2.5,29,213,85
India,Rajasthan,Churu,"Subash Chowk, Churu - RSPCB",28.296139,74.961696,NO2,17,40,23
India,Rajasthan,Dholpur,"Raja Ganj, Dholpur - RSPCB",26.699557,77.898881,PM2.5,20,103,50
India,Rajasthan,Dholpur,"Raja Ganj, Dholpur - RSPCB",26.699557,77.898881,NO2,17,34,23
India,Rajasthan,Hanumangarh,"Housing Board, Hanumangarh - RSPCB",29.61075,74.283608,SO2,7,11,8
India,Rajasthan,Jaipur,"Mansarovar Sector-12, Jaipur - RSPCB",26.843698,75.766894,SO2,5,14,8
India,Rajasthan,Jaipur,"Police Commissionerate, Jaipur - RSPCB",26.9164092,75.7994901,NH3,6,18,11
India,Rajasthan,Jaipur,"Police Commissionerate, Jaipur - RSPCB",26.9164092,75.7994901,CO,40,107,82
India,Rajasthan,Jaipur,"RIICO Sitapura, Jaipur - RSPCB",26.786682,75.827928,CO,16,103,22
India,Rajasthan,Jhalawar,"Rajlaxmi Nagar, Jhalawar - RSPCB",24.588397,76.172782,NH3,NA,NA,NA
India,Rajasthan,Jhalawar,"Rajlaxmi Nagar, Jhalawar - RSPCB",24.588397,76.172782,CO,20,84,24
India,Rajasthan,Jhunjhunu,"Indra Nagar, Jhunjhunu - RSPCB",28.108988,75.386577,PM2.5,30,164,67
India,Rajasthan,Jhunjhunu,"Indra Nagar, Jhunjhunu - RSPCB",28.108988,75.386577,CO,10,48,17
India,Rajasthan,Jhunjhunu,"Indra Nagar, Jhunjhunu - RSPCB",28.108988,75.386577,O3,29,112,94
India,Rajasthan,Jaisalmer,"Sadar Bazar, Jaisalmer - RSPCB",26.912329,70.909168,SO2,3,8,5
India,Rajasthan,Jaisalmer,"Sadar Bazar, Jaisalmer - RSPCB",26.912329,70.909168,CO,4,36,13
India,Rajasthan,Jalore,"Mudtra Sili, Jalore - RSPCB",25.344694,72.626208,CO,19,88,36
India,Rajasthan,Udaipur,"Ashok Nagar, Udaipur - RSPCB",24.5886166,73.6321397,PM10,105,197,144
India,Sikkim,Gangtok,"Zero Point GICI, Gangtok - SSPCB",27.33853,88.614099,PM10,39,78,57
India,Rajasthan,Kota,"Shrinath Puram, Kota - RSPCB",25.14389,75.821256,NO2,9,15,11
India,Rajasthan,Pali,"Indira Colony Vistar, Pali - RSPCB",25.771061,73.340227,PM2.5,54,300,128
India,TamilNadu,Perundurai,"SIPCOT Industrial Park, Perundurai - TNPCB",11.258242,77.552761,CO,39,48,42
India,TamilNadu,Perundurai,"SIPCOT Industrial Park, Perundurai - TNPCB",11.258242,77.552761,O3,14,30,21
India,Telangana,Hyderabad,"Bollaram Industrial Area, Hyderabad - TSPCB",17.540891,78.358528,NH3,2,33,5
India,Telangana,Hyderabad,"Central University, Hyderabad - TSPCB",17.460103,78.334361,NO2,17,34,27
India,Telangana,Hyderabad,"Central University, Hyderabad - TSPCB",17.460103,78.334361,O3,14,15,15
India,Telangana,Hyderabad,"ECIL Kapra, Hyderabad - TSPCB",17.470431,78.566959,NH3,1,5,4
India,Telangana,Hyderabad,"ECIL Kapra, Hyderabad - TSPCB",17.470431,78.566959,CO,15,29,17
India,Telangana,Hyderabad,"ICRISAT Patancheru, Hyderabad - TSPCB",17.5184,78.278777,PM2.5,66,95,82
India,Telangana,Hyderabad,"IDA Pashamylaram, Hyderabad - TSPCB",17.5316895,78.218939,PM10,62,100,80
India,Telangana,Hyderabad,"IDA Pashamylaram, Hyderabad - TSPCB",17.5316895,78.218939,SO2,3,24,10
India,Telangana,Hyderabad,"IDA Pashamylaram, Hyderabad - TSPCB",17.5316895,78.218939,CO,24,64,31
India,Telangana,Hyderabad,"IITH Kandi, Hyderabad - TSPCB",17.585705,78.126199,CO,28,44,33
India,Telangana,Hyderabad,"IITH Kandi, Hyderabad - TSPCB",17.585705,78.126199,O3,28,38,35
India,Telangana,Hyderabad,"Kokapet, Hyderabad - TSPCB",17.393559,78.339194,CO,24,42,38
India,Telangana,Hyderabad,"Kompally Municipal Office, Hyderabad - TSPCB",17.544899,78.486949,NO2,13,17,16
India,Telangana,Hyderabad,"Kompally Municipal Office, Hyderabad - TSPCB",17.544899,78.486949,SO2,2,13,7
India,TamilNadu,Chennai,"Kodungaiyur, Chennai - TNPCB",13.1278,80.2642,SO2,3,12,7
India,TamilNadu,Chennai,"Manali Village, Chennai - TNPCB",13.1662,80.2584,PM10,84,169,116
India,TamilNadu,Chennai,"Manali Village, Chennai - TNPCB",13.1662,80.2584,NH3,1,2,1
India,TamilNadu,Chennai,"Manali Village, Chennai - TNPCB",13.1662,80.2584,O3,17,37,18
India,TamilNadu,Chennai,"Manali, Chennai - CPCB",13.164544,80.26285,PM2.5,NA,NA,NA
India,TamilNadu,Chennai,"Manali, Chennai - CPCB",13.164544,80.26285,O3,10,10,10
India,Telangana,Hyderabad,"Sanathnagar, Hyderabad - TSPCB",17.4559458,78.4332152,SO2,16,28,22
India,Telangana,Hyderabad,"Somajiguda, Hyderabad - TSPCB",17.417094,78.457437,PM2.5,50,97,67
India,Telangana,Hyderabad,"Somajiguda, Hyderabad - TSPCB",17.417094,78.457437,NH3,3,5,3
India,Telangana,Hyderabad,"Somajiguda, Hyderabad - TSPCB",17.417094,78.457437,SO2,19,21,20
India,Telangana,Hyderabad,"Somajiguda, Hyderabad - TSPCB",17.417094,78.457437,O3,11,26,24
India,TamilNadu,Coimbatore,"PSG College of Arts and Science, Coimbatore - TNPCB",11.0328,77.0349,PM2.5,103,244,164
India,TamilNadu,Coimbatore,"PSG College of Arts and Science, Coimbatore - TNPCB",11.0328,77.0349,O3,4,6,5
India,TamilNadu,Coimbatore,"SIDCO Kurichi, Coimbatore - TNPCB",10.942451,76.978996,PM10,13,110,80
India,TamilNadu,Coimbatore,"SIDCO Kurichi, Coimbatore - TNPCB",10.942451,76.978996,CO,24,45,32
India,Uttar_Pradesh,Agra,"Sector-3B Avas Vikas Colony, Agra - UPPCB",27.19412,77.96237,PM2.5,42,110,64
India,Uttar_Pradesh,Agra,"Sector-3B Avas Vikas Colony, Agra - UPPCB",27.19412,77.96237,O3,4,24,7
India,Uttar_Pradesh,Agra,"Shastripuram, Agra - UPPCB",27.19862,77.92066,NH3,3,3,3
India,Uttar_Pradesh,Agra,"Shastripuram, Agra - UPPCB",27.19862,77.92066,SO2,7,7,7
India,Uttar_Pradesh,Agra,"Manoharpur, Agra - UPPCB",27.23711,78.01936,CO,19,23,22
India,Uttar_Pradesh,Agra,"Rohta, Agra - UPPCB",27.106972,78.000111,SO2,8,14,11
India,Uttar_Pradesh,Agra,"Sanjay Palace, Agra - UPPCB",27.19865833,78.00598056,PM10,21,157,80
India,Telangana,Hyderabad,"Zoo Park, Hyderabad - TSPCB",17.349694,78.451437,NH3,3,3,3
India,Tripura,Agartala,"Bardowali, Agartala - Tripura SPCB",23.8175497,91.2726974,O3,2,12,7
India,Telangana,Hyderabad,"New Malakpet, Hyderabad - TSPCB",17.37206,78.50864,CO,30,44,41
India,Telangana,Hyderabad,"Ramachandrapuram, Hyderabad - TSPCB",17.528544,78.286195,NH3,3,6,4
India,Uttar_Pradesh,Greater Noida,"Knowledge Park - V, Greater Noida - UPPCB",28.557054,77.453663,O3,2,87,74
India,Uttar_Pradesh,Hapur,"Anand Vihar, Hapur - UPPCB",28.725645,77.749675,NO2,7,27,17
India,Uttar_Pradesh,Jhansi,"Shivaji Nagar, Jhansi - UPPCB",25.4547,78.6039,PM2.5,12,55,26
India,Uttar_Pradesh,Jhansi,"Shivaji Nagar, Jhansi - UPPCB",25.4547,78.6039,PM10,29,94,56
India,Uttar_Pradesh,Jhansi,"Shivaji Nagar, Jhansi - UPPCB",25.4547,78.6039,NO2,5,6,6
India,Uttar_Pradesh,Jhansi,"Shivaji Nagar, Jhansi - UPPCB",25.4547,78.6039,NH3,4,4,4
India,Uttar_Pradesh,Kanpur,"FTI Kidwai Nagar, Kanpur - UPPCB",26.428282,80.327067,PM10,32,123,78
India,Uttar_Pradesh,Kanpur,"FTI Kidwai Nagar, Kanpur - UPPCB",26.428282,80.327067,SO2,14,21,17
India,Uttar_Pradesh,Kanpur,"NSI Kalyanpur, Kanpur - UPPCB",26.509954,80.249612,PM10,48,133,101
India,Uttar_Pradesh,Baghpat,"Sardar Patel Inter College, Baghpat - UPPCB",28.964949,77.278761,O3,14,91,75
India,Uttar_Pradesh,Bareilly,"Civil Lines, Bareilly - UPPCB",28.359581,79.414455,PM2.5,2,51,27
India,Uttar_Pradesh,Bareilly,"Civil Lines, Bareilly - UPPCB",28.359581,79.414455,NH3,1,6,2
India,Uttar_Pradesh,Bareilly,"Civil Lines, Bareilly - UPPCB",28.359581,79.414455,O3,14,65,20
India,Uttar_Pradesh,Bareilly,"Rajendra Nagar, Bareilly - UPPCB",28.38910936,79.42963708,NH3,1,1,1
India,Uttar_Pradesh,Bareilly,"Rajendra Nagar, Bareilly - UPPCB",28.38910936,79.42963708,CO,7,35,14
India,Uttar_Pradesh,Bulandshahr,"Yamunapuram, Bulandshahr - UPPCB",28.406963,77.849831,PM10,91,173,122
India,Uttar_Pradesh,Kanpur,"Nehru Nagar, Kanpur - UPPCB",26.4703136,80.3229863,NO2,47,55,51
India,Uttar_Pradesh,Lucknow,"B R Ambedkar University, Lucknow - UPPCB",26.766433,80.927299,NO2,12,12,12
India,Uttar_Pradesh,Lucknow,"B R Ambedkar University, Lucknow - UPPCB",26.766433,80.927299,SO2,20,20,20
India,Uttar_Pradesh,Lucknow,"Kendriya Vidyalaya, Lucknow - CPCB",26.906111,80.948222,PM10,121,262,166
India,Uttar_Pradesh,Lucknow,"Kendriya Vidyalaya, Lucknow - CPCB",26.906111,80.948222,NO2,25,30,28
India,Uttar_Pradesh,Ghaziabad,"Sanjay Nagar, Ghaziabad - UPPCB",28.685382,77.453839,PM10,123,299,200
India,Uttar_Pradesh,Ghaziabad,"Sanjay Nagar, Ghaziabad - UPPCB",28.685382,77.453839,NO2,28,158,94
India,Uttar_Pradesh,Ghaziabad,"Vasundhara, Ghaziabad - UPPCB",28.6603346,77.3572563,PM10,114,389,265
India,Uttar_Pradesh,Ghaziabad,"Vasundhara, Ghaziabad - UPPCB",28.6603346,77.3572563,SO2,1,47,20
India,Uttar_Pradesh,Ghaziabad,"Vasundhara, Ghaziabad - UPPCB",28.6603346,77.3572563,CO,9,138,25
India,Uttar_Pradesh,Firozabad,"Nagla Bhau, Firozabad - UPPCB",27.168897,78.37696,NO2,17,17,17
India,Uttar_Pradesh,Firozabad,"Nagla Bhau, Firozabad - UPPCB",27.168897,78.37696,CO,3,62,31
India,Uttar_Pradesh,Firozabad,"Vibhab Nagar, Firozabad - UPPCB",27.1594,78.3953,PM2.5,31,70,46
India,Uttar_Pradesh,Firozabad,"Vibhab Nagar, Firozabad - UPPCB",27.1594,78.3953,NH3,2,2,2
India,Uttar_Pradesh,Firozabad,"Vibhab Nagar, Firozabad - UPPCB",27.1594,78.3953,CO,6,16,13
India,Uttar_Pradesh,Gorakhpur,"Madan Mohan Malaviya University of Technology, Gorakhpur - UPPCB",26.730136,83.433859,NH3,1,1,1
India,Uttar_Pradesh,Greater Noida,"Knowledge Park - V, Greater Noida - UPPCB",28.557054,77.453663,PM10,102,471,288
India,Uttar_Pradesh,Greater Noida,"Knowledge Park - V, Greater Noida - UPPCB",28.557054,77.453663,NO2,34,118,75
India,Uttar_Pradesh,Meerut,"Jai Bhim Nagar, Meerut - UPPCB",28.9535882,77.7622941,PM2.5,84,339,240
India,Uttar_Pradesh,Meerut,"Jai Bhim Nagar, Meerut - UPPCB",28.9535882,77.7622941,O3,20,132,113
India,Uttar_Pradesh,Meerut,"Pallavpuram Phase 2, Meerut - UPPCB",29.06351,77.709723,NH3,4,8,5
India,Uttar_Pradesh,Lucknow,"Kendriya Vidyalaya, Lucknow - CPCB",26.906111,80.948222,O3,10,41,37
India,Uttar_Pradesh,Lucknow,"Lalbagh, Lucknow - CPCB",26.8458805,80.9365541,NH3,14,21,17
India,Uttar_Pradesh,Lucknow,"Lalbagh, Lucknow - CPCB",26.8458805,80.9365541,SO2,1,19,8
India,Uttar_Pradesh,Baghpat,"Sardar Patel Inter College, Baghpat - UPPCB",28.964949,77.278761,PM2.5,98,376,264
India,Uttar_Pradesh,Noida,"Sector-1, Noida - UPPCB",28.5898,77.3101,PM10,74,280,170
India,Uttar_Pradesh,Noida,"Sector-1, Noida - UPPCB",28.5898,77.3101,NO2,NA,NA,NA
India,Uttar_Pradesh,Noida,"Sector-116, Noida - UPPCB",28.56923,77.393848,PM10,95,349,212
India,Uttar_Pradesh,Noida,"Sector-116, Noida - UPPCB",28.56923,77.393848,NH3,2,3,3
India,Uttar_Pradesh,Noida,"Sector-116, Noida - UPPCB",28.56923,77.393848,SO2,5,14,9
India,Uttar_Pradesh,Prayagraj,"Jhunsi, Prayagraj - UPPCB",25.425602,81.917152,NH3,5,5,5
India,Uttar_Pradesh,Prayagraj,"Jhunsi, Prayagraj - UPPCB",25.425602,81.917152,O3,16,62,36
India,Uttar_Pradesh,Prayagraj,"Motilal Nehru NIT, Prayagraj - UPPCB",25.494,81.863,PM2.5,18,100,53
India,Uttar_Pradesh,Prayagraj,"Motilal Nehru NIT, Prayagraj - UPPCB",25.494,81.863,CO,12,64,19
India,Uttar_Pradesh,Prayagraj,"Nagar Nigam, Prayagraj - UPPCB",25.44919916,81.82735986,PM10,28,132,80
India,Uttarakhand,Rishikesh,"Shivaji Nagar, Rishikesh - UKPCB",30.075911,78.2859547,SO2,1,1,1
India,West_Bengal,Asansol,"Asansol Court Area, Asansol - WBPCB",23.685297,86.945968,CO,24,101,33
India,West_Bengal,Asansol,"Mahabir Colliery, Asansol - WBPCB",23.618183,87.105718,NO2,8,29,17
India,West_Bengal,Asansol,"Trivenidevi Bhalotia College, Asansol - WBPCB",23.616515,87.119133,PM2.5,38,187,105
India,West_Bengal,Asansol,"Trivenidevi Bhalotia College, Asansol - WBPCB",23.616515,87.119133,SO2,7,12,9
India,West_Bengal,Asansol,"Trivenidevi Bhalotia College, Asansol - WBPCB",23.616515,87.119133,CO,36,94,48
India,West_Bengal,Barrackpore,"SVSPA Campus, Barrackpore - WBPCB",22.7605581,88.3617589,O3,2,57,46
India,West_Bengal,Durgapur,"Mahishkapur Road_B-Zone, Durgapur - WBPCB",23.567923,87.306843,SO2,5,30,10
India,West_Bengal,Durgapur,"PCBL Residential Complex, Durgapur - WBPCB",23.508764,87.35444,NO2,35,61,49
India,West_Bengal,Durgapur,"PCBL Residential Complex, Durgapur - WBPCB",23.508764,87.35444,CO,28,79,36
India,West_Bengal,Durgapur,"Womens College_City Center, Durgapur - WBPCB",23.549395,87.300496,O3,2,89,60
India,West_Bengal,Haldia,"Priyambada Housing Estate, Haldia - WBPCB",22.06047,88.109737,SO2,10,19,13
India,West_Bengal,Howrah,"Botanical Garden, Howrah - WBPCB",22.554954,88.292568,PM2.5,31,180,108
India,West_Bengal,Howrah,"Botanical Garden, Howrah - WBPCB",22.554954,88.292568,PM10,43,151,105
India,West_Bengal,Howrah,"Botanical Garden, Howrah - WBPCB",22.554954,88.292568,SO2,7,29,12
India,West_Bengal,Howrah,"Dasnagar, Howrah - WBPCB",22.6025571,88.3105664,PM10,68,111,69
India,Uttar_Pradesh,Moradabad,"Eco Herbal Park, Moradabad - UPPCB",28.840739,78.697531,NO2,22,118,56
India,Uttar_Pradesh,Moradabad,"Eco Herbal Park, Moradabad - UPPCB",28.840739,78.697531,SO2,11,29,14
India,Uttar_Pradesh,Moradabad,"Employment Office, Moradabad - UPPCB",28.88528,78.7388,CO,10,77,41
India,Uttar_Pradesh,Moradabad,"Jigar Colony, Moradabad - UPPCB",28.856664,78.772638,PM10,60,130,95
India,Uttar_Pradesh,Moradabad,"Jigar Colony, Moradabad - UPPCB",28.856664,78.772638,SO2,24,41,34
India,Uttarakhand,Kashipur,"Govt. Girls Inter College, Kashipur - UKPCB",29.2124114,78.9611753,PM2.5,70,252,114
India,Uttarakhand,Kashipur,"Govt. Girls Inter College, Kashipur - UKPCB",29.2124114,78.9611753,PM10,64,140,89
India,Uttarakhand,Rishikesh,"Shivaji Nagar, Rishikesh - UKPCB",30.075911,78.2859547,NO2,21,21,21
India,Uttarakhand,Rishikesh,"Shivaji Nagar, Rishikesh - UKPCB",30.075911,78.2859547,NH3,22,22,22
India,Uttar_Pradesh,Moradabad,"Transport Nagar, Moradabad - UPPCB",28.802625,78.753728,NH3,5,6,5
India,Uttar_Pradesh,Muzaffarnagar,"New Mandi, Muzaffarnagar - UPPCB",29.4723508,77.7194031,PM2.5,65,351,245
India,Uttar_Pradesh,Muzaffarnagar,"New Mandi, Muzaffarnagar - UPPCB",29.4723508,77.7194031,NO2,15,140,61
India,Uttar_Pradesh,Varanasi,"Ardhali Bazar, Varanasi - UPPCB",25.3505986,82.9083074,PM10,10,127,78
India,Uttar_Pradesh,Varanasi,"Ardhali Bazar, Varanasi - UPPCB",25.3505986,82.9083074,SO2,9,12,10
India,Uttar_Pradesh,Varanasi,"Ardhali Bazar, Varanasi - UPPCB",25.3505986,82.9083074,CO,8,25,15
India,Uttar_Pradesh,Varanasi,"Ardhali Bazar, Varanasi - UPPCB",25.3505986,82.9083074,O3,19,37,30
India,Uttar_Pradesh,Noida,"Sector - 125, Noida - UPPCB",28.5447608,77.3231257,NH3,2,3,3
India,Uttar_Pradesh,Noida,"Sector - 62, Noida - IMD",28.6245479,77.3577104,NO2,3,17,8
India,Uttar_Pradesh,Noida,"Sector - 62, Noida - IMD",28.6245479,77.3577104,CO,18,86,24
India,West_Bengal,Kolkata,"Ballygunge, Kolkata - WBPCB",22.5367507,88.3638022,NH3,8,9,8
India,West_Bengal,Kolkata,"Bidhannagar, Kolkata - WBPCB",22.58157048,88.41002457,PM2.5,52,134,95
India,West_Bengal,Kolkata,"Bidhannagar, Kolkata - WBPCB",22.58157048,88.41002457,PM10,60,128,98
India,West_Bengal,Kolkata,"Bidhannagar, Kolkata - WBPCB",22.58157048,88.41002457,SO2,7,14,10
India,West_Bengal,Kolkata,"Bidhannagar, Kolkata - WBPCB",22.58157048,88.41002457,O3,16,60,51
India,West_Bengal,Kolkata,"Fort William, Kolkata - WBPCB",22.55664,88.342674,SO2,5,16,10
India,West_Bengal,Kolkata,"Rabindra Bharati University, Kolkata - WBPCB",22.627847,88.380669,NH3,12,13,12
India,West_Bengal,Kolkata,"Rabindra Bharati University, Kolkata - WBPCB",22.627847,88.380669,O3,11,44,40
India,West_Bengal,Kolkata,"Rabindra Sarobar, Kolkata - WBPCB",22.51106,88.35142,SO2,7,24,14
India,West_Bengal,Kolkata,"Rabindra Sarobar, Kolkata - WBPCB",22.51106,88.35142,CO,26,101,33
India,West_Bengal,Kolkata,"Victoria, Kolkata - WBPCB",22.5448082,88.3403691,SO2,NA,NA,NA
India,West_Bengal,Siliguri,"Ward-32 Bapupara, Siliguri - WBPCB",26.6879226,88.4152495,PM2.5,65,174,110
India,West_Bengal,Siliguri,"Ward-32 Bapupara, Siliguri - WBPCB",26.6879226,88.4152495,PM10,86,386,143
India,Assam,Silchar,"Tarapur, Silchar - PCBA",24.82827,92.79525,SO2,5,8,6
India,Assam,Sivasagar,"Girls College, Sivasagar - PCBA",26.987634,94.636574,PM10,37,97,67
India,Assam,Sivasagar,"Girls College, Sivasagar - PCBA",26.987634,94.636574,NO2,35,62,48
India,Assam,Sivasagar,"Girls College, Sivasagar - PCBA",26.987634,94.636574,SO2,11,14,13
India,Assam,Sivasagar,"Girls College, Sivasagar - PCBA",26.987634,94.636574,CO,18,101,26
India,Assam,Sivasagar,"Girls College, Sivasagar - PCBA",26.987634,94.636574,O3,3,90,68
India,Bihar,Araria,"Kharahiya Basti, Araria - BSPCB",26.146529,87.454184,SO2,17,64,38
India,Bihar,Arrah,"New DM Office, Arrah - BSPCB",25.5626095,84.663264,NO2,5,9,7
India,Bihar,Arrah,"New DM Office, Arrah - BSPCB",25.5626095,84.663264,SO2,8,11,9
India,Bihar,Arrah,"New DM Office, Arrah - BSPCB",25.5626095,84.663264,O3,7,9,8
India,Bihar,Aurangabad,"Gurdeo Nagar, Aurangabad - BSPCB",24.75746,84.366208,NH3,1,2,2
India,Bihar,Aurangabad,"Gurdeo Nagar, Aurangabad - BSPCB",24.75746,84.366208,O3,15,77,66
India,Bihar,Begusarai,"Lohiyanagar, Begusarai - BSPCB",25.42742023,86.13886079,CO,31,66,53
India,Bihar,Bettiah,"Kamalnath Nagar, Bettiah - BSPCB",26.80365,84.51954,PM2.5,53,187,111
India,Bihar,Bettiah,"Kamalnath Nagar, Bettiah - BSPCB",26.80365,84.51954,O3,20,23,21
India,Bihar,Bhagalpur,"DM Office_Kachari Chowk, Bhagalpur - BSPCB",25.251013,86.989001,PM10,68,146,101
India,Bihar,Bhagalpur,"DM Office_Kachari Chowk, Bhagalpur - BSPCB",25.251013,86.989001,NO2,5,14,9
India,Bihar,Bhagalpur,"DM Office_Kachari Chowk, Bhagalpur - BSPCB",25.251013,86.989001,SO2,32,74,51
India,Bihar,Bhagalpur,"DM Office_Kachari Chowk, Bhagalpur - BSPCB",25.251013,86.989001,O3,11,25,16
India,Bihar,Bhagalpur,"Mayaganj, Bhagalpur - BSPCB",25.265194,87.012947,SO2,53,63,58
India,Bihar,Bhagalpur,"Mayaganj, Bhagalpur - BSPCB",25.265194,87.012947,O3,13,23,19
India,Bihar,Buxar,"Charitra Van, Buxar - BSPCB",25.56752,83.966379,CO,22,28,25
India,Bihar,Buxar,"Charitra Van, Buxar - BSPCB",25.56752,83.966379,O3,1,31,21
India,Bihar,Chhapra,"Darshan Nagar, Chhapra - BSPCB",25.7808257,84.7446768,PM10,12,264,107
India,Bihar,Chhapra,"Darshan Nagar, Chhapra - BSPCB",25.7808257,84.7446768,NO2,1,1,1
India,Bihar,Chhapra,"Darshan Nagar, Chhapra - BSPCB",25.7808257,84.7446768,O3,2,6,3
India,Bihar,Gaya,"Collectorate, Gaya - BSPCB",24.7955,84.9994,CO,41,90,53
India,Bihar,Gaya,"Kareemganj, Gaya - BSPCB",24.792403,84.992416,PM2.5,27,283,136
India,Bihar,Gaya,"Kareemganj, Gaya - BSPCB",24.792403,84.992416,NH3,1,2,1
India,Bihar,Gaya,"Kareemganj, Gaya - BSPCB",24.792403,84.992416,SO2,31,46,41
India,Bihar,Gaya,"SFTI Kusdihra, Gaya - BSPCB",24.762518,84.982348,NO2,17,32,23
India,Andhra_Pradesh,Vijayawada,"Rajiv Gandhi Park, Vijayawada - APPCB",16.509717,80.612222,SO2,12,19,15
India,Andhra_Pradesh,Vijayawada,"Rajiv Nagar, Vijayawada - APPCB",16.554731,80.64911,NO2,NA,NA,NA
India,Andhra_Pradesh,Visakhapatnam,"GVM Corporation, Visakhapatnam - APPCB",17.72,83.3,PM2.5,92,253,151
India,Arunachal_Pradesh,Naharlagun,"Naharlagun, Naharlagun - APSPCB",27.103358,93.679645,NH3,1,1,1
India,Arunachal_Pradesh,Naharlagun,"Naharlagun, Naharlagun - APSPCB",27.103358,93.679645,SO2,9,10,10
India,Arunachal_Pradesh,Naharlagun,"Naharlagun, Naharlagun - APSPCB",27.103358,93.679645,O3,6,6,6
India,Assam,Byrnihat,"Central Academy for SFS, Byrnihat - PCBA",26.071318,91.87488,PM2.5,88,309,158
India,Andhra_Pradesh,Tirumala,"Toll Gate, Tirumala - APPCB",13.67,79.35,NH3,2,3,2
India,Andhra_Pradesh,Tirumala,"Toll Gate, Tirumala - APPCB",13.67,79.35,SO2,11,23,16
India,Andhra_Pradesh,Tirupati,"Vaikuntapuram, Tirupati - APPCB",13.615387,79.40923,NH3,4,5,5
India,Andhra_Pradesh,Tirupati,"Vaikuntapuram, Tirupati - APPCB",13.615387,79.40923,SO2,13,17,16
India,Andhra_Pradesh,Vijayawada,"HB Colony, Vijayawada - APPCB",16.536107,80.594233,PM10,46,111,81
India,Andhra_Pradesh,Vijayawada,"Kanuru, Vijayawada - APPCB",16.486692,80.699436,SO2,9,14,12
India,Andhra_Pradesh,Vijayawada,"Kanuru, Vijayawada - APPCB",16.486692,80.699436,CO,32,52,37
India,Bihar,Hajipur,"Industrial Area, Hajipur - BSPCB",25.697189,85.2459,PM2.5,57,337,227
India,Bihar,Hajipur,"Industrial Area, Hajipur - BSPCB",25.697189,85.2459,O3,19,164,125
India,Bihar,Katihar,"Mirchaibari, Katihar - BSPCB",25.560083,87.553265,CO,60,84,70
India,Bihar,Kishanganj,"SDM Office_Khagra, Kishanganj - BSPCB",26.0881305,87.93840336,NH3,3,3,3
India,Bihar,Kishanganj,"SDM Office_Khagra, Kishanganj - BSPCB",26.0881305,87.93840336,SO2,4,11,6
India,Bihar,Motihari,"Gandak Colony, Motihari - BSPCB",26.63086,84.90051,NO2,7,12,9
India,Andhra_Pradesh,Anantapur,"Gulzarpet, Anantapur - APPCB",14.675886,77.593027,NH3,NA,NA,NA
India,Andhra_Pradesh,Anantapur,"Gulzarpet, Anantapur - APPCB",14.675886,77.593027,SO2,NA,NA,NA
India,Andhra_Pradesh,Kadapa,"Yerramukkapalli, Kadapa - APPCB",14.465052,78.824187,PM2.5,49,99,73
India,Andhra_Pradesh,Kadapa,"Yerramukkapalli, Kadapa - APPCB",14.465052,78.824187,NH3,3,5,3
India,Andhra_Pradesh,Rajamahendravaram,"Anand Kala Kshetram, Rajamahendravaram - APPCB",16.9872867,81.7363176,PM2.5,103,207,148
India,Assam,Guwahati,"LGBI Airport, Guwahati - PCBA",26.10887,91.589544,NH3,4,6,5
India,Assam,Guwahati,"Railway Colony, Guwahati - PCBA",26.181742,91.78063,PM2.5,56,359,255
India,Assam,Nagaon,"Christianpatty, Nagaon - PCBA",26.349082,92.68449,CO,16,24,16
India,Assam,Nalbari,"Bata Chowk, Nalbari - PCBA",26.446912,91.439057,SO2,NA,NA,NA
India,Assam,Byrnihat,"Central Academy for SFS, Byrnihat - PCBA",26.071318,91.87488,NH3,4,4,4
India,Assam,Guwahati,"LGBI Airport, Guwahati - PCBA",26.10887,91.589544,PM2.5,64,129,100
India,Bihar,Muzaffarpur,"MIT-Daudpur Kothi, Muzaffarpur - BSPCB",26.1403345,85.3650192,PM2.5,90,107,93
India,Bihar,Muzaffarpur,"MIT-Daudpur Kothi, Muzaffarpur - BSPCB",26.1403345,85.3650192,PM10,65,74,67
India,Bihar,Muzaffarpur,"Muzaffarpur Collectorate, Muzaffarpur - BSPCB",26.1209,85.3647,CO,21,56,42
India,Bihar,Patna,"DRM Office Danapur, Patna - BSPCB",25.586562,85.043586,O3,8,37,27
India,Bihar,Patna,"Govt. High School Shikarpur, Patna - BSPCB",25.592539,85.227158,NH3,4,5,5
India,Bihar,Patna,"Govt. High School Shikarpur, Patna - BSPCB",25.592539,85.227158,SO2,3,7,5
India,Bihar,Patna,"IGSC Planetarium Complex, Patna - BSPCB",25.610369,85.132568,PM2.5,120,327,248
India,Bihar,Patna,"IGSC Planetarium Complex, Patna - BSPCB",25.610369,85.132568,CO,6,34,19
India,Bihar,Patna,"Muradpur, Patna - BSPCB",25.619651,85.147382,PM2.5,77,230,133
India,Bihar,Patna,"Muradpur, Patna - BSPCB",25.619651,85.147382,PM10,96,264,161
India,Bihar,Patna,"Muradpur, Patna - BSPCB",25.619651,85.147382,NO2,10,12,11
India,Bihar,Patna,"Muradpur, Patna - BSPCB",25.619651,85.147382,CO,NA,NA,NA
India,Bihar,Patna,"Rajbansi Nagar, Patna - BSPCB",25.599486,85.113666,PM2.5,69,200,120
India,Bihar,Samastipur,"DM Office_Kasipur, Samastipur - BSPCB",25.859655,85.77944,O3,7,9,8
India,Bihar,Sasaram,"Dada Peer, Sasaram - BSPCB",24.952822,84.002396,NH3,NA,NA,NA
India,Bihar,Sasaram,"Dada Peer, Sasaram - BSPCB",24.952822,84.002396,CO,48,56,50
India,Bihar,Sasaram,"Dada Peer, Sasaram - BSPCB",24.952822,84.002396,O3,16,17,16
India,Bihar,Siwan,"Chitragupta Nagar, Siwan - BSPCB",26.2271665,84.3570427,NH3,1,1,1
India,Chandigarh,Chandigarh,"Sector 22, Chandigarh - CPCC",30.735567,76.775714,PM2.5,35,197,68
India,Chandigarh,Chandigarh,"Sector 22, Chandigarh - CPCC",30.735567,76.775714,PM10,37,184,70
India,Chandigarh,Chandigarh,"Sector 22, Chandigarh - CPCC",30.735567,76.775714,SO2,7,32,11
India,Chandigarh,Chandigarh,"Sector-25, Chandigarh - CPCC",30.751462,76.762879,PM10,68,180,112
India,Chandigarh,Chandigarh,"Sector-25, Chandigarh - CPCC",30.751462,76.762879,SO2,2,11,6
India,Chhattisgarh,Raipur,"Krishak Nagar, Raipur - CECB",21.237755,81.705301,NH3,2,2,2
India,Chhattisgarh,Raipur,"Krishak Nagar, Raipur - CECB",21.237755,81.705301,SO2,3,15,6
India,Chhattisgarh,Raipur,"Krishak Nagar, Raipur - CECB",21.237755,81.705301,O3,6,22,16
India,Chhattisgarh,Raipur,"Siltara Phase-II, Raipur - CECB",21.371751,81.664929,PM2.5,35,320,164
India,Chhattisgarh,Raipur,"Siltara Phase-II, Raipur - CECB",21.371751,81.664929,CO,12,24,16
India,Chhattisgarh,Tumidih,"OP Jindal Industrial Park, Tumidih - CECB",22.06631475,83.33820077,PM10,NA,NA,NA
India,Chhattisgarh,Tumidih,"OP Jindal Industrial Park, Tumidih - CECB",22.06631475,83.33820077,CO,NA,NA,NA
India,Chhattisgarh,Tumidih,"OP Jindal Industrial Park, Tumidih - CECB",22.06631475,83.33820077,O3,NA,NA,NA
India,Delhi,Delhi,"Anand Vihar, Delhi - DPCC",28.647622,77.315809,NO2,13,123,64
India,Delhi,Delhi,"Anand Vihar, Delhi - DPCC",28.647622,77.315809,NH3,7,12,10
India,Delhi,Delhi,"Anand Vihar, Delhi - DPCC",28.647622,77.315809,O3,15,18,17
India,Chhattisgarh,Korba,"Urja Nagar, Korba - CECB",22.348441,82.549611,SO2,6,17,11
India,Chhattisgarh,Kunjemura,"OP Jindal School, Kunjemura - CECB",22.12665,83.483212,CO,20,66,26
India,Chhattisgarh,Milupara,"Govt. Higher Secondary School, Milupara - CECB",22.1910172,83.5197009,SO2,13,16,14
India,Chhattisgarh,Raipur,"AIIMS, Raipur - CECB",21.258815,81.578979,PM2.5,26,73,48
India,Chhattisgarh,Raipur,"AIIMS, Raipur - CECB",21.258815,81.578979,NO2,24,47,42
India,Chhattisgarh,Raipur,"Bhatagaon New ISBT, Raipur - CECB",21.219665,81.630094,PM2.5,22,104,57
India,Chhattisgarh,Bhilai,"32Bungalows, Bhilai - CECB",21.194815,81.31477,O3,2,28,22
India,Chhattisgarh,Bhilai,"Civic Center, Bhilai - Bhilai Steel Plant",21.185571,81.343175,PM2.5,15,77,40
India,Chhattisgarh,Bhilai,"Civic Center, Bhilai - Bhilai Steel Plant",21.185571,81.343175,SO2,7,11,8
India,Chhattisgarh,Bhilai,"Hathkhoj, Bhilai - CECB",21.224231,81.40835,NH3,3,7,5
India,Chhattisgarh,Bilaspur,"Mangala, Bilaspur - NTPC",22.08815,82.13737,PM2.5,38,82,61
India,Chhattisgarh,Bilaspur,"Mangala, Bilaspur - NTPC",22.08815,82.13737,PM10,52,107,81
India,Delhi,Delhi,"Bawana, Delhi - DPCC",28.7762,77.051074,SO2,14,28,18
India,Delhi,Delhi,"Burari Crossing, Delhi - IMD",28.7256504,77.2011573,PM2.5,56,500,310
India,Delhi,Delhi,"Chandni Chowk, Delhi - IITM",28.656756,77.227234,SO2,11,38,27
India,Delhi,Delhi,"Chandni Chowk, Delhi - IITM",28.656756,77.227234,O3,1,112,76
India,Delhi,Delhi,"Dr. Karni Singh Shooting Range, Delhi - DPCC",28.498571,77.26484,SO2,NA,NA,NA
India,Bihar,Purnia,"Mariam Nagar, Purnia - BSPCB",25.366336,87.117468,PM2.5,75,140,96
India,Bihar,Purnia,"Mariam Nagar, Purnia - BSPCB",25.366336,87.117468,NO2,5,7,6
India,Bihar,Purnia,"Mariam Nagar, Purnia - BSPCB",25.366336,87.117468,O3,2,49,8
India,Bihar,Samastipur,"DM Office_Kasipur, Samastipur - BSPCB",25.859655,85.77944,NO2,8,9,8
India,Bihar,Samastipur,"DM Office_Kasipur, Samastipur - BSPCB",25.859655,85.77944,SO2,18,33,26
India,Chhattisgarh,Chhal,"Nawapara SECL Colony, Chhal - CECB",22.118125,83.140608,NH3,5,5,5
India,Chhattisgarh,Chhal,"Nawapara SECL Colony, Chhal - CECB",22.118125,83.140608,CO,19,43,25
India,Chhattisgarh,Korba,"Rampur, Korba - CECB",22.368195,82.746431,PM10,45,94,64
India,Chhattisgarh,Korba,"Rampur, Korba - CECB",22.368195,82.746431,SO2,4,57,16
India,Chhattisgarh,Korba,"Rampur, Korba - CECB",22.368195,82.746431,CO,9,30,12
India,Delhi,Delhi,"Ashok Vihar, Delhi - DPCC",28.695381,77.181665,PM2.5,63,463,283
India,Delhi,Delhi,"Ashok Vihar, Delhi - DPCC",28.695381,77.181665,NO2,28,158,97
India,Delhi,Delhi,"R K Puram, Delhi - DPCC",28.563262,77.186937,CO,28,148,36
India,Delhi,Delhi,"Shadipur, Delhi - CPCB",28.6514781,77.1473105,PM10,112,422,214
India,Delhi,Delhi,"Shadipur, Delhi - CPCB",28.6514781,77.1473105,SO2,6,20,13
India,Delhi,Delhi,"Shadipur, Delhi - CPCB",28.6514781,77.1473105,CO,16,117,29
India,Delhi,Delhi,"Shadipur, Delhi - CPCB",28.6514781,77.1473105,O3,8,58,48
India,Delhi,Delhi,"Sirifort, Delhi - CPCB",28.5504249,77.2159377,NO2,30,35,33
India,Delhi,Delhi,"Sonia Vihar, Delhi - DPCC",28.710508,77.249485,PM2.5,57,489,302
India,Delhi,Delhi,"Sonia Vihar, Delhi - DPCC",28.710508,77.249485,NO2,24,94,62
India,Delhi,Delhi,"Sonia Vihar, Delhi - DPCC",28.710508,77.249485,SO2,42,87,60
India,Delhi,Delhi,"Sonia Vihar, Delhi - DPCC",28.710508,77.249485,CO,62,167,78
India,Delhi,Delhi,"Sri Aurobindo Marg, Delhi - DPCC",28.531346,77.190156,NO2,23,74,42
India,Delhi,Delhi,"Vivek Vihar, Delhi - DPCC",28.672342,77.31526,NO2,20,131,76
India,Delhi,Delhi,"Vivek Vihar, Delhi - DPCC",28.672342,77.31526,NH3,5,8,7
India,Delhi,Delhi,"Vivek Vihar, Delhi - DPCC",28.672342,77.31526,SO2,9,55,23
India,Delhi,Delhi,"Vivek Vihar, Delhi - DPCC",28.672342,77.31526,O3,3,65,44
India,Delhi,Delhi,"Wazirpur, Delhi - DPCC",28.699793,77.165453,NO2,87,159,113
India,Gujarat,Ahmedabad,"Chandkheda, Ahmedabad - IITM",23.107969,72.574648,SO2,3,21,12
India,Gujarat,Ahmedabad,"Chandkheda, Ahmedabad - IITM",23.107969,72.574648,CO,4,46,23
India,Gujarat,Ahmedabad,"Gyaspur, Ahmedabad - IITM",22.977134,72.553024,PM10,115,189,142
India,Gujarat,Ahmedabad,"Gyaspur, Ahmedabad - IITM",22.977134,72.553024,CO,2,71,22
India,Delhi,Delhi,"NSIT Dwarka, Delhi - CPCB",28.60909,77.0325413,CO,36,70,53
India,Delhi,Delhi,"Najafgarh, Delhi - DPCC",28.570173,76.933762,PM2.5,33,311,147
India,Delhi,Delhi,"Najafgarh, Delhi - DPCC",28.570173,76.933762,NO2,102,158,123
India,Delhi,Delhi,"Najafgarh, Delhi - DPCC",28.570173,76.933762,NH3,11,14,12
India,Delhi,Delhi,"Najafgarh, Delhi - DPCC",28.570173,76.933762,CO,13,110,16
India,Delhi,Delhi,"North Campus, DU, Delhi - IMD",28.6573814,77.1585447,PM2.5,68,490,253
India,Delhi,Delhi,"Pusa, Delhi - DPCC",28.639652,77.146275,PM2.5,60,316,196
India,Delhi,Delhi,"Pusa, Delhi - DPCC",28.639652,77.146275,PM10,107,228,162
India,Delhi,Delhi,"Pusa, Delhi - IMD",28.63611,77.173332,PM10,98,275,188
India,Delhi,Delhi,"Pusa, Delhi - IMD",28.63611,77.173332,CO,78,132,85
India,Delhi,Delhi,"R K Puram, Delhi - DPCC",28.563262,77.186937,PM10,97,366,193
India,Delhi,Delhi,"R K Puram, Delhi - DPCC",28.563262,77.186937,SO2,11,42,23
India,Delhi,Delhi,"Dwarka-Sector 8, Delhi - DPCC ",28.5710274,77.0719006,NH3,13,23,20
India,Delhi,Delhi,"Dwarka-Sector 8, Delhi - DPCC ",28.5710274,77.0719006,SO2,18,29,25
India,Delhi,Delhi,"Dwarka-Sector 8, Delhi - DPCC ",28.5710274,77.0719006,CO,26,118,30
India,Delhi,Delhi,"IGI Airport (T3), Delhi - IMD",28.5627763,77.1180053,NO2,38,130,84
India,Delhi,Delhi,"IHBAS, Dilshad Garden, Delhi - CPCB",28.6811736,77.3025234,SO2,6,27,14
India,Delhi,Delhi,"ITO, Delhi - CPCB",28.628624,77.24106,O3,20,23,21
India,Delhi,Delhi,"Jahangirpuri, Delhi - DPCC",28.73282,77.170633,SO2,52,81,62
India,Delhi,Delhi,"Jawaharlal Nehru Stadium, Delhi - DPCC",28.58028,77.233829,PM10,123,332,222
India,Gujarat,Ahmedabad,"Rakhial, Ahmedabad - IITM",23.016834,72.625775,PM2.5,86,321,148
India,Gujarat,Ahmedabad,"Rakhial, Ahmedabad - IITM",23.016834,72.625775,NO2,8,108,54
India,Gujarat,Ahmedabad,"Rakhial, Ahmedabad - IITM",23.016834,72.625775,SO2,38,110,63
India,Gujarat,Ahmedabad,"Rakhial, Ahmedabad - IITM",23.016834,72.625775,CO,18,71,19
India,Delhi,Delhi,"Lodhi Road, Delhi - IMD",28.5918245,77.2273074,PM10,125,271,190
India,Delhi,Delhi,"Major Dhyan Chand National Stadium, Delhi - DPCC",28.611281,77.237738,CO,20,124,42
India,Delhi,Delhi,"Okhla Phase-2, Delhi - DPCC",28.530785,77.271255,PM10,119,403,221
India,Delhi,Delhi,"Punjabi Bagh, Delhi - DPCC",28.674045,77.131023,SO2,2,79,24
India,Haryana,Jind,"Police Lines, Jind - HSPCB",29.307814,76.337619,NO2,37,51,44
India,Haryana,Jind,"Police Lines, Jind - HSPCB",29.307814,76.337619,SO2,2,6,4
India,Haryana,Karnal,"Sector-12, Karnal - HSPCB",29.6953,77.0027,NO2,6,7,6
India,Haryana,Karnal,"Sector-12, Karnal - HSPCB",29.6953,77.0027,SO2,3,8,6
India,Haryana,Kurukshetra,"Sector-7, Kurukshetra - HSPCB",29.966942,76.875879,PM2.5,93,283,183
India,Haryana,Mandikhera,"General Hospital, Mandikhera(Nuh) - HSPCB",27.9002,76.9938,NH3,13,15,14
India,Haryana,Mandikhera,"General Hospital, Mandikhera(Nuh) - HSPCB",27.9002,76.9938,SO2,30,37,34
India,Haryana,Mandikhera,"General Hospital, Mandikhera(Nuh) - HSPCB",27.9002,76.9938,CO,56,90,71
India,Haryana,Manesar,"Sector-2 IMT, Manesar - HSPCB",28.360699,76.93609,PM10,73,130,110
India,Haryana,Manesar,"Sector-2 IMT, Manesar - HSPCB",28.360699,76.93609,O3,4,24,16
India,Haryana,Faridabad,"New Industrial Town, Faridabad - HSPCB",28.39072,77.30059,CO,10,12,12
India,Haryana,Faridabad,"New Industrial Town, Faridabad - HSPCB",28.39072,77.30059,O3,27,33,30
India,Haryana,Faridabad,"Sector 11, Faridabad - HSPCB",28.376058,77.315741,CO,10,46,23
India,Haryana,Faridabad,"Sector 30, Faridabad - HSPCB",28.4417,77.3217,SO2,6,6,6
India,Haryana,Faridabad,"Sector 30, Faridabad - HSPCB",28.4417,77.3217,CO,47,64,61
India,Haryana,Fatehabad,"Huda Sector, Fatehabad - HSPCB",29.503664,75.467934,PM10,13,41,27
India,Haryana,Fatehabad,"Huda Sector, Fatehabad - HSPCB",29.503664,75.467934,SO2,10,11,11
India,Haryana,Gurugram,"NISE Gwal Pahari, Gurugram - IMD",28.422681,77.148944,NO2,14,77,34
India,Gujarat,Surat,"Science Center, Surat - SMC",21.170046,72.795405,CO,68,80,68
India,Gujarat,Vadodara,"Bapunagar, Vadodara - Nexteng Enviro",22.320153,73.216285,O3,1,57,24
India,Gujarat,Vapi,"Phase-1 GIDC, Vapi - GPCB",20.362421,72.918013,O3,5,27,20
India,Gujarat,Vatva,"Phase-4 GIDC, Vatva - GPCB",22.969611,72.6435,PM2.5,59,392,177
India,Haryana,Ambala,"Patti Mehar, Ambala - HSPCB",30.379589,76.778328,NH3,9,11,10
India,Haryana,Ambala,"Patti Mehar, Ambala - HSPCB",30.379589,76.778328,SO2,15,31,21
India,Haryana,Ambala,"Patti Mehar, Ambala - HSPCB",30.379589,76.778328,O3,14,16,14
India,Haryana,Bahadurgarh,"Arya Nagar, Bahadurgarh - HSPCB",28.6701,76.9254,CO,43,50,47
India,Haryana,Bahadurgarh,"Arya Nagar, Bahadurgarh - HSPCB",28.6701,76.9254,O3,15,19,17
India,Haryana,Ballabgarh,"Nathu Colony, Ballabgarh - HSPCB",28.3419248,77.319699,PM2.5,48,167,98
India,Haryana,Ballabgarh,"Nathu Colony, Ballabgarh - HSPCB",28.3419248,77.319699,CO,17,94,25
India,Haryana,Bhiwani,"H.B. Colony, Bhiwani - HSPCB",28.806223,76.141105,PM10,53,438,93
India,Haryana,Bhiwani,"H.B. Colony, Bhiwani - HSPCB",28.806223,76.141105,SO2,1,7,4
India,Haryana,Dharuhera,"Municipal Corporation Office, Dharuhera -  HSPCB",28.2068,76.7997,O3,4,33,23
India,Haryana,Gurugram,"Sector-51, Gurugram - HSPCB",28.4227,77.0667,CO,7,54,21
India,Haryana,Gurugram,"Teri Gram, Gurugram - HSPCB",28.4275,77.1465,PM2.5,NA,NA,NA
India,Haryana,Gurugram,"Vikas Sadan, Gurugram - HSPCB",28.4501238,77.0263051,NO2,9,45,26
India,Haryana,Hisar,"Urban Estate-II, Hisar - HSPCB",29.14056,75.744941,PM10,69,107,85
India,Haryana,Hisar,"Urban Estate-II, Hisar - HSPCB",29.14056,75.744941,SO2,6,15,10
India,Haryana,Hisar,"Urban Estate-II, Hisar - HSPCB",29.14056,75.744941,O3,46,122,102
India,Gujarat,Ahmedabad,"SVPI Airport Hansol, Ahmedabad - IITM",23.076793,72.627874,NO2,13,107,53
India,Gujarat,Ahmedabad,"SVPI Airport Hansol, Ahmedabad - IITM",23.076793,72.627874,NH3,1,6,2
India,Gujarat,Ahmedabad,"SVPI Airport Hansol, Ahmedabad - IITM",23.076793,72.627874,O3,1,83,69
India,Gujarat,Ankleshwar,"GIDC, Ankleshwar - GPCB",21.613267,73.010555,CO,33,84,40
India,Gujarat,Bhavnagar,"Vidhyanagar, Bhavnagar - Nexteng Enviro",21.755417,72.139056,PM2.5,18,193,73
India,Gujarat,Bhavnagar,"Vidhyanagar, Bhavnagar - Nexteng Enviro",21.755417,72.139056,O3,9,23,18
India,Gujarat,Mehsana,"Sadanand Nagar, Mehsana - Nexteng Enviro",23.59315,72.372792,SO2,9,28,15
India,Gujarat,Surat,"Katargam, Surat - Nexteng Enviro",21.217779,72.834787,SO2,33,105,60
India,Gujarat,Surat,"Science Center, Surat - SMC",21.170046,72.795405,PM10,89,185,132
India,Haryana,Palwal,"Shyam Nagar, Palwal - HSPCB",28.1485564,77.3320667,NH3,8,9,9
India,Haryana,Panchgaon,"Amity University, Panchgaon - IITM",28.3153,76.9143,NO2,1,11,5
India,Haryana,Rohtak,"MD University, Rohtak - HSPCB",28.52123,76.37138,NO2,10,13,11
India,Haryana,Gurugram,"Sector-51, Gurugram - HSPCB",28.4227,77.0667,NH3,9,14,12
India,Karnataka,Ramanagara,"Vijay Nagar, Ramanagara - KSPCB",12.733409,77.298051,CO,13,44,30
India,Karnataka,Shivamogga,"Vinoba Nagara, Shivamogga - KSPCB",13.94,75.555917,NH3,3,4,3
India,Karnataka,Shivamogga,"Vinoba Nagara, Shivamogga - KSPCB",13.94,75.555917,SO2,1,6,4
India,Karnataka,Shivamogga,"Vinoba Nagara, Shivamogga - KSPCB",13.94,75.555917,CO,8,38,27
India,Karnataka,Shivamogga,"Vinoba Nagara, Shivamogga - KSPCB",13.94,75.555917,O3,9,88,70
India,Karnataka,Tumakuru,"Thimmalapura, Tumakuru - KSPCB",13.377516,77.099072,NO2,31,32,32
India,Karnataka,Tumakuru,"Thimmalapura, Tumakuru - KSPCB",13.377516,77.099072,NH3,6,6,6
India,Karnataka,Vijayapura,"Ibrahimpur, Vijayapura - KSPCB",16.802639,75.722694,NO2,11,12,11
India,Karnataka,Vijayapura,"Ibrahimpur, Vijayapura - KSPCB",16.802639,75.722694,O3,16,16,16
India,Karnataka,Yadgir,"Collector Office, Yadgir - KSPCB",16.7602,77.1428,PM10,98,136,110
India,Kerala,Eloor,"Udyogamandal, Eloor - Kerala PCB",10.073232,76.302765,PM2.5,84,209,132
India,Himachal Pradesh,Baddi,"HIMUDA Complex Phase-1, Baddi - HPPCB",30.943887,76.801991,NO2,8,44,19
India,Himachal Pradesh,Baddi,"HIMUDA Complex Phase-1, Baddi - HPPCB",30.943887,76.801991,SO2,20,105,42
India,Jammu_and_Kashmir,Pampore,"Khrew, Pampore - JKPCC",34.031606,75.009712,PM10,45,99,72
India,Jammu_and_Kashmir,Srinagar,"Khunmoh, Srinagar - JKPCC",34.06313,74.96017,PM10,NA,NA,NA
India,Jammu_and_Kashmir,Srinagar,"Rajbagh, Srinagar - JKPCC",34.066206,74.81982,SO2,3,4,3
India,Jharkhand,Dhanbad,"Sardar Patel Nagar, Dhanbad - JSPCB",23.80569,86.44268,PM10,27,275,103
India,Karnataka,Bagalkot,"Vidayagiri, Bagalkot - KSPCB",16.172806,75.659694,PM2.5,35,36,35
India,Kerala,Kannur,"Thavakkara, Kannur - Kerala PCB",11.875,75.3732,CO,20,23,22
India,Kerala,Kollam,"Polayathode, Kollam - Kerala PCB",8.8787,76.6073,PM2.5,41,51,46
India,Kerala,Kollam,"Polayathode, Kollam - Kerala PCB",8.8787,76.6073,NH3,1,1,1
India,Kerala,Kollam,"Polayathode, Kollam - Kerala PCB",8.8787,76.6073,SO2,2,3,2
India,Kerala,Thiruvananthapuram,"Plammoodu, Thiruvananthapuram - Kerala PCB",8.5149093,76.9435879,PM2.5,54,76,63
India,Kerala,Thiruvananthapuram,"Plammoodu, Thiruvananthapuram - Kerala PCB",8.5149093,76.9435879,NO2,NA,NA,NA
India,Kerala,Thiruvananthapuram,"Plammoodu, Thiruvananthapuram - Kerala PCB",8.5149093,76.9435879,O3,5,57,39
India,Kerala,Thrissur,"Corporation Ground, Thrissur - Kerala PCB",10.5324,76.2159,SO2,NA,NA,NA
India,Karnataka,Dharwad,"Kalabhavan, Dharwad - KSPCB",15.459706,75.008381,NO2,26,30,26
India,Karnataka,Kalaburagi,"Mahatma Basaveswar Colony, Kalaburgi - KSPCB",17.336318,76.847397,SO2,3,6,4
India,Karnataka,Kalaburagi,"Mahatma Basaveswar Colony, Kalaburgi - KSPCB",17.336318,76.847397,CO,38,73,43
India,Karnataka,Madikeri,"Stuart Hill, Madikeri - KSPCB",12.415911,75.73505,PM2.5,36,75,51
India,Karnataka,Madikeri,"Stuart Hill, Madikeri - KSPCB",12.415911,75.73505,CO,8,20,14
India,Karnataka,Mysuru,"Hebbal 1st Stage, Mysuru - KSPCB",12.21041,76.37376,NO2,15,21,19
India,Karnataka,Mysuru,"Hebbal 1st Stage, Mysuru - KSPCB",12.21041,76.37376,O3,11,102,95
India,Karnataka,Bengaluru,"BTM Layout, Bengaluru - CPCB",12.9135218,77.5950804,PM2.5,82,124,98
India,Karnataka,Bengaluru,"BTM Layout, Bengaluru - CPCB",12.9135218,77.5950804,SO2,20,21,21
India,Karnataka,Bengaluru,"BWSSB Kadabesanahalli, Bengaluru - CPCB",12.9352049,77.6814488,PM10,125,209,167
India,Karnataka,Bengaluru,"BWSSB Kadabesanahalli, Bengaluru - CPCB",12.9352049,77.6814488,O3,23,65,46
India,Karnataka,Bengaluru,"Bapuji Nagar, Bengaluru - KSPCB",12.951913,77.539784,PM10,113,163,139
India,Karnataka,Bengaluru,"City Railway Station, Bengaluru - KSPCB",12.9756843,77.5660749,NO2,33,37,35
India,Karnataka,Bengaluru,"City Railway Station, Bengaluru - KSPCB",12.9756843,77.5660749,SO2,18,22,20
India,Madhya Pradesh,Bhopal,"Paryavaran Parisar, Bhopal - MPPCB",23.210494,77.425409,PM10,60,201,105
India,Madhya Pradesh,Bhopal,"Paryavaran Parisar, Bhopal - MPPCB",23.210494,77.425409,NH3,16,28,20
India,Madhya Pradesh,Damoh,"Shrivastav Colony, Damoh - MPPCB",23.81748678,79.446246,PM2.5,1,38,12
India,Madhya Pradesh,Dewas,"Bhopal Chauraha, Dewas - MPPCB",22.9682591,76.064118,NO2,NA,NA,NA
India,Madhya Pradesh,Dewas,"Bhopal Chauraha, Dewas - MPPCB",22.9682591,76.064118,SO2,NA,NA,NA
India,Madhya Pradesh,Dewas,"Bhopal Chauraha, Dewas - MPPCB",22.9682591,76.064118,CO,18,28,24
India,Madhya Pradesh,Gwalior,"Deen Dayal Nagar, Gwalior - MPPCB",26.259242,78.216432,PM2.5,38,179,84
India,Karnataka,Bengaluru,"Silk Board, Bengaluru - KSPCB",12.917348,77.622813,PM10,112,152,128
India,Karnataka,Bengaluru,"Silk Board, Bengaluru - KSPCB",12.917348,77.622813,O3,52,232,156
India,Karnataka,Chamarajanagar,"Urban, Chamarajanagar - KSPCB",11.55358,76.55521,SO2,3,8,4
India,Karnataka,Chamarajanagar,"Urban, Chamarajanagar - KSPCB",11.55358,76.55521,CO,14,25,24
India,Karnataka,Chikkaballapur,"Chikkaballapur Rural, Chikkaballapur - KSPCB",13.428828,77.731418,PM2.5,NA,NA,NA
India,Karnataka,Chikkamagaluru,"Kalyana Nagara, Chikkamagaluru - KSPCB",13.328028,75.797056,PM2.5,33,56,40
India,Karnataka,Bengaluru,"Jayanagar 5th Block, Bengaluru - KSPCB",12.920984,77.584908,PM10,102,133,117
India,Karnataka,Bengaluru,"Jayanagar 5th Block, Bengaluru - KSPCB",12.920984,77.584908,NO2,8,54,29
India,Karnataka,Bengaluru,"Jayanagar 5th Block, Bengaluru - KSPCB",12.920984,77.584908,O3,46,139,62
India,Karnataka,Bengaluru,"Kasturi Nagar, Bengaluru - KSPCB",13.003872,77.664217,NO2,26,32,30
India,Karnataka,Bengaluru,"Kasturi Nagar, Bengaluru - KSPCB",13.003872,77.664217,SO2,14,14,14
India,Karnataka,Bengaluru,"Peenya, Bengaluru - CPCB",13.0270199,77.494094,NH3,3,5,4
India,Karnataka,Bengaluru,"RVCE-Mailasandra, Bengaluru - KSPCB",12.921418,77.502466,NH3,3,4,4
India,Haryana,Sirsa,"F-Block, Sirsa - HSPCB",29.5364,75.0158,NH3,15,16,15
India,Haryana,Sonipat,"Murthal, Sonipat - HSPCB",29.0272,77.0621,CO,4,12,5
India,Haryana,Yamuna Nagar,"Gobind Pura, Yamuna Nagar - HSPCB",30.1480566,77.2893471,SO2,9,15,12
India,Madhya Pradesh,Mandideep,"Sector-D Industrial Area, Mandideep - MPPCB",23.10844,77.511428,NH3,2,8,6
India,Madhya Pradesh,Pithampur,"Sector-2 Industrial Area, Pithampur - MPPCB",22.624758,75.675238,NH3,8,11,10
India,Madhya Pradesh,Ratlam,"Shasthri Nagar, Ratlam - IPCA Lab",23.331731,75.045981,PM2.5,12,138,67
India,Madhya Pradesh,Ratlam,"Shasthri Nagar, Ratlam - IPCA Lab",23.331731,75.045981,PM10,57,166,112
India,Madhya Pradesh,Sagar,"Civil Lines, Sagar - MPPCB",23.838586,78.759431,SO2,3,19,7
India,Madhya Pradesh,Sagar,"Civil Lines, Sagar - MPPCB",23.838586,78.759431,O3,57,138,121
India,Madhya Pradesh,Sagar,"Deen Dayal Nagar, Sagar - MPPCB",23.8640158,78.80289321,PM10,17,103,59
India,Maharashtra,Amravati,"Shivneri Colony, Amravati - MPCB",20.9402359,77.7895248,SO2,6,36,13
India,Maharashtra,Amravati,"Shri Shivaji Science College, Amravati - MPCB",20.939198,77.765701,SO2,18,79,33
India,Maharashtra,Aurangabad,"MIDC Chilkalthana, Aurangabad - MPCB",19.87562,75.38731,NO2,21,71,43
India,Maharashtra,Aurangabad,"MIDC Chilkalthana, Aurangabad - MPCB",19.87562,75.38731,SO2,11,21,16
India,Maharashtra,Aurangabad,"More Chowk Waluj, Aurangabad - MPCB",19.8389439,75.244448,PM2.5,88,185,132
India,Maharashtra,Aurangabad,"More Chowk Waluj, Aurangabad - MPCB",19.8389439,75.244448,CO,9,115,28
India,Madhya Pradesh,Indore,"Residency Area, Indore - IMC",22.7084,75.8815,CO,24,57,26
India,Madhya Pradesh,Jabalpur,"Govindh Bhavan Colony, Jabalpur - JMC",23.163174,79.973061,PM2.5,18,45,28
India,Madhya Pradesh,Jabalpur,"Govindh Bhavan Colony, Jabalpur - JMC",23.163174,79.973061,CO,10,22,13
India,Madhya Pradesh,Jabalpur,"Gupteshwar, Jabalpur - JMC",23.142888,79.916147,SO2,17,27,20
India,Madhya Pradesh,Jabalpur,"Suhagi, Jabalpur - JMC",23.218135,79.95777,NO2,24,122,51
India,Madhya Pradesh,Jabalpur,"Suhagi, Jabalpur - JMC",23.218135,79.95777,NH3,4,7,6
India,Madhya Pradesh,Gwalior,"Deen Dayal Nagar, Gwalior - MPPCB",26.259242,78.216432,NH3,1,4,2
India,Madhya Pradesh,Gwalior,"Deen Dayal Nagar, Gwalior - MPPCB",26.259242,78.216432,O3,42,107,91
India,Madhya Pradesh,Gwalior,"Maharaj Bada, Gwalior - MPPCB",26.200388,78.147714,CO,8,115,20
India,Madhya Pradesh,Indore,"Chhoti Gwaltoli, Indore - MPPCB",22.431,75.5213,PM2.5,50,132,87
India,Madhya Pradesh,Indore,"Chhoti Gwaltoli, Indore - MPPCB",22.431,75.5213,SO2,16,37,24
India,Maharashtra,Aurangabad,"Rachnakar Colony, Aurangabad - MPCB",19.863756,75.321188,O3,13,100,78
India,Maharashtra,Badlapur,"Katrap, Badlapur - MPCB",19.16485,73.23409,PM2.5,65,197,123
India,Maharashtra,Badlapur,"Katrap, Badlapur - MPCB",19.16485,73.23409,SO2,1,16,10
India,Maharashtra,Belapur,"CBD Belapur, Belapur - MPCB",19.0243902,73.0406721,NH3,1,2,1
India,Maharashtra,Belapur,"CBD Belapur, Belapur - MPCB",19.0243902,73.0406721,O3,1,72,54
India,Maharashtra,Dhule,"Deopur, Dhule - MPCB",20.918946,74.776388,PM10,84,121,106
India,Maharashtra,Jalgaon,"Prabhat Colony, Jalgaon - MPCB",21.001264,75.565602,NH3,NA,NA,NA
India,Maharashtra,Jalna,"Old MIDC, Jalna - MPCB",19.854616,75.905894,PM10,65,205,97
India,Maharashtra,Jalna,"Old MIDC, Jalna - MPCB",19.854616,75.905894,NH3,3,5,4
India,Madhya Pradesh,Satna,"Bandhavgar Colony, Satna - Birla Cement",24.58434363,80.8549414,SO2,19,30,21
India,Madhya Pradesh,Ujjain,"Mahashweta Nagar, Ujjain - MPPCB",23.1633321,75.800225,NO2,29,100,50
India,Madhya Pradesh,Ujjain,"Mahashweta Nagar, Ujjain - MPPCB",23.1633321,75.800225,O3,36,80,68
India,Maharashtra,Boisar,"Khaira, Boisar - MPCB",19.786089,72.757971,CO,2,91,22
India,Maharashtra,Chandrapur,"Chauhan Colony, Chandrapur - MPCB",19.9629,79.298714,NH3,2,2,2
India,Madhya Pradesh,Indore,"Regional Park, Indore - IMC",22.678,75.8559,NO2,17,28,21
India,Madhya Pradesh,Indore,"Residency Area, Indore - IMC",22.7084,75.8815,PM10,28,106,68
India,Maharashtra,Mumbai,"Siddharth Nagar-Worli, Mumbai - IITM",19.000083,72.813993,CO,4,64,18
India,Maharashtra,Mumbai,"Sion, Mumbai - MPCB",19.047,72.8746,PM10,24,270,82
India,Maharashtra,Mumbai,"Sion, Mumbai - MPCB",19.047,72.8746,NO2,34,437,150
India,Maharashtra,Mumbai,"Sion, Mumbai - MPCB",19.047,72.8746,NH3,1,7,5
India,Maharashtra,Mumbai,"Sion, Mumbai - MPCB",19.047,72.8746,CO,10,16,13
India,Maharashtra,Mumbai,"Sion, Mumbai - MPCB",19.047,72.8746,O3,2,26,3
India,Maharashtra,Mumbai,"Worli, Mumbai -MPCB",18.994218,72.8158167,NO2,25,88,43
India,Maharashtra,Mumbai,"Worli, Mumbai -MPCB",18.994218,72.8158167,SO2,NA,NA,NA
India,Maharashtra,Nagpur,"Ambazari, Nagpur - MPCB",21.121801,79.04952,PM2.5,58,169,90
India,Maharashtra,Nagpur,"Mahal, Nagpur - MPCB",21.14472,79.107595,PM2.5,45,230,118
India,Maharashtra,Nagpur,"Mahal, Nagpur - MPCB",21.14472,79.107595,NO2,24,94,49
India,Maharashtra,Nagpur,"Mahal, Nagpur - MPCB",21.14472,79.107595,NH3,8,11,10
India,Maharashtra,Nagpur,"Opp GPO Civil Lines, Nagpur - MPCB",21.152875,79.0517531,NH3,1,23,12
India,Maharashtra,Nagpur,"Opp GPO Civil Lines, Nagpur - MPCB",21.152875,79.0517531,SO2,1,52,22
India,Maharashtra,Mahad,"Kamble Tarf Birwadi, Mahad - MPCB",18.1023399,73.4783687,NO2,34,91,45
India,Maharashtra,Mahad,"Kamble Tarf Birwadi, Mahad - MPCB",18.1023399,73.4783687,NH3,5,13,8
India,Maharashtra,Mahad,"Kamble Tarf Birwadi, Mahad - MPCB",18.1023399,73.4783687,SO2,5,109,29
India,Maharashtra,Mahad,"Kamble Tarf Birwadi, Mahad - MPCB",18.1023399,73.4783687,CO,1,40,16
India,Maharashtra,Malegaon,"Mahesh Nagar, Malegaon - MPCB",20.555712,74.529236,NO2,NA,NA,NA
India,Maharashtra,Malegaon,"Mahesh Nagar, Malegaon - MPCB",20.555712,74.529236,SO2,21,56,35
India,Maharashtra,Malegaon,"Mahesh Nagar, Malegaon - MPCB",20.555712,74.529236,CO,22,119,37
India,Maharashtra,Mira-Bhayandar,"Bhayandar West, Mira-Bhayandar - MPCB",19.296481,72.840923,CO,18,62,20
India,Maharashtra,Mumbai,"Bandra Kurla Complex, Mumbai - IITM",19.053536,72.84643,PM10,73,168,111
India,Maharashtra,Mumbai,"Bandra Kurla Complex, Mumbai - IITM",19.053536,72.84643,NO2,31,85,56
India,Maharashtra,Mumbai,"Bandra Kurla Complex, Mumbai - IITM",19.053536,72.84643,NH3,10,94,40
India,Maharashtra,Mumbai,"Bandra Kurla Complex, Mumbai - MPCB",19.065931,72.862131,NO2,3,105,44
India,Maharashtra,Mumbai,"Borivali East, Mumbai - IITM",19.23241,72.86895,NO2,23,55,33
India,Maharashtra,Mumbai,"Borivali East, Mumbai - MPCB",19.2243333,72.8658113,PM10,46,69,57
India,Maharashtra,Mumbai,"Byculla, Mumbai - BMC",18.9767,72.838,O3,6,41,28
India,Maharashtra,Mumbai,"Chakala-Andheri East, Mumbai - IITM",19.11074,72.86084,PM10,86,137,106
India,Maharashtra,Mumbai,"Ghatkopar, Mumbai - BMC",19.083694,72.920967,PM10,85,146,119
India,Maharashtra,Mumbai,"Kandivali East, Mumbai - MPCB",19.2058,72.8682,PM2.5,5,47,24
India,Maharashtra,Mumbai,"Kandivali East, Mumbai - MPCB",19.2058,72.8682,CO,19,20,20
India,Maharashtra,Mumbai,"Kandivali West, Mumbai - BMC",19.215859,72.831718,PM10,96,135,114
India,Maharashtra,Mumbai,"Kherwadi_Bandra East, Mumbai - MPCB",19.0632143,72.8456324,PM2.5,42,240,91
India,Maharashtra,Mumbai,"Kherwadi_Bandra East, Mumbai - MPCB",19.0632143,72.8456324,CO,2,66,5
India,Maharashtra,Mumbai,"Khindipada-Bhandup West, Mumbai - IITM",19.1653323,72.922099,SO2,1,19,10
India,Maharashtra,Mumbai,"Chhatrapati Shivaji Intl. Airport (T2), Mumbai - MPCB",19.10078,72.87462,PM10,61,132,95
India,Maharashtra,Mumbai,"Deonar, Mumbai - IITM",19.04946,72.923,PM2.5,34,123,74
India,Maharashtra,Mumbai,"Deonar, Mumbai - IITM",19.04946,72.923,NO2,16,86,40
India,Maharashtra,Mumbai,"Khindipada-Bhandup West, Mumbai - IITM",19.1653323,72.922099,O3,45,81,68
India,Maharashtra,Mumbai,"Kurla, Mumbai - MPCB",19.0863,72.8888,NH3,2,4,2
India,Maharashtra,Mumbai,"Mindspace-Malad West, Mumbai - MPCB",19.1878657,72.8304069,NH3,2,41,9
India,Maharashtra,Mumbai,"Mulund West, Mumbai - MPCB",19.175,72.9419,NH3,4,4,4
India,Maharashtra,Mumbai,"Navy Nagar-Colaba, Mumbai - IITM",18.897756,72.81332,O3,16,78,64
India,Maharashtra,Mumbai,"Sewri, Mumbai - BMC",19.000084,72.85673,PM2.5,45,93,60
India,Maharashtra,Kalyan,"Khadakpada, Kalyan - MPCB",19.25292,73.142019,PM2.5,46,108,72
India,Maharashtra,Kalyan,"Khadakpada, Kalyan - MPCB",19.25292,73.142019,NH3,1,1,1
India,Maharashtra,Nashik,"MIDC Ambad, Nashik - MPCB",19.95022,73.73148,CO,28,33,30
India,Maharashtra,Nashik,"MIDC Ambad, Nashik - MPCB",19.95022,73.73148,O3,12,69,62
India,Maharashtra,Nashik,"Pandav Nagari, Nashik - MPCB",19.9591346,73.7788008,PM2.5,67,127,86
India,Maharashtra,Nashik,"Pandav Nagari, Nashik - MPCB",19.9591346,73.7788008,NO2,8,38,18
India,Maharashtra,Navi Mumbai,"Kopripada-Vashi, Navi Mumbai - MPCB",19.090337,73.014232,NH3,4,4,4
India,Maharashtra,Navi Mumbai,"Mahape, Navi Mumbai - MPCB",19.1135051,73.008978,NO2,85,87,86
India,Maharashtra,Navi Mumbai,"Sanpada, Navi Mumbai - MPCB",19.0575752,73.0151367,PM10,88,153,123
India,Maharashtra,Navi Mumbai,"Sanpada, Navi Mumbai - MPCB",19.0575752,73.0151367,NO2,15,72,39
India,Maharashtra,Parbhani,"Masoom Colony, Parbhani - MPCB",19.265594,76.761463,NH3,3,5,4
India,Maharashtra,Parbhani,"Masoom Colony, Parbhani - MPCB",19.265594,76.761463,SO2,1,20,14
India,Maharashtra,Pimpri-Chinchwad,"Gavalinagar, Pimpri Chinchwad - MPCB",18.63673,73.82487,PM10,98,173,120
India,Maharashtra,Pimpri-Chinchwad,"Park Street Wakad, Pimpri Chinchwad - MPCB",18.59051,73.77946,PM10,95,156,121
India,Maharashtra,Pimpri-Chinchwad,"Thergaon, Pimpri Chinchwad - MPCB",18.616318,73.765797,O3,2,88,69
India,Maharashtra,Pune,"Bhosari, Pune - IITM",18.640051,73.848956,PM2.5,55,244,163
India,Maharashtra,Pune,"Bhosari, Pune - IITM",18.640051,73.848956,O3,1,77,67
India,Maharashtra,Nagpur,"Ram Nagar, Nagpur - MPCB",21.143383,79.048912,CO,15,101,20
India,Maharashtra,Nanded,"Sneh Nagar, Nanded - MPCB",19.173852,77.296291,PM2.5,76,133,103
India,Maharashtra,Nanded,"Sneh Nagar, Nanded - MPCB",19.173852,77.296291,O3,29,92,84
India,Maharashtra,Nashik,"Gangapur Road, Nashik - MPCB",20.0073285,73.7762427,PM10,66,138,107
India,Maharashtra,Nashik,"Hirawadi, Nashik - MPCB",20.021503,73.813844,PM2.5,71,158,102
India,Maharashtra,Nashik,"Hirawadi, Nashik - MPCB",20.021503,73.813844,PM10,85,146,108
India,Maharashtra,Nashik,"MIDC Ambad, Nashik - MPCB",19.95022,73.73148,NO2,11,75,27
India,Maharashtra,Pune,"Savitribai Phule Pune University, Pune - MPCB",18.547056,73.826908,PM2.5,NA,NA,NA
India,Maharashtra,Pune,"Savitribai Phule Pune University, Pune - MPCB",18.547056,73.826908,PM10,NA,NA,NA
India,Maharashtra,Pune,"Savitribai Phule Pune University, Pune - MPCB",18.547056,73.826908,SO2,NA,NA,NA
India,Maharashtra,Pune,"Transport Nagar-Nigdi, Pune - IITM",18.664282,73.763966,PM2.5,93,190,147
India,Maharashtra,Sangli,"Vijay Nagar, Sangli - MPCB",16.5038,74.3623,PM2.5,80,203,129
India,Maharashtra,Solapur,"Ratandeep Housing Society, Solapur - MPCB",17.65439,75.90649,O3,17,35,32
India,Maharashtra,Pune,"Dhankawadi, Pune - IITM",18.459883,73.852193,CO,14,102,93
India,Maharashtra,Pune,"Hadapsar, Pune - IITM",18.501793,73.927532,O3,1,92,65
India,Maharashtra,Pune,"Katraj Dairy, Pune - MPCB",18.45445,73.854155,PM2.5,61,71,65
India,Maharashtra,Pune,"Katraj Dairy, Pune - MPCB",18.45445,73.854155,CO,27,70,39
India,Maharashtra,Pune,"Mhada Colony, Pune - IITM",18.57304,73.927715,CO,2,104,2
India,Maharashtra,Ulhasnagar,"Sidhi Vinayak Nagar, Ulhasnagar - MPCB",19.235581,73.159121,PM2.5,75,153,112
India,Maharashtra,Ulhasnagar,"Sidhi Vinayak Nagar, Ulhasnagar - MPCB",19.235581,73.159121,PM10,99,145,124
India,Maharashtra,Virar,"Bolinj, Virar - MPCB",19.445821,72.7988231,PM2.5,19,70,42
India,Maharashtra,Virar,"Bolinj, Virar - MPCB",19.445821,72.7988231,PM10,49,120,72
India,Maharashtra,Thane,"Kasarvadavali, Thane - MPCB",19.26777,72.97182,CO,7,56,17
India,Maharashtra,Thane,"Kasarvadavali, Thane - MPCB",19.26777,72.97182,O3,1,101,85
India,Maharashtra,Thane,"Upvan Fort, Thane - MPCB",19.222279,72.957979,PM2.5,34,78,54
India,Maharashtra,Navi Mumbai,"Sanpada, Navi Mumbai - MPCB",19.0575752,73.0151367,NH3,5,51,15
India,Maharashtra,Navi Mumbai,"Sanpada, Navi Mumbai - MPCB",19.0575752,73.0151367,O3,43,43,43
India,Maharashtra,Thane,"Kasarvadavali, Thane - MPCB",19.26777,72.97182,NH3,5,18,8
India,Odisha,Rourkela,"Fertilizer Township, Rourkela - OSPCB",22.18972222,84.86277778,PM10,NA,NA,NA
India,Odisha,Rourkela,"Raghunathpali, Rourkela - OSPCB",22.220833,84.809444,PM2.5,52,157,91
India,Odisha,Rourkela,"Raghunathpali, Rourkela - OSPCB",22.220833,84.809444,PM10,46,248,103
India,Odisha,Rourkela,"Raghunathpali, Rourkela - OSPCB",22.220833,84.809444,O3,5,24,18
India,Odisha,Rourkela,"Sector-2, Rourkela - OSPCB",22.245,84.88111111,PM2.5,41,91,55
India,Odisha,Suakati,"OMC Colony, Suakati - OSPCB",21.606865,85.510538,PM10,NA,NA,NA
India,Odisha,Suakati,"OMC Colony, Suakati - OSPCB",21.606865,85.510538,NH3,NA,NA,NA
India,Odisha,Suakati,"OMC Colony, Suakati - OSPCB",21.606865,85.510538,SO2,NA,NA,NA
India,Odisha,Talcher,"Talcher Coalfields,Talcher - OSPCB",20.9360711,85.1707021,NO2,22,73,48
India,Odisha,Talcher,"Talcher Coalfields,Talcher - OSPCB",20.9360711,85.1707021,SO2,3,29,10
India,Odisha,Barbil,"Forest Office, Barbil - OSPCB",22.1166054,85.3945546,SO2,13,101,27
India,Odisha,Baripada,"Meher Colony, Baripada - OSPCB",21.941841,86.728318,PM10,73,118,94
India,Odisha,Baripada,"Meher Colony, Baripada - OSPCB",21.941841,86.728318,NH3,3,6,4
India,Odisha,Bhubaneswar,"Lingraj Mandir, Bhubaneswar - OSPCB",20.24079,85.836784,NO2,12,66,38
India,Odisha,Bhubaneswar,"Lingraj Mandir, Bhubaneswar - OSPCB",20.24079,85.836784,NH3,5,17,8
India,Odisha,Bhubaneswar,"Patia, Bhubaneswar - OSPCB",20.34652,85.8163,NH3,4,7,5
India,Odisha,Bhubaneswar,"Patia, Bhubaneswar - OSPCB",20.34652,85.8163,O3,3,147,99
India,Odisha,Bileipada,"Tata Township, Bileipada - OSPCB",22.06156703,85.47409613,NO2,NA,NA,NA
India,Punjab,Jalandhar,"Civil Line, Jalandhar - PPCB",31.321907,75.578914,NO2,30,35,33
India,Punjab,Jalandhar,"Civil Line, Jalandhar - PPCB",31.321907,75.578914,SO2,16,19,18
India,Punjab,Khanna,"Kalal Majra, Khanna - PPCB",30.736056,76.209694,CO,12,65,16
India,Punjab,Khanna,"Kalal Majra, Khanna - PPCB",30.736056,76.209694,O3,19,40,39
India,Punjab,Mandi Gobindgarh,"RIMT University, Mandi Gobindgarh - PPCB",30.649961,76.331442,PM10,29,87,64
India,Punjab,Mandi Gobindgarh,"RIMT University, Mandi Gobindgarh - PPCB",30.649961,76.331442,SO2,3,84,31
India,Punjab,Patiala,"Model Town, Patiala - PPCB",30.349388,76.366642,PM10,101,140,119
India,Odisha,Tensa,"Barsua Iron Ore Mines, Tensa - OSPCB",21.869985,85.167016,PM10,37,143,85
India,Odisha,Tensa,"Barsua Iron Ore Mines, Tensa - OSPCB",21.869985,85.167016,CO,29,52,42
India,Puducherry,Puducherry,"Jawahar Nagar, Puducherry - PPCC",11.9309,79.8027,PM2.5,58,187,111
India,Punjab,Amritsar,"Golden Temple, Amritsar - PPCB",31.62,74.876512,PM10,77,104,91
India,Punjab,Amritsar,"Golden Temple, Amritsar - PPCB",31.62,74.876512,SO2,19,42,29
India,Punjab,Bathinda,"Hardev Nagar, Bathinda - PPCB",30.233011,74.907758,PM2.5,10,83,32
India,Meghalaya,Shillong,"Lumpyngngad, Shillong - Meghalaya PCB",25.5586,91.8985,CO,4,39,19
India,Mizoram,Aizawl,"Sikulpuikawn, Aizawl - Mizoram PCB",23.7176342,92.7192841,CO,3,4,3
India,Nagaland,Kohima,"PWD Junction, Kohima - NPCB",25.6635413,94.0989878,PM10,16,74,38
India,Odisha,Angul,"Hakimapada, Angul - OSPCB",20.832874,85.104082,SO2,14,94,30
India,Punjab,Rupnagar,"Ratanpura, Rupnagar - Ambuja Cements",31.0325454,76.5623046,SO2,2,7,6
India,Rajasthan,Ajmer,"Civil Lines,  Ajmer - RSPCB",26.470859,74.646594,CO,16,60,29
India,Rajasthan,Banswara,"Rati Talai, Banswara - RSPCB",23.55519,74.44001,NO2,11,109,32
India,Rajasthan,Banswara,"Rati Talai, Banswara - RSPCB",23.55519,74.44001,NH3,5,18,7
India,Rajasthan,Banswara,"Rati Talai, Banswara - RSPCB",23.55519,74.44001,CO,18,88,31
India,Odisha,Cuttack,"CDA Area, Cuttack - OSPCB",20.48891,85.84768,SO2,4,28,8
India,Odisha,Keonjhar,"Jagamohanpur, Keonjhar - OSPCB",21.6439,85.599355,NH3,5,5,5
India,Odisha,Keonjhar,"Jagamohanpur, Keonjhar - OSPCB",21.6439,85.599355,SO2,10,48,18
India,Rajasthan,Baran,"Bamboliya, Baran - RSPCB",25.106006,76.469948,SO2,1,11,4
India,Rajasthan,Bharatpur,"Krishna Nagar, Bharatpur - RSPCB",27.215415,77.50873,CO,20,104,26
India,Odisha,Byasanagar,"Ferro Chrome Colony, Byasanagar - OSPCB",20.94185,86.1151,PM2.5,45,183,129
India,Odisha,Cuttack,"CDA Area, Cuttack - OSPCB",20.48891,85.84768,PM2.5,68,310,165
India,Rajasthan,Jaipur,"Mansarovar Sector-12, Jaipur - RSPCB",26.843698,75.766894,PM2.5,20,160,58
India,Rajasthan,Jaipur,"Mansarovar Sector-12, Jaipur - RSPCB",26.843698,75.766894,NH3,6,11,8
India,Rajasthan,Jaipur,"Mansarovar Sector-12, Jaipur - RSPCB",26.843698,75.766894,CO,34,108,42
India,Rajasthan,Jaipur,"Mansarovar Sector-12, Jaipur - RSPCB",26.843698,75.766894,O3,6,119,109
India,Rajasthan,Jaipur,"RIICO Sitapura, Jaipur - RSPCB",26.786682,75.827928,NH3,4,16,6
India,Rajasthan,Jaipur,"RIICO Sitapura, Jaipur - RSPCB",26.786682,75.827928,SO2,2,4,3
India,Rajasthan,Jaipur,"RIICO Sitapura, Jaipur - RSPCB",26.786682,75.827928,O3,6,100,88
India,Rajasthan,Jaipur,"Sector-2 Murlipura, Jaipur - RSPCB",26.960669,75.771817,PM10,20,127,49
India,Rajasthan,Jaipur,"Sector-2 Murlipura, Jaipur - RSPCB",26.960669,75.771817,NO2,2,125,40
India,Rajasthan,Jaipur,"Shastri Nagar, Jaipur - RSPCB",26.9502929,75.730943,NH3,8,28,13
India,Rajasthan,Jodhpur,"Collectorate, Jodhpur - RSPCB",26.268249,73.0193853,O3,4,98,73
India,Rajasthan,Jodhpur,"Digari Kalan, Jodhpur - RSPCB",26.29581,73.082283,NO2,8,111,34
India,Rajasthan,Jodhpur,"Jhalamand, Jodhpur - RSPCB",26.215415,73.070156,PM2.5,27,328,101
India,Rajasthan,Jodhpur,"Jhalamand, Jodhpur - RSPCB",26.215415,73.070156,SO2,2,9,5
India,Rajasthan,Jodhpur,"Mandor, Jodhpur - RSPCB",26.358805,73.047444,SO2,3,9,6
India,Rajasthan,Jodhpur,"Mandor, Jodhpur - RSPCB",26.358805,73.047444,O3,5,93,80
India,Rajasthan,Jodhpur,"Samrat Ashok Udhyan, Jodhpur - RSPCB",26.253384,72.976571,PM2.5,35,304,91
India,Rajasthan,Jodhpur,"Samrat Ashok Udhyan, Jodhpur - RSPCB",26.253384,72.976571,SO2,3,19,8
India,Rajasthan,Kota,"Dhanmandi, Kota - RSPCB",25.16409,75.858137,PM2.5,33,83,58
India,Rajasthan,Kota,"Dhanmandi, Kota - RSPCB",25.16409,75.858137,PM10,66,179,121
India,Rajasthan,Kota,"Dhanmandi, Kota - RSPCB",25.16409,75.858137,NH3,5,7,6
India,Rajasthan,Kota,"Nayapura, Kota - RSPCB",25.196024,75.855668,NH3,5,28,9
India,Rajasthan,Kota,"Nayapura, Kota - RSPCB",25.196024,75.855668,SO2,3,21,7
India,Rajasthan,Kota,"Nayapura, Kota - RSPCB",25.196024,75.855668,CO,18,80,24
India,Rajasthan,Kota,"Nayapura, Kota - RSPCB",25.196024,75.855668,O3,11,122,101
India,Rajasthan,Bhiwadi,"Vasundhara Nagar_UIT, Bhiwadi - RSPCB",28.207266,76.829265,NO2,18,126,71
India,Rajasthan,Bhiwadi,"Vasundhara Nagar_UIT, Bhiwadi - RSPCB",28.207266,76.829265,CO,3,102,21
India,Rajasthan,Bikaner,"MM Ground, Bikaner - RSPCB",28.018792,73.292658,PM10,81,338,159
India,Rajasthan,Bikaner,"MM Ground, Bikaner - RSPCB",28.018792,73.292658,NO2,17,126,55
India,Rajasthan,Bikaner,"MM Ground, Bikaner - RSPCB",28.018792,73.292658,O3,3,132,98
India,Rajasthan,Bundi,"New Colony, Bundi - RSPCB",25.435774,75.644272,PM10,37,105,72
India,Rajasthan,Bundi,"New Colony, Bundi - RSPCB",25.435774,75.644272,NO2,14,51,28
India,Rajasthan,Dausa,"Khatikan Mohalla, Dausa - RSPCB",26.895552,76.334753,PM10,32,111,69
India,Rajasthan,Dausa,"Khatikan Mohalla, Dausa - RSPCB",26.895552,76.334753,CO,22,103,32
India,Rajasthan,Dholpur,"Raja Ganj, Dholpur - RSPCB",26.699557,77.898881,NH3,11,14,12
India,Rajasthan,Hanumangarh,"Housing Board, Hanumangarh - RSPCB",29.61075,74.283608,PM2.5,NA,NA,NA
India,Rajasthan,Hanumangarh,"Housing Board, Hanumangarh - RSPCB",29.61075,74.283608,PM10,NA,NA,NA
India,Rajasthan,Jaipur,"Adarsh Nagar, Jaipur - RSPCB",26.902909,75.836858,PM10,55,101,76
India,Rajasthan,Jhunjhunu,"Indra Nagar, Jhunjhunu - RSPCB",28.108988,75.386577,NO2,14,63,41
India,Rajasthan,Jhunjhunu,"Indra Nagar, Jhunjhunu - RSPCB",28.108988,75.386577,SO2,6,12,8
India,Rajasthan,Jodhpur,"Collectorate, Jodhpur - RSPCB",26.268249,73.0193853,NO2,15,37,22
India,Rajasthan,Jodhpur,"Collectorate, Jodhpur - RSPCB",26.268249,73.0193853,SO2,1,11,7
India,Rajasthan,Bundi,"New Colony, Bundi - RSPCB",25.435774,75.644272,O3,37,105,86
India,Rajasthan,Churu,"Subash Chowk, Churu - RSPCB",28.296139,74.961696,NH3,8,13,10
India,Rajasthan,Jaisalmer,"Sadar Bazar, Jaisalmer - RSPCB",26.912329,70.909168,PM2.5,22,100,47
India,Rajasthan,Jalore,"Mudtra Sili, Jalore - RSPCB",25.344694,72.626208,PM2.5,42,287,78
India,Rajasthan,Jalore,"Mudtra Sili, Jalore - RSPCB",25.344694,72.626208,O3,19,138,109
India,Rajasthan,Udaipur,"Ashok Nagar, Udaipur - RSPCB",24.5886166,73.6321397,NH3,1,7,4
India,Sikkim,Gangtok,"Zero Point GICI, Gangtok - SSPCB",27.33853,88.614099,NH3,1,1,1
India,Sikkim,Gangtok,"Zero Point GICI, Gangtok - SSPCB",27.33853,88.614099,CO,9,42,14
India,Sikkim,Gangtok,"Zero Point GICI, Gangtok - SSPCB",27.33853,88.614099,O3,19,22,21
India,TamilNadu,Chennai,"Arumbakkam, Chennai - TNPCB",13.0664,80.2112,PM2.5,69,286,141
India,TamilNadu,Chennai,"Arumbakkam, Chennai - TNPCB",13.0664,80.2112,PM10,83,180,126
India,TamilNadu,Chennai,"Arumbakkam, Chennai - TNPCB",13.0664,80.2112,NO2,9,22,14
India,TamilNadu,Chennai,"Kodungaiyur, Chennai - TNPCB",13.1278,80.2642,PM10,108,252,159
India,TamilNadu,Chennai,"Kodungaiyur, Chennai - TNPCB",13.1278,80.2642,NH3,1,7,2
India,TamilNadu,Chennai,"Kodungaiyur, Chennai - TNPCB",13.1278,80.2642,O3,25,34,30
India,Rajasthan,Nagaur,"Karni Colony, Nagaur - RSPCB",27.213494,73.734444,O3,66,108,97
India,Rajasthan,Pali,"Indira Colony Vistar, Pali - RSPCB",25.771061,73.340227,PM10,99,212,133
India,Rajasthan,Pali,"Indira Colony Vistar, Pali - RSPCB",25.771061,73.340227,NO2,25,107,40
India,Rajasthan,Pali,"Indira Colony Vistar, Pali - RSPCB",25.771061,73.340227,NH3,4,20,8
India,Rajasthan,Pratapgarh,"Pragati Nagar, Pratapgarh - RSPCB",24.041198,74.780702,NO2,10,90,27
India,Rajasthan,Rajsamand,"Dhoinda, Rajsamand - RSPCB",25.03636,73.883502,NH3,7,19,12
India,Rajasthan,Rajsamand,"Dhoinda, Rajsamand - RSPCB",25.03636,73.883502,SO2,9,34,15
India,Rajasthan,Rajsamand,"Dhoinda, Rajsamand - RSPCB",25.03636,73.883502,O3,4,148,121
India,Rajasthan,Sawai Madhopur,"Sahu Nagar, Sawai Madhopur - RSPCB",26.031443,76.359327,O3,8,174,143
India,Rajasthan,Sikar,"Radhakishan Pura, Sikar - RSPCB",27.608912,75.153302,PM2.5,30,73,54
India,Rajasthan,Sikar,"Radhakishan Pura, Sikar - RSPCB",27.608912,75.153302,SO2,6,17,10
India,Rajasthan,Sirohi,"Vedhaynath Colony, Sirohi - RSPCB",24.885261,72.857549,PM2.5,43,163,63
India,Rajasthan,Sirohi,"Vedhaynath Colony, Sirohi - RSPCB",24.885261,72.857549,NO2,11,103,30
India,Rajasthan,Sirohi,"Vedhaynath Colony, Sirohi - RSPCB",24.885261,72.857549,SO2,5,13,9
India,Rajasthan,Sirohi,"Vedhaynath Colony, Sirohi - RSPCB",24.885261,72.857549,O3,11,93,84
India,Rajasthan,Tonk,"Shastri Nagar, Tonk - RSPCB",26.159933,75.780517,NO2,13,85,28
India,TamilNadu,Perundurai,"SIPCOT Industrial Park, Perundurai - TNPCB",11.258242,77.552761,NO2,12,14,13
India,TamilNadu,Thoothukudi,"Meelavittan, Thoothukudi - TNPCB",8.816428,78.099039,NO2,7,19,11
India,TamilNadu,Thoothukudi,"Meelavittan, Thoothukudi - TNPCB",8.816428,78.099039,SO2,4,17,9
India,TamilNadu,Thoothukudi,"Meelavittan, Thoothukudi - TNPCB",8.816428,78.099039,CO,16,60,29
India,Telangana,Hyderabad,"Bollaram Industrial Area, Hyderabad - TSPCB",17.540891,78.358528,NO2,12,216,37
India,Telangana,Hyderabad,"Central University, Hyderabad - TSPCB",17.460103,78.334361,PM10,41,64,50
India,Telangana,Hyderabad,"Central University, Hyderabad - TSPCB",17.460103,78.334361,NH3,3,5,4
India,Telangana,Hyderabad,"ECIL Kapra, Hyderabad - TSPCB",17.470431,78.566959,NO2,14,75,28
India,Telangana,Hyderabad,"ECIL Kapra, Hyderabad - TSPCB",17.470431,78.566959,SO2,1,17,8
India,Telangana,Hyderabad,"ICRISAT Patancheru, Hyderabad - TSPCB",17.5184,78.278777,NH3,2,5,3
India,Telangana,Hyderabad,"ICRISAT Patancheru, Hyderabad - TSPCB",17.5184,78.278777,O3,30,73,69
India,Telangana,Hyderabad,"IITH Kandi, Hyderabad - TSPCB",17.585705,78.126199,PM2.5,NA,NA,NA
India,Telangana,Hyderabad,"Sanathnagar, Hyderabad - TSPCB",17.4559458,78.4332152,CO,38,55,45
India,Telangana,Hyderabad,"Sanathnagar, Hyderabad - TSPCB",17.4559458,78.4332152,O3,12,77,16
India,Telangana,Hyderabad,"Zoo Park, Hyderabad - TSPCB",17.349694,78.451437,PM10,84,158,122
India,Uttar_Pradesh,Agra,"Manoharpur, Agra - UPPCB",27.23711,78.01936,PM10,27,108,73
India,TamilNadu,Chennai,"Perungudi, Chennai - TNPCB",12.9533,80.2357,PM2.5,70,311,120
India,TamilNadu,Chennai,"Royapuram, Chennai - TNPCB",13.1036,80.2909,PM10,61,229,97
India,TamilNadu,Chennai,"Royapuram, Chennai - TNPCB",13.1036,80.2909,SO2,5,7,6
India,Telangana,Hyderabad,"New Malakpet, Hyderabad - TSPCB",17.37206,78.50864,NH3,3,4,3
India,Telangana,Hyderabad,"Ramachandrapuram, Hyderabad - TSPCB",17.528544,78.286195,O3,22,34,31
India,Telangana,Hyderabad,"Kokapet, Hyderabad - TSPCB",17.393559,78.339194,O3,18,34,30
India,Telangana,Hyderabad,"New Malakpet, Hyderabad - TSPCB",17.37206,78.50864,PM2.5,45,70,56
India,Uttar_Pradesh,Bareilly,"Rajendra Nagar, Bareilly - UPPCB",28.38910936,79.42963708,NO2,9,10,10
India,Uttar_Pradesh,Bulandshahr,"Yamunapuram, Bulandshahr - UPPCB",28.406963,77.849831,NO2,1,62,23
India,Uttar_Pradesh,Firozabad,"Nagla Bhau, Firozabad - UPPCB",27.168897,78.37696,NH3,2,2,2
India,Uttar_Pradesh,Ghaziabad,"Indirapuram, Ghaziabad - UPPCB",28.646233,77.358075,PM10,121,498,311
India,Uttar_Pradesh,Ghaziabad,"Indirapuram, Ghaziabad - UPPCB",28.646233,77.358075,NH3,16,20,18
India,Uttar_Pradesh,Kanpur,"FTI Kidwai Nagar, Kanpur - UPPCB",26.428282,80.327067,NH3,5,5,5
India,Uttar_Pradesh,Kanpur,"NSI Kalyanpur, Kanpur - UPPCB",26.509954,80.249612,PM2.5,8,171,62
India,Uttar_Pradesh,Kanpur,"NSI Kalyanpur, Kanpur - UPPCB",26.509954,80.249612,O3,15,17,16
India,Uttar_Pradesh,Khurja,"Kalindi Kunj, Khurja - UPPCB",28.2348927,77.8683002,PM10,45,140,84
India,Uttar_Pradesh,Khurja,"Kalindi Kunj, Khurja - UPPCB",28.2348927,77.8683002,NO2,6,19,7
India,Uttar_Pradesh,Agra,"Rohta, Agra - UPPCB",27.106972,78.000111,CO,14,25,16
India,Uttar_Pradesh,Agra,"Shahjahan Garden, Agra - UPPCB",27.169338,78.03582,PM10,68,148,101
India,Uttar_Pradesh,Agra,"Shahjahan Garden, Agra - UPPCB",27.169338,78.03582,NH3,3,3,3
India,Uttar_Pradesh,Agra,"Shastripuram, Agra - UPPCB",27.19862,77.92066,PM2.5,12,57,31
India,Uttar_Pradesh,Agra,"Shastripuram, Agra - UPPCB",27.19862,77.92066,NO2,46,46,46
India,Uttar_Pradesh,Greater Noida,"Knowledge Park - III, Greater Noida - UPPCB",28.47272,77.482,PM2.5,NA,NA,NA
India,Uttar_Pradesh,Greater Noida,"Knowledge Park - V, Greater Noida - UPPCB",28.557054,77.453663,SO2,11,19,15
India,Uttar_Pradesh,Hapur,"Anand Vihar, Hapur - UPPCB",28.725645,77.749675,PM10,97,180,143
India,Uttar_Pradesh,Hapur,"Anand Vihar, Hapur - UPPCB",28.725645,77.749675,CO,29,83,39
India,Uttar_Pradesh,Lucknow,"B R Ambedkar University, Lucknow - UPPCB",26.766433,80.927299,CO,19,33,20
India,Uttar_Pradesh,Lucknow,"Kukrail Picnic Spot-1, Lucknow - UPPCB",26.90723,80.98579,O3,8,57,42
India,Uttar_Pradesh,Lucknow,"Lalbagh, Lucknow - CPCB",26.8458805,80.9365541,PM2.5,32,105,67
India,Uttar_Pradesh,Lucknow,"Lalbagh, Lucknow - CPCB",26.8458805,80.9365541,NO2,35,42,40
India,Uttar_Pradesh,Baghpat,"Sardar Patel Inter College, Baghpat - UPPCB",28.964949,77.278761,NO2,19,44,30
India,Uttar_Pradesh,Bareilly,"Civil Lines, Bareilly - UPPCB",28.359581,79.414455,NO2,2,3,2
India,Uttar_Pradesh,Bareilly,"Civil Lines, Bareilly - UPPCB",28.359581,79.414455,CO,48,128,56
India,Uttar_Pradesh,Ghaziabad,"Sanjay Nagar, Ghaziabad - UPPCB",28.685382,77.453839,NH3,7,25,9
India,Uttar_Pradesh,Ghaziabad,"Sanjay Nagar, Ghaziabad - UPPCB",28.685382,77.453839,O3,9,36,27
India,Uttar_Pradesh,Ghaziabad,"Vasundhara, Ghaziabad - UPPCB",28.6603346,77.3572563,NH3,9,17,11
India,Uttar_Pradesh,Gorakhpur,"Madan Mohan Malaviya University of Technology, Gorakhpur - UPPCB",26.730136,83.433859,PM2.5,55,88,70
India,Uttar_Pradesh,Gorakhpur,"Madan Mohan Malaviya University of Technology, Gorakhpur - UPPCB",26.730136,83.433859,NO2,11,12,12
India,Uttar_Pradesh,Ghaziabad,"Indirapuram, Ghaziabad - UPPCB",28.646233,77.358075,O3,15,28,21
India,Uttar_Pradesh,Ghaziabad,"Loni, Ghaziabad - UPPCB",28.757294,77.278792,PM10,NA,NA,NA
India,Uttarakhand,Kashipur,"Govt. Girls Inter College, Kashipur - UKPCB",29.2124114,78.9611753,NH3,2,12,8
India,Uttarakhand,Kashipur,"Govt. Girls Inter College, Kashipur - UKPCB",29.2124114,78.9611753,CO,18,34,24
India,Uttarakhand,Rishikesh,"Shivaji Nagar, Rishikesh - UKPCB",30.075911,78.2859547,PM2.5,2,2,2
India,Uttarakhand,Rishikesh,"Shivaji Nagar, Rishikesh - UKPCB",30.075911,78.2859547,CO,38,38,38
India,West_Bengal,Asansol,"Asansol Court Area, Asansol - WBPCB",23.685297,86.945968,O3,14,47,42
India,West_Bengal,Asansol,"Evelyn Lodge, Asansol - WBPCB",23.697936,86.944395,NH3,5,6,6
India,West_Bengal,Asansol,"Evelyn Lodge, Asansol - WBPCB",23.697936,86.944395,SO2,4,10,6
India,West_Bengal,Asansol,"Evelyn Lodge, Asansol - WBPCB",23.697936,86.944395,CO,9,65,18
India,West_Bengal,Asansol,"Mahabir Colliery, Asansol - WBPCB",23.618183,87.105718,PM2.5,24,289,138
India,Uttar_Pradesh,Noida,"Sector - 125, Noida - UPPCB",28.5447608,77.3231257,SO2,10,20,14
India,Uttar_Pradesh,Noida,"Sector - 125, Noida - UPPCB",28.5447608,77.3231257,CO,26,108,59
India,Uttar_Pradesh,Noida,"Sector - 62, Noida - IMD",28.6245479,77.3577104,PM2.5,65,318,214
India,Uttar_Pradesh,Noida,"Sector - 62, Noida - IMD",28.6245479,77.3577104,O3,18,91,72
India,Uttar_Pradesh,Noida,"Sector-1, Noida - UPPCB",28.5898,77.3101,NH3,NA,NA,NA
India,Uttar_Pradesh,Noida,"Sector-1, Noida - UPPCB",28.5898,77.3101,CO,56,108,62
India,Uttar_Pradesh,Noida,"Sector-116, Noida - UPPCB",28.56923,77.393848,CO,7,115,16
India,Uttar_Pradesh,Noida,"Sector-116, Noida - UPPCB",28.56923,77.393848,O3,8,30,30
India,Uttar_Pradesh,Prayagraj,"Jhunsi, Prayagraj - UPPCB",25.425602,81.917152,PM10,36,173,85
India,Uttar_Pradesh,Prayagraj,"Jhunsi, Prayagraj - UPPCB",25.425602,81.917152,SO2,25,32,26
India,West_Bengal,Durgapur,"Womens College_City Center, Durgapur - WBPCB",23.549395,87.300496,SO2,27,28,28
India,West_Bengal,Haldia,"Priyambada Housing Estate, Haldia - WBPCB",22.06047,88.109737,PM10,60,118,89
India,West_Bengal,Haldia,"Priyambada Housing Estate, Haldia - WBPCB",22.06047,88.109737,NO2,13,33,22
India,West_Bengal,Haldia,"Priyambada Housing Estate, Haldia - WBPCB",22.06047,88.109737,NH3,6,7,6
India,West_Bengal,Howrah,"Belur Math, Howrah - WBPCB",22.629801,88.352017,PM10,101,376,148
India,West_Bengal,Howrah,"Belur Math, Howrah - WBPCB",22.629801,88.352017,NO2,39,140,82
India,West_Bengal,Howrah,"Belur Math, Howrah - WBPCB",22.629801,88.352017,SO2,9,26,15
India,Uttar_Pradesh,Prayagraj,"Motilal Nehru NIT, Prayagraj - UPPCB",25.494,81.863,SO2,46,81,54
India,Uttar_Pradesh,Varanasi,"Ardhali Bazar, Varanasi - UPPCB",25.3505986,82.9083074,PM2.5,7,135,67
India,Uttar_Pradesh,Varanasi,"Ardhali Bazar, Varanasi - UPPCB",25.3505986,82.9083074,NO2,40,43,42
India,Uttar_Pradesh,Varanasi,"Bhelupur, Varanasi - UPPCB",25.301778,82.996789,NH3,1,1,1
India,Uttar_Pradesh,Varanasi,"IESD Banaras Hindu University, Varanasi - UPPCB",25.262326,82.995408,PM2.5,1,54,29
India,Uttar_Pradesh,Varanasi,"IESD Banaras Hindu University, Varanasi - UPPCB",25.262326,82.995408,NO2,2,2,2
India,West_Bengal,Asansol,"Mahabir Colliery, Asansol - WBPCB",23.618183,87.105718,O3,5,34,29
India,West_Bengal,Asansol,"Trivenidevi Bhalotia College, Asansol - WBPCB",23.616515,87.119133,PM10,50,130,99
India,West_Bengal,Durgapur,"Mahishkapur Road_B-Zone, Durgapur - WBPCB",23.567923,87.306843,NO2,11,74,36
India,West_Bengal,Durgapur,"Mahishkapur Road_B-Zone, Durgapur - WBPCB",23.567923,87.306843,CO,18,86,26
India,West_Bengal,Durgapur,"Mahishkapur Road_B-Zone, Durgapur - WBPCB",23.567923,87.306843,O3,10,67,57
India,Uttar_Pradesh,Meerut,"Pallavpuram Phase 2, Meerut - UPPCB",29.06351,77.709723,PM2.5,77,347,244
India,Uttar_Pradesh,Meerut,"Pallavpuram Phase 2, Meerut - UPPCB",29.06351,77.709723,SO2,10,57,21
India,Uttar_Pradesh,Moradabad,"Employment Office, Moradabad - UPPCB",28.88528,78.7388,PM2.5,48,252,137
India,Uttar_Pradesh,Moradabad,"Employment Office, Moradabad - UPPCB",28.88528,78.7388,PM10,69,174,125
India,Uttar_Pradesh,Moradabad,"Jigar Colony, Moradabad - UPPCB",28.856664,78.772638,NH3,6,6,6
India,Uttar_Pradesh,Moradabad,"Jigar Colony, Moradabad - UPPCB",28.856664,78.772638,CO,40,40,40
India,Uttar_Pradesh,Moradabad,"Kashiram Nagar, Moradabad - UPPCB",28.849399,78.742362,PM10,61,168,114
India,Uttar_Pradesh,Moradabad,"Kashiram Nagar, Moradabad - UPPCB",28.849399,78.742362,NH3,4,4,4
India,Uttar_Pradesh,Moradabad,"Kashiram Nagar, Moradabad - UPPCB",28.849399,78.742362,O3,9,66,26
India,Uttar_Pradesh,Moradabad,"Transport Nagar, Moradabad - UPPCB",28.802625,78.753728,SO2,39,43,41
India,Uttar_Pradesh,Varanasi,"Maldahiya, Varanasi - UPPCB",25.32393,82.99687,CO,24,113,29
India,Uttar_Pradesh,Vrindavan,"Omex Eternity, Vrindavan - UPPCB",27.571409,77.655757,NH3,1,9,6
India,Uttarakhand,Dehradun,"Doon University, Dehradun - UKPCB",30.269444,78.044167,PM2.5,31,201,81
India,Uttar_Pradesh,Lucknow,"Talkatora District Industries Center, Lucknow - CPCB",26.83399722,80.8917361,PM10,107,204,158
India,Uttar_Pradesh,Meerut,"Ganga Nagar, Meerut - UPPCB",28.999264,77.7590354,PM2.5,NA,NA,NA
India,Uttar_Pradesh,Meerut,"Ganga Nagar, Meerut - UPPCB",28.999264,77.7590354,CO,28,127,100
India,West_Bengal,Howrah,"Dasnagar, Howrah - WBPCB",22.6025571,88.3105664,NO2,7,86,38
India,West_Bengal,Howrah,"Dasnagar, Howrah - WBPCB",22.6025571,88.3105664,CO,12,96,18
India,West_Bengal,Howrah,"Ghusuri, Howrah - WBPCB",22.611968,88.347422,NO2,20,29,25
India,West_Bengal,Howrah,"Ghusuri, Howrah - WBPCB",22.611968,88.347422,NH3,7,11,9
India,West_Bengal,Howrah,"Padmapukur, Howrah - WBPCB",22.5687319,88.2797276,PM2.5,53,328,165
India,West_Bengal,Howrah,"Padmapukur, Howrah - WBPCB",22.5687319,88.2797276,NO2,32,191,96
India,West_Bengal,Howrah,"Padmapukur, Howrah - WBPCB",22.5687319,88.2797276,SO2,3,11,6
India,West_Bengal,Howrah,"Padmapukur, Howrah - WBPCB",22.5687319,88.2797276,O3,11,56,52
India,West_Bengal,Kolkata,"Ballygunge, Kolkata - WBPCB",22.5367507,88.3638022,O3,7,30,27
India,West_Bengal,Kolkata,"Bidhannagar, Kolkata - WBPCB",22.58157048,88.41002457,NO2,13,14,13
India,West_Bengal,Kolkata,"Bidhannagar, Kolkata - WBPCB",22.58157048,88.41002457,CO,31,58,37
India,West_Bengal,Kolkata,"Fort William, Kolkata - WBPCB",22.55664,88.342674,NO2,29,99,61
India,West_Bengal,Kolkata,"Jadavpur, Kolkata - WBPCB",22.49929,88.36917,PM2.5,9,314,182
India,West_Bengal,Kolkata,"Jadavpur, Kolkata - WBPCB",22.49929,88.36917,CO,2,84,15
India,West_Bengal,Kolkata,"Rabindra Bharati University, Kolkata - WBPCB",22.627847,88.380669,PM10,97,168,136
India,West_Bengal,Kolkata,"Rabindra Bharati University, Kolkata - WBPCB",22.627847,88.380669,SO2,7,11,9
India,West_Bengal,Kolkata,"Victoria, Kolkata - WBPCB",22.5448082,88.3403691,PM2.5,NA,NA,NA
India,West_Bengal,Siliguri,"Ward-32 Bapupara, Siliguri - WBPCB",26.6879226,88.4152495,CO,32,89,45
India,Bihar,Katihar,"Mirchaibari, Katihar - BSPCB",25.560083,87.553265,O3,5,48,18
India,Bihar,Kishanganj,"SDM Office_Khagra, Kishanganj - BSPCB",26.0881305,87.93840336,NO2,9,14,11
India,Bihar,Manguraha,"Forest Rest House, Manguraha - BSPCB",27.308328,84.531742,SO2,16,17,16
India,Bihar,Motihari,"Gandak Colony, Motihari - BSPCB",26.63086,84.90051,PM2.5,65,257,175
India,Bihar,Motihari,"Gandak Colony, Motihari - BSPCB",26.63086,84.90051,NH3,3,3,3
India,Bihar,Motihari,"Gandak Colony, Motihari - BSPCB",26.63086,84.90051,CO,34,53,45
India,Bihar,Munger,"Town Hall, Munger - BSPCB",25.376776,86.471523,PM10,29,93,55
India,Bihar,Munger,"Town Hall, Munger - BSPCB",25.376776,86.471523,NH3,3,12,6
India,Bihar,Munger,"Town Hall, Munger - BSPCB",25.376776,86.471523,SO2,20,91,47
India,Bihar,Munger,"Town Hall, Munger - BSPCB",25.376776,86.471523,CO,17,43,33
India,Bihar,Muzaffarpur,"Buddha Colony, Muzaffarpur - BSPCB",26.11442,85.39813,NO2,18,64,31
India,Bihar,Muzaffarpur,"Buddha Colony, Muzaffarpur - BSPCB",26.11442,85.39813,CO,20,104,33
India,Andhra_Pradesh,Tirupati,"Vaikuntapuram, Tirupati - APPCB",13.615387,79.40923,PM2.5,49,196,88
India,Andhra_Pradesh,Vijayawada,"HB Colony, Vijayawada - APPCB",16.536107,80.594233,PM2.5,48,175,98
India,Andhra_Pradesh,Vijayawada,"Kanuru, Vijayawada - APPCB",16.486692,80.699436,PM2.5,52,89,65
India,Andhra_Pradesh,Vijayawada,"Kanuru, Vijayawada - APPCB",16.486692,80.699436,PM10,48,87,61
India,Andhra_Pradesh,Vijayawada,"Kanuru, Vijayawada - APPCB",16.486692,80.699436,O3,22,31,26
India,Andhra_Pradesh,Vijayawada,"Rajiv Gandhi Park, Vijayawada - APPCB",16.509717,80.612222,CO,28,37,34
India,Andhra_Pradesh,Vijayawada,"Rajiv Nagar, Vijayawada - APPCB",16.554731,80.64911,SO2,14,17,16
India,Andhra_Pradesh,Vijayawada,"Rajiv Nagar, Vijayawada - APPCB",16.554731,80.64911,CO,26,44,34
India,Bihar,Gaya,"Collectorate, Gaya - BSPCB",24.7955,84.9994,NO2,NA,NA,NA
India,Bihar,Gaya,"Collectorate, Gaya - BSPCB",24.7955,84.9994,O3,18,19,18
India,Bihar,Gaya,"SFTI Kusdihra, Gaya - BSPCB",24.762518,84.982348,PM2.5,36,82,58
India,Bihar,Gaya,"SFTI Kusdihra, Gaya - BSPCB",24.762518,84.982348,CO,2,37,20
India,Bihar,Gaya,"SFTI Kusdihra, Gaya - BSPCB",24.762518,84.982348,O3,7,41,33
India,Bihar,Hajipur,"Industrial Area, Hajipur - BSPCB",25.697189,85.2459,SO2,6,9,7
India,Bihar,Katihar,"Mirchaibari, Katihar - BSPCB",25.560083,87.553265,PM10,50,104,78
India,Bihar,Katihar,"Mirchaibari, Katihar - BSPCB",25.560083,87.553265,NH3,1,1,1
India,Assam,Guwahati,"Railway Colony, Guwahati - PCBA",26.181742,91.78063,NO2,3,4,3
India,Assam,Nagaon,"Christianpatty, Nagaon - PCBA",26.349082,92.68449,NH3,2,4,4
India,Assam,Nagaon,"Christianpatty, Nagaon - PCBA",26.349082,92.68449,SO2,9,14,11
India,Assam,Nagaon,"Christianpatty, Nagaon - PCBA",26.349082,92.68449,O3,6,9,8
India,Assam,Nalbari,"Bata Chowk, Nalbari - PCBA",26.446912,91.439057,NO2,NA,NA,NA
India,Assam,Silchar,"Tarapur, Silchar - PCBA",24.82827,92.79525,PM2.5,14,82,42
India,Assam,Silchar,"Tarapur, Silchar - PCBA",24.82827,92.79525,PM10,46,65,54
India,Bihar,Bhagalpur,"Mayaganj, Bhagalpur - BSPCB",25.265194,87.012947,PM10,84,137,109
India,Bihar,Buxar,"Charitra Van, Buxar - BSPCB",25.56752,83.966379,PM2.5,43,113,70
India,Bihar,Buxar,"Charitra Van, Buxar - BSPCB",25.56752,83.966379,NO2,8,10,9
India,Bihar,Buxar,"Charitra Van, Buxar - BSPCB",25.56752,83.966379,NH3,3,3,3
India,Bihar,Chhapra,"Darshan Nagar, Chhapra - BSPCB",25.7808257,84.7446768,PM2.5,8,310,88
India,Andhra_Pradesh,Kadapa,"Yerramukkapalli, Kadapa - APPCB",14.465052,78.824187,PM10,46,102,70
India,Andhra_Pradesh,Kadapa,"Yerramukkapalli, Kadapa - APPCB",14.465052,78.824187,CO,22,32,27
India,Andhra_Pradesh,Kadapa,"Yerramukkapalli, Kadapa - APPCB",14.465052,78.824187,O3,13,15,14
India,Andhra_Pradesh,Rajamahendravaram,"Anand Kala Kshetram, Rajamahendravaram - APPCB",16.9872867,81.7363176,PM10,112,144,124
India,Andhra_Pradesh,Rajamahendravaram,"Anand Kala Kshetram, Rajamahendravaram - APPCB",16.9872867,81.7363176,CO,24,48,32
India,Bihar,Araria,"Kharahiya Basti, Araria - BSPCB",26.146529,87.454184,NH3,4,5,4
India,Bihar,Aurangabad,"Gurdeo Nagar, Aurangabad - BSPCB",24.75746,84.366208,PM10,52,138,77
India,Bihar,Aurangabad,"Gurdeo Nagar, Aurangabad - BSPCB",24.75746,84.366208,NO2,7,8,8
India,Bihar,Begusarai,"Lohiyanagar, Begusarai - BSPCB",25.42742023,86.13886079,PM2.5,43,300,162
India,Andhra_Pradesh,Visakhapatnam,"GVM Corporation, Visakhapatnam - APPCB",17.72,83.3,NH3,4,4,4
India,Andhra_Pradesh,Visakhapatnam,"GVM Corporation, Visakhapatnam - APPCB",17.72,83.3,SO2,1,9,5
India,Andhra_Pradesh,Visakhapatnam,"GVM Corporation, Visakhapatnam - APPCB",17.72,83.3,O3,4,59,50
India,Arunachal_Pradesh,Naharlagun,"Naharlagun, Naharlagun - APSPCB",27.103358,93.679645,PM10,61,362,130
India,Assam,Guwahati,"LGBI Airport, Guwahati - PCBA",26.10887,91.589544,SO2,4,34,14
India,Assam,Guwahati,"LGBI Airport, Guwahati - PCBA",26.10887,91.589544,O3,9,15,14
India,Assam,Guwahati,"Pan Bazaar, Guwahati - PCBA",26.1875,91.744194,NH3,1,1,1
India,Andhra_Pradesh,Amaravati,"Secretariat, Amaravati - APPCB",16.5150833,80.5181667,PM10,122,158,136
India,Andhra_Pradesh,Amaravati,"Secretariat, Amaravati - APPCB",16.5150833,80.5181667,NH3,4,6,5
India,Andhra_Pradesh,Amaravati,"Secretariat, Amaravati - APPCB",16.5150833,80.5181667,CO,16,70,21
India,Bihar,Patna,"Samanpura, Patna - BSPCB",25.596727,85.085624,O3,7,145,110
India,Bihar,Purnia,"Mariam Nagar, Purnia - BSPCB",25.366336,87.117468,NH3,3,3,3
India,Bihar,Purnia,"Mariam Nagar, Purnia - BSPCB",25.366336,87.117468,CO,40,63,50
India,Bihar,Saharsa,"Police Line, Saharsa - BSPCB",25.892357,86.590325,PM10,87,210,145
India,Bihar,Saharsa,"Police Line, Saharsa - BSPCB",25.892357,86.590325,NO2,5,9,7
India,Bihar,Saharsa,"Police Line, Saharsa - BSPCB",25.892357,86.590325,SO2,14,18,15
India,Bihar,Saharsa,"Police Line, Saharsa - BSPCB",25.892357,86.590325,CO,32,41,34
India,Bihar,Sasaram,"Dada Peer, Sasaram - BSPCB",24.952822,84.002396,PM2.5,NA,NA,NA
India,Bihar,Siwan,"Chitragupta Nagar, Siwan - BSPCB",26.2271665,84.3570427,PM10,64,139,105
India,Bihar,Siwan,"Chitragupta Nagar, Siwan - BSPCB",26.2271665,84.3570427,NO2,2,2,2
India,Bihar,Siwan,"Chitragupta Nagar, Siwan - BSPCB",26.2271665,84.3570427,SO2,8,9,9
India,Chhattisgarh,Milupara,"Govt. Higher Secondary School, Milupara - CECB",22.1910172,83.5197009,CO,14,36,16
India,Chhattisgarh,Raipur,"AIIMS, Raipur - CECB",21.258815,81.578979,SO2,3,13,6
India,Chhattisgarh,Raipur,"AIIMS, Raipur - CECB",21.258815,81.578979,CO,18,71,29
India,Chhattisgarh,Raipur,"Bhatagaon New ISBT, Raipur - CECB",21.219665,81.630094,PM10,35,171,88
India,Chhattisgarh,Raipur,"Bhatagaon New ISBT, Raipur - CECB",21.219665,81.630094,NO2,1,62,28
India,Chhattisgarh,Raipur,"Bhatagaon New ISBT, Raipur - CECB",21.219665,81.630094,SO2,5,35,12
India,Chhattisgarh,Raipur,"Krishak Nagar, Raipur - CECB",21.237755,81.705301,CO,14,36,17
India,Chhattisgarh,Raipur,"Siltara Phase-II, Raipur - CECB",21.371751,81.664929,NO2,12,30,20
India,Chhattisgarh,Raipur,"Siltara Phase-II, Raipur - CECB",21.371751,81.664929,SO2,3,4,3
India,Bihar,Patna,"Govt. High School Shikarpur, Patna - BSPCB",25.592539,85.227158,CO,14,169,31
India,Bihar,Patna,"IGSC Planetarium Complex, Patna - BSPCB",25.610369,85.132568,NO2,1,2,2
India,Bihar,Patna,"Rajbansi Nagar, Patna - BSPCB",25.599486,85.113666,CO,12,119,51
India,Bihar,Patna,"Rajbansi Nagar, Patna - BSPCB",25.599486,85.113666,O3,1,36,24
India,Bihar,Patna,"Samanpura, Patna - BSPCB",25.596727,85.085624,PM2.5,55,153,101
India,Chhattisgarh,Korba,"Urja Nagar, Korba - CECB",22.348441,82.549611,PM2.5,35,98,64
India,Chhattisgarh,Korba,"Urja Nagar, Korba - CECB",22.348441,82.549611,NH3,1,1,1
India,Chhattisgarh,Kunjemura,"OP Jindal School, Kunjemura - CECB",22.12665,83.483212,NO2,11,61,33
India,Chhattisgarh,Milupara,"Govt. Higher Secondary School, Milupara - CECB",22.1910172,83.5197009,PM2.5,15,44,32
India,Bihar,Muzaffarpur,"MIT-Daudpur Kothi, Muzaffarpur - BSPCB",26.1403345,85.3650192,SO2,9,13,11
India,Bihar,Muzaffarpur,"MIT-Daudpur Kothi, Muzaffarpur - BSPCB",26.1403345,85.3650192,O3,32,66,52
India,Bihar,Muzaffarpur,"Muzaffarpur Collectorate, Muzaffarpur - BSPCB",26.1209,85.3647,O3,12,18,16
India,Bihar,Patna,"DRM Office Danapur, Patna - BSPCB",25.586562,85.043586,NH3,4,6,5
India,Delhi,Delhi,"Alipur, Delhi - DPCC",28.815329,77.15301,O3,3,60,52
India,Delhi,Delhi,"Anand Vihar, Delhi - DPCC",28.647622,77.315809,PM2.5,58,407,285
India,Delhi,Delhi,"Anand Vihar, Delhi - DPCC",28.647622,77.315809,SO2,4,23,12
India,Delhi,Delhi,"Ashok Vihar, Delhi - DPCC",28.695381,77.181665,PM10,129,480,298
India,Bihar,Siwan,"Chitragupta Nagar, Siwan - BSPCB",26.2271665,84.3570427,CO,41,117,50
India,Bihar,Siwan,"Chitragupta Nagar, Siwan - BSPCB",26.2271665,84.3570427,O3,14,15,15
India,Chhattisgarh,Bhilai,"32Bungalows, Bhilai - CECB",21.194815,81.31477,CO,1,46,11
India,Delhi,Delhi,"Ashok Vihar, Delhi - DPCC",28.695381,77.181665,O3,3,93,78
India,Delhi,Delhi,"Aya Nagar, Delhi - IMD",28.4706914,77.1099364,PM2.5,48,212,127
India,Delhi,Delhi,"Aya Nagar, Delhi - IMD",28.4706914,77.1099364,PM10,106,247,163
India,Chhattisgarh,Bilaspur,"Mangala, Bilaspur - NTPC",22.08815,82.13737,SO2,10,53,20
India,Delhi,Delhi,"Narela, Delhi - DPCC",28.822836,77.101981,PM10,146,364,266
India,Delhi,Delhi,"Narela, Delhi - DPCC",28.822836,77.101981,O3,2,115,96
India,Delhi,Delhi,"Nehru Nagar, Delhi - DPCC",28.56789,77.250515,NO2,68,147,101
India,Delhi,Delhi,"Nehru Nagar, Delhi - DPCC",28.56789,77.250515,NH3,7,14,10
India,Delhi,Delhi,"North Campus, DU, Delhi - IMD",28.6573814,77.1585447,O3,15,199,116
India,Delhi,Delhi,"Okhla Phase-2, Delhi - DPCC",28.530785,77.271255,SO2,9,74,14
India,Delhi,Delhi,"Okhla Phase-2, Delhi - DPCC",28.530785,77.271255,CO,40,124,58
India,Delhi,Delhi,"Patparganj, Delhi - DPCC",28.623763,77.287209,PM10,105,341,219
India,Delhi,Delhi,"Patparganj, Delhi - DPCC",28.623763,77.287209,NO2,6,105,55
India,Delhi,Delhi,"DTU, Delhi - CPCB",28.7500499,77.1112615,SO2,35,38,36
India,Delhi,Delhi,"Dr. Karni Singh Shooting Range, Delhi - DPCC",28.498571,77.26484,PM2.5,NA,NA,NA
India,Delhi,Delhi,"Dr. Karni Singh Shooting Range, Delhi - DPCC",28.498571,77.26484,O3,87,135,125
India,Delhi,Delhi,"Dwarka-Sector 8, Delhi - DPCC ",28.5710274,77.0719006,PM2.5,57,304,183
India,Delhi,Delhi,"Dwarka-Sector 8, Delhi - DPCC ",28.5710274,77.0719006,O3,9,97,91
India,Delhi,Delhi,"IGI Airport (T3), Delhi - IMD",28.5627763,77.1180053,PM2.5,45,250,137
India,Delhi,Delhi,"Major Dhyan Chand National Stadium, Delhi - DPCC",28.611281,77.237738,O3,1,103,88
India,Delhi,Delhi,"Mandir Marg, Delhi - DPCC",28.636429,77.201067,PM10,113,204,156
India,Delhi,Delhi,"Mundka, Delhi - DPCC",28.684678,77.076574,PM10,122,500,324
India,Delhi,Delhi,"Mundka, Delhi - DPCC",28.684678,77.076574,NO2,62,186,110
India,Delhi,Delhi,"NSIT Dwarka, Delhi - CPCB",28.60909,77.0325413,PM10,74,247,137
India,Delhi,Delhi,"NSIT Dwarka, Delhi - CPCB",28.60909,77.0325413,SO2,9,21,16
India,Delhi,Delhi,"Sirifort, Delhi - CPCB",28.5504249,77.2159377,CO,14,102,25
India,Delhi,Delhi,"Sonia Vihar, Delhi - DPCC",28.710508,77.249485,PM10,118,445,328
India,Delhi,Delhi,"Vivek Vihar, Delhi - DPCC",28.672342,77.31526,CO,18,147,29
India,Delhi,Delhi,"Wazirpur, Delhi - DPCC",28.699793,77.165453,PM10,185,490,356
India,Delhi,Delhi,"Wazirpur, Delhi - DPCC",28.699793,77.165453,O3,17,23,19
India,Delhi,Delhi,"Patparganj, Delhi - DPCC",28.623763,77.287209,CO,10,113,15
India,Delhi,Delhi,"Punjabi Bagh, Delhi - DPCC",28.674045,77.131023,PM2.5,65,357,241
India,Delhi,Delhi,"Punjabi Bagh, Delhi - DPCC",28.674045,77.131023,O3,3,66,54
India,Delhi,Delhi,"Pusa, Delhi - DPCC",28.639652,77.146275,NO2,31,128,85
India,Delhi,Delhi,"Pusa, Delhi - DPCC",28.639652,77.146275,SO2,9,14,12
India,Delhi,Delhi,"IHBAS, Dilshad Garden, Delhi - CPCB",28.6811736,77.3025234,O3,25,34,29
India,Delhi,Delhi,"IIT Delhi, Delhi - IITM",28.54246,77.191651,PM2.5,40,258,142
India,Delhi,Delhi,"IIT Delhi, Delhi - IITM",28.54246,77.191651,NO2,13,92,40
India,Delhi,Delhi,"ITO, Delhi - CPCB",28.628624,77.24106,SO2,8,28,18
India,Delhi,Delhi,"Jahangirpuri, Delhi - DPCC",28.73282,77.170633,PM10,123,459,325
India,Delhi,Delhi,"Jawaharlal Nehru Stadium, Delhi - DPCC",28.58028,77.233829,NO2,41,158,93
India,Delhi,Delhi,"Jawaharlal Nehru Stadium, Delhi - DPCC",28.58028,77.233829,NH3,13,17,15
India,Delhi,Delhi,"Burari Crossing, Delhi - IMD",28.7256504,77.2011573,CO,25,133,38
India,Delhi,Delhi,"Chandni Chowk, Delhi - IITM",28.656756,77.227234,PM2.5,76,343,250
India,Delhi,Delhi,"Rohini, Delhi - DPCC",28.732528,77.11992,NH3,10,21,15
India,Delhi,Delhi,"Rohini, Delhi - DPCC",28.732528,77.11992,O3,2,112,76
India,Gujarat,Vatva,"Phase-4 GIDC, Vatva - GPCB",22.969611,72.6435,NH3,2,16,9
India,Gujarat,Vatva,"Phase-4 GIDC, Vatva - GPCB",22.969611,72.6435,CO,16,30,20
India,Haryana,Ambala,"Patti Mehar, Ambala - HSPCB",30.379589,76.778328,PM10,99,142,115
India,Haryana,Bahadurgarh,"Arya Nagar, Bahadurgarh - HSPCB",28.6701,76.9254,NH3,12,13,13
India,Haryana,Bahadurgarh,"Arya Nagar, Bahadurgarh - HSPCB",28.6701,76.9254,SO2,7,7,7
India,Haryana,Ballabgarh,"Nathu Colony, Ballabgarh - HSPCB",28.3419248,77.319699,PM10,116,293,167
India,Haryana,Ballabgarh,"Nathu Colony, Ballabgarh - HSPCB",28.3419248,77.319699,NO2,19,21,20
India,Haryana,Bhiwani,"H.B. Colony, Bhiwani - HSPCB",28.806223,76.141105,NH3,2,4,3
India,Haryana,Gurugram,"Teri Gram, Gurugram - HSPCB",28.4275,77.1465,O3,15,37,34
India,Haryana,Gurugram,"Vikas Sadan, Gurugram - HSPCB",28.4501238,77.0263051,PM10,64,440,231
India,Haryana,Gurugram,"Vikas Sadan, Gurugram - HSPCB",28.4501238,77.0263051,O3,4,31,24
India,Haryana,Hisar,"Urban Estate-II, Hisar - HSPCB",29.14056,75.744941,NH3,10,11,11
India,Haryana,Jind,"Police Lines, Jind - HSPCB",29.307814,76.337619,NH3,1,3,2
India,Haryana,Kurukshetra,"Sector-7, Kurukshetra - HSPCB",29.966942,76.875879,PM10,116,206,159
India,Haryana,Kurukshetra,"Sector-7, Kurukshetra - HSPCB",29.966942,76.875879,NO2,15,23,19
India,Haryana,Charkhi Dadri,"Mini Secretariat, Charkhi Dadri - HSPCB",28.593883,76.270653,PM10,85,109,97
India,Haryana,Charkhi Dadri,"Mini Secretariat, Charkhi Dadri - HSPCB",28.593883,76.270653,CO,9,25,14
India,Haryana,Dharuhera,"Municipal Corporation Office, Dharuhera -  HSPCB",28.2068,76.7997,NO2,NA,NA,NA
India,Haryana,Faridabad,"New Industrial Town, Faridabad - HSPCB",28.39072,77.30059,NO2,23,27,25
India,Haryana,Faridabad,"Sector 11, Faridabad - HSPCB",28.376058,77.315741,PM10,74,266,140
India,Haryana,Faridabad,"Sector 11, Faridabad - HSPCB",28.376058,77.315741,SO2,7,103,13
India,Gujarat,Gandhinagar,"GIFT City, Gandhinagar - IITM",23.163798,72.677768,PM2.5,7,53,28
India,Gujarat,Gandhinagar,"GIFT City, Gandhinagar - IITM",23.163798,72.677768,SO2,3,12,7
India,Gujarat,Gandhinagar,"IIPHG Lekawada, Gandhinagar - IITM",23.243639,72.68994,SO2,NA,NA,NA
India,Gujarat,Gandhinagar,"Sector-10, Gandhinagar - GPCB",23.221714,72.654328,NH3,2,6,4
India,Gujarat,Mehsana,"Sadanand Nagar, Mehsana - Nexteng Enviro",23.59315,72.372792,PM10,35,141,83
India,Gujarat,Mehsana,"Sadanand Nagar, Mehsana - Nexteng Enviro",23.59315,72.372792,CO,110,121,111
India,Gujarat,Ahmedabad,"Chandkheda, Ahmedabad - IITM",23.107969,72.574648,NO2,19,107,60
India,Gujarat,Ahmedabad,"Raikhad, Ahmedabad - IITM",23.020509,72.579261,PM10,129,197,154
India,Gujarat,Ahmedabad,"Raikhad, Ahmedabad - IITM",23.020509,72.579261,NH3,14,65,22
India,Gujarat,Ahmedabad,"Raikhad, Ahmedabad - IITM",23.020509,72.579261,CO,2,70,11
India,Gujarat,Ahmedabad,"Rakhial, Ahmedabad - IITM",23.016834,72.625775,O3,2,99,69
India,Gujarat,Ahmedabad,"SAC ISRO Bopal, Ahmedabad - IITM",23.041137,72.456691,PM10,65,157,112
India,Gujarat,Ahmedabad,"SAC ISRO Bopal, Ahmedabad - IITM",23.041137,72.456691,NH3,8,13,11
India,Gujarat,Ahmedabad,"SVPI Airport Hansol, Ahmedabad - IITM",23.076793,72.627874,PM10,106,228,156
India,Gujarat,Ahmedabad,"SVPI Airport Hansol, Ahmedabad - IITM",23.076793,72.627874,CO,6,104,21
India,Gujarat,Ankleshwar,"GIDC, Ankleshwar - GPCB",21.613267,73.010555,NH3,4,6,4
India,Gujarat,Surat,"Katargam, Surat - Nexteng Enviro",21.217779,72.834787,NH3,3,5,4
India,Gujarat,Vadodara,"Bapunagar, Vadodara - Nexteng Enviro",22.320153,73.216285,PM2.5,24,308,162
India,Gujarat,Vadodara,"Bapunagar, Vadodara - Nexteng Enviro",22.320153,73.216285,CO,76,135,116
India,Haryana,Gurugram,"NISE Gwal Pahari, Gurugram - IMD",28.422681,77.148944,PM2.5,52,321,145
India,Haryana,Gurugram,"NISE Gwal Pahari, Gurugram - IMD",28.422681,77.148944,PM10,86,340,145
India,Haryana,Gurugram,"NISE Gwal Pahari, Gurugram - IMD",28.422681,77.148944,CO,23,74,26
India,Haryana,Gurugram,"NISE Gwal Pahari, Gurugram - IMD",28.422681,77.148944,O3,9,50,27
India,Haryana,Gurugram,"Teri Gram, Gurugram - HSPCB",28.4275,77.1465,NH3,NA,NA,NA
India,Haryana,Gurugram,"Teri Gram, Gurugram - HSPCB",28.4275,77.1465,SO2,NA,NA,NA
India,Karnataka,Chamarajanagar,"Urban, Chamarajanagar - KSPCB",11.55358,76.55521,NH3,1,3,2
India,Karnataka,Chamarajanagar,"Urban, Chamarajanagar - KSPCB",11.55358,76.55521,O3,14,38,32
India,Karnataka,Chikkaballapur,"Chikkaballapur Rural, Chikkaballapur - KSPCB",13.428828,77.731418,NO2,11,53,26
India,Karnataka,Chikkaballapur,"Chikkaballapur Rural, Chikkaballapur - KSPCB",13.428828,77.731418,NH3,5,9,7
India,Karnataka,Chikkaballapur,"Chikkaballapur Rural, Chikkaballapur - KSPCB",13.428828,77.731418,CO,13,26,20
India,Karnataka,Chikkamagaluru,"Kalyana Nagara, Chikkamagaluru - KSPCB",13.328028,75.797056,CO,6,11,10
India,Karnataka,Dharwad,"Kalabhavan, Dharwad - KSPCB",15.459706,75.008381,PM10,95,142,109
India,Karnataka,Hubballi,"Lingaraj Nagar, Hubballi - KSPCB",15.3714823,75.1160168,PM2.5,41,56,46
India,Karnataka,Hubballi,"Lingaraj Nagar, Hubballi - KSPCB",15.3714823,75.1160168,CO,15,30,20
India,Karnataka,Kalaburagi,"Mahatma Basaveswar Colony, Kalaburgi - KSPCB",17.336318,76.847397,PM10,30,74,61
India,Karnataka,Bengaluru,"Bapuji Nagar, Bengaluru - KSPCB",12.951913,77.539784,SO2,17,47,32
India,Karnataka,Bengaluru,"Bapuji Nagar, Bengaluru - KSPCB",12.951913,77.539784,O3,109,300,251
India,Karnataka,Bengaluru,"City Railway Station, Bengaluru - KSPCB",12.9756843,77.5660749,PM10,91,102,98
India,Karnataka,Bengaluru,"Hombegowda Nagar, Bengaluru - KSPCB",12.938539,77.5901,PM2.5,58,103,83
India,Karnataka,Bengaluru,"Hombegowda Nagar, Bengaluru - KSPCB",12.938539,77.5901,PM10,94,128,113
India,Karnataka,Bengaluru,"Hombegowda Nagar, Bengaluru - KSPCB",12.938539,77.5901,NH3,4,8,5
India,Karnataka,Bengaluru,"Hombegowda Nagar, Bengaluru - KSPCB",12.938539,77.5901,SO2,14,46,23
India,Karnataka,Bengaluru,"Jayanagar 5th Block, Bengaluru - KSPCB",12.920984,77.584908,SO2,1,17,9
India,Karnataka,Bengaluru,"Jigani, Bengaluru - KSPCB",12.7816279,77.6299145,NH3,3,4,3
India,Karnataka,Bengaluru,"Kasturi Nagar, Bengaluru - KSPCB",13.003872,77.664217,PM2.5,57,63,60
India,Haryana,Mandikhera,"General Hospital, Mandikhera(Nuh) - HSPCB",27.9002,76.9938,PM10,50,101,75
India,Haryana,Narnaul,"Shastri Nagar, Narnaul - HSPCB",28.060249,76.113115,PM2.5,40,186,88
India,Haryana,Narnaul,"Shastri Nagar, Narnaul - HSPCB",28.060249,76.113115,NH3,5,22,12
India,Haryana,Narnaul,"Shastri Nagar, Narnaul - HSPCB",28.060249,76.113115,SO2,3,5,4
India,Haryana,Narnaul,"Shastri Nagar, Narnaul - HSPCB",28.060249,76.113115,CO,48,68,51
India,Haryana,Palwal,"Shyam Nagar, Palwal - HSPCB",28.1485564,77.3320667,O3,16,19,18
India,Haryana,Panchgaon,"Amity University, Panchgaon - IITM",28.3153,76.9143,PM2.5,95,210,143
India,Haryana,Panchgaon,"Amity University, Panchgaon - IITM",28.3153,76.9143,PM10,84,129,104
India,Karnataka,Kalaburagi,"Mahatma Basaveswar Colony, Kalaburgi - KSPCB",17.336318,76.847397,NH3,2,4,3
India,Karnataka,Kalaburagi,"Mahatma Basaveswar Colony, Kalaburgi - KSPCB",17.336318,76.847397,O3,14,29,20
India,Karnataka,Madikeri,"Stuart Hill, Madikeri - KSPCB",12.415911,75.73505,PM10,43,69,58
India,Karnataka,Mysuru,"Hebbal 1st Stage, Mysuru - KSPCB",12.21041,76.37376,SO2,1,7,3
India,Karnataka,Tumakuru,"Thimmalapura, Tumakuru - KSPCB",13.377516,77.099072,CO,53,54,53
India,Karnataka,Vijayapura,"Ibrahimpur, Vijayapura - KSPCB",16.802639,75.722694,PM2.5,30,31,30
India,Jammu_and_Kashmir,Srinagar,"Rajbagh, Srinagar - JKPCC",34.066206,74.81982,PM2.5,21,52,36
India,Karnataka,Bagalkot,"Vidayagiri, Bagalkot - KSPCB",16.172806,75.659694,CO,6,39,20
India,Karnataka,Bagalkot,"Vidayagiri, Bagalkot - KSPCB",16.172806,75.659694,O3,12,12,12
India,Karnataka,Bengaluru,"BTM Layout, Bengaluru - CPCB",12.9135218,77.5950804,O3,20,21,20
India,Karnataka,Bengaluru,"Bapuji Nagar, Bengaluru - KSPCB",12.951913,77.539784,PM2.5,55,90,74
India,Karnataka,Bengaluru,"Bapuji Nagar, Bengaluru - KSPCB",12.951913,77.539784,NH3,6,9,7
India,Karnataka,Bengaluru,"Kasturi Nagar, Bengaluru - KSPCB",13.003872,77.664217,NH3,2,5,4
India,Karnataka,Bengaluru,"Kasturi Nagar, Bengaluru - KSPCB",13.003872,77.664217,CO,34,49,46
India,Karnataka,Bengaluru,"Peenya, Bengaluru - CPCB",13.0270199,77.494094,SO2,6,13,9
India,Karnataka,Bengaluru,"Peenya, Bengaluru - CPCB",13.0270199,77.494094,CO,6,31,11
India,Karnataka,Bengaluru,"RVCE-Mailasandra, Bengaluru - KSPCB",12.921418,77.502466,NO2,24,31,31
India,Karnataka,Bengaluru,"Sanegurava Halli, Bengaluru - KSPCB",12.990328,77.5431385,NO2,17,18,18
India,Karnataka,Bengaluru,"Sanegurava Halli, Bengaluru - KSPCB",12.990328,77.5431385,SO2,6,8,6
India,Karnataka,Vijayapura,"Ibrahimpur, Vijayapura - KSPCB",16.802639,75.722694,NH3,1,2,1
India,Karnataka,Yadgir,"Collector Office, Yadgir - KSPCB",16.7602,77.1428,O3,17,21,19
India,Kerala,Eloor,"Udyogamandal, Eloor - Kerala PCB",10.073232,76.302765,NO2,7,8,8
India,Kerala,Kannur,"Thavakkara, Kannur - Kerala PCB",11.875,75.3732,NO2,14,17,15
India,Himachal Pradesh,Baddi,"HIMUDA Complex Phase-1, Baddi - HPPCB",30.943887,76.801991,O3,47,157,128
India,Jammu_and_Kashmir,Pampore,"Khrew, Pampore - JKPCC",34.031606,75.009712,SO2,2,3,2
India,Haryana,Panchkula,"Sector-6, Panchkula - HSPCB ",30.7057778,76.85318056,SO2,14,15,15
India,Haryana,Sonipat,"Murthal, Sonipat - HSPCB",29.0272,77.0621,SO2,7,9,8
India,Maharashtra,Ahmednagar,"Tarakpur, Ahmednagar - MPCB",19.10122,74.73339,PM10,87,197,124
India,Maharashtra,Ahmednagar,"Tarakpur, Ahmednagar - MPCB",19.10122,74.73339,CO,26,131,52
India,Maharashtra,Ahmednagar,"Tarakpur, Ahmednagar - MPCB",19.10122,74.73339,O3,4,143,124
India,Maharashtra,Akola,"Ramdaspeth, Akola - MPCB",20.719516,77.000253,NH3,1,10,3
India,Maharashtra,Akola,"Ramdaspeth, Akola - MPCB",20.719516,77.000253,O3,24,75,70
India,Maharashtra,Amravati,"Shivneri Colony, Amravati - MPCB",20.9402359,77.7895248,PM2.5,40,58,49
India,Maharashtra,Amravati,"Shivneri Colony, Amravati - MPCB",20.9402359,77.7895248,PM10,65,99,79
India,Maharashtra,Amravati,"Shivneri Colony, Amravati - MPCB",20.9402359,77.7895248,NH3,5,5,5
India,Maharashtra,Amravati,"Shivneri Colony, Amravati - MPCB",20.9402359,77.7895248,CO,13,32,15
India,Maharashtra,Amravati,"Shri Shivaji Science College, Amravati - MPCB",20.939198,77.765701,PM10,69,201,100
India,Maharashtra,Amravati,"Shri Shivaji Science College, Amravati - MPCB",20.939198,77.765701,NH3,2,9,4
India,Maharashtra,Aurangabad,"MIDC Chilkalthana, Aurangabad - MPCB",19.87562,75.38731,PM2.5,69,218,115
India,Madhya Pradesh,Jabalpur,"Marhatal, Jabalpur - MPPCB",23.168606,79.932247,SO2,16,28,25
India,Madhya Pradesh,Jabalpur,"Marhatal, Jabalpur - MPPCB",23.168606,79.932247,CO,4,96,53
India,Madhya Pradesh,Jabalpur,"Suhagi, Jabalpur - JMC",23.218135,79.95777,CO,38,127,63
India,Madhya Pradesh,Jabalpur,"Suhagi, Jabalpur - JMC",23.218135,79.95777,O3,28,63,53
India,Madhya Pradesh,Katni,"Gole Bazar, Katni - MPPCB",23.50016,80.23284,SO2,2,60,33
India,Madhya Pradesh,Mandideep,"Sector-D Industrial Area, Mandideep - MPPCB",23.10844,77.511428,NO2,49,155,87
India,Madhya Pradesh,Mandideep,"Sector-D Industrial Area, Mandideep - MPPCB",23.10844,77.511428,O3,6,34,30
India,Madhya Pradesh,Pithampur,"Sector-2 Industrial Area, Pithampur - MPPCB",22.624758,75.675238,PM2.5,52,248,97
India,Madhya Pradesh,Pithampur,"Sector-2 Industrial Area, Pithampur - MPPCB",22.624758,75.675238,SO2,26,36,31
India,Kerala,Thiruvananthapuram,"Kariavattom, Thiruvananthapuram - Kerala PCB",8.5637,76.8865,CO,14,23,20
India,Kerala,Thiruvananthapuram,"Plammoodu, Thiruvananthapuram - Kerala PCB",8.5149093,76.9435879,CO,11,32,22
India,Madhya Pradesh,Bhopal,"Idgah Hills, Bhopal - MPPCB",23.264759,77.381568,NH3,4,5,5
India,Madhya Pradesh,Bhopal,"Paryavaran Parisar, Bhopal - MPPCB",23.210494,77.425409,PM2.5,18,270,58
India,Madhya Pradesh,Bhopal,"T T Nagar, Bhopal - MPPCB",23.233584,77.400574,PM2.5,22,59,40
India,Madhya Pradesh,Bhopal,"T T Nagar, Bhopal - MPPCB",23.233584,77.400574,PM10,54,115,79
India,Madhya Pradesh,Bhopal,"T T Nagar, Bhopal - MPPCB",23.233584,77.400574,NO2,25,55,35
India,Madhya Pradesh,Bhopal,"T T Nagar, Bhopal - MPPCB",23.233584,77.400574,NH3,5,6,6
India,Madhya Pradesh,Ratlam,"Shasthri Nagar, Ratlam - IPCA Lab",23.331731,75.045981,NO2,13,43,24
India,Madhya Pradesh,Sagar,"Civil Lines, Sagar - MPPCB",23.838586,78.759431,PM2.5,22,67,39
India,Madhya Pradesh,Sagar,"Civil Lines, Sagar - MPPCB",23.838586,78.759431,NO2,7,62,20
India,Madhya Pradesh,Sagar,"Deen Dayal Nagar, Sagar - MPPCB",23.8640158,78.80289321,CO,12,26,16
India,Madhya Pradesh,Singrauli,"Suryakiran Bhawan NCL, Singrauli - MPPCB",24.10897,82.64558,PM2.5,56,305,161
India,Madhya Pradesh,Singrauli,"Suryakiran Bhawan NCL, Singrauli - MPPCB",24.10897,82.64558,SO2,49,125,75
India,Madhya Pradesh,Ujjain,"Mahashweta Nagar, Ujjain - MPPCB",23.1633321,75.800225,CO,17,59,26
India,Madhya Pradesh,Indore,"Regional Park, Indore - IMC",22.678,75.8559,PM10,NA,NA,NA
India,Madhya Pradesh,Indore,"Regional Park, Indore - IMC",22.678,75.8559,SO2,9,12,11
India,Madhya Pradesh,Indore,"Regional Park, Indore - IMC",22.678,75.8559,CO,10,38,11
India,Madhya Pradesh,Indore,"Regional Park, Indore - IMC",22.678,75.8559,O3,5,11,10
India,Madhya Pradesh,Indore,"Residency Area, Indore - IMC",22.7084,75.8815,NO2,15,34,26
India,Madhya Pradesh,Indore,"Residency Area, Indore - IMC",22.7084,75.8815,NH3,NA,NA,NA
India,Madhya Pradesh,Jabalpur,"Govindh Bhavan Colony, Jabalpur - JMC",23.163174,79.973061,PM10,25,80,42
India,Madhya Pradesh,Jabalpur,"Govindh Bhavan Colony, Jabalpur - JMC",23.163174,79.973061,NH3,2,2,2
India,Madhya Pradesh,Jabalpur,"Gupteshwar, Jabalpur - JMC",23.142888,79.916147,NH3,2,2,2
India,Madhya Pradesh,Dewas,"Bhopal Chauraha, Dewas - MPPCB",22.9682591,76.064118,NH3,NA,NA,NA
India,Madhya Pradesh,Gwalior,"Deen Dayal Nagar, Gwalior - MPPCB",26.259242,78.216432,NO2,9,17,12
India,Madhya Pradesh,Gwalior,"Deen Dayal Nagar, Gwalior - MPPCB",26.259242,78.216432,SO2,2,16,6
India,Madhya Pradesh,Gwalior,"Maharaj Bada, Gwalior - MPPCB",26.200388,78.147714,PM2.5,20,247,76
India,Madhya Pradesh,Gwalior,"Maharaj Bada, Gwalior - MPPCB",26.200388,78.147714,NO2,9,33,18
India,Madhya Pradesh,Indore,"Airport Area, Indore - IMC",22.7289,75.8076,PM2.5,8,327,135
India,Madhya Pradesh,Indore,"Airport Area, Indore - IMC",22.7289,75.8076,SO2,1,6,3
India,Maharashtra,Aurangabad,"MIDC Chilkalthana, Aurangabad - MPCB",19.87562,75.38731,O3,17,66,61
India,Maharashtra,Aurangabad,"More Chowk Waluj, Aurangabad - MPCB",19.8389439,75.244448,NH3,10,11,11
India,Maharashtra,Aurangabad,"Rachnakar Colony, Aurangabad - MPCB",19.863756,75.321188,NO2,12,89,34
India,Maharashtra,Badlapur,"Katrap, Badlapur - MPCB",19.16485,73.23409,O3,12,85,62
India,Maharashtra,Belapur,"CBD Belapur, Belapur - MPCB",19.0243902,73.0406721,PM2.5,59,191,112
India,Maharashtra,Bhiwandi,"Gokul Nagar, Bhiwandi - MPCB",19.309073,73.057223,CO,22,73,25
India,Maharashtra,Boisar,"Khaira, Boisar - MPCB",19.786089,72.757971,PM2.5,40,125,61
India,Madhya Pradesh,Indore,"Chhoti Gwaltoli, Indore - MPPCB",22.431,75.5213,PM10,55,406,119
India,Madhya Pradesh,Indore,"Chhoti Gwaltoli, Indore - MPPCB",22.431,75.5213,NH3,1,4,2
India,Madhya Pradesh,Indore,"Maguda Nagar, Indore - IMC",22.7524,75.8872,PM10,32,500,77
India,Maharashtra,Boisar,"Khaira, Boisar - MPCB",19.786089,72.757971,PM10,53,120,89
India,Maharashtra,Boisar,"Khaira, Boisar - MPCB",19.786089,72.757971,NO2,NA,NA,NA
India,Maharashtra,Chandrapur,"Chauhan Colony, Chandrapur - MPCB",19.9629,79.298714,PM2.5,18,77,35
India,Maharashtra,Chandrapur,"Chauhan Colony, Chandrapur - MPCB",19.9629,79.298714,CO,16,22,20
India,Maharashtra,Chandrapur,"MIDC Khutala, Chandrapur - MPCB",19.9775302,79.2337086,SO2,8,9,9
India,Maharashtra,Chandrapur,"MIDC Khutala, Chandrapur - MPCB",19.9775302,79.2337086,O3,17,19,18
India,Maharashtra,Dhule,"Deopur, Dhule - MPCB",20.918946,74.776388,NO2,7,41,15
India,Maharashtra,Dhule,"Deopur, Dhule - MPCB",20.918946,74.776388,CO,18,68,27
India,Maharashtra,Jalgaon,"Prabhat Colony, Jalgaon - MPCB",21.001264,75.565602,PM2.5,NA,NA,NA
India,Maharashtra,Jalgaon,"Prabhat Colony, Jalgaon - MPCB",21.001264,75.565602,NO2,NA,NA,NA
India,Maharashtra,Mira-Bhayandar,"Bhayandar West, Mira-Bhayandar - MPCB",19.296481,72.840923,PM2.5,37,137,75
India,Maharashtra,Mira-Bhayandar,"Bhayandar West, Mira-Bhayandar - MPCB",19.296481,72.840923,O3,1,39,32
India,Maharashtra,Mumbai,"Bandra Kurla Complex, Mumbai - IITM",19.053536,72.84643,CO,2,100,18
India,Maharashtra,Mumbai,"Bandra Kurla Complex, Mumbai - IITM",19.053536,72.84643,O3,1,38,23
India,Maharashtra,Mumbai,"Borivali East, Mumbai - MPCB",19.2243333,72.8658113,PM2.5,31,47,39
India,Maharashtra,Mumbai,"Borivali East, Mumbai - MPCB",19.2243333,72.8658113,NO2,NA,NA,NA
India,Maharashtra,Mumbai,"Borivali East, Mumbai - MPCB",19.2243333,72.8658113,SO2,16,20,18
India,Maharashtra,Mumbai,"Chakala-Andheri East, Mumbai - IITM",19.11074,72.86084,CO,2,84,8
India,Maharashtra,Mumbai,"Chembur, Mumbai - MPCB",19.0364585,72.8954371,SO2,3,24,11
India,Maharashtra,Mumbai,"Chhatrapati Shivaji Intl. Airport (T2), Mumbai - MPCB",19.10078,72.87462,NO2,1,16,2
India,Maharashtra,Mumbai,"Colaba, Mumbai - MPCB",18.91,72.82,PM10,33,128,48
India,Maharashtra,Mumbai,"Deonar, Mumbai - IITM",19.04946,72.923,PM10,95,172,124
India,Maharashtra,Kolhapur,"Shivaji University, Kolhapur - MPCB",16.6870449,74.2505872,O3,4,66,57
India,Maharashtra,Kolhapur,"Sinchan Bhavan, Kolhapur - MPCB",16.7143745,74.2426398,NH3,NA,NA,NA
India,Maharashtra,Kolhapur,"Sinchan Bhavan, Kolhapur - MPCB",16.7143745,74.2426398,CO,4,46,21
India,Maharashtra,Malegaon,"Mahesh Nagar, Malegaon - MPCB",20.555712,74.529236,PM10,86,213,126
India,Maharashtra,Malegaon,"Mahesh Nagar, Malegaon - MPCB",20.555712,74.529236,NH3,1,1,1
India,Maharashtra,Malegaon,"Mahesh Nagar, Malegaon - MPCB",20.555712,74.529236,O3,7,96,86
India,Maharashtra,Kalyan,"Khadakpada, Kalyan - MPCB",19.25292,73.142019,PM10,49,106,75
India,Maharashtra,Kalyan,"Khadakpada, Kalyan - MPCB",19.25292,73.142019,NO2,36,37,36
India,Maharashtra,Kalyan,"Pimpleshwar Mandir, Kalyan - MPCB",19.192056,72.9585188,PM2.5,40,193,107
India,Maharashtra,Kalyan,"Pimpleshwar Mandir, Kalyan - MPCB",19.192056,72.9585188,SO2,14,52,21
India,Maharashtra,Kolhapur,"Shivaji University, Kolhapur - MPCB",16.6870449,74.2505872,PM2.5,29,80,51
India,Maharashtra,Mumbai,"Kurla, Mumbai - MPCB",19.0863,72.8888,CO,12,57,16
India,Maharashtra,Mumbai,"Malad West, Mumbai - IITM",19.19709,72.82204,SO2,4,45,22
India,Maharashtra,Mumbai,"Mazgaon, Mumbai - IITM",18.96702,72.84214,O3,8,83,78
India,Maharashtra,Mumbai,"Mindspace-Malad West, Mumbai - MPCB",19.1878657,72.8304069,PM10,93,111,101
India,Maharashtra,Mumbai,"Mindspace-Malad West, Mumbai - MPCB",19.1878657,72.8304069,O3,3,45,20
India,Maharashtra,Mumbai,"Navy Nagar-Colaba, Mumbai - IITM",18.897756,72.81332,NH3,8,24,11
India,Maharashtra,Mumbai,"Navy Nagar-Colaba, Mumbai - IITM",18.897756,72.81332,SO2,17,39,24
India,Maharashtra,Mumbai,"Navy Nagar-Colaba, Mumbai - IITM",18.897756,72.81332,CO,18,55,28
India,Maharashtra,Mumbai,"Sewri, Mumbai - BMC",19.000084,72.85673,SO2,1,22,8
India,Maharashtra,Mumbai,"Shivaji Nagar, Mumbai - BMC",19.060498,72.923356,O3,4,36,25
India,Maharashtra,Mumbai,"Deonar, Mumbai - IITM",19.04946,72.923,CO,26,99,32
India,Maharashtra,Mumbai,"Deonar, Mumbai - IITM",19.04946,72.923,O3,1,60,49
India,Maharashtra,Mumbai,"Ghatkopar, Mumbai - BMC",19.083694,72.920967,CO,2,50,11
India,Maharashtra,Mumbai,"Ghatkopar, Mumbai - BMC",19.083694,72.920967,O3,2,60,48
India,Maharashtra,Mumbai,"Kandivali West, Mumbai - BMC",19.215859,72.831718,O3,8,59,59
India,Maharashtra,Mumbai,"Khindipada-Bhandup West, Mumbai - IITM",19.1653323,72.922099,NO2,15,55,24
India,Maharashtra,Mumbai,"Khindipada-Bhandup West, Mumbai - IITM",19.1653323,72.922099,CO,4,37,12
India,Maharashtra,Mumbai,"Kurla, Mumbai - MPCB",19.0863,72.8888,PM10,56,142,103
India,Maharashtra,Pune,"Transport Nagar-Nigdi, Pune - IITM",18.664282,73.763966,NO2,19,123,55
India,Maharashtra,Pune,"Transport Nagar-Nigdi, Pune - IITM",18.664282,73.763966,CO,52,78,56
India,Maharashtra,Sangli,"Vijay Nagar, Sangli - MPCB",16.5038,74.3623,PM10,79,217,119
India,Maharashtra,Sangli,"Vijay Nagar, Sangli - MPCB",16.5038,74.3623,CO,24,101,28
India,Maharashtra,Sangli,"Vijay Nagar, Sangli - MPCB",16.5038,74.3623,O3,2,54,51
India,Maharashtra,Solapur,"Dnyaneshwar Nagar, Solapur - MPCB",17.6336264,75.9132495,PM2.5,44,103,88
India,Maharashtra,Solapur,"Ratandeep Housing Society, Solapur - MPCB",17.65439,75.90649,NH3,2,9,4
India,Maharashtra,Nagpur,"Ram Nagar, Nagpur - MPCB",21.143383,79.048912,O3,3,56,53
India,Maharashtra,Nanded,"Sneh Nagar, Nanded - MPCB",19.173852,77.296291,NH3,4,6,4
India,Maharashtra,Nashik,"Gangapur Road, Nashik - MPCB",20.0073285,73.7762427,NO2,5,5,5
India,Maharashtra,Nashik,"Gangapur Road, Nashik - MPCB",20.0073285,73.7762427,CO,21,22,22
India,Maharashtra,Nashik,"Hirawadi, Nashik - MPCB",20.021503,73.813844,NO2,6,33,19
India,Maharashtra,Nashik,"MIDC Ambad, Nashik - MPCB",19.95022,73.73148,PM10,105,304,142
India,Maharashtra,Mumbai,"Worli, Mumbai -MPCB",18.994218,72.8158167,PM2.5,52,222,101
India,Maharashtra,Mumbai,"Worli, Mumbai -MPCB",18.994218,72.8158167,CO,7,65,13
India,Maharashtra,Nagpur,"Ambazari, Nagpur - MPCB",21.121801,79.04952,SO2,22,107,38
India,Maharashtra,Nagpur,"Mahal, Nagpur - MPCB",21.14472,79.107595,PM10,100,168,129
India,Maharashtra,Nagpur,"Opp GPO Civil Lines, Nagpur - MPCB",21.152875,79.0517531,PM2.5,33,201,100
India,Maharashtra,Nagpur,"Opp GPO Civil Lines, Nagpur - MPCB",21.152875,79.0517531,NO2,13,50,26
India,Maharashtra,Pune,"Dhankawadi, Pune - IITM",18.459883,73.852193,PM2.5,61,201,111
India,Maharashtra,Pune,"Hadapsar, Pune - IITM",18.501793,73.927532,CO,54,101,79
India,Maharashtra,Pune,"Katraj Dairy, Pune - MPCB",18.45445,73.854155,PM10,83,136,104
India,Maharashtra,Pune,"Katraj Dairy, Pune - MPCB",18.45445,73.854155,SO2,1,29,4
India,Maharashtra,Pune,"Panchawati_Pashan, Pune - IITM",18.536457,73.805454,PM10,80,155,107
India,Maharashtra,Pune,"Panchawati_Pashan, Pune - IITM",18.536457,73.805454,O3,6,52,44
India,Maharashtra,Navi Mumbai,"Kopripada-Vashi, Navi Mumbai - MPCB",19.090337,73.014232,SO2,5,9,6
India,Maharashtra,Navi Mumbai,"Mahape, Navi Mumbai - MPCB",19.1135051,73.008978,PM2.5,45,77,62
India,Maharashtra,Navi Mumbai,"Mahape, Navi Mumbai - MPCB",19.1135051,73.008978,SO2,20,21,21
India,Maharashtra,Navi Mumbai,"Nerul, Navi Mumbai - MPCB",19.008751,73.01662,PM10,NA,NA,NA
India,Maharashtra,Navi Mumbai,"Nerul, Navi Mumbai - MPCB",19.008751,73.01662,NO2,37,38,37
India,Maharashtra,Navi Mumbai,"Nerul, Navi Mumbai - MPCB",19.008751,73.01662,SO2,NA,NA,NA
India,Maharashtra,Parbhani,"Masoom Colony, Parbhani - MPCB",19.265594,76.761463,O3,10,10,10
India,Maharashtra,Pimpri-Chinchwad,"Savta Mali Nagar, Pimpri-Chinchwad - IITM",18.614767,73.799516,NO2,14,118,56
India,Maharashtra,Pimpri-Chinchwad,"Thergaon, Pimpri Chinchwad - MPCB",18.616318,73.765797,PM2.5,66,119,87
India,Maharashtra,Navi Mumbai,"Sanpada, Navi Mumbai - MPCB",19.0575752,73.0151367,SO2,17,37,24
India,Maharashtra,Navi Mumbai,"Sanpada, Navi Mumbai - MPCB",19.0575752,73.0151367,CO,24,100,34
India,Maharashtra,Navi Mumbai,"Tondare-Taloja, Navi Mumbai - MPCB",19.063,73.1209,NO2,14,86,40
India,Maharashtra,Navi Mumbai,"Tondare-Taloja, Navi Mumbai - MPCB",19.063,73.1209,SO2,4,5,4
India,Maharashtra,Thane,"Kasarvadavali, Thane - MPCB",19.26777,72.97182,PM2.5,41,80,66
India,Maharashtra,Thane,"Kasarvadavali, Thane - MPCB",19.26777,72.97182,NO2,26,136,55
India,Maharashtra,Mumbai,"Siddharth Nagar-Worli, Mumbai - IITM",19.000083,72.813993,PM10,42,111,65
India,Punjab,Jalandhar,"Civil Line, Jalandhar - PPCB",31.321907,75.578914,PM2.5,26,80,47
India,Punjab,Jalandhar,"Civil Line, Jalandhar - PPCB",31.321907,75.578914,PM10,41,86,62
India,Punjab,Jalandhar,"Civil Line, Jalandhar - PPCB",31.321907,75.578914,CO,44,55,46
India,Punjab,Khanna,"Kalal Majra, Khanna - PPCB",30.736056,76.209694,PM10,81,110,96
India,Punjab,Ludhiana,"Punjab Agricultural University, Ludhiana - PPCB",30.9028,75.8086,PM2.5,66,134,96
India,Punjab,Ludhiana,"Punjab Agricultural University, Ludhiana - PPCB",30.9028,75.8086,NH3,7,8,7
India,Punjab,Mandi Gobindgarh,"RIMT University, Mandi Gobindgarh - PPCB",30.649961,76.331442,PM2.5,18,85,49
India,Punjab,Patiala,"Model Town, Patiala - PPCB",30.349388,76.366642,PM2.5,56,97,77
India,Odisha,Barbil,"Forest Office, Barbil - OSPCB",22.1166054,85.3945546,NO2,15,105,47
India,Odisha,Barbil,"Forest Office, Barbil - OSPCB",22.1166054,85.3945546,NH3,1,3,2
India,Odisha,Barbil,"Forest Office, Barbil - OSPCB",22.1166054,85.3945546,CO,23,86,37
India,Odisha,Baripada,"Meher Colony, Baripada - OSPCB",21.941841,86.728318,PM2.5,55,147,94
India,Odisha,Baripada,"Meher Colony, Baripada - OSPCB",21.941841,86.728318,CO,32,69,40
India,Odisha,Bhubaneswar,"Lingraj Mandir, Bhubaneswar - OSPCB",20.24079,85.836784,PM2.5,68,270,168
India,Odisha,Bhubaneswar,"Lingraj Mandir, Bhubaneswar - OSPCB",20.24079,85.836784,CO,31,82,49
India,Odisha,Bhubaneswar,"Lingraj Mandir, Bhubaneswar - OSPCB",20.24079,85.836784,O3,16,177,177
India,Odisha,Bhubaneswar,"Patia, Bhubaneswar - OSPCB",20.34652,85.8163,PM10,89,159,119
India,Odisha,Cuttack,"CDA Area, Cuttack - OSPCB",20.48891,85.84768,PM10,101,173,130
India,Odisha,Cuttack,"CDA Area, Cuttack - OSPCB",20.48891,85.84768,NO2,19,56,32
India,Odisha,Cuttack,"CDA Area, Cuttack - OSPCB",20.48891,85.84768,O3,14,262,164
India,Odisha,Keonjhar,"Jagamohanpur, Keonjhar - OSPCB",21.6439,85.599355,PM10,75,131,105
India,Odisha,Keonjhar,"Jagamohanpur, Keonjhar - OSPCB",21.6439,85.599355,NO2,8,12,10
India,Odisha,Keonjhar,"Jagamohanpur, Keonjhar - OSPCB",21.6439,85.599355,CO,69,119,112
India,Odisha,Nayagarh,"Dabuna, Nayagarh - OSPCB",21.847279,85.416905,PM2.5,18,52,38
India,Odisha,Rairangpur,"Divisional Forest Office, Rairangpur - OSPCB",22.265816,86.174829,PM2.5,10,92,55
India,Odisha,Rairangpur,"Divisional Forest Office, Rairangpur - OSPCB",22.265816,86.174829,PM10,32,142,106
India,Odisha,Rairangpur,"Divisional Forest Office, Rairangpur - OSPCB",22.265816,86.174829,NH3,1,1,1
India,Odisha,Rourkela,"Fertilizer Township, Rourkela - OSPCB",22.18972222,84.86277778,SO2,NA,NA,NA
India,Odisha,Rourkela,"Fertilizer Township, Rourkela - OSPCB",22.18972222,84.86277778,CO,12,25,14
India,Odisha,Suakati,"OMC Colony, Suakati - OSPCB",21.606865,85.510538,PM2.5,84,283,172
India,Odisha,Bileipada,"Tata Township, Bileipada - OSPCB",22.06156703,85.47409613,SO2,12,12,12
India,Odisha,Bileipada,"Tata Township, Bileipada - OSPCB",22.06156703,85.47409613,CO,17,86,35
India,Odisha,Brajrajnagar,"GM Office, Brajrajnagar - OSPCB",21.8004996,83.8396977,PM10,36,227,119
India,Odisha,Brajrajnagar,"GM Office, Brajrajnagar - OSPCB",21.8004996,83.8396977,O3,28,31,29
India,Odisha,Byasanagar,"Ferro Chrome Colony, Byasanagar - OSPCB",20.94185,86.1151,NO2,12,26,17
India,Odisha,Byasanagar,"Ferro Chrome Colony, Byasanagar - OSPCB",20.94185,86.1151,SO2,5,60,16
India,Odisha,Tensa,"Barsua Iron Ore Mines, Tensa - OSPCB",21.869985,85.167016,NO2,NA,NA,NA
India,Puducherry,Puducherry,"Jawahar Nagar, Puducherry - PPCC",11.9309,79.8027,SO2,5,13,8
India,Punjab,Amritsar,"Golden Temple, Amritsar - PPCB",31.62,74.876512,NH3,7,13,10
India,Punjab,Amritsar,"Golden Temple, Amritsar - PPCB",31.62,74.876512,CO,37,85,71
India,Maharashtra,Thane,"Upvan Fort, Thane - MPCB",19.222279,72.957979,PM10,61,99,82
India,Maharashtra,Thane,"Upvan Fort, Thane - MPCB",19.222279,72.957979,NH3,3,4,3
India,Maharashtra,Thane,"Upvan Fort, Thane - MPCB",19.222279,72.957979,SO2,8,51,25
India,Maharashtra,Thane,"Upvan Fort, Thane - MPCB",19.222279,72.957979,CO,5,52,13
India,Maharashtra,Ulhasnagar,"Sidhi Vinayak Nagar, Ulhasnagar - MPCB",19.235581,73.159121,SO2,4,15,9
India,Nagaland,Kohima,"PWD Junction, Kohima - NPCB",25.6635413,94.0989878,NH3,1,1,1
India,Odisha,Angul,"Hakimapada, Angul - OSPCB",20.832874,85.104082,PM10,100,428,170
India,Odisha,Balasore,"Kalidaspur, Balasore - OSPCB",21.51161,86.89088,CO,22,71,33
India,Maharashtra,Thane,"Kasarvadavali, Thane - MPCB",19.26777,72.97182,SO2,6,26,13
India,Rajasthan,Jaipur,"Adarsh Nagar, Jaipur - RSPCB",26.902909,75.836858,NH3,8,13,10
India,Rajasthan,Jaipur,"Mansarovar Sector-12, Jaipur - RSPCB",26.843698,75.766894,NO2,40,80,57
India,Rajasthan,Jaipur,"Police Commissionerate, Jaipur - RSPCB",26.9164092,75.7994901,SO2,18,41,27
India,Rajasthan,Jaipur,"Police Commissionerate, Jaipur - RSPCB",26.9164092,75.7994901,O3,15,62,54
India,Rajasthan,Jaipur,"Sector-2 Murlipura, Jaipur - RSPCB",26.960669,75.771817,SO2,6,11,7
India,Rajasthan,Jaipur,"Shastri Nagar, Jaipur - RSPCB",26.9502929,75.730943,PM10,73,145,96
India,Rajasthan,Dausa,"Khatikan Mohalla, Dausa - RSPCB",26.895552,76.334753,NO2,6,101,31
India,Rajasthan,Dausa,"Khatikan Mohalla, Dausa - RSPCB",26.895552,76.334753,NH3,7,16,11
India,Rajasthan,Dholpur,"Raja Ganj, Dholpur - RSPCB",26.699557,77.898881,SO2,5,10,7
India,Rajasthan,Dholpur,"Raja Ganj, Dholpur - RSPCB",26.699557,77.898881,O3,13,52,40
India,Rajasthan,Dungarpur,"Bhoiwada, Dungarpur - RSPCB",23.837789,73.714926,SO2,3,10,6
India,Rajasthan,Hanumangarh,"Housing Board, Hanumangarh - RSPCB",29.61075,74.283608,NO2,14,46,27
India,Rajasthan,Hanumangarh,"Housing Board, Hanumangarh - RSPCB",29.61075,74.283608,NH3,1,3,3
India,Rajasthan,Bhiwadi,"RIICO Ind. Area III, Bhiwadi - RSPCB",28.194909,76.862296,NH3,6,23,14
India,Rajasthan,Bhiwadi,"Vasundhara Nagar_UIT, Bhiwadi - RSPCB",28.207266,76.829265,NH3,2,7,5
India,Rajasthan,Bhiwadi,"Vasundhara Nagar_UIT, Bhiwadi - RSPCB",28.207266,76.829265,O3,16,109,88
India,Rajasthan,Bikaner,"MM Ground, Bikaner - RSPCB",28.018792,73.292658,PM2.5,33,100,60
India,Rajasthan,Bikaner,"MM Ground, Bikaner - RSPCB",28.018792,73.292658,CO,15,127,54
India,Rajasthan,Bundi,"New Colony, Bundi - RSPCB",25.435774,75.644272,NH3,2,5,3
India,Rajasthan,Jhalawar,"Rajlaxmi Nagar, Jhalawar - RSPCB",24.588397,76.172782,O3,8,103,92
India,Rajasthan,Jhunjhunu,"Indra Nagar, Jhunjhunu - RSPCB",28.108988,75.386577,PM10,104,192,136
India,Rajasthan,Jhunjhunu,"Indra Nagar, Jhunjhunu - RSPCB",28.108988,75.386577,NH3,6,11,9
India,Rajasthan,Jodhpur,"Collectorate, Jodhpur - RSPCB",26.268249,73.0193853,PM2.5,36,200,84
India,Rajasthan,Karauli,"Satyawati Vihar, Karauli - RSPCB",26.506177,77.025989,PM10,35,125,69
India,Rajasthan,Karauli,"Satyawati Vihar, Karauli - RSPCB",26.506177,77.025989,NH3,9,13,12
India,Rajasthan,Karauli,"Satyawati Vihar, Karauli - RSPCB",26.506177,77.025989,SO2,2,6,3
India,Rajasthan,Karauli,"Satyawati Vihar, Karauli - RSPCB",26.506177,77.025989,O3,20,75,65
India,Rajasthan,Kota,"Dhanmandi, Kota - RSPCB",25.16409,75.858137,SO2,4,18,9
India,Rajasthan,Jalore,"Mudtra Sili, Jalore - RSPCB",25.344694,72.626208,NH3,4,7,5
India,Rajasthan,Jalore,"Mudtra Sili, Jalore - RSPCB",25.344694,72.626208,SO2,6,13,10
India,Rajasthan,Jhalawar,"Rajlaxmi Nagar, Jhalawar - RSPCB",24.588397,76.172782,PM10,52,147,85
India,Rajasthan,Jhalawar,"Rajlaxmi Nagar, Jhalawar - RSPCB",24.588397,76.172782,SO2,6,18,11
India,Rajasthan,Jodhpur,"Collectorate, Jodhpur - RSPCB",26.268249,73.0193853,CO,5,119,27
India,Rajasthan,Jodhpur,"Digari Kalan, Jodhpur - RSPCB",26.29581,73.082283,NH3,6,25,9
India,Rajasthan,Jodhpur,"Jhalamand, Jodhpur - RSPCB",26.215415,73.070156,NH3,12,35,21
India,Rajasthan,Baran,"Bamboliya, Baran - RSPCB",25.106006,76.469948,NH3,2,6,3
India,Rajasthan,Baran,"Bamboliya, Baran - RSPCB",25.106006,76.469948,CO,16,52,21
India,Rajasthan,Barmer,"Railway Colony, Barmer - RSPCB",25.747299,71.393989,NO2,4,37,16
India,Rajasthan,Bundi,"New Colony, Bundi - RSPCB",25.435774,75.644272,CO,16,36,24
India,Rajasthan,Kota,"Shrinath Puram, Kota - RSPCB",25.14389,75.821256,PM2.5,66,153,101
India,Rajasthan,Kota,"Shrinath Puram, Kota - RSPCB",25.14389,75.821256,PM10,81,128,102
India,Rajasthan,Kota,"Shrinath Puram, Kota - RSPCB",25.14389,75.821256,NH3,3,9,5
India,Rajasthan,Nagaur,"Karni Colony, Nagaur - RSPCB",27.213494,73.734444,PM10,NA,NA,NA
India,Rajasthan,Nagaur,"Karni Colony, Nagaur - RSPCB",27.213494,73.734444,NO2,NA,NA,NA
India,Rajasthan,Pali,"Indira Colony Vistar, Pali - RSPCB",25.771061,73.340227,SO2,6,13,10
India,Rajasthan,Pali,"Indira Colony Vistar, Pali - RSPCB",25.771061,73.340227,CO,30,66,45
India,Rajasthan,Pratapgarh,"Pragati Nagar, Pratapgarh - RSPCB",24.041198,74.780702,CO,16,43,28
India,Rajasthan,Rajsamand,"Dhoinda, Rajsamand - RSPCB",25.03636,73.883502,PM2.5,28,273,96
India,Rajasthan,Rajsamand,"Dhoinda, Rajsamand - RSPCB",25.03636,73.883502,NO2,12,54,27
India,TamilNadu,Chennai,"Manali Village, Chennai - TNPCB",13.1662,80.2584,NO2,5,8,6
India,TamilNadu,Chennai,"Manali, Chennai - CPCB",13.164544,80.26285,PM10,NA,NA,NA
India,TamilNadu,Chennai,"Manali, Chennai - CPCB",13.164544,80.26285,CO,14,77,23
India,TamilNadu,Chennai,"Royapuram, Chennai - TNPCB",13.1036,80.2909,PM2.5,58,317,110
India,TamilNadu,Chennai,"Royapuram, Chennai - TNPCB",13.1036,80.2909,NO2,1,9,1
India,TamilNadu,Chennai,"Royapuram, Chennai - TNPCB",13.1036,80.2909,O3,16,18,17
India,TamilNadu,Coimbatore,"PSG College of Arts and Science, Coimbatore - TNPCB",11.0328,77.0349,PM10,78,120,99
India,Rajasthan,Sawai Madhopur,"Sahu Nagar, Sawai Madhopur - RSPCB",26.031443,76.359327,NO2,13,84,37
India,Rajasthan,Sirohi,"Vedhaynath Colony, Sirohi - RSPCB",24.885261,72.857549,PM10,59,163,88
India,Rajasthan,Sri Ganganagar,"Old City, Sri Ganganagar - RSPCB",29.931624,73.864511,PM2.5,47,305,94
India,Rajasthan,Sri Ganganagar,"Old City, Sri Ganganagar - RSPCB",29.931624,73.864511,CO,32,106,76
India,Rajasthan,Sri Ganganagar,"Old City, Sri Ganganagar - RSPCB",29.931624,73.864511,O3,18,143,86
India,Rajasthan,Tonk,"Shastri Nagar, Tonk - RSPCB",26.159933,75.780517,PM2.5,37,95,58
India,Telangana,Hyderabad,"ECIL Kapra, Hyderabad - TSPCB",17.470431,78.566959,PM2.5,53,103,68
India,Telangana,Hyderabad,"ECIL Kapra, Hyderabad - TSPCB",17.470431,78.566959,PM10,69,95,78
India,Telangana,Hyderabad,"ICRISAT Patancheru, Hyderabad - TSPCB",17.5184,78.278777,PM10,67,96,79
India,Telangana,Hyderabad,"ICRISAT Patancheru, Hyderabad - TSPCB",17.5184,78.278777,SO2,9,18,12
India,Telangana,Hyderabad,"ICRISAT Patancheru, Hyderabad - TSPCB",17.5184,78.278777,CO,30,62,42
India,Telangana,Hyderabad,"IDA Pashamylaram, Hyderabad - TSPCB",17.5316895,78.218939,PM2.5,82,164,119
India,Telangana,Hyderabad,"IDA Pashamylaram, Hyderabad - TSPCB",17.5316895,78.218939,NH3,1,1,1
India,Rajasthan,Tonk,"Shastri Nagar, Tonk - RSPCB",26.159933,75.780517,O3,19,70,54
India,Rajasthan,Udaipur,"Ashok Nagar, Udaipur - RSPCB",24.5886166,73.6321397,SO2,1,13,6
India,TamilNadu,Chennai,"Kodungaiyur, Chennai - TNPCB",13.1278,80.2642,PM2.5,78,330,176
India,TamilNadu,Chennai,"Kodungaiyur, Chennai - TNPCB",13.1278,80.2642,NO2,1,15,6
India,TamilNadu,Chennai,"Kodungaiyur, Chennai - TNPCB",13.1278,80.2642,CO,44,64,55
India,TamilNadu,Madurai,"Uchapatti, Madurai - TNPCB",9.865935,78.022669,O3,1,1,1
India,TamilNadu,Perundurai,"SIPCOT Industrial Park, Perundurai - TNPCB",11.258242,77.552761,PM10,2,127,44
India,Telangana,Hyderabad,"Bollaram Industrial Area, Hyderabad - TSPCB",17.540891,78.358528,PM2.5,83,179,124
India,Telangana,Hyderabad,"Bollaram Industrial Area, Hyderabad - TSPCB",17.540891,78.358528,PM10,91,125,111
India,Telangana,Hyderabad,"IITH Kandi, Hyderabad - TSPCB",17.585705,78.126199,NH3,NA,NA,NA
India,Telangana,Hyderabad,"Nacharam_TSIIC IALA, Hyderabad - TSPCB",17.429398,78.569354,NH3,5,8,6
India,Telangana,Hyderabad,"Nacharam_TSIIC IALA, Hyderabad - TSPCB",17.429398,78.569354,SO2,10,16,13
India,Telangana,Hyderabad,"Nacharam_TSIIC IALA, Hyderabad - TSPCB",17.429398,78.569354,CO,24,32,29
India,TamilNadu,Coimbatore,"SIDCO Kurichi, Coimbatore - TNPCB",10.942451,76.978996,PM2.5,11,136,82
India,TamilNadu,Gummidipoondi,"Anthoni Pillai Nagar, Gummidipoondi - TNPCB",13.4127,80.1081,PM2.5,73,430,245
India,TamilNadu,Gummidipoondi,"Anthoni Pillai Nagar, Gummidipoondi - TNPCB",13.4127,80.1081,NO2,19,31,24
India,TamilNadu,Gummidipoondi,"Anthoni Pillai Nagar, Gummidipoondi - TNPCB",13.4127,80.1081,SO2,NA,NA,NA
India,Uttar_Pradesh,Agra,"Manoharpur, Agra - UPPCB",27.23711,78.01936,O3,7,7,7
India,Uttar_Pradesh,Agra,"Rohta, Agra - UPPCB",27.106972,78.000111,PM2.5,18,66,37
India,Uttar_Pradesh,Agra,"Rohta, Agra - UPPCB",27.106972,78.000111,NH3,5,5,5
India,Uttar_Pradesh,Agra,"Rohta, Agra - UPPCB",27.106972,78.000111,O3,11,13,11
India,Uttar_Pradesh,Agra,"Sanjay Palace, Agra - UPPCB",27.19865833,78.00598056,CO,30,33,32
India,Uttar_Pradesh,Agra,"Sector-3B Avas Vikas Colony, Agra - UPPCB",27.19412,77.96237,NO2,36,36,36
India,Uttar_Pradesh,Agra,"Sector-3B Avas Vikas Colony, Agra - UPPCB",27.19412,77.96237,CO,3,22,4
India,Uttar_Pradesh,Agra,"Shahjahan Garden, Agra - UPPCB",27.169338,78.03582,CO,4,10,6
India,Uttar_Pradesh,Agra,"Shastripuram, Agra - UPPCB",27.19862,77.92066,PM10,15,72,39
India,Uttar_Pradesh,Bulandshahr,"Yamunapuram, Bulandshahr - UPPCB",28.406963,77.849831,SO2,12,36,19
India,Uttar_Pradesh,Firozabad,"Nagla Bhau, Firozabad - UPPCB",27.168897,78.37696,PM2.5,21,59,41
India,Uttar_Pradesh,Firozabad,"Vibhab Nagar, Firozabad - UPPCB",27.1594,78.3953,PM10,28,62,41
India,Uttar_Pradesh,Ghaziabad,"Indirapuram, Ghaziabad - UPPCB",28.646233,77.358075,SO2,14,45,23
India,Uttar_Pradesh,Baghpat,"Sardar Patel Inter College, Baghpat - UPPCB",28.964949,77.278761,CO,32,104,42
India,Uttar_Pradesh,Bareilly,"Rajendra Nagar, Bareilly - UPPCB",28.38910936,79.42963708,PM2.5,26,79,55
India,Uttar_Pradesh,Bulandshahr,"Yamunapuram, Bulandshahr - UPPCB",28.406963,77.849831,PM2.5,47,141,88
India,Telangana,Hyderabad,"Ramachandrapuram, Hyderabad - TSPCB",17.528544,78.286195,CO,19,30,22
India,Telangana,Hyderabad,"Somajiguda, Hyderabad - TSPCB",17.417094,78.457437,PM10,88,124,97
India,Tripura,Agartala,"Bardowali, Agartala - Tripura SPCB",23.8175497,91.2726974,SO2,8,10,9
India,Uttar_Pradesh,Ghaziabad,"Loni, Ghaziabad - UPPCB",28.757294,77.278792,CO,30,54,36
India,Uttar_Pradesh,Ghaziabad,"Loni, Ghaziabad - UPPCB",28.757294,77.278792,O3,43,88,79
India,Uttar_Pradesh,Ghaziabad,"Sanjay Nagar, Ghaziabad - UPPCB",28.685382,77.453839,SO2,12,30,19
India,Uttar_Pradesh,Agra,"Shastripuram, Agra - UPPCB",27.19862,77.92066,CO,8,20,10
India,Uttar_Pradesh,Agra,"Shastripuram, Agra - UPPCB",27.19862,77.92066,O3,10,11,11
India,Telangana,Hyderabad,"Ramachandrapuram, Hyderabad - TSPCB",17.528544,78.286195,PM2.5,53,65,58
India,Uttar_Pradesh,Ghaziabad,"Loni, Ghaziabad - UPPCB",28.757294,77.278792,SO2,NA,NA,NA
India,Uttar_Pradesh,Agra,"Manoharpur, Agra - UPPCB",27.23711,78.01936,SO2,5,8,6
India,Uttar_Pradesh,Greater Noida,"Knowledge Park - III, Greater Noida - UPPCB",28.47272,77.482,PM10,92,389,176
India,Uttar_Pradesh,Greater Noida,"Knowledge Park - III, Greater Noida - UPPCB",28.47272,77.482,NH3,5,14,9
India,Uttar_Pradesh,Greater Noida,"Knowledge Park - III, Greater Noida - UPPCB",28.47272,77.482,CO,9,179,61
India,Uttar_Pradesh,Greater Noida,"Knowledge Park - III, Greater Noida - UPPCB",28.47272,77.482,O3,3,89,67
India,Uttar_Pradesh,Hapur,"Anand Vihar, Hapur - UPPCB",28.725645,77.749675,SO2,33,58,45
India,Uttar_Pradesh,Jhansi,"Shivaji Nagar, Jhansi - UPPCB",25.4547,78.6039,SO2,17,22,20
India,Uttar_Pradesh,Jhansi,"Shivaji Nagar, Jhansi - UPPCB",25.4547,78.6039,CO,7,24,11
India,Uttar_Pradesh,Kanpur,"FTI Kidwai Nagar, Kanpur - UPPCB",26.428282,80.327067,PM2.5,3,138,55
India,Uttar_Pradesh,Kanpur,"FTI Kidwai Nagar, Kanpur - UPPCB",26.428282,80.327067,NO2,26,27,27
India,Uttar_Pradesh,Muzaffarnagar,"New Mandi, Muzaffarnagar - UPPCB",29.4723508,77.7194031,CO,24,113,44
India,Uttar_Pradesh,Muzaffarnagar,"New Mandi, Muzaffarnagar - UPPCB",29.4723508,77.7194031,O3,14,100,85
India,Uttar_Pradesh,Noida,"Sector - 125, Noida - UPPCB",28.5447608,77.3231257,PM10,62,432,174
India,Uttar_Pradesh,Noida,"Sector - 125, Noida - UPPCB",28.5447608,77.3231257,O3,8,9,9
India,Uttar_Pradesh,Noida,"Sector - 62, Noida - IMD",28.6245479,77.3577104,PM10,95,316,187
India,Uttar_Pradesh,Noida,"Sector-1, Noida - UPPCB",28.5898,77.3101,PM2.5,38,323,200
India,Uttar_Pradesh,Noida,"Sector-1, Noida - UPPCB",28.5898,77.3101,SO2,6,23,13
India,Uttar_Pradesh,Kanpur,"FTI Kidwai Nagar, Kanpur - UPPCB",26.428282,80.327067,O3,8,13,12
India,Uttar_Pradesh,Kanpur,"Nehru Nagar, Kanpur - UPPCB",26.4703136,80.3229863,O3,6,23,20
India,Uttar_Pradesh,Khurja,"Kalindi Kunj, Khurja - UPPCB",28.2348927,77.8683002,NH3,1,1,1
India,Uttar_Pradesh,Khurja,"Kalindi Kunj, Khurja - UPPCB",28.2348927,77.8683002,CO,14,40,26
India,Uttar_Pradesh,Khurja,"Kalindi Kunj, Khurja - UPPCB",28.2348927,77.8683002,O3,5,13,8
India,Uttar_Pradesh,Lucknow,"B R Ambedkar University, Lucknow - UPPCB",26.766433,80.927299,PM2.5,31,174,80
India,Uttar_Pradesh,Lucknow,"Gomti Nagar, Lucknow - UPPCB",26.86812,81.005119,PM2.5,50,366,191
India,Uttar_Pradesh,Lucknow,"Gomti Nagar, Lucknow - UPPCB",26.86812,81.005119,NO2,7,10,8
India,Uttar_Pradesh,Lucknow,"Kendriya Vidyalaya, Lucknow - CPCB",26.906111,80.948222,PM2.5,66,300,183
India,Uttar_Pradesh,Lucknow,"Kukrail Picnic Spot-1, Lucknow - UPPCB",26.90723,80.98579,NO2,31,34,32
India,Uttar_Pradesh,Lucknow,"Kukrail Picnic Spot-1, Lucknow - UPPCB",26.90723,80.98579,CO,4,12,9
India,Uttar_Pradesh,Lucknow,"Lalbagh, Lucknow - CPCB",26.8458805,80.9365541,PM10,39,208,127
India,Uttar_Pradesh,Meerut,"Pallavpuram Phase 2, Meerut - UPPCB",29.06351,77.709723,PM10,98,270,169
India,Uttar_Pradesh,Moradabad,"Buddhi Vihar, Moradabad - UPPCB",28.83526,78.7446,NO2,28,29,28
India,Uttar_Pradesh,Moradabad,"Eco Herbal Park, Moradabad - UPPCB",28.840739,78.697531,NH3,4,11,6
India,Uttar_Pradesh,Moradabad,"Employment Office, Moradabad - UPPCB",28.88528,78.7388,NO2,15,16,16
India,Uttar_Pradesh,Moradabad,"Employment Office, Moradabad - UPPCB",28.88528,78.7388,NH3,4,4,4
India,Uttar_Pradesh,Moradabad,"Employment Office, Moradabad - UPPCB",28.88528,78.7388,SO2,24,26,25
India,Uttar_Pradesh,Lucknow,"Talkatora District Industries Center, Lucknow - CPCB",26.83399722,80.8917361,SO2,6,15,11
India,Uttar_Pradesh,Meerut,"Ganga Nagar, Meerut - UPPCB",28.999264,77.7590354,PM10,NA,NA,NA
India,Uttar_Pradesh,Meerut,"Jai Bhim Nagar, Meerut - UPPCB",28.9535882,77.7622941,PM10,116,305,172
India,Uttar_Pradesh,Meerut,"Jai Bhim Nagar, Meerut - UPPCB",28.9535882,77.7622941,SO2,5,12,8
India,Uttar_Pradesh,Meerut,"Jai Bhim Nagar, Meerut - UPPCB",28.9535882,77.7622941,CO,24,79,33
India,Uttar_Pradesh,Prayagraj,"Motilal Nehru NIT, Prayagraj - UPPCB",25.494,81.863,PM10,31,113,65
India,Uttar_Pradesh,Prayagraj,"Motilal Nehru NIT, Prayagraj - UPPCB",25.494,81.863,NO2,12,12,12
India,Uttar_Pradesh,Prayagraj,"Motilal Nehru NIT, Prayagraj - UPPCB",25.494,81.863,NH3,9,10,10
India,Uttar_Pradesh,Varanasi,"Bhelupur, Varanasi - UPPCB",25.301778,82.996789,PM10,32,140,89
India,Uttar_Pradesh,Moradabad,"Kashiram Nagar, Moradabad - UPPCB",28.849399,78.742362,SO2,113,134,124
India,Uttar_Pradesh,Moradabad,"Kashiram Nagar, Moradabad - UPPCB",28.849399,78.742362,CO,22,101,31
India,Uttar_Pradesh,Moradabad,"Transport Nagar, Moradabad - UPPCB",28.802625,78.753728,PM10,46,177,96
India,Uttar_Pradesh,Moradabad,"Transport Nagar, Moradabad - UPPCB",28.802625,78.753728,O3,26,42,33
India,Uttar_Pradesh,Muzaffarnagar,"New Mandi, Muzaffarnagar - UPPCB",29.4723508,77.7194031,NH3,9,15,12
India,Uttar_Pradesh,Varanasi,"Bhelupur, Varanasi - UPPCB",25.301778,82.996789,CO,12,101,14
India,Uttar_Pradesh,Varanasi,"IESD Banaras Hindu University, Varanasi - UPPCB",25.262326,82.995408,NH3,1,6,4
India,Uttar_Pradesh,Varanasi,"IESD Banaras Hindu University, Varanasi - UPPCB",25.262326,82.995408,CO,5,30,8
India,Uttar_Pradesh,Varanasi,"Maldahiya, Varanasi - UPPCB",25.32393,82.99687,PM10,26,160,82
India,Uttar_Pradesh,Varanasi,"Maldahiya, Varanasi - UPPCB",25.32393,82.99687,O3,2,7,6
India,Uttar_Pradesh,Vrindavan,"Omex Eternity, Vrindavan - UPPCB",27.571409,77.655757,PM2.5,15,78,36
India,Uttarakhand,Kashipur,"Govt. Girls Inter College, Kashipur - UKPCB",29.2124114,78.9611753,SO2,6,9,7
India,Uttarakhand,Rishikesh,"Shivaji Nagar, Rishikesh - UKPCB",30.075911,78.2859547,O3,80,80,80
India,West_Bengal,Asansol,"Asansol Court Area, Asansol - WBPCB",23.685297,86.945968,PM2.5,53,219,119
India,West_Bengal,Asansol,"Asansol Court Area, Asansol - WBPCB",23.685297,86.945968,PM10,48,145,99
India,West_Bengal,Asansol,"Asansol Court Area, Asansol - WBPCB",23.685297,86.945968,NO2,15,27,22
India,West_Bengal,Asansol,"Evelyn Lodge, Asansol - WBPCB",23.697936,86.944395,PM2.5,17,213,86
India,West_Bengal,Asansol,"Evelyn Lodge, Asansol - WBPCB",23.697936,86.944395,NO2,8,71,30
India,West_Bengal,Asansol,"Mahabir Colliery, Asansol - WBPCB",23.618183,87.105718,NH3,1,2,1
India,West_Bengal,Asansol,"Trivenidevi Bhalotia College, Asansol - WBPCB",23.616515,87.119133,NH3,7,8,8
India,West_Bengal,Asansol,"Trivenidevi Bhalotia College, Asansol - WBPCB",23.616515,87.119133,O3,5,33,20
India,West_Bengal,Barrackpore,"SVSPA Campus, Barrackpore - WBPCB",22.7605581,88.3617589,PM2.5,54,138,92
India,West_Bengal,Barrackpore,"SVSPA Campus, Barrackpore - WBPCB",22.7605581,88.3617589,PM10,57,106,89
India,West_Bengal,Durgapur,"Womens College_City Center, Durgapur - WBPCB",23.549395,87.300496,PM2.5,35,151,85
India,West_Bengal,Durgapur,"Womens College_City Center, Durgapur - WBPCB",23.549395,87.300496,NO2,26,39,30
India,West_Bengal,Howrah,"Belur Math, Howrah - WBPCB",22.629801,88.352017,NH3,8,11,9
India,West_Bengal,Howrah,"Botanical Garden, Howrah - WBPCB",22.554954,88.292568,NH3,1,2,1
India,West_Bengal,Howrah,"Dasnagar, Howrah - WBPCB",22.6025571,88.3105664,NH3,5,7,6
India,West_Bengal,Howrah,"Ghusuri, Howrah - WBPCB",22.611968,88.347422,PM2.5,91,283,195
India,West_Bengal,Howrah,"Ghusuri, Howrah - WBPCB",22.611968,88.347422,SO2,10,15,13
India,West_Bengal,Howrah,"Padmapukur, Howrah - WBPCB",22.5687319,88.2797276,PM10,84,262,167
India,West_Bengal,Kolkata,"Ballygunge, Kolkata - WBPCB",22.5367507,88.3638022,PM10,91,146,123
India,West_Bengal,Kolkata,"Ballygunge, Kolkata - WBPCB",22.5367507,88.3638022,NO2,25,125,68
India,West_Bengal,Kolkata,"Ballygunge, Kolkata - WBPCB",22.5367507,88.3638022,CO,26,102,35
India,West_Bengal,Kolkata,"Bidhannagar, Kolkata - WBPCB",22.58157048,88.41002457,NH3,5,6,5
India,West_Bengal,Kolkata,"Fort William, Kolkata - WBPCB",22.55664,88.342674,PM2.5,51,152,105
India,West_Bengal,Kolkata,"Fort William, Kolkata - WBPCB",22.55664,88.342674,PM10,53,122,97
India,West_Bengal,Kolkata,"Fort William, Kolkata - WBPCB",22.55664,88.342674,O3,2,43,38
India,West_Bengal,Kolkata,"Jadavpur, Kolkata - WBPCB",22.49929,88.36917,NO2,16,49,31
India,West_Bengal,Kolkata,"Jadavpur, Kolkata - WBPCB",22.49929,88.36917,O3,5,83,58
India,West_Bengal,Kolkata,"Rabindra Sarobar, Kolkata - WBPCB",22.51106,88.35142,O3,7,33,28
India,West_Bengal,Siliguri,"Ward-32 Bapupara, Siliguri - WBPCB",26.6879226,88.4152495,NO2,17,24,19
India,West_Bengal,Siliguri,"Ward-32 Bapupara, Siliguri - WBPCB",26.6879226,88.4152495,NH3,10,10,10
India,Andhra_Pradesh,Tirumala,"Toll Gate, Tirumala - APPCB",13.67,79.35,O3,27,179,73
India,Andhra_Pradesh,Tirupati,"Vaikuntapuram, Tirupati - APPCB",13.615387,79.40923,PM10,46,128,79
India,Andhra_Pradesh,Vijayawada,"HB Colony, Vijayawada - APPCB",16.536107,80.594233,NH3,3,5,4
India,Andhra_Pradesh,Vijayawada,"HB Colony, Vijayawada - APPCB",16.536107,80.594233,SO2,15,23,20
India,Andhra_Pradesh,Vijayawada,"HB Colony, Vijayawada - APPCB",16.536107,80.594233,O3,3,31,26
India,Andhra_Pradesh,Vijayawada,"Kanuru, Vijayawada - APPCB",16.486692,80.699436,NO2,16,19,17
India,Andhra_Pradesh,Vijayawada,"Rajiv Gandhi Park, Vijayawada - APPCB",16.509717,80.612222,O3,6,40,30
India,Assam,Guwahati,"Pan Bazaar, Guwahati - PCBA",26.1875,91.744194,CO,6,72,17
India,Assam,Guwahati,"Pan Bazaar, Guwahati - PCBA",26.1875,91.744194,O3,12,20,18
India,Assam,Nagaon,"Christianpatty, Nagaon - PCBA",26.349082,92.68449,NO2,1,1,1
India,Assam,Nalbari,"Bata Chowk, Nalbari - PCBA",26.446912,91.439057,PM2.5,NA,NA,NA
India,Assam,Nalbari,"Bata Chowk, Nalbari - PCBA",26.446912,91.439057,CO,20,22,21
India,Assam,Sivasagar,"Girls College, Sivasagar - PCBA",26.987634,94.636574,PM2.5,35,94,63
India,Bihar,Bettiah,"Kamalnath Nagar, Bettiah - BSPCB",26.80365,84.51954,NH3,1,1,1
India,Bihar,Bhagalpur,"DM Office_Kachari Chowk, Bhagalpur - BSPCB",25.251013,86.989001,PM2.5,60,217,106
India,Bihar,Bhagalpur,"DM Office_Kachari Chowk, Bhagalpur - BSPCB",25.251013,86.989001,CO,11,26,18
India,Bihar,Bhagalpur,"Mayaganj, Bhagalpur - BSPCB",25.265194,87.012947,CO,80,97,88
India,Bihar,Buxar,"Charitra Van, Buxar - BSPCB",25.56752,83.966379,SO2,1,112,35
India,Andhra_Pradesh,Chittoor,"Gangineni Cheruvu, Chittoor - APPCB",13.20488,79.097889,NH3,3,6,4
India,Andhra_Pradesh,Rajamahendravaram,"Anand Kala Kshetram, Rajamahendravaram - APPCB",16.9872867,81.7363176,NO2,16,43,27
India,Andhra_Pradesh,Rajamahendravaram,"Anand Kala Kshetram, Rajamahendravaram - APPCB",16.9872867,81.7363176,O3,10,31,27
India,Andhra_Pradesh,Tirumala,"Toll Gate, Tirumala - APPCB",13.67,79.35,PM2.5,76,219,130
India,Bihar,Arrah,"New DM Office, Arrah - BSPCB",25.5626095,84.663264,PM2.5,45,197,139
India,Bihar,Aurangabad,"Gurdeo Nagar, Aurangabad - BSPCB",24.75746,84.366208,SO2,3,14,7
India,Bihar,Aurangabad,"Gurdeo Nagar, Aurangabad - BSPCB",24.75746,84.366208,CO,101,103,102
India,Bihar,Begusarai,"Lohiyanagar, Begusarai - BSPCB",25.42742023,86.13886079,NO2,4,19,9
India,Bihar,Katihar,"Mirchaibari, Katihar - BSPCB",25.560083,87.553265,PM2.5,47,110,77
India,Bihar,Katihar,"Mirchaibari, Katihar - BSPCB",25.560083,87.553265,SO2,15,21,18
India,Bihar,Kishanganj,"SDM Office_Khagra, Kishanganj - BSPCB",26.0881305,87.93840336,PM2.5,47,270,123
India,Bihar,Munger,"Town Hall, Munger - BSPCB",25.376776,86.471523,PM2.5,37,133,71
India,Andhra_Pradesh,Visakhapatnam,"GVM Corporation, Visakhapatnam - APPCB",17.72,83.3,PM10,109,277,149
India,Andhra_Pradesh,Visakhapatnam,"GVM Corporation, Visakhapatnam - APPCB",17.72,83.3,NO2,15,116,58
India,Arunachal_Pradesh,Naharlagun,"Naharlagun, Naharlagun - APSPCB",27.103358,93.679645,NO2,7,7,7
India,Arunachal_Pradesh,Naharlagun,"Naharlagun, Naharlagun - APSPCB",27.103358,93.679645,CO,12,48,18
India,Assam,Byrnihat,"Central Academy for SFS, Byrnihat - PCBA",26.071318,91.87488,CO,32,84,66
India,Assam,Guwahati,"LGBI Airport, Guwahati - PCBA",26.10887,91.589544,PM10,88,141,124
India,Assam,Guwahati,"Pan Bazaar, Guwahati - PCBA",26.1875,91.744194,PM10,38,149,93
India,Bihar,Chhapra,"Darshan Nagar, Chhapra - BSPCB",25.7808257,84.7446768,CO,34,58,36
India,Bihar,Gaya,"Kareemganj, Gaya - BSPCB",24.792403,84.992416,CO,2,90,75
India,Bihar,Gaya,"SFTI Kusdihra, Gaya - BSPCB",24.762518,84.982348,NH3,2,7,4
India,Andhra_Pradesh,Amaravati,"Secretariat, Amaravati - APPCB",16.5150833,80.5181667,PM2.5,88,175,122
India,Chhattisgarh,Bhilai,"32Bungalows, Bhilai - CECB",21.194815,81.31477,NH3,1,3,2
India,Chhattisgarh,Bhilai,"Civic Center, Bhilai - Bhilai Steel Plant",21.185571,81.343175,PM10,22,97,48
India,Chhattisgarh,Bhilai,"Civic Center, Bhilai - Bhilai Steel Plant",21.185571,81.343175,CO,28,34,29
India,Chhattisgarh,Bhilai,"Civic Center, Bhilai - Bhilai Steel Plant",21.185571,81.343175,O3,10,12,10
India,Chhattisgarh,Bhilai,"Hathkhoj, Bhilai - CECB",21.224231,81.40835,PM2.5,12,177,62
India,Chhattisgarh,Bhilai,"Hathkhoj, Bhilai - CECB",21.224231,81.40835,CO,8,100,16
India,Chhattisgarh,Bilaspur,"Mangala, Bilaspur - NTPC",22.08815,82.13737,NO2,23,104,38
India,Bihar,Patna,"Samanpura, Patna - BSPCB",25.596727,85.085624,PM10,107,231,167
India,Bihar,Saharsa,"Police Line, Saharsa - BSPCB",25.892357,86.590325,PM2.5,18,310,160
India,Bihar,Saharsa,"Police Line, Saharsa - BSPCB",25.892357,86.590325,O3,7,10,9
India,Bihar,Samastipur,"DM Office_Kasipur, Samastipur - BSPCB",25.859655,85.77944,PM10,54,429,208
India,Bihar,Samastipur,"DM Office_Kasipur, Samastipur - BSPCB",25.859655,85.77944,NH3,1,1,1
India,Bihar,Sasaram,"Dada Peer, Sasaram - BSPCB",24.952822,84.002396,NO2,NA,NA,NA
India,Chhattisgarh,Raipur,"Siltara Phase-II, Raipur - CECB",21.371751,81.664929,NH3,2,2,2
India,Chhattisgarh,Raipur,"Siltara Phase-II, Raipur - CECB",21.371751,81.664929,O3,NA,NA,NA
India,Delhi,Delhi,"Alipur, Delhi - DPCC",28.815329,77.15301,PM2.5,60,342,248
India,Delhi,Delhi,"Anand Vihar, Delhi - DPCC",28.647622,77.315809,PM10,100,497,299
India,Delhi,Delhi,"Anand Vihar, Delhi - DPCC",28.647622,77.315809,CO,56,143,73
India,Delhi,Delhi,"Ashok Vihar, Delhi - DPCC",28.695381,77.181665,NH3,7,9,8
India,Chandigarh,Chandigarh,"Sector 22, Chandigarh - CPCC",30.735567,76.775714,CO,31,128,52
India,Chandigarh,Chandigarh,"Sector-25, Chandigarh - CPCC",30.751462,76.762879,NO2,8,25,15
India,Chandigarh,Chandigarh,"Sector-25, Chandigarh - CPCC",30.751462,76.762879,NH3,7,9,9
India,Chandigarh,Chandigarh,"Sector-25, Chandigarh - CPCC",30.751462,76.762879,CO,16,88,23
India,Chandigarh,Chandigarh,"Sector-53, Chandigarh - CPCC",30.719859,76.738637,NO2,NA,NA,NA
India,Chandigarh,Chandigarh,"Sector-53, Chandigarh - CPCC",30.719859,76.738637,SO2,NA,NA,NA
India,Chandigarh,Chandigarh,"Sector-53, Chandigarh - CPCC",30.719859,76.738637,O3,2,86,64
India,Chhattisgarh,Chhal,"Nawapara SECL Colony, Chhal - CECB",22.118125,83.140608,NO2,10,23,13
India,Chhattisgarh,Chhal,"Nawapara SECL Colony, Chhal - CECB",22.118125,83.140608,SO2,2,35,13
India,Chhattisgarh,Korba,"Rampur, Korba - CECB",22.368195,82.746431,NO2,4,18,9
India,Chhattisgarh,Kunjemura,"OP Jindal School, Kunjemura - CECB",22.12665,83.483212,PM2.5,20,89,52
India,Chhattisgarh,Kunjemura,"OP Jindal School, Kunjemura - CECB",22.12665,83.483212,PM10,46,336,131
India,Chhattisgarh,Kunjemura,"OP Jindal School, Kunjemura - CECB",22.12665,83.483212,SO2,1,60,13
India,Chhattisgarh,Kunjemura,"OP Jindal School, Kunjemura - CECB",22.12665,83.483212,O3,1,70,56
India,Chhattisgarh,Raipur,"Bhatagaon New ISBT, Raipur - CECB",21.219665,81.630094,O3,2,11,8
India,Chhattisgarh,Raipur,"Krishak Nagar, Raipur - CECB",21.237755,81.705301,PM2.5,34,62,46
India,Bihar,Muzaffarpur,"Buddha Colony, Muzaffarpur - BSPCB",26.11442,85.39813,PM2.5,89,313,216
India,Bihar,Muzaffarpur,"Buddha Colony, Muzaffarpur - BSPCB",26.11442,85.39813,NH3,3,12,8
India,Bihar,Muzaffarpur,"Buddha Colony, Muzaffarpur - BSPCB",26.11442,85.39813,O3,1,85,72
India,Bihar,Muzaffarpur,"MIT-Daudpur Kothi, Muzaffarpur - BSPCB",26.1403345,85.3650192,CO,46,57,51
India,Bihar,Patna,"DRM Office Danapur, Patna - BSPCB",25.586562,85.043586,PM2.5,24,224,135
India,Bihar,Patna,"Govt. High School Shikarpur, Patna - BSPCB",25.592539,85.227158,PM2.5,149,352,305
India,Bihar,Patna,"IGSC Planetarium Complex, Patna - BSPCB",25.610369,85.132568,O3,29,29,29
India,Delhi,Delhi,"Ashok Vihar, Delhi - DPCC",28.695381,77.181665,CO,3,118,17
India,Delhi,Delhi,"Najafgarh, Delhi - DPCC",28.570173,76.933762,SO2,18,85,24
India,Delhi,Delhi,"Najafgarh, Delhi - DPCC",28.570173,76.933762,O3,4,210,136
India,Delhi,Delhi,"Narela, Delhi - DPCC",28.822836,77.101981,NO2,20,76,46
India,Delhi,Delhi,"Narela, Delhi - DPCC",28.822836,77.101981,NH3,5,8,6
India,Delhi,Delhi,"Narela, Delhi - DPCC",28.822836,77.101981,SO2,8,31,15
India,Delhi,Delhi,"Nehru Nagar, Delhi - DPCC",28.56789,77.250515,PM2.5,55,356,215
India,Delhi,Delhi,"Nehru Nagar, Delhi - DPCC",28.56789,77.250515,PM10,124,404,233
India,Delhi,Delhi,"Nehru Nagar, Delhi - DPCC",28.56789,77.250515,SO2,7,110,22
India,Delhi,Delhi,"Nehru Nagar, Delhi - DPCC",28.56789,77.250515,CO,43,118,49
India,Delhi,Delhi,"Okhla Phase-2, Delhi - DPCC",28.530785,77.271255,PM2.5,58,345,196
India,Delhi,Delhi,"ITO, Delhi - CPCB",28.628624,77.24106,PM10,67,168,127
India,Delhi,Delhi,"Jahangirpuri, Delhi - DPCC",28.73282,77.170633,PM2.5,63,462,306
India,Delhi,Delhi,"Jahangirpuri, Delhi - DPCC",28.73282,77.170633,CO,24,144,38
India,Delhi,Delhi,"Jawaharlal Nehru Stadium, Delhi - DPCC",28.58028,77.233829,CO,3,132,26
India,Delhi,Delhi,"Lodhi Road, Delhi - IMD",28.5918245,77.2273074,NO2,22,74,44
India,Delhi,Delhi,"Lodhi Road, Delhi - IMD",28.5918245,77.2273074,CO,64,106,68
India,Delhi,Delhi,"Lodhi Road, Delhi - IMD",28.5918245,77.2273074,O3,11,126,106
India,Delhi,Delhi,"Major Dhyan Chand National Stadium, Delhi - DPCC",28.611281,77.237738,PM10,109,260,199
India,Delhi,Delhi,"CRRI Mathura Road, Delhi - IMD",28.5512005,77.2735737,O3,4,61,41
India,Delhi,Delhi,"DTU, Delhi - CPCB",28.7500499,77.1112615,PM2.5,58,406,266
India,Delhi,Delhi,"DTU, Delhi - CPCB",28.7500499,77.1112615,PM10,105,404,231
India,Delhi,Delhi,"DTU, Delhi - CPCB",28.7500499,77.1112615,NO2,45,49,47
India,Delhi,Delhi,"DTU, Delhi - CPCB",28.7500499,77.1112615,O3,2,38,30
India,Delhi,Delhi,"Dr. Karni Singh Shooting Range, Delhi - DPCC",28.498571,77.26484,NH3,NA,NA,NA
India,Delhi,Delhi,"IGI Airport (T3), Delhi - IMD",28.5627763,77.1180053,PM10,NA,NA,NA
India,Delhi,Delhi,"Pusa, Delhi - DPCC",28.639652,77.146275,O3,5,160,138
India,Delhi,Delhi,"Pusa, Delhi - IMD",28.63611,77.173332,NO2,60,296,159
India,Delhi,Delhi,"Pusa, Delhi - IMD",28.63611,77.173332,O3,42,300,166
India,Delhi,Delhi,"R K Puram, Delhi - DPCC",28.563262,77.186937,NO2,17,122,52
India,Delhi,Delhi,"Rohini, Delhi - DPCC",28.732528,77.11992,PM10,151,500,355
India,Delhi,Delhi,"Shadipur, Delhi - CPCB",28.6514781,77.1473105,NH3,11,18,13
India,Delhi,Delhi,"Sirifort, Delhi - CPCB",28.5504249,77.2159377,PM2.5,61,329,203
India,Delhi,Delhi,"Sirifort, Delhi - CPCB",28.5504249,77.2159377,O3,7,29,23
India,Delhi,Delhi,"Sonia Vihar, Delhi - DPCC",28.710508,77.249485,O3,2,130,103
India,Delhi,Delhi,"Sri Aurobindo Marg, Delhi - DPCC",28.531346,77.190156,NH3,3,10,5
India,Delhi,Delhi,"Sri Aurobindo Marg, Delhi - DPCC",28.531346,77.190156,CO,20,98,25
India,Delhi,Delhi,"Wazirpur, Delhi - DPCC",28.699793,77.165453,PM2.5,77,490,299
India,Delhi,Delhi,"IGI Airport (T3), Delhi - IMD",28.5627763,77.1180053,O3,4,53,45
India,Delhi,Delhi,"IHBAS, Dilshad Garden, Delhi - CPCB",28.6811736,77.3025234,NH3,7,17,11
India,Delhi,Delhi,"IIT Delhi, Delhi - IITM",28.54246,77.191651,O3,3,64,53
India,Delhi,Delhi,"ITO, Delhi - CPCB",28.628624,77.24106,PM2.5,57,305,193
India,Delhi,Delhi,"Bawana, Delhi - DPCC",28.7762,77.051074,NO2,10,84,46
India,Delhi,Delhi,"Burari Crossing, Delhi - IMD",28.7256504,77.2011573,O3,13,150,62
India,Delhi,Delhi,"CRRI Mathura Road, Delhi - IMD",28.5512005,77.2735737,NO2,15,52,36
India,Delhi,Delhi,"Mandir Marg, Delhi - DPCC",28.636429,77.201067,NO2,67,168,119
India,Delhi,Delhi,"Mandir Marg, Delhi - DPCC",28.636429,77.201067,SO2,NA,NA,NA
India,Delhi,Delhi,"NSIT Dwarka, Delhi - CPCB",28.60909,77.0325413,O3,13,39,23
India,Delhi,Delhi,"Patparganj, Delhi - DPCC",28.623763,77.287209,SO2,18,32,23
India,Gujarat,Ankleshwar,"GIDC, Ankleshwar - GPCB",21.613267,73.010555,O3,18,68,52
India,Gujarat,Bhavnagar,"Vidhyanagar, Bhavnagar - Nexteng Enviro",21.755417,72.139056,PM10,48,187,115
India,Gujarat,Bhavnagar,"Vidhyanagar, Bhavnagar - Nexteng Enviro",21.755417,72.139056,NO2,50,85,59
India,Gujarat,Gandhinagar,"GIFT City, Gandhinagar - IITM",23.163798,72.677768,NO2,19,94,44
India,Gujarat,Gandhinagar,"GIFT City, Gandhinagar - IITM",23.163798,72.677768,CO,22,79,36
India,Gujarat,Gandhinagar,"IIPHG Lekawada, Gandhinagar - IITM",23.243639,72.68994,PM10,NA,NA,NA
India,Gujarat,Gandhinagar,"IIPHG Lekawada, Gandhinagar - IITM",23.243639,72.68994,CO,9,14,10
India,Gujarat,Gandhinagar,"IIPHG Lekawada, Gandhinagar - IITM",23.243639,72.68994,O3,15,28,24
India,Gujarat,Gandhinagar,"Sector-10, Gandhinagar - GPCB",23.221714,72.654328,PM10,85,190,131
India,Gujarat,Gandhinagar,"Sector-10, Gandhinagar - GPCB",23.221714,72.654328,SO2,7,13,11
India,Gujarat,Mehsana,"Sadanand Nagar, Mehsana - Nexteng Enviro",23.59315,72.372792,PM2.5,15,135,63
India,Gujarat,Mehsana,"Sadanand Nagar, Mehsana - Nexteng Enviro",23.59315,72.372792,NO2,26,49,37
India,Gujarat,Ahmedabad,"Chandkheda, Ahmedabad - IITM",23.107969,72.574648,PM2.5,64,145,98
India,Gujarat,Ahmedabad,"Chandkheda, Ahmedabad - IITM",23.107969,72.574648,PM10,111,193,144
India,Gujarat,Ahmedabad,"Chandkheda, Ahmedabad - IITM",23.107969,72.574648,O3,2,59,50
India,Gujarat,Ahmedabad,"Gyaspur, Ahmedabad - IITM",22.977134,72.553024,PM2.5,63,298,144
India,Gujarat,Ahmedabad,"Gyaspur, Ahmedabad - IITM",22.977134,72.553024,NH3,6,47,16
India,Gujarat,Ahmedabad,"Maninagar, Ahmedabad - GPCB",23.002657,72.591912,PM2.5,67,217,123
India,Gujarat,Ahmedabad,"Maninagar, Ahmedabad - GPCB",23.002657,72.591912,PM10,68,167,115
India,Gujarat,Ahmedabad,"Maninagar, Ahmedabad - GPCB",23.002657,72.591912,NO2,91,97,95
India,Gujarat,Ahmedabad,"Maninagar, Ahmedabad - GPCB",23.002657,72.591912,CO,10,31,24
India,Gujarat,Ahmedabad,"Raikhad, Ahmedabad - IITM",23.020509,72.579261,PM2.5,46,162,81
India,Gujarat,Ahmedabad,"Raikhad, Ahmedabad - IITM",23.020509,72.579261,SO2,15,49,29
India,Gujarat,Ahmedabad,"Rakhial, Ahmedabad - IITM",23.016834,72.625775,PM10,124,182,141
India,Gujarat,Mehsana,"Sadanand Nagar, Mehsana - Nexteng Enviro",23.59315,72.372792,O3,9,22,16
India,Gujarat,Rajkot,"Mavdi, Rajkot - Nexteng Enviro ",22.248853,70.776774,PM2.5,3,84,39
India,Gujarat,Rajkot,"Mavdi, Rajkot - Nexteng Enviro ",22.248853,70.776774,NO2,9,24,15
India,Gujarat,Rajkot,"Mavdi, Rajkot - Nexteng Enviro ",22.248853,70.776774,NH3,3,5,4
India,Gujarat,Rajkot,"Mavdi, Rajkot - Nexteng Enviro ",22.248853,70.776774,SO2,1,30,9
India,Gujarat,Rajkot,"Mavdi, Rajkot - Nexteng Enviro ",22.248853,70.776774,CO,108,111,108
India,Gujarat,Rajkot,"Mavdi, Rajkot - Nexteng Enviro ",22.248853,70.776774,O3,12,30,28
India,Gujarat,Surat,"Katargam, Surat - Nexteng Enviro",21.217779,72.834787,O3,8,9,8
India,Gujarat,Vapi,"Phase-1 GIDC, Vapi - GPCB",20.362421,72.918013,PM10,32,78,51
India,Gujarat,Vapi,"Phase-1 GIDC, Vapi - GPCB",20.362421,72.918013,NO2,13,22,17
India,Haryana,Charkhi Dadri,"Mini Secretariat, Charkhi Dadri - HSPCB",28.593883,76.270653,NH3,5,8,6
India,Haryana,Charkhi Dadri,"Mini Secretariat, Charkhi Dadri - HSPCB",28.593883,76.270653,SO2,10,11,10
India,Haryana,Dharuhera,"Municipal Corporation Office, Dharuhera -  HSPCB",28.2068,76.7997,SO2,3,3,3
India,Haryana,Faridabad,"New Industrial Town, Faridabad - HSPCB",28.39072,77.30059,PM2.5,185,202,194
India,Haryana,Faridabad,"New Industrial Town, Faridabad - HSPCB",28.39072,77.30059,PM10,130,137,134
India,Haryana,Faridabad,"New Industrial Town, Faridabad - HSPCB",28.39072,77.30059,NH3,11,12,11
India,Haryana,Faridabad,"Sector 11, Faridabad - HSPCB",28.376058,77.315741,PM2.5,67,350,189
India,Haryana,Faridabad,"Sector 11, Faridabad - HSPCB",28.376058,77.315741,NH3,10,10,10
India,Haryana,Gurugram,"Teri Gram, Gurugram - HSPCB",28.4275,77.1465,CO,24,72,65
India,Haryana,Gurugram,"Vikas Sadan, Gurugram - HSPCB",28.4501238,77.0263051,PM2.5,107,429,304
India,Haryana,Hisar,"Urban Estate-II, Hisar - HSPCB",29.14056,75.744941,PM2.5,40,77,54
India,Haryana,Hisar,"Urban Estate-II, Hisar - HSPCB",29.14056,75.744941,CO,28,54,36
India,Haryana,Jind,"Police Lines, Jind - HSPCB",29.307814,76.337619,CO,24,105,76
India,Haryana,Jind,"Police Lines, Jind - HSPCB",29.307814,76.337619,O3,10,41,39
India,Gujarat,Ahmedabad,"SAC ISRO Bopal, Ahmedabad - IITM",23.041137,72.456691,SO2,8,13,10
India,Gujarat,Ahmedabad,"SAC ISRO Bopal, Ahmedabad - IITM",23.041137,72.456691,CO,2,36,18
India,Gujarat,Ahmedabad,"SAC ISRO Satellite, Ahmedabad - IITM",23.023389,72.515201,PM10,107,186,131
India,Gujarat,Ahmedabad,"SAC ISRO Satellite, Ahmedabad - IITM",23.023389,72.515201,NO2,7,44,17
India,Gujarat,Ahmedabad,"SAC ISRO Satellite, Ahmedabad - IITM",23.023389,72.515201,CO,2,84,47
India,Gujarat,Ankleshwar,"GIDC, Ankleshwar - GPCB",21.613267,73.010555,NO2,16,18,17
India,Gujarat,Vapi,"Phase-1 GIDC, Vapi - GPCB",20.362421,72.918013,NH3,2,5,3
India,Haryana,Ambala,"Patti Mehar, Ambala - HSPCB",30.379589,76.778328,PM2.5,94,208,133
India,Haryana,Bahadurgarh,"Arya Nagar, Bahadurgarh - HSPCB",28.6701,76.9254,PM2.5,70,337,241
India,Haryana,Bhiwani,"H.B. Colony, Bhiwani - HSPCB",28.806223,76.141105,PM2.5,62,476,122
India,Haryana,Fatehabad,"Huda Sector, Fatehabad - HSPCB",29.503664,75.467934,CO,25,31,28
India,Haryana,Gurugram,"Sector-51, Gurugram - HSPCB",28.4227,77.0667,NO2,6,15,9
India,Haryana,Gurugram,"Teri Gram, Gurugram - HSPCB",28.4275,77.1465,NO2,NA,NA,NA
India,Jammu_and_Kashmir,Srinagar,"Rajbagh, Srinagar - JKPCC",34.066206,74.81982,PM10,32,82,56
India,Jammu_and_Kashmir,Srinagar,"Rajbagh, Srinagar - JKPCC",34.066206,74.81982,CO,8,21,15
India,Jammu_and_Kashmir,Srinagar,"Rajbagh, Srinagar - JKPCC",34.066206,74.81982,O3,NA,NA,NA
India,Jharkhand,Dhanbad,"Sardar Patel Nagar, Dhanbad - JSPCB",23.80569,86.44268,PM2.5,10,186,72
India,Jharkhand,Dhanbad,"Sardar Patel Nagar, Dhanbad - JSPCB",23.80569,86.44268,NO2,51,86,53
India,Jharkhand,Dhanbad,"Sardar Patel Nagar, Dhanbad - JSPCB",23.80569,86.44268,SO2,24,36,28
India,Jharkhand,Dhanbad,"Sardar Patel Nagar, Dhanbad - JSPCB",23.80569,86.44268,CO,14,108,32
India,Jharkhand,Dhanbad,"Sardar Patel Nagar, Dhanbad - JSPCB",23.80569,86.44268,O3,1,25,20
India,Karnataka,Bagalkot,"Vidayagiri, Bagalkot - KSPCB",16.172806,75.659694,NH3,1,2,1
India,Karnataka,Bagalkot,"Vidayagiri, Bagalkot - KSPCB",16.172806,75.659694,SO2,7,7,7
India,Karnataka,Bengaluru,"BWSSB Kadabesanahalli, Bengaluru - CPCB",12.9352049,77.6814488,SO2,4,9,6
India,Karnataka,Bengaluru,"Bapuji Nagar, Bengaluru - KSPCB",12.951913,77.539784,NO2,65,160,115
India,Haryana,Panchgaon,"Amity University, Panchgaon - IITM",28.3153,76.9143,SO2,6,13,10
India,Haryana,Panchgaon,"Amity University, Panchgaon - IITM",28.3153,76.9143,O3,44,88,79
India,Haryana,Panchkula,"Sector-6, Panchkula - HSPCB ",30.7057778,76.85318056,CO,8,34,18
India,Haryana,Rohtak,"MD University, Rohtak - HSPCB",28.52123,76.37138,PM10,1,500,142
India,Haryana,Rohtak,"MD University, Rohtak - HSPCB",28.52123,76.37138,SO2,11,13,12
India,Haryana,Sirsa,"F-Block, Sirsa - HSPCB",29.5364,75.0158,PM2.5,4,17,8
India,Haryana,Sirsa,"F-Block, Sirsa - HSPCB",29.5364,75.0158,PM10,4,15,7
India,Haryana,Sirsa,"F-Block, Sirsa - HSPCB",29.5364,75.0158,NO2,21,24,22
India,Haryana,Sirsa,"F-Block, Sirsa - HSPCB",29.5364,75.0158,SO2,7,29,12
India,Haryana,Sirsa,"F-Block, Sirsa - HSPCB",29.5364,75.0158,O3,66,101,87
India,Haryana,Sonipat,"Murthal, Sonipat - HSPCB",29.0272,77.0621,PM10,53,113,85
India,Haryana,Sonipat,"Murthal, Sonipat - HSPCB",29.0272,77.0621,NH3,11,11,11
India,Karnataka,Vijayapura,"Ibrahimpur, Vijayapura - KSPCB",16.802639,75.722694,PM10,61,62,62
India,Karnataka,Yadgir,"Collector Office, Yadgir - KSPCB",16.7602,77.1428,NO2,6,42,14
India,Kerala,Eloor,"Udyogamandal, Eloor - Kerala PCB",10.073232,76.302765,PM10,65,105,84
India,Kerala,Eloor,"Udyogamandal, Eloor - Kerala PCB",10.073232,76.302765,SO2,1,1,1
India,Kerala,Eloor,"Udyogamandal, Eloor - Kerala PCB",10.073232,76.302765,O3,12,26,21
India,Kerala,Kannur,"Thavakkara, Kannur - Kerala PCB",11.875,75.3732,PM2.5,79,87,83
India,Kerala,Kannur,"Thavakkara, Kannur - Kerala PCB",11.875,75.3732,PM10,93,105,97
India,Kerala,Kannur,"Thavakkara, Kannur - Kerala PCB",11.875,75.3732,SO2,4,5,4
India,Kerala,Kannur,"Thavakkara, Kannur - Kerala PCB",11.875,75.3732,O3,27,32,30
India,Kerala,Thiruvananthapuram,"Kariavattom, Thiruvananthapuram - Kerala PCB",8.5637,76.8865,PM10,18,135,94
India,Karnataka,Bengaluru,"Kasturi Nagar, Bengaluru - KSPCB",13.003872,77.664217,PM10,79,84,81
India,Karnataka,Bengaluru,"Kasturi Nagar, Bengaluru - KSPCB",13.003872,77.664217,O3,22,23,22
India,Karnataka,Bengaluru,"Peenya, Bengaluru - CPCB",13.0270199,77.494094,PM10,97,122,107
India,Karnataka,Bengaluru,"Peenya, Bengaluru - CPCB",13.0270199,77.494094,O3,21,21,21
India,Karnataka,Bengaluru,"RVCE-Mailasandra, Bengaluru - KSPCB",12.921418,77.502466,PM2.5,74,438,199
India,Karnataka,Bengaluru,"RVCE-Mailasandra, Bengaluru - KSPCB",12.921418,77.502466,PM10,95,150,122
India,Karnataka,Bengaluru,"RVCE-Mailasandra, Bengaluru - KSPCB",12.921418,77.502466,CO,4,31,21
India,Karnataka,Bengaluru,"Sanegurava Halli, Bengaluru - KSPCB",12.990328,77.5431385,CO,20,39,28
India,Karnataka,Bengaluru,"Shivapura_Peenya, Bengaluru - KSPCB",13.0246342,77.5080115,PM10,NA,NA,NA
India,Karnataka,Bengaluru,"Silk Board, Bengaluru - KSPCB",12.917348,77.622813,NO2,47,105,67
India,Karnataka,Bengaluru,"Bapuji Nagar, Bengaluru - KSPCB",12.951913,77.539784,CO,2,54,24
India,Karnataka,Bengaluru,"City Railway Station, Bengaluru - KSPCB",12.9756843,77.5660749,CO,71,80,75
India,Karnataka,Bengaluru,"Hebbal, Bengaluru - KSPCB",13.029152,77.585901,PM10,93,143,117
India,Karnataka,Bengaluru,"Hebbal, Bengaluru - KSPCB",13.029152,77.585901,NH3,1,2,1
India,Karnataka,Bengaluru,"Hebbal, Bengaluru - KSPCB",13.029152,77.585901,CO,14,74,32
India,Karnataka,Bengaluru,"Hombegowda Nagar, Bengaluru - KSPCB",12.938539,77.5901,NO2,21,58,36
India,Karnataka,Bengaluru,"Hombegowda Nagar, Bengaluru - KSPCB",12.938539,77.5901,O3,38,76,66
India,Karnataka,Bengaluru,"Jigani, Bengaluru - KSPCB",12.7816279,77.6299145,NO2,21,22,22
India,Karnataka,Bengaluru,"Jigani, Bengaluru - KSPCB",12.7816279,77.6299145,SO2,20,20,20
India,Karnataka,Kalaburagi,"Mahatma Basaveswar Colony, Kalaburgi - KSPCB",17.336318,76.847397,NO2,9,19,15
India,Karnataka,Mysuru,"Hebbal 1st Stage, Mysuru - KSPCB",12.21041,76.37376,PM2.5,44,65,53
India,Karnataka,Mysuru,"Hebbal 1st Stage, Mysuru - KSPCB",12.21041,76.37376,PM10,80,106,91
India,Karnataka,Shivamogga,"Vinoba Nagara, Shivamogga - KSPCB",13.94,75.555917,PM2.5,24,49,35
India,Karnataka,Tumakuru,"Thimmalapura, Tumakuru - KSPCB",13.377516,77.099072,PM2.5,92,177,118
India,Karnataka,Tumakuru,"Thimmalapura, Tumakuru - KSPCB",13.377516,77.099072,PM10,106,143,119
India,Karnataka,Tumakuru,"Thimmalapura, Tumakuru - KSPCB",13.377516,77.099072,SO2,26,27,26
India,Haryana,Kurukshetra,"Sector-7, Kurukshetra - HSPCB",29.966942,76.875879,NH3,5,5,5
India,Haryana,Mandikhera,"General Hospital, Mandikhera(Nuh) - HSPCB",27.9002,76.9938,NO2,20,24,22
India,Haryana,Manesar,"Sector-2 IMT, Manesar - HSPCB",28.360699,76.93609,PM2.5,79,215,155
India,Haryana,Manesar,"Sector-2 IMT, Manesar - HSPCB",28.360699,76.93609,NO2,59,72,67
India,Haryana,Narnaul,"Shastri Nagar, Narnaul - HSPCB",28.060249,76.113115,PM10,37,121,74
India,Haryana,Narnaul,"Shastri Nagar, Narnaul - HSPCB",28.060249,76.113115,O3,1,13,10
India,Karnataka,Chamarajanagar,"Urban, Chamarajanagar - KSPCB",11.55358,76.55521,PM2.5,16,51,27
India,Karnataka,Chamarajanagar,"Urban, Chamarajanagar - KSPCB",11.55358,76.55521,PM10,37,103,61
India,Karnataka,Chikkaballapur,"Chikkaballapur Rural, Chikkaballapur - KSPCB",13.428828,77.731418,PM10,NA,NA,NA
India,Karnataka,Chikkaballapur,"Chikkaballapur Rural, Chikkaballapur - KSPCB",13.428828,77.731418,O3,16,25,18
India,Karnataka,Chikkamagaluru,"Kalyana Nagara, Chikkamagaluru - KSPCB",13.328028,75.797056,NO2,16,28,25
India,Karnataka,Chikkamagaluru,"Kalyana Nagara, Chikkamagaluru - KSPCB",13.328028,75.797056,NH3,2,4,4
India,Karnataka,Chikkamagaluru,"Kalyana Nagara, Chikkamagaluru - KSPCB",13.328028,75.797056,O3,15,54,41
India,Haryana,Sonipat,"Murthal, Sonipat - HSPCB",29.0272,77.0621,O3,25,26,26
India,Haryana,Yamuna Nagar,"Gobind Pura, Yamuna Nagar - HSPCB",30.1480566,77.2893471,PM2.5,10,395,239
India,Madhya Pradesh,Jabalpur,"Marhatal, Jabalpur - MPPCB",23.168606,79.932247,PM2.5,18,99,56
India,Madhya Pradesh,Jabalpur,"Marhatal, Jabalpur - MPPCB",23.168606,79.932247,PM10,66,179,117
India,Madhya Pradesh,Jabalpur,"Suhagi, Jabalpur - JMC",23.218135,79.95777,PM2.5,21,184,60
India,Madhya Pradesh,Katni,"Gole Bazar, Katni - MPPCB",23.50016,80.23284,NH3,4,7,5
India,Madhya Pradesh,Mandideep,"Sector-D Industrial Area, Mandideep - MPPCB",23.10844,77.511428,PM10,71,453,164
India,Madhya Pradesh,Mandideep,"Sector-D Industrial Area, Mandideep - MPPCB",23.10844,77.511428,SO2,3,114,53
India,Madhya Pradesh,Pithampur,"Sector-2 Industrial Area, Pithampur - MPPCB",22.624758,75.675238,NO2,23,36,27
India,Maharashtra,Ahmednagar,"Tarakpur, Ahmednagar - MPCB",19.10122,74.73339,NH3,5,7,6
India,Maharashtra,Akola,"Ramdaspeth, Akola - MPCB",20.719516,77.000253,PM2.5,8,79,48
India,Maharashtra,Akola,"Ramdaspeth, Akola - MPCB",20.719516,77.000253,PM10,32,118,77
India,Maharashtra,Akola,"Ramdaspeth, Akola - MPCB",20.719516,77.000253,NO2,9,71,22
India,Maharashtra,Amravati,"Shivneri Colony, Amravati - MPCB",20.9402359,77.7895248,O3,25,89,81
India,Maharashtra,Amravati,"Shri Shivaji Science College, Amravati - MPCB",20.939198,77.765701,PM2.5,53,92,65
India,Maharashtra,Amravati,"Shri Shivaji Science College, Amravati - MPCB",20.939198,77.765701,CO,28,87,30
India,Maharashtra,Amravati,"Shri Shivaji Science College, Amravati - MPCB",20.939198,77.765701,O3,24,89,82
India,Madhya Pradesh,Pithampur,"Sector-2 Industrial Area, Pithampur - MPPCB",22.624758,75.675238,CO,6,32,17
India,Madhya Pradesh,Sagar,"Civil Lines, Sagar - MPPCB",23.838586,78.759431,NH3,3,14,7
India,Madhya Pradesh,Sagar,"Civil Lines, Sagar - MPPCB",23.838586,78.759431,CO,14,60,26
India,Madhya Pradesh,Satna,"Bandhavgar Colony, Satna - Birla Cement",24.58434363,80.8549414,PM2.5,48,51,50
India,Madhya Pradesh,Satna,"Bandhavgar Colony, Satna - Birla Cement",24.58434363,80.8549414,PM10,69,71,70
India,Madhya Pradesh,Satna,"Bandhavgar Colony, Satna - Birla Cement",24.58434363,80.8549414,CO,14,39,16
India,Madhya Pradesh,Singrauli,"Suryakiran Bhawan NCL, Singrauli - MPPCB",24.10897,82.64558,PM10,75,346,176
India,Madhya Pradesh,Damoh,"Shrivastav Colony, Damoh - MPPCB",23.81748678,79.446246,PM10,7,40,17
India,Madhya Pradesh,Damoh,"Shrivastav Colony, Damoh - MPPCB",23.81748678,79.446246,SO2,37,42,41
India,Madhya Pradesh,Damoh,"Shrivastav Colony, Damoh - MPPCB",23.81748678,79.446246,CO,12,18,13
India,Madhya Pradesh,Dewas,"Bhopal Chauraha, Dewas - MPPCB",22.9682591,76.064118,PM2.5,NA,NA,NA
India,Madhya Pradesh,Dewas,"Bhopal Chauraha, Dewas - MPPCB",22.9682591,76.064118,PM10,NA,NA,NA
India,Madhya Pradesh,Gwalior,"City Center, Gwalior - MPPCB",26.203442,78.193251,PM2.5,12,97,39
India,Madhya Pradesh,Gwalior,"City Center, Gwalior - MPPCB",26.203442,78.193251,CO,18,72,30
India,Madhya Pradesh,Gwalior,"Deen Dayal Nagar, Gwalior - MPPCB",26.259242,78.216432,PM10,58,224,124
India,Maharashtra,Aurangabad,"More Chowk Waluj, Aurangabad - MPCB",19.8389439,75.244448,PM10,90,134,114
India,Maharashtra,Aurangabad,"More Chowk Waluj, Aurangabad - MPCB",19.8389439,75.244448,O3,15,105,91
India,Maharashtra,Aurangabad,"Rachnakar Colony, Aurangabad - MPCB",19.863756,75.321188,PM2.5,77,144,100
India,Maharashtra,Aurangabad,"Rachnakar Colony, Aurangabad - MPCB",19.863756,75.321188,PM10,82,139,108
India,Maharashtra,Aurangabad,"Rachnakar Colony, Aurangabad - MPCB",19.863756,75.321188,SO2,7,41,19
India,Maharashtra,Badlapur,"Katrap, Badlapur - MPCB",19.16485,73.23409,NO2,16,43,29
India,Maharashtra,Badlapur,"Katrap, Badlapur - MPCB",19.16485,73.23409,CO,18,56,26
India,Maharashtra,Belapur,"CBD Belapur, Belapur - MPCB",19.0243902,73.0406721,CO,14,54,16
India,Maharashtra,Bhiwandi,"Gokul Nagar, Bhiwandi - MPCB",19.309073,73.057223,NO2,14,52,34
India,Maharashtra,Bhiwandi,"Gokul Nagar, Bhiwandi - MPCB",19.309073,73.057223,SO2,4,17,10
India,Maharashtra,Bhiwandi,"Gokul Nagar, Bhiwandi - MPCB",19.309073,73.057223,O3,13,96,70
India,Madhya Pradesh,Jabalpur,"Govindh Bhavan Colony, Jabalpur - JMC",23.163174,79.973061,NO2,4,14,10
India,Madhya Pradesh,Jabalpur,"Govindh Bhavan Colony, Jabalpur - JMC",23.163174,79.973061,SO2,5,7,5
India,Madhya Pradesh,Jabalpur,"Gupteshwar, Jabalpur - JMC",23.142888,79.916147,CO,31,116,45
India,Madhya Pradesh,Indore,"Airport Area, Indore - IMC",22.7289,75.8076,O3,5,16,13
India,Madhya Pradesh,Indore,"Maguda Nagar, Indore - IMC",22.7524,75.8872,PM2.5,43,151,73
India,Madhya Pradesh,Indore,"Maguda Nagar, Indore - IMC",22.7524,75.8872,NO2,10,18,15
India,Madhya Pradesh,Bhopal,"Idgah Hills, Bhopal - MPPCB",23.264759,77.381568,CO,28,59,40
India,Madhya Pradesh,Bhopal,"Paryavaran Parisar, Bhopal - MPPCB",23.210494,77.425409,SO2,1,18,11
India,Maharashtra,Mumbai,"Kurla, Mumbai - MPCB",19.0863,72.8888,PM2.5,40,129,80
India,Maharashtra,Mumbai,"Kurla, Mumbai - MPCB",19.0863,72.8888,O3,28,29,28
India,Maharashtra,Mumbai,"Malad West, Mumbai - IITM",19.19709,72.82204,NO2,NA,NA,NA
India,Maharashtra,Mumbai,"Mazgaon, Mumbai - IITM",18.96702,72.84214,PM10,45,107,69
India,Maharashtra,Mumbai,"Mazgaon, Mumbai - IITM",18.96702,72.84214,NO2,26,93,45
India,Maharashtra,Mumbai,"Mazgaon, Mumbai - IITM",18.96702,72.84214,SO2,18,36,24
India,Maharashtra,Mumbai,"Mazgaon, Mumbai - IITM",18.96702,72.84214,CO,29,70,48
India,Maharashtra,Mumbai,"Mindspace-Malad West, Mumbai - MPCB",19.1878657,72.8304069,PM2.5,88,98,92
India,Maharashtra,Mumbai,"Mulund West, Mumbai - MPCB",19.175,72.9419,PM10,NA,NA,NA
India,Maharashtra,Kolhapur,"Shivaji University, Kolhapur - MPCB",16.6870449,74.2505872,SO2,1,3,1
India,Maharashtra,Kolhapur,"Sinchan Bhavan, Kolhapur - MPCB",16.7143745,74.2426398,PM10,27,146,60
India,Maharashtra,Kolhapur,"Sinchan Bhavan, Kolhapur - MPCB",16.7143745,74.2426398,O3,1,39,29
India,Maharashtra,Latur,"Sawe Wadi, Latur - MPCB",18.39963,76.57452,NH3,4,21,11
India,Maharashtra,Latur,"Sawe Wadi, Latur - MPCB",18.39963,76.57452,O3,15,44,40
India,Maharashtra,Mahad,"Kamble Tarf Birwadi, Mahad - MPCB",18.1023399,73.4783687,PM10,114,250,147
India,Maharashtra,Mahad,"Kamble Tarf Birwadi, Mahad - MPCB",18.1023399,73.4783687,O3,20,73,63
India,Maharashtra,Mumbai,"Mulund West, Mumbai - MPCB",19.175,72.9419,NO2,19,24,21
India,Maharashtra,Mumbai,"Mulund West, Mumbai - MPCB",19.175,72.9419,CO,10,10,10
India,Maharashtra,Mumbai,"Navy Nagar-Colaba, Mumbai - IITM",18.897756,72.81332,PM10,70,111,84
India,Maharashtra,Mumbai,"Navy Nagar-Colaba, Mumbai - IITM",18.897756,72.81332,NO2,20,102,47
India,Maharashtra,Mumbai,"Sewri, Mumbai - BMC",19.000084,72.85673,NO2,NA,NA,NA
India,Maharashtra,Mumbai,"Sewri, Mumbai - BMC",19.000084,72.85673,O3,1,23,22
India,Maharashtra,Mumbai,"Shivaji Nagar, Mumbai - BMC",19.060498,72.923356,CO,10,88,25
India,Maharashtra,Boisar,"Khaira, Boisar - MPCB",19.786089,72.757971,SO2,1,52,12
India,Maharashtra,Chandrapur,"Chauhan Colony, Chandrapur - MPCB",19.9629,79.298714,NO2,28,30,29
India,Maharashtra,Chandrapur,"Chauhan Colony, Chandrapur - MPCB",19.9629,79.298714,O3,26,26,26
India,Maharashtra,Dhule,"Deopur, Dhule - MPCB",20.918946,74.776388,PM2.5,62,110,82
India,Maharashtra,Jalgaon,"Prabhat Colony, Jalgaon - MPCB",21.001264,75.565602,PM10,NA,NA,NA
India,Maharashtra,Jalgaon,"Prabhat Colony, Jalgaon - MPCB",21.001264,75.565602,CO,13,53,18
India,Maharashtra,Mira-Bhayandar,"Bhayandar West, Mira-Bhayandar - MPCB",19.296481,72.840923,NH3,3,10,6
India,Maharashtra,Mumbai,"Bandra Kurla Complex, Mumbai - IITM",19.053536,72.84643,PM2.5,64,156,86
India,Maharashtra,Mumbai,"Bandra Kurla Complex, Mumbai - MPCB",19.065931,72.862131,PM10,38,203,100
India,Maharashtra,Mumbai,"Bandra Kurla Complex, Mumbai - MPCB",19.065931,72.862131,NH3,10,10,10
India,Maharashtra,Mumbai,"Borivali East, Mumbai - IITM",19.23241,72.86895,PM10,87,118,104
India,Maharashtra,Mumbai,"Byculla, Mumbai - BMC",18.9767,72.838,PM2.5,11,59,24
India,Maharashtra,Mumbai,"Byculla, Mumbai - BMC",18.9767,72.838,NO2,34,151,61
India,Maharashtra,Mumbai,"Byculla, Mumbai - BMC",18.9767,72.838,NH3,7,47,14
India,Maharashtra,Mumbai,"Chembur, Mumbai - MPCB",19.0364585,72.8954371,NH3,10,15,12
India,Maharashtra,Mumbai,"Chembur, Mumbai - MPCB",19.0364585,72.8954371,O3,1,62,48
India,Maharashtra,Mumbai,"Chhatrapati Shivaji Intl. Airport (T2), Mumbai - MPCB",19.10078,72.87462,SO2,19,30,22
India,Maharashtra,Mumbai,"Kandivali East, Mumbai - MPCB",19.2058,72.8682,O3,17,18,18
India,Maharashtra,Mumbai,"Kandivali West, Mumbai - BMC",19.215859,72.831718,NH3,1,2,1
India,Maharashtra,Mumbai,"Kandivali West, Mumbai - BMC",19.215859,72.831718,SO2,NA,NA,NA
India,Maharashtra,Mumbai,"Kandivali West, Mumbai - BMC",19.215859,72.831718,CO,27,56,30
India,Maharashtra,Mumbai,"Kherwadi_Bandra East, Mumbai - MPCB",19.0632143,72.8456324,SO2,2,4,3
India,Maharashtra,Jalna,"Old MIDC, Jalna - MPCB",19.854616,75.905894,CO,24,90,29
India,Maharashtra,Kalyan,"Pimpleshwar Mandir, Kalyan - MPCB",19.192056,72.9585188,PM10,108,119,119
India,Maharashtra,Kalyan,"Pimpleshwar Mandir, Kalyan - MPCB",19.192056,72.9585188,CO,83,99,89
India,Maharashtra,Kolhapur,"Shivaji University, Kolhapur - MPCB",16.6870449,74.2505872,PM10,56,88,73
India,Maharashtra,Mumbai,"Chhatrapati Shivaji Intl. Airport (T2), Mumbai - MPCB",19.10078,72.87462,O3,7,8,7
India,Maharashtra,Mumbai,"Kandivali East, Mumbai - MPCB",19.2058,72.8682,NO2,30,30,30
India,Maharashtra,Mumbai,"Kandivali East, Mumbai - MPCB",19.2058,72.8682,NH3,3,3,3
India,Maharashtra,Pimpri-Chinchwad,"Gavalinagar, Pimpri Chinchwad - MPCB",18.63673,73.82487,NH3,6,19,11
India,Maharashtra,Pimpri-Chinchwad,"Gavalinagar, Pimpri Chinchwad - MPCB",18.63673,73.82487,SO2,1,6,3
India,Maharashtra,Pimpri-Chinchwad,"Park Street Wakad, Pimpri Chinchwad - MPCB",18.59051,73.77946,PM2.5,82,166,110
India,Maharashtra,Pimpri-Chinchwad,"Park Street Wakad, Pimpri Chinchwad - MPCB",18.59051,73.77946,NO2,45,90,65
India,Maharashtra,Pimpri-Chinchwad,"Park Street Wakad, Pimpri Chinchwad - MPCB",18.59051,73.77946,NH3,4,6,4
India,Maharashtra,Pimpri-Chinchwad,"Savta Mali Nagar, Pimpri-Chinchwad - IITM",18.614767,73.799516,PM10,118,162,138
India,Maharashtra,Pimpri-Chinchwad,"Savta Mali Nagar, Pimpri-Chinchwad - IITM",18.614767,73.799516,CO,38,80,38
India,Maharashtra,Pimpri-Chinchwad,"Thergaon, Pimpri Chinchwad - MPCB",18.616318,73.765797,SO2,1,7,4
India,Maharashtra,Pune,"Bhosari, Pune - IITM",18.640051,73.848956,PM10,89,167,125
India,Maharashtra,Pune,"Savitribai Phule Pune University, Pune - MPCB",18.547056,73.826908,NH3,NA,NA,NA
India,Maharashtra,Pune,"Savitribai Phule Pune University, Pune - MPCB",18.547056,73.826908,O3,18,60,45
India,Maharashtra,Solapur,"Dnyaneshwar Nagar, Solapur - MPCB",17.6336264,75.9132495,PM10,84,388,125
India,Maharashtra,Solapur,"Dnyaneshwar Nagar, Solapur - MPCB",17.6336264,75.9132495,NO2,7,63,22
India,Maharashtra,Solapur,"Dnyaneshwar Nagar, Solapur - MPCB",17.6336264,75.9132495,O3,23,48,44
India,Maharashtra,Solapur,"Ratandeep Housing Society, Solapur - MPCB",17.65439,75.90649,PM10,93,148,115
India,Maharashtra,Solapur,"Ratandeep Housing Society, Solapur - MPCB",17.65439,75.90649,NO2,10,89,30
India,Maharashtra,Solapur,"Ratandeep Housing Society, Solapur - MPCB",17.65439,75.90649,CO,23,68,25
India,Maharashtra,Nagpur,"Ram Nagar, Nagpur - MPCB",21.143383,79.048912,PM10,91,179,127
India,Maharashtra,Nagpur,"Ram Nagar, Nagpur - MPCB",21.143383,79.048912,SO2,10,116,30
India,Maharashtra,Nanded,"Sneh Nagar, Nanded - MPCB",19.173852,77.296291,SO2,5,7,6
India,Maharashtra,Nanded,"Sneh Nagar, Nanded - MPCB",19.173852,77.296291,CO,20,30,24
India,Maharashtra,Nashik,"Gangapur Road, Nashik - MPCB",20.0073285,73.7762427,PM2.5,63,159,100
India,Maharashtra,Nashik,"Hirawadi, Nashik - MPCB",20.021503,73.813844,SO2,6,106,24
India,Maharashtra,Nashik,"Hirawadi, Nashik - MPCB",20.021503,73.813844,CO,56,74,60
India,Maharashtra,Nashik,"Hirawadi, Nashik - MPCB",20.021503,73.813844,O3,22,130,104
India,Maharashtra,Pune,"Katraj Dairy, Pune - MPCB",18.45445,73.854155,NH3,2,9,5
India,Maharashtra,Pune,"Katraj Dairy, Pune - MPCB",18.45445,73.854155,O3,31,47,46
India,Maharashtra,Pune,"Mhada Colony, Pune - IITM",18.57304,73.927715,PM10,147,225,178
India,Maharashtra,Pune,"Mhada Colony, Pune - IITM",18.57304,73.927715,O3,7,75,64
India,Maharashtra,Pune,"Revenue Colony-Shivajinagar, Pune - IITM",18.530085,73.849598,NO2,17,97,58
India,Maharashtra,Pune,"Revenue Colony-Shivajinagar, Pune - IITM",18.530085,73.849598,SO2,4,21,10
India,Maharashtra,Pune,"Revenue Colony-Shivajinagar, Pune - IITM",18.530085,73.849598,O3,6,78,62
India,Maharashtra,Mumbai,"Worli, Mumbai -MPCB",18.994218,72.8158167,PM10,86,228,135
India,Maharashtra,Mumbai,"Worli, Mumbai -MPCB",18.994218,72.8158167,NH3,3,6,4
India,Maharashtra,Nagpur,"Ambazari, Nagpur - MPCB",21.121801,79.04952,NO2,12,92,39
India,Maharashtra,Nagpur,"Mahal, Nagpur - MPCB",21.14472,79.107595,O3,2,39,24
India,Maharashtra,Nagpur,"Opp GPO Civil Lines, Nagpur - MPCB",21.152875,79.0517531,PM10,75,182,122
India,Maharashtra,Nagpur,"Opp GPO Civil Lines, Nagpur - MPCB",21.152875,79.0517531,CO,9,126,24
India,Maharashtra,Navi Mumbai,"Sector-2E Kalamboli, Navi Mumbai - MPCB",19.02579,73.10297,CO,10,73,24
India,Maharashtra,Navi Mumbai,"Tondare-Taloja, Navi Mumbai - MPCB",19.063,73.1209,PM2.5,79,182,132
India,Maharashtra,Navi Mumbai,"Tondare-Taloja, Navi Mumbai - MPCB",19.063,73.1209,CO,8,26,11
India,Maharashtra,Parbhani,"Masoom Colony, Parbhani - MPCB",19.265594,76.761463,PM10,52,151,79
India,Maharashtra,Parbhani,"Masoom Colony, Parbhani - MPCB",19.265594,76.761463,NO2,14,25,15
India,Maharashtra,Navi Mumbai,"Kopripada-Vashi, Navi Mumbai - MPCB",19.090337,73.014232,NO2,18,77,44
India,Maharashtra,Navi Mumbai,"Mahape, Navi Mumbai - MPCB",19.1135051,73.008978,PM10,115,263,151
India,Maharashtra,Navi Mumbai,"Nerul, Navi Mumbai - MPCB",19.008751,73.01662,PM2.5,58,263,111
India,Maharashtra,Navi Mumbai,"Sanpada, Navi Mumbai - MPCB",19.0575752,73.0151367,PM2.5,51,120,79
India,Maharashtra,Mumbai,"Siddharth Nagar-Worli, Mumbai - IITM",19.000083,72.813993,O3,31,83,62
India,Maharashtra,Mumbai,"Siddharth Nagar-Worli, Mumbai - IITM",19.000083,72.813993,NO2,17,62,31
India,Rajasthan,Ajmer,"Civil Lines,  Ajmer - RSPCB",26.470859,74.646594,PM2.5,55,88,64
India,Rajasthan,Ajmer,"Civil Lines,  Ajmer - RSPCB",26.470859,74.646594,PM10,60,178,93
India,Rajasthan,Ajmer,"Civil Lines,  Ajmer - RSPCB",26.470859,74.646594,NH3,3,4,4
India,Rajasthan,Ajmer,"Civil Lines,  Ajmer - RSPCB",26.470859,74.646594,SO2,3,6,4
India,Rajasthan,Alwar,"Moti Doongri, Alwar - RSPCB",27.554793,76.611536,PM2.5,61,114,77
India,Rajasthan,Alwar,"Moti Doongri, Alwar - RSPCB",27.554793,76.611536,NH3,11,20,15
India,Rajasthan,Alwar,"Moti Doongri, Alwar - RSPCB",27.554793,76.611536,O3,8,69,44
India,Rajasthan,Banswara,"Rati Talai, Banswara - RSPCB",23.55519,74.44001,PM10,47,156,94
India,Rajasthan,Baran,"Bamboliya, Baran - RSPCB",25.106006,76.469948,PM2.5,5,127,34
India,Rajasthan,Baran,"Bamboliya, Baran - RSPCB",25.106006,76.469948,PM10,57,175,89
India,Rajasthan,Baran,"Bamboliya, Baran - RSPCB",25.106006,76.469948,NO2,13,67,25
India,Mizoram,Aizawl,"Sikulpuikawn, Aizawl - Mizoram PCB",23.7176342,92.7192841,PM2.5,53,59,56
India,Nagaland,Kohima,"PWD Junction, Kohima - NPCB",25.6635413,94.0989878,PM2.5,1,89,42
India,Nagaland,Kohima,"PWD Junction, Kohima - NPCB",25.6635413,94.0989878,CO,6,20,9
India,Odisha,Angul,"Hakimapada, Angul - OSPCB",20.832874,85.104082,PM2.5,61,359,164
India,Odisha,Angul,"Hakimapada, Angul - OSPCB",20.832874,85.104082,CO,28,109,56
India,Odisha,Balasore,"Kalidaspur, Balasore - OSPCB",21.51161,86.89088,NO2,9,33,17
India,Odisha,Balasore,"Kalidaspur, Balasore - OSPCB",21.51161,86.89088,NH3,1,4,2
India,Odisha,Barbil,"Forest Office, Barbil - OSPCB",22.1166054,85.3945546,PM2.5,35,317,91
India,Odisha,Rourkela,"Raghunathpali, Rourkela - OSPCB",22.220833,84.809444,CO,30,96,39
India,Odisha,Rourkela,"Sector-2, Rourkela - OSPCB",22.245,84.88111111,CO,29,68,31
India,Odisha,Suakati,"OMC Colony, Suakati - OSPCB",21.606865,85.510538,O3,25,156,140
India,Odisha,Talcher,"Talcher Coalfields,Talcher - OSPCB",20.9360711,85.1707021,PM10,35,388,131
India,Odisha,Talcher,"Talcher Coalfields,Talcher - OSPCB",20.9360711,85.1707021,NH3,6,8,7
India,Odisha,Talcher,"Talcher Coalfields,Talcher - OSPCB",20.9360711,85.1707021,CO,41,104,51
India,Odisha,Talcher,"Talcher Coalfields,Talcher - OSPCB",20.9360711,85.1707021,O3,27,62,52
India,Odisha,Tensa,"Barsua Iron Ore Mines, Tensa - OSPCB",21.869985,85.167016,NH3,NA,NA,NA
India,Punjab,Jalandhar,"Civil Line, Jalandhar - PPCB",31.321907,75.578914,O3,12,69,39
India,Punjab,Ludhiana,"Punjab Agricultural University, Ludhiana - PPCB",30.9028,75.8086,PM10,79,127,106
India,Punjab,Ludhiana,"Punjab Agricultural University, Ludhiana - PPCB",30.9028,75.8086,SO2,23,43,31
India,Punjab,Patiala,"Model Town, Patiala - PPCB",30.349388,76.366642,NO2,15,20,18
India,Punjab,Rupnagar,"Ratanpura, Rupnagar - Ambuja Cements",31.0325454,76.5623046,PM2.5,19,55,31
India,Odisha,Cuttack,"CDA Area, Cuttack - OSPCB",20.48891,85.84768,NH3,5,8,6
India,Odisha,Nayagarh,"Dabuna, Nayagarh - OSPCB",21.847279,85.416905,SO2,2,14,6
India,Odisha,Nayagarh,"Dabuna, Nayagarh - OSPCB",21.847279,85.416905,CO,18,34,25
India,Odisha,Rairangpur,"Divisional Forest Office, Rairangpur - OSPCB",22.265816,86.174829,NO2,11,11,11
India,Odisha,Rairangpur,"Divisional Forest Office, Rairangpur - OSPCB",22.265816,86.174829,SO2,1,26,10
India,Odisha,Rairangpur,"Divisional Forest Office, Rairangpur - OSPCB",22.265816,86.174829,CO,14,46,20
India,Odisha,Tensa,"Barsua Iron Ore Mines, Tensa - OSPCB",21.869985,85.167016,SO2,NA,NA,NA
India,Puducherry,Puducherry,"Jawahar Nagar, Puducherry - PPCC",11.9309,79.8027,O3,29,96,72
India,Punjab,Bathinda,"Hardev Nagar, Bathinda - PPCB",30.233011,74.907758,CO,39,82,78
India,Maharashtra,Thane,"Upvan Fort, Thane - MPCB",19.222279,72.957979,O3,12,73,63
India,Maharashtra,Virar,"Bolinj, Virar - MPCB",19.445821,72.7988231,NO2,7,94,33
India,Meghalaya,Shillong,"Lumpyngngad, Shillong - Meghalaya PCB",25.5586,91.8985,PM10,1,43,14
India,Odisha,Brajrajnagar,"GM Office, Brajrajnagar - OSPCB",21.8004996,83.8396977,NO2,9,36,15
India,Odisha,Baripada,"Meher Colony, Baripada - OSPCB",21.941841,86.728318,NO2,1,35,18
India,Rajasthan,Dausa,"Khatikan Mohalla, Dausa - RSPCB",26.895552,76.334753,SO2,5,11,6
India,Rajasthan,Dholpur,"Raja Ganj, Dholpur - RSPCB",26.699557,77.898881,PM10,46,119,70
India,Rajasthan,Dholpur,"Raja Ganj, Dholpur - RSPCB",26.699557,77.898881,CO,4,41,30
India,Rajasthan,Dungarpur,"Bhoiwada, Dungarpur - RSPCB",23.837789,73.714926,NO2,20,41,26
India,Rajasthan,Hanumangarh,"Housing Board, Hanumangarh - RSPCB",29.61075,74.283608,CO,18,36,28
India,Rajasthan,Hanumangarh,"Housing Board, Hanumangarh - RSPCB",29.61075,74.283608,O3,1,39,10
India,Rajasthan,Jaipur,"Adarsh Nagar, Jaipur - RSPCB",26.902909,75.836858,PM2.5,73,153,101
India,Rajasthan,Jaipur,"Adarsh Nagar, Jaipur - RSPCB",26.902909,75.836858,CO,32,62,43
India,Rajasthan,Jaipur,"Mansarovar Sector-12, Jaipur - RSPCB",26.843698,75.766894,PM10,56,218,112
India,Rajasthan,Bhilwara,"Pratap Nagar, Bhilwara - RSPCB",25.339605,74.618883,SO2,9,51,20
India,Rajasthan,Bhiwadi,"RIICO Ind. Area III, Bhiwadi - RSPCB",28.194909,76.862296,PM10,73,195,140
India,Rajasthan,Bhiwadi,"RIICO Ind. Area III, Bhiwadi - RSPCB",28.194909,76.862296,NO2,14,75,49
India,Rajasthan,Bhiwadi,"RIICO Ind. Area III, Bhiwadi - RSPCB",28.194909,76.862296,O3,6,54,32
India,Rajasthan,Bhiwadi,"Vasundhara Nagar_UIT, Bhiwadi - RSPCB",28.207266,76.829265,SO2,5,103,36
India,Rajasthan,Bikaner,"MM Ground, Bikaner - RSPCB",28.018792,73.292658,SO2,7,22,13
India,Rajasthan,Chittorgarh,"Shastri Nagar, Chittorgarh - RSPCB",24.892047,74.623527,PM2.5,37,133,76
India,Rajasthan,Jaipur,"Police Commissionerate, Jaipur - RSPCB",26.9164092,75.7994901,PM2.5,49,152,79
India,Rajasthan,Jaipur,"Police Commissionerate, Jaipur - RSPCB",26.9164092,75.7994901,PM10,52,167,87
India,Rajasthan,Jaipur,"Police Commissionerate, Jaipur - RSPCB",26.9164092,75.7994901,NO2,82,147,122
India,Rajasthan,Jaipur,"RIICO Sitapura, Jaipur - RSPCB",26.786682,75.827928,PM2.5,28,243,132
India,Rajasthan,Jaipur,"Sector-2 Murlipura, Jaipur - RSPCB",26.960669,75.771817,PM2.5,15,117,38
India,Rajasthan,Jaipur,"Sector-2 Murlipura, Jaipur - RSPCB",26.960669,75.771817,NH3,4,6,5
India,Rajasthan,Jaipur,"Sector-2 Murlipura, Jaipur - RSPCB",26.960669,75.771817,CO,25,121,36
India,Rajasthan,Barmer,"Railway Colony, Barmer - RSPCB",25.747299,71.393989,NH3,4,8,5
India,Rajasthan,Bharatpur,"Krishna Nagar, Bharatpur - RSPCB",27.215415,77.50873,PM2.5,13,73,41
India,Rajasthan,Bharatpur,"Krishna Nagar, Bharatpur - RSPCB",27.215415,77.50873,PM10,34,131,70
India,Rajasthan,Bhilwara,"Pratap Nagar, Bhilwara - RSPCB",25.339605,74.618883,NO2,11,76,23
India,Rajasthan,Chittorgarh,"Shastri Nagar, Chittorgarh - RSPCB",24.892047,74.623527,O3,13,115,98
India,Rajasthan,Churu,"Subash Chowk, Churu - RSPCB",28.296139,74.961696,PM10,119,233,142
India,Rajasthan,Churu,"Subash Chowk, Churu - RSPCB",28.296139,74.961696,SO2,5,7,6
India,Rajasthan,Churu,"Subash Chowk, Churu - RSPCB",28.296139,74.961696,CO,30,55,38
India,Rajasthan,Jaisalmer,"Sadar Bazar, Jaisalmer - RSPCB",26.912329,70.909168,NO2,11,54,22
India,Rajasthan,Jaisalmer,"Sadar Bazar, Jaisalmer - RSPCB",26.912329,70.909168,O3,21,62,53
India,Rajasthan,Jalore,"Mudtra Sili, Jalore - RSPCB",25.344694,72.626208,NO2,7,96,30
India,Rajasthan,Jodhpur,"Jhalamand, Jodhpur - RSPCB",26.215415,73.070156,NO2,8,96,37
India,Rajasthan,Jodhpur,"Mandor, Jodhpur - RSPCB",26.358805,73.047444,PM2.5,27,123,57
India,Rajasthan,Jodhpur,"Mandor, Jodhpur - RSPCB",26.358805,73.047444,PM10,50,157,80
India,Rajasthan,Jhalawar,"Rajlaxmi Nagar, Jhalawar - RSPCB",24.588397,76.172782,NO2,72,142,108
India,Rajasthan,Jodhpur,"Collectorate, Jodhpur - RSPCB",26.268249,73.0193853,PM10,48,157,96
India,Rajasthan,Sawai Madhopur,"Sahu Nagar, Sawai Madhopur - RSPCB",26.031443,76.359327,SO2,NA,NA,NA
India,Rajasthan,Sawai Madhopur,"Sahu Nagar, Sawai Madhopur - RSPCB",26.031443,76.359327,CO,9,64,23
India,Rajasthan,Sikar,"Radhakishan Pura, Sikar - RSPCB",27.608912,75.153302,PM10,76,198,122
India,Rajasthan,Sikar,"Radhakishan Pura, Sikar - RSPCB",27.608912,75.153302,NO2,14,86,27
India,Rajasthan,Sikar,"Radhakishan Pura, Sikar - RSPCB",27.608912,75.153302,NH3,7,9,8
India,Rajasthan,Sri Ganganagar,"Old City, Sri Ganganagar - RSPCB",29.931624,73.864511,PM10,82,336,136
India,Rajasthan,Tonk,"Shastri Nagar, Tonk - RSPCB",26.159933,75.780517,SO2,2,7,5
India,Rajasthan,Udaipur,"Ashok Nagar, Udaipur - RSPCB",24.5886166,73.6321397,PM2.5,67,233,140
India,TamilNadu,Chennai,"Manali, Chennai - CPCB",13.164544,80.26285,NO2,9,12,10
India,TamilNadu,Chennai,"Perungudi, Chennai - TNPCB",12.9533,80.2357,NO2,3,20,7
India,TamilNadu,Chennai,"Perungudi, Chennai - TNPCB",12.9533,80.2357,SO2,2,7,5
India,TamilNadu,Chennai,"Perungudi, Chennai - TNPCB",12.9533,80.2357,CO,27,56,42
India,TamilNadu,Coimbatore,"PSG College of Arts and Science, Coimbatore - TNPCB",11.0328,77.0349,NO2,10,11,11
India,TamilNadu,Coimbatore,"PSG College of Arts and Science, Coimbatore - TNPCB",11.0328,77.0349,SO2,2,15,4
India,Rajasthan,Udaipur,"Ashok Nagar, Udaipur - RSPCB",24.5886166,73.6321397,CO,5,112,45
India,Sikkim,Gangtok,"Zero Point GICI, Gangtok - SSPCB",27.33853,88.614099,NO2,6,7,6
India,TamilNadu,Chennai,"Arumbakkam, Chennai - TNPCB",13.0664,80.2112,SO2,3,11,5
India,TamilNadu,Chennai,"Manali Village, Chennai - TNPCB",13.1662,80.2584,PM2.5,54,284,126
India,Rajasthan,Nagaur,"Karni Colony, Nagaur - RSPCB",27.213494,73.734444,NH3,NA,NA,NA
India,Rajasthan,Nagaur,"Karni Colony, Nagaur - RSPCB",27.213494,73.734444,SO2,NA,NA,NA
India,Rajasthan,Nagaur,"Karni Colony, Nagaur - RSPCB",27.213494,73.734444,CO,15,62,20
India,Rajasthan,Pratapgarh,"Pragati Nagar, Pratapgarh - RSPCB",24.041198,74.780702,PM10,48,144,99
India,Rajasthan,Pratapgarh,"Pragati Nagar, Pratapgarh - RSPCB",24.041198,74.780702,NH3,5,10,6
India,Rajasthan,Jodhpur,"Samrat Ashok Udhyan, Jodhpur - RSPCB",26.253384,72.976571,O3,5,172,151
India,Rajasthan,Kota,"Dhanmandi, Kota - RSPCB",25.16409,75.858137,CO,19,82,26
India,Rajasthan,Kota,"Shrinath Puram, Kota - RSPCB",25.14389,75.821256,SO2,4,67,15
India,TamilNadu,Thoothukudi,"Meelavittan, Thoothukudi - TNPCB",8.816428,78.099039,PM10,70,105,84
India,Telangana,Hyderabad,"Central University, Hyderabad - TSPCB",17.460103,78.334361,SO2,6,12,9
India,Telangana,Hyderabad,"Central University, Hyderabad - TSPCB",17.460103,78.334361,CO,20,38,25
India,TamilNadu,Madurai,"Uchapatti, Madurai - TNPCB",9.865935,78.022669,NO2,NA,NA,NA
India,TamilNadu,Madurai,"Uchapatti, Madurai - TNPCB",9.865935,78.022669,NH3,NA,NA,NA
India,TamilNadu,Madurai,"Uchapatti, Madurai - TNPCB",9.865935,78.022669,CO,26,27,26
India,TamilNadu,Coimbatore,"SIDCO Kurichi, Coimbatore - TNPCB",10.942451,76.978996,NH3,NA,NA,NA
India,TamilNadu,Coimbatore,"SIDCO Kurichi, Coimbatore - TNPCB",10.942451,76.978996,O3,8,42,21
India,TamilNadu,Gummidipoondi,"Anthoni Pillai Nagar, Gummidipoondi - TNPCB",13.4127,80.1081,PM10,67,362,180
India,Telangana,Hyderabad,"Kokapet, Hyderabad - TSPCB",17.393559,78.339194,PM10,80,102,88
India,Telangana,Hyderabad,"Kokapet, Hyderabad - TSPCB",17.393559,78.339194,NO2,13,18,15
India,Telangana,Hyderabad,"Kokapet, Hyderabad - TSPCB",17.393559,78.339194,NH3,2,3,2
India,Telangana,Hyderabad,"Kompally Municipal Office, Hyderabad - TSPCB",17.544899,78.486949,PM2.5,35,57,46
India,Telangana,Hyderabad,"Kompally Municipal Office, Hyderabad - TSPCB",17.544899,78.486949,PM10,64,84,74
India,Telangana,Hyderabad,"Nacharam_TSIIC IALA, Hyderabad - TSPCB",17.429398,78.569354,PM2.5,53,69,59
India,Telangana,Hyderabad,"Nacharam_TSIIC IALA, Hyderabad - TSPCB",17.429398,78.569354,NO2,11,20,14
India,Telangana,Hyderabad,"Nacharam_TSIIC IALA, Hyderabad - TSPCB",17.429398,78.569354,O3,15,34,29
India,Telangana,Hyderabad,"New Malakpet, Hyderabad - TSPCB",17.37206,78.50864,NO2,14,17,14
India,Telangana,Hyderabad,"New Malakpet, Hyderabad - TSPCB",17.37206,78.50864,SO2,17,21,19
India,Uttar_Pradesh,Bulandshahr,"Yamunapuram, Bulandshahr - UPPCB",28.406963,77.849831,NH3,9,14,11
India,Uttar_Pradesh,Bulandshahr,"Yamunapuram, Bulandshahr - UPPCB",28.406963,77.849831,O3,34,73,67
India,Uttar_Pradesh,Firozabad,"Nagla Bhau, Firozabad - UPPCB",27.168897,78.37696,SO2,3,68,19
India,Uttar_Pradesh,Firozabad,"Vibhab Nagar, Firozabad - UPPCB",27.1594,78.3953,SO2,8,19,18
India,Uttar_Pradesh,Ghaziabad,"Indirapuram, Ghaziabad - UPPCB",28.646233,77.358075,PM2.5,59,396,286
India,Uttar_Pradesh,Ghaziabad,"Indirapuram, Ghaziabad - UPPCB",28.646233,77.358075,CO,14,163,36
India,Telangana,Hyderabad,"Zoo Park, Hyderabad - TSPCB",17.349694,78.451437,SO2,2,8,4
India,Telangana,Hyderabad,"Zoo Park, Hyderabad - TSPCB",17.349694,78.451437,O3,23,28,25
India,Tripura,Agartala,"Bardowali, Agartala - Tripura SPCB",23.8175497,91.2726974,PM2.5,25,178,61
India,Tripura,Agartala,"Bardowali, Agartala - Tripura SPCB",23.8175497,91.2726974,PM10,28,97,61
India,Tripura,Agartala,"Bardowali, Agartala - Tripura SPCB",23.8175497,91.2726974,NO2,13,13,13
India,Uttar_Pradesh,Agra,"Manoharpur, Agra - UPPCB",27.23711,78.01936,NO2,26,26,26
India,Telangana,Hyderabad,"ECIL Kapra, Hyderabad - TSPCB",17.470431,78.566959,O3,8,41,25
India,Telangana,Hyderabad,"ICRISAT Patancheru, Hyderabad - TSPCB",17.5184,78.278777,NO2,7,18,13
India,Telangana,Hyderabad,"IDA Pashamylaram, Hyderabad - TSPCB",17.5316895,78.218939,NO2,6,7,7
India,Telangana,Hyderabad,"IDA Pashamylaram, Hyderabad - TSPCB",17.5316895,78.218939,O3,17,18,18
India,Telangana,Hyderabad,"IITH Kandi, Hyderabad - TSPCB",17.585705,78.126199,NO2,NA,NA,NA
India,Uttar_Pradesh,Agra,"Sanjay Palace, Agra - UPPCB",27.19865833,78.00598056,PM2.5,30,223,97
India,Uttar_Pradesh,Agra,"Sanjay Palace, Agra - UPPCB",27.19865833,78.00598056,NO2,2,10,4
India,Uttar_Pradesh,Agra,"Sanjay Palace, Agra - UPPCB",27.19865833,78.00598056,O3,31,92,89
India,Uttar_Pradesh,Agra,"Sector-3B Avas Vikas Colony, Agra - UPPCB",27.19412,77.96237,SO2,11,13,13
India,Uttar_Pradesh,Agra,"Shahjahan Garden, Agra - UPPCB",27.169338,78.03582,PM2.5,2,88,28
India,Telangana,Hyderabad,"New Malakpet, Hyderabad - TSPCB",17.37206,78.50864,O3,19,33,26
India,Telangana,Hyderabad,"Ramachandrapuram, Hyderabad - TSPCB",17.528544,78.286195,NO2,12,18,15
India,Telangana,Hyderabad,"Ramachandrapuram, Hyderabad - TSPCB",17.528544,78.286195,SO2,8,12,11
India,Telangana,Hyderabad,"Sanathnagar, Hyderabad - TSPCB",17.4559458,78.4332152,PM2.5,59,92,72
India,Telangana,Hyderabad,"Sanathnagar, Hyderabad - TSPCB",17.4559458,78.4332152,NO2,30,52,40
India,Uttar_Pradesh,Ghaziabad,"Sanjay Nagar, Ghaziabad - UPPCB",28.685382,77.453839,PM2.5,68,353,219
India,Uttar_Pradesh,Ghaziabad,"Vasundhara, Ghaziabad - UPPCB",28.6603346,77.3572563,PM2.5,50,353,270
India,Uttar_Pradesh,Ghaziabad,"Vasundhara, Ghaziabad - UPPCB",28.6603346,77.3572563,NO2,20,113,66
India,Uttar_Pradesh,Baghpat,"Sardar Patel Inter College, Baghpat - UPPCB",28.964949,77.278761,SO2,23,83,38
India,Uttar_Pradesh,Bareilly,"Rajendra Nagar, Bareilly - UPPCB",28.38910936,79.42963708,PM10,45,139,97
India,Uttar_Pradesh,Ghaziabad,"Loni, Ghaziabad - UPPCB",28.757294,77.278792,PM2.5,NA,NA,NA
India,Uttar_Pradesh,Ghaziabad,"Loni, Ghaziabad - UPPCB",28.757294,77.278792,NH3,NA,NA,NA
India,Uttar_Pradesh,Lucknow,"Gomti Nagar, Lucknow - UPPCB",26.86812,81.005119,SO2,10,14,13
India,Uttar_Pradesh,Lucknow,"Gomti Nagar, Lucknow - UPPCB",26.86812,81.005119,CO,32,40,38
India,Uttar_Pradesh,Lucknow,"Kendriya Vidyalaya, Lucknow - CPCB",26.906111,80.948222,SO2,1,29,12
India,Uttar_Pradesh,Lucknow,"Kendriya Vidyalaya, Lucknow - CPCB",26.906111,80.948222,CO,16,101,30
India,Uttar_Pradesh,Lucknow,"Kukrail Picnic Spot-1, Lucknow - UPPCB",26.90723,80.98579,PM10,NA,NA,NA
India,Uttar_Pradesh,Lucknow,"Kukrail Picnic Spot-1, Lucknow - UPPCB",26.90723,80.98579,NH3,6,6,6
India,Uttar_Pradesh,Lucknow,"Kukrail Picnic Spot-1, Lucknow - UPPCB",26.90723,80.98579,SO2,40,46,43
India,Uttar_Pradesh,Lucknow,"Lalbagh, Lucknow - CPCB",26.8458805,80.9365541,O3,7,46,41
India,Uttar_Pradesh,Lucknow,"Talkatora District Industries Center, Lucknow - CPCB",26.83399722,80.8917361,PM2.5,97,349,258
India,Uttar_Pradesh,Lucknow,"Talkatora District Industries Center, Lucknow - CPCB",26.83399722,80.8917361,NO2,33,53,42
India,Uttar_Pradesh,Greater Noida,"Knowledge Park - III, Greater Noida - UPPCB",28.47272,77.482,NO2,11,121,61
India,Uttar_Pradesh,Greater Noida,"Knowledge Park - III, Greater Noida - UPPCB",28.47272,77.482,SO2,2,13,8
India,Uttar_Pradesh,Greater Noida,"Knowledge Park - V, Greater Noida - UPPCB",28.557054,77.453663,NH3,10,15,12
India,Uttar_Pradesh,Greater Noida,"Knowledge Park - V, Greater Noida - UPPCB",28.557054,77.453663,CO,18,108,29
India,Uttar_Pradesh,Hapur,"Anand Vihar, Hapur - UPPCB",28.725645,77.749675,PM2.5,73,326,234
India,Uttar_Pradesh,Kanpur,"FTI Kidwai Nagar, Kanpur - UPPCB",26.428282,80.327067,CO,32,60,33
India,Uttar_Pradesh,Kanpur,"NSI Kalyanpur, Kanpur - UPPCB",26.509954,80.249612,CO,30,70,32
India,Uttar_Pradesh,Kanpur,"Nehru Nagar, Kanpur - UPPCB",26.4703136,80.3229863,PM2.5,28,344,149
India,Uttar_Pradesh,Kanpur,"Nehru Nagar, Kanpur - UPPCB",26.4703136,80.3229863,CO,36,86,64
India,Uttar_Pradesh,Khurja,"Kalindi Kunj, Khurja - UPPCB",28.2348927,77.8683002,SO2,13,15,14
India,Uttar_Pradesh,Lucknow,"B R Ambedkar University, Lucknow - UPPCB",26.766433,80.927299,PM10,34,162,82
India,Uttar_Pradesh,Lucknow,"Talkatora District Industries Center, Lucknow - CPCB",26.83399722,80.8917361,O3,9,43,34
India,Uttar_Pradesh,Meerut,"Ganga Nagar, Meerut - UPPCB",28.999264,77.7590354,SO2,NA,NA,NA
India,Uttar_Pradesh,Meerut,"Jai Bhim Nagar, Meerut - UPPCB",28.9535882,77.7622941,NO2,6,23,16
India,Uttar_Pradesh,Meerut,"Jai Bhim Nagar, Meerut - UPPCB",28.9535882,77.7622941,NH3,4,12,6
India,Uttar_Pradesh,Meerut,"Pallavpuram Phase 2, Meerut - UPPCB",29.06351,77.709723,NO2,11,60,23
India,Uttar_Pradesh,Moradabad,"Buddhi Vihar, Moradabad - UPPCB",28.83526,78.7446,PM2.5,38,255,113
India,Uttar_Pradesh,Moradabad,"Buddhi Vihar, Moradabad - UPPCB",28.83526,78.7446,PM10,70,220,118
India,Uttar_Pradesh,Moradabad,"Buddhi Vihar, Moradabad - UPPCB",28.83526,78.7446,SO2,24,60,44
India,Uttar_Pradesh,Moradabad,"Buddhi Vihar, Moradabad - UPPCB",28.83526,78.7446,CO,34,88,42
India,Uttar_Pradesh,Moradabad,"Eco Herbal Park, Moradabad - UPPCB",28.840739,78.697531,O3,2,75,61
India,Uttar_Pradesh,Noida,"Sector-116, Noida - UPPCB",28.56923,77.393848,PM2.5,45,342,231
India,Uttar_Pradesh,Noida,"Sector-116, Noida - UPPCB",28.56923,77.393848,NO2,22,33,27
India,Uttar_Pradesh,Prayagraj,"Jhunsi, Prayagraj - UPPCB",25.425602,81.917152,NO2,6,6,6
India,Uttar_Pradesh,Moradabad,"Jigar Colony, Moradabad - UPPCB",28.856664,78.772638,O3,16,27,22
India,Uttar_Pradesh,Moradabad,"Kashiram Nagar, Moradabad - UPPCB",28.849399,78.742362,PM2.5,31,231,111
India,Uttar_Pradesh,Gorakhpur,"Madan Mohan Malaviya University of Technology, Gorakhpur - UPPCB",26.730136,83.433859,SO2,41,45,43
India,Uttar_Pradesh,Noida,"Sector - 125, Noida - UPPCB",28.5447608,77.3231257,NO2,21,121,67
India,Uttar_Pradesh,Prayagraj,"Motilal Nehru NIT, Prayagraj - UPPCB",25.494,81.863,O3,5,31,26
India,Uttar_Pradesh,Prayagraj,"Nagar Nigam, Prayagraj - UPPCB",25.44919916,81.82735986,PM2.5,19,112,58
India,Uttar_Pradesh,Prayagraj,"Nagar Nigam, Prayagraj - UPPCB",25.44919916,81.82735986,O3,11,12,12
India,Uttar_Pradesh,Varanasi,"Bhelupur, Varanasi - UPPCB",25.301778,82.996789,PM2.5,32,221,106
India,Uttar_Pradesh,Varanasi,"Bhelupur, Varanasi - UPPCB",25.301778,82.996789,O3,6,17,10
India,Uttar_Pradesh,Varanasi,"IESD Banaras Hindu University, Varanasi - UPPCB",25.262326,82.995408,PM10,18,114,72
India,Uttar_Pradesh,Varanasi,"IESD Banaras Hindu University, Varanasi - UPPCB",25.262326,82.995408,O3,1,19,5
India,Uttar_Pradesh,Varanasi,"Maldahiya, Varanasi - UPPCB",25.32393,82.99687,PM2.5,16,153,62
India,Uttar_Pradesh,Vrindavan,"Omex Eternity, Vrindavan - UPPCB",27.571409,77.655757,PM10,42,115,79
India,Uttar_Pradesh,Vrindavan,"Omex Eternity, Vrindavan - UPPCB",27.571409,77.655757,NO2,26,27,27
India,Uttar_Pradesh,Vrindavan,"Omex Eternity, Vrindavan - UPPCB",27.571409,77.655757,CO,18,27,21
India,Uttarakhand,Dehradun,"Doon University, Dehradun - UKPCB",30.269444,78.044167,PM10,39,117,68
India,Uttarakhand,Dehradun,"Doon University, Dehradun - UKPCB",30.269444,78.044167,SO2,1,3,2
India,Uttarakhand,Dehradun,"Doon University, Dehradun - UKPCB",30.269444,78.044167,O3,23,76,68
India,Uttarakhand,Kashipur,"Govt. Girls Inter College, Kashipur - UKPCB",29.2124114,78.9611753,O3,4,7,6
India,West_Bengal,Asansol,"Asansol Court Area, Asansol - WBPCB",23.685297,86.945968,NH3,3,9,5
India,West_Bengal,Asansol,"Evelyn Lodge, Asansol - WBPCB",23.697936,86.944395,PM10,44,152,98
India,West_Bengal,Asansol,"Mahabir Colliery, Asansol - WBPCB",23.618183,87.105718,SO2,6,11,8
India,West_Bengal,Asansol,"Mahabir Colliery, Asansol - WBPCB",23.618183,87.105718,CO,30,106,44
India,West_Bengal,Barrackpore,"SVSPA Campus, Barrackpore - WBPCB",22.7605581,88.3617589,NO2,12,53,24
India,West_Bengal,Barrackpore,"SVSPA Campus, Barrackpore - WBPCB",22.7605581,88.3617589,CO,82,104,87
India,West_Bengal,Durgapur,"Mahishkapur Road_B-Zone, Durgapur - WBPCB",23.567923,87.306843,PM10,37,125,91
India,West_Bengal,Durgapur,"Mahishkapur Road_B-Zone, Durgapur - WBPCB",23.567923,87.306843,NH3,2,3,3
India,West_Bengal,Durgapur,"PCBL Residential Complex, Durgapur - WBPCB",23.508764,87.35444,PM10,38,133,93
India,West_Bengal,Durgapur,"PCBL Residential Complex, Durgapur - WBPCB",23.508764,87.35444,NH3,13,17,16
India,West_Bengal,Durgapur,"PCBL Residential Complex, Durgapur - WBPCB",23.508764,87.35444,SO2,5,7,5
India,West_Bengal,Haldia,"Priyambada Housing Estate, Haldia - WBPCB",22.06047,88.109737,CO,23,64,27
India,West_Bengal,Howrah,"Belur Math, Howrah - WBPCB",22.629801,88.352017,O3,8,23,21
India,West_Bengal,Howrah,"Botanical Garden, Howrah - WBPCB",22.554954,88.292568,NO2,11,17,13
India,West_Bengal,Howrah,"Botanical Garden, Howrah - WBPCB",22.554954,88.292568,CO,22,82,28
India,West_Bengal,Howrah,"Dasnagar, Howrah - WBPCB",22.6025571,88.3105664,SO2,5,44,18
India,West_Bengal,Howrah,"Ghusuri, Howrah - WBPCB",22.611968,88.347422,PM10,100,167,139
India,West_Bengal,Howrah,"Ghusuri, Howrah - WBPCB",22.611968,88.347422,O3,8,26,22
India,West_Bengal,Howrah,"Padmapukur, Howrah - WBPCB",22.5687319,88.2797276,NH3,4,23,8
India,West_Bengal,Kolkata,"Fort William, Kolkata - WBPCB",22.55664,88.342674,CO,18,56,24
India,West_Bengal,Kolkata,"Jadavpur, Kolkata - WBPCB",22.49929,88.36917,NH3,5,9,6
India,West_Bengal,Kolkata,"Rabindra Bharati University, Kolkata - WBPCB",22.627847,88.380669,PM2.5,107,310,235
India,West_Bengal,Kolkata,"Rabindra Bharati University, Kolkata - WBPCB",22.627847,88.380669,CO,36,83,40
India,West_Bengal,Kolkata,"Rabindra Sarobar, Kolkata - WBPCB",22.51106,88.35142,PM2.5,57,183,117
India,West_Bengal,Kolkata,"Rabindra Sarobar, Kolkata - WBPCB",22.51106,88.35142,NH3,8,26,14
India,West_Bengal,Kolkata,"Victoria, Kolkata - WBPCB",22.5448082,88.3403691,CO,28,53,44
India,West_Bengal,Siliguri,"Ward-32 Bapupara, Siliguri - WBPCB",26.6879226,88.4152495,SO2,13,17,15
India,West_Bengal,Siliguri,"Ward-32 Bapupara, Siliguri - WBPCB",26.6879226,88.4152495,O3,27,119,106
