station,date,to_date,pm25,pm10,no2,so2,co,ozone
AHEMEDABAD,01-01-2025 00:00,02-01-2025 00:00,44.2,96.41,,3.78,,32.14
AHEMEDABAD,02-01-2025 00:00,03-01-2025 00:00,43.66,94.39,,3.68,,37.45
AHEMEDABAD,03-01-2025 00:00,04-01-2025 00:00,53.37,110.38,,4.16,4.57,23.52
AHEMEDABAD,04-01-2025 00:00,05-01-2025 00:00,61.36,126.44,,6.6,0.84,68.58
AHEMEDABAD,05-01-2025 00:00,06-01-2025 00:00,52.36,112.09,,5.88,0.0,73.54
AHEMEDABAD,06-01-2025 00:00,07-01-2025 00:00,52.05,112.73,,6.41,0.29,66.42
AHEMEDABAD,07-01-2025 00:00,08-01-2025 00:00,44.83,95.09,41.73,27.2,0.74,48.28
AHEMEDABAD,08-01-2025 00:00,09-01-2025 00:00,44.66,94.51,44.08,13.79,0.51,53.03
AHEMEDABAD,09-01-2025 00:00,10-01-2025 00:00,43.83,92.94,42.34,15.94,0.35,52.86
AHEMEDABAD,10-01-2025 00:00,11-01-2025 00:00,49.54,103.94,40.59,22.1,0.72,52.07
AHEMEDABAD,11-01-2025 00:00,12-01-2025 00:00,73.78,152.76,40.52,26.81,0.52,47.6
AHEMEDABAD,12-01-2025 00:00,13-01-2025 00:00,43.23,92.87,38.88,30.24,0.01,44.72
AHEMEDABAD,13-01-2025 00:00,14-01-2025 00:00,35.73,76.89,38.06,14.47,0.0,51.52
AHEMEDABAD,14-01-2025 00:00,15-01-2025 00:00,30.04,67.56,37.46,13.95,,52.24
AHEMEDABAD,15-01-2025 00:00,16-01-2025 00:00,38.61,83.41,37.34,30.01,,51.14
AHEMEDABAD,16-01-2025 00:00,17-01-2025 00:00,42.87,91.86,38.01,21.25,,46.15
AHEMEDABAD,17-01-2025 00:00,18-01-2025 00:00,38.7,86.99,39.76,21.99,,47.22
AHEMEDABAD,18-01-2025 00:00,19-01-2025 00:00,47.29,100.65,38.15,19.78,,15.92
AHEMEDABAD,19-01-2025 00:00,20-01-2025 00:00,66.83,140.87,38.91,20.81,,18.39
AHEMEDABAD,20-01-2025 00:00,21-01-2025 00:00,74.51,153.5,41.92,14.33,,7.71
AHEMEDABAD,21-01-2025 00:00,22-01-2025 00:00,59.46,122.06,38.41,13.72,,
AHEMEDABAD,22-01-2025 00:00,23-01-2025 00:00,52.91,110.64,,11.87,,
AHEMEDABAD,23-01-2025 00:00,24-01-2025 00:00,45.89,95.88,,11.05,,27.7
AHEMEDABAD,24-01-2025 00:00,25-01-2025 00:00,40.42,90.07,,26.88,,36.12
AHEMEDABAD,25-01-2025 00:00,26-01-2025 00:00,34.69,74.8,,54.65,,31.84
AHEMEDABAD,26-01-2025 00:00,27-01-2025 00:00,41.82,88.1,,46.31,,36.31
AHEMEDABAD,27-01-2025 00:00,28-01-2025 00:00,43.39,88.97,,36.94,,35.62
AHEMEDABAD,28-01-2025 00:00,29-01-2025 00:00,52.08,107.91,,29.33,,41.93
AHEMEDABAD,29-01-2025 00:00,30-01-2025 00:00,83.47,165.46,,28.19,,50.33
AHEMEDABAD,30-01-2025 00:00,31-01-2025 00:00,40.21,81.48,,17.6,,38.79
AHEMEDABAD,31-01-2025 00:00,01-02-2025 00:00,54.67,108.36,,22.79,,37.3
AHEMEDABAD,01-02-2025 00:00,02-02-2025 00:00,51.57,97.53,,17.32,,34.53
AHEMEDABAD,02-02-2025 00:00,03-02-2025 00:00,63.45,123.11,,10.71,,26.7
AHEMEDABAD,03-02-2025 00:00,04-02-2025 00:00,63.11,124.86,,20.7,,48.32
AHEMEDABAD,04-02-2025 00:00,05-02-2025 00:00,56.95,117.81,,17.02,,45.17
AHEMEDABAD,05-02-2025 00:00,06-02-2025 00:00,,,,13.86,,39.15
AHEMEDABAD,06-02-2025 00:00,07-02-2025 00:00,,,,44.25,,43.59
AHEMEDABAD,07-02-2025 00:00,08-02-2025 00:00,,,,40.86,,43.32
AHEMEDABAD,08-02-2025 00:00,09-02-2025 00:00,,,,,,
AHEMEDABAD,09-02-2025 00:00,10-02-2025 00:00,,,,,,
AHEMEDABAD,10-02-2025 00:00,11-02-2025 00:00,88.28,179.04,,,,23.23
AHEMEDABAD,11-02-2025 00:00,12-02-2025 00:00,52.27,103.87,,12.28,,27.24
AHEMEDABAD,12-02-2025 00:00,13-02-2025 00:00,49.54,98.68,,9.34,,26.88
AHEMEDABAD,13-02-2025 00:00,14-02-2025 00:00,54.26,107.94,,11.92,,37.27
AHEMEDABAD,14-02-2025 00:00,15-02-2025 00:00,74.68,145.91,,18.16,,36.56
AHEMEDABAD,15-02-2025 00:00,16-02-2025 00:00,62.07,119.46,,40.94,,31.25
AHEMEDABAD,16-02-2025 00:00,17-02-2025 00:00,48.01,94.3,,22.75,,24.13
AHEMEDABAD,17-02-2025 00:00,18-02-2025 00:00,39.48,75.75,,19.91,,26.31
AHEMEDABAD,18-02-2025 00:00,19-02-2025 00:00,,,,15.38,,28.27
AHEMEDABAD,19-02-2025 00:00,20-02-2025 00:00,,,,20.94,0.45,36.08
AHEMEDABAD,20-02-2025 00:00,21-02-2025 00:00,,,,28.77,0.27,28.46
AHEMEDABAD,21-02-2025 00:00,22-02-2025 00:00,,,,29.94,0.24,33.7
AHEMEDABAD,22-02-2025 00:00,23-02-2025 00:00,,,,18.51,0.2,36.39
AHEMEDABAD,23-02-2025 00:00,24-02-2025 00:00,,,,23.77,0.1,39.29
AHEMEDABAD,24-02-2025 00:00,25-02-2025 00:00,,,,19.21,0.32,35.61
AHEMEDABAD,25-02-2025 00:00,26-02-2025 00:00,,,,15.7,0.46,41.83
AHEMEDABAD,26-02-2025 00:00,27-02-2025 00:00,,,,24.13,0.56,43.47
AHEMEDABAD,27-02-2025 00:00,28-02-2025 00:00,,,,31.44,0.48,46.43
AHEMEDABAD,28-02-2025 00:00,01-03-2025 00:00,,,,29.11,0.24,29.03
AHEMEDABAD,01-03-2025 00:00,02-03-2025 00:00,,,,24.97,0.01,26.57
AHEMEDABAD,02-03-2025 00:00,03-03-2025 00:00,,,,13.71,0.02,35.85
AHEMEDABAD,03-03-2025 00:00,04-03-2025 00:00,,,,17.38,0.23,37.79
AHEMEDABAD,04-03-2025 00:00,05-03-2025 00:00,,,,8.94,0.34,46.25
AHEMEDABAD,05-03-2025 00:00,06-03-2025 00:00,,,,19.02,0.35,50.22
AHEMEDABAD,06-03-2025 00:00,07-03-2025 00:00,,,,17.2,0.61,49.32
AHEMEDABAD,07-03-2025 00:00,08-03-2025 00:00,,,,16.72,0.52,39.12
AHEMEDABAD,08-03-2025 00:00,09-03-2025 00:00,,,,38.9,0.4,39.08
AHEMEDABAD,09-03-2025 00:00,10-03-2025 00:00,,,,34.77,0.38,54.05
AHEMEDABAD,10-03-2025 00:00,11-03-2025 00:00,,,,19.33,0.36,48.27
AHEMEDABAD,11-03-2025 00:00,12-03-2025 00:00,,,,26.77,0.13,59.73
AHEMEDABAD,12-03-2025 00:00,13-03-2025 00:00,,,,22.78,0.2,45.32
AHEMEDABAD,13-03-2025 00:00,14-03-2025 00:00,,,,30.87,0.16,43.73
AHEMEDABAD,14-03-2025 00:00,15-03-2025 00:00,,,,30.67,0.31,45.5
AHEMEDABAD,15-03-2025 00:00,16-03-2025 00:00,,,,22.79,0.39,42.96
AHEMEDABAD,16-03-2025 00:00,17-03-2025 00:00,,,,20.32,0.32,49.17
AHEMEDABAD,17-03-2025 00:00,18-03-2025 00:00,,,,18.14,0.24,55.69
AHEMEDABAD,18-03-2025 00:00,19-03-2025 00:00,,,,20.34,0.17,57.59
AHEMEDABAD,19-03-2025 00:00,20-03-2025 00:00,,,,19.38,0.21,57.01
AHEMEDABAD,20-03-2025 00:00,21-03-2025 00:00,,,,13.06,0.45,43.06
AHEMEDABAD,21-03-2025 00:00,22-03-2025 00:00,,,,18.96,0.49,47.4
AHEMEDABAD,22-03-2025 00:00,23-03-2025 00:00,,,,31.27,0.45,63.7
AHEMEDABAD,23-03-2025 00:00,24-03-2025 00:00,,,,37.1,0.32,59.89
AHEMEDABAD,24-03-2025 00:00,25-03-2025 00:00,,,,37.86,0.32,71.77
AHEMEDABAD,25-03-2025 00:00,26-03-2025 00:00,,,74.91,32.36,0.45,65.13
AHEMEDABAD,26-03-2025 00:00,27-03-2025 00:00,,,46.34,35.49,0.28,49.48
AHEMEDABAD,27-03-2025 00:00,28-03-2025 00:00,,,42.08,24.99,0.18,40.79
AHEMEDABAD,28-03-2025 00:00,29-03-2025 00:00,,,38.04,24.45,0.05,54.32
AHEMEDABAD,29-03-2025 00:00,30-03-2025 00:00,,,43.2,32.28,,64.71
AHEMEDABAD,30-03-2025 00:00,31-03-2025 00:00,,,46.22,39.26,,72.46
AHEMEDABAD,31-03-2025 00:00,01-04-2025 00:00,,,44.43,34.01,,70.7
AHEMEDABAD,01-04-2025 00:00,02-04-2025 00:00,34.24,79.38,39.45,21.46,0.26,76.01
AHEMEDABAD,02-04-2025 00:00,03-04-2025 00:00,,,,,,
AHEMEDABAD,03-04-2025 00:00,04-04-2025 00:00,,,,,,
AHEMEDABAD,04-04-2025 00:00,05-04-2025 00:00,,,,,,
AHEMEDABAD,05-04-2025 00:00,06-04-2025 00:00,,,,,,
AHEMEDABAD,06-04-2025 00:00,07-04-2025 00:00,,,,,,
AHEMEDABAD,07-04-2025 00:00,08-04-2025 00:00,83.63,145.72,88.58,10.65,0.85,54.05
AHEMEDABAD,08-04-2025 00:00,09-04-2025 00:00,65.37,118.61,64.54,24.12,0.46,61.76
AHEMEDABAD,09-04-2025 00:00,10-04-2025 00:00,53.06,100.69,51.96,21.1,0.36,61.23
AHEMEDABAD,10-04-2025 00:00,11-04-2025 00:00,32.2,60.74,42.68,28.03,0.2,67.18
AHEMEDABAD,11-04-2025 00:00,12-04-2025 00:00,19.33,35.47,39.76,19.6,0.12,51.15
AHEMEDABAD,12-04-2025 00:00,13-04-2025 00:00,17.65,31.98,38.24,9.15,0.06,47.16
AHEMEDABAD,13-04-2025 00:00,14-04-2025 00:00,16.06,28.13,38.11,14.28,0.0,50.17
AHEMEDABAD,14-04-2025 00:00,15-04-2025 00:00,17.87,32.84,34.93,17.02,0.16,54.16
AHEMEDABAD,15-04-2025 00:00,16-04-2025 00:00,14.62,26.24,33.61,14.16,0.37,55.88
AHEMEDABAD,16-04-2025 00:00,17-04-2025 00:00,40.71,73.17,36.37,10.82,0.27,55.42
AHEMEDABAD,17-04-2025 00:00,18-04-2025 00:00,46.75,83.47,35.98,13.92,0.15,52.51
AHEMEDABAD,18-04-2025 00:00,19-04-2025 00:00,54.37,96.06,37.8,20.85,0.17,53.03
AHEMEDABAD,19-04-2025 00:00,20-04-2025 00:00,73.14,128.07,35.25,30.93,0.37,58.91
AHEMEDABAD,20-04-2025 00:00,21-04-2025 00:00,82.55,140.17,34.72,21.78,0.16,58.33
AHEMEDABAD,21-04-2025 00:00,22-04-2025 00:00,76.15,130.04,36.1,21.49,0.27,58.11
AHEMEDABAD,22-04-2025 00:00,23-04-2025 00:00,80.02,138.62,39.06,25.65,0.32,44.53
AHEMEDABAD,23-04-2025 00:00,24-04-2025 00:00,68.8,120.59,48.3,27.35,0.29,43.46
AHEMEDABAD,24-04-2025 00:00,25-04-2025 00:00,77.27,132.66,41.43,33.31,0.32,39.2
AHEMEDABAD,25-04-2025 00:00,26-04-2025 00:00,58.36,101.81,33.81,32.95,0.35,44.7
AHEMEDABAD,26-04-2025 00:00,27-04-2025 00:00,63.65,111.98,33.87,19.67,0.29,37.92
AHEMEDABAD,27-04-2025 00:00,28-04-2025 00:00,64.33,113.34,35.49,30.16,0.11,38.91
AHEMEDABAD,28-04-2025 00:00,29-04-2025 00:00,61.7,109.37,34.7,25.73,0.21,38.25
AHEMEDABAD,29-04-2025 00:00,30-04-2025 00:00,60.77,108.13,33.43,15.71,0.21,32.68
AHEMEDABAD,30-04-2025 00:00,01-05-2025 00:00,56.83,99.73,35.06,36.0,0.09,28.0
AHEMEDABAD,01-05-2025 00:00,02-05-2025 00:00,57.17,99.66,35.51,,,34.77
AHEMEDABAD,02-05-2025 00:00,03-05-2025 00:00,55.47,96.83,32.15,19.39,0.59,38.11
AHEMEDABAD,03-05-2025 00:00,04-05-2025 00:00,51.42,91.88,25.81,21.45,0.47,32.48
AHEMEDABAD,04-05-2025 00:00,05-05-2025 00:00,47.39,86.37,24.76,10.33,0.25,24.23
AHEMEDABAD,05-05-2025 00:00,06-05-2025 00:00,63.36,78.09,26.73,9.27,0.2,26.71
AHEMEDABAD,06-05-2025 00:00,07-05-2025 00:00,24.14,42.87,25.94,5.1,0.27,38.38
AHEMEDABAD,07-05-2025 00:00,08-05-2025 00:00,14.93,26.45,25.45,4.01,0.21,32.48
AHEMEDABAD,08-05-2025 00:00,09-05-2025 00:00,23.68,48.12,25.02,3.75,0.25,33.29
AHEMEDABAD,09-05-2025 00:00,10-05-2025 00:00,21.65,45.25,24.44,3.56,0.16,45.36
AHEMEDABAD,10-05-2025 00:00,11-05-2025 00:00,33.76,65.44,24.28,3.65,0.11,38.85
AHEMEDABAD,11-05-2025 00:00,12-05-2025 00:00,41.96,78.48,24.9,3.6,0.03,31.13
AHEMEDABAD,12-05-2025 00:00,13-05-2025 00:00,38.87,72.79,22.17,3.7,0.01,33.56
AHEMEDABAD,13-05-2025 00:00,14-05-2025 00:00,45.73,81.83,20.83,3.77,0.27,33.4
AHEMEDABAD,14-05-2025 00:00,15-05-2025 00:00,49.8,87.91,17.91,4.61,0.46,34.41
AHEMEDABAD,15-05-2025 00:00,16-05-2025 00:00,44.41,80.64,10.04,5.34,0.28,31.9
AHEMEDABAD,16-05-2025 00:00,17-05-2025 00:00,36.13,66.86,8.6,5.19,0.48,28.44
AHEMEDABAD,17-05-2025 00:00,18-05-2025 00:00,33.52,61.55,8.07,5.03,0.36,24.99
AHEMEDABAD,18-05-2025 00:00,19-05-2025 00:00,35.32,64.22,7.17,5.82,0.1,28.31
AHEMEDABAD,19-05-2025 00:00,20-05-2025 00:00,46.07,81.21,9.81,6.71,0.39,31.47
AHEMEDABAD,20-05-2025 00:00,21-05-2025 00:00,45.13,80.39,17.97,17.73,0.57,30.44
AHEMEDABAD,21-05-2025 00:00,22-05-2025 00:00,40.06,71.38,12.08,1.72,0.27,47.05
AHEMEDABAD,22-05-2025 00:00,23-05-2025 00:00,39.81,72.81,11.51,5.84,0.45,48.59
AHEMEDABAD,23-05-2025 00:00,24-05-2025 00:00,54.02,102.62,25.23,11.71,0.61,47.81
AHEMEDABAD,24-05-2025 00:00,25-05-2025 00:00,44.95,83.54,12.8,8.98,0.16,45.1
AHEMEDABAD,25-05-2025 00:00,26-05-2025 00:00,66.89,125.57,12.14,8.21,0.21,35.93
AHEMEDABAD,26-05-2025 00:00,27-05-2025 00:00,53.76,93.23,14.62,6.29,0.36,38.32
AHEMEDABAD,27-05-2025 00:00,28-05-2025 00:00,70.96,128.04,16.85,4.11,0.36,15.8
AHEMEDABAD,28-05-2025 00:00,29-05-2025 00:00,50.13,88.65,,2.84,,8.63
AHEMEDABAD,29-05-2025 00:00,30-05-2025 00:00,39.62,68.27,,3.16,,9.73
AHEMEDABAD,30-05-2025 00:00,31-05-2025 00:00,51.46,91.68,,2.92,,8.2
AHEMEDABAD,31-05-2025 00:00,01-06-2025 00:00,43.55,78.22,,2.64,,7.54
AHEMEDABAD,01-06-2025 00:00,02-06-2025 00:00,41.61,74.23,,2.99,,7.74
AHEMEDABAD,02-06-2025 00:00,03-06-2025 00:00,43.76,76.47,,3.14,,8.2
AHEMEDABAD,03-06-2025 00:00,04-06-2025 00:00,39.2,69.19,,3.67,,22.14
AHEMEDABAD,04-06-2025 00:00,05-06-2025 00:00,59.02,100.87,,4.71,0.74,29.84
AHEMEDABAD,05-06-2025 00:00,06-06-2025 00:00,60.09,104.33,7.83,3.7,0.94,17.57
AHEMEDABAD,06-06-2025 00:00,07-06-2025 00:00,61.9,109.27,,3.5,0.8,14.0
AHEMEDABAD,07-06-2025 00:00,08-06-2025 00:00,50.0,87.76,,3.23,0.25,17.48
AHEMEDABAD,08-06-2025 00:00,09-06-2025 00:00,48.21,84.7,,3.3,0.05,17.51
AHEMEDABAD,09-06-2025 00:00,10-06-2025 00:00,46.3,80.48,,3.19,0.0,14.82
AHEMEDABAD,10-06-2025 00:00,11-06-2025 00:00,37.67,65.79,,3.0,0.2,14.09
AHEMEDABAD,11-06-2025 00:00,12-06-2025 00:00,30.16,54.09,,3.77,0.32,12.45
AHEMEDABAD,12-06-2025 00:00,13-06-2025 00:00,42.56,73.82,8.5,6.12,0.31,14.77
AHEMEDABAD,13-06-2025 00:00,14-06-2025 00:00,59.18,101.98,11.36,5.87,0.29,15.96
AHEMEDABAD,14-06-2025 00:00,15-06-2025 00:00,53.13,96.84,11.82,5.59,0.23,21.45
AHEMEDABAD,15-06-2025 00:00,16-06-2025 00:00,20.06,38.63,10.97,5.49,0.07,33.09
AHEMEDABAD,16-06-2025 00:00,17-06-2025 00:00,21.21,43.06,11.56,5.52,0.05,24.01
AHEMEDABAD,17-06-2025 00:00,18-06-2025 00:00,12.74,22.54,11.89,5.38,0.37,14.42
AHEMEDABAD,18-06-2025 00:00,19-06-2025 00:00,32.09,57.54,10.51,3.92,0.5,11.17
AHEMEDABAD,19-06-2025 00:00,20-06-2025 00:00,31.34,56.51,,1.71,0.6,9.4
AHEMEDABAD,20-06-2025 00:00,21-06-2025 00:00,29.56,55.01,,8.45,0.46,7.45
AHEMEDABAD,21-06-2025 00:00,22-06-2025 00:00,29.94,54.6,,4.25,0.5,6.1
AHEMEDABAD,22-06-2025 00:00,23-06-2025 00:00,30.11,54.23,,4.58,1.3,7.09
AHEMEDABAD,23-06-2025 00:00,24-06-2025 00:00,25.43,44.02,,4.76,1.02,7.14
AHEMEDABAD,24-06-2025 00:00,25-06-2025 00:00,30.74,54.92,31.44,4.58,0.64,4.84
AHEMEDABAD,25-06-2025 00:00,26-06-2025 00:00,33.08,59.75,29.23,4.32,0.41,7.59
AHEMEDABAD,26-06-2025 00:00,27-06-2025 00:00,26.67,48.91,39.31,4.18,0.23,9.52
AHEMEDABAD,27-06-2025 00:00,28-06-2025 00:00,25.18,44.02,31.13,4.54,0.13,8.94
AHEMEDABAD,28-06-2025 00:00,29-06-2025 00:00,21.76,37.36,33.33,4.71,0.03,13.45
AHEMEDABAD,29-06-2025 00:00,30-06-2025 00:00,18.59,33.85,34.19,4.95,0.03,9.35
AHEMEDABAD,30-06-2025 00:00,01-07-2025 00:00,23.35,40.05,74.98,4.9,0.05,9.48
AHEMEDABAD,01-07-2025 00:00,02-07-2025 00:00,24.56,44.12,27.73,4.9,0.32,8.44
AHEMEDABAD,02-07-2025 00:00,03-07-2025 00:00,29.22,51.64,43.66,4.79,0.83,7.41
AHEMEDABAD,03-07-2025 00:00,04-07-2025 00:00,23.12,41.6,29.7,4.48,0.43,8.35
AHEMEDABAD,04-07-2025 00:00,05-07-2025 00:00,19.77,36.03,27.45,1.32,0.29,9.32
AHEMEDABAD,05-07-2025 00:00,06-07-2025 00:00,19.38,35.34,17.69,1.46,0.21,7.38
AHEMEDABAD,06-07-2025 00:00,07-07-2025 00:00,23.11,42.89,38.96,1.16,0.08,8.76
AHEMEDABAD,07-07-2025 00:00,08-07-2025 00:00,26.61,46.91,13.35,1.54,0.02,9.87
AHEMEDABAD,08-07-2025 00:00,09-07-2025 00:00,34.98,62.18,12.31,7.63,0.35,9.16
AHEMEDABAD,09-07-2025 00:00,10-07-2025 00:00,39.12,69.54,59.16,5.98,0.8,8.01
AHEMEDABAD,10-07-2025 00:00,11-07-2025 00:00,35.06,61.82,42.46,5.34,0.55,6.43
AHEMEDABAD,11-07-2025 00:00,12-07-2025 00:00,29.65,52.43,35.62,5.61,0.32,7.6
AHEMEDABAD,12-07-2025 00:00,13-07-2025 00:00,29.28,51.62,33.84,4.2,0.39,8.48
AHEMEDABAD,13-07-2025 00:00,14-07-2025 00:00,26.84,46.84,29.56,3.04,0.17,10.27
AHEMEDABAD,14-07-2025 00:00,15-07-2025 00:00,26.23,46.42,27.91,3.17,0.15,8.15
AHEMEDABAD,15-07-2025 00:00,16-07-2025 00:00,40.06,70.42,25.71,2.72,0.43,8.5
AHEMEDABAD,16-07-2025 00:00,17-07-2025 00:00,48.08,84.72,24.03,2.74,0.37,8.77
AHEMEDABAD,17-07-2025 00:00,18-07-2025 00:00,49.46,87.55,21.04,2.7,0.74,9.32
AHEMEDABAD,18-07-2025 00:00,19-07-2025 00:00,44.22,77.34,19.95,2.82,0.5,8.66
AHEMEDABAD,19-07-2025 00:00,20-07-2025 00:00,28.07,48.37,21.11,3.29,0.02,5.43
AHEMEDABAD,20-07-2025 00:00,21-07-2025 00:00,22.63,41.47,16.35,3.01,0.68,9.81
AHEMEDABAD,21-07-2025 00:00,22-07-2025 00:00,22.36,39.7,19.5,2.77,1.05,16.71
AHEMEDABAD,22-07-2025 00:00,23-07-2025 00:00,33.43,58.32,16.17,2.61,0.51,15.61
AHEMEDABAD,23-07-2025 00:00,24-07-2025 00:00,29.98,52.31,15.14,3.0,0.1,11.72
AHEMEDABAD,24-07-2025 00:00,25-07-2025 00:00,27.26,51.37,15.49,2.76,0.43,13.7
AHEMEDABAD,25-07-2025 00:00,26-07-2025 00:00,23.94,49.38,13.39,3.13,0.4,14.91
AHEMEDABAD,26-07-2025 00:00,27-07-2025 00:00,33.7,67.99,15.62,2.85,0.1,12.32
AHEMEDABAD,27-07-2025 00:00,28-07-2025 00:00,20.25,39.08,12.04,2.88,0.02,11.56
AHEMEDABAD,28-07-2025 00:00,29-07-2025 00:00,21.15,42.75,15.1,3.27,0.08,8.47
AHEMEDABAD,29-07-2025 00:00,30-07-2025 00:00,27.03,55.02,12.77,2.29,0.83,10.58
AHEMEDABAD,30-07-2025 00:00,31-07-2025 00:00,35.71,72.57,15.33,1.5,1.22,12.05
AHEMEDABAD,31-07-2025 00:00,01-08-2025 00:00,47.15,93.4,14.96,1.75,0.61,9.78
AHEMEDABAD,01-08-2025 00:00,02-08-2025 00:00,37.35,75.04,17.53,1.49,0.35,17.51
AHEMEDABAD,02-08-2025 00:00,03-08-2025 00:00,31.03,63.13,14.26,1.38,0.06,21.35
AHEMEDABAD,03-08-2025 00:00,04-08-2025 00:00,21.14,43.53,9.82,1.17,0.01,16.64
AHEMEDABAD,04-08-2025 00:00,05-08-2025 00:00,21.79,44.35,11.08,1.72,0.06,15.14
AHEMEDABAD,05-08-2025 00:00,06-08-2025 00:00,23.25,46.25,10.48,1.61,0.15,16.89
AHEMEDABAD,06-08-2025 00:00,07-08-2025 00:00,27.72,56.68,11.14,1.72,0.04,16.68
AHEMEDABAD,07-08-2025 00:00,08-08-2025 00:00,30.74,61.88,10.71,2.03,0.23,20.74
AHEMEDABAD,08-08-2025 00:00,09-08-2025 00:00,31.6,63.96,10.85,2.48,0.34,20.05
AHEMEDABAD,09-08-2025 00:00,10-08-2025 00:00,27.97,56.16,9.36,2.27,0.44,19.3
AHEMEDABAD,10-08-2025 00:00,11-08-2025 00:00,28.25,56.87,9.33,3.02,0.28,20.43
AHEMEDABAD,11-08-2025 00:00,12-08-2025 00:00,23.26,46.72,9.53,2.22,0.03,19.83
AHEMEDABAD,12-08-2025 00:00,13-08-2025 00:00,20.73,42.53,10.13,1.74,0.15,16.58
AHEMEDABAD,13-08-2025 00:00,14-08-2025 00:00,19.64,41.07,9.7,1.48,0.59,17.06
AHEMEDABAD,14-08-2025 00:00,15-08-2025 00:00,21.84,45.21,10.35,1.9,0.43,16.49
AHEMEDABAD,15-08-2025 00:00,16-08-2025 00:00,20.82,43.65,12.72,1.54,0.26,17.49
AHEMEDABAD,16-08-2025 00:00,17-08-2025 00:00,14.71,31.67,9.72,1.48,0.04,12.06
AHEMEDABAD,17-08-2025 00:00,18-08-2025 00:00,15.81,37.3,9.56,1.35,0.0,23.5
AHEMEDABAD,18-08-2025 00:00,19-08-2025 00:00,22.62,48.31,17.97,1.47,0.31,18.32
AHEMEDABAD,19-08-2025 00:00,20-08-2025 00:00,21.78,47.74,15.4,1.91,0.31,16.54
AHEMEDABAD,20-08-2025 00:00,21-08-2025 00:00,13.69,31.07,14.78,1.66,0.31,12.8
AHEMEDABAD,21-08-2025 00:00,22-08-2025 00:00,11.45,26.26,12.74,1.23,0.3,9.66
AHEMEDABAD,22-08-2025 00:00,23-08-2025 00:00,10.01,23.01,12.55,2.18,0.17,10.58
AHEMEDABAD,23-08-2025 00:00,24-08-2025 00:00,10.81,23.6,10.23,3.49,0.01,12.01
AHEMEDABAD,24-08-2025 00:00,25-08-2025 00:00,9.17,19.64,8.51,3.78,0.15,10.86
AHEMEDABAD,25-08-2025 00:00,26-08-2025 00:00,13.82,29.25,10.25,3.35,0.27,11.81
AHEMEDABAD,26-08-2025 00:00,27-08-2025 00:00,23.54,48.72,11.57,3.29,0.16,13.05
AHEMEDABAD,27-08-2025 00:00,28-08-2025 00:00,28.07,57.42,13.4,3.41,0.42,12.32
AHEMEDABAD,28-08-2025 00:00,29-08-2025 00:00,30.61,63.49,14.05,3.27,0.28,8.86
AHEMEDABAD,29-08-2025 00:00,30-08-2025 00:00,29.25,59.59,16.58,3.61,0.08,7.77
AHEMEDABAD,30-08-2025 00:00,31-08-2025 00:00,36.7,74.01,11.66,3.42,0.38,10.84
AHEMEDABAD,31-08-2025 00:00,01-09-2025 00:00,25.72,54.25,8.36,3.41,0.15,13.24
AHEMEDABAD,01-09-2025 00:00,02-09-2025 00:00,24.55,49.89,10.33,3.36,0.39,11.28
AHEMEDABAD,02-09-2025 00:00,03-09-2025 00:00,35.5,70.86,21.45,3.5,0.39,15.05
AHEMEDABAD,03-09-2025 00:00,04-09-2025 00:00,43.06,85.29,13.42,3.7,0.25,14.73
AHEMEDABAD,04-09-2025 00:00,05-09-2025 00:00,26.01,54.75,13.09,2.68,0.32,12.05
AHEMEDABAD,05-09-2025 00:00,06-09-2025 00:00,18.55,37.92,10.29,2.69,0.71,22.5
AHEMEDABAD,06-09-2025 00:00,07-09-2025 00:00,24.63,49.11,13.33,2.35,0.69,17.45
AHEMEDABAD,07-09-2025 00:00,08-09-2025 00:00,12.14,23.92,7.59,2.94,0.14,79.4
AHEMEDABAD,08-09-2025 00:00,09-09-2025 00:00,22.33,48.04,8.11,2.65,0.78,19.14
AHEMEDABAD,09-09-2025 00:00,10-09-2025 00:00,32.39,68.23,9.16,2.58,0.6,19.85
AHEMEDABAD,10-09-2025 00:00,11-09-2025 00:00,32.27,67.09,13.06,1.26,0.62,9.19
AHEMEDABAD,11-09-2025 00:00,12-09-2025 00:00,33.33,69.87,15.84,3.14,0.42,17.01
AHEMEDABAD,12-09-2025 00:00,13-09-2025 00:00,31.1,63.54,16.09,3.16,0.08,22.4
AHEMEDABAD,13-09-2025 00:00,14-09-2025 00:00,29.41,61.58,14.68,2.75,0.32,12.11
AHEMEDABAD,14-09-2025 00:00,15-09-2025 00:00,27.9,60.56,13.64,3.95,0.36,10.85
AHEMEDABAD,15-09-2025 00:00,16-09-2025 00:00,24.08,50.47,16.15,3.29,0.73,9.86
AHEMEDABAD,16-09-2025 00:00,17-09-2025 00:00,29.3,59.37,20.39,3.94,0.6,10.01
AHEMEDABAD,17-09-2025 00:00,18-09-2025 00:00,28.11,59.6,20.48,3.44,0.44,16.46
AHEMEDABAD,18-09-2025 00:00,19-09-2025 00:00,36.09,74.27,25.09,4.07,0.35,22.63
AHEMEDABAD,19-09-2025 00:00,20-09-2025 00:00,34.23,71.01,20.64,4.97,0.2,24.49
AHEMEDABAD,20-09-2025 00:00,21-09-2025 00:00,26.71,55.3,22.86,3.2,0.38,18.76
AHEMEDABAD,21-09-2025 00:00,22-09-2025 00:00,32.97,69.12,25.52,2.46,0.4,16.94
AHEMEDABAD,22-09-2025 00:00,23-09-2025 00:00,27.41,56.79,22.03,2.52,0.24,9.13
AHEMEDABAD,23-09-2025 00:00,24-09-2025 00:00,24.51,53.15,20.7,4.14,0.53,10.9
AHEMEDABAD,24-09-2025 00:00,25-09-2025 00:00,24.39,51.7,19.33,5.05,0.54,9.98
AHEMEDABAD,25-09-2025 00:00,26-09-2025 00:00,30.49,64.4,25.15,7.12,0.41,19.08
AHEMEDABAD,26-09-2025 00:00,27-09-2025 00:00,30.21,72.39,26.39,4.71,0.25,14.08
AHEMEDABAD,27-09-2025 00:00,28-09-2025 00:00,32.52,74.52,23.09,6.75,0.35,16.56
AHEMEDABAD,28-09-2025 00:00,29-09-2025 00:00,26.19,59.2,21.76,3.93,0.34,11.69
AHEMEDABAD,29-09-2025 00:00,30-09-2025 00:00,11.02,27.54,22.24,2.84,0.09,9.77
AHEMEDABAD,30-09-2025 00:00,01-10-2025 00:00,17.48,36.43,22.27,10.48,0.97,13.25
AHEMEDABAD,01-10-2025 00:00,02-10-2025 00:00,20.39,44.46,24.6,16.06,0.77,9.08
AHEMEDABAD,02-10-2025 00:00,03-10-2025 00:00,19.84,42.49,22.0,13.67,0.16,8.32
AHEMEDABAD,03-10-2025 00:00,04-10-2025 00:00,20.96,45.15,21.53,7.64,0.47,8.66
AHEMEDABAD,04-10-2025 00:00,05-10-2025 00:00,23.99,55.02,16.75,2.07,0.47,9.17
AHEMEDABAD,05-10-2025 00:00,06-10-2025 00:00,16.19,37.41,13.74,1.66,0.38,6.45
AHEMEDABAD,06-10-2025 00:00,07-10-2025 00:00,9.74,26.22,14.26,1.62,0.02,7.49
AHEMEDABAD,07-10-2025 00:00,08-10-2025 00:00,29.61,59.11,23.73,2.27,0.46,9.67
AHEMEDABAD,08-10-2025 00:00,09-10-2025 00:00,53.53,102.53,33.81,5.52,0.45,8.72
AHEMEDABAD,09-10-2025 00:00,10-10-2025 00:00,82.79,155.48,50.11,7.73,0.63,13.39
AHEMEDABAD,10-10-2025 00:00,11-10-2025 00:00,89.87,168.25,56.97,6.66,0.9,11.31
AHEMEDABAD,11-10-2025 00:00,12-10-2025 00:00,85.47,162.64,57.03,7.67,0.93,18.04
AHEMEDABAD,12-10-2025 00:00,13-10-2025 00:00,66.35,133.3,53.06,10.33,0.65,18.02
AHEMEDABAD,13-10-2025 00:00,14-10-2025 00:00,59.21,121.09,54.98,9.55,0.41,17.74
AHEMEDABAD,14-10-2025 00:00,15-10-2025 00:00,46.62,99.29,86.93,14.14,0.98,21.1
AHEMEDABAD,15-10-2025 00:00,16-10-2025 00:00,42.24,87.63,69.37,7.08,0.92,24.34
AHEMEDABAD,16-10-2025 00:00,17-10-2025 00:00,47.02,100.81,61.24,7.78,1.92,21.94
AHEMEDABAD,17-10-2025 00:00,18-10-2025 00:00,42.88,93.68,52.26,6.99,2.33,24.39
AHEMEDABAD,18-10-2025 00:00,19-10-2025 00:00,51.2,112.65,63.58,12.66,1.78,25.12
AHEMEDABAD,19-10-2025 00:00,20-10-2025 00:00,45.62,103.8,47.43,36.1,1.59,28.42
AHEMEDABAD,20-10-2025 00:00,21-10-2025 00:00,71.35,131.51,47.24,29.66,1.12,28.67
AHEMEDABAD,21-10-2025 00:00,22-10-2025 00:00,100.21,138.68,52.55,57.34,1.29,24.01
AHEMEDABAD,22-10-2025 00:00,23-10-2025 00:00,45.2,107.89,38.67,40.61,0.75,32.36
AHEMEDABAD,23-10-2025 00:00,24-10-2025 00:00,38.1,96.6,30.58,24.22,0.72,38.93
AHEMEDABAD,24-10-2025 00:00,25-10-2025 00:00,32.37,84.26,30.62,28.91,0.63,32.57
AHEMEDABAD,25-10-2025 00:00,26-10-2025 00:00,35.13,85.66,25.23,20.2,0.33,30.57
AHEMEDABAD,26-10-2025 00:00,27-10-2025 00:00,19.45,47.22,15.98,5.42,0.05,10.05
AHEMEDABAD,27-10-2025 00:00,28-10-2025 00:00,7.48,17.68,17.64,2.33,1.9,5.7
AHEMEDABAD,28-10-2025 00:00,29-10-2025 00:00,4.18,12.25,13.63,2.98,2.37,7.54
AHEMEDABAD,29-10-2025 00:00,30-10-2025 00:00,14.89,44.0,13.46,5.5,0.43,13.84
AHEMEDABAD,30-10-2025 00:00,31-10-2025 00:00,17.78,43.51,15.54,4.17,0.69,7.38
AHEMEDABAD,31-10-2025 00:00,01-11-2025 00:00,9.31,23.98,14.86,3.52,0.71,10.06
AHEMEDABAD,01-11-2025 00:00,02-11-2025 00:00,10.9,27.45,19.37,4.4,0.87,9.17
AHEMEDABAD,02-11-2025 00:00,03-11-2025 00:00,26.46,60.22,19.65,3.58,0.67,10.98
AHEMEDABAD,03-11-2025 00:00,04-11-2025 00:00,10.99,31.45,8.32,2.28,0.47,19.76
AHEMEDABAD,04-11-2025 00:00,05-11-2025 00:00,26.49,68.01,11.14,2.65,0.72,13.1
AHEMEDABAD,05-11-2025 00:00,06-11-2025 00:00,37.76,84.18,41.35,4.39,0.92,17.84
AHEMEDABAD,06-11-2025 00:00,07-11-2025 00:00,44.23,99.12,35.67,5.41,0.7,21.57
AHEMEDABAD,07-11-2025 00:00,08-11-2025 00:00,55.43,118.07,53.37,7.09,1.7,23.19
AHEMEDABAD,08-11-2025 00:00,09-11-2025 00:00,53.47,112.42,61.17,4.77,1.69,21.44
AHEMEDABAD,09-11-2025 00:00,10-11-2025 00:00,56.69,113.47,61.53,6.43,1.02,20.89
AHEMEDABAD,10-11-2025 00:00,11-11-2025 00:00,64.38,127.43,70.04,8.01,1.8,20.24
AHEMEDABAD,11-11-2025 00:00,12-11-2025 00:00,66.62,132.71,77.44,10.67,2.05,20.64
AHEMEDABAD,12-11-2025 00:00,13-11-2025 00:00,56.83,113.38,73.71,7.96,1.41,21.53
AHEMEDABAD,13-11-2025 00:00,14-11-2025 00:00,59.01,117.11,71.73,4.55,1.72,22.16
AHEMEDABAD,14-11-2025 00:00,15-11-2025 00:00,49.96,102.13,64.63,7.07,2.0,22.1
AHEMEDABAD,15-11-2025 00:00,16-11-2025 00:00,39.53,82.19,55.47,11.44,1.12,24.96
AHEMEDABAD,16-11-2025 00:00,17-11-2025 00:00,38.36,81.77,48.8,9.13,1.23,29.0
AHEMEDABAD,17-11-2025 00:00,18-11-2025 00:00,45.09,95.69,54.28,8.15,1.36,30.7
AHEMEDABAD,18-11-2025 00:00,19-11-2025 00:00,50.23,103.82,63.41,10.4,1.63,30.18
AHEMEDABAD,19-11-2025 00:00,20-11-2025 00:00,61.16,124.48,48.68,5.7,1.01,30.06
AHEMEDABAD,20-11-2025 00:00,21-11-2025 00:00,60.49,123.6,,4.13,1.02,27.8
AHEMEDABAD,21-11-2025 00:00,22-11-2025 00:00,67.22,136.18,49.39,5.53,0.79,27.31
AHEMEDABAD,22-11-2025 00:00,23-11-2025 00:00,69.01,139.38,29.13,17.65,1.4,24.45
AHEMEDABAD,23-11-2025 00:00,24-11-2025 00:00,61.15,125.15,28.92,11.17,0.91,23.76
AHEMEDABAD,24-11-2025 00:00,25-11-2025 00:00,62.61,126.35,28.55,8.01,1.43,26.89
AHEMEDABAD,25-11-2025 00:00,26-11-2025 00:00,59.37,126.17,20.98,22.89,0.52,27.82
AHEMEDABAD,26-11-2025 00:00,27-11-2025 00:00,55.87,117.5,21.12,22.17,0.64,27.01
AHEMEDABAD,27-11-2025 00:00,28-11-2025 00:00,64.17,133.95,27.03,20.17,0.81,24.45
AHEMEDABAD,28-11-2025 00:00,29-11-2025 00:00,67.58,143.93,25.83,12.65,1.54,20.56
AHEMEDABAD,29-11-2025 00:00,30-11-2025 00:00,54.77,115.57,24.85,5.86,1.0,20.12
AHEMEDABAD,30-11-2025 00:00,01-12-2025 00:00,52.75,106.53,27.78,7.86,0.74,21.75
AHEMEDABAD,01-12-2025 00:00,02-12-2025 00:00,53.78,107.32,35.18,8.86,1.11,20.55
AHEMEDABAD,02-12-2025 00:00,03-12-2025 00:00,52.09,105.54,34.24,14.12,1.35,10.67
AHEMEDABAD,03-12-2025 00:00,04-12-2025 00:00,45.41,96.23,20.96,5.84,0.93,18.88
AHEMEDABAD,04-12-2025 00:00,05-12-2025 00:00,35.57,73.71,16.65,6.6,0.53,24.66
AHEMEDABAD,05-12-2025 00:00,06-12-2025 00:00,39.29,83.0,16.04,6.68,0.55,28.81
AHEMEDABAD,06-12-2025 00:00,07-12-2025 00:00,38.92,80.51,16.78,7.43,0.57,28.76
AHEMEDABAD,07-12-2025 00:00,08-12-2025 00:00,38.59,78.95,21.03,12.83,0.75,26.12
AHEMEDABAD,08-12-2025 00:00,09-12-2025 00:00,33.52,68.09,22.35,8.02,0.86,19.72
AHEMEDABAD,09-12-2025 00:00,10-12-2025 00:00,35.92,71.26,27.68,10.13,0.81,19.41
AHEMEDABAD,10-12-2025 00:00,11-12-2025 00:00,38.74,78.86,29.21,9.37,0.95,19.43
AHEMEDABAD,11-12-2025 00:00,12-12-2025 00:00,45.19,88.21,32.66,9.37,0.73,18.61
AHEMEDABAD,12-12-2025 00:00,13-12-2025 00:00,49.24,96.35,34.47,7.06,0.61,25.14
AHEMEDABAD,13-12-2025 00:00,14-12-2025 00:00,47.56,93.12,32.84,7.62,0.69,23.71
AHEMEDABAD,14-12-2025 00:00,15-12-2025 00:00,41.61,82.58,27.97,7.68,0.33,23.96
AHEMEDABAD,15-12-2025 00:00,16-12-2025 00:00,38.57,79.22,24.36,10.04,0.53,30.68
AHEMEDABAD,16-12-2025 00:00,17-12-2025 00:00,43.02,86.95,18.25,10.43,1.01,33.99
AHEMEDABAD,17-12-2025 00:00,18-12-2025 00:00,41.11,82.36,20.64,11.77,0.53,36.61
AHEMEDABAD,18-12-2025 00:00,19-12-2025 00:00,41.15,82.83,25.4,14.04,0.8,26.33
AHEMEDABAD,19-12-2025 00:00,20-12-2025 00:00,39.34,77.36,29.02,14.2,0.78,23.43
AHEMEDABAD,20-12-2025 00:00,21-12-2025 00:00,61.62,123.02,39.72,26.42,0.78,19.29
AHEMEDABAD,21-12-2025 00:00,22-12-2025 00:00,44.6,89.67,28.49,13.32,0.26,22.3
AHEMEDABAD,22-12-2025 00:00,23-12-2025 00:00,39.31,79.55,24.63,16.7,0.39,25.46
AHEMEDABAD,23-12-2025 00:00,24-12-2025 00:00,40.83,80.66,27.19,15.84,0.99,20.13
AHEMEDABAD,24-12-2025 00:00,25-12-2025 00:00,37.42,76.18,24.35,10.47,0.52,21.23
AHEMEDABAD,25-12-2025 00:00,26-12-2025 00:00,35.02,70.44,21.4,8.15,0.39,23.43
AHEMEDABAD,26-12-2025 00:00,27-12-2025 00:00,35.92,71.52,19.7,10.33,0.27,26.84
AHEMEDABAD,27-12-2025 00:00,28-12-2025 00:00,38.82,78.91,19.14,10.84,0.47,29.67
AHEMEDABAD,28-12-2025 00:00,29-12-2025 00:00,42.04,84.76,23.84,15.7,0.24,29.37
AHEMEDABAD,29-12-2025 00:00,30-12-2025 00:00,53.5,106.34,28.78,17.2,0.32,29.39
AHEMEDABAD,30-12-2025 00:00,31-12-2025 00:00,60.36,122.4,30.91,12.43,0.35,26.99
AHEMEDABAD,31-12-2025 00:00,01-01-2026 00:00,69.18,149.32,32.58,26.11,0.16,24.28
AHEMEDABAD,01-01-2026 00:00,02-01-2026 00:00,41.93,91.31,13.47,9.91,0.0,19.69
AHEMEDABAD,02-01-2026 00:00,03-01-2026 00:00,35.43,76.59,15.13,16.66,0.31,18.7
AHEMEDABAD,03-01-2026 00:00,04-01-2026 00:00,40.65,80.8,17.05,5.14,0.62,17.44
AHEMEDABAD,04-01-2026 00:00,05-01-2026 00:00,41.1,81.8,19.91,12.74,0.67,17.53
AHEMEDABAD,05-01-2026 00:00,06-01-2026 00:00,38.83,79.84,13.77,9.07,0.46,23.78
AHEMEDABAD,06-01-2026 00:00,07-01-2026 00:00,42.12,83.15,21.34,10.13,0.83,21.63
AHEMEDABAD,07-01-2026 00:00,08-01-2026 00:00,48.24,99.35,22.25,22.9,0.73,22.11
AHEMEDABAD,08-01-2026 00:00,09-01-2026 00:00,50.01,101.43,17.43,12.59,0.36,25.95
AHEMEDABAD,09-01-2026 00:00,10-01-2026 00:00,47.89,96.69,18.65,6.39,0.3,28.07
AHEMEDABAD,10-01-2026 00:00,11-01-2026 00:00,55.24,114.15,19.82,9.89,0.62,25.54
AHEMEDABAD,11-01-2026 00:00,12-01-2026 00:00,62.11,124.03,22.23,11.15,0.77,25.13
AHEMEDABAD,12-01-2026 00:00,13-01-2026 00:00,58.89,118.23,24.49,8.92,0.86,30.51
AHEMEDABAD,13-01-2026 00:00,14-01-2026 00:00,58.99,122.61,16.38,9.19,0.41,26.54
AHEMEDABAD,14-01-2026 00:00,15-01-2026 00:00,41.94,85.62,5.78,11.67,0.37,26.15
AHEMEDABAD,15-01-2026 00:00,16-01-2026 00:00,40.32,82.87,4.24,6.49,0.63,21.3
AHEMEDABAD,16-01-2026 00:00,17-01-2026 00:00,51.99,102.97,8.14,11.76,0.83,25.06
AHEMEDABAD,17-01-2026 00:00,18-01-2026 00:00,56.35,117.4,7.92,7.42,0.68,16.27
AHEMEDABAD,18-01-2026 00:00,19-01-2026 00:00,43.83,84.13,5.75,11.66,0.61,9.78
AHEMEDABAD,19-01-2026 00:00,20-01-2026 00:00,45.68,88.67,9.42,6.84,0.83,12.52
AHEMEDABAD,20-01-2026 00:00,21-01-2026 00:00,48.02,93.49,15.33,9.73,0.91,15.08
AHEMEDABAD,21-01-2026 00:00,22-01-2026 00:00,46.25,92.32,14.92,13.83,1.02,20.59
AHEMEDABAD,22-01-2026 00:00,23-01-2026 00:00,62.43,128.69,13.49,22.26,0.67,26.69
AHEMEDABAD,23-01-2026 00:00,24-01-2026 00:00,38.35,74.35,6.38,10.3,0.35,14.41
AHEMEDABAD,24-01-2026 00:00,25-01-2026 00:00,36.21,73.83,7.64,5.96,0.53,17.99
AHEMEDABAD,25-01-2026 00:00,26-01-2026 00:00,46.9,92.06,8.96,11.14,1.21,18.03
AHEMEDABAD,26-01-2026 00:00,27-01-2026 00:00,59.54,117.77,8.99,10.42,0.9,24.45
AHEMEDABAD,27-01-2026 00:00,28-01-2026 00:00,55.51,116.06,8.09,10.51,0.79,19.04
AHEMEDABAD,28-01-2026 00:00,29-01-2026 00:00,39.35,78.33,9.85,10.81,1.17,21.03
AHEMEDABAD,29-01-2026 00:00,30-01-2026 00:00,41.26,84.79,9.56,23.02,1.03,20.37
AHEMEDABAD,30-01-2026 00:00,31-01-2026 00:00,48.22,97.35,9.76,7.62,1.19,20.36
AHEMEDABAD,31-01-2026 00:00,01-02-2026 00:00,58.19,126.46,14.86,21.15,0.75,17.93
AHEMEDABAD,01-02-2026 00:00,02-02-2026 00:00,72.68,152.24,16.73,8.48,1.1,20.77
AHEMEDABAD,02-02-2026 00:00,03-02-2026 00:00,45.56,93.7,9.66,13.16,0.84,19.19
AHEMEDABAD,03-02-2026 00:00,04-02-2026 00:00,46.7,98.5,10.97,13.77,0.62,15.57
AHEMEDABAD,04-02-2026 00:00,05-02-2026 00:00,36.17,78.49,8.03,19.43,0.49,26.18
AHEMEDABAD,05-02-2026 00:00,06-02-2026 00:00,36.56,82.32,9.15,7.95,0.68,25.34
AHEMEDABAD,06-02-2026 00:00,07-02-2026 00:00,45.97,106.13,17.01,11.68,0.62,26.55
AHEMEDABAD,07-02-2026 00:00,08-02-2026 00:00,64.05,147.56,13.81,11.74,0.76,23.04
AHEMEDABAD,08-02-2026 00:00,09-02-2026 00:00,64.26,143.34,14.78,13.77,0.67,24.13
AHEMEDABAD,09-02-2026 00:00,10-02-2026 00:00,71.4,157.08,15.72,23.66,0.98,29.14
AHEMEDABAD,10-02-2026 00:00,11-02-2026 00:00,53.16,108.56,8.8,10.58,0.82,20.26
AHEMEDABAD,11-02-2026 00:00,12-02-2026 00:00,61.34,135.09,15.8,11.69,1.01,19.34
AHEMEDABAD,12-02-2026 00:00,13-02-2026 00:00,65.02,149.13,17.06,14.57,1.71,27.64
AHEMEDABAD,13-02-2026 00:00,14-02-2026 00:00,65.35,154.32,15.03,14.15,1.28,31.3
AHEMEDABAD,14-02-2026 00:00,15-02-2026 00:00,66.2,140.46,13.55,10.1,0.95,28.13
AHEMEDABAD,15-02-2026 00:00,16-02-2026 00:00,70.7,150.56,15.84,16.33,0.94,27.57
AHEMEDABAD,16-02-2026 00:00,17-02-2026 00:00,78.27,188.72,18.7,15.84,0.66,25.21
AHEMEDABAD,17-02-2026 00:00,17-02-2026 00:00,81.58,158.55,19.42,,1.49,13.21
BENGELURU,01-01-2025 00:00,02-01-2025 00:00,50.1,98.33,17.04,7.78,0.87,32.35
BENGELURU,02-01-2025 00:00,03-01-2025 00:00,48.15,94.52,16.95,7.39,0.72,32.49
BENGELURU,03-01-2025 00:00,04-01-2025 00:00,43.45,85.3,16.74,7.23,0.8,33.94
BENGELURU,04-01-2025 00:00,05-01-2025 00:00,51.16,100.42,16.79,7.43,0.8,32.61
BENGELURU,05-01-2025 00:00,06-01-2025 00:00,45.6,89.51,17.17,7.2,1.01,32.13
BENGELURU,06-01-2025 00:00,07-01-2025 00:00,50.15,98.44,16.77,7.5,0.93,32.06
BENGELURU,07-01-2025 00:00,08-01-2025 00:00,48.11,94.44,16.84,7.07,1.06,32.06
BENGELURU,08-01-2025 00:00,09-01-2025 00:00,44.54,87.44,16.21,7.33,0.9,32.65
BENGELURU,09-01-2025 00:00,10-01-2025 00:00,52.29,102.62,13.76,7.31,0.53,29.11
BENGELURU,10-01-2025 00:00,11-01-2025 00:00,52.44,102.92,13.48,7.71,0.94,23.06
BENGELURU,11-01-2025 00:00,12-01-2025 00:00,43.25,84.89,13.51,7.82,0.75,23.06
BENGELURU,12-01-2025 00:00,13-01-2025 00:00,38.46,75.52,13.69,7.23,0.67,22.51
BENGELURU,13-01-2025 00:00,14-01-2025 00:00,35.16,69.03,13.63,7.46,1.08,9.62
BENGELURU,14-01-2025 00:00,15-01-2025 00:00,30.89,60.66,13.39,7.72,0.61,
BENGELURU,15-01-2025 00:00,16-01-2025 00:00,34.56,67.85,13.55,7.47,0.96,16.24
BENGELURU,16-01-2025 00:00,17-01-2025 00:00,41.35,81.18,13.38,7.15,1.02,27.4
BENGELURU,17-01-2025 00:00,18-01-2025 00:00,46.92,92.04,13.22,7.4,0.51,15.55
BENGELURU,18-01-2025 00:00,19-01-2025 00:00,52.66,103.34,13.62,7.93,0.82,12.23
BENGELURU,19-01-2025 00:00,20-01-2025 00:00,36.73,72.11,13.71,7.53,0.94,11.68
BENGELURU,20-01-2025 00:00,21-01-2025 00:00,36.16,70.99,13.81,7.82,0.71,29.71
BENGELURU,21-01-2025 00:00,22-01-2025 00:00,49.45,97.05,13.5,7.78,0.92,31.22
BENGELURU,22-01-2025 00:00,23-01-2025 00:00,44.55,87.43,13.7,7.8,1.18,32.59
BENGELURU,23-01-2025 00:00,24-01-2025 00:00,43.65,85.69,13.66,7.64,0.84,32.6
BENGELURU,24-01-2025 00:00,25-01-2025 00:00,37.16,72.95,13.7,7.78,1.01,32.59
BENGELURU,25-01-2025 00:00,26-01-2025 00:00,47.81,93.85,13.66,7.58,0.62,32.63
BENGELURU,26-01-2025 00:00,27-01-2025 00:00,37.09,72.82,13.81,7.37,0.48,32.58
BENGELURU,27-01-2025 00:00,28-01-2025 00:00,41.02,80.53,13.49,,0.91,32.55
BENGELURU,28-01-2025 00:00,29-01-2025 00:00,47.98,94.19,13.51,5.94,0.93,32.59
BENGELURU,29-01-2025 00:00,30-01-2025 00:00,50.06,98.25,13.65,6.58,0.78,34.67
BENGELURU,30-01-2025 00:00,31-01-2025 00:00,44.85,88.04,12.76,,1.62,36.55
BENGELURU,31-01-2025 00:00,01-02-2025 00:00,42.42,83.28,15.63,8.08,0.78,34.85
BENGELURU,01-02-2025 00:00,02-02-2025 00:00,41.54,81.55,17.54,8.3,0.94,10.06
BENGELURU,02-02-2025 00:00,03-02-2025 00:00,37.21,73.09,17.68,8.03,0.92,11.96
BENGELURU,03-02-2025 00:00,04-02-2025 00:00,40.28,79.08,17.74,8.13,1.0,38.15
BENGELURU,04-02-2025 00:00,05-02-2025 00:00,41.09,80.66,18.72,8.62,1.55,38.15
BENGELURU,05-02-2025 00:00,06-02-2025 00:00,,,,,,
BENGELURU,06-02-2025 00:00,07-02-2025 00:00,38.21,74.95,17.55,7.75,0.02,62.09
BENGELURU,07-02-2025 00:00,08-02-2025 00:00,41.22,80.93,17.68,8.21,1.05,62.09
BENGELURU,08-02-2025 00:00,09-02-2025 00:00,,,,,,
BENGELURU,09-02-2025 00:00,10-02-2025 00:00,,,,,,
BENGELURU,10-02-2025 00:00,11-02-2025 00:00,,,,,,
BENGELURU,11-02-2025 00:00,12-02-2025 00:00,42.03,82.5,17.53,7.7,1.02,36.41
BENGELURU,12-02-2025 00:00,13-02-2025 00:00,44.58,87.51,17.64,7.75,1.09,
BENGELURU,13-02-2025 00:00,14-02-2025 00:00,46.86,91.98,17.54,8.26,1.07,
BENGELURU,14-02-2025 00:00,15-02-2025 00:00,46.95,92.15,17.59,7.53,1.12,
BENGELURU,15-02-2025 00:00,16-02-2025 00:00,44.56,87.48,17.51,8.0,0.93,14.82
BENGELURU,16-02-2025 00:00,17-02-2025 00:00,41.75,81.96,17.66,7.98,0.76,
BENGELURU,17-02-2025 00:00,18-02-2025 00:00,43.79,85.95,17.68,7.97,0.99,
BENGELURU,18-02-2025 00:00,19-02-2025 00:00,46.08,93.25,17.69,8.29,0.77,32.59
BENGELURU,19-02-2025 00:00,20-02-2025 00:00,48.3,94.79,17.35,8.96,0.63,32.52
BENGELURU,20-02-2025 00:00,21-02-2025 00:00,48.67,95.52,17.59,8.68,0.88,32.34
BENGELURU,21-02-2025 00:00,22-02-2025 00:00,,,,,,
BENGELURU,22-02-2025 00:00,23-02-2025 00:00,,,17.76,8.75,0.91,32.71
BENGELURU,23-02-2025 00:00,24-02-2025 00:00,42.89,84.2,17.55,8.26,1.55,32.6
BENGELURU,24-02-2025 00:00,25-02-2025 00:00,46.33,90.94,17.59,8.4,0.67,32.72
BENGELURU,25-02-2025 00:00,26-02-2025 00:00,44.56,87.47,17.74,8.5,0.2,32.56
BENGELURU,26-02-2025 00:00,27-02-2025 00:00,43.41,84.91,17.5,7.94,0.99,31.15
BENGELURU,27-02-2025 00:00,28-02-2025 00:00,43.45,85.3,17.58,7.71,0.66,29.66
BENGELURU,28-02-2025 00:00,01-03-2025 00:00,41.59,81.65,17.59,,0.3,29.57
BENGELURU,01-03-2025 00:00,02-03-2025 00:00,35.85,70.4,17.42,7.97,0.72,29.54
BENGELURU,02-03-2025 00:00,03-03-2025 00:00,35.2,69.11,17.43,,0.49,29.55
BENGELURU,03-03-2025 00:00,04-03-2025 00:00,38.98,76.54,17.32,,0.8,29.68
BENGELURU,04-03-2025 00:00,05-03-2025 00:00,47.96,94.14,17.56,,0.96,29.49
BENGELURU,05-03-2025 00:00,06-03-2025 00:00,47.52,93.27,17.57,10.71,0.38,29.49
BENGELURU,06-03-2025 00:00,07-03-2025 00:00,50.83,99.76,17.81,,0.59,29.33
BENGELURU,07-03-2025 00:00,08-03-2025 00:00,,,17.43,,0.83,29.6
BENGELURU,08-03-2025 00:00,09-03-2025 00:00,51.57,101.22,17.54,7.4,0.98,29.51
BENGELURU,09-03-2025 00:00,10-03-2025 00:00,55.06,108.05,17.62,,0.55,29.63
BENGELURU,10-03-2025 00:00,11-03-2025 00:00,39.27,77.1,17.63,,0.18,28.85
BENGELURU,11-03-2025 00:00,12-03-2025 00:00,37.06,72.76,17.71,,0.5,29.09
BENGELURU,12-03-2025 00:00,13-03-2025 00:00,30.13,59.18,17.59,,0.59,31.93
BENGELURU,13-03-2025 00:00,14-03-2025 00:00,36.28,71.23,17.54,,0.72,33.56
BENGELURU,14-03-2025 00:00,15-03-2025 00:00,41.97,82.39,17.71,,0.84,33.51
BENGELURU,15-03-2025 00:00,16-03-2025 00:00,46.87,91.99,17.66,,0.67,33.53
BENGELURU,16-03-2025 00:00,17-03-2025 00:00,38.77,76.12,17.61,,0.56,33.65
BENGELURU,17-03-2025 00:00,18-03-2025 00:00,41.79,82.04,17.53,,0.57,33.63
BENGELURU,18-03-2025 00:00,19-03-2025 00:00,33.59,66.0,17.68,7.47,0.64,31.61
BENGELURU,19-03-2025 00:00,20-03-2025 00:00,36.87,72.39,17.55,7.06,0.1,30.73
BENGELURU,20-03-2025 00:00,21-03-2025 00:00,37.76,74.13,17.86,6.99,0.61,34.16
BENGELURU,21-03-2025 00:00,22-03-2025 00:00,32.4,63.63,17.78,6.74,0.57,35.62
BENGELURU,22-03-2025 00:00,23-03-2025 00:00,21.26,41.79,17.98,6.67,0.56,35.46
BENGELURU,23-03-2025 00:00,24-03-2025 00:00,17.87,35.14,17.69,6.86,0.48,35.53
BENGELURU,24-03-2025 00:00,25-03-2025 00:00,24.82,48.76,17.59,7.39,0.52,35.61
BENGELURU,25-03-2025 00:00,26-03-2025 00:00,41.07,80.63,17.63,7.28,0.67,35.57
BENGELURU,26-03-2025 00:00,27-03-2025 00:00,39.03,86.77,16.34,7.81,0.66,33.69
BENGELURU,27-03-2025 00:00,28-03-2025 00:00,36.98,90.95,17.93,9.98,1.25,39.44
BENGELURU,28-03-2025 00:00,29-03-2025 00:00,29.52,88.83,16.06,7.04,0.59,55.35
BENGELURU,29-03-2025 00:00,30-03-2025 00:00,31.75,95.27,15.6,5.66,1.06,78.12
BENGELURU,30-03-2025 00:00,31-03-2025 00:00,30.87,87.51,15.55,5.05,0.58,91.81
BENGELURU,31-03-2025 00:00,01-04-2025 00:00,23.93,84.64,15.72,5.91,0.8,76.74
BENGELURU,01-04-2025 00:00,02-04-2025 00:00,34.53,91.23,15.13,5.46,0.83,57.02
BENGELURU,02-04-2025 00:00,03-04-2025 00:00,36.9,89.99,15.43,5.89,0.78,43.79
BENGELURU,03-04-2025 00:00,04-04-2025 00:00,26.73,73.97,15.62,5.86,0.86,19.22
BENGELURU,04-04-2025 00:00,05-04-2025 00:00,18.59,59.34,15.11,5.3,0.69,19.11
BENGELURU,05-04-2025 00:00,06-04-2025 00:00,21.67,56.39,15.82,5.55,0.78,28.57
BENGELURU,06-04-2025 00:00,07-04-2025 00:00,21.36,58.54,15.68,6.93,0.9,39.54
BENGELURU,07-04-2025 00:00,08-04-2025 00:00,26.72,97.8,15.87,6.1,1.34,37.46
BENGELURU,08-04-2025 00:00,09-04-2025 00:00,25.2,74.17,15.9,,0.87,31.18
BENGELURU,09-04-2025 00:00,10-04-2025 00:00,28.76,76.68,20.39,,3.5,29.47
BENGELURU,10-04-2025 00:00,11-04-2025 00:00,42.52,75.87,15.18,7.1,0.04,28.11
BENGELURU,11-04-2025 00:00,12-04-2025 00:00,24.52,67.65,15.35,7.1,0.64,29.08
BENGELURU,12-04-2025 00:00,13-04-2025 00:00,22.13,60.86,15.92,5.78,1.05,29.01
BENGELURU,13-04-2025 00:00,14-04-2025 00:00,16.88,58.57,15.85,5.39,1.1,29.05
BENGELURU,14-04-2025 00:00,15-04-2025 00:00,24.19,75.9,15.49,5.87,0.84,29.1
BENGELURU,15-04-2025 00:00,16-04-2025 00:00,24.46,72.61,15.53,5.92,0.96,29.18
BENGELURU,16-04-2025 00:00,17-04-2025 00:00,25.04,55.99,15.13,6.44,0.77,28.91
BENGELURU,17-04-2025 00:00,18-04-2025 00:00,19.69,51.37,15.97,5.37,1.51,29.18
BENGELURU,18-04-2025 00:00,19-04-2025 00:00,28.21,60.13,15.32,6.07,0.68,29.09
BENGELURU,19-04-2025 00:00,20-04-2025 00:00,21.42,67.97,16.13,8.84,1.05,29.06
BENGELURU,20-04-2025 00:00,21-04-2025 00:00,22.82,66.79,16.28,5.89,0.47,29.06
BENGELURU,21-04-2025 00:00,22-04-2025 00:00,33.96,74.76,15.73,5.85,0.79,27.6
BENGELURU,22-04-2025 00:00,23-04-2025 00:00,30.19,91.19,16.11,6.14,0.8,24.99
BENGELURU,23-04-2025 00:00,24-04-2025 00:00,35.83,88.78,15.71,6.47,0.94,27.17
BENGELURU,24-04-2025 00:00,25-04-2025 00:00,30.18,81.49,15.45,6.25,1.36,29.04
BENGELURU,25-04-2025 00:00,26-04-2025 00:00,31.33,85.14,15.65,5.91,1.27,30.05
BENGELURU,26-04-2025 00:00,27-04-2025 00:00,24.0,77.71,15.57,5.32,0.88,32.07
BENGELURU,27-04-2025 00:00,28-04-2025 00:00,18.47,71.19,15.37,5.54,0.83,31.99
BENGELURU,28-04-2025 00:00,29-04-2025 00:00,13.44,69.24,15.8,6.69,0.81,30.17
BENGELURU,29-04-2025 00:00,30-04-2025 00:00,27.91,83.08,16.23,5.48,1.82,25.61
BENGELURU,30-04-2025 00:00,01-05-2025 00:00,15.62,74.58,16.03,5.26,0.7,25.15
BENGELURU,01-05-2025 00:00,02-05-2025 00:00,19.87,45.17,15.16,5.73,0.73,27.08
BENGELURU,02-05-2025 00:00,03-05-2025 00:00,14.51,53.55,15.84,6.06,0.89,27.14
BENGELURU,03-05-2025 00:00,04-05-2025 00:00,18.6,45.78,15.51,6.08,1.0,27.09
BENGELURU,04-05-2025 00:00,05-05-2025 00:00,19.76,61.78,15.45,5.91,0.82,27.13
BENGELURU,05-05-2025 00:00,06-05-2025 00:00,18.3,67.55,15.64,5.49,1.07,27.02
BENGELURU,06-05-2025 00:00,07-05-2025 00:00,21.6,63.6,15.81,6.86,0.22,27.06
BENGELURU,07-05-2025 00:00,08-05-2025 00:00,25.01,67.33,15.69,5.92,0.72,27.01
BENGELURU,08-05-2025 00:00,09-05-2025 00:00,23.77,59.15,15.78,6.0,1.09,26.31
BENGELURU,09-05-2025 00:00,10-05-2025 00:00,21.71,64.79,15.69,6.0,1.08,26.71
BENGELURU,10-05-2025 00:00,11-05-2025 00:00,22.34,63.66,15.21,6.64,0.82,28.15
BENGELURU,11-05-2025 00:00,12-05-2025 00:00,19.21,56.9,15.48,4.48,0.74,28.05
BENGELURU,12-05-2025 00:00,13-05-2025 00:00,18.43,50.27,15.97,6.3,0.86,27.93
BENGELURU,13-05-2025 00:00,14-05-2025 00:00,19.08,51.18,15.4,5.73,0.7,26.15
BENGELURU,14-05-2025 00:00,15-05-2025 00:00,22.68,46.81,15.8,5.54,0.44,25.96
BENGELURU,15-05-2025 00:00,16-05-2025 00:00,23.16,48.04,15.43,5.35,0.99,28.12
BENGELURU,16-05-2025 00:00,17-05-2025 00:00,24.08,47.91,15.84,6.02,0.84,26.63
BENGELURU,17-05-2025 00:00,18-05-2025 00:00,27.98,46.77,15.89,6.7,0.84,24.07
BENGELURU,18-05-2025 00:00,19-05-2025 00:00,17.98,42.98,15.76,5.03,0.59,23.99
BENGELURU,19-05-2025 00:00,20-05-2025 00:00,25.63,45.41,15.4,5.63,0.89,22.9
BENGELURU,20-05-2025 00:00,21-05-2025 00:00,29.86,50.0,15.96,6.21,0.82,21.08
BENGELURU,21-05-2025 00:00,22-05-2025 00:00,30.29,55.11,15.62,5.42,0.18,21.15
BENGELURU,22-05-2025 00:00,23-05-2025 00:00,36.0,82.47,15.68,6.11,0.66,21.14
BENGELURU,23-05-2025 00:00,24-05-2025 00:00,38.42,67.3,15.64,5.7,0.59,22.16
BENGELURU,24-05-2025 00:00,25-05-2025 00:00,30.77,51.31,15.93,5.13,0.59,24.14
BENGELURU,25-05-2025 00:00,26-05-2025 00:00,23.72,43.59,15.08,5.23,0.59,24.14
BENGELURU,26-05-2025 00:00,27-05-2025 00:00,25.42,43.01,15.88,4.63,0.68,24.09
BENGELURU,27-05-2025 00:00,28-05-2025 00:00,28.01,57.08,16.24,5.61,0.91,25.51
BENGELURU,28-05-2025 00:00,29-05-2025 00:00,19.67,63.61,16.17,5.55,0.62,28.11
BENGELURU,29-05-2025 00:00,30-05-2025 00:00,18.68,64.47,15.71,4.83,0.83,25.61
BENGELURU,30-05-2025 00:00,31-05-2025 00:00,30.09,69.9,15.94,5.34,0.66,19.94
BENGELURU,31-05-2025 00:00,01-06-2025 00:00,26.58,78.75,15.83,4.76,0.85,19.94
BENGELURU,01-06-2025 00:00,02-06-2025 00:00,26.45,76.36,15.89,4.95,0.68,19.98
BENGELURU,02-06-2025 00:00,03-06-2025 00:00,28.13,73.26,15.16,6.04,0.19,19.88
BENGELURU,03-06-2025 00:00,04-06-2025 00:00,28.42,71.12,15.53,5.08,2.24,19.92
BENGELURU,04-06-2025 00:00,05-06-2025 00:00,26.16,78.86,15.53,5.02,0.57,19.78
BENGELURU,05-06-2025 00:00,06-06-2025 00:00,30.69,97.45,15.89,6.23,0.53,21.37
BENGELURU,06-06-2025 00:00,07-06-2025 00:00,31.36,104.0,15.41,4.56,0.65,24.9
BENGELURU,07-06-2025 00:00,08-06-2025 00:00,30.69,91.18,15.93,5.1,0.39,24.76
BENGELURU,08-06-2025 00:00,09-06-2025 00:00,24.63,73.36,15.6,5.24,0.62,24.8
BENGELURU,09-06-2025 00:00,10-06-2025 00:00,23.76,68.73,15.53,5.57,0.28,26.87
BENGELURU,10-06-2025 00:00,11-06-2025 00:00,27.04,74.64,15.78,5.89,0.71,28.88
BENGELURU,11-06-2025 00:00,12-06-2025 00:00,31.58,76.02,15.75,5.89,0.99,28.93
BENGELURU,12-06-2025 00:00,13-06-2025 00:00,25.63,66.23,15.61,5.07,0.4,28.86
BENGELURU,13-06-2025 00:00,14-06-2025 00:00,30.23,66.13,15.39,5.49,0.58,27.22
BENGELURU,14-06-2025 00:00,15-06-2025 00:00,26.81,63.87,15.98,4.55,0.67,24.89
BENGELURU,15-06-2025 00:00,16-06-2025 00:00,19.82,57.61,15.5,3.25,0.83,24.86
BENGELURU,16-06-2025 00:00,17-06-2025 00:00,20.71,56.0,15.54,3.01,0.55,24.69
BENGELURU,17-06-2025 00:00,18-06-2025 00:00,32.72,64.64,15.38,3.76,,24.88
BENGELURU,18-06-2025 00:00,19-06-2025 00:00,29.29,69.18,15.7,4.45,,24.84
BENGELURU,19-06-2025 00:00,20-06-2025 00:00,26.9,78.1,15.21,4.29,,26.03
BENGELURU,20-06-2025 00:00,21-06-2025 00:00,14.48,75.45,15.61,6.15,,27.89
BENGELURU,21-06-2025 00:00,22-06-2025 00:00,14.99,71.2,15.47,3.26,,27.88
BENGELURU,22-06-2025 00:00,23-06-2025 00:00,13.71,64.73,15.93,3.32,,27.92
BENGELURU,23-06-2025 00:00,24-06-2025 00:00,15.17,68.03,15.41,3.53,,27.85
BENGELURU,24-06-2025 00:00,25-06-2025 00:00,15.8,73.33,16.01,2.97,,26.42
BENGELURU,25-06-2025 00:00,26-06-2025 00:00,16.72,71.81,15.93,4.53,0.62,24.66
BENGELURU,26-06-2025 00:00,27-06-2025 00:00,15.1,71.63,15.7,4.28,0.37,24.75
BENGELURU,27-06-2025 00:00,28-06-2025 00:00,15.22,72.62,16.09,4.57,0.36,24.58
BENGELURU,28-06-2025 00:00,29-06-2025 00:00,16.32,75.95,16.14,4.49,0.34,24.62
BENGELURU,29-06-2025 00:00,30-06-2025 00:00,14.51,72.72,15.65,3.72,0.35,24.74
BENGELURU,30-06-2025 00:00,01-07-2025 00:00,18.99,74.23,15.23,4.32,0.4,24.66
BENGELURU,01-07-2025 00:00,02-07-2025 00:00,16.73,79.13,14.78,3.85,0.5,23.49
BENGELURU,02-07-2025 00:00,03-07-2025 00:00,17.88,77.74,16.79,4.08,0.51,21.94
BENGELURU,03-07-2025 00:00,04-07-2025 00:00,17.83,73.66,16.76,4.42,0.55,21.93
BENGELURU,04-07-2025 00:00,05-07-2025 00:00,16.14,74.32,16.76,3.96,0.69,22.92
BENGELURU,05-07-2025 00:00,06-07-2025 00:00,15.54,65.42,16.42,3.81,0.94,24.77
BENGELURU,06-07-2025 00:00,07-07-2025 00:00,15.84,63.95,17.09,2.9,0.9,24.74
BENGELURU,07-07-2025 00:00,08-07-2025 00:00,18.29,72.29,17.08,3.6,0.91,24.74
BENGELURU,08-07-2025 00:00,09-07-2025 00:00,16.84,81.7,16.35,4.42,0.91,24.81
BENGELURU,09-07-2025 00:00,10-07-2025 00:00,17.55,77.6,17.09,4.49,0.87,24.79
BENGELURU,10-07-2025 00:00,11-07-2025 00:00,15.28,71.93,16.92,3.75,0.9,24.81
BENGELURU,11-07-2025 00:00,12-07-2025 00:00,15.48,68.82,16.53,3.29,0.92,24.73
BENGELURU,12-07-2025 00:00,13-07-2025 00:00,14.55,63.77,17.27,3.35,0.91,24.8
BENGELURU,13-07-2025 00:00,14-07-2025 00:00,14.34,60.98,16.84,3.06,0.91,24.75
BENGELURU,14-07-2025 00:00,15-07-2025 00:00,15.36,64.24,17.18,4.52,0.88,24.77
BENGELURU,15-07-2025 00:00,16-07-2025 00:00,18.28,70.76,16.94,18.28,0.88,25.84
BENGELURU,16-07-2025 00:00,17-07-2025 00:00,15.03,70.4,16.85,31.71,0.91,27.75
BENGELURU,17-07-2025 00:00,18-07-2025 00:00,13.86,58.67,16.65,32.1,0.89,27.84
BENGELURU,18-07-2025 00:00,19-07-2025 00:00,,,,,,
BENGELURU,19-07-2025 00:00,20-07-2025 00:00,,,,,,
BENGELURU,20-07-2025 00:00,21-07-2025 00:00,,,,,,
BENGELURU,21-07-2025 00:00,22-07-2025 00:00,21.86,62.48,17.99,32.36,0.96,27.71
BENGELURU,22-07-2025 00:00,23-07-2025 00:00,17.47,63.2,16.98,31.86,0.94,27.78
BENGELURU,23-07-2025 00:00,24-07-2025 00:00,18.85,65.77,16.96,32.07,0.83,27.71
BENGELURU,24-07-2025 00:00,25-07-2025 00:00,17.68,65.33,16.62,31.83,0.88,27.77
BENGELURU,25-07-2025 00:00,26-07-2025 00:00,18.18,66.0,16.72,32.08,0.84,27.83
BENGELURU,26-07-2025 00:00,27-07-2025 00:00,17.89,65.34,16.78,31.89,0.81,27.74
BENGELURU,27-07-2025 00:00,28-07-2025 00:00,17.95,62.99,17.16,32.4,0.82,27.79
BENGELURU,28-07-2025 00:00,29-07-2025 00:00,17.13,67.02,17.21,31.88,0.88,27.75
BENGELURU,29-07-2025 00:00,30-07-2025 00:00,19.52,72.09,16.62,21.56,0.88,27.18
BENGELURU,30-07-2025 00:00,31-07-2025 00:00,16.16,73.61,16.48,5.04,0.83,25.89
BENGELURU,31-07-2025 00:00,01-08-2025 00:00,19.83,82.05,16.62,4.78,0.91,25.83
BENGELURU,01-08-2025 00:00,02-08-2025 00:00,16.78,78.38,17.31,5.29,0.84,25.86
BENGELURU,02-08-2025 00:00,03-08-2025 00:00,18.59,87.13,17.14,5.17,0.84,25.63
BENGELURU,03-08-2025 00:00,04-08-2025 00:00,17.42,70.28,16.54,4.73,0.9,25.75
BENGELURU,04-08-2025 00:00,05-08-2025 00:00,17.16,63.02,16.61,6.51,0.93,25.86
BENGELURU,05-08-2025 00:00,06-08-2025 00:00,15.77,59.05,16.87,5.18,0.88,25.77
BENGELURU,06-08-2025 00:00,07-08-2025 00:00,15.67,56.6,17.2,4.67,0.89,25.68
BENGELURU,07-08-2025 00:00,08-08-2025 00:00,16.65,62.06,17.27,6.17,0.97,25.76
BENGELURU,08-08-2025 00:00,09-08-2025 00:00,17.35,62.93,16.52,4.9,0.82,25.78
BENGELURU,09-08-2025 00:00,10-08-2025 00:00,16.63,60.79,17.14,5.07,0.9,25.76
BENGELURU,10-08-2025 00:00,11-08-2025 00:00,15.48,55.45,17.57,4.7,1.2,25.86
BENGELURU,11-08-2025 00:00,12-08-2025 00:00,17.75,63.16,16.71,5.48,1.41,25.81
BENGELURU,12-08-2025 00:00,13-08-2025 00:00,17.94,65.49,17.39,4.37,0.33,25.82
BENGELURU,13-08-2025 00:00,14-08-2025 00:00,20.45,63.79,16.59,4.33,0.18,24.75
BENGELURU,14-08-2025 00:00,15-08-2025 00:00,17.37,67.06,16.95,4.75,,22.74
BENGELURU,15-08-2025 00:00,16-08-2025 00:00,17.85,65.97,16.3,3.85,,22.83
BENGELURU,16-08-2025 00:00,17-08-2025 00:00,17.89,64.58,16.94,4.33,,22.84
BENGELURU,17-08-2025 00:00,18-08-2025 00:00,18.21,61.58,16.25,5.49,,22.78
BENGELURU,18-08-2025 00:00,19-08-2025 00:00,17.49,61.96,16.38,5.83,,22.75
BENGELURU,19-08-2025 00:00,20-08-2025 00:00,20.36,73.5,16.6,4.4,,23.44
BENGELURU,20-08-2025 00:00,21-08-2025 00:00,20.86,74.88,16.66,4.39,,24.82
BENGELURU,21-08-2025 00:00,22-08-2025 00:00,18.2,75.57,16.45,4.02,,24.83
BENGELURU,22-08-2025 00:00,23-08-2025 00:00,17.75,72.22,17.08,3.95,,24.84
BENGELURU,23-08-2025 00:00,24-08-2025 00:00,18.4,,16.9,4.2,,24.76
BENGELURU,24-08-2025 00:00,25-08-2025 00:00,17.67,,16.33,3.97,,24.72
BENGELURU,25-08-2025 00:00,26-08-2025 00:00,17.3,53.39,16.61,5.37,,24.84
BENGELURU,26-08-2025 00:00,27-08-2025 00:00,19.19,,16.95,3.58,,24.74
BENGELURU,27-08-2025 00:00,28-08-2025 00:00,18.77,,16.8,4.12,,24.79
BENGELURU,28-08-2025 00:00,29-08-2025 00:00,17.71,,16.86,4.47,,24.82
BENGELURU,29-08-2025 00:00,30-08-2025 00:00,23.46,,17.05,4.21,,25.91
BENGELURU,30-08-2025 00:00,31-08-2025 00:00,18.27,,16.61,3.96,,27.71
BENGELURU,31-08-2025 00:00,01-09-2025 00:00,16.34,,16.57,4.1,,27.75
BENGELURU,01-09-2025 00:00,02-09-2025 00:00,16.53,65.51,16.41,4.66,,27.66
BENGELURU,02-09-2025 00:00,03-09-2025 00:00,18.9,68.94,16.7,4.23,,27.83
BENGELURU,03-09-2025 00:00,04-09-2025 00:00,17.69,62.87,16.07,4.14,,27.78
BENGELURU,04-09-2025 00:00,05-09-2025 00:00,17.87,64.7,16.89,4.53,,27.73
BENGELURU,05-09-2025 00:00,06-09-2025 00:00,18.36,74.39,16.89,4.06,,27.84
BENGELURU,06-09-2025 00:00,07-09-2025 00:00,18.75,68.48,16.53,4.19,,27.84
BENGELURU,07-09-2025 00:00,08-09-2025 00:00,15.52,59.61,16.66,4.14,,27.78
BENGELURU,08-09-2025 00:00,09-09-2025 00:00,16.97,66.6,16.93,3.42,,27.66
BENGELURU,09-09-2025 00:00,10-09-2025 00:00,19.06,81.66,16.85,5.87,,27.87
BENGELURU,10-09-2025 00:00,11-09-2025 00:00,24.07,79.66,16.84,4.08,0.62,27.88
BENGELURU,11-09-2025 00:00,12-09-2025 00:00,20.78,70.33,16.83,4.84,4.44,27.8
BENGELURU,12-09-2025 00:00,13-09-2025 00:00,19.95,86.72,16.29,4.74,0.98,27.81
BENGELURU,13-09-2025 00:00,14-09-2025 00:00,20.0,114.54,16.89,3.48,0.64,27.73
BENGELURU,14-09-2025 00:00,15-09-2025 00:00,18.06,90.71,16.85,3.76,0.74,27.91
BENGELURU,15-09-2025 00:00,16-09-2025 00:00,19.87,88.51,16.27,3.05,0.66,27.75
BENGELURU,16-09-2025 00:00,17-09-2025 00:00,17.64,,16.74,5.0,0.65,27.75
BENGELURU,17-09-2025 00:00,18-09-2025 00:00,17.41,,16.73,3.57,0.63,27.74
BENGELURU,18-09-2025 00:00,19-09-2025 00:00,15.95,,16.93,3.94,0.62,27.71
BENGELURU,19-09-2025 00:00,20-09-2025 00:00,18.98,,16.51,3.96,0.61,27.72
BENGELURU,20-09-2025 00:00,21-09-2025 00:00,18.34,,16.81,3.98,0.63,27.93
BENGELURU,21-09-2025 00:00,22-09-2025 00:00,17.0,,16.26,3.26,0.64,27.86
BENGELURU,22-09-2025 00:00,23-09-2025 00:00,17.17,,16.25,3.84,0.63,27.82
BENGELURU,23-09-2025 00:00,24-09-2025 00:00,16.82,,16.56,4.48,0.6,27.8
BENGELURU,24-09-2025 00:00,25-09-2025 00:00,18.06,,16.38,3.86,0.6,27.78
BENGELURU,25-09-2025 00:00,26-09-2025 00:00,17.56,,16.75,4.61,0.6,27.76
BENGELURU,26-09-2025 00:00,27-09-2025 00:00,17.99,,16.59,4.31,0.59,27.8
BENGELURU,27-09-2025 00:00,28-09-2025 00:00,20.57,,16.22,4.24,0.59,27.77
BENGELURU,28-09-2025 00:00,29-09-2025 00:00,18.04,,16.74,4.5,0.61,27.85
BENGELURU,29-09-2025 00:00,30-09-2025 00:00,19.76,,16.82,3.79,0.6,27.79
BENGELURU,30-09-2025 00:00,01-10-2025 00:00,19.89,,16.45,4.38,0.56,27.84
BENGELURU,01-10-2025 00:00,02-10-2025 00:00,18.43,,17.0,3.45,0.5,27.82
BENGELURU,02-10-2025 00:00,03-10-2025 00:00,15.26,,16.7,4.04,0.52,27.78
BENGELURU,03-10-2025 00:00,04-10-2025 00:00,17.95,,16.6,3.74,0.5,27.73
BENGELURU,04-10-2025 00:00,05-10-2025 00:00,17.41,,16.79,3.6,0.58,27.72
BENGELURU,05-10-2025 00:00,06-10-2025 00:00,16.06,,16.72,3.45,0.48,27.76
BENGELURU,06-10-2025 00:00,07-10-2025 00:00,16.66,,16.47,4.41,0.53,27.79
BENGELURU,07-10-2025 00:00,08-10-2025 00:00,20.54,,16.81,4.27,0.54,27.79
BENGELURU,08-10-2025 00:00,09-10-2025 00:00,35.94,103.53,16.92,3.11,0.54,26.23
BENGELURU,09-10-2025 00:00,10-10-2025 00:00,19.79,,16.74,3.94,0.52,23.75
BENGELURU,10-10-2025 00:00,11-10-2025 00:00,17.05,,15.88,3.97,0.52,23.81
BENGELURU,11-10-2025 00:00,12-10-2025 00:00,18.56,,16.13,3.75,0.52,23.8
BENGELURU,12-10-2025 00:00,13-10-2025 00:00,18.21,,16.08,2.93,0.54,23.8
BENGELURU,13-10-2025 00:00,14-10-2025 00:00,25.19,91.61,16.42,4.29,0.55,24.48
BENGELURU,14-10-2025 00:00,15-10-2025 00:00,16.63,80.81,16.58,4.39,0.52,26.22
BENGELURU,15-10-2025 00:00,16-10-2025 00:00,16.4,72.59,16.89,4.88,0.54,26.1
BENGELURU,16-10-2025 00:00,17-10-2025 00:00,16.41,72.72,16.65,4.24,0.53,26.21
BENGELURU,17-10-2025 00:00,18-10-2025 00:00,15.73,67.78,16.34,4.27,0.53,26.19
BENGELURU,18-10-2025 00:00,19-10-2025 00:00,12.8,71.5,16.72,5.64,0.54,26.1
BENGELURU,19-10-2025 00:00,20-10-2025 00:00,20.04,60.02,15.99,5.16,0.42,25.94
BENGELURU,20-10-2025 00:00,21-10-2025 00:00,57.08,110.89,20.0,8.23,0.59,21.32
BENGELURU,21-10-2025 00:00,22-10-2025 00:00,38.74,102.88,23.12,6.88,0.68,20.53
BENGELURU,22-10-2025 00:00,23-10-2025 00:00,26.08,86.15,22.5,7.29,0.69,18.36
BENGELURU,23-10-2025 00:00,24-10-2025 00:00,24.1,83.84,22.58,7.06,0.69,18.32
BENGELURU,24-10-2025 00:00,25-10-2025 00:00,22.23,81.43,21.95,7.73,0.74,20.51
BENGELURU,25-10-2025 00:00,26-10-2025 00:00,19.62,86.53,22.53,7.9,0.71,22.56
BENGELURU,26-10-2025 00:00,27-10-2025 00:00,15.41,74.44,22.3,7.98,0.73,22.57
BENGELURU,27-10-2025 00:00,28-10-2025 00:00,18.2,76.38,22.31,8.9,0.71,22.6
BENGELURU,28-10-2025 00:00,29-10-2025 00:00,18.42,78.75,22.33,7.86,0.68,22.53
BENGELURU,29-10-2025 00:00,30-10-2025 00:00,24.06,87.24,22.71,7.05,0.7,22.61
BENGELURU,30-10-2025 00:00,31-10-2025 00:00,18.66,76.76,22.36,7.7,0.71,24.22
BENGELURU,31-10-2025 00:00,01-11-2025 00:00,22.08,80.44,23.1,7.64,0.73,24.62
BENGELURU,01-11-2025 00:00,02-11-2025 00:00,21.43,83.3,22.86,9.2,0.75,23.55
BENGELURU,02-11-2025 00:00,03-11-2025 00:00,18.46,78.19,22.82,8.56,0.75,25.73
BENGELURU,03-11-2025 00:00,04-11-2025 00:00,20.29,75.11,22.92,7.83,0.68,24.14
BENGELURU,04-11-2025 00:00,05-11-2025 00:00,18.61,75.5,22.24,7.85,0.77,21.24
BENGELURU,05-11-2025 00:00,06-11-2025 00:00,15.87,67.3,22.43,7.87,0.73,19.23
BENGELURU,06-11-2025 00:00,07-11-2025 00:00,17.88,69.56,23.16,7.69,0.75,19.23
BENGELURU,07-11-2025 00:00,08-11-2025 00:00,19.37,84.08,22.32,7.63,0.72,19.26
BENGELURU,08-11-2025 00:00,09-11-2025 00:00,20.05,92.08,22.07,7.53,0.7,19.23
BENGELURU,09-11-2025 00:00,10-11-2025 00:00,19.42,85.41,22.45,6.79,0.67,19.24
BENGELURU,10-11-2025 00:00,11-11-2025 00:00,29.45,106.62,23.53,8.96,0.93,19.26
BENGELURU,11-11-2025 00:00,12-11-2025 00:00,20.15,109.4,22.27,7.63,0.66,19.26
BENGELURU,12-11-2025 00:00,13-11-2025 00:00,20.34,104.03,22.59,7.58,0.68,19.2
BENGELURU,13-11-2025 00:00,14-11-2025 00:00,23.47,92.92,22.54,7.0,0.72,20.4
BENGELURU,14-11-2025 00:00,15-11-2025 00:00,18.72,98.79,22.76,7.66,0.66,22.24
BENGELURU,15-11-2025 00:00,16-11-2025 00:00,26.97,99.65,22.46,7.88,0.74,22.27
BENGELURU,16-11-2025 00:00,17-11-2025 00:00,21.42,97.67,22.82,6.52,0.69,22.25
BENGELURU,17-11-2025 00:00,18-11-2025 00:00,19.45,100.0,22.43,6.94,0.7,22.28
BENGELURU,18-11-2025 00:00,19-11-2025 00:00,20.79,94.73,22.32,6.34,0.68,22.3
BENGELURU,19-11-2025 00:00,20-11-2025 00:00,17.01,79.86,22.76,7.4,0.7,22.27
BENGELURU,20-11-2025 00:00,21-11-2025 00:00,19.86,98.27,22.66,7.29,0.63,22.24
BENGELURU,21-11-2025 00:00,22-11-2025 00:00,16.78,84.8,22.78,6.76,0.63,22.25
BENGELURU,22-11-2025 00:00,23-11-2025 00:00,15.78,59.19,22.69,6.73,0.69,22.28
BENGELURU,23-11-2025 00:00,24-11-2025 00:00,14.74,65.22,22.28,6.92,0.68,22.21
BENGELURU,24-11-2025 00:00,25-11-2025 00:00,16.02,78.43,22.87,7.48,0.69,22.29
BENGELURU,25-11-2025 00:00,26-11-2025 00:00,19.54,104.1,22.47,6.81,0.69,22.18
BENGELURU,26-11-2025 00:00,27-11-2025 00:00,22.42,110.45,22.36,6.86,0.63,22.32
BENGELURU,27-11-2025 00:00,28-11-2025 00:00,21.17,128.37,22.65,6.85,0.65,22.21
BENGELURU,28-11-2025 00:00,29-11-2025 00:00,25.08,82.89,21.22,7.27,0.71,23.28
BENGELURU,29-11-2025 00:00,30-11-2025 00:00,20.9,55.12,19.68,6.57,0.7,25.24
BENGELURU,30-11-2025 00:00,01-12-2025 00:00,18.15,51.32,19.23,6.31,0.71,25.28
BENGELURU,01-12-2025 00:00,02-12-2025 00:00,16.81,50.23,19.36,10.05,0.8,25.23
BENGELURU,02-12-2025 00:00,03-12-2025 00:00,17.25,49.87,19.33,8.02,0.7,25.23
BENGELURU,03-12-2025 00:00,04-12-2025 00:00,15.53,47.67,19.61,8.67,0.74,25.29
BENGELURU,04-12-2025 00:00,05-12-2025 00:00,14.88,48.34,18.78,7.33,0.68,25.22
BENGELURU,05-12-2025 00:00,06-12-2025 00:00,18.64,48.83,19.5,8.13,0.72,25.16
BENGELURU,06-12-2025 00:00,07-12-2025 00:00,20.73,54.51,19.62,7.09,0.72,25.28
BENGELURU,07-12-2025 00:00,08-12-2025 00:00,19.74,52.4,19.3,6.33,0.69,25.22
BENGELURU,08-12-2025 00:00,09-12-2025 00:00,21.33,52.3,19.86,8.01,0.7,23.87
BENGELURU,09-12-2025 00:00,10-12-2025 00:00,20.27,53.67,19.63,6.17,0.72,19.84
BENGELURU,10-12-2025 00:00,11-12-2025 00:00,18.96,52.18,19.65,6.84,0.71,19.84
BENGELURU,11-12-2025 00:00,12-12-2025 00:00,23.15,54.64,19.24,6.97,0.76,19.92
BENGELURU,12-12-2025 00:00,13-12-2025 00:00,22.78,56.69,19.47,6.52,0.76,19.9
BENGELURU,13-12-2025 00:00,14-12-2025 00:00,19.65,54.52,19.38,6.24,0.69,20.0
BENGELURU,14-12-2025 00:00,15-12-2025 00:00,18.67,52.75,19.6,7.0,0.69,19.89
BENGELURU,15-12-2025 00:00,16-12-2025 00:00,21.35,57.88,19.99,8.6,0.74,21.22
BENGELURU,16-12-2025 00:00,17-12-2025 00:00,18.19,81.46,19.83,7.43,0.65,23.92
BENGELURU,17-12-2025 00:00,18-12-2025 00:00,16.11,93.87,20.43,7.39,0.67,23.85
BENGELURU,18-12-2025 00:00,19-12-2025 00:00,19.47,119.61,20.08,7.64,0.71,23.87
BENGELURU,19-12-2025 00:00,20-12-2025 00:00,20.6,138.84,20.38,7.18,0.78,23.9
BENGELURU,20-12-2025 00:00,21-12-2025 00:00,22.29,145.91,20.76,6.47,0.81,23.87
BENGELURU,21-12-2025 00:00,22-12-2025 00:00,23.26,139.92,20.41,6.13,0.77,23.93
BENGELURU,22-12-2025 00:00,23-12-2025 00:00,20.56,139.17,20.18,7.13,0.8,23.79
BENGELURU,23-12-2025 00:00,24-12-2025 00:00,18.96,121.31,20.37,8.0,0.79,23.83
BENGELURU,24-12-2025 00:00,25-12-2025 00:00,20.94,157.05,20.34,7.27,0.8,23.86
BENGELURU,25-12-2025 00:00,26-12-2025 00:00,19.29,116.16,20.12,6.35,0.72,23.88
BENGELURU,26-12-2025 00:00,27-12-2025 00:00,19.35,120.71,20.51,6.82,0.73,23.84
BENGELURU,27-12-2025 00:00,28-12-2025 00:00,20.7,132.36,20.06,7.07,0.74,23.95
BENGELURU,28-12-2025 00:00,29-12-2025 00:00,22.33,137.91,20.87,6.23,0.76,23.93
BENGELURU,29-12-2025 00:00,30-12-2025 00:00,21.7,157.04,20.64,7.04,0.73,23.79
BENGELURU,30-12-2025 00:00,31-12-2025 00:00,26.11,122.69,20.72,8.21,0.74,22.68
BENGELURU,31-12-2025 00:00,01-01-2026 00:00,38.3,115.43,20.56,8.9,0.68,20.88
BENGELURU,01-01-2026 00:00,02-01-2026 00:00,23.35,116.23,19.96,8.26,0.69,20.84
BENGELURU,02-01-2026 00:00,03-01-2026 00:00,21.4,101.29,20.01,7.36,0.69,20.81
BENGELURU,03-01-2026 00:00,04-01-2026 00:00,29.88,103.0,20.45,8.78,0.7,20.89
BENGELURU,04-01-2026 00:00,05-01-2026 00:00,18.58,94.5,20.43,7.17,0.69,20.96
BENGELURU,05-01-2026 00:00,06-01-2026 00:00,19.18,97.99,20.23,8.21,0.7,20.99
BENGELURU,06-01-2026 00:00,07-01-2026 00:00,19.97,110.8,20.06,8.15,0.72,20.93
BENGELURU,07-01-2026 00:00,08-01-2026 00:00,24.76,104.13,20.21,8.06,0.68,20.91
BENGELURU,08-01-2026 00:00,09-01-2026 00:00,18.15,102.24,20.23,8.22,0.72,20.86
BENGELURU,09-01-2026 00:00,10-01-2026 00:00,18.39,96.3,20.87,8.4,0.74,20.86
BENGELURU,10-01-2026 00:00,11-01-2026 00:00,17.52,99.07,20.4,7.94,0.75,20.83
BENGELURU,11-01-2026 00:00,12-01-2026 00:00,16.1,77.55,20.53,7.97,0.69,20.94
BENGELURU,12-01-2026 00:00,13-01-2026 00:00,17.21,80.51,20.45,8.46,0.76,20.81
BENGELURU,13-01-2026 00:00,14-01-2026 00:00,18.32,89.68,20.36,7.93,0.72,20.87
BENGELURU,14-01-2026 00:00,15-01-2026 00:00,20.93,92.61,20.22,8.29,0.52,20.85
BENGELURU,15-01-2026 00:00,16-01-2026 00:00,17.56,78.33,20.54,9.1,0.18,20.83
BENGELURU,16-01-2026 00:00,17-01-2026 00:00,20.41,93.58,20.0,10.02,0.2,20.91
BENGELURU,17-01-2026 00:00,18-01-2026 00:00,19.31,99.75,19.97,7.19,0.24,20.94
BENGELURU,18-01-2026 00:00,19-01-2026 00:00,18.4,85.85,20.21,7.86,0.21,20.88
BENGELURU,19-01-2026 00:00,20-01-2026 00:00,21.66,95.77,20.18,8.3,0.24,20.91
BENGELURU,20-01-2026 00:00,21-01-2026 00:00,17.75,88.41,20.08,7.78,0.21,20.91
BENGELURU,21-01-2026 00:00,22-01-2026 00:00,19.75,91.82,20.21,8.85,0.2,20.93
BENGELURU,22-01-2026 00:00,23-01-2026 00:00,19.21,83.25,20.34,8.24,0.18,20.92
BENGELURU,23-01-2026 00:00,24-01-2026 00:00,24.62,86.24,20.67,9.41,0.2,20.85
BENGELURU,24-01-2026 00:00,25-01-2026 00:00,18.09,93.69,20.69,8.86,0.19,20.94
BENGELURU,25-01-2026 00:00,26-01-2026 00:00,16.1,74.27,20.67,7.93,0.14,20.89
BENGELURU,26-01-2026 00:00,27-01-2026 00:00,16.39,62.08,20.2,8.25,0.18,20.87
BENGELURU,27-01-2026 00:00,28-01-2026 00:00,17.82,77.68,20.21,8.41,0.19,20.91
BENGELURU,28-01-2026 00:00,29-01-2026 00:00,19.42,96.48,20.27,9.16,0.19,20.89
BENGELURU,29-01-2026 00:00,30-01-2026 00:00,29.37,109.7,19.54,8.02,0.19,20.95
BENGELURU,30-01-2026 00:00,31-01-2026 00:00,20.4,101.74,20.21,8.61,0.18,20.9
BENGELURU,31-01-2026 00:00,01-02-2026 00:00,16.76,88.34,20.18,8.56,0.19,20.86
BENGELURU,01-02-2026 00:00,02-02-2026 00:00,17.59,84.53,20.4,7.43,0.16,20.92
BENGELURU,02-02-2026 00:00,03-02-2026 00:00,19.29,102.36,20.09,7.54,0.19,20.89
BENGELURU,03-02-2026 00:00,04-02-2026 00:00,20.24,108.03,20.11,8.97,0.21,20.88
BENGELURU,04-02-2026 00:00,05-02-2026 00:00,16.42,88.34,20.84,8.4,0.18,20.93
BENGELURU,05-02-2026 00:00,06-02-2026 00:00,15.41,85.49,20.03,8.63,0.19,20.88
BENGELURU,06-02-2026 00:00,07-02-2026 00:00,16.29,84.23,20.3,7.52,0.19,20.94
BENGELURU,07-02-2026 00:00,08-02-2026 00:00,17.11,92.42,20.53,8.5,0.2,20.87
BENGELURU,08-02-2026 00:00,09-02-2026 00:00,19.24,98.09,20.13,8.05,0.17,20.86
BENGELURU,09-02-2026 00:00,10-02-2026 00:00,22.09,108.59,20.35,9.86,0.23,20.88
BENGELURU,10-02-2026 00:00,11-02-2026 00:00,18.9,100.14,20.42,8.21,0.17,20.89
BENGELURU,11-02-2026 00:00,12-02-2026 00:00,18.3,97.82,20.41,8.34,0.17,20.93
BENGELURU,12-02-2026 00:00,13-02-2026 00:00,15.62,82.75,19.63,6.59,0.15,20.99
BENGELURU,13-02-2026 00:00,14-02-2026 00:00,,,,,,
BENGELURU,14-02-2026 00:00,15-02-2026 00:00,,,,,,
BENGELURU,15-02-2026 00:00,16-02-2026 00:00,,,,,,
BENGELURU,16-02-2026 00:00,17-02-2026 00:00,31.68,112.54,19.45,7.41,0.17,20.75
BENGELURU,17-02-2026 00:00,17-02-2026 00:00,35.18,123.19,20.55,4.89,0.12,21.78
BHOPAL,01-01-2025 00:00,02-01-2025 00:00,79.8,133.04,37.28,18.91,1.43,25.56
BHOPAL,02-01-2025 00:00,03-01-2025 00:00,70.73,139.88,48.82,17.78,2.16,24.87
BHOPAL,03-01-2025 00:00,04-01-2025 00:00,66.01,135.86,56.04,22.07,2.0,36.07
BHOPAL,04-01-2025 00:00,05-01-2025 00:00,38.4,94.24,43.48,17.53,1.45,46.58
BHOPAL,05-01-2025 00:00,06-01-2025 00:00,58.68,139.14,41.94,25.36,1.63,47.09
BHOPAL,06-01-2025 00:00,07-01-2025 00:00,58.55,113.74,34.39,23.29,1.47,54.08
BHOPAL,07-01-2025 00:00,08-01-2025 00:00,62.97,110.48,27.65,12.21,1.52,53.6
BHOPAL,08-01-2025 00:00,09-01-2025 00:00,57.32,112.19,32.22,20.63,1.48,60.7
BHOPAL,09-01-2025 00:00,10-01-2025 00:00,47.32,97.58,33.35,22.72,1.38,67.92
BHOPAL,10-01-2025 00:00,11-01-2025 00:00,41.1,102.42,29.73,23.48,1.32,75.1
BHOPAL,11-01-2025 00:00,12-01-2025 00:00,67.51,154.03,33.61,26.6,1.69,71.28
BHOPAL,12-01-2025 00:00,13-01-2025 00:00,98.05,169.39,30.11,16.84,1.66,59.96
BHOPAL,13-01-2025 00:00,14-01-2025 00:00,82.0,140.28,26.36,15.02,1.63,63.48
BHOPAL,14-01-2025 00:00,15-01-2025 00:00,71.64,122.12,25.24,15.85,1.54,66.88
BHOPAL,15-01-2025 00:00,16-01-2025 00:00,65.38,124.78,26.36,18.74,1.61,58.08
BHOPAL,16-01-2025 00:00,17-01-2025 00:00,84.26,148.28,25.21,17.33,1.5,45.34
BHOPAL,17-01-2025 00:00,18-01-2025 00:00,106.65,185.91,26.78,19.14,1.55,41.85
BHOPAL,18-01-2025 00:00,19-01-2025 00:00,61.94,123.02,32.2,17.7,1.52,56.81
BHOPAL,19-01-2025 00:00,20-01-2025 00:00,50.31,105.45,32.22,16.34,1.63,61.91
BHOPAL,20-01-2025 00:00,21-01-2025 00:00,51.44,113.04,33.64,18.09,1.44,60.45
BHOPAL,21-01-2025 00:00,22-01-2025 00:00,48.92,111.64,31.83,19.48,1.24,78.83
BHOPAL,22-01-2025 00:00,23-01-2025 00:00,64.91,151.09,31.5,18.2,1.53,75.68
BHOPAL,23-01-2025 00:00,24-01-2025 00:00,65.28,147.51,33.34,21.38,1.42,75.08
BHOPAL,24-01-2025 00:00,25-01-2025 00:00,63.9,123.19,21.57,17.31,0.98,76.42
BHOPAL,25-01-2025 00:00,26-01-2025 00:00,44.61,112.34,37.75,18.2,1.27,62.59
BHOPAL,26-01-2025 00:00,27-01-2025 00:00,39.58,102.38,50.25,18.93,1.47,66.05
BHOPAL,27-01-2025 00:00,28-01-2025 00:00,35.51,101.8,52.52,17.56,1.46,58.68
BHOPAL,28-01-2025 00:00,29-01-2025 00:00,36.04,101.67,55.98,21.31,1.44,55.82
BHOPAL,29-01-2025 00:00,30-01-2025 00:00,39.26,124.19,47.45,20.36,1.63,93.74
BHOPAL,30-01-2025 00:00,31-01-2025 00:00,38.41,119.84,51.63,18.92,1.06,75.33
BHOPAL,31-01-2025 00:00,01-02-2025 00:00,28.11,107.49,48.7,18.91,1.17,74.64
BHOPAL,01-02-2025 00:00,02-02-2025 00:00,34.75,115.04,51.49,20.02,0.96,72.0
BHOPAL,02-02-2025 00:00,03-02-2025 00:00,34.51,113.79,50.92,22.05,0.93,73.92
BHOPAL,03-02-2025 00:00,04-02-2025 00:00,36.06,116.59,43.88,21.53,0.9,79.85
BHOPAL,04-02-2025 00:00,05-02-2025 00:00,48.25,128.98,38.02,21.34,0.98,68.98
BHOPAL,05-02-2025 00:00,06-02-2025 00:00,57.77,136.62,34.67,16.39,0.65,84.53
BHOPAL,06-02-2025 00:00,07-02-2025 00:00,34.15,108.21,36.41,19.41,0.54,87.51
BHOPAL,07-02-2025 00:00,08-02-2025 00:00,32.95,115.69,41.92,16.57,0.99,72.26
BHOPAL,08-02-2025 00:00,09-02-2025 00:00,26.41,106.81,46.23,14.86,1.05,62.33
BHOPAL,09-02-2025 00:00,10-02-2025 00:00,29.99,97.22,39.32,24.34,0.24,86.2
BHOPAL,10-02-2025 00:00,11-02-2025 00:00,46.8,151.32,49.44,22.17,1.72,71.74
BHOPAL,11-02-2025 00:00,12-02-2025 00:00,28.28,126.22,47.83,24.42,1.39,69.18
BHOPAL,12-02-2025 00:00,13-02-2025 00:00,26.03,102.96,31.86,27.78,1.46,99.69
BHOPAL,13-02-2025 00:00,14-02-2025 00:00,21.42,112.93,36.73,19.27,1.01,82.03
BHOPAL,14-02-2025 00:00,15-02-2025 00:00,23.58,125.05,45.77,20.23,1.06,68.95
BHOPAL,15-02-2025 00:00,16-02-2025 00:00,21.65,119.31,36.84,16.94,0.89,88.54
BHOPAL,16-02-2025 00:00,17-02-2025 00:00,23.33,122.23,37.6,22.1,1.16,91.35
BHOPAL,17-02-2025 00:00,18-02-2025 00:00,27.3,125.42,44.34,17.85,0.94,75.68
BHOPAL,18-02-2025 00:00,19-02-2025 00:00,29.54,144.37,44.02,20.91,1.1,74.75
BHOPAL,19-02-2025 00:00,20-02-2025 00:00,51.92,150.52,35.91,19.96,1.05,77.47
BHOPAL,20-02-2025 00:00,21-02-2025 00:00,27.39,120.53,36.4,15.29,0.8,53.46
BHOPAL,21-02-2025 00:00,22-02-2025 00:00,15.3,109.06,31.29,15.53,0.81,78.59
BHOPAL,22-02-2025 00:00,23-02-2025 00:00,25.58,162.01,37.05,17.36,0.91,74.62
BHOPAL,23-02-2025 00:00,24-02-2025 00:00,20.78,113.55,42.83,16.9,0.89,74.91
BHOPAL,24-02-2025 00:00,25-02-2025 00:00,25.35,112.84,36.3,15.54,0.82,68.16
BHOPAL,25-02-2025 00:00,26-02-2025 00:00,18.81,84.4,34.18,16.21,0.85,77.27
BHOPAL,26-02-2025 00:00,27-02-2025 00:00,19.95,93.06,37.99,19.33,1.01,71.81
BHOPAL,27-02-2025 00:00,28-02-2025 00:00,31.1,122.83,45.25,22.06,1.16,70.05
BHOPAL,28-02-2025 00:00,01-03-2025 00:00,33.86,132.32,39.24,23.45,1.03,98.34
BHOPAL,01-03-2025 00:00,02-03-2025 00:00,31.31,116.85,37.8,22.96,1.51,97.55
BHOPAL,02-03-2025 00:00,03-03-2025 00:00,27.34,138.07,41.08,15.73,1.26,70.78
BHOPAL,03-03-2025 00:00,04-03-2025 00:00,34.26,133.53,31.0,17.06,0.66,88.97
BHOPAL,04-03-2025 00:00,05-03-2025 00:00,21.69,149.3,25.78,19.19,0.65,91.01
BHOPAL,05-03-2025 00:00,06-03-2025 00:00,12.79,114.16,26.69,19.1,0.46,92.04
BHOPAL,06-03-2025 00:00,07-03-2025 00:00,15.23,88.82,32.62,17.66,1.09,79.68
BHOPAL,07-03-2025 00:00,08-03-2025 00:00,24.57,108.86,51.94,24.61,1.42,68.54
BHOPAL,08-03-2025 00:00,09-03-2025 00:00,12.81,87.16,37.47,15.98,1.09,84.86
BHOPAL,09-03-2025 00:00,10-03-2025 00:00,16.59,113.74,31.99,19.36,1.23,91.07
BHOPAL,10-03-2025 00:00,11-03-2025 00:00,18.0,84.35,33.3,17.88,1.59,93.93
BHOPAL,11-03-2025 00:00,12-03-2025 00:00,26.64,114.31,50.57,23.95,1.55,93.41
BHOPAL,12-03-2025 00:00,13-03-2025 00:00,23.21,102.24,33.76,20.79,0.86,126.05
BHOPAL,13-03-2025 00:00,14-03-2025 00:00,15.92,86.45,26.4,22.57,0.73,117.57
BHOPAL,14-03-2025 00:00,15-03-2025 00:00,13.71,68.64,17.59,17.54,0.75,113.06
BHOPAL,15-03-2025 00:00,16-03-2025 00:00,16.5,75.03,24.41,22.49,1.07,119.66
BHOPAL,16-03-2025 00:00,17-03-2025 00:00,15.0,88.84,24.54,16.44,1.13,97.42
BHOPAL,17-03-2025 00:00,18-03-2025 00:00,22.22,102.34,27.58,19.5,1.49,105.63
BHOPAL,18-03-2025 00:00,19-03-2025 00:00,18.36,82.74,27.98,14.84,1.47,106.37
BHOPAL,19-03-2025 00:00,20-03-2025 00:00,23.01,85.27,28.62,22.66,1.46,121.92
BHOPAL,20-03-2025 00:00,21-03-2025 00:00,27.34,97.26,26.68,19.17,1.64,126.16
BHOPAL,21-03-2025 00:00,22-03-2025 00:00,30.74,110.39,33.29,20.14,1.68,107.36
BHOPAL,22-03-2025 00:00,23-03-2025 00:00,18.35,87.1,34.02,16.24,1.07,109.71
BHOPAL,23-03-2025 00:00,24-03-2025 00:00,21.16,105.18,36.17,13.73,0.46,96.45
BHOPAL,24-03-2025 00:00,25-03-2025 00:00,15.06,76.55,30.35,15.9,0.32,118.58
BHOPAL,25-03-2025 00:00,26-03-2025 00:00,30.11,104.84,41.86,25.24,1.06,93.29
BHOPAL,26-03-2025 00:00,27-03-2025 00:00,40.41,137.4,47.87,25.07,0.69,106.96
BHOPAL,27-03-2025 00:00,28-03-2025 00:00,30.6,116.42,31.75,20.52,0.65,149.74
BHOPAL,28-03-2025 00:00,29-03-2025 00:00,21.55,145.83,27.83,19.85,1.04,108.86
BHOPAL,29-03-2025 00:00,30-03-2025 00:00,13.95,123.27,32.14,14.94,0.78,104.14
BHOPAL,30-03-2025 00:00,31-03-2025 00:00,21.37,135.01,44.4,16.85,0.88,99.89
BHOPAL,31-03-2025 00:00,01-04-2025 00:00,29.68,138.83,52.33,20.44,1.07,96.8
BHOPAL,01-04-2025 00:00,02-04-2025 00:00,30.25,132.45,41.32,20.17,1.06,112.16
BHOPAL,02-04-2025 00:00,03-04-2025 00:00,52.39,154.94,38.61,23.26,1.22,113.44
BHOPAL,03-04-2025 00:00,04-04-2025 00:00,38.99,144.05,32.4,17.4,0.91,121.63
BHOPAL,04-04-2025 00:00,05-04-2025 00:00,45.46,120.89,42.66,19.15,1.01,106.59
BHOPAL,05-04-2025 00:00,06-04-2025 00:00,24.73,113.18,46.28,14.41,0.76,100.71
BHOPAL,06-04-2025 00:00,07-04-2025 00:00,26.26,127.93,43.41,16.71,0.88,87.79
BHOPAL,07-04-2025 00:00,08-04-2025 00:00,29.61,132.6,47.9,17.81,0.93,82.89
BHOPAL,08-04-2025 00:00,09-04-2025 00:00,42.48,160.28,59.07,20.35,1.07,103.4
BHOPAL,09-04-2025 00:00,10-04-2025 00:00,40.18,149.66,40.56,21.5,1.13,101.09
BHOPAL,10-04-2025 00:00,11-04-2025 00:00,34.8,153.31,39.57,16.5,0.87,89.23
BHOPAL,11-04-2025 00:00,12-04-2025 00:00,34.02,136.43,25.05,17.75,0.93,115.29
BHOPAL,12-04-2025 00:00,13-04-2025 00:00,32.53,130.92,22.24,15.42,0.81,96.57
BHOPAL,13-04-2025 00:00,14-04-2025 00:00,31.68,146.14,24.74,16.29,0.85,101.62
BHOPAL,14-04-2025 00:00,15-04-2025 00:00,59.19,178.15,33.41,23.56,1.24,102.9
BHOPAL,15-04-2025 00:00,16-04-2025 00:00,30.32,116.18,24.74,14.33,0.75,140.14
BHOPAL,16-04-2025 00:00,17-04-2025 00:00,40.19,138.67,33.02,14.96,0.79,120.63
BHOPAL,17-04-2025 00:00,18-04-2025 00:00,33.22,116.17,25.94,18.7,0.96,106.41
BHOPAL,18-04-2025 00:00,19-04-2025 00:00,20.94,112.59,18.84,19.22,1.01,89.76
BHOPAL,19-04-2025 00:00,20-04-2025 00:00,29.4,105.01,20.44,20.5,1.06,98.46
BHOPAL,20-04-2025 00:00,21-04-2025 00:00,33.46,160.49,20.77,23.71,1.24,120.11
BHOPAL,21-04-2025 00:00,22-04-2025 00:00,39.21,200.15,24.71,20.88,1.1,106.72
BHOPAL,22-04-2025 00:00,23-04-2025 00:00,37.66,161.18,38.09,17.58,0.92,119.69
BHOPAL,23-04-2025 00:00,24-04-2025 00:00,35.53,140.23,36.2,19.18,1.01,120.0
BHOPAL,24-04-2025 00:00,25-04-2025 00:00,31.77,116.82,34.58,16.57,0.87,124.39
BHOPAL,25-04-2025 00:00,26-04-2025 00:00,40.3,130.73,42.01,20.94,1.1,103.07
BHOPAL,26-04-2025 00:00,27-04-2025 00:00,27.26,126.44,13.2,17.55,0.92,133.51
BHOPAL,27-04-2025 00:00,28-04-2025 00:00,32.94,142.1,8.09,16.45,0.86,104.02
BHOPAL,28-04-2025 00:00,29-04-2025 00:00,23.68,112.82,23.36,15.48,0.81,120.87
BHOPAL,29-04-2025 00:00,30-04-2025 00:00,21.62,118.21,34.2,15.29,0.8,102.59
BHOPAL,30-04-2025 00:00,01-05-2025 00:00,29.21,144.43,40.0,14.6,0.77,124.74
BHOPAL,01-05-2025 00:00,02-05-2025 00:00,23.77,135.41,40.96,14.33,0.75,107.28
BHOPAL,02-05-2025 00:00,03-05-2025 00:00,25.29,147.12,43.59,12.99,0.68,95.49
BHOPAL,03-05-2025 00:00,04-05-2025 00:00,33.97,139.06,55.63,17.08,0.96,87.25
BHOPAL,04-05-2025 00:00,05-05-2025 00:00,16.77,77.68,33.89,11.48,0.6,100.92
BHOPAL,05-05-2025 00:00,06-05-2025 00:00,14.03,72.99,33.48,12.48,0.66,88.45
BHOPAL,06-05-2025 00:00,07-05-2025 00:00,10.68,57.95,28.14,16.2,0.85,73.97
BHOPAL,07-05-2025 00:00,08-05-2025 00:00,12.59,56.54,28.14,9.69,0.51,95.59
BHOPAL,08-05-2025 00:00,09-05-2025 00:00,12.62,53.76,18.8,11.68,0.61,83.53
BHOPAL,09-05-2025 00:00,10-05-2025 00:00,14.37,68.69,19.34,13.27,0.7,84.61
BHOPAL,10-05-2025 00:00,11-05-2025 00:00,22.12,83.89,19.84,10.72,0.56,89.87
BHOPAL,11-05-2025 00:00,12-05-2025 00:00,20.09,65.13,19.4,10.77,0.56,97.23
BHOPAL,12-05-2025 00:00,13-05-2025 00:00,27.28,64.86,23.76,12.47,0.65,91.41
BHOPAL,13-05-2025 00:00,14-05-2025 00:00,21.43,86.26,27.02,11.0,0.58,83.75
BHOPAL,14-05-2025 00:00,15-05-2025 00:00,19.54,69.57,24.79,13.04,0.68,67.98
BHOPAL,15-05-2025 00:00,16-05-2025 00:00,18.85,75.97,24.69,12.32,0.65,105.54
BHOPAL,16-05-2025 00:00,17-05-2025 00:00,26.25,114.87,24.89,12.14,0.64,104.5
BHOPAL,17-05-2025 00:00,18-05-2025 00:00,22.45,92.56,21.93,12.17,0.64,118.81
BHOPAL,18-05-2025 00:00,19-05-2025 00:00,19.71,81.56,21.82,10.43,0.55,127.92
BHOPAL,19-05-2025 00:00,20-05-2025 00:00,22.04,98.49,22.01,10.66,0.56,121.42
BHOPAL,20-05-2025 00:00,21-05-2025 00:00,18.66,75.76,21.05,11.22,0.59,127.72
BHOPAL,21-05-2025 00:00,22-05-2025 00:00,23.7,91.05,26.03,11.74,0.62,102.95
BHOPAL,22-05-2025 00:00,23-05-2025 00:00,13.98,66.04,19.77,10.32,0.54,104.62
BHOPAL,23-05-2025 00:00,24-05-2025 00:00,12.05,47.08,24.61,12.4,0.64,88.25
BHOPAL,24-05-2025 00:00,25-05-2025 00:00,22.07,80.18,24.54,16.03,0.84,75.7
BHOPAL,25-05-2025 00:00,26-05-2025 00:00,30.76,76.99,29.32,14.86,0.78,74.76
BHOPAL,26-05-2025 00:00,27-05-2025 00:00,33.59,91.17,27.04,16.87,0.88,88.83
BHOPAL,27-05-2025 00:00,28-05-2025 00:00,32.66,91.08,27.24,16.09,0.84,98.1
BHOPAL,28-05-2025 00:00,29-05-2025 00:00,16.86,55.16,20.54,12.35,0.65,64.94
BHOPAL,29-05-2025 00:00,30-05-2025 00:00,19.15,71.58,20.69,10.51,0.55,91.89
BHOPAL,30-05-2025 00:00,31-05-2025 00:00,23.12,103.62,22.44,10.74,0.56,62.78
BHOPAL,31-05-2025 00:00,01-06-2025 00:00,23.14,131.83,21.74,11.46,0.6,62.45
BHOPAL,01-06-2025 00:00,02-06-2025 00:00,17.33,92.58,19.01,11.23,0.59,76.44
BHOPAL,02-06-2025 00:00,03-06-2025 00:00,16.44,85.97,21.2,11.63,0.61,75.85
BHOPAL,03-06-2025 00:00,04-06-2025 00:00,15.12,77.91,21.15,13.48,0.71,62.51
BHOPAL,04-06-2025 00:00,05-06-2025 00:00,17.73,82.97,29.5,11.79,0.62,60.48
BHOPAL,05-06-2025 00:00,06-06-2025 00:00,24.17,101.04,30.68,12.65,0.66,90.7
BHOPAL,06-06-2025 00:00,07-06-2025 00:00,24.1,97.56,23.79,13.3,0.7,115.64
BHOPAL,07-06-2025 00:00,08-06-2025 00:00,57.67,146.81,23.71,11.78,0.62,91.04
BHOPAL,08-06-2025 00:00,09-06-2025 00:00,23.78,104.45,28.04,12.21,0.61,78.8
BHOPAL,09-06-2025 00:00,10-06-2025 00:00,17.5,127.83,33.52,18.57,0.79,105.52
BHOPAL,10-06-2025 00:00,11-06-2025 00:00,26.86,162.91,60.24,15.9,0.75,69.05
BHOPAL,11-06-2025 00:00,12-06-2025 00:00,29.25,135.31,45.63,14.39,0.74,117.17
BHOPAL,12-06-2025 00:00,13-06-2025 00:00,37.67,102.44,52.42,13.28,0.66,146.47
BHOPAL,13-06-2025 00:00,14-06-2025 00:00,37.58,109.0,53.13,11.65,0.6,102.14
BHOPAL,14-06-2025 00:00,15-06-2025 00:00,28.81,73.96,57.8,8.36,0.43,114.29
BHOPAL,15-06-2025 00:00,16-06-2025 00:00,21.43,56.29,20.91,20.76,1.09,78.47
BHOPAL,16-06-2025 00:00,17-06-2025 00:00,11.68,61.84,45.99,9.53,0.48,79.18
BHOPAL,17-06-2025 00:00,18-06-2025 00:00,6.47,46.45,26.78,15.93,0.81,62.25
BHOPAL,18-06-2025 00:00,19-06-2025 00:00,6.76,51.53,25.86,10.45,0.54,64.02
BHOPAL,19-06-2025 00:00,20-06-2025 00:00,10.24,39.29,20.64,16.77,0.86,23.96
BHOPAL,20-06-2025 00:00,21-06-2025 00:00,16.09,64.45,25.06,15.85,0.82,29.24
BHOPAL,21-06-2025 00:00,22-06-2025 00:00,11.83,48.01,22.89,16.15,0.84,35.98
BHOPAL,22-06-2025 00:00,23-06-2025 00:00,12.75,35.61,26.92,15.35,0.81,20.73
BHOPAL,23-06-2025 00:00,24-06-2025 00:00,9.95,30.88,26.4,15.99,0.84,26.86
BHOPAL,24-06-2025 00:00,25-06-2025 00:00,12.24,36.31,25.3,15.94,0.84,36.99
BHOPAL,25-06-2025 00:00,26-06-2025 00:00,11.53,27.66,27.57,13.34,0.7,36.59
BHOPAL,26-06-2025 00:00,27-06-2025 00:00,11.28,33.88,33.5,14.18,0.74,45.9
BHOPAL,27-06-2025 00:00,28-06-2025 00:00,11.63,42.74,29.96,11.04,0.58,47.73
BHOPAL,28-06-2025 00:00,29-06-2025 00:00,13.93,52.66,28.41,10.2,0.53,47.78
BHOPAL,29-06-2025 00:00,30-06-2025 00:00,10.11,32.77,29.81,11.13,0.58,41.54
BHOPAL,30-06-2025 00:00,01-07-2025 00:00,12.48,48.17,31.23,9.5,0.5,38.23
BHOPAL,01-07-2025 00:00,02-07-2025 00:00,11.0,43.92,29.63,14.05,0.74,38.85
BHOPAL,02-07-2025 00:00,03-07-2025 00:00,12.04,36.73,30.61,18.34,0.95,43.59
BHOPAL,03-07-2025 00:00,04-07-2025 00:00,13.57,43.7,29.89,16.63,0.87,45.98
BHOPAL,04-07-2025 00:00,05-07-2025 00:00,11.78,41.89,28.24,13.84,0.73,31.5
BHOPAL,05-07-2025 00:00,06-07-2025 00:00,9.11,30.01,31.93,13.93,0.73,28.53
BHOPAL,06-07-2025 00:00,07-07-2025 00:00,9.76,25.05,26.98,13.89,0.73,40.91
BHOPAL,07-07-2025 00:00,08-07-2025 00:00,11.48,35.07,27.56,13.45,0.71,62.17
BHOPAL,08-07-2025 00:00,09-07-2025 00:00,20.05,63.83,26.95,11.49,0.6,49.73
BHOPAL,09-07-2025 00:00,10-07-2025 00:00,17.32,74.4,28.56,13.34,0.69,54.64
BHOPAL,10-07-2025 00:00,11-07-2025 00:00,21.57,84.85,26.68,14.0,0.73,52.3
BHOPAL,11-07-2025 00:00,12-07-2025 00:00,19.55,69.46,27.15,16.39,0.86,36.82
BHOPAL,12-07-2025 00:00,13-07-2025 00:00,18.65,47.14,30.74,17.29,0.91,19.77
BHOPAL,13-07-2025 00:00,14-07-2025 00:00,16.49,36.97,25.7,13.94,0.73,37.92
BHOPAL,14-07-2025 00:00,15-07-2025 00:00,14.98,35.39,25.95,14.33,0.75,29.82
BHOPAL,15-07-2025 00:00,16-07-2025 00:00,17.41,53.25,25.62,12.28,0.64,37.23
BHOPAL,16-07-2025 00:00,17-07-2025 00:00,22.07,75.01,28.74,14.12,0.74,40.0
BHOPAL,17-07-2025 00:00,18-07-2025 00:00,22.82,63.23,29.86,9.52,0.5,29.63
BHOPAL,18-07-2025 00:00,19-07-2025 00:00,25.92,99.35,27.11,9.8,0.51,30.9
BHOPAL,19-07-2025 00:00,20-07-2025 00:00,22.52,102.67,28.11,13.09,0.68,35.81
BHOPAL,20-07-2025 00:00,21-07-2025 00:00,19.14,75.41,27.22,19.88,1.04,42.08
BHOPAL,21-07-2025 00:00,22-07-2025 00:00,18.31,70.64,32.0,19.38,1.02,41.88
BHOPAL,22-07-2025 00:00,23-07-2025 00:00,15.39,38.0,29.63,25.24,1.32,29.94
BHOPAL,23-07-2025 00:00,24-07-2025 00:00,18.43,41.37,28.42,13.55,0.71,26.81
BHOPAL,24-07-2025 00:00,25-07-2025 00:00,15.85,40.36,24.38,17.08,0.86,15.83
BHOPAL,25-07-2025 00:00,26-07-2025 00:00,22.08,57.48,26.29,15.29,0.8,22.94
BHOPAL,26-07-2025 00:00,27-07-2025 00:00,11.79,24.64,27.43,14.35,0.75,39.76
BHOPAL,27-07-2025 00:00,28-07-2025 00:00,10.19,22.51,23.71,14.22,0.75,29.72
BHOPAL,28-07-2025 00:00,29-07-2025 00:00,9.43,22.14,23.87,15.38,0.8,24.43
BHOPAL,29-07-2025 00:00,30-07-2025 00:00,10.54,23.73,21.22,15.59,0.79,24.15
BHOPAL,30-07-2025 00:00,31-07-2025 00:00,16.09,51.21,25.26,18.8,0.99,21.99
BHOPAL,31-07-2025 00:00,01-08-2025 00:00,20.46,82.22,26.39,17.37,0.91,21.4
BHOPAL,01-08-2025 00:00,02-08-2025 00:00,19.15,85.21,25.48,15.27,0.79,25.8
BHOPAL,02-08-2025 00:00,03-08-2025 00:00,23.3,84.93,26.6,16.5,0.85,29.03
BHOPAL,03-08-2025 00:00,04-08-2025 00:00,20.9,85.62,28.32,21.74,1.14,29.67
BHOPAL,04-08-2025 00:00,05-08-2025 00:00,19.9,79.17,27.16,19.83,1.03,28.18
BHOPAL,05-08-2025 00:00,06-08-2025 00:00,22.61,87.12,29.31,23.12,1.06,31.57
BHOPAL,06-08-2025 00:00,07-08-2025 00:00,22.38,80.17,29.99,21.39,0.65,33.66
BHOPAL,07-08-2025 00:00,08-08-2025 00:00,23.78,78.91,30.04,20.72,0.63,46.19
BHOPAL,08-08-2025 00:00,09-08-2025 00:00,29.32,92.66,31.08,16.17,0.49,48.56
BHOPAL,09-08-2025 00:00,10-08-2025 00:00,25.87,73.52,25.87,13.62,0.42,49.23
BHOPAL,10-08-2025 00:00,11-08-2025 00:00,23.81,57.74,25.82,14.51,0.44,36.77
BHOPAL,11-08-2025 00:00,12-08-2025 00:00,28.44,70.06,27.27,16.03,0.49,36.14
BHOPAL,12-08-2025 00:00,13-08-2025 00:00,25.53,67.9,28.49,15.0,0.46,37.82
BHOPAL,13-08-2025 00:00,14-08-2025 00:00,23.8,55.55,27.17,14.31,0.44,32.97
BHOPAL,14-08-2025 00:00,15-08-2025 00:00,24.24,43.72,28.23,15.91,0.49,32.85
BHOPAL,15-08-2025 00:00,16-08-2025 00:00,28.65,53.78,25.84,13.76,0.42,22.09
BHOPAL,16-08-2025 00:00,17-08-2025 00:00,18.74,35.45,29.66,15.85,0.49,17.17
BHOPAL,17-08-2025 00:00,18-08-2025 00:00,22.75,46.01,28.05,14.32,0.44,18.47
BHOPAL,18-08-2025 00:00,19-08-2025 00:00,20.66,50.95,30.18,19.38,0.59,15.09
BHOPAL,19-08-2025 00:00,20-08-2025 00:00,22.16,43.62,27.42,23.33,0.71,19.94
BHOPAL,20-08-2025 00:00,21-08-2025 00:00,11.62,23.57,22.31,14.55,0.45,16.72
BHOPAL,21-08-2025 00:00,22-08-2025 00:00,6.64,15.6,19.89,18.49,0.57,14.58
BHOPAL,22-08-2025 00:00,23-08-2025 00:00,9.29,21.47,17.61,15.88,0.58,12.11
BHOPAL,23-08-2025 00:00,24-08-2025 00:00,10.04,23.85,12.88,18.11,0.73,12.37
BHOPAL,24-08-2025 00:00,25-08-2025 00:00,10.25,21.95,11.32,16.95,0.68,11.98
BHOPAL,25-08-2025 00:00,26-08-2025 00:00,9.09,20.27,10.5,17.28,0.52,12.95
BHOPAL,26-08-2025 00:00,27-08-2025 00:00,14.45,37.0,14.2,17.67,0.81,11.24
BHOPAL,27-08-2025 00:00,28-08-2025 00:00,16.64,40.69,14.01,16.5,0.68,14.19
BHOPAL,28-08-2025 00:00,29-08-2025 00:00,22.22,43.0,20.34,19.0,1.1,12.26
BHOPAL,29-08-2025 00:00,30-08-2025 00:00,27.86,50.68,15.67,17.2,0.63,13.87
BHOPAL,30-08-2025 00:00,31-08-2025 00:00,25.21,45.48,12.92,15.14,0.34,20.37
BHOPAL,31-08-2025 00:00,01-09-2025 00:00,17.09,30.16,11.74,14.07,0.74,20.7
BHOPAL,01-09-2025 00:00,02-09-2025 00:00,17.05,32.81,13.96,14.61,0.67,20.73
BHOPAL,02-09-2025 00:00,03-09-2025 00:00,19.79,42.44,13.01,16.4,0.61,24.5
BHOPAL,03-09-2025 00:00,04-09-2025 00:00,16.78,30.21,17.41,13.17,0.74,28.26
BHOPAL,04-09-2025 00:00,05-09-2025 00:00,12.86,24.22,12.72,13.44,0.46,29.94
BHOPAL,05-09-2025 00:00,06-09-2025 00:00,11.77,19.28,10.73,11.15,0.54,25.71
BHOPAL,06-09-2025 00:00,07-09-2025 00:00,14.45,23.97,10.81,14.23,0.66,26.05
BHOPAL,07-09-2025 00:00,08-09-2025 00:00,11.8,25.91,10.27,12.99,0.39,29.6
BHOPAL,08-09-2025 00:00,09-09-2025 00:00,17.82,49.38,12.15,12.81,0.61,30.39
BHOPAL,09-09-2025 00:00,10-09-2025 00:00,21.16,57.6,18.73,11.74,0.93,29.36
BHOPAL,10-09-2025 00:00,11-09-2025 00:00,24.5,71.03,17.67,9.79,0.67,31.15
BHOPAL,11-09-2025 00:00,12-09-2025 00:00,29.7,84.1,18.2,11.13,0.9,40.64
BHOPAL,12-09-2025 00:00,13-09-2025 00:00,32.73,88.05,19.88,12.64,0.91,41.18
BHOPAL,13-09-2025 00:00,14-09-2025 00:00,28.7,84.85,21.81,13.07,1.07,34.52
BHOPAL,14-09-2025 00:00,15-09-2025 00:00,78.52,128.97,23.28,18.9,1.52,24.78
BHOPAL,15-09-2025 00:00,16-09-2025 00:00,27.77,62.35,19.15,17.74,0.74,32.16
BHOPAL,16-09-2025 00:00,17-09-2025 00:00,24.84,55.02,16.55,9.34,0.66,37.31
BHOPAL,17-09-2025 00:00,18-09-2025 00:00,19.86,42.53,16.55,11.04,0.81,45.85
BHOPAL,18-09-2025 00:00,19-09-2025 00:00,19.89,32.54,18.33,17.54,0.88,40.45
BHOPAL,19-09-2025 00:00,20-09-2025 00:00,24.13,51.97,20.61,10.65,0.9,33.17
BHOPAL,20-09-2025 00:00,21-09-2025 00:00,23.13,43.63,21.19,7.09,1.03,35.79
BHOPAL,21-09-2025 00:00,22-09-2025 00:00,24.86,56.6,18.3,7.17,0.77,46.67
BHOPAL,22-09-2025 00:00,23-09-2025 00:00,27.26,84.52,21.67,7.2,1.0,47.45
BHOPAL,23-09-2025 00:00,24-09-2025 00:00,29.34,91.95,22.69,7.15,0.96,43.91
BHOPAL,24-09-2025 00:00,25-09-2025 00:00,28.32,89.73,24.44,7.04,1.02,34.89
BHOPAL,25-09-2025 00:00,26-09-2025 00:00,27.39,91.07,23.43,7.16,0.69,43.86
BHOPAL,26-09-2025 00:00,27-09-2025 00:00,29.15,112.61,23.02,7.22,0.78,63.12
BHOPAL,27-09-2025 00:00,28-09-2025 00:00,25.48,71.73,20.63,7.24,0.74,53.18
BHOPAL,28-09-2025 00:00,29-09-2025 00:00,16.55,34.17,18.17,8.06,1.03,26.73
BHOPAL,29-09-2025 00:00,30-09-2025 00:00,18.01,40.93,19.53,8.21,0.8,26.58
BHOPAL,30-09-2025 00:00,01-10-2025 00:00,14.78,36.97,18.93,7.81,0.85,33.51
BHOPAL,01-10-2025 00:00,02-10-2025 00:00,21.62,56.38,20.12,7.7,0.76,40.84
BHOPAL,02-10-2025 00:00,03-10-2025 00:00,30.17,75.82,25.72,7.72,1.14,32.74
BHOPAL,03-10-2025 00:00,04-10-2025 00:00,28.48,67.01,24.87,7.63,1.05,34.96
BHOPAL,04-10-2025 00:00,05-10-2025 00:00,26.13,52.99,20.21,9.63,0.78,44.01
BHOPAL,05-10-2025 00:00,06-10-2025 00:00,20.44,42.16,17.11,13.24,0.76,48.25
BHOPAL,06-10-2025 00:00,07-10-2025 00:00,18.65,45.14,17.89,11.2,0.62,38.22
BHOPAL,07-10-2025 00:00,08-10-2025 00:00,22.27,54.89,17.71,8.7,0.65,45.6
BHOPAL,08-10-2025 00:00,09-10-2025 00:00,45.7,206.05,22.28,9.17,0.91,57.68
BHOPAL,09-10-2025 00:00,10-10-2025 00:00,45.68,208.73,32.73,8.41,0.72,54.2
BHOPAL,10-10-2025 00:00,11-10-2025 00:00,45.86,190.62,30.8,8.28,0.83,58.41
BHOPAL,11-10-2025 00:00,12-10-2025 00:00,41.31,145.2,34.76,8.39,0.95,64.46
BHOPAL,12-10-2025 00:00,13-10-2025 00:00,39.28,138.89,38.17,7.77,0.88,63.05
BHOPAL,13-10-2025 00:00,14-10-2025 00:00,38.7,125.3,37.43,9.13,1.37,59.22
BHOPAL,14-10-2025 00:00,15-10-2025 00:00,46.3,125.04,37.31,8.3,0.65,66.38
BHOPAL,15-10-2025 00:00,16-10-2025 00:00,64.75,141.23,32.85,8.6,1.24,57.46
BHOPAL,16-10-2025 00:00,17-10-2025 00:00,95.99,169.34,32.79,8.26,0.84,53.5
BHOPAL,17-10-2025 00:00,18-10-2025 00:00,89.62,162.49,28.35,8.18,1.05,56.67
BHOPAL,18-10-2025 00:00,19-10-2025 00:00,76.49,162.79,25.41,8.56,1.07,67.45
BHOPAL,19-10-2025 00:00,20-10-2025 00:00,74.21,171.35,31.14,8.56,1.36,69.22
BHOPAL,20-10-2025 00:00,21-10-2025 00:00,63.76,170.66,28.73,8.27,0.91,86.31
BHOPAL,21-10-2025 00:00,22-10-2025 00:00,139.6,231.64,27.86,10.0,0.87,80.59
BHOPAL,22-10-2025 00:00,23-10-2025 00:00,71.49,130.07,25.47,8.46,1.3,63.53
BHOPAL,23-10-2025 00:00,24-10-2025 00:00,56.06,135.15,26.8,8.04,0.99,58.88
BHOPAL,24-10-2025 00:00,25-10-2025 00:00,63.68,132.2,24.02,7.89,1.12,72.58
BHOPAL,25-10-2025 00:00,26-10-2025 00:00,72.41,124.78,23.54,8.12,1.02,63.52
BHOPAL,26-10-2025 00:00,27-10-2025 00:00,31.66,49.14,22.08,8.35,1.0,32.92
BHOPAL,27-10-2025 00:00,28-10-2025 00:00,22.09,52.04,21.15,7.97,0.86,34.48
BHOPAL,28-10-2025 00:00,29-10-2025 00:00,73.72,125.23,20.68,5.54,1.17,49.42
BHOPAL,29-10-2025 00:00,30-10-2025 00:00,54.81,96.43,18.96,3.52,0.82,52.49
BHOPAL,30-10-2025 00:00,31-10-2025 00:00,28.78,59.31,19.11,4.28,0.6,30.7
BHOPAL,31-10-2025 00:00,01-11-2025 00:00,17.83,46.1,20.57,6.26,0.92,30.62
BHOPAL,01-11-2025 00:00,02-11-2025 00:00,37.01,78.51,23.36,6.63,1.14,32.54
BHOPAL,02-11-2025 00:00,03-11-2025 00:00,51.04,100.19,28.36,5.64,1.14,40.55
BHOPAL,03-11-2025 00:00,04-11-2025 00:00,61.59,139.38,33.29,6.48,1.47,78.0
BHOPAL,04-11-2025 00:00,05-11-2025 00:00,36.35,85.57,24.47,6.6,0.93,61.13
BHOPAL,05-11-2025 00:00,06-11-2025 00:00,32.8,103.61,23.68,5.2,1.02,71.05
BHOPAL,06-11-2025 00:00,07-11-2025 00:00,38.74,134.18,28.91,4.39,0.91,99.78
BHOPAL,07-11-2025 00:00,08-11-2025 00:00,59.31,144.08,34.49,6.12,1.13,112.55
BHOPAL,08-11-2025 00:00,09-11-2025 00:00,52.75,136.49,36.17,7.83,1.21,102.34
BHOPAL,09-11-2025 00:00,10-11-2025 00:00,67.9,172.35,48.68,10.03,1.59,85.81
BHOPAL,10-11-2025 00:00,11-11-2025 00:00,70.95,196.45,53.6,8.15,1.56,71.07
BHOPAL,11-11-2025 00:00,12-11-2025 00:00,101.9,236.48,62.61,7.62,1.8,62.99
BHOPAL,12-11-2025 00:00,13-11-2025 00:00,91.18,224.78,60.77,7.76,1.67,77.53
BHOPAL,13-11-2025 00:00,14-11-2025 00:00,121.67,239.48,62.08,7.89,1.81,66.52
BHOPAL,14-11-2025 00:00,15-11-2025 00:00,127.08,260.93,60.82,7.32,2.01,62.85
BHOPAL,15-11-2025 00:00,16-11-2025 00:00,101.12,180.06,49.98,7.98,1.22,81.64
BHOPAL,16-11-2025 00:00,17-11-2025 00:00,128.96,224.99,48.92,8.04,1.82,82.45
BHOPAL,17-11-2025 00:00,18-11-2025 00:00,129.05,236.24,52.13,8.33,1.91,94.21
BHOPAL,18-11-2025 00:00,19-11-2025 00:00,121.44,231.93,56.3,7.88,2.06,78.22
BHOPAL,19-11-2025 00:00,20-11-2025 00:00,159.76,275.21,66.05,9.24,2.25,59.69
BHOPAL,20-11-2025 00:00,21-11-2025 00:00,168.07,271.64,66.97,7.93,1.92,57.07
BHOPAL,21-11-2025 00:00,22-11-2025 00:00,137.28,239.65,57.62,8.62,1.84,91.41
BHOPAL,22-11-2025 00:00,23-11-2025 00:00,175.92,286.9,69.17,7.89,1.85,63.81
BHOPAL,23-11-2025 00:00,24-11-2025 00:00,175.19,276.13,60.83,8.1,1.64,69.41
BHOPAL,24-11-2025 00:00,25-11-2025 00:00,155.16,243.59,47.73,7.52,1.15,90.53
BHOPAL,25-11-2025 00:00,26-11-2025 00:00,113.03,183.95,34.23,6.9,1.32,103.17
BHOPAL,26-11-2025 00:00,27-11-2025 00:00,115.93,181.53,37.22,6.43,1.32,139.53
BHOPAL,27-11-2025 00:00,28-11-2025 00:00,,,36.08,8.57,1.29,139.79
BHOPAL,28-11-2025 00:00,29-11-2025 00:00,,,39.22,9.02,0.9,131.71
BHOPAL,29-11-2025 00:00,30-11-2025 00:00,,,44.14,11.67,1.23,139.0
BHOPAL,30-11-2025 00:00,01-12-2025 00:00,78.5,173.33,41.27,9.28,1.29,120.77
BHOPAL,01-12-2025 00:00,02-12-2025 00:00,99.48,209.13,53.06,7.55,1.33,77.14
BHOPAL,02-12-2025 00:00,03-12-2025 00:00,94.01,183.15,48.66,6.88,1.08,101.04
BHOPAL,03-12-2025 00:00,04-12-2025 00:00,88.92,180.5,48.41,7.42,1.38,88.64
BHOPAL,04-12-2025 00:00,05-12-2025 00:00,79.58,160.75,38.29,8.72,1.1,110.47
BHOPAL,05-12-2025 00:00,06-12-2025 00:00,86.08,174.24,44.98,9.04,1.05,111.44
BHOPAL,06-12-2025 00:00,07-12-2025 00:00,75.9,168.73,46.63,10.06,1.2,118.13
BHOPAL,07-12-2025 00:00,08-12-2025 00:00,103.22,227.77,63.29,14.17,1.75,82.89
BHOPAL,08-12-2025 00:00,09-12-2025 00:00,74.71,194.58,67.67,11.27,1.53,70.1
BHOPAL,09-12-2025 00:00,10-12-2025 00:00,52.62,154.58,62.15,12.54,1.59,57.92
BHOPAL,10-12-2025 00:00,11-12-2025 00:00,48.25,140.51,62.15,10.34,1.21,71.4
BHOPAL,11-12-2025 00:00,12-12-2025 00:00,43.47,123.85,49.22,17.68,0.96,113.9
BHOPAL,12-12-2025 00:00,13-12-2025 00:00,52.2,155.44,53.21,11.68,1.42,116.88
BHOPAL,13-12-2025 00:00,14-12-2025 00:00,54.43,153.31,61.47,9.69,1.24,80.42
BHOPAL,14-12-2025 00:00,15-12-2025 00:00,64.61,160.51,54.35,13.19,1.15,99.99
BHOPAL,15-12-2025 00:00,16-12-2025 00:00,111.75,212.17,46.73,9.98,1.44,123.22
BHOPAL,16-12-2025 00:00,17-12-2025 00:00,82.44,176.84,58.89,11.47,1.62,105.2
BHOPAL,17-12-2025 00:00,18-12-2025 00:00,66.8,169.29,75.65,9.04,1.35,94.98
BHOPAL,18-12-2025 00:00,19-12-2025 00:00,47.99,133.43,71.18,11.44,0.76,85.21
BHOPAL,19-12-2025 00:00,20-12-2025 00:00,37.89,115.53,57.02,10.79,1.11,99.2
BHOPAL,20-12-2025 00:00,21-12-2025 00:00,57.31,155.55,66.42,18.11,1.4,70.63
BHOPAL,21-12-2025 00:00,22-12-2025 00:00,43.62,118.52,63.69,15.25,0.98,82.4
BHOPAL,22-12-2025 00:00,23-12-2025 00:00,62.24,149.14,66.38,12.46,1.6,65.53
BHOPAL,23-12-2025 00:00,24-12-2025 00:00,65.46,112.04,67.01,11.45,1.43,55.03
BHOPAL,24-12-2025 00:00,25-12-2025 00:00,53.74,143.98,69.56,11.01,1.34,63.73
BHOPAL,25-12-2025 00:00,26-12-2025 00:00,57.62,149.85,64.63,12.61,1.14,84.39
BHOPAL,26-12-2025 00:00,27-12-2025 00:00,56.48,132.35,60.44,14.71,0.96,94.05
BHOPAL,27-12-2025 00:00,28-12-2025 00:00,56.05,146.26,66.67,17.13,1.33,87.89
BHOPAL,28-12-2025 00:00,29-12-2025 00:00,58.67,141.27,65.87,18.2,0.99,103.37
BHOPAL,29-12-2025 00:00,30-12-2025 00:00,61.3,138.75,62.57,17.54,1.21,115.56
BHOPAL,30-12-2025 00:00,31-12-2025 00:00,73.66,156.37,84.15,18.84,1.47,91.49
BHOPAL,31-12-2025 00:00,01-01-2026 00:00,79.46,174.05,86.65,23.17,1.4,107.49
BHOPAL,01-01-2026 00:00,02-01-2026 00:00,81.46,170.88,88.54,19.16,1.56,120.49
BHOPAL,02-01-2026 00:00,03-01-2026 00:00,92.35,172.39,70.0,13.56,0.96,102.44
BHOPAL,03-01-2026 00:00,04-01-2026 00:00,99.32,184.62,67.89,11.07,1.6,72.4
BHOPAL,04-01-2026 00:00,05-01-2026 00:00,87.03,164.3,69.12,10.85,1.56,65.33
BHOPAL,05-01-2026 00:00,06-01-2026 00:00,70.47,142.99,69.45,11.31,1.2,60.38
BHOPAL,06-01-2026 00:00,07-01-2026 00:00,64.54,139.32,70.09,10.46,1.05,85.45
BHOPAL,07-01-2026 00:00,08-01-2026 00:00,60.42,140.66,74.33,11.6,1.18,82.01
BHOPAL,08-01-2026 00:00,09-01-2026 00:00,66.22,142.83,65.39,12.06,1.25,94.44
BHOPAL,09-01-2026 00:00,10-01-2026 00:00,61.66,153.1,71.87,16.7,1.15,97.72
BHOPAL,10-01-2026 00:00,11-01-2026 00:00,69.04,168.22,83.46,24.15,1.16,109.13
BHOPAL,11-01-2026 00:00,12-01-2026 00:00,54.78,133.93,80.53,17.82,1.17,120.97
BHOPAL,12-01-2026 00:00,13-01-2026 00:00,65.51,147.16,71.02,13.16,1.16,104.78
BHOPAL,13-01-2026 00:00,14-01-2026 00:00,59.06,133.55,69.76,15.39,0.99,140.05
BHOPAL,14-01-2026 00:00,15-01-2026 00:00,60.05,137.52,68.64,17.21,1.3,148.36
BHOPAL,15-01-2026 00:00,16-01-2026 00:00,63.46,142.22,70.96,14.1,1.07,131.12
BHOPAL,16-01-2026 00:00,17-01-2026 00:00,59.28,139.81,63.82,15.65,1.16,116.88
BHOPAL,17-01-2026 00:00,18-01-2026 00:00,54.43,134.65,43.43,16.81,1.19,80.75
BHOPAL,18-01-2026 00:00,19-01-2026 00:00,55.67,135.59,30.71,30.83,0.92,87.59
BHOPAL,19-01-2026 00:00,20-01-2026 00:00,35.57,102.93,25.97,13.82,0.9,75.34
BHOPAL,20-01-2026 00:00,21-01-2026 00:00,49.33,136.95,35.95,15.22,1.08,71.52
BHOPAL,21-01-2026 00:00,22-01-2026 00:00,55.24,131.76,36.81,13.44,1.11,79.59
BHOPAL,22-01-2026 00:00,23-01-2026 00:00,46.49,128.46,38.48,16.78,1.04,80.44
BHOPAL,23-01-2026 00:00,24-01-2026 00:00,62.53,164.66,33.16,25.65,1.12,84.58
BHOPAL,24-01-2026 00:00,25-01-2026 00:00,59.03,139.75,26.27,13.21,1.03,61.37
BHOPAL,25-01-2026 00:00,26-01-2026 00:00,99.77,209.8,25.59,10.7,1.18,50.38
BHOPAL,26-01-2026 00:00,27-01-2026 00:00,72.51,159.68,30.25,14.86,1.17,71.67
BHOPAL,27-01-2026 00:00,28-01-2026 00:00,75.02,169.89,26.51,25.38,1.08,93.67
BHOPAL,28-01-2026 00:00,29-01-2026 00:00,53.59,114.56,25.27,11.44,1.07,65.52
BHOPAL,29-01-2026 00:00,30-01-2026 00:00,56.6,111.81,28.95,9.7,0.95,68.1
BHOPAL,30-01-2026 00:00,31-01-2026 00:00,55.28,114.83,28.41,11.52,1.02,66.43
BHOPAL,31-01-2026 00:00,01-02-2026 00:00,43.06,106.89,29.48,14.17,1.03,51.57
BHOPAL,01-02-2026 00:00,02-02-2026 00:00,40.09,102.46,29.15,14.67,1.17,57.38
BHOPAL,02-02-2026 00:00,03-02-2026 00:00,49.01,120.8,30.53,12.95,1.18,56.8
BHOPAL,03-02-2026 00:00,04-02-2026 00:00,48.57,110.86,22.47,10.7,1.1,51.05
BHOPAL,04-02-2026 00:00,05-02-2026 00:00,42.31,93.01,18.94,10.5,0.95,53.53
BHOPAL,05-02-2026 00:00,06-02-2026 00:00,43.71,102.18,23.52,11.64,1.19,63.89
BHOPAL,06-02-2026 00:00,07-02-2026 00:00,43.85,111.6,31.75,12.93,1.07,71.97
BHOPAL,07-02-2026 00:00,08-02-2026 00:00,57.89,145.09,35.13,18.55,1.28,73.03
BHOPAL,08-02-2026 00:00,09-02-2026 00:00,44.94,114.77,37.14,15.18,1.04,80.17
BHOPAL,09-02-2026 00:00,10-02-2026 00:00,38.23,107.62,31.74,16.2,0.99,87.34
BHOPAL,10-02-2026 00:00,11-02-2026 00:00,50.9,134.89,36.33,18.76,1.28,90.35
BHOPAL,11-02-2026 00:00,12-02-2026 00:00,58.81,154.88,36.34,20.56,1.22,88.32
BHOPAL,12-02-2026 00:00,13-02-2026 00:00,41.56,113.03,25.62,16.95,1.0,93.92
BHOPAL,13-02-2026 00:00,14-02-2026 00:00,49.99,132.07,28.03,15.23,1.13,95.85
BHOPAL,14-02-2026 00:00,15-02-2026 00:00,51.12,141.8,30.31,14.64,1.41,90.65
BHOPAL,15-02-2026 00:00,16-02-2026 00:00,46.82,136.36,35.3,12.95,1.23,74.22
BHOPAL,16-02-2026 00:00,17-02-2026 00:00,28.7,91.75,31.41,13.58,0.92,80.48
BHOPAL,17-02-2026 00:00,17-02-2026 00:00,24.0,63.0,33.2,13.4,0.89,56.1
CHENNAI,01-01-2025 00:00,02-01-2025 00:00,75.2,135.67,16.36,9.95,1.13,14.16
CHENNAI,02-01-2025 00:00,03-01-2025 00:00,73.44,132.79,16.74,6.2,0.79,14.38
CHENNAI,03-01-2025 00:00,04-01-2025 00:00,79.0,141.53,21.07,5.79,1.03,13.87
CHENNAI,04-01-2025 00:00,05-01-2025 00:00,107.46,188.41,18.58,5.89,1.21,14.26
CHENNAI,05-01-2025 00:00,06-01-2025 00:00,93.33,165.33,29.95,5.8,1.1,14.15
CHENNAI,06-01-2025 00:00,07-01-2025 00:00,89.57,159.19,24.77,6.12,0.9,14.36
CHENNAI,07-01-2025 00:00,08-01-2025 00:00,84.19,150.41,,5.48,1.22,14.18
CHENNAI,08-01-2025 00:00,09-01-2025 00:00,64.73,152.39,18.83,4.88,0.43,13.68
CHENNAI,09-01-2025 00:00,10-01-2025 00:00,42.6,147.25,24.01,5.62,0.67,14.8
CHENNAI,10-01-2025 00:00,11-01-2025 00:00,43.38,143.76,26.08,5.66,1.53,15.76
CHENNAI,11-01-2025 00:00,12-01-2025 00:00,,,,,,
CHENNAI,12-01-2025 00:00,13-01-2025 00:00,,,,,,
CHENNAI,13-01-2025 00:00,14-01-2025 00:00,,,,,,
CHENNAI,14-01-2025 00:00,15-01-2025 00:00,,,,,,
CHENNAI,15-01-2025 00:00,16-01-2025 00:00,,,,,,
CHENNAI,16-01-2025 00:00,17-01-2025 00:00,,,,,,
CHENNAI,17-01-2025 00:00,18-01-2025 00:00,,,,,,
CHENNAI,18-01-2025 00:00,19-01-2025 00:00,,,,,,
CHENNAI,19-01-2025 00:00,20-01-2025 00:00,,,,,,
CHENNAI,20-01-2025 00:00,21-01-2025 00:00,,,,,,
CHENNAI,21-01-2025 00:00,22-01-2025 00:00,,,,,,
CHENNAI,22-01-2025 00:00,23-01-2025 00:00,,,,,,
CHENNAI,23-01-2025 00:00,24-01-2025 00:00,,,,,,
CHENNAI,24-01-2025 00:00,25-01-2025 00:00,,,,,,
CHENNAI,25-01-2025 00:00,26-01-2025 00:00,,,,,,
CHENNAI,26-01-2025 00:00,27-01-2025 00:00,,,,,,
CHENNAI,27-01-2025 00:00,28-01-2025 00:00,,,,,,
CHENNAI,28-01-2025 00:00,29-01-2025 00:00,,,,,,
CHENNAI,29-01-2025 00:00,30-01-2025 00:00,,,,,,
CHENNAI,30-01-2025 00:00,31-01-2025 00:00,,,,,,
CHENNAI,31-01-2025 00:00,01-02-2025 00:00,15.1,73.14,48.05,21.07,2.0,14.74
CHENNAI,01-02-2025 00:00,02-02-2025 00:00,12.04,84.39,49.76,49.52,2.01,14.28
CHENNAI,02-02-2025 00:00,03-02-2025 00:00,14.97,105.25,45.05,14.41,2.02,16.39
CHENNAI,03-02-2025 00:00,04-02-2025 00:00,14.69,111.03,27.55,15.27,2.02,15.01
CHENNAI,04-02-2025 00:00,05-02-2025 00:00,17.47,128.98,24.27,16.39,2.03,16.09
CHENNAI,05-02-2025 00:00,06-02-2025 00:00,31.47,178.95,27.05,27.3,2.02,18.51
CHENNAI,06-02-2025 00:00,07-02-2025 00:00,33.94,252.21,,21.21,2.02,17.45
CHENNAI,07-02-2025 00:00,08-02-2025 00:00,31.02,207.79,8.6,20.92,2.02,15.52
CHENNAI,08-02-2025 00:00,09-02-2025 00:00,27.39,212.88,8.6,16.82,2.02,14.94
CHENNAI,09-02-2025 00:00,10-02-2025 00:00,26.31,170.66,8.58,14.83,2.01,16.61
CHENNAI,10-02-2025 00:00,11-02-2025 00:00,27.32,181.24,8.59,11.01,2.02,23.2
CHENNAI,11-02-2025 00:00,12-02-2025 00:00,21.94,163.73,8.57,11.17,2.01,21.24
CHENNAI,12-02-2025 00:00,13-02-2025 00:00,18.08,167.66,10.06,19.44,2.01,16.12
CHENNAI,13-02-2025 00:00,14-02-2025 00:00,14.78,152.32,12.59,14.28,2.02,19.34
CHENNAI,14-02-2025 00:00,15-02-2025 00:00,10.62,124.1,12.6,12.79,2.02,15.79
CHENNAI,15-02-2025 00:00,16-02-2025 00:00,21.19,103.87,13.77,11.27,2.02,15.89
CHENNAI,16-02-2025 00:00,17-02-2025 00:00,37.21,63.36,,15.58,2.03,18.07
CHENNAI,17-02-2025 00:00,18-02-2025 00:00,45.62,75.37,11.65,11.23,2.0,15.64
CHENNAI,18-02-2025 00:00,19-02-2025 00:00,51.61,88.24,15.7,12.01,2.02,15.52
CHENNAI,19-02-2025 00:00,20-02-2025 00:00,45.63,84.24,25.76,13.29,1.94,21.5
CHENNAI,20-02-2025 00:00,21-02-2025 00:00,,,,,,
CHENNAI,21-02-2025 00:00,22-02-2025 00:00,,,,,,
CHENNAI,22-02-2025 00:00,23-02-2025 00:00,,,,,,
CHENNAI,23-02-2025 00:00,24-02-2025 00:00,,,,,,
CHENNAI,24-02-2025 00:00,25-02-2025 00:00,,,,,,
CHENNAI,25-02-2025 00:00,26-02-2025 00:00,,,,,,
CHENNAI,26-02-2025 00:00,27-02-2025 00:00,,,,,,
CHENNAI,27-02-2025 00:00,28-02-2025 00:00,26.51,60.74,28.18,13.52,1.24,43.89
CHENNAI,28-02-2025 00:00,01-03-2025 00:00,28.12,59.94,29.5,16.58,1.43,45.02
CHENNAI,01-03-2025 00:00,02-03-2025 00:00,19.79,46.35,24.58,12.27,1.57,42.62
CHENNAI,02-03-2025 00:00,03-03-2025 00:00,22.99,44.26,23.56,14.16,1.3,22.81
CHENNAI,03-03-2025 00:00,04-03-2025 00:00,20.34,52.83,24.68,13.65,1.05,23.18
CHENNAI,04-03-2025 00:00,05-03-2025 00:00,13.59,66.16,21.92,9.51,1.94,22.54
CHENNAI,05-03-2025 00:00,06-03-2025 00:00,15.57,61.53,24.71,11.42,1.61,23.11
CHENNAI,06-03-2025 00:00,07-03-2025 00:00,30.52,87.3,25.78,11.29,1.74,24.87
CHENNAI,07-03-2025 00:00,08-03-2025 00:00,41.23,149.32,26.69,16.54,1.26,25.31
CHENNAI,08-03-2025 00:00,09-03-2025 00:00,30.56,95.47,23.59,12.65,1.54,25.28
CHENNAI,09-03-2025 00:00,10-03-2025 00:00,22.41,82.8,27.16,12.43,1.68,23.18
CHENNAI,10-03-2025 00:00,11-03-2025 00:00,23.95,63.42,26.32,15.64,1.34,22.98
CHENNAI,11-03-2025 00:00,12-03-2025 00:00,18.25,51.64,88.39,13.85,1.39,22.95
CHENNAI,12-03-2025 00:00,13-03-2025 00:00,14.1,46.77,108.3,13.05,1.8,22.17
CHENNAI,13-03-2025 00:00,14-03-2025 00:00,13.13,46.41,21.09,12.18,1.54,22.73
CHENNAI,14-03-2025 00:00,15-03-2025 00:00,13.92,47.23,12.57,12.43,1.67,22.5
CHENNAI,15-03-2025 00:00,16-03-2025 00:00,13.15,50.94,13.61,12.17,0.22,21.92
CHENNAI,16-03-2025 00:00,17-03-2025 00:00,12.6,54.28,10.95,10.63,1.51,22.34
CHENNAI,17-03-2025 00:00,18-03-2025 00:00,11.43,42.97,9.94,12.21,1.2,21.72
CHENNAI,18-03-2025 00:00,19-03-2025 00:00,12.3,44.58,9.6,11.97,0.41,22.03
CHENNAI,19-03-2025 00:00,20-03-2025 00:00,18.51,50.8,9.07,11.23,0.66,22.16
CHENNAI,20-03-2025 00:00,21-03-2025 00:00,18.28,54.41,7.77,11.73,1.47,22.04
CHENNAI,21-03-2025 00:00,22-03-2025 00:00,19.78,51.13,8.12,12.5,1.58,21.98
CHENNAI,22-03-2025 00:00,23-03-2025 00:00,15.94,54.3,8.53,11.65,1.51,22.55
CHENNAI,23-03-2025 00:00,24-03-2025 00:00,17.41,49.01,7.5,8.94,1.85,22.1
CHENNAI,24-03-2025 00:00,25-03-2025 00:00,20.47,63.34,6.63,21.59,1.44,22.31
CHENNAI,25-03-2025 00:00,26-03-2025 00:00,28.17,67.1,6.2,14.73,1.6,22.98
CHENNAI,26-03-2025 00:00,27-03-2025 00:00,32.71,75.95,6.58,11.11,1.05,23.19
CHENNAI,27-03-2025 00:00,28-03-2025 00:00,25.82,76.99,6.83,13.62,1.72,23.42
CHENNAI,28-03-2025 00:00,29-03-2025 00:00,31.92,93.26,9.01,11.7,2.0,22.5
CHENNAI,29-03-2025 00:00,30-03-2025 00:00,34.95,82.42,7.96,12.49,1.69,24.42
CHENNAI,30-03-2025 00:00,31-03-2025 00:00,24.8,70.49,7.13,12.16,1.48,22.88
CHENNAI,31-03-2025 00:00,01-04-2025 00:00,30.26,84.64,6.26,12.86,1.32,23.2
CHENNAI,01-04-2025 00:00,02-04-2025 00:00,32.74,92.11,5.91,13.26,1.39,22.64
CHENNAI,02-04-2025 00:00,03-04-2025 00:00,25.99,77.16,7.53,12.87,1.53,21.93
CHENNAI,03-04-2025 00:00,04-04-2025 00:00,15.55,44.83,13.62,15.19,1.21,21.34
CHENNAI,04-04-2025 00:00,05-04-2025 00:00,16.63,50.62,12.6,24.85,0.22,21.94
CHENNAI,05-04-2025 00:00,06-04-2025 00:00,14.45,49.53,12.56,9.0,0.22,22.07
CHENNAI,06-04-2025 00:00,07-04-2025 00:00,12.69,51.26,11.78,11.05,2.18,22.36
CHENNAI,07-04-2025 00:00,08-04-2025 00:00,14.75,46.88,12.89,12.64,1.79,22.51
CHENNAI,08-04-2025 00:00,09-04-2025 00:00,18.32,49.98,11.98,13.11,1.5,21.74
CHENNAI,09-04-2025 00:00,10-04-2025 00:00,11.39,49.29,11.5,17.67,0.22,21.54
CHENNAI,10-04-2025 00:00,11-04-2025 00:00,21.71,61.47,13.75,9.92,1.71,24.27
CHENNAI,11-04-2025 00:00,12-04-2025 00:00,23.1,51.47,13.68,11.33,1.84,23.24
CHENNAI,12-04-2025 00:00,13-04-2025 00:00,31.62,64.71,14.5,12.2,1.77,23.62
CHENNAI,13-04-2025 00:00,14-04-2025 00:00,27.52,63.58,13.15,13.04,1.76,22.23
CHENNAI,14-04-2025 00:00,15-04-2025 00:00,22.61,66.79,11.81,11.84,1.79,22.11
CHENNAI,15-04-2025 00:00,16-04-2025 00:00,17.97,52.86,12.67,12.09,1.03,21.81
CHENNAI,16-04-2025 00:00,17-04-2025 00:00,24.01,45.34,11.52,12.25,0.79,22.66
CHENNAI,17-04-2025 00:00,18-04-2025 00:00,30.01,44.65,10.26,10.1,4.74,22.43
CHENNAI,18-04-2025 00:00,19-04-2025 00:00,29.45,45.04,12.36,11.16,2.03,22.44
CHENNAI,19-04-2025 00:00,20-04-2025 00:00,42.35,32.68,12.09,12.14,2.01,22.49
CHENNAI,20-04-2025 00:00,21-04-2025 00:00,,31.35,11.97,10.04,1.45,22.1
CHENNAI,21-04-2025 00:00,22-04-2025 00:00,35.02,56.86,14.78,7.64,1.98,22.99
CHENNAI,22-04-2025 00:00,23-04-2025 00:00,37.84,51.67,14.24,9.12,1.75,21.5
CHENNAI,23-04-2025 00:00,24-04-2025 00:00,31.46,54.5,14.81,10.06,0.76,23.39
CHENNAI,24-04-2025 00:00,25-04-2025 00:00,32.24,52.44,14.62,11.53,0.62,22.49
CHENNAI,25-04-2025 00:00,26-04-2025 00:00,33.9,40.76,13.12,11.52,0.66,23.82
CHENNAI,26-04-2025 00:00,27-04-2025 00:00,33.97,53.7,14.23,11.72,0.6,21.29
CHENNAI,27-04-2025 00:00,28-04-2025 00:00,20.65,41.36,13.06,11.48,0.77,21.31
CHENNAI,28-04-2025 00:00,29-04-2025 00:00,16.45,44.96,12.94,11.77,0.93,21.76
CHENNAI,29-04-2025 00:00,30-04-2025 00:00,21.44,43.07,13.03,12.11,0.56,21.86
CHENNAI,30-04-2025 00:00,01-05-2025 00:00,27.11,49.7,14.25,12.03,0.62,22.84
CHENNAI,01-05-2025 00:00,02-05-2025 00:00,29.05,51.66,12.91,10.77,0.63,22.38
CHENNAI,02-05-2025 00:00,03-05-2025 00:00,28.57,50.3,13.5,11.26,0.61,22.16
CHENNAI,03-05-2025 00:00,04-05-2025 00:00,34.46,58.17,14.6,11.83,0.6,23.57
CHENNAI,04-05-2025 00:00,05-05-2025 00:00,31.63,55.87,14.25,12.28,0.54,23.17
CHENNAI,05-05-2025 00:00,06-05-2025 00:00,31.73,50.81,14.41,11.34,0.74,23.57
CHENNAI,06-05-2025 00:00,07-05-2025 00:00,32.94,54.88,14.55,20.81,0.76,22.94
CHENNAI,07-05-2025 00:00,08-05-2025 00:00,33.02,49.07,14.41,9.76,0.73,24.49
CHENNAI,08-05-2025 00:00,09-05-2025 00:00,44.78,65.85,14.58,12.87,0.69,24.25
CHENNAI,09-05-2025 00:00,10-05-2025 00:00,49.11,71.76,14.99,11.98,0.59,25.17
CHENNAI,10-05-2025 00:00,11-05-2025 00:00,45.76,67.46,14.4,11.81,0.52,22.85
CHENNAI,11-05-2025 00:00,12-05-2025 00:00,45.79,67.09,14.43,10.03,0.64,22.16
CHENNAI,12-05-2025 00:00,13-05-2025 00:00,51.65,67.64,15.52,9.63,0.84,24.79
CHENNAI,13-05-2025 00:00,14-05-2025 00:00,50.12,77.37,16.26,10.69,0.92,26.4
CHENNAI,14-05-2025 00:00,15-05-2025 00:00,50.13,77.94,15.16,10.98,0.63,24.9
CHENNAI,15-05-2025 00:00,16-05-2025 00:00,,,,,,
CHENNAI,16-05-2025 00:00,17-05-2025 00:00,,,,,,
CHENNAI,17-05-2025 00:00,18-05-2025 00:00,46.82,64.6,14.68,9.63,0.72,22.56
CHENNAI,18-05-2025 00:00,19-05-2025 00:00,43.86,55.42,17.8,17.2,0.3,23.02
CHENNAI,19-05-2025 00:00,20-05-2025 00:00,24.33,36.68,21.46,9.82,0.25,
CHENNAI,20-05-2025 00:00,21-05-2025 00:00,,,,,,
CHENNAI,21-05-2025 00:00,22-05-2025 00:00,,,,,,
CHENNAI,22-05-2025 00:00,23-05-2025 00:00,36.52,52.36,12.3,13.54,0.52,55.56
CHENNAI,23-05-2025 00:00,24-05-2025 00:00,36.59,52.4,12.31,13.58,0.52,55.62
CHENNAI,24-05-2025 00:00,25-05-2025 00:00,36.62,52.41,12.3,13.57,0.52,55.64
CHENNAI,25-05-2025 00:00,26-05-2025 00:00,36.54,52.36,12.32,13.57,0.52,55.55
CHENNAI,26-05-2025 00:00,27-05-2025 00:00,36.46,52.32,12.3,13.57,0.52,55.45
CHENNAI,27-05-2025 00:00,28-05-2025 00:00,36.52,52.35,12.3,13.58,0.52,55.52
CHENNAI,28-05-2025 00:00,29-05-2025 00:00,36.66,52.43,12.3,13.58,0.52,55.69
CHENNAI,29-05-2025 00:00,30-05-2025 00:00,36.53,52.36,12.3,13.6,0.52,55.54
CHENNAI,30-05-2025 00:00,31-05-2025 00:00,36.53,52.36,12.3,13.58,0.52,55.54
CHENNAI,31-05-2025 00:00,01-06-2025 00:00,36.61,52.41,12.29,13.54,0.52,55.63
CHENNAI,01-06-2025 00:00,02-06-2025 00:00,36.61,52.41,12.28,13.58,0.52,55.64
CHENNAI,02-06-2025 00:00,03-06-2025 00:00,36.57,52.38,12.27,13.56,0.52,55.58
CHENNAI,03-06-2025 00:00,04-06-2025 00:00,31.64,64.67,13.86,11.44,0.61,43.87
CHENNAI,04-06-2025 00:00,05-06-2025 00:00,12.03,54.09,16.46,11.01,0.41,23.59
CHENNAI,05-06-2025 00:00,06-06-2025 00:00,17.73,72.43,16.7,12.97,0.56,22.61
CHENNAI,06-06-2025 00:00,07-06-2025 00:00,20.81,127.86,17.53,10.54,0.56,25.06
CHENNAI,07-06-2025 00:00,08-06-2025 00:00,18.82,90.86,17.33,13.13,0.5,24.03
CHENNAI,08-06-2025 00:00,09-06-2025 00:00,16.99,,17.32,11.6,0.74,85.22
CHENNAI,09-06-2025 00:00,10-06-2025 00:00,14.25,89.09,16.69,12.75,0.63,27.44
CHENNAI,10-06-2025 00:00,11-06-2025 00:00,13.33,31.73,17.24,14.01,0.66,27.59
CHENNAI,11-06-2025 00:00,12-06-2025 00:00,15.22,36.99,17.15,10.91,0.5,59.38
CHENNAI,12-06-2025 00:00,13-06-2025 00:00,16.88,40.19,18.03,17.85,0.64,55.65
CHENNAI,13-06-2025 00:00,14-06-2025 00:00,25.51,55.07,17.39,17.59,0.91,55.79
CHENNAI,14-06-2025 00:00,15-06-2025 00:00,10.25,22.34,17.29,14.65,0.71,55.64
CHENNAI,15-06-2025 00:00,16-06-2025 00:00,7.13,13.15,17.36,19.07,0.62,55.57
CHENNAI,16-06-2025 00:00,17-06-2025 00:00,8.71,17.15,17.55,24.15,0.55,55.47
CHENNAI,17-06-2025 00:00,18-06-2025 00:00,13.93,35.51,13.64,13.2,0.46,46.2
CHENNAI,18-06-2025 00:00,19-06-2025 00:00,12.73,27.6,6.63,13.57,0.68,29.05
CHENNAI,19-06-2025 00:00,20-06-2025 00:00,15.81,31.8,3.13,13.57,0.8,29.77
CHENNAI,20-06-2025 00:00,21-06-2025 00:00,12.69,28.5,2.68,13.56,0.49,29.08
CHENNAI,21-06-2025 00:00,22-06-2025 00:00,13.15,27.12,2.33,13.61,0.54,29.49
CHENNAI,22-06-2025 00:00,23-06-2025 00:00,13.06,27.7,1.65,13.58,0.55,28.5
CHENNAI,23-06-2025 00:00,24-06-2025 00:00,9.45,18.38,1.97,13.57,0.61,28.41
CHENNAI,24-06-2025 00:00,25-06-2025 00:00,13.02,24.33,1.06,13.55,0.53,28.41
CHENNAI,25-06-2025 00:00,26-06-2025 00:00,16.42,24.61,4.3,13.59,0.51,28.85
CHENNAI,26-06-2025 00:00,27-06-2025 00:00,16.03,25.83,8.0,11.65,0.49,28.81
CHENNAI,27-06-2025 00:00,28-06-2025 00:00,14.35,26.87,11.56,10.72,0.49,28.82
CHENNAI,28-06-2025 00:00,29-06-2025 00:00,16.71,26.55,12.5,11.43,0.53,29.03
CHENNAI,29-06-2025 00:00,30-06-2025 00:00,13.43,19.75,10.81,9.9,0.72,28.33
CHENNAI,30-06-2025 00:00,01-07-2025 00:00,16.0,23.95,10.57,11.31,0.44,28.4
CHENNAI,01-07-2025 00:00,02-07-2025 00:00,14.74,20.83,9.64,10.58,0.45,28.38
CHENNAI,02-07-2025 00:00,03-07-2025 00:00,17.35,25.53,9.67,12.92,0.46,28.5
CHENNAI,03-07-2025 00:00,04-07-2025 00:00,12.83,21.6,6.48,12.93,0.75,28.16
CHENNAI,04-07-2025 00:00,05-07-2025 00:00,13.82,22.97,8.54,10.63,0.47,28.53
CHENNAI,05-07-2025 00:00,06-07-2025 00:00,13.6,21.21,7.62,44.02,0.52,28.56
CHENNAI,06-07-2025 00:00,07-07-2025 00:00,14.02,22.87,10.27,41.07,0.57,40.82
CHENNAI,07-07-2025 00:00,08-07-2025 00:00,17.8,29.7,12.19,24.84,0.6,28.17
CHENNAI,08-07-2025 00:00,09-07-2025 00:00,16.73,24.81,4.32,9.31,2.14,28.09
CHENNAI,09-07-2025 00:00,10-07-2025 00:00,15.32,28.73,6.71,28.18,1.78,28.61
CHENNAI,10-07-2025 00:00,11-07-2025 00:00,15.28,22.15,6.91,10.12,0.63,28.1
CHENNAI,11-07-2025 00:00,12-07-2025 00:00,16.42,24.8,6.59,9.87,1.79,29.02
CHENNAI,12-07-2025 00:00,13-07-2025 00:00,12.14,21.45,4.95,11.25,1.95,28.34
CHENNAI,13-07-2025 00:00,14-07-2025 00:00,10.86,18.4,4.59,14.25,3.4,28.05
CHENNAI,14-07-2025 00:00,15-07-2025 00:00,11.73,19.72,6.01,12.49,1.81,28.36
CHENNAI,15-07-2025 00:00,16-07-2025 00:00,13.55,21.71,8.43,9.5,2.07,28.85
CHENNAI,16-07-2025 00:00,17-07-2025 00:00,14.46,25.31,7.03,11.59,2.3,29.36
CHENNAI,17-07-2025 00:00,18-07-2025 00:00,10.32,20.54,5.73,9.91,1.53,28.54
CHENNAI,18-07-2025 00:00,19-07-2025 00:00,11.97,15.95,4.16,11.85,2.16,28.09
CHENNAI,19-07-2025 00:00,20-07-2025 00:00,9.53,14.99,2.56,12.04,1.95,28.03
CHENNAI,20-07-2025 00:00,21-07-2025 00:00,10.7,14.39,2.13,10.96,1.51,27.95
CHENNAI,21-07-2025 00:00,22-07-2025 00:00,10.6,13.16,2.14,12.77,1.96,27.86
CHENNAI,22-07-2025 00:00,23-07-2025 00:00,12.61,18.94,3.69,15.38,1.1,28.04
CHENNAI,23-07-2025 00:00,24-07-2025 00:00,11.73,21.02,4.32,13.07,1.98,28.11
CHENNAI,24-07-2025 00:00,25-07-2025 00:00,12.47,18.73,4.78,8.4,2.16,28.19
CHENNAI,25-07-2025 00:00,26-07-2025 00:00,13.57,20.74,3.94,10.12,2.44,28.13
CHENNAI,26-07-2025 00:00,27-07-2025 00:00,13.28,16.02,4.05,10.38,2.63,28.26
CHENNAI,27-07-2025 00:00,28-07-2025 00:00,11.82,13.47,3.86,10.64,0.93,28.0
CHENNAI,28-07-2025 00:00,29-07-2025 00:00,10.52,12.57,3.75,10.22,2.33,27.92
CHENNAI,29-07-2025 00:00,30-07-2025 00:00,14.05,19.24,4.41,10.55,1.03,28.15
CHENNAI,30-07-2025 00:00,31-07-2025 00:00,12.33,17.7,4.84,10.79,1.35,28.13
CHENNAI,31-07-2025 00:00,01-08-2025 00:00,15.07,21.76,4.41,11.87,2.36,28.57
CHENNAI,01-08-2025 00:00,02-08-2025 00:00,18.87,28.08,5.1,10.68,1.46,28.72
CHENNAI,02-08-2025 00:00,03-08-2025 00:00,18.17,21.84,5.93,14.46,1.83,28.58
CHENNAI,03-08-2025 00:00,04-08-2025 00:00,16.72,20.9,4.47,11.43,1.9,28.16
CHENNAI,04-08-2025 00:00,05-08-2025 00:00,15.25,21.51,3.08,10.56,1.44,28.47
CHENNAI,05-08-2025 00:00,06-08-2025 00:00,14.23,22.92,5.52,22.35,1.67,28.2
CHENNAI,06-08-2025 00:00,07-08-2025 00:00,,20.41,,,1.32,28.57
CHENNAI,07-08-2025 00:00,08-08-2025 00:00,,23.7,,,1.95,29.07
CHENNAI,08-08-2025 00:00,09-08-2025 00:00,,20.37,,,1.2,28.14
CHENNAI,09-08-2025 00:00,10-08-2025 00:00,17.75,25.14,4.39,12.47,2.27,28.36
CHENNAI,10-08-2025 00:00,11-08-2025 00:00,11.42,16.45,2.74,10.32,2.04,28.05
CHENNAI,11-08-2025 00:00,12-08-2025 00:00,9.77,32.76,3.0,11.48,1.46,27.87
CHENNAI,12-08-2025 00:00,13-08-2025 00:00,12.34,65.76,3.12,10.97,1.97,27.83
CHENNAI,13-08-2025 00:00,14-08-2025 00:00,11.26,65.74,1.03,9.94,1.36,27.84
CHENNAI,14-08-2025 00:00,15-08-2025 00:00,13.36,65.89,4.0,11.42,1.89,28.43
CHENNAI,15-08-2025 00:00,16-08-2025 00:00,10.85,65.74,3.98,11.33,1.87,28.01
CHENNAI,16-08-2025 00:00,17-08-2025 00:00,8.66,65.77,1.79,10.89,1.83,27.69
CHENNAI,17-08-2025 00:00,18-08-2025 00:00,12.19,65.84,0.88,10.22,2.53,27.85
CHENNAI,18-08-2025 00:00,19-08-2025 00:00,10.21,65.87,2.98,13.44,1.43,27.84
CHENNAI,19-08-2025 00:00,20-08-2025 00:00,12.32,65.86,8.1,8.73,0.58,28.19
CHENNAI,20-08-2025 00:00,21-08-2025 00:00,15.99,65.69,6.37,24.71,3.04,28.64
CHENNAI,21-08-2025 00:00,22-08-2025 00:00,13.86,65.76,6.83,7.57,0.94,28.64
CHENNAI,22-08-2025 00:00,23-08-2025 00:00,12.33,65.69,5.02,12.51,0.81,28.24
CHENNAI,23-08-2025 00:00,24-08-2025 00:00,13.29,65.77,5.03,13.0,1.37,27.92
CHENNAI,24-08-2025 00:00,25-08-2025 00:00,,65.84,,,0.74,28.37
CHENNAI,25-08-2025 00:00,26-08-2025 00:00,,65.73,,,0.49,28.25
CHENNAI,26-08-2025 00:00,27-08-2025 00:00,15.01,65.78,,,0.57,29.04
CHENNAI,27-08-2025 00:00,28-08-2025 00:00,16.82,65.78,,,0.92,28.19
CHENNAI,28-08-2025 00:00,29-08-2025 00:00,18.73,65.78,4.83,13.59,0.84,28.12
CHENNAI,29-08-2025 00:00,30-08-2025 00:00,16.38,65.85,4.1,13.09,0.87,28.0
CHENNAI,30-08-2025 00:00,31-08-2025 00:00,,65.85,,,0.7,28.39
CHENNAI,31-08-2025 00:00,01-09-2025 00:00,,65.83,,,0.79,27.89
CHENNAI,01-09-2025 00:00,02-09-2025 00:00,39.11,65.87,3.96,14.8,0.96,28.05
CHENNAI,02-09-2025 00:00,03-09-2025 00:00,18.72,65.76,3.98,11.82,0.58,28.09
CHENNAI,03-09-2025 00:00,04-09-2025 00:00,13.48,65.88,3.69,12.71,0.75,27.98
CHENNAI,04-09-2025 00:00,05-09-2025 00:00,13.23,65.88,4.74,12.45,1.12,28.42
CHENNAI,05-09-2025 00:00,06-09-2025 00:00,,65.84,,,0.69,28.38
CHENNAI,06-09-2025 00:00,07-09-2025 00:00,,65.76,,,0.67,29.2
CHENNAI,07-09-2025 00:00,08-09-2025 00:00,,65.81,,,0.94,28.29
CHENNAI,08-09-2025 00:00,09-09-2025 00:00,,65.84,,,0.75,28.96
CHENNAI,09-09-2025 00:00,10-09-2025 00:00,,65.74,,,0.88,29.1
CHENNAI,10-09-2025 00:00,11-09-2025 00:00,21.8,65.78,7.2,11.4,0.78,29.22
CHENNAI,11-09-2025 00:00,12-09-2025 00:00,20.22,65.68,3.59,14.87,0.59,27.98
CHENNAI,12-09-2025 00:00,13-09-2025 00:00,28.31,65.73,4.67,12.9,0.26,28.63
CHENNAI,13-09-2025 00:00,14-09-2025 00:00,31.42,65.86,2.62,13.11,1.04,28.39
CHENNAI,14-09-2025 00:00,15-09-2025 00:00,14.02,65.71,2.07,10.73,0.67,27.79
CHENNAI,15-09-2025 00:00,16-09-2025 00:00,,65.93,,,0.9,28.39
CHENNAI,16-09-2025 00:00,17-09-2025 00:00,,65.8,,,0.57,28.05
CHENNAI,17-09-2025 00:00,18-09-2025 00:00,,65.81,,,0.64,28.37
CHENNAI,18-09-2025 00:00,19-09-2025 00:00,,65.78,,,0.77,28.1
CHENNAI,19-09-2025 00:00,20-09-2025 00:00,11.46,65.85,1.91,12.13,0.58,27.8
CHENNAI,20-09-2025 00:00,21-09-2025 00:00,15.5,65.78,0.31,12.22,0.63,27.7
CHENNAI,21-09-2025 00:00,22-09-2025 00:00,,65.91,,,0.55,27.85
CHENNAI,22-09-2025 00:00,23-09-2025 00:00,23.18,65.84,3.08,12.47,0.47,27.74
CHENNAI,23-09-2025 00:00,24-09-2025 00:00,15.05,65.89,3.66,12.65,0.59,27.95
CHENNAI,24-09-2025 00:00,25-09-2025 00:00,20.67,72.66,3.53,12.28,0.49,27.94
CHENNAI,25-09-2025 00:00,26-09-2025 00:00,17.79,54.22,6.01,12.07,0.7,28.37
CHENNAI,26-09-2025 00:00,27-09-2025 00:00,11.56,41.29,3.66,12.78,0.71,27.84
CHENNAI,27-09-2025 00:00,28-09-2025 00:00,11.33,,5.52,11.67,1.23,28.45
CHENNAI,28-09-2025 00:00,29-09-2025 00:00,12.53,,5.79,11.84,0.63,28.48
CHENNAI,29-09-2025 00:00,30-09-2025 00:00,13.77,55.65,6.24,13.09,0.72,28.57
CHENNAI,30-09-2025 00:00,01-10-2025 00:00,21.62,62.37,3.27,14.25,0.76,28.22
CHENNAI,01-10-2025 00:00,02-10-2025 00:00,20.77,84.25,2.24,14.97,0.7,28.07
CHENNAI,02-10-2025 00:00,03-10-2025 00:00,15.32,50.74,3.21,14.78,0.39,27.9
CHENNAI,03-10-2025 00:00,04-10-2025 00:00,17.63,46.46,3.79,13.12,0.79,28.22
CHENNAI,04-10-2025 00:00,05-10-2025 00:00,11.8,35.65,3.83,11.48,0.66,28.15
CHENNAI,05-10-2025 00:00,06-10-2025 00:00,13.56,46.69,3.43,12.47,0.68,28.4
CHENNAI,06-10-2025 00:00,07-10-2025 00:00,13.4,46.22,2.99,12.82,0.66,28.01
CHENNAI,07-10-2025 00:00,08-10-2025 00:00,21.77,63.58,6.26,3.49,0.52,28.61
CHENNAI,08-10-2025 00:00,09-10-2025 00:00,14.34,55.86,3.99,10.68,0.53,28.03
CHENNAI,09-10-2025 00:00,10-10-2025 00:00,70.97,62.54,4.38,11.5,0.45,28.54
CHENNAI,10-10-2025 00:00,11-10-2025 00:00,27.07,46.03,5.26,11.68,0.69,28.11
CHENNAI,11-10-2025 00:00,12-10-2025 00:00,23.22,53.27,4.21,15.61,0.53,28.33
CHENNAI,12-10-2025 00:00,13-10-2025 00:00,30.46,66.24,3.38,10.8,0.36,28.19
CHENNAI,13-10-2025 00:00,14-10-2025 00:00,27.45,60.38,4.91,10.8,0.52,28.33
CHENNAI,14-10-2025 00:00,15-10-2025 00:00,,41.61,1.74,11.61,0.67,18.36
CHENNAI,15-10-2025 00:00,16-10-2025 00:00,,36.65,2.73,28.5,0.42,10.78
CHENNAI,16-10-2025 00:00,17-10-2025 00:00,,22.7,,,0.38,10.79
CHENNAI,17-10-2025 00:00,18-10-2025 00:00,29.04,46.79,1.31,15.14,0.34,10.74
CHENNAI,18-10-2025 00:00,19-10-2025 00:00,29.73,71.43,4.13,8.66,0.27,10.82
CHENNAI,19-10-2025 00:00,20-10-2025 00:00,45.45,79.92,13.19,11.5,0.4,10.36
CHENNAI,20-10-2025 00:00,21-10-2025 00:00,137.87,130.16,17.01,22.25,1.11,15.8
CHENNAI,21-10-2025 00:00,22-10-2025 00:00,46.18,93.05,11.22,15.83,0.65,9.82
CHENNAI,22-10-2025 00:00,23-10-2025 00:00,9.46,40.54,9.82,10.75,0.45,9.67
CHENNAI,23-10-2025 00:00,24-10-2025 00:00,10.82,52.16,11.56,13.59,0.56,9.85
CHENNAI,24-10-2025 00:00,25-10-2025 00:00,14.23,52.39,11.15,11.43,0.48,9.71
CHENNAI,25-10-2025 00:00,26-10-2025 00:00,18.23,65.59,11.15,11.68,0.49,9.79
CHENNAI,26-10-2025 00:00,27-10-2025 00:00,13.41,62.88,8.8,11.28,0.58,9.73
CHENNAI,27-10-2025 00:00,28-10-2025 00:00,10.77,35.39,8.1,9.54,0.43,9.67
CHENNAI,28-10-2025 00:00,29-10-2025 00:00,13.55,38.47,12.06,11.3,0.51,9.68
CHENNAI,29-10-2025 00:00,30-10-2025 00:00,13.56,116.25,16.12,10.77,0.56,9.86
CHENNAI,30-10-2025 00:00,31-10-2025 00:00,12.13,65.25,8.78,12.41,0.45,9.94
CHENNAI,31-10-2025 00:00,01-11-2025 00:00,50.33,92.49,9.22,12.95,0.49,10.1
CHENNAI,01-11-2025 00:00,02-11-2025 00:00,52.85,142.18,6.97,22.05,0.31,10.04
CHENNAI,02-11-2025 00:00,03-11-2025 00:00,16.66,67.52,7.81,7.24,0.42,9.86
CHENNAI,03-11-2025 00:00,04-11-2025 00:00,,72.15,,,0.39,9.98
CHENNAI,04-11-2025 00:00,05-11-2025 00:00,20.99,79.79,10.26,8.83,0.46,10.14
CHENNAI,05-11-2025 00:00,06-11-2025 00:00,28.45,97.89,13.27,12.62,0.47,10.24
CHENNAI,06-11-2025 00:00,07-11-2025 00:00,23.67,126.5,11.3,10.81,0.58,9.88
CHENNAI,07-11-2025 00:00,08-11-2025 00:00,31.45,77.82,11.98,11.35,0.55,9.98
CHENNAI,08-11-2025 00:00,09-11-2025 00:00,37.51,91.53,10.97,13.6,0.47,10.02
CHENNAI,09-11-2025 00:00,10-11-2025 00:00,35.2,111.29,12.27,11.7,0.59,10.05
CHENNAI,10-11-2025 00:00,11-11-2025 00:00,33.19,125.3,12.14,10.36,0.48,10.1
CHENNAI,11-11-2025 00:00,12-11-2025 00:00,33.47,103.04,9.73,10.91,0.64,10.27
CHENNAI,12-11-2025 00:00,13-11-2025 00:00,45.62,103.07,9.43,11.09,0.54,10.2
CHENNAI,13-11-2025 00:00,14-11-2025 00:00,68.44,117.23,13.46,15.38,0.47,10.18
CHENNAI,14-11-2025 00:00,15-11-2025 00:00,65.2,,10.18,10.44,0.46,10.02
CHENNAI,15-11-2025 00:00,16-11-2025 00:00,41.97,121.71,8.2,8.95,0.36,10.05
CHENNAI,16-11-2025 00:00,17-11-2025 00:00,,106.47,,,0.48,10.09
CHENNAI,17-11-2025 00:00,18-11-2025 00:00,,95.39,,,0.51,9.95
CHENNAI,18-11-2025 00:00,19-11-2025 00:00,,62.71,,,0.55,9.8
CHENNAI,19-11-2025 00:00,20-11-2025 00:00,32.93,78.37,10.38,12.2,0.56,10.01
CHENNAI,20-11-2025 00:00,21-11-2025 00:00,30.2,82.3,17.63,10.16,0.54,10.35
CHENNAI,21-11-2025 00:00,22-11-2025 00:00,17.95,45.21,11.96,11.56,0.51,10.08
CHENNAI,22-11-2025 00:00,23-11-2025 00:00,8.55,41.2,8.05,12.26,0.51,10.26
CHENNAI,23-11-2025 00:00,24-11-2025 00:00,9.18,36.41,6.05,11.58,0.35,10.0
CHENNAI,24-11-2025 00:00,25-11-2025 00:00,,65.36,,,0.43,10.67
CHENNAI,25-11-2025 00:00,26-11-2025 00:00,35.04,87.12,11.88,11.15,0.39,11.44
CHENNAI,26-11-2025 00:00,27-11-2025 00:00,32.05,98.09,8.93,10.07,0.42,11.24
CHENNAI,27-11-2025 00:00,28-11-2025 00:00,30.97,96.31,8.83,10.76,0.59,12.3
CHENNAI,28-11-2025 00:00,29-11-2025 00:00,33.89,103.58,11.07,12.51,1.07,11.48
CHENNAI,29-11-2025 00:00,30-11-2025 00:00,16.0,69.76,9.19,9.96,0.44,10.98
CHENNAI,30-11-2025 00:00,01-12-2025 00:00,5.63,33.81,7.38,11.12,0.68,10.33
CHENNAI,01-12-2025 00:00,02-12-2025 00:00,5.24,27.58,14.1,9.77,0.64,11.09
CHENNAI,02-12-2025 00:00,03-12-2025 00:00,14.36,44.68,10.9,12.13,0.63,11.1
CHENNAI,03-12-2025 00:00,04-12-2025 00:00,18.47,43.07,9.82,21.84,1.49,12.39
CHENNAI,04-12-2025 00:00,05-12-2025 00:00,1.16,47.53,10.25,12.18,0.98,10.84
CHENNAI,05-12-2025 00:00,06-12-2025 00:00,,107.41,,,0.55,11.21
CHENNAI,06-12-2025 00:00,07-12-2025 00:00,18.79,121.0,10.56,10.37,0.57,11.3
CHENNAI,07-12-2025 00:00,08-12-2025 00:00,15.99,98.36,9.14,11.01,0.65,10.88
CHENNAI,08-12-2025 00:00,09-12-2025 00:00,17.98,107.06,10.53,12.54,0.69,11.04
CHENNAI,09-12-2025 00:00,10-12-2025 00:00,17.14,136.28,13.19,11.43,0.54,11.28
CHENNAI,10-12-2025 00:00,11-12-2025 00:00,27.23,120.28,11.6,11.74,0.51,11.42
CHENNAI,11-12-2025 00:00,12-12-2025 00:00,21.76,169.28,8.75,11.97,0.66,11.22
CHENNAI,12-12-2025 00:00,13-12-2025 00:00,16.65,118.41,12.56,12.45,0.53,11.16
CHENNAI,13-12-2025 00:00,14-12-2025 00:00,48.15,146.51,12.88,12.42,0.63,11.02
CHENNAI,14-12-2025 00:00,15-12-2025 00:00,39.94,102.99,13.24,11.54,0.37,10.72
CHENNAI,15-12-2025 00:00,16-12-2025 00:00,45.73,137.39,9.47,22.35,0.69,11.35
CHENNAI,16-12-2025 00:00,17-12-2025 00:00,24.79,105.77,8.55,45.72,0.55,10.91
CHENNAI,17-12-2025 00:00,18-12-2025 00:00,13.26,69.98,8.5,73.0,0.72,10.66
CHENNAI,18-12-2025 00:00,19-12-2025 00:00,37.0,126.7,9.01,49.81,0.53,10.87
CHENNAI,19-12-2025 00:00,20-12-2025 00:00,42.24,155.32,15.4,20.04,0.45,10.66
CHENNAI,20-12-2025 00:00,21-12-2025 00:00,68.05,160.76,14.96,45.04,0.59,11.07
CHENNAI,21-12-2025 00:00,22-12-2025 00:00,65.85,141.11,12.97,36.17,0.6,10.59
CHENNAI,22-12-2025 00:00,23-12-2025 00:00,32.43,110.07,11.07,11.63,0.5,10.65
CHENNAI,23-12-2025 00:00,24-12-2025 00:00,53.12,135.61,10.5,14.65,0.58,10.76
CHENNAI,24-12-2025 00:00,25-12-2025 00:00,45.84,158.99,10.51,13.08,0.6,10.83
CHENNAI,25-12-2025 00:00,26-12-2025 00:00,50.28,134.3,7.76,11.83,0.47,10.62
CHENNAI,26-12-2025 00:00,27-12-2025 00:00,39.24,112.38,8.53,10.5,0.74,10.81
CHENNAI,27-12-2025 00:00,28-12-2025 00:00,50.53,132.42,9.92,19.05,0.42,10.72
CHENNAI,28-12-2025 00:00,29-12-2025 00:00,54.2,149.83,10.71,12.61,0.61,10.74
CHENNAI,29-12-2025 00:00,30-12-2025 00:00,68.57,171.97,9.66,11.33,0.7,10.9
CHENNAI,30-12-2025 00:00,31-12-2025 00:00,76.29,194.68,8.55,12.11,0.45,11.11
CHENNAI,31-12-2025 00:00,01-01-2026 00:00,60.99,150.77,8.25,,0.54,10.99
CHENNAI,01-01-2026 00:00,02-01-2026 00:00,214.78,81.96,8.5,,0.39,10.79
CHENNAI,02-01-2026 00:00,03-01-2026 00:00,17.97,103.87,8.23,14.54,0.58,11.23
CHENNAI,03-01-2026 00:00,04-01-2026 00:00,39.04,101.43,8.22,11.3,0.61,11.76
CHENNAI,04-01-2026 00:00,05-01-2026 00:00,41.97,94.86,8.05,8.68,0.66,10.7
CHENNAI,05-01-2026 00:00,06-01-2026 00:00,40.02,98.97,8.3,7.28,0.62,11.49
CHENNAI,06-01-2026 00:00,07-01-2026 00:00,48.16,105.87,8.18,14.22,0.69,10.78
CHENNAI,07-01-2026 00:00,08-01-2026 00:00,50.47,102.04,8.04,8.74,0.65,12.35
CHENNAI,08-01-2026 00:00,09-01-2026 00:00,52.63,72.08,8.32,9.42,0.45,11.57
CHENNAI,09-01-2026 00:00,10-01-2026 00:00,50.53,69.01,8.16,8.04,0.51,11.2
CHENNAI,10-01-2026 00:00,11-01-2026 00:00,51.51,65.95,8.23,13.73,0.45,10.94
CHENNAI,11-01-2026 00:00,12-01-2026 00:00,44.48,53.37,8.41,24.54,0.63,10.6
CHENNAI,12-01-2026 00:00,13-01-2026 00:00,43.34,60.02,8.23,11.68,0.47,10.79
CHENNAI,13-01-2026 00:00,14-01-2026 00:00,60.59,75.02,8.14,7.75,0.78,11.76
CHENNAI,14-01-2026 00:00,15-01-2026 00:00,90.19,235.06,8.4,7.07,0.61,12.23
CHENNAI,15-01-2026 00:00,16-01-2026 00:00,93.18,110.61,8.38,10.84,0.59,10.74
CHENNAI,16-01-2026 00:00,17-01-2026 00:00,70.08,98.34,8.55,10.76,0.5,10.82
CHENNAI,17-01-2026 00:00,18-01-2026 00:00,88.97,105.18,8.59,11.57,0.53,10.63
CHENNAI,18-01-2026 00:00,19-01-2026 00:00,78.84,88.22,8.42,11.06,0.63,10.71
CHENNAI,19-01-2026 00:00,20-01-2026 00:00,104.65,119.06,8.35,10.01,0.47,10.93
CHENNAI,20-01-2026 00:00,21-01-2026 00:00,90.4,117.22,8.16,11.16,0.46,10.97
CHENNAI,21-01-2026 00:00,22-01-2026 00:00,75.42,95.28,8.5,11.58,0.5,10.57
CHENNAI,22-01-2026 00:00,23-01-2026 00:00,65.74,86.31,8.24,11.56,0.67,11.13
CHENNAI,23-01-2026 00:00,24-01-2026 00:00,50.85,100.64,8.33,8.86,0.55,10.8
CHENNAI,24-01-2026 00:00,25-01-2026 00:00,47.91,73.55,8.36,7.86,0.61,10.42
CHENNAI,25-01-2026 00:00,26-01-2026 00:00,43.76,51.64,8.23,11.45,0.61,10.28
CHENNAI,26-01-2026 00:00,27-01-2026 00:00,,36.21,,,0.59,10.21
CHENNAI,27-01-2026 00:00,28-01-2026 00:00,70.29,80.31,8.21,11.21,0.52,12.04
CHENNAI,28-01-2026 00:00,29-01-2026 00:00,97.75,111.83,8.32,12.7,0.48,10.73
CHENNAI,29-01-2026 00:00,30-01-2026 00:00,107.52,124.58,8.53,10.25,0.47,11.12
CHENNAI,30-01-2026 00:00,31-01-2026 00:00,95.12,113.24,8.25,11.68,0.46,10.59
CHENNAI,31-01-2026 00:00,01-02-2026 00:00,49.89,73.43,8.49,10.59,0.39,10.32
CHENNAI,01-02-2026 00:00,02-02-2026 00:00,81.83,100.27,8.25,10.17,0.61,10.5
CHENNAI,02-02-2026 00:00,03-02-2026 00:00,104.13,116.43,8.46,11.61,0.65,10.98
CHENNAI,03-02-2026 00:00,04-02-2026 00:00,58.55,87.31,8.34,10.52,0.72,10.41
CHENNAI,04-02-2026 00:00,05-02-2026 00:00,52.6,69.38,8.15,11.76,0.47,10.1
CHENNAI,05-02-2026 00:00,06-02-2026 00:00,60.44,79.08,8.35,11.31,0.46,10.08
CHENNAI,06-02-2026 00:00,07-02-2026 00:00,65.77,81.95,7.98,8.96,0.38,10.31
CHENNAI,07-02-2026 00:00,08-02-2026 00:00,79.31,104.64,8.08,12.24,0.51,9.54
CHENNAI,08-02-2026 00:00,09-02-2026 00:00,93.82,109.31,7.99,14.85,0.95,9.54
CHENNAI,09-02-2026 00:00,10-02-2026 00:00,83.0,103.23,8.21,10.86,0.78,9.54
CHENNAI,10-02-2026 00:00,11-02-2026 00:00,94.5,113.42,8.12,10.55,0.63,9.54
CHENNAI,11-02-2026 00:00,12-02-2026 00:00,63.37,91.15,8.36,10.66,0.67,9.54
CHENNAI,12-02-2026 00:00,13-02-2026 00:00,49.72,86.4,8.38,12.4,0.59,9.54
CHENNAI,13-02-2026 00:00,14-02-2026 00:00,40.59,77.16,8.12,15.06,0.71,9.54
CHENNAI,14-02-2026 00:00,15-02-2026 00:00,37.84,87.48,8.34,10.64,0.79,9.54
CHENNAI,15-02-2026 00:00,16-02-2026 00:00,28.71,126.1,8.14,12.75,0.61,9.54
CHENNAI,16-02-2026 00:00,17-02-2026 00:00,37.8,113.78,8.13,11.22,0.75,9.54
CHENNAI,17-02-2026 00:00,17-02-2026 00:00,,,10.73,,0.47,9.54
DELHI_ANANT_VIHAR,01-01-2025 00:00,02-01-2025 00:00,207.96,327.35,70.21,12.16,2.13,4.17
DELHI_ANANT_VIHAR,02-01-2025 00:00,03-01-2025 00:00,208.17,319.46,67.96,7.86,2.16,4.55
DELHI_ANANT_VIHAR,03-01-2025 00:00,04-01-2025 00:00,470.81,675.09,117.78,23.07,3.04,5.39
DELHI_ANANT_VIHAR,04-01-2025 00:00,05-01-2025 00:00,358.85,454.33,82.99,12.07,2.78,7.14
DELHI_ANANT_VIHAR,05-01-2025 00:00,06-01-2025 00:00,190.02,269.27,54.28,9.62,1.73,5.16
DELHI_ANANT_VIHAR,06-01-2025 00:00,07-01-2025 00:00,226.06,325.59,68.1,10.17,2.3,4.01
DELHI_ANANT_VIHAR,07-01-2025 00:00,08-01-2025 00:00,211.79,336.69,69.54,19.46,1.74,4.03
DELHI_ANANT_VIHAR,08-01-2025 00:00,09-01-2025 00:00,205.46,375.4,79.28,17.23,2.37,7.33
DELHI_ANANT_VIHAR,09-01-2025 00:00,10-01-2025 00:00,436.83,636.49,69.75,25.48,4.57,7.48
DELHI_ANANT_VIHAR,10-01-2025 00:00,11-01-2025 00:00,353.12,467.82,49.26,31.18,3.14,6.84
DELHI_ANANT_VIHAR,11-01-2025 00:00,12-01-2025 00:00,207.29,262.53,52.71,9.59,1.85,3.86
DELHI_ANANT_VIHAR,12-01-2025 00:00,13-01-2025 00:00,204.3,274.62,54.85,8.59,2.42,3.84
DELHI_ANANT_VIHAR,13-01-2025 00:00,14-01-2025 00:00,183.11,297.05,60.9,71.85,2.06,3.07
DELHI_ANANT_VIHAR,14-01-2025 00:00,15-01-2025 00:00,256.15,388.28,59.76,167.86,2.64,3.33
DELHI_ANANT_VIHAR,15-01-2025 00:00,16-01-2025 00:00,417.56,540.67,52.63,28.19,4.74,9.03
DELHI_ANANT_VIHAR,16-01-2025 00:00,17-01-2025 00:00,267.42,346.21,55.85,16.01,3.67,7.61
DELHI_ANANT_VIHAR,17-01-2025 00:00,18-01-2025 00:00,207.21,297.6,47.93,20.47,3.19,4.36
DELHI_ANANT_VIHAR,18-01-2025 00:00,19-01-2025 00:00,199.73,329.37,46.76,15.05,2.71,7.01
DELHI_ANANT_VIHAR,19-01-2025 00:00,20-01-2025 00:00,308.28,506.62,73.78,11.33,4.23,7.72
DELHI_ANANT_VIHAR,20-01-2025 00:00,21-01-2025 00:00,202.96,350.04,89.81,63.93,3.18,4.84
DELHI_ANANT_VIHAR,21-01-2025 00:00,22-01-2025 00:00,165.15,305.78,100.43,9.35,2.12,6.19
DELHI_ANANT_VIHAR,22-01-2025 00:00,23-01-2025 00:00,151.02,331.37,80.32,11.25,2.2,5.93
DELHI_ANANT_VIHAR,23-01-2025 00:00,24-01-2025 00:00,140.54,250.42,78.05,7.32,2.03,5.48
DELHI_ANANT_VIHAR,24-01-2025 00:00,25-01-2025 00:00,105.78,220.55,87.74,12.16,1.31,7.1
DELHI_ANANT_VIHAR,25-01-2025 00:00,26-01-2025 00:00,104.53,270.31,80.29,16.06,1.46,7.43
DELHI_ANANT_VIHAR,26-01-2025 00:00,27-01-2025 00:00,193.3,428.0,136.49,10.18,2.91,4.45
DELHI_ANANT_VIHAR,27-01-2025 00:00,28-01-2025 00:00,163.89,366.38,115.43,7.12,2.46,5.73
DELHI_ANANT_VIHAR,28-01-2025 00:00,29-01-2025 00:00,168.43,384.07,131.44,9.83,2.79,7.42
DELHI_ANANT_VIHAR,29-01-2025 00:00,30-01-2025 00:00,264.51,434.27,123.84,15.71,2.69,9.18
DELHI_ANANT_VIHAR,30-01-2025 00:00,31-01-2025 00:00,201.45,327.71,102.65,24.63,2.21,6.36
DELHI_ANANT_VIHAR,31-01-2025 00:00,01-02-2025 00:00,294.96,475.28,93.86,19.86,3.36,10.57
DELHI_ANANT_VIHAR,01-02-2025 00:00,02-02-2025 00:00,357.27,537.13,106.93,12.91,3.15,7.14
DELHI_ANANT_VIHAR,02-02-2025 00:00,03-02-2025 00:00,198.22,302.93,70.34,8.38,1.87,4.37
DELHI_ANANT_VIHAR,03-02-2025 00:00,04-02-2025 00:00,179.73,281.64,187.1,4.59,0.47,1.21
DELHI_ANANT_VIHAR,04-02-2025 00:00,05-02-2025 00:00,,,236.67,1.77,0.98,0.9
DELHI_ANANT_VIHAR,05-02-2025 00:00,06-02-2025 00:00,,1.0,232.23,1.79,0.87,0.9
DELHI_ANANT_VIHAR,06-02-2025 00:00,07-02-2025 00:00,1.0,1.0,128.78,1.8,1.19,0.9
DELHI_ANANT_VIHAR,07-02-2025 00:00,08-02-2025 00:00,75.74,194.11,86.49,4.45,1.02,6.89
DELHI_ANANT_VIHAR,08-02-2025 00:00,09-02-2025 00:00,92.55,246.29,95.78,8.98,1.42,6.16
DELHI_ANANT_VIHAR,09-02-2025 00:00,10-02-2025 00:00,140.99,327.78,103.01,10.77,1.85,5.38
DELHI_ANANT_VIHAR,10-02-2025 00:00,11-02-2025 00:00,168.25,438.34,106.32,9.63,2.25,5.57
DELHI_ANANT_VIHAR,11-02-2025 00:00,12-02-2025 00:00,219.66,439.93,109.66,14.58,2.35,9.6
DELHI_ANANT_VIHAR,12-02-2025 00:00,13-02-2025 00:00,99.96,276.45,66.28,8.98,1.18,9.96
DELHI_ANANT_VIHAR,13-02-2025 00:00,14-02-2025 00:00,46.42,240.79,54.65,15.25,0.48,25.4
DELHI_ANANT_VIHAR,14-02-2025 00:00,15-02-2025 00:00,68.31,187.69,76.21,18.57,0.9,9.15
DELHI_ANANT_VIHAR,15-02-2025 00:00,16-02-2025 00:00,117.14,316.55,83.83,11.81,2.1,6.69
DELHI_ANANT_VIHAR,16-02-2025 00:00,17-02-2025 00:00,189.0,355.54,73.31,12.51,1.77,14.0
DELHI_ANANT_VIHAR,17-02-2025 00:00,18-02-2025 00:00,156.08,356.85,78.56,16.49,2.24,8.1
DELHI_ANANT_VIHAR,18-02-2025 00:00,19-02-2025 00:00,94.45,259.63,70.17,18.7,2.01,8.92
DELHI_ANANT_VIHAR,19-02-2025 00:00,20-02-2025 00:00,99.19,256.38,64.47,7.58,1.12,11.23
DELHI_ANANT_VIHAR,20-02-2025 00:00,21-02-2025 00:00,70.3,152.47,41.27,12.76,0.49,14.41
DELHI_ANANT_VIHAR,21-02-2025 00:00,22-02-2025 00:00,86.31,174.08,69.87,9.9,2.08,18.07
DELHI_ANANT_VIHAR,22-02-2025 00:00,23-02-2025 00:00,60.04,131.12,57.08,8.2,1.51,9.06
DELHI_ANANT_VIHAR,23-02-2025 00:00,24-02-2025 00:00,75.08,177.92,84.64,17.74,1.17,16.08
DELHI_ANANT_VIHAR,24-02-2025 00:00,25-02-2025 00:00,127.33,244.56,91.65,8.62,1.72,12.04
DELHI_ANANT_VIHAR,25-02-2025 00:00,26-02-2025 00:00,99.35,272.12,98.33,19.27,2.29,15.02
DELHI_ANANT_VIHAR,26-02-2025 00:00,27-02-2025 00:00,142.38,346.75,110.35,22.0,3.79,11.56
DELHI_ANANT_VIHAR,27-02-2025 00:00,28-02-2025 00:00,123.29,286.81,80.57,16.83,2.48,5.14
DELHI_ANANT_VIHAR,28-02-2025 00:00,01-03-2025 00:00,85.46,131.46,54.96,20.15,1.75,5.86
DELHI_ANANT_VIHAR,01-03-2025 00:00,02-03-2025 00:00,70.44,128.52,84.89,18.04,1.46,7.34
DELHI_ANANT_VIHAR,02-03-2025 00:00,03-03-2025 00:00,85.46,192.38,105.2,26.86,1.54,10.12
DELHI_ANANT_VIHAR,03-03-2025 00:00,04-03-2025 00:00,68.28,228.32,121.92,47.73,1.28,17.94
DELHI_ANANT_VIHAR,04-03-2025 00:00,05-03-2025 00:00,60.29,193.92,97.52,14.11,1.46,12.34
DELHI_ANANT_VIHAR,05-03-2025 00:00,06-03-2025 00:00,36.03,164.67,76.62,10.84,1.19,20.32
DELHI_ANANT_VIHAR,06-03-2025 00:00,07-03-2025 00:00,60.8,208.88,96.94,28.63,2.16,19.11
DELHI_ANANT_VIHAR,07-03-2025 00:00,08-03-2025 00:00,110.22,272.07,96.92,15.91,2.51,12.76
DELHI_ANANT_VIHAR,08-03-2025 00:00,09-03-2025 00:00,83.38,238.5,89.04,5.1,1.92,13.64
DELHI_ANANT_VIHAR,09-03-2025 00:00,10-03-2025 00:00,120.26,305.3,88.25,12.34,2.32,17.59
DELHI_ANANT_VIHAR,10-03-2025 00:00,11-03-2025 00:00,99.5,237.91,75.22,22.78,1.8,25.76
DELHI_ANANT_VIHAR,11-03-2025 00:00,12-03-2025 00:00,136.33,373.7,111.03,18.87,2.27,18.08
DELHI_ANANT_VIHAR,12-03-2025 00:00,13-03-2025 00:00,94.47,270.39,87.58,7.21,1.49,12.56
DELHI_ANANT_VIHAR,13-03-2025 00:00,14-03-2025 00:00,91.0,238.05,81.73,17.92,1.41,15.21
DELHI_ANANT_VIHAR,14-03-2025 00:00,15-03-2025 00:00,108.17,212.54,82.02,18.63,2.39,14.84
DELHI_ANANT_VIHAR,15-03-2025 00:00,16-03-2025 00:00,34.23,86.34,59.7,14.19,1.08,15.57
DELHI_ANANT_VIHAR,16-03-2025 00:00,17-03-2025 00:00,43.39,124.22,75.87,13.76,1.17,15.41
DELHI_ANANT_VIHAR,17-03-2025 00:00,18-03-2025 00:00,57.0,135.58,77.38,12.56,1.24,15.08
DELHI_ANANT_VIHAR,18-03-2025 00:00,19-03-2025 00:00,51.23,135.62,78.03,12.77,1.35,17.2
DELHI_ANANT_VIHAR,19-03-2025 00:00,20-03-2025 00:00,77.0,199.96,80.93,13.29,2.26,14.57
DELHI_ANANT_VIHAR,20-03-2025 00:00,21-03-2025 00:00,63.25,204.96,73.64,6.68,2.48,13.8
DELHI_ANANT_VIHAR,21-03-2025 00:00,22-03-2025 00:00,58.17,202.91,69.23,11.35,2.41,16.69
DELHI_ANANT_VIHAR,22-03-2025 00:00,23-03-2025 00:00,75.79,242.82,80.79,14.33,2.6,14.6
DELHI_ANANT_VIHAR,23-03-2025 00:00,24-03-2025 00:00,77.62,264.2,87.51,6.76,3.03,20.63
DELHI_ANANT_VIHAR,24-03-2025 00:00,25-03-2025 00:00,113.96,342.88,92.79,14.83,2.93,19.8
DELHI_ANANT_VIHAR,25-03-2025 00:00,26-03-2025 00:00,130.92,318.78,95.73,16.23,3.99,20.85
DELHI_ANANT_VIHAR,26-03-2025 00:00,27-03-2025 00:00,156.11,364.17,87.83,34.05,4.5,14.13
DELHI_ANANT_VIHAR,27-03-2025 00:00,28-03-2025 00:00,122.69,423.83,67.25,16.87,3.92,7.92
DELHI_ANANT_VIHAR,28-03-2025 00:00,29-03-2025 00:00,67.84,310.42,45.11,11.66,2.27,14.2
DELHI_ANANT_VIHAR,29-03-2025 00:00,30-03-2025 00:00,49.4,189.78,45.79,5.22,1.59,25.02
DELHI_ANANT_VIHAR,30-03-2025 00:00,31-03-2025 00:00,45.95,157.88,50.85,20.88,2.05,25.05
DELHI_ANANT_VIHAR,31-03-2025 00:00,01-04-2025 00:00,74.42,172.26,59.1,14.89,2.11,19.86
DELHI_ANANT_VIHAR,01-04-2025 00:00,02-04-2025 00:00,60.25,197.67,55.08,9.72,2.23,22.91
DELHI_ANANT_VIHAR,02-04-2025 00:00,03-04-2025 00:00,95.26,280.46,65.76,18.81,3.26,15.89
DELHI_ANANT_VIHAR,03-04-2025 00:00,04-04-2025 00:00,130.95,318.54,75.85,18.53,4.0,13.71
DELHI_ANANT_VIHAR,04-04-2025 00:00,05-04-2025 00:00,96.18,318.17,69.57,12.23,3.44,16.85
DELHI_ANANT_VIHAR,05-04-2025 00:00,06-04-2025 00:00,72.05,204.88,57.59,15.83,2.46,16.8
DELHI_ANANT_VIHAR,06-04-2025 00:00,07-04-2025 00:00,86.16,247.04,68.37,13.28,3.4,14.67
DELHI_ANANT_VIHAR,07-04-2025 00:00,08-04-2025 00:00,148.25,371.75,69.22,25.1,4.28,14.51
DELHI_ANANT_VIHAR,08-04-2025 00:00,09-04-2025 00:00,101.57,297.04,50.5,13.78,2.9,17.22
DELHI_ANANT_VIHAR,09-04-2025 00:00,10-04-2025 00:00,93.81,295.54,43.55,12.17,3.67,15.06
DELHI_ANANT_VIHAR,10-04-2025 00:00,11-04-2025 00:00,78.4,296.76,58.6,37.06,2.25,13.15
DELHI_ANANT_VIHAR,11-04-2025 00:00,12-04-2025 00:00,39.87,152.02,36.75,144.49,1.93,13.18
DELHI_ANANT_VIHAR,12-04-2025 00:00,13-04-2025 00:00,37.42,118.58,51.04,14.98,3.7,19.65
DELHI_ANANT_VIHAR,13-04-2025 00:00,14-04-2025 00:00,61.0,180.62,86.87,11.37,1.53,24.18
DELHI_ANANT_VIHAR,14-04-2025 00:00,15-04-2025 00:00,61.33,231.96,64.33,9.12,1.11,19.59
DELHI_ANANT_VIHAR,15-04-2025 00:00,16-04-2025 00:00,56.12,201.25,56.55,6.88,1.63,24.33
DELHI_ANANT_VIHAR,16-04-2025 00:00,17-04-2025 00:00,81.58,259.54,63.49,10.71,2.17,21.83
DELHI_ANANT_VIHAR,17-04-2025 00:00,18-04-2025 00:00,80.54,267.21,67.55,13.99,2.41,31.23
DELHI_ANANT_VIHAR,18-04-2025 00:00,19-04-2025 00:00,71.62,259.54,45.0,26.38,2.41,33.76
DELHI_ANANT_VIHAR,19-04-2025 00:00,20-04-2025 00:00,41.03,163.31,41.75,22.04,2.62,16.41
DELHI_ANANT_VIHAR,20-04-2025 00:00,21-04-2025 00:00,55.83,185.83,42.02,15.53,2.42,22.28
DELHI_ANANT_VIHAR,21-04-2025 00:00,22-04-2025 00:00,74.0,275.04,83.59,25.51,3.19,17.39
DELHI_ANANT_VIHAR,22-04-2025 00:00,23-04-2025 00:00,87.97,297.82,108.82,22.99,3.86,16.98
DELHI_ANANT_VIHAR,23-04-2025 00:00,24-04-2025 00:00,76.52,279.94,107.04,,3.1,24.48
DELHI_ANANT_VIHAR,24-04-2025 00:00,25-04-2025 00:00,98.05,317.42,114.56,45.05,3.92,21.48
DELHI_ANANT_VIHAR,25-04-2025 00:00,26-04-2025 00:00,147.54,374.04,106.15,34.17,3.36,21.5
DELHI_ANANT_VIHAR,26-04-2025 00:00,27-04-2025 00:00,132.76,345.42,112.72,6.98,2.73,31.41
DELHI_ANANT_VIHAR,27-04-2025 00:00,28-04-2025 00:00,96.88,305.96,95.87,10.85,1.53,26.84
DELHI_ANANT_VIHAR,28-04-2025 00:00,29-04-2025 00:00,116.42,346.79,73.61,12.37,1.82,33.65
DELHI_ANANT_VIHAR,29-04-2025 00:00,30-04-2025 00:00,72.52,237.83,49.69,10.86,1.52,31.06
DELHI_ANANT_VIHAR,30-04-2025 00:00,01-05-2025 00:00,70.73,227.5,46.86,13.29,1.64,23.81
DELHI_ANANT_VIHAR,01-05-2025 00:00,02-05-2025 00:00,85.39,204.17,44.75,26.23,1.83,26.71
DELHI_ANANT_VIHAR,02-05-2025 00:00,03-05-2025 00:00,54.83,147.65,53.71,15.39,1.77,18.42
DELHI_ANANT_VIHAR,03-05-2025 00:00,04-05-2025 00:00,98.33,222.0,65.39,20.64,2.57,11.84
DELHI_ANANT_VIHAR,04-05-2025 00:00,05-05-2025 00:00,92.12,240.92,65.82,17.71,2.52,15.12
DELHI_ANANT_VIHAR,05-05-2025 00:00,06-05-2025 00:00,41.88,125.96,57.05,15.2,1.44,17.02
DELHI_ANANT_VIHAR,06-05-2025 00:00,07-05-2025 00:00,61.54,155.83,59.07,17.11,1.37,17.64
DELHI_ANANT_VIHAR,07-05-2025 00:00,08-05-2025 00:00,56.92,139.96,57.9,19.03,2.12,19.27
DELHI_ANANT_VIHAR,08-05-2025 00:00,09-05-2025 00:00,102.29,214.71,63.67,75.39,2.02,9.66
DELHI_ANANT_VIHAR,09-05-2025 00:00,10-05-2025 00:00,69.75,178.0,58.17,12.58,2.55,11.47
DELHI_ANANT_VIHAR,10-05-2025 00:00,11-05-2025 00:00,117.88,255.08,66.51,13.89,1.82,11.16
DELHI_ANANT_VIHAR,11-05-2025 00:00,12-05-2025 00:00,82.25,211.88,59.95,8.86,1.6,17.2
DELHI_ANANT_VIHAR,12-05-2025 00:00,13-05-2025 00:00,50.57,173.46,73.81,9.35,1.31,26.43
DELHI_ANANT_VIHAR,13-05-2025 00:00,14-05-2025 00:00,26.22,146.54,61.85,9.46,1.2,16.8
DELHI_ANANT_VIHAR,14-05-2025 00:00,15-05-2025 00:00,67.08,247.65,65.37,11.38,1.55,12.42
DELHI_ANANT_VIHAR,15-05-2025 00:00,16-05-2025 00:00,205.3,412.74,98.39,23.06,0.46,15.52
DELHI_ANANT_VIHAR,16-05-2025 00:00,17-05-2025 00:00,93.21,327.46,87.33,28.01,1.44,28.21
DELHI_ANANT_VIHAR,17-05-2025 00:00,18-05-2025 00:00,59.89,201.08,87.96,21.54,1.12,10.58
DELHI_ANANT_VIHAR,18-05-2025 00:00,19-05-2025 00:00,66.42,218.67,74.06,23.49,1.23,16.26
DELHI_ANANT_VIHAR,19-05-2025 00:00,20-05-2025 00:00,75.91,227.83,59.17,18.87,0.98,14.61
DELHI_ANANT_VIHAR,20-05-2025 00:00,21-05-2025 00:00,72.86,238.67,66.21,21.25,1.11,18.74
DELHI_ANANT_VIHAR,21-05-2025 00:00,22-05-2025 00:00,67.04,205.39,56.54,33.01,1.74,16.24
DELHI_ANANT_VIHAR,22-05-2025 00:00,23-05-2025 00:00,33.21,85.17,57.73,28.15,1.47,17.8
DELHI_ANANT_VIHAR,23-05-2025 00:00,24-05-2025 00:00,46.83,116.67,55.35,26.69,1.4,22.31
DELHI_ANANT_VIHAR,24-05-2025 00:00,25-05-2025 00:00,55.79,150.25,49.96,21.19,1.1,22.5
DELHI_ANANT_VIHAR,25-05-2025 00:00,26-05-2025 00:00,34.64,90.0,72.16,24.17,1.27,12.6
DELHI_ANANT_VIHAR,26-05-2025 00:00,27-05-2025 00:00,49.6,116.1,52.3,30.23,1.72,19.56
DELHI_ANANT_VIHAR,27-05-2025 00:00,28-05-2025 00:00,51.73,123.82,43.92,19.88,1.4,15.39
DELHI_ANANT_VIHAR,28-05-2025 00:00,29-05-2025 00:00,61.46,168.96,49.54,23.4,1.49,17.43
DELHI_ANANT_VIHAR,29-05-2025 00:00,30-05-2025 00:00,52.7,153.17,51.14,23.51,1.59,16.23
DELHI_ANANT_VIHAR,30-05-2025 00:00,31-05-2025 00:00,69.42,238.75,70.56,28.55,1.93,7.23
DELHI_ANANT_VIHAR,31-05-2025 00:00,01-06-2025 00:00,99.5,344.92,74.26,27.3,2.16,23.91
DELHI_ANANT_VIHAR,01-06-2025 00:00,02-06-2025 00:00,49.08,246.63,62.44,26.79,0.99,8.73
DELHI_ANANT_VIHAR,02-06-2025 00:00,03-06-2025 00:00,45.08,182.58,65.0,23.66,1.51,19.25
DELHI_ANANT_VIHAR,03-06-2025 00:00,04-06-2025 00:00,48.67,202.21,65.11,27.89,1.26,11.83
DELHI_ANANT_VIHAR,04-06-2025 00:00,05-06-2025 00:00,56.44,187.88,62.82,41.82,0.85,11.55
DELHI_ANANT_VIHAR,05-06-2025 00:00,06-06-2025 00:00,71.07,224.8,70.25,26.05,0.76,32.43
DELHI_ANANT_VIHAR,06-06-2025 00:00,07-06-2025 00:00,52.96,229.33,74.16,17.77,0.79,39.93
DELHI_ANANT_VIHAR,07-06-2025 00:00,08-06-2025 00:00,76.31,256.08,65.98,30.63,0.83,30.27
DELHI_ANANT_VIHAR,08-06-2025 00:00,09-06-2025 00:00,87.04,282.04,69.4,30.41,0.96,38.32
DELHI_ANANT_VIHAR,09-06-2025 00:00,10-06-2025 00:00,81.58,325.42,87.02,26.51,1.06,12.08
DELHI_ANANT_VIHAR,10-06-2025 00:00,11-06-2025 00:00,61.5,344.96,78.62,21.44,1.24,30.07
DELHI_ANANT_VIHAR,11-06-2025 00:00,12-06-2025 00:00,83.08,322.42,69.98,28.28,1.08,30.77
DELHI_ANANT_VIHAR,12-06-2025 00:00,13-06-2025 00:00,74.12,198.33,39.58,23.12,0.94,11.21
DELHI_ANANT_VIHAR,13-06-2025 00:00,14-06-2025 00:00,52.59,238.79,59.02,28.13,0.88,22.5
DELHI_ANANT_VIHAR,14-06-2025 00:00,15-06-2025 00:00,66.33,176.92,53.71,43.04,1.06,31.48
DELHI_ANANT_VIHAR,15-06-2025 00:00,16-06-2025 00:00,43.75,161.62,54.24,24.13,0.86,22.72
DELHI_ANANT_VIHAR,16-06-2025 00:00,17-06-2025 00:00,43.71,116.75,50.66,69.81,0.99,21.42
DELHI_ANANT_VIHAR,17-06-2025 00:00,18-06-2025 00:00,38.92,93.42,51.97,22.67,0.93,13.08
DELHI_ANANT_VIHAR,18-06-2025 00:00,19-06-2025 00:00,45.25,87.38,52.65,23.22,0.85,15.73
DELHI_ANANT_VIHAR,19-06-2025 00:00,20-06-2025 00:00,36.75,94.62,43.74,34.54,0.8,7.18
DELHI_ANANT_VIHAR,20-06-2025 00:00,21-06-2025 00:00,32.11,74.82,35.44,19.8,0.72,8.02
DELHI_ANANT_VIHAR,21-06-2025 00:00,22-06-2025 00:00,31.3,80.15,32.74,48.01,1.33,19.11
DELHI_ANANT_VIHAR,22-06-2025 00:00,23-06-2025 00:00,37.38,99.54,37.08,21.11,1.04,13.76
DELHI_ANANT_VIHAR,23-06-2025 00:00,24-06-2025 00:00,47.42,111.83,33.49,22.29,1.13,16.85
DELHI_ANANT_VIHAR,24-06-2025 00:00,25-06-2025 00:00,46.65,99.83,37.19,44.24,1.33,12.27
DELHI_ANANT_VIHAR,25-06-2025 00:00,26-06-2025 00:00,68.52,139.08,32.53,18.49,1.26,12.4
DELHI_ANANT_VIHAR,26-06-2025 00:00,27-06-2025 00:00,27.96,77.04,28.06,17.78,0.84,2.08
DELHI_ANANT_VIHAR,27-06-2025 00:00,28-06-2025 00:00,20.58,72.08,29.34,17.98,0.77,6.83
DELHI_ANANT_VIHAR,28-06-2025 00:00,29-06-2025 00:00,31.42,101.83,38.33,20.13,1.07,5.2
DELHI_ANANT_VIHAR,29-06-2025 00:00,30-06-2025 00:00,35.46,75.58,39.07,18.86,1.06,1.84
DELHI_ANANT_VIHAR,30-06-2025 00:00,01-07-2025 00:00,33.44,68.74,52.27,21.85,1.28,4.63
DELHI_ANANT_VIHAR,01-07-2025 00:00,02-07-2025 00:00,30.2,75.64,43.18,18.02,1.0,4.93
DELHI_ANANT_VIHAR,02-07-2025 00:00,03-07-2025 00:00,26.83,88.54,34.86,18.2,0.93,3.23
DELHI_ANANT_VIHAR,03-07-2025 00:00,04-07-2025 00:00,25.54,71.83,29.66,12.72,0.81,6.03
DELHI_ANANT_VIHAR,04-07-2025 00:00,05-07-2025 00:00,28.96,74.25,35.67,18.17,1.09,4.67
DELHI_ANANT_VIHAR,05-07-2025 00:00,06-07-2025 00:00,37.54,94.62,39.07,26.03,0.97,1.7
DELHI_ANANT_VIHAR,06-07-2025 00:00,07-07-2025 00:00,49.54,120.33,34.32,26.54,1.08,3.04
DELHI_ANANT_VIHAR,07-07-2025 00:00,08-07-2025 00:00,35.65,86.04,70.89,20.8,1.16,5.85
DELHI_ANANT_VIHAR,08-07-2025 00:00,09-07-2025 00:00,43.16,149.92,49.01,30.58,1.21,2.08
DELHI_ANANT_VIHAR,09-07-2025 00:00,10-07-2025 00:00,25.81,92.0,49.59,26.33,0.91,6.79
DELHI_ANANT_VIHAR,10-07-2025 00:00,11-07-2025 00:00,27.95,59.59,53.71,19.74,1.05,6.99
DELHI_ANANT_VIHAR,11-07-2025 00:00,12-07-2025 00:00,56.8,113.22,60.55,27.03,1.23,8.3
DELHI_ANANT_VIHAR,12-07-2025 00:00,13-07-2025 00:00,64.62,129.54,56.95,23.55,1.28,8.45
DELHI_ANANT_VIHAR,13-07-2025 00:00,14-07-2025 00:00,43.18,95.75,50.51,23.19,1.0,4.46
DELHI_ANANT_VIHAR,14-07-2025 00:00,15-07-2025 00:00,22.77,43.57,39.67,19.57,0.88,1.31
DELHI_ANANT_VIHAR,15-07-2025 00:00,16-07-2025 00:00,21.97,45.99,33.14,21.08,0.78,3.17
DELHI_ANANT_VIHAR,16-07-2025 00:00,17-07-2025 00:00,34.79,81.62,37.67,23.07,0.9,2.08
DELHI_ANANT_VIHAR,17-07-2025 00:00,18-07-2025 00:00,27.92,70.3,35.98,26.46,0.74,2.37
DELHI_ANANT_VIHAR,18-07-2025 00:00,19-07-2025 00:00,32.25,58.14,40.08,19.94,0.84,3.02
DELHI_ANANT_VIHAR,19-07-2025 00:00,20-07-2025 00:00,22.33,48.0,31.3,18.5,0.75,4.07
DELHI_ANANT_VIHAR,20-07-2025 00:00,21-07-2025 00:00,36.04,103.62,44.87,19.34,0.81,6.88
DELHI_ANANT_VIHAR,21-07-2025 00:00,22-07-2025 00:00,56.71,114.79,47.96,23.94,1.45,2.76
DELHI_ANANT_VIHAR,22-07-2025 00:00,23-07-2025 00:00,60.67,110.79,58.58,24.78,1.32,2.89
DELHI_ANANT_VIHAR,23-07-2025 00:00,24-07-2025 00:00,37.74,76.83,48.06,18.97,1.29,1.49
DELHI_ANANT_VIHAR,24-07-2025 00:00,25-07-2025 00:00,51.57,134.9,49.6,25.91,0.72,4.43
DELHI_ANANT_VIHAR,25-07-2025 00:00,26-07-2025 00:00,54.96,204.88,48.77,21.86,0.68,5.95
DELHI_ANANT_VIHAR,26-07-2025 00:00,27-07-2025 00:00,37.04,239.25,31.07,31.28,0.61,9.31
DELHI_ANANT_VIHAR,27-07-2025 00:00,28-07-2025 00:00,44.9,149.21,23.25,27.71,0.63,
DELHI_ANANT_VIHAR,28-07-2025 00:00,29-07-2025 00:00,48.4,114.34,28.92,19.48,0.74,10.91
DELHI_ANANT_VIHAR,29-07-2025 00:00,30-07-2025 00:00,33.12,60.58,45.93,23.98,0.66,10.21
DELHI_ANANT_VIHAR,30-07-2025 00:00,31-07-2025 00:00,31.67,66.79,46.8,23.54,0.54,9.18
DELHI_ANANT_VIHAR,31-07-2025 00:00,01-08-2025 00:00,41.52,60.45,42.31,21.94,0.69,9.27
DELHI_ANANT_VIHAR,01-08-2025 00:00,02-08-2025 00:00,32.39,78.16,38.67,24.94,0.72,9.18
DELHI_ANANT_VIHAR,02-08-2025 00:00,03-08-2025 00:00,36.21,118.79,41.75,43.46,0.58,9.61
DELHI_ANANT_VIHAR,03-08-2025 00:00,04-08-2025 00:00,41.29,129.0,41.77,8.41,0.64,10.16
DELHI_ANANT_VIHAR,04-08-2025 00:00,05-08-2025 00:00,36.5,128.29,40.84,42.5,0.57,10.73
DELHI_ANANT_VIHAR,05-08-2025 00:00,06-08-2025 00:00,39.11,123.2,51.47,12.47,0.61,11.11
DELHI_ANANT_VIHAR,06-08-2025 00:00,07-08-2025 00:00,35.5,136.38,42.83,17.48,0.59,11.14
DELHI_ANANT_VIHAR,07-08-2025 00:00,08-08-2025 00:00,50.91,252.75,44.97,30.56,0.71,15.69
DELHI_ANANT_VIHAR,08-08-2025 00:00,09-08-2025 00:00,60.98,294.83,42.81,24.1,0.55,14.83
DELHI_ANANT_VIHAR,09-08-2025 00:00,10-08-2025 00:00,30.61,101.6,40.52,41.25,0.72,15.48
DELHI_ANANT_VIHAR,10-08-2025 00:00,11-08-2025 00:00,54.17,140.43,51.08,21.71,0.75,19.77
DELHI_ANANT_VIHAR,11-08-2025 00:00,12-08-2025 00:00,45.41,162.96,44.31,26.37,0.6,21.48
DELHI_ANANT_VIHAR,12-08-2025 00:00,13-08-2025 00:00,56.9,129.27,46.74,31.66,0.73,16.24
DELHI_ANANT_VIHAR,13-08-2025 00:00,14-08-2025 00:00,63.55,190.08,50.2,27.26,0.93,19.82
DELHI_ANANT_VIHAR,14-08-2025 00:00,15-08-2025 00:00,51.25,83.29,48.37,61.01,0.78,16.99
DELHI_ANANT_VIHAR,15-08-2025 00:00,16-08-2025 00:00,70.68,102.8,44.57,13.07,0.82,18.29
DELHI_ANANT_VIHAR,16-08-2025 00:00,17-08-2025 00:00,63.39,99.04,37.26,17.67,0.96,21.02
DELHI_ANANT_VIHAR,17-08-2025 00:00,18-08-2025 00:00,54.41,93.3,41.58,36.79,0.78,14.7
DELHI_ANANT_VIHAR,18-08-2025 00:00,19-08-2025 00:00,61.09,113.5,37.44,29.8,0.77,13.57
DELHI_ANANT_VIHAR,19-08-2025 00:00,20-08-2025 00:00,56.32,113.48,38.52,25.78,0.77,16.07
DELHI_ANANT_VIHAR,20-08-2025 00:00,21-08-2025 00:00,47.73,96.59,25.58,27.47,0.98,15.24
DELHI_ANANT_VIHAR,21-08-2025 00:00,22-08-2025 00:00,57.59,123.68,24.65,,1.66,14.45
DELHI_ANANT_VIHAR,22-08-2025 00:00,23-08-2025 00:00,85.15,177.43,35.93,,1.93,18.17
DELHI_ANANT_VIHAR,23-08-2025 00:00,24-08-2025 00:00,49.63,106.61,26.05,36.11,1.63,11.87
DELHI_ANANT_VIHAR,24-08-2025 00:00,25-08-2025 00:00,39.05,81.3,23.03,26.96,1.64,7.88
DELHI_ANANT_VIHAR,25-08-2025 00:00,26-08-2025 00:00,37.73,67.86,21.17,27.3,1.65,8.29
DELHI_ANANT_VIHAR,26-08-2025 00:00,27-08-2025 00:00,42.8,73.67,21.28,34.44,1.73,8.37
DELHI_ANANT_VIHAR,27-08-2025 00:00,28-08-2025 00:00,53.77,104.41,27.77,23.19,2.02,8.59
DELHI_ANANT_VIHAR,28-08-2025 00:00,29-08-2025 00:00,87.26,156.75,29.07,25.75,2.1,9.34
DELHI_ANANT_VIHAR,29-08-2025 00:00,30-08-2025 00:00,61.95,91.47,23.76,31.99,1.72,12.77
DELHI_ANANT_VIHAR,30-08-2025 00:00,31-08-2025 00:00,53.78,105.73,23.98,23.63,1.67,11.44
DELHI_ANANT_VIHAR,31-08-2025 00:00,01-09-2025 00:00,47.5,88.73,23.8,33.04,1.58,8.56
DELHI_ANANT_VIHAR,01-09-2025 00:00,02-09-2025 00:00,26.94,54.38,19.54,26.19,1.51,10.53
DELHI_ANANT_VIHAR,02-09-2025 00:00,03-09-2025 00:00,16.57,28.56,15.98,32.25,1.43,11.01
DELHI_ANANT_VIHAR,03-09-2025 00:00,04-09-2025 00:00,42.38,73.67,21.55,,1.63,11.07
DELHI_ANANT_VIHAR,04-09-2025 00:00,05-09-2025 00:00,48.71,81.38,19.55,,1.66,20.33
DELHI_ANANT_VIHAR,05-09-2025 00:00,06-09-2025 00:00,52.19,95.86,21.61,29.72,1.66,12.53
DELHI_ANANT_VIHAR,06-09-2025 00:00,07-09-2025 00:00,56.81,102.9,23.22,31.48,1.71,12.21
DELHI_ANANT_VIHAR,07-09-2025 00:00,08-09-2025 00:00,47.91,92.32,23.12,23.98,1.7,11.18
DELHI_ANANT_VIHAR,08-09-2025 00:00,09-09-2025 00:00,70.68,143.18,24.54,28.06,1.79,14.11
DELHI_ANANT_VIHAR,09-09-2025 00:00,10-09-2025 00:00,61.66,142.98,26.54,36.52,1.52,7.14
DELHI_ANANT_VIHAR,10-09-2025 00:00,11-09-2025 00:00,39.48,86.89,31.07,30.4,1.4,6.4
DELHI_ANANT_VIHAR,11-09-2025 00:00,12-09-2025 00:00,53.75,128.92,29.19,31.06,1.42,6.47
DELHI_ANANT_VIHAR,12-09-2025 00:00,13-09-2025 00:00,70.75,191.54,30.79,24.26,1.54,5.45
DELHI_ANANT_VIHAR,13-09-2025 00:00,14-09-2025 00:00,81.42,236.92,30.96,17.69,1.6,4.71
DELHI_ANANT_VIHAR,14-09-2025 00:00,15-09-2025 00:00,111.42,327.17,38.62,25.63,1.87,3.67
DELHI_ANANT_VIHAR,15-09-2025 00:00,16-09-2025 00:00,86.73,354.81,37.86,29.69,1.93,4.33
DELHI_ANANT_VIHAR,16-09-2025 00:00,17-09-2025 00:00,58.57,267.34,34.91,17.94,1.71,6.23
DELHI_ANANT_VIHAR,17-09-2025 00:00,18-09-2025 00:00,54.83,150.33,40.83,21.46,1.77,8.06
DELHI_ANANT_VIHAR,18-09-2025 00:00,19-09-2025 00:00,54.75,159.71,42.27,26.39,1.79,5.61
DELHI_ANANT_VIHAR,19-09-2025 00:00,20-09-2025 00:00,75.71,235.79,35.06,29.69,1.93,6.67
DELHI_ANANT_VIHAR,20-09-2025 00:00,21-09-2025 00:00,54.52,242.0,32.38,19.52,1.8,10.91
DELHI_ANANT_VIHAR,21-09-2025 00:00,22-09-2025 00:00,84.55,274.42,33.48,32.71,1.73,8.18
DELHI_ANANT_VIHAR,22-09-2025 00:00,23-09-2025 00:00,100.58,333.64,32.46,20.89,1.62,8.15
DELHI_ANANT_VIHAR,23-09-2025 00:00,24-09-2025 00:00,57.53,334.27,33.24,25.5,1.57,10.87
DELHI_ANANT_VIHAR,24-09-2025 00:00,25-09-2025 00:00,46.62,305.71,33.45,27.91,1.64,11.26
DELHI_ANANT_VIHAR,25-09-2025 00:00,26-09-2025 00:00,50.36,312.2,33.91,27.58,1.57,11.36
DELHI_ANANT_VIHAR,26-09-2025 00:00,27-09-2025 00:00,39.83,180.1,30.71,18.08,1.55,14.2
DELHI_ANANT_VIHAR,27-09-2025 00:00,28-09-2025 00:00,93.78,245.88,27.71,30.16,1.55,15.3
DELHI_ANANT_VIHAR,28-09-2025 00:00,29-09-2025 00:00,49.3,139.05,19.42,19.23,1.02,4.85
DELHI_ANANT_VIHAR,29-09-2025 00:00,30-09-2025 00:00,34.48,116.3,17.26,27.3,1.03,4.23
DELHI_ANANT_VIHAR,30-09-2025 00:00,01-10-2025 00:00,45.6,158.65,19.97,35.61,1.1,3.0
DELHI_ANANT_VIHAR,01-10-2025 00:00,02-10-2025 00:00,48.66,149.11,21.43,15.47,1.22,5.58
DELHI_ANANT_VIHAR,02-10-2025 00:00,03-10-2025 00:00,53.83,136.67,16.3,63.84,1.12,3.7
DELHI_ANANT_VIHAR,03-10-2025 00:00,04-10-2025 00:00,42.29,116.46,18.31,27.32,1.24,2.2
DELHI_ANANT_VIHAR,04-10-2025 00:00,05-10-2025 00:00,90.75,212.38,22.0,16.96,1.22,2.88
DELHI_ANANT_VIHAR,05-10-2025 00:00,06-10-2025 00:00,76.79,275.83,23.91,32.11,1.44,5.55
DELHI_ANANT_VIHAR,06-10-2025 00:00,07-10-2025 00:00,43.06,107.71,20.69,70.53,1.05,3.83
DELHI_ANANT_VIHAR,07-10-2025 00:00,08-10-2025 00:00,30.38,60.38,20.26,59.62,1.08,11.19
DELHI_ANANT_VIHAR,08-10-2025 00:00,09-10-2025 00:00,55.71,120.21,23.81,22.3,1.23,14.83
DELHI_ANANT_VIHAR,09-10-2025 00:00,10-10-2025 00:00,39.71,137.25,23.89,42.52,1.19,21.63
DELHI_ANANT_VIHAR,10-10-2025 00:00,11-10-2025 00:00,65.12,265.67,28.84,19.09,1.26,30.27
DELHI_ANANT_VIHAR,11-10-2025 00:00,12-10-2025 00:00,90.79,348.17,29.6,16.99,1.53,22.67
DELHI_ANANT_VIHAR,12-10-2025 00:00,13-10-2025 00:00,72.21,369.58,28.55,30.04,1.28,32.02
DELHI_ANANT_VIHAR,13-10-2025 00:00,14-10-2025 00:00,90.54,424.12,29.6,30.02,1.56,30.87
DELHI_ANANT_VIHAR,14-10-2025 00:00,15-10-2025 00:00,109.04,467.9,32.14,23.84,1.41,31.39
DELHI_ANANT_VIHAR,15-10-2025 00:00,16-10-2025 00:00,141.34,468.96,33.2,22.66,1.62,18.11
DELHI_ANANT_VIHAR,16-10-2025 00:00,17-10-2025 00:00,137.33,473.6,34.49,31.48,2.15,18.19
DELHI_ANANT_VIHAR,17-10-2025 00:00,18-10-2025 00:00,137.18,469.25,33.4,41.27,2.09,17.33
DELHI_ANANT_VIHAR,18-10-2025 00:00,19-10-2025 00:00,161.75,564.67,33.46,32.61,2.16,16.62
DELHI_ANANT_VIHAR,19-10-2025 00:00,20-10-2025 00:00,245.67,617.3,35.56,58.24,2.12,13.47
DELHI_ANANT_VIHAR,20-10-2025 00:00,21-10-2025 00:00,248.38,463.74,53.18,25.56,2.05,11.59
DELHI_ANANT_VIHAR,21-10-2025 00:00,22-10-2025 00:00,236.8,381.84,60.6,19.64,1.74,20.46
DELHI_ANANT_VIHAR,22-10-2025 00:00,23-10-2025 00:00,253.04,547.17,76.87,18.92,2.04,21.9
DELHI_ANANT_VIHAR,23-10-2025 00:00,24-10-2025 00:00,185.17,501.83,84.39,22.32,2.1,23.3
DELHI_ANANT_VIHAR,24-10-2025 00:00,25-10-2025 00:00,189.17,548.64,88.22,22.03,2.66,20.95
DELHI_ANANT_VIHAR,25-10-2025 00:00,26-10-2025 00:00,238.15,610.83,96.47,25.88,3.32,21.76
DELHI_ANANT_VIHAR,26-10-2025 00:00,27-10-2025 00:00,219.96,539.83,80.13,34.17,3.83,23.27
DELHI_ANANT_VIHAR,27-10-2025 00:00,28-10-2025 00:00,198.5,434.33,64.63,33.95,2.57,21.1
DELHI_ANANT_VIHAR,28-10-2025 00:00,29-10-2025 00:00,142.88,264.25,60.16,25.86,2.03,22.91
DELHI_ANANT_VIHAR,29-10-2025 00:00,30-10-2025 00:00,205.45,368.8,66.82,29.53,2.73,24.43
DELHI_ANANT_VIHAR,30-10-2025 00:00,31-10-2025 00:00,232.36,395.92,72.59,39.17,2.34,19.88
DELHI_ANANT_VIHAR,31-10-2025 00:00,01-11-2025 00:00,113.95,222.39,71.85,40.11,2.98,19.72
DELHI_ANANT_VIHAR,01-11-2025 00:00,02-11-2025 00:00,211.57,390.6,87.08,43.56,3.57,23.65
DELHI_ANANT_VIHAR,02-11-2025 00:00,03-11-2025 00:00,217.61,390.42,90.82,18.38,3.82,25.06
DELHI_ANANT_VIHAR,03-11-2025 00:00,04-11-2025 00:00,227.12,444.04,96.44,13.93,2.94,25.31
DELHI_ANANT_VIHAR,04-11-2025 00:00,05-11-2025 00:00,170.5,388.08,80.71,30.82,4.02,20.24
DELHI_ANANT_VIHAR,05-11-2025 00:00,06-11-2025 00:00,116.5,233.5,59.68,30.58,2.63,21.19
DELHI_ANANT_VIHAR,06-11-2025 00:00,07-11-2025 00:00,165.12,299.58,81.65,29.22,2.88,34.85
DELHI_ANANT_VIHAR,07-11-2025 00:00,08-11-2025 00:00,238.83,408.08,102.97,36.23,3.25,41.5
DELHI_ANANT_VIHAR,08-11-2025 00:00,09-11-2025 00:00,303.29,472.78,127.9,39.67,3.67,47.19
DELHI_ANANT_VIHAR,09-11-2025 00:00,10-11-2025 00:00,250.04,410.38,138.58,43.76,3.56,38.33
DELHI_ANANT_VIHAR,10-11-2025 00:00,11-11-2025 00:00,305.53,487.23,149.67,47.63,4.29,33.51
DELHI_ANANT_VIHAR,11-11-2025 00:00,12-11-2025 00:00,350.62,560.38,158.84,48.42,3.48,18.07
DELHI_ANANT_VIHAR,12-11-2025 00:00,13-11-2025 00:00,347.31,541.81,139.1,51.45,3.56,13.99
DELHI_ANANT_VIHAR,13-11-2025 00:00,14-11-2025 00:00,328.68,553.73,136.57,48.58,3.02,12.89
DELHI_ANANT_VIHAR,14-11-2025 00:00,15-11-2025 00:00,273.34,482.37,110.01,38.16,3.5,6.24
DELHI_ANANT_VIHAR,15-11-2025 00:00,16-11-2025 00:00,267.06,471.04,116.89,38.16,3.39,6.55
DELHI_ANANT_VIHAR,16-11-2025 00:00,17-11-2025 00:00,276.02,458.08,112.61,45.15,3.12,5.94
DELHI_ANANT_VIHAR,17-11-2025 00:00,18-11-2025 00:00,254.83,454.21,110.61,48.01,3.25,6.67
DELHI_ANANT_VIHAR,18-11-2025 00:00,19-11-2025 00:00,277.21,491.54,128.0,42.83,4.5,5.92
DELHI_ANANT_VIHAR,19-11-2025 00:00,20-11-2025 00:00,317.38,542.87,138.04,45.05,4.19,6.29
DELHI_ANANT_VIHAR,20-11-2025 00:00,21-11-2025 00:00,284.7,504.25,137.37,46.84,4.11,9.58
DELHI_ANANT_VIHAR,21-11-2025 00:00,22-11-2025 00:00,302.58,523.92,109.13,51.09,4.63,17.74
DELHI_ANANT_VIHAR,22-11-2025 00:00,23-11-2025 00:00,295.67,506.79,129.0,52.98,4.14,17.87
DELHI_ANANT_VIHAR,23-11-2025 00:00,24-11-2025 00:00,351.04,586.17,148.48,53.79,4.48,17.43
DELHI_ANANT_VIHAR,24-11-2025 00:00,25-11-2025 00:00,275.78,476.33,126.02,33.89,3.82,18.02
DELHI_ANANT_VIHAR,25-11-2025 00:00,26-11-2025 00:00,237.77,436.15,120.86,45.66,3.42,15.3
DELHI_ANANT_VIHAR,26-11-2025 00:00,27-11-2025 00:00,215.97,415.08,104.57,45.04,4.68,14.74
DELHI_ANANT_VIHAR,27-11-2025 00:00,28-11-2025 00:00,336.36,552.67,102.77,59.2,2.18,18.19
DELHI_ANANT_VIHAR,28-11-2025 00:00,29-11-2025 00:00,261.18,463.05,102.03,62.03,3.23,18.11
DELHI_ANANT_VIHAR,29-11-2025 00:00,30-11-2025 00:00,142.25,274.75,93.71,71.73,2.16,18.17
DELHI_ANANT_VIHAR,30-11-2025 00:00,01-12-2025 00:00,147.29,286.0,104.31,53.69,2.81,18.45
DELHI_ANANT_VIHAR,01-12-2025 00:00,02-12-2025 00:00,215.26,397.38,105.9,96.39,3.67,18.44
DELHI_ANANT_VIHAR,02-12-2025 00:00,03-12-2025 00:00,272.92,468.46,113.28,125.29,3.14,15.07
DELHI_ANANT_VIHAR,03-12-2025 00:00,04-12-2025 00:00,191.42,329.7,87.54,44.67,2.96,14.16
DELHI_ANANT_VIHAR,04-12-2025 00:00,05-12-2025 00:00,171.46,304.42,86.15,30.86,2.98,15.47
DELHI_ANANT_VIHAR,05-12-2025 00:00,06-12-2025 00:00,207.79,351.17,106.29,35.38,3.44,16.99
DELHI_ANANT_VIHAR,06-12-2025 00:00,07-12-2025 00:00,185.58,318.96,102.57,39.4,2.91,13.86
DELHI_ANANT_VIHAR,07-12-2025 00:00,08-12-2025 00:00,181.32,311.38,100.36,47.98,2.43,5.66
DELHI_ANANT_VIHAR,08-12-2025 00:00,09-12-2025 00:00,176.21,316.04,99.3,36.59,2.48,10.78
DELHI_ANANT_VIHAR,09-12-2025 00:00,10-12-2025 00:00,154.16,299.84,94.43,29.77,2.49,16.05
DELHI_ANANT_VIHAR,10-12-2025 00:00,11-12-2025 00:00,131.92,267.71,82.44,22.85,2.4,15.96
DELHI_ANANT_VIHAR,11-12-2025 00:00,12-12-2025 00:00,214.78,377.58,93.02,17.12,3.59,16.19
DELHI_ANANT_VIHAR,12-12-2025 00:00,13-12-2025 00:00,355.21,569.52,101.63,19.08,4.73,15.92
DELHI_ANANT_VIHAR,13-12-2025 00:00,14-12-2025 00:00,471.62,665.61,97.08,12.81,5.08,16.58
DELHI_ANANT_VIHAR,14-12-2025 00:00,15-12-2025 00:00,506.5,695.0,89.05,10.29,5.63,15.08
DELHI_ANANT_VIHAR,15-12-2025 00:00,16-12-2025 00:00,355.71,494.92,91.14,10.98,4.27,14.88
DELHI_ANANT_VIHAR,16-12-2025 00:00,17-12-2025 00:00,194.12,341.08,76.74,21.08,2.23,14.15
DELHI_ANANT_VIHAR,17-12-2025 00:00,18-12-2025 00:00,241.29,424.96,71.55,28.32,2.46,12.33
DELHI_ANANT_VIHAR,18-12-2025 00:00,19-12-2025 00:00,346.08,521.08,49.57,22.6,3.0,11.2
DELHI_ANANT_VIHAR,19-12-2025 00:00,20-12-2025 00:00,283.62,439.0,66.21,15.72,3.45,10.1
DELHI_ANANT_VIHAR,20-12-2025 00:00,21-12-2025 00:00,387.4,528.33,49.95,83.6,4.1,11.26
DELHI_ANANT_VIHAR,21-12-2025 00:00,22-12-2025 00:00,260.88,370.71,44.24,20.67,2.35,10.88
DELHI_ANANT_VIHAR,22-12-2025 00:00,23-12-2025 00:00,333.46,527.75,63.78,24.5,3.23,10.04
DELHI_ANANT_VIHAR,23-12-2025 00:00,24-12-2025 00:00,291.48,429.29,63.64,32.9,3.28,10.31
DELHI_ANANT_VIHAR,24-12-2025 00:00,25-12-2025 00:00,132.21,298.83,50.94,24.63,2.19,9.27
DELHI_ANANT_VIHAR,25-12-2025 00:00,26-12-2025 00:00,205.96,437.67,63.15,30.95,2.8,9.88
DELHI_ANANT_VIHAR,26-12-2025 00:00,27-12-2025 00:00,337.71,501.03,54.8,27.46,3.39,9.18
DELHI_ANANT_VIHAR,27-12-2025 00:00,28-12-2025 00:00,352.83,527.88,60.58,28.84,2.64,9.54
DELHI_ANANT_VIHAR,28-12-2025 00:00,29-12-2025 00:00,372.12,568.67,58.75,25.14,3.85,9.69
DELHI_ANANT_VIHAR,29-12-2025 00:00,30-12-2025 00:00,356.29,496.08,54.95,19.5,2.89,10.62
DELHI_ANANT_VIHAR,30-12-2025 00:00,31-12-2025 00:00,359.94,519.79,120.56,22.81,3.26,8.37
DELHI_ANANT_VIHAR,31-12-2025 00:00,01-01-2026 00:00,323.62,420.46,25.11,21.84,2.85,5.0
DELHI_ANANT_VIHAR,01-01-2026 00:00,02-01-2026 00:00,262.83,367.05,17.33,21.22,2.0,3.67
DELHI_ANANT_VIHAR,02-01-2026 00:00,03-01-2026 00:00,114.87,194.38,12.18,21.77,1.11,5.96
DELHI_ANANT_VIHAR,03-01-2026 00:00,04-01-2026 00:00,177.29,350.77,25.16,18.56,1.36,7.27
DELHI_ANANT_VIHAR,04-01-2026 00:00,05-01-2026 00:00,172.96,301.71,23.15,16.08,1.55,9.12
DELHI_ANANT_VIHAR,05-01-2026 00:00,06-01-2026 00:00,169.42,324.29,24.29,25.1,1.0,4.59
DELHI_ANANT_VIHAR,06-01-2026 00:00,07-01-2026 00:00,195.49,329.69,21.22,16.26,1.02,4.29
DELHI_ANANT_VIHAR,07-01-2026 00:00,08-01-2026 00:00,168.13,293.46,15.99,16.97,0.71,3.56
DELHI_ANANT_VIHAR,08-01-2026 00:00,09-01-2026 00:00,230.57,390.83,20.83,16.8,1.24,6.72
DELHI_ANANT_VIHAR,09-01-2026 00:00,10-01-2026 00:00,281.21,444.17,34.06,18.52,1.69,11.93
DELHI_ANANT_VIHAR,10-01-2026 00:00,11-01-2026 00:00,206.21,358.88,41.36,8.94,1.45,8.57
DELHI_ANANT_VIHAR,11-01-2026 00:00,12-01-2026 00:00,176.79,294.42,36.9,9.96,1.07,10.2
DELHI_ANANT_VIHAR,12-01-2026 00:00,13-01-2026 00:00,236.92,362.38,42.41,23.1,1.41,8.2
DELHI_ANANT_VIHAR,13-01-2026 00:00,14-01-2026 00:00,361.83,514.91,46.27,22.3,2.57,8.85
DELHI_ANANT_VIHAR,14-01-2026 00:00,15-01-2026 00:00,173.79,404.59,37.99,24.41,1.67,8.38
DELHI_ANANT_VIHAR,15-01-2026 00:00,16-01-2026 00:00,180.55,407.5,31.0,22.1,1.67,11.66
DELHI_ANANT_VIHAR,16-01-2026 00:00,17-01-2026 00:00,298.76,491.25,32.22,15.49,2.08,34.4
DELHI_ANANT_VIHAR,17-01-2026 00:00,17-01-2026 22:23,442.29,650.7,43.37,22.21,3.43,14.4
DELHI_CHANDINI_CHOWK,01-01-2025 00:00,02-01-2025 00:00,119.89,225.22,5.95,22.0,0.84,27.84
DELHI_CHANDINI_CHOWK,02-01-2025 00:00,03-01-2025 00:00,,,,,,27.19
DELHI_CHANDINI_CHOWK,03-01-2025 00:00,04-01-2025 00:00,221.84,636.1,6.73,19.88,1.38,18.69
DELHI_CHANDINI_CHOWK,04-01-2025 00:00,05-01-2025 00:00,167.89,240.65,4.04,20.34,1.0,29.17
DELHI_CHANDINI_CHOWK,05-01-2025 00:00,06-01-2025 00:00,96.1,235.84,71.09,23.11,1.38,21.38
DELHI_CHANDINI_CHOWK,06-01-2025 00:00,07-01-2025 00:00,113.22,210.28,73.96,24.23,1.21,23.13
DELHI_CHANDINI_CHOWK,07-01-2025 00:00,08-01-2025 00:00,111.78,339.53,52.34,17.67,1.04,22.66
DELHI_CHANDINI_CHOWK,08-01-2025 00:00,09-01-2025 00:00,97.58,296.49,45.13,12.15,1.08,22.88
DELHI_CHANDINI_CHOWK,09-01-2025 00:00,10-01-2025 00:00,199.73,408.18,28.75,12.44,1.3,22.85
DELHI_CHANDINI_CHOWK,10-01-2025 00:00,11-01-2025 00:00,178.46,290.73,46.47,12.6,1.04,22.0
DELHI_CHANDINI_CHOWK,11-01-2025 00:00,12-01-2025 00:00,,161.8,,,,16.69
DELHI_CHANDINI_CHOWK,12-01-2025 00:00,13-01-2025 00:00,,,,,,14.27
DELHI_CHANDINI_CHOWK,13-01-2025 00:00,14-01-2025 00:00,94.75,181.84,64.47,14.26,1.53,27.58
DELHI_CHANDINI_CHOWK,14-01-2025 00:00,15-01-2025 00:00,113.19,224.29,77.93,18.2,1.52,22.97
DELHI_CHANDINI_CHOWK,15-01-2025 00:00,16-01-2025 00:00,213.39,402.03,52.25,17.94,1.33,21.33
DELHI_CHANDINI_CHOWK,16-01-2025 00:00,17-01-2025 00:00,103.92,210.84,69.9,22.02,1.61,18.01
DELHI_CHANDINI_CHOWK,17-01-2025 00:00,18-01-2025 00:00,98.4,174.39,64.93,19.22,1.12,18.06
DELHI_CHANDINI_CHOWK,18-01-2025 00:00,19-01-2025 00:00,127.57,192.75,20.05,16.39,1.34,18.27
DELHI_CHANDINI_CHOWK,19-01-2025 00:00,20-01-2025 00:00,187.97,270.52,55.52,15.82,1.18,18.13
DELHI_CHANDINI_CHOWK,20-01-2025 00:00,21-01-2025 00:00,124.71,188.3,64.11,17.09,1.16,18.19
DELHI_CHANDINI_CHOWK,21-01-2025 00:00,22-01-2025 00:00,79.77,172.21,80.61,15.63,1.33,18.07
DELHI_CHANDINI_CHOWK,22-01-2025 00:00,23-01-2025 00:00,97.37,167.8,65.17,14.08,1.5,17.81
DELHI_CHANDINI_CHOWK,23-01-2025 00:00,24-01-2025 00:00,103.06,170.08,47.97,17.36,1.15,17.85
DELHI_CHANDINI_CHOWK,24-01-2025 00:00,25-01-2025 00:00,69.56,165.39,33.67,19.03,1.34,17.01
DELHI_CHANDINI_CHOWK,25-01-2025 00:00,26-01-2025 00:00,86.31,234.8,173.36,14.0,1.31,18.22
DELHI_CHANDINI_CHOWK,26-01-2025 00:00,27-01-2025 00:00,91.81,261.91,,13.26,1.34,18.1
DELHI_CHANDINI_CHOWK,27-01-2025 00:00,28-01-2025 00:00,115.79,313.32,290.64,12.78,1.23,18.12
DELHI_CHANDINI_CHOWK,28-01-2025 00:00,29-01-2025 00:00,120.99,319.81,63.41,14.27,1.45,17.47
DELHI_CHANDINI_CHOWK,29-01-2025 00:00,30-01-2025 00:00,195.47,426.77,74.18,18.05,0.88,18.04
DELHI_CHANDINI_CHOWK,30-01-2025 00:00,31-01-2025 00:00,143.17,477.93,97.58,17.35,1.09,19.95
DELHI_CHANDINI_CHOWK,31-01-2025 00:00,01-02-2025 00:00,143.28,508.52,139.26,18.14,0.96,20.03
DELHI_CHANDINI_CHOWK,01-02-2025 00:00,02-02-2025 00:00,130.07,416.42,116.64,17.26,,20.39
DELHI_CHANDINI_CHOWK,02-02-2025 00:00,03-02-2025 00:00,116.55,373.9,91.73,17.34,,20.22
DELHI_CHANDINI_CHOWK,03-02-2025 00:00,04-02-2025 00:00,97.39,310.69,85.42,18.28,1.23,19.87
DELHI_CHANDINI_CHOWK,04-02-2025 00:00,05-02-2025 00:00,157.62,383.84,122.96,24.4,1.28,20.29
DELHI_CHANDINI_CHOWK,05-02-2025 00:00,06-02-2025 00:00,108.2,242.57,121.8,23.19,1.23,20.59
DELHI_CHANDINI_CHOWK,06-02-2025 00:00,07-02-2025 00:00,85.69,229.8,96.34,20.46,1.03,19.68
DELHI_CHANDINI_CHOWK,07-02-2025 00:00,08-02-2025 00:00,69.16,171.36,50.08,18.78,0.74,20.35
DELHI_CHANDINI_CHOWK,08-02-2025 00:00,09-02-2025 00:00,81.53,223.41,27.08,18.65,0.94,20.18
DELHI_CHANDINI_CHOWK,09-02-2025 00:00,10-02-2025 00:00,123.37,279.28,20.42,21.82,0.74,20.56
DELHI_CHANDINI_CHOWK,10-02-2025 00:00,11-02-2025 00:00,145.2,323.47,19.39,20.15,0.83,20.68
DELHI_CHANDINI_CHOWK,11-02-2025 00:00,12-02-2025 00:00,101.19,208.71,44.59,21.96,2.53,23.58
DELHI_CHANDINI_CHOWK,12-02-2025 00:00,13-02-2025 00:00,69.77,156.59,63.92,19.14,2.58,20.95
DELHI_CHANDINI_CHOWK,13-02-2025 00:00,14-02-2025 00:00,49.74,112.51,88.23,17.92,2.61,20.15
DELHI_CHANDINI_CHOWK,14-02-2025 00:00,15-02-2025 00:00,48.51,149.02,71.03,19.34,2.62,20.29
DELHI_CHANDINI_CHOWK,15-02-2025 00:00,16-02-2025 00:00,155.13,227.12,83.18,19.44,2.73,20.22
DELHI_CHANDINI_CHOWK,16-02-2025 00:00,17-02-2025 00:00,150.82,326.05,97.74,20.37,2.57,20.09
DELHI_CHANDINI_CHOWK,17-02-2025 00:00,18-02-2025 00:00,100.29,218.67,94.45,21.25,2.71,20.3
DELHI_CHANDINI_CHOWK,18-02-2025 00:00,19-02-2025 00:00,96.02,188.05,77.63,19.94,2.55,19.26
DELHI_CHANDINI_CHOWK,19-02-2025 00:00,20-02-2025 00:00,75.14,173.63,,20.79,2.43,20.85
DELHI_CHANDINI_CHOWK,20-02-2025 00:00,21-02-2025 00:00,23.69,152.66,47.31,18.95,1.7,22.8
DELHI_CHANDINI_CHOWK,21-02-2025 00:00,22-02-2025 00:00,26.63,153.71,49.51,17.11,1.23,19.64
DELHI_CHANDINI_CHOWK,22-02-2025 00:00,23-02-2025 00:00,32.37,152.21,51.1,17.65,1.3,20.18
DELHI_CHANDINI_CHOWK,23-02-2025 00:00,24-02-2025 00:00,88.21,165.91,52.0,17.99,1.29,16.88
DELHI_CHANDINI_CHOWK,24-02-2025 00:00,25-02-2025 00:00,93.68,195.04,63.32,17.68,1.27,15.2
DELHI_CHANDINI_CHOWK,25-02-2025 00:00,26-02-2025 00:00,97.97,213.75,47.42,21.2,1.7,24.13
DELHI_CHANDINI_CHOWK,26-02-2025 00:00,27-02-2025 00:00,149.13,259.79,67.78,24.12,1.51,20.29
DELHI_CHANDINI_CHOWK,27-02-2025 00:00,28-02-2025 00:00,91.19,172.89,75.08,27.08,1.1,17.32
DELHI_CHANDINI_CHOWK,28-02-2025 00:00,01-03-2025 00:00,74.24,146.09,76.48,36.74,1.29,20.05
DELHI_CHANDINI_CHOWK,01-03-2025 00:00,02-03-2025 00:00,72.26,132.3,59.86,36.55,1.33,20.26
DELHI_CHANDINI_CHOWK,02-03-2025 00:00,03-03-2025 00:00,63.81,127.22,47.81,31.49,1.3,20.05
DELHI_CHANDINI_CHOWK,03-03-2025 00:00,04-03-2025 00:00,77.0,157.12,50.46,26.21,1.38,20.39
DELHI_CHANDINI_CHOWK,04-03-2025 00:00,05-03-2025 00:00,70.26,157.62,45.08,26.15,1.24,20.07
DELHI_CHANDINI_CHOWK,05-03-2025 00:00,06-03-2025 00:00,62.1,137.55,24.02,15.89,1.27,23.06
DELHI_CHANDINI_CHOWK,06-03-2025 00:00,07-03-2025 00:00,69.99,214.94,46.4,21.43,1.25,22.94
DELHI_CHANDINI_CHOWK,07-03-2025 00:00,08-03-2025 00:00,90.88,220.19,93.73,36.85,0.78,22.83
DELHI_CHANDINI_CHOWK,08-03-2025 00:00,09-03-2025 00:00,70.5,194.21,99.57,24.71,1.03,22.96
DELHI_CHANDINI_CHOWK,09-03-2025 00:00,10-03-2025 00:00,104.43,261.79,132.33,32.22,1.78,22.7
DELHI_CHANDINI_CHOWK,10-03-2025 00:00,11-03-2025 00:00,83.77,177.1,143.99,27.83,2.14,23.71
DELHI_CHANDINI_CHOWK,11-03-2025 00:00,12-03-2025 00:00,110.66,258.17,,15.25,1.23,23.46
DELHI_CHANDINI_CHOWK,12-03-2025 00:00,13-03-2025 00:00,98.73,174.22,,10.64,0.77,35.02
DELHI_CHANDINI_CHOWK,13-03-2025 00:00,14-03-2025 00:00,110.76,158.26,86.85,20.01,1.12,34.99
DELHI_CHANDINI_CHOWK,14-03-2025 00:00,15-03-2025 00:00,88.21,159.07,,21.8,3.25,
DELHI_CHANDINI_CHOWK,15-03-2025 00:00,16-03-2025 00:00,50.56,90.08,,21.22,1.38,
DELHI_CHANDINI_CHOWK,16-03-2025 00:00,17-03-2025 00:00,52.5,85.67,12.46,21.61,2.15,
DELHI_CHANDINI_CHOWK,17-03-2025 00:00,18-03-2025 00:00,65.55,123.76,,20.53,1.38,
DELHI_CHANDINI_CHOWK,18-03-2025 00:00,19-03-2025 00:00,78.11,210.13,,21.73,1.16,
DELHI_CHANDINI_CHOWK,19-03-2025 00:00,20-03-2025 00:00,78.06,120.33,,18.09,2.09,
DELHI_CHANDINI_CHOWK,20-03-2025 00:00,21-03-2025 00:00,94.69,163.43,,16.39,2.87,
DELHI_CHANDINI_CHOWK,21-03-2025 00:00,22-03-2025 00:00,67.46,110.11,,10.98,1.7,
DELHI_CHANDINI_CHOWK,22-03-2025 00:00,23-03-2025 00:00,77.92,130.95,,13.8,3.98,
DELHI_CHANDINI_CHOWK,23-03-2025 00:00,24-03-2025 00:00,81.64,128.66,,11.42,1.7,
DELHI_CHANDINI_CHOWK,24-03-2025 00:00,25-03-2025 00:00,104.72,161.78,29.25,13.16,2.5,
DELHI_CHANDINI_CHOWK,25-03-2025 00:00,26-03-2025 00:00,119.64,158.64,31.18,18.95,1.71,
DELHI_CHANDINI_CHOWK,26-03-2025 00:00,27-03-2025 00:00,103.1,183.53,29.45,17.35,2.43,
DELHI_CHANDINI_CHOWK,27-03-2025 00:00,28-03-2025 00:00,111.93,250.92,,22.44,2.73,
DELHI_CHANDINI_CHOWK,28-03-2025 00:00,29-03-2025 00:00,85.57,185.48,,17.17,1.62,
DELHI_CHANDINI_CHOWK,29-03-2025 00:00,30-03-2025 00:00,59.23,115.71,,15.45,4.82,
DELHI_CHANDINI_CHOWK,30-03-2025 00:00,31-03-2025 00:00,51.33,103.15,,18.68,4.68,
DELHI_CHANDINI_CHOWK,31-03-2025 00:00,01-04-2025 00:00,58.99,117.63,,20.46,4.19,
DELHI_CHANDINI_CHOWK,01-04-2025 00:00,02-04-2025 00:00,63.26,129.32,30.53,19.29,4.57,
DELHI_CHANDINI_CHOWK,02-04-2025 00:00,03-04-2025 00:00,87.89,191.4,30.04,24.66,4.09,
DELHI_CHANDINI_CHOWK,03-04-2025 00:00,04-04-2025 00:00,61.66,148.03,30.06,15.68,2.5,
DELHI_CHANDINI_CHOWK,04-04-2025 00:00,05-04-2025 00:00,101.19,235.19,36.18,20.56,3.0,
DELHI_CHANDINI_CHOWK,05-04-2025 00:00,06-04-2025 00:00,56.83,70.6,81.39,23.09,4.88,
DELHI_CHANDINI_CHOWK,06-04-2025 00:00,07-04-2025 00:00,62.2,206.84,111.33,24.31,3.69,
DELHI_CHANDINI_CHOWK,07-04-2025 00:00,08-04-2025 00:00,78.99,251.8,113.56,33.82,2.86,
DELHI_CHANDINI_CHOWK,08-04-2025 00:00,09-04-2025 00:00,71.25,258.72,98.16,23.13,3.49,
DELHI_CHANDINI_CHOWK,09-04-2025 00:00,10-04-2025 00:00,81.0,201.17,93.41,18.56,3.33,
DELHI_CHANDINI_CHOWK,10-04-2025 00:00,11-04-2025 00:00,110.22,233.57,97.66,21.5,1.32,
DELHI_CHANDINI_CHOWK,11-04-2025 00:00,12-04-2025 00:00,77.78,131.33,50.8,11.01,2.14,
DELHI_CHANDINI_CHOWK,12-04-2025 00:00,13-04-2025 00:00,64.39,104.51,59.99,15.31,1.95,
DELHI_CHANDINI_CHOWK,13-04-2025 00:00,14-04-2025 00:00,75.56,128.23,63.88,22.16,2.17,
DELHI_CHANDINI_CHOWK,14-04-2025 00:00,15-04-2025 00:00,86.67,154.71,49.01,17.78,2.11,
DELHI_CHANDINI_CHOWK,15-04-2025 00:00,16-04-2025 00:00,85.0,159.13,39.11,15.51,2.44,
DELHI_CHANDINI_CHOWK,16-04-2025 00:00,17-04-2025 00:00,101.41,186.34,39.74,18.03,2.53,
DELHI_CHANDINI_CHOWK,17-04-2025 00:00,18-04-2025 00:00,104.96,173.24,71.0,15.48,2.62,
DELHI_CHANDINI_CHOWK,18-04-2025 00:00,19-04-2025 00:00,88.13,129.01,61.86,13.72,1.7,
DELHI_CHANDINI_CHOWK,19-04-2025 00:00,20-04-2025 00:00,68.36,79.83,51.24,8.88,1.56,
DELHI_CHANDINI_CHOWK,20-04-2025 00:00,21-04-2025 00:00,59.12,70.93,62.32,11.71,1.37,
DELHI_CHANDINI_CHOWK,21-04-2025 00:00,22-04-2025 00:00,83.83,127.34,108.69,16.68,1.67,
DELHI_CHANDINI_CHOWK,22-04-2025 00:00,23-04-2025 00:00,103.19,151.9,106.68,25.05,2.03,
DELHI_CHANDINI_CHOWK,23-04-2025 00:00,24-04-2025 00:00,86.5,131.18,111.63,30.24,1.73,
DELHI_CHANDINI_CHOWK,24-04-2025 00:00,25-04-2025 00:00,100.06,151.37,144.4,36.93,2.63,
DELHI_CHANDINI_CHOWK,25-04-2025 00:00,26-04-2025 00:00,106.34,167.39,45.98,36.02,2.69,
DELHI_CHANDINI_CHOWK,26-04-2025 00:00,27-04-2025 00:00,117.2,170.16,50.09,33.13,2.23,
DELHI_CHANDINI_CHOWK,27-04-2025 00:00,28-04-2025 00:00,96.48,141.64,39.76,26.62,,
DELHI_CHANDINI_CHOWK,28-04-2025 00:00,29-04-2025 00:00,117.33,166.82,30.12,27.3,2.29,
DELHI_CHANDINI_CHOWK,29-04-2025 00:00,30-04-2025 00:00,81.85,125.58,21.15,10.02,1.88,
DELHI_CHANDINI_CHOWK,30-04-2025 00:00,01-05-2025 00:00,81.57,118.33,29.9,10.99,1.14,
DELHI_CHANDINI_CHOWK,01-05-2025 00:00,02-05-2025 00:00,76.64,116.43,32.02,9.66,1.64,
DELHI_CHANDINI_CHOWK,02-05-2025 00:00,03-05-2025 00:00,70.61,94.01,38.36,6.93,1.59,
DELHI_CHANDINI_CHOWK,03-05-2025 00:00,04-05-2025 00:00,38.92,136.66,54.77,6.11,1.36,
DELHI_CHANDINI_CHOWK,04-05-2025 00:00,05-05-2025 00:00,40.05,141.38,56.02,8.28,1.29,
DELHI_CHANDINI_CHOWK,05-05-2025 00:00,06-05-2025 00:00,52.67,66.78,51.27,8.5,1.23,18.17
DELHI_CHANDINI_CHOWK,06-05-2025 00:00,07-05-2025 00:00,56.98,112.72,66.66,9.72,1.73,34.13
DELHI_CHANDINI_CHOWK,07-05-2025 00:00,08-05-2025 00:00,62.29,97.11,66.02,9.44,1.78,64.09
DELHI_CHANDINI_CHOWK,08-05-2025 00:00,09-05-2025 00:00,78.72,123.96,80.76,11.84,1.84,47.6
DELHI_CHANDINI_CHOWK,09-05-2025 00:00,10-05-2025 00:00,45.26,70.61,82.68,15.28,1.71,54.95
DELHI_CHANDINI_CHOWK,10-05-2025 00:00,11-05-2025 00:00,47.63,112.67,91.31,16.97,1.81,55.39
DELHI_CHANDINI_CHOWK,11-05-2025 00:00,12-05-2025 00:00,25.82,66.68,87.88,21.24,1.56,101.61
DELHI_CHANDINI_CHOWK,12-05-2025 00:00,13-05-2025 00:00,48.69,107.64,96.16,20.13,1.69,73.46
DELHI_CHANDINI_CHOWK,13-05-2025 00:00,14-05-2025 00:00,37.44,70.6,79.16,17.15,1.33,58.72
DELHI_CHANDINI_CHOWK,14-05-2025 00:00,15-05-2025 00:00,48.62,65.27,102.96,19.5,1.3,34.69
DELHI_CHANDINI_CHOWK,15-05-2025 00:00,16-05-2025 00:00,184.68,377.52,108.97,21.6,1.2,40.08
DELHI_CHANDINI_CHOWK,16-05-2025 00:00,17-05-2025 00:00,29.45,81.26,111.15,13.34,1.33,55.15
DELHI_CHANDINI_CHOWK,17-05-2025 00:00,18-05-2025 00:00,13.46,39.64,75.34,14.89,1.29,28.47
DELHI_CHANDINI_CHOWK,18-05-2025 00:00,19-05-2025 00:00,37.41,63.36,67.71,14.36,1.36,44.67
DELHI_CHANDINI_CHOWK,19-05-2025 00:00,20-05-2025 00:00,52.83,111.5,63.43,14.13,1.24,40.97
DELHI_CHANDINI_CHOWK,20-05-2025 00:00,21-05-2025 00:00,81.31,118.87,80.98,19.59,0.83,55.22
DELHI_CHANDINI_CHOWK,21-05-2025 00:00,22-05-2025 00:00,57.69,81.19,75.87,14.96,0.95,90.06
DELHI_CHANDINI_CHOWK,22-05-2025 00:00,23-05-2025 00:00,39.15,71.87,79.39,11.58,1.18,55.59
DELHI_CHANDINI_CHOWK,23-05-2025 00:00,24-05-2025 00:00,52.58,88.23,82.34,10.68,1.24,59.62
DELHI_CHANDINI_CHOWK,24-05-2025 00:00,25-05-2025 00:00,65.36,113.1,69.17,10.43,1.37,61.44
DELHI_CHANDINI_CHOWK,25-05-2025 00:00,26-05-2025 00:00,49.07,98.92,69.54,11.77,1.23,39.98
DELHI_CHANDINI_CHOWK,26-05-2025 00:00,27-05-2025 00:00,50.47,110.32,77.89,10.06,2.2,35.5
DELHI_CHANDINI_CHOWK,27-05-2025 00:00,28-05-2025 00:00,57.73,111.56,71.37,9.0,2.78,35.15
DELHI_CHANDINI_CHOWK,28-05-2025 00:00,29-05-2025 00:00,59.89,117.05,38.52,10.64,1.0,38.41
DELHI_CHANDINI_CHOWK,29-05-2025 00:00,30-05-2025 00:00,64.73,136.13,40.33,12.88,1.17,37.52
DELHI_CHANDINI_CHOWK,30-05-2025 00:00,31-05-2025 00:00,65.18,152.96,35.0,16.12,1.28,28.85
DELHI_CHANDINI_CHOWK,31-05-2025 00:00,01-06-2025 00:00,78.65,215.45,34.01,18.03,1.67,50.84
DELHI_CHANDINI_CHOWK,01-06-2025 00:00,02-06-2025 00:00,56.81,183.07,35.57,17.15,0.82,26.13
DELHI_CHANDINI_CHOWK,02-06-2025 00:00,03-06-2025 00:00,49.88,115.1,35.6,16.9,1.07,35.63
DELHI_CHANDINI_CHOWK,03-06-2025 00:00,04-06-2025 00:00,51.78,114.9,32.59,16.47,1.45,36.57
DELHI_CHANDINI_CHOWK,04-06-2025 00:00,05-06-2025 00:00,56.37,143.45,44.21,13.97,1.42,28.42
DELHI_CHANDINI_CHOWK,05-06-2025 00:00,06-06-2025 00:00,73.36,133.89,62.67,14.05,1.04,42.94
DELHI_CHANDINI_CHOWK,06-06-2025 00:00,07-06-2025 00:00,63.98,123.33,78.72,9.95,0.8,36.74
DELHI_CHANDINI_CHOWK,07-06-2025 00:00,08-06-2025 00:00,86.78,151.17,78.53,10.91,1.17,34.83
DELHI_CHANDINI_CHOWK,08-06-2025 00:00,09-06-2025 00:00,92.09,,104.62,12.58,1.15,37.4
DELHI_CHANDINI_CHOWK,09-06-2025 00:00,10-06-2025 00:00,76.61,145.22,72.84,15.78,1.18,42.31
DELHI_CHANDINI_CHOWK,10-06-2025 00:00,11-06-2025 00:00,67.07,187.0,58.82,15.26,1.23,16.88
DELHI_CHANDINI_CHOWK,11-06-2025 00:00,12-06-2025 00:00,84.02,182.87,61.94,12.93,1.2,36.56
DELHI_CHANDINI_CHOWK,12-06-2025 00:00,13-06-2025 00:00,91.95,118.43,59.56,7.81,1.19,50.42
DELHI_CHANDINI_CHOWK,13-06-2025 00:00,14-06-2025 00:00,82.3,130.9,62.63,9.21,1.24,50.56
DELHI_CHANDINI_CHOWK,14-06-2025 00:00,15-06-2025 00:00,79.59,97.48,53.69,6.42,1.56,44.27
DELHI_CHANDINI_CHOWK,15-06-2025 00:00,16-06-2025 00:00,45.27,78.14,74.56,9.72,1.87,25.87
DELHI_CHANDINI_CHOWK,16-06-2025 00:00,17-06-2025 00:00,50.45,73.54,58.51,6.47,1.4,36.52
DELHI_CHANDINI_CHOWK,17-06-2025 00:00,18-06-2025 00:00,50.24,63.43,48.39,6.0,0.94,35.01
DELHI_CHANDINI_CHOWK,18-06-2025 00:00,19-06-2025 00:00,47.8,58.83,48.47,5.26,0.89,32.24
DELHI_CHANDINI_CHOWK,19-06-2025 00:00,20-06-2025 00:00,41.83,57.59,51.91,6.79,0.54,45.94
DELHI_CHANDINI_CHOWK,20-06-2025 00:00,21-06-2025 00:00,34.45,55.96,47.22,5.41,0.96,31.37
DELHI_CHANDINI_CHOWK,21-06-2025 00:00,22-06-2025 00:00,36.25,61.05,45.33,5.66,0.81,31.85
DELHI_CHANDINI_CHOWK,22-06-2025 00:00,23-06-2025 00:00,,,,,,
DELHI_CHANDINI_CHOWK,23-06-2025 00:00,24-06-2025 00:00,47.64,96.23,47.46,5.23,0.95,40.62
DELHI_CHANDINI_CHOWK,24-06-2025 00:00,25-06-2025 00:00,37.55,68.66,45.39,5.87,0.99,19.93
DELHI_CHANDINI_CHOWK,25-06-2025 00:00,26-06-2025 00:00,57.19,84.58,42.24,5.42,1.06,16.53
DELHI_CHANDINI_CHOWK,26-06-2025 00:00,27-06-2025 00:00,44.31,65.98,44.53,4.85,0.93,27.62
DELHI_CHANDINI_CHOWK,27-06-2025 00:00,28-06-2025 00:00,30.5,66.55,45.89,6.73,0.87,26.22
DELHI_CHANDINI_CHOWK,28-06-2025 00:00,29-06-2025 00:00,41.03,79.07,46.75,12.87,1.07,21.56
DELHI_CHANDINI_CHOWK,29-06-2025 00:00,30-06-2025 00:00,35.1,67.01,45.03,12.53,1.18,6.86
DELHI_CHANDINI_CHOWK,30-06-2025 00:00,01-07-2025 00:00,40.92,61.15,47.12,13.8,1.44,37.49
DELHI_CHANDINI_CHOWK,01-07-2025 00:00,02-07-2025 00:00,37.61,51.09,41.38,11.54,1.26,24.83
DELHI_CHANDINI_CHOWK,02-07-2025 00:00,03-07-2025 00:00,41.88,70.05,43.6,9.53,1.09,26.25
DELHI_CHANDINI_CHOWK,03-07-2025 00:00,04-07-2025 00:00,36.95,63.26,34.38,14.41,0.92,31.23
DELHI_CHANDINI_CHOWK,04-07-2025 00:00,05-07-2025 00:00,35.24,65.7,46.24,15.0,1.11,22.5
DELHI_CHANDINI_CHOWK,05-07-2025 00:00,06-07-2025 00:00,45.83,81.78,54.87,15.98,1.08,24.99
DELHI_CHANDINI_CHOWK,06-07-2025 00:00,07-07-2025 00:00,40.88,87.31,46.8,14.97,1.16,21.43
DELHI_CHANDINI_CHOWK,07-07-2025 00:00,08-07-2025 00:00,33.69,52.34,45.95,12.9,1.16,37.63
DELHI_CHANDINI_CHOWK,08-07-2025 00:00,09-07-2025 00:00,64.12,98.88,57.39,10.66,1.22,50.6
DELHI_CHANDINI_CHOWK,09-07-2025 00:00,10-07-2025 00:00,44.38,65.52,36.99,13.52,0.84,41.17
DELHI_CHANDINI_CHOWK,10-07-2025 00:00,11-07-2025 00:00,20.68,32.85,46.83,8.66,0.86,19.36
DELHI_CHANDINI_CHOWK,11-07-2025 00:00,12-07-2025 00:00,48.99,85.61,66.87,10.49,1.01,23.69
DELHI_CHANDINI_CHOWK,12-07-2025 00:00,13-07-2025 00:00,45.76,85.36,43.4,10.58,0.9,27.45
DELHI_CHANDINI_CHOWK,13-07-2025 00:00,14-07-2025 00:00,20.2,66.53,34.32,6.14,0.85,33.95
DELHI_CHANDINI_CHOWK,14-07-2025 00:00,15-07-2025 00:00,26.62,48.15,29.92,13.85,0.82,22.85
DELHI_CHANDINI_CHOWK,15-07-2025 00:00,16-07-2025 00:00,18.16,28.09,21.08,14.03,0.79,14.07
DELHI_CHANDINI_CHOWK,16-07-2025 00:00,17-07-2025 00:00,39.88,54.49,32.51,14.07,0.83,12.84
DELHI_CHANDINI_CHOWK,17-07-2025 00:00,18-07-2025 00:00,34.92,60.71,49.72,13.51,0.75,21.17
DELHI_CHANDINI_CHOWK,18-07-2025 00:00,19-07-2025 00:00,16.58,67.82,33.21,13.54,0.82,60.68
DELHI_CHANDINI_CHOWK,19-07-2025 00:00,20-07-2025 00:00,31.56,49.25,21.09,14.2,0.94,44.37
DELHI_CHANDINI_CHOWK,20-07-2025 00:00,21-07-2025 00:00,45.19,68.34,25.28,13.76,0.8,
DELHI_CHANDINI_CHOWK,21-07-2025 00:00,22-07-2025 00:00,50.54,77.51,35.11,15.33,0.93,26.85
DELHI_CHANDINI_CHOWK,22-07-2025 00:00,23-07-2025 00:00,51.24,67.19,37.19,13.75,0.92,26.74
DELHI_CHANDINI_CHOWK,23-07-2025 00:00,24-07-2025 00:00,37.86,56.83,34.22,13.23,0.9,20.51
DELHI_CHANDINI_CHOWK,24-07-2025 00:00,25-07-2025 00:00,37.96,95.99,27.04,13.67,0.87,38.48
DELHI_CHANDINI_CHOWK,25-07-2025 00:00,26-07-2025 00:00,93.6,122.0,44.67,13.46,0.87,37.79
DELHI_CHANDINI_CHOWK,26-07-2025 00:00,27-07-2025 00:00,40.91,66.1,30.99,13.09,0.82,55.56
DELHI_CHANDINI_CHOWK,27-07-2025 00:00,28-07-2025 00:00,44.64,72.39,31.74,15.68,0.85,46.72
DELHI_CHANDINI_CHOWK,28-07-2025 00:00,29-07-2025 00:00,39.17,66.4,23.72,15.22,0.95,49.41
DELHI_CHANDINI_CHOWK,29-07-2025 00:00,30-07-2025 00:00,30.42,52.98,29.85,15.62,0.86,26.35
DELHI_CHANDINI_CHOWK,30-07-2025 00:00,31-07-2025 00:00,37.26,65.91,27.15,15.82,0.82,18.32
DELHI_CHANDINI_CHOWK,31-07-2025 00:00,01-08-2025 00:00,19.65,41.08,23.0,14.93,0.95,23.28
DELHI_CHANDINI_CHOWK,01-08-2025 00:00,02-08-2025 00:00,26.62,58.52,27.24,14.29,0.82,26.45
DELHI_CHANDINI_CHOWK,02-08-2025 00:00,03-08-2025 00:00,36.59,79.1,23.87,14.15,0.79,32.33
DELHI_CHANDINI_CHOWK,03-08-2025 00:00,04-08-2025 00:00,51.01,83.33,23.85,13.77,0.79,45.1
DELHI_CHANDINI_CHOWK,04-08-2025 00:00,05-08-2025 00:00,62.45,99.46,24.52,13.3,0.79,46.0
DELHI_CHANDINI_CHOWK,05-08-2025 00:00,06-08-2025 00:00,51.78,85.62,29.17,13.53,0.8,103.32
DELHI_CHANDINI_CHOWK,06-08-2025 00:00,07-08-2025 00:00,51.77,64.47,35.52,14.6,0.82,257.38
DELHI_CHANDINI_CHOWK,07-08-2025 00:00,08-08-2025 00:00,70.02,110.2,23.4,16.3,0.84,9.32
DELHI_CHANDINI_CHOWK,08-08-2025 00:00,09-08-2025 00:00,53.07,111.4,28.29,14.02,0.92,20.97
DELHI_CHANDINI_CHOWK,09-08-2025 00:00,10-08-2025 00:00,41.78,,27.79,15.62,1.17,19.75
DELHI_CHANDINI_CHOWK,10-08-2025 00:00,11-08-2025 00:00,43.23,51.52,27.01,15.02,1.27,15.22
DELHI_CHANDINI_CHOWK,11-08-2025 00:00,12-08-2025 00:00,55.06,89.94,33.27,14.58,0.94,18.03
DELHI_CHANDINI_CHOWK,12-08-2025 00:00,13-08-2025 00:00,50.34,115.45,57.53,12.9,1.52,8.68
DELHI_CHANDINI_CHOWK,13-08-2025 00:00,14-08-2025 00:00,28.65,136.91,75.37,12.34,1.6,30.9
DELHI_CHANDINI_CHOWK,14-08-2025 00:00,15-08-2025 00:00,23.25,60.82,21.07,11.55,1.22,39.65
DELHI_CHANDINI_CHOWK,15-08-2025 00:00,16-08-2025 00:00,33.35,78.21,23.91,6.57,1.05,46.69
DELHI_CHANDINI_CHOWK,16-08-2025 00:00,17-08-2025 00:00,37.27,91.59,31.57,5.66,1.24,21.2
DELHI_CHANDINI_CHOWK,17-08-2025 00:00,18-08-2025 00:00,34.48,88.93,29.67,9.37,1.08,29.26
DELHI_CHANDINI_CHOWK,18-08-2025 00:00,19-08-2025 00:00,27.1,97.06,23.2,15.43,1.0,18.0
DELHI_CHANDINI_CHOWK,19-08-2025 00:00,20-08-2025 00:00,23.7,93.5,36.33,8.94,1.07,58.94
DELHI_CHANDINI_CHOWK,20-08-2025 00:00,21-08-2025 00:00,19.51,88.93,51.99,7.21,0.87,27.59
DELHI_CHANDINI_CHOWK,21-08-2025 00:00,22-08-2025 00:00,20.48,95.5,37.63,8.88,0.9,45.03
DELHI_CHANDINI_CHOWK,22-08-2025 00:00,23-08-2025 00:00,33.92,132.45,34.93,9.75,1.21,40.48
DELHI_CHANDINI_CHOWK,23-08-2025 00:00,24-08-2025 00:00,23.24,93.25,37.26,8.91,1.03,30.8
DELHI_CHANDINI_CHOWK,24-08-2025 00:00,25-08-2025 00:00,21.09,68.28,51.81,10.0,0.98,17.84
DELHI_CHANDINI_CHOWK,25-08-2025 00:00,26-08-2025 00:00,19.0,62.48,231.56,7.99,1.04,12.46
DELHI_CHANDINI_CHOWK,26-08-2025 00:00,27-08-2025 00:00,20.96,51.58,87.07,6.65,1.11,14.04
DELHI_CHANDINI_CHOWK,27-08-2025 00:00,28-08-2025 00:00,26.91,81.92,86.73,10.02,1.41,22.79
DELHI_CHANDINI_CHOWK,28-08-2025 00:00,29-08-2025 00:00,39.33,134.52,65.15,9.98,1.43,17.71
DELHI_CHANDINI_CHOWK,29-08-2025 00:00,30-08-2025 00:00,28.8,99.62,62.31,10.2,1.09,16.1
DELHI_CHANDINI_CHOWK,30-08-2025 00:00,31-08-2025 00:00,18.42,80.44,44.79,8.12,1.06,16.0
DELHI_CHANDINI_CHOWK,31-08-2025 00:00,01-09-2025 00:00,24.2,86.99,43.05,9.1,1.04,19.15
DELHI_CHANDINI_CHOWK,01-09-2025 00:00,02-09-2025 00:00,12.89,48.66,25.04,7.09,0.98,23.89
DELHI_CHANDINI_CHOWK,02-09-2025 00:00,03-09-2025 00:00,14.77,33.88,40.89,8.38,0.97,30.32
DELHI_CHANDINI_CHOWK,03-09-2025 00:00,04-09-2025 00:00,,,,,,
DELHI_CHANDINI_CHOWK,04-09-2025 00:00,05-09-2025 00:00,,,,,,
DELHI_CHANDINI_CHOWK,05-09-2025 00:00,06-09-2025 00:00,14.54,73.1,28.67,11.23,1.53,24.57
DELHI_CHANDINI_CHOWK,06-09-2025 00:00,07-09-2025 00:00,23.36,79.89,,10.91,1.48,27.11
DELHI_CHANDINI_CHOWK,07-09-2025 00:00,08-09-2025 00:00,20.0,84.25,96.99,9.88,1.33,33.64
DELHI_CHANDINI_CHOWK,08-09-2025 00:00,09-09-2025 00:00,19.28,113.62,28.04,11.48,1.45,36.86
DELHI_CHANDINI_CHOWK,09-09-2025 00:00,10-09-2025 00:00,26.31,115.66,19.66,11.56,1.29,39.82
DELHI_CHANDINI_CHOWK,10-09-2025 00:00,11-09-2025 00:00,19.34,70.44,18.51,10.21,1.22,20.43
DELHI_CHANDINI_CHOWK,11-09-2025 00:00,12-09-2025 00:00,18.71,94.48,21.13,11.34,1.14,6.73
DELHI_CHANDINI_CHOWK,12-09-2025 00:00,13-09-2025 00:00,19.26,112.11,25.46,10.99,1.6,16.95
DELHI_CHANDINI_CHOWK,13-09-2025 00:00,14-09-2025 00:00,19.1,94.31,42.57,11.5,1.53,21.57
DELHI_CHANDINI_CHOWK,14-09-2025 00:00,15-09-2025 00:00,25.96,98.32,38.44,11.1,1.64,20.94
DELHI_CHANDINI_CHOWK,15-09-2025 00:00,16-09-2025 00:00,23.02,125.88,33.37,10.93,1.57,24.41
DELHI_CHANDINI_CHOWK,16-09-2025 00:00,17-09-2025 00:00,32.32,121.54,27.3,10.1,2.26,28.93
DELHI_CHANDINI_CHOWK,17-09-2025 00:00,18-09-2025 00:00,48.7,137.35,36.95,10.76,1.77,37.62
DELHI_CHANDINI_CHOWK,18-09-2025 00:00,19-09-2025 00:00,68.78,98.86,38.75,9.87,1.37,21.04
DELHI_CHANDINI_CHOWK,19-09-2025 00:00,20-09-2025 00:00,68.14,132.82,40.5,10.84,1.44,20.96
DELHI_CHANDINI_CHOWK,20-09-2025 00:00,21-09-2025 00:00,51.61,124.04,40.33,10.38,1.35,30.35
DELHI_CHANDINI_CHOWK,21-09-2025 00:00,22-09-2025 00:00,49.7,126.58,34.57,11.17,1.29,42.84
DELHI_CHANDINI_CHOWK,22-09-2025 00:00,23-09-2025 00:00,45.81,126.28,34.37,12.33,1.33,38.84
DELHI_CHANDINI_CHOWK,23-09-2025 00:00,24-09-2025 00:00,46.79,120.59,39.05,10.76,1.07,35.8
DELHI_CHANDINI_CHOWK,24-09-2025 00:00,25-09-2025 00:00,47.51,114.04,52.89,8.66,0.95,26.91
DELHI_CHANDINI_CHOWK,25-09-2025 00:00,26-09-2025 00:00,53.78,110.33,15.71,8.67,1.0,29.32
DELHI_CHANDINI_CHOWK,26-09-2025 00:00,27-09-2025 00:00,58.91,115.8,25.62,15.64,0.92,31.43
DELHI_CHANDINI_CHOWK,27-09-2025 00:00,28-09-2025 00:00,83.08,155.23,33.83,10.49,0.94,66.58
DELHI_CHANDINI_CHOWK,28-09-2025 00:00,29-09-2025 00:00,54.86,91.95,20.5,11.57,0.89,28.49
DELHI_CHANDINI_CHOWK,29-09-2025 00:00,30-09-2025 00:00,55.78,81.4,15.75,11.9,0.9,36.73
DELHI_CHANDINI_CHOWK,30-09-2025 00:00,01-10-2025 00:00,55.69,91.48,26.19,11.79,1.06,16.96
DELHI_CHANDINI_CHOWK,01-10-2025 00:00,02-10-2025 00:00,43.46,96.1,27.48,13.72,1.27,51.86
DELHI_CHANDINI_CHOWK,02-10-2025 00:00,03-10-2025 00:00,42.14,77.34,24.4,10.11,1.23,27.57
DELHI_CHANDINI_CHOWK,03-10-2025 00:00,04-10-2025 00:00,41.59,71.87,13.61,16.17,1.13,64.87
DELHI_CHANDINI_CHOWK,04-10-2025 00:00,05-10-2025 00:00,,,,,,
DELHI_CHANDINI_CHOWK,05-10-2025 00:00,06-10-2025 00:00,,,,,,
DELHI_CHANDINI_CHOWK,06-10-2025 00:00,07-10-2025 00:00,27.77,101.86,27.35,10.63,1.28,11.13
DELHI_CHANDINI_CHOWK,07-10-2025 00:00,08-10-2025 00:00,19.33,65.32,19.92,10.11,1.09,20.37
DELHI_CHANDINI_CHOWK,08-10-2025 00:00,09-10-2025 00:00,27.43,101.62,20.95,9.42,1.0,9.22
DELHI_CHANDINI_CHOWK,09-10-2025 00:00,10-10-2025 00:00,26.87,135.73,21.55,14.43,0.91,30.98
DELHI_CHANDINI_CHOWK,10-10-2025 00:00,11-10-2025 00:00,49.99,240.28,23.73,14.6,0.96,45.59
DELHI_CHANDINI_CHOWK,11-10-2025 00:00,12-10-2025 00:00,65.15,357.99,26.82,13.31,1.11,39.5
DELHI_CHANDINI_CHOWK,12-10-2025 00:00,13-10-2025 00:00,52.35,142.98,23.81,14.78,0.93,47.28
DELHI_CHANDINI_CHOWK,13-10-2025 00:00,14-10-2025 00:00,61.77,166.48,39.55,13.83,1.1,38.17
DELHI_CHANDINI_CHOWK,14-10-2025 00:00,15-10-2025 00:00,64.47,284.68,47.08,12.37,1.18,36.86
DELHI_CHANDINI_CHOWK,15-10-2025 00:00,16-10-2025 00:00,75.38,306.48,71.86,15.98,2.37,31.23
DELHI_CHANDINI_CHOWK,16-10-2025 00:00,17-10-2025 00:00,83.35,323.9,47.91,12.85,2.59,42.54
DELHI_CHANDINI_CHOWK,17-10-2025 00:00,18-10-2025 00:00,84.52,273.86,47.48,13.95,2.01,42.94
DELHI_CHANDINI_CHOWK,18-10-2025 00:00,19-10-2025 00:00,96.15,304.92,50.82,18.18,2.26,31.4
DELHI_CHANDINI_CHOWK,19-10-2025 00:00,20-10-2025 00:00,129.06,378.15,49.11,23.31,3.39,31.98
DELHI_CHANDINI_CHOWK,20-10-2025 00:00,21-10-2025 00:00,175.59,408.43,49.35,41.44,3.23,38.03
DELHI_CHANDINI_CHOWK,21-10-2025 00:00,22-10-2025 00:00,287.83,421.21,43.07,42.0,2.9,26.65
DELHI_CHANDINI_CHOWK,22-10-2025 00:00,23-10-2025 00:00,189.94,365.73,50.16,16.51,2.75,30.32
DELHI_CHANDINI_CHOWK,23-10-2025 00:00,24-10-2025 00:00,138.72,307.23,39.72,24.29,2.34,44.47
DELHI_CHANDINI_CHOWK,24-10-2025 00:00,25-10-2025 00:00,132.36,299.24,17.38,15.4,2.69,48.41
DELHI_CHANDINI_CHOWK,25-10-2025 00:00,26-10-2025 00:00,209.55,431.58,20.12,14.91,3.05,39.13
DELHI_CHANDINI_CHOWK,26-10-2025 00:00,27-10-2025 00:00,201.55,370.92,18.17,24.93,2.48,37.99
DELHI_CHANDINI_CHOWK,27-10-2025 00:00,28-10-2025 00:00,230.95,419.74,18.8,11.84,2.84,4.75
DELHI_CHANDINI_CHOWK,28-10-2025 00:00,29-10-2025 00:00,,,,,,
DELHI_CHANDINI_CHOWK,29-10-2025 00:00,30-10-2025 00:00,,,,,,
DELHI_CHANDINI_CHOWK,30-10-2025 00:00,31-10-2025 00:00,166.55,284.95,10.11,17.76,0.89,27.99
DELHI_CHANDINI_CHOWK,31-10-2025 00:00,01-11-2025 00:00,124.75,192.78,9.14,11.25,0.85,27.15
DELHI_CHANDINI_CHOWK,01-11-2025 00:00,02-11-2025 00:00,230.32,430.42,11.15,30.02,1.09,23.4
DELHI_CHANDINI_CHOWK,02-11-2025 00:00,03-11-2025 00:00,227.06,433.98,10.08,31.88,1.0,22.41
DELHI_CHANDINI_CHOWK,03-11-2025 00:00,04-11-2025 00:00,163.03,339.91,10.98,33.75,1.6,26.7
DELHI_CHANDINI_CHOWK,04-11-2025 00:00,05-11-2025 00:00,122.72,240.99,11.66,24.36,1.61,37.98
DELHI_CHANDINI_CHOWK,05-11-2025 00:00,06-11-2025 00:00,101.27,220.3,6.96,28.46,0.71,36.24
DELHI_CHANDINI_CHOWK,06-11-2025 00:00,07-11-2025 00:00,202.3,363.11,10.44,18.93,1.19,42.01
DELHI_CHANDINI_CHOWK,07-11-2025 00:00,08-11-2025 00:00,230.86,413.35,23.75,16.28,1.54,32.52
DELHI_CHANDINI_CHOWK,08-11-2025 00:00,09-11-2025 00:00,268.95,524.08,35.9,7.55,1.95,30.43
DELHI_CHANDINI_CHOWK,09-11-2025 00:00,10-11-2025 00:00,224.5,472.3,33.33,31.66,1.69,35.97
DELHI_CHANDINI_CHOWK,10-11-2025 00:00,11-11-2025 00:00,222.74,413.01,32.8,22.16,2.14,30.25
DELHI_CHANDINI_CHOWK,11-11-2025 00:00,12-11-2025 00:00,381.33,642.12,34.02,11.47,2.19,33.81
DELHI_CHANDINI_CHOWK,12-11-2025 00:00,13-11-2025 00:00,406.4,656.35,33.0,16.36,2.16,33.15
DELHI_CHANDINI_CHOWK,13-11-2025 00:00,14-11-2025 00:00,326.87,606.41,38.93,22.28,2.01,35.66
DELHI_CHANDINI_CHOWK,14-11-2025 00:00,15-11-2025 00:00,222.38,491.16,43.54,21.41,1.81,35.67
DELHI_CHANDINI_CHOWK,15-11-2025 00:00,16-11-2025 00:00,226.24,507.72,18.56,19.66,2.1,31.29
DELHI_CHANDINI_CHOWK,16-11-2025 00:00,17-11-2025 00:00,239.84,507.77,21.46,23.18,2.59,31.02
DELHI_CHANDINI_CHOWK,17-11-2025 00:00,18-11-2025 00:00,214.08,452.28,69.05,16.48,3.47,28.25
DELHI_CHANDINI_CHOWK,18-11-2025 00:00,19-11-2025 00:00,292.1,580.41,47.18,12.16,4.79,29.57
DELHI_CHANDINI_CHOWK,19-11-2025 00:00,20-11-2025 00:00,296.87,603.03,45.79,12.53,3.4,33.98
DELHI_CHANDINI_CHOWK,20-11-2025 00:00,21-11-2025 00:00,222.47,454.62,63.03,7.83,2.97,38.66
DELHI_CHANDINI_CHOWK,21-11-2025 00:00,22-11-2025 00:00,203.15,392.12,36.66,7.01,3.75,40.42
DELHI_CHANDINI_CHOWK,22-11-2025 00:00,23-11-2025 00:00,217.13,450.77,134.28,10.79,3.53,33.6
DELHI_CHANDINI_CHOWK,23-11-2025 00:00,24-11-2025 00:00,265.42,490.38,53.37,9.47,3.4,29.39
DELHI_CHANDINI_CHOWK,24-11-2025 00:00,25-11-2025 00:00,124.58,399.66,76.14,8.52,2.8,30.66
DELHI_CHANDINI_CHOWK,25-11-2025 00:00,26-11-2025 00:00,177.7,438.9,41.4,18.03,3.85,27.8
DELHI_CHANDINI_CHOWK,26-11-2025 00:00,27-11-2025 00:00,149.52,369.54,62.46,13.84,2.67,28.65
DELHI_CHANDINI_CHOWK,27-11-2025 00:00,28-11-2025 00:00,191.83,535.27,88.78,13.94,3.14,27.74
DELHI_CHANDINI_CHOWK,28-11-2025 00:00,29-11-2025 00:00,188.76,497.65,63.98,15.95,3.03,25.98
DELHI_CHANDINI_CHOWK,29-11-2025 00:00,30-11-2025 00:00,113.63,357.44,46.53,14.2,2.47,22.71
DELHI_CHANDINI_CHOWK,30-11-2025 00:00,01-12-2025 00:00,115.47,358.85,38.16,13.63,2.62,27.5
DELHI_CHANDINI_CHOWK,01-12-2025 00:00,02-12-2025 00:00,150.32,469.23,56.34,12.86,2.31,25.84
DELHI_CHANDINI_CHOWK,02-12-2025 00:00,03-12-2025 00:00,285.15,657.35,75.17,13.88,1.82,16.48
DELHI_CHANDINI_CHOWK,03-12-2025 00:00,04-12-2025 00:00,176.54,393.65,42.34,,1.26,
DELHI_CHANDINI_CHOWK,04-12-2025 00:00,05-12-2025 00:00,167.28,437.57,38.87,,1.25,
DELHI_CHANDINI_CHOWK,05-12-2025 00:00,06-12-2025 00:00,198.92,376.31,40.58,,1.3,
DELHI_CHANDINI_CHOWK,06-12-2025 00:00,07-12-2025 00:00,148.15,287.19,29.99,,1.13,
DELHI_CHANDINI_CHOWK,07-12-2025 00:00,08-12-2025 00:00,151.18,339.0,27.29,,1.12,
DELHI_CHANDINI_CHOWK,08-12-2025 00:00,09-12-2025 00:00,132.1,328.5,32.88,,1.11,
DELHI_CHANDINI_CHOWK,09-12-2025 00:00,10-12-2025 00:00,126.71,387.84,50.19,,1.14,
DELHI_CHANDINI_CHOWK,10-12-2025 00:00,11-12-2025 00:00,122.49,266.74,51.52,,1.4,
DELHI_CHANDINI_CHOWK,11-12-2025 00:00,12-12-2025 00:00,183.36,390.75,61.67,4.48,1.74,23.09
DELHI_CHANDINI_CHOWK,12-12-2025 00:00,13-12-2025 00:00,258.11,518.44,67.88,4.95,2.23,40.99
DELHI_CHANDINI_CHOWK,13-12-2025 00:00,14-12-2025 00:00,371.29,689.3,75.22,5.14,2.1,35.88
DELHI_CHANDINI_CHOWK,14-12-2025 00:00,15-12-2025 00:00,326.16,494.01,61.91,5.36,1.84,24.07
DELHI_CHANDINI_CHOWK,15-12-2025 00:00,16-12-2025 00:00,276.76,451.68,51.33,5.43,1.81,35.24
DELHI_CHANDINI_CHOWK,16-12-2025 00:00,17-12-2025 00:00,167.12,334.22,46.83,5.35,1.17,44.45
DELHI_CHANDINI_CHOWK,17-12-2025 00:00,18-12-2025 00:00,189.75,374.58,59.63,11.35,1.45,48.72
DELHI_CHANDINI_CHOWK,18-12-2025 00:00,19-12-2025 00:00,257.98,480.77,49.62,9.97,2.18,6.87
DELHI_CHANDINI_CHOWK,19-12-2025 00:00,20-12-2025 00:00,248.6,472.21,55.2,9.61,3.34,28.8
DELHI_CHANDINI_CHOWK,20-12-2025 00:00,21-12-2025 00:00,370.94,544.43,88.0,21.4,3.52,10.38
DELHI_CHANDINI_CHOWK,21-12-2025 00:00,22-12-2025 00:00,251.97,451.9,53.07,23.41,2.92,18.62
DELHI_CHANDINI_CHOWK,22-12-2025 00:00,23-12-2025 00:00,255.46,472.71,68.28,24.88,2.23,26.52
DELHI_CHANDINI_CHOWK,23-12-2025 00:00,24-12-2025 00:00,280.9,463.29,66.15,21.32,2.04,28.88
DELHI_CHANDINI_CHOWK,24-12-2025 00:00,25-12-2025 00:00,128.27,212.35,48.34,28.28,2.95,30.49
DELHI_CHANDINI_CHOWK,25-12-2025 00:00,26-12-2025 00:00,147.82,273.81,63.73,32.23,2.68,29.95
DELHI_CHANDINI_CHOWK,26-12-2025 00:00,27-12-2025 00:00,272.31,450.63,72.2,28.68,2.94,25.66
DELHI_CHANDINI_CHOWK,27-12-2025 00:00,28-12-2025 00:00,285.91,471.56,41.34,28.27,6.76,28.56
DELHI_CHANDINI_CHOWK,28-12-2025 00:00,29-12-2025 00:00,307.55,500.14,49.7,29.33,6.66,29.26
DELHI_CHANDINI_CHOWK,29-12-2025 00:00,30-12-2025 00:00,323.73,542.89,56.75,29.09,4.89,18.19
DELHI_CHANDINI_CHOWK,30-12-2025 00:00,31-12-2025 00:00,271.09,455.04,67.75,26.11,3.26,21.23
DELHI_CHANDINI_CHOWK,31-12-2025 00:00,01-01-2026 00:00,279.39,417.94,54.96,26.08,2.42,5.74
DELHI_CHANDINI_CHOWK,01-01-2026 00:00,02-01-2026 00:00,217.38,365.61,44.17,24.96,2.59,18.75
DELHI_CHANDINI_CHOWK,02-01-2026 00:00,03-01-2026 00:00,119.63,188.94,40.14,22.28,3.94,18.61
DELHI_CHANDINI_CHOWK,03-01-2026 00:00,04-01-2026 00:00,166.36,337.59,53.19,28.17,3.59,18.07
DELHI_CHANDINI_CHOWK,04-01-2026 00:00,05-01-2026 00:00,200.63,341.03,45.63,19.59,4.79,16.63
DELHI_CHANDINI_CHOWK,05-01-2026 00:00,06-01-2026 00:00,158.13,290.23,43.88,26.29,4.13,26.22
DELHI_CHANDINI_CHOWK,06-01-2026 00:00,07-01-2026 00:00,200.79,351.96,46.31,25.18,4.03,9.51
DELHI_CHANDINI_CHOWK,07-01-2026 00:00,08-01-2026 00:00,157.76,318.65,42.52,23.99,3.46,16.94
DELHI_CHANDINI_CHOWK,08-01-2026 00:00,09-01-2026 00:00,153.22,337.08,48.16,39.05,3.04,12.81
DELHI_CHANDINI_CHOWK,09-01-2026 00:00,10-01-2026 00:00,205.14,444.28,57.59,26.33,2.64,15.73
DELHI_CHANDINI_CHOWK,10-01-2026 00:00,11-01-2026 00:00,210.8,473.65,50.49,17.62,2.04,27.01
DELHI_CHANDINI_CHOWK,11-01-2026 00:00,12-01-2026 00:00,173.43,385.38,42.35,22.68,1.82,28.36
DELHI_CHANDINI_CHOWK,12-01-2026 00:00,13-01-2026 00:00,169.29,386.34,80.07,40.0,2.02,34.26
DELHI_CHANDINI_CHOWK,13-01-2026 00:00,14-01-2026 00:00,223.81,543.73,71.73,23.69,2.59,31.76
DELHI_CHANDINI_CHOWK,14-01-2026 00:00,15-01-2026 00:00,234.73,512.47,59.9,28.37,2.13,30.56
DELHI_CHANDINI_CHOWK,15-01-2026 00:00,16-01-2026 00:00,204.33,394.02,47.13,26.41,2.18,26.01
DELHI_CHANDINI_CHOWK,16-01-2026 00:00,17-01-2026 00:00,273.76,466.18,63.03,16.75,4.08,25.43
DELHI_CHANDINI_CHOWK,17-01-2026 00:00,18-01-2026 00:00,381.93,569.53,85.04,21.91,5.22,32.29
DELHI_CHANDINI_CHOWK,18-01-2026 00:00,19-01-2026 00:00,393.12,577.23,70.31,20.47,5.05,37.12
DELHI_CHANDINI_CHOWK,19-01-2026 00:00,20-01-2026 00:00,320.42,559.97,70.57,20.96,5.39,32.12
DELHI_CHANDINI_CHOWK,20-01-2026 00:00,21-01-2026 00:00,238.66,455.93,60.1,16.6,3.12,30.61
DELHI_CHANDINI_CHOWK,21-01-2026 00:00,22-01-2026 00:00,203.82,378.18,53.77,19.58,3.33,27.65
DELHI_CHANDINI_CHOWK,22-01-2026 00:00,23-01-2026 00:00,227.82,384.31,62.54,19.31,3.11,38.58
DELHI_CHANDINI_CHOWK,23-01-2026 00:00,24-01-2026 00:00,140.39,222.28,37.26,16.16,1.86,29.66
DELHI_CHANDINI_CHOWK,24-01-2026 00:00,25-01-2026 00:00,83.79,226.53,35.85,12.94,1.57,26.03
DELHI_CHANDINI_CHOWK,25-01-2026 00:00,26-01-2026 00:00,104.72,263.78,40.69,17.15,1.48,32.01
DELHI_CHANDINI_CHOWK,26-01-2026 00:00,27-01-2026 00:00,156.19,275.92,34.07,17.89,2.26,27.57
DELHI_CHANDINI_CHOWK,27-01-2026 00:00,28-01-2026 00:00,232.67,380.63,57.13,17.44,3.0,13.53
DELHI_CHANDINI_CHOWK,28-01-2026 00:00,29-01-2026 00:00,135.21,213.12,34.08,16.64,2.27,14.54
DELHI_CHANDINI_CHOWK,29-01-2026 00:00,30-01-2026 00:00,116.37,210.24,26.52,12.96,2.28,22.59
DELHI_CHANDINI_CHOWK,30-01-2026 00:00,31-01-2026 00:00,135.55,260.16,46.55,17.05,2.61,22.42
DELHI_CHANDINI_CHOWK,31-01-2026 00:00,01-02-2026 00:00,181.79,350.34,52.59,20.66,2.72,22.92
DELHI_CHANDINI_CHOWK,01-02-2026 00:00,02-02-2026 00:00,102.83,199.54,31.23,20.53,2.25,22.68
DELHI_CHANDINI_CHOWK,02-02-2026 00:00,03-02-2026 00:00,151.03,284.52,40.17,12.47,2.3,13.82
DELHI_CHANDINI_CHOWK,03-02-2026 00:00,04-02-2026 00:00,155.67,326.45,42.19,17.07,1.53,42.78
DELHI_CHANDINI_CHOWK,04-02-2026 00:00,05-02-2026 00:00,198.34,381.81,24.91,16.29,2.23,41.16
DELHI_CHANDINI_CHOWK,05-02-2026 00:00,06-02-2026 00:00,114.0,245.29,23.1,17.76,1.32,46.15
DELHI_CHANDINI_CHOWK,06-02-2026 00:00,07-02-2026 00:00,102.35,223.86,24.2,25.86,1.61,44.58
DELHI_CHANDINI_CHOWK,07-02-2026 00:00,08-02-2026 00:00,109.81,233.89,23.34,20.85,1.89,49.11
DELHI_CHANDINI_CHOWK,08-02-2026 00:00,09-02-2026 00:00,68.19,179.41,20.2,26.6,2.18,46.81
DELHI_CHANDINI_CHOWK,09-02-2026 00:00,10-02-2026 00:00,135.3,279.53,32.31,27.73,3.81,42.83
DELHI_CHANDINI_CHOWK,10-02-2026 00:00,11-02-2026 00:00,148.5,434.24,45.01,22.74,4.5,46.15
DELHI_CHANDINI_CHOWK,11-02-2026 00:00,12-02-2026 00:00,174.8,417.65,43.48,21.74,2.38,39.0
DELHI_CHANDINI_CHOWK,12-02-2026 00:00,13-02-2026 00:00,65.42,181.62,23.57,21.3,1.33,54.05
DELHI_CHANDINI_CHOWK,13-02-2026 00:00,14-02-2026 00:00,87.98,201.84,26.23,18.08,2.34,58.18
DELHI_CHANDINI_CHOWK,14-02-2026 00:00,15-02-2026 00:00,123.0,259.42,27.79,23.59,3.2,57.13
DELHI_CHANDINI_CHOWK,15-02-2026 00:00,16-02-2026 00:00,105.7,173.29,22.94,20.4,3.16,56.62
DELHI_CHANDINI_CHOWK,16-02-2026 00:00,17-02-2026 00:00,144.02,305.52,30.66,26.49,4.42,58.83
DELHI_CHANDINI_CHOWK,17-02-2026 00:00,17-02-2026 00:00,158.4,476.0,30.56,,4.84,14.89
HYDERABAD,01-01-2025 00:00,02-01-2025 00:00,57.2,106.25,25.05,14.49,2.85,51.93
HYDERABAD,02-01-2025 00:00,03-01-2025 00:00,40.81,101.84,36.71,22.78,1.33,51.46
HYDERABAD,03-01-2025 00:00,04-01-2025 00:00,35.93,101.66,50.43,32.12,0.69,51.27
HYDERABAD,04-01-2025 00:00,05-01-2025 00:00,32.85,99.97,37.4,23.36,0.92,51.38
HYDERABAD,05-01-2025 00:00,06-01-2025 00:00,51.62,120.3,18.78,9.87,2.59,52.21
HYDERABAD,06-01-2025 00:00,07-01-2025 00:00,57.16,123.05,15.7,7.76,1.36,52.2
HYDERABAD,07-01-2025 00:00,08-01-2025 00:00,57.84,123.57,20.22,11.35,1.4,52.44
HYDERABAD,08-01-2025 00:00,09-01-2025 00:00,59.86,124.68,37.1,22.03,0.68,52.78
HYDERABAD,09-01-2025 00:00,10-01-2025 00:00,57.63,136.39,17.3,12.05,1.7,50.75
HYDERABAD,10-01-2025 00:00,11-01-2025 00:00,62.06,137.82,19.79,10.55,1.25,51.71
HYDERABAD,11-01-2025 00:00,12-01-2025 00:00,47.19,115.86,13.08,5.99,0.74,51.04
HYDERABAD,12-01-2025 00:00,13-01-2025 00:00,51.41,107.41,9.53,3.54,0.77,51.42
HYDERABAD,13-01-2025 00:00,14-01-2025 00:00,55.43,112.15,11.78,4.77,0.73,52.3
HYDERABAD,14-01-2025 00:00,15-01-2025 00:00,49.88,92.88,12.58,5.62,1.59,51.6
HYDERABAD,15-01-2025 00:00,16-01-2025 00:00,27.46,59.0,5.0,3.65,2.95,50.55
HYDERABAD,16-01-2025 00:00,17-01-2025 00:00,58.61,123.46,4.22,2.81,1.16,50.9
HYDERABAD,17-01-2025 00:00,18-01-2025 00:00,64.93,122.81,10.45,7.25,2.05,50.82
HYDERABAD,18-01-2025 00:00,19-01-2025 00:00,67.53,143.26,15.42,7.14,0.61,51.48
HYDERABAD,19-01-2025 00:00,20-01-2025 00:00,56.93,123.38,22.13,12.36,0.7,52.23
HYDERABAD,20-01-2025 00:00,21-01-2025 00:00,49.46,106.8,45.97,28.56,0.89,52.37
HYDERABAD,21-01-2025 00:00,22-01-2025 00:00,42.47,128.98,37.84,23.21,0.71,51.72
HYDERABAD,22-01-2025 00:00,23-01-2025 00:00,45.17,119.33,20.89,11.55,0.78,52.34
HYDERABAD,23-01-2025 00:00,24-01-2025 00:00,39.1,106.21,10.07,3.9,0.75,53.3
HYDERABAD,24-01-2025 00:00,25-01-2025 00:00,42.16,93.27,13.5,3.87,0.85,52.43
HYDERABAD,25-01-2025 00:00,26-01-2025 00:00,16.2,103.3,55.65,10.7,0.7,51.17
HYDERABAD,26-01-2025 00:00,27-01-2025 00:00,24.0,98.0,10.1,7.03,2.74,50.83
HYDERABAD,27-01-2025 00:00,28-01-2025 00:00,40.36,115.72,26.0,14.35,2.08,51.4
HYDERABAD,28-01-2025 00:00,29-01-2025 00:00,47.31,123.93,23.29,12.19,0.75,50.35
HYDERABAD,29-01-2025 00:00,30-01-2025 00:00,43.03,103.12,16.17,7.3,2.08,50.86
HYDERABAD,30-01-2025 00:00,31-01-2025 00:00,49.56,114.7,13.99,6.41,0.74,51.77
HYDERABAD,31-01-2025 00:00,01-02-2025 00:00,41.66,112.88,15.78,7.51,0.78,52.27
HYDERABAD,01-02-2025 00:00,02-02-2025 00:00,32.55,109.62,17.86,9.42,0.72,52.34
HYDERABAD,02-02-2025 00:00,03-02-2025 00:00,24.08,86.32,15.63,7.73,0.71,52.34
HYDERABAD,03-02-2025 00:00,04-02-2025 00:00,18.83,85.44,15.15,7.0,0.88,52.06
HYDERABAD,04-02-2025 00:00,05-02-2025 00:00,23.79,103.51,9.18,6.38,0.59,51.87
HYDERABAD,05-02-2025 00:00,06-02-2025 00:00,20.72,104.89,4.51,3.12,0.42,51.33
HYDERABAD,06-02-2025 00:00,07-02-2025 00:00,25.79,103.39,5.44,3.76,0.2,51.37
HYDERABAD,07-02-2025 00:00,08-02-2025 00:00,40.58,117.42,5.81,4.0,0.31,50.67
HYDERABAD,08-02-2025 00:00,09-02-2025 00:00,37.43,122.4,4.25,2.92,0.14,49.49
HYDERABAD,09-02-2025 00:00,10-02-2025 00:00,39.84,114.46,3.81,2.6,0.83,49.47
HYDERABAD,10-02-2025 00:00,11-02-2025 00:00,42.92,120.74,4.87,3.38,0.18,49.02
HYDERABAD,11-02-2025 00:00,12-02-2025 00:00,47.54,131.21,3.56,2.5,0.22,50.5
HYDERABAD,12-02-2025 00:00,13-02-2025 00:00,36.96,117.96,3.64,2.57,0.29,51.46
HYDERABAD,13-02-2025 00:00,14-02-2025 00:00,40.0,124.81,5.17,3.53,0.61,51.33
HYDERABAD,14-02-2025 00:00,15-02-2025 00:00,36.2,126.97,8.92,2.58,0.69,50.86
HYDERABAD,15-02-2025 00:00,16-02-2025 00:00,33.02,117.59,27.12,3.78,0.98,51.03
HYDERABAD,16-02-2025 00:00,17-02-2025 00:00,26.31,96.61,20.98,3.75,0.76,51.13
HYDERABAD,17-02-2025 00:00,18-02-2025 00:00,29.58,111.58,9.7,2.73,0.68,51.68
HYDERABAD,18-02-2025 00:00,19-02-2025 00:00,33.53,115.0,8.61,2.37,0.65,50.97
HYDERABAD,19-02-2025 00:00,20-02-2025 00:00,38.75,127.21,13.31,3.77,0.93,50.75
HYDERABAD,20-02-2025 00:00,21-02-2025 00:00,43.97,130.21,13.14,3.72,0.55,51.72
HYDERABAD,21-02-2025 00:00,22-02-2025 00:00,30.31,109.79,18.09,5.08,0.8,51.53
HYDERABAD,22-02-2025 00:00,23-02-2025 00:00,37.22,121.49,18.88,5.37,0.83,51.39
HYDERABAD,23-02-2025 00:00,24-02-2025 00:00,28.1,103.44,19.16,5.32,1.43,51.19
HYDERABAD,24-02-2025 00:00,25-02-2025 00:00,21.51,104.02,20.48,5.71,0.66,51.05
HYDERABAD,25-02-2025 00:00,26-02-2025 00:00,24.13,97.99,17.27,4.01,0.83,50.88
HYDERABAD,26-02-2025 00:00,27-02-2025 00:00,31.83,96.21,28.46,5.64,0.7,50.61
HYDERABAD,27-02-2025 00:00,28-02-2025 00:00,33.82,106.28,30.21,5.98,0.79,50.75
HYDERABAD,28-02-2025 00:00,01-03-2025 00:00,38.34,111.03,35.41,7.05,0.71,51.28
HYDERABAD,01-03-2025 00:00,02-03-2025 00:00,31.3,111.58,23.26,4.56,1.18,51.11
HYDERABAD,02-03-2025 00:00,03-03-2025 00:00,14.56,81.85,26.3,5.18,1.89,51.32
HYDERABAD,03-03-2025 00:00,04-03-2025 00:00,20.51,119.85,32.78,6.52,1.6,50.84
HYDERABAD,04-03-2025 00:00,05-03-2025 00:00,25.86,126.33,35.8,7.17,1.51,50.88
HYDERABAD,05-03-2025 00:00,06-03-2025 00:00,37.91,151.89,34.96,6.97,2.62,50.1
HYDERABAD,06-03-2025 00:00,07-03-2025 00:00,33.71,118.94,27.25,5.41,1.09,50.92
HYDERABAD,07-03-2025 00:00,08-03-2025 00:00,30.06,97.26,28.12,5.54,2.6,50.71
HYDERABAD,08-03-2025 00:00,09-03-2025 00:00,50.48,141.96,23.7,4.7,1.04,50.94
HYDERABAD,09-03-2025 00:00,10-03-2025 00:00,48.08,123.78,27.54,5.53,1.33,50.78
HYDERABAD,10-03-2025 00:00,11-03-2025 00:00,26.69,92.18,26.7,5.31,1.55,50.43
HYDERABAD,11-03-2025 00:00,12-03-2025 00:00,40.73,110.62,31.64,6.29,0.69,50.31
HYDERABAD,12-03-2025 00:00,13-03-2025 00:00,37.73,121.98,30.1,5.98,0.69,49.92
HYDERABAD,13-03-2025 00:00,14-03-2025 00:00,36.26,123.0,24.38,4.91,0.78,50.02
HYDERABAD,14-03-2025 00:00,15-03-2025 00:00,34.53,97.08,31.2,6.19,0.65,49.97
HYDERABAD,15-03-2025 00:00,16-03-2025 00:00,30.62,112.89,30.21,6.03,0.72,50.17
HYDERABAD,16-03-2025 00:00,17-03-2025 00:00,28.25,95.54,29.64,5.88,1.01,49.7
HYDERABAD,17-03-2025 00:00,18-03-2025 00:00,21.31,91.82,29.94,5.93,3.18,50.63
HYDERABAD,18-03-2025 00:00,19-03-2025 00:00,34.51,110.69,28.4,5.67,0.77,50.93
HYDERABAD,19-03-2025 00:00,20-03-2025 00:00,15.99,104.07,20.31,4.04,1.71,50.03
HYDERABAD,20-03-2025 00:00,21-03-2025 00:00,11.35,72.06,23.16,4.62,0.6,49.98
HYDERABAD,21-03-2025 00:00,22-03-2025 00:00,18.71,104.6,24.61,4.89,0.62,50.2
HYDERABAD,22-03-2025 00:00,23-03-2025 00:00,15.48,65.08,37.15,7.45,1.02,50.57
HYDERABAD,23-03-2025 00:00,24-03-2025 00:00,,,,,,
HYDERABAD,24-03-2025 00:00,25-03-2025 00:00,25.0,112.15,25.76,5.16,0.35,51.77
HYDERABAD,25-03-2025 00:00,26-03-2025 00:00,29.36,97.17,32.06,6.38,0.69,58.53
HYDERABAD,26-03-2025 00:00,27-03-2025 00:00,36.29,113.8,24.69,4.97,0.84,50.1
HYDERABAD,27-03-2025 00:00,28-03-2025 00:00,40.32,123.37,37.93,7.7,0.58,48.09
HYDERABAD,28-03-2025 00:00,29-03-2025 00:00,49.2,127.34,28.13,5.51,0.69,48.89
HYDERABAD,29-03-2025 00:00,30-03-2025 00:00,54.27,130.39,25.13,4.99,0.76,51.0
HYDERABAD,30-03-2025 00:00,31-03-2025 00:00,46.64,119.47,35.08,6.97,0.67,51.16
HYDERABAD,31-03-2025 00:00,01-04-2025 00:00,35.13,115.56,26.21,5.18,0.86,52.44
HYDERABAD,01-04-2025 00:00,02-04-2025 00:00,30.3,93.48,25.81,5.18,0.75,52.03
HYDERABAD,02-04-2025 00:00,03-04-2025 00:00,11.69,57.49,29.68,5.98,0.6,52.84
HYDERABAD,03-04-2025 00:00,04-04-2025 00:00,16.49,60.02,30.82,6.19,0.79,51.14
HYDERABAD,04-04-2025 00:00,05-04-2025 00:00,10.93,44.83,23.44,4.65,0.92,49.98
HYDERABAD,05-04-2025 00:00,06-04-2025 00:00,24.38,89.06,29.05,5.91,0.78,48.45
HYDERABAD,06-04-2025 00:00,07-04-2025 00:00,28.08,87.83,27.2,5.38,0.83,48.77
HYDERABAD,07-04-2025 00:00,08-04-2025 00:00,33.89,116.23,30.86,6.2,0.93,47.92
HYDERABAD,08-04-2025 00:00,09-04-2025 00:00,14.74,80.88,35.04,7.01,0.55,48.11
HYDERABAD,09-04-2025 00:00,10-04-2025 00:00,22.91,95.71,27.79,5.53,0.6,48.3
HYDERABAD,10-04-2025 00:00,11-04-2025 00:00,19.46,89.89,35.35,7.04,0.76,49.0
HYDERABAD,11-04-2025 00:00,12-04-2025 00:00,26.27,102.81,28.19,5.57,0.62,48.12
HYDERABAD,12-04-2025 00:00,13-04-2025 00:00,27.44,109.55,31.04,6.24,0.53,48.92
HYDERABAD,13-04-2025 00:00,14-04-2025 00:00,39.34,115.86,29.97,5.93,0.85,48.79
HYDERABAD,14-04-2025 00:00,15-04-2025 00:00,17.64,84.48,26.91,5.3,0.78,49.0
HYDERABAD,15-04-2025 00:00,16-04-2025 00:00,20.82,97.61,28.42,5.77,0.51,48.9
HYDERABAD,16-04-2025 00:00,17-04-2025 00:00,22.57,95.68,23.31,4.62,0.84,47.74
HYDERABAD,17-04-2025 00:00,18-04-2025 00:00,24.48,89.62,25.56,5.02,0.73,46.85
HYDERABAD,18-04-2025 00:00,19-04-2025 00:00,31.64,108.47,24.35,4.82,0.56,48.25
HYDERABAD,19-04-2025 00:00,20-04-2025 00:00,26.28,104.53,31.22,6.21,0.78,48.17
HYDERABAD,20-04-2025 00:00,21-04-2025 00:00,35.09,114.6,21.81,4.34,0.74,49.12
HYDERABAD,21-04-2025 00:00,22-04-2025 00:00,30.94,119.28,24.46,4.86,0.8,48.99
HYDERABAD,22-04-2025 00:00,23-04-2025 00:00,35.6,122.69,27.95,5.59,0.71,48.25
HYDERABAD,23-04-2025 00:00,24-04-2025 00:00,37.37,125.93,29.23,5.82,0.64,48.5
HYDERABAD,24-04-2025 00:00,25-04-2025 00:00,30.23,118.0,28.01,5.59,0.68,48.66
HYDERABAD,25-04-2025 00:00,26-04-2025 00:00,26.81,94.03,39.81,28.11,0.34,32.22
HYDERABAD,26-04-2025 00:00,27-04-2025 00:00,63.22,4.9,39.52,69.3,0.57,21.66
HYDERABAD,27-04-2025 00:00,28-04-2025 00:00,13.99,59.26,27.68,5.53,0.81,82.48
HYDERABAD,28-04-2025 00:00,29-04-2025 00:00,18.91,81.42,20.4,4.05,0.76,60.04
HYDERABAD,29-04-2025 00:00,30-04-2025 00:00,14.98,93.89,29.06,5.73,0.63,71.22
HYDERABAD,30-04-2025 00:00,01-05-2025 00:00,19.79,105.55,25.4,5.11,0.65,58.82
HYDERABAD,01-05-2025 00:00,02-05-2025 00:00,21.86,72.09,24.27,4.82,0.84,64.69
HYDERABAD,02-05-2025 00:00,03-05-2025 00:00,17.31,74.68,34.41,6.82,0.91,67.29
HYDERABAD,03-05-2025 00:00,04-05-2025 00:00,15.98,83.9,25.66,5.14,1.02,86.76
HYDERABAD,04-05-2025 00:00,05-05-2025 00:00,23.06,81.29,22.97,4.58,1.04,95.55
HYDERABAD,05-05-2025 00:00,06-05-2025 00:00,22.16,88.29,34.34,6.89,0.85,99.22
HYDERABAD,06-05-2025 00:00,07-05-2025 00:00,12.43,61.39,22.56,4.49,0.98,109.0
HYDERABAD,07-05-2025 00:00,08-05-2025 00:00,12.57,74.06,31.45,6.31,0.83,97.67
HYDERABAD,08-05-2025 00:00,09-05-2025 00:00,15.77,72.31,30.08,5.98,0.94,87.25
HYDERABAD,09-05-2025 00:00,10-05-2025 00:00,18.35,82.64,28.73,5.74,1.01,95.94
HYDERABAD,10-05-2025 00:00,11-05-2025 00:00,16.98,81.99,29.19,5.85,0.76,98.36
HYDERABAD,11-05-2025 00:00,12-05-2025 00:00,21.08,80.46,35.05,7.08,0.47,83.99
HYDERABAD,12-05-2025 00:00,13-05-2025 00:00,21.22,52.67,27.43,5.43,0.91,125.96
HYDERABAD,13-05-2025 00:00,14-05-2025 00:00,27.07,88.06,26.72,5.45,0.83,113.84
HYDERABAD,14-05-2025 00:00,15-05-2025 00:00,16.15,49.92,26.69,5.31,1.12,114.61
HYDERABAD,15-05-2025 00:00,16-05-2025 00:00,23.76,66.85,29.22,5.79,1.1,90.03
HYDERABAD,16-05-2025 00:00,17-05-2025 00:00,35.42,70.79,28.85,5.65,0.99,96.19
HYDERABAD,17-05-2025 00:00,18-05-2025 00:00,29.02,67.75,22.64,4.42,0.98,114.77
HYDERABAD,18-05-2025 00:00,19-05-2025 00:00,33.6,63.49,26.65,5.31,1.17,94.76
HYDERABAD,19-05-2025 00:00,20-05-2025 00:00,27.61,63.54,30.4,6.09,0.96,78.72
HYDERABAD,20-05-2025 00:00,21-05-2025 00:00,21.62,53.53,24.9,4.94,0.84,66.07
HYDERABAD,21-05-2025 00:00,22-05-2025 00:00,13.71,37.67,28.61,5.71,0.67,39.75
HYDERABAD,22-05-2025 00:00,23-05-2025 00:00,9.72,31.15,31.14,6.19,0.84,37.54
HYDERABAD,23-05-2025 00:00,24-05-2025 00:00,10.19,42.03,25.75,5.12,0.85,37.26
HYDERABAD,24-05-2025 00:00,25-05-2025 00:00,8.99,37.29,31.58,6.19,0.7,47.12
HYDERABAD,25-05-2025 00:00,26-05-2025 00:00,8.13,25.98,29.24,5.86,1.01,51.39
HYDERABAD,26-05-2025 00:00,27-05-2025 00:00,11.5,26.85,30.0,5.98,0.69,52.77
HYDERABAD,27-05-2025 00:00,28-05-2025 00:00,10.71,26.89,28.83,5.75,0.75,44.5
HYDERABAD,28-05-2025 00:00,29-05-2025 00:00,14.9,38.04,30.26,6.04,1.06,63.28
HYDERABAD,29-05-2025 00:00,30-05-2025 00:00,19.52,54.75,25.76,5.08,1.07,52.33
HYDERABAD,30-05-2025 00:00,31-05-2025 00:00,25.72,87.95,27.08,5.37,0.7,41.28
HYDERABAD,31-05-2025 00:00,01-06-2025 00:00,24.55,91.49,29.32,5.86,0.42,49.19
HYDERABAD,01-06-2025 00:00,02-06-2025 00:00,18.42,63.5,26.96,5.36,0.27,46.86
HYDERABAD,02-06-2025 00:00,03-06-2025 00:00,12.96,48.92,26.19,5.17,1.22,48.09
HYDERABAD,03-06-2025 00:00,04-06-2025 00:00,19.36,73.88,26.07,5.16,0.63,47.81
HYDERABAD,04-06-2025 00:00,05-06-2025 00:00,18.41,71.99,35.35,7.08,0.43,49.15
HYDERABAD,05-06-2025 00:00,06-06-2025 00:00,18.7,57.78,39.37,7.84,0.64,72.74
HYDERABAD,06-06-2025 00:00,07-06-2025 00:00,30.19,97.5,26.73,5.32,0.26,58.21
HYDERABAD,07-06-2025 00:00,08-06-2025 00:00,35.23,103.47,26.01,5.17,0.33,70.61
HYDERABAD,08-06-2025 00:00,09-06-2025 00:00,30.39,77.23,28.16,5.58,0.59,73.95
HYDERABAD,09-06-2025 00:00,10-06-2025 00:00,20.76,51.08,29.28,5.85,0.63,69.21
HYDERABAD,10-06-2025 00:00,11-06-2025 00:00,24.61,75.72,25.46,4.99,0.52,48.19
HYDERABAD,11-06-2025 00:00,12-06-2025 00:00,24.54,58.55,30.7,6.07,0.64,63.7
HYDERABAD,12-06-2025 00:00,13-06-2025 00:00,30.46,62.54,29.82,5.93,0.64,58.42
HYDERABAD,13-06-2025 00:00,14-06-2025 00:00,36.21,92.69,28.59,5.64,0.63,69.89
HYDERABAD,14-06-2025 00:00,15-06-2025 00:00,17.03,54.58,24.22,4.82,0.53,56.5
HYDERABAD,15-06-2025 00:00,16-06-2025 00:00,4.82,30.08,26.81,5.31,0.58,68.63
HYDERABAD,16-06-2025 00:00,17-06-2025 00:00,15.04,76.3,33.94,6.86,0.69,69.44
HYDERABAD,17-06-2025 00:00,18-06-2025 00:00,12.84,61.19,23.35,4.77,0.51,71.55
HYDERABAD,18-06-2025 00:00,19-06-2025 00:00,11.85,73.46,31.08,6.2,0.62,72.03
HYDERABAD,19-06-2025 00:00,20-06-2025 00:00,11.23,56.75,25.28,4.97,0.53,70.84
HYDERABAD,20-06-2025 00:00,21-06-2025 00:00,9.14,51.33,26.19,5.19,0.56,71.2
HYDERABAD,21-06-2025 00:00,22-06-2025 00:00,11.66,70.11,28.92,5.81,0.59,76.5
HYDERABAD,22-06-2025 00:00,23-06-2025 00:00,10.51,47.39,27.46,5.58,0.58,72.37
HYDERABAD,23-06-2025 00:00,24-06-2025 00:00,10.28,59.66,27.17,5.39,0.59,69.46
HYDERABAD,24-06-2025 00:00,25-06-2025 00:00,8.58,37.18,24.07,4.79,0.51,66.28
HYDERABAD,25-06-2025 00:00,26-06-2025 00:00,9.82,39.03,31.09,6.21,0.66,67.56
HYDERABAD,26-06-2025 00:00,27-06-2025 00:00,10.59,41.69,40.24,7.99,0.84,67.65
HYDERABAD,27-06-2025 00:00,28-06-2025 00:00,10.32,57.62,28.27,5.57,0.6,69.05
HYDERABAD,28-06-2025 00:00,29-06-2025 00:00,5.07,46.07,31.69,6.31,0.67,70.75
HYDERABAD,29-06-2025 00:00,30-06-2025 00:00,,51.07,30.03,6.03,0.66,68.97
HYDERABAD,30-06-2025 00:00,01-07-2025 00:00,10.18,42.22,24.55,4.83,0.53,66.81
HYDERABAD,01-07-2025 00:00,02-07-2025 00:00,7.53,24.75,30.21,6.0,0.62,63.58
HYDERABAD,02-07-2025 00:00,03-07-2025 00:00,11.2,29.62,28.07,5.58,0.61,55.28
HYDERABAD,03-07-2025 00:00,04-07-2025 00:00,9.26,31.8,34.48,6.99,0.72,52.19
HYDERABAD,04-07-2025 00:00,05-07-2025 00:00,8.0,34.27,26.52,5.31,0.56,53.07
HYDERABAD,05-07-2025 00:00,06-07-2025 00:00,8.43,33.24,29.24,5.82,0.61,53.06
HYDERABAD,06-07-2025 00:00,07-07-2025 00:00,12.92,53.26,25.11,4.98,0.55,53.98
HYDERABAD,07-07-2025 00:00,08-07-2025 00:00,15.21,55.68,28.18,5.63,0.62,52.85
HYDERABAD,08-07-2025 00:00,09-07-2025 00:00,14.82,41.74,34.67,6.85,0.71,51.72
HYDERABAD,09-07-2025 00:00,10-07-2025 00:00,16.61,53.74,25.22,5.0,0.54,52.21
HYDERABAD,10-07-2025 00:00,11-07-2025 00:00,21.22,61.58,23.72,4.65,0.5,53.38
HYDERABAD,11-07-2025 00:00,12-07-2025 00:00,23.33,74.07,28.55,5.67,0.62,54.29
HYDERABAD,12-07-2025 00:00,13-07-2025 00:00,17.4,59.89,25.46,5.12,0.54,54.43
HYDERABAD,13-07-2025 00:00,14-07-2025 00:00,15.42,54.06,27.19,5.36,0.58,55.05
HYDERABAD,14-07-2025 00:00,15-07-2025 00:00,10.26,51.6,30.12,5.99,0.65,55.58
HYDERABAD,15-07-2025 00:00,16-07-2025 00:00,9.06,39.02,28.13,5.56,0.6,53.77
HYDERABAD,16-07-2025 00:00,17-07-2025 00:00,10.86,43.95,29.05,5.72,0.63,55.23
HYDERABAD,17-07-2025 00:00,18-07-2025 00:00,22.0,55.28,30.46,6.06,0.66,54.0
HYDERABAD,18-07-2025 00:00,19-07-2025 00:00,20.34,47.45,25.66,5.06,0.55,54.34
HYDERABAD,19-07-2025 00:00,20-07-2025 00:00,27.14,67.68,26.31,5.25,0.52,54.51
HYDERABAD,20-07-2025 00:00,21-07-2025 00:00,18.87,59.26,25.03,4.93,0.54,54.81
HYDERABAD,21-07-2025 00:00,22-07-2025 00:00,16.7,44.7,34.43,6.83,0.68,53.0
HYDERABAD,22-07-2025 00:00,23-07-2025 00:00,8.56,31.05,33.29,6.65,0.74,54.22
HYDERABAD,23-07-2025 00:00,24-07-2025 00:00,6.76,15.2,24.07,4.76,0.52,49.83
HYDERABAD,24-07-2025 00:00,25-07-2025 00:00,8.91,18.91,25.18,5.0,0.53,48.18
HYDERABAD,25-07-2025 00:00,26-07-2025 00:00,8.91,20.62,24.32,4.88,0.51,49.28
HYDERABAD,26-07-2025 00:00,27-07-2025 00:00,5.32,13.61,33.56,6.67,0.73,48.54
HYDERABAD,27-07-2025 00:00,28-07-2025 00:00,7.38,23.89,24.98,4.99,0.54,51.63
HYDERABAD,28-07-2025 00:00,29-07-2025 00:00,10.92,42.2,30.93,6.16,0.64,52.0
HYDERABAD,29-07-2025 00:00,30-07-2025 00:00,10.59,47.53,26.21,5.24,0.57,52.35
HYDERABAD,30-07-2025 00:00,31-07-2025 00:00,9.77,34.11,29.46,5.85,0.62,50.58
HYDERABAD,31-07-2025 00:00,01-08-2025 00:00,11.99,49.71,28.37,5.69,0.61,52.29
HYDERABAD,01-08-2025 00:00,02-08-2025 00:00,15.58,60.38,27.6,5.49,0.58,53.83
HYDERABAD,02-08-2025 00:00,03-08-2025 00:00,16.6,57.5,28.12,5.56,0.59,53.61
HYDERABAD,03-08-2025 00:00,04-08-2025 00:00,,,,,,
HYDERABAD,04-08-2025 00:00,05-08-2025 00:00,17.41,50.62,34.6,6.88,0.76,55.16
HYDERABAD,05-08-2025 00:00,06-08-2025 00:00,38.43,73.1,51.58,10.66,1.2,54.79
HYDERABAD,06-08-2025 00:00,07-08-2025 00:00,32.88,70.82,28.44,5.67,0.63,55.96
HYDERABAD,07-08-2025 00:00,08-08-2025 00:00,34.29,78.33,29.28,5.84,0.64,52.82
HYDERABAD,08-08-2025 00:00,09-08-2025 00:00,15.3,29.94,28.18,5.57,0.6,51.02
HYDERABAD,09-08-2025 00:00,10-08-2025 00:00,20.24,46.09,29.09,5.74,0.62,52.47
HYDERABAD,10-08-2025 00:00,11-08-2025 00:00,13.63,24.35,25.32,5.07,0.56,51.2
HYDERABAD,11-08-2025 00:00,12-08-2025 00:00,16.93,35.8,22.8,4.58,0.52,52.36
HYDERABAD,12-08-2025 00:00,13-08-2025 00:00,13.4,33.73,30.57,6.06,0.66,50.97
HYDERABAD,13-08-2025 00:00,14-08-2025 00:00,16.11,35.13,23.49,4.69,0.51,49.88
HYDERABAD,14-08-2025 00:00,15-08-2025 00:00,8.57,20.39,25.42,5.08,0.56,51.51
HYDERABAD,15-08-2025 00:00,16-08-2025 00:00,6.31,13.64,21.17,4.25,0.45,51.83
HYDERABAD,16-08-2025 00:00,17-08-2025 00:00,11.94,25.35,25.18,5.01,0.55,50.16
HYDERABAD,17-08-2025 00:00,18-08-2025 00:00,9.77,24.77,27.67,5.53,0.6,51.69
HYDERABAD,18-08-2025 00:00,19-08-2025 00:00,7.78,16.12,27.2,5.42,0.59,49.44
HYDERABAD,19-08-2025 00:00,20-08-2025 00:00,3.27,8.92,23.63,4.71,0.5,48.97
HYDERABAD,20-08-2025 00:00,21-08-2025 00:00,6.01,20.39,35.06,6.89,0.64,51.35
HYDERABAD,21-08-2025 00:00,22-08-2025 00:00,11.34,49.85,27.13,5.36,0.57,52.28
HYDERABAD,22-08-2025 00:00,23-08-2025 00:00,11.78,48.15,29.71,5.95,0.61,52.68
HYDERABAD,23-08-2025 00:00,24-08-2025 00:00,10.41,42.01,26.18,5.22,0.57,52.25
HYDERABAD,24-08-2025 00:00,25-08-2025 00:00,8.27,34.56,25.28,5.05,0.54,51.96
HYDERABAD,25-08-2025 00:00,26-08-2025 00:00,10.09,43.03,30.54,6.05,0.65,52.53
HYDERABAD,26-08-2025 00:00,27-08-2025 00:00,8.93,27.76,25.56,5.03,0.54,49.98
HYDERABAD,27-08-2025 00:00,28-08-2025 00:00,7.77,13.86,27.57,5.48,0.59,48.03
HYDERABAD,28-08-2025 00:00,29-08-2025 00:00,8.66,21.96,28.58,5.68,0.63,49.04
HYDERABAD,29-08-2025 00:00,30-08-2025 00:00,12.65,26.61,24.93,4.97,0.54,50.7
HYDERABAD,30-08-2025 00:00,31-08-2025 00:00,11.83,32.75,24.59,4.91,0.53,51.91
HYDERABAD,31-08-2025 00:00,01-09-2025 00:00,10.64,24.78,30.14,5.95,0.64,51.69
HYDERABAD,01-09-2025 00:00,02-09-2025 00:00,13.24,42.48,28.54,5.64,0.6,51.35
HYDERABAD,02-09-2025 00:00,03-09-2025 00:00,12.6,28.48,31.25,6.21,0.66,49.89
HYDERABAD,03-09-2025 00:00,04-09-2025 00:00,21.11,66.26,23.95,4.8,0.51,52.01
HYDERABAD,04-09-2025 00:00,05-09-2025 00:00,19.58,69.69,28.94,5.73,0.59,53.03
HYDERABAD,05-09-2025 00:00,06-09-2025 00:00,11.66,47.85,28.17,5.56,0.6,53.21
HYDERABAD,06-09-2025 00:00,07-09-2025 00:00,14.18,46.14,33.19,6.62,0.72,53.23
HYDERABAD,07-09-2025 00:00,08-09-2025 00:00,20.9,60.49,25.85,5.19,0.57,53.69
HYDERABAD,08-09-2025 00:00,09-09-2025 00:00,17.2,101.8,27.75,5.52,0.61,54.45
HYDERABAD,09-09-2025 00:00,10-09-2025 00:00,20.55,69.61,27.26,5.4,0.59,55.78
HYDERABAD,10-09-2025 00:00,11-09-2025 00:00,18.46,56.35,30.13,5.99,0.66,53.68
HYDERABAD,11-09-2025 00:00,12-09-2025 00:00,15.54,34.4,28.27,5.64,0.62,49.8
HYDERABAD,12-09-2025 00:00,13-09-2025 00:00,19.48,34.53,24.16,4.83,0.53,49.97
HYDERABAD,13-09-2025 00:00,14-09-2025 00:00,20.67,40.85,27.96,5.61,0.61,50.04
HYDERABAD,14-09-2025 00:00,15-09-2025 00:00,21.85,41.69,25.96,5.16,0.56,52.72
HYDERABAD,15-09-2025 00:00,16-09-2025 00:00,10.86,23.24,23.82,4.76,0.51,52.33
HYDERABAD,16-09-2025 00:00,17-09-2025 00:00,14.09,37.4,35.79,7.14,0.79,51.74
HYDERABAD,17-09-2025 00:00,18-09-2025 00:00,19.49,35.83,26.64,5.3,0.58,53.12
HYDERABAD,18-09-2025 00:00,19-09-2025 00:00,17.52,29.28,24.94,4.98,0.54,53.01
HYDERABAD,19-09-2025 00:00,20-09-2025 00:00,19.96,48.37,28.46,5.66,0.61,53.47
HYDERABAD,20-09-2025 00:00,21-09-2025 00:00,22.59,50.07,26.24,5.24,0.57,53.38
HYDERABAD,21-09-2025 00:00,22-09-2025 00:00,21.95,45.1,30.22,6.01,0.65,52.71
HYDERABAD,22-09-2025 00:00,23-09-2025 00:00,13.03,24.06,36.12,7.16,0.76,51.12
HYDERABAD,23-09-2025 00:00,24-09-2025 00:00,14.58,31.44,37.68,7.5,0.79,50.76
HYDERABAD,24-09-2025 00:00,25-09-2025 00:00,25.7,54.32,26.03,5.2,0.56,50.81
HYDERABAD,25-09-2025 00:00,26-09-2025 00:00,22.63,48.88,33.8,6.77,0.73,48.39
HYDERABAD,26-09-2025 00:00,27-09-2025 00:00,20.93,30.45,26.57,5.26,0.57,48.87
HYDERABAD,27-09-2025 00:00,28-09-2025 00:00,12.17,22.79,27.78,5.52,0.6,48.21
HYDERABAD,28-09-2025 00:00,29-09-2025 00:00,9.61,20.49,29.36,5.84,0.64,48.98
HYDERABAD,29-09-2025 00:00,30-09-2025 00:00,18.24,46.87,26.65,5.27,0.58,51.78
HYDERABAD,30-09-2025 00:00,01-10-2025 00:00,11.09,40.23,27.61,5.48,0.6,52.26
HYDERABAD,01-10-2025 00:00,02-10-2025 00:00,14.25,42.19,26.01,5.18,0.57,52.2
HYDERABAD,02-10-2025 00:00,03-10-2025 00:00,12.65,27.67,28.9,5.73,0.63,51.65
HYDERABAD,03-10-2025 00:00,04-10-2025 00:00,11.4,39.83,29.22,5.82,0.62,52.95
HYDERABAD,04-10-2025 00:00,05-10-2025 00:00,15.09,39.15,26.97,5.35,0.59,52.58
HYDERABAD,05-10-2025 00:00,06-10-2025 00:00,15.89,36.22,30.55,6.06,0.65,51.18
HYDERABAD,06-10-2025 00:00,07-10-2025 00:00,12.4,38.06,27.7,5.53,0.61,51.62
HYDERABAD,07-10-2025 00:00,08-10-2025 00:00,14.89,33.04,21.09,4.25,0.46,53.27
HYDERABAD,08-10-2025 00:00,09-10-2025 00:00,26.15,83.12,29.88,5.98,0.66,54.38
HYDERABAD,09-10-2025 00:00,10-10-2025 00:00,36.61,94.95,31.14,6.2,0.65,53.81
HYDERABAD,10-10-2025 00:00,11-10-2025 00:00,42.29,131.01,29.1,5.75,0.63,53.61
HYDERABAD,11-10-2025 00:00,12-10-2025 00:00,44.85,134.32,30.49,6.04,0.66,52.83
HYDERABAD,12-10-2025 00:00,13-10-2025 00:00,52.57,109.21,31.33,6.25,0.68,53.18
HYDERABAD,13-10-2025 00:00,14-10-2025 00:00,59.54,106.35,29.24,5.77,0.64,51.77
HYDERABAD,14-10-2025 00:00,15-10-2025 00:00,30.56,106.69,23.7,4.71,0.51,52.73
HYDERABAD,15-10-2025 00:00,16-10-2025 00:00,14.57,67.99,22.8,4.48,0.48,53.1
HYDERABAD,16-10-2025 00:00,17-10-2025 00:00,69.75,126.88,26.22,5.17,0.56,54.07
HYDERABAD,17-10-2025 00:00,18-10-2025 00:00,54.27,117.21,27.12,5.32,0.57,53.81
HYDERABAD,18-10-2025 00:00,19-10-2025 00:00,63.85,119.91,27.18,5.48,0.58,52.87
HYDERABAD,19-10-2025 00:00,20-10-2025 00:00,59.74,121.25,25.23,5.04,0.55,52.9
HYDERABAD,20-10-2025 00:00,21-10-2025 00:00,17.57,79.06,25.56,5.04,0.56,53.2
HYDERABAD,21-10-2025 00:00,22-10-2025 00:00,17.29,88.72,24.81,4.89,0.53,52.48
HYDERABAD,22-10-2025 00:00,23-10-2025 00:00,16.59,86.71,24.86,4.96,0.54,53.19
HYDERABAD,23-10-2025 00:00,24-10-2025 00:00,8.07,65.59,26.62,5.32,0.59,51.53
HYDERABAD,24-10-2025 00:00,25-10-2025 00:00,6.82,44.75,24.42,4.85,0.53,50.67
HYDERABAD,25-10-2025 00:00,26-10-2025 00:00,19.38,65.3,26.83,5.43,0.58,49.95
HYDERABAD,26-10-2025 00:00,27-10-2025 00:00,12.82,68.59,30.47,6.0,0.65,51.99
HYDERABAD,27-10-2025 00:00,28-10-2025 00:00,19.26,100.05,23.96,4.79,0.46,54.17
HYDERABAD,28-10-2025 00:00,29-10-2025 00:00,15.69,25.52,29.97,6.02,0.66,49.94
HYDERABAD,29-10-2025 00:00,30-10-2025 00:00,17.27,23.0,30.71,6.12,0.67,47.57
HYDERABAD,30-10-2025 00:00,31-10-2025 00:00,27.96,37.32,27.66,5.49,0.61,50.89
HYDERABAD,31-10-2025 00:00,01-11-2025 00:00,31.14,46.26,34.08,6.68,0.71,51.76
HYDERABAD,01-11-2025 00:00,02-11-2025 00:00,41.09,69.81,28.49,5.66,0.6,53.35
HYDERABAD,02-11-2025 00:00,03-11-2025 00:00,25.91,34.38,32.01,6.37,0.69,53.99
HYDERABAD,03-11-2025 00:00,04-11-2025 00:00,31.27,41.75,27.81,5.58,0.61,57.61
HYDERABAD,04-11-2025 00:00,05-11-2025 00:00,38.41,55.05,25.74,5.14,0.56,56.5
HYDERABAD,05-11-2025 00:00,06-11-2025 00:00,43.34,68.37,26.72,5.33,0.58,57.13
HYDERABAD,06-11-2025 00:00,07-11-2025 00:00,36.46,78.92,25.21,5.05,0.54,56.55
HYDERABAD,07-11-2025 00:00,08-11-2025 00:00,39.7,91.31,24.85,4.94,0.52,55.19
HYDERABAD,08-11-2025 00:00,09-11-2025 00:00,38.88,90.91,28.51,5.68,0.62,53.52
HYDERABAD,09-11-2025 00:00,10-11-2025 00:00,59.63,119.33,25.85,5.09,0.56,51.07
HYDERABAD,10-11-2025 00:00,11-11-2025 00:00,62.72,75.56,40.4,8.36,0.91,56.81
HYDERABAD,11-11-2025 00:00,12-11-2025 00:00,56.46,70.46,26.92,5.37,0.58,55.26
HYDERABAD,12-11-2025 00:00,13-11-2025 00:00,58.29,72.82,27.7,5.49,0.59,54.98
HYDERABAD,13-11-2025 00:00,14-11-2025 00:00,50.7,63.46,25.08,5.0,0.53,53.15
HYDERABAD,14-11-2025 00:00,15-11-2025 00:00,51.41,64.34,25.27,5.01,0.54,51.39
HYDERABAD,15-11-2025 00:00,16-11-2025 00:00,63.6,93.01,25.67,5.11,0.55,49.93
HYDERABAD,16-11-2025 00:00,17-11-2025 00:00,65.36,84.18,30.75,6.04,0.66,48.87
HYDERABAD,17-11-2025 00:00,18-11-2025 00:00,65.51,88.68,25.02,5.01,0.5,48.7
HYDERABAD,18-11-2025 00:00,19-11-2025 00:00,70.0,91.41,26.69,5.35,0.58,49.41
HYDERABAD,19-11-2025 00:00,20-11-2025 00:00,69.26,96.69,25.44,5.11,0.56,50.26
HYDERABAD,20-11-2025 00:00,21-11-2025 00:00,58.5,84.07,28.03,5.56,0.6,50.09
HYDERABAD,21-11-2025 00:00,22-11-2025 00:00,47.99,59.81,30.76,6.18,0.66,51.11
HYDERABAD,22-11-2025 00:00,23-11-2025 00:00,47.36,59.2,33.41,6.5,0.71,52.74
HYDERABAD,23-11-2025 00:00,24-11-2025 00:00,43.71,54.52,32.04,6.41,0.69,53.07
HYDERABAD,24-11-2025 00:00,25-11-2025 00:00,44.23,55.43,25.96,5.17,0.57,52.83
HYDERABAD,25-11-2025 00:00,26-11-2025 00:00,53.19,115.82,30.24,6.04,0.65,51.67
HYDERABAD,26-11-2025 00:00,27-11-2025 00:00,74.82,148.5,27.98,5.54,0.6,51.69
HYDERABAD,27-11-2025 00:00,28-11-2025 00:00,75.86,156.11,29.18,5.81,0.63,50.15
HYDERABAD,28-11-2025 00:00,29-11-2025 00:00,65.78,141.3,27.49,5.42,0.59,50.56
HYDERABAD,29-11-2025 00:00,30-11-2025 00:00,64.41,130.53,25.77,5.11,0.54,50.25
HYDERABAD,30-11-2025 00:00,01-12-2025 00:00,58.21,109.94,25.96,5.14,0.56,49.28
HYDERABAD,01-12-2025 00:00,02-12-2025 00:00,55.82,113.92,34.59,6.89,0.72,51.66
HYDERABAD,02-12-2025 00:00,03-12-2025 00:00,72.38,139.62,27.04,5.38,0.59,55.6
HYDERABAD,03-12-2025 00:00,04-12-2025 00:00,63.25,136.09,23.05,4.57,0.5,60.17
HYDERABAD,04-12-2025 00:00,05-12-2025 00:00,73.29,131.89,26.88,5.36,0.59,55.88
HYDERABAD,05-12-2025 00:00,06-12-2025 00:00,65.93,130.16,32.87,6.57,0.74,49.98
HYDERABAD,06-12-2025 00:00,07-12-2025 00:00,71.92,131.09,21.09,4.21,0.46,49.28
HYDERABAD,07-12-2025 00:00,08-12-2025 00:00,60.56,120.51,27.61,5.48,0.58,49.76
HYDERABAD,08-12-2025 00:00,09-12-2025 00:00,66.43,114.78,25.31,5.02,0.55,48.88
HYDERABAD,09-12-2025 00:00,10-12-2025 00:00,65.2,123.25,27.16,5.44,0.59,48.2
HYDERABAD,10-12-2025 00:00,11-12-2025 00:00,28.0,75.29,32.51,6.55,0.67,51.56
HYDERABAD,11-12-2025 00:00,12-12-2025 00:00,20.5,56.09,20.62,4.34,0.45,43.56
HYDERABAD,12-12-2025 00:00,13-12-2025 00:00,42.79,94.67,39.68,7.9,0.84,51.22
HYDERABAD,13-12-2025 00:00,14-12-2025 00:00,57.55,125.83,27.45,5.46,0.6,49.28
HYDERABAD,14-12-2025 00:00,15-12-2025 00:00,62.62,120.36,24.66,4.94,0.53,49.12
HYDERABAD,15-12-2025 00:00,16-12-2025 00:00,69.05,139.04,26.69,5.32,0.57,49.34
HYDERABAD,16-12-2025 00:00,17-12-2025 00:00,66.06,138.95,31.03,6.24,0.69,48.66
HYDERABAD,17-12-2025 00:00,18-12-2025 00:00,71.2,134.53,29.63,5.95,0.65,49.53
HYDERABAD,18-12-2025 00:00,19-12-2025 00:00,46.39,117.69,27.58,5.54,0.59,49.05
HYDERABAD,19-12-2025 00:00,20-12-2025 00:00,52.34,101.3,22.22,4.45,0.5,47.84
HYDERABAD,20-12-2025 00:00,21-12-2025 00:00,51.07,104.0,26.98,5.37,0.58,47.13
HYDERABAD,21-12-2025 00:00,22-12-2025 00:00,69.07,146.55,25.62,5.04,0.55,47.73
HYDERABAD,22-12-2025 00:00,23-12-2025 00:00,62.14,133.37,29.22,5.82,0.62,51.06
HYDERABAD,23-12-2025 00:00,24-12-2025 00:00,61.13,133.52,26.54,5.32,0.58,59.77
HYDERABAD,24-12-2025 00:00,25-12-2025 00:00,71.91,136.92,31.68,6.26,0.66,53.14
HYDERABAD,25-12-2025 00:00,26-12-2025 00:00,69.45,,33.82,6.71,0.73,53.91
HYDERABAD,26-12-2025 00:00,27-12-2025 00:00,64.12,107.82,25.55,5.03,0.54,66.02
HYDERABAD,27-12-2025 00:00,28-12-2025 00:00,79.44,143.19,25.72,5.07,0.53,57.25
HYDERABAD,28-12-2025 00:00,29-12-2025 00:00,,148.29,31.6,6.31,0.69,57.5
HYDERABAD,29-12-2025 00:00,30-12-2025 00:00,68.0,142.33,23.02,4.58,0.49,58.08
HYDERABAD,30-12-2025 00:00,31-12-2025 00:00,57.8,140.8,36.4,7.66,0.85,55.74
HYDERABAD,31-12-2025 00:00,01-01-2026 00:00,59.04,144.6,24.45,4.87,0.53,53.81
HYDERABAD,01-01-2026 00:00,02-01-2026 00:00,,,,,,
HYDERABAD,02-01-2026 00:00,03-01-2026 00:00,74.0,163.54,30.18,5.97,0.65,60.83
HYDERABAD,03-01-2026 00:00,04-01-2026 00:00,77.92,165.93,30.65,6.11,0.67,55.44
HYDERABAD,04-01-2026 00:00,05-01-2026 00:00,73.51,152.45,26.76,5.3,0.59,56.25
HYDERABAD,05-01-2026 00:00,06-01-2026 00:00,72.52,126.4,23.68,4.71,0.52,54.68
HYDERABAD,06-01-2026 00:00,07-01-2026 00:00,70.74,123.12,22.27,4.38,0.48,51.89
HYDERABAD,07-01-2026 00:00,08-01-2026 00:00,52.08,118.39,24.78,4.92,0.53,50.95
HYDERABAD,08-01-2026 00:00,09-01-2026 00:00,52.62,112.05,27.64,5.46,0.58,50.16
HYDERABAD,09-01-2026 00:00,10-01-2026 00:00,43.96,89.95,31.29,6.24,0.66,49.54
HYDERABAD,10-01-2026 00:00,11-01-2026 00:00,44.91,100.68,24.11,4.81,0.52,49.5
HYDERABAD,11-01-2026 00:00,12-01-2026 00:00,43.52,94.95,31.73,6.31,0.68,50.75
HYDERABAD,12-01-2026 00:00,13-01-2026 00:00,53.14,111.28,27.81,5.53,0.61,47.9
HYDERABAD,13-01-2026 00:00,14-01-2026 00:00,57.79,118.57,28.37,5.61,0.59,46.68
HYDERABAD,14-01-2026 00:00,15-01-2026 00:00,65.24,116.34,29.5,5.91,0.65,46.77
HYDERABAD,15-01-2026 00:00,16-01-2026 00:00,65.14,108.52,20.63,4.1,0.44,44.97
HYDERABAD,16-01-2026 00:00,17-01-2026 00:00,59.71,94.14,29.17,5.8,0.63,43.12
HYDERABAD,17-01-2026 00:00,18-01-2026 00:00,51.23,93.29,34.55,7.35,0.78,40.25
HYDERABAD,18-01-2026 00:00,19-01-2026 00:00,50.45,100.13,29.55,6.83,0.72,41.41
HYDERABAD,19-01-2026 00:00,20-01-2026 00:00,51.89,107.99,22.04,5.05,0.53,45.88
HYDERABAD,20-01-2026 00:00,21-01-2026 00:00,51.19,103.03,21.04,4.86,0.53,42.25
HYDERABAD,21-01-2026 00:00,22-01-2026 00:00,65.17,119.26,26.65,6.16,0.66,47.03
HYDERABAD,22-01-2026 00:00,23-01-2026 00:00,54.53,106.31,27.96,6.51,0.68,48.72
HYDERABAD,23-01-2026 00:00,24-01-2026 00:00,61.76,122.33,22.28,5.14,0.55,43.69
HYDERABAD,24-01-2026 00:00,25-01-2026 00:00,64.47,128.96,25.77,5.98,0.65,39.13
HYDERABAD,25-01-2026 00:00,26-01-2026 00:00,66.97,123.32,21.05,4.92,0.55,39.92
HYDERABAD,26-01-2026 00:00,27-01-2026 00:00,55.56,107.21,25.57,5.91,0.64,39.72
HYDERABAD,27-01-2026 00:00,28-01-2026 00:00,59.6,121.37,28.93,6.7,0.72,40.03
HYDERABAD,28-01-2026 00:00,29-01-2026 00:00,64.92,129.37,20.46,4.72,0.51,40.48
HYDERABAD,29-01-2026 00:00,30-01-2026 00:00,66.24,134.55,21.15,4.9,0.53,40.73
HYDERABAD,30-01-2026 00:00,31-01-2026 00:00,69.11,140.68,32.0,7.65,0.85,39.83
HYDERABAD,31-01-2026 00:00,01-02-2026 00:00,75.71,155.68,23.43,5.46,0.58,39.22
HYDERABAD,01-02-2026 00:00,02-02-2026 00:00,80.83,145.59,23.53,5.4,0.59,38.86
HYDERABAD,02-02-2026 00:00,03-02-2026 00:00,73.33,153.38,25.83,5.96,0.65,39.32
HYDERABAD,03-02-2026 00:00,04-02-2026 00:00,78.77,162.64,24.85,5.77,0.61,38.4
HYDERABAD,04-02-2026 00:00,05-02-2026 00:00,74.03,151.18,24.51,5.69,0.62,39.44
HYDERABAD,05-02-2026 00:00,06-02-2026 00:00,67.92,111.0,26.22,6.05,0.65,39.5
HYDERABAD,06-02-2026 00:00,07-02-2026 00:00,69.71,145.0,25.6,5.92,0.64,40.16
HYDERABAD,07-02-2026 00:00,08-02-2026 00:00,61.16,133.26,27.85,6.59,0.68,40.56
HYDERABAD,08-02-2026 00:00,09-02-2026 00:00,49.93,96.71,21.6,4.96,0.54,40.66
HYDERABAD,09-02-2026 00:00,10-02-2026 00:00,45.86,97.85,24.92,5.85,0.62,40.43
HYDERABAD,10-02-2026 00:00,11-02-2026 00:00,51.15,103.05,37.63,9.45,1.05,40.5
HYDERABAD,11-02-2026 00:00,12-02-2026 00:00,55.79,111.63,23.94,5.58,0.6,40.24
HYDERABAD,12-02-2026 00:00,13-02-2026 00:00,63.07,120.15,26.84,6.25,0.63,40.06
HYDERABAD,13-02-2026 00:00,14-02-2026 00:00,59.8,118.14,27.2,6.35,0.61,40.88
HYDERABAD,14-02-2026 00:00,15-02-2026 00:00,64.81,124.4,22.29,5.18,0.56,41.27
HYDERABAD,15-02-2026 00:00,16-02-2026 00:00,67.38,117.63,32.78,7.76,0.71,42.12
HYDERABAD,16-02-2026 00:00,17-02-2026 00:00,70.61,124.43,28.58,6.66,0.71,43.11
HYDERABAD,17-02-2026 00:00,17-02-2026 00:00,78.0,132.0,31.5,7.3,0.8,40.7
KOLKATA,01-01-2025 00:00,02-01-2025 00:00,49.79,104.88,27.98,8.57,0.79,28.41
KOLKATA,02-01-2025 00:00,03-01-2025 00:00,53.77,126.89,23.99,8.24,0.75,31.14
KOLKATA,03-01-2025 00:00,04-01-2025 00:00,61.71,163.68,30.67,9.06,0.89,34.6
KOLKATA,04-01-2025 00:00,05-01-2025 00:00,57.61,179.89,26.64,9.21,0.87,34.14
KOLKATA,05-01-2025 00:00,06-01-2025 00:00,51.57,160.64,25.09,8.23,0.98,28.39
KOLKATA,06-01-2025 00:00,07-01-2025 00:00,89.94,207.9,41.59,11.84,1.23,25.24
KOLKATA,07-01-2025 00:00,08-01-2025 00:00,125.39,194.93,37.35,9.64,1.1,29.78
KOLKATA,08-01-2025 00:00,09-01-2025 00:00,53.58,106.98,22.18,9.02,0.76,39.46
KOLKATA,09-01-2025 00:00,10-01-2025 00:00,62.29,120.18,23.27,9.45,0.78,42.53
KOLKATA,10-01-2025 00:00,11-01-2025 00:00,87.63,151.1,29.06,9.08,0.8,45.41
KOLKATA,11-01-2025 00:00,12-01-2025 00:00,83.62,261.71,53.72,9.03,1.6,7.19
KOLKATA,12-01-2025 00:00,13-01-2025 00:00,78.26,184.06,36.2,9.63,1.08,41.67
KOLKATA,13-01-2025 00:00,14-01-2025 00:00,125.79,217.37,41.89,9.39,1.13,37.52
KOLKATA,14-01-2025 00:00,15-01-2025 00:00,116.96,212.8,38.9,11.22,1.08,40.09
KOLKATA,15-01-2025 00:00,16-01-2025 00:00,72.49,137.31,27.02,9.6,0.72,68.11
KOLKATA,16-01-2025 00:00,17-01-2025 00:00,60.35,138.28,27.6,9.7,0.78,57.86
KOLKATA,17-01-2025 00:00,18-01-2025 00:00,63.32,158.18,32.29,9.61,0.85,57.4
KOLKATA,18-01-2025 00:00,19-01-2025 00:00,66.94,162.58,33.0,10.04,0.9,59.77
KOLKATA,19-01-2025 00:00,20-01-2025 00:00,71.22,148.81,34.04,10.47,0.88,65.72
KOLKATA,20-01-2025 00:00,21-01-2025 00:00,68.02,144.1,30.75,9.89,0.84,65.19
KOLKATA,21-01-2025 00:00,22-01-2025 00:00,94.97,209.58,43.06,10.16,1.17,60.84
KOLKATA,22-01-2025 00:00,23-01-2025 00:00,93.47,207.95,42.71,11.37,1.2,59.93
KOLKATA,23-01-2025 00:00,24-01-2025 00:00,96.35,185.3,28.76,9.86,1.06,55.58
KOLKATA,24-01-2025 00:00,25-01-2025 00:00,107.56,158.7,26.26,10.09,1.01,61.94
KOLKATA,25-01-2025 00:00,26-01-2025 00:00,107.47,156.16,27.28,9.52,0.97,52.29
KOLKATA,26-01-2025 00:00,27-01-2025 00:00,83.49,133.82,25.04,10.21,0.76,75.18
KOLKATA,27-01-2025 00:00,28-01-2025 00:00,86.19,175.35,39.87,9.41,0.92,54.89
KOLKATA,28-01-2025 00:00,29-01-2025 00:00,85.72,195.81,41.4,10.2,1.02,66.08
KOLKATA,29-01-2025 00:00,30-01-2025 00:00,51.36,122.53,23.43,8.55,0.71,66.33
KOLKATA,30-01-2025 00:00,31-01-2025 00:00,53.8,120.2,21.37,10.23,0.64,54.76
KOLKATA,31-01-2025 00:00,01-02-2025 00:00,49.75,113.02,24.23,10.3,0.67,30.45
KOLKATA,01-02-2025 00:00,02-02-2025 00:00,43.79,113.03,24.25,8.72,0.75,17.07
KOLKATA,02-02-2025 00:00,03-02-2025 00:00,60.22,141.49,24.55,9.24,0.81,19.68
KOLKATA,03-02-2025 00:00,04-02-2025 00:00,69.68,145.72,25.82,10.12,0.95,39.33
KOLKATA,04-02-2025 00:00,05-02-2025 00:00,61.4,147.38,29.33,9.69,0.82,54.91
KOLKATA,05-02-2025 00:00,06-02-2025 00:00,64.08,180.52,35.5,9.33,0.91,37.21
KOLKATA,06-02-2025 00:00,07-02-2025 00:00,69.85,146.98,29.31,9.55,0.78,33.92
KOLKATA,07-02-2025 00:00,08-02-2025 00:00,56.31,138.62,29.76,8.82,0.68,54.7
KOLKATA,08-02-2025 00:00,09-02-2025 00:00,53.15,148.78,30.3,10.1,0.78,52.86
KOLKATA,09-02-2025 00:00,10-02-2025 00:00,54.99,157.06,33.26,10.31,0.82,57.11
KOLKATA,10-02-2025 00:00,11-02-2025 00:00,65.29,179.59,31.71,9.22,0.86,41.59
KOLKATA,11-02-2025 00:00,12-02-2025 00:00,17.26,125.76,26.28,9.37,0.67,43.85
KOLKATA,12-02-2025 00:00,13-02-2025 00:00,,89.11,21.57,9.12,0.61,43.36
KOLKATA,13-02-2025 00:00,14-02-2025 00:00,59.25,147.96,31.49,12.45,0.86,54.92
KOLKATA,14-02-2025 00:00,15-02-2025 00:00,50.3,135.17,28.99,10.06,0.7,48.43
KOLKATA,15-02-2025 00:00,16-02-2025 00:00,81.68,170.52,35.06,10.16,0.87,44.26
KOLKATA,16-02-2025 00:00,17-02-2025 00:00,46.1,135.18,25.83,8.71,0.68,52.6
KOLKATA,17-02-2025 00:00,18-02-2025 00:00,30.44,104.5,22.05,8.63,0.59,36.98
KOLKATA,18-02-2025 00:00,19-02-2025 00:00,36.94,87.91,20.26,9.31,0.61,38.55
KOLKATA,19-02-2025 00:00,20-02-2025 00:00,40.06,98.68,23.52,8.99,0.65,28.2
KOLKATA,20-02-2025 00:00,21-02-2025 00:00,23.96,70.45,22.52,8.79,0.66,18.21
KOLKATA,21-02-2025 00:00,22-02-2025 00:00,19.72,82.74,24.1,8.17,0.71,35.57
KOLKATA,22-02-2025 00:00,23-02-2025 00:00,15.88,91.47,24.17,8.55,0.67,28.43
KOLKATA,23-02-2025 00:00,24-02-2025 00:00,38.22,92.04,21.17,10.52,0.63,37.34
KOLKATA,24-02-2025 00:00,25-02-2025 00:00,49.87,98.89,19.68,8.51,0.68,47.3
KOLKATA,25-02-2025 00:00,26-02-2025 00:00,60.69,122.52,22.03,8.93,0.72,50.39
KOLKATA,26-02-2025 00:00,27-02-2025 00:00,58.36,117.42,21.93,8.45,0.68,53.9
KOLKATA,27-02-2025 00:00,28-02-2025 00:00,75.4,154.62,29.01,8.74,0.8,43.35
KOLKATA,28-02-2025 00:00,01-03-2025 00:00,71.06,145.15,28.35,10.67,0.76,30.6
KOLKATA,01-03-2025 00:00,02-03-2025 00:00,53.44,106.69,21.71,9.17,0.58,38.03
KOLKATA,02-03-2025 00:00,03-03-2025 00:00,52.15,103.86,20.94,8.73,0.66,48.86
KOLKATA,03-03-2025 00:00,04-03-2025 00:00,55.4,110.96,22.6,8.94,0.66,36.9
KOLKATA,04-03-2025 00:00,05-03-2025 00:00,53.47,106.76,23.85,8.39,0.64,40.35
KOLKATA,05-03-2025 00:00,06-03-2025 00:00,68.43,139.42,24.74,8.52,0.68,43.72
KOLKATA,06-03-2025 00:00,07-03-2025 00:00,63.02,127.59,22.32,9.01,0.65,42.59
KOLKATA,07-03-2025 00:00,08-03-2025 00:00,73.85,151.23,30.35,9.38,0.75,40.44
KOLKATA,08-03-2025 00:00,09-03-2025 00:00,63.02,127.58,23.15,8.58,0.66,47.12
KOLKATA,09-03-2025 00:00,10-03-2025 00:00,44.52,87.21,18.44,9.14,0.62,44.37
KOLKATA,10-03-2025 00:00,11-03-2025 00:00,50.25,99.72,23.0,8.65,0.62,41.43
KOLKATA,11-03-2025 00:00,12-03-2025 00:00,53.42,106.51,26.81,10.75,0.63,40.24
KOLKATA,12-03-2025 00:00,13-03-2025 00:00,51.31,102.05,24.37,6.17,0.68,49.01
KOLKATA,13-03-2025 00:00,14-03-2025 00:00,44.57,87.31,20.79,6.04,0.64,39.84
KOLKATA,14-03-2025 00:00,15-03-2025 00:00,39.38,75.99,16.46,5.29,0.58,43.52
KOLKATA,15-03-2025 00:00,16-03-2025 00:00,31.47,58.7,15.56,5.89,0.53,45.12
KOLKATA,16-03-2025 00:00,17-03-2025 00:00,30.84,57.35,18.34,5.56,0.57,42.9
KOLKATA,17-03-2025 00:00,18-03-2025 00:00,35.99,68.59,19.71,5.28,0.59,38.51
KOLKATA,18-03-2025 00:00,19-03-2025 00:00,34.59,65.52,19.2,8.26,0.58,48.25
KOLKATA,19-03-2025 00:00,20-03-2025 00:00,49.59,98.28,19.95,8.54,0.63,50.61
KOLKATA,20-03-2025 00:00,21-03-2025 00:00,27.89,50.89,18.88,8.09,0.53,39.79
KOLKATA,21-03-2025 00:00,22-03-2025 00:00,34.4,65.1,20.4,9.02,0.57,45.33
KOLKATA,22-03-2025 00:00,23-03-2025 00:00,23.88,42.15,23.95,8.21,0.57,29.34
KOLKATA,23-03-2025 00:00,24-03-2025 00:00,32.89,61.82,23.16,8.97,0.64,34.51
KOLKATA,24-03-2025 00:00,25-03-2025 00:00,51.55,102.55,24.58,9.01,0.74,40.28
KOLKATA,25-03-2025 00:00,26-03-2025 00:00,62.07,125.53,29.89,8.92,0.8,39.56
KOLKATA,26-03-2025 00:00,27-03-2025 00:00,44.35,86.82,21.92,9.69,0.59,43.38
KOLKATA,27-03-2025 00:00,28-03-2025 00:00,45.91,90.24,23.1,9.17,0.63,43.09
KOLKATA,28-03-2025 00:00,29-03-2025 00:00,57.53,115.6,24.41,8.89,0.67,48.53
KOLKATA,29-03-2025 00:00,30-03-2025 00:00,57.5,115.55,21.65,9.02,0.65,49.87
KOLKATA,30-03-2025 00:00,31-03-2025 00:00,50.27,99.75,18.13,9.09,0.57,47.8
KOLKATA,31-03-2025 00:00,01-04-2025 00:00,35.58,67.68,16.94,8.29,0.53,45.23
KOLKATA,01-04-2025 00:00,02-04-2025 00:00,33.81,63.82,16.48,9.02,0.54,41.62
KOLKATA,02-04-2025 00:00,03-04-2025 00:00,26.89,48.72,17.34,8.45,0.52,35.65
KOLKATA,03-04-2025 00:00,04-04-2025 00:00,33.02,62.1,20.39,7.93,0.55,37.16
KOLKATA,04-04-2025 00:00,05-04-2025 00:00,45.53,89.4,24.73,8.75,0.67,40.04
KOLKATA,05-04-2025 00:00,06-04-2025 00:00,39.97,77.26,20.53,8.72,0.59,45.9
KOLKATA,06-04-2025 00:00,07-04-2025 00:00,30.25,56.04,16.26,8.89,0.51,44.51
KOLKATA,07-04-2025 00:00,08-04-2025 00:00,21.37,36.67,14.92,8.34,0.49,35.89
KOLKATA,08-04-2025 00:00,09-04-2025 00:00,18.94,31.36,17.44,7.53,0.49,41.52
KOLKATA,09-04-2025 00:00,10-04-2025 00:00,22.33,38.75,20.55,9.08,0.47,22.56
KOLKATA,10-04-2025 00:00,11-04-2025 00:00,23.05,40.34,18.5,8.7,0.49,23.42
KOLKATA,11-04-2025 00:00,12-04-2025 00:00,18.99,31.47,18.02,8.35,0.53,31.72
KOLKATA,12-04-2025 00:00,13-04-2025 00:00,20.18,34.06,17.95,8.8,0.51,19.93
KOLKATA,13-04-2025 00:00,14-04-2025 00:00,26.89,48.71,18.55,8.57,0.53,31.05
KOLKATA,14-04-2025 00:00,15-04-2025 00:00,31.52,58.83,18.1,8.67,0.56,27.15
KOLKATA,15-04-2025 00:00,16-04-2025 00:00,25.39,45.43,18.07,8.65,0.54,42.63
KOLKATA,16-04-2025 00:00,17-04-2025 00:00,32.47,60.9,18.43,8.65,0.54,52.82
KOLKATA,17-04-2025 00:00,18-04-2025 00:00,26.39,47.62,18.27,8.31,0.51,66.82
KOLKATA,18-04-2025 00:00,19-04-2025 00:00,19.73,33.08,17.68,9.2,0.55,68.23
KOLKATA,19-04-2025 00:00,20-04-2025 00:00,27.62,50.3,18.64,8.15,0.58,92.03
KOLKATA,20-04-2025 00:00,21-04-2025 00:00,29.67,54.79,17.14,7.6,0.49,120.88
KOLKATA,21-04-2025 00:00,22-04-2025 00:00,28.55,52.35,17.9,8.38,0.49,89.44
KOLKATA,22-04-2025 00:00,23-04-2025 00:00,34.63,65.6,19.45,8.49,0.49,21.85
KOLKATA,23-04-2025 00:00,24-04-2025 00:00,38.92,74.49,24.07,8.69,0.5,22.25
KOLKATA,24-04-2025 00:00,25-04-2025 00:00,33.5,63.13,23.19,12.3,0.51,22.21
KOLKATA,25-04-2025 00:00,26-04-2025 00:00,29.18,53.72,22.66,11.64,0.49,22.21
KOLKATA,26-04-2025 00:00,27-04-2025 00:00,24.79,44.12,22.3,11.65,0.44,22.38
KOLKATA,27-04-2025 00:00,28-04-2025 00:00,32.57,61.11,,11.08,,22.3
KOLKATA,28-04-2025 00:00,29-04-2025 00:00,36.07,68.76,22.45,7.92,0.57,21.68
KOLKATA,29-04-2025 00:00,30-04-2025 00:00,22.8,39.77,22.8,7.81,0.56,22.39
KOLKATA,30-04-2025 00:00,01-05-2025 00:00,28.81,52.91,27.92,8.09,0.62,21.81
KOLKATA,01-05-2025 00:00,02-05-2025 00:00,24.43,43.34,22.85,8.62,0.54,22.25
KOLKATA,02-05-2025 00:00,03-05-2025 00:00,23.91,42.2,27.05,8.25,0.68,19.47
KOLKATA,03-05-2025 00:00,04-05-2025 00:00,28.01,51.16,25.27,7.72,0.67,20.61
KOLKATA,04-05-2025 00:00,05-05-2025 00:00,26.85,48.63,23.22,8.28,0.65,23.1
KOLKATA,05-05-2025 00:00,06-05-2025 00:00,25.79,46.31,23.37,8.28,0.68,24.76
KOLKATA,06-05-2025 00:00,07-05-2025 00:00,28.41,52.03,23.28,8.43,0.67,23.66
KOLKATA,07-05-2025 00:00,08-05-2025 00:00,34.25,64.79,26.59,9.69,0.71,26.55
KOLKATA,08-05-2025 00:00,09-05-2025 00:00,37.15,71.11,26.67,8.54,0.7,24.99
KOLKATA,09-05-2025 00:00,10-05-2025 00:00,34.55,65.44,25.73,9.21,0.66,22.48
KOLKATA,10-05-2025 00:00,11-05-2025 00:00,42.92,83.71,27.27,8.4,0.71,25.21
KOLKATA,11-05-2025 00:00,12-05-2025 00:00,40.66,78.77,25.42,7.82,0.69,26.87
KOLKATA,12-05-2025 00:00,13-05-2025 00:00,36.41,69.5,24.66,8.05,0.59,30.64
KOLKATA,13-05-2025 00:00,14-05-2025 00:00,30.62,56.85,23.83,8.46,0.52,22.38
KOLKATA,14-05-2025 00:00,15-05-2025 00:00,26.19,47.76,21.17,7.68,0.5,21.29
KOLKATA,15-05-2025 00:00,16-05-2025 00:00,26.32,47.47,21.37,8.28,0.49,21.24
KOLKATA,16-05-2025 00:00,17-05-2025 00:00,25.67,46.05,19.99,7.27,0.5,20.42
KOLKATA,17-05-2025 00:00,18-05-2025 00:00,21.85,37.71,19.19,7.83,0.49,19.7
KOLKATA,18-05-2025 00:00,19-05-2025 00:00,17.56,28.34,19.76,8.74,0.49,19.87
KOLKATA,19-05-2025 00:00,20-05-2025 00:00,15.35,23.52,19.92,6.98,0.46,27.53
KOLKATA,20-05-2025 00:00,21-05-2025 00:00,18.99,31.46,21.68,7.99,0.48,24.57
KOLKATA,21-05-2025 00:00,22-05-2025 00:00,20.78,35.36,21.78,7.24,0.48,33.32
KOLKATA,22-05-2025 00:00,23-05-2025 00:00,21.45,36.82,20.76,8.26,0.5,32.6
KOLKATA,23-05-2025 00:00,24-05-2025 00:00,14.6,21.89,20.37,8.69,0.48,25.21
KOLKATA,24-05-2025 00:00,25-05-2025 00:00,16.43,25.88,20.61,8.72,0.51,26.07
KOLKATA,25-05-2025 00:00,26-05-2025 00:00,12.92,18.21,19.75,8.01,0.47,19.72
KOLKATA,26-05-2025 00:00,27-05-2025 00:00,12.76,17.86,20.32,8.2,0.51,19.98
KOLKATA,27-05-2025 00:00,28-05-2025 00:00,14.49,21.63,21.03,7.8,0.54,23.51
KOLKATA,28-05-2025 00:00,29-05-2025 00:00,16.14,25.25,20.61,8.13,0.51,31.41
KOLKATA,29-05-2025 00:00,30-05-2025 00:00,13.5,19.48,20.26,8.19,0.49,27.24
KOLKATA,30-05-2025 00:00,31-05-2025 00:00,17.48,28.17,21.62,8.94,0.52,40.33
KOLKATA,31-05-2025 00:00,01-06-2025 00:00,39.55,76.36,21.32,8.17,0.53,30.21
KOLKATA,01-06-2025 00:00,02-06-2025 00:00,25.73,46.19,21.28,7.6,0.55,42.32
KOLKATA,02-06-2025 00:00,03-06-2025 00:00,37.86,72.67,23.33,9.48,0.57,40.02
KOLKATA,03-06-2025 00:00,04-06-2025 00:00,33.59,63.34,21.8,8.46,0.52,28.47
KOLKATA,04-06-2025 00:00,05-06-2025 00:00,19.22,31.97,20.57,8.25,0.51,33.61
KOLKATA,05-06-2025 00:00,06-06-2025 00:00,22.64,39.43,21.83,7.92,0.58,32.9
KOLKATA,06-06-2025 00:00,07-06-2025 00:00,29.65,54.74,22.92,8.58,0.56,34.63
KOLKATA,07-06-2025 00:00,08-06-2025 00:00,30.14,55.8,22.0,8.55,0.58,36.68
KOLKATA,08-06-2025 00:00,09-06-2025 00:00,31.48,58.74,20.8,8.51,0.53,34.69
KOLKATA,09-06-2025 00:00,10-06-2025 00:00,32.79,61.58,20.3,7.84,0.52,33.1
KOLKATA,10-06-2025 00:00,11-06-2025 00:00,29.99,55.47,20.03,7.71,0.54,29.85
KOLKATA,11-06-2025 00:00,12-06-2025 00:00,21.91,37.92,19.74,8.08,0.5,29.69
KOLKATA,12-06-2025 00:00,13-06-2025 00:00,14.35,21.33,19.69,8.41,0.5,29.4
KOLKATA,13-06-2025 00:00,14-06-2025 00:00,18.23,29.82,19.77,8.07,0.5,30.18
KOLKATA,14-06-2025 00:00,15-06-2025 00:00,25.94,46.64,21.13,7.85,0.53,31.23
KOLKATA,15-06-2025 00:00,16-06-2025 00:00,18.62,30.64,19.38,8.87,0.49,28.32
KOLKATA,16-06-2025 00:00,17-06-2025 00:00,17.52,28.25,26.43,8.94,0.51,28.42
KOLKATA,17-06-2025 00:00,18-06-2025 00:00,20.57,34.91,37.75,8.34,0.58,28.95
KOLKATA,18-06-2025 00:00,19-06-2025 00:00,21.31,36.52,39.44,8.47,0.55,29.79
KOLKATA,19-06-2025 00:00,20-06-2025 00:00,25.05,44.68,38.17,7.94,0.57,32.14
KOLKATA,20-06-2025 00:00,21-06-2025 00:00,28.47,52.17,40.99,7.9,0.57,25.92
KOLKATA,21-06-2025 00:00,22-06-2025 00:00,33.59,63.35,37.89,8.95,0.57,18.73
KOLKATA,22-06-2025 00:00,23-06-2025 00:00,28.22,51.62,34.49,8.24,0.54,17.97
KOLKATA,23-06-2025 00:00,24-06-2025 00:00,21.54,37.02,32.58,8.95,0.47,17.8
KOLKATA,24-06-2025 00:00,25-06-2025 00:00,19.6,32.79,31.31,7.45,0.47,17.18
KOLKATA,25-06-2025 00:00,26-06-2025 00:00,18.81,31.07,30.84,7.99,0.48,19.74
KOLKATA,26-06-2025 00:00,27-06-2025 00:00,15.8,24.49,31.24,8.23,0.46,20.5
KOLKATA,27-06-2025 00:00,28-06-2025 00:00,23.6,41.52,35.7,8.15,0.53,20.17
KOLKATA,28-06-2025 00:00,29-06-2025 00:00,29.57,54.57,40.72,8.78,0.61,17.75
KOLKATA,29-06-2025 00:00,30-06-2025 00:00,23.19,40.64,34.73,8.21,0.52,20.15
KOLKATA,30-06-2025 00:00,01-07-2025 00:00,23.68,41.7,40.0,9.34,0.54,23.52
KOLKATA,01-07-2025 00:00,02-07-2025 00:00,23.51,41.34,32.91,8.54,0.49,34.78
KOLKATA,02-07-2025 00:00,03-07-2025 00:00,20.4,34.53,32.79,8.38,0.48,31.49
KOLKATA,03-07-2025 00:00,04-07-2025 00:00,23.66,41.66,33.45,7.85,0.51,36.36
KOLKATA,04-07-2025 00:00,05-07-2025 00:00,30.85,57.35,39.04,8.03,0.58,41.62
KOLKATA,05-07-2025 00:00,06-07-2025 00:00,29.99,55.48,37.18,8.48,0.53,23.43
KOLKATA,06-07-2025 00:00,07-07-2025 00:00,22.4,38.9,33.71,7.36,0.52,23.0
KOLKATA,07-07-2025 00:00,08-07-2025 00:00,21.17,36.23,33.48,7.94,0.53,24.97
KOLKATA,08-07-2025 00:00,09-07-2025 00:00,19.99,33.64,38.62,7.36,0.57,24.04
KOLKATA,09-07-2025 00:00,10-07-2025 00:00,23.63,42.01,45.14,8.07,0.56,29.37
KOLKATA,10-07-2025 00:00,11-07-2025 00:00,20.79,35.39,49.0,8.53,0.5,31.0
KOLKATA,11-07-2025 00:00,12-07-2025 00:00,20.91,35.65,34.98,8.37,0.5,25.64
KOLKATA,12-07-2025 00:00,13-07-2025 00:00,19.06,31.63,55.0,8.86,0.5,28.8
KOLKATA,13-07-2025 00:00,14-07-2025 00:00,19.04,31.57,52.14,8.01,0.51,33.41
KOLKATA,14-07-2025 00:00,15-07-2025 00:00,13.7,18.92,64.89,8.63,0.56,74.82
KOLKATA,15-07-2025 00:00,16-07-2025 00:00,19.63,39.61,67.62,7.58,0.53,36.61
KOLKATA,16-07-2025 00:00,17-07-2025 00:00,17.04,38.97,61.45,9.0,0.51,46.88
KOLKATA,17-07-2025 00:00,18-07-2025 00:00,18.47,46.3,57.95,9.34,0.48,54.58
KOLKATA,18-07-2025 00:00,19-07-2025 00:00,22.46,48.2,68.35,9.06,0.53,38.61
KOLKATA,19-07-2025 00:00,20-07-2025 00:00,23.02,51.44,74.21,8.46,0.56,24.48
KOLKATA,20-07-2025 00:00,21-07-2025 00:00,23.29,47.33,63.21,7.79,0.53,25.76
KOLKATA,21-07-2025 00:00,22-07-2025 00:00,19.52,45.21,58.86,8.61,0.51,28.19
KOLKATA,22-07-2025 00:00,23-07-2025 00:00,15.9,42.29,58.12,8.55,0.5,35.37
KOLKATA,23-07-2025 00:00,24-07-2025 00:00,17.26,45.26,58.39,8.42,0.5,32.66
KOLKATA,24-07-2025 00:00,25-07-2025 00:00,17.14,39.85,53.1,7.26,0.54,28.11
KOLKATA,25-07-2025 00:00,26-07-2025 00:00,10.45,29.68,51.6,8.33,0.52,25.18
KOLKATA,26-07-2025 00:00,27-07-2025 00:00,6.73,24.48,47.2,8.1,0.48,29.28
KOLKATA,27-07-2025 00:00,28-07-2025 00:00,11.8,35.25,55.68,8.29,0.51,30.45
KOLKATA,28-07-2025 00:00,29-07-2025 00:00,19.7,45.89,68.59,8.7,0.6,23.88
KOLKATA,29-07-2025 00:00,30-07-2025 00:00,20.42,43.14,71.36,9.41,0.55,25.77
KOLKATA,30-07-2025 00:00,31-07-2025 00:00,9.56,25.67,65.34,9.28,0.5,16.8
KOLKATA,31-07-2025 00:00,01-08-2025 00:00,22.71,40.44,78.17,7.79,0.62,29.1
KOLKATA,01-08-2025 00:00,02-08-2025 00:00,22.72,47.23,71.2,7.77,0.55,12.39
KOLKATA,02-08-2025 00:00,03-08-2025 00:00,31.35,64.67,74.55,8.65,0.57,13.02
KOLKATA,03-08-2025 00:00,04-08-2025 00:00,22.85,56.78,57.89,8.59,0.48,25.88
KOLKATA,04-08-2025 00:00,05-08-2025 00:00,21.25,52.88,62.58,7.42,0.5,19.29
KOLKATA,05-08-2025 00:00,06-08-2025 00:00,24.54,59.09,71.41,7.29,0.55,53.54
KOLKATA,06-08-2025 00:00,07-08-2025 00:00,27.27,56.56,77.15,8.33,0.56,30.97
KOLKATA,07-08-2025 00:00,08-08-2025 00:00,35.66,70.5,76.83,8.41,0.59,30.93
KOLKATA,08-08-2025 00:00,09-08-2025 00:00,24.13,53.1,70.92,7.89,0.54,25.5
KOLKATA,09-08-2025 00:00,10-08-2025 00:00,14.47,40.34,61.25,8.19,0.48,36.82
KOLKATA,10-08-2025 00:00,11-08-2025 00:00,13.72,38.36,58.8,7.65,0.46,72.85
KOLKATA,11-08-2025 00:00,12-08-2025 00:00,15.32,42.48,64.62,7.92,0.5,19.62
KOLKATA,12-08-2025 00:00,13-08-2025 00:00,22.96,48.61,67.2,6.53,0.49,15.16
KOLKATA,13-08-2025 00:00,14-08-2025 00:00,4.59,22.84,55.62,6.75,0.45,14.47
KOLKATA,14-08-2025 00:00,15-08-2025 00:00,4.74,21.68,51.76,6.73,0.46,13.56
KOLKATA,15-08-2025 00:00,16-08-2025 00:00,2.68,19.82,48.26,6.46,0.43,22.26
KOLKATA,16-08-2025 00:00,17-08-2025 00:00,5.99,24.37,50.83,5.78,0.45,12.48
KOLKATA,17-08-2025 00:00,18-08-2025 00:00,3.71,20.74,49.28,5.8,0.44,25.9
KOLKATA,18-08-2025 00:00,19-08-2025 00:00,2.84,18.74,47.65,5.56,0.44,34.58
KOLKATA,19-08-2025 00:00,20-08-2025 00:00,3.13,19.19,52.09,6.32,0.46,45.39
KOLKATA,20-08-2025 00:00,21-08-2025 00:00,5.59,20.55,54.72,6.15,0.48,27.87
KOLKATA,21-08-2025 00:00,22-08-2025 00:00,10.54,25.41,61.74,6.69,0.52,30.71
KOLKATA,22-08-2025 00:00,23-08-2025 00:00,14.49,34.6,69.98,6.11,0.54,41.42
KOLKATA,23-08-2025 00:00,24-08-2025 00:00,16.52,33.29,75.25,6.23,0.56,41.38
KOLKATA,24-08-2025 00:00,25-08-2025 00:00,15.26,36.16,62.32,6.59,0.51,40.53
KOLKATA,25-08-2025 00:00,26-08-2025 00:00,16.86,40.06,54.51,6.43,0.52,12.22
KOLKATA,26-08-2025 00:00,27-08-2025 00:00,8.44,32.43,50.15,6.18,0.45,10.96
KOLKATA,27-08-2025 00:00,28-08-2025 00:00,4.73,25.35,50.3,6.75,0.45,23.69
KOLKATA,28-08-2025 00:00,29-08-2025 00:00,5.86,27.19,49.84,5.61,0.45,29.41
KOLKATA,29-08-2025 00:00,30-08-2025 00:00,7.61,24.28,53.23,6.12,0.46,29.15
KOLKATA,30-08-2025 00:00,31-08-2025 00:00,8.25,24.61,51.52,6.51,0.47,28.6
KOLKATA,31-08-2025 00:00,01-09-2025 00:00,10.78,30.34,51.71,6.78,0.46,28.89
KOLKATA,01-09-2025 00:00,02-09-2025 00:00,23.13,55.35,68.81,6.04,0.56,51.21
KOLKATA,02-09-2025 00:00,03-09-2025 00:00,9.31,26.06,53.52,5.71,0.44,29.15
KOLKATA,03-09-2025 00:00,04-09-2025 00:00,4.69,18.47,49.08,6.25,0.44,22.95
KOLKATA,04-09-2025 00:00,05-09-2025 00:00,8.19,23.01,48.0,6.3,0.45,19.32
KOLKATA,05-09-2025 00:00,06-09-2025 00:00,12.75,37.32,50.67,6.36,0.43,39.31
KOLKATA,06-09-2025 00:00,07-09-2025 00:00,20.38,50.44,53.13,6.46,0.45,39.3
KOLKATA,07-09-2025 00:00,08-09-2025 00:00,27.6,50.29,50.43,6.03,0.48,13.52
KOLKATA,08-09-2025 00:00,09-09-2025 00:00,22.44,56.16,42.05,9.45,0.47,23.9
KOLKATA,09-09-2025 00:00,10-09-2025 00:00,19.93,61.53,31.53,12.96,0.47,35.07
KOLKATA,10-09-2025 00:00,11-09-2025 00:00,19.5,52.42,31.8,12.52,0.47,39.68
KOLKATA,11-09-2025 00:00,12-09-2025 00:00,18.67,43.33,29.0,12.04,0.46,32.0
KOLKATA,12-09-2025 00:00,13-09-2025 00:00,11.77,27.92,26.98,13.33,0.49,28.17
KOLKATA,13-09-2025 00:00,14-09-2025 00:00,14.74,40.92,27.76,13.05,0.45,24.95
KOLKATA,14-09-2025 00:00,15-09-2025 00:00,10.72,26.33,25.62,13.02,0.46,32.02
KOLKATA,15-09-2025 00:00,16-09-2025 00:00,13.04,26.47,28.79,13.0,0.47,32.99
KOLKATA,16-09-2025 00:00,17-09-2025 00:00,11.23,28.34,30.86,12.56,0.49,31.45
KOLKATA,17-09-2025 00:00,18-09-2025 00:00,12.34,37.93,26.53,13.49,0.49,31.86
KOLKATA,18-09-2025 00:00,19-09-2025 00:00,16.23,36.62,30.44,13.52,0.47,32.36
KOLKATA,19-09-2025 00:00,20-09-2025 00:00,26.67,52.36,38.44,12.8,0.54,38.93
KOLKATA,20-09-2025 00:00,21-09-2025 00:00,29.32,55.82,43.64,12.91,0.59,159.05
KOLKATA,21-09-2025 00:00,22-09-2025 00:00,36.26,61.62,36.23,12.87,0.57,173.81
KOLKATA,22-09-2025 00:00,23-09-2025 00:00,23.79,44.99,35.2,12.87,0.55,
KOLKATA,23-09-2025 00:00,24-09-2025 00:00,13.6,26.91,30.34,11.83,0.55,38.49
KOLKATA,24-09-2025 00:00,25-09-2025 00:00,17.16,31.05,29.75,12.75,0.53,33.51
KOLKATA,25-09-2025 00:00,26-09-2025 00:00,17.2,30.21,28.15,12.04,0.48,44.4
KOLKATA,26-09-2025 00:00,27-09-2025 00:00,13.41,26.06,26.04,12.04,0.48,42.93
KOLKATA,27-09-2025 00:00,28-09-2025 00:00,8.02,23.66,19.92,12.64,0.41,33.79
KOLKATA,28-09-2025 00:00,29-09-2025 00:00,10.9,26.8,22.37,12.82,0.42,29.31
KOLKATA,29-09-2025 00:00,30-09-2025 00:00,15.54,36.78,30.43,12.8,0.49,36.69
KOLKATA,30-09-2025 00:00,01-10-2025 00:00,18.11,42.74,27.36,13.35,0.51,40.59
KOLKATA,01-10-2025 00:00,02-10-2025 00:00,15.01,26.35,27.52,11.55,0.5,39.71
KOLKATA,02-10-2025 00:00,03-10-2025 00:00,3.31,13.32,20.2,12.45,0.41,38.66
KOLKATA,03-10-2025 00:00,04-10-2025 00:00,6.75,20.26,20.7,12.67,0.42,29.07
KOLKATA,04-10-2025 00:00,05-10-2025 00:00,13.35,28.44,21.11,12.79,0.42,30.18
KOLKATA,05-10-2025 00:00,06-10-2025 00:00,9.61,24.48,26.85,13.46,0.48,29.87
KOLKATA,06-10-2025 00:00,07-10-2025 00:00,17.52,37.56,32.34,12.16,0.58,27.49
KOLKATA,07-10-2025 00:00,08-10-2025 00:00,29.37,100.27,35.59,8.17,0.56,31.01
KOLKATA,08-10-2025 00:00,09-10-2025 00:00,33.34,144.98,42.13,6.39,0.64,28.92
KOLKATA,09-10-2025 00:00,10-10-2025 00:00,39.76,188.76,43.0,5.4,0.69,25.14
KOLKATA,10-10-2025 00:00,11-10-2025 00:00,37.56,154.22,34.57,5.77,0.55,17.8
KOLKATA,11-10-2025 00:00,12-10-2025 00:00,30.66,157.89,35.05,5.8,0.56,30.13
KOLKATA,12-10-2025 00:00,13-10-2025 00:00,34.8,197.6,36.74,5.54,0.56,22.54
KOLKATA,13-10-2025 00:00,14-10-2025 00:00,44.92,221.23,45.4,5.02,0.58,22.97
KOLKATA,14-10-2025 00:00,15-10-2025 00:00,46.47,245.39,37.23,5.92,0.56,27.58
KOLKATA,15-10-2025 00:00,16-10-2025 00:00,46.14,248.27,43.78,6.15,0.58,24.13
KOLKATA,16-10-2025 00:00,17-10-2025 00:00,49.06,295.54,50.79,5.99,0.63,29.29
KOLKATA,17-10-2025 00:00,18-10-2025 00:00,51.49,317.89,51.6,6.27,0.65,29.01
KOLKATA,18-10-2025 00:00,19-10-2025 00:00,53.36,303.97,43.69,5.27,0.64,28.05
KOLKATA,19-10-2025 00:00,20-10-2025 00:00,37.21,67.28,41.08,6.18,0.59,26.82
KOLKATA,20-10-2025 00:00,21-10-2025 00:00,49.8,99.8,42.76,6.51,0.59,35.42
KOLKATA,21-10-2025 00:00,22-10-2025 00:00,57.51,122.73,46.87,5.84,0.6,28.84
KOLKATA,22-10-2025 00:00,23-10-2025 00:00,54.45,104.57,52.23,6.69,0.61,33.65
KOLKATA,23-10-2025 00:00,24-10-2025 00:00,50.29,89.56,53.1,6.6,0.59,27.01
KOLKATA,24-10-2025 00:00,25-10-2025 00:00,46.79,89.56,54.53,5.44,0.59,29.09
KOLKATA,25-10-2025 00:00,26-10-2025 00:00,48.78,96.41,52.46,5.73,0.63,27.58
KOLKATA,26-10-2025 00:00,27-10-2025 00:00,46.77,82.54,61.63,5.54,0.68,25.85
KOLKATA,27-10-2025 00:00,28-10-2025 00:00,46.71,82.64,51.24,5.32,0.66,33.16
KOLKATA,28-10-2025 00:00,29-10-2025 00:00,28.62,58.43,39.26,5.51,0.54,25.42
KOLKATA,29-10-2025 00:00,30-10-2025 00:00,10.32,31.46,50.14,5.12,0.56,18.14
KOLKATA,30-10-2025 00:00,31-10-2025 00:00,12.21,27.09,46.58,5.67,0.58,24.43
KOLKATA,31-10-2025 00:00,01-11-2025 00:00,15.42,30.03,49.23,5.94,0.49,36.64
KOLKATA,01-11-2025 00:00,02-11-2025 00:00,15.87,31.67,42.92,6.31,0.53,42.28
KOLKATA,02-11-2025 00:00,03-11-2025 00:00,8.79,28.87,28.45,5.78,0.5,19.67
KOLKATA,03-11-2025 00:00,04-11-2025 00:00,35.57,75.87,32.47,6.09,0.62,37.86
KOLKATA,04-11-2025 00:00,05-11-2025 00:00,91.11,147.41,35.11,6.74,0.77,43.33
KOLKATA,05-11-2025 00:00,06-11-2025 00:00,75.94,158.73,53.14,7.15,0.9,41.67
KOLKATA,06-11-2025 00:00,07-11-2025 00:00,64.18,131.35,54.98,6.47,0.81,32.18
KOLKATA,07-11-2025 00:00,08-11-2025 00:00,58.36,116.34,41.77,7.67,0.72,46.78
KOLKATA,08-11-2025 00:00,09-11-2025 00:00,34.46,79.77,18.53,6.9,0.59,67.54
KOLKATA,09-11-2025 00:00,10-11-2025 00:00,40.5,95.64,18.55,6.74,0.68,57.04
KOLKATA,10-11-2025 00:00,11-11-2025 00:00,53.68,118.38,35.67,6.68,0.73,55.26
KOLKATA,11-11-2025 00:00,12-11-2025 00:00,60.62,129.27,62.86,6.67,0.75,55.77
KOLKATA,12-11-2025 00:00,13-11-2025 00:00,77.96,156.97,60.85,7.24,0.75,62.45
KOLKATA,13-11-2025 00:00,14-11-2025 00:00,,,,,,
KOLKATA,14-11-2025 00:00,15-11-2025 00:00,70.4,122.87,52.43,6.97,0.87,52.91
KOLKATA,15-11-2025 00:00,16-11-2025 00:00,61.62,120.99,57.42,6.87,0.78,40.81
KOLKATA,16-11-2025 00:00,17-11-2025 00:00,47.47,125.11,53.68,6.51,0.75,40.38
KOLKATA,17-11-2025 00:00,18-11-2025 00:00,49.42,113.09,45.44,6.68,0.75,40.36
KOLKATA,18-11-2025 00:00,19-11-2025 00:00,55.36,124.38,61.73,7.16,0.89,34.65
KOLKATA,19-11-2025 00:00,20-11-2025 00:00,73.43,135.53,68.91,7.42,0.95,27.15
KOLKATA,20-11-2025 00:00,21-11-2025 00:00,72.32,143.08,65.52,7.32,0.87,36.09
KOLKATA,21-11-2025 00:00,22-11-2025 00:00,79.39,168.24,63.39,6.47,0.95,33.41
KOLKATA,22-11-2025 00:00,23-11-2025 00:00,86.03,199.91,70.13,6.74,0.99,36.3
KOLKATA,23-11-2025 00:00,24-11-2025 00:00,86.44,199.63,62.74,7.07,0.97,39.05
KOLKATA,24-11-2025 00:00,25-11-2025 00:00,83.7,153.65,49.62,7.17,1.06,44.6
KOLKATA,25-11-2025 00:00,26-11-2025 00:00,84.57,165.85,66.47,7.59,1.32,48.89
KOLKATA,26-11-2025 00:00,27-11-2025 00:00,67.91,142.97,63.25,7.6,1.22,50.96
KOLKATA,27-11-2025 00:00,28-11-2025 00:00,48.39,134.67,53.17,7.54,1.35,35.42
KOLKATA,28-11-2025 00:00,29-11-2025 00:00,67.64,166.16,77.16,8.09,1.88,43.68
KOLKATA,29-11-2025 00:00,30-11-2025 00:00,69.99,181.14,75.09,7.14,1.61,40.02
KOLKATA,30-11-2025 00:00,01-12-2025 00:00,65.2,170.21,63.84,7.04,1.5,48.49
KOLKATA,01-12-2025 00:00,02-12-2025 00:00,67.84,166.1,65.17,7.47,1.49,45.06
KOLKATA,02-12-2025 00:00,03-12-2025 00:00,84.21,177.42,53.33,8.96,1.44,57.4
KOLKATA,03-12-2025 00:00,04-12-2025 00:00,92.45,175.45,63.35,6.74,1.45,53.33
KOLKATA,04-12-2025 00:00,05-12-2025 00:00,84.65,198.96,62.07,7.53,1.47,52.13
KOLKATA,05-12-2025 00:00,06-12-2025 00:00,71.24,142.75,57.75,7.73,1.11,43.04
KOLKATA,06-12-2025 00:00,07-12-2025 00:00,78.88,141.41,60.41,7.57,1.25,42.46
KOLKATA,07-12-2025 00:00,08-12-2025 00:00,91.29,159.35,70.11,7.73,1.31,36.09
KOLKATA,08-12-2025 00:00,09-12-2025 00:00,105.99,198.56,81.91,8.63,1.46,25.95
KOLKATA,09-12-2025 00:00,10-12-2025 00:00,99.55,206.17,70.94,7.98,1.58,31.68
KOLKATA,10-12-2025 00:00,11-12-2025 00:00,92.13,203.0,66.06,7.63,1.53,33.36
KOLKATA,11-12-2025 00:00,12-12-2025 00:00,98.86,217.54,79.25,8.92,1.75,30.3
KOLKATA,12-12-2025 00:00,13-12-2025 00:00,112.82,223.93,85.48,8.79,1.68,27.42
KOLKATA,13-12-2025 00:00,14-12-2025 00:00,81.05,197.9,78.33,9.28,1.69,26.89
KOLKATA,14-12-2025 00:00,15-12-2025 00:00,69.1,128.73,60.82,9.15,1.28,28.08
KOLKATA,15-12-2025 00:00,16-12-2025 00:00,62.66,126.2,59.28,8.84,1.19,28.15
KOLKATA,16-12-2025 00:00,17-12-2025 00:00,73.51,164.05,73.69,9.01,1.3,29.29
KOLKATA,17-12-2025 00:00,18-12-2025 00:00,80.67,172.85,71.37,8.84,1.24,27.71
KOLKATA,18-12-2025 00:00,19-12-2025 00:00,63.32,147.02,59.62,8.02,1.26,26.98
KOLKATA,19-12-2025 00:00,20-12-2025 00:00,56.46,139.52,62.2,8.34,1.24,25.08
KOLKATA,20-12-2025 00:00,21-12-2025 00:00,70.65,159.47,42.98,8.06,1.33,22.33
KOLKATA,21-12-2025 00:00,22-12-2025 00:00,79.54,173.27,38.69,8.15,1.32,23.32
KOLKATA,22-12-2025 00:00,23-12-2025 00:00,69.93,141.73,46.39,7.73,1.52,24.35
KOLKATA,23-12-2025 00:00,24-12-2025 00:00,83.82,184.61,72.82,8.08,1.43,38.81
KOLKATA,24-12-2025 00:00,25-12-2025 00:00,68.47,175.05,71.45,6.84,1.38,53.49
KOLKATA,25-12-2025 00:00,26-12-2025 00:00,58.45,155.62,57.27,6.97,1.29,50.69
KOLKATA,26-12-2025 00:00,27-12-2025 00:00,83.35,174.26,82.27,8.5,1.43,44.82
KOLKATA,27-12-2025 00:00,28-12-2025 00:00,114.16,182.65,107.24,7.83,1.6,38.54
KOLKATA,28-12-2025 00:00,29-12-2025 00:00,81.58,135.63,49.5,7.71,1.02,43.18
KOLKATA,29-12-2025 00:00,30-12-2025 00:00,65.45,145.82,46.54,7.21,1.02,46.13
KOLKATA,30-12-2025 00:00,31-12-2025 00:00,42.0,123.07,48.43,7.45,0.9,47.49
KOLKATA,31-12-2025 00:00,01-01-2026 00:00,51.61,123.47,66.67,8.47,1.24,38.81
KOLKATA,01-01-2026 00:00,02-01-2026 00:00,123.11,222.06,88.91,8.53,1.54,37.09
KOLKATA,02-01-2026 00:00,03-01-2026 00:00,96.73,205.17,101.05,8.64,1.59,45.39
KOLKATA,03-01-2026 00:00,04-01-2026 00:00,135.24,205.81,96.56,7.89,1.37,47.81
KOLKATA,04-01-2026 00:00,05-01-2026 00:00,148.77,193.47,65.5,7.22,1.26,34.05
KOLKATA,05-01-2026 00:00,06-01-2026 00:00,103.65,155.82,49.04,9.03,0.92,31.16
KOLKATA,06-01-2026 00:00,07-01-2026 00:00,119.32,183.47,62.27,8.98,1.0,20.29
KOLKATA,07-01-2026 00:00,08-01-2026 00:00,120.47,237.96,102.4,10.01,1.02,22.6
KOLKATA,08-01-2026 00:00,09-01-2026 00:00,124.09,182.87,91.11,8.44,0.72,19.09
KOLKATA,09-01-2026 00:00,10-01-2026 00:00,131.44,165.37,77.08,8.12,0.98,23.82
KOLKATA,10-01-2026 00:00,11-01-2026 00:00,94.05,145.7,72.03,5.91,1.44,28.78
KOLKATA,11-01-2026 00:00,12-01-2026 00:00,79.78,164.96,83.64,6.09,1.55,29.98
KOLKATA,12-01-2026 00:00,13-01-2026 00:00,86.29,146.98,88.95,6.12,1.38,28.37
KOLKATA,13-01-2026 00:00,14-01-2026 00:00,86.14,168.27,92.86,6.2,1.41,30.48
KOLKATA,14-01-2026 00:00,15-01-2026 00:00,103.96,180.06,89.73,5.73,1.5,32.33
KOLKATA,15-01-2026 00:00,16-01-2026 00:00,111.24,169.21,94.47,5.88,1.47,30.92
KOLKATA,16-01-2026 00:00,17-01-2026 00:00,94.87,167.71,103.66,5.98,1.52,28.63
KOLKATA,17-01-2026 00:00,18-01-2026 00:00,106.99,198.73,112.74,6.2,1.62,26.27
KOLKATA,18-01-2026 00:00,19-01-2026 00:00,107.79,178.0,85.42,5.59,1.62,29.81
KOLKATA,19-01-2026 00:00,20-01-2026 00:00,163.1,263.56,135.73,6.86,2.21,25.5
KOLKATA,20-01-2026 00:00,21-01-2026 00:00,209.84,312.21,173.3,9.27,2.76,24.9
KOLKATA,21-01-2026 00:00,22-01-2026 00:00,148.73,267.92,124.08,6.88,2.3,23.56
KOLKATA,22-01-2026 00:00,23-01-2026 00:00,99.65,151.76,81.37,6.14,1.39,26.86
KOLKATA,23-01-2026 00:00,24-01-2026 00:00,106.32,191.56,95.68,5.44,1.68,24.93
KOLKATA,24-01-2026 00:00,25-01-2026 00:00,123.27,237.3,119.69,5.82,1.96,23.04
KOLKATA,25-01-2026 00:00,26-01-2026 00:00,113.36,206.06,116.15,6.11,1.69,23.43
KOLKATA,26-01-2026 00:00,27-01-2026 00:00,88.25,167.6,81.2,5.4,1.45,22.07
KOLKATA,27-01-2026 00:00,28-01-2026 00:00,73.29,157.88,74.37,4.66,1.37,24.83
KOLKATA,28-01-2026 00:00,29-01-2026 00:00,77.17,161.74,93.7,4.6,1.42,24.71
KOLKATA,29-01-2026 00:00,30-01-2026 00:00,126.96,220.67,121.14,5.08,1.82,22.05
KOLKATA,30-01-2026 00:00,31-01-2026 00:00,88.81,147.0,86.17,5.07,1.28,24.01
KOLKATA,31-01-2026 00:00,01-02-2026 00:00,76.42,140.19,65.57,4.84,1.21,27.9
KOLKATA,01-02-2026 00:00,02-02-2026 00:00,77.51,124.81,69.76,5.44,1.17,27.76
KOLKATA,02-02-2026 00:00,03-02-2026 00:00,90.97,146.23,88.26,5.27,1.52,22.31
KOLKATA,03-02-2026 00:00,04-02-2026 00:00,104.38,165.34,84.29,8.61,1.42,26.09
KOLKATA,04-02-2026 00:00,05-02-2026 00:00,105.43,177.36,101.55,7.05,1.82,22.11
KOLKATA,05-02-2026 00:00,06-02-2026 00:00,94.89,168.07,96.18,7.55,1.44,21.0
KOLKATA,06-02-2026 00:00,07-02-2026 00:00,90.53,154.25,83.49,6.98,1.51,23.06
KOLKATA,07-02-2026 00:00,08-02-2026 00:00,76.34,144.91,85.97,6.58,1.11,22.53
KOLKATA,08-02-2026 00:00,09-02-2026 00:00,81.96,167.74,95.42,6.57,1.22,22.99
KOLKATA,09-02-2026 00:00,10-02-2026 00:00,76.99,176.57,87.7,6.62,1.36,23.53
KOLKATA,10-02-2026 00:00,11-02-2026 00:00,119.99,209.57,122.4,8.01,1.72,20.69
KOLKATA,11-02-2026 00:00,12-02-2026 00:00,138.52,194.95,106.65,6.8,1.57,23.26
KOLKATA,12-02-2026 00:00,13-02-2026 00:00,105.9,185.9,92.25,6.77,1.35,26.37
KOLKATA,13-02-2026 00:00,14-02-2026 00:00,114.04,181.06,89.66,6.92,1.3,24.1
KOLKATA,14-02-2026 00:00,15-02-2026 00:00,101.01,177.18,102.61,6.84,1.32,23.51
KOLKATA,15-02-2026 00:00,16-02-2026 00:00,105.67,158.65,81.41,6.08,1.2,26.46
KOLKATA,16-02-2026 00:00,17-02-2026 00:00,102.35,156.18,80.5,6.62,1.2,25.84
KOLKATA,17-02-2026 00:00,17-02-2026 00:00,123.79,187.74,86.14,6.48,1.33,22.18
LUCKNOW,01-01-2025 00:00,02-01-2025 00:00,54.78,128.04,7.38,11.91,0.58,13.97
LUCKNOW,02-01-2025 00:00,03-01-2025 00:00,71.83,189.24,5.77,12.38,0.43,13.25
LUCKNOW,03-01-2025 00:00,04-01-2025 00:00,74.03,203.83,8.54,10.75,0.51,24.95
LUCKNOW,04-01-2025 00:00,05-01-2025 00:00,88.86,216.91,25.99,10.74,0.42,24.91
LUCKNOW,05-01-2025 00:00,06-01-2025 00:00,67.33,189.67,25.36,10.76,0.45,24.86
LUCKNOW,06-01-2025 00:00,07-01-2025 00:00,71.05,180.57,18.67,11.29,0.38,24.9
LUCKNOW,07-01-2025 00:00,08-01-2025 00:00,96.46,152.24,6.61,10.79,0.42,24.9
LUCKNOW,08-01-2025 00:00,09-01-2025 00:00,84.49,148.2,22.82,10.74,0.49,24.96
LUCKNOW,09-01-2025 00:00,10-01-2025 00:00,114.94,270.86,29.46,10.79,0.66,25.4
LUCKNOW,10-01-2025 00:00,11-01-2025 00:00,148.38,317.55,36.17,10.72,0.56,24.71
LUCKNOW,11-01-2025 00:00,12-01-2025 00:00,149.88,347.56,36.07,11.45,0.46,24.94
LUCKNOW,12-01-2025 00:00,13-01-2025 00:00,103.93,191.42,36.2,10.81,0.44,24.36
LUCKNOW,13-01-2025 00:00,14-01-2025 00:00,96.91,179.33,36.09,10.77,0.52,24.98
LUCKNOW,14-01-2025 00:00,15-01-2025 00:00,97.37,142.17,25.65,11.19,0.6,22.41
LUCKNOW,15-01-2025 00:00,16-01-2025 00:00,98.86,159.45,37.25,3.48,0.44,24.51
LUCKNOW,16-01-2025 00:00,17-01-2025 00:00,94.64,159.18,37.09,4.7,0.51,24.88
LUCKNOW,17-01-2025 00:00,18-01-2025 00:00,73.9,111.32,37.06,4.73,0.5,24.96
LUCKNOW,18-01-2025 00:00,19-01-2025 00:00,70.22,116.75,36.97,3.5,0.54,24.92
LUCKNOW,19-01-2025 00:00,20-01-2025 00:00,61.73,104.07,37.11,6.0,0.5,35.75
LUCKNOW,20-01-2025 00:00,21-01-2025 00:00,79.35,124.09,37.11,4.61,0.47,41.79
LUCKNOW,21-01-2025 00:00,22-01-2025 00:00,94.19,140.0,33.66,5.69,0.5,41.78
LUCKNOW,22-01-2025 00:00,23-01-2025 00:00,104.17,160.32,46.57,6.8,0.6,41.81
LUCKNOW,23-01-2025 00:00,24-01-2025 00:00,109.08,187.38,40.26,3.93,0.42,41.9
LUCKNOW,24-01-2025 00:00,25-01-2025 00:00,89.73,121.77,36.21,4.53,0.48,41.85
LUCKNOW,25-01-2025 00:00,26-01-2025 00:00,79.63,111.11,33.57,4.04,0.55,41.89
LUCKNOW,26-01-2025 00:00,27-01-2025 00:00,89.0,124.92,35.83,4.94,0.52,41.75
LUCKNOW,27-01-2025 00:00,28-01-2025 00:00,109.53,168.38,34.37,4.67,0.54,30.86
LUCKNOW,28-01-2025 00:00,29-01-2025 00:00,115.11,214.22,34.73,7.68,0.58,24.86
LUCKNOW,29-01-2025 00:00,30-01-2025 00:00,145.2,322.52,46.5,9.58,0.56,24.89
LUCKNOW,30-01-2025 00:00,31-01-2025 00:00,125.26,307.37,49.61,9.99,0.44,24.88
LUCKNOW,31-01-2025 00:00,01-02-2025 00:00,110.67,298.7,44.18,12.74,0.61,17.43
LUCKNOW,01-02-2025 00:00,02-02-2025 00:00,95.61,281.46,51.18,14.31,0.45,24.84
LUCKNOW,02-02-2025 00:00,03-02-2025 00:00,86.13,171.0,50.47,4.04,0.41,24.92
LUCKNOW,03-02-2025 00:00,04-02-2025 00:00,99.22,141.28,44.38,3.94,0.55,24.72
LUCKNOW,04-02-2025 00:00,05-02-2025 00:00,83.07,155.61,48.79,6.1,0.53,24.9
LUCKNOW,05-02-2025 00:00,06-02-2025 00:00,63.49,138.63,46.23,5.16,0.41,24.85
LUCKNOW,06-02-2025 00:00,07-02-2025 00:00,57.8,97.14,35.17,4.02,0.54,18.31
LUCKNOW,07-02-2025 00:00,08-02-2025 00:00,63.78,118.81,36.94,4.51,0.49,24.83
LUCKNOW,08-02-2025 00:00,09-02-2025 00:00,57.8,114.27,51.39,6.68,0.46,24.98
LUCKNOW,09-02-2025 00:00,10-02-2025 00:00,60.48,128.71,51.32,4.37,0.52,24.33
LUCKNOW,10-02-2025 00:00,11-02-2025 00:00,76.18,163.33,48.34,6.53,0.46,25.1
LUCKNOW,11-02-2025 00:00,12-02-2025 00:00,62.65,145.55,46.17,4.35,0.45,24.94
LUCKNOW,12-02-2025 00:00,13-02-2025 00:00,86.47,132.82,52.96,3.92,0.49,24.88
LUCKNOW,13-02-2025 00:00,14-02-2025 00:00,65.4,122.18,47.21,4.54,0.58,25.0
LUCKNOW,14-02-2025 00:00,15-02-2025 00:00,56.6,113.08,43.13,4.9,0.48,24.9
LUCKNOW,15-02-2025 00:00,16-02-2025 00:00,69.12,134.79,43.28,5.01,0.52,24.9
LUCKNOW,16-02-2025 00:00,17-02-2025 00:00,96.76,205.67,43.17,8.39,0.65,24.92
LUCKNOW,17-02-2025 00:00,18-02-2025 00:00,129.31,240.13,43.24,7.02,0.57,24.9
LUCKNOW,18-02-2025 00:00,19-02-2025 00:00,109.57,169.47,36.44,4.26,0.39,21.37
LUCKNOW,19-02-2025 00:00,20-02-2025 00:00,85.86,154.9,46.77,5.75,0.64,24.83
LUCKNOW,20-02-2025 00:00,21-02-2025 00:00,105.32,186.09,46.84,5.74,0.48,24.82
LUCKNOW,21-02-2025 00:00,22-02-2025 00:00,79.38,164.65,49.73,6.19,0.5,25.03
LUCKNOW,22-02-2025 00:00,23-02-2025 00:00,65.9,137.07,51.51,4.84,0.44,24.93
LUCKNOW,23-02-2025 00:00,24-02-2025 00:00,63.31,114.96,51.6,4.54,0.51,24.89
LUCKNOW,24-02-2025 00:00,25-02-2025 00:00,68.99,132.59,51.3,5.68,0.41,24.88
LUCKNOW,25-02-2025 00:00,26-02-2025 00:00,64.83,133.17,51.58,6.02,0.51,24.91
LUCKNOW,26-02-2025 00:00,27-02-2025 00:00,99.61,171.4,51.75,7.56,0.48,24.69
LUCKNOW,27-02-2025 00:00,28-02-2025 00:00,83.24,157.02,51.47,5.16,0.47,22.08
LUCKNOW,28-02-2025 00:00,01-03-2025 00:00,97.81,192.32,41.09,6.31,0.46,19.7
LUCKNOW,01-03-2025 00:00,02-03-2025 00:00,63.19,157.27,26.19,4.78,0.52,24.2
LUCKNOW,02-03-2025 00:00,03-03-2025 00:00,25.37,83.97,26.22,4.74,0.45,24.48
LUCKNOW,03-03-2025 00:00,04-03-2025 00:00,43.11,100.2,26.23,4.75,0.46,25.07
LUCKNOW,04-03-2025 00:00,05-03-2025 00:00,51.4,130.99,26.12,5.36,0.49,24.91
LUCKNOW,05-03-2025 00:00,06-03-2025 00:00,49.22,139.06,26.22,4.8,0.55,24.88
LUCKNOW,06-03-2025 00:00,07-03-2025 00:00,46.67,109.83,26.02,6.15,0.55,24.92
LUCKNOW,07-03-2025 00:00,08-03-2025 00:00,52.17,137.75,35.92,4.57,0.53,24.59
LUCKNOW,08-03-2025 00:00,09-03-2025 00:00,57.88,173.54,45.09,7.1,0.55,25.01
LUCKNOW,09-03-2025 00:00,10-03-2025 00:00,66.34,178.39,44.95,7.57,0.71,26.0
LUCKNOW,10-03-2025 00:00,11-03-2025 00:00,83.64,184.13,43.14,5.54,0.46,19.62
LUCKNOW,11-03-2025 00:00,12-03-2025 00:00,92.13,215.13,41.88,6.71,0.45,24.83
LUCKNOW,12-03-2025 00:00,13-03-2025 00:00,59.76,153.93,41.92,4.27,0.53,24.87
LUCKNOW,13-03-2025 00:00,14-03-2025 00:00,53.1,131.75,41.8,6.17,0.44,24.73
LUCKNOW,14-03-2025 00:00,15-03-2025 00:00,47.96,109.9,41.85,4.81,0.47,24.8
LUCKNOW,15-03-2025 00:00,16-03-2025 00:00,43.95,114.13,41.74,6.96,0.52,24.87
LUCKNOW,16-03-2025 00:00,17-03-2025 00:00,43.07,108.23,41.82,5.1,0.43,24.9
LUCKNOW,17-03-2025 00:00,18-03-2025 00:00,29.15,59.24,42.03,5.5,0.51,24.91
LUCKNOW,18-03-2025 00:00,19-03-2025 00:00,37.1,83.49,41.94,5.72,0.47,24.92
LUCKNOW,19-03-2025 00:00,20-03-2025 00:00,46.25,95.05,41.89,6.19,0.54,24.84
LUCKNOW,20-03-2025 00:00,21-03-2025 00:00,53.53,162.36,41.79,15.05,0.48,25.2
LUCKNOW,21-03-2025 00:00,22-03-2025 00:00,46.83,105.21,41.78,5.6,0.5,24.31
LUCKNOW,22-03-2025 00:00,23-03-2025 00:00,52.92,125.72,41.73,5.21,0.43,25.04
LUCKNOW,23-03-2025 00:00,24-03-2025 00:00,63.95,126.05,41.86,5.56,0.54,25.16
LUCKNOW,24-03-2025 00:00,25-03-2025 00:00,84.0,158.62,36.3,10.38,0.54,22.83
LUCKNOW,25-03-2025 00:00,26-03-2025 00:00,116.82,211.68,26.35,10.15,0.57,25.01
LUCKNOW,26-03-2025 00:00,27-03-2025 00:00,104.02,198.95,26.13,9.41,0.48,24.94
LUCKNOW,27-03-2025 00:00,28-03-2025 00:00,78.93,153.45,26.13,5.12,0.46,25.23
LUCKNOW,28-03-2025 00:00,29-03-2025 00:00,71.26,144.74,29.05,6.5,0.5,24.94
LUCKNOW,29-03-2025 00:00,30-03-2025 00:00,56.49,122.12,30.26,5.14,0.54,24.9
LUCKNOW,30-03-2025 00:00,31-03-2025 00:00,59.83,124.59,29.97,18.49,0.55,23.26
LUCKNOW,31-03-2025 00:00,01-04-2025 00:00,50.27,95.87,30.12,10.84,0.51,25.36
LUCKNOW,01-04-2025 00:00,02-04-2025 00:00,51.24,268.89,29.62,16.15,0.6,18.69
LUCKNOW,02-04-2025 00:00,03-04-2025 00:00,70.88,272.67,30.05,12.84,0.61,24.89
LUCKNOW,03-04-2025 00:00,04-04-2025 00:00,88.73,272.67,30.21,9.8,0.5,24.9
LUCKNOW,04-04-2025 00:00,05-04-2025 00:00,78.43,272.67,30.3,10.53,0.47,24.88
LUCKNOW,05-04-2025 00:00,06-04-2025 00:00,70.71,272.67,30.29,8.06,0.45,24.91
LUCKNOW,06-04-2025 00:00,07-04-2025 00:00,66.67,259.34,29.16,6.7,0.47,26.08
LUCKNOW,07-04-2025 00:00,08-04-2025 00:00,98.63,275.12,29.97,6.26,0.55,25.94
LUCKNOW,08-04-2025 00:00,09-04-2025 00:00,93.95,272.67,30.34,5.29,0.47,24.87
LUCKNOW,09-04-2025 00:00,10-04-2025 00:00,93.0,272.67,30.07,4.58,0.44,24.89
LUCKNOW,10-04-2025 00:00,11-04-2025 00:00,62.52,268.84,30.29,5.32,0.5,24.95
LUCKNOW,11-04-2025 00:00,12-04-2025 00:00,46.82,172.67,30.18,5.59,0.49,24.9
LUCKNOW,12-04-2025 00:00,13-04-2025 00:00,47.29,150.51,30.13,4.79,0.48,24.88
LUCKNOW,13-04-2025 00:00,14-04-2025 00:00,39.38,139.12,30.13,3.7,0.48,24.92
LUCKNOW,14-04-2025 00:00,15-04-2025 00:00,45.95,133.64,30.24,6.4,0.56,25.03
LUCKNOW,15-04-2025 00:00,16-04-2025 00:00,66.21,186.73,30.24,4.54,0.5,24.91
LUCKNOW,16-04-2025 00:00,17-04-2025 00:00,66.58,226.44,30.32,5.18,0.48,24.89
LUCKNOW,17-04-2025 00:00,18-04-2025 00:00,68.97,192.67,30.13,5.27,0.45,24.87
LUCKNOW,18-04-2025 00:00,19-04-2025 00:00,62.43,191.96,30.03,5.69,0.43,24.5
LUCKNOW,19-04-2025 00:00,20-04-2025 00:00,49.19,192.67,30.29,4.97,0.5,24.89
LUCKNOW,20-04-2025 00:00,21-04-2025 00:00,54.24,193.34,30.3,5.2,0.49,24.28
LUCKNOW,21-04-2025 00:00,22-04-2025 00:00,78.88,198.14,30.14,5.57,0.52,24.89
LUCKNOW,22-04-2025 00:00,23-04-2025 00:00,89.72,202.69,30.25,5.81,0.45,24.82
LUCKNOW,23-04-2025 00:00,24-04-2025 00:00,78.51,198.14,30.15,4.72,0.61,24.9
LUCKNOW,24-04-2025 00:00,25-04-2025 00:00,71.63,193.17,30.36,6.41,0.5,25.14
LUCKNOW,25-04-2025 00:00,26-04-2025 00:00,73.73,192.67,30.09,7.71,0.48,24.9
LUCKNOW,26-04-2025 00:00,27-04-2025 00:00,75.77,192.67,30.23,11.73,0.52,24.85
LUCKNOW,27-04-2025 00:00,28-04-2025 00:00,88.93,196.71,30.26,6.32,0.52,24.93
LUCKNOW,28-04-2025 00:00,29-04-2025 00:00,83.11,197.92,30.23,3.77,0.45,25.01
LUCKNOW,29-04-2025 00:00,30-04-2025 00:00,59.45,196.58,29.41,4.45,0.46,20.39
LUCKNOW,30-04-2025 00:00,01-05-2025 00:00,61.6,186.77,29.98,5.15,0.53,25.06
LUCKNOW,01-05-2025 00:00,02-05-2025 00:00,64.8,197.45,30.18,4.74,0.54,24.9
LUCKNOW,02-05-2025 00:00,03-05-2025 00:00,65.58,185.52,30.04,4.49,0.54,25.18
LUCKNOW,03-05-2025 00:00,04-05-2025 00:00,63.41,182.67,30.2,4.9,0.44,24.88
LUCKNOW,04-05-2025 00:00,05-05-2025 00:00,69.58,197.32,30.29,4.12,0.51,25.07
LUCKNOW,05-05-2025 00:00,06-05-2025 00:00,54.75,182.54,30.3,5.07,0.59,25.43
LUCKNOW,06-05-2025 00:00,07-05-2025 00:00,54.5,199.48,40.17,5.27,0.52,24.34
LUCKNOW,07-05-2025 00:00,08-05-2025 00:00,58.02,197.5,47.86,6.48,0.53,25.18
LUCKNOW,08-05-2025 00:00,09-05-2025 00:00,52.41,222.19,39.36,5.71,0.39,23.76
LUCKNOW,09-05-2025 00:00,10-05-2025 00:00,69.4,247.28,30.24,5.46,0.92,19.13
LUCKNOW,10-05-2025 00:00,11-05-2025 00:00,51.69,180.52,30.38,5.59,0.55,25.69
LUCKNOW,11-05-2025 00:00,12-05-2025 00:00,48.68,182.67,30.1,6.87,0.68,24.88
LUCKNOW,12-05-2025 00:00,13-05-2025 00:00,53.72,182.72,30.29,6.69,0.48,25.28
LUCKNOW,13-05-2025 00:00,14-05-2025 00:00,60.39,182.17,30.19,6.37,0.53,24.9
LUCKNOW,14-05-2025 00:00,15-05-2025 00:00,68.1,167.37,29.75,6.11,0.46,27.07
LUCKNOW,15-05-2025 00:00,16-05-2025 00:00,93.16,213.79,30.58,7.87,0.63,31.46
LUCKNOW,16-05-2025 00:00,17-05-2025 00:00,109.54,206.18,30.26,5.26,0.6,24.86
LUCKNOW,17-05-2025 00:00,18-05-2025 00:00,83.55,193.14,30.12,5.41,0.5,24.91
LUCKNOW,18-05-2025 00:00,19-05-2025 00:00,60.64,188.09,30.13,6.12,0.47,24.99
LUCKNOW,19-05-2025 00:00,20-05-2025 00:00,57.35,207.67,30.18,6.09,0.47,24.89
LUCKNOW,20-05-2025 00:00,21-05-2025 00:00,49.57,207.44,30.18,5.84,0.57,24.95
LUCKNOW,21-05-2025 00:00,22-05-2025 00:00,54.99,202.67,30.13,5.19,0.53,24.89
LUCKNOW,22-05-2025 00:00,23-05-2025 00:00,33.28,187.21,30.24,5.01,0.47,24.97
LUCKNOW,23-05-2025 00:00,24-05-2025 00:00,44.46,148.64,30.17,5.52,0.47,25.14
LUCKNOW,24-05-2025 00:00,25-05-2025 00:00,57.18,88.29,30.12,5.21,0.51,25.15
LUCKNOW,25-05-2025 00:00,26-05-2025 00:00,41.35,83.46,28.19,3.47,0.56,16.01
LUCKNOW,26-05-2025 00:00,27-05-2025 00:00,43.27,147.87,28.97,6.27,0.6,12.77
LUCKNOW,27-05-2025 00:00,28-05-2025 00:00,43.09,117.89,30.06,5.84,0.47,24.86
LUCKNOW,28-05-2025 00:00,29-05-2025 00:00,36.74,117.89,30.06,5.12,0.54,24.88
LUCKNOW,29-05-2025 00:00,30-05-2025 00:00,40.55,117.89,30.12,5.75,0.46,24.9
LUCKNOW,30-05-2025 00:00,31-05-2025 00:00,43.09,121.19,30.23,6.2,0.57,24.86
LUCKNOW,31-05-2025 00:00,01-06-2025 00:00,63.3,117.89,30.19,4.89,0.46,24.94
LUCKNOW,01-06-2025 00:00,02-06-2025 00:00,57.04,117.99,30.21,4.0,0.55,24.45
LUCKNOW,02-06-2025 00:00,03-06-2025 00:00,64.65,121.94,30.21,5.82,0.58,24.9
LUCKNOW,03-06-2025 00:00,04-06-2025 00:00,52.47,113.54,30.85,4.18,0.56,27.65
LUCKNOW,04-06-2025 00:00,05-06-2025 00:00,55.53,110.67,31.91,5.83,0.51,29.88
LUCKNOW,05-06-2025 00:00,06-06-2025 00:00,46.99,112.46,31.13,6.3,0.44,25.36
LUCKNOW,06-06-2025 00:00,07-06-2025 00:00,56.83,110.05,32.07,5.7,0.61,30.5
LUCKNOW,07-06-2025 00:00,08-06-2025 00:00,74.35,112.23,32.05,7.9,0.66,30.42
LUCKNOW,08-06-2025 00:00,09-06-2025 00:00,66.84,121.71,31.95,5.25,0.55,30.27
LUCKNOW,09-06-2025 00:00,10-06-2025 00:00,80.11,133.05,32.07,5.35,0.49,30.58
LUCKNOW,10-06-2025 00:00,11-06-2025 00:00,80.49,133.09,32.17,5.32,0.47,30.37
LUCKNOW,11-06-2025 00:00,12-06-2025 00:00,72.78,134.05,32.03,4.58,0.48,30.82
LUCKNOW,12-06-2025 00:00,13-06-2025 00:00,66.97,133.04,32.07,7.72,0.64,30.35
LUCKNOW,13-06-2025 00:00,14-06-2025 00:00,55.3,133.26,31.96,3.99,0.55,31.32
LUCKNOW,14-06-2025 00:00,15-06-2025 00:00,53.72,129.65,32.09,5.55,0.5,31.38
LUCKNOW,15-06-2025 00:00,16-06-2025 00:00,41.93,129.71,31.87,4.56,0.53,31.43
LUCKNOW,16-06-2025 00:00,17-06-2025 00:00,44.39,129.68,32.04,5.55,0.47,31.46
LUCKNOW,17-06-2025 00:00,18-06-2025 00:00,45.72,116.68,32.03,4.51,0.49,31.39
LUCKNOW,18-06-2025 00:00,19-06-2025 00:00,28.04,114.08,27.15,3.69,0.44,27.34
LUCKNOW,19-06-2025 00:00,20-06-2025 00:00,52.01,108.33,32.01,5.6,0.51,31.46
LUCKNOW,20-06-2025 00:00,21-06-2025 00:00,19.86,65.2,32.13,3.72,0.45,31.44
LUCKNOW,21-06-2025 00:00,22-06-2025 00:00,26.42,46.08,31.97,5.56,0.47,31.28
LUCKNOW,22-06-2025 00:00,23-06-2025 00:00,30.41,80.49,32.19,5.41,0.54,31.9
LUCKNOW,23-06-2025 00:00,24-06-2025 00:00,35.7,81.98,32.05,5.33,0.4,31.42
LUCKNOW,24-06-2025 00:00,25-06-2025 00:00,41.56,83.88,31.99,4.58,0.47,31.4
LUCKNOW,25-06-2025 00:00,26-06-2025 00:00,42.55,82.57,31.96,6.15,0.56,31.38
LUCKNOW,26-06-2025 00:00,27-06-2025 00:00,32.13,87.1,31.82,4.9,0.39,31.58
LUCKNOW,27-06-2025 00:00,28-06-2025 00:00,39.94,86.72,31.92,5.78,0.6,31.38
LUCKNOW,28-06-2025 00:00,29-06-2025 00:00,35.5,87.35,31.92,5.55,0.51,31.01
LUCKNOW,29-06-2025 00:00,30-06-2025 00:00,22.26,84.58,32.23,4.36,0.51,31.6
LUCKNOW,30-06-2025 00:00,01-07-2025 00:00,25.23,58.09,30.33,6.79,0.48,27.76
LUCKNOW,01-07-2025 00:00,02-07-2025 00:00,20.31,44.96,32.06,4.83,0.65,31.79
LUCKNOW,02-07-2025 00:00,03-07-2025 00:00,26.65,45.29,31.96,4.8,0.52,31.6
LUCKNOW,03-07-2025 00:00,04-07-2025 00:00,23.49,42.1,32.0,4.85,0.51,31.39
LUCKNOW,04-07-2025 00:00,05-07-2025 00:00,24.73,45.21,32.03,4.37,0.51,30.27
LUCKNOW,05-07-2025 00:00,06-07-2025 00:00,22.56,52.72,32.13,3.52,0.57,25.54
LUCKNOW,06-07-2025 00:00,07-07-2025 00:00,17.48,52.51,32.03,3.44,0.41,25.52
LUCKNOW,07-07-2025 00:00,08-07-2025 00:00,22.18,47.78,31.86,6.22,0.57,24.85
LUCKNOW,08-07-2025 00:00,09-07-2025 00:00,24.71,44.1,32.11,5.58,0.49,25.41
LUCKNOW,09-07-2025 00:00,10-07-2025 00:00,22.37,40.61,31.98,4.79,0.52,25.35
LUCKNOW,10-07-2025 00:00,11-07-2025 00:00,22.42,40.25,32.07,5.12,0.57,25.17
LUCKNOW,11-07-2025 00:00,12-07-2025 00:00,14.19,25.69,32.58,5.07,0.77,25.52
LUCKNOW,12-07-2025 00:00,13-07-2025 00:00,19.6,61.04,31.8,5.36,0.52,25.3
LUCKNOW,13-07-2025 00:00,14-07-2025 00:00,25.68,62.98,31.82,3.94,0.48,25.17
LUCKNOW,14-07-2025 00:00,15-07-2025 00:00,22.65,67.01,31.9,6.47,0.53,22.72
LUCKNOW,15-07-2025 00:00,16-07-2025 00:00,25.27,62.43,32.05,5.63,0.63,25.42
LUCKNOW,16-07-2025 00:00,17-07-2025 00:00,16.34,62.49,32.07,6.7,0.66,25.47
LUCKNOW,17-07-2025 00:00,18-07-2025 00:00,20.96,58.29,32.15,4.67,0.56,25.48
LUCKNOW,18-07-2025 00:00,19-07-2025 00:00,29.26,54.08,32.05,5.13,0.52,25.42
LUCKNOW,19-07-2025 00:00,20-07-2025 00:00,22.83,54.08,31.99,3.24,0.56,25.35
LUCKNOW,20-07-2025 00:00,21-07-2025 00:00,27.07,54.08,31.9,4.53,0.52,25.42
LUCKNOW,21-07-2025 00:00,22-07-2025 00:00,28.2,54.39,31.64,4.55,0.4,23.12
LUCKNOW,22-07-2025 00:00,23-07-2025 00:00,28.71,54.28,31.95,4.9,0.48,25.4
LUCKNOW,23-07-2025 00:00,24-07-2025 00:00,27.52,56.68,31.89,5.84,0.55,25.14
LUCKNOW,24-07-2025 00:00,25-07-2025 00:00,25.88,43.86,32.06,4.53,0.48,25.49
LUCKNOW,25-07-2025 00:00,26-07-2025 00:00,23.37,44.13,31.99,6.28,0.6,25.47
LUCKNOW,26-07-2025 00:00,27-07-2025 00:00,19.51,44.08,31.93,6.03,0.47,25.41
LUCKNOW,27-07-2025 00:00,28-07-2025 00:00,18.46,44.08,32.13,4.82,0.43,25.48
LUCKNOW,28-07-2025 00:00,29-07-2025 00:00,25.79,44.22,32.11,5.35,0.48,25.48
LUCKNOW,29-07-2025 00:00,30-07-2025 00:00,19.16,46.5,31.99,7.03,0.62,25.58
LUCKNOW,30-07-2025 00:00,31-07-2025 00:00,21.49,46.11,32.05,5.21,0.53,25.4
LUCKNOW,31-07-2025 00:00,01-08-2025 00:00,28.09,46.47,29.98,4.34,0.51,22.57
LUCKNOW,01-08-2025 00:00,02-08-2025 00:00,25.56,46.12,32.03,1.52,0.45,25.4
LUCKNOW,02-08-2025 00:00,03-08-2025 00:00,21.75,45.06,31.92,6.09,0.65,25.37
LUCKNOW,03-08-2025 00:00,04-08-2025 00:00,18.11,45.07,31.97,1.0,0.49,25.4
LUCKNOW,04-08-2025 00:00,05-08-2025 00:00,12.25,45.08,31.92,1.79,0.58,25.44
LUCKNOW,05-08-2025 00:00,06-08-2025 00:00,20.18,45.07,31.96,1.43,0.46,25.19
LUCKNOW,06-08-2025 00:00,07-08-2025 00:00,15.47,45.9,31.94,4.9,0.57,25.32
LUCKNOW,07-08-2025 00:00,08-08-2025 00:00,21.31,45.08,32.02,1.95,0.52,25.51
LUCKNOW,08-08-2025 00:00,09-08-2025 00:00,16.59,40.43,32.0,2.19,0.56,25.19
LUCKNOW,09-08-2025 00:00,10-08-2025 00:00,15.65,39.71,32.08,1.34,0.51,25.71
LUCKNOW,10-08-2025 00:00,11-08-2025 00:00,14.92,39.72,32.1,1.58,0.51,25.62
LUCKNOW,11-08-2025 00:00,12-08-2025 00:00,17.31,39.46,31.97,4.22,0.52,25.17
LUCKNOW,12-08-2025 00:00,13-08-2025 00:00,13.9,34.82,31.47,3.1,0.43,23.85
LUCKNOW,13-08-2025 00:00,14-08-2025 00:00,25.22,42.07,32.03,6.84,0.56,24.88
LUCKNOW,14-08-2025 00:00,15-08-2025 00:00,18.5,41.67,31.96,5.59,0.6,25.44
LUCKNOW,15-08-2025 00:00,16-08-2025 00:00,17.48,40.47,31.21,6.72,0.82,22.92
LUCKNOW,16-08-2025 00:00,17-08-2025 00:00,28.88,41.51,32.04,7.93,0.66,25.49
LUCKNOW,17-08-2025 00:00,18-08-2025 00:00,22.5,39.61,32.01,4.3,0.5,25.46
LUCKNOW,18-08-2025 00:00,19-08-2025 00:00,24.26,41.7,31.95,7.65,0.72,25.52
LUCKNOW,19-08-2025 00:00,20-08-2025 00:00,27.54,43.33,32.21,5.41,0.53,25.37
LUCKNOW,20-08-2025 00:00,21-08-2025 00:00,27.74,55.64,32.0,7.09,0.53,25.56
LUCKNOW,21-08-2025 00:00,22-08-2025 00:00,27.61,54.51,31.9,16.51,0.54,25.56
LUCKNOW,22-08-2025 00:00,23-08-2025 00:00,24.11,54.75,31.91,9.0,0.5,25.5
LUCKNOW,23-08-2025 00:00,24-08-2025 00:00,24.64,53.02,31.84,9.58,0.44,25.15
LUCKNOW,24-08-2025 00:00,25-08-2025 00:00,14.17,54.67,32.07,7.93,0.75,25.58
LUCKNOW,25-08-2025 00:00,26-08-2025 00:00,17.09,54.44,31.62,7.05,0.56,24.27
LUCKNOW,26-08-2025 00:00,27-08-2025 00:00,30.2,53.02,32.01,6.46,0.55,25.33
LUCKNOW,27-08-2025 00:00,28-08-2025 00:00,29.59,55.97,32.11,4.63,0.63,25.55
LUCKNOW,28-08-2025 00:00,29-08-2025 00:00,31.0,54.67,32.1,5.38,0.54,25.36
LUCKNOW,29-08-2025 00:00,30-08-2025 00:00,28.03,65.16,32.09,6.15,0.42,25.38
LUCKNOW,30-08-2025 00:00,31-08-2025 00:00,23.99,66.88,32.0,5.49,0.52,25.17
LUCKNOW,31-08-2025 00:00,01-09-2025 00:00,15.31,67.73,31.85,4.61,0.43,24.8
LUCKNOW,01-09-2025 00:00,02-09-2025 00:00,16.41,61.34,31.63,6.74,0.67,18.99
LUCKNOW,02-09-2025 00:00,03-09-2025 00:00,18.09,52.97,32.31,6.64,0.5,25.5
LUCKNOW,03-09-2025 00:00,04-09-2025 00:00,15.64,52.85,31.96,5.27,0.56,25.49
LUCKNOW,04-09-2025 00:00,05-09-2025 00:00,19.32,52.84,31.99,5.55,0.53,25.33
LUCKNOW,05-09-2025 00:00,06-09-2025 00:00,15.9,63.16,31.71,3.35,0.62,24.52
LUCKNOW,06-09-2025 00:00,07-09-2025 00:00,20.79,45.3,32.07,4.7,0.44,25.5
LUCKNOW,07-09-2025 00:00,08-09-2025 00:00,14.47,40.74,31.99,4.65,0.48,25.54
LUCKNOW,08-09-2025 00:00,09-09-2025 00:00,14.13,36.73,32.18,5.72,0.58,25.35
LUCKNOW,09-09-2025 00:00,10-09-2025 00:00,13.02,33.83,32.07,6.54,0.5,25.46
LUCKNOW,10-09-2025 00:00,11-09-2025 00:00,12.87,44.8,32.02,8.37,0.61,25.53
LUCKNOW,11-09-2025 00:00,12-09-2025 00:00,16.85,54.4,31.98,6.82,0.51,25.58
LUCKNOW,12-09-2025 00:00,13-09-2025 00:00,15.3,61.13,31.88,10.25,0.54,25.11
LUCKNOW,13-09-2025 00:00,14-09-2025 00:00,17.83,64.75,32.15,7.83,0.6,25.22
LUCKNOW,14-09-2025 00:00,15-09-2025 00:00,17.24,52.84,32.07,15.64,0.63,25.44
LUCKNOW,15-09-2025 00:00,16-09-2025 00:00,27.38,53.45,31.93,10.05,0.54,25.52
LUCKNOW,16-09-2025 00:00,17-09-2025 00:00,18.16,46.27,31.38,8.03,0.63,22.66
LUCKNOW,17-09-2025 00:00,18-09-2025 00:00,15.93,37.4,32.39,4.67,0.43,24.35
LUCKNOW,18-09-2025 00:00,19-09-2025 00:00,23.32,46.22,31.66,5.89,0.54,24.18
LUCKNOW,19-09-2025 00:00,20-09-2025 00:00,20.3,36.41,33.7,4.03,0.51,30.62
LUCKNOW,20-09-2025 00:00,21-09-2025 00:00,29.84,37.73,30.69,6.18,0.44,16.27
LUCKNOW,21-09-2025 00:00,22-09-2025 00:00,36.1,63.45,32.07,6.06,0.54,24.99
LUCKNOW,22-09-2025 00:00,23-09-2025 00:00,46.97,71.71,32.16,4.16,0.49,26.6
LUCKNOW,23-09-2025 00:00,24-09-2025 00:00,52.82,77.45,31.5,6.09,0.5,22.92
LUCKNOW,24-09-2025 00:00,25-09-2025 00:00,58.06,87.67,37.05,4.81,0.59,30.11
LUCKNOW,25-09-2025 00:00,26-09-2025 00:00,39.79,53.2,45.54,6.58,1.01,25.49
LUCKNOW,26-09-2025 00:00,27-09-2025 00:00,45.69,92.7,43.25,5.94,0.8,25.32
LUCKNOW,27-09-2025 00:00,28-09-2025 00:00,42.58,134.66,39.82,6.93,0.9,25.51
LUCKNOW,28-09-2025 00:00,29-09-2025 00:00,27.5,58.04,37.7,3.7,0.81,25.53
LUCKNOW,29-09-2025 00:00,30-09-2025 00:00,42.55,96.87,40.51,6.71,0.77,25.25
LUCKNOW,30-09-2025 00:00,01-10-2025 00:00,35.65,61.75,38.64,4.49,0.86,24.61
LUCKNOW,01-10-2025 00:00,02-10-2025 00:00,29.44,82.69,38.32,8.58,0.91,25.52
LUCKNOW,02-10-2025 00:00,03-10-2025 00:00,25.05,81.38,36.51,7.87,1.23,25.39
LUCKNOW,03-10-2025 00:00,04-10-2025 00:00,25.94,65.53,37.13,9.08,1.21,25.45
LUCKNOW,04-10-2025 00:00,05-10-2025 00:00,15.71,37.06,36.53,9.63,1.3,25.57
LUCKNOW,05-10-2025 00:00,06-10-2025 00:00,32.51,64.11,39.25,7.96,1.28,25.51
LUCKNOW,06-10-2025 00:00,07-10-2025 00:00,56.32,113.84,38.56,9.7,1.22,25.29
LUCKNOW,07-10-2025 00:00,08-10-2025 00:00,27.85,68.45,40.01,7.27,1.22,25.7
LUCKNOW,08-10-2025 00:00,09-10-2025 00:00,32.31,78.48,47.71,8.26,1.17,25.79
LUCKNOW,09-10-2025 00:00,10-10-2025 00:00,51.88,102.84,45.54,8.44,1.09,24.89
LUCKNOW,10-10-2025 00:00,11-10-2025 00:00,50.0,109.86,45.26,7.28,1.12,25.5
LUCKNOW,11-10-2025 00:00,12-10-2025 00:00,56.44,106.6,45.03,7.8,1.09,23.6
LUCKNOW,12-10-2025 00:00,13-10-2025 00:00,67.43,124.92,46.41,8.69,1.08,25.6
LUCKNOW,13-10-2025 00:00,14-10-2025 00:00,74.76,136.65,46.43,8.48,1.09,26.31
LUCKNOW,14-10-2025 00:00,15-10-2025 00:00,75.57,124.77,35.59,5.32,0.96,30.35
LUCKNOW,15-10-2025 00:00,16-10-2025 00:00,69.97,132.11,24.62,4.74,0.9,25.4
LUCKNOW,16-10-2025 00:00,17-10-2025 00:00,82.62,144.2,18.25,4.77,0.95,25.67
LUCKNOW,17-10-2025 00:00,18-10-2025 00:00,91.29,157.98,19.07,5.93,0.89,25.44
LUCKNOW,18-10-2025 00:00,19-10-2025 00:00,90.08,153.91,18.78,5.88,0.89,25.46
LUCKNOW,19-10-2025 00:00,20-10-2025 00:00,88.19,156.88,17.72,5.72,0.92,25.46
LUCKNOW,20-10-2025 00:00,21-10-2025 00:00,114.31,179.62,17.11,6.74,0.95,25.45
LUCKNOW,21-10-2025 00:00,22-10-2025 00:00,248.44,310.24,27.53,5.69,1.48,25.55
LUCKNOW,22-10-2025 00:00,23-10-2025 00:00,95.79,206.71,47.0,7.59,1.57,25.56
LUCKNOW,23-10-2025 00:00,24-10-2025 00:00,104.18,225.78,46.38,4.39,1.53,25.23
LUCKNOW,24-10-2025 00:00,25-10-2025 00:00,94.59,215.43,46.14,4.29,1.55,25.72
LUCKNOW,25-10-2025 00:00,26-10-2025 00:00,87.98,203.86,44.95,5.03,1.54,25.4
LUCKNOW,26-10-2025 00:00,27-10-2025 00:00,86.69,205.36,44.66,5.98,1.51,25.42
LUCKNOW,27-10-2025 00:00,28-10-2025 00:00,94.25,217.39,45.11,4.7,1.5,25.61
LUCKNOW,28-10-2025 00:00,29-10-2025 00:00,51.96,132.04,45.07,5.71,1.51,25.36
LUCKNOW,29-10-2025 00:00,30-10-2025 00:00,33.33,78.55,48.96,4.19,1.08,23.67
LUCKNOW,30-10-2025 00:00,31-10-2025 00:00,39.26,77.06,56.2,6.49,0.62,25.42
LUCKNOW,31-10-2025 00:00,01-11-2025 00:00,16.8,41.69,41.37,5.05,0.51,25.65
LUCKNOW,01-11-2025 00:00,02-11-2025 00:00,40.18,88.07,35.65,5.19,0.49,25.42
LUCKNOW,02-11-2025 00:00,03-11-2025 00:00,76.57,128.65,34.65,5.09,0.53,25.48
LUCKNOW,03-11-2025 00:00,04-11-2025 00:00,106.99,160.86,35.78,5.03,0.52,24.63
LUCKNOW,04-11-2025 00:00,05-11-2025 00:00,94.69,173.97,33.86,6.36,0.6,25.18
LUCKNOW,05-11-2025 00:00,06-11-2025 00:00,130.08,191.0,23.92,6.14,0.54,24.83
LUCKNOW,06-11-2025 00:00,07-11-2025 00:00,75.88,131.11,27.78,4.47,0.5,25.5
LUCKNOW,07-11-2025 00:00,08-11-2025 00:00,84.11,153.09,37.23,5.45,0.52,25.19
LUCKNOW,08-11-2025 00:00,09-11-2025 00:00,112.86,190.56,38.13,5.63,0.49,25.47
LUCKNOW,09-11-2025 00:00,10-11-2025 00:00,117.47,205.51,42.08,3.52,0.65,23.36
LUCKNOW,10-11-2025 00:00,11-11-2025 00:00,113.47,175.87,37.64,5.96,0.51,24.98
LUCKNOW,11-11-2025 00:00,12-11-2025 00:00,99.42,173.64,40.93,5.35,0.37,25.6
LUCKNOW,12-11-2025 00:00,13-11-2025 00:00,119.95,178.37,43.41,5.2,0.51,25.53
LUCKNOW,13-11-2025 00:00,14-11-2025 00:00,122.28,185.21,44.7,4.98,0.64,25.38
LUCKNOW,14-11-2025 00:00,15-11-2025 00:00,127.31,195.81,45.19,6.72,0.57,25.1
LUCKNOW,15-11-2025 00:00,16-11-2025 00:00,90.25,170.73,45.99,4.44,0.65,25.43
LUCKNOW,16-11-2025 00:00,17-11-2025 00:00,92.52,293.97,44.42,9.57,0.61,25.62
LUCKNOW,17-11-2025 00:00,18-11-2025 00:00,79.48,205.23,38.46,5.41,0.54,25.36
LUCKNOW,18-11-2025 00:00,19-11-2025 00:00,78.01,168.11,39.04,4.6,0.45,25.45
LUCKNOW,19-11-2025 00:00,20-11-2025 00:00,122.3,187.41,44.98,5.73,0.64,25.2
LUCKNOW,20-11-2025 00:00,21-11-2025 00:00,101.27,203.53,35.8,5.05,0.42,25.16
LUCKNOW,21-11-2025 00:00,22-11-2025 00:00,86.83,160.6,39.23,9.45,0.53,25.48
LUCKNOW,22-11-2025 00:00,23-11-2025 00:00,84.14,235.6,31.26,7.56,0.48,25.4
LUCKNOW,23-11-2025 00:00,24-11-2025 00:00,82.1,199.2,37.4,6.4,0.56,25.6
LUCKNOW,24-11-2025 00:00,25-11-2025 00:00,94.83,204.52,44.16,9.02,0.43,23.94
LUCKNOW,25-11-2025 00:00,26-11-2025 00:00,118.95,179.48,42.56,5.64,0.45,25.18
LUCKNOW,26-11-2025 00:00,27-11-2025 00:00,105.82,174.47,44.19,7.13,0.55,25.4
LUCKNOW,27-11-2025 00:00,28-11-2025 00:00,110.7,159.92,44.65,8.58,0.5,25.36
LUCKNOW,28-11-2025 00:00,29-11-2025 00:00,74.91,118.28,41.38,6.4,0.5,25.32
LUCKNOW,29-11-2025 00:00,30-11-2025 00:00,66.7,104.35,42.55,5.92,0.53,25.43
LUCKNOW,30-11-2025 00:00,01-12-2025 00:00,73.72,154.52,40.4,6.34,0.59,25.38
LUCKNOW,01-12-2025 00:00,02-12-2025 00:00,78.83,164.46,41.18,6.73,0.47,25.52
LUCKNOW,02-12-2025 00:00,03-12-2025 00:00,104.97,175.89,41.14,6.78,0.51,25.49
LUCKNOW,03-12-2025 00:00,04-12-2025 00:00,120.52,207.91,46.76,5.62,0.43,25.6
LUCKNOW,04-12-2025 00:00,05-12-2025 00:00,80.49,151.52,39.39,6.66,0.54,23.71
LUCKNOW,05-12-2025 00:00,06-12-2025 00:00,84.07,152.34,38.27,8.07,0.51,25.48
LUCKNOW,06-12-2025 00:00,07-12-2025 00:00,122.31,201.45,43.12,8.66,0.65,25.37
LUCKNOW,07-12-2025 00:00,08-12-2025 00:00,114.54,197.95,42.39,8.56,0.62,25.35
LUCKNOW,08-12-2025 00:00,09-12-2025 00:00,106.87,183.82,41.05,8.46,0.59,25.47
LUCKNOW,09-12-2025 00:00,10-12-2025 00:00,86.43,152.93,40.99,7.94,0.64,25.18
LUCKNOW,10-12-2025 00:00,11-12-2025 00:00,95.43,160.75,42.39,8.39,0.72,24.81
LUCKNOW,11-12-2025 00:00,12-12-2025 00:00,125.94,225.74,41.39,9.02,0.55,25.2
LUCKNOW,12-12-2025 00:00,13-12-2025 00:00,168.6,262.03,42.94,10.8,0.55,25.5
LUCKNOW,13-12-2025 00:00,14-12-2025 00:00,175.78,285.67,44.39,11.73,0.59,25.33
LUCKNOW,14-12-2025 00:00,15-12-2025 00:00,173.82,339.02,44.71,6.12,0.49,25.24
LUCKNOW,15-12-2025 00:00,16-12-2025 00:00,94.84,176.35,38.31,5.57,0.96,25.37
LUCKNOW,16-12-2025 00:00,17-12-2025 00:00,100.27,213.23,36.28,5.62,0.98,25.5
LUCKNOW,17-12-2025 00:00,18-12-2025 00:00,112.95,210.6,34.46,6.17,1.0,25.42
LUCKNOW,18-12-2025 00:00,19-12-2025 00:00,108.88,198.79,32.7,6.15,1.0,25.34
LUCKNOW,19-12-2025 00:00,20-12-2025 00:00,85.16,154.98,32.13,5.4,1.0,25.56
LUCKNOW,20-12-2025 00:00,21-12-2025 00:00,112.12,186.68,32.5,9.09,0.95,25.43
LUCKNOW,21-12-2025 00:00,22-12-2025 00:00,121.72,206.51,32.29,5.68,1.04,22.19
LUCKNOW,22-12-2025 00:00,23-12-2025 00:00,128.36,232.84,33.34,6.99,1.03,25.49
LUCKNOW,23-12-2025 00:00,24-12-2025 00:00,88.01,202.33,31.52,5.72,0.88,22.87
LUCKNOW,24-12-2025 00:00,25-12-2025 00:00,101.26,144.01,31.3,7.48,1.0,25.35
LUCKNOW,25-12-2025 00:00,26-12-2025 00:00,101.91,148.97,31.05,7.61,0.96,25.16
LUCKNOW,26-12-2025 00:00,27-12-2025 00:00,99.23,158.07,29.82,5.86,1.0,25.47
LUCKNOW,27-12-2025 00:00,28-12-2025 00:00,93.38,128.79,24.9,6.26,1.04,25.66
LUCKNOW,28-12-2025 00:00,29-12-2025 00:00,90.32,155.41,16.51,6.2,0.97,25.46
LUCKNOW,29-12-2025 00:00,30-12-2025 00:00,101.98,175.24,16.79,7.98,1.03,25.45
LUCKNOW,30-12-2025 00:00,31-12-2025 00:00,128.23,218.85,18.2,6.27,1.0,25.45
LUCKNOW,31-12-2025 00:00,01-01-2026 00:00,159.49,262.7,18.76,8.76,1.04,25.53
LUCKNOW,01-01-2026 00:00,02-01-2026 00:00,100.65,179.35,22.2,5.96,0.98,25.5
LUCKNOW,02-01-2026 00:00,03-01-2026 00:00,106.48,196.85,27.88,5.33,0.99,25.4
LUCKNOW,03-01-2026 00:00,04-01-2026 00:00,64.4,131.77,26.94,6.05,1.05,25.65
LUCKNOW,04-01-2026 00:00,05-01-2026 00:00,119.29,225.8,28.15,8.67,1.09,25.55
LUCKNOW,05-01-2026 00:00,06-01-2026 00:00,102.63,178.31,27.67,6.31,0.91,24.61
LUCKNOW,06-01-2026 00:00,07-01-2026 00:00,88.1,142.84,26.8,7.05,0.98,25.57
LUCKNOW,07-01-2026 00:00,08-01-2026 00:00,96.27,152.74,26.93,6.35,0.97,25.54
LUCKNOW,08-01-2026 00:00,09-01-2026 00:00,125.49,168.09,26.99,6.03,0.96,25.55
LUCKNOW,09-01-2026 00:00,10-01-2026 00:00,133.02,180.04,26.93,7.38,0.98,25.46
LUCKNOW,10-01-2026 00:00,11-01-2026 00:00,164.97,224.14,28.98,7.77,1.01,25.23
LUCKNOW,11-01-2026 00:00,12-01-2026 00:00,143.87,182.44,28.75,6.36,0.97,25.17
LUCKNOW,12-01-2026 00:00,13-01-2026 00:00,148.12,184.62,27.65,7.66,1.02,25.4
LUCKNOW,13-01-2026 00:00,14-01-2026 00:00,125.18,173.46,22.09,7.95,0.71,25.21
LUCKNOW,14-01-2026 00:00,15-01-2026 00:00,117.44,226.31,18.19,5.42,0.63,24.77
LUCKNOW,15-01-2026 00:00,16-01-2026 00:00,141.85,218.01,33.44,4.0,0.47,25.49
LUCKNOW,16-01-2026 00:00,17-01-2026 00:00,123.12,210.93,32.34,6.04,0.59,24.13
LUCKNOW,17-01-2026 00:00,18-01-2026 00:00,151.11,228.47,34.8,7.02,0.75,25.44
LUCKNOW,18-01-2026 00:00,19-01-2026 00:00,178.26,284.92,36.31,9.82,0.81,25.42
LUCKNOW,19-01-2026 00:00,20-01-2026 00:00,159.49,237.35,37.11,9.85,0.68,25.2
LUCKNOW,20-01-2026 00:00,21-01-2026 00:00,109.17,169.61,36.28,4.06,0.69,25.43
LUCKNOW,21-01-2026 00:00,22-01-2026 00:00,86.63,144.41,33.18,7.3,0.79,25.45
LUCKNOW,22-01-2026 00:00,23-01-2026 00:00,123.32,210.21,33.88,12.18,0.85,25.48
LUCKNOW,23-01-2026 00:00,24-01-2026 00:00,111.33,177.5,33.24,5.54,0.64,25.39
LUCKNOW,24-01-2026 00:00,25-01-2026 00:00,94.84,151.05,32.2,8.39,0.74,25.43
LUCKNOW,25-01-2026 00:00,26-01-2026 00:00,66.65,119.25,30.91,5.65,0.79,25.41
LUCKNOW,26-01-2026 00:00,27-01-2026 00:00,70.7,127.3,30.94,8.57,0.83,25.65
LUCKNOW,27-01-2026 00:00,28-01-2026 00:00,97.88,169.37,32.58,14.88,0.73,25.69
LUCKNOW,28-01-2026 00:00,29-01-2026 00:00,53.14,108.98,30.72,5.06,0.76,25.5
LUCKNOW,29-01-2026 00:00,30-01-2026 00:00,58.21,146.17,28.33,5.89,0.74,24.41
LUCKNOW,30-01-2026 00:00,31-01-2026 00:00,63.78,119.76,23.78,6.35,0.88,25.08
LUCKNOW,31-01-2026 00:00,01-02-2026 00:00,73.26,136.1,24.95,7.98,1.03,25.2
LUCKNOW,01-02-2026 00:00,02-02-2026 00:00,93.09,302.95,24.52,7.85,0.83,25.4
LUCKNOW,02-02-2026 00:00,03-02-2026 00:00,72.48,281.59,23.69,8.6,0.91,25.63
LUCKNOW,03-02-2026 00:00,04-02-2026 00:00,68.84,123.75,25.35,8.6,0.79,25.41
LUCKNOW,04-02-2026 00:00,05-02-2026 00:00,58.19,106.06,30.69,5.65,0.82,22.28
LUCKNOW,05-02-2026 00:00,06-02-2026 00:00,66.73,118.22,26.88,7.54,0.96,22.33
LUCKNOW,06-02-2026 00:00,07-02-2026 00:00,63.65,115.63,32.1,7.6,0.94,22.46
LUCKNOW,07-02-2026 00:00,08-02-2026 00:00,66.99,119.02,32.24,8.57,0.91,22.29
LUCKNOW,08-02-2026 00:00,09-02-2026 00:00,68.29,121.36,32.24,9.59,0.98,22.38
LUCKNOW,09-02-2026 00:00,10-02-2026 00:00,95.81,156.76,34.48,9.63,0.86,22.34
LUCKNOW,10-02-2026 00:00,11-02-2026 00:00,109.68,176.85,34.18,8.75,0.96,22.29
LUCKNOW,11-02-2026 00:00,12-02-2026 00:00,77.0,182.34,34.68,8.51,0.81,23.45
LUCKNOW,12-02-2026 00:00,13-02-2026 00:00,57.05,128.2,35.19,7.89,0.88,22.35
LUCKNOW,13-02-2026 00:00,14-02-2026 00:00,59.89,127.75,36.66,7.53,0.8,16.6
LUCKNOW,14-02-2026 00:00,15-02-2026 00:00,81.62,141.88,34.09,5.78,0.86,24.7
LUCKNOW,15-02-2026 00:00,16-02-2026 00:00,73.06,124.89,30.21,7.86,0.88,22.32
LUCKNOW,16-02-2026 00:00,17-02-2026 00:00,90.59,145.07,30.36,7.2,0.95,22.31
LUCKNOW,17-02-2026 00:00,17-02-2026 00:00,178.77,253.8,38.79,,,10.38
MUMBAI,01-01-2025 00:00,02-01-2025 00:00,61.86,177.27,12.56,28.98,0.69,126.05
MUMBAI,02-01-2025 00:00,03-01-2025 00:00,56.89,163.9,12.78,28.85,0.68,
MUMBAI,03-01-2025 00:00,04-01-2025 00:00,54.41,149.19,14.13,28.92,0.66,
MUMBAI,04-01-2025 00:00,05-01-2025 00:00,62.84,208.41,26.81,29.7,0.7,
MUMBAI,05-01-2025 00:00,06-01-2025 00:00,74.04,149.65,36.76,27.95,0.76,
MUMBAI,06-01-2025 00:00,07-01-2025 00:00,55.73,141.91,24.97,28.46,0.76,
MUMBAI,07-01-2025 00:00,08-01-2025 00:00,65.07,172.74,25.92,29.15,0.76,
MUMBAI,08-01-2025 00:00,09-01-2025 00:00,62.43,152.9,72.89,29.0,0.76,
MUMBAI,09-01-2025 00:00,10-01-2025 00:00,60.23,137.09,15.51,29.91,0.61,
MUMBAI,10-01-2025 00:00,11-01-2025 00:00,66.42,136.32,15.48,30.74,0.62,
MUMBAI,11-01-2025 00:00,12-01-2025 00:00,71.7,119.27,17.52,30.41,,
MUMBAI,12-01-2025 00:00,13-01-2025 00:00,63.38,113.71,12.51,30.7,0.62,
MUMBAI,13-01-2025 00:00,14-01-2025 00:00,64.05,111.43,15.63,31.38,0.6,
MUMBAI,14-01-2025 00:00,15-01-2025 00:00,67.41,129.57,31.68,33.34,0.6,
MUMBAI,15-01-2025 00:00,16-01-2025 00:00,76.58,132.27,1.57,32.46,0.6,
MUMBAI,16-01-2025 00:00,17-01-2025 00:00,75.97,159.26,6.25,34.02,0.6,
MUMBAI,17-01-2025 00:00,18-01-2025 00:00,69.71,147.85,11.48,33.72,0.6,
MUMBAI,18-01-2025 00:00,19-01-2025 00:00,66.09,143.03,182.31,30.71,0.6,
MUMBAI,19-01-2025 00:00,20-01-2025 00:00,70.76,205.71,47.64,30.89,0.6,
MUMBAI,20-01-2025 00:00,21-01-2025 00:00,72.43,225.57,43.52,32.21,0.6,
MUMBAI,21-01-2025 00:00,22-01-2025 00:00,65.81,146.01,2.47,32.41,0.6,
MUMBAI,22-01-2025 00:00,23-01-2025 00:00,77.25,151.44,5.4,29.35,0.6,
MUMBAI,23-01-2025 00:00,24-01-2025 00:00,62.82,120.74,5.27,29.45,0.6,
MUMBAI,24-01-2025 00:00,25-01-2025 00:00,66.89,123.62,5.53,30.69,0.6,
MUMBAI,25-01-2025 00:00,26-01-2025 00:00,75.56,148.62,10.57,31.75,0.6,
MUMBAI,26-01-2025 00:00,27-01-2025 00:00,79.62,155.14,11.15,31.66,0.6,
MUMBAI,27-01-2025 00:00,28-01-2025 00:00,75.26,140.54,11.42,32.61,0.6,
MUMBAI,28-01-2025 00:00,29-01-2025 00:00,64.58,133.86,14.65,30.94,0.6,
MUMBAI,29-01-2025 00:00,30-01-2025 00:00,60.44,159.42,20.88,31.74,0.6,
MUMBAI,30-01-2025 00:00,31-01-2025 00:00,72.02,183.59,19.85,32.39,0.6,
MUMBAI,31-01-2025 00:00,01-02-2025 00:00,50.34,140.23,5.87,38.07,0.6,109.58
MUMBAI,01-02-2025 00:00,02-02-2025 00:00,53.62,139.11,5.86,40.67,0.6,
MUMBAI,02-02-2025 00:00,03-02-2025 00:00,55.99,151.47,5.87,40.68,0.6,87.15
MUMBAI,03-02-2025 00:00,04-02-2025 00:00,56.78,144.45,6.07,42.92,0.6,
MUMBAI,04-02-2025 00:00,05-02-2025 00:00,53.99,139.6,6.29,44.43,0.6,
MUMBAI,05-02-2025 00:00,06-02-2025 00:00,51.48,138.43,6.2,43.11,0.6,
MUMBAI,06-02-2025 00:00,07-02-2025 00:00,60.43,162.13,6.29,46.57,0.6,
MUMBAI,07-02-2025 00:00,08-02-2025 00:00,69.17,189.44,7.1,56.21,0.6,
MUMBAI,08-02-2025 00:00,09-02-2025 00:00,72.84,186.34,7.44,59.57,0.6,
MUMBAI,09-02-2025 00:00,10-02-2025 00:00,66.44,183.33,7.56,61.95,0.6,
MUMBAI,10-02-2025 00:00,11-02-2025 00:00,58.12,102.34,6.11,53.32,0.6,124.29
MUMBAI,11-02-2025 00:00,12-02-2025 00:00,60.46,130.93,11.68,63.67,0.47,110.11
MUMBAI,12-02-2025 00:00,13-02-2025 00:00,59.85,128.6,14.29,37.61,0.11,3.73
MUMBAI,13-02-2025 00:00,14-02-2025 00:00,61.68,139.2,35.22,30.64,0.11,3.6
MUMBAI,14-02-2025 00:00,15-02-2025 00:00,59.13,125.7,120.22,12.12,0.11,3.62
MUMBAI,15-02-2025 00:00,16-02-2025 00:00,68.33,152.38,,9.5,0.12,3.82
MUMBAI,16-02-2025 00:00,17-02-2025 00:00,,,,,,
MUMBAI,17-02-2025 00:00,18-02-2025 00:00,,,,,,
MUMBAI,18-02-2025 00:00,19-02-2025 00:00,,,,,,
MUMBAI,19-02-2025 00:00,20-02-2025 00:00,55.22,117.53,12.71,6.36,0.15,4.59
MUMBAI,20-02-2025 00:00,21-02-2025 00:00,58.6,121.8,9.33,4.35,0.15,4.57
MUMBAI,21-02-2025 00:00,22-02-2025 00:00,52.19,111.24,8.43,4.56,0.15,4.59
MUMBAI,22-02-2025 00:00,23-02-2025 00:00,50.35,104.1,9.13,4.64,0.15,4.59
MUMBAI,23-02-2025 00:00,24-02-2025 00:00,44.27,88.17,8.73,4.63,0.15,4.59
MUMBAI,24-02-2025 00:00,25-02-2025 00:00,45.86,94.55,8.1,4.62,0.15,4.59
MUMBAI,25-02-2025 00:00,26-02-2025 00:00,58.07,185.0,8.48,4.67,0.15,4.59
MUMBAI,26-02-2025 00:00,27-02-2025 00:00,64.78,186.67,8.75,4.7,0.15,4.59
MUMBAI,27-02-2025 00:00,28-02-2025 00:00,,,,,,
MUMBAI,28-02-2025 00:00,01-03-2025 00:00,57.0,110.73,6.24,4.54,0.15,4.59
MUMBAI,01-03-2025 00:00,02-03-2025 00:00,51.13,95.54,6.3,4.57,0.15,4.59
MUMBAI,02-03-2025 00:00,03-03-2025 00:00,51.93,94.76,6.53,4.61,0.15,4.58
MUMBAI,03-03-2025 00:00,04-03-2025 00:00,53.04,102.73,6.56,4.59,0.15,4.59
MUMBAI,04-03-2025 00:00,05-03-2025 00:00,53.85,99.47,6.75,4.62,0.15,4.59
MUMBAI,05-03-2025 00:00,06-03-2025 00:00,50.55,96.66,7.07,4.62,0.15,4.58
MUMBAI,06-03-2025 00:00,07-03-2025 00:00,52.89,100.01,7.83,4.67,0.15,4.59
MUMBAI,07-03-2025 00:00,08-03-2025 00:00,64.42,107.78,8.91,4.74,0.15,4.47
MUMBAI,08-03-2025 00:00,09-03-2025 00:00,58.66,88.35,7.86,4.65,0.15,4.55
MUMBAI,09-03-2025 00:00,10-03-2025 00:00,52.54,73.68,6.65,4.61,0.15,4.59
MUMBAI,10-03-2025 00:00,11-03-2025 00:00,65.38,91.22,7.09,4.65,0.15,4.58
MUMBAI,11-03-2025 00:00,12-03-2025 00:00,74.6,121.73,32.49,4.78,0.14,4.58
MUMBAI,12-03-2025 00:00,13-03-2025 00:00,70.21,188.59,86.23,4.74,0.15,4.58
MUMBAI,13-03-2025 00:00,14-03-2025 00:00,58.01,136.99,65.5,4.59,0.15,4.59
MUMBAI,14-03-2025 00:00,15-03-2025 00:00,56.92,116.31,58.41,4.57,0.08,2.42
MUMBAI,15-03-2025 00:00,16-03-2025 00:00,42.5,90.62,64.51,4.56,0.04,1.19
MUMBAI,16-03-2025 00:00,17-03-2025 00:00,46.31,107.41,63.07,4.57,0.04,1.19
MUMBAI,17-03-2025 00:00,18-03-2025 00:00,47.24,95.36,63.11,4.57,0.04,1.19
MUMBAI,18-03-2025 00:00,19-03-2025 00:00,42.14,80.9,61.94,4.54,0.04,1.19
MUMBAI,19-03-2025 00:00,20-03-2025 00:00,45.13,80.08,63.78,4.53,0.04,1.19
MUMBAI,20-03-2025 00:00,21-03-2025 00:00,47.69,80.87,70.4,4.57,0.04,1.19
MUMBAI,21-03-2025 00:00,22-03-2025 00:00,41.06,67.91,65.18,4.53,0.04,1.19
MUMBAI,22-03-2025 00:00,23-03-2025 00:00,39.76,61.71,67.84,4.54,0.04,1.19
MUMBAI,23-03-2025 00:00,24-03-2025 00:00,45.52,70.29,76.4,4.56,0.04,1.19
MUMBAI,24-03-2025 00:00,25-03-2025 00:00,48.13,71.87,82.66,4.57,0.04,1.19
MUMBAI,25-03-2025 00:00,26-03-2025 00:00,52.72,87.86,95.44,4.63,0.04,1.19
MUMBAI,26-03-2025 00:00,27-03-2025 00:00,41.03,68.81,93.93,4.58,0.04,1.19
MUMBAI,27-03-2025 00:00,28-03-2025 00:00,38.15,65.51,99.45,4.56,0.04,1.19
MUMBAI,28-03-2025 00:00,29-03-2025 00:00,46.12,86.2,112.79,4.6,0.04,1.19
MUMBAI,29-03-2025 00:00,30-03-2025 00:00,55.39,114.87,130.66,4.75,0.04,1.19
MUMBAI,30-03-2025 00:00,31-03-2025 00:00,51.68,102.2,132.44,4.69,0.04,1.19
MUMBAI,31-03-2025 00:00,01-04-2025 00:00,47.34,83.91,135.02,4.64,0.04,1.19
MUMBAI,01-04-2025 00:00,02-04-2025 00:00,46.11,76.45,133.9,4.67,0.04,1.19
MUMBAI,02-04-2025 00:00,03-04-2025 00:00,54.98,,,6.14,0.15,4.55
MUMBAI,03-04-2025 00:00,04-04-2025 00:00,48.13,,,6.25,0.15,4.56
MUMBAI,04-04-2025 00:00,05-04-2025 00:00,46.1,,,7.06,0.15,4.56
MUMBAI,05-04-2025 00:00,06-04-2025 00:00,51.35,,,8.44,0.15,4.56
MUMBAI,06-04-2025 00:00,07-04-2025 00:00,45.87,,,8.17,0.15,4.56
MUMBAI,07-04-2025 00:00,08-04-2025 00:00,49.64,,,9.48,0.15,4.56
MUMBAI,08-04-2025 00:00,09-04-2025 00:00,53.5,,,7.64,0.15,4.55
MUMBAI,09-04-2025 00:00,10-04-2025 00:00,,,,,,
MUMBAI,10-04-2025 00:00,11-04-2025 00:00,,,,,,
MUMBAI,11-04-2025 00:00,12-04-2025 00:00,,,,,,
MUMBAI,12-04-2025 00:00,13-04-2025 00:00,,,,,,
MUMBAI,13-04-2025 00:00,14-04-2025 00:00,,,,,,
MUMBAI,14-04-2025 00:00,15-04-2025 00:00,,,,,,
MUMBAI,15-04-2025 00:00,16-04-2025 00:00,,,,,,
MUMBAI,16-04-2025 00:00,17-04-2025 00:00,,,,,,
MUMBAI,17-04-2025 00:00,18-04-2025 00:00,,,,,,
MUMBAI,18-04-2025 00:00,19-04-2025 00:00,,,,,,
MUMBAI,19-04-2025 00:00,20-04-2025 00:00,,,,,,
MUMBAI,20-04-2025 00:00,21-04-2025 00:00,,,,,,
MUMBAI,21-04-2025 00:00,22-04-2025 00:00,,,,,,
MUMBAI,22-04-2025 00:00,23-04-2025 00:00,,,,,,
MUMBAI,23-04-2025 00:00,24-04-2025 00:00,,,,,,
MUMBAI,24-04-2025 00:00,25-04-2025 00:00,,,,,,
MUMBAI,25-04-2025 00:00,26-04-2025 00:00,,,,,,
MUMBAI,26-04-2025 00:00,27-04-2025 00:00,,,,,,
MUMBAI,27-04-2025 00:00,28-04-2025 00:00,,,,,,
MUMBAI,28-04-2025 00:00,29-04-2025 00:00,,,,,,
MUMBAI,29-04-2025 00:00,30-04-2025 00:00,,,,,,
MUMBAI,30-04-2025 00:00,01-05-2025 00:00,,,,,,
MUMBAI,01-05-2025 00:00,02-05-2025 00:00,,,,,,
MUMBAI,02-05-2025 00:00,03-05-2025 00:00,,,,,,
MUMBAI,03-05-2025 00:00,04-05-2025 00:00,,,,,,
MUMBAI,04-05-2025 00:00,05-05-2025 00:00,,,,,,
MUMBAI,05-05-2025 00:00,06-05-2025 00:00,,,,,,
MUMBAI,06-05-2025 00:00,07-05-2025 00:00,,,,,,
MUMBAI,07-05-2025 00:00,08-05-2025 00:00,,,,,,
MUMBAI,08-05-2025 00:00,09-05-2025 00:00,,,,,,
MUMBAI,09-05-2025 00:00,10-05-2025 00:00,,,,,,
MUMBAI,10-05-2025 00:00,11-05-2025 00:00,,,,,,
MUMBAI,11-05-2025 00:00,12-05-2025 00:00,,,,,,
MUMBAI,12-05-2025 00:00,13-05-2025 00:00,,,,,,
MUMBAI,13-05-2025 00:00,14-05-2025 00:00,,,,,,
MUMBAI,14-05-2025 00:00,15-05-2025 00:00,,,,,,
MUMBAI,15-05-2025 00:00,16-05-2025 00:00,50.01,82.97,190.99,7.22,0.11,3.37
MUMBAI,16-05-2025 00:00,17-05-2025 00:00,38.83,78.83,194.42,6.64,0.11,3.38
MUMBAI,17-05-2025 00:00,18-05-2025 00:00,38.99,75.75,166.05,6.72,0.04,1.27
MUMBAI,18-05-2025 00:00,19-05-2025 00:00,39.54,79.6,166.22,6.73,0.03,1.0
MUMBAI,19-05-2025 00:00,20-05-2025 00:00,40.98,85.76,171.57,6.74,0.03,1.0
MUMBAI,20-05-2025 00:00,21-05-2025 00:00,41.73,89.69,171.1,6.75,0.03,1.0
MUMBAI,21-05-2025 00:00,22-05-2025 00:00,39.46,73.73,154.52,6.83,0.04,1.17
MUMBAI,22-05-2025 00:00,23-05-2025 00:00,39.19,71.12,154.18,6.82,0.04,1.15
MUMBAI,23-05-2025 00:00,24-05-2025 00:00,47.49,104.42,89.65,6.86,0.04,1.18
MUMBAI,24-05-2025 00:00,25-05-2025 00:00,47.01,94.43,13.59,7.09,0.04,1.15
MUMBAI,25-05-2025 00:00,26-05-2025 00:00,38.83,73.36,12.53,7.06,0.03,1.09
MUMBAI,26-05-2025 00:00,27-05-2025 00:00,36.0,64.67,12.37,7.06,0.03,1.09
MUMBAI,27-05-2025 00:00,28-05-2025 00:00,36.19,63.69,12.52,7.07,0.03,1.04
MUMBAI,28-05-2025 00:00,29-05-2025 00:00,39.27,82.03,13.54,7.09,0.03,1.04
MUMBAI,29-05-2025 00:00,30-05-2025 00:00,40.02,94.61,13.7,7.1,0.03,1.0
MUMBAI,30-05-2025 00:00,31-05-2025 00:00,,87.38,11.3,7.07,0.03,1.0
MUMBAI,31-05-2025 00:00,01-06-2025 00:00,,81.52,11.46,7.06,0.03,1.0
MUMBAI,01-06-2025 00:00,02-06-2025 00:00,,68.61,11.8,7.07,0.03,1.0
MUMBAI,02-06-2025 00:00,03-06-2025 00:00,35.88,67.73,11.61,7.07,0.03,1.0
MUMBAI,03-06-2025 00:00,04-06-2025 00:00,36.47,69.13,11.32,7.09,0.03,1.0
MUMBAI,04-06-2025 00:00,05-06-2025 00:00,37.06,84.37,12.57,7.09,0.03,1.0
MUMBAI,05-06-2025 00:00,06-06-2025 00:00,43.46,106.87,13.71,7.1,0.03,1.0
MUMBAI,06-06-2025 00:00,07-06-2025 00:00,43.56,101.15,13.29,7.07,0.03,1.0
MUMBAI,07-06-2025 00:00,08-06-2025 00:00,39.57,64.32,13.51,6.99,0.03,1.0
MUMBAI,08-06-2025 00:00,09-06-2025 00:00,39.87,65.73,12.91,7.01,0.03,1.0
MUMBAI,09-06-2025 00:00,10-06-2025 00:00,38.53,66.5,12.18,7.0,0.03,1.0
MUMBAI,10-06-2025 00:00,11-06-2025 00:00,36.81,50.38,13.69,7.02,0.03,1.0
MUMBAI,11-06-2025 00:00,12-06-2025 00:00,17.21,81.6,14.48,7.09,0.03,1.0
MUMBAI,12-06-2025 00:00,13-06-2025 00:00,15.31,94.46,14.62,7.1,0.03,1.09
MUMBAI,13-06-2025 00:00,14-06-2025 00:00,22.71,79.96,15.27,7.11,0.04,1.19
MUMBAI,14-06-2025 00:00,15-06-2025 00:00,22.55,65.89,15.0,7.15,0.04,1.19
MUMBAI,15-06-2025 00:00,16-06-2025 00:00,23.04,31.97,14.94,7.18,0.04,1.19
MUMBAI,16-06-2025 00:00,17-06-2025 00:00,11.6,19.1,14.0,7.16,0.04,1.15
MUMBAI,17-06-2025 00:00,18-06-2025 00:00,22.89,73.77,12.48,7.16,0.03,1.12
MUMBAI,18-06-2025 00:00,19-06-2025 00:00,14.65,28.94,14.03,7.07,0.03,1.03
MUMBAI,19-06-2025 00:00,20-06-2025 00:00,17.35,56.32,13.42,7.07,0.03,1.09
MUMBAI,20-06-2025 00:00,21-06-2025 00:00,16.96,51.17,14.24,7.05,0.03,1.03
MUMBAI,21-06-2025 00:00,22-06-2025 00:00,17.84,55.71,14.46,7.04,0.03,1.0
MUMBAI,22-06-2025 00:00,23-06-2025 00:00,16.93,43.22,14.39,7.04,0.04,1.12
MUMBAI,23-06-2025 00:00,24-06-2025 00:00,19.95,42.3,14.36,7.06,0.03,1.05
MUMBAI,24-06-2025 00:00,25-06-2025 00:00,22.54,43.22,14.88,7.09,0.0,0.97
MUMBAI,25-06-2025 00:00,26-06-2025 00:00,20.34,37.56,15.68,7.13,0.0,
MUMBAI,26-06-2025 00:00,27-06-2025 00:00,22.94,56.42,14.97,7.14,0.0,
MUMBAI,27-06-2025 00:00,28-06-2025 00:00,20.97,55.86,15.28,7.13,0.0,
MUMBAI,28-06-2025 00:00,29-06-2025 00:00,24.03,46.96,16.82,7.1,0.0,
MUMBAI,29-06-2025 00:00,30-06-2025 00:00,19.68,36.82,17.99,7.1,0.0,
MUMBAI,30-06-2025 00:00,01-07-2025 00:00,18.31,34.79,17.13,7.11,0.0,
MUMBAI,01-07-2025 00:00,02-07-2025 00:00,17.81,40.61,15.15,7.11,0.0,
MUMBAI,02-07-2025 00:00,03-07-2025 00:00,17.66,44.24,15.55,7.07,0.0,
MUMBAI,03-07-2025 00:00,04-07-2025 00:00,16.79,33.76,14.34,7.14,0.0,
MUMBAI,04-07-2025 00:00,05-07-2025 00:00,17.26,42.94,15.2,7.16,0.0,
MUMBAI,05-07-2025 00:00,06-07-2025 00:00,19.7,52.59,15.22,7.17,0.0,
MUMBAI,06-07-2025 00:00,07-07-2025 00:00,20.94,63.34,14.93,7.18,0.0,
MUMBAI,07-07-2025 00:00,08-07-2025 00:00,19.1,59.48,15.02,7.17,0.0,
MUMBAI,08-07-2025 00:00,09-07-2025 00:00,20.95,51.71,15.21,7.19,0.0,
MUMBAI,09-07-2025 00:00,10-07-2025 00:00,23.97,66.16,16.8,7.18,0.0,
MUMBAI,10-07-2025 00:00,11-07-2025 00:00,23.96,67.92,16.61,7.18,0.0,
MUMBAI,11-07-2025 00:00,12-07-2025 00:00,22.63,50.04,16.83,7.18,0.0,
MUMBAI,12-07-2025 00:00,13-07-2025 00:00,21.12,41.55,16.92,7.18,0.0,
MUMBAI,13-07-2025 00:00,14-07-2025 00:00,17.59,34.01,16.37,7.19,0.0,
MUMBAI,14-07-2025 00:00,15-07-2025 00:00,11.84,27.05,16.27,7.21,0.0,
MUMBAI,15-07-2025 00:00,16-07-2025 00:00,20.82,46.81,16.26,7.22,0.0,
MUMBAI,16-07-2025 00:00,17-07-2025 00:00,21.93,60.8,16.73,7.2,0.0,
MUMBAI,17-07-2025 00:00,18-07-2025 00:00,23.4,66.6,16.58,7.21,0.0,
MUMBAI,18-07-2025 00:00,19-07-2025 00:00,21.33,49.45,16.35,7.22,0.0,
MUMBAI,19-07-2025 00:00,20-07-2025 00:00,20.11,37.29,16.72,7.24,0.0,
MUMBAI,20-07-2025 00:00,21-07-2025 00:00,16.64,26.76,16.37,7.26,0.0,
MUMBAI,21-07-2025 00:00,22-07-2025 00:00,23.03,42.8,13.15,7.23,0.0,
MUMBAI,22-07-2025 00:00,23-07-2025 00:00,13.88,33.92,14.0,7.24,0.0,
MUMBAI,23-07-2025 00:00,24-07-2025 00:00,20.98,43.62,17.33,7.27,0.0,9.94
MUMBAI,24-07-2025 00:00,25-07-2025 00:00,19.73,51.89,16.36,7.28,0.0,10.09
MUMBAI,25-07-2025 00:00,26-07-2025 00:00,15.83,46.42,16.17,7.28,0.0,10.04
MUMBAI,26-07-2025 00:00,27-07-2025 00:00,21.05,57.93,16.22,7.28,0.0,11.7
MUMBAI,27-07-2025 00:00,28-07-2025 00:00,22.7,72.35,16.29,7.28,0.0,12.46
MUMBAI,28-07-2025 00:00,29-07-2025 00:00,19.48,34.93,16.2,7.26,0.0,11.69
MUMBAI,29-07-2025 00:00,30-07-2025 00:00,20.35,33.37,16.2,7.26,0.0,12.32
MUMBAI,30-07-2025 00:00,31-07-2025 00:00,22.38,37.52,16.74,7.27,0.01,10.5
MUMBAI,31-07-2025 00:00,01-08-2025 00:00,23.27,41.67,16.94,7.27,0.03,11.25
MUMBAI,01-08-2025 00:00,02-08-2025 00:00,21.57,49.29,16.74,7.26,0.03,10.99
MUMBAI,02-08-2025 00:00,03-08-2025 00:00,16.85,50.38,14.01,7.28,0.03,54.24
MUMBAI,03-08-2025 00:00,04-08-2025 00:00,18.31,60.98,15.97,7.27,0.03,10.99
MUMBAI,04-08-2025 00:00,05-08-2025 00:00,19.46,59.43,15.74,7.27,0.03,11.07
MUMBAI,05-08-2025 00:00,06-08-2025 00:00,16.13,58.8,16.12,7.27,0.03,11.75
MUMBAI,06-08-2025 00:00,07-08-2025 00:00,19.7,75.98,17.45,7.27,0.03,
MUMBAI,07-08-2025 00:00,08-08-2025 00:00,21.04,40.13,16.42,7.3,0.03,
MUMBAI,08-08-2025 00:00,09-08-2025 00:00,30.94,47.93,15.59,7.34,0.03,
MUMBAI,09-08-2025 00:00,10-08-2025 00:00,26.62,59.4,13.74,7.36,0.03,
MUMBAI,10-08-2025 00:00,11-08-2025 00:00,19.88,61.41,10.64,7.43,0.03,
MUMBAI,11-08-2025 00:00,12-08-2025 00:00,17.17,65.95,10.13,7.44,0.03,
MUMBAI,12-08-2025 00:00,13-08-2025 00:00,16.04,57.38,9.65,7.44,0.03,
MUMBAI,13-08-2025 00:00,14-08-2025 00:00,13.21,41.54,9.94,7.47,0.03,
MUMBAI,14-08-2025 00:00,15-08-2025 00:00,14.21,29.38,10.59,7.49,0.03,
MUMBAI,15-08-2025 00:00,16-08-2025 00:00,12.77,81.12,9.99,7.49,0.03,
MUMBAI,16-08-2025 00:00,17-08-2025 00:00,12.4,45.32,10.46,7.5,0.03,
MUMBAI,17-08-2025 00:00,18-08-2025 00:00,14.75,28.5,9.96,7.52,0.03,
MUMBAI,18-08-2025 00:00,19-08-2025 00:00,11.81,34.87,9.69,7.5,0.03,
MUMBAI,19-08-2025 00:00,20-08-2025 00:00,9.91,110.66,9.15,7.51,2.66,
MUMBAI,20-08-2025 00:00,21-08-2025 00:00,12.05,69.89,9.17,7.5,4.29,
MUMBAI,21-08-2025 00:00,22-08-2025 00:00,14.75,53.2,9.8,7.47,5.93,
MUMBAI,22-08-2025 00:00,23-08-2025 00:00,13.47,43.06,9.37,7.49,5.93,
MUMBAI,23-08-2025 00:00,24-08-2025 00:00,14.0,55.02,9.32,7.49,1.04,13.72
MUMBAI,24-08-2025 00:00,25-08-2025 00:00,13.23,43.03,9.44,7.47,0.35,13.91
MUMBAI,25-08-2025 00:00,26-08-2025 00:00,11.98,73.2,9.6,7.49,0.38,15.06
MUMBAI,26-08-2025 00:00,27-08-2025 00:00,14.47,27.05,9.92,7.5,0.37,14.91
MUMBAI,27-08-2025 00:00,28-08-2025 00:00,16.95,24.68,9.87,7.52,0.36,14.53
MUMBAI,28-08-2025 00:00,29-08-2025 00:00,20.58,33.28,10.18,7.53,0.38,15.14
MUMBAI,29-08-2025 00:00,30-08-2025 00:00,19.71,116.82,11.55,7.55,0.4,15.81
MUMBAI,30-08-2025 00:00,31-08-2025 00:00,,,,,,
MUMBAI,31-08-2025 00:00,01-09-2025 00:00,,,,,,
MUMBAI,01-09-2025 00:00,02-09-2025 00:00,,,,,,
MUMBAI,02-09-2025 00:00,03-09-2025 00:00,,,,,,
MUMBAI,03-09-2025 00:00,04-09-2025 00:00,,,,,,
MUMBAI,04-09-2025 00:00,05-09-2025 00:00,,,,,,
MUMBAI,05-09-2025 00:00,06-09-2025 00:00,,,,,,
MUMBAI,06-09-2025 00:00,07-09-2025 00:00,,,,,,
MUMBAI,07-09-2025 00:00,08-09-2025 00:00,,,,,,
MUMBAI,08-09-2025 00:00,09-09-2025 00:00,,,,,,
MUMBAI,09-09-2025 00:00,10-09-2025 00:00,,,,,,
MUMBAI,10-09-2025 00:00,11-09-2025 00:00,,,,,,
MUMBAI,11-09-2025 00:00,12-09-2025 00:00,,,,,,
MUMBAI,12-09-2025 00:00,13-09-2025 00:00,,,,,,
MUMBAI,13-09-2025 00:00,14-09-2025 00:00,,,,,,
MUMBAI,14-09-2025 00:00,15-09-2025 00:00,,,,,,
MUMBAI,15-09-2025 00:00,16-09-2025 00:00,,,,,,
MUMBAI,16-09-2025 00:00,17-09-2025 00:00,,,,,,
MUMBAI,17-09-2025 00:00,18-09-2025 00:00,,,,,,
MUMBAI,18-09-2025 00:00,19-09-2025 00:00,,,,,,
MUMBAI,19-09-2025 00:00,20-09-2025 00:00,,,,,,
MUMBAI,20-09-2025 00:00,21-09-2025 00:00,,,,,,
MUMBAI,21-09-2025 00:00,22-09-2025 00:00,,,,,,
MUMBAI,22-09-2025 00:00,23-09-2025 00:00,,,,,,
MUMBAI,23-09-2025 00:00,24-09-2025 00:00,,,,,,
MUMBAI,24-09-2025 00:00,25-09-2025 00:00,,,,,,
MUMBAI,25-09-2025 00:00,26-09-2025 00:00,41.98,76.56,11.04,7.66,0.34,13.77
MUMBAI,26-09-2025 00:00,27-09-2025 00:00,,107.36,11.84,7.68,0.37,14.62
MUMBAI,27-09-2025 00:00,28-09-2025 00:00,,58.83,11.58,7.71,0.39,15.65
MUMBAI,28-09-2025 00:00,29-09-2025 00:00,,30.18,10.5,7.7,0.4,15.81
MUMBAI,29-09-2025 00:00,30-09-2025 00:00,48.17,37.67,10.02,7.65,0.37,14.9
MUMBAI,30-09-2025 00:00,01-10-2025 00:00,29.16,47.76,10.72,7.66,0.38,15.13
MUMBAI,01-10-2025 00:00,02-10-2025 00:00,23.98,39.54,12.61,7.68,0.38,15.08
MUMBAI,02-10-2025 00:00,03-10-2025 00:00,19.32,31.39,11.23,7.67,0.38,15.01
MUMBAI,03-10-2025 00:00,04-10-2025 00:00,26.0,44.3,11.05,7.66,0.36,14.29
MUMBAI,04-10-2025 00:00,05-10-2025 00:00,30.53,44.63,11.88,7.66,0.35,14.15
MUMBAI,05-10-2025 00:00,06-10-2025 00:00,31.0,41.0,10.49,7.72,0.36,14.33
MUMBAI,06-10-2025 00:00,07-10-2025 00:00,29.92,46.16,11.14,7.72,0.35,13.97
MUMBAI,07-10-2025 00:00,08-10-2025 00:00,34.36,91.76,14.16,7.64,0.35,14.21
MUMBAI,08-10-2025 00:00,09-10-2025 00:00,,100.97,12.65,7.67,0.34,13.74
MUMBAI,09-10-2025 00:00,10-10-2025 00:00,76.39,110.56,13.03,7.65,0.32,12.83
MUMBAI,10-10-2025 00:00,11-10-2025 00:00,96.98,143.89,13.8,7.65,0.3,11.86
MUMBAI,11-10-2025 00:00,12-10-2025 00:00,38.12,93.6,15.78,7.7,0.29,11.65
MUMBAI,12-10-2025 00:00,13-10-2025 00:00,40.2,64.69,16.2,7.72,0.29,11.39
MUMBAI,13-10-2025 00:00,14-10-2025 00:00,68.38,148.59,15.86,7.76,0.28,11.19
MUMBAI,14-10-2025 00:00,15-10-2025 00:00,93.49,187.39,15.18,7.79,0.28,11.32
MUMBAI,15-10-2025 00:00,16-10-2025 00:00,61.03,108.52,13.0,7.83,0.29,11.74
MUMBAI,16-10-2025 00:00,17-10-2025 00:00,35.52,107.4,7.19,7.7,0.31,12.58
MUMBAI,17-10-2025 00:00,18-10-2025 00:00,43.03,86.06,7.42,7.7,0.29,11.76
MUMBAI,18-10-2025 00:00,19-10-2025 00:00,65.73,131.44,8.54,7.68,0.28,11.35
MUMBAI,19-10-2025 00:00,20-10-2025 00:00,63.66,127.32,8.58,7.72,0.29,11.74
MUMBAI,20-10-2025 00:00,21-10-2025 00:00,83.27,166.53,8.28,7.76,0.29,11.78
MUMBAI,21-10-2025 00:00,22-10-2025 00:00,66.85,133.7,8.36,7.78,0.31,12.3
MUMBAI,22-10-2025 00:00,23-10-2025 00:00,25.31,50.61,7.48,7.73,0.32,12.75
MUMBAI,23-10-2025 00:00,24-10-2025 00:00,30.33,60.65,7.45,7.69,0.3,12.05
MUMBAI,24-10-2025 00:00,25-10-2025 00:00,28.17,56.34,8.02,7.65,0.31,12.55
MUMBAI,25-10-2025 00:00,26-10-2025 00:00,21.75,43.51,8.56,7.67,0.34,13.63
MUMBAI,26-10-2025 00:00,27-10-2025 00:00,17.93,35.88,8.55,7.69,0.36,14.41
MUMBAI,27-10-2025 00:00,28-10-2025 00:00,13.2,26.4,8.62,7.7,0.36,14.39
MUMBAI,28-10-2025 00:00,29-10-2025 00:00,25.81,51.61,9.13,7.7,0.33,13.3
MUMBAI,29-10-2025 00:00,30-10-2025 00:00,31.85,63.71,8.59,7.72,0.31,12.55
MUMBAI,30-10-2025 00:00,31-10-2025 00:00,24.88,49.76,7.73,7.72,0.35,14.18
MUMBAI,31-10-2025 00:00,01-11-2025 00:00,19.89,39.78,8.67,7.72,0.36,14.54
MUMBAI,01-11-2025 00:00,02-11-2025 00:00,16.24,32.47,7.98,7.72,0.37,14.71
MUMBAI,02-11-2025 00:00,03-11-2025 00:00,16.85,33.71,9.77,7.58,0.38,15.1
MUMBAI,03-11-2025 00:00,04-11-2025 00:00,18.08,36.17,9.25,7.59,0.37,14.61
MUMBAI,04-11-2025 00:00,05-11-2025 00:00,37.86,75.72,8.17,7.66,0.35,14.13
MUMBAI,05-11-2025 00:00,06-11-2025 00:00,32.37,64.73,7.33,7.66,0.32,12.91
MUMBAI,06-11-2025 00:00,07-11-2025 00:00,41.68,83.36,7.36,7.65,0.32,12.89
MUMBAI,07-11-2025 00:00,08-11-2025 00:00,42.68,85.35,7.38,7.7,0.3,12.11
MUMBAI,08-11-2025 00:00,09-11-2025 00:00,32.59,65.15,6.46,7.67,0.26,10.6
MUMBAI,09-11-2025 00:00,10-11-2025 00:00,25.93,51.85,6.47,7.72,0.25,10.21
MUMBAI,10-11-2025 00:00,11-11-2025 00:00,52.65,105.3,6.95,7.71,0.25,9.89
MUMBAI,11-11-2025 00:00,12-11-2025 00:00,57.74,115.63,6.84,7.7,0.26,10.5
MUMBAI,12-11-2025 00:00,13-11-2025 00:00,43.99,87.97,5.68,7.81,0.24,9.58
MUMBAI,13-11-2025 00:00,14-11-2025 00:00,64.49,129.03,6.23,7.76,0.23,9.19
MUMBAI,14-11-2025 00:00,15-11-2025 00:00,92.73,195.46,6.02,7.82,0.26,10.4
MUMBAI,15-11-2025 00:00,16-11-2025 00:00,45.41,113.53,6.1,7.87,0.24,9.49
MUMBAI,16-11-2025 00:00,17-11-2025 00:00,37.21,93.07,6.13,7.83,0.23,9.18
MUMBAI,17-11-2025 00:00,18-11-2025 00:00,20.49,58.83,6.21,7.79,0.23,9.0
MUMBAI,18-11-2025 00:00,19-11-2025 00:00,22.34,67.02,7.83,7.84,0.23,9.32
MUMBAI,19-11-2025 00:00,20-11-2025 00:00,19.59,58.77,,7.84,0.24,9.47
MUMBAI,20-11-2025 00:00,21-11-2025 00:00,17.8,53.38,57.51,10.11,0.24,9.5
MUMBAI,21-11-2025 00:00,22-11-2025 00:00,24.45,73.33,52.24,13.04,0.26,10.25
MUMBAI,22-11-2025 00:00,23-11-2025 00:00,23.35,70.05,49.28,13.09,0.27,10.69
MUMBAI,23-11-2025 00:00,24-11-2025 00:00,23.16,69.49,46.41,13.14,0.3,11.83
MUMBAI,24-11-2025 00:00,25-11-2025 00:00,23.04,69.06,46.43,13.18,0.3,12.03
MUMBAI,25-11-2025 00:00,26-11-2025 00:00,22.07,66.21,43.9,13.21,0.31,12.26
MUMBAI,26-11-2025 00:00,27-11-2025 00:00,38.01,92.34,46.23,13.17,0.31,12.34
MUMBAI,27-11-2025 00:00,28-11-2025 00:00,58.59,125.02,45.85,13.24,0.29,11.68
MUMBAI,28-11-2025 00:00,29-11-2025 00:00,49.0,104.55,46.14,13.29,0.29,11.55
MUMBAI,29-11-2025 00:00,30-11-2025 00:00,24.74,52.77,41.15,13.29,0.25,9.89
MUMBAI,30-11-2025 00:00,01-12-2025 00:00,19.88,42.41,40.32,13.35,0.23,9.14
MUMBAI,01-12-2025 00:00,02-12-2025 00:00,24.52,59.17,43.26,13.45,0.25,9.92
MUMBAI,02-12-2025 00:00,03-12-2025 00:00,18.77,62.58,44.54,13.52,0.25,10.06
MUMBAI,03-12-2025 00:00,04-12-2025 00:00,18.86,82.7,43.4,13.54,0.24,9.72
MUMBAI,04-12-2025 00:00,05-12-2025 00:00,16.57,95.24,42.5,13.59,0.24,9.65
MUMBAI,05-12-2025 00:00,06-12-2025 00:00,16.26,94.21,43.56,13.6,0.24,9.75
MUMBAI,06-12-2025 00:00,07-12-2025 00:00,28.17,130.31,42.26,13.57,0.25,9.99
MUMBAI,07-12-2025 00:00,08-12-2025 00:00,21.43,111.44,38.58,13.58,0.25,10.17
MUMBAI,08-12-2025 00:00,09-12-2025 00:00,22.36,114.55,50.85,13.29,0.26,10.31
MUMBAI,09-12-2025 00:00,10-12-2025 00:00,19.59,105.31,58.01,13.49,0.22,8.79
MUMBAI,10-12-2025 00:00,11-12-2025 00:00,50.29,207.63,92.3,12.8,0.2,7.84
MUMBAI,11-12-2025 00:00,12-12-2025 00:00,83.7,242.91,81.17,13.28,0.2,8.18
MUMBAI,12-12-2025 00:00,13-12-2025 00:00,76.28,122.05,3.31,12.98,0.09,8.71
MUMBAI,13-12-2025 00:00,14-12-2025 00:00,31.01,49.61,2.5,13.55,0.24,9.69
MUMBAI,14-12-2025 00:00,15-12-2025 00:00,27.71,44.34,2.41,13.73,0.23,9.17
MUMBAI,15-12-2025 00:00,16-12-2025 00:00,27.79,44.47,5.11,13.96,0.22,8.93
MUMBAI,16-12-2025 00:00,17-12-2025 00:00,23.85,38.16,10.22,13.9,0.23,9.24
MUMBAI,17-12-2025 00:00,18-12-2025 00:00,33.33,53.32,15.24,22.06,0.13,10.79
MUMBAI,18-12-2025 00:00,19-12-2025 00:00,36.45,58.31,11.62,57.36,0.18,9.61
MUMBAI,19-12-2025 00:00,20-12-2025 00:00,26.15,41.84,8.58,136.36,0.24,9.55
MUMBAI,20-12-2025 00:00,21-12-2025 00:00,19.81,31.7,8.18,106.05,0.22,8.78
MUMBAI,21-12-2025 00:00,22-12-2025 00:00,15.02,24.03,7.78,162.14,0.21,8.26
MUMBAI,22-12-2025 00:00,23-12-2025 00:00,17.74,28.38,8.08,161.4,0.22,8.88
MUMBAI,23-12-2025 00:00,24-12-2025 00:00,14.8,23.68,7.57,156.72,0.23,9.1
MUMBAI,24-12-2025 00:00,25-12-2025 00:00,12.7,20.33,7.29,152.19,0.23,9.03
MUMBAI,25-12-2025 00:00,26-12-2025 00:00,34.22,57.26,7.91,82.03,0.25,9.99
MUMBAI,26-12-2025 00:00,27-12-2025 00:00,72.46,123.21,7.92,15.28,0.26,10.25
MUMBAI,27-12-2025 00:00,28-12-2025 00:00,73.95,125.71,12.36,24.81,0.18,11.12
MUMBAI,28-12-2025 00:00,29-12-2025 00:00,66.55,113.13,33.59,14.5,0.26,10.22
MUMBAI,29-12-2025 00:00,30-12-2025 00:00,69.11,117.45,70.63,13.88,0.26,10.44
MUMBAI,30-12-2025 00:00,31-12-2025 00:00,79.0,134.3,67.37,13.99,0.28,11.05
MUMBAI,31-12-2025 00:00,01-01-2026 00:00,63.72,211.57,60.71,7.65,0.31,12.25
MUMBAI,01-01-2026 00:00,02-01-2026 00:00,43.31,154.83,53.16,1.07,0.33,13.06
MUMBAI,02-01-2026 00:00,03-01-2026 00:00,26.92,83.84,17.87,1.25,0.33,13.13
MUMBAI,03-01-2026 00:00,04-01-2026 00:00,37.15,114.34,17.46,1.09,0.31,12.39
MUMBAI,04-01-2026 00:00,05-01-2026 00:00,41.67,128.06,17.31,1.25,0.32,12.81
MUMBAI,05-01-2026 00:00,06-01-2026 00:00,26.61,81.48,16.97,1.1,0.28,11.28
MUMBAI,06-01-2026 00:00,07-01-2026 00:00,25.7,79.1,17.87,1.2,0.28,11.37
MUMBAI,07-01-2026 00:00,08-01-2026 00:00,31.5,98.33,40.98,7.2,0.23,13.97
MUMBAI,08-01-2026 00:00,09-01-2026 00:00,52.86,149.41,95.85,27.12,0.25,23.78
MUMBAI,09-01-2026 00:00,10-01-2026 00:00,44.06,126.73,85.58,25.22,0.25,34.05
MUMBAI,10-01-2026 00:00,11-01-2026 00:00,40.55,117.65,83.11,25.42,0.25,38.67
MUMBAI,11-01-2026 00:00,12-01-2026 00:00,40.39,119.8,84.36,25.9,0.25,37.0
MUMBAI,12-01-2026 00:00,13-01-2026 00:00,34.41,96.23,85.59,26.46,0.21,39.57
MUMBAI,13-01-2026 00:00,14-01-2026 00:00,50.83,141.36,98.9,25.12,0.24,41.64
MUMBAI,14-01-2026 00:00,15-01-2026 00:00,52.89,158.34,82.28,34.56,0.17,26.93
MUMBAI,15-01-2026 00:00,16-01-2026 00:00,35.98,102.81,81.87,32.14,0.26,13.9
MUMBAI,16-01-2026 00:00,17-01-2026 00:00,55.77,159.35,66.41,29.42,0.31,8.56
MUMBAI,17-01-2026 00:00,18-01-2026 00:00,54.64,156.13,0.86,0.23,0.32,12.97
MUMBAI,18-01-2026 00:00,19-01-2026 00:00,44.75,127.85,0.86,0.32,0.31,14.65
MUMBAI,19-01-2026 00:00,20-01-2026 00:00,22.21,63.46,13.34,3.75,0.28,12.43
MUMBAI,20-01-2026 00:00,21-01-2026 00:00,38.97,111.32,29.15,7.51,0.28,13.63
MUMBAI,21-01-2026 00:00,22-01-2026 00:00,59.56,170.19,29.28,6.65,0.28,16.24
MUMBAI,22-01-2026 00:00,23-01-2026 00:00,61.05,167.81,29.38,6.83,0.27,17.11
MUMBAI,23-01-2026 00:00,24-01-2026 00:00,28.16,70.38,30.87,10.71,0.32,17.4
MUMBAI,24-01-2026 00:00,25-01-2026 00:00,36.82,92.04,30.79,7.25,0.29,15.27
MUMBAI,25-01-2026 00:00,26-01-2026 00:00,45.74,114.35,29.39,2.14,0.3,16.3
MUMBAI,26-01-2026 00:00,27-01-2026 00:00,59.27,148.16,29.55,2.43,0.3,18.08
MUMBAI,27-01-2026 00:00,28-01-2026 00:00,31.72,79.32,31.54,9.33,0.32,17.67
MUMBAI,28-01-2026 00:00,29-01-2026 00:00,26.91,67.27,29.51,1.27,0.28,12.75
MUMBAI,29-01-2026 00:00,30-01-2026 00:00,41.34,103.35,29.58,1.67,0.26,13.26
MUMBAI,30-01-2026 00:00,31-01-2026 00:00,65.88,164.71,30.87,6.32,0.3,13.51
MUMBAI,31-01-2026 00:00,01-02-2026 00:00,36.29,90.7,28.66,2.89,0.34,14.23
MUMBAI,01-02-2026 00:00,02-02-2026 00:00,60.08,150.21,28.83,1.46,0.3,13.09
MUMBAI,02-02-2026 00:00,03-02-2026 00:00,64.01,160.02,28.7,1.48,0.28,12.87
MUMBAI,03-02-2026 00:00,04-02-2026 00:00,62.73,156.84,28.7,2.58,0.26,12.28
MUMBAI,04-02-2026 00:00,05-02-2026 00:00,54.65,136.66,29.43,5.46,0.25,12.07
MUMBAI,05-02-2026 00:00,06-02-2026 00:00,34.02,85.05,27.25,3.84,0.24,9.25
MUMBAI,06-02-2026 00:00,07-02-2026 00:00,53.8,139.87,30.11,12.3,0.23,9.42
MUMBAI,07-02-2026 00:00,08-02-2026 00:00,61.38,159.54,37.91,25.14,0.2,
MUMBAI,08-02-2026 00:00,09-02-2026 00:00,76.02,201.82,26.26,0.06,0.23,
MUMBAI,09-02-2026 00:00,10-02-2026 00:00,49.44,157.75,25.83,0.09,0.26,
MUMBAI,10-02-2026 00:00,11-02-2026 00:00,40.3,121.21,26.31,0.49,0.28,
MUMBAI,11-02-2026 00:00,12-02-2026 00:00,47.47,149.87,25.88,0.16,0.27,
MUMBAI,12-02-2026 00:00,13-02-2026 00:00,37.51,110.05,25.08,0.18,0.28,5.39
MUMBAI,13-02-2026 00:00,14-02-2026 00:00,55.89,183.56,26.63,0.17,0.28,5.54
MUMBAI,14-02-2026 00:00,15-02-2026 00:00,60.21,186.13,27.82,0.94,0.25,4.91
MUMBAI,15-02-2026 00:00,16-02-2026 00:00,100.56,271.68,25.91,0.11,0.26,6.14
MUMBAI,16-02-2026 00:00,17-02-2026 00:00,24.06,127.77,25.66,0.11,0.24,7.03
MUMBAI,17-02-2026 00:00,17-02-2026 00:00,32.5,248.0,28.32,1.92,0.26,20.98
