station,date,to_date,pm25,pm10,no2,so2,co,ozone
AHEMEDABAD,2025-01-01,02-01-2025 00:00,44.2,96.41,39.45,3.78,0.01,32.14
AHEMEDABAD,2025-01-02,02-02-2025 00:00,51.57,97.53,39.45,17.32,0.01,34.53
AHEMEDABAD,2025-01-03,02-03-2025 00:00,42.905,88.455,39.45,24.97,0.01,26.57
AHEMEDABAD,2025-01-04,02-04-2025 00:00,34.24,79.38,39.45,21.46,0.26,76.01
AHEMEDABAD,2025-01-05,02-05-2025 00:00,57.17,99.66,35.51,12.225000000000001,0.28,34.77
AHEMEDABAD,2025-01-06,02-06-2025 00:00,41.61,74.23,31.619999999999997,2.99,0.3,7.74
AHEMEDABAD,2025-01-07,02-07-2025 00:00,24.56,44.12,27.73,4.9,0.32,8.44
AHEMEDABAD,2025-01-08,02-08-2025 00:00,37.35,75.04,17.53,1.49,0.35,17.51
AHEMEDABAD,2025-01-09,02-09-2025 00:00,24.55,49.89,10.33,3.36,0.39,11.28
AHEMEDABAD,2025-01-10,02-10-2025 00:00,20.39,44.46,24.6,16.06,0.77,9.08
AHEMEDABAD,2025-01-11,02-11-2025 00:00,10.9,27.45,19.37,4.4,0.87,9.17
AHEMEDABAD,2025-01-12,02-12-2025 00:00,53.78,107.32,35.18,8.86,1.11,20.55
AHEMEDABAD,2025-02-01,03-01-2025 00:00,43.66,94.39,34.574,3.68,0.7466666666666668,37.45
AHEMEDABAD,2025-02-02,03-02-2025 00:00,63.45,123.11,33.967999999999996,10.71,0.3833333333333334,26.7
AHEMEDABAD,2025-02-03,03-03-2025 00:00,60.79,114.35,33.362,13.71,0.02,35.85
AHEMEDABAD,2025-02-04,03-04-2025 00:00,58.13,105.59,32.756,16.55,0.305,36.980000000000004
AHEMEDABAD,2025-02-05,03-05-2025 00:00,55.47,96.83,32.15,19.39,0.59,38.11
AHEMEDABAD,2025-02-06,03-06-2025 00:00,43.76,76.47,37.905,3.14,0.71,8.2
AHEMEDABAD,2025-02-07,03-07-2025 00:00,29.22,51.64,43.66,4.79,0.83,7.41
AHEMEDABAD,2025-02-08,03-08-2025 00:00,31.03,63.13,14.26,1.38,0.06,21.35
AHEMEDABAD,2025-02-09,03-09-2025 00:00,35.5,70.86,21.45,3.5,0.39,15.05
AHEMEDABAD,2025-02-10,03-10-2025 00:00,19.84,42.49,22.0,13.67,0.16,8.32
AHEMEDABAD,2025-02-11,03-11-2025 00:00,26.46,60.22,19.65,3.58,0.67,10.98
AHEMEDABAD,2025-02-12,03-12-2025 00:00,52.09,105.54,34.24,14.12,1.35,10.67
AHEMEDABAD,2025-03-01,04-01-2025 00:00,53.37,110.38,32.554,4.16,4.57,23.52
AHEMEDABAD,2025-03-02,04-02-2025 00:00,63.11,124.86,30.868000000000002,20.7,2.4000000000000004,48.32
AHEMEDABAD,2025-03-03,04-03-2025 00:00,59.21333333333333,113.86666666666666,29.182000000000002,17.38,0.23,37.79
AHEMEDABAD,2025-03-04,04-04-2025 00:00,55.31666666666667,102.87333333333333,27.496,19.415,0.35,35.135
AHEMEDABAD,2025-03-05,04-05-2025 00:00,51.42,91.88,25.81,21.45,0.47,32.48
AHEMEDABAD,2025-03-06,04-06-2025 00:00,39.2,69.19,27.755,3.67,0.44999999999999996,22.14
AHEMEDABAD,2025-03-07,04-07-2025 00:00,23.12,41.6,29.7,4.48,0.43,8.35
AHEMEDABAD,2025-03-08,04-08-2025 00:00,21.14,43.53,9.82,1.17,0.01,16.64
AHEMEDABAD,2025-03-09,04-09-2025 00:00,43.06,85.29,13.42,3.7,0.25,14.73
AHEMEDABAD,2025-03-10,04-10-2025 00:00,20.96,45.15,21.53,7.64,0.47,8.66
AHEMEDABAD,2025-03-11,04-11-2025 00:00,10.99,31.45,8.32,2.28,0.47,19.76
AHEMEDABAD,2025-03-12,04-12-2025 00:00,45.41,96.23,20.96,5.84,0.93,18.88
AHEMEDABAD,2025-04-01,05-01-2025 00:00,61.36,126.44,21.720000000000002,6.6,0.84,68.58
AHEMEDABAD,2025-04-02,05-02-2025 00:00,56.95,117.81,22.48,17.02,0.59,45.17
AHEMEDABAD,2025-04-03,05-03-2025 00:00,53.763333333333335,107.33,23.240000000000002,8.94,0.34,46.25
AHEMEDABAD,2025-04-04,05-04-2025 00:00,50.57666666666667,96.85000000000001,24.0,9.635,0.29500000000000004,35.24
AHEMEDABAD,2025-04-05,05-05-2025 00:00,47.39,86.37,24.76,10.33,0.25,24.23
AHEMEDABAD,2025-04-06,05-06-2025 00:00,59.02,100.87,26.105,4.71,0.74,29.84
AHEMEDABAD,2025-04-07,05-07-2025 00:00,19.77,36.03,27.45,1.32,0.29,9.32
AHEMEDABAD,2025-04-08,05-08-2025 00:00,21.79,44.35,11.08,1.72,0.06,15.14
AHEMEDABAD,2025-04-09,05-09-2025 00:00,26.01,54.75,13.09,2.68,0.32,12.05
AHEMEDABAD,2025-04-10,05-10-2025 00:00,23.99,55.02,16.75,2.07,0.47,9.17
AHEMEDABAD,2025-04-11,05-11-2025 00:00,26.49,68.01,11.14,2.65,0.72,13.1
AHEMEDABAD,2025-04-12,05-12-2025 00:00,35.57,73.71,16.65,6.6,0.53,24.66
AHEMEDABAD,2025-05-01,06-01-2025 00:00,52.36,112.09,18.666,5.88,0.0,73.54
AHEMEDABAD,2025-05-02,06-02-2025 00:00,55.11,103.59,20.682,13.86,0.175,39.15
AHEMEDABAD,2025-05-03,06-03-2025 00:00,57.86,95.09,22.698,19.02,0.35,50.22
AHEMEDABAD,2025-05-04,06-04-2025 00:00,60.61,86.59,24.714,14.145,0.275,38.465
AHEMEDABAD,2025-05-05,06-05-2025 00:00,63.36,78.09,26.73,9.27,0.2,26.71
AHEMEDABAD,2025-05-06,06-06-2025 00:00,60.09,104.33,7.83,3.7,0.94,17.57
AHEMEDABAD,2025-05-07,06-07-2025 00:00,19.38,35.34,17.69,1.46,0.21,7.38
AHEMEDABAD,2025-05-08,06-08-2025 00:00,23.25,46.25,10.48,1.61,0.15,16.89
AHEMEDABAD,2025-05-09,06-09-2025 00:00,18.55,37.92,10.29,2.69,0.71,22.5
AHEMEDABAD,2025-05-10,06-10-2025 00:00,16.19,37.41,13.74,1.66,0.38,6.45
AHEMEDABAD,2025-05-11,06-11-2025 00:00,37.76,84.18,41.35,4.39,0.92,17.84
AHEMEDABAD,2025-05-12,06-12-2025 00:00,39.29,83.0,16.04,6.68,0.55,28.81
AHEMEDABAD,2025-06-01,07-01-2025 00:00,52.05,112.73,18.02,6.41,0.29,66.42
AHEMEDABAD,2025-06-02,07-02-2025 00:00,45.0725,95.265,20.0,44.25,0.44999999999999996,43.59
AHEMEDABAD,2025-06-03,07-03-2025 00:00,38.095,77.8,21.98,17.2,0.61,49.32
AHEMEDABAD,2025-06-04,07-04-2025 00:00,31.1175,60.334999999999994,23.96,11.149999999999999,0.44,43.85
AHEMEDABAD,2025-06-05,07-05-2025 00:00,24.14,42.87,25.94,5.1,0.27,38.38
AHEMEDABAD,2025-06-06,07-06-2025 00:00,61.9,109.27,32.45,3.5,0.8,14.0
AHEMEDABAD,2025-06-07,07-07-2025 00:00,23.11,42.89,38.96,1.16,0.08,8.76
AHEMEDABAD,2025-06-08,07-08-2025 00:00,27.72,56.68,11.14,1.72,0.04,16.68
AHEMEDABAD,2025-06-09,07-09-2025 00:00,24.63,49.11,13.33,2.35,0.69,17.45
AHEMEDABAD,2025-06-10,07-10-2025 00:00,9.74,26.22,14.26,1.62,0.02,7.49
AHEMEDABAD,2025-06-11,07-11-2025 00:00,44.23,99.12,35.67,5.41,0.7,21.57
AHEMEDABAD,2025-06-12,07-12-2025 00:00,38.92,80.51,16.78,7.43,0.57,28.76
AHEMEDABAD,2025-07-01,08-01-2025 00:00,44.83,95.09,41.73,27.2,0.74,48.28
AHEMEDABAD,2025-07-02,08-02-2025 00:00,57.76333333333333,111.96666666666667,57.346666666666664,40.86,0.63,43.32
AHEMEDABAD,2025-07-03,08-03-2025 00:00,70.69666666666666,128.84333333333333,72.96333333333334,16.72,0.52,39.12
AHEMEDABAD,2025-07-04,08-04-2025 00:00,83.63,145.72,88.58,10.65,0.85,54.05
AHEMEDABAD,2025-07-05,08-05-2025 00:00,14.93,26.45,25.45,4.01,0.21,32.48
AHEMEDABAD,2025-07-06,08-06-2025 00:00,50.0,87.76,19.4,3.23,0.25,17.48
AHEMEDABAD,2025-07-07,08-07-2025 00:00,26.61,46.91,13.35,1.54,0.02,9.87
AHEMEDABAD,2025-07-08,08-08-2025 00:00,30.74,61.88,10.71,2.03,0.23,20.74
AHEMEDABAD,2025-07-09,08-09-2025 00:00,12.14,23.92,7.59,2.94,0.14,79.4
AHEMEDABAD,2025-07-10,08-10-2025 00:00,29.61,59.11,23.73,2.27,0.46,9.67
AHEMEDABAD,2025-07-11,08-11-2025 00:00,55.43,118.07,53.37,7.09,1.7,23.19
AHEMEDABAD,2025-07-12,08-12-2025 00:00,38.59,78.95,21.03,12.83,0.75,26.12
AHEMEDABAD,2025-08-01,09-01-2025 00:00,44.66,94.51,44.08,13.79,0.51,53.03
AHEMEDABAD,2025-08-02,09-02-2025 00:00,51.56333333333333,102.54333333333334,50.9,26.345,0.455,46.055
AHEMEDABAD,2025-08-03,09-03-2025 00:00,58.46666666666667,110.57666666666667,57.720000000000006,38.9,0.4,39.08
AHEMEDABAD,2025-08-04,09-04-2025 00:00,65.37,118.61,64.54,24.12,0.46,61.76
AHEMEDABAD,2025-08-05,09-05-2025 00:00,23.68,48.12,25.02,3.75,0.25,33.29
AHEMEDABAD,2025-08-06,09-06-2025 00:00,48.21,84.7,18.665,3.3,0.05,17.51
AHEMEDABAD,2025-08-07,09-07-2025 00:00,34.98,62.18,12.31,7.63,0.35,9.16
AHEMEDABAD,2025-08-08,09-08-2025 00:00,31.6,63.96,10.85,2.48,0.34,20.05
AHEMEDABAD,2025-08-09,09-09-2025 00:00,22.33,48.04,8.11,2.65,0.78,19.14
AHEMEDABAD,2025-08-10,09-10-2025 00:00,53.53,102.53,33.81,5.52,0.45,8.72
AHEMEDABAD,2025-08-11,09-11-2025 00:00,53.47,112.42,61.17,4.77,1.69,21.44
AHEMEDABAD,2025-08-12,09-12-2025 00:00,33.52,68.09,22.35,8.02,0.86,19.72
AHEMEDABAD,2025-09-01,10-01-2025 00:00,43.83,92.94,42.34,15.94,0.35,52.86
AHEMEDABAD,2025-09-02,10-02-2025 00:00,46.906666666666666,95.52333333333333,45.54666666666667,25.355000000000004,0.365,53.455
AHEMEDABAD,2025-09-03,10-03-2025 00:00,49.983333333333334,98.10666666666667,48.75333333333334,34.77,0.38,54.05
AHEMEDABAD,2025-09-04,10-04-2025 00:00,53.06,100.69,51.96,21.1,0.36,61.23
AHEMEDABAD,2025-09-05,10-05-2025 00:00,21.65,45.25,24.44,3.56,0.16,45.36
AHEMEDABAD,2025-09-06,10-06-2025 00:00,46.3,80.48,41.8,3.19,0.0,14.82
AHEMEDABAD,2025-09-07,10-07-2025 00:00,39.12,69.54,59.16,5.98,0.8,8.01
AHEMEDABAD,2025-09-08,10-08-2025 00:00,27.97,56.16,9.36,2.27,0.44,19.3
AHEMEDABAD,2025-09-09,10-09-2025 00:00,32.39,68.23,9.16,2.58,0.6,19.85
AHEMEDABAD,2025-09-10,10-10-2025 00:00,82.79,155.48,50.11,7.73,0.63,13.39
AHEMEDABAD,2025-09-11,10-11-2025 00:00,56.69,113.47,61.53,6.43,1.02,20.89
AHEMEDABAD,2025-09-12,10-12-2025 00:00,35.92,71.26,27.68,10.13,0.81,19.41
AHEMEDABAD,2025-10-01,11-01-2025 00:00,49.54,103.94,40.59,22.1,0.72,52.07
AHEMEDABAD,2025-10-02,11-02-2025 00:00,88.28,179.04,41.28666666666667,20.715,0.54,23.23
AHEMEDABAD,2025-10-03,11-03-2025 00:00,60.24,119.89,41.983333333333334,19.33,0.36,48.27
AHEMEDABAD,2025-10-04,11-04-2025 00:00,32.2,60.74,42.68,28.03,0.2,67.18
AHEMEDABAD,2025-10-05,11-05-2025 00:00,33.76,65.44,24.28,3.65,0.11,38.85
AHEMEDABAD,2025-10-06,11-06-2025 00:00,37.67,65.79,33.370000000000005,3.0,0.2,14.09
AHEMEDABAD,2025-10-07,11-07-2025 00:00,35.06,61.82,42.46,5.34,0.55,6.43
AHEMEDABAD,2025-10-08,11-08-2025 00:00,28.25,56.87,9.33,3.02,0.28,20.43
AHEMEDABAD,2025-10-09,11-09-2025 00:00,32.27,67.09,13.06,1.26,0.62,9.19
AHEMEDABAD,2025-10-10,11-10-2025 00:00,89.87,168.25,56.97,6.66,0.9,11.31
AHEMEDABAD,2025-10-11,11-11-2025 00:00,64.38,127.43,70.04,8.01,1.8,20.24
AHEMEDABAD,2025-10-12,11-12-2025 00:00,38.74,78.86,29.21,9.37,0.95,19.43
AHEMEDABAD,2025-11-01,12-01-2025 00:00,73.78,152.76,40.52,26.81,0.52,47.6
AHEMEDABAD,2025-11-02,12-02-2025 00:00,52.27,103.87,40.266666666666666,12.28,0.325,27.24
AHEMEDABAD,2025-11-03,12-03-2025 00:00,35.8,69.67,40.013333333333335,26.77,0.13,59.73
AHEMEDABAD,2025-11-04,12-04-2025 00:00,19.33,35.47,39.76,19.6,0.12,51.15
AHEMEDABAD,2025-11-05,12-05-2025 00:00,41.96,78.48,24.9,3.6,0.03,31.13
AHEMEDABAD,2025-11-06,12-06-2025 00:00,30.16,54.09,30.259999999999998,3.77,0.32,12.45
AHEMEDABAD,2025-11-07,12-07-2025 00:00,29.65,52.43,35.62,5.61,0.32,7.6
AHEMEDABAD,2025-11-08,12-08-2025 00:00,23.26,46.72,9.53,2.22,0.03,19.83
AHEMEDABAD,2025-11-09,12-09-2025 00:00,33.33,69.87,15.84,3.14,0.42,17.01
AHEMEDABAD,2025-11-10,12-10-2025 00:00,85.47,162.64,57.03,7.67,0.93,18.04
AHEMEDABAD,2025-11-11,12-11-2025 00:00,66.62,132.71,77.44,10.67,2.05,20.64
AHEMEDABAD,2025-11-12,12-12-2025 00:00,45.19,88.21,32.66,9.37,0.73,18.61
AHEMEDABAD,2025-12-01,13-01-2025 00:00,43.23,92.87,38.88,30.24,0.01,44.72
AHEMEDABAD,2025-12-02,13-02-2025 00:00,49.54,98.68,38.66666666666667,9.34,0.105,26.88
AHEMEDABAD,2025-12-03,13-03-2025 00:00,33.595,65.33000000000001,38.45333333333333,22.78,0.2,45.32
AHEMEDABAD,2025-12-04,13-04-2025 00:00,17.65,31.98,38.24,9.15,0.06,47.16
AHEMEDABAD,2025-12-05,13-05-2025 00:00,38.87,72.79,22.17,3.7,0.01,33.56
AHEMEDABAD,2025-12-06,13-06-2025 00:00,42.56,73.82,8.5,6.12,0.31,14.77
AHEMEDABAD,2025-12-07,13-07-2025 00:00,29.28,51.62,33.84,4.2,0.39,8.48
AHEMEDABAD,2025-12-08,13-08-2025 00:00,20.73,42.53,10.13,1.74,0.15,16.58
AHEMEDABAD,2025-12-09,13-09-2025 00:00,31.1,63.54,16.09,3.16,0.08,22.4
AHEMEDABAD,2025-12-10,13-10-2025 00:00,66.35,133.3,53.06,10.33,0.65,18.02
AHEMEDABAD,2025-12-11,13-11-2025 00:00,56.83,113.38,73.71,7.96,1.41,21.53
AHEMEDABAD,2025-12-12,13-12-2025 00:00,49.24,96.35,34.47,7.06,0.61,25.14
AHEMEDABAD,2026-01-01,02-01-2026 00:00,41.93,91.31,13.47,9.91,0.0,19.69
AHEMEDABAD,2026-01-02,02-02-2026 00:00,72.68,152.24,16.73,8.48,1.1,20.77
AHEMEDABAD,2026-02-01,03-01-2026 00:00,35.43,76.59,15.13,16.66,0.31,18.7
AHEMEDABAD,2026-02-02,03-02-2026 00:00,45.56,93.7,9.66,13.16,0.84,19.19
AHEMEDABAD,2026-03-01,04-01-2026 00:00,40.65,80.8,17.05,5.14,0.62,17.44
AHEMEDABAD,2026-03-02,04-02-2026 00:00,46.7,98.5,10.97,13.77,0.62,15.57
AHEMEDABAD,2026-04-01,05-01-2026 00:00,41.1,81.8,19.91,12.74,0.67,17.53
AHEMEDABAD,2026-04-02,05-02-2026 00:00,36.17,78.49,8.03,19.43,0.49,26.18
AHEMEDABAD,2026-05-01,06-01-2026 00:00,38.83,79.84,13.77,9.07,0.46,23.78
AHEMEDABAD,2026-05-02,06-02-2026 00:00,36.56,82.32,9.15,7.95,0.68,25.34
AHEMEDABAD,2026-06-01,07-01-2026 00:00,42.12,83.15,21.34,10.13,0.83,21.63
AHEMEDABAD,2026-06-02,07-02-2026 00:00,45.97,106.13,17.01,11.68,0.62,26.55
AHEMEDABAD,2026-07-01,08-01-2026 00:00,48.24,99.35,22.25,22.9,0.73,22.11
AHEMEDABAD,2026-07-02,08-02-2026 00:00,64.05,147.56,13.81,11.74,0.76,23.04
AHEMEDABAD,2026-08-01,09-01-2026 00:00,50.01,101.43,17.43,12.59,0.36,25.95
AHEMEDABAD,2026-08-02,09-02-2026 00:00,64.26,143.34,14.78,13.77,0.67,24.13
AHEMEDABAD,2026-09-01,10-01-2026 00:00,47.89,96.69,18.65,6.39,0.3,28.07
AHEMEDABAD,2026-09-02,10-02-2026 00:00,71.4,157.08,15.72,23.66,0.98,29.14
AHEMEDABAD,2026-10-01,11-01-2026 00:00,55.24,114.15,19.82,9.89,0.62,25.54
AHEMEDABAD,2026-10-02,11-02-2026 00:00,53.16,108.56,8.8,10.58,0.82,20.26
AHEMEDABAD,2026-11-01,12-01-2026 00:00,62.11,124.03,22.23,11.15,0.77,25.13
AHEMEDABAD,2026-11-02,12-02-2026 00:00,61.34,135.09,15.8,11.69,1.01,19.34
AHEMEDABAD,2026-12-01,13-01-2026 00:00,58.89,118.23,24.49,8.92,0.86,30.51
AHEMEDABAD,2026-12-02,13-02-2026 00:00,65.02,149.13,17.06,14.57,1.71,27.64
AHEMEDABAD,,14-01-2025 00:00,35.73,76.89,38.06,14.47,0.0,51.52
AHEMEDABAD,,15-01-2025 00:00,30.04,67.56,37.46,13.95,0.018000000000000002,52.24
AHEMEDABAD,,16-01-2025 00:00,38.61,83.41,37.34,30.01,0.036000000000000004,51.14
AHEMEDABAD,,17-01-2025 00:00,42.87,91.86,38.01,21.25,0.054000000000000006,46.15
AHEMEDABAD,,18-01-2025 00:00,38.7,86.99,39.76,21.99,0.07200000000000001,47.22
AHEMEDABAD,,19-01-2025 00:00,47.29,100.65,38.15,19.78,0.09000000000000001,15.92
AHEMEDABAD,,20-01-2025 00:00,66.83,140.87,38.91,20.81,0.10800000000000001,18.39
AHEMEDABAD,,21-01-2025 00:00,74.51,153.5,41.92,14.33,0.126,7.71
AHEMEDABAD,,22-01-2025 00:00,59.46,122.06,38.41,13.72,0.14400000000000002,14.373333333333333
AHEMEDABAD,,23-01-2025 00:00,52.91,110.64,39.345897435897434,11.87,0.16200000000000003,21.036666666666665
AHEMEDABAD,,24-01-2025 00:00,45.89,95.88,40.281794871794865,11.05,0.18000000000000002,27.7
AHEMEDABAD,,25-01-2025 00:00,40.42,90.07,41.2176923076923,26.88,0.198,36.12
AHEMEDABAD,,26-01-2025 00:00,34.69,74.8,42.15358974358974,54.65,0.21600000000000003,31.84
AHEMEDABAD,,27-01-2025 00:00,41.82,88.1,43.08948717948718,46.31,0.23400000000000004,36.31
AHEMEDABAD,,28-01-2025 00:00,43.39,88.97,44.02538461538461,36.94,0.252,35.62
AHEMEDABAD,,29-01-2025 00:00,52.08,107.91,44.96128205128205,29.33,0.27,41.93
AHEMEDABAD,,30-01-2025 00:00,83.47,165.46,45.897179487179486,28.19,0.28800000000000003,50.33
AHEMEDABAD,,31-01-2025 00:00,40.21,81.48,46.833076923076916,17.6,0.30600000000000005,38.79
AHEMEDABAD,,01-02-2025 00:00,54.67,108.36,47.768974358974354,22.79,0.32400000000000007,37.3
AHEMEDABAD,,14-02-2025 00:00,54.26,107.94,48.70487179487179,11.92,0.342,37.27
AHEMEDABAD,,15-02-2025 00:00,74.68,145.91,49.64076923076922,18.16,0.36000000000000004,36.56
AHEMEDABAD,,16-02-2025 00:00,62.07,119.46,50.57666666666666,40.94,0.37800000000000006,31.25
AHEMEDABAD,,17-02-2025 00:00,48.01,94.3,51.5125641025641,22.75,0.396,24.13
AHEMEDABAD,,18-02-2025 00:00,39.48,75.75,52.44846153846154,19.91,0.41400000000000003,26.31
AHEMEDABAD,,19-02-2025 00:00,38.72451612903225,74.21387096774194,53.384358974358975,15.38,0.43200000000000005,28.27
AHEMEDABAD,,20-02-2025 00:00,37.969032258064516,72.67774193548387,54.320256410256405,20.94,0.45,36.08
AHEMEDABAD,,21-02-2025 00:00,37.21354838709677,71.1416129032258,55.25615384615384,28.77,0.27,28.46
AHEMEDABAD,,22-02-2025 00:00,36.45806451612903,69.60548387096775,56.19205128205128,29.94,0.24,33.7
AHEMEDABAD,,23-02-2025 00:00,35.70258064516129,68.06935483870967,57.12794871794871,18.51,0.2,36.39
AHEMEDABAD,,24-02-2025 00:00,34.94709677419355,66.53322580645161,58.06384615384615,23.77,0.1,39.29
AHEMEDABAD,,25-02-2025 00:00,34.1916129032258,64.99709677419355,58.99974358974359,19.21,0.32,35.61
AHEMEDABAD,,26-02-2025 00:00,33.436129032258066,63.460967741935484,59.93564102564102,15.7,0.46,41.83
AHEMEDABAD,,27-02-2025 00:00,32.68064516129032,61.92483870967742,60.87153846153846,24.13,0.56,43.47
AHEMEDABAD,,28-02-2025 00:00,31.925161290322578,60.38870967741936,61.807435897435894,31.44,0.48,46.43
AHEMEDABAD,,01-03-2025 00:00,31.169677419354837,58.85258064516129,62.743333333333325,29.11,0.24,29.03
AHEMEDABAD,,14-03-2025 00:00,30.414193548387097,57.31645161290322,63.67923076923077,30.87,0.16,43.73
AHEMEDABAD,,15-03-2025 00:00,29.658709677419353,55.78032258064516,64.6151282051282,30.67,0.31,45.5
AHEMEDABAD,,16-03-2025 00:00,28.903225806451612,54.244193548387095,65.55102564102563,22.79,0.39,42.96
AHEMEDABAD,,17-03-2025 00:00,28.14774193548387,52.70806451612903,66.48692307692308,20.32,0.32,49.17
AHEMEDABAD,,18-03-2025 00:00,27.392258064516128,51.17193548387097,67.42282051282051,18.14,0.24,55.69
AHEMEDABAD,,19-03-2025 00:00,26.636774193548383,49.6358064516129,68.35871794871795,20.34,0.17,57.59
AHEMEDABAD,,20-03-2025 00:00,25.881290322580643,48.09967741935483,69.29461538461538,19.38,0.21,57.01
AHEMEDABAD,,21-03-2025 00:00,25.125806451612902,46.56354838709677,70.23051282051281,13.06,0.45,43.06
AHEMEDABAD,,22-03-2025 00:00,24.37032258064516,45.027419354838706,71.16641025641024,18.96,0.49,47.4
AHEMEDABAD,,23-03-2025 00:00,23.614838709677418,43.49129032258064,72.10230769230769,31.27,0.45,63.7
AHEMEDABAD,,24-03-2025 00:00,22.859354838709677,41.95516129032258,73.03820512820513,37.1,0.32,59.89
AHEMEDABAD,,25-03-2025 00:00,22.103870967741933,40.41903225806451,73.97410256410257,37.86,0.32,71.77
AHEMEDABAD,,26-03-2025 00:00,21.348387096774193,38.882903225806444,74.91,32.36,0.45,65.13
AHEMEDABAD,,27-03-2025 00:00,20.592903225806452,37.346774193548384,46.34,35.49,0.28,49.48
AHEMEDABAD,,28-03-2025 00:00,19.83741935483871,35.81064516129032,42.08,24.99,0.18,40.79
AHEMEDABAD,,29-03-2025 00:00,19.081935483870968,34.27451612903225,38.04,24.45,0.05,54.32
AHEMEDABAD,,30-03-2025 00:00,18.326451612903227,32.73838709677419,43.2,32.28,0.037500000000000006,64.71
AHEMEDABAD,,31-03-2025 00:00,17.570967741935483,31.202258064516123,46.22,39.26,0.025,72.46
AHEMEDABAD,,01-04-2025 00:00,16.815483870967743,29.666129032258056,44.43,34.01,0.012499999999999997,70.7
AHEMEDABAD,,14-04-2025 00:00,16.06,28.13,38.11,14.28,0.0,50.17
AHEMEDABAD,,15-04-2025 00:00,17.87,32.84,34.93,17.02,0.16,54.16
AHEMEDABAD,,16-04-2025 00:00,14.62,26.24,33.61,14.16,0.37,55.88
AHEMEDABAD,,17-04-2025 00:00,40.71,73.17,36.37,10.82,0.27,55.42
AHEMEDABAD,,18-04-2025 00:00,46.75,83.47,35.98,13.92,0.15,52.51
AHEMEDABAD,,19-04-2025 00:00,54.37,96.06,37.8,20.85,0.17,53.03
AHEMEDABAD,,20-04-2025 00:00,73.14,128.07,35.25,30.93,0.37,58.91
AHEMEDABAD,,21-04-2025 00:00,82.55,140.17,34.72,21.78,0.16,58.33
AHEMEDABAD,,22-04-2025 00:00,76.15,130.04,36.1,21.49,0.27,58.11
AHEMEDABAD,,23-04-2025 00:00,80.02,138.62,39.06,25.65,0.32,44.53
AHEMEDABAD,,24-04-2025 00:00,68.8,120.59,48.3,27.35,0.29,43.46
AHEMEDABAD,,25-04-2025 00:00,77.27,132.66,41.43,33.31,0.32,39.2
AHEMEDABAD,,26-04-2025 00:00,58.36,101.81,33.81,32.95,0.35,44.7
AHEMEDABAD,,27-04-2025 00:00,63.65,111.98,33.87,19.67,0.29,37.92
AHEMEDABAD,,28-04-2025 00:00,64.33,113.34,35.49,30.16,0.11,38.91
AHEMEDABAD,,29-04-2025 00:00,61.7,109.37,34.7,25.73,0.21,38.25
AHEMEDABAD,,30-04-2025 00:00,60.77,108.13,33.43,15.71,0.21,32.68
AHEMEDABAD,,01-05-2025 00:00,56.83,99.73,35.06,36.0,0.09,28.0
AHEMEDABAD,,14-05-2025 00:00,45.73,81.83,20.83,3.77,0.27,33.4
AHEMEDABAD,,15-05-2025 00:00,49.8,87.91,17.91,4.61,0.46,34.41
AHEMEDABAD,,16-05-2025 00:00,44.41,80.64,10.04,5.34,0.28,31.9
AHEMEDABAD,,17-05-2025 00:00,36.13,66.86,8.6,5.19,0.48,28.44
AHEMEDABAD,,18-05-2025 00:00,33.52,61.55,8.07,5.03,0.36,24.99
AHEMEDABAD,,19-05-2025 00:00,35.32,64.22,7.17,5.82,0.1,28.31
AHEMEDABAD,,20-05-2025 00:00,46.07,81.21,9.81,6.71,0.39,31.47
AHEMEDABAD,,21-05-2025 00:00,45.13,80.39,17.97,17.73,0.57,30.44
AHEMEDABAD,,22-05-2025 00:00,40.06,71.38,12.08,1.72,0.27,47.05
AHEMEDABAD,,23-05-2025 00:00,39.81,72.81,11.51,5.84,0.45,48.59
AHEMEDABAD,,24-05-2025 00:00,54.02,102.62,25.23,11.71,0.61,47.81
AHEMEDABAD,,25-05-2025 00:00,44.95,83.54,12.8,8.98,0.16,45.1
AHEMEDABAD,,26-05-2025 00:00,66.89,125.57,12.14,8.21,0.21,35.93
AHEMEDABAD,,27-05-2025 00:00,53.76,93.23,14.62,6.29,0.36,38.32
AHEMEDABAD,,28-05-2025 00:00,70.96,128.04,16.85,4.11,0.36,15.8
AHEMEDABAD,,29-05-2025 00:00,50.13,88.65,15.752,2.84,0.346,8.63
AHEMEDABAD,,30-05-2025 00:00,39.62,68.27,14.654,3.16,0.33199999999999996,9.73
AHEMEDABAD,,31-05-2025 00:00,51.46,91.68,13.556000000000001,2.92,0.31799999999999995,8.2
AHEMEDABAD,,01-06-2025 00:00,43.55,78.22,12.458,2.64,0.304,7.54
AHEMEDABAD,,14-06-2025 00:00,59.18,101.98,11.36,5.87,0.29,15.96
AHEMEDABAD,,15-06-2025 00:00,53.13,96.84,11.82,5.59,0.23,21.45
AHEMEDABAD,,16-06-2025 00:00,20.06,38.63,10.97,5.49,0.07,33.09
AHEMEDABAD,,17-06-2025 00:00,21.21,43.06,11.56,5.52,0.05,24.01
AHEMEDABAD,,18-06-2025 00:00,12.74,22.54,11.89,5.38,0.37,14.42
AHEMEDABAD,,19-06-2025 00:00,32.09,57.54,10.51,3.92,0.5,11.17
AHEMEDABAD,,20-06-2025 00:00,31.34,56.51,13.998333333333333,1.71,0.6,9.4
AHEMEDABAD,,21-06-2025 00:00,29.56,55.01,17.486666666666665,8.45,0.46,7.45
AHEMEDABAD,,22-06-2025 00:00,29.94,54.6,20.975,4.25,0.5,6.1
AHEMEDABAD,,23-06-2025 00:00,30.11,54.23,24.46333333333333,4.58,1.3,7.09
AHEMEDABAD,,24-06-2025 00:00,25.43,44.02,27.951666666666668,4.76,1.02,7.14
AHEMEDABAD,,25-06-2025 00:00,30.74,54.92,31.44,4.58,0.64,4.84
AHEMEDABAD,,26-06-2025 00:00,33.08,59.75,29.23,4.32,0.41,7.59
AHEMEDABAD,,27-06-2025 00:00,26.67,48.91,39.31,4.18,0.23,9.52
AHEMEDABAD,,28-06-2025 00:00,25.18,44.02,31.13,4.54,0.13,8.94
AHEMEDABAD,,29-06-2025 00:00,21.76,37.36,33.33,4.71,0.03,13.45
AHEMEDABAD,,30-06-2025 00:00,18.59,33.85,34.19,4.95,0.03,9.35
AHEMEDABAD,,01-07-2025 00:00,23.35,40.05,74.98,4.9,0.05,9.48
AHEMEDABAD,,14-07-2025 00:00,26.84,46.84,29.56,3.04,0.17,10.27
AHEMEDABAD,,15-07-2025 00:00,26.23,46.42,27.91,3.17,0.15,8.15
AHEMEDABAD,,16-07-2025 00:00,40.06,70.42,25.71,2.72,0.43,8.5
AHEMEDABAD,,17-07-2025 00:00,48.08,84.72,24.03,2.74,0.37,8.77
AHEMEDABAD,,18-07-2025 00:00,49.46,87.55,21.04,2.7,0.74,9.32
AHEMEDABAD,,19-07-2025 00:00,44.22,77.34,19.95,2.82,0.5,8.66
AHEMEDABAD,,20-07-2025 00:00,28.07,48.37,21.11,3.29,0.02,5.43
AHEMEDABAD,,21-07-2025 00:00,22.63,41.47,16.35,3.01,0.68,9.81
AHEMEDABAD,,22-07-2025 00:00,22.36,39.7,19.5,2.77,1.05,16.71
AHEMEDABAD,,23-07-2025 00:00,33.43,58.32,16.17,2.61,0.51,15.61
AHEMEDABAD,,24-07-2025 00:00,29.98,52.31,15.14,3.0,0.1,11.72
AHEMEDABAD,,25-07-2025 00:00,27.26,51.37,15.49,2.76,0.43,13.7
AHEMEDABAD,,26-07-2025 00:00,23.94,49.38,13.39,3.13,0.4,14.91
AHEMEDABAD,,27-07-2025 00:00,33.7,67.99,15.62,2.85,0.1,12.32
AHEMEDABAD,,28-07-2025 00:00,20.25,39.08,12.04,2.88,0.02,11.56
AHEMEDABAD,,29-07-2025 00:00,21.15,42.75,15.1,3.27,0.08,8.47
AHEMEDABAD,,30-07-2025 00:00,27.03,55.02,12.77,2.29,0.83,10.58
AHEMEDABAD,,31-07-2025 00:00,35.71,72.57,15.33,1.5,1.22,12.05
AHEMEDABAD,,01-08-2025 00:00,47.15,93.4,14.96,1.75,0.61,9.78
AHEMEDABAD,,14-08-2025 00:00,19.64,41.07,9.7,1.48,0.59,17.06
AHEMEDABAD,,15-08-2025 00:00,21.84,45.21,10.35,1.9,0.43,16.49
AHEMEDABAD,,16-08-2025 00:00,20.82,43.65,12.72,1.54,0.26,17.49
AHEMEDABAD,,17-08-2025 00:00,14.71,31.67,9.72,1.48,0.04,12.06
AHEMEDABAD,,18-08-2025 00:00,15.81,37.3,9.56,1.35,0.0,23.5
AHEMEDABAD,,19-08-2025 00:00,22.62,48.31,17.97,1.47,0.31,18.32
AHEMEDABAD,,20-08-2025 00:00,21.78,47.74,15.4,1.91,0.31,16.54
AHEMEDABAD,,21-08-2025 00:00,13.69,31.07,14.78,1.66,0.31,12.8
AHEMEDABAD,,22-08-2025 00:00,11.45,26.26,12.74,1.23,0.3,9.66
AHEMEDABAD,,23-08-2025 00:00,10.01,23.01,12.55,2.18,0.17,10.58
AHEMEDABAD,,24-08-2025 00:00,10.81,23.6,10.23,3.49,0.01,12.01
AHEMEDABAD,,25-08-2025 00:00,9.17,19.64,8.51,3.78,0.15,10.86
AHEMEDABAD,,26-08-2025 00:00,13.82,29.25,10.25,3.35,0.27,11.81
AHEMEDABAD,,27-08-2025 00:00,23.54,48.72,11.57,3.29,0.16,13.05
AHEMEDABAD,,28-08-2025 00:00,28.07,57.42,13.4,3.41,0.42,12.32
AHEMEDABAD,,29-08-2025 00:00,30.61,63.49,14.05,3.27,0.28,8.86
AHEMEDABAD,,30-08-2025 00:00,29.25,59.59,16.58,3.61,0.08,7.77
AHEMEDABAD,,31-08-2025 00:00,36.7,74.01,11.66,3.42,0.38,10.84
AHEMEDABAD,,01-09-2025 00:00,25.72,54.25,8.36,3.41,0.15,13.24
AHEMEDABAD,,14-09-2025 00:00,29.41,61.58,14.68,2.75,0.32,12.11
AHEMEDABAD,,15-09-2025 00:00,27.9,60.56,13.64,3.95,0.36,10.85
AHEMEDABAD,,16-09-2025 00:00,24.08,50.47,16.15,3.29,0.73,9.86
AHEMEDABAD,,17-09-2025 00:00,29.3,59.37,20.39,3.94,0.6,10.01
AHEMEDABAD,,18-09-2025 00:00,28.11,59.6,20.48,3.44,0.44,16.46
AHEMEDABAD,,19-09-2025 00:00,36.09,74.27,25.09,4.07,0.35,22.63
AHEMEDABAD,,20-09-2025 00:00,34.23,71.01,20.64,4.97,0.2,24.49
AHEMEDABAD,,21-09-2025 00:00,26.71,55.3,22.86,3.2,0.38,18.76
AHEMEDABAD,,22-09-2025 00:00,32.97,69.12,25.52,2.46,0.4,16.94
AHEMEDABAD,,23-09-2025 00:00,27.41,56.79,22.03,2.52,0.24,9.13
AHEMEDABAD,,24-09-2025 00:00,24.51,53.15,20.7,4.14,0.53,10.9
AHEMEDABAD,,25-09-2025 00:00,24.39,51.7,19.33,5.05,0.54,9.98
AHEMEDABAD,,26-09-2025 00:00,30.49,64.4,25.15,7.12,0.41,19.08
AHEMEDABAD,,27-09-2025 00:00,30.21,72.39,26.39,4.71,0.25,14.08
AHEMEDABAD,,28-09-2025 00:00,32.52,74.52,23.09,6.75,0.35,16.56
AHEMEDABAD,,29-09-2025 00:00,26.19,59.2,21.76,3.93,0.34,11.69
AHEMEDABAD,,30-09-2025 00:00,11.02,27.54,22.24,2.84,0.09,9.77
AHEMEDABAD,,01-10-2025 00:00,17.48,36.43,22.27,10.48,0.97,13.25
AHEMEDABAD,,14-10-2025 00:00,59.21,121.09,54.98,9.55,0.41,17.74
AHEMEDABAD,,15-10-2025 00:00,46.62,99.29,86.93,14.14,0.98,21.1
AHEMEDABAD,,16-10-2025 00:00,42.24,87.63,69.37,7.08,0.92,24.34
AHEMEDABAD,,17-10-2025 00:00,47.02,100.81,61.24,7.78,1.92,21.94
AHEMEDABAD,,18-10-2025 00:00,42.88,93.68,52.26,6.99,2.33,24.39
AHEMEDABAD,,19-10-2025 00:00,51.2,112.65,63.58,12.66,1.78,25.12
AHEMEDABAD,,20-10-2025 00:00,45.62,103.8,47.43,36.1,1.59,28.42
AHEMEDABAD,,21-10-2025 00:00,71.35,131.51,47.24,29.66,1.12,28.67
AHEMEDABAD,,22-10-2025 00:00,100.21,138.68,52.55,57.34,1.29,24.01
AHEMEDABAD,,23-10-2025 00:00,45.2,107.89,38.67,40.61,0.75,32.36
AHEMEDABAD,,24-10-2025 00:00,38.1,96.6,30.58,24.22,0.72,38.93
AHEMEDABAD,,25-10-2025 00:00,32.37,84.26,30.62,28.91,0.63,32.57
AHEMEDABAD,,26-10-2025 00:00,35.13,85.66,25.23,20.2,0.33,30.57
AHEMEDABAD,,27-10-2025 00:00,19.45,47.22,15.98,5.42,0.05,10.05
AHEMEDABAD,,28-10-2025 00:00,7.48,17.68,17.64,2.33,1.9,5.7
AHEMEDABAD,,29-10-2025 00:00,4.18,12.25,13.63,2.98,2.37,7.54
AHEMEDABAD,,30-10-2025 00:00,14.89,44.0,13.46,5.5,0.43,13.84
AHEMEDABAD,,31-10-2025 00:00,17.78,43.51,15.54,4.17,0.69,7.38
AHEMEDABAD,,01-11-2025 00:00,9.31,23.98,14.86,3.52,0.71,10.06
AHEMEDABAD,,14-11-2025 00:00,59.01,117.11,71.73,4.55,1.72,22.16
AHEMEDABAD,,15-11-2025 00:00,49.96,102.13,64.63,7.07,2.0,22.1
AHEMEDABAD,,16-11-2025 00:00,39.53,82.19,55.47,11.44,1.12,24.96
AHEMEDABAD,,17-11-2025 00:00,38.36,81.77,48.8,9.13,1.23,29.0
AHEMEDABAD,,18-11-2025 00:00,45.09,95.69,54.28,8.15,1.36,30.7
AHEMEDABAD,,19-11-2025 00:00,50.23,103.82,63.41,10.4,1.63,30.18
AHEMEDABAD,,20-11-2025 00:00,61.16,124.48,48.68,5.7,1.01,30.06
AHEMEDABAD,,21-11-2025 00:00,60.49,123.6,49.035,4.13,1.02,27.8
AHEMEDABAD,,22-11-2025 00:00,67.22,136.18,49.39,5.53,0.79,27.31
AHEMEDABAD,,23-11-2025 00:00,69.01,139.38,29.13,17.65,1.4,24.45
AHEMEDABAD,,24-11-2025 00:00,61.15,125.15,28.92,11.17,0.91,23.76
AHEMEDABAD,,25-11-2025 00:00,62.61,126.35,28.55,8.01,1.43,26.89
AHEMEDABAD,,26-11-2025 00:00,59.37,126.17,20.98,22.89,0.52,27.82
AHEMEDABAD,,27-11-2025 00:00,55.87,117.5,21.12,22.17,0.64,27.01
AHEMEDABAD,,28-11-2025 00:00,64.17,133.95,27.03,20.17,0.81,24.45
AHEMEDABAD,,29-11-2025 00:00,67.58,143.93,25.83,12.65,1.54,20.56
AHEMEDABAD,,30-11-2025 00:00,54.77,115.57,24.85,5.86,1.0,20.12
AHEMEDABAD,,01-12-2025 00:00,52.75,106.53,27.78,7.86,0.74,21.75
AHEMEDABAD,,14-12-2025 00:00,47.56,93.12,32.84,7.62,0.69,23.71
AHEMEDABAD,,15-12-2025 00:00,41.61,82.58,27.97,7.68,0.33,23.96
AHEMEDABAD,,16-12-2025 00:00,38.57,79.22,24.36,10.04,0.53,30.68
AHEMEDABAD,,17-12-2025 00:00,43.02,86.95,18.25,10.43,1.01,33.99
AHEMEDABAD,,18-12-2025 00:00,41.11,82.36,20.64,11.77,0.53,36.61
AHEMEDABAD,,19-12-2025 00:00,41.15,82.83,25.4,14.04,0.8,26.33
AHEMEDABAD,,20-12-2025 00:00,39.34,77.36,29.02,14.2,0.78,23.43
AHEMEDABAD,,21-12-2025 00:00,61.62,123.02,39.72,26.42,0.78,19.29
AHEMEDABAD,,22-12-2025 00:00,44.6,89.67,28.49,13.32,0.26,22.3
AHEMEDABAD,,23-12-2025 00:00,39.31,79.55,24.63,16.7,0.39,25.46
AHEMEDABAD,,24-12-2025 00:00,40.83,80.66,27.19,15.84,0.99,20.13
AHEMEDABAD,,25-12-2025 00:00,37.42,76.18,24.35,10.47,0.52,21.23
AHEMEDABAD,,26-12-2025 00:00,35.02,70.44,21.4,8.15,0.39,23.43
AHEMEDABAD,,27-12-2025 00:00,35.92,71.52,19.7,10.33,0.27,26.84
AHEMEDABAD,,28-12-2025 00:00,38.82,78.91,19.14,10.84,0.47,29.67
AHEMEDABAD,,29-12-2025 00:00,42.04,84.76,23.84,15.7,0.24,29.37
AHEMEDABAD,,30-12-2025 00:00,53.5,106.34,28.78,17.2,0.32,29.39
AHEMEDABAD,,31-12-2025 00:00,60.36,122.4,30.91,12.43,0.35,26.99
AHEMEDABAD,,01-01-2026 00:00,69.18,149.32,32.58,26.11,0.16,24.28
AHEMEDABAD,,14-01-2026 00:00,58.99,122.61,16.38,9.19,0.41,26.54
AHEMEDABAD,,15-01-2026 00:00,41.94,85.62,5.78,11.67,0.37,26.15
AHEMEDABAD,,16-01-2026 00:00,40.32,82.87,4.24,6.49,0.63,21.3
AHEMEDABAD,,17-01-2026 00:00,51.99,102.97,8.14,11.76,0.83,25.06
AHEMEDABAD,,18-01-2026 00:00,56.35,117.4,7.92,7.42,0.68,16.27
AHEMEDABAD,,19-01-2026 00:00,43.83,84.13,5.75,11.66,0.61,9.78
AHEMEDABAD,,20-01-2026 00:00,45.68,88.67,9.42,6.84,0.83,12.52
AHEMEDABAD,,21-01-2026 00:00,48.02,93.49,15.33,9.73,0.91,15.08
AHEMEDABAD,,22-01-2026 00:00,46.25,92.32,14.92,13.83,1.02,20.59
AHEMEDABAD,,23-01-2026 00:00,62.43,128.69,13.49,22.26,0.67,26.69
AHEMEDABAD,,24-01-2026 00:00,38.35,74.35,6.38,10.3,0.35,14.41
AHEMEDABAD,,25-01-2026 00:00,36.21,73.83,7.64,5.96,0.53,17.99
AHEMEDABAD,,26-01-2026 00:00,46.9,92.06,8.96,11.14,1.21,18.03
AHEMEDABAD,,27-01-2026 00:00,59.54,117.77,8.99,10.42,0.9,24.45
AHEMEDABAD,,28-01-2026 00:00,55.51,116.06,8.09,10.51,0.79,19.04
AHEMEDABAD,,29-01-2026 00:00,39.35,78.33,9.85,10.81,1.17,21.03
AHEMEDABAD,,30-01-2026 00:00,41.26,84.79,9.56,23.02,1.03,20.37
AHEMEDABAD,,31-01-2026 00:00,48.22,97.35,9.76,7.62,1.19,20.36
AHEMEDABAD,,01-02-2026 00:00,58.19,126.46,14.86,21.15,0.75,17.93
AHEMEDABAD,,14-02-2026 00:00,65.35,154.32,15.03,14.15,1.28,31.3
AHEMEDABAD,,15-02-2026 00:00,66.2,140.46,13.55,10.1,0.95,28.13
AHEMEDABAD,,16-02-2026 00:00,70.7,150.56,15.84,16.33,0.94,27.57
AHEMEDABAD,,17-02-2026 00:00,78.27,188.72,18.7,15.84,0.66,25.21
AHEMEDABAD,,17-02-2026 00:00,81.58,158.55,19.42,15.84,1.49,13.21
AHEMEDABAD_SOMAJIGUDA,2025-01-01,02-01-2025 00:00,45.36,76.51,20.92,4.04,0.7,29.69
AHEMEDABAD_SOMAJIGUDA,2025-01-02,02-02-2025 00:00,50.13,100.52,23.92,9.43,0.48,18.17
AHEMEDABAD_SOMAJIGUDA,2025-01-03,02-03-2025 00:00,97.61,160.02,16.68,7.13,0.26,18.48
AHEMEDABAD_SOMAJIGUDA,2025-01-04,02-04-2025 00:00,31.12,79.73,16.71,1.41,0.41,61.65
AHEMEDABAD_SOMAJIGUDA,2025-01-05,02-05-2025 00:00,52.98,132.8,13.94,11.98,0.5,21.67
AHEMEDABAD_SOMAJIGUDA,2025-01-06,02-06-2025 00:00,21.81,72.22,5.27,3.37,0.19,28.31
AHEMEDABAD_SOMAJIGUDA,2025-01-07,02-07-2025 00:00,16.78,57.03,7.39,1.24,0.64,8.38
AHEMEDABAD_SOMAJIGUDA,2025-01-08,02-08-2025 00:00,19.74,53.62,11.5,11.74,0.82,17.77
AHEMEDABAD_SOMAJIGUDA,2025-01-09,02-09-2025 00:00,13.25,38.08,15.01,9.73,0.27,13.17
AHEMEDABAD_SOMAJIGUDA,2025-01-10,02-10-2025 00:00,8.72,31.07,16.52,5.31,0.2,15.37
AHEMEDABAD_SOMAJIGUDA,2025-01-11,02-11-2025 00:00,13.38,42.1,40.51,4.78,0.69,5.87
AHEMEDABAD_SOMAJIGUDA,2025-01-12,02-12-2025 00:00,53.22,147.49,50.58,5.74,0.93,14.39
AHEMEDABAD_SOMAJIGUDA,2025-02-01,03-01-2025 00:00,43.13,74.37,25.52,3.58,0.68,22.91
AHEMEDABAD_SOMAJIGUDA,2025-02-02,03-02-2025 00:00,54.46,108.61,37.4,6.59,0.72,17.85
AHEMEDABAD_SOMAJIGUDA,2025-02-03,03-03-2025 00:00,106.25,174.18,19.59,7.05,0.32,25.71
AHEMEDABAD_SOMAJIGUDA,2025-02-04,03-04-2025 00:00,46.51,121.31,32.74,4.34,0.74,45.09
AHEMEDABAD_SOMAJIGUDA,2025-02-05,03-05-2025 00:00,52.35,120.1,15.51,13.64,0.47,22.55
AHEMEDABAD_SOMAJIGUDA,2025-02-06,03-06-2025 00:00,31.97,90.44,4.46,2.35,0.33,28.03
AHEMEDABAD_SOMAJIGUDA,2025-02-07,03-07-2025 00:00,15.27,79.62,2.78,0.48,0.77,7.02
AHEMEDABAD_SOMAJIGUDA,2025-02-08,03-08-2025 00:00,16.34,49.75,11.26,7.45,0.8,17.45
AHEMEDABAD_SOMAJIGUDA,2025-02-09,03-09-2025 00:00,11.23,55.79,17.83,11.6,0.55,13.86
AHEMEDABAD_SOMAJIGUDA,2025-02-10,03-10-2025 00:00,9.26,28.39,14.57,4.3,0.16,15.96
AHEMEDABAD_SOMAJIGUDA,2025-02-11,03-11-2025 00:00,21.84,68.3,44.41,4.29,0.86,9.92
AHEMEDABAD_SOMAJIGUDA,2025-02-12,03-12-2025 00:00,55.28,170.88,54.5,4.74,1.05,14.26
AHEMEDABAD_SOMAJIGUDA,2025-03-01,04-01-2025 00:00,51.27,96.02,32.3,5.37,0.5,20.06
AHEMEDABAD_SOMAJIGUDA,2025-03-02,04-02-2025 00:00,77.03,154.22,35.82,8.02,0.75,19.17
AHEMEDABAD_SOMAJIGUDA,2025-03-03,04-03-2025 00:00,83.0,146.37,16.79,8.07,0.41,26.0
AHEMEDABAD_SOMAJIGUDA,2025-03-04,04-04-2025 00:00,65.52,167.18,40.11,15.16,1.23,41.93
AHEMEDABAD_SOMAJIGUDA,2025-03-05,04-05-2025 00:00,64.99,122.82,13.02,5.47,0.3,22.59
AHEMEDABAD_SOMAJIGUDA,2025-03-06,04-06-2025 00:00,23.02,96.29,3.73,2.71,0.45,31.76
AHEMEDABAD_SOMAJIGUDA,2025-03-07,04-07-2025 00:00,17.76,73.29,5.2,0.91,0.73,11.54
AHEMEDABAD_SOMAJIGUDA,2025-03-08,04-08-2025 00:00,14.67,36.06,10.72,8.05,0.56,18.89
AHEMEDABAD_SOMAJIGUDA,2025-03-09,04-09-2025 00:00,12.27,72.09,12.36,4.68,0.59,18.69
AHEMEDABAD_SOMAJIGUDA,2025-03-10,04-10-2025 00:00,9.32,32.01,18.6,9.34,0.34,14.08
AHEMEDABAD_SOMAJIGUDA,2025-03-11,04-11-2025 00:00,13.05,53.94,36.23,6.11,0.55,13.61
AHEMEDABAD_SOMAJIGUDA,2025-03-12,04-12-2025 00:00,40.73,143.64,45.23,3.89,0.58,19.96
AHEMEDABAD_SOMAJIGUDA,2025-04-01,05-01-2025 00:00,56.34,105.34,37.83,3.31,0.54,17.38
AHEMEDABAD_SOMAJIGUDA,2025-04-02,05-02-2025 00:00,67.31,139.6,23.37,5.65,0.76,29.66
AHEMEDABAD_SOMAJIGUDA,2025-04-03,05-03-2025 00:00,62.87,104.8,9.05,4.37,0.25,34.3
AHEMEDABAD_SOMAJIGUDA,2025-04-04,05-04-2025 00:00,35.06,93.34,28.77,4.4,0.8,21.14
AHEMEDABAD_SOMAJIGUDA,2025-04-05,05-05-2025 00:00,34.26,94.35,16.52,1.53,0.21,16.52
AHEMEDABAD_SOMAJIGUDA,2025-04-06,05-06-2025 00:00,42.84,134.0,3.93,1.38,0.3,28.67
AHEMEDABAD_SOMAJIGUDA,2025-04-07,05-07-2025 00:00,15.76,72.8,3.44,1.02,0.66,8.39
AHEMEDABAD_SOMAJIGUDA,2025-04-08,05-08-2025 00:00,11.69,34.47,10.35,9.79,0.75,20.17
AHEMEDABAD_SOMAJIGUDA,2025-04-09,05-09-2025 00:00,14.64,43.38,18.23,5.1,0.73,11.0
AHEMEDABAD_SOMAJIGUDA,2025-04-10,05-10-2025 00:00,13.59,47.9,21.29,9.95,0.32,13.05
AHEMEDABAD_SOMAJIGUDA,2025-04-11,05-11-2025 00:00,22.26,96.98,24.4,11.38,0.53,12.58
AHEMEDABAD_SOMAJIGUDA,2025-04-12,05-12-2025 00:00,35.07,114.75,35.72,4.43,0.36,28.32
AHEMEDABAD_SOMAJIGUDA,2025-05-01,06-01-2025 00:00,53.73,100.34,30.27,1.01,0.52,32.64
AHEMEDABAD_SOMAJIGUDA,2025-05-02,06-02-2025 00:00,77.9,147.97,36.21,5.23,0.95,25.55
AHEMEDABAD_SOMAJIGUDA,2025-05-03,06-03-2025 00:00,64.64,101.8,19.45,2.12,0.51,33.61
AHEMEDABAD_SOMAJIGUDA,2025-05-04,06-04-2025 00:00,36.87,113.51,26.96,3.49,0.85,22.65
AHEMEDABAD_SOMAJIGUDA,2025-05-05,06-05-2025 00:00,69.89,93.37,13.63,1.66,0.24,18.47
AHEMEDABAD_SOMAJIGUDA,2025-05-06,06-06-2025 00:00,38.53,161.5,3.34,1.47,0.75,19.34
AHEMEDABAD_SOMAJIGUDA,2025-05-07,06-07-2025 00:00,18.94,63.79,6.92,1.08,0.85,9.91
AHEMEDABAD_SOMAJIGUDA,2025-05-08,06-08-2025 00:00,13.3,40.09,10.66,9.49,1.17,18.61
AHEMEDABAD_SOMAJIGUDA,2025-05-09,06-09-2025 00:00,13.8,32.67,11.79,2.32,0.65,27.14
AHEMEDABAD_SOMAJIGUDA,2025-05-10,06-10-2025 00:00,10.41,41.07,16.58,10.14,0.28,12.21
AHEMEDABAD_SOMAJIGUDA,2025-05-11,06-11-2025 00:00,48.64,131.41,20.92,6.59,0.97,13.67
AHEMEDABAD_SOMAJIGUDA,2025-05-12,06-12-2025 00:00,37.54,132.76,37.3,5.78,0.46,34.54
AHEMEDABAD_SOMAJIGUDA,2025-06-01,07-01-2025 00:00,57.14,106.65,29.94,5.95,0.53,33.19
AHEMEDABAD_SOMAJIGUDA,2025-06-02,07-02-2025 00:00,48.36,90.75,24.78,6.2,0.59,28.76
AHEMEDABAD_SOMAJIGUDA,2025-06-03,07-03-2025 00:00,63.73,104.25,29.97,5.1,0.82,27.43
AHEMEDABAD_SOMAJIGUDA,2025-06-04,07-04-2025 00:00,27.61,93.09,19.72,2.69,0.66,21.92
AHEMEDABAD_SOMAJIGUDA,2025-06-05,07-05-2025 00:00,28.99,55.83,13.99,2.95,0.44,23.66
AHEMEDABAD_SOMAJIGUDA,2025-06-06,07-06-2025 00:00,53.92,166.39,6.82,2.86,0.84,18.97
AHEMEDABAD_SOMAJIGUDA,2025-06-07,07-07-2025 00:00,18.59,66.84,12.58,1.29,0.92,12.76
AHEMEDABAD_SOMAJIGUDA,2025-06-08,07-08-2025 00:00,14.41,45.24,18.34,14.34,0.79,12.51
AHEMEDABAD_SOMAJIGUDA,2025-06-09,07-09-2025 00:00,9.32,23.07,20.38,7.83,0.78,18.71
AHEMEDABAD_SOMAJIGUDA,2025-06-10,07-10-2025 00:00,5.11,25.75,15.06,7.2,0.37,11.31
AHEMEDABAD_SOMAJIGUDA,2025-06-11,07-11-2025 00:00,62.23,193.6,23.72,7.06,0.69,13.17
AHEMEDABAD_SOMAJIGUDA,2025-06-12,07-12-2025 00:00,37.12,126.37,39.37,5.91,0.94,32.34
AHEMEDABAD_SOMAJIGUDA,2025-07-01,08-01-2025 00:00,42.66,78.99,35.03,3.19,0.36,31.08
AHEMEDABAD_SOMAJIGUDA,2025-07-02,08-02-2025 00:00,48.07,90.28,18.2,4.8,0.46,42.5
AHEMEDABAD_SOMAJIGUDA,2025-07-03,08-03-2025 00:00,83.29,139.94,36.8,15.94,1.06,30.45
AHEMEDABAD_SOMAJIGUDA,2025-07-04,08-04-2025 00:00,32.15,88.97,18.53,3.42,0.6,22.84
AHEMEDABAD_SOMAJIGUDA,2025-07-05,08-05-2025 00:00,17.83,37.44,12.25,2.37,0.54,15.22
AHEMEDABAD_SOMAJIGUDA,2025-07-06,08-06-2025 00:00,49.29,156.18,4.57,6.02,0.26,27.4
AHEMEDABAD_SOMAJIGUDA,2025-07-07,08-07-2025 00:00,21.55,46.25,2.42,1.15,0.78,16.5
AHEMEDABAD_SOMAJIGUDA,2025-07-08,08-08-2025 00:00,17.01,52.91,17.79,13.24,0.77,22.26
AHEMEDABAD_SOMAJIGUDA,2025-07-09,08-09-2025 00:00,5.42,17.76,15.24,5.44,0.72,17.69
AHEMEDABAD_SOMAJIGUDA,2025-07-10,08-10-2025 00:00,12.8,60.24,17.42,5.82,0.37,8.59
AHEMEDABAD_SOMAJIGUDA,2025-07-11,08-11-2025 00:00,54.38,249.85,26.74,6.34,0.89,20.45
AHEMEDABAD_SOMAJIGUDA,2025-07-12,08-12-2025 00:00,36.72,100.84,41.28,6.16,1.21,29.12
AHEMEDABAD_SOMAJIGUDA,2025-08-01,09-01-2025 00:00,47.01,86.94,39.31,3.54,0.46,26.51
AHEMEDABAD_SOMAJIGUDA,2025-08-02,09-02-2025 00:00,43.7,80.76,30.14,5.16,0.66,32.9
AHEMEDABAD_SOMAJIGUDA,2025-08-03,09-03-2025 00:00,61.37,153.57,62.64,12.99,2.28,1.42
AHEMEDABAD_SOMAJIGUDA,2025-08-04,09-04-2025 00:00,41.32,103.97,20.84,3.54,0.62,25.14
AHEMEDABAD_SOMAJIGUDA,2025-08-05,09-05-2025 00:00,25.86,74.48,12.57,2.62,0.58,28.56
AHEMEDABAD_SOMAJIGUDA,2025-08-06,09-06-2025 00:00,58.0,151.0,4.26,6.08,0.2,29.19
AHEMEDABAD_SOMAJIGUDA,2025-08-07,09-07-2025 00:00,23.32,52.65,1.22,1.57,0.62,18.18
AHEMEDABAD_SOMAJIGUDA,2025-08-08,09-08-2025 00:00,14.72,54.95,19.96,16.15,0.6,21.77
AHEMEDABAD_SOMAJIGUDA,2025-08-09,09-09-2025 00:00,9.93,38.12,10.97,7.07,0.89,16.96
AHEMEDABAD_SOMAJIGUDA,2025-08-10,09-10-2025 00:00,30.98,106.1,26.87,7.22,0.39,11.21
AHEMEDABAD_SOMAJIGUDA,2025-08-11,09-11-2025 00:00,58.43,167.59,29.08,6.35,1.05,15.2
AHEMEDABAD_SOMAJIGUDA,2025-08-12,09-12-2025 00:00,29.93,98.36,47.35,6.74,1.02,18.86
AHEMEDABAD_SOMAJIGUDA,2025-09-01,10-01-2025 00:00,63.52,117.75,40.04,6.92,0.77,22.13
AHEMEDABAD_SOMAJIGUDA,2025-09-02,10-02-2025 00:00,57.83,106.52,31.71,6.67,0.72,27.314999999999998
AHEMEDABAD_SOMAJIGUDA,2025-09-03,10-03-2025 00:00,54.48,135.34,33.37,18.53,1.13,32.5
AHEMEDABAD_SOMAJIGUDA,2025-09-04,10-04-2025 00:00,26.69,84.05,14.62,4.18,0.44,32.94
AHEMEDABAD_SOMAJIGUDA,2025-09-05,10-05-2025 00:00,22.12,56.8,21.77,1.7,0.56,24.92
AHEMEDABAD_SOMAJIGUDA,2025-09-06,10-06-2025 00:00,71.78,146.13,3.58,2.77,0.29,25.08
AHEMEDABAD_SOMAJIGUDA,2025-09-07,10-07-2025 00:00,21.49,43.35,1.56,2.74,0.65,17.09
AHEMEDABAD_SOMAJIGUDA,2025-09-08,10-08-2025 00:00,11.48,48.9,17.42,10.26,0.56,20.52
AHEMEDABAD_SOMAJIGUDA,2025-09-09,10-09-2025 00:00,13.07,44.82,13.37,8.02,1.0,15.39
AHEMEDABAD_SOMAJIGUDA,2025-09-10,10-10-2025 00:00,46.81,168.28,37.57,3.05,0.59,13.52
AHEMEDABAD_SOMAJIGUDA,2025-09-11,10-11-2025 00:00,71.86,159.37,28.86,6.35,1.15,14.08
AHEMEDABAD_SOMAJIGUDA,2025-09-12,10-12-2025 00:00,33.01,120.49,51.36,5.9,0.72,17.68
AHEMEDABAD_SOMAJIGUDA,2025-10-01,11-01-2025 00:00,45.45,84.38,30.58,7.79,0.39,26.58
AHEMEDABAD_SOMAJIGUDA,2025-10-02,11-02-2025 00:00,68.96,128.51,45.16,6.4,0.97,42.8
AHEMEDABAD_SOMAJIGUDA,2025-10-03,11-03-2025 00:00,41.36,100.73,31.81,9.51,0.97,28.77
AHEMEDABAD_SOMAJIGUDA,2025-10-04,11-04-2025 00:00,25.86,76.32,13.78,5.96,0.41,34.19
AHEMEDABAD_SOMAJIGUDA,2025-10-05,11-05-2025 00:00,36.31,79.55,16.07,2.2,0.67,24.58
AHEMEDABAD_SOMAJIGUDA,2025-10-06,11-06-2025 00:00,41.44,113.77,3.94,5.01,0.27,23.95
AHEMEDABAD_SOMAJIGUDA,2025-10-07,11-07-2025 00:00,18.13,29.03,6.77,3.67,0.54,15.19
AHEMEDABAD_SOMAJIGUDA,2025-10-08,11-08-2025 00:00,9.54,43.85,17.37,11.11,0.56,22.89
AHEMEDABAD_SOMAJIGUDA,2025-10-09,11-09-2025 00:00,17.72,54.21,16.72,8.52,1.04,12.1
AHEMEDABAD_SOMAJIGUDA,2025-10-10,11-10-2025 00:00,59.28,193.1,44.32,3.17,1.26,15.55
AHEMEDABAD_SOMAJIGUDA,2025-10-11,11-11-2025 00:00,65.07,90.43,34.21,6.65,1.39,13.97
AHEMEDABAD_SOMAJIGUDA,2025-10-12,11-12-2025 00:00,29.22,100.28,53.42,5.31,0.61,14.03
AHEMEDABAD_SOMAJIGUDA,2025-11-01,12-01-2025 00:00,50.22,116.935,44.315,6.035,0.8300000000000001,18.275
AHEMEDABAD_SOMAJIGUDA,2025-11-02,12-02-2025 00:00,71.22,133.59,35.21,6.76,1.05,22.52
AHEMEDABAD_SOMAJIGUDA,2025-11-03,12-03-2025 00:00,69.26,102.45,28.96,12.18,0.92,42.78
AHEMEDABAD_SOMAJIGUDA,2025-11-04,12-04-2025 00:00,25.92,72.64,13.31,14.08,0.795,11.32
AHEMEDABAD_SOMAJIGUDA,2025-11-05,12-05-2025 00:00,34.77,97.0,11.84,2.26,0.67,22.41
AHEMEDABAD_SOMAJIGUDA,2025-11-06,12-06-2025 00:00,46.55,94.58,2.85,1.83,0.19,25.61
AHEMEDABAD_SOMAJIGUDA,2025-11-07,12-07-2025 00:00,16.32,27.66,12.1,3.47,0.54,19.23
AHEMEDABAD_SOMAJIGUDA,2025-11-08,12-08-2025 00:00,7.35,37.74,20.18,11.68,0.55,20.12
AHEMEDABAD_SOMAJIGUDA,2025-11-09,12-09-2025 00:00,15.95,56.17,17.67,9.88,0.94,8.68
AHEMEDABAD_SOMAJIGUDA,2025-11-10,12-10-2025 00:00,54.19,169.62,49.4,13.05,1.33,17.34
AHEMEDABAD_SOMAJIGUDA,2025-11-11,12-11-2025 00:00,62.29,224.11,35.17,6.68,1.17,15.39
AHEMEDABAD_SOMAJIGUDA,2025-11-12,12-12-2025 00:00,37.55,64.5,60.17,5.78,0.74,14.02
AHEMEDABAD_SOMAJIGUDA,2025-12-01,13-01-2025 00:00,54.44,98.95,39.88,6.135,0.65,16.79
AHEMEDABAD_SOMAJIGUDA,2025-12-02,13-02-2025 00:00,71.33,133.4,19.59,6.49,0.56,19.56
AHEMEDABAD_SOMAJIGUDA,2025-12-03,13-03-2025 00:00,87.04,132.68,34.55,7.71,1.0,26.81
AHEMEDABAD_SOMAJIGUDA,2025-12-04,13-04-2025 00:00,63.03,113.93,23.985,4.895,0.69,23.42
AHEMEDABAD_SOMAJIGUDA,2025-12-05,13-05-2025 00:00,39.02,95.18,13.42,2.08,0.38,20.03
AHEMEDABAD_SOMAJIGUDA,2025-12-06,13-06-2025 00:00,47.73,117.63,4.37,2.61,0.35,29.73
AHEMEDABAD_SOMAJIGUDA,2025-12-07,13-07-2025 00:00,13.19,18.71,12.04,1.91,0.54,17.49
AHEMEDABAD_SOMAJIGUDA,2025-12-08,13-08-2025 00:00,8.86,31.54,19.04,7.51,0.49,20.49
AHEMEDABAD_SOMAJIGUDA,2025-12-09,13-09-2025 00:00,15.46,54.77,14.1,7.92,1.14,9.88
AHEMEDABAD_SOMAJIGUDA,2025-12-10,13-10-2025 00:00,47.26,145.62,48.95,6.17,1.28,17.59
AHEMEDABAD_SOMAJIGUDA,2025-12-11,13-11-2025 00:00,63.0,270.8,37.93,7.15,1.01,14.91
AHEMEDABAD_SOMAJIGUDA,2025-12-12,13-12-2025 00:00,51.42,138.29,58.68,5.92,0.82,14.95
AHEMEDABAD_SOMAJIGUDA,2026-01-01,02-01-2026 00:00,48.24,117.15,63.06,6.29,1.23,13.57
AHEMEDABAD_SOMAJIGUDA,2026-01-02,02-02-2026 00:00,96.38,219.3,46.1,4.72,1.05,24.5
AHEMEDABAD_SOMAJIGUDA,2026-02-01,03-01-2026 00:00,31.06,102.44,40.72,4.24,0.93,26.41
AHEMEDABAD_SOMAJIGUDA,2026-02-02,03-02-2026 00:00,50.41,131.23,28.0,6.21,0.33,33.65
AHEMEDABAD_SOMAJIGUDA,2026-03-01,04-01-2026 00:00,44.89,123.38,31.82,3.04,0.77,22.09
AHEMEDABAD_SOMAJIGUDA,2026-03-02,04-02-2026 00:00,47.27,126.81,29.87,5.24,0.29,33.03
AHEMEDABAD_SOMAJIGUDA,2026-04-01,05-01-2026 00:00,45.51,128.13,30.88,3.04,0.65,27.36
AHEMEDABAD_SOMAJIGUDA,2026-04-02,05-02-2026 00:00,44.01,120.02,21.7,5.22,0.78,48.09
AHEMEDABAD_SOMAJIGUDA,2026-05-01,06-01-2026 00:00,45.43,108.94,22.62,2.58,0.27,34.47
AHEMEDABAD_SOMAJIGUDA,2026-05-02,06-02-2026 00:00,38.56,117.65,35.2,5.68,1.08,39.53
AHEMEDABAD_SOMAJIGUDA,2026-06-01,07-01-2026 00:00,41.86,110.15,31.56,3.76,0.48,33.93
AHEMEDABAD_SOMAJIGUDA,2026-06-02,07-02-2026 00:00,57.41,175.95,53.68,5.02,1.04,30.07
AHEMEDABAD_SOMAJIGUDA,2026-07-01,08-01-2026 00:00,53.72,141.0,35.62,3.81,0.47,30.79
AHEMEDABAD_SOMAJIGUDA,2026-07-02,08-02-2026 00:00,66.44,183.99,51.36,3.6,0.83,27.48
AHEMEDABAD_SOMAJIGUDA,2026-08-01,09-01-2026 00:00,57.6,133.47,26.55,4.96,0.3,35.61
AHEMEDABAD_SOMAJIGUDA,2026-08-02,09-02-2026 00:00,64.18,194.23,54.71,6.88,0.5,30.79
AHEMEDABAD_SOMAJIGUDA,2026-09-01,10-01-2026 00:00,56.96,159.2,37.43,3.73,0.53,30.38
AHEMEDABAD_SOMAJIGUDA,2026-09-02,10-02-2026 00:00,63.52,185.66,71.09,8.89,0.62,33.42
AHEMEDABAD_SOMAJIGUDA,2026-10-01,11-01-2026 00:00,57.99,152.87,31.1,4.72,0.73,32.73
AHEMEDABAD_SOMAJIGUDA,2026-10-02,11-02-2026 00:00,39.42,127.29,35.89,4.46,0.39,27.43
AHEMEDABAD_SOMAJIGUDA,2026-11-01,12-01-2026 00:00,71.44,157.72,33.73,4.21,0.75,35.3
AHEMEDABAD_SOMAJIGUDA,2026-11-02,12-02-2026 00:00,38.79,163.21,55.72,4.86,0.93,22.79
AHEMEDABAD_SOMAJIGUDA,2026-12-01,13-01-2026 00:00,68.64,148.56,33.31,5.49,0.48,38.65
AHEMEDABAD_SOMAJIGUDA,2026-12-02,13-02-2026 00:00,54.19,159.29,50.94,7.63,0.72,32.25
AHEMEDABAD_SOMAJIGUDA,,14-01-2025 00:00,35.83,65.52,28.26,4.62,0.44,43.95
AHEMEDABAD_SOMAJIGUDA,,15-01-2025 00:00,39.19,72.24,19.95,3.39,0.38,41.55
AHEMEDABAD_SOMAJIGUDA,,16-01-2025 00:00,38.98,72.69,20.07,4.31,0.32,39.15
AHEMEDABAD_SOMAJIGUDA,,17-01-2025 00:00,52.88,98.49,27.96,4.75,0.33,27.49
AHEMEDABAD_SOMAJIGUDA,,18-01-2025 00:00,65.73,121.86,24.11,3.27,0.37,30.37
AHEMEDABAD_SOMAJIGUDA,,19-01-2025 00:00,53.64,95.86,30.58,5.22,0.61,24.53
AHEMEDABAD_SOMAJIGUDA,,20-01-2025 00:00,80.57,150.99,38.96,7.61,0.71,22.95
AHEMEDABAD_SOMAJIGUDA,,21-01-2025 00:00,64.48,121.12,38.51,7.96,0.66,20.91
AHEMEDABAD_SOMAJIGUDA,,22-01-2025 00:00,77.58,145.74,32.58,7.73,0.58,20.31
AHEMEDABAD_SOMAJIGUDA,,23-01-2025 00:00,57.13,106.95,28.83,8.16,0.49,15.16
AHEMEDABAD_SOMAJIGUDA,,24-01-2025 00:00,53.1,99.67,18.74,8.03,0.27,9.48
AHEMEDABAD_SOMAJIGUDA,,25-01-2025 00:00,48.6,88.26,16.02,4.56,0.34,23.68
AHEMEDABAD_SOMAJIGUDA,,26-01-2025 00:00,40.9,76.3,20.91,4.17,0.57,22.17
AHEMEDABAD_SOMAJIGUDA,,27-01-2025 00:00,56.93,104.93,20.71,5.05,0.69,23.93
AHEMEDABAD_SOMAJIGUDA,,28-01-2025 00:00,49.28,90.59,30.67,5.59,0.77,20.06
AHEMEDABAD_SOMAJIGUDA,,29-01-2025 00:00,54.7,100.19,35.57,6.48,0.84,19.94
AHEMEDABAD_SOMAJIGUDA,,30-01-2025 00:00,127.13,194.91,54.08,11.12,1.24,22.05
AHEMEDABAD_SOMAJIGUDA,,31-01-2025 00:00,47.39,94.92,38.07,8.54,0.79,15.75
AHEMEDABAD_SOMAJIGUDA,,01-02-2025 00:00,68.32,137.0,37.32,10.87,0.65,17.92
AHEMEDABAD_SOMAJIGUDA,,14-02-2025 00:00,160.52499999999998,181.685,23.13,9.5,0.88,27.26
AHEMEDABAD_SOMAJIGUDA,,15-02-2025 00:00,252.73,226.37,35.98,10.53,1.49,27.28
AHEMEDABAD_SOMAJIGUDA,,16-02-2025 00:00,53.62,123.51,33.51,21.19,1.62,20.21
AHEMEDABAD_SOMAJIGUDA,,17-02-2025 00:00,59.33,116.26,24.4,14.46,0.97,17.3
AHEMEDABAD_SOMAJIGUDA,,18-02-2025 00:00,65.04,109.01,21.96,12.44,0.66,20.45
AHEMEDABAD_SOMAJIGUDA,,19-02-2025 00:00,60.78,97.5,24.25,9.86,0.77,19.7
AHEMEDABAD_SOMAJIGUDA,,20-02-2025 00:00,45.44,72.89,21.54,15.27,0.62,27.1
AHEMEDABAD_SOMAJIGUDA,,21-02-2025 00:00,49.13,74.42,18.79,16.71,0.57,20.27
AHEMEDABAD_SOMAJIGUDA,,22-02-2025 00:00,149.52,225.06,25.37,17.82,0.87,21.43
AHEMEDABAD_SOMAJIGUDA,,23-02-2025 00:00,86.63,132.22,29.3,13.02,0.83,23.58
AHEMEDABAD_SOMAJIGUDA,,24-02-2025 00:00,33.51,51.29,29.39,14.88,0.83,24.71
AHEMEDABAD_SOMAJIGUDA,,25-02-2025 00:00,60.62,95.95,23.42,10.75,0.64,24.25
AHEMEDABAD_SOMAJIGUDA,,26-02-2025 00:00,73.36,120.26,18.83,10.51,0.3,29.4
AHEMEDABAD_SOMAJIGUDA,,27-02-2025 00:00,83.79,137.36,22.74,9.28,0.48,32.54
AHEMEDABAD_SOMAJIGUDA,,28-02-2025 00:00,72.93,119.57,34.4,12.4,0.75,30.9
AHEMEDABAD_SOMAJIGUDA,,01-03-2025 00:00,104.24,170.87,26.36,12.24,0.5,20.48
AHEMEDABAD_SOMAJIGUDA,,14-03-2025 00:00,42.7,94.75,21.01,9.92,0.5,25.1
AHEMEDABAD_SOMAJIGUDA,,15-03-2025 00:00,27.11,68.46,15.3,9.06,0.48,25.84
AHEMEDABAD_SOMAJIGUDA,,16-03-2025 00:00,35.64,66.13,16.06,5.88,0.53,23.95
AHEMEDABAD_SOMAJIGUDA,,17-03-2025 00:00,49.98,73.0,12.7,4.74,0.49,34.29
AHEMEDABAD_SOMAJIGUDA,,18-03-2025 00:00,58.58,83.06,18.67,3.25,0.54,34.93
AHEMEDABAD_SOMAJIGUDA,,19-03-2025 00:00,61.61,94.87,27.0,3.05,0.67,32.0
AHEMEDABAD_SOMAJIGUDA,,20-03-2025 00:00,75.86,120.55,25.24,4.6,0.58,39.82
AHEMEDABAD_SOMAJIGUDA,,21-03-2025 00:00,39.75,93.47,18.1,4.97,0.35,23.8
AHEMEDABAD_SOMAJIGUDA,,22-03-2025 00:00,37.88,86.69,20.55,3.52,0.47,28.4
AHEMEDABAD_SOMAJIGUDA,,23-03-2025 00:00,68.06,149.55,31.51,7.58,0.75,36.95
AHEMEDABAD_SOMAJIGUDA,,24-03-2025 00:00,96.75,177.36,34.03,8.36,0.76,35.12
AHEMEDABAD_SOMAJIGUDA,,25-03-2025 00:00,109.43,170.34,38.03,7.25,0.92,39.63
AHEMEDABAD_SOMAJIGUDA,,26-03-2025 00:00,94.13,162.05,37.81,8.0,1.32,37.08
AHEMEDABAD_SOMAJIGUDA,,27-03-2025 00:00,64.91,126.08,22.66,11.07,1.01,29.75
AHEMEDABAD_SOMAJIGUDA,,28-03-2025 00:00,55.82,113.54,16.57,3.27,0.42,21.96
AHEMEDABAD_SOMAJIGUDA,,29-03-2025 00:00,68.6,114.84,14.68,2.56,0.32,36.79
AHEMEDABAD_SOMAJIGUDA,,30-03-2025 00:00,78.53,118.78,20.58,3.75,0.55,39.84
AHEMEDABAD_SOMAJIGUDA,,31-03-2025 00:00,58.5,117.82,23.19,3.34,0.57,42.04
AHEMEDABAD_SOMAJIGUDA,,01-04-2025 00:00,51.21,108.63,14.64,3.7,0.48,46.02
AHEMEDABAD_SOMAJIGUDA,,14-04-2025 00:00,41.513333333333335,93.06666666666666,14.623333333333333,5.086666666666667,0.4433333333333333,38.983333333333334
AHEMEDABAD_SOMAJIGUDA,,15-04-2025 00:00,31.816666666666666,77.50333333333333,14.606666666666667,6.473333333333334,0.4066666666666667,31.946666666666665
AHEMEDABAD_SOMAJIGUDA,,16-04-2025 00:00,22.12,61.94,14.59,7.86,0.37,24.91
AHEMEDABAD_SOMAJIGUDA,,17-04-2025 00:00,25.37,69.97,12.57,3.08,1.11,24.33
AHEMEDABAD_SOMAJIGUDA,,18-04-2025 00:00,26.25,68.91,14.09,3.69,0.85,19.26
AHEMEDABAD_SOMAJIGUDA,,19-04-2025 00:00,48.04,78.78,15.04,10.04,0.45,17.0
AHEMEDABAD_SOMAJIGUDA,,20-04-2025 00:00,68.11,119.45,16.09,12.63,0.72,22.27
AHEMEDABAD_SOMAJIGUDA,,21-04-2025 00:00,39.88,112.12,15.42,9.29,0.78,20.95
AHEMEDABAD_SOMAJIGUDA,,22-04-2025 00:00,38.05,108.32,17.31,5.36,0.77,25.59
AHEMEDABAD_SOMAJIGUDA,,23-04-2025 00:00,27.51,102.89,17.92,2.25,0.57,36.45
AHEMEDABAD_SOMAJIGUDA,,24-04-2025 00:00,44.86,107.13,22.37,3.96,0.62,30.58
AHEMEDABAD_SOMAJIGUDA,,25-04-2025 00:00,49.13,121.88,18.03,9.85,0.45,26.36
AHEMEDABAD_SOMAJIGUDA,,26-04-2025 00:00,35.36,122.14,12.16,13.13,0.35,32.79
AHEMEDABAD_SOMAJIGUDA,,27-04-2025 00:00,38.11,125.61,12.95,4.15,0.52,26.62
AHEMEDABAD_SOMAJIGUDA,,28-04-2025 00:00,40.21,136.58,16.13,8.41,0.59,23.12
AHEMEDABAD_SOMAJIGUDA,,29-04-2025 00:00,44.02,142.0,14.41,10.84,0.56,26.81
AHEMEDABAD_SOMAJIGUDA,,30-04-2025 00:00,70.16,144.74,13.32,10.86,0.58,21.27
AHEMEDABAD_SOMAJIGUDA,,01-05-2025 00:00,61.1,152.14,14.18,8.28,0.64,21.17
AHEMEDABAD_SOMAJIGUDA,,14-05-2025 00:00,45.79,101.66,15.49,1.17,0.17,17.33
AHEMEDABAD_SOMAJIGUDA,,15-05-2025 00:00,46.04,107.0,15.68,1.54,0.28,18.37
AHEMEDABAD_SOMAJIGUDA,,16-05-2025 00:00,45.1,96.43,21.12,2.57,0.35,15.92
AHEMEDABAD_SOMAJIGUDA,,17-05-2025 00:00,41.56,80.11,18.8,2.15,0.26,14.19
AHEMEDABAD_SOMAJIGUDA,,18-05-2025 00:00,27.65,66.27,19.06,2.29,0.23,12.48
AHEMEDABAD_SOMAJIGUDA,,19-05-2025 00:00,26.58,56.74,22.99,2.52,0.16,13.67
AHEMEDABAD_SOMAJIGUDA,,20-05-2025 00:00,24.18,58.44,22.74,2.06,0.18,14.52
AHEMEDABAD_SOMAJIGUDA,,21-05-2025 00:00,36.88,103.13,22.43125,4.77,0.28,21.89
AHEMEDABAD_SOMAJIGUDA,,22-05-2025 00:00,27.53,89.04,22.1225,5.22,0.28,28.05
AHEMEDABAD_SOMAJIGUDA,,23-05-2025 00:00,31.08,84.58,21.81375,6.03,0.34,31.0
AHEMEDABAD_SOMAJIGUDA,,24-05-2025 00:00,36.74,107.01,21.505,5.57,0.32,27.46
AHEMEDABAD_SOMAJIGUDA,,25-05-2025 00:00,66.88,101.14,21.19625,1.48,0.21,27.2
AHEMEDABAD_SOMAJIGUDA,,26-05-2025 00:00,73.24,124.24,20.8875,0.74,0.34,19.22
AHEMEDABAD_SOMAJIGUDA,,27-05-2025 00:00,63.25,124.06,20.57875,1.5,0.37,17.61
AHEMEDABAD_SOMAJIGUDA,,28-05-2025 00:00,49.92,161.68,20.27,0.85,0.48,19.97
AHEMEDABAD_SOMAJIGUDA,,29-05-2025 00:00,23.87,91.97,9.88,1.09,0.37,28.27
AHEMEDABAD_SOMAJIGUDA,,30-05-2025 00:00,10.04,63.11,7.0,1.5,0.4,69.05
AHEMEDABAD_SOMAJIGUDA,,31-05-2025 00:00,23.01,93.88,8.87,1.81,0.49,25.24
AHEMEDABAD_SOMAJIGUDA,,01-06-2025 00:00,21.62,89.5,7.31,3.39,0.2,29.06
AHEMEDABAD_SOMAJIGUDA,,14-06-2025 00:00,53.35,138.6,6.81,3.96,0.49,26.46
AHEMEDABAD_SOMAJIGUDA,,15-06-2025 00:00,60.03,161.49,6.16,4.06,0.99,39.95
AHEMEDABAD_SOMAJIGUDA,,16-06-2025 00:00,18.09,51.99,5.99,4.09,1.57,64.45
AHEMEDABAD_SOMAJIGUDA,,17-06-2025 00:00,18.46,60.85,6.11,3.9,0.6,46.66
AHEMEDABAD_SOMAJIGUDA,,18-06-2025 00:00,9.03,25.77,6.18,3.52,0.55,21.41
AHEMEDABAD_SOMAJIGUDA,,19-06-2025 00:00,36.76,91.99,7.94,3.14,0.47,11.53
AHEMEDABAD_SOMAJIGUDA,,20-06-2025 00:00,32.37,75.27,7.98,3.1,0.56,13.56
AHEMEDABAD_SOMAJIGUDA,,21-06-2025 00:00,57.1,107.39,10.09,3.26,0.66,5.9
AHEMEDABAD_SOMAJIGUDA,,22-06-2025 00:00,41.65,87.47,8.0,3.81,0.69,7.29
AHEMEDABAD_SOMAJIGUDA,,23-06-2025 00:00,22.45,90.83,8.0,3.62,0.63,9.18
AHEMEDABAD_SOMAJIGUDA,,24-06-2025 00:00,16.79,76.88,11.77,3.01,0.52,8.45
AHEMEDABAD_SOMAJIGUDA,,25-06-2025 00:00,21.39,81.01,11.4,2.46,0.43,5.08
AHEMEDABAD_SOMAJIGUDA,,26-06-2025 00:00,19.21,67.85,10.88,2.49,0.57,7.94
AHEMEDABAD_SOMAJIGUDA,,27-06-2025 00:00,25.67,73.74,11.71,2.2,0.96,8.14
AHEMEDABAD_SOMAJIGUDA,,28-06-2025 00:00,15.88,53.52,11.01,1.41,1.29,12.53
AHEMEDABAD_SOMAJIGUDA,,29-06-2025 00:00,15.26,52.86,10.84,2.43,0.86,18.17
AHEMEDABAD_SOMAJIGUDA,,30-06-2025 00:00,12.95,44.24,11.64,2.1,0.39,10.69
AHEMEDABAD_SOMAJIGUDA,,01-07-2025 00:00,15.61,62.08,11.17,1.8,0.43,9.46
AHEMEDABAD_SOMAJIGUDA,,14-07-2025 00:00,16.25,24.82,11.94,0.47,0.6,7.39
AHEMEDABAD_SOMAJIGUDA,,15-07-2025 00:00,14.09,29.15,13.3,0.58,0.48,4.3
AHEMEDABAD_SOMAJIGUDA,,16-07-2025 00:00,18.0,29.91,3.29,2.13,0.75,10.33
AHEMEDABAD_SOMAJIGUDA,,17-07-2025 00:00,18.47,73.13,9.61,3.36,0.79,16.98
AHEMEDABAD_SOMAJIGUDA,,18-07-2025 00:00,16.54,142.03,15.45,9.27,0.83,19.85
AHEMEDABAD_SOMAJIGUDA,,19-07-2025 00:00,19.47,61.57,15.56,13.66,0.67,17.78
AHEMEDABAD_SOMAJIGUDA,,20-07-2025 00:00,16.04,39.92,13.28,5.45,0.9,9.82
AHEMEDABAD_SOMAJIGUDA,,21-07-2025 00:00,15.73,36.93,12.44,5.51,0.53,16.68
AHEMEDABAD_SOMAJIGUDA,,22-07-2025 00:00,14.73,36.02,11.0,8.47,0.89,9.14
AHEMEDABAD_SOMAJIGUDA,,23-07-2025 00:00,20.58,46.65,10.32,5.56,0.7,14.83
AHEMEDABAD_SOMAJIGUDA,,24-07-2025 00:00,11.77,42.48,11.05,5.2,0.83,17.13
AHEMEDABAD_SOMAJIGUDA,,25-07-2025 00:00,13.2,44.46,10.02,11.89,0.6,18.79
AHEMEDABAD_SOMAJIGUDA,,26-07-2025 00:00,13.03,41.72,10.71,12.56,0.69,18.83
AHEMEDABAD_SOMAJIGUDA,,27-07-2025 00:00,15.24,50.5,10.34,15.04,0.64,12.6
AHEMEDABAD_SOMAJIGUDA,,28-07-2025 00:00,13.3,29.11,9.32,6.68,0.76,10.69
AHEMEDABAD_SOMAJIGUDA,,29-07-2025 00:00,13.04,29.12,11.09,6.15,0.89,8.95
AHEMEDABAD_SOMAJIGUDA,,30-07-2025 00:00,18.47,44.0,11.5,7.12,0.83,11.06
AHEMEDABAD_SOMAJIGUDA,,31-07-2025 00:00,19.45,56.43,11.25,12.12,0.49,14.45
AHEMEDABAD_SOMAJIGUDA,,01-08-2025 00:00,20.72,64.63,11.88,12.2,0.47,15.43
AHEMEDABAD_SOMAJIGUDA,,14-08-2025 00:00,10.92,32.81,25.82,9.38,0.16,20.69
AHEMEDABAD_SOMAJIGUDA,,15-08-2025 00:00,16.02,43.14,24.51,16.33,0.31,21.82
AHEMEDABAD_SOMAJIGUDA,,16-08-2025 00:00,17.94,43.75,24.31,15.83,0.44,22.44
AHEMEDABAD_SOMAJIGUDA,,17-08-2025 00:00,15.51,27.76,23.84,15.74,0.45,14.96
AHEMEDABAD_SOMAJIGUDA,,18-08-2025 00:00,11.15,24.52,18.41,7.97,0.37,21.53
AHEMEDABAD_SOMAJIGUDA,,19-08-2025 00:00,13.43,28.0,23.01,8.34,0.36,19.05
AHEMEDABAD_SOMAJIGUDA,,20-08-2025 00:00,13.35,32.99,32.59,7.42,0.43,15.42
AHEMEDABAD_SOMAJIGUDA,,21-08-2025 00:00,8.5,23.17,32.23,7.91,0.44,13.18
AHEMEDABAD_SOMAJIGUDA,,22-08-2025 00:00,6.55,21.25,38.69,18.12,0.33,11.35
AHEMEDABAD_SOMAJIGUDA,,23-08-2025 00:00,7.61,19.16,35.95,11.16,0.19,10.09
AHEMEDABAD_SOMAJIGUDA,,24-08-2025 00:00,3.85,18.5,32.77,7.84,0.23,12.38
AHEMEDABAD_SOMAJIGUDA,,25-08-2025 00:00,3.52,14.36,30.37,8.4,0.26,11.31
AHEMEDABAD_SOMAJIGUDA,,26-08-2025 00:00,5.7,23.24,35.36,9.56,0.26,11.73
AHEMEDABAD_SOMAJIGUDA,,27-08-2025 00:00,8.84,38.58,32.64,8.04,0.25,13.79
AHEMEDABAD_SOMAJIGUDA,,28-08-2025 00:00,11.71,47.67,30.59,3.37,0.35,13.69
AHEMEDABAD_SOMAJIGUDA,,29-08-2025 00:00,12.88,52.96,30.82,4.44,0.54,12.15
AHEMEDABAD_SOMAJIGUDA,,30-08-2025 00:00,17.11,44.43,48.09,4.79,0.81,8.19
AHEMEDABAD_SOMAJIGUDA,,31-08-2025 00:00,21.27,57.31,27.03,8.22,0.49,10.64
AHEMEDABAD_SOMAJIGUDA,,01-09-2025 00:00,15.57,39.55,14.7,5.94,0.06,12.59
AHEMEDABAD_SOMAJIGUDA,,14-09-2025 00:00,21.26,64.68,12.97,8.21,1.01,10.78
AHEMEDABAD_SOMAJIGUDA,,15-09-2025 00:00,18.34,56.31,11.87,5.67,0.68,11.45
AHEMEDABAD_SOMAJIGUDA,,16-09-2025 00:00,11.78,44.63,10.94,3.61,0.64,10.03
AHEMEDABAD_SOMAJIGUDA,,17-09-2025 00:00,11.52,45.12,16.32,8.31,0.62,11.33
AHEMEDABAD_SOMAJIGUDA,,18-09-2025 00:00,10.94,44.63,15.24,5.68,0.7,11.89
AHEMEDABAD_SOMAJIGUDA,,19-09-2025 00:00,19.11,56.27,20.46,6.74,0.74,11.9
AHEMEDABAD_SOMAJIGUDA,,20-09-2025 00:00,26.55,65.17,22.16,12.14,0.72,14.62
AHEMEDABAD_SOMAJIGUDA,,21-09-2025 00:00,19.33,45.64,20.1,6.4,0.8,11.08
AHEMEDABAD_SOMAJIGUDA,,22-09-2025 00:00,22.83,52.35,15.37,3.06,0.69,9.03
AHEMEDABAD_SOMAJIGUDA,,23-09-2025 00:00,12.73,54.93,13.64,2.38,0.43,10.31
AHEMEDABAD_SOMAJIGUDA,,24-09-2025 00:00,10.81,50.66,14.91,4.2,0.37,11.98
AHEMEDABAD_SOMAJIGUDA,,25-09-2025 00:00,10.28,43.94,15.43,7.11,0.38,16.27
AHEMEDABAD_SOMAJIGUDA,,26-09-2025 00:00,15.1,55.03,27.01,11.62,0.49,19.3
AHEMEDABAD_SOMAJIGUDA,,27-09-2025 00:00,16.65,58.24,19.57,3.85,0.4,17.62
AHEMEDABAD_SOMAJIGUDA,,28-09-2025 00:00,15.88,60.72,16.65,2.87,0.3,23.49
AHEMEDABAD_SOMAJIGUDA,,29-09-2025 00:00,19.03,53.87,18.62,2.57,0.4,17.59
AHEMEDABAD_SOMAJIGUDA,,30-09-2025 00:00,7.58,19.42,13.37,2.42,0.39,15.76
AHEMEDABAD_SOMAJIGUDA,,01-10-2025 00:00,10.39,23.86,14.0,3.56,0.29,17.71
AHEMEDABAD_SOMAJIGUDA,,14-10-2025 00:00,36.93,122.99,51.21,8.11,1.24,19.28
AHEMEDABAD_SOMAJIGUDA,,15-10-2025 00:00,36.95,117.99,56.62,8.44,1.12,18.96
AHEMEDABAD_SOMAJIGUDA,,16-10-2025 00:00,35.94,141.05,56.64,8.29,1.05,22.36
AHEMEDABAD_SOMAJIGUDA,,17-10-2025 00:00,42.59,121.51,56.38,6.99,1.32,9.4
AHEMEDABAD_SOMAJIGUDA,,18-10-2025 00:00,46.28,87.81,54.66,7.83,1.25,16.38
AHEMEDABAD_SOMAJIGUDA,,19-10-2025 00:00,47.75,93.18,52.06,7.74,1.26,16.12
AHEMEDABAD_SOMAJIGUDA,,20-10-2025 00:00,29.19,70.69,49.36,8.41,1.05,19.26
AHEMEDABAD_SOMAJIGUDA,,21-10-2025 00:00,43.07,122.43,50.8,10.44,1.17,17.78
AHEMEDABAD_SOMAJIGUDA,,22-10-2025 00:00,81.52,169.64,43.37,12.47,0.92,27.51
AHEMEDABAD_SOMAJIGUDA,,23-10-2025 00:00,56.47,137.02,35.27,8.13,0.64,37.31
AHEMEDABAD_SOMAJIGUDA,,24-10-2025 00:00,43.75,118.4,39.94,8.11,0.62,44.14
AHEMEDABAD_SOMAJIGUDA,,25-10-2025 00:00,41.38,118.14,40.75,8.09,0.62,40.69
AHEMEDABAD_SOMAJIGUDA,,26-10-2025 00:00,42.59,116.34,45.9,8.66,0.65,40.32
AHEMEDABAD_SOMAJIGUDA,,27-10-2025 00:00,20.15,69.52,38.43,6.86,0.52,18.83
AHEMEDABAD_SOMAJIGUDA,,28-10-2025 00:00,10.22,32.61,37.05,6.58,0.63,8.33
AHEMEDABAD_SOMAJIGUDA,,29-10-2025 00:00,1.72,18.35,35.85,6.61,0.52,19.98
AHEMEDABAD_SOMAJIGUDA,,30-10-2025 00:00,21.86,68.09,38.08,6.06,0.53,26.95
AHEMEDABAD_SOMAJIGUDA,,31-10-2025 00:00,25.15,63.21,41.01,4.97,0.57,15.71
AHEMEDABAD_SOMAJIGUDA,,01-11-2025 00:00,9.38,29.1,37.0,3.96,0.52,11.45
AHEMEDABAD_SOMAJIGUDA,,14-11-2025 00:00,60.59,272.71,39.67,6.37,0.93,15.83
AHEMEDABAD_SOMAJIGUDA,,15-11-2025 00:00,56.48,236.87,37.4,6.33,0.76,20.46
AHEMEDABAD_SOMAJIGUDA,,16-11-2025 00:00,45.48,185.56,36.24,7.53,0.72,24.05
AHEMEDABAD_SOMAJIGUDA,,17-11-2025 00:00,43.15,174.83,33.04,7.06,0.67,31.94
AHEMEDABAD_SOMAJIGUDA,,18-11-2025 00:00,44.61,197.76,35.7,6.8,0.71,31.13
AHEMEDABAD_SOMAJIGUDA,,19-11-2025 00:00,68.39,215.74,37.77,7.5,1.24,29.05
AHEMEDABAD_SOMAJIGUDA,,20-11-2025 00:00,74.5,238.33,40.67,7.68,1.15,29.48
AHEMEDABAD_SOMAJIGUDA,,21-11-2025 00:00,74.71,208.19,36.82,7.4,0.93,39.2
AHEMEDABAD_SOMAJIGUDA,,22-11-2025 00:00,85.91,232.48,42.79,9.76,0.96,34.74
AHEMEDABAD_SOMAJIGUDA,,23-11-2025 00:00,87.1,254.3,44.15,8.3,1.12,24.33
AHEMEDABAD_SOMAJIGUDA,,24-11-2025 00:00,86.21,255.36,44.13,8.29,0.98,20.53
AHEMEDABAD_SOMAJIGUDA,,25-11-2025 00:00,82.81,253.59,46.69,8.56,0.74,14.33
AHEMEDABAD_SOMAJIGUDA,,26-11-2025 00:00,82.21,207.55,38.64,9.72,0.51,38.32
AHEMEDABAD_SOMAJIGUDA,,27-11-2025 00:00,75.42,191.83,37.32,9.97,0.64,36.81
AHEMEDABAD_SOMAJIGUDA,,28-11-2025 00:00,82.81,210.45,36.59,10.63,0.83,28.96
AHEMEDABAD_SOMAJIGUDA,,29-11-2025 00:00,90.19,215.74,46.65,10.66,0.5,25.16
AHEMEDABAD_SOMAJIGUDA,,30-11-2025 00:00,77.86,200.11,39.92,8.78,0.48,23.51
AHEMEDABAD_SOMAJIGUDA,,01-12-2025 00:00,56.68,159.53,45.92,8.31,0.33,19.08
AHEMEDABAD_SOMAJIGUDA,,14-12-2025 00:00,37.72,147.85,87.79,5.41,0.64,15.74
AHEMEDABAD_SOMAJIGUDA,,15-12-2025 00:00,36.85,135.21,95.65,5.92,0.65,17.36
AHEMEDABAD_SOMAJIGUDA,,16-12-2025 00:00,31.94,127.92,84.81,6.7,0.53,19.97
AHEMEDABAD_SOMAJIGUDA,,17-12-2025 00:00,38.73,129.1,63.7,6.15,0.47,32.15
AHEMEDABAD_SOMAJIGUDA,,18-12-2025 00:00,39.3,128.02,72.93,7.29,0.46,29.88
AHEMEDABAD_SOMAJIGUDA,,19-12-2025 00:00,37.69,127.31,86.84,6.98,0.36,20.43
AHEMEDABAD_SOMAJIGUDA,,20-12-2025 00:00,36.99,121.3,99.96,6.87,0.74,16.95
AHEMEDABAD_SOMAJIGUDA,,21-12-2025 00:00,49.69,155.6,121.4,6.44,0.7,12.2
AHEMEDABAD_SOMAJIGUDA,,22-12-2025 00:00,42.33,146.16,99.25,6.89,0.62,16.6
AHEMEDABAD_SOMAJIGUDA,,23-12-2025 00:00,36.05,142.26,88.31,6.21,1.21,19.64
AHEMEDABAD_SOMAJIGUDA,,24-12-2025 00:00,36.64,125.57,96.01,5.96,1.31,13.63
AHEMEDABAD_SOMAJIGUDA,,25-12-2025 00:00,34.96,127.57,94.49,6.16,0.86,14.66
AHEMEDABAD_SOMAJIGUDA,,26-12-2025 00:00,42.4,121.51,79.66,5.92,1.08,19.7
AHEMEDABAD_SOMAJIGUDA,,27-12-2025 00:00,41.07,115.97,76.48,5.64,1.69,24.97
AHEMEDABAD_SOMAJIGUDA,,28-12-2025 00:00,38.27,112.39,77.37,7.03,1.25,26.54
AHEMEDABAD_SOMAJIGUDA,,29-12-2025 00:00,43.01,123.17,77.96,6.83,1.15,26.1
AHEMEDABAD_SOMAJIGUDA,,30-12-2025 00:00,51.68,138.54,86.84,6.46,1.09,26.22
AHEMEDABAD_SOMAJIGUDA,,31-12-2025 00:00,69.31,165.73,131.9,8.96,1.25,16.61
AHEMEDABAD_SOMAJIGUDA,,01-01-2026 00:00,92.32,187.44,153.14,9.02,1.68,16.18
AHEMEDABAD_SOMAJIGUDA,,14-01-2026 00:00,57.14,147.7,30.31,6.62,0.22,42.81
AHEMEDABAD_SOMAJIGUDA,,15-01-2026 00:00,46.05,114.92,25.15,5.98,0.15,40.26
AHEMEDABAD_SOMAJIGUDA,,16-01-2026 00:00,42.52,115.32,30.61,5.43,0.3,38.71
AHEMEDABAD_SOMAJIGUDA,,17-01-2026 00:00,44.99,117.8,30.7,5.11,0.44,38.14
AHEMEDABAD_SOMAJIGUDA,,18-01-2026 00:00,52.84,146.93,39.09,4.68,0.66,27.05
AHEMEDABAD_SOMAJIGUDA,,19-01-2026 00:00,47.37,174.73,75.77,6.81,0.68,2.54
AHEMEDABAD_SOMAJIGUDA,,20-01-2026 00:00,60.24,184.23,36.29,4.88,0.38,20.23
AHEMEDABAD_SOMAJIGUDA,,21-01-2026 00:00,49.5,146.3,42.9,6.58,1.06,21.64
AHEMEDABAD_SOMAJIGUDA,,22-01-2026 00:00,41.77,136.57,34.6,6.02,0.36,37.03
AHEMEDABAD_SOMAJIGUDA,,23-01-2026 00:00,65.62,166.52,45.72,13.96,0.55,41.99
AHEMEDABAD_SOMAJIGUDA,,24-01-2026 00:00,30.57,107.17,19.82,11.31,0.34,33.64
AHEMEDABAD_SOMAJIGUDA,,25-01-2026 00:00,22.35,108.95,26.51,5.63,0.53,36.58
AHEMEDABAD_SOMAJIGUDA,,26-01-2026 00:00,36.95,131.68,27.47,6.82,0.69,41.47
AHEMEDABAD_SOMAJIGUDA,,27-01-2026 00:00,57.6,147.7,31.07,8.02,0.87,37.39
AHEMEDABAD_SOMAJIGUDA,,28-01-2026 00:00,59.9,159.95,30.77,7.89,0.69,39.63
AHEMEDABAD_SOMAJIGUDA,,29-01-2026 00:00,38.94,131.08,36.43,6.78,0.57,43.13
AHEMEDABAD_SOMAJIGUDA,,30-01-2026 00:00,44.44,126.61,26.06,5.34,0.53,47.43
AHEMEDABAD_SOMAJIGUDA,,31-01-2026 00:00,48.0,122.07,28.99,5.29,0.61,41.24
AHEMEDABAD_SOMAJIGUDA,,01-02-2026 00:00,66.84,163.78,46.76,8.19,1.05,35.66
AHEMEDABAD_SOMAJIGUDA,,14-02-2026 00:00,54.82,174.78,56.69,7.52,0.89,33.26
AHEMEDABAD_SOMAJIGUDA,,15-02-2026 00:00,54.79,168.34,53.05,7.02,0.63,29.94
AHEMEDABAD_SOMAJIGUDA,,16-02-2026 00:00,46.99,161.5,37.15,7.52,0.59,33.58
AHEMEDABAD_SOMAJIGUDA,,17-02-2026 00:00,57.59,200.57,55.29,11.66,0.82,42.66
AHEMEDABAD_SOMAJIGUDA,,17-02-2026 00:00,73.46,278.31,68.42,7.72,0.72,6.34
AHEMEDABAD_SVPT,2025-01-01,02-01-2025 00:00,61.48,125.65,51.23,9.57,0.89,27.28
AHEMEDABAD_SVPT,2025-01-02,02-02-2025 00:00,63.37,114.59,65.15,21.15,1.08,29.87
AHEMEDABAD_SVPT,2025-01-03,02-03-2025 00:00,56.45,99.46,13.42,36.02,0.75,32.46
AHEMEDABAD_SVPT,2025-01-04,02-04-2025 00:00,38.74,79.59,24.09,35.49,0.99,17.26
AHEMEDABAD_SVPT,2025-01-05,02-05-2025 00:00,46.02,82.45,61.76,25.06,0.54,40.78
AHEMEDABAD_SVPT,2025-01-06,02-06-2025 00:00,48.31,95.04,51.96,4.04,0.29,16.55
AHEMEDABAD_SVPT,2025-01-07,02-07-2025 00:00,18.95,46.18,40.22,2.1,0.47,12.39
AHEMEDABAD_SVPT,2025-01-08,02-08-2025 00:00,27.72,59.99,28.48,7.43,0.53,10.0
AHEMEDABAD_SVPT,2025-01-09,02-09-2025 00:00,34.44,72.94800000000001,30.958,7.906,0.66,12.344
AHEMEDABAD_SVPT,2025-01-10,02-10-2025 00:00,41.16,85.906,33.436,8.382,0.79,14.687999999999999
AHEMEDABAD_SVPT,2025-01-11,02-11-2025 00:00,47.88,98.864,35.914,8.858,0.9199999999999999,17.032
AHEMEDABAD_SVPT,2025-01-12,02-12-2025 00:00,54.6,111.822,38.391999999999996,9.334,1.0499999999999998,19.375999999999998
AHEMEDABAD_SVPT,2025-02-01,03-01-2025 00:00,61.32,124.78,40.87,9.81,1.18,21.72
AHEMEDABAD_SVPT,2025-02-02,03-02-2025 00:00,79.12,146.21,61.45,21.58,0.94,29.395
AHEMEDABAD_SVPT,2025-02-03,03-03-2025 00:00,60.29,103.6,21.8,29.02,0.94,37.07
AHEMEDABAD_SVPT,2025-02-04,03-04-2025 00:00,55.05,104.91,35.94,27.74,2.41,33.6
AHEMEDABAD_SVPT,2025-02-05,03-05-2025 00:00,46.34,82.38,65.12,20.39,0.53,34.05
AHEMEDABAD_SVPT,2025-02-06,03-06-2025 00:00,46.54,90.62,53.46,2.98,0.37,17.55
AHEMEDABAD_SVPT,2025-02-07,03-07-2025 00:00,17.15,57.32,41.46,0.77,0.56,12.08
AHEMEDABAD_SVPT,2025-02-08,03-08-2025 00:00,22.08,63.96,32.33,10.7,0.18,15.58
AHEMEDABAD_SVPT,2025-02-09,03-09-2025 00:00,34.69,84.65,31.06,11.728,0.392,19.712
AHEMEDABAD_SVPT,2025-02-10,03-10-2025 00:00,47.3,105.34,29.79,12.756,0.6040000000000001,23.844
AHEMEDABAD_SVPT,2025-02-11,03-11-2025 00:00,59.91,126.03,28.52,13.783999999999999,0.8160000000000001,27.976
AHEMEDABAD_SVPT,2025-02-12,03-12-2025 00:00,72.52,146.72,27.25,14.812,1.028,32.108000000000004
AHEMEDABAD_SVPT,2025-03-01,04-01-2025 00:00,85.13,167.41,25.98,15.84,1.24,36.24
AHEMEDABAD_SVPT,2025-03-02,04-02-2025 00:00,67.38,138.38,71.23,17.31,1.16,34.995000000000005
AHEMEDABAD_SVPT,2025-03-03,04-03-2025 00:00,55.47,96.92,28.88,29.36,0.97,33.75
AHEMEDABAD_SVPT,2025-03-04,04-04-2025 00:00,82.91,156.49,43.69,46.58,2.26,53.41
AHEMEDABAD_SVPT,2025-03-05,04-05-2025 00:00,44.61,81.28,63.07,15.76,0.41,37.74
AHEMEDABAD_SVPT,2025-03-06,04-06-2025 00:00,40.16,79.05,58.91,1.95,0.38,21.82
AHEMEDABAD_SVPT,2025-03-07,04-07-2025 00:00,20.83,50.74,41.19,2.98,0.53,12.3
AHEMEDABAD_SVPT,2025-03-08,04-08-2025 00:00,12.86,41.27,18.89,10.05,0.09,16.79
AHEMEDABAD_SVPT,2025-03-09,04-09-2025 00:00,27.432,66.684,24.408,11.078000000000001,0.256,18.278
AHEMEDABAD_SVPT,2025-03-10,04-10-2025 00:00,42.004,92.098,29.926,12.106,0.42200000000000004,19.766
AHEMEDABAD_SVPT,2025-03-11,04-11-2025 00:00,56.57599999999999,117.512,35.443999999999996,13.134,0.588,21.253999999999998
AHEMEDABAD_SVPT,2025-03-12,04-12-2025 00:00,71.148,142.926,40.961999999999996,14.161999999999999,0.754,22.742
AHEMEDABAD_SVPT,2025-04-01,05-01-2025 00:00,85.72,168.34,46.48,15.19,0.92,24.23
AHEMEDABAD_SVPT,2025-04-02,05-02-2025 00:00,42.41,97.46,43.41,11.42,0.93,31.15
AHEMEDABAD_SVPT,2025-04-03,05-03-2025 00:00,68.02,124.48,7.03,25.44,0.39,38.07
AHEMEDABAD_SVPT,2025-04-04,05-04-2025 00:00,60.93,113.39,32.13,18.14,1.77,61.21
AHEMEDABAD_SVPT,2025-04-05,05-05-2025 00:00,41.25,77.38,67.5,6.5,0.51,48.1
AHEMEDABAD_SVPT,2025-04-06,05-06-2025 00:00,52.29,98.48,63.43,2.52,0.41,28.1
AHEMEDABAD_SVPT,2025-04-07,05-07-2025 00:00,14.32,40.57,21.85,5.64,0.24,14.83
AHEMEDABAD_SVPT,2025-04-08,05-08-2025 00:00,13.96,42.47,15.16,15.09,0.3,17.13
AHEMEDABAD_SVPT,2025-04-09,05-09-2025 00:00,26.614,64.872,20.71,14.454,0.394,19.567999999999998
AHEMEDABAD_SVPT,2025-04-10,05-10-2025 00:00,39.268,87.274,26.259999999999998,13.818,0.488,22.006
AHEMEDABAD_SVPT,2025-04-11,05-11-2025 00:00,51.922000000000004,109.67599999999999,31.81,13.182,0.5820000000000001,24.444
AHEMEDABAD_SVPT,2025-04-12,05-12-2025 00:00,64.576,132.07799999999997,37.36,12.546,0.6759999999999999,26.881999999999998
AHEMEDABAD_SVPT,2025-05-01,06-01-2025 00:00,77.23,154.48,42.91,11.91,0.77,29.32
AHEMEDABAD_SVPT,2025-05-02,06-02-2025 00:00,46.17,103.71,71.22,15.42,1.34,29.855
AHEMEDABAD_SVPT,2025-05-03,06-03-2025 00:00,62.15,116.01,29.11,30.66,0.97,30.39
AHEMEDABAD_SVPT,2025-05-04,06-04-2025 00:00,62.04,113.43,32.29,28.71,1.7,50.36
AHEMEDABAD_SVPT,2025-05-05,06-05-2025 00:00,61.69,78.59,68.47,7.05,0.54,41.35
AHEMEDABAD_SVPT,2025-05-06,06-06-2025 00:00,60.93,117.11,64.65,2.44,0.4,24.17
AHEMEDABAD_SVPT,2025-05-07,06-07-2025 00:00,8.92,34.12,17.26,6.23,0.32,8.3
AHEMEDABAD_SVPT,2025-05-08,06-08-2025 00:00,16.47,46.22,15.24,8.37,0.57,19.25
AHEMEDABAD_SVPT,2025-05-09,06-09-2025 00:00,26.473999999999997,63.426,18.951999999999998,8.508,0.588,20.41
AHEMEDABAD_SVPT,2025-05-10,06-10-2025 00:00,36.477999999999994,80.632,22.663999999999998,8.645999999999999,0.606,21.57
AHEMEDABAD_SVPT,2025-05-11,06-11-2025 00:00,46.482,97.838,26.375999999999998,8.784,0.624,22.73
AHEMEDABAD_SVPT,2025-05-12,06-12-2025 00:00,56.486,115.044,30.087999999999994,8.922,0.642,23.89
AHEMEDABAD_SVPT,2025-06-01,07-01-2025 00:00,66.49,132.25,33.8,9.06,0.66,25.05
AHEMEDABAD_SVPT,2025-06-02,07-02-2025 00:00,44.08,103.95,20.9,17.81,0.63,21.905
AHEMEDABAD_SVPT,2025-06-03,07-03-2025 00:00,50.26,93.66,22.6,21.66,1.46,18.76
AHEMEDABAD_SVPT,2025-06-04,07-04-2025 00:00,40.27,73.22,23.43,14.93,1.04,41.19
AHEMEDABAD_SVPT,2025-06-05,07-05-2025 00:00,24.01,44.44,75.07,8.65,0.55,30.095
AHEMEDABAD_SVPT,2025-06-06,07-06-2025 00:00,57.77,110.98,65.7,2.46,0.47,19.0
AHEMEDABAD_SVPT,2025-06-07,07-07-2025 00:00,17.73,49.47,13.68,6.11,0.5,9.87
AHEMEDABAD_SVPT,2025-06-08,07-08-2025 00:00,13.78,52.75,15.57,9.01,0.52,18.74
AHEMEDABAD_SVPT,2025-06-09,07-09-2025 00:00,23.514,67.394,16.522,9.762,0.61,19.227999999999998
AHEMEDABAD_SVPT,2025-06-10,07-10-2025 00:00,33.248,82.038,17.474,10.514,0.7,19.715999999999998
AHEMEDABAD_SVPT,2025-06-11,07-11-2025 00:00,42.982,96.682,18.426,11.266,0.79,20.204
AHEMEDABAD_SVPT,2025-06-12,07-12-2025 00:00,52.716,111.326,19.378,12.018,0.88,20.692
AHEMEDABAD_SVPT,2025-07-01,08-01-2025 00:00,62.45,125.97,20.33,12.77,0.97,21.18
AHEMEDABAD_SVPT,2025-07-02,08-02-2025 00:00,34.53,81.47,18.79,29.65,0.6,40.38
AHEMEDABAD_SVPT,2025-07-03,08-03-2025 00:00,80.71,141.77,65.02,23.08,2.34,17.8
AHEMEDABAD_SVPT,2025-07-04,08-04-2025 00:00,51.64,92.96,25.15,15.28,1.52,37.59
AHEMEDABAD_SVPT,2025-07-05,08-05-2025 00:00,20.04,35.78,77.42,9.82,0.71,20.34
AHEMEDABAD_SVPT,2025-07-06,08-06-2025 00:00,51.59,99.55,58.91,2.37,0.33,24.89
AHEMEDABAD_SVPT,2025-07-07,08-07-2025 00:00,23.21,56.19,19.51,5.35,0.63,11.51
AHEMEDABAD_SVPT,2025-07-08,08-08-2025 00:00,18.99,64.16,14.05,10.0,0.48,23.48
AHEMEDABAD_SVPT,2025-07-09,08-09-2025 00:00,27.342,75.11,19.380000000000003,9.666,0.5479999999999999,23.34
AHEMEDABAD_SVPT,2025-07-10,08-10-2025 00:00,35.694,86.06,24.71,9.332,0.616,23.2
AHEMEDABAD_SVPT,2025-07-11,08-11-2025 00:00,44.046,97.00999999999999,30.04,8.998000000000001,0.6839999999999999,23.060000000000002
AHEMEDABAD_SVPT,2025-07-12,08-12-2025 00:00,52.397999999999996,107.96,35.370000000000005,8.664,0.752,22.92
AHEMEDABAD_SVPT,2025-08-01,09-01-2025 00:00,60.75,118.91,40.7,8.33,0.82,22.78
AHEMEDABAD_SVPT,2025-08-02,09-02-2025 00:00,33.76,76.91,39.91,21.88,1.16,32.21
AHEMEDABAD_SVPT,2025-08-03,09-03-2025 00:00,66.58,116.56,37.92,39.44,1.93,23.72
AHEMEDABAD_SVPT,2025-08-04,09-04-2025 00:00,57.47,106.09,30.79,24.35,1.38,39.58
AHEMEDABAD_SVPT,2025-08-05,09-05-2025 00:00,31.52,62.55,72.98,9.7,0.68,34.46
AHEMEDABAD_SVPT,2025-08-06,09-06-2025 00:00,49.37,93.7,55.36,2.44,0.29,26.49
AHEMEDABAD_SVPT,2025-08-07,09-07-2025 00:00,30.89,72.5,24.56,5.89,0.27,10.27
AHEMEDABAD_SVPT,2025-08-08,09-08-2025 00:00,22.86,67.51,13.07,13.48,0.51,22.73
AHEMEDABAD_SVPT,2025-08-09,09-09-2025 00:00,30.512,78.104,17.294,12.708,0.608,23.134
AHEMEDABAD_SVPT,2025-08-10,09-10-2025 00:00,38.164,88.69800000000001,21.518,11.936,0.706,23.538
AHEMEDABAD_SVPT,2025-08-11,09-11-2025 00:00,45.815999999999995,99.292,25.741999999999997,11.164,0.804,23.942
AHEMEDABAD_SVPT,2025-08-12,09-12-2025 00:00,53.467999999999996,109.886,29.965999999999998,10.392,0.902,24.346
AHEMEDABAD_SVPT,2025-09-01,10-01-2025 00:00,61.12,120.48,34.19,9.62,1.0,24.75
AHEMEDABAD_SVPT,2025-09-02,10-02-2025 00:00,44.55,100.29,37.48,25.14,1.26,29.46
AHEMEDABAD_SVPT,2025-09-03,10-03-2025 00:00,76.19,134.8,24.21,32.11,1.85,30.62
AHEMEDABAD_SVPT,2025-09-04,10-04-2025 00:00,44.33,82.97,23.18,20.3,0.63,43.03
AHEMEDABAD_SVPT,2025-09-05,10-05-2025 00:00,23.45,47.26,64.01,7.73,0.48,49.23
AHEMEDABAD_SVPT,2025-09-06,10-06-2025 00:00,45.9,102.0,59.02,2.61,0.36,21.22
AHEMEDABAD_SVPT,2025-09-07,10-07-2025 00:00,27.9,82.41,23.23,5.93,0.27,11.58
AHEMEDABAD_SVPT,2025-09-08,10-08-2025 00:00,18.53,54.82,9.42,11.31,0.39,23.39
AHEMEDABAD_SVPT,2025-09-09,10-09-2025 00:00,30.118000000000002,74.148,43.294000000000004,11.132,0.59,24.55
AHEMEDABAD_SVPT,2025-09-10,10-10-2025 00:00,41.706,93.476,77.168,10.954,0.79,25.71
AHEMEDABAD_SVPT,2025-09-11,10-11-2025 00:00,53.294,112.804,111.04200000000002,10.776,0.99,26.87
AHEMEDABAD_SVPT,2025-09-12,10-12-2025 00:00,64.882,132.132,144.916,10.598,1.19,28.03
AHEMEDABAD_SVPT,2025-10-01,11-01-2025 00:00,76.47,151.46,178.79,10.42,1.39,29.19
AHEMEDABAD_SVPT,2025-10-02,11-02-2025 00:00,56.83,125.43,57.76,15.56,1.86,26.59
AHEMEDABAD_SVPT,2025-10-03,11-03-2025 00:00,76.99,139.1,63.17,25.48,2.79,24.16
AHEMEDABAD_SVPT,2025-10-04,11-04-2025 00:00,42.99,83.03,17.75,22.95,0.44,51.44
AHEMEDABAD_SVPT,2025-10-05,11-05-2025 00:00,35.44,68.44,76.29,7.39,0.57,41.48
AHEMEDABAD_SVPT,2025-10-06,11-06-2025 00:00,39.46,75.41,62.27,2.75,0.39,20.62
AHEMEDABAD_SVPT,2025-10-07,11-07-2025 00:00,24.2,78.22,23.31,5.64,0.41,8.88
AHEMEDABAD_SVPT,2025-10-08,11-08-2025 00:00,18.66,55.37,9.09,14.36,0.37,23.82
AHEMEDABAD_SVPT,2025-10-09,11-09-2025 00:00,34.13,82.132,73.572,14.01,0.5860000000000001,25.174
AHEMEDABAD_SVPT,2025-10-10,11-10-2025 00:00,49.60000000000001,108.894,138.054,13.66,0.802,26.528
AHEMEDABAD_SVPT,2025-10-11,11-11-2025 00:00,65.07000000000001,135.656,202.536,13.309999999999999,1.0180000000000002,27.881999999999998
AHEMEDABAD_SVPT,2025-10-12,11-12-2025 00:00,80.54,162.418,267.018,12.959999999999999,1.234,29.236
AHEMEDABAD_SVPT,2025-11-01,12-01-2025 00:00,96.01,189.18,331.5,12.61,1.45,30.59
AHEMEDABAD_SVPT,2025-11-02,12-02-2025 00:00,47.75,107.38,71.28,21.77,1.88,26.88
AHEMEDABAD_SVPT,2025-11-03,12-03-2025 00:00,82.74,153.13,18.98,21.95,1.65,29.8
AHEMEDABAD_SVPT,2025-11-04,12-04-2025 00:00,42.1,90.6,22.74,18.47,0.51,67.8
AHEMEDABAD_SVPT,2025-11-05,12-05-2025 00:00,38.38,72.79,68.14,7.06,0.43,32.93
AHEMEDABAD_SVPT,2025-11-06,12-06-2025 00:00,32.29,62.81,61.78,5.02,0.37,20.07
AHEMEDABAD_SVPT,2025-11-07,12-07-2025 00:00,20.81,65.48,18.38,6.31,0.35,13.32
AHEMEDABAD_SVPT,2025-11-08,12-08-2025 00:00,13.62,45.17,9.41,9.03,0.4,23.41
AHEMEDABAD_SVPT,2025-11-09,12-09-2025 00:00,22.700000000000003,59.878,70.676,9.642,0.484,25.134
AHEMEDABAD_SVPT,2025-11-10,12-10-2025 00:00,31.78,74.586,131.942,10.254,0.5680000000000001,26.858
AHEMEDABAD_SVPT,2025-11-11,12-11-2025 00:00,40.86000000000001,89.294,193.208,10.866,0.652,28.582
AHEMEDABAD_SVPT,2025-11-12,12-12-2025 00:00,49.940000000000005,104.002,254.474,11.478,0.736,30.306
AHEMEDABAD_SVPT,2025-12-01,13-01-2025 00:00,59.02,118.71,315.74,12.09,0.82,32.03
AHEMEDABAD_SVPT,2025-12-02,13-02-2025 00:00,45.2,99.31,43.56,17.86,1.32,32.97
AHEMEDABAD_SVPT,2025-12-03,13-03-2025 00:00,74.74,137.5,23.01,23.46,1.43,33.69
AHEMEDABAD_SVPT,2025-12-04,13-04-2025 00:00,45.16,82.36,42.25,17.4,0.65,47.42
AHEMEDABAD_SVPT,2025-12-05,13-05-2025 00:00,43.01,81.16,68.04,6.26,0.51,35.01
AHEMEDABAD_SVPT,2025-12-06,13-06-2025 00:00,44.95,86.05,64.47,7.64,0.43,21.49
AHEMEDABAD_SVPT,2025-12-07,13-07-2025 00:00,20.98,53.03,22.31,5.28,0.34,15.26
AHEMEDABAD_SVPT,2025-12-08,13-08-2025 00:00,11.99,44.37,9.2,8.04,0.41,19.54
AHEMEDABAD_SVPT,2025-12-09,13-09-2025 00:00,13.27,46.27206896551724,14.652758620689657,8.200689655172413,0.42379310344827587,19.916896551724136
AHEMEDABAD_SVPT,2025-12-10,13-10-2025 00:00,14.55,48.17413793103448,20.10551724137931,8.361379310344827,0.4375862068965517,20.293793103448277
AHEMEDABAD_SVPT,2025-12-11,13-11-2025 00:00,15.83,50.076206896551724,25.558275862068967,8.52206896551724,0.4513793103448276,20.670689655172414
AHEMEDABAD_SVPT,2025-12-12,13-12-2025 00:00,17.11,51.97827586206896,31.011034482758625,8.682758620689654,0.4651724137931034,21.04758620689655
AHEMEDABAD_SVPT,2026-01-01,02-01-2026 00:00,18.39,53.88034482758621,36.46379310344828,8.843448275862068,0.4789655172413793,21.424482758620687
AHEMEDABAD_SVPT,2026-01-02,02-02-2026 00:00,19.669999999999998,55.782413793103444,41.91655172413793,9.004137931034482,0.49275862068965515,21.801379310344828
AHEMEDABAD_SVPT,2026-02-01,03-01-2026 00:00,20.95,57.68448275862069,47.369310344827596,9.164827586206895,0.506551724137931,22.178275862068965
AHEMEDABAD_SVPT,2026-02-02,03-02-2026 00:00,22.229999999999997,59.586551724137934,52.822068965517246,9.325517241379309,0.5203448275862069,22.555172413793102
AHEMEDABAD_SVPT,2026-03-01,04-01-2026 00:00,23.509999999999998,61.48862068965517,58.27482758620691,9.486206896551723,0.5341379310344827,22.93206896551724
AHEMEDABAD_SVPT,2026-03-02,04-02-2026 00:00,24.79,63.39068965517241,63.72758620689656,9.646896551724137,0.5479310344827586,23.30896551724138
AHEMEDABAD_SVPT,2026-04-01,05-01-2026 00:00,26.07,65.29275862068965,69.18034482758623,9.80758620689655,0.5617241379310345,23.685862068965516
AHEMEDABAD_SVPT,2026-04-02,05-02-2026 00:00,27.349999999999998,67.1948275862069,74.63310344827588,9.968275862068964,0.5755172413793104,24.062758620689657
AHEMEDABAD_SVPT,2026-05-01,06-01-2026 00:00,28.629999999999995,69.09689655172414,80.08586206896554,10.12896551724138,0.5893103448275863,24.439655172413794
AHEMEDABAD_SVPT,2026-05-02,06-02-2026 00:00,29.909999999999997,70.99896551724137,85.53862068965519,10.289655172413791,0.6031034482758622,24.81655172413793
AHEMEDABAD_SVPT,2026-06-01,07-01-2026 00:00,31.189999999999998,72.90103448275862,90.99137931034485,10.450344827586207,0.6168965517241379,25.193448275862067
AHEMEDABAD_SVPT,2026-06-02,07-02-2026 00:00,32.47,74.80310344827586,96.4441379310345,10.611034482758619,0.6306896551724138,25.570344827586204
AHEMEDABAD_SVPT,2026-07-01,08-01-2026 00:00,33.75,76.70517241379311,101.89689655172415,10.771724137931034,0.6444827586206897,25.947241379310345
AHEMEDABAD_SVPT,2026-07-02,08-02-2026 00:00,35.029999999999994,78.60724137931035,107.34965517241382,10.932413793103446,0.6582758620689655,26.324137931034482
AHEMEDABAD_SVPT,2026-08-01,09-01-2026 00:00,36.309999999999995,80.50931034482758,112.80241379310347,11.093103448275862,0.6720689655172414,26.70103448275862
AHEMEDABAD_SVPT,2026-08-02,09-02-2026 00:00,37.589999999999996,82.41137931034483,118.25517241379313,11.253793103448274,0.6858620689655173,27.07793103448276
AHEMEDABAD_SVPT,2026-09-01,10-01-2026 00:00,38.87,84.31344827586207,123.70793103448278,11.41448275862069,0.6996551724137932,27.454827586206896
AHEMEDABAD_SVPT,2026-09-02,10-02-2026 00:00,40.15,86.2155172413793,129.16068965517243,11.575172413793103,0.713448275862069,27.831724137931033
AHEMEDABAD_SVPT,2026-10-01,11-01-2026 00:00,41.42999999999999,88.11758620689656,134.61344827586208,11.735862068965517,0.7272413793103449,28.20862068965517
AHEMEDABAD_SVPT,2026-10-02,11-02-2026 00:00,42.709999999999994,90.01965517241379,140.06620689655173,11.89655172413793,0.7410344827586208,28.58551724137931
AHEMEDABAD_SVPT,2026-11-01,12-01-2026 00:00,43.989999999999995,91.92172413793104,145.51896551724138,12.057241379310344,0.7548275862068966,28.962413793103448
AHEMEDABAD_SVPT,2026-11-02,12-02-2026 00:00,45.269999999999996,93.82379310344828,150.97172413793106,12.217931034482758,0.7686206896551725,29.339310344827588
AHEMEDABAD_SVPT,2026-12-01,13-01-2026 00:00,46.55,95.72586206896551,156.4244827586207,12.378620689655172,0.7824137931034483,29.716206896551725
AHEMEDABAD_SVPT,2026-12-02,13-02-2026 00:00,47.83,97.62793103448277,161.87724137931036,12.539310344827586,0.7962068965517242,30.093103448275862
AHEMEDABAD_SVPT,,14-01-2025 00:00,49.11,99.53,167.33,12.7,0.81,30.47
AHEMEDABAD_SVPT,,15-01-2025 00:00,46.24,95.58,40.15,9.93,0.79,36.2
AHEMEDABAD_SVPT,,16-01-2025 00:00,49.81,101.15,37.98,16.74,0.82,40.08
AHEMEDABAD_SVPT,,17-01-2025 00:00,56.01,113.86,44.74,6.97,0.88,30.71
AHEMEDABAD_SVPT,,18-01-2025 00:00,60.93,126.15,39.87,7.32,0.71,33.07
AHEMEDABAD_SVPT,,19-01-2025 00:00,64.32,130.29,57.29,6.82,1.02,22.93
AHEMEDABAD_SVPT,,20-01-2025 00:00,90.83,179.57,72.49,7.13,1.86,23.31
AHEMEDABAD_SVPT,,21-01-2025 00:00,104.08,201.66,78.74,7.13,1.82,22.19
AHEMEDABAD_SVPT,,22-01-2025 00:00,91.74,177.1,66.09,6.42,1.45,23.57
AHEMEDABAD_SVPT,,23-01-2025 00:00,79.38,154.86,51.22,10.83,0.96,25.47
AHEMEDABAD_SVPT,,24-01-2025 00:00,59.32,119.11,35.61,17.36,0.7,24.8
AHEMEDABAD_SVPT,,25-01-2025 00:00,56.64,116.36,37.54,24.84,0.5,21.66
AHEMEDABAD_SVPT,,26-01-2025 00:00,48.29,96.73,51.97,23.14,0.78,21.39
AHEMEDABAD_SVPT,,27-01-2025 00:00,55.04,110.01,61.34,19.49,0.94,26.16
AHEMEDABAD_SVPT,,28-01-2025 00:00,64.53,126.43,70.07,26.19,1.41,23.73
AHEMEDABAD_SVPT,,29-01-2025 00:00,66.89,130.61,85.63,21.45,1.53,29.82
AHEMEDABAD_SVPT,,30-01-2025 00:00,108.3,206.3,162.3,31.48,2.77,29.56
AHEMEDABAD_SVPT,,31-01-2025 00:00,59.3,114.88,80.64,33.91,0.82,29.52
AHEMEDABAD_SVPT,,01-02-2025 00:00,82.3,165.3,70.075,15.99,1.27,28.59
AHEMEDABAD_SVPT,,14-02-2025 00:00,56.11,126.5,59.51,14.46,1.72,27.66
AHEMEDABAD_SVPT,,15-02-2025 00:00,77.59,167.79,78.92,21.49,2.4,28.32
AHEMEDABAD_SVPT,,16-02-2025 00:00,69.71,138.44,32.23,51.22,1.11,29.46
AHEMEDABAD_SVPT,,17-02-2025 00:00,55.83,96.37,26.72,36.81,0.85,30.67
AHEMEDABAD_SVPT,,18-02-2025 00:00,58.47,102.32,51.58,38.14,1.47,35.52
AHEMEDABAD_SVPT,,19-02-2025 00:00,56.95,103.45,45.11,28.65,1.32,31.12
AHEMEDABAD_SVPT,,20-02-2025 00:00,48.37,87.13,14.75,29.8,0.66,36.17
AHEMEDABAD_SVPT,,21-02-2025 00:00,45.77,80.46,24.36,41.39,0.72,29.44
AHEMEDABAD_SVPT,,22-02-2025 00:00,72.67,127.79,22.67,37.84,0.85,33.42
AHEMEDABAD_SVPT,,23-02-2025 00:00,81.48,143.43,34.18,28.48,1.01,30.06
AHEMEDABAD_SVPT,,24-02-2025 00:00,71.39,125.41,26.63,29.15,1.04,29.43
AHEMEDABAD_SVPT,,25-02-2025 00:00,61.83,112.47,24.85,26.07,0.91,29.33
AHEMEDABAD_SVPT,,26-02-2025 00:00,50.92,94.13,15.94,27.51,0.91,29.57
AHEMEDABAD_SVPT,,27-02-2025 00:00,58.65,106.97,28.15,30.02,1.39,30.9
AHEMEDABAD_SVPT,,28-02-2025 00:00,77.65,138.71,23.13,48.07,1.55,33.91
AHEMEDABAD_SVPT,,01-03-2025 00:00,68.5,121.89,37.89,38.58,1.3,30.25
AHEMEDABAD_SVPT,,14-03-2025 00:00,46.66,86.63,36.52,30.64,0.68,38.1
AHEMEDABAD_SVPT,,15-03-2025 00:00,31.02,56.33,37.76,32.34,0.37,45.6
AHEMEDABAD_SVPT,,16-03-2025 00:00,35.99,65.74,40.68,21.96,0.61,43.97
AHEMEDABAD_SVPT,,17-03-2025 00:00,38.06,70.32,35.13,21.41,0.43,44.08
AHEMEDABAD_SVPT,,18-03-2025 00:00,35.59,66.04,35.31,25.04,0.47,28.67
AHEMEDABAD_SVPT,,19-03-2025 00:00,43.49,86.77,46.3,18.82,0.66,18.48
AHEMEDABAD_SVPT,,20-03-2025 00:00,49.23,95.03,41.98,24.49,0.86,18.88
AHEMEDABAD_SVPT,,21-03-2025 00:00,29.43,56.16,34.28,13.84,0.4,29.82
AHEMEDABAD_SVPT,,22-03-2025 00:00,38.17,73.67,40.47,14.91,0.8,52.67
AHEMEDABAD_SVPT,,23-03-2025 00:00,52.51,101.61,49.71,39.51,1.29,42.79
AHEMEDABAD_SVPT,,24-03-2025 00:00,57.54,109.23,50.98,37.82,1.45,35.38
AHEMEDABAD_SVPT,,25-03-2025 00:00,77.8,145.4,57.64,31.79,1.33,39.57
AHEMEDABAD_SVPT,,26-03-2025 00:00,73.22,136.72,56.73,46.37,1.62,32.99
AHEMEDABAD_SVPT,,27-03-2025 00:00,54.02,101.75,34.19,30.87,0.52,46.01
AHEMEDABAD_SVPT,,28-03-2025 00:00,41.62,77.17,24.0,13.39,0.25,28.96
AHEMEDABAD_SVPT,,29-03-2025 00:00,46.02,88.85,16.88,17.55,0.37,25.05
AHEMEDABAD_SVPT,,30-03-2025 00:00,48.27,98.81,26.04,27.71,1.17,17.91
AHEMEDABAD_SVPT,,31-03-2025 00:00,45.62,91.09,27.36,22.9,1.09,18.43
AHEMEDABAD_SVPT,,01-04-2025 00:00,46.58,95.65,25.91,23.96,1.18,17.21
AHEMEDABAD_SVPT,,14-04-2025 00:00,40.22,71.75,36.43,25.0,0.59,42.22
AHEMEDABAD_SVPT,,15-04-2025 00:00,40.48,75.41,28.57,20.22,0.44,46.75
AHEMEDABAD_SVPT,,16-04-2025 00:00,39.81,73.45,32.24,18.85,0.67,59.44
AHEMEDABAD_SVPT,,17-04-2025 00:00,50.07,90.95,34.4,17.25,0.78,44.76
AHEMEDABAD_SVPT,,18-04-2025 00:00,39.86,72.0,31.41,20.25,0.7,37.95
AHEMEDABAD_SVPT,,19-04-2025 00:00,43.05,77.33,31.78,25.25,0.6,40.86
AHEMEDABAD_SVPT,,20-04-2025 00:00,57.38,100.6,22.26,31.73,0.36,45.29
AHEMEDABAD_SVPT,,21-04-2025 00:00,66.04,112.16,20.95,21.31,0.41,48.78
AHEMEDABAD_SVPT,,22-04-2025 00:00,63.96,110.42,59.63,16.67,0.6,35.49
AHEMEDABAD_SVPT,,23-04-2025 00:00,59.63,104.22,79.39,16.81,0.57,41.32
AHEMEDABAD_SVPT,,24-04-2025 00:00,69.4,124.98,88.56,18.84,1.52,36.82
AHEMEDABAD_SVPT,,25-04-2025 00:00,53.48,94.27,74.3,26.95,0.75,36.9
AHEMEDABAD_SVPT,,26-04-2025 00:00,49.45,88.46,63.27,33.56,0.56,25.07
AHEMEDABAD_SVPT,,27-04-2025 00:00,51.27,90.37,62.31,22.2,0.65,47.75
AHEMEDABAD_SVPT,,28-04-2025 00:00,52.03,92.2,61.17,28.85,0.72,47.18
AHEMEDABAD_SVPT,,29-04-2025 00:00,55.96,100.47,59.55,29.12,0.62,42.26
AHEMEDABAD_SVPT,,30-04-2025 00:00,50.99,92.37,59.69,19.64,0.65,44.63
AHEMEDABAD_SVPT,,01-05-2025 00:00,47.96,86.89,61.78,19.83,0.64,43.26
AHEMEDABAD_SVPT,,14-05-2025 00:00,52.21,94.05,63.25,2.34,0.47,34.81
AHEMEDABAD_SVPT,,15-05-2025 00:00,55.83,100.61,72.82,1.95,0.51,32.54
AHEMEDABAD_SVPT,,16-05-2025 00:00,50.96,92.45,76.36,2.58,0.44,31.27
AHEMEDABAD_SVPT,,17-05-2025 00:00,41.31,77.68,75.0,4.51,0.42,21.31
AHEMEDABAD_SVPT,,18-05-2025 00:00,33.78,62.91,78.44,4.34,0.34,16.98
AHEMEDABAD_SVPT,,19-05-2025 00:00,29.29,55.13,77.97,5.35,0.35,19.61
AHEMEDABAD_SVPT,,20-05-2025 00:00,45.48,82.48,82.23,4.85,0.34,26.39
AHEMEDABAD_SVPT,,21-05-2025 00:00,49.15,90.04,90.3,9.55,0.49,27.17
AHEMEDABAD_SVPT,,22-05-2025 00:00,41.7,77.28,83.42,7.77,0.39,47.61
AHEMEDABAD_SVPT,,23-05-2025 00:00,39.36,73.01,87.23,10.47,0.45,47.5
AHEMEDABAD_SVPT,,24-05-2025 00:00,56.8,113.68,98.38,11.26,0.6,49.88
AHEMEDABAD_SVPT,,25-05-2025 00:00,42.52,79.25,80.88,11.36,0.34,47.42
AHEMEDABAD_SVPT,,26-05-2025 00:00,64.02,107.62,78.31,6.32,0.25,33.15
AHEMEDABAD_SVPT,,27-05-2025 00:00,47.71,91.21,64.42,7.58,0.39,34.6
AHEMEDABAD_SVPT,,28-05-2025 00:00,73.9,144.49,64.28,5.52,0.39,10.93
AHEMEDABAD_SVPT,,29-05-2025 00:00,56.03,108.91,58.49,4.89,0.29,16.02
AHEMEDABAD_SVPT,,30-05-2025 00:00,42.86,85.71,72.81,4.92,0.29,24.27
AHEMEDABAD_SVPT,,31-05-2025 00:00,62.29,123.64,60.91,4.45,0.21,14.73
AHEMEDABAD_SVPT,,01-06-2025 00:00,51.97,105.0,62.3,4.19,0.23,17.31
AHEMEDABAD_SVPT,,14-06-2025 00:00,52.09,100.03,64.95,10.83,0.64,22.21
AHEMEDABAD_SVPT,,15-06-2025 00:00,56.59,113.91,58.99,9.82,0.55,36.51
AHEMEDABAD_SVPT,,16-06-2025 00:00,20.88,41.69,62.43,9.7,0.61,63.59
AHEMEDABAD_SVPT,,17-06-2025 00:00,22.63,50.76,73.2,10.73,0.66,39.72
AHEMEDABAD_SVPT,,18-06-2025 00:00,11.57,22.38,60.85,10.81,0.63,16.31
AHEMEDABAD_SVPT,,19-06-2025 00:00,36.52,85.15,52.55,4.9,0.7,16.46
AHEMEDABAD_SVPT,,20-06-2025 00:00,26.75,64.94,44.25,4.69,0.86,15.39
AHEMEDABAD_SVPT,,21-06-2025 00:00,39.75,77.97,35.95,4.5,0.63,9.6
AHEMEDABAD_SVPT,,22-06-2025 00:00,36.52,71.08,27.65,8.98,0.68,8.46
AHEMEDABAD_SVPT,,23-06-2025 00:00,38.083333333333336,90.65333333333334,19.35,19.54,0.43,8.56
AHEMEDABAD_SVPT,,24-06-2025 00:00,39.64666666666667,110.22666666666667,11.049999999999997,21.68,0.55,7.42
AHEMEDABAD_SVPT,,25-06-2025 00:00,41.21,129.8,2.75,9.76,0.69,7.17
AHEMEDABAD_SVPT,,26-06-2025 00:00,30.33,223.07,19.82,12.46,0.71,7.94
AHEMEDABAD_SVPT,,27-06-2025 00:00,28.72,50.41,36.89,12.5,0.58,8.83
AHEMEDABAD_SVPT,,28-06-2025 00:00,24.1,42.38,53.96,5.41,0.38,6.77
AHEMEDABAD_SVPT,,29-06-2025 00:00,25.28,57.25,63.97,5.6,0.5,7.41
AHEMEDABAD_SVPT,,30-06-2025 00:00,16.41,34.37,44.98,5.92,0.5,7.5
AHEMEDABAD_SVPT,,01-07-2025 00:00,16.5,46.8,44.18,5.21,0.39,7.7
AHEMEDABAD_SVPT,,14-07-2025 00:00,17.31,54.16,21.18,4.14,0.25,22.22
AHEMEDABAD_SVPT,,15-07-2025 00:00,17.54,63.11,23.91,4.39,0.35,14.47
AHEMEDABAD_SVPT,,16-07-2025 00:00,25.41,79.29,22.35,4.11,0.33,17.33
AHEMEDABAD_SVPT,,17-07-2025 00:00,24.93,90.27,22.12,3.97,0.32,17.03
AHEMEDABAD_SVPT,,18-07-2025 00:00,27.43,97.75,22.16,5.31,0.32,19.3
AHEMEDABAD_SVPT,,19-07-2025 00:00,26.27,83.1,21.81,5.51,0.35,17.08
AHEMEDABAD_SVPT,,20-07-2025 00:00,19.69,44.46,22.3,5.23,0.42,9.07
AHEMEDABAD_SVPT,,21-07-2025 00:00,18.14,32.97,17.78,4.81,0.36,10.66
AHEMEDABAD_SVPT,,22-07-2025 00:00,21.75,40.31,24.07,6.1,0.6,7.96
AHEMEDABAD_SVPT,,23-07-2025 00:00,25.96,51.61,16.18,5.14,0.45,16.42
AHEMEDABAD_SVPT,,24-07-2025 00:00,17.97,52.15,14.78,4.68,0.39,17.66
AHEMEDABAD_SVPT,,25-07-2025 00:00,18.26,52.31,15.27,4.13,0.32,17.79
AHEMEDABAD_SVPT,,26-07-2025 00:00,17.96,44.63,18.22,4.4,0.35,19.25
AHEMEDABAD_SVPT,,27-07-2025 00:00,21.29,58.04,16.42,4.3,0.38,15.6
AHEMEDABAD_SVPT,,28-07-2025 00:00,15.27,32.98,15.64,4.41,0.36,13.65
AHEMEDABAD_SVPT,,29-07-2025 00:00,15.33,34.76,17.76,4.49,0.58,8.29
AHEMEDABAD_SVPT,,30-07-2025 00:00,18.76,48.44,16.03,4.0,0.53,9.52
AHEMEDABAD_SVPT,,31-07-2025 00:00,22.02,67.04,27.87,4.19,0.52,10.0
AHEMEDABAD_SVPT,,01-08-2025 00:00,26.81,72.49,22.72,4.15,0.53,11.81
AHEMEDABAD_SVPT,,14-08-2025 00:00,12.51,40.02,10.42,11.53,0.42,18.11
AHEMEDABAD_SVPT,,15-08-2025 00:00,24.99,61.3,15.49,41.41,0.56,15.15
AHEMEDABAD_SVPT,,16-08-2025 00:00,17.66,43.59,11.9,10.28,0.56,20.77
AHEMEDABAD_SVPT,,17-08-2025 00:00,20.43,33.35,10.01,8.04,0.59,9.98
AHEMEDABAD_SVPT,,18-08-2025 00:00,19.17,33.65,8.88,7.85,0.56,26.29
AHEMEDABAD_SVPT,,19-08-2025 00:00,41.44,63.73,16.41,10.43,0.56,27.48
AHEMEDABAD_SVPT,,20-08-2025 00:00,26.42,44.56,14.71,8.17,0.38,18.73
AHEMEDABAD_SVPT,,21-08-2025 00:00,14.59,32.24,21.07,8.46,0.31,8.85
AHEMEDABAD_SVPT,,22-08-2025 00:00,4.68,20.99,10.59,6.32,0.27,1.78
AHEMEDABAD_SVPT,,23-08-2025 00:00,4.19,23.52,12.67,6.15,0.17,8.87
AHEMEDABAD_SVPT,,24-08-2025 00:00,10.65,20.76,14.75,7.94,0.27,14.42
AHEMEDABAD_SVPT,,25-08-2025 00:00,3.31,16.36,16.43,9.29,0.1,12.55
AHEMEDABAD_SVPT,,26-08-2025 00:00,9.36,34.37,23.66,10.42,0.46,9.53
AHEMEDABAD_SVPT,,27-08-2025 00:00,15.41,52.38,27.04,10.74,0.81,13.18
AHEMEDABAD_SVPT,,28-08-2025 00:00,19.2,59.7,23.98,13.69,0.78,14.86
AHEMEDABAD_SVPT,,29-08-2025 00:00,22.21,61.84,22.12,9.33,0.78,11.32
AHEMEDABAD_SVPT,,30-08-2025 00:00,20.05,52.26,26.65,9.38,1.12,5.29
AHEMEDABAD_SVPT,,31-08-2025 00:00,20.05,52.26,26.65,9.38,1.12,5.29
AHEMEDABAD_SVPT,,01-09-2025 00:00,20.05,52.26,26.65,9.38,1.12,5.29
AHEMEDABAD_SVPT,,14-09-2025 00:00,20.05,52.26,26.65,9.38,1.12,5.29
AHEMEDABAD_SVPT,,15-09-2025 00:00,20.05,52.26,26.65,9.38,1.12,5.29
AHEMEDABAD_SVPT,,16-09-2025 00:00,20.05,52.26,26.65,9.38,1.12,5.29
AHEMEDABAD_SVPT,,17-09-2025 00:00,20.05,52.26,26.65,9.38,1.12,5.29
AHEMEDABAD_SVPT,,18-09-2025 00:00,20.05,52.26,26.65,9.38,1.12,5.29
AHEMEDABAD_SVPT,,19-09-2025 00:00,20.05,52.26,26.65,9.38,1.12,5.29
AHEMEDABAD_SVPT,,20-09-2025 00:00,20.05,52.26,26.65,9.38,1.12,5.29
AHEMEDABAD_SVPT,,21-09-2025 00:00,20.05,52.26,26.65,9.38,1.12,5.29
AHEMEDABAD_SVPT,,22-09-2025 00:00,20.05,52.26,26.65,9.38,1.12,5.29
AHEMEDABAD_SVPT,,23-09-2025 00:00,20.05,52.26,26.65,9.38,1.12,5.29
AHEMEDABAD_SVPT,,24-09-2025 00:00,20.05,52.26,26.65,9.38,1.12,5.29
AHEMEDABAD_SVPT,,25-09-2025 00:00,20.05,52.26,26.65,9.38,1.12,5.29
AHEMEDABAD_SVPT,,26-09-2025 00:00,20.05,52.26,26.65,9.38,1.12,5.29
AHEMEDABAD_SVPT,,27-09-2025 00:00,20.05,52.26,26.65,9.38,1.12,5.29
AHEMEDABAD_SVPT,,28-09-2025 00:00,20.05,52.26,26.65,9.38,1.12,5.29
AHEMEDABAD_SVPT,,29-09-2025 00:00,20.05,52.26,26.65,9.38,1.12,5.29
AHEMEDABAD_SVPT,,30-09-2025 00:00,20.05,52.26,26.65,9.38,1.12,5.29
AHEMEDABAD_SVPT,,01-10-2025 00:00,20.05,52.26,26.65,9.38,1.12,5.29
AHEMEDABAD_SVPT,,14-10-2025 00:00,20.05,52.26,26.65,9.38,1.12,5.29
AHEMEDABAD_SVPT,,15-10-2025 00:00,20.05,52.26,26.65,9.38,1.12,5.29
AHEMEDABAD_SVPT,,16-10-2025 00:00,20.05,52.26,26.65,9.38,1.12,5.29
AHEMEDABAD_SVPT,,17-10-2025 00:00,20.05,52.26,26.65,9.38,1.12,5.29
AHEMEDABAD_SVPT,,18-10-2025 00:00,20.05,52.26,26.65,9.38,1.12,5.29
AHEMEDABAD_SVPT,,19-10-2025 00:00,20.05,52.26,26.65,9.38,1.12,5.29
AHEMEDABAD_SVPT,,20-10-2025 00:00,20.05,52.26,26.65,9.38,1.12,5.29
AHEMEDABAD_SVPT,,21-10-2025 00:00,20.05,52.26,26.65,9.38,1.12,5.29
AHEMEDABAD_SVPT,,22-10-2025 00:00,20.05,52.26,26.65,9.38,1.12,5.29
AHEMEDABAD_SVPT,,23-10-2025 00:00,20.05,52.26,26.65,9.38,1.12,5.29
AHEMEDABAD_SVPT,,24-10-2025 00:00,20.05,52.26,26.65,9.38,1.12,5.29
AHEMEDABAD_SVPT,,25-10-2025 00:00,20.05,52.26,26.65,9.38,1.12,5.29
AHEMEDABAD_SVPT,,26-10-2025 00:00,20.05,52.26,26.65,9.38,1.12,5.29
AHEMEDABAD_SVPT,,27-10-2025 00:00,20.05,52.26,26.65,9.38,1.12,5.29
AHEMEDABAD_SVPT,,28-10-2025 00:00,20.05,52.26,26.65,9.38,1.12,5.29
AHEMEDABAD_SVPT,,29-10-2025 00:00,20.05,52.26,26.65,9.38,1.12,5.29
AHEMEDABAD_SVPT,,30-10-2025 00:00,20.05,52.26,26.65,9.38,1.12,5.29
AHEMEDABAD_SVPT,,31-10-2025 00:00,20.05,52.26,26.65,9.38,1.12,5.29
AHEMEDABAD_SVPT,,01-11-2025 00:00,20.05,52.26,26.65,9.38,1.12,5.29
AHEMEDABAD_SVPT,,14-11-2025 00:00,20.05,52.26,26.65,9.38,1.12,5.29
AHEMEDABAD_SVPT,,15-11-2025 00:00,20.05,52.26,26.65,9.38,1.12,5.29
AHEMEDABAD_SVPT,,16-11-2025 00:00,20.05,52.26,26.65,9.38,1.12,5.29
AHEMEDABAD_SVPT,,17-11-2025 00:00,20.05,52.26,26.65,9.38,1.12,5.29
AHEMEDABAD_SVPT,,18-11-2025 00:00,20.05,52.26,26.65,9.38,1.12,5.29
AHEMEDABAD_SVPT,,19-11-2025 00:00,20.05,52.26,26.65,9.38,1.12,5.29
AHEMEDABAD_SVPT,,20-11-2025 00:00,20.05,52.26,26.65,9.38,1.12,5.29
AHEMEDABAD_SVPT,,21-11-2025 00:00,20.05,52.26,26.65,9.38,1.12,5.29
AHEMEDABAD_SVPT,,22-11-2025 00:00,20.05,52.26,26.65,9.38,1.12,5.29
AHEMEDABAD_SVPT,,23-11-2025 00:00,20.05,52.26,26.65,9.38,1.12,5.29
AHEMEDABAD_SVPT,,24-11-2025 00:00,20.05,52.26,26.65,9.38,1.12,5.29
AHEMEDABAD_SVPT,,25-11-2025 00:00,20.05,52.26,26.65,9.38,1.12,5.29
AHEMEDABAD_SVPT,,26-11-2025 00:00,20.05,52.26,26.65,9.38,1.12,5.29
AHEMEDABAD_SVPT,,27-11-2025 00:00,20.05,52.26,26.65,9.38,1.12,5.29
AHEMEDABAD_SVPT,,28-11-2025 00:00,20.05,52.26,26.65,9.38,1.12,5.29
AHEMEDABAD_SVPT,,29-11-2025 00:00,20.05,52.26,26.65,9.38,1.12,5.29
AHEMEDABAD_SVPT,,30-11-2025 00:00,20.05,52.26,26.65,9.38,1.12,5.29
AHEMEDABAD_SVPT,,01-12-2025 00:00,20.05,52.26,26.65,9.38,1.12,5.29
AHEMEDABAD_SVPT,,14-12-2025 00:00,20.05,52.26,26.65,9.38,1.12,5.29
AHEMEDABAD_SVPT,,15-12-2025 00:00,20.05,52.26,26.65,9.38,1.12,5.29
AHEMEDABAD_SVPT,,16-12-2025 00:00,20.05,52.26,26.65,9.38,1.12,5.29
AHEMEDABAD_SVPT,,17-12-2025 00:00,20.05,52.26,26.65,9.38,1.12,5.29
AHEMEDABAD_SVPT,,18-12-2025 00:00,20.05,52.26,26.65,9.38,1.12,5.29
AHEMEDABAD_SVPT,,19-12-2025 00:00,20.05,52.26,26.65,9.38,1.12,5.29
AHEMEDABAD_SVPT,,20-12-2025 00:00,20.05,52.26,26.65,9.38,1.12,5.29
AHEMEDABAD_SVPT,,21-12-2025 00:00,20.05,52.26,26.65,9.38,1.12,5.29
AHEMEDABAD_SVPT,,22-12-2025 00:00,20.05,52.26,26.65,9.38,1.12,5.29
AHEMEDABAD_SVPT,,23-12-2025 00:00,20.05,52.26,26.65,9.38,1.12,5.29
AHEMEDABAD_SVPT,,24-12-2025 00:00,20.05,52.26,26.65,9.38,1.12,5.29
AHEMEDABAD_SVPT,,25-12-2025 00:00,20.05,52.26,26.65,9.38,1.12,5.29
AHEMEDABAD_SVPT,,26-12-2025 00:00,20.05,52.26,26.65,9.38,1.12,5.29
AHEMEDABAD_SVPT,,27-12-2025 00:00,20.05,52.26,26.65,9.38,1.12,5.29
AHEMEDABAD_SVPT,,28-12-2025 00:00,20.05,52.26,26.65,9.38,1.12,5.29
AHEMEDABAD_SVPT,,29-12-2025 00:00,20.05,52.26,26.65,9.38,1.12,5.29
AHEMEDABAD_SVPT,,30-12-2025 00:00,20.05,52.26,26.65,9.38,1.12,5.29
AHEMEDABAD_SVPT,,31-12-2025 00:00,20.05,52.26,26.65,9.38,1.12,5.29
AHEMEDABAD_SVPT,,01-01-2026 00:00,20.05,52.26,26.65,9.38,1.12,5.29
AHEMEDABAD_SVPT,,14-01-2026 00:00,20.05,52.26,26.65,9.38,1.12,5.29
AHEMEDABAD_SVPT,,15-01-2026 00:00,20.05,52.26,26.65,9.38,1.12,5.29
AHEMEDABAD_SVPT,,16-01-2026 00:00,20.05,52.26,26.65,9.38,1.12,5.29
AHEMEDABAD_SVPT,,17-01-2026 00:00,20.05,52.26,26.65,9.38,1.12,5.29
AHEMEDABAD_SVPT,,18-01-2026 00:00,20.05,52.26,26.65,9.38,1.12,5.29
AHEMEDABAD_SVPT,,19-01-2026 00:00,20.05,52.26,26.65,9.38,1.12,5.29
AHEMEDABAD_SVPT,,20-01-2026 00:00,20.05,52.26,26.65,9.38,1.12,5.29
AHEMEDABAD_SVPT,,21-01-2026 00:00,20.05,52.26,26.65,9.38,1.12,5.29
AHEMEDABAD_SVPT,,22-01-2026 00:00,20.05,52.26,26.65,9.38,1.12,5.29
AHEMEDABAD_SVPT,,23-01-2026 00:00,20.05,52.26,26.65,9.38,1.12,5.29
AHEMEDABAD_SVPT,,24-01-2026 00:00,20.05,52.26,26.65,9.38,1.12,5.29
AHEMEDABAD_SVPT,,25-01-2026 00:00,20.05,52.26,26.65,9.38,1.12,5.29
AHEMEDABAD_SVPT,,26-01-2026 00:00,20.05,52.26,26.65,9.38,1.12,5.29
AHEMEDABAD_SVPT,,27-01-2026 00:00,20.05,52.26,26.65,9.38,1.12,5.29
AHEMEDABAD_SVPT,,28-01-2026 00:00,20.05,52.26,26.65,9.38,1.12,5.29
AHEMEDABAD_SVPT,,29-01-2026 00:00,20.05,52.26,26.65,9.38,1.12,5.29
AHEMEDABAD_SVPT,,30-01-2026 00:00,20.05,52.26,26.65,9.38,1.12,5.29
AHEMEDABAD_SVPT,,31-01-2026 00:00,20.05,52.26,26.65,9.38,1.12,5.29
AHEMEDABAD_SVPT,,01-02-2026 00:00,20.05,52.26,26.65,9.38,1.12,5.29
AHEMEDABAD_SVPT,,14-02-2026 00:00,20.05,52.26,26.65,9.38,1.12,5.29
AHEMEDABAD_SVPT,,15-02-2026 00:00,20.05,52.26,26.65,9.38,1.12,5.29
AHEMEDABAD_SVPT,,16-02-2026 00:00,20.05,52.26,26.65,9.38,1.12,5.29
AHEMEDABAD_SVPT,,17-02-2026 00:00,20.05,52.26,26.65,9.38,1.12,5.29
AHEMEDABAD_SVPT,,17-02-2026 00:00,20.05,52.26,26.65,9.38,1.12,5.29
BENGELURU,2025-01-01,02-01-2025 00:00,50.1,98.33,17.04,7.78,0.87,32.35
BENGELURU,2025-01-02,02-02-2025 00:00,41.54,81.55,17.54,8.3,0.94,10.06
BENGELURU,2025-01-03,02-03-2025 00:00,35.85,70.4,17.42,7.97,0.72,29.54
BENGELURU,2025-01-04,02-04-2025 00:00,34.53,91.23,15.13,5.46,0.83,57.02
BENGELURU,2025-01-05,02-05-2025 00:00,19.87,45.17,15.16,5.73,0.73,27.08
BENGELURU,2025-01-06,02-06-2025 00:00,26.45,76.36,15.89,4.95,0.68,19.98
BENGELURU,2025-01-07,02-07-2025 00:00,16.73,79.13,14.78,3.85,0.5,23.49
BENGELURU,2025-01-08,02-08-2025 00:00,16.78,78.38,17.31,5.29,0.84,25.86
BENGELURU,2025-01-09,02-09-2025 00:00,16.53,65.51,16.41,4.66,0.6699999999999999,27.66
BENGELURU,2025-01-10,02-10-2025 00:00,18.43,74.405,17.0,3.45,0.5,27.82
BENGELURU,2025-01-11,02-11-2025 00:00,21.43,83.3,22.86,9.2,0.75,23.55
BENGELURU,2025-01-12,02-12-2025 00:00,16.81,50.23,19.36,10.05,0.8,25.23
BENGELURU,2025-02-01,03-01-2025 00:00,48.15,94.52,16.95,7.39,0.72,32.49
BENGELURU,2025-02-02,03-02-2025 00:00,37.21,73.09,17.68,8.03,0.92,11.96
BENGELURU,2025-02-03,03-03-2025 00:00,35.2,69.11,17.43,6.959999999999999,0.49,29.55
BENGELURU,2025-02-04,03-04-2025 00:00,36.9,89.99,15.43,5.89,0.78,43.79
BENGELURU,2025-02-05,03-05-2025 00:00,14.51,53.55,15.84,6.06,0.89,27.14
BENGELURU,2025-02-06,03-06-2025 00:00,28.13,73.26,15.16,6.04,0.19,19.88
BENGELURU,2025-02-07,03-07-2025 00:00,17.88,77.74,16.79,4.08,0.51,21.94
BENGELURU,2025-02-08,03-08-2025 00:00,18.59,87.13,17.14,5.17,0.84,25.63
BENGELURU,2025-02-09,03-09-2025 00:00,18.9,68.94,16.7,4.23,0.6799999999999999,27.83
BENGELURU,2025-02-10,03-10-2025 00:00,15.26,73.565,16.7,4.04,0.52,27.78
BENGELURU,2025-02-11,03-11-2025 00:00,18.46,78.19,22.82,8.56,0.75,25.73
BENGELURU,2025-02-12,03-12-2025 00:00,17.25,49.87,19.33,8.02,0.7,25.23
BENGELURU,2025-03-01,04-01-2025 00:00,43.45,85.3,16.74,7.23,0.8,33.94
BENGELURU,2025-03-02,04-02-2025 00:00,40.28,79.08,17.74,8.13,1.0,38.15
BENGELURU,2025-03-03,04-03-2025 00:00,38.98,76.54,17.32,6.995000000000001,0.8,29.68
BENGELURU,2025-03-04,04-04-2025 00:00,26.73,73.97,15.62,5.86,0.86,19.22
BENGELURU,2025-03-05,04-05-2025 00:00,18.6,45.78,15.51,6.08,1.0,27.09
BENGELURU,2025-03-06,04-06-2025 00:00,28.42,71.12,15.53,5.08,2.24,19.92
BENGELURU,2025-03-07,04-07-2025 00:00,17.83,73.66,16.76,4.42,0.55,21.93
BENGELURU,2025-03-08,04-08-2025 00:00,17.42,70.28,16.54,4.73,0.9,25.75
BENGELURU,2025-03-09,04-09-2025 00:00,17.69,62.87,16.07,4.14,0.7,27.78
BENGELURU,2025-03-10,04-10-2025 00:00,17.95,68.99,16.6,3.74,0.5,27.73
BENGELURU,2025-03-11,04-11-2025 00:00,20.29,75.11,22.92,7.83,0.68,24.14
BENGELURU,2025-03-12,04-12-2025 00:00,15.53,47.67,19.61,8.67,0.74,25.29
BENGELURU,2025-04-01,05-01-2025 00:00,51.16,100.42,16.79,7.43,0.8,32.61
BENGELURU,2025-04-02,05-02-2025 00:00,41.09,80.66,18.72,8.62,1.55,38.15
BENGELURU,2025-04-03,05-03-2025 00:00,47.96,94.14,17.56,6.959999999999999,0.96,29.49
BENGELURU,2025-04-04,05-04-2025 00:00,18.59,59.34,15.11,5.3,0.69,19.11
BENGELURU,2025-04-05,05-05-2025 00:00,19.76,61.78,15.45,5.91,0.82,27.13
BENGELURU,2025-04-06,05-06-2025 00:00,26.16,78.86,15.53,5.02,0.57,19.78
BENGELURU,2025-04-07,05-07-2025 00:00,16.14,74.32,16.76,3.96,0.69,22.92
BENGELURU,2025-04-08,05-08-2025 00:00,17.16,63.02,16.61,6.51,0.93,25.86
BENGELURU,2025-04-09,05-09-2025 00:00,17.87,64.7,16.89,4.53,0.755,27.73
BENGELURU,2025-04-10,05-10-2025 00:00,17.41,70.1,16.79,3.6,0.58,27.72
BENGELURU,2025-04-11,05-11-2025 00:00,18.61,75.5,22.24,7.85,0.77,21.24
BENGELURU,2025-04-12,05-12-2025 00:00,14.88,48.34,18.78,7.33,0.68,25.22
BENGELURU,2025-05-01,06-01-2025 00:00,45.6,89.51,17.17,7.2,1.01,32.13
BENGELURU,2025-05-02,06-02-2025 00:00,46.56,91.39,17.37,8.955,0.6950000000000001,30.810000000000002
BENGELURU,2025-05-03,06-03-2025 00:00,47.52,93.27,17.57,10.71,0.38,29.49
BENGELURU,2025-05-04,06-04-2025 00:00,21.67,56.39,15.82,5.55,0.78,28.57
BENGELURU,2025-05-05,06-05-2025 00:00,18.3,67.55,15.64,5.49,1.07,27.02
BENGELURU,2025-05-06,06-06-2025 00:00,30.69,97.45,15.89,6.23,0.53,21.37
BENGELURU,2025-05-07,06-07-2025 00:00,15.54,65.42,16.42,3.81,0.94,24.77
BENGELURU,2025-05-08,06-08-2025 00:00,15.77,59.05,16.87,5.18,0.88,25.77
BENGELURU,2025-05-09,06-09-2025 00:00,18.36,74.39,16.89,4.06,0.6799999999999999,27.84
BENGELURU,2025-05-10,06-10-2025 00:00,16.06,70.845,16.72,3.45,0.48,27.76
BENGELURU,2025-05-11,06-11-2025 00:00,15.87,67.3,22.43,7.87,0.73,19.23
BENGELURU,2025-05-12,06-12-2025 00:00,18.64,48.83,19.5,8.13,0.72,25.16
BENGELURU,2025-06-01,07-01-2025 00:00,50.15,98.44,16.77,7.5,0.93,32.06
BENGELURU,2025-06-02,07-02-2025 00:00,38.21,74.95,17.55,7.75,0.02,62.09
BENGELURU,2025-06-03,07-03-2025 00:00,50.83,99.76,17.81,7.34,0.59,29.33
BENGELURU,2025-06-04,07-04-2025 00:00,21.36,58.54,15.68,6.93,0.9,39.54
BENGELURU,2025-06-05,07-05-2025 00:00,21.6,63.6,15.81,6.86,0.22,27.06
BENGELURU,2025-06-06,07-06-2025 00:00,31.36,104.0,15.41,4.56,0.65,24.9
BENGELURU,2025-06-07,07-07-2025 00:00,15.84,63.95,17.09,2.9,0.9,24.74
BENGELURU,2025-06-08,07-08-2025 00:00,15.67,56.6,17.2,4.67,0.89,25.68
BENGELURU,2025-06-09,07-09-2025 00:00,18.75,68.48,16.53,4.19,0.71,27.84
BENGELURU,2025-06-10,07-10-2025 00:00,16.66,69.02000000000001,16.47,4.41,0.53,27.79
BENGELURU,2025-06-11,07-11-2025 00:00,17.88,69.56,23.16,7.69,0.75,19.23
BENGELURU,2025-06-12,07-12-2025 00:00,20.73,54.51,19.62,7.09,0.72,25.28
BENGELURU,2025-07-01,08-01-2025 00:00,48.11,94.44,16.84,7.07,1.06,32.06
BENGELURU,2025-07-02,08-02-2025 00:00,41.22,80.93,17.68,8.21,1.05,62.09
BENGELURU,2025-07-03,08-03-2025 00:00,33.97,89.36500000000001,17.43,7.155,0.83,29.6
BENGELURU,2025-07-04,08-04-2025 00:00,26.72,97.8,15.87,6.1,1.34,37.46
BENGELURU,2025-07-05,08-05-2025 00:00,25.01,67.33,15.69,5.92,0.72,27.01
BENGELURU,2025-07-06,08-06-2025 00:00,30.69,91.18,15.93,5.1,0.39,24.76
BENGELURU,2025-07-07,08-07-2025 00:00,18.29,72.29,17.08,3.6,0.91,24.74
BENGELURU,2025-07-08,08-08-2025 00:00,16.65,62.06,17.27,6.17,0.97,25.76
BENGELURU,2025-07-09,08-09-2025 00:00,15.52,59.61,16.66,4.14,0.755,27.78
BENGELURU,2025-07-10,08-10-2025 00:00,20.54,71.845,16.81,4.27,0.54,27.79
BENGELURU,2025-07-11,08-11-2025 00:00,19.37,84.08,22.32,7.63,0.72,19.26
BENGELURU,2025-07-12,08-12-2025 00:00,19.74,52.4,19.3,6.33,0.69,25.22
BENGELURU,2025-08-01,09-01-2025 00:00,44.54,87.44,16.21,7.33,0.9,32.65
BENGELURU,2025-08-02,09-02-2025 00:00,48.055,94.33,16.875,7.365,0.94,31.08
BENGELURU,2025-08-03,09-03-2025 00:00,51.57,101.22,17.54,7.4,0.98,29.51
BENGELURU,2025-08-04,09-04-2025 00:00,25.2,74.17,15.9,6.7,0.87,31.18
BENGELURU,2025-08-05,09-05-2025 00:00,23.77,59.15,15.78,6.0,1.09,26.31
BENGELURU,2025-08-06,09-06-2025 00:00,24.63,73.36,15.6,5.24,0.62,24.8
BENGELURU,2025-08-07,09-07-2025 00:00,16.84,81.7,16.35,4.42,0.91,24.81
BENGELURU,2025-08-08,09-08-2025 00:00,17.35,62.93,16.52,4.9,0.82,25.78
BENGELURU,2025-08-09,09-09-2025 00:00,16.97,66.6,16.93,3.42,0.6799999999999999,27.66
BENGELURU,2025-08-10,09-10-2025 00:00,35.94,103.53,16.92,3.11,0.54,26.23
BENGELURU,2025-08-11,09-11-2025 00:00,20.05,92.08,22.07,7.53,0.7,19.23
BENGELURU,2025-08-12,09-12-2025 00:00,21.33,52.3,19.86,8.01,0.7,23.87
BENGELURU,2025-09-01,10-01-2025 00:00,52.29,102.62,13.76,7.31,0.53,29.11
BENGELURU,2025-09-02,10-02-2025 00:00,53.675,105.33500000000001,15.690000000000001,6.9825,0.54,29.369999999999997
BENGELURU,2025-09-03,10-03-2025 00:00,55.06,108.05,17.62,6.654999999999999,0.55,29.63
BENGELURU,2025-09-04,10-04-2025 00:00,28.76,76.68,20.39,6.3275,3.5,29.47
BENGELURU,2025-09-05,10-05-2025 00:00,21.71,64.79,15.69,6.0,1.08,26.71
BENGELURU,2025-09-06,10-06-2025 00:00,23.76,68.73,15.53,5.57,0.28,26.87
BENGELURU,2025-09-07,10-07-2025 00:00,17.55,77.6,17.09,4.49,0.87,24.79
BENGELURU,2025-09-08,10-08-2025 00:00,16.63,60.79,17.14,5.07,0.9,25.76
BENGELURU,2025-09-09,10-09-2025 00:00,19.06,81.66,16.85,5.87,0.71,27.87
BENGELURU,2025-09-10,10-10-2025 00:00,19.79,83.535,16.74,3.94,0.52,23.75
BENGELURU,2025-09-11,10-11-2025 00:00,19.42,85.41,22.45,6.79,0.67,19.24
BENGELURU,2025-09-12,10-12-2025 00:00,20.27,53.67,19.63,6.17,0.72,19.84
BENGELURU,2025-10-01,11-01-2025 00:00,52.44,102.92,13.48,7.71,0.94,23.06
BENGELURU,2025-10-02,11-02-2025 00:00,45.855000000000004,90.00999999999999,15.555,7.506666666666667,0.5599999999999999,25.955
BENGELURU,2025-10-03,11-03-2025 00:00,39.27,77.1,17.63,7.303333333333333,0.18,28.85
BENGELURU,2025-10-04,11-04-2025 00:00,42.52,75.87,15.18,7.1,0.04,28.11
BENGELURU,2025-10-05,11-05-2025 00:00,22.34,63.66,15.21,6.64,0.82,28.15
BENGELURU,2025-10-06,11-06-2025 00:00,27.04,74.64,15.78,5.89,0.71,28.88
BENGELURU,2025-10-07,11-07-2025 00:00,15.28,71.93,16.92,3.75,0.9,24.81
BENGELURU,2025-10-08,11-08-2025 00:00,15.48,55.45,17.57,4.7,1.2,25.86
BENGELURU,2025-10-09,11-09-2025 00:00,24.07,79.66,16.84,4.08,0.62,27.88
BENGELURU,2025-10-10,11-10-2025 00:00,17.05,93.14,15.88,3.97,0.52,23.81
BENGELURU,2025-10-11,11-11-2025 00:00,29.45,106.62,23.53,8.96,0.93,19.26
BENGELURU,2025-10-12,11-12-2025 00:00,18.96,52.18,19.65,6.84,0.71,19.84
BENGELURU,2025-11-01,12-01-2025 00:00,43.25,84.89,13.51,7.82,0.75,23.06
BENGELURU,2025-11-02,12-02-2025 00:00,42.03,82.5,17.53,7.7,1.02,36.41
BENGELURU,2025-11-03,12-03-2025 00:00,37.06,72.76,17.71,7.4,0.5,29.09
BENGELURU,2025-11-04,12-04-2025 00:00,24.52,67.65,15.35,7.1,0.64,29.08
BENGELURU,2025-11-05,12-05-2025 00:00,19.21,56.9,15.48,4.48,0.74,28.05
BENGELURU,2025-11-06,12-06-2025 00:00,31.58,76.02,15.75,5.89,0.99,28.93
BENGELURU,2025-11-07,12-07-2025 00:00,15.48,68.82,16.53,3.29,0.92,24.73
BENGELURU,2025-11-08,12-08-2025 00:00,17.75,63.16,16.71,5.48,1.41,25.81
BENGELURU,2025-11-09,12-09-2025 00:00,20.78,70.33,16.83,4.84,4.44,27.8
BENGELURU,2025-11-10,12-10-2025 00:00,18.56,89.86500000000001,16.13,3.75,0.52,23.8
BENGELURU,2025-11-11,12-11-2025 00:00,20.15,109.4,22.27,7.63,0.66,19.26
BENGELURU,2025-11-12,12-12-2025 00:00,23.15,54.64,19.24,6.97,0.76,19.92
BENGELURU,2025-12-01,13-01-2025 00:00,38.46,75.52,13.69,7.23,0.67,22.51
BENGELURU,2025-12-02,13-02-2025 00:00,44.58,87.51,17.64,7.75,1.09,27.22
BENGELURU,2025-12-03,13-03-2025 00:00,30.13,59.18,17.59,6.765000000000001,0.59,31.93
BENGELURU,2025-12-04,13-04-2025 00:00,22.13,60.86,15.92,5.78,1.05,29.01
BENGELURU,2025-12-05,13-05-2025 00:00,18.43,50.27,15.97,6.3,0.86,27.93
BENGELURU,2025-12-06,13-06-2025 00:00,25.63,66.23,15.61,5.07,0.4,28.86
BENGELURU,2025-12-07,13-07-2025 00:00,14.55,63.77,17.27,3.35,0.91,24.8
BENGELURU,2025-12-08,13-08-2025 00:00,17.94,65.49,17.39,4.37,0.33,25.82
BENGELURU,2025-12-09,13-09-2025 00:00,19.95,86.72,16.29,4.74,0.98,27.81
BENGELURU,2025-12-10,13-10-2025 00:00,18.21,95.375,16.08,2.93,0.54,23.8
BENGELURU,2025-12-11,13-11-2025 00:00,20.34,104.03,22.59,7.58,0.68,19.2
BENGELURU,2025-12-12,13-12-2025 00:00,22.78,56.69,19.47,6.52,0.76,19.9
BENGELURU,2026-01-01,02-01-2026 00:00,23.35,116.23,19.96,8.26,0.69,20.84
BENGELURU,2026-01-02,02-02-2026 00:00,17.59,84.53,20.4,7.43,0.16,20.92
BENGELURU,2026-02-01,03-01-2026 00:00,21.4,101.29,20.01,7.36,0.69,20.81
BENGELURU,2026-02-02,03-02-2026 00:00,19.29,102.36,20.09,7.54,0.19,20.89
BENGELURU,2026-03-01,04-01-2026 00:00,29.88,103.0,20.45,8.78,0.7,20.89
BENGELURU,2026-03-02,04-02-2026 00:00,20.24,108.03,20.11,8.97,0.21,20.88
BENGELURU,2026-04-01,05-01-2026 00:00,18.58,94.5,20.43,7.17,0.69,20.96
BENGELURU,2026-04-02,05-02-2026 00:00,16.42,88.34,20.84,8.4,0.18,20.93
BENGELURU,2026-05-01,06-01-2026 00:00,19.18,97.99,20.23,8.21,0.7,20.99
BENGELURU,2026-05-02,06-02-2026 00:00,15.41,85.49,20.03,8.63,0.19,20.88
BENGELURU,2026-06-01,07-01-2026 00:00,19.97,110.8,20.06,8.15,0.72,20.93
BENGELURU,2026-06-02,07-02-2026 00:00,16.29,84.23,20.3,7.52,0.19,20.94
BENGELURU,2026-07-01,08-01-2026 00:00,24.76,104.13,20.21,8.06,0.68,20.91
BENGELURU,2026-07-02,08-02-2026 00:00,17.11,92.42,20.53,8.5,0.2,20.87
BENGELURU,2026-08-01,09-01-2026 00:00,18.15,102.24,20.23,8.22,0.72,20.86
BENGELURU,2026-08-02,09-02-2026 00:00,19.24,98.09,20.13,8.05,0.17,20.86
BENGELURU,2026-09-01,10-01-2026 00:00,18.39,96.3,20.87,8.4,0.74,20.86
BENGELURU,2026-09-02,10-02-2026 00:00,22.09,108.59,20.35,9.86,0.23,20.88
BENGELURU,2026-10-01,11-01-2026 00:00,17.52,99.07,20.4,7.94,0.75,20.83
BENGELURU,2026-10-02,11-02-2026 00:00,18.9,100.14,20.42,8.21,0.17,20.89
BENGELURU,2026-11-01,12-01-2026 00:00,16.1,77.55,20.53,7.97,0.69,20.94
BENGELURU,2026-11-02,12-02-2026 00:00,18.3,97.82,20.41,8.34,0.17,20.93
BENGELURU,2026-12-01,13-01-2026 00:00,17.21,80.51,20.45,8.46,0.76,20.81
BENGELURU,2026-12-02,13-02-2026 00:00,15.62,82.75,19.63,6.59,0.15,20.99
BENGELURU,,14-01-2025 00:00,35.16,69.03,13.63,7.46,1.08,9.62
BENGELURU,,15-01-2025 00:00,30.89,60.66,13.39,7.72,0.61,12.93
BENGELURU,,16-01-2025 00:00,34.56,67.85,13.55,7.47,0.96,16.24
BENGELURU,,17-01-2025 00:00,41.35,81.18,13.38,7.15,1.02,27.4
BENGELURU,,18-01-2025 00:00,46.92,92.04,13.22,7.4,0.51,15.55
BENGELURU,,19-01-2025 00:00,52.66,103.34,13.62,7.93,0.82,12.23
BENGELURU,,20-01-2025 00:00,36.73,72.11,13.71,7.53,0.94,11.68
BENGELURU,,21-01-2025 00:00,36.16,70.99,13.81,7.82,0.71,29.71
BENGELURU,,22-01-2025 00:00,49.45,97.05,13.5,7.78,0.92,31.22
BENGELURU,,23-01-2025 00:00,44.55,87.43,13.7,7.8,1.18,32.59
BENGELURU,,24-01-2025 00:00,43.65,85.69,13.66,7.64,0.84,32.6
BENGELURU,,25-01-2025 00:00,37.16,72.95,13.7,7.78,1.01,32.59
BENGELURU,,26-01-2025 00:00,47.81,93.85,13.66,7.58,0.62,32.63
BENGELURU,,27-01-2025 00:00,37.09,72.82,13.81,7.37,0.48,32.58
BENGELURU,,28-01-2025 00:00,41.02,80.53,13.49,6.655,0.91,32.55
BENGELURU,,29-01-2025 00:00,47.98,94.19,13.51,5.94,0.93,32.59
BENGELURU,,30-01-2025 00:00,50.06,98.25,13.65,6.58,0.78,34.67
BENGELURU,,31-01-2025 00:00,44.85,88.04,12.76,7.33,1.62,36.55
BENGELURU,,01-02-2025 00:00,42.42,83.28,15.63,8.08,0.78,34.85
BENGELURU,,14-02-2025 00:00,46.86,91.98,17.54,8.26,1.07,28.173333333333336
BENGELURU,,15-02-2025 00:00,46.95,92.15,17.59,7.53,1.12,21.49666666666667
BENGELURU,,16-02-2025 00:00,44.56,87.48,17.51,8.0,0.93,14.82
BENGELURU,,17-02-2025 00:00,41.75,81.96,17.66,7.98,0.76,20.743333333333336
BENGELURU,,18-02-2025 00:00,43.79,85.95,17.68,7.97,0.99,26.66666666666667
BENGELURU,,19-02-2025 00:00,46.08,93.25,17.69,8.29,0.77,32.59
BENGELURU,,20-02-2025 00:00,48.3,94.79,17.35,8.96,0.63,32.52
BENGELURU,,21-02-2025 00:00,48.67,95.52,17.59,8.68,0.88,32.34
BENGELURU,,22-02-2025 00:00,46.74333333333333,91.74666666666667,17.675,8.715,0.895,32.525000000000006
BENGELURU,,23-02-2025 00:00,44.81666666666667,87.97333333333333,17.76,8.75,0.91,32.71
BENGELURU,,24-02-2025 00:00,42.89,84.2,17.55,8.26,1.55,32.6
BENGELURU,,25-02-2025 00:00,46.33,90.94,17.59,8.4,0.67,32.72
BENGELURU,,26-02-2025 00:00,44.56,87.47,17.74,8.5,0.2,32.56
BENGELURU,,27-02-2025 00:00,43.41,84.91,17.5,7.94,0.99,31.15
BENGELURU,,28-02-2025 00:00,43.45,85.3,17.58,7.71,0.66,29.66
BENGELURU,,01-03-2025 00:00,41.59,81.65,17.59,7.675714285714285,0.3,29.57
BENGELURU,,14-03-2025 00:00,36.28,71.23,17.54,7.6414285714285715,0.72,33.56
BENGELURU,,15-03-2025 00:00,41.97,82.39,17.71,7.607142857142857,0.84,33.51
BENGELURU,,16-03-2025 00:00,46.87,91.99,17.66,7.572857142857143,0.67,33.53
BENGELURU,,17-03-2025 00:00,38.77,76.12,17.61,7.538571428571428,0.56,33.65
BENGELURU,,18-03-2025 00:00,41.79,82.04,17.53,7.5042857142857144,0.57,33.63
BENGELURU,,19-03-2025 00:00,33.59,66.0,17.68,7.47,0.64,31.61
BENGELURU,,20-03-2025 00:00,36.87,72.39,17.55,7.06,0.1,30.73
BENGELURU,,21-03-2025 00:00,37.76,74.13,17.86,6.99,0.61,34.16
BENGELURU,,22-03-2025 00:00,32.4,63.63,17.78,6.74,0.57,35.62
BENGELURU,,23-03-2025 00:00,21.26,41.79,17.98,6.67,0.56,35.46
BENGELURU,,24-03-2025 00:00,17.87,35.14,17.69,6.86,0.48,35.53
BENGELURU,,25-03-2025 00:00,24.82,48.76,17.59,7.39,0.52,35.61
BENGELURU,,26-03-2025 00:00,41.07,80.63,17.63,7.28,0.67,35.57
BENGELURU,,27-03-2025 00:00,39.03,86.77,16.34,7.81,0.66,33.69
BENGELURU,,28-03-2025 00:00,36.98,90.95,17.93,9.98,1.25,39.44
BENGELURU,,29-03-2025 00:00,29.52,88.83,16.06,7.04,0.59,55.35
BENGELURU,,30-03-2025 00:00,31.75,95.27,15.6,5.66,1.06,78.12
BENGELURU,,31-03-2025 00:00,30.87,87.51,15.55,5.05,0.58,91.81
BENGELURU,,01-04-2025 00:00,23.93,84.64,15.72,5.91,0.8,76.74
BENGELURU,,14-04-2025 00:00,16.88,58.57,15.85,5.39,1.1,29.05
BENGELURU,,15-04-2025 00:00,24.19,75.9,15.49,5.87,0.84,29.1
BENGELURU,,16-04-2025 00:00,24.46,72.61,15.53,5.92,0.96,29.18
BENGELURU,,17-04-2025 00:00,25.04,55.99,15.13,6.44,0.77,28.91
BENGELURU,,18-04-2025 00:00,19.69,51.37,15.97,5.37,1.51,29.18
BENGELURU,,19-04-2025 00:00,28.21,60.13,15.32,6.07,0.68,29.09
BENGELURU,,20-04-2025 00:00,21.42,67.97,16.13,8.84,1.05,29.06
BENGELURU,,21-04-2025 00:00,22.82,66.79,16.28,5.89,0.47,29.06
BENGELURU,,22-04-2025 00:00,33.96,74.76,15.73,5.85,0.79,27.6
BENGELURU,,23-04-2025 00:00,30.19,91.19,16.11,6.14,0.8,24.99
BENGELURU,,24-04-2025 00:00,35.83,88.78,15.71,6.47,0.94,27.17
BENGELURU,,25-04-2025 00:00,30.18,81.49,15.45,6.25,1.36,29.04
BENGELURU,,26-04-2025 00:00,31.33,85.14,15.65,5.91,1.27,30.05
BENGELURU,,27-04-2025 00:00,24.0,77.71,15.57,5.32,0.88,32.07
BENGELURU,,28-04-2025 00:00,18.47,71.19,15.37,5.54,0.83,31.99
BENGELURU,,29-04-2025 00:00,13.44,69.24,15.8,6.69,0.81,30.17
BENGELURU,,30-04-2025 00:00,27.91,83.08,16.23,5.48,1.82,25.61
BENGELURU,,01-05-2025 00:00,15.62,74.58,16.03,5.26,0.7,25.15
BENGELURU,,14-05-2025 00:00,19.08,51.18,15.4,5.73,0.7,26.15
BENGELURU,,15-05-2025 00:00,22.68,46.81,15.8,5.54,0.44,25.96
BENGELURU,,16-05-2025 00:00,23.16,48.04,15.43,5.35,0.99,28.12
BENGELURU,,17-05-2025 00:00,24.08,47.91,15.84,6.02,0.84,26.63
BENGELURU,,18-05-2025 00:00,27.98,46.77,15.89,6.7,0.84,24.07
BENGELURU,,19-05-2025 00:00,17.98,42.98,15.76,5.03,0.59,23.99
BENGELURU,,20-05-2025 00:00,25.63,45.41,15.4,5.63,0.89,22.9
BENGELURU,,21-05-2025 00:00,29.86,50.0,15.96,6.21,0.82,21.08
BENGELURU,,22-05-2025 00:00,30.29,55.11,15.62,5.42,0.18,21.15
BENGELURU,,23-05-2025 00:00,36.0,82.47,15.68,6.11,0.66,21.14
BENGELURU,,24-05-2025 00:00,38.42,67.3,15.64,5.7,0.59,22.16
BENGELURU,,25-05-2025 00:00,30.77,51.31,15.93,5.13,0.59,24.14
BENGELURU,,26-05-2025 00:00,23.72,43.59,15.08,5.23,0.59,24.14
BENGELURU,,27-05-2025 00:00,25.42,43.01,15.88,4.63,0.68,24.09
BENGELURU,,28-05-2025 00:00,28.01,57.08,16.24,5.61,0.91,25.51
BENGELURU,,29-05-2025 00:00,19.67,63.61,16.17,5.55,0.62,28.11
BENGELURU,,30-05-2025 00:00,18.68,64.47,15.71,4.83,0.83,25.61
BENGELURU,,31-05-2025 00:00,30.09,69.9,15.94,5.34,0.66,19.94
BENGELURU,,01-06-2025 00:00,26.58,78.75,15.83,4.76,0.85,19.94
BENGELURU,,14-06-2025 00:00,30.23,66.13,15.39,5.49,0.58,27.22
BENGELURU,,15-06-2025 00:00,26.81,63.87,15.98,4.55,0.67,24.89
BENGELURU,,16-06-2025 00:00,19.82,57.61,15.5,3.25,0.83,24.86
BENGELURU,,17-06-2025 00:00,20.71,56.0,15.54,3.01,0.55,24.69
BENGELURU,,18-06-2025 00:00,32.72,64.64,15.38,3.76,0.5577777777777778,24.88
BENGELURU,,19-06-2025 00:00,29.29,69.18,15.7,4.45,0.5655555555555556,24.84
BENGELURU,,20-06-2025 00:00,26.9,78.1,15.21,4.29,0.5733333333333334,26.03
BENGELURU,,21-06-2025 00:00,14.48,75.45,15.61,6.15,0.5811111111111111,27.89
BENGELURU,,22-06-2025 00:00,14.99,71.2,15.47,3.26,0.5888888888888889,27.88
BENGELURU,,23-06-2025 00:00,13.71,64.73,15.93,3.32,0.5966666666666667,27.92
BENGELURU,,24-06-2025 00:00,15.17,68.03,15.41,3.53,0.6044444444444445,27.85
BENGELURU,,25-06-2025 00:00,15.8,73.33,16.01,2.97,0.6122222222222222,26.42
BENGELURU,,26-06-2025 00:00,16.72,71.81,15.93,4.53,0.62,24.66
BENGELURU,,27-06-2025 00:00,15.1,71.63,15.7,4.28,0.37,24.75
BENGELURU,,28-06-2025 00:00,15.22,72.62,16.09,4.57,0.36,24.58
BENGELURU,,29-06-2025 00:00,16.32,75.95,16.14,4.49,0.34,24.62
BENGELURU,,30-06-2025 00:00,14.51,72.72,15.65,3.72,0.35,24.74
BENGELURU,,01-07-2025 00:00,18.99,74.23,15.23,4.32,0.4,24.66
BENGELURU,,14-07-2025 00:00,14.34,60.98,16.84,3.06,0.91,24.75
BENGELURU,,15-07-2025 00:00,15.36,64.24,17.18,4.52,0.88,24.77
BENGELURU,,16-07-2025 00:00,18.28,70.76,16.94,18.28,0.88,25.84
BENGELURU,,17-07-2025 00:00,15.03,70.4,16.85,31.71,0.91,27.75
BENGELURU,,18-07-2025 00:00,13.86,58.67,16.65,32.1,0.89,27.84
BENGELURU,,19-07-2025 00:00,15.86,59.6225,16.985,32.165,0.9075,27.8075
BENGELURU,,20-07-2025 00:00,17.86,60.575,17.32,32.230000000000004,0.925,27.775
BENGELURU,,21-07-2025 00:00,19.86,61.527499999999996,17.654999999999998,32.295,0.9425,27.7425
BENGELURU,,22-07-2025 00:00,21.86,62.48,17.99,32.36,0.96,27.71
BENGELURU,,23-07-2025 00:00,17.47,63.2,16.98,31.86,0.94,27.78
BENGELURU,,24-07-2025 00:00,18.85,65.77,16.96,32.07,0.83,27.71
BENGELURU,,25-07-2025 00:00,17.68,65.33,16.62,31.83,0.88,27.77
BENGELURU,,26-07-2025 00:00,18.18,66.0,16.72,32.08,0.84,27.83
BENGELURU,,27-07-2025 00:00,17.89,65.34,16.78,31.89,0.81,27.74
BENGELURU,,28-07-2025 00:00,17.95,62.99,17.16,32.4,0.82,27.79
BENGELURU,,29-07-2025 00:00,17.13,67.02,17.21,31.88,0.88,27.75
BENGELURU,,30-07-2025 00:00,19.52,72.09,16.62,21.56,0.88,27.18
BENGELURU,,31-07-2025 00:00,16.16,73.61,16.48,5.04,0.83,25.89
BENGELURU,,01-08-2025 00:00,19.83,82.05,16.62,4.78,0.91,25.83
BENGELURU,,14-08-2025 00:00,20.45,63.79,16.59,4.33,0.18,24.75
BENGELURU,,15-08-2025 00:00,17.37,67.06,16.95,4.75,0.20421052631578945,22.74
BENGELURU,,16-08-2025 00:00,17.85,65.97,16.3,3.85,0.22842105263157894,22.83
BENGELURU,,17-08-2025 00:00,17.89,64.58,16.94,4.33,0.25263157894736843,22.84
BENGELURU,,18-08-2025 00:00,18.21,61.58,16.25,5.49,0.2768421052631579,22.78
BENGELURU,,19-08-2025 00:00,17.49,61.96,16.38,5.83,0.30105263157894735,22.75
BENGELURU,,20-08-2025 00:00,20.36,73.5,16.6,4.4,0.3252631578947368,23.44
BENGELURU,,21-08-2025 00:00,20.86,74.88,16.66,4.39,0.3494736842105263,24.82
BENGELURU,,22-08-2025 00:00,18.2,75.57,16.45,4.02,0.3736842105263158,24.83
BENGELURU,,23-08-2025 00:00,17.75,72.22,17.08,3.95,0.39789473684210525,24.84
BENGELURU,,24-08-2025 00:00,18.4,65.94333333333333,16.9,4.2,0.42210526315789476,24.76
BENGELURU,,25-08-2025 00:00,17.67,59.666666666666664,16.33,3.97,0.4463157894736842,24.72
BENGELURU,,26-08-2025 00:00,17.3,53.39,16.61,5.37,0.4705263157894737,24.84
BENGELURU,,27-08-2025 00:00,19.19,62.12571428571429,16.95,3.58,0.49473684210526314,24.74
BENGELURU,,28-08-2025 00:00,18.77,70.86142857142858,16.8,4.12,0.5189473684210526,24.79
BENGELURU,,29-08-2025 00:00,17.71,79.59714285714286,16.86,4.47,0.5431578947368421,24.82
BENGELURU,,30-08-2025 00:00,23.46,88.33285714285714,17.05,4.21,0.5673684210526315,25.91
BENGELURU,,31-08-2025 00:00,18.27,97.06857142857143,16.61,3.96,0.591578947368421,27.71
BENGELURU,,01-09-2025 00:00,16.34,105.80428571428571,16.57,4.1,0.6157894736842104,27.75
BENGELURU,,14-09-2025 00:00,20.0,114.54,16.89,3.48,0.64,27.73
BENGELURU,,15-09-2025 00:00,18.06,90.71,16.85,3.76,0.74,27.91
BENGELURU,,16-09-2025 00:00,19.87,88.51,16.27,3.05,0.66,27.75
BENGELURU,,17-09-2025 00:00,17.64,88.70375,16.74,5.0,0.65,27.75
BENGELURU,,18-09-2025 00:00,17.41,88.89750000000001,16.73,3.57,0.63,27.74
BENGELURU,,19-09-2025 00:00,15.95,89.09125,16.93,3.94,0.62,27.71
BENGELURU,,20-09-2025 00:00,18.98,89.285,16.51,3.96,0.61,27.72
BENGELURU,,21-09-2025 00:00,18.34,89.47875,16.81,3.98,0.63,27.93
BENGELURU,,22-09-2025 00:00,17.0,89.6725,16.26,3.26,0.64,27.86
BENGELURU,,23-09-2025 00:00,17.17,89.86625000000001,16.25,3.84,0.63,27.82
BENGELURU,,24-09-2025 00:00,16.82,90.06,16.56,4.48,0.6,27.8
BENGELURU,,25-09-2025 00:00,18.06,90.25375,16.38,3.86,0.6,27.78
BENGELURU,,26-09-2025 00:00,17.56,90.4475,16.75,4.61,0.6,27.76
BENGELURU,,27-09-2025 00:00,17.99,90.64125,16.59,4.31,0.59,27.8
BENGELURU,,28-09-2025 00:00,20.57,90.83500000000001,16.22,4.24,0.59,27.77
BENGELURU,,29-09-2025 00:00,18.04,91.02875,16.74,4.5,0.61,27.85
BENGELURU,,30-09-2025 00:00,19.76,91.2225,16.82,3.79,0.6,27.79
BENGELURU,,01-10-2025 00:00,19.89,91.41625,16.45,4.38,0.56,27.84
BENGELURU,,14-10-2025 00:00,25.19,91.61,16.42,4.29,0.55,24.48
BENGELURU,,15-10-2025 00:00,16.63,80.81,16.58,4.39,0.52,26.22
BENGELURU,,16-10-2025 00:00,16.4,72.59,16.89,4.88,0.54,26.1
BENGELURU,,17-10-2025 00:00,16.41,72.72,16.65,4.24,0.53,26.21
BENGELURU,,18-10-2025 00:00,15.73,67.78,16.34,4.27,0.53,26.19
BENGELURU,,19-10-2025 00:00,12.8,71.5,16.72,5.64,0.54,26.1
BENGELURU,,20-10-2025 00:00,20.04,60.02,15.99,5.16,0.42,25.94
BENGELURU,,21-10-2025 00:00,57.08,110.89,20.0,8.23,0.59,21.32
BENGELURU,,22-10-2025 00:00,38.74,102.88,23.12,6.88,0.68,20.53
BENGELURU,,23-10-2025 00:00,26.08,86.15,22.5,7.29,0.69,18.36
BENGELURU,,24-10-2025 00:00,24.1,83.84,22.58,7.06,0.69,18.32
BENGELURU,,25-10-2025 00:00,22.23,81.43,21.95,7.73,0.74,20.51
BENGELURU,,26-10-2025 00:00,19.62,86.53,22.53,7.9,0.71,22.56
BENGELURU,,27-10-2025 00:00,15.41,74.44,22.3,7.98,0.73,22.57
BENGELURU,,28-10-2025 00:00,18.2,76.38,22.31,8.9,0.71,22.6
BENGELURU,,29-10-2025 00:00,18.42,78.75,22.33,7.86,0.68,22.53
BENGELURU,,30-10-2025 00:00,24.06,87.24,22.71,7.05,0.7,22.61
BENGELURU,,31-10-2025 00:00,18.66,76.76,22.36,7.7,0.71,24.22
BENGELURU,,01-11-2025 00:00,22.08,80.44,23.1,7.64,0.73,24.62
BENGELURU,,14-11-2025 00:00,23.47,92.92,22.54,7.0,0.72,20.4
BENGELURU,,15-11-2025 00:00,18.72,98.79,22.76,7.66,0.66,22.24
BENGELURU,,16-11-2025 00:00,26.97,99.65,22.46,7.88,0.74,22.27
BENGELURU,,17-11-2025 00:00,21.42,97.67,22.82,6.52,0.69,22.25
BENGELURU,,18-11-2025 00:00,19.45,100.0,22.43,6.94,0.7,22.28
BENGELURU,,19-11-2025 00:00,20.79,94.73,22.32,6.34,0.68,22.3
BENGELURU,,20-11-2025 00:00,17.01,79.86,22.76,7.4,0.7,22.27
BENGELURU,,21-11-2025 00:00,19.86,98.27,22.66,7.29,0.63,22.24
BENGELURU,,22-11-2025 00:00,16.78,84.8,22.78,6.76,0.63,22.25
BENGELURU,,23-11-2025 00:00,15.78,59.19,22.69,6.73,0.69,22.28
BENGELURU,,24-11-2025 00:00,14.74,65.22,22.28,6.92,0.68,22.21
BENGELURU,,25-11-2025 00:00,16.02,78.43,22.87,7.48,0.69,22.29
BENGELURU,,26-11-2025 00:00,19.54,104.1,22.47,6.81,0.69,22.18
BENGELURU,,27-11-2025 00:00,22.42,110.45,22.36,6.86,0.63,22.32
BENGELURU,,28-11-2025 00:00,21.17,128.37,22.65,6.85,0.65,22.21
BENGELURU,,29-11-2025 00:00,25.08,82.89,21.22,7.27,0.71,23.28
BENGELURU,,30-11-2025 00:00,20.9,55.12,19.68,6.57,0.7,25.24
BENGELURU,,01-12-2025 00:00,18.15,51.32,19.23,6.31,0.71,25.28
BENGELURU,,14-12-2025 00:00,19.65,54.52,19.38,6.24,0.69,20.0
BENGELURU,,15-12-2025 00:00,18.67,52.75,19.6,7.0,0.69,19.89
BENGELURU,,16-12-2025 00:00,21.35,57.88,19.99,8.6,0.74,21.22
BENGELURU,,17-12-2025 00:00,18.19,81.46,19.83,7.43,0.65,23.92
BENGELURU,,18-12-2025 00:00,16.11,93.87,20.43,7.39,0.67,23.85
BENGELURU,,19-12-2025 00:00,19.47,119.61,20.08,7.64,0.71,23.87
BENGELURU,,20-12-2025 00:00,20.6,138.84,20.38,7.18,0.78,23.9
BENGELURU,,21-12-2025 00:00,22.29,145.91,20.76,6.47,0.81,23.87
BENGELURU,,22-12-2025 00:00,23.26,139.92,20.41,6.13,0.77,23.93
BENGELURU,,23-12-2025 00:00,20.56,139.17,20.18,7.13,0.8,23.79
BENGELURU,,24-12-2025 00:00,18.96,121.31,20.37,8.0,0.79,23.83
BENGELURU,,25-12-2025 00:00,20.94,157.05,20.34,7.27,0.8,23.86
BENGELURU,,26-12-2025 00:00,19.29,116.16,20.12,6.35,0.72,23.88
BENGELURU,,27-12-2025 00:00,19.35,120.71,20.51,6.82,0.73,23.84
BENGELURU,,28-12-2025 00:00,20.7,132.36,20.06,7.07,0.74,23.95
BENGELURU,,29-12-2025 00:00,22.33,137.91,20.87,6.23,0.76,23.93
BENGELURU,,30-12-2025 00:00,21.7,157.04,20.64,7.04,0.73,23.79
BENGELURU,,31-12-2025 00:00,26.11,122.69,20.72,8.21,0.74,22.68
BENGELURU,,01-01-2026 00:00,38.3,115.43,20.56,8.9,0.68,20.88
BENGELURU,,14-01-2026 00:00,18.32,89.68,20.36,7.93,0.72,20.87
BENGELURU,,15-01-2026 00:00,20.93,92.61,20.22,8.29,0.52,20.85
BENGELURU,,16-01-2026 00:00,17.56,78.33,20.54,9.1,0.18,20.83
BENGELURU,,17-01-2026 00:00,20.41,93.58,20.0,10.02,0.2,20.91
BENGELURU,,18-01-2026 00:00,19.31,99.75,19.97,7.19,0.24,20.94
BENGELURU,,19-01-2026 00:00,18.4,85.85,20.21,7.86,0.21,20.88
BENGELURU,,20-01-2026 00:00,21.66,95.77,20.18,8.3,0.24,20.91
BENGELURU,,21-01-2026 00:00,17.75,88.41,20.08,7.78,0.21,20.91
BENGELURU,,22-01-2026 00:00,19.75,91.82,20.21,8.85,0.2,20.93
BENGELURU,,23-01-2026 00:00,19.21,83.25,20.34,8.24,0.18,20.92
BENGELURU,,24-01-2026 00:00,24.62,86.24,20.67,9.41,0.2,20.85
BENGELURU,,25-01-2026 00:00,18.09,93.69,20.69,8.86,0.19,20.94
BENGELURU,,26-01-2026 00:00,16.1,74.27,20.67,7.93,0.14,20.89
BENGELURU,,27-01-2026 00:00,16.39,62.08,20.2,8.25,0.18,20.87
BENGELURU,,28-01-2026 00:00,17.82,77.68,20.21,8.41,0.19,20.91
BENGELURU,,29-01-2026 00:00,19.42,96.48,20.27,9.16,0.19,20.89
BENGELURU,,30-01-2026 00:00,29.37,109.7,19.54,8.02,0.19,20.95
BENGELURU,,31-01-2026 00:00,20.4,101.74,20.21,8.61,0.18,20.9
BENGELURU,,01-02-2026 00:00,16.76,88.34,20.18,8.56,0.19,20.86
BENGELURU,,14-02-2026 00:00,20.490000000000002,94.39,19.9975,8.2725,0.185,20.8325
BENGELURU,,15-02-2026 00:00,24.22,100.44,19.814999999999998,7.985,0.18,20.805
BENGELURU,,16-02-2026 00:00,27.95,106.49000000000001,19.6325,7.6975,0.17500000000000002,20.7775
BENGELURU,,17-02-2026 00:00,31.68,112.54,19.45,7.41,0.17,20.75
BENGELURU,,17-02-2026 00:00,35.18,123.19,20.55,4.89,0.12,21.78
BENGELURU_HEBBAL,2025-01-01,02-01-2025 00:00,57.0,97.66,50.0,11.72,0.43,6.11
BENGELURU_HEBBAL,2025-01-02,02-02-2025 00:00,25.21,63.33,47.14,9.3,0.43,9.23
BENGELURU_HEBBAL,2025-01-03,02-03-2025 00:00,22.58,66.41,42.81,9.4,0.44,7.87
BENGELURU_HEBBAL,2025-01-04,02-04-2025 00:00,65.81,108.13,0.9,10.49,0.48,44.38
BENGELURU_HEBBAL,2025-01-05,02-05-2025 00:00,20.45,42.45,15.09,6.18,0.46,16.5
BENGELURU_HEBBAL,2025-01-06,02-06-2025 00:00,8.47,39.42,13.17,7.53,0.39,11.44
BENGELURU_HEBBAL,2025-01-07,02-07-2025 00:00,6.85,32.61,12.18,6.11,0.32,11.59
BENGELURU_HEBBAL,2025-01-08,02-08-2025 00:00,9.27,48.18,15.05,5.68,0.3,7.82
BENGELURU_HEBBAL,2025-01-09,02-09-2025 00:00,5.26,25.02,15.3,6.4,0.33,7.72
BENGELURU_HEBBAL,2025-01-10,02-10-2025 00:00,4.64,23.77,16.25,5.26,0.36,7.5
BENGELURU_HEBBAL,2025-01-11,02-11-2025 00:00,19.19,53.0,15.58,3.6,0.39,14.43
BENGELURU_HEBBAL,2025-01-12,02-12-2025 00:00,16.11,37.03,17.38,4.71,0.42,7.7
BENGELURU_HEBBAL,2025-02-01,03-01-2025 00:00,61.55,108.24,53.61,12.86,0.44499999999999995,6.0
BENGELURU_HEBBAL,2025-02-02,03-02-2025 00:00,21.01,52.74,49.24,9.58,0.47,7.55
BENGELURU_HEBBAL,2025-02-03,03-03-2025 00:00,21.96,60.62,42.92,9.65,0.38,8.68
BENGELURU_HEBBAL,2025-02-04,03-04-2025 00:00,47.85,92.89,28.835,10.19,0.48,39.11
BENGELURU_HEBBAL,2025-02-05,03-05-2025 00:00,26.61,53.14,14.75,6.44,0.43,18.59
BENGELURU_HEBBAL,2025-02-06,03-06-2025 00:00,3.97,35.07,11.47,7.16,0.42,13.79
BENGELURU_HEBBAL,2025-02-07,03-07-2025 00:00,6.99,29.21,14.29,6.31,0.44,8.23
BENGELURU_HEBBAL,2025-02-08,03-08-2025 00:00,11.49,55.22,16.61,6.7,0.32,7.82
BENGELURU_HEBBAL,2025-02-09,03-09-2025 00:00,6.61,24.06,15.91,6.67,0.37,7.46
BENGELURU_HEBBAL,2025-02-10,03-10-2025 00:00,3.62,15.24,16.07,4.53,0.37,7.48
BENGELURU_HEBBAL,2025-02-11,03-11-2025 00:00,28.44,58.53,18.29,4.51,0.37,7.95
BENGELURU_HEBBAL,2025-02-12,03-12-2025 00:00,15.14,38.2,18.13,4.49,0.37,7.64
BENGELURU_HEBBAL,2025-03-01,04-01-2025 00:00,58.92,103.9,53.15,12.85,0.4,6.6899999999999995
BENGELURU_HEBBAL,2025-03-02,04-02-2025 00:00,22.9,57.53,52.65,8.69,0.43,5.74
BENGELURU_HEBBAL,2025-03-03,04-03-2025 00:00,25.43,76.09,43.97,8.74,0.44,15.29
BENGELURU_HEBBAL,2025-03-04,04-04-2025 00:00,31.11,62.5,29.61,2.83,0.45,6.77
BENGELURU_HEBBAL,2025-03-05,04-05-2025 00:00,19.56,41.3,15.25,5.18,0.41,21.27
BENGELURU_HEBBAL,2025-03-06,04-06-2025 00:00,4.5,25.65,12.56,8.79,0.41,11.89
BENGELURU_HEBBAL,2025-03-07,04-07-2025 00:00,3.19,19.62,13.39,10.12,0.43,8.88
BENGELURU_HEBBAL,2025-03-08,04-08-2025 00:00,8.13,28.56,16.59,5.76,0.38,7.94
BENGELURU_HEBBAL,2025-03-09,04-09-2025 00:00,5.12,15.55,15.65,5.81,0.35,7.51
BENGELURU_HEBBAL,2025-03-10,04-10-2025 00:00,4.36,14.47,16.43,4.41,0.3733333333333333,7.76
BENGELURU_HEBBAL,2025-03-11,04-11-2025 00:00,25.7,53.25,18.35,0.37,0.39666666666666667,7.62
BENGELURU_HEBBAL,2025-03-12,04-12-2025 00:00,8.46,27.54,17.3,5.57,0.42,7.47
BENGELURU_HEBBAL,2025-04-01,05-01-2025 00:00,63.08,120.95,54.65,13.49,0.435,6.59
BENGELURU_HEBBAL,2025-04-02,05-02-2025 00:00,30.1,75.57,54.87,11.2,0.45,5.71
BENGELURU_HEBBAL,2025-04-03,05-03-2025 00:00,34.82,95.9,50.73,8.45,0.46,10.02
BENGELURU_HEBBAL,2025-04-04,05-04-2025 00:00,18.45,44.76,32.665,2.45,0.37,9.11
BENGELURU_HEBBAL,2025-04-05,05-05-2025 00:00,20.07,51.49,14.6,6.11,0.4,17.61
BENGELURU_HEBBAL,2025-04-06,05-06-2025 00:00,10.41,48.81,12.1,8.1,0.39,13.89
BENGELURU_HEBBAL,2025-04-07,05-07-2025 00:00,3.5,26.75,14.08,7.74,0.41,8.2
BENGELURU_HEBBAL,2025-04-08,05-08-2025 00:00,8.47,17.83,14.86,6.08,0.38,7.92
BENGELURU_HEBBAL,2025-04-09,05-09-2025 00:00,4.89,19.08,14.83,6.93,0.39,8.01
BENGELURU_HEBBAL,2025-04-10,05-10-2025 00:00,11.46,32.52,17.13,2.88,0.39333333333333337,7.64
BENGELURU_HEBBAL,2025-04-11,05-11-2025 00:00,19.27,41.59,18.54,0.72,0.39666666666666667,7.55
BENGELURU_HEBBAL,2025-04-12,05-12-2025 00:00,8.25,25.96,17.57,5.37,0.4,7.19
BENGELURU_HEBBAL,2025-05-01,06-01-2025 00:00,66.08,116.82,53.63,12.45,0.405,11.55
BENGELURU_HEBBAL,2025-05-02,06-02-2025 00:00,49.32,120.11,51.4,10.35,0.41,15.91
BENGELURU_HEBBAL,2025-05-03,06-03-2025 00:00,52.89,123.92,54.07,7.05,0.35,12.93
BENGELURU_HEBBAL,2025-05-04,06-04-2025 00:00,14.18,39.96,34.245000000000005,2.76,0.44,10.2
BENGELURU_HEBBAL,2025-05-05,06-05-2025 00:00,26.4,61.36,14.42,6.54,0.41,27.85
BENGELURU_HEBBAL,2025-05-06,06-06-2025 00:00,17.78,82.18,11.88,7.5,0.39,18.29
BENGELURU_HEBBAL,2025-05-07,06-07-2025 00:00,2.91,21.76,14.26,8.71,0.37,7.99
BENGELURU_HEBBAL,2025-05-08,06-08-2025 00:00,6.7,18.43,14.75,6.73,0.4,9.53
BENGELURU_HEBBAL,2025-05-09,06-09-2025 00:00,9.03,32.01,16.46,6.17,0.4,7.58
BENGELURU_HEBBAL,2025-05-10,06-10-2025 00:00,6.0,18.82,16.39,2.66,0.42000000000000004,7.53
BENGELURU_HEBBAL,2025-05-11,06-11-2025 00:00,10.69,31.04,18.4,0.78,0.44,7.67
BENGELURU_HEBBAL,2025-05-12,06-12-2025 00:00,39.26,84.08,36.82,5.78,0.46,10.52
BENGELURU_HEBBAL,2025-06-01,07-01-2025 00:00,63.57,117.04,55.24,13.1,0.42500000000000004,8.96
BENGELURU_HEBBAL,2025-06-02,07-02-2025 00:00,35.84,88.85,49.01,10.21,0.39,7.4
BENGELURU_HEBBAL,2025-06-03,07-03-2025 00:00,50.78,110.49,48.67,8.47,0.4,22.52
BENGELURU_HEBBAL,2025-06-04,07-04-2025 00:00,24.81,54.08,32.46,2.53,0.38,12.67
BENGELURU_HEBBAL,2025-06-05,07-05-2025 00:00,20.95,55.84,16.25,6.49,0.48,12.48
BENGELURU_HEBBAL,2025-06-06,07-06-2025 00:00,19.73,88.47,13.75,6.77,0.4,13.75
BENGELURU_HEBBAL,2025-06-07,07-07-2025 00:00,4.84,26.5,14.21,8.68,0.37,8.0
BENGELURU_HEBBAL,2025-06-08,07-08-2025 00:00,4.29,12.4,13.52,6.89,0.39,9.64
BENGELURU_HEBBAL,2025-06-09,07-09-2025 00:00,7.52,21.51,16.47,6.5,0.32,7.54
BENGELURU_HEBBAL,2025-06-10,07-10-2025 00:00,7.34,26.39,14.07,2.51,0.34,9.31
BENGELURU_HEBBAL,2025-06-11,07-11-2025 00:00,15.88,40.92,16.59,0.5,0.36,10.12
BENGELURU_HEBBAL,2025-06-12,07-12-2025 00:00,63.9,108.69,20.35,5.39,0.38,10.74
BENGELURU_HEBBAL,2025-07-01,08-01-2025 00:00,56.84,118.67,54.42,12.74,0.405,8.535
BENGELURU_HEBBAL,2025-07-02,08-02-2025 00:00,42.15,94.29,49.8,9.97,0.43,6.33
BENGELURU_HEBBAL,2025-07-03,08-03-2025 00:00,56.51,135.47,54.65,8.92,0.41,24.19
BENGELURU_HEBBAL,2025-07-04,08-04-2025 00:00,47.57,88.23,35.425,2.86,0.45,12.77
BENGELURU_HEBBAL,2025-07-05,08-05-2025 00:00,21.86,62.35,16.2,6.25,0.37,12.78
BENGELURU_HEBBAL,2025-07-06,08-06-2025 00:00,15.45,58.93,14.46,7.27,0.38,12.25
BENGELURU_HEBBAL,2025-07-07,08-07-2025 00:00,7.8,40.5,14.17,9.26,0.4,8.34
BENGELURU_HEBBAL,2025-07-08,08-08-2025 00:00,7.42,16.86,15.33,6.99,0.34,7.49
BENGELURU_HEBBAL,2025-07-09,08-09-2025 00:00,12.585,21.19,15.54,6.57,0.33,7.76
BENGELURU_HEBBAL,2025-07-10,08-10-2025 00:00,17.75,53.85,16.52,1.42,0.3466666666666667,7.93
BENGELURU_HEBBAL,2025-07-11,08-11-2025 00:00,29.67,55.33,17.01,1.88,0.36333333333333334,12.81
BENGELURU_HEBBAL,2025-07-12,08-12-2025 00:00,58.1,99.95,18.2,4.75,0.38,8.14
BENGELURU_HEBBAL,2025-08-01,09-01-2025 00:00,51.79,104.81,55.06,12.3,0.375,7.65
BENGELURU_HEBBAL,2025-08-02,09-02-2025 00:00,60.55,118.48,52.82,10.34,0.37,7.16
BENGELURU_HEBBAL,2025-08-03,09-03-2025 00:00,59.11,130.67,58.68,9.65,0.42,21.94
BENGELURU_HEBBAL,2025-08-04,09-04-2025 00:00,30.52,67.46,37.5,2.56,0.39,16.1
BENGELURU_HEBBAL,2025-08-05,09-05-2025 00:00,16.39,51.02,16.32,6.88,0.38,13.18
BENGELURU_HEBBAL,2025-08-06,09-06-2025 00:00,11.93,43.23,14.78,6.84,0.4,11.56
BENGELURU_HEBBAL,2025-08-07,09-07-2025 00:00,8.22,48.71,14.07,9.66,0.4,8.57
BENGELURU_HEBBAL,2025-08-08,09-08-2025 00:00,7.45,17.79,15.15,5.02,0.33,9.13
BENGELURU_HEBBAL,2025-08-09,09-09-2025 00:00,8.71,28.43,11.41,7.29,0.32,14.37
BENGELURU_HEBBAL,2025-08-10,09-10-2025 00:00,33.06,79.12,18.31,1.17,0.36,8.35
BENGELURU_HEBBAL,2025-08-11,09-11-2025 00:00,40.91,78.01,16.15,1.24,0.4,15.27
BENGELURU_HEBBAL,2025-08-12,09-12-2025 00:00,49.77,87.42,19.6,5.9,0.44,9.01
BENGELURU_HEBBAL,2025-09-01,10-01-2025 00:00,71.38,120.55,54.62,10.46,0.385,8.52
BENGELURU_HEBBAL,2025-09-02,10-02-2025 00:00,75.15,134.07,53.63,9.81,0.33,8.03
BENGELURU_HEBBAL,2025-09-03,10-03-2025 00:00,64.32,127.54,54.74,8.31,0.34,32.27
BENGELURU_HEBBAL,2025-09-04,10-04-2025 00:00,25.57,68.2,36.46,2.63,0.41,24.55
BENGELURU_HEBBAL,2025-09-05,10-05-2025 00:00,21.59,58.09,18.18,6.47,0.46,11.77
BENGELURU_HEBBAL,2025-09-06,10-06-2025 00:00,6.93,32.84,12.7,6.85,0.34,12.34
BENGELURU_HEBBAL,2025-09-07,10-07-2025 00:00,7.1,42.2,13.75,10.54,0.39,8.93
BENGELURU_HEBBAL,2025-09-08,10-08-2025 00:00,5.28,15.9,15.82,5.98,0.38,8.69
BENGELURU_HEBBAL,2025-09-09,10-09-2025 00:00,14.03,48.1,16.06,6.46,0.71,9.33
BENGELURU_HEBBAL,2025-09-10,10-10-2025 00:00,13.96,30.7,18.34,1.46,0.62,8.3
BENGELURU_HEBBAL,2025-09-11,10-11-2025 00:00,30.4,67.95,19.46,3.26,0.53,10.32
BENGELURU_HEBBAL,2025-09-12,10-12-2025 00:00,51.28,93.86,36.785,5.95,0.44,8.33
BENGELURU_HEBBAL,2025-10-01,11-01-2025 00:00,73.58,117.33,54.11,11.91,0.44,7.885
BENGELURU_HEBBAL,2025-10-02,11-02-2025 00:00,80.1,140.73,53.33,9.48,0.44,7.44
BENGELURU_HEBBAL,2025-10-03,11-03-2025 00:00,33.79,82.95,47.58,9.19,0.38,16.02
BENGELURU_HEBBAL,2025-10-04,11-04-2025 00:00,30.55,62.77,28.86,2.17,0.31,33.76
BENGELURU_HEBBAL,2025-10-05,11-05-2025 00:00,22.69,59.94,18.56,6.69,0.43,13.16
BENGELURU_HEBBAL,2025-10-06,11-06-2025 00:00,10.07,40.66,13.62,6.41,0.42,11.28
BENGELURU_HEBBAL,2025-10-07,11-07-2025 00:00,6.82,36.43,14.38,9.28,0.39,8.19
BENGELURU_HEBBAL,2025-10-08,11-08-2025 00:00,3.75,10.15,15.91,6.02,0.34,7.66
BENGELURU_HEBBAL,2025-10-09,11-09-2025 00:00,14.62,42.35,15.44,6.14,0.4,8.86
BENGELURU_HEBBAL,2025-10-10,11-10-2025 00:00,8.86,21.18,18.04,2.74,0.38666666666666666,8.43
BENGELURU_HEBBAL,2025-10-11,11-11-2025 00:00,74.09,130.2,17.62,1.34,0.37333333333333335,22.52
BENGELURU_HEBBAL,2025-10-12,11-12-2025 00:00,48.34,87.76,35.099999999999994,5.57,0.36,10.03
BENGELURU_HEBBAL,2025-11-01,12-01-2025 00:00,45.79,89.54,52.58,11.26,0.395,8.26
BENGELURU_HEBBAL,2025-11-02,12-02-2025 00:00,49.4,106.69,55.23,9.77,0.43,6.49
BENGELURU_HEBBAL,2025-11-03,12-03-2025 00:00,20.18,62.52,43.1,8.9,0.38,8.49
BENGELURU_HEBBAL,2025-11-04,12-04-2025 00:00,28.37,62.56,14.47,3.4,0.49,29.77
BENGELURU_HEBBAL,2025-11-05,12-05-2025 00:00,20.56,50.11,17.88,5.27,0.38,11.81
BENGELURU_HEBBAL,2025-11-06,12-06-2025 00:00,10.61,38.28,13.6,6.01,0.41,10.4
BENGELURU_HEBBAL,2025-11-07,12-07-2025 00:00,7.05,28.98,15.02,9.28,0.43,7.95
BENGELURU_HEBBAL,2025-11-08,12-08-2025 00:00,7.29,23.73,14.58,5.95,0.37,8.49
BENGELURU_HEBBAL,2025-11-09,12-09-2025 00:00,9.54,30.34,12.83,6.86,0.41,9.51
BENGELURU_HEBBAL,2025-11-10,12-10-2025 00:00,22.22,49.44,17.58,3.38,0.42333333333333334,9.91
BENGELURU_HEBBAL,2025-11-11,12-11-2025 00:00,56.16,105.66,20.02,1.98,0.43666666666666665,10.26
BENGELURU_HEBBAL,2025-11-12,12-12-2025 00:00,62.78,112.81,35.43,6.02,0.45,11.38
BENGELURU_HEBBAL,2025-12-01,13-01-2025 00:00,41.72,79.06,50.84,12.52,0.5,9.530000000000001
BENGELURU_HEBBAL,2025-12-02,13-02-2025 00:00,35.6,94.15,53.0,8.17,0.55,7.68
BENGELURU_HEBBAL,2025-12-03,13-03-2025 00:00,9.62,41.4,43.8,9.29,0.4,7.45
BENGELURU_HEBBAL,2025-12-04,13-04-2025 00:00,25.04,49.36,7.01,4.59,0.46,30.08
BENGELURU_HEBBAL,2025-12-05,13-05-2025 00:00,13.12,39.71,14.76,6.8,0.43,17.01
BENGELURU_HEBBAL,2025-12-06,13-06-2025 00:00,4.28,19.57,14.82,6.71,0.39,10.92
BENGELURU_HEBBAL,2025-12-07,13-07-2025 00:00,5.91,21.14,15.91,8.57,0.44,7.64
BENGELURU_HEBBAL,2025-12-08,13-08-2025 00:00,5.05,23.86,14.92,6.95,0.31,8.56
BENGELURU_HEBBAL,2025-12-09,13-09-2025 00:00,12.32,41.26,14.5,7.08,0.37,7.75
BENGELURU_HEBBAL,2025-12-10,13-10-2025 00:00,33.83,84.14,18.1,3.14,0.38,10.38
BENGELURU_HEBBAL,2025-12-11,13-11-2025 00:00,54.3,94.82,20.59,2.28,0.39,8.66
BENGELURU_HEBBAL,2025-12-12,13-12-2025 00:00,77.17,128.1,12.18,5.41,0.4,10.56
BENGELURU_HEBBAL,2026-01-01,02-01-2026 00:00,77.81,124.82,3.77,5.52,0.42,21.44
BENGELURU_HEBBAL,2026-01-02,02-02-2026 00:00,47.25,84.41,32.94,6.59,0.67,9.98
BENGELURU_HEBBAL,2026-02-01,03-01-2026 00:00,56.95,101.21,1.84,8.62,0.46,40.63
BENGELURU_HEBBAL,2026-02-02,03-02-2026 00:00,61.58,106.65,34.16,11.99,0.68,9.81
BENGELURU_HEBBAL,2026-03-01,04-01-2026 00:00,60.68,105.03,34.51,5.34,0.4,18.8
BENGELURU_HEBBAL,2026-03-02,04-02-2026 00:00,51.62,108.14,34.86,10.94,0.75,10.54
BENGELURU_HEBBAL,2026-04-01,05-01-2026 00:00,55.06,94.23,34.425,6.73,0.37,23.61
BENGELURU_HEBBAL,2026-04-02,05-02-2026 00:00,31.16,74.65,33.99,11.65,0.64,8.08
BENGELURU_HEBBAL,2026-05-01,06-01-2026 00:00,53.64,92.65,1.81,8.11,0.6,21.13
BENGELURU_HEBBAL,2026-05-02,06-02-2026 00:00,28.44,73.85,32.76,12.16,0.91,11.49
BENGELURU_HEBBAL,2026-06-01,07-01-2026 00:00,76.3,120.51,33.599999999999994,6.19,0.38,10.39
BENGELURU_HEBBAL,2026-06-02,07-02-2026 00:00,46.86,88.22,34.44,11.42,1.29,7.72
BENGELURU_HEBBAL,2026-07-01,08-01-2026 00:00,61.66,102.64,35.745,9.89,0.42,11.47
BENGELURU_HEBBAL,2026-07-02,08-02-2026 00:00,48.04,93.21,37.05,11.95,1.0,8.35
BENGELURU_HEBBAL,2026-08-01,09-01-2026 00:00,48.32,92.25,37.114999999999995,8.2,0.78,47.01
BENGELURU_HEBBAL,2026-08-02,09-02-2026 00:00,70.1,120.01,37.18,10.89,0.52,10.21
BENGELURU_HEBBAL,2026-09-01,10-01-2026 00:00,43.38,83.88,8.23,5.23,0.55,6.63
BENGELURU_HEBBAL,2026-09-02,10-02-2026 00:00,69.53,120.17,36.78,12.66,0.65,13.42
BENGELURU_HEBBAL,2026-10-01,11-01-2026 00:00,47.71,84.72,20.03,5.58,0.5,16.31
BENGELURU_HEBBAL,2026-10-02,11-02-2026 00:00,62.05,115.33,36.51,10.79,0.74,10.72
BENGELURU_HEBBAL,2026-11-01,12-01-2026 00:00,29.96,58.94,13.95,10.5,1.02,11.2
BENGELURU_HEBBAL,2026-11-02,12-02-2026 00:00,58.51,105.76,34.72,11.27,0.76,12.31
BENGELURU_HEBBAL,2026-12-01,13-01-2026 00:00,29.94,65.54,10.15,11.47,1.51,7.77
BENGELURU_HEBBAL,2026-12-02,13-02-2026 00:00,31.22,76.37,34.16,9.52,0.67,7.7
BENGELURU_HEBBAL,,14-01-2025 00:00,31.65,64.84,50.21,12.86,0.6633333333333333,8.97
BENGELURU_HEBBAL,,15-01-2025 00:00,22.28,52.74,48.21,13.4,0.6566666666666667,10.24
BENGELURU_HEBBAL,,16-01-2025 00:00,19.59,54.4,49.96,12.88,0.65,11.51
BENGELURU_HEBBAL,,17-01-2025 00:00,41.99,85.38,53.35,12.74,0.6433333333333333,12.780000000000001
BENGELURU_HEBBAL,,18-01-2025 00:00,68.48,110.86,52.63,13.65,0.6366666666666667,14.05
BENGELURU_HEBBAL,,19-01-2025 00:00,66.09,110.33,47.15,13.14,0.63,22.99
BENGELURU_HEBBAL,,20-01-2025 00:00,34.54,70.14,32.42,8.49,0.35,5.11
BENGELURU_HEBBAL,,21-01-2025 00:00,28.42,74.84,33.93,9.21,0.38,6.9
BENGELURU_HEBBAL,,22-01-2025 00:00,46.83,99.33,42.22,9.7,0.45,5.46
BENGELURU_HEBBAL,,23-01-2025 00:00,43.1,99.27,43.61,9.55,0.39,5.84
BENGELURU_HEBBAL,,24-01-2025 00:00,40.85,94.83,42.33,11.07,0.38,6.13
BENGELURU_HEBBAL,,25-01-2025 00:00,35.07,87.85,46.3,9.62,0.39,5.46
BENGELURU_HEBBAL,,26-01-2025 00:00,36.89,92.54,49.84,9.62,0.51,5.3
BENGELURU_HEBBAL,,27-01-2025 00:00,21.95,55.16,47.76,10.35,0.41,4.89
BENGELURU_HEBBAL,,28-01-2025 00:00,31.34,78.66,49.44,10.72,0.43,7.0
BENGELURU_HEBBAL,,29-01-2025 00:00,53.33,133.54,48.18,10.43,0.42,27.53
BENGELURU_HEBBAL,,30-01-2025 00:00,58.56,146.68,49.95,9.95,0.46,10.69
BENGELURU_HEBBAL,,31-01-2025 00:00,45.93,115.02,47.02,10.59,0.42,9.96
BENGELURU_HEBBAL,,01-02-2025 00:00,22.8,57.34,46.68,9.66,0.41,6.93
BENGELURU_HEBBAL,,14-02-2025 00:00,45.91,105.69,54.7,7.75,0.49,12.61
BENGELURU_HEBBAL,,15-02-2025 00:00,37.88,99.43,53.64,8.01,0.46,9.93
BENGELURU_HEBBAL,,16-02-2025 00:00,41.81,95.75,45.0,8.25,0.38,17.33
BENGELURU_HEBBAL,,17-02-2025 00:00,39.43,91.39,46.21,9.52,0.38,17.96
BENGELURU_HEBBAL,,18-02-2025 00:00,40.16,87.3,47.47,8.07,0.39,16.06
BENGELURU_HEBBAL,,19-02-2025 00:00,36.85,88.44,50.06,8.01,0.37,10.69
BENGELURU_HEBBAL,,20-02-2025 00:00,39.15,97.64,55.11,8.21,0.41,9.92
BENGELURU_HEBBAL,,21-02-2025 00:00,41.38,101.85,54.85,8.51,0.4,10.01
BENGELURU_HEBBAL,,22-02-2025 00:00,39.46,96.01,48.53,8.55,0.43,25.37
BENGELURU_HEBBAL,,23-02-2025 00:00,43.86,104.74,41.97,9.19,0.38,33.95
BENGELURU_HEBBAL,,24-02-2025 00:00,42.3,105.14,47.67,9.09,0.36,14.26
BENGELURU_HEBBAL,,25-02-2025 00:00,37.12,92.75,42.86,8.7,0.41,9.43
BENGELURU_HEBBAL,,26-02-2025 00:00,34.55,82.59,42.69,7.78,0.55,11.12
BENGELURU_HEBBAL,,27-02-2025 00:00,30.05,77.54,42.69,8.25,0.36,7.32
BENGELURU_HEBBAL,,28-02-2025 00:00,33.18,80.27,47.55,9.02,0.38,9.46
BENGELURU_HEBBAL,,01-03-2025 00:00,26.65,69.87,48.29,9.09,0.39,7.82
BENGELURU_HEBBAL,,14-03-2025 00:00,14.91,49.26,47.7,9.49,0.48,9.46
BENGELURU_HEBBAL,,15-03-2025 00:00,30.38,74.45,52.73,8.95,0.43,14.79
BENGELURU_HEBBAL,,16-03-2025 00:00,44.24,89.46,54.52,9.28,0.43,20.76
BENGELURU_HEBBAL,,17-03-2025 00:00,34.55,72.14,52.45,9.56,0.36,11.89
BENGELURU_HEBBAL,,18-03-2025 00:00,37.7,72.45,42.51,10.28,0.5,27.47
BENGELURU_HEBBAL,,19-03-2025 00:00,28.16,64.43,45.51,9.66,0.4,25.56
BENGELURU_HEBBAL,,20-03-2025 00:00,32.54,68.41,46.53,10.66,0.39,13.37
BENGELURU_HEBBAL,,21-03-2025 00:00,34.26,72.61,48.55,10.49,0.43,9.71
BENGELURU_HEBBAL,,22-03-2025 00:00,32.93,76.11,50.1,9.7,0.45,14.85
BENGELURU_HEBBAL,,23-03-2025 00:00,34.57,67.61,47.97,10.72,0.34,14.8
BENGELURU_HEBBAL,,24-03-2025 00:00,31.87,66.73,52.56,10.06,0.42,7.83
BENGELURU_HEBBAL,,25-03-2025 00:00,29.49,71.82,48.49,10.36,0.42,25.75
BENGELURU_HEBBAL,,26-03-2025 00:00,30.79,73.31,58.08,10.68,0.45,29.4
BENGELURU_HEBBAL,,27-03-2025 00:00,36.44,79.47,60.45,9.94,0.44,17.29
BENGELURU_HEBBAL,,28-03-2025 00:00,41.58,84.78,53.26,10.84,0.41,37.73
BENGELURU_HEBBAL,,29-03-2025 00:00,43.38,89.97,55.74,10.45,0.46,28.85
BENGELURU_HEBBAL,,30-03-2025 00:00,49.26,102.99,0.26,10.28,0.43,48.1
BENGELURU_HEBBAL,,31-03-2025 00:00,49.43,96.33,0.22,11.85,0.48,27.6
BENGELURU_HEBBAL,,01-04-2025 00:00,56.0,97.45,0.23,10.84,0.54,65.58
BENGELURU_HEBBAL,,14-04-2025 00:00,22.43,56.58,9.32,6.81,0.49,45.36
BENGELURU_HEBBAL,,15-04-2025 00:00,33.64,71.04,12.48,8.5,0.46,26.84
BENGELURU_HEBBAL,,16-04-2025 00:00,28.34,61.36,13.13,8.08,0.37,21.11
BENGELURU_HEBBAL,,17-04-2025 00:00,29.9,59.16,13.58,8.66,0.51,37.08
BENGELURU_HEBBAL,,18-04-2025 00:00,27.54,58.18,1.48,6.83,0.43,13.78
BENGELURU_HEBBAL,,19-04-2025 00:00,30.28,60.28,5.67,7.01,0.5,10.16
BENGELURU_HEBBAL,,20-04-2025 00:00,31.5,64.45,8.95,6.08,0.51,14.01
BENGELURU_HEBBAL,,21-04-2025 00:00,28.6,60.72,10.42,5.3,0.45,11.3
BENGELURU_HEBBAL,,22-04-2025 00:00,31.53,74.97,10.54,6.33,0.49,15.12
BENGELURU_HEBBAL,,23-04-2025 00:00,43.75,106.8,11.74,5.72,0.54,23.61
BENGELURU_HEBBAL,,24-04-2025 00:00,37.38,86.18,9.09,4.98,0.34,25.07
BENGELURU_HEBBAL,,25-04-2025 00:00,33.64,97.14,12.12,5.32,0.28,19.98
BENGELURU_HEBBAL,,26-04-2025 00:00,34.27,86.59,10.41,4.81,0.39,19.17
BENGELURU_HEBBAL,,27-04-2025 00:00,31.71,79.78,23.48,5.49,0.39,24.65
BENGELURU_HEBBAL,,28-04-2025 00:00,31.98,73.28,33.75,5.98,0.39,22.15
BENGELURU_HEBBAL,,29-04-2025 00:00,29.89,67.71,32.04,6.94,0.5,43.96
BENGELURU_HEBBAL,,30-04-2025 00:00,30.69,74.88,26.48,5.82,0.44,26.58
BENGELURU_HEBBAL,,01-05-2025 00:00,28.69,72.53,12.64,7.18,0.41,19.19
BENGELURU_HEBBAL,,14-05-2025 00:00,13.31,29.81,14.46,6.4,0.59,20.67
BENGELURU_HEBBAL,,15-05-2025 00:00,13.76,29.85,14.18,6.84,0.4,15.19
BENGELURU_HEBBAL,,16-05-2025 00:00,11.95,25.77,15.86,5.85,0.39,13.52
BENGELURU_HEBBAL,,17-05-2025 00:00,12.85,30.75,15.85,6.7,0.38,11.85
BENGELURU_HEBBAL,,18-05-2025 00:00,8.85,23.52,15.27,5.77,0.41,9.55
BENGELURU_HEBBAL,,19-05-2025 00:00,9.2,20.42,14.02,7.52,0.48,9.46
BENGELURU_HEBBAL,,20-05-2025 00:00,11.04,18.4,14.14,5.22,0.53,9.51
BENGELURU_HEBBAL,,21-05-2025 00:00,8.92,18.3,11.54,6.28,0.45,11.71
BENGELURU_HEBBAL,,22-05-2025 00:00,6.5,26.6,9.96,6.61,0.36,13.75
BENGELURU_HEBBAL,,23-05-2025 00:00,17.41,65.16,12.09,6.44,0.38,11.3
BENGELURU_HEBBAL,,24-05-2025 00:00,8.33,32.51,12.12,6.12,0.39,11.84
BENGELURU_HEBBAL,,25-05-2025 00:00,2.94,13.26,11.33,6.72,0.37,13.58
BENGELURU_HEBBAL,,26-05-2025 00:00,1.84,9.67,12.34,6.59,0.4,12.32
BENGELURU_HEBBAL,,27-05-2025 00:00,2.9,10.06,12.72,6.91,0.36,13.21
BENGELURU_HEBBAL,,28-05-2025 00:00,6.48,20.1,11.38,7.02,0.42,15.66
BENGELURU_HEBBAL,,29-05-2025 00:00,4.83,18.41,12.92,7.66,0.38,12.12
BENGELURU_HEBBAL,,30-05-2025 00:00,4.76,17.12,12.55,6.18,0.41,14.08
BENGELURU_HEBBAL,,31-05-2025 00:00,5.91,27.32,13.45,7.44,0.38,11.77
BENGELURU_HEBBAL,,01-06-2025 00:00,8.41,39.6,13.72,6.88,0.38,11.38
BENGELURU_HEBBAL,,14-06-2025 00:00,3.88,16.79,14.4,6.64,0.38,11.39
BENGELURU_HEBBAL,,15-06-2025 00:00,3.27,15.86,15.04,6.34,0.37,10.07
BENGELURU_HEBBAL,,16-06-2025 00:00,2.25,9.24,14.33,7.48,0.37,9.8
BENGELURU_HEBBAL,,17-06-2025 00:00,3.55,18.77,14.89,6.8,0.39,10.48
BENGELURU_HEBBAL,,18-06-2025 00:00,3.05,18.01,14.78,5.99,0.41,9.21
BENGELURU_HEBBAL,,19-06-2025 00:00,4.03,27.14,15.4,7.38,0.42,8.57
BENGELURU_HEBBAL,,20-06-2025 00:00,7.69,35.18,14.88,6.29,0.35,8.88
BENGELURU_HEBBAL,,21-06-2025 00:00,4.31,30.22,13.14,6.99,0.37,10.27
BENGELURU_HEBBAL,,22-06-2025 00:00,5.27,29.29,14.37,6.69,0.39,8.88
BENGELURU_HEBBAL,,23-06-2025 00:00,3.98,23.43,15.01,5.46,0.39,8.26
BENGELURU_HEBBAL,,24-06-2025 00:00,5.52,25.79,14.4,6.27,0.39,8.56
BENGELURU_HEBBAL,,25-06-2025 00:00,5.52,30.48,12.46,5.79,0.36,12.36
BENGELURU_HEBBAL,,26-06-2025 00:00,4.93,27.34,11.82,6.58,0.34,11.5
BENGELURU_HEBBAL,,27-06-2025 00:00,5.55,28.14,12.87,6.98,0.35,10.75
BENGELURU_HEBBAL,,28-06-2025 00:00,5.6,31.54,12.07,6.49,0.45,10.68
BENGELURU_HEBBAL,,29-06-2025 00:00,7.57,38.15,13.05,5.55,0.35,9.77
BENGELURU_HEBBAL,,30-06-2025 00:00,6.74,33.93,12.62,7.11,0.42,10.18
BENGELURU_HEBBAL,,01-07-2025 00:00,5.17,34.64,13.0,5.93,0.4,9.46
BENGELURU_HEBBAL,,14-07-2025 00:00,4.54,21.51,15.72,9.93,0.43,7.88
BENGELURU_HEBBAL,,15-07-2025 00:00,3.72,24.74,13.99,10.11,0.4,9.03
BENGELURU_HEBBAL,,16-07-2025 00:00,4.77,22.78,13.89,9.17,0.4,9.2
BENGELURU_HEBBAL,,17-07-2025 00:00,7.85,28.28,14.8,10.17,0.38,9.66
BENGELURU_HEBBAL,,18-07-2025 00:00,4.47,18.18,14.73,8.79,0.42,7.94
BENGELURU_HEBBAL,,19-07-2025 00:00,6.18,23.85,14.83,9.59,0.38,8.21
BENGELURU_HEBBAL,,20-07-2025 00:00,5.07,22.35,15.27,8.5,0.45,8.14
BENGELURU_HEBBAL,,21-07-2025 00:00,2.78,14.76,16.08,8.49,0.41,7.89
BENGELURU_HEBBAL,,22-07-2025 00:00,4.88,16.04,15.32,7.78,0.43,8.2
BENGELURU_HEBBAL,,23-07-2025 00:00,4.84,19.64,15.71,8.98,0.4,7.89
BENGELURU_HEBBAL,,24-07-2025 00:00,4.66,21.7,15.42,9.56,0.45,7.76
BENGELURU_HEBBAL,,25-07-2025 00:00,5.19,19.56,15.84,8.85,0.43,7.78
BENGELURU_HEBBAL,,26-07-2025 00:00,3.43,21.44,14.39,9.49,0.42,7.87
BENGELURU_HEBBAL,,27-07-2025 00:00,4.23,18.08,15.04,8.87,0.42,7.51
BENGELURU_HEBBAL,,28-07-2025 00:00,2.79,21.29,15.52,9.92,0.41,7.55
BENGELURU_HEBBAL,,29-07-2025 00:00,3.79,26.15,14.72,8.93,0.39,7.9
BENGELURU_HEBBAL,,30-07-2025 00:00,3.9,22.17,14.15,8.97,0.46,9.19
BENGELURU_HEBBAL,,31-07-2025 00:00,5.73,31.29,14.56,8.8,0.32,9.08
BENGELURU_HEBBAL,,01-08-2025 00:00,8.06,39.78,14.37,7.35,0.35,7.9
BENGELURU_HEBBAL,,14-08-2025 00:00,5.46,17.11,16.25,5.94,0.37,7.94
BENGELURU_HEBBAL,,15-08-2025 00:00,4.77,18.46,15.24,5.76,0.35,8.6
BENGELURU_HEBBAL,,16-08-2025 00:00,4.86,19.33,16.13,6.9,0.31,8.81
BENGELURU_HEBBAL,,17-08-2025 00:00,5.97,20.73,15.87,6.56,0.28,8.47
BENGELURU_HEBBAL,,18-08-2025 00:00,3.81,13.41,15.66,6.66,0.28,8.29
BENGELURU_HEBBAL,,19-08-2025 00:00,2.86,14.61,15.71,6.79,0.26,8.2
BENGELURU_HEBBAL,,20-08-2025 00:00,3.59,24.12,15.28,7.17,0.3,8.78
BENGELURU_HEBBAL,,21-08-2025 00:00,5.41,27.48,15.32,7.38,0.29,8.88
BENGELURU_HEBBAL,,22-08-2025 00:00,7.61,32.45,16.72,7.24,0.39,8.31
BENGELURU_HEBBAL,,23-08-2025 00:00,7.57,30.29,16.48,7.08,0.4,8.09
BENGELURU_HEBBAL,,24-08-2025 00:00,8.03,31.51,16.01,7.22,0.31,8.21
BENGELURU_HEBBAL,,25-08-2025 00:00,6.06,24.3,15.8,6.79,0.3,8.17
BENGELURU_HEBBAL,,26-08-2025 00:00,6.73,28.12,16.25,7.5,0.42,8.19
BENGELURU_HEBBAL,,27-08-2025 00:00,8.46,28.07,16.22,7.16,0.31,7.99
BENGELURU_HEBBAL,,28-08-2025 00:00,4.31,15.06,15.58,6.41,0.38,7.71
BENGELURU_HEBBAL,,29-08-2025 00:00,4.48,15.42,15.11,6.57,0.42,7.64
BENGELURU_HEBBAL,,30-08-2025 00:00,8.78,21.34,15.6,6.94,0.33,7.91
BENGELURU_HEBBAL,,31-08-2025 00:00,6.83,25.73,15.39,6.49,0.32,7.77
BENGELURU_HEBBAL,,01-09-2025 00:00,5.87,21.44,15.4,6.63,0.38,7.62
BENGELURU_HEBBAL,,14-09-2025 00:00,17.33,45.57,16.21,6.5,0.4,7.81
BENGELURU_HEBBAL,,15-09-2025 00:00,9.89,30.15,15.97,4.81,0.34,7.6
BENGELURU_HEBBAL,,16-09-2025 00:00,8.59,26.05,15.43,4.04,0.41,7.62
BENGELURU_HEBBAL,,17-09-2025 00:00,6.39,21.91,16.21,4.85,0.35,7.42
BENGELURU_HEBBAL,,18-09-2025 00:00,5.27,16.59,16.52,4.49,0.45,7.26
BENGELURU_HEBBAL,,19-09-2025 00:00,3.85,10.0,15.92,6.31,0.37,7.39
BENGELURU_HEBBAL,,20-09-2025 00:00,6.15,18.64,16.08,4.87,0.44,7.39
BENGELURU_HEBBAL,,21-09-2025 00:00,8.76,28.94,15.55,3.58,0.4,7.4
BENGELURU_HEBBAL,,22-09-2025 00:00,6.21,25.02,15.3,4.51,0.33,7.49
BENGELURU_HEBBAL,,23-09-2025 00:00,3.97,20.82,14.25,3.85,0.39,8.65
BENGELURU_HEBBAL,,24-09-2025 00:00,3.35,16.73,14.83,3.78,0.46,7.29
BENGELURU_HEBBAL,,25-09-2025 00:00,5.71,25.45,13.51,4.2,0.39,9.75
BENGELURU_HEBBAL,,26-09-2025 00:00,6.58,19.92,15.85,4.77,0.39,7.32
BENGELURU_HEBBAL,,27-09-2025 00:00,6.14,20.21,15.35,4.66,0.4,7.42
BENGELURU_HEBBAL,,28-09-2025 00:00,5.45,21.19,15.9,5.21,0.34,7.33
BENGELURU_HEBBAL,,29-09-2025 00:00,5.17,19.41,16.46,4.49,0.42,7.39
BENGELURU_HEBBAL,,30-09-2025 00:00,6.92,25.18,15.9,4.0,0.36,7.51
BENGELURU_HEBBAL,,01-10-2025 00:00,8.12,40.0,13.97,5.85,0.4,10.02
BENGELURU_HEBBAL,,14-10-2025 00:00,39.39,80.57,18.39,2.61,0.405,10.29
BENGELURU_HEBBAL,,15-10-2025 00:00,17.01,42.99,18.76,3.61,0.41000000000000003,7.93
BENGELURU_HEBBAL,,16-10-2025 00:00,11.97,32.12,17.39,4.88,0.41500000000000004,7.53
BENGELURU_HEBBAL,,17-10-2025 00:00,15.26,38.69,18.14,4.87,0.42000000000000004,7.57
BENGELURU_HEBBAL,,18-10-2025 00:00,8.43,27.62,16.53,3.21,0.42500000000000004,7.47
BENGELURU_HEBBAL,,19-10-2025 00:00,10.99,29.74,15.94,4.04,0.43,7.76
BENGELURU_HEBBAL,,20-10-2025 00:00,9.4,24.52,16.87,4.63,0.435,7.45
BENGELURU_HEBBAL,,21-10-2025 00:00,39.65,62.15,16.17,4.59,0.44,8.18
BENGELURU_HEBBAL,,22-10-2025 00:00,23.88,34.94,15.46,4.61,0.445,8.31
BENGELURU_HEBBAL,,23-10-2025 00:00,39.13,34.96,13.84,5.72,0.45,8.98
BENGELURU_HEBBAL,,24-10-2025 00:00,7.57,16.2,14.38,4.55,0.455,9.62
BENGELURU_HEBBAL,,25-10-2025 00:00,6.62,17.68,14.08,5.12,0.46,10.15
BENGELURU_HEBBAL,,26-10-2025 00:00,7.7,25.66,15.07,4.09,0.465,9.96
BENGELURU_HEBBAL,,27-10-2025 00:00,7.83,21.98,17.88,1.64,0.47000000000000003,7.4
BENGELURU_HEBBAL,,28-10-2025 00:00,7.06,19.65,13.39,4.61,0.475,10.31
BENGELURU_HEBBAL,,29-10-2025 00:00,13.1,29.59,13.4,3.53,0.48,10.95
BENGELURU_HEBBAL,,30-10-2025 00:00,8.59,27.84,15.28,3.3,0.485,8.95
BENGELURU_HEBBAL,,31-10-2025 00:00,13.22,34.18,14.96,4.4,0.49,9.13
BENGELURU_HEBBAL,,01-11-2025 00:00,13.62,37.84,15.06,3.87,0.495,10.42
BENGELURU_HEBBAL,,14-11-2025 00:00,48.04,86.43,18.9,3.18,0.5,8.45
BENGELURU_HEBBAL,,15-11-2025 00:00,52.06,87.0,19.09,3.71,0.505,9.46
BENGELURU_HEBBAL,,16-11-2025 00:00,53.95,92.55,19.5,3.41,0.51,10.02
BENGELURU_HEBBAL,,17-11-2025 00:00,64.23,99.16,17.64,3.85,0.37,11.53
BENGELURU_HEBBAL,,18-11-2025 00:00,57.07,93.97,17.64,5.97,0.42,11.28
BENGELURU_HEBBAL,,19-11-2025 00:00,42.65,74.41,18.92,4.44,0.47,9.35
BENGELURU_HEBBAL,,20-11-2025 00:00,24.22,54.98,19.26,3.84,0.36,7.64
BENGELURU_HEBBAL,,21-11-2025 00:00,41.07,75.9,18.06,3.82,0.36,9.49
BENGELURU_HEBBAL,,22-11-2025 00:00,20.62,46.39,17.11,3.95,0.4,7.67
BENGELURU_HEBBAL,,23-11-2025 00:00,7.53,27.6,16.19,4.44,0.41,7.23
BENGELURU_HEBBAL,,24-11-2025 00:00,7.01,32.57,16.74,3.74,0.49,7.34
BENGELURU_HEBBAL,,25-11-2025 00:00,6.0,22.0,17.8,3.65,0.5,7.84
BENGELURU_HEBBAL,,26-11-2025 00:00,56.61,95.41,16.8,4.85,0.51,7.75
BENGELURU_HEBBAL,,27-11-2025 00:00,57.51,90.36,18.81,4.68,0.43,8.2
BENGELURU_HEBBAL,,28-11-2025 00:00,72.06,110.32,19.41,4.68,0.34,8.93
BENGELURU_HEBBAL,,29-11-2025 00:00,78.33,119.68,17.96,5.36,0.44,11.47
BENGELURU_HEBBAL,,30-11-2025 00:00,59.56,97.83,18.65,5.43,0.37,10.21
BENGELURU_HEBBAL,,01-12-2025 00:00,27.32,44.23,17.19,4.89,0.32,8.78
BENGELURU_HEBBAL,,14-12-2025 00:00,55.22,102.33,17.36,4.87,0.44,10.27
BENGELURU_HEBBAL,,15-12-2025 00:00,56.14,98.95,17.53,5.14,0.45,9.44
BENGELURU_HEBBAL,,16-12-2025 00:00,56.05,102.25,17.7,5.65,0.46,9.52
BENGELURU_HEBBAL,,17-12-2025 00:00,59.03,104.19,10.955,4.77,0.43,7.66
BENGELURU_HEBBAL,,18-12-2025 00:00,25.04,53.83,4.21,6.29,0.42,11.51
BENGELURU_HEBBAL,,19-12-2025 00:00,46.6,92.64500000000001,5.7,6.23,0.44,8.96
BENGELURU_HEBBAL,,20-12-2025 00:00,72.78,131.46,5.23,5.14,0.53,12.57
BENGELURU_HEBBAL,,21-12-2025 00:00,82.42,139.07,5.76,3.82,0.51,9.14
BENGELURU_HEBBAL,,22-12-2025 00:00,95.05,142.53,5.88,6.07,0.49,8.37
BENGELURU_HEBBAL,,23-12-2025 00:00,63.76,106.61,5.7,5.62,0.54,8.18
BENGELURU_HEBBAL,,24-12-2025 00:00,56.35,99.56,5.65,5.15,0.39,8.17
BENGELURU_HEBBAL,,25-12-2025 00:00,66.92,117.95,5.86,5.35,0.5,8.99
BENGELURU_HEBBAL,,26-12-2025 00:00,60.82,107.58,5.63,5.24,0.49,9.39
BENGELURU_HEBBAL,,27-12-2025 00:00,52.45,92.29,5.82,5.36,0.44,8.13
BENGELURU_HEBBAL,,28-12-2025 00:00,63.06,106.34,5.59,8.48,0.4,9.92
BENGELURU_HEBBAL,,29-12-2025 00:00,57.5,99.75,5.44,5.12,0.42,8.77
BENGELURU_HEBBAL,,30-12-2025 00:00,67.69,112.59,5.15,5.37,0.39,10.8
BENGELURU_HEBBAL,,31-12-2025 00:00,73.78,126.89,4.77,5.19,0.35,14.04
BENGELURU_HEBBAL,,01-01-2026 00:00,76.08,136.27,4.44,4.75,0.68,17.08
BENGELURU_HEBBAL,,14-01-2026 00:00,41.44,81.69,12.24,11.06,0.61,9.17
BENGELURU_HEBBAL,,15-01-2026 00:00,43.29,92.68,11.855,11.7,0.74,7.25
BENGELURU_HEBBAL,,16-01-2026 00:00,33.85,73.76,11.47,11.08,0.63,7.46
BENGELURU_HEBBAL,,17-01-2026 00:00,62.14,104.82,18.55,11.25,0.76,9.3
BENGELURU_HEBBAL,,18-01-2026 00:00,57.23,103.09,10.3,13.18,0.87,8.61
BENGELURU_HEBBAL,,19-01-2026 00:00,45.71,89.11,20.41,12.38,0.68,7.67
BENGELURU_HEBBAL,,20-01-2026 00:00,55.0,109.16,29.23,12.37,0.94,12.97
BENGELURU_HEBBAL,,21-01-2026 00:00,40.36,85.41,31.98,11.5,0.68,9.06
BENGELURU_HEBBAL,,22-01-2026 00:00,50.56,95.97,19.22,12.12,0.93,8.4
BENGELURU_HEBBAL,,23-01-2026 00:00,30.85,69.76,25.19,10.65,0.55,7.56
BENGELURU_HEBBAL,,24-01-2026 00:00,37.33,80.26,25.72,11.64,0.76,8.17
BENGELURU_HEBBAL,,25-01-2026 00:00,49.46,89.58,21.44,12.93,0.51,8.29
BENGELURU_HEBBAL,,26-01-2026 00:00,28.55,58.04,26.36,11.87,0.33,7.84
BENGELURU_HEBBAL,,27-01-2026 00:00,12.88,35.95,30.19,11.81,0.63,6.21
BENGELURU_HEBBAL,,28-01-2026 00:00,34.93,69.98,33.39,10.4,0.53,7.53
BENGELURU_HEBBAL,,29-01-2026 00:00,59.93,105.51,36.33,10.85,0.67,8.82
BENGELURU_HEBBAL,,30-01-2026 00:00,71.23,119.07,36.09,9.69,0.92,9.37
BENGELURU_HEBBAL,,31-01-2026 00:00,63.03,112.42,30.5,7.72,1.0,16.97
BENGELURU_HEBBAL,,01-02-2026 00:00,35.92,79.66,33.42,6.42,0.68,9.12
BENGELURU_HEBBAL,,14-02-2026 00:00,27.41,71.28,34.62,10.9,0.69,6.7
BENGELURU_HEBBAL,,15-02-2026 00:00,29.86,71.53,34.42,11.15,0.63,6.98
BENGELURU_HEBBAL,,16-02-2026 00:00,71.91,120.49,36.91,12.34,0.63,11.87
BENGELURU_HEBBAL,,17-02-2026 00:00,73.53,123.01,38.16,9.12,0.98,11.51
BENGELURU_HEBBAL,,17-02-2026 00:00,93.0,145.0,38.9,7.3,0.96,10.0
BENGELURU_RAILWAY_STATION,2025-01-01,02-01-2025 00:00,,90.16,20.65,11.77,1.04,
BENGELURU_RAILWAY_STATION,2025-01-02,02-02-2025 00:00,,95.36,25.71,8.82,1.67,
BENGELURU_RAILWAY_STATION,2025-01-03,02-03-2025 00:00,,92.9,39.74,7.93,1.27,
BENGELURU_RAILWAY_STATION,2025-01-04,02-04-2025 00:00,,100.79,27.11,10.04,1.22,
BENGELURU_RAILWAY_STATION,2025-01-05,02-05-2025 00:00,,93.65,37.59,7.77,1.09,
BENGELURU_RAILWAY_STATION,2025-01-06,02-06-2025 00:00,,95.06,33.6,8.51,1.19,
BENGELURU_RAILWAY_STATION,2025-01-07,02-07-2025 00:00,,93.01,39.89,7.63,1.54,
BENGELURU_RAILWAY_STATION,2025-01-08,02-08-2025 00:00,,92.13,37.9,7.77,1.2,
BENGELURU_RAILWAY_STATION,2025-01-09,02-09-2025 00:00,,87.07,37.19,7.32,1.2,
BENGELURU_RAILWAY_STATION,2025-01-10,02-10-2025 00:00,,89.33,40.35,7.49,1.21,
BENGELURU_RAILWAY_STATION,2025-01-11,02-11-2025 00:00,,88.47999999999999,35.17,10.545,1.47,
BENGELURU_RAILWAY_STATION,2025-01-12,02-12-2025 00:00,,87.63,29.99,13.6,1.73,
BENGELURU_RAILWAY_STATION,2025-02-01,03-01-2025 00:00,,90.33,19.57,10.99,1.05,
BENGELURU_RAILWAY_STATION,2025-02-02,03-02-2025 00:00,,93.26,25.47,9.27,1.66,
BENGELURU_RAILWAY_STATION,2025-02-03,03-03-2025 00:00,,96.65,41.7,7.48,1.18,
BENGELURU_RAILWAY_STATION,2025-02-04,03-04-2025 00:00,,100.13,26.71,10.15,1.21,
BENGELURU_RAILWAY_STATION,2025-02-05,03-05-2025 00:00,,93.86,33.55,7.3,1.18,
BENGELURU_RAILWAY_STATION,2025-02-06,03-06-2025 00:00,,93.03,33.77,7.41,1.23,
BENGELURU_RAILWAY_STATION,2025-02-07,03-07-2025 00:00,,91.75,37.76,8.18,1.3,
BENGELURU_RAILWAY_STATION,2025-02-08,03-08-2025 00:00,,93.72,40.58,7.56,1.21,
BENGELURU_RAILWAY_STATION,2025-02-09,03-09-2025 00:00,,88.18,35.34,7.66,1.21,
BENGELURU_RAILWAY_STATION,2025-02-10,03-10-2025 00:00,,87.55,41.58,7.09,1.21,
BENGELURU_RAILWAY_STATION,2025-02-11,03-11-2025 00:00,,87.55,36.345,9.615,1.475,
BENGELURU_RAILWAY_STATION,2025-02-12,03-12-2025 00:00,,87.55,31.11,12.14,1.74,
BENGELURU_RAILWAY_STATION,2025-03-01,04-01-2025 00:00,,90.36,20.83,12.19,1.17,
BENGELURU_RAILWAY_STATION,2025-03-02,04-02-2025 00:00,,97.0,24.84,9.74,1.28,
BENGELURU_RAILWAY_STATION,2025-03-03,04-03-2025 00:00,,95.13,41.61,7.25,1.08,
BENGELURU_RAILWAY_STATION,2025-03-04,04-04-2025 00:00,,95.07,25.86,10.27,1.34,
BENGELURU_RAILWAY_STATION,2025-03-05,04-05-2025 00:00,,93.19,33.04,8.02,1.0,
BENGELURU_RAILWAY_STATION,2025-03-06,04-06-2025 00:00,,92.86,33.77,7.7,1.22,
BENGELURU_RAILWAY_STATION,2025-03-07,04-07-2025 00:00,,91.46,36.73,7.79,1.31,
BENGELURU_RAILWAY_STATION,2025-03-08,04-08-2025 00:00,,88.95,40.02,7.57,1.21,
BENGELURU_RAILWAY_STATION,2025-03-09,04-09-2025 00:00,,86.59,35.35,7.27,1.21,
BENGELURU_RAILWAY_STATION,2025-03-10,04-10-2025 00:00,,85.14,40.44,6.16,1.21,
BENGELURU_RAILWAY_STATION,2025-03-11,04-11-2025 00:00,,101.24,37.39,12.21,1.74,
BENGELURU_RAILWAY_STATION,2025-03-12,04-12-2025 00:00,,87.58,31.3,11.76,1.73,
BENGELURU_RAILWAY_STATION,2025-04-01,05-01-2025 00:00,,89.86,21.9,13.24,1.15,
BENGELURU_RAILWAY_STATION,2025-04-02,05-02-2025 00:00,,96.75,25.0,9.79,1.26,
BENGELURU_RAILWAY_STATION,2025-04-03,05-03-2025 00:00,,99.53,37.33,7.99,1.14,
BENGELURU_RAILWAY_STATION,2025-04-04,05-04-2025 00:00,,89.61,25.69,9.36,1.19,
BENGELURU_RAILWAY_STATION,2025-04-05,05-05-2025 00:00,,95.91,35.36,7.11,1.18,
BENGELURU_RAILWAY_STATION,2025-04-06,05-06-2025 00:00,,94.28,34.04,7.26,1.18,
BENGELURU_RAILWAY_STATION,2025-04-07,05-07-2025 00:00,,93.2,38.42,7.9,1.26,
BENGELURU_RAILWAY_STATION,2025-04-08,05-08-2025 00:00,,86.48,36.14,7.33,1.21,
BENGELURU_RAILWAY_STATION,2025-04-09,05-09-2025 00:00,,87.27,36.16,7.37,1.21,
BENGELURU_RAILWAY_STATION,2025-04-10,05-10-2025 00:00,,93.215,36.394999999999996,8.87,1.47,
BENGELURU_RAILWAY_STATION,2025-04-11,05-11-2025 00:00,,99.16,36.63,10.37,1.73,
BENGELURU_RAILWAY_STATION,2025-04-12,05-12-2025 00:00,,87.52,31.86,11.04,1.73,
BENGELURU_RAILWAY_STATION,2025-05-01,06-01-2025 00:00,,89.7,21.66,13.29,0.92,
BENGELURU_RAILWAY_STATION,2025-05-02,06-02-2025 00:00,,100.66,25.13,9.19,1.33,
BENGELURU_RAILWAY_STATION,2025-05-03,06-03-2025 00:00,,100.49,27.21,9.33,1.29,
BENGELURU_RAILWAY_STATION,2025-05-04,06-04-2025 00:00,,90.24,26.03,9.32,1.16,
BENGELURU_RAILWAY_STATION,2025-05-05,06-05-2025 00:00,,98.15,36.14,7.59,1.12,
BENGELURU_RAILWAY_STATION,2025-05-06,06-06-2025 00:00,,100.95,33.51,7.74,1.25,
BENGELURU_RAILWAY_STATION,2025-05-07,06-07-2025 00:00,,89.38,40.97,6.96,1.21,
BENGELURU_RAILWAY_STATION,2025-05-08,06-08-2025 00:00,,86.92,34.37,7.53,1.21,
BENGELURU_RAILWAY_STATION,2025-05-09,06-09-2025 00:00,,90.26,38.31,7.49,1.21,
BENGELURU_RAILWAY_STATION,2025-05-10,06-10-2025 00:00,,94.5,37.61,9.295,1.475,
BENGELURU_RAILWAY_STATION,2025-05-11,06-11-2025 00:00,,98.74,36.91,11.1,1.74,
BENGELURU_RAILWAY_STATION,2025-05-12,06-12-2025 00:00,,87.52,31.61,11.24,1.73,
BENGELURU_RAILWAY_STATION,2025-06-01,07-01-2025 00:00,,90.2,20.65,13.24,1.04,
BENGELURU_RAILWAY_STATION,2025-06-02,07-02-2025 00:00,,96.74,24.96,9.64,1.24,
BENGELURU_RAILWAY_STATION,2025-06-03,07-03-2025 00:00,,99.57,26.84,9.44,1.35,
BENGELURU_RAILWAY_STATION,2025-06-04,07-04-2025 00:00,,92.48,26.43,9.9,1.17,
BENGELURU_RAILWAY_STATION,2025-06-05,07-05-2025 00:00,,95.88,36.54,7.8,1.19,
BENGELURU_RAILWAY_STATION,2025-06-06,07-06-2025 00:00,,101.72,35.22,7.54,1.22,
BENGELURU_RAILWAY_STATION,2025-06-07,07-07-2025 00:00,,90.62,41.43,6.89,1.21,
BENGELURU_RAILWAY_STATION,2025-06-08,07-08-2025 00:00,,87.12,34.93,7.41,1.21,
BENGELURU_RAILWAY_STATION,2025-06-09,07-09-2025 00:00,,88.79,38.7,6.78,1.21,
BENGELURU_RAILWAY_STATION,2025-06-10,07-10-2025 00:00,,94.17,38.09,8.95,1.47,
BENGELURU_RAILWAY_STATION,2025-06-11,07-11-2025 00:00,,99.55,37.48,11.12,1.73,
BENGELURU_RAILWAY_STATION,2025-06-12,07-12-2025 00:00,,87.61,31.34,12.39,1.74,
BENGELURU_RAILWAY_STATION,2025-07-01,08-01-2025 00:00,,83.94,20.69,11.82,0.7,
BENGELURU_RAILWAY_STATION,2025-07-02,08-02-2025 00:00,,96.95,25.77,9.95,1.29,
BENGELURU_RAILWAY_STATION,2025-07-03,08-03-2025 00:00,,102.3,27.3,10.16,1.33,
BENGELURU_RAILWAY_STATION,2025-07-04,08-04-2025 00:00,,94.93,26.97,8.68,1.25,
BENGELURU_RAILWAY_STATION,2025-07-05,08-05-2025 00:00,,96.08,38.12,7.48,1.24,
BENGELURU_RAILWAY_STATION,2025-07-06,08-06-2025 00:00,,97.4,36.44,7.08,1.23,
BENGELURU_RAILWAY_STATION,2025-07-07,08-07-2025 00:00,,93.6,42.77,7.52,1.21,
BENGELURU_RAILWAY_STATION,2025-07-08,08-08-2025 00:00,,90.46,40.28,7.445,1.205,
BENGELURU_RAILWAY_STATION,2025-07-09,08-09-2025 00:00,,87.32,37.79,7.37,1.2,
BENGELURU_RAILWAY_STATION,2025-07-10,08-10-2025 00:00,,94.965,37.870000000000005,8.78,1.47,
BENGELURU_RAILWAY_STATION,2025-07-11,08-11-2025 00:00,,102.61,37.95,10.19,1.74,
BENGELURU_RAILWAY_STATION,2025-07-12,08-12-2025 00:00,,87.53,30.57,11.4,1.73,
BENGELURU_RAILWAY_STATION,2025-08-01,09-01-2025 00:00,,78.1,21.8,10.91,0.9,
BENGELURU_RAILWAY_STATION,2025-08-02,09-02-2025 00:00,,100.33,25.46,9.49,1.33,
BENGELURU_RAILWAY_STATION,2025-08-03,09-03-2025 00:00,,101.1,27.4,10.25,1.49,
BENGELURU_RAILWAY_STATION,2025-08-04,09-04-2025 00:00,,97.3,31.0,8.88,1.39,
BENGELURU_RAILWAY_STATION,2025-08-05,09-05-2025 00:00,,93.94,37.68,6.41,1.23,
BENGELURU_RAILWAY_STATION,2025-08-06,09-06-2025 00:00,,92.79,36.12,7.37,1.21,
BENGELURU_RAILWAY_STATION,2025-08-07,09-07-2025 00:00,,95.54,40.03,7.38,1.21,
BENGELURU_RAILWAY_STATION,2025-08-08,09-08-2025 00:00,,92.46000000000001,39.355000000000004,7.63,1.21,
BENGELURU_RAILWAY_STATION,2025-08-09,09-09-2025 00:00,,89.38,38.68,7.88,1.21,
BENGELURU_RAILWAY_STATION,2025-08-10,09-10-2025 00:00,,99.8,39.49,7.64,1.21,
BENGELURU_RAILWAY_STATION,2025-08-11,09-11-2025 00:00,,106.11,38.07,10.87,1.74,
BENGELURU_RAILWAY_STATION,2025-08-12,09-12-2025 00:00,,87.52,30.75,11.57,1.73,
BENGELURU_RAILWAY_STATION,2025-09-01,10-01-2025 00:00,,79.18,23.07,10.3,0.99,
BENGELURU_RAILWAY_STATION,2025-09-02,10-02-2025 00:00,,101.8,27.85,8.92,1.44,
BENGELURU_RAILWAY_STATION,2025-09-03,10-03-2025 00:00,,99.92,27.64,9.37,1.34,
BENGELURU_RAILWAY_STATION,2025-09-04,10-04-2025 00:00,,95.92,34.95,7.9,1.45,
BENGELURU_RAILWAY_STATION,2025-09-05,10-05-2025 00:00,,98.97,39.31,8.0,1.24,
BENGELURU_RAILWAY_STATION,2025-09-06,10-06-2025 00:00,,91.09,35.53,5.79,1.23,
BENGELURU_RAILWAY_STATION,2025-09-07,10-07-2025 00:00,,93.36,42.1,7.27,1.2,
BENGELURU_RAILWAY_STATION,2025-09-08,10-08-2025 00:00,,93.795,40.150000000000006,7.545,1.205,
BENGELURU_RAILWAY_STATION,2025-09-09,10-09-2025 00:00,,94.23,38.2,7.82,1.21,
BENGELURU_RAILWAY_STATION,2025-09-10,10-10-2025 00:00,,88.38,39.9,6.73,1.21,
BENGELURU_RAILWAY_STATION,2025-09-11,10-11-2025 00:00,,105.44,36.64,11.45,1.73,
BENGELURU_RAILWAY_STATION,2025-09-12,10-12-2025 00:00,,87.62,29.78,12.54,1.74,
BENGELURU_RAILWAY_STATION,2025-10-01,11-01-2025 00:00,,81.78,22.17,11.34,0.89,
BENGELURU_RAILWAY_STATION,2025-10-02,11-02-2025 00:00,,101.53,30.83,9.06,1.4,
BENGELURU_RAILWAY_STATION,2025-10-03,11-03-2025 00:00,,92.52,26.88,9.8,1.37,
BENGELURU_RAILWAY_STATION,2025-10-04,11-04-2025 00:00,,97.87,37.41,6.61,1.22,
BENGELURU_RAILWAY_STATION,2025-10-05,11-05-2025 00:00,,96.99,39.85,6.89,1.2,
BENGELURU_RAILWAY_STATION,2025-10-06,11-06-2025 00:00,,92.75,33.3,7.88,1.24,
BENGELURU_RAILWAY_STATION,2025-10-07,11-07-2025 00:00,,92.58,40.92,7.89,1.21,
BENGELURU_RAILWAY_STATION,2025-10-08,11-08-2025 00:00,,92.69999999999999,40.144999999999996,7.48,1.205,
BENGELURU_RAILWAY_STATION,2025-10-09,11-09-2025 00:00,,92.82,39.37,7.07,1.2,
BENGELURU_RAILWAY_STATION,2025-10-10,11-10-2025 00:00,,86.09,37.83,6.74,1.21,
BENGELURU_RAILWAY_STATION,2025-10-11,11-11-2025 00:00,,109.59,36.47,10.6,1.73,
BENGELURU_RAILWAY_STATION,2025-10-12,11-12-2025 00:00,,87.51,29.97,12.32,1.73,
BENGELURU_RAILWAY_STATION,2025-11-01,12-01-2025 00:00,,92.465,31.46,10.275,1.44,
BENGELURU_RAILWAY_STATION,2025-11-02,12-02-2025 00:00,,97.42,32.95,8.23,1.15,
BENGELURU_RAILWAY_STATION,2025-11-03,12-03-2025 00:00,,90.8,27.0,9.44,1.5,
BENGELURU_RAILWAY_STATION,2025-11-04,12-04-2025 00:00,,95.65,35.15,7.8,1.35,
BENGELURU_RAILWAY_STATION,2025-11-05,12-05-2025 00:00,,94.22,41.32,7.11,1.15,
BENGELURU_RAILWAY_STATION,2025-11-06,12-06-2025 00:00,,90.62,30.41,7.86,1.17,
BENGELURU_RAILWAY_STATION,2025-11-07,12-07-2025 00:00,,89.87,41.99,7.98,1.21,
BENGELURU_RAILWAY_STATION,2025-11-08,12-08-2025 00:00,,89.315,38.705,7.45,1.205,
BENGELURU_RAILWAY_STATION,2025-11-09,12-09-2025 00:00,,88.76,35.42,6.92,1.2,
BENGELURU_RAILWAY_STATION,2025-11-10,12-10-2025 00:00,,91.21,36.65,7.39,1.21,
BENGELURU_RAILWAY_STATION,2025-11-11,12-11-2025 00:00,,110.34,38.51,12.9,1.73,
BENGELURU_RAILWAY_STATION,2025-11-12,12-12-2025 00:00,,106.23666666666666,36.92333333333333,11.41,1.5666666666666667,
BENGELURU_RAILWAY_STATION,2025-12-01,13-01-2025 00:00,,102.13333333333334,35.336666666666666,9.92,1.4033333333333333,
BENGELURU_RAILWAY_STATION,2025-12-02,13-02-2025 00:00,,98.03,33.75,8.43,1.24,
BENGELURU_RAILWAY_STATION,2025-12-03,13-03-2025 00:00,,88.46,27.56,9.04,1.45,
BENGELURU_RAILWAY_STATION,2025-12-04,13-04-2025 00:00,,92.84,26.66,9.58,1.42,
BENGELURU_RAILWAY_STATION,2025-12-05,13-05-2025 00:00,,92.83,41.08,6.77,1.21,
BENGELURU_RAILWAY_STATION,2025-12-06,13-06-2025 00:00,,90.46,30.44,7.64,1.1,
BENGELURU_RAILWAY_STATION,2025-12-07,13-07-2025 00:00,,89.65,41.01,7.17,1.21,
BENGELURU_RAILWAY_STATION,2025-12-08,13-08-2025 00:00,,90.69,39.129999999999995,7.215,1.21,
BENGELURU_RAILWAY_STATION,2025-12-09,13-09-2025 00:00,,91.73,37.25,7.26,1.21,
BENGELURU_RAILWAY_STATION,2025-12-10,13-10-2025 00:00,,98.28,36.9,7.24,1.21,
BENGELURU_RAILWAY_STATION,2025-12-11,13-11-2025 00:00,,108.33,38.16,10.39,1.73,
BENGELURU_RAILWAY_STATION,2025-12-12,13-12-2025 00:00,,101.345,32.519999999999996,14.07,1.62,
BENGELURU_RAILWAY_STATION,2026-01-01,02-01-2026 00:00,,94.36,26.88,17.75,1.51,
BENGELURU_RAILWAY_STATION,2026-01-02,02-02-2026 00:00,,88.06,27.86,17.75,1.51,
BENGELURU_RAILWAY_STATION,2026-02-01,03-01-2026 00:00,,91.31,26.35,17.76,1.5,
BENGELURU_RAILWAY_STATION,2026-02-02,03-02-2026 00:00,,90.12,28.19,17.74,1.5,
BENGELURU_RAILWAY_STATION,2026-03-01,04-01-2026 00:00,,91.39,26.0,17.73,1.5,
BENGELURU_RAILWAY_STATION,2026-03-02,04-02-2026 00:00,,92.9,27.81,17.77,1.53,
BENGELURU_RAILWAY_STATION,2026-04-01,05-01-2026 00:00,,91.75,27.689999999999998,16.6,1.52,
BENGELURU_RAILWAY_STATION,2026-04-02,05-02-2026 00:00,,90.6,27.57,15.43,1.51,
BENGELURU_RAILWAY_STATION,2026-05-01,06-01-2026 00:00,,91.29,25.5,17.79,1.51,
BENGELURU_RAILWAY_STATION,2026-05-02,06-02-2026 00:00,,90.62,27.73,12.67,1.52,
BENGELURU_RAILWAY_STATION,2026-06-01,07-01-2026 00:00,,91.35,25.76,17.77,1.52,
BENGELURU_RAILWAY_STATION,2026-06-02,07-02-2026 00:00,,94.59,28.03,12.65,1.5,
BENGELURU_RAILWAY_STATION,2026-07-01,08-01-2026 00:00,,91.27,25.56,17.78,1.53,
BENGELURU_RAILWAY_STATION,2026-07-02,08-02-2026 00:00,,94.61,28.27,12.7,1.51,
BENGELURU_RAILWAY_STATION,2026-08-01,09-01-2026 00:00,,91.22,25.14,17.71,1.49,
BENGELURU_RAILWAY_STATION,2026-08-02,09-02-2026 00:00,,94.69,27.86,12.65,1.5,
BENGELURU_RAILWAY_STATION,2026-09-01,10-01-2026 00:00,,91.15,25.29,17.76,1.51,
BENGELURU_RAILWAY_STATION,2026-09-02,10-02-2026 00:00,,99.88,27.53,14.65,1.5,
BENGELURU_RAILWAY_STATION,2026-10-01,11-01-2026 00:00,,91.06,25.74,17.77,1.52,
BENGELURU_RAILWAY_STATION,2026-10-02,11-02-2026 00:00,,101.57,28.01,15.29,1.52,
BENGELURU_RAILWAY_STATION,2026-11-01,12-01-2026 00:00,,91.2,25.73,17.75,1.51,
BENGELURU_RAILWAY_STATION,2026-11-02,12-02-2026 00:00,,101.68,27.03,15.3,1.52,
BENGELURU_RAILWAY_STATION,2026-12-01,13-01-2026 00:00,,91.29,26.04,17.74,1.5,
BENGELURU_RAILWAY_STATION,2026-12-02,13-02-2026 00:00,,101.67,27.2,15.3,1.5,
BENGELURU_RAILWAY_STATION,,14-01-2025 00:00,,96.74666666666667,27.536666666666665,13.84,1.2066666666666666,
BENGELURU_RAILWAY_STATION,,15-01-2025 00:00,,91.82333333333334,27.873333333333335,12.38,0.9133333333333333,
BENGELURU_RAILWAY_STATION,,16-01-2025 00:00,,86.9,28.21,10.92,0.62,
BENGELURU_RAILWAY_STATION,,17-01-2025 00:00,,92.88,27.95,11.34,0.66,
BENGELURU_RAILWAY_STATION,,18-01-2025 00:00,,103.95,24.9,10.69,0.58,
BENGELURU_RAILWAY_STATION,,19-01-2025 00:00,,101.42,21.0,11.97,0.51,
BENGELURU_RAILWAY_STATION,,20-01-2025 00:00,,96.31,19.85,13.31,0.58,
BENGELURU_RAILWAY_STATION,,21-01-2025 00:00,,99.98,17.96,12.12,0.94,
BENGELURU_RAILWAY_STATION,,22-01-2025 00:00,,101.35,16.4,11.67,1.31,
BENGELURU_RAILWAY_STATION,,23-01-2025 00:00,,98.49,17.97,10.76,0.82,
BENGELURU_RAILWAY_STATION,,24-01-2025 00:00,,83.94,18.66,6.94,0.69,
BENGELURU_RAILWAY_STATION,,25-01-2025 00:00,,127.97,18.39,5.35,0.34,
BENGELURU_RAILWAY_STATION,,26-01-2025 00:00,,122.83,18.46,5.38,0.32,
BENGELURU_RAILWAY_STATION,,27-01-2025 00:00,,140.61,18.96,4.97,0.22,
BENGELURU_RAILWAY_STATION,,28-01-2025 00:00,,115.96,19.66,4.71,0.4,
BENGELURU_RAILWAY_STATION,,29-01-2025 00:00,,76.82,19.29,6.97,0.86,
BENGELURU_RAILWAY_STATION,,30-01-2025 00:00,,54.46,21.92,8.96,1.47,
BENGELURU_RAILWAY_STATION,,31-01-2025 00:00,,164.33,25.09,9.99,1.54,
BENGELURU_RAILWAY_STATION,,01-02-2025 00:00,,94.88,24.61,8.8,1.6,
BENGELURU_RAILWAY_STATION,,14-02-2025 00:00,,98.98,34.35,8.73,1.25,
BENGELURU_RAILWAY_STATION,,15-02-2025 00:00,,100.68,34.61,9.54,1.42,
BENGELURU_RAILWAY_STATION,,16-02-2025 00:00,,101.48,36.65,8.13,1.3,
BENGELURU_RAILWAY_STATION,,17-02-2025 00:00,,100.14,33.86,8.78,1.26,
BENGELURU_RAILWAY_STATION,,18-02-2025 00:00,,96.91,26.47,9.23,1.35,
BENGELURU_RAILWAY_STATION,,19-02-2025 00:00,,118.49,26.35,9.66,1.35,
BENGELURU_RAILWAY_STATION,,20-02-2025 00:00,,98.31,30.97,9.05,1.6,
BENGELURU_RAILWAY_STATION,,21-02-2025 00:00,,103.72,36.29,8.15,1.39,
BENGELURU_RAILWAY_STATION,,22-02-2025 00:00,,99.0,36.95,8.57,1.46,
BENGELURU_RAILWAY_STATION,,23-02-2025 00:00,,96.37,37.97,5.92,1.06,
BENGELURU_RAILWAY_STATION,,24-02-2025 00:00,,96.4975,38.36,6.0775,1.0425,
BENGELURU_RAILWAY_STATION,,25-02-2025 00:00,,96.625,38.75,6.234999999999999,1.025,
BENGELURU_RAILWAY_STATION,,26-02-2025 00:00,,96.7525,39.14,6.3925,1.0075,
BENGELURU_RAILWAY_STATION,,27-02-2025 00:00,,96.88,39.53,6.55,0.99,
BENGELURU_RAILWAY_STATION,,28-02-2025 00:00,,95.69,38.06,7.64,1.25,
BENGELURU_RAILWAY_STATION,,01-03-2025 00:00,,92.7,37.88,6.94,1.27,
BENGELURU_RAILWAY_STATION,,14-03-2025 00:00,,91.09,27.78,9.56,1.29,
BENGELURU_RAILWAY_STATION,,15-03-2025 00:00,,93.95,28.09,9.34,1.35,
BENGELURU_RAILWAY_STATION,,16-03-2025 00:00,,95.66,27.71,10.16,1.18,
BENGELURU_RAILWAY_STATION,,17-03-2025 00:00,,93.43,27.41,9.96,1.41,
BENGELURU_RAILWAY_STATION,,18-03-2025 00:00,,94.77,27.32,9.21,1.38,
BENGELURU_RAILWAY_STATION,,19-03-2025 00:00,,93.95,28.69,9.11,1.39,
BENGELURU_RAILWAY_STATION,,20-03-2025 00:00,,95.18,27.62,9.29,1.41,
BENGELURU_RAILWAY_STATION,,21-03-2025 00:00,,94.56,26.72,9.75,1.66,
BENGELURU_RAILWAY_STATION,,22-03-2025 00:00,,95.63,27.2,9.65,1.42,
BENGELURU_RAILWAY_STATION,,23-03-2025 00:00,,93.51,26.53,9.15,1.43,
BENGELURU_RAILWAY_STATION,,24-03-2025 00:00,,94.22,25.29,9.45,1.68,
BENGELURU_RAILWAY_STATION,,25-03-2025 00:00,,93.75,26.24,9.47,1.36,
BENGELURU_RAILWAY_STATION,,26-03-2025 00:00,,94.94,26.38,9.46,1.42,
BENGELURU_RAILWAY_STATION,,27-03-2025 00:00,,97.91,26.55,9.65,1.36,
BENGELURU_RAILWAY_STATION,,28-03-2025 00:00,,97.32,26.07,7.66,1.31,
BENGELURU_RAILWAY_STATION,,29-03-2025 00:00,,100.56,28.16,9.97,1.14,
BENGELURU_RAILWAY_STATION,,30-03-2025 00:00,,100.77,27.74,9.04,1.15,
BENGELURU_RAILWAY_STATION,,31-03-2025 00:00,,99.08,27.78,8.61,1.15,
BENGELURU_RAILWAY_STATION,,01-04-2025 00:00,,98.41,27.8,8.62,1.24,
BENGELURU_RAILWAY_STATION,,14-04-2025 00:00,,92.19,26.52,9.62,1.29,
BENGELURU_RAILWAY_STATION,,15-04-2025 00:00,,97.31,26.5,10.15,1.31,
BENGELURU_RAILWAY_STATION,,16-04-2025 00:00,,94.35,26.05,9.81,1.37,
BENGELURU_RAILWAY_STATION,,17-04-2025 00:00,,93.61,26.62,10.63,1.25,
BENGELURU_RAILWAY_STATION,,18-04-2025 00:00,,90.02,25.16,8.93,1.61,
BENGELURU_RAILWAY_STATION,,19-04-2025 00:00,,96.65,26.77,9.98,1.29,
BENGELURU_RAILWAY_STATION,,20-04-2025 00:00,,94.88,26.26,10.11,1.46,
BENGELURU_RAILWAY_STATION,,21-04-2025 00:00,,96.06,26.43,10.11,1.24,
BENGELURU_RAILWAY_STATION,,22-04-2025 00:00,,96.85,26.34,9.48,1.43,
BENGELURU_RAILWAY_STATION,,23-04-2025 00:00,,101.25,27.36,9.67,1.17,
BENGELURU_RAILWAY_STATION,,24-04-2025 00:00,,99.86,28.67,8.89,1.12,
BENGELURU_RAILWAY_STATION,,25-04-2025 00:00,,97.25,28.58,8.52,1.14,
BENGELURU_RAILWAY_STATION,,26-04-2025 00:00,,97.83,30.18,9.32,1.31,
BENGELURU_RAILWAY_STATION,,27-04-2025 00:00,,98.23,37.01,7.76,1.01,
BENGELURU_RAILWAY_STATION,,28-04-2025 00:00,,97.27,39.13,7.44,1.03,
BENGELURU_RAILWAY_STATION,,29-04-2025 00:00,,97.3,35.63,7.17,1.31,
BENGELURU_RAILWAY_STATION,,30-04-2025 00:00,,96.92,32.8,8.23,1.36,
BENGELURU_RAILWAY_STATION,,01-05-2025 00:00,,96.99,38.84,7.32,1.1,
BENGELURU_RAILWAY_STATION,,14-05-2025 00:00,,91.42,36.33,7.13,1.12,
BENGELURU_RAILWAY_STATION,,15-05-2025 00:00,,90.1,34.72,6.99,1.13,
BENGELURU_RAILWAY_STATION,,16-05-2025 00:00,,89.0,35.6,6.85,1.16,
BENGELURU_RAILWAY_STATION,,17-05-2025 00:00,,91.72,32.68,7.9,1.09,
BENGELURU_RAILWAY_STATION,,18-05-2025 00:00,,88.77,33.58,6.82,1.01,
BENGELURU_RAILWAY_STATION,,19-05-2025 00:00,,86.21,32.85,7.84,1.01,
BENGELURU_RAILWAY_STATION,,20-05-2025 00:00,,85.51,31.41,7.83,1.0,
BENGELURU_RAILWAY_STATION,,21-05-2025 00:00,,86.66,30.76,8.29,1.03,
BENGELURU_RAILWAY_STATION,,22-05-2025 00:00,,89.94,31.58,6.7,0.97,
BENGELURU_RAILWAY_STATION,,23-05-2025 00:00,,99.22,31.55,7.5,0.97,
BENGELURU_RAILWAY_STATION,,24-05-2025 00:00,,92.46,31.8,7.95,1.06,
BENGELURU_RAILWAY_STATION,,25-05-2025 00:00,,90.51,32.2,7.57,1.04,
BENGELURU_RAILWAY_STATION,,26-05-2025 00:00,,87.19,32.18,7.25,1.07,
BENGELURU_RAILWAY_STATION,,27-05-2025 00:00,,88.44,30.86,7.48,1.09,
BENGELURU_RAILWAY_STATION,,28-05-2025 00:00,,89.93,30.94,7.82,1.12,
BENGELURU_RAILWAY_STATION,,29-05-2025 00:00,,88.52,32.13,7.05,1.05,
BENGELURU_RAILWAY_STATION,,30-05-2025 00:00,,92.46,31.81,7.53,1.11,
BENGELURU_RAILWAY_STATION,,31-05-2025 00:00,,93.48,31.9,8.04,1.09,
BENGELURU_RAILWAY_STATION,,01-06-2025 00:00,,94.32,32.25,7.79,1.1,
BENGELURU_RAILWAY_STATION,,14-06-2025 00:00,,89.87,33.36,7.95,1.24,
BENGELURU_RAILWAY_STATION,,15-06-2025 00:00,,90.59,32.2,7.0,1.19,
BENGELURU_RAILWAY_STATION,,16-06-2025 00:00,,88.97,32.16,7.23,1.12,
BENGELURU_RAILWAY_STATION,,17-06-2025 00:00,,89.26,32.04,7.62,1.1,
BENGELURU_RAILWAY_STATION,,18-06-2025 00:00,,88.72,32.6,7.31,1.19,
BENGELURU_RAILWAY_STATION,,19-06-2025 00:00,,92.48,33.0,8.13,1.21,
BENGELURU_RAILWAY_STATION,,20-06-2025 00:00,,94.62,32.55,7.89,1.27,
BENGELURU_RAILWAY_STATION,,21-06-2025 00:00,,93.26,33.28,7.83,1.22,
BENGELURU_RAILWAY_STATION,,22-06-2025 00:00,,91.4,34.12,7.12,1.17,
BENGELURU_RAILWAY_STATION,,23-06-2025 00:00,,91.33,35.23,6.3,1.32,
BENGELURU_RAILWAY_STATION,,24-06-2025 00:00,,93.27,34.58,7.57,1.25,
BENGELURU_RAILWAY_STATION,,25-06-2025 00:00,,91.63,36.88,7.45,1.1,
BENGELURU_RAILWAY_STATION,,26-06-2025 00:00,,91.76,38.72,7.49,1.54,
BENGELURU_RAILWAY_STATION,,27-06-2025 00:00,,92.07,39.58,7.99,1.54,
BENGELURU_RAILWAY_STATION,,28-06-2025 00:00,,92.56,38.96,7.87,1.54,
BENGELURU_RAILWAY_STATION,,29-06-2025 00:00,,93.28,41.18,7.91,1.54,
BENGELURU_RAILWAY_STATION,,30-06-2025 00:00,,90.94,41.07,6.31,1.54,
BENGELURU_RAILWAY_STATION,,01-07-2025 00:00,,92.45,42.09,7.68,1.54,
BENGELURU_RAILWAY_STATION,,14-07-2025 00:00,,89.4,42.16,7.09,1.21,
BENGELURU_RAILWAY_STATION,,15-07-2025 00:00,,89.82,38.46,7.11,1.21,
BENGELURU_RAILWAY_STATION,,16-07-2025 00:00,,89.62,39.14,7.58,1.21,
BENGELURU_RAILWAY_STATION,,17-07-2025 00:00,,89.33,41.74,6.88,1.21,
BENGELURU_RAILWAY_STATION,,18-07-2025 00:00,,87.74,40.54,7.69,1.21,
BENGELURU_RAILWAY_STATION,,19-07-2025 00:00,,89.34,40.64,7.14,1.21,
BENGELURU_RAILWAY_STATION,,20-07-2025 00:00,,87.07,39.84,6.84,1.21,
BENGELURU_RAILWAY_STATION,,21-07-2025 00:00,,85.98,39.33,8.44,1.2,
BENGELURU_RAILWAY_STATION,,22-07-2025 00:00,,86.55,38.21,6.99,1.2,
BENGELURU_RAILWAY_STATION,,23-07-2025 00:00,,89.42,36.81,7.215,1.205,
BENGELURU_RAILWAY_STATION,,24-07-2025 00:00,,92.29,35.41,7.44,1.21,
BENGELURU_RAILWAY_STATION,,25-07-2025 00:00,,86.79,37.85,7.76,1.21,
BENGELURU_RAILWAY_STATION,,26-07-2025 00:00,,88.89,35.54,7.86,1.21,
BENGELURU_RAILWAY_STATION,,27-07-2025 00:00,,89.14,36.89,7.96,1.21,
BENGELURU_RAILWAY_STATION,,28-07-2025 00:00,,85.27,37.72,6.18,1.21,
BENGELURU_RAILWAY_STATION,,29-07-2025 00:00,,87.0,38.91,8.01,1.21,
BENGELURU_RAILWAY_STATION,,30-07-2025 00:00,,89.53666666666666,37.82,8.216666666666667,1.21,
BENGELURU_RAILWAY_STATION,,31-07-2025 00:00,,92.07333333333334,36.73,8.423333333333334,1.21,
BENGELURU_RAILWAY_STATION,,01-08-2025 00:00,,94.61,35.64,8.63,1.21,
BENGELURU_RAILWAY_STATION,,14-08-2025 00:00,,92.68,35.685,8.350000000000001,1.205,
BENGELURU_RAILWAY_STATION,,15-08-2025 00:00,,90.75,35.73,8.07,1.2,
BENGELURU_RAILWAY_STATION,,16-08-2025 00:00,,88.5,37.52,7.38,1.21,
BENGELURU_RAILWAY_STATION,,17-08-2025 00:00,,86.16,38.24,7.65,1.21,
BENGELURU_RAILWAY_STATION,,18-08-2025 00:00,,87.6725,38.0925,7.585,1.2075,
BENGELURU_RAILWAY_STATION,,19-08-2025 00:00,,89.185,37.945,7.52,1.205,
BENGELURU_RAILWAY_STATION,,20-08-2025 00:00,,90.69749999999999,37.7975,7.455,1.2025,
BENGELURU_RAILWAY_STATION,,21-08-2025 00:00,,92.21,37.65,7.39,1.2,
BENGELURU_RAILWAY_STATION,,22-08-2025 00:00,,92.12,36.82,8.23,1.21,
BENGELURU_RAILWAY_STATION,,23-08-2025 00:00,,90.02,39.21,7.74,1.2,
BENGELURU_RAILWAY_STATION,,24-08-2025 00:00,,90.73,41.11,7.46,1.2,
BENGELURU_RAILWAY_STATION,,25-08-2025 00:00,,88.9,39.86,6.96,1.2,
BENGELURU_RAILWAY_STATION,,26-08-2025 00:00,,90.88,41.43,9.11,1.21,
BENGELURU_RAILWAY_STATION,,27-08-2025 00:00,,91.25,40.78,7.58,1.21,
BENGELURU_RAILWAY_STATION,,28-08-2025 00:00,,86.77,40.73,7.45,1.21,
BENGELURU_RAILWAY_STATION,,29-08-2025 00:00,,89.88,40.2,6.99,1.21,
BENGELURU_RAILWAY_STATION,,30-08-2025 00:00,,90.3,38.34,7.59,1.21,
BENGELURU_RAILWAY_STATION,,31-08-2025 00:00,,92.19,39.62,7.58,1.21,
BENGELURU_RAILWAY_STATION,,01-09-2025 00:00,,88.05,39.91,7.22,1.21,
BENGELURU_RAILWAY_STATION,,14-09-2025 00:00,,94.1,39.27,7.15,1.21,
BENGELURU_RAILWAY_STATION,,15-09-2025 00:00,,90.53,39.44,6.95,1.21,
BENGELURU_RAILWAY_STATION,,16-09-2025 00:00,,91.37,38.59,8.14,1.21,
BENGELURU_RAILWAY_STATION,,17-09-2025 00:00,,89.31,39.4,7.09,1.21,
BENGELURU_RAILWAY_STATION,,18-09-2025 00:00,,86.22,39.92,7.58,1.21,
BENGELURU_RAILWAY_STATION,,19-09-2025 00:00,,84.95,40.22,6.74,1.2,
BENGELURU_RAILWAY_STATION,,20-09-2025 00:00,,83.38,38.26,6.99,1.2,
BENGELURU_RAILWAY_STATION,,21-09-2025 00:00,,84.26285714285714,38.3,7.017142857142857,1.2014285714285713,
BENGELURU_RAILWAY_STATION,,22-09-2025 00:00,,85.14571428571428,38.339999999999996,7.0442857142857145,1.2028571428571428,
BENGELURU_RAILWAY_STATION,,23-09-2025 00:00,,86.02857142857142,38.379999999999995,7.071428571428571,1.2042857142857142,
BENGELURU_RAILWAY_STATION,,24-09-2025 00:00,,86.91142857142857,38.42,7.098571428571429,1.2057142857142857,
BENGELURU_RAILWAY_STATION,,25-09-2025 00:00,,87.79428571428572,38.46,7.1257142857142854,1.207142857142857,
BENGELURU_RAILWAY_STATION,,26-09-2025 00:00,,88.67714285714285,38.5,7.152857142857143,1.2085714285714286,
BENGELURU_RAILWAY_STATION,,27-09-2025 00:00,,89.56,38.54,7.18,1.21,
BENGELURU_RAILWAY_STATION,,28-09-2025 00:00,,88.52,38.43,7.24,1.21,
BENGELURU_RAILWAY_STATION,,29-09-2025 00:00,,90.99,38.89,7.08,1.21,
BENGELURU_RAILWAY_STATION,,30-09-2025 00:00,,86.77,39.2,6.58,1.2,
BENGELURU_RAILWAY_STATION,,01-10-2025 00:00,,93.33,37.63,7.63,1.2,
BENGELURU_RAILWAY_STATION,,14-10-2025 00:00,,97.76,38.29,7.65,1.21,
BENGELURU_RAILWAY_STATION,,15-10-2025 00:00,,90.81,37.98,8.02,1.21,
BENGELURU_RAILWAY_STATION,,16-10-2025 00:00,,92.905,38.519999999999996,7.029999999999999,1.2149999999999999,
BENGELURU_RAILWAY_STATION,,17-10-2025 00:00,,95.0,39.06,6.04,1.22,
BENGELURU_RAILWAY_STATION,,18-10-2025 00:00,,88.84,38.05,6.93,1.21,
BENGELURU_RAILWAY_STATION,,19-10-2025 00:00,,89.81,38.62,7.12,1.21,
BENGELURU_RAILWAY_STATION,,20-10-2025 00:00,,89.61,37.61,7.01,1.21,
BENGELURU_RAILWAY_STATION,,21-10-2025 00:00,,110.44,40.34,9.46,1.38,
BENGELURU_RAILWAY_STATION,,22-10-2025 00:00,,118.58,35.54,11.53,1.73,
BENGELURU_RAILWAY_STATION,,23-10-2025 00:00,,107.88,34.5,11.13,1.73,
BENGELURU_RAILWAY_STATION,,24-10-2025 00:00,,96.83,34.89,11.27,1.73,
BENGELURU_RAILWAY_STATION,,25-10-2025 00:00,,94.44,34.75,11.46,1.74,
BENGELURU_RAILWAY_STATION,,26-10-2025 00:00,,97.22,35.65,10.97,1.73,
BENGELURU_RAILWAY_STATION,,27-10-2025 00:00,,94.55,36.38,9.72,1.74,
BENGELURU_RAILWAY_STATION,,28-10-2025 00:00,,93.69,36.34,10.82,1.74,
BENGELURU_RAILWAY_STATION,,29-10-2025 00:00,,93.42,35.26,10.55,1.73,
BENGELURU_RAILWAY_STATION,,30-10-2025 00:00,,98.14,35.26,10.95,1.73,
BENGELURU_RAILWAY_STATION,,31-10-2025 00:00,,93.67,35.46,11.01,1.74,
BENGELURU_RAILWAY_STATION,,01-11-2025 00:00,,90.38,35.19,10.3,1.74,
BENGELURU_RAILWAY_STATION,,14-11-2025 00:00,,107.68,38.25,11.01,1.73,
BENGELURU_RAILWAY_STATION,,15-11-2025 00:00,,107.52,35.66,11.68,1.74,
BENGELURU_RAILWAY_STATION,,16-11-2025 00:00,,106.69,35.97,10.21,1.73,
BENGELURU_RAILWAY_STATION,,17-11-2025 00:00,,109.79,36.31,11.18,1.73,
BENGELURU_RAILWAY_STATION,,18-11-2025 00:00,,108.24,34.13,11.31,1.73,
BENGELURU_RAILWAY_STATION,,19-11-2025 00:00,,104.29,34.97,11.01,1.73,
BENGELURU_RAILWAY_STATION,,20-11-2025 00:00,,102.73,35.76,11.71,1.74,
BENGELURU_RAILWAY_STATION,,21-11-2025 00:00,,106.25,36.91,11.53,1.73,
BENGELURU_RAILWAY_STATION,,22-11-2025 00:00,,103.91,38.31,9.19,1.75,
BENGELURU_RAILWAY_STATION,,23-11-2025 00:00,,100.64333333333333,36.95666666666667,9.863333333333333,1.74,
BENGELURU_RAILWAY_STATION,,24-11-2025 00:00,,97.37666666666667,35.60333333333333,10.536666666666667,1.73,
BENGELURU_RAILWAY_STATION,,25-11-2025 00:00,,94.11,34.25,11.21,1.72,
BENGELURU_RAILWAY_STATION,,26-11-2025 00:00,,87.62,31.76,11.12,1.74,
BENGELURU_RAILWAY_STATION,,27-11-2025 00:00,,87.46,31.76,10.83,1.74,
BENGELURU_RAILWAY_STATION,,28-11-2025 00:00,,87.48,30.86,11.76,1.74,
BENGELURU_RAILWAY_STATION,,29-11-2025 00:00,,87.49,30.21,12.36,1.74,
BENGELURU_RAILWAY_STATION,,30-11-2025 00:00,,87.67,29.94,13.32,1.73,
BENGELURU_RAILWAY_STATION,,01-12-2025 00:00,,87.49,29.59,13.5,1.73,
BENGELURU_RAILWAY_STATION,,14-12-2025 00:00,,86.43333333333332,28.169999999999998,13.713333333333333,1.73,
BENGELURU_RAILWAY_STATION,,15-12-2025 00:00,,85.37666666666667,26.75,13.926666666666668,1.73,
BENGELURU_RAILWAY_STATION,,16-12-2025 00:00,,84.32,25.33,14.14,1.73,
BENGELURU_RAILWAY_STATION,,17-12-2025 00:00,,85.88,25.46,16.34,1.73,
BENGELURU_RAILWAY_STATION,,18-12-2025 00:00,,87.28,26.03,16.68,1.73,
BENGELURU_RAILWAY_STATION,,19-12-2025 00:00,,89.67,25.77,18.34,1.73,
BENGELURU_RAILWAY_STATION,,20-12-2025 00:00,,95.03,25.58,18.98,1.59,
BENGELURU_RAILWAY_STATION,,21-12-2025 00:00,,91.45,25.44,17.75,1.42,
BENGELURU_RAILWAY_STATION,,22-12-2025 00:00,,91.65,25.38,17.73,1.42,
BENGELURU_RAILWAY_STATION,,23-12-2025 00:00,,91.61,25.48,17.75,1.41,
BENGELURU_RAILWAY_STATION,,24-12-2025 00:00,,91.75,25.66,17.72,1.42,
BENGELURU_RAILWAY_STATION,,25-12-2025 00:00,,91.66,25.77,17.8,1.43,
BENGELURU_RAILWAY_STATION,,26-12-2025 00:00,,87.2,25.02,17.76,1.42,
BENGELURU_RAILWAY_STATION,,27-12-2025 00:00,,76.77,25.53,17.73,1.42,
BENGELURU_RAILWAY_STATION,,28-12-2025 00:00,,77.35,25.41,17.76,1.41,
BENGELURU_RAILWAY_STATION,,29-12-2025 00:00,,79.56,25.31,17.7,1.4,
BENGELURU_RAILWAY_STATION,,30-12-2025 00:00,,79.61,25.24,17.74,1.43,
BENGELURU_RAILWAY_STATION,,31-12-2025 00:00,,90.66,25.85,17.77,1.41,
BENGELURU_RAILWAY_STATION,,01-01-2026 00:00,,95.49,26.29,17.74,1.46,
BENGELURU_RAILWAY_STATION,,14-01-2026 00:00,,91.1,26.67,17.75,1.5,
BENGELURU_RAILWAY_STATION,,15-01-2026 00:00,,91.16,27.05,17.74,1.5,
BENGELURU_RAILWAY_STATION,,16-01-2026 00:00,,91.43,26.64,17.7,1.51,
BENGELURU_RAILWAY_STATION,,17-01-2026 00:00,,91.30000000000001,26.575000000000003,17.740000000000002,1.52,
BENGELURU_RAILWAY_STATION,,18-01-2026 00:00,,91.17,26.51,17.78,1.53,
BENGELURU_RAILWAY_STATION,,19-01-2026 00:00,,91.23,26.87,17.74,1.5,
BENGELURU_RAILWAY_STATION,,20-01-2026 00:00,,91.11,26.69,17.71,1.52,
BENGELURU_RAILWAY_STATION,,21-01-2026 00:00,,91.37,27.36,17.73,1.48,
BENGELURU_RAILWAY_STATION,,22-01-2026 00:00,,95.37,26.13,17.77,1.49,
BENGELURU_RAILWAY_STATION,,23-01-2026 00:00,,98.47,26.32,17.74,1.51,
BENGELURU_RAILWAY_STATION,,24-01-2026 00:00,,98.55,26.63,17.74,1.52,
BENGELURU_RAILWAY_STATION,,25-01-2026 00:00,,98.44,26.96,17.74,1.49,
BENGELURU_RAILWAY_STATION,,26-01-2026 00:00,,98.62,27.65,17.76,1.51,
BENGELURU_RAILWAY_STATION,,27-01-2026 00:00,,98.6,27.48,17.74,1.5,
BENGELURU_RAILWAY_STATION,,28-01-2026 00:00,,98.58,28.07,17.8,1.51,
BENGELURU_RAILWAY_STATION,,29-01-2026 00:00,,93.77,28.08,17.77,1.52,
BENGELURU_RAILWAY_STATION,,30-01-2026 00:00,,87.85,27.93,17.73,1.5,
BENGELURU_RAILWAY_STATION,,31-01-2026 00:00,,88.01,27.88,17.76,1.52,
BENGELURU_RAILWAY_STATION,,01-02-2026 00:00,,88.1,27.69,17.77,1.52,
BENGELURU_RAILWAY_STATION,,14-02-2026 00:00,,101.78,28.2,15.28,1.49,
BENGELURU_RAILWAY_STATION,,15-02-2026 00:00,,101.75,28.31,15.28,1.49,
BENGELURU_RAILWAY_STATION,,16-02-2026 00:00,,101.65,28.26,15.34,1.53,
BENGELURU_RAILWAY_STATION,,17-02-2026 00:00,,101.62,28.17,15.26,1.48,
BENGELURU_RAILWAY_STATION,,17-02-2026 00:00,,101.79,29.59,12.78,1.32,
BHOPAL,2025-01-01,02-01-2025 00:00,79.8,133.04,37.28,18.91,1.43,25.56
BHOPAL,2025-01-02,02-02-2025 00:00,34.75,115.04,51.49,20.02,0.96,72.0
BHOPAL,2025-01-03,02-03-2025 00:00,31.31,116.85,37.8,22.96,1.51,97.55
BHOPAL,2025-01-04,02-04-2025 00:00,30.25,132.45,41.32,20.17,1.06,112.16
BHOPAL,2025-01-05,02-05-2025 00:00,23.77,135.41,40.96,14.33,0.75,107.28
BHOPAL,2025-01-06,02-06-2025 00:00,17.33,92.58,19.01,11.23,0.59,76.44
BHOPAL,2025-01-07,02-07-2025 00:00,11.0,43.92,29.63,14.05,0.74,38.85
BHOPAL,2025-01-08,02-08-2025 00:00,19.15,85.21,25.48,15.27,0.79,25.8
BHOPAL,2025-01-09,02-09-2025 00:00,17.05,32.81,13.96,14.61,0.67,20.73
BHOPAL,2025-01-10,02-10-2025 00:00,21.62,56.38,20.12,7.7,0.76,40.84
BHOPAL,2025-01-11,02-11-2025 00:00,37.01,78.51,23.36,6.63,1.14,32.54
BHOPAL,2025-01-12,02-12-2025 00:00,99.48,209.13,53.06,7.55,1.33,77.14
BHOPAL,2025-02-01,03-01-2025 00:00,70.73,139.88,48.82,17.78,2.16,24.87
BHOPAL,2025-02-02,03-02-2025 00:00,34.51,113.79,50.92,22.05,0.93,73.92
BHOPAL,2025-02-03,03-03-2025 00:00,27.34,138.07,41.08,15.73,1.26,70.78
BHOPAL,2025-02-04,03-04-2025 00:00,52.39,154.94,38.61,23.26,1.22,113.44
BHOPAL,2025-02-05,03-05-2025 00:00,25.29,147.12,43.59,12.99,0.68,95.49
BHOPAL,2025-02-06,03-06-2025 00:00,16.44,85.97,21.2,11.63,0.61,75.85
BHOPAL,2025-02-07,03-07-2025 00:00,12.04,36.73,30.61,18.34,0.95,43.59
BHOPAL,2025-02-08,03-08-2025 00:00,23.3,84.93,26.6,16.5,0.85,29.03
BHOPAL,2025-02-09,03-09-2025 00:00,19.79,42.44,13.01,16.4,0.61,24.5
BHOPAL,2025-02-10,03-10-2025 00:00,30.17,75.82,25.72,7.72,1.14,32.74
BHOPAL,2025-02-11,03-11-2025 00:00,51.04,100.19,28.36,5.64,1.14,40.55
BHOPAL,2025-02-12,03-12-2025 00:00,94.01,183.15,48.66,6.88,1.08,101.04
BHOPAL,2025-03-01,04-01-2025 00:00,66.01,135.86,56.04,22.07,2.0,36.07
BHOPAL,2025-03-02,04-02-2025 00:00,36.06,116.59,43.88,21.53,0.9,79.85
BHOPAL,2025-03-03,04-03-2025 00:00,34.26,133.53,31.0,17.06,0.66,88.97
BHOPAL,2025-03-04,04-04-2025 00:00,38.99,144.05,32.4,17.4,0.91,121.63
BHOPAL,2025-03-05,04-05-2025 00:00,33.97,139.06,55.63,17.08,0.96,87.25
BHOPAL,2025-03-06,04-06-2025 00:00,15.12,77.91,21.15,13.48,0.71,62.51
BHOPAL,2025-03-07,04-07-2025 00:00,13.57,43.7,29.89,16.63,0.87,45.98
BHOPAL,2025-03-08,04-08-2025 00:00,20.9,85.62,28.32,21.74,1.14,29.67
BHOPAL,2025-03-09,04-09-2025 00:00,16.78,30.21,17.41,13.17,0.74,28.26
BHOPAL,2025-03-10,04-10-2025 00:00,28.48,67.01,24.87,7.63,1.05,34.96
BHOPAL,2025-03-11,04-11-2025 00:00,61.59,139.38,33.29,6.48,1.47,78.0
BHOPAL,2025-03-12,04-12-2025 00:00,88.92,180.5,48.41,7.42,1.38,88.64
BHOPAL,2025-04-01,05-01-2025 00:00,38.4,94.24,43.48,17.53,1.45,46.58
BHOPAL,2025-04-02,05-02-2025 00:00,48.25,128.98,38.02,21.34,0.98,68.98
BHOPAL,2025-04-03,05-03-2025 00:00,21.69,149.3,25.78,19.19,0.65,91.01
BHOPAL,2025-04-04,05-04-2025 00:00,45.46,120.89,42.66,19.15,1.01,106.59
BHOPAL,2025-04-05,05-05-2025 00:00,16.77,77.68,33.89,11.48,0.6,100.92
BHOPAL,2025-04-06,05-06-2025 00:00,17.73,82.97,29.5,11.79,0.62,60.48
BHOPAL,2025-04-07,05-07-2025 00:00,11.78,41.89,28.24,13.84,0.73,31.5
BHOPAL,2025-04-08,05-08-2025 00:00,19.9,79.17,27.16,19.83,1.03,28.18
BHOPAL,2025-04-09,05-09-2025 00:00,12.86,24.22,12.72,13.44,0.46,29.94
BHOPAL,2025-04-10,05-10-2025 00:00,26.13,52.99,20.21,9.63,0.78,44.01
BHOPAL,2025-04-11,05-11-2025 00:00,36.35,85.57,24.47,6.6,0.93,61.13
BHOPAL,2025-04-12,05-12-2025 00:00,79.58,160.75,38.29,8.72,1.1,110.47
BHOPAL,2025-05-01,06-01-2025 00:00,58.68,139.14,41.94,25.36,1.63,47.09
BHOPAL,2025-05-02,06-02-2025 00:00,57.77,136.62,34.67,16.39,0.65,84.53
BHOPAL,2025-05-03,06-03-2025 00:00,12.79,114.16,26.69,19.1,0.46,92.04
BHOPAL,2025-05-04,06-04-2025 00:00,24.73,113.18,46.28,14.41,0.76,100.71
BHOPAL,2025-05-05,06-05-2025 00:00,14.03,72.99,33.48,12.48,0.66,88.45
BHOPAL,2025-05-06,06-06-2025 00:00,24.17,101.04,30.68,12.65,0.66,90.7
BHOPAL,2025-05-07,06-07-2025 00:00,9.11,30.01,31.93,13.93,0.73,28.53
BHOPAL,2025-05-08,06-08-2025 00:00,22.61,87.12,29.31,23.12,1.06,31.57
BHOPAL,2025-05-09,06-09-2025 00:00,11.77,19.28,10.73,11.15,0.54,25.71
BHOPAL,2025-05-10,06-10-2025 00:00,20.44,42.16,17.11,13.24,0.76,48.25
BHOPAL,2025-05-11,06-11-2025 00:00,32.8,103.61,23.68,5.2,1.02,71.05
BHOPAL,2025-05-12,06-12-2025 00:00,86.08,174.24,44.98,9.04,1.05,111.44
BHOPAL,2025-06-01,07-01-2025 00:00,58.55,113.74,34.39,23.29,1.47,54.08
BHOPAL,2025-06-02,07-02-2025 00:00,34.15,108.21,36.41,19.41,0.54,87.51
BHOPAL,2025-06-03,07-03-2025 00:00,15.23,88.82,32.62,17.66,1.09,79.68
BHOPAL,2025-06-04,07-04-2025 00:00,26.26,127.93,43.41,16.71,0.88,87.79
BHOPAL,2025-06-05,07-05-2025 00:00,10.68,57.95,28.14,16.2,0.85,73.97
BHOPAL,2025-06-06,07-06-2025 00:00,24.1,97.56,23.79,13.3,0.7,115.64
BHOPAL,2025-06-07,07-07-2025 00:00,9.76,25.05,26.98,13.89,0.73,40.91
BHOPAL,2025-06-08,07-08-2025 00:00,22.38,80.17,29.99,21.39,0.65,33.66
BHOPAL,2025-06-09,07-09-2025 00:00,14.45,23.97,10.81,14.23,0.66,26.05
BHOPAL,2025-06-10,07-10-2025 00:00,18.65,45.14,17.89,11.2,0.62,38.22
BHOPAL,2025-06-11,07-11-2025 00:00,38.74,134.18,28.91,4.39,0.91,99.78
BHOPAL,2025-06-12,07-12-2025 00:00,75.9,168.73,46.63,10.06,1.2,118.13
BHOPAL,2025-07-01,08-01-2025 00:00,62.97,110.48,27.65,12.21,1.52,53.6
BHOPAL,2025-07-02,08-02-2025 00:00,32.95,115.69,41.92,16.57,0.99,72.26
BHOPAL,2025-07-03,08-03-2025 00:00,24.57,108.86,51.94,24.61,1.42,68.54
BHOPAL,2025-07-04,08-04-2025 00:00,29.61,132.6,47.9,17.81,0.93,82.89
BHOPAL,2025-07-05,08-05-2025 00:00,12.59,56.54,28.14,9.69,0.51,95.59
BHOPAL,2025-07-06,08-06-2025 00:00,57.67,146.81,23.71,11.78,0.62,91.04
BHOPAL,2025-07-07,08-07-2025 00:00,11.48,35.07,27.56,13.45,0.71,62.17
BHOPAL,2025-07-08,08-08-2025 00:00,23.78,78.91,30.04,20.72,0.63,46.19
BHOPAL,2025-07-09,08-09-2025 00:00,11.8,25.91,10.27,12.99,0.39,29.6
BHOPAL,2025-07-10,08-10-2025 00:00,22.27,54.89,17.71,8.7,0.65,45.6
BHOPAL,2025-07-11,08-11-2025 00:00,59.31,144.08,34.49,6.12,1.13,112.55
BHOPAL,2025-07-12,08-12-2025 00:00,103.22,227.77,63.29,14.17,1.75,82.89
BHOPAL,2025-08-01,09-01-2025 00:00,57.32,112.19,32.22,20.63,1.48,60.7
BHOPAL,2025-08-02,09-02-2025 00:00,26.41,106.81,46.23,14.86,1.05,62.33
BHOPAL,2025-08-03,09-03-2025 00:00,12.81,87.16,37.47,15.98,1.09,84.86
BHOPAL,2025-08-04,09-04-2025 00:00,42.48,160.28,59.07,20.35,1.07,103.4
BHOPAL,2025-08-05,09-05-2025 00:00,12.62,53.76,18.8,11.68,0.61,83.53
BHOPAL,2025-08-06,09-06-2025 00:00,23.78,104.45,28.04,12.21,0.61,78.8
BHOPAL,2025-08-07,09-07-2025 00:00,20.05,63.83,26.95,11.49,0.6,49.73
BHOPAL,2025-08-08,09-08-2025 00:00,29.32,92.66,31.08,16.17,0.49,48.56
BHOPAL,2025-08-09,09-09-2025 00:00,17.82,49.38,12.15,12.81,0.61,30.39
BHOPAL,2025-08-10,09-10-2025 00:00,45.7,206.05,22.28,9.17,0.91,57.68
BHOPAL,2025-08-11,09-11-2025 00:00,52.75,136.49,36.17,7.83,1.21,102.34
BHOPAL,2025-08-12,09-12-2025 00:00,74.71,194.58,67.67,11.27,1.53,70.1
BHOPAL,2025-09-01,10-01-2025 00:00,47.32,97.58,33.35,22.72,1.38,67.92
BHOPAL,2025-09-02,10-02-2025 00:00,29.99,97.22,39.32,24.34,0.24,86.2
BHOPAL,2025-09-03,10-03-2025 00:00,16.59,113.74,31.99,19.36,1.23,91.07
BHOPAL,2025-09-04,10-04-2025 00:00,40.18,149.66,40.56,21.5,1.13,101.09
BHOPAL,2025-09-05,10-05-2025 00:00,14.37,68.69,19.34,13.27,0.7,84.61
BHOPAL,2025-09-06,10-06-2025 00:00,17.5,127.83,33.52,18.57,0.79,105.52
BHOPAL,2025-09-07,10-07-2025 00:00,17.32,74.4,28.56,13.34,0.69,54.64
BHOPAL,2025-09-08,10-08-2025 00:00,25.87,73.52,25.87,13.62,0.42,49.23
BHOPAL,2025-09-09,10-09-2025 00:00,21.16,57.6,18.73,11.74,0.93,29.36
BHOPAL,2025-09-10,10-10-2025 00:00,45.68,208.73,32.73,8.41,0.72,54.2
BHOPAL,2025-09-11,10-11-2025 00:00,67.9,172.35,48.68,10.03,1.59,85.81
BHOPAL,2025-09-12,10-12-2025 00:00,52.62,154.58,62.15,12.54,1.59,57.92
BHOPAL,2025-10-01,11-01-2025 00:00,41.1,102.42,29.73,23.48,1.32,75.1
BHOPAL,2025-10-02,11-02-2025 00:00,46.8,151.32,49.44,22.17,1.72,71.74
BHOPAL,2025-10-03,11-03-2025 00:00,18.0,84.35,33.3,17.88,1.59,93.93
BHOPAL,2025-10-04,11-04-2025 00:00,34.8,153.31,39.57,16.5,0.87,89.23
BHOPAL,2025-10-05,11-05-2025 00:00,22.12,83.89,19.84,10.72,0.56,89.87
BHOPAL,2025-10-06,11-06-2025 00:00,26.86,162.91,60.24,15.9,0.75,69.05
BHOPAL,2025-10-07,11-07-2025 00:00,21.57,84.85,26.68,14.0,0.73,52.3
BHOPAL,2025-10-08,11-08-2025 00:00,23.81,57.74,25.82,14.51,0.44,36.77
BHOPAL,2025-10-09,11-09-2025 00:00,24.5,71.03,17.67,9.79,0.67,31.15
BHOPAL,2025-10-10,11-10-2025 00:00,45.86,190.62,30.8,8.28,0.83,58.41
BHOPAL,2025-10-11,11-11-2025 00:00,70.95,196.45,53.6,8.15,1.56,71.07
BHOPAL,2025-10-12,11-12-2025 00:00,48.25,140.51,62.15,10.34,1.21,71.4
BHOPAL,2025-11-01,12-01-2025 00:00,67.51,154.03,33.61,26.6,1.69,71.28
BHOPAL,2025-11-02,12-02-2025 00:00,28.28,126.22,47.83,24.42,1.39,69.18
BHOPAL,2025-11-03,12-03-2025 00:00,26.64,114.31,50.57,23.95,1.55,93.41
BHOPAL,2025-11-04,12-04-2025 00:00,34.02,136.43,25.05,17.75,0.93,115.29
BHOPAL,2025-11-05,12-05-2025 00:00,20.09,65.13,19.4,10.77,0.56,97.23
BHOPAL,2025-11-06,12-06-2025 00:00,29.25,135.31,45.63,14.39,0.74,117.17
BHOPAL,2025-11-07,12-07-2025 00:00,19.55,69.46,27.15,16.39,0.86,36.82
BHOPAL,2025-11-08,12-08-2025 00:00,28.44,70.06,27.27,16.03,0.49,36.14
BHOPAL,2025-11-09,12-09-2025 00:00,29.7,84.1,18.2,11.13,0.9,40.64
BHOPAL,2025-11-10,12-10-2025 00:00,41.31,145.2,34.76,8.39,0.95,64.46
BHOPAL,2025-11-11,12-11-2025 00:00,101.9,236.48,62.61,7.62,1.8,62.99
BHOPAL,2025-11-12,12-12-2025 00:00,43.47,123.85,49.22,17.68,0.96,113.9
BHOPAL,2025-12-01,13-01-2025 00:00,98.05,169.39,30.11,16.84,1.66,59.96
BHOPAL,2025-12-02,13-02-2025 00:00,26.03,102.96,31.86,27.78,1.46,99.69
BHOPAL,2025-12-03,13-03-2025 00:00,23.21,102.24,33.76,20.79,0.86,126.05
BHOPAL,2025-12-04,13-04-2025 00:00,32.53,130.92,22.24,15.42,0.81,96.57
BHOPAL,2025-12-05,13-05-2025 00:00,27.28,64.86,23.76,12.47,0.65,91.41
BHOPAL,2025-12-06,13-06-2025 00:00,37.67,102.44,52.42,13.28,0.66,146.47
BHOPAL,2025-12-07,13-07-2025 00:00,18.65,47.14,30.74,17.29,0.91,19.77
BHOPAL,2025-12-08,13-08-2025 00:00,25.53,67.9,28.49,15.0,0.46,37.82
BHOPAL,2025-12-09,13-09-2025 00:00,32.73,88.05,19.88,12.64,0.91,41.18
BHOPAL,2025-12-10,13-10-2025 00:00,39.28,138.89,38.17,7.77,0.88,63.05
BHOPAL,2025-12-11,13-11-2025 00:00,91.18,224.78,60.77,7.76,1.67,77.53
BHOPAL,2025-12-12,13-12-2025 00:00,52.2,155.44,53.21,11.68,1.42,116.88
BHOPAL,2026-01-01,02-01-2026 00:00,81.46,170.88,88.54,19.16,1.56,120.49
BHOPAL,2026-01-02,02-02-2026 00:00,40.09,102.46,29.15,14.67,1.17,57.38
BHOPAL,2026-02-01,03-01-2026 00:00,92.35,172.39,70.0,13.56,0.96,102.44
BHOPAL,2026-02-02,03-02-2026 00:00,49.01,120.8,30.53,12.95,1.18,56.8
BHOPAL,2026-03-01,04-01-2026 00:00,99.32,184.62,67.89,11.07,1.6,72.4
BHOPAL,2026-03-02,04-02-2026 00:00,48.57,110.86,22.47,10.7,1.1,51.05
BHOPAL,2026-04-01,05-01-2026 00:00,87.03,164.3,69.12,10.85,1.56,65.33
BHOPAL,2026-04-02,05-02-2026 00:00,42.31,93.01,18.94,10.5,0.95,53.53
BHOPAL,2026-05-01,06-01-2026 00:00,70.47,142.99,69.45,11.31,1.2,60.38
BHOPAL,2026-05-02,06-02-2026 00:00,43.71,102.18,23.52,11.64,1.19,63.89
BHOPAL,2026-06-01,07-01-2026 00:00,64.54,139.32,70.09,10.46,1.05,85.45
BHOPAL,2026-06-02,07-02-2026 00:00,43.85,111.6,31.75,12.93,1.07,71.97
BHOPAL,2026-07-01,08-01-2026 00:00,60.42,140.66,74.33,11.6,1.18,82.01
BHOPAL,2026-07-02,08-02-2026 00:00,57.89,145.09,35.13,18.55,1.28,73.03
BHOPAL,2026-08-01,09-01-2026 00:00,66.22,142.83,65.39,12.06,1.25,94.44
BHOPAL,2026-08-02,09-02-2026 00:00,44.94,114.77,37.14,15.18,1.04,80.17
BHOPAL,2026-09-01,10-01-2026 00:00,61.66,153.1,71.87,16.7,1.15,97.72
BHOPAL,2026-09-02,10-02-2026 00:00,38.23,107.62,31.74,16.2,0.99,87.34
BHOPAL,2026-10-01,11-01-2026 00:00,69.04,168.22,83.46,24.15,1.16,109.13
BHOPAL,2026-10-02,11-02-2026 00:00,50.9,134.89,36.33,18.76,1.28,90.35
BHOPAL,2026-11-01,12-01-2026 00:00,54.78,133.93,80.53,17.82,1.17,120.97
BHOPAL,2026-11-02,12-02-2026 00:00,58.81,154.88,36.34,20.56,1.22,88.32
BHOPAL,2026-12-01,13-01-2026 00:00,65.51,147.16,71.02,13.16,1.16,104.78
BHOPAL,2026-12-02,13-02-2026 00:00,41.56,113.03,25.62,16.95,1.0,93.92
BHOPAL,,14-01-2025 00:00,82.0,140.28,26.36,15.02,1.63,63.48
BHOPAL,,15-01-2025 00:00,71.64,122.12,25.24,15.85,1.54,66.88
BHOPAL,,16-01-2025 00:00,65.38,124.78,26.36,18.74,1.61,58.08
BHOPAL,,17-01-2025 00:00,84.26,148.28,25.21,17.33,1.5,45.34
BHOPAL,,18-01-2025 00:00,106.65,185.91,26.78,19.14,1.55,41.85
BHOPAL,,19-01-2025 00:00,61.94,123.02,32.2,17.7,1.52,56.81
BHOPAL,,20-01-2025 00:00,50.31,105.45,32.22,16.34,1.63,61.91
BHOPAL,,21-01-2025 00:00,51.44,113.04,33.64,18.09,1.44,60.45
BHOPAL,,22-01-2025 00:00,48.92,111.64,31.83,19.48,1.24,78.83
BHOPAL,,23-01-2025 00:00,64.91,151.09,31.5,18.2,1.53,75.68
BHOPAL,,24-01-2025 00:00,65.28,147.51,33.34,21.38,1.42,75.08
BHOPAL,,25-01-2025 00:00,63.9,123.19,21.57,17.31,0.98,76.42
BHOPAL,,26-01-2025 00:00,44.61,112.34,37.75,18.2,1.27,62.59
BHOPAL,,27-01-2025 00:00,39.58,102.38,50.25,18.93,1.47,66.05
BHOPAL,,28-01-2025 00:00,35.51,101.8,52.52,17.56,1.46,58.68
BHOPAL,,29-01-2025 00:00,36.04,101.67,55.98,21.31,1.44,55.82
BHOPAL,,30-01-2025 00:00,39.26,124.19,47.45,20.36,1.63,93.74
BHOPAL,,31-01-2025 00:00,38.41,119.84,51.63,18.92,1.06,75.33
BHOPAL,,01-02-2025 00:00,28.11,107.49,48.7,18.91,1.17,74.64
BHOPAL,,14-02-2025 00:00,21.42,112.93,36.73,19.27,1.01,82.03
BHOPAL,,15-02-2025 00:00,23.58,125.05,45.77,20.23,1.06,68.95
BHOPAL,,16-02-2025 00:00,21.65,119.31,36.84,16.94,0.89,88.54
BHOPAL,,17-02-2025 00:00,23.33,122.23,37.6,22.1,1.16,91.35
BHOPAL,,18-02-2025 00:00,27.3,125.42,44.34,17.85,0.94,75.68
BHOPAL,,19-02-2025 00:00,29.54,144.37,44.02,20.91,1.1,74.75
BHOPAL,,20-02-2025 00:00,51.92,150.52,35.91,19.96,1.05,77.47
BHOPAL,,21-02-2025 00:00,27.39,120.53,36.4,15.29,0.8,53.46
BHOPAL,,22-02-2025 00:00,15.3,109.06,31.29,15.53,0.81,78.59
BHOPAL,,23-02-2025 00:00,25.58,162.01,37.05,17.36,0.91,74.62
BHOPAL,,24-02-2025 00:00,20.78,113.55,42.83,16.9,0.89,74.91
BHOPAL,,25-02-2025 00:00,25.35,112.84,36.3,15.54,0.82,68.16
BHOPAL,,26-02-2025 00:00,18.81,84.4,34.18,16.21,0.85,77.27
BHOPAL,,27-02-2025 00:00,19.95,93.06,37.99,19.33,1.01,71.81
BHOPAL,,28-02-2025 00:00,31.1,122.83,45.25,22.06,1.16,70.05
BHOPAL,,01-03-2025 00:00,33.86,132.32,39.24,23.45,1.03,98.34
BHOPAL,,14-03-2025 00:00,15.92,86.45,26.4,22.57,0.73,117.57
BHOPAL,,15-03-2025 00:00,13.71,68.64,17.59,17.54,0.75,113.06
BHOPAL,,16-03-2025 00:00,16.5,75.03,24.41,22.49,1.07,119.66
BHOPAL,,17-03-2025 00:00,15.0,88.84,24.54,16.44,1.13,97.42
BHOPAL,,18-03-2025 00:00,22.22,102.34,27.58,19.5,1.49,105.63
BHOPAL,,19-03-2025 00:00,18.36,82.74,27.98,14.84,1.47,106.37
BHOPAL,,20-03-2025 00:00,23.01,85.27,28.62,22.66,1.46,121.92
BHOPAL,,21-03-2025 00:00,27.34,97.26,26.68,19.17,1.64,126.16
BHOPAL,,22-03-2025 00:00,30.74,110.39,33.29,20.14,1.68,107.36
BHOPAL,,23-03-2025 00:00,18.35,87.1,34.02,16.24,1.07,109.71
BHOPAL,,24-03-2025 00:00,21.16,105.18,36.17,13.73,0.46,96.45
BHOPAL,,25-03-2025 00:00,15.06,76.55,30.35,15.9,0.32,118.58
BHOPAL,,26-03-2025 00:00,30.11,104.84,41.86,25.24,1.06,93.29
BHOPAL,,27-03-2025 00:00,40.41,137.4,47.87,25.07,0.69,106.96
BHOPAL,,28-03-2025 00:00,30.6,116.42,31.75,20.52,0.65,149.74
BHOPAL,,29-03-2025 00:00,21.55,145.83,27.83,19.85,1.04,108.86
BHOPAL,,30-03-2025 00:00,13.95,123.27,32.14,14.94,0.78,104.14
BHOPAL,,31-03-2025 00:00,21.37,135.01,44.4,16.85,0.88,99.89
BHOPAL,,01-04-2025 00:00,29.68,138.83,52.33,20.44,1.07,96.8
BHOPAL,,14-04-2025 00:00,31.68,146.14,24.74,16.29,0.85,101.62
BHOPAL,,15-04-2025 00:00,59.19,178.15,33.41,23.56,1.24,102.9
BHOPAL,,16-04-2025 00:00,30.32,116.18,24.74,14.33,0.75,140.14
BHOPAL,,17-04-2025 00:00,40.19,138.67,33.02,14.96,0.79,120.63
BHOPAL,,18-04-2025 00:00,33.22,116.17,25.94,18.7,0.96,106.41
BHOPAL,,19-04-2025 00:00,20.94,112.59,18.84,19.22,1.01,89.76
BHOPAL,,20-04-2025 00:00,29.4,105.01,20.44,20.5,1.06,98.46
BHOPAL,,21-04-2025 00:00,33.46,160.49,20.77,23.71,1.24,120.11
BHOPAL,,22-04-2025 00:00,39.21,200.15,24.71,20.88,1.1,106.72
BHOPAL,,23-04-2025 00:00,37.66,161.18,38.09,17.58,0.92,119.69
BHOPAL,,24-04-2025 00:00,35.53,140.23,36.2,19.18,1.01,120.0
BHOPAL,,25-04-2025 00:00,31.77,116.82,34.58,16.57,0.87,124.39
BHOPAL,,26-04-2025 00:00,40.3,130.73,42.01,20.94,1.1,103.07
BHOPAL,,27-04-2025 00:00,27.26,126.44,13.2,17.55,0.92,133.51
BHOPAL,,28-04-2025 00:00,32.94,142.1,8.09,16.45,0.86,104.02
BHOPAL,,29-04-2025 00:00,23.68,112.82,23.36,15.48,0.81,120.87
BHOPAL,,30-04-2025 00:00,21.62,118.21,34.2,15.29,0.8,102.59
BHOPAL,,01-05-2025 00:00,29.21,144.43,40.0,14.6,0.77,124.74
BHOPAL,,14-05-2025 00:00,21.43,86.26,27.02,11.0,0.58,83.75
BHOPAL,,15-05-2025 00:00,19.54,69.57,24.79,13.04,0.68,67.98
BHOPAL,,16-05-2025 00:00,18.85,75.97,24.69,12.32,0.65,105.54
BHOPAL,,17-05-2025 00:00,26.25,114.87,24.89,12.14,0.64,104.5
BHOPAL,,18-05-2025 00:00,22.45,92.56,21.93,12.17,0.64,118.81
BHOPAL,,19-05-2025 00:00,19.71,81.56,21.82,10.43,0.55,127.92
BHOPAL,,20-05-2025 00:00,22.04,98.49,22.01,10.66,0.56,121.42
BHOPAL,,21-05-2025 00:00,18.66,75.76,21.05,11.22,0.59,127.72
BHOPAL,,22-05-2025 00:00,23.7,91.05,26.03,11.74,0.62,102.95
BHOPAL,,23-05-2025 00:00,13.98,66.04,19.77,10.32,0.54,104.62
BHOPAL,,24-05-2025 00:00,12.05,47.08,24.61,12.4,0.64,88.25
BHOPAL,,25-05-2025 00:00,22.07,80.18,24.54,16.03,0.84,75.7
BHOPAL,,26-05-2025 00:00,30.76,76.99,29.32,14.86,0.78,74.76
BHOPAL,,27-05-2025 00:00,33.59,91.17,27.04,16.87,0.88,88.83
BHOPAL,,28-05-2025 00:00,32.66,91.08,27.24,16.09,0.84,98.1
BHOPAL,,29-05-2025 00:00,16.86,55.16,20.54,12.35,0.65,64.94
BHOPAL,,30-05-2025 00:00,19.15,71.58,20.69,10.51,0.55,91.89
BHOPAL,,31-05-2025 00:00,23.12,103.62,22.44,10.74,0.56,62.78
BHOPAL,,01-06-2025 00:00,23.14,131.83,21.74,11.46,0.6,62.45
BHOPAL,,14-06-2025 00:00,37.58,109.0,53.13,11.65,0.6,102.14
BHOPAL,,15-06-2025 00:00,28.81,73.96,57.8,8.36,0.43,114.29
BHOPAL,,16-06-2025 00:00,21.43,56.29,20.91,20.76,1.09,78.47
BHOPAL,,17-06-2025 00:00,11.68,61.84,45.99,9.53,0.48,79.18
BHOPAL,,18-06-2025 00:00,6.47,46.45,26.78,15.93,0.81,62.25
BHOPAL,,19-06-2025 00:00,6.76,51.53,25.86,10.45,0.54,64.02
BHOPAL,,20-06-2025 00:00,10.24,39.29,20.64,16.77,0.86,23.96
BHOPAL,,21-06-2025 00:00,16.09,64.45,25.06,15.85,0.82,29.24
BHOPAL,,22-06-2025 00:00,11.83,48.01,22.89,16.15,0.84,35.98
BHOPAL,,23-06-2025 00:00,12.75,35.61,26.92,15.35,0.81,20.73
BHOPAL,,24-06-2025 00:00,9.95,30.88,26.4,15.99,0.84,26.86
BHOPAL,,25-06-2025 00:00,12.24,36.31,25.3,15.94,0.84,36.99
BHOPAL,,26-06-2025 00:00,11.53,27.66,27.57,13.34,0.7,36.59
BHOPAL,,27-06-2025 00:00,11.28,33.88,33.5,14.18,0.74,45.9
BHOPAL,,28-06-2025 00:00,11.63,42.74,29.96,11.04,0.58,47.73
BHOPAL,,29-06-2025 00:00,13.93,52.66,28.41,10.2,0.53,47.78
BHOPAL,,30-06-2025 00:00,10.11,32.77,29.81,11.13,0.58,41.54
BHOPAL,,01-07-2025 00:00,12.48,48.17,31.23,9.5,0.5,38.23
BHOPAL,,14-07-2025 00:00,16.49,36.97,25.7,13.94,0.73,37.92
BHOPAL,,15-07-2025 00:00,14.98,35.39,25.95,14.33,0.75,29.82
BHOPAL,,16-07-2025 00:00,17.41,53.25,25.62,12.28,0.64,37.23
BHOPAL,,17-07-2025 00:00,22.07,75.01,28.74,14.12,0.74,40.0
BHOPAL,,18-07-2025 00:00,22.82,63.23,29.86,9.52,0.5,29.63
BHOPAL,,19-07-2025 00:00,25.92,99.35,27.11,9.8,0.51,30.9
BHOPAL,,20-07-2025 00:00,22.52,102.67,28.11,13.09,0.68,35.81
BHOPAL,,21-07-2025 00:00,19.14,75.41,27.22,19.88,1.04,42.08
BHOPAL,,22-07-2025 00:00,18.31,70.64,32.0,19.38,1.02,41.88
BHOPAL,,23-07-2025 00:00,15.39,38.0,29.63,25.24,1.32,29.94
BHOPAL,,24-07-2025 00:00,18.43,41.37,28.42,13.55,0.71,26.81
BHOPAL,,25-07-2025 00:00,15.85,40.36,24.38,17.08,0.86,15.83
BHOPAL,,26-07-2025 00:00,22.08,57.48,26.29,15.29,0.8,22.94
BHOPAL,,27-07-2025 00:00,11.79,24.64,27.43,14.35,0.75,39.76
BHOPAL,,28-07-2025 00:00,10.19,22.51,23.71,14.22,0.75,29.72
BHOPAL,,29-07-2025 00:00,9.43,22.14,23.87,15.38,0.8,24.43
BHOPAL,,30-07-2025 00:00,10.54,23.73,21.22,15.59,0.79,24.15
BHOPAL,,31-07-2025 00:00,16.09,51.21,25.26,18.8,0.99,21.99
BHOPAL,,01-08-2025 00:00,20.46,82.22,26.39,17.37,0.91,21.4
BHOPAL,,14-08-2025 00:00,23.8,55.55,27.17,14.31,0.44,32.97
BHOPAL,,15-08-2025 00:00,24.24,43.72,28.23,15.91,0.49,32.85
BHOPAL,,16-08-2025 00:00,28.65,53.78,25.84,13.76,0.42,22.09
BHOPAL,,17-08-2025 00:00,18.74,35.45,29.66,15.85,0.49,17.17
BHOPAL,,18-08-2025 00:00,22.75,46.01,28.05,14.32,0.44,18.47
BHOPAL,,19-08-2025 00:00,20.66,50.95,30.18,19.38,0.59,15.09
BHOPAL,,20-08-2025 00:00,22.16,43.62,27.42,23.33,0.71,19.94
BHOPAL,,21-08-2025 00:00,11.62,23.57,22.31,14.55,0.45,16.72
BHOPAL,,22-08-2025 00:00,6.64,15.6,19.89,18.49,0.57,14.58
BHOPAL,,23-08-2025 00:00,9.29,21.47,17.61,15.88,0.58,12.11
BHOPAL,,24-08-2025 00:00,10.04,23.85,12.88,18.11,0.73,12.37
BHOPAL,,25-08-2025 00:00,10.25,21.95,11.32,16.95,0.68,11.98
BHOPAL,,26-08-2025 00:00,9.09,20.27,10.5,17.28,0.52,12.95
BHOPAL,,27-08-2025 00:00,14.45,37.0,14.2,17.67,0.81,11.24
BHOPAL,,28-08-2025 00:00,16.64,40.69,14.01,16.5,0.68,14.19
BHOPAL,,29-08-2025 00:00,22.22,43.0,20.34,19.0,1.1,12.26
BHOPAL,,30-08-2025 00:00,27.86,50.68,15.67,17.2,0.63,13.87
BHOPAL,,31-08-2025 00:00,25.21,45.48,12.92,15.14,0.34,20.37
BHOPAL,,01-09-2025 00:00,17.09,30.16,11.74,14.07,0.74,20.7
BHOPAL,,14-09-2025 00:00,28.7,84.85,21.81,13.07,1.07,34.52
BHOPAL,,15-09-2025 00:00,78.52,128.97,23.28,18.9,1.52,24.78
BHOPAL,,16-09-2025 00:00,27.77,62.35,19.15,17.74,0.74,32.16
BHOPAL,,17-09-2025 00:00,24.84,55.02,16.55,9.34,0.66,37.31
BHOPAL,,18-09-2025 00:00,19.86,42.53,16.55,11.04,0.81,45.85
BHOPAL,,19-09-2025 00:00,19.89,32.54,18.33,17.54,0.88,40.45
BHOPAL,,20-09-2025 00:00,24.13,51.97,20.61,10.65,0.9,33.17
BHOPAL,,21-09-2025 00:00,23.13,43.63,21.19,7.09,1.03,35.79
BHOPAL,,22-09-2025 00:00,24.86,56.6,18.3,7.17,0.77,46.67
BHOPAL,,23-09-2025 00:00,27.26,84.52,21.67,7.2,1.0,47.45
BHOPAL,,24-09-2025 00:00,29.34,91.95,22.69,7.15,0.96,43.91
BHOPAL,,25-09-2025 00:00,28.32,89.73,24.44,7.04,1.02,34.89
BHOPAL,,26-09-2025 00:00,27.39,91.07,23.43,7.16,0.69,43.86
BHOPAL,,27-09-2025 00:00,29.15,112.61,23.02,7.22,0.78,63.12
BHOPAL,,28-09-2025 00:00,25.48,71.73,20.63,7.24,0.74,53.18
BHOPAL,,29-09-2025 00:00,16.55,34.17,18.17,8.06,1.03,26.73
BHOPAL,,30-09-2025 00:00,18.01,40.93,19.53,8.21,0.8,26.58
BHOPAL,,01-10-2025 00:00,14.78,36.97,18.93,7.81,0.85,33.51
BHOPAL,,14-10-2025 00:00,38.7,125.3,37.43,9.13,1.37,59.22
BHOPAL,,15-10-2025 00:00,46.3,125.04,37.31,8.3,0.65,66.38
BHOPAL,,16-10-2025 00:00,64.75,141.23,32.85,8.6,1.24,57.46
BHOPAL,,17-10-2025 00:00,95.99,169.34,32.79,8.26,0.84,53.5
BHOPAL,,18-10-2025 00:00,89.62,162.49,28.35,8.18,1.05,56.67
BHOPAL,,19-10-2025 00:00,76.49,162.79,25.41,8.56,1.07,67.45
BHOPAL,,20-10-2025 00:00,74.21,171.35,31.14,8.56,1.36,69.22
BHOPAL,,21-10-2025 00:00,63.76,170.66,28.73,8.27,0.91,86.31
BHOPAL,,22-10-2025 00:00,139.6,231.64,27.86,10.0,0.87,80.59
BHOPAL,,23-10-2025 00:00,71.49,130.07,25.47,8.46,1.3,63.53
BHOPAL,,24-10-2025 00:00,56.06,135.15,26.8,8.04,0.99,58.88
BHOPAL,,25-10-2025 00:00,63.68,132.2,24.02,7.89,1.12,72.58
BHOPAL,,26-10-2025 00:00,72.41,124.78,23.54,8.12,1.02,63.52
BHOPAL,,27-10-2025 00:00,31.66,49.14,22.08,8.35,1.0,32.92
BHOPAL,,28-10-2025 00:00,22.09,52.04,21.15,7.97,0.86,34.48
BHOPAL,,29-10-2025 00:00,73.72,125.23,20.68,5.54,1.17,49.42
BHOPAL,,30-10-2025 00:00,54.81,96.43,18.96,3.52,0.82,52.49
BHOPAL,,31-10-2025 00:00,28.78,59.31,19.11,4.28,0.6,30.7
BHOPAL,,01-11-2025 00:00,17.83,46.1,20.57,6.26,0.92,30.62
BHOPAL,,14-11-2025 00:00,121.67,239.48,62.08,7.89,1.81,66.52
BHOPAL,,15-11-2025 00:00,127.08,260.93,60.82,7.32,2.01,62.85
BHOPAL,,16-11-2025 00:00,101.12,180.06,49.98,7.98,1.22,81.64
BHOPAL,,17-11-2025 00:00,128.96,224.99,48.92,8.04,1.82,82.45
BHOPAL,,18-11-2025 00:00,129.05,236.24,52.13,8.33,1.91,94.21
BHOPAL,,19-11-2025 00:00,121.44,231.93,56.3,7.88,2.06,78.22
BHOPAL,,20-11-2025 00:00,159.76,275.21,66.05,9.24,2.25,59.69
BHOPAL,,21-11-2025 00:00,168.07,271.64,66.97,7.93,1.92,57.07
BHOPAL,,22-11-2025 00:00,137.28,239.65,57.62,8.62,1.84,91.41
BHOPAL,,23-11-2025 00:00,175.92,286.9,69.17,7.89,1.85,63.81
BHOPAL,,24-11-2025 00:00,175.19,276.13,60.83,8.1,1.64,69.41
BHOPAL,,25-11-2025 00:00,155.16,243.59,47.73,7.52,1.15,90.53
BHOPAL,,26-11-2025 00:00,113.03,183.95,34.23,6.9,1.32,103.17
BHOPAL,,27-11-2025 00:00,115.93,181.53,37.22,6.43,1.32,139.53
BHOPAL,,28-11-2025 00:00,106.5725,179.48000000000002,36.08,8.57,1.29,139.79
BHOPAL,,29-11-2025 00:00,97.215,177.43,39.22,9.02,0.9,131.71
BHOPAL,,30-11-2025 00:00,87.8575,175.38,44.14,11.67,1.23,139.0
BHOPAL,,01-12-2025 00:00,78.5,173.33,41.27,9.28,1.29,120.77
BHOPAL,,14-12-2025 00:00,54.43,153.31,61.47,9.69,1.24,80.42
BHOPAL,,15-12-2025 00:00,64.61,160.51,54.35,13.19,1.15,99.99
BHOPAL,,16-12-2025 00:00,111.75,212.17,46.73,9.98,1.44,123.22
BHOPAL,,17-12-2025 00:00,82.44,176.84,58.89,11.47,1.62,105.2
BHOPAL,,18-12-2025 00:00,66.8,169.29,75.65,9.04,1.35,94.98
BHOPAL,,19-12-2025 00:00,47.99,133.43,71.18,11.44,0.76,85.21
BHOPAL,,20-12-2025 00:00,37.89,115.53,57.02,10.79,1.11,99.2
BHOPAL,,21-12-2025 00:00,57.31,155.55,66.42,18.11,1.4,70.63
BHOPAL,,22-12-2025 00:00,43.62,118.52,63.69,15.25,0.98,82.4
BHOPAL,,23-12-2025 00:00,62.24,149.14,66.38,12.46,1.6,65.53
BHOPAL,,24-12-2025 00:00,65.46,112.04,67.01,11.45,1.43,55.03
BHOPAL,,25-12-2025 00:00,53.74,143.98,69.56,11.01,1.34,63.73
BHOPAL,,26-12-2025 00:00,57.62,149.85,64.63,12.61,1.14,84.39
BHOPAL,,27-12-2025 00:00,56.48,132.35,60.44,14.71,0.96,94.05
BHOPAL,,28-12-2025 00:00,56.05,146.26,66.67,17.13,1.33,87.89
BHOPAL,,29-12-2025 00:00,58.67,141.27,65.87,18.2,0.99,103.37
BHOPAL,,30-12-2025 00:00,61.3,138.75,62.57,17.54,1.21,115.56
BHOPAL,,31-12-2025 00:00,73.66,156.37,84.15,18.84,1.47,91.49
BHOPAL,,01-01-2026 00:00,79.46,174.05,86.65,23.17,1.4,107.49
BHOPAL,,14-01-2026 00:00,59.06,133.55,69.76,15.39,0.99,140.05
BHOPAL,,15-01-2026 00:00,60.05,137.52,68.64,17.21,1.3,148.36
BHOPAL,,16-01-2026 00:00,63.46,142.22,70.96,14.1,1.07,131.12
BHOPAL,,17-01-2026 00:00,59.28,139.81,63.82,15.65,1.16,116.88
BHOPAL,,18-01-2026 00:00,54.43,134.65,43.43,16.81,1.19,80.75
BHOPAL,,19-01-2026 00:00,55.67,135.59,30.71,30.83,0.92,87.59
BHOPAL,,20-01-2026 00:00,35.57,102.93,25.97,13.82,0.9,75.34
BHOPAL,,21-01-2026 00:00,49.33,136.95,35.95,15.22,1.08,71.52
BHOPAL,,22-01-2026 00:00,55.24,131.76,36.81,13.44,1.11,79.59
BHOPAL,,23-01-2026 00:00,46.49,128.46,38.48,16.78,1.04,80.44
BHOPAL,,24-01-2026 00:00,62.53,164.66,33.16,25.65,1.12,84.58
BHOPAL,,25-01-2026 00:00,59.03,139.75,26.27,13.21,1.03,61.37
BHOPAL,,26-01-2026 00:00,99.77,209.8,25.59,10.7,1.18,50.38
BHOPAL,,27-01-2026 00:00,72.51,159.68,30.25,14.86,1.17,71.67
BHOPAL,,28-01-2026 00:00,75.02,169.89,26.51,25.38,1.08,93.67
BHOPAL,,29-01-2026 00:00,53.59,114.56,25.27,11.44,1.07,65.52
BHOPAL,,30-01-2026 00:00,56.6,111.81,28.95,9.7,0.95,68.1
BHOPAL,,31-01-2026 00:00,55.28,114.83,28.41,11.52,1.02,66.43
BHOPAL,,01-02-2026 00:00,43.06,106.89,29.48,14.17,1.03,51.57
BHOPAL,,14-02-2026 00:00,49.99,132.07,28.03,15.23,1.13,95.85
BHOPAL,,15-02-2026 00:00,51.12,141.8,30.31,14.64,1.41,90.65
BHOPAL,,16-02-2026 00:00,46.82,136.36,35.3,12.95,1.23,74.22
BHOPAL,,17-02-2026 00:00,28.7,91.75,31.41,13.58,0.92,80.48
BHOPAL,,17-02-2026 00:00,24.0,63.0,33.2,13.4,0.89,56.1
BHOPAL_IDGAH,2025-01-01,02-01-2025 00:00,66.94,91.23,20.27,12.61,0.6,55.95
BHOPAL_IDGAH,2025-01-02,02-02-2025 00:00,38.34,99.19,31.01,6.1,0.68,71.93
BHOPAL_IDGAH,2025-01-03,02-03-2025 00:00,29.0,99.78,30.78,9.21,0.66,72.93
BHOPAL_IDGAH,2025-01-04,02-04-2025 00:00,27.08,95.98,23.9,5.92,0.69,97.15
BHOPAL_IDGAH,2025-01-05,02-05-2025 00:00,23.87,100.72,26.21,4.49,0.55,74.25
BHOPAL_IDGAH,2025-01-06,02-06-2025 00:00,26.81,110.54,15.25,10.48,0.48,39.19
BHOPAL_IDGAH,2025-01-07,02-07-2025 00:00,16.28,64.34,10.79,16.55,0.32,20.15
BHOPAL_IDGAH,2025-01-08,02-08-2025 00:00,15.41,92.81,13.7,17.27,0.45,21.41
BHOPAL_IDGAH,2025-01-09,02-09-2025 00:00,12.66,25.12,14.26,6.8,0.59,21.98
BHOPAL_IDGAH,2025-01-10,02-10-2025 00:00,17.8,42.87,11.01,8.36,0.48,19.81
BHOPAL_IDGAH,2025-01-11,02-11-2025 00:00,41.71,73.08,13.66,5.19,0.55,21.92
BHOPAL_IDGAH,2025-01-12,02-12-2025 00:00,95.37,79.84,24.27,8.76,1.04,55.09
BHOPAL_IDGAH,2025-02-01,03-01-2025 00:00,43.51,86.6,29.29,14.63,0.66,85.48
BHOPAL_IDGAH,2025-02-02,03-02-2025 00:00,30.8,86.11,21.97,10.65,0.57,83.23
BHOPAL_IDGAH,2025-02-03,03-03-2025 00:00,31.2,110.16,29.56,5.47,0.65,61.12
BHOPAL_IDGAH,2025-02-04,03-04-2025 00:00,45.95,108.71,32.04,8.12,0.85,89.32
BHOPAL_IDGAH,2025-02-05,03-05-2025 00:00,26.15,115.2,21.02,4.24,0.47,49.61
BHOPAL_IDGAH,2025-02-06,03-06-2025 00:00,24.73,102.8,18.08,10.15,0.67,37.55
BHOPAL_IDGAH,2025-02-07,03-07-2025 00:00,21.52,182.45,23.99,14.38,0.52,16.27
BHOPAL_IDGAH,2025-02-08,03-08-2025 00:00,16.26,78.17,14.17,18.58,0.48,23.76
BHOPAL_IDGAH,2025-02-09,03-09-2025 00:00,13.44,29.5,12.66,6.6,0.5,25.72
BHOPAL_IDGAH,2025-02-10,03-10-2025 00:00,39.43,96.86,15.34,6.74,1.0,24.63
BHOPAL_IDGAH,2025-02-11,03-11-2025 00:00,47.67,85.04,14.16,6.66,0.5,27.87
BHOPAL_IDGAH,2025-02-12,03-12-2025 00:00,110.23,82.02000000000001,42.16,8.71,1.06,37.33
BHOPAL_IDGAH,2025-03-01,04-01-2025 00:00,46.1,79.0,28.42,12.73,0.67,68.03
BHOPAL_IDGAH,2025-03-02,04-02-2025 00:00,37.28,99.25,30.37,11.39,0.68,76.18
BHOPAL_IDGAH,2025-03-03,04-03-2025 00:00,36.3,108.53,25.43,7.23,0.62,74.94
BHOPAL_IDGAH,2025-03-04,04-04-2025 00:00,34.52,94.11,31.93,5.9,0.85,89.57
BHOPAL_IDGAH,2025-03-05,04-05-2025 00:00,32.11,132.84,20.49,4.78,0.46,42.25
BHOPAL_IDGAH,2025-03-06,04-06-2025 00:00,25.52,108.01,19.8,8.48,0.64,29.24
BHOPAL_IDGAH,2025-03-07,04-07-2025 00:00,11.92,176.37,13.34,15.38,0.69,18.06
BHOPAL_IDGAH,2025-03-08,04-08-2025 00:00,15.38,65.53,12.96,19.54,0.46,25.48
BHOPAL_IDGAH,2025-03-09,04-09-2025 00:00,11.26,19.42,10.47,8.71,0.48,30.78
BHOPAL_IDGAH,2025-03-10,04-10-2025 00:00,27.3,64.77,11.1,7.63,0.56,26.27
BHOPAL_IDGAH,2025-03-11,04-11-2025 00:00,61.5,130.28,19.05,6.1,0.8,49.73
BHOPAL_IDGAH,2025-03-12,04-12-2025 00:00,97.84,211.75,27.21,7.74,0.74,48.02
BHOPAL_IDGAH,2025-04-01,05-01-2025 00:00,45.34,83.62,36.97,13.6,0.82,83.05
BHOPAL_IDGAH,2025-04-02,05-02-2025 00:00,49.9,113.32,30.02,11.09,0.8,67.07
BHOPAL_IDGAH,2025-04-03,05-03-2025 00:00,19.46,117.33,16.25,137.79,0.43,78.25
BHOPAL_IDGAH,2025-04-04,05-04-2025 00:00,38.59,83.94,22.08,5.27,0.61,93.49
BHOPAL_IDGAH,2025-04-05,05-05-2025 00:00,18.02,87.52,19.86,6.71,0.47,35.62
BHOPAL_IDGAH,2025-04-06,05-06-2025 00:00,29.55,105.15,20.8,8.75,0.59,30.57
BHOPAL_IDGAH,2025-04-07,05-07-2025 00:00,10.7,33.24,11.78,15.61,0.46,18.47
BHOPAL_IDGAH,2025-04-08,05-08-2025 00:00,14.35,56.34,15.0,18.0,0.51,22.74
BHOPAL_IDGAH,2025-04-09,05-09-2025 00:00,9.52,18.8,13.5,7.62,0.56,29.37
BHOPAL_IDGAH,2025-04-10,05-10-2025 00:00,29.92,71.0,14.99,6.28,0.65,31.48
BHOPAL_IDGAH,2025-04-11,05-11-2025 00:00,37.88,89.29,20.91,5.77,0.62,30.79
BHOPAL_IDGAH,2025-04-12,05-12-2025 00:00,90.02,155.04,21.04,8.02,0.55,55.78
BHOPAL_IDGAH,2025-05-01,06-01-2025 00:00,53.89,86.0,31.84,11.94,0.72,35.73
BHOPAL_IDGAH,2025-05-02,06-02-2025 00:00,53.57,108.81,18.14,8.07,0.58,81.31
BHOPAL_IDGAH,2025-05-03,06-03-2025 00:00,14.16,88.78,12.99,9.77,0.42,82.56
BHOPAL_IDGAH,2025-05-04,06-04-2025 00:00,22.62,88.41,21.87,5.19,0.52,81.18
BHOPAL_IDGAH,2025-05-05,06-05-2025 00:00,15.97,81.22,21.55,5.79,1.13,34.83
BHOPAL_IDGAH,2025-05-06,06-06-2025 00:00,34.75,113.68,25.55,10.55,0.62,39.53
BHOPAL_IDGAH,2025-05-07,06-07-2025 00:00,9.41,27.62,14.39,15.27,0.48,17.87
BHOPAL_IDGAH,2025-05-08,06-08-2025 00:00,16.38,58.35,17.73,19.15,0.57,24.78
BHOPAL_IDGAH,2025-05-09,06-09-2025 00:00,8.62,17.07,10.46,7.68,0.41,25.16
BHOPAL_IDGAH,2025-05-10,06-10-2025 00:00,22.21,117.24,13.46,6.89,0.65,27.79
BHOPAL_IDGAH,2025-05-11,06-11-2025 00:00,36.96,95.21,15.45,6.18,0.45,40.23
BHOPAL_IDGAH,2025-05-12,06-12-2025 00:00,96.61,174.88,23.91,8.75,0.66,61.45
BHOPAL_IDGAH,2025-06-01,07-01-2025 00:00,50.17,81.17,26.62,15.94,0.78,68.05
BHOPAL_IDGAH,2025-06-02,07-02-2025 00:00,33.19,98.18,26.41,10.44,0.61,79.74
BHOPAL_IDGAH,2025-06-03,07-03-2025 00:00,15.13,69.56,24.1,8.03,0.57,72.97
BHOPAL_IDGAH,2025-06-04,07-04-2025 00:00,27.01,93.91,26.28,5.31,0.65,77.0
BHOPAL_IDGAH,2025-06-05,07-05-2025 00:00,14.37,56.64,20.86,5.42,0.51,27.99
BHOPAL_IDGAH,2025-06-06,07-06-2025 00:00,33.11,113.2,22.34,13.1,0.52,52.26
BHOPAL_IDGAH,2025-06-07,07-07-2025 00:00,7.97,22.0,11.06,18.16,0.33,23.0
BHOPAL_IDGAH,2025-06-08,07-08-2025 00:00,15.64,56.95,16.21,18.41,0.54,23.46
BHOPAL_IDGAH,2025-06-09,07-09-2025 00:00,10.47,19.33,11.42,7.29,0.57,25.04
BHOPAL_IDGAH,2025-06-10,07-10-2025 00:00,21.25,31.92,16.15,8.83,0.59,20.7
BHOPAL_IDGAH,2025-06-11,07-11-2025 00:00,38.08,101.46,12.97,6.08,0.41,63.81
BHOPAL_IDGAH,2025-06-12,07-12-2025 00:00,88.39,161.96,23.73,8.66,0.64,67.13
BHOPAL_IDGAH,2025-07-01,08-01-2025 00:00,64.54,93.28,16.95,13.45,0.71,75.15
BHOPAL_IDGAH,2025-07-02,08-02-2025 00:00,31.49,91.32,26.51,8.48,0.61,77.87
BHOPAL_IDGAH,2025-07-03,08-03-2025 00:00,21.09,89.9,35.86,9.15,0.73,67.75
BHOPAL_IDGAH,2025-07-04,08-04-2025 00:00,30.33,101.69,30.41,5.35,0.69,69.77
BHOPAL_IDGAH,2025-07-05,08-05-2025 00:00,21.73,69.36,21.49,3.64,0.52,33.27
BHOPAL_IDGAH,2025-07-06,08-06-2025 00:00,31.86,119.14,19.27,12.68,0.46,50.17
BHOPAL_IDGAH,2025-07-07,08-07-2025 00:00,9.69,28.77,18.28,22.25,0.64,30.3
BHOPAL_IDGAH,2025-07-08,08-08-2025 00:00,17.53,57.1,16.68,21.37,0.5,28.73
BHOPAL_IDGAH,2025-07-09,08-09-2025 00:00,8.76,22.4,11.3,7.02,0.51,27.33
BHOPAL_IDGAH,2025-07-10,08-10-2025 00:00,24.29,48.82,16.04,8.74,0.54,26.34
BHOPAL_IDGAH,2025-07-11,08-11-2025 00:00,51.06,120.18,15.44,7.26,0.49,75.17
BHOPAL_IDGAH,2025-07-12,08-12-2025 00:00,92.83,177.67,24.48,10.49,0.67,63.63
BHOPAL_IDGAH,2025-08-01,09-01-2025 00:00,67.98,102.22,27.55,14.33,0.78,81.24
BHOPAL_IDGAH,2025-08-02,09-02-2025 00:00,25.12,74.96,23.58,7.88,0.56,76.87
BHOPAL_IDGAH,2025-08-03,09-03-2025 00:00,15.55,69.28,23.99,9.99,0.56,68.8
BHOPAL_IDGAH,2025-08-04,09-04-2025 00:00,35.97,106.91,31.75,5.34,0.68,79.23
BHOPAL_IDGAH,2025-08-05,09-05-2025 00:00,21.79,67.81,23.82,3.38,0.51,26.53
BHOPAL_IDGAH,2025-08-06,09-06-2025 00:00,28.78,128.72,20.23,11.91,0.56,46.32
BHOPAL_IDGAH,2025-08-07,09-07-2025 00:00,14.25,46.62,16.14,19.54,0.59,25.49
BHOPAL_IDGAH,2025-08-08,09-08-2025 00:00,20.44,68.73,17.27,22.25,0.5,30.3
BHOPAL_IDGAH,2025-08-09,09-09-2025 00:00,10.95,34.94,13.79,7.82,0.55,25.5
BHOPAL_IDGAH,2025-08-10,09-10-2025 00:00,42.08,204.5,12.79,7.84,0.45,42.16
BHOPAL_IDGAH,2025-08-11,09-11-2025 00:00,44.84,100.96,13.5,7.54,0.7,73.48
BHOPAL_IDGAH,2025-08-12,09-12-2025 00:00,70.33,135.88,25.27,10.28,0.72,52.91
BHOPAL_IDGAH,2025-09-01,10-01-2025 00:00,58.78,94.35,32.07,13.92,0.7,81.85
BHOPAL_IDGAH,2025-09-02,10-02-2025 00:00,32.3,88.65,30.19,13.17,0.77,82.04
BHOPAL_IDGAH,2025-09-03,10-03-2025 00:00,19.93,77.07,25.08,7.54,0.57,70.72
BHOPAL_IDGAH,2025-09-04,10-04-2025 00:00,17.25,84.75,11.15,4.9,0.2,95.58
BHOPAL_IDGAH,2025-09-05,10-05-2025 00:00,24.31,74.0,28.65,6.15,0.57,30.43
BHOPAL_IDGAH,2025-09-06,10-06-2025 00:00,22.98,116.66,15.8,13.02,0.47,51.86
BHOPAL_IDGAH,2025-09-07,10-07-2025 00:00,9.35,36.29,22.42,17.68,0.49,22.16
BHOPAL_IDGAH,2025-09-08,10-08-2025 00:00,19.26,57.95,13.95,23.2,0.4,31.99
BHOPAL_IDGAH,2025-09-09,10-09-2025 00:00,14.73,39.18,13.99,7.57,0.53,24.7
BHOPAL_IDGAH,2025-09-10,10-10-2025 00:00,39.71,191.75,11.45,8.32,0.45,49.57
BHOPAL_IDGAH,2025-09-11,10-11-2025 00:00,44.86,115.25,12.67,7.81,0.77,75.51
BHOPAL_IDGAH,2025-09-12,10-12-2025 00:00,36.94,89.23,16.8,10.79,0.5,59.42
BHOPAL_IDGAH,2025-10-01,11-01-2025 00:00,57.92,95.07,33.85,14.85,0.84,90.03
BHOPAL_IDGAH,2025-10-02,11-02-2025 00:00,44.07,106.64,32.77,10.78,0.81,82.77
BHOPAL_IDGAH,2025-10-03,11-03-2025 00:00,20.81,82.78,30.83,8.04,0.67,72.92
BHOPAL_IDGAH,2025-10-04,11-04-2025 00:00,28.12,101.98,35.24,5.5,0.85,79.25
BHOPAL_IDGAH,2025-10-05,11-05-2025 00:00,34.02,88.45,30.14,7.05,0.63,31.21
BHOPAL_IDGAH,2025-10-06,11-06-2025 00:00,24.95,125.74,18.06,11.17,0.49,42.66
BHOPAL_IDGAH,2025-10-07,11-07-2025 00:00,16.52,65.3,22.45,16.99,0.44,20.92
BHOPAL_IDGAH,2025-10-08,11-08-2025 00:00,18.06,46.74,12.07,21.33,0.37,28.66
BHOPAL_IDGAH,2025-10-09,11-09-2025 00:00,16.79,45.68,13.38,8.42,0.51,26.43
BHOPAL_IDGAH,2025-10-10,11-10-2025 00:00,40.33,183.54,17.47,8.59,0.56,46.86
BHOPAL_IDGAH,2025-10-11,11-11-2025 00:00,60.29,166.29,23.89,8.9,1.08,67.82
BHOPAL_IDGAH,2025-10-12,11-12-2025 00:00,43.67,98.55,20.09,7.37,0.9,53.08
BHOPAL_IDGAH,2025-11-01,12-01-2025 00:00,99.48,146.0,64.93,16.67,1.37,54.7
BHOPAL_IDGAH,2025-11-02,12-02-2025 00:00,29.11,94.09,38.81,9.91,0.79,72.63
BHOPAL_IDGAH,2025-11-03,12-03-2025 00:00,28.2,91.03,36.7,13.6,0.73,72.55
BHOPAL_IDGAH,2025-11-04,12-04-2025 00:00,32.97,108.75,32.57,5.33,0.67,77.0
BHOPAL_IDGAH,2025-11-05,12-05-2025 00:00,28.3,77.86,19.39,6.39,0.42,41.5
BHOPAL_IDGAH,2025-11-06,12-06-2025 00:00,35.29,137.87,19.51,16.17,0.57,67.55
BHOPAL_IDGAH,2025-11-07,12-07-2025 00:00,14.18,55.55,14.38,19.46,0.2,25.34
BHOPAL_IDGAH,2025-11-08,12-08-2025 00:00,20.98,59.15,16.95,19.37,0.5,25.18
BHOPAL_IDGAH,2025-11-09,12-09-2025 00:00,17.02,48.96,10.76,7.08,0.42,35.14
BHOPAL_IDGAH,2025-11-10,12-10-2025 00:00,34.46,129.83,13.97,8.52,0.47,56.66
BHOPAL_IDGAH,2025-11-11,12-11-2025 00:00,76.14,178.25,22.95,7.46,0.77,68.23
BHOPAL_IDGAH,2025-11-12,12-12-2025 00:00,54.04,121.26,21.69,13.05,0.63,65.04
BHOPAL_IDGAH,2025-12-01,13-01-2025 00:00,83.69,107.74,20.97,15.01,0.67,74.52
BHOPAL_IDGAH,2025-12-02,13-02-2025 00:00,27.73,80.52,22.26,20.23,0.49,82.46
BHOPAL_IDGAH,2025-12-03,13-03-2025 00:00,23.9,82.4,25.55,11.04,0.55,90.72
BHOPAL_IDGAH,2025-12-04,13-04-2025 00:00,33.81,108.09,26.5,5.27,0.61,71.45
BHOPAL_IDGAH,2025-12-05,13-05-2025 00:00,28.86,76.76,19.08,5.96,0.42,41.92
BHOPAL_IDGAH,2025-12-06,13-06-2025 00:00,48.84,116.47,24.52,16.12,0.6,67.32
BHOPAL_IDGAH,2025-12-07,13-07-2025 00:00,12.85,50.47,17.46,16.76,0.44,20.53
BHOPAL_IDGAH,2025-12-08,13-08-2025 00:00,17.41,55.01,14.97,20.08,0.45,26.44
BHOPAL_IDGAH,2025-12-09,13-09-2025 00:00,20.69,53.74,9.22,7.61,0.37,39.78
BHOPAL_IDGAH,2025-12-10,13-10-2025 00:00,30.96,113.0,14.57,8.04,0.54,54.5
BHOPAL_IDGAH,2025-12-11,13-11-2025 00:00,50.61,130.11,14.57,8.12,0.57,80.58
BHOPAL_IDGAH,2025-12-12,13-12-2025 00:00,55.61,124.62,19.75,9.62,0.64,68.97
BHOPAL_IDGAH,2026-01-01,02-01-2026 00:00,106.43,186.17,22.06,11.67,0.73,61.39
BHOPAL_IDGAH,2026-01-02,02-02-2026 00:00,44.84,99.0,25.66,7.57,0.73,32.05
BHOPAL_IDGAH,2026-02-01,03-01-2026 00:00,109.69,191.01,19.28,9.3,0.73,47.48
BHOPAL_IDGAH,2026-02-02,03-02-2026 00:00,49.31,108.92,22.73,8.86,0.84,36.45
BHOPAL_IDGAH,2026-03-01,04-01-2026 00:00,86.54,197.05,18.69,8.35,0.68,35.68
BHOPAL_IDGAH,2026-03-02,04-02-2026 00:00,49.7,97.53,16.85,8.12,0.61,29.35
BHOPAL_IDGAH,2026-04-01,05-01-2026 00:00,80.01,181.04,17.39,6.42,0.7,34.31
BHOPAL_IDGAH,2026-04-02,05-02-2026 00:00,43.24,90.83,16.28,9.13,0.56,34.17
BHOPAL_IDGAH,2026-05-01,06-01-2026 00:00,57.88,151.58,23.43,7.77,1.03,37.01
BHOPAL_IDGAH,2026-05-02,06-02-2026 00:00,30.74,80.4,18.26,8.85,0.5,42.59
BHOPAL_IDGAH,2026-06-01,07-01-2026 00:00,58.82,128.92,23.64,8.15,1.04,42.38
BHOPAL_IDGAH,2026-06-02,07-02-2026 00:00,46.63,110.16,24.33,8.59,0.79,51.24
BHOPAL_IDGAH,2026-07-01,08-01-2026 00:00,63.35,130.41,22.38,8.34,0.72,41.92
BHOPAL_IDGAH,2026-07-02,08-02-2026 00:00,48.72,109.51,22.02,10.44,0.77,59.17
BHOPAL_IDGAH,2026-08-01,09-01-2026 00:00,68.79,138.38,24.91,9.88,0.71,40.03
BHOPAL_IDGAH,2026-08-02,09-02-2026 00:00,45.65,101.96,22.54,9.55,0.81,55.32
BHOPAL_IDGAH,2026-09-01,10-01-2026 00:00,59.39,131.83,31.3,10.53,0.71,45.61
BHOPAL_IDGAH,2026-09-02,10-02-2026 00:00,34.07,100.8,27.13,9.85,0.69,55.6
BHOPAL_IDGAH,2026-10-01,11-01-2026 00:00,70.27,151.91,31.96,15.8,0.84,52.27
BHOPAL_IDGAH,2026-10-02,11-02-2026 00:00,52.62,131.35,31.18,13.04,0.84,53.84
BHOPAL_IDGAH,2026-11-01,12-01-2026 00:00,56.71,116.21,29.09,12.88,0.85,55.62
BHOPAL_IDGAH,2026-11-02,12-02-2026 00:00,59.59,136.83,25.86,15.93,0.7,59.33
BHOPAL_IDGAH,2026-12-01,13-01-2026 00:00,68.83,136.92,22.2,10.71,0.8,50.12
BHOPAL_IDGAH,2026-12-02,13-02-2026 00:00,50.74,122.9,19.25,9.47,0.65,58.46
BHOPAL_IDGAH,,14-01-2025 00:00,91.7,108.29,21.72,13.37,0.75,73.72
BHOPAL_IDGAH,,15-01-2025 00:00,70.08,111.56,26.79,14.1,0.66,67.76
BHOPAL_IDGAH,,16-01-2025 00:00,65.06,121.4,32.73,14.04,0.82,64.38
BHOPAL_IDGAH,,17-01-2025 00:00,82.25,134.57,22.39,14.13,0.76,58.13
BHOPAL_IDGAH,,18-01-2025 00:00,94.08,183.75,27.45,44.43,0.82,50.11
BHOPAL_IDGAH,,19-01-2025 00:00,71.47,137.38,40.69,10.87,1.12,59.28
BHOPAL_IDGAH,,20-01-2025 00:00,57.67,106.21,34.15,45.03,0.84,66.88
BHOPAL_IDGAH,,21-01-2025 00:00,46.89,88.83,24.76,23.95,0.64,78.78
BHOPAL_IDGAH,,22-01-2025 00:00,56.48,104.2,27.72,2.87,0.71,78.67
BHOPAL_IDGAH,,23-01-2025 00:00,61.12,114.94,28.8,4.52,0.73,73.46
BHOPAL_IDGAH,,24-01-2025 00:00,58.69,107.97,25.82,4.66,0.65,80.82
BHOPAL_IDGAH,,25-01-2025 00:00,65.74,123.59,29.28,6.14,0.79,72.66
BHOPAL_IDGAH,,26-01-2025 00:00,43.93,90.73,22.69,3.17,0.59,76.26
BHOPAL_IDGAH,,27-01-2025 00:00,39.86,78.88,20.09,1.89,0.61,82.93
BHOPAL_IDGAH,,28-01-2025 00:00,33.32,75.94,20.99,2.82,0.56,82.61
BHOPAL_IDGAH,,29-01-2025 00:00,28.47,70.88,20.82,1.75,0.55,85.78
BHOPAL_IDGAH,,30-01-2025 00:00,40.72,104.4,39.83,2.21,0.91,73.02
BHOPAL_IDGAH,,31-01-2025 00:00,36.57,93.54,33.88,2.03,0.71,70.57
BHOPAL_IDGAH,,01-02-2025 00:00,27.0,85.55,32.89,2.28,0.72,67.16
BHOPAL_IDGAH,,14-02-2025 00:00,25.77,78.68,20.69,10.13,0.51,83.96
BHOPAL_IDGAH,,15-02-2025 00:00,21.5,76.05,32.6,12.04,0.6,71.11
BHOPAL_IDGAH,,16-02-2025 00:00,21.05,81.11,24.49,7.19,0.56,80.26
BHOPAL_IDGAH,,17-02-2025 00:00,26.84,88.41,23.81,11.39,0.52,78.4
BHOPAL_IDGAH,,18-02-2025 00:00,28.34,121.38,42.43,76.94,1.09,62.94
BHOPAL_IDGAH,,19-02-2025 00:00,29.44,95.12,26.21,9.76,0.65,72.93
BHOPAL_IDGAH,,20-02-2025 00:00,41.16,106.98,26.23,69.32,0.78,66.28
BHOPAL_IDGAH,,21-02-2025 00:00,29.22,96.42,32.99,6.53,0.61,53.77
BHOPAL_IDGAH,,22-02-2025 00:00,19.31,85.27,25.18,6.67,0.47,68.98
BHOPAL_IDGAH,,23-02-2025 00:00,25.86,108.49,18.36,7.75,0.46,79.8
BHOPAL_IDGAH,,24-02-2025 00:00,24.47,94.22,27.98,10.73,0.64,73.64
BHOPAL_IDGAH,,25-02-2025 00:00,21.01,84.44,21.22,8.34,0.47,75.68
BHOPAL_IDGAH,,26-02-2025 00:00,22.67,80.47,25.47,5.78,0.55,70.69
BHOPAL_IDGAH,,27-02-2025 00:00,29.73,92.72,25.74,8.18,0.65,64.67
BHOPAL_IDGAH,,28-02-2025 00:00,30.37,99.03,31.96,10.22,0.69,70.45
BHOPAL_IDGAH,,01-03-2025 00:00,30.36,94.35,25.39,11.36,0.6,83.48
BHOPAL_IDGAH,,14-03-2025 00:00,22.8,93.58,33.95,7.81,0.69,63.47
BHOPAL_IDGAH,,15-03-2025 00:00,27.38,86.79,21.68,5.97,0.58,63.87
BHOPAL_IDGAH,,16-03-2025 00:00,37.27,98.84,27.9,9.1,0.73,57.81
BHOPAL_IDGAH,,17-03-2025 00:00,17.44,82.68,23.0,9.23,0.46,61.18
BHOPAL_IDGAH,,18-03-2025 00:00,21.91,91.54,17.51,7.88,0.53,75.58
BHOPAL_IDGAH,,19-03-2025 00:00,20.27,74.05,19.18,8.94,0.43,76.58
BHOPAL_IDGAH,,20-03-2025 00:00,26.14,80.83,19.31,9.12,0.54,81.76
BHOPAL_IDGAH,,21-03-2025 00:00,27.51,87.61,24.39,8.84,0.64,87.34
BHOPAL_IDGAH,,22-03-2025 00:00,28.46,88.92,25.06,8.4,0.54,74.27
BHOPAL_IDGAH,,23-03-2025 00:00,19.52,72.93,20.15,8.97,0.43,82.47
BHOPAL_IDGAH,,24-03-2025 00:00,20.67,79.19,16.1,5.24,0.46,80.5
BHOPAL_IDGAH,,25-03-2025 00:00,20.81,74.21,21.28,5.62,0.59,81.22
BHOPAL_IDGAH,,26-03-2025 00:00,25.55,83.96,25.94,6.71,0.69,85.7
BHOPAL_IDGAH,,27-03-2025 00:00,36.84,96.86,35.13,7.22,1.01,85.2
BHOPAL_IDGAH,,28-03-2025 00:00,31.28,100.27,31.77,5.95,0.69,87.13
BHOPAL_IDGAH,,29-03-2025 00:00,20.56,107.53,15.61,13.36,0.35,77.81
BHOPAL_IDGAH,,30-03-2025 00:00,13.01,94.29,13.62,23.51,0.44,91.63
BHOPAL_IDGAH,,31-03-2025 00:00,18.38,88.16,16.02,6.33,0.56,98.24
BHOPAL_IDGAH,,01-04-2025 00:00,24.7,93.53,26.16,8.34,0.73,88.58
BHOPAL_IDGAH,,14-04-2025 00:00,29.53,104.03,27.26,5.3,0.64,78.51
BHOPAL_IDGAH,,15-04-2025 00:00,55.81,127.92,36.47,5.49,0.84,76.0
BHOPAL_IDGAH,,16-04-2025 00:00,33.49,94.59,28.64,5.03,0.65,89.81
BHOPAL_IDGAH,,17-04-2025 00:00,44.65,104.02,26.85,4.7,0.75,68.98
BHOPAL_IDGAH,,18-04-2025 00:00,35.21,97.18,30.15,4.25,0.31,65.69
BHOPAL_IDGAH,,19-04-2025 00:00,30.89,99.74,31.01,4.53,0.84,40.33
BHOPAL_IDGAH,,20-04-2025 00:00,27.36,91.54,30.17,4.76,0.81,45.2
BHOPAL_IDGAH,,21-04-2025 00:00,38.31,127.36,28.54,4.58,0.63,52.78
BHOPAL_IDGAH,,22-04-2025 00:00,44.52,173.7,26.16,4.3,0.36,47.72
BHOPAL_IDGAH,,23-04-2025 00:00,26.88,103.09,32.21,4.81,0.87,65.93
BHOPAL_IDGAH,,24-04-2025 00:00,38.79,110.95,20.19,6.51,0.72,58.06
BHOPAL_IDGAH,,25-04-2025 00:00,34.39,102.09,34.92,4.89,0.94,68.81
BHOPAL_IDGAH,,26-04-2025 00:00,45.02,119.8,39.39,4.9,0.95,46.78
BHOPAL_IDGAH,,27-04-2025 00:00,32.96,103.5,24.63,4.49,0.55,97.2
BHOPAL_IDGAH,,28-04-2025 00:00,32.25,113.09,24.67,5.33,1.36,111.19
BHOPAL_IDGAH,,29-04-2025 00:00,26.5,89.06,25.57,4.67,0.72,73.82
BHOPAL_IDGAH,,30-04-2025 00:00,25.69,105.7,23.67,4.49,0.55,82.64
BHOPAL_IDGAH,,01-05-2025 00:00,35.37,132.58,24.59,4.3,0.45,67.74
BHOPAL_IDGAH,,14-05-2025 00:00,31.08,91.31,25.28,4.04,0.59,39.9
BHOPAL_IDGAH,,15-05-2025 00:00,29.55,85.54,21.79,4.77,0.63,44.21
BHOPAL_IDGAH,,16-05-2025 00:00,30.23,82.09,26.48,5.9,0.68,49.44
BHOPAL_IDGAH,,17-05-2025 00:00,37.91,109.41,26.1,16.55,0.76,48.48
BHOPAL_IDGAH,,18-05-2025 00:00,30.93,99.2,22.06,15.23,0.5,53.81
BHOPAL_IDGAH,,19-05-2025 00:00,29.38,79.62,22.16,23.93,0.39,61.65
BHOPAL_IDGAH,,20-05-2025 00:00,31.65,92.64,22.38,17.27,0.37,54.19
BHOPAL_IDGAH,,21-05-2025 00:00,27.91,82.51,23.72,17.52,0.59,59.07
BHOPAL_IDGAH,,22-05-2025 00:00,32.14,92.53,23.96,17.93,0.49,52.35
BHOPAL_IDGAH,,23-05-2025 00:00,23.94,70.22,18.48,21.32,0.43,56.27
BHOPAL_IDGAH,,24-05-2025 00:00,25.43,71.21,22.61,37.53,0.76,50.33
BHOPAL_IDGAH,,25-05-2025 00:00,32.27,80.25,21.99,23.94,0.66,46.49
BHOPAL_IDGAH,,26-05-2025 00:00,43.24,99.79,22.57,21.6,0.73,45.83
BHOPAL_IDGAH,,27-05-2025 00:00,44.47,102.18,23.55,19.44,0.87,51.14
BHOPAL_IDGAH,,28-05-2025 00:00,43.71,109.96,25.12,19.79,0.95,55.65
BHOPAL_IDGAH,,29-05-2025 00:00,27.97,85.22,24.03,13.83,0.56,50.72
BHOPAL_IDGAH,,30-05-2025 00:00,27.36,85.72,17.04,14.3,0.43,58.21
BHOPAL_IDGAH,,31-05-2025 00:00,34.4,131.05,17.62,11.35,0.46,43.53
BHOPAL_IDGAH,,01-06-2025 00:00,35.53,164.87,23.18,11.16,0.59,42.61
BHOPAL_IDGAH,,14-06-2025 00:00,36.94,93.63,22.66,14.52,0.65,59.31
BHOPAL_IDGAH,,15-06-2025 00:00,36.21,89.82,17.46,14.41,0.44,59.46
BHOPAL_IDGAH,,16-06-2025 00:00,23.65,61.45,15.92,12.79,0.5,50.76
BHOPAL_IDGAH,,17-06-2025 00:00,18.94,58.96,17.56,10.13,0.57,37.93
BHOPAL_IDGAH,,18-06-2025 00:00,10.9,51.65,15.64,8.03,0.49,27.32
BHOPAL_IDGAH,,19-06-2025 00:00,17.27,85.92,13.47,8.45,0.36,29.11
BHOPAL_IDGAH,,20-06-2025 00:00,21.36,77.37,9.95,7.2,0.31,22.88
BHOPAL_IDGAH,,21-06-2025 00:00,32.88,99.3,14.01,6.13,0.4,17.49
BHOPAL_IDGAH,,22-06-2025 00:00,16.89,65.57,11.45,6.77,0.29,20.66
BHOPAL_IDGAH,,23-06-2025 00:00,13.42,60.76,12.88,4.79,0.49,10.84
BHOPAL_IDGAH,,24-06-2025 00:00,13.26,58.91,13.27,5.01,0.58,11.9
BHOPAL_IDGAH,,25-06-2025 00:00,12.8,58.75,11.51,5.52,0.45,14.48
BHOPAL_IDGAH,,26-06-2025 00:00,12.1,51.38,14.34,5.7,0.57,15.54
BHOPAL_IDGAH,,27-06-2025 00:00,12.49,45.68,12.82,13.76,0.45,28.26
BHOPAL_IDGAH,,28-06-2025 00:00,11.91,47.45,12.23,21.98,0.37,25.48
BHOPAL_IDGAH,,29-06-2025 00:00,13.72,62.16,10.52,20.58,0.28,27.33
BHOPAL_IDGAH,,30-06-2025 00:00,12.3,53.72,9.69,18.72,0.27,24.01
BHOPAL_IDGAH,,01-07-2025 00:00,13.61,75.75,13.02,16.29,0.44,19.69
BHOPAL_IDGAH,,14-07-2025 00:00,12.53,49.27,14.46,22.58,0.21,30.89
BHOPAL_IDGAH,,15-07-2025 00:00,10.55,40.95,11.95,20.9,0.28,27.9
BHOPAL_IDGAH,,16-07-2025 00:00,12.93,60.87,15.48,20.27,0.4,26.77
BHOPAL_IDGAH,,17-07-2025 00:00,15.81,92.56,16.28,21.96,0.55,29.79
BHOPAL_IDGAH,,18-07-2025 00:00,16.55,78.41,18.89,17.96,0.63,22.64
BHOPAL_IDGAH,,19-07-2025 00:00,18.39,110.16,15.58,19.53,0.49,25.46
BHOPAL_IDGAH,,20-07-2025 00:00,17.16,96.4,16.24,21.08,0.4,28.21
BHOPAL_IDGAH,,21-07-2025 00:00,14.86,66.39,15.21,20.74,0.34,27.6
BHOPAL_IDGAH,,22-07-2025 00:00,15.25,57.81,15.29,21.16,0.41,28.37
BHOPAL_IDGAH,,23-07-2025 00:00,11.79,32.73,15.52,18.81,0.49,24.18
BHOPAL_IDGAH,,24-07-2025 00:00,14.81,56.65,14.54,18.13,0.36,22.97
BHOPAL_IDGAH,,25-07-2025 00:00,12.73,61.62,15.75,15.72,0.46,18.66
BHOPAL_IDGAH,,26-07-2025 00:00,16.73,96.85,16.03,16.98,0.51,20.9
BHOPAL_IDGAH,,27-07-2025 00:00,10.37,26.87,17.53,22.01,0.58,29.86
BHOPAL_IDGAH,,28-07-2025 00:00,8.07,20.12,7.1,21.15,0.36,28.34
BHOPAL_IDGAH,,29-07-2025 00:00,8.37,24.5,8.87,17.88,0.41,22.51
BHOPAL_IDGAH,,30-07-2025 00:00,9.42,31.68,8.58,18.16,0.31,23.01
BHOPAL_IDGAH,,31-07-2025 00:00,12.4,73.46,12.22,17.32,0.54,21.51
BHOPAL_IDGAH,,01-08-2025 00:00,14.98,115.99,14.09,16.12,0.51,19.39
BHOPAL_IDGAH,,14-08-2025 00:00,18.2,42.24,15.12,14.03,0.42,23.04
BHOPAL_IDGAH,,15-08-2025 00:00,15.49,34.97,11.17,13.04,0.42,30.63
BHOPAL_IDGAH,,16-08-2025 00:00,20.86,56.07,9.39,13.37,0.48,28.05
BHOPAL_IDGAH,,17-08-2025 00:00,12.83,32.17,22.6,13.98,0.98,20.14
BHOPAL_IDGAH,,18-08-2025 00:00,15.91,39.15,12.04,14.36,0.58,25.96
BHOPAL_IDGAH,,19-08-2025 00:00,13.84,33.67,9.49,12.12,0.4,26.34
BHOPAL_IDGAH,,20-08-2025 00:00,15.18,35.05,13.83,13.98,0.5,27.54
BHOPAL_IDGAH,,21-08-2025 00:00,10.47,24.05,14.92,13.08,0.47,22.47
BHOPAL_IDGAH,,22-08-2025 00:00,6.46,16.46,11.82,12.94,0.4,22.23
BHOPAL_IDGAH,,23-08-2025 00:00,7.6,19.4,9.77,11.95,0.41,20.18
BHOPAL_IDGAH,,24-08-2025 00:00,7.94,16.79,9.63,8.31,0.51,20.75
BHOPAL_IDGAH,,25-08-2025 00:00,6.54,15.14,7.77,8.49,0.42,21.1
BHOPAL_IDGAH,,26-08-2025 00:00,6.94,15.9,9.25,7.93,0.54,21.27
BHOPAL_IDGAH,,27-08-2025 00:00,11.15,28.78,12.44,7.52,0.64,22.49
BHOPAL_IDGAH,,28-08-2025 00:00,11.55,26.82,10.87,7.15,0.45,31.54
BHOPAL_IDGAH,,29-08-2025 00:00,15.3,28.64,15.82,6.6,0.65,22.25
BHOPAL_IDGAH,,30-08-2025 00:00,17.85,31.28,12.48,8.51,0.47,29.71
BHOPAL_IDGAH,,31-08-2025 00:00,17.96,31.28,15.31,8.01,0.5,30.33
BHOPAL_IDGAH,,01-09-2025 00:00,12.41,22.55,12.35,6.87,0.51,27.23
BHOPAL_IDGAH,,14-09-2025 00:00,22.14,59.26,12.44,8.33,0.53,32.16
BHOPAL_IDGAH,,15-09-2025 00:00,27.08,60.02,17.79,8.36,0.7,29.16
BHOPAL_IDGAH,,16-09-2025 00:00,23.19,50.15,16.22,8.21,0.63,29.61
BHOPAL_IDGAH,,17-09-2025 00:00,18.76,44.65,14.35,8.2,0.53,31.18
BHOPAL_IDGAH,,18-09-2025 00:00,16.25,38.69,12.58,6.91,0.43,35.97
BHOPAL_IDGAH,,19-09-2025 00:00,21.96,44.2,16.06,8.41,0.68,27.61
BHOPAL_IDGAH,,20-09-2025 00:00,22.77,45.17,13.54,8.42,0.49,31.07
BHOPAL_IDGAH,,21-09-2025 00:00,21.11,40.51,14.06,8.51,0.45,31.68
BHOPAL_IDGAH,,22-09-2025 00:00,24.61,50.21,15.52,7.79,0.58,35.33
BHOPAL_IDGAH,,23-09-2025 00:00,24.45,62.74,16.69,7.22,0.57,37.47
BHOPAL_IDGAH,,24-09-2025 00:00,26.1,72.4,13.8,7.99,0.51,38.06
BHOPAL_IDGAH,,25-09-2025 00:00,26.42,94.02,12.31,7.78,0.5,27.82
BHOPAL_IDGAH,,26-09-2025 00:00,24.59,79.62,10.75,7.68,0.36,35.35
BHOPAL_IDGAH,,27-09-2025 00:00,25.33,79.16,11.41,8.16,0.36,48.34
BHOPAL_IDGAH,,28-09-2025 00:00,29.15,95.83,12.76,8.72,0.62,39.04
BHOPAL_IDGAH,,29-09-2025 00:00,18.23,87.02,12.28,8.88,0.61,23.16
BHOPAL_IDGAH,,30-09-2025 00:00,18.46,71.54,14.21,7.32,0.68,20.31
BHOPAL_IDGAH,,01-10-2025 00:00,18.64,51.66,16.36,8.39,0.7,20.58
BHOPAL_IDGAH,,14-10-2025 00:00,32.97,108.08,18.42,8.17,0.65,51.56
BHOPAL_IDGAH,,15-10-2025 00:00,41.38,114.08,16.63,8.4,0.62,47.86
BHOPAL_IDGAH,,16-10-2025 00:00,67.4,148.52,20.18,8.04,0.76,38.98
BHOPAL_IDGAH,,17-10-2025 00:00,104.84,175.87,21.32,9.78,0.91,34.82
BHOPAL_IDGAH,,18-10-2025 00:00,96.83,155.26,18.52,8.72,0.84,36.97
BHOPAL_IDGAH,,19-10-2025 00:00,80.28,160.14,19.67,8.07,0.67,38.34
BHOPAL_IDGAH,,20-10-2025 00:00,85.84,174.98,19.08,9.87,0.72,47.3
BHOPAL_IDGAH,,21-10-2025 00:00,116.0,171.32,22.58,14.07,0.59,48.22
BHOPAL_IDGAH,,22-10-2025 00:00,124.7,138.81,17.7,16.46,0.37,50.94
BHOPAL_IDGAH,,23-10-2025 00:00,72.21,138.54,15.21,10.26,0.4,41.7
BHOPAL_IDGAH,,24-10-2025 00:00,69.17,136.79,15.26,9.4,0.4,40.54
BHOPAL_IDGAH,,25-10-2025 00:00,72.25,142.32,15.18,9.46,0.63,45.92
BHOPAL_IDGAH,,26-10-2025 00:00,67.08,129.54,18.75,10.2,0.65,37.12
BHOPAL_IDGAH,,27-10-2025 00:00,34.25,58.5,14.96,7.99,0.47,27.3
BHOPAL_IDGAH,,28-10-2025 00:00,26.92,60.83,15.23,8.58,0.6,25.01
BHOPAL_IDGAH,,29-10-2025 00:00,67.21,143.5,12.1,5.21,0.67,31.17
BHOPAL_IDGAH,,30-10-2025 00:00,50.67,105.17,12.23,5.08,0.56,34.3
BHOPAL_IDGAH,,31-10-2025 00:00,30.58,62.67,11.9,5.53,0.6,21.39
BHOPAL_IDGAH,,01-11-2025 00:00,19.52,41.65,11.31,6.17,0.49,22.43
BHOPAL_IDGAH,,14-11-2025 00:00,80.46,197.69,33.75,8.32,1.28,72.52
BHOPAL_IDGAH,,15-11-2025 00:00,89.78,186.49,22.33,8.62,0.92,64.77
BHOPAL_IDGAH,,16-11-2025 00:00,105.35,191.1,26.97,9.47,1.32,57.09
BHOPAL_IDGAH,,17-11-2025 00:00,88.73,154.27,15.53,8.46,0.99,76.55
BHOPAL_IDGAH,,18-11-2025 00:00,122.12,227.12,27.49,8.3,1.42,61.79
BHOPAL_IDGAH,,19-11-2025 00:00,97.44,185.39,19.88,9.09,1.36,89.32
BHOPAL_IDGAH,,20-11-2025 00:00,137.08,226.71,21.68,8.87,1.39,76.7
BHOPAL_IDGAH,,21-11-2025 00:00,156.5,256.75,28.15,7.95,1.17,67.9
BHOPAL_IDGAH,,22-11-2025 00:00,123.25,215.46,25.78,10.08,0.85,79.46
BHOPAL_IDGAH,,23-11-2025 00:00,140.07,239.17,27.43,9.18,1.0,70.42
BHOPAL_IDGAH,,24-11-2025 00:00,152.88,252.67,24.14,9.24,1.01,68.08
BHOPAL_IDGAH,,25-11-2025 00:00,135.0,272.79,31.57,10.07,1.06,54.31
BHOPAL_IDGAH,,26-11-2025 00:00,145.19,260.21,26.27,8.74,0.66,54.44
BHOPAL_IDGAH,,27-11-2025 00:00,156.5,294.0,26.28,7.85,0.84,64.08
BHOPAL_IDGAH,,28-11-2025 00:00,153.75,261.956,31.535,8.067499999999999,1.0675,54.4175
BHOPAL_IDGAH,,29-11-2025 00:00,151.0,229.912,36.79,8.285,1.295,44.754999999999995
BHOPAL_IDGAH,,30-11-2025 00:00,148.25,197.868,42.045,8.502500000000001,1.5225,35.0925
BHOPAL_IDGAH,,01-12-2025 00:00,145.5,165.824,47.3,8.72,1.75,25.43
BHOPAL_IDGAH,,14-12-2025 00:00,61.27,133.78,28.82,9.76,0.75,50.81
BHOPAL_IDGAH,,15-12-2025 00:00,72.74,145.91,22.35,10.44,0.65,58.84
BHOPAL_IDGAH,,16-12-2025 00:00,146.5,238.29,25.18,7.98,0.84,54.93
BHOPAL_IDGAH,,17-12-2025 00:00,102.11,171.5,24.96,9.51,0.58,57.67
BHOPAL_IDGAH,,18-12-2025 00:00,69.38,138.58,24.35,9.18,0.78,59.59
BHOPAL_IDGAH,,19-12-2025 00:00,63.31,116.41,19.06,9.09,0.68,47.25
BHOPAL_IDGAH,,20-12-2025 00:00,49.25,115.25,20.88,8.35,0.76,48.09
BHOPAL_IDGAH,,21-12-2025 00:00,91.05,188.18,34.7,10.89,0.9,31.48
BHOPAL_IDGAH,,22-12-2025 00:00,63.11,129.79,28.48,7.62,0.86,39.85
BHOPAL_IDGAH,,23-12-2025 00:00,80.75,150.29,20.86,9.2,0.95,41.88
BHOPAL_IDGAH,,24-12-2025 00:00,69.38,136.42,23.35,10.68,0.76,39.24
BHOPAL_IDGAH,,25-12-2025 00:00,56.58,117.17,24.05,8.78,0.56,41.33
BHOPAL_IDGAH,,26-12-2025 00:00,62.42,126.42,20.17,10.02,0.5,52.84
BHOPAL_IDGAH,,27-12-2025 00:00,79.58,150.62,25.81,9.38,0.74,45.23
BHOPAL_IDGAH,,28-12-2025 00:00,75.71,152.33,25.99,10.02,0.71,48.0
BHOPAL_IDGAH,,29-12-2025 00:00,86.75,158.0,25.15,8.73,0.76,43.49
BHOPAL_IDGAH,,30-12-2025 00:00,77.37,139.96,24.74,10.97,0.72,55.54
BHOPAL_IDGAH,,31-12-2025 00:00,83.75,147.42,28.25,11.72,0.84,47.56
BHOPAL_IDGAH,,01-01-2026 00:00,87.22,160.21,24.0,11.44,0.77,61.68
BHOPAL_IDGAH,,14-01-2026 00:00,71.62,143.25,24.89,10.2,0.78,55.24
BHOPAL_IDGAH,,15-01-2026 00:00,65.03,127.73,24.43,11.14,0.68,58.36
BHOPAL_IDGAH,,16-01-2026 00:00,67.72,137.48,25.0,9.6,0.94,57.23
BHOPAL_IDGAH,,17-01-2026 00:00,59.17,128.46,30.41,10.29,0.77,51.75
BHOPAL_IDGAH,,18-01-2026 00:00,53.77,117.29,33.52,11.86,0.72,49.86
BHOPAL_IDGAH,,19-01-2026 00:00,47.95,103.47,25.87,12.25,0.54,52.13
BHOPAL_IDGAH,,20-01-2026 00:00,34.42,80.88,19.16,8.63,0.45,43.47
BHOPAL_IDGAH,,21-01-2026 00:00,43.12,99.5,17.47,10.29,0.51,53.58
BHOPAL_IDGAH,,22-01-2026 00:00,56.38,121.75,23.97,10.78,0.72,46.64
BHOPAL_IDGAH,,23-01-2026 00:00,48.5,114.29,30.97,12.46,0.66,48.17
BHOPAL_IDGAH,,24-01-2026 00:00,69.54,150.88,27.22,14.63,0.67,50.81
BHOPAL_IDGAH,,25-01-2026 00:00,65.17,129.04,17.25,8.92,0.47,35.67
BHOPAL_IDGAH,,26-01-2026 00:00,103.79,208.88,17.85,8.54,0.68,32.32
BHOPAL_IDGAH,,27-01-2026 00:00,80.83,163.0,26.0,12.61,0.79,46.13
BHOPAL_IDGAH,,28-01-2026 00:00,73.17,143.92,26.98,17.64,0.69,52.75
BHOPAL_IDGAH,,29-01-2026 00:00,56.12,108.0,18.8,8.03,0.56,37.89
BHOPAL_IDGAH,,30-01-2026 00:00,62.42,112.96,18.86,7.04,0.59,31.66
BHOPAL_IDGAH,,31-01-2026 00:00,61.25,120.73,24.0,8.46,0.67,39.03
BHOPAL_IDGAH,,01-02-2026 00:00,50.5,116.96,29.65,10.61,0.75,27.73
BHOPAL_IDGAH,,14-02-2026 00:00,76.06,154.18,22.83,10.4,0.78,59.15
BHOPAL_IDGAH,,15-02-2026 00:00,67.38,130.81,21.79,10.65,0.69,65.6
BHOPAL_IDGAH,,16-02-2026 00:00,43.38,133.79,23.97,9.4,0.65,51.57
BHOPAL_IDGAH,,17-02-2026 00:00,28.71,120.2,23.11,10.43,0.7,50.21
BHOPAL_IDGAH,,17-02-2026 00:00,28.71,112.0,36.1,9.3,0.97,34.6
BHOPAL_PARYAVARAN_PARISAR,2025-01-01,02-01-2025 00:00,106.21,170.62,57.04,8.43,0.78,10.93
BHOPAL_PARYAVARAN_PARISAR,2025-01-02,02-02-2025 00:00,60.73,132.77,31.91,6.54,0.66,27.07
BHOPAL_PARYAVARAN_PARISAR,2025-01-03,02-03-2025 00:00,46.09,123.92,29.61,7.04,0.39,30.86
BHOPAL_PARYAVARAN_PARISAR,2025-01-04,02-04-2025 00:00,36.98,123.47,53.9,8.67,0.47,41.53
BHOPAL_PARYAVARAN_PARISAR,2025-01-05,02-05-2025 00:00,26.31,94.8,25.56,5.99,0.3,45.46
BHOPAL_PARYAVARAN_PARISAR,2025-01-06,02-06-2025 00:00,22.12,79.74,6.07,10.91,0.48,55.34
BHOPAL_PARYAVARAN_PARISAR,2025-01-07,02-07-2025 00:00,11.74,30.97,6.51,10.42,0.24,20.32
BHOPAL_PARYAVARAN_PARISAR,2025-01-08,02-08-2025 00:00,20.88,76.26,7.06,10.58,0.35,43.04
BHOPAL_PARYAVARAN_PARISAR,2025-01-09,02-09-2025 00:00,14.33,32.24,8.85,13.48,0.39,35.3
BHOPAL_PARYAVARAN_PARISAR,2025-01-10,02-10-2025 00:00,18.77,42.09,12.54,11.36,0.41,43.28
BHOPAL_PARYAVARAN_PARISAR,2025-01-11,02-11-2025 00:00,39.71,74.0,18.51,6.64,0.49,36.14
BHOPAL_PARYAVARAN_PARISAR,2025-01-12,02-12-2025 00:00,84.81,207.2,56.72,7.49,0.98,32.85
BHOPAL_PARYAVARAN_PARISAR,2025-02-01,03-01-2025 00:00,99.77,174.6,42.7,8.75,0.85,13.73
BHOPAL_PARYAVARAN_PARISAR,2025-02-02,03-02-2025 00:00,55.64,132.94,39.54,7.42,0.49,25.9
BHOPAL_PARYAVARAN_PARISAR,2025-02-03,03-03-2025 00:00,42.23,132.62,24.14,4.51,0.35,33.47
BHOPAL_PARYAVARAN_PARISAR,2025-02-04,03-04-2025 00:00,66.85,148.05,51.33,10.41,0.52,39.99
BHOPAL_PARYAVARAN_PARISAR,2025-02-05,03-05-2025 00:00,29.65,104.34,17.71,9.15,0.3,49.08
BHOPAL_PARYAVARAN_PARISAR,2025-02-06,03-06-2025 00:00,21.0,70.74,9.62,10.76,0.45,50.73
BHOPAL_PARYAVARAN_PARISAR,2025-02-07,03-07-2025 00:00,10.76,28.58,6.57,11.53,0.26,14.1
BHOPAL_PARYAVARAN_PARISAR,2025-02-08,03-08-2025 00:00,24.06,73.78,8.5,10.37,0.37,45.65
BHOPAL_PARYAVARAN_PARISAR,2025-02-09,03-09-2025 00:00,17.94,44.81,7.9,10.39,0.36,40.32
BHOPAL_PARYAVARAN_PARISAR,2025-02-10,03-10-2025 00:00,26.83,64.93,20.74,10.65,0.53,38.19
BHOPAL_PARYAVARAN_PARISAR,2025-02-11,03-11-2025 00:00,78.42,156.13,21.17,8.22,0.52,37.39
BHOPAL_PARYAVARAN_PARISAR,2025-02-12,03-12-2025 00:00,82.09,200.23,54.92,5.4,0.85,33.31
BHOPAL_PARYAVARAN_PARISAR,2025-03-01,04-01-2025 00:00,110.16,189.51,47.33,8.13,0.75,12.88
BHOPAL_PARYAVARAN_PARISAR,2025-03-02,04-02-2025 00:00,51.54,130.25,38.47,8.78,0.54,23.5
BHOPAL_PARYAVARAN_PARISAR,2025-03-03,04-03-2025 00:00,45.35,132.09,19.4,5.35,0.29,37.7
BHOPAL_PARYAVARAN_PARISAR,2025-03-04,04-04-2025 00:00,44.16,115.67,31.78,8.74,0.48,46.48
BHOPAL_PARYAVARAN_PARISAR,2025-03-05,04-05-2025 00:00,39.72,140.22,20.91,6.21,0.32,47.33
BHOPAL_PARYAVARAN_PARISAR,2025-03-06,04-06-2025 00:00,22.29,68.28,9.07,10.94,0.33,38.13
BHOPAL_PARYAVARAN_PARISAR,2025-03-07,04-07-2025 00:00,12.61,30.13,7.55,9.85,0.23,15.71
BHOPAL_PARYAVARAN_PARISAR,2025-03-08,04-08-2025 00:00,21.91,73.67,7.33,10.48,0.35,47.56
BHOPAL_PARYAVARAN_PARISAR,2025-03-09,04-09-2025 00:00,17.33,32.65,10.46,11.23,0.42,40.4
BHOPAL_PARYAVARAN_PARISAR,2025-03-10,04-10-2025 00:00,24.85,57.22,16.92,11.09,0.46,37.31
BHOPAL_PARYAVARAN_PARISAR,2025-03-11,04-11-2025 00:00,47.65,113.87,31.41,7.7,0.67,39.78
BHOPAL_PARYAVARAN_PARISAR,2025-03-12,04-12-2025 00:00,68.96,167.31,50.63,6.87,0.75,32.39
BHOPAL_PARYAVARAN_PARISAR,2025-04-01,05-01-2025 00:00,96.51,168.8,46.74,7.82,0.86,12.63
BHOPAL_PARYAVARAN_PARISAR,2025-04-02,05-02-2025 00:00,58.58,130.59,26.44,8.94,0.47,23.08
BHOPAL_PARYAVARAN_PARISAR,2025-04-03,05-03-2025 00:00,33.5,135.75,7.32,6.87,0.15,39.44
BHOPAL_PARYAVARAN_PARISAR,2025-04-04,05-04-2025 00:00,67.26,126.61,42.06,7.83,0.59,37.88
BHOPAL_PARYAVARAN_PARISAR,2025-04-05,05-05-2025 00:00,20.55,65.26,13.11,5.77,0.25,46.65
BHOPAL_PARYAVARAN_PARISAR,2025-04-06,05-06-2025 00:00,23.55,67.1,18.82,11.24,0.32,37.05
BHOPAL_PARYAVARAN_PARISAR,2025-04-07,05-07-2025 00:00,11.7,30.53,4.87,10.5,0.23,19.39
BHOPAL_PARYAVARAN_PARISAR,2025-04-08,05-08-2025 00:00,19.08,63.9,6.54,10.25,0.36,43.51
BHOPAL_PARYAVARAN_PARISAR,2025-04-09,05-09-2025 00:00,13.46,33.75,9.64,10.19,0.39,38.08
BHOPAL_PARYAVARAN_PARISAR,2025-04-10,05-10-2025 00:00,23.08,42.51,11.33,9.65,0.4,43.03
BHOPAL_PARYAVARAN_PARISAR,2025-04-11,05-11-2025 00:00,27.97,64.72,14.22,5.48,0.35,44.15
BHOPAL_PARYAVARAN_PARISAR,2025-04-12,05-12-2025 00:00,58.21,140.57,46.36,7.45,0.7,42.03
BHOPAL_PARYAVARAN_PARISAR,2025-05-01,06-01-2025 00:00,84.0,161.77,48.02,11.08,0.58,14.68
BHOPAL_PARYAVARAN_PARISAR,2025-05-02,06-02-2025 00:00,65.1,124.72,16.59,5.93,0.29,32.34
BHOPAL_PARYAVARAN_PARISAR,2025-05-03,06-03-2025 00:00,21.03,106.09,10.18,7.74,0.18,54.34
BHOPAL_PARYAVARAN_PARISAR,2025-05-04,06-04-2025 00:00,32.83,100.39,31.16,6.29,0.34,43.06
BHOPAL_PARYAVARAN_PARISAR,2025-05-05,06-05-2025 00:00,18.74,76.77,25.63,4.02,0.39,38.32
BHOPAL_PARYAVARAN_PARISAR,2025-05-06,06-06-2025 00:00,30.27,86.65,20.58,10.84,0.39,44.78
BHOPAL_PARYAVARAN_PARISAR,2025-05-07,06-07-2025 00:00,9.02,22.62,6.3,11.21,0.26,20.39
BHOPAL_PARYAVARAN_PARISAR,2025-05-08,06-08-2025 00:00,22.08,66.39,7.34,11.28,0.35,48.35
BHOPAL_PARYAVARAN_PARISAR,2025-05-09,06-09-2025 00:00,10.29,19.85,8.28,10.64,0.38,36.74
BHOPAL_PARYAVARAN_PARISAR,2025-05-10,06-10-2025 00:00,18.4,34.57,9.24,10.51,0.36,44.66
BHOPAL_PARYAVARAN_PARISAR,2025-05-11,06-11-2025 00:00,33.54,78.82,17.94,7.55,0.42,48.27
BHOPAL_PARYAVARAN_PARISAR,2025-05-12,06-12-2025 00:00,75.21,162.3,50.73,4.74,0.76,30.22
BHOPAL_PARYAVARAN_PARISAR,2025-06-01,07-01-2025 00:00,65.97,123.06,36.7,9.74,0.29,21.14
BHOPAL_PARYAVARAN_PARISAR,2025-06-02,07-02-2025 00:00,43.34,103.34,27.32,8.17,0.3,37.33
BHOPAL_PARYAVARAN_PARISAR,2025-06-03,07-03-2025 00:00,28.66,99.52,25.27,5.27,0.44,42.71
BHOPAL_PARYAVARAN_PARISAR,2025-06-04,07-04-2025 00:00,40.51,116.69,39.29,7.16,0.51,37.76
BHOPAL_PARYAVARAN_PARISAR,2025-06-05,07-05-2025 00:00,8.75,26.85,14.99,3.03,0.22,35.85
BHOPAL_PARYAVARAN_PARISAR,2025-06-06,07-06-2025 00:00,31.52,82.84,14.1,10.52,0.36,57.86
BHOPAL_PARYAVARAN_PARISAR,2025-06-07,07-07-2025 00:00,7.09,18.12,4.7,10.43,0.23,22.47
BHOPAL_PARYAVARAN_PARISAR,2025-06-08,07-08-2025 00:00,22.89,72.33,9.29,10.73,0.37,45.3
BHOPAL_PARYAVARAN_PARISAR,2025-06-09,07-09-2025 00:00,18.36,31.18,10.16,10.8,0.41,38.79
BHOPAL_PARYAVARAN_PARISAR,2025-06-10,07-10-2025 00:00,15.72,34.45,7.17,10.87,0.37,39.88
BHOPAL_PARYAVARAN_PARISAR,2025-06-11,07-11-2025 00:00,45.43,108.59,25.97,5.56,0.43,56.27
BHOPAL_PARYAVARAN_PARISAR,2025-06-12,07-12-2025 00:00,93.15,173.2,51.56,6.65,0.83,22.5
BHOPAL_PARYAVARAN_PARISAR,2025-07-01,08-01-2025 00:00,55.56,121.5,30.28,6.69,0.3,24.36
BHOPAL_PARYAVARAN_PARISAR,2025-07-02,08-02-2025 00:00,47.16,116.82,33.44,8.3,0.61,43.67
BHOPAL_PARYAVARAN_PARISAR,2025-07-03,08-03-2025 00:00,42.9,128.07,38.37,7.53,0.61,30.95
BHOPAL_PARYAVARAN_PARISAR,2025-07-04,08-04-2025 00:00,40.88,121.95,38.53,6.94,0.52,31.19
BHOPAL_PARYAVARAN_PARISAR,2025-07-05,08-05-2025 00:00,16.08,32.68,10.72,4.38,0.22,41.7
BHOPAL_PARYAVARAN_PARISAR,2025-07-06,08-06-2025 00:00,30.2,88.12,9.3,11.16,0.23,62.23
BHOPAL_PARYAVARAN_PARISAR,2025-07-07,08-07-2025 00:00,12.71,33.97,5.92,11.5,0.24,27.1
BHOPAL_PARYAVARAN_PARISAR,2025-07-08,08-08-2025 00:00,24.86,68.95,8.73,11.02,0.37,46.77
BHOPAL_PARYAVARAN_PARISAR,2025-07-09,08-09-2025 00:00,12.58,24.23,7.18,10.7,0.35,42.03
BHOPAL_PARYAVARAN_PARISAR,2025-07-10,08-10-2025 00:00,20.45,44.86,8.57,10.1,0.36,40.39
BHOPAL_PARYAVARAN_PARISAR,2025-07-11,08-11-2025 00:00,54.49,131.41,30.75,6.36,0.54,63.63
BHOPAL_PARYAVARAN_PARISAR,2025-07-12,08-12-2025 00:00,152.04,242.99,57.52,7.83,1.01,15.41
BHOPAL_PARYAVARAN_PARISAR,2025-08-01,09-01-2025 00:00,76.19,157.15,41.85,8.77,0.67,28.69
BHOPAL_PARYAVARAN_PARISAR,2025-08-02,09-02-2025 00:00,47.22,140.96,46.81,6.55,0.57,31.04
BHOPAL_PARYAVARAN_PARISAR,2025-08-03,09-03-2025 00:00,27.52,94.1,29.43,6.06,0.48,34.53
BHOPAL_PARYAVARAN_PARISAR,2025-08-04,09-04-2025 00:00,56.01,152.88,44.88,10.5,0.64,28.53
BHOPAL_PARYAVARAN_PARISAR,2025-08-05,09-05-2025 00:00,18.25,32.91,13.23,8.94,0.42,38.28
BHOPAL_PARYAVARAN_PARISAR,2025-08-06,09-06-2025 00:00,30.91,104.41,12.34,12.26,0.27,56.84
BHOPAL_PARYAVARAN_PARISAR,2025-08-07,09-07-2025 00:00,21.23,62.89,6.19,11.06,0.23,25.76
BHOPAL_PARYAVARAN_PARISAR,2025-08-08,09-08-2025 00:00,31.52,86.51,8.96,10.25,0.39,47.67
BHOPAL_PARYAVARAN_PARISAR,2025-08-09,09-09-2025 00:00,15.67,40.89,7.23,10.28,0.38,39.97
BHOPAL_PARYAVARAN_PARISAR,2025-08-10,09-10-2025 00:00,40.51,169.98,20.81,3.78,0.49,38.75
BHOPAL_PARYAVARAN_PARISAR,2025-08-11,09-11-2025 00:00,48.29,115.58,30.67,8.08,0.48,66.62
BHOPAL_PARYAVARAN_PARISAR,2025-08-12,09-12-2025 00:00,110.29,199.89,54.75,6.43,0.87,20.03
BHOPAL_PARYAVARAN_PARISAR,2025-09-01,10-01-2025 00:00,76.7,148.26,54.55,10.64,0.41,24.31
BHOPAL_PARYAVARAN_PARISAR,2025-09-02,10-02-2025 00:00,54.07,156.24,38.2,7.98,0.64,30.06
BHOPAL_PARYAVARAN_PARISAR,2025-09-03,10-03-2025 00:00,29.38,91.75,27.63,6.09,0.55,32.55
BHOPAL_PARYAVARAN_PARISAR,2025-09-04,10-04-2025 00:00,47.17,132.86,37.05,9.85,0.42,53.97
BHOPAL_PARYAVARAN_PARISAR,2025-09-05,10-05-2025 00:00,26.54,53.76,25.43,10.32,0.82,34.0
BHOPAL_PARYAVARAN_PARISAR,2025-09-06,10-06-2025 00:00,21.75,94.16,11.72,13.5,0.25,59.04
BHOPAL_PARYAVARAN_PARISAR,2025-09-07,10-07-2025 00:00,17.11,50.39,7.35,9.99,0.25,28.01
BHOPAL_PARYAVARAN_PARISAR,2025-09-08,10-08-2025 00:00,28.86,69.83,8.22,10.45,0.36,50.01
BHOPAL_PARYAVARAN_PARISAR,2025-09-09,10-09-2025 00:00,21.56,56.03,14.89,11.09,0.51,34.33
BHOPAL_PARYAVARAN_PARISAR,2025-09-10,10-10-2025 00:00,42.89,165.52,27.41,4.14,0.48,40.35
BHOPAL_PARYAVARAN_PARISAR,2025-09-11,10-11-2025 00:00,60.42,146.12,39.18,5.28,0.7,62.25
BHOPAL_PARYAVARAN_PARISAR,2025-09-12,10-12-2025 00:00,69.24,183.73,53.37,6.42,0.94,31.67
BHOPAL_PARYAVARAN_PARISAR,2025-10-01,11-01-2025 00:00,47.97,149.14,58.81,12.54,0.64,26.57
BHOPAL_PARYAVARAN_PARISAR,2025-10-02,11-02-2025 00:00,56.24,135.48,28.7,5.52,0.4,26.86
BHOPAL_PARYAVARAN_PARISAR,2025-10-03,11-03-2025 00:00,34.44,116.58,37.03,7.56,0.54,31.5
BHOPAL_PARYAVARAN_PARISAR,2025-10-04,11-04-2025 00:00,40.11,121.66,28.26,8.42,0.32,59.25
BHOPAL_PARYAVARAN_PARISAR,2025-10-05,11-05-2025 00:00,30.12,62.89,21.85,9.12,0.24,37.78
BHOPAL_PARYAVARAN_PARISAR,2025-10-06,11-06-2025 00:00,26.76,113.18,20.62,11.68,0.33,51.45
BHOPAL_PARYAVARAN_PARISAR,2025-10-07,11-07-2025 00:00,24.58,82.38,6.54,10.64,0.25,27.78
BHOPAL_PARYAVARAN_PARISAR,2025-10-08,11-08-2025 00:00,25.46,52.24,7.06,11.01,0.37,48.41
BHOPAL_PARYAVARAN_PARISAR,2025-10-09,11-09-2025 00:00,23.94,73.95,13.18,11.29,0.41,38.98
BHOPAL_PARYAVARAN_PARISAR,2025-10-10,11-10-2025 00:00,42.55,158.49,28.08,5.72,0.56,38.47
BHOPAL_PARYAVARAN_PARISAR,2025-10-11,11-11-2025 00:00,78.04,190.38,48.48,6.01,0.78,50.71
BHOPAL_PARYAVARAN_PARISAR,2025-10-12,11-12-2025 00:00,38.08,152.54,49.89,5.38,0.77,38.76
BHOPAL_PARYAVARAN_PARISAR,2025-11-01,12-01-2025 00:00,136.5,321.19,82.63,11.19,1.76,9.45
BHOPAL_PARYAVARAN_PARISAR,2025-11-02,12-02-2025 00:00,48.74,142.44,36.4,6.95,0.61,25.72
BHOPAL_PARYAVARAN_PARISAR,2025-11-03,12-03-2025 00:00,47.11,140.56,55.18,10.78,0.61,30.03
BHOPAL_PARYAVARAN_PARISAR,2025-11-04,12-04-2025 00:00,39.4,105.8,13.78,7.79,0.29,79.14
BHOPAL_PARYAVARAN_PARISAR,2025-11-05,12-05-2025 00:00,24.95,49.78,14.74,8.24,0.22,43.99
BHOPAL_PARYAVARAN_PARISAR,2025-11-06,12-06-2025 00:00,35.99,120.57,20.27,12.63,0.32,68.46
BHOPAL_PARYAVARAN_PARISAR,2025-11-07,12-07-2025 00:00,20.56,62.36,8.51,10.85,0.3,26.16
BHOPAL_PARYAVARAN_PARISAR,2025-11-08,12-08-2025 00:00,30.8,73.7,9.64,10.42,0.4,41.85
BHOPAL_PARYAVARAN_PARISAR,2025-11-09,12-09-2025 00:00,29.7,83.11,11.21,10.47,0.42,44.11
BHOPAL_PARYAVARAN_PARISAR,2025-11-10,12-10-2025 00:00,43.57,130.86,35.95,4.73,0.57,32.22
BHOPAL_PARYAVARAN_PARISAR,2025-11-11,12-11-2025 00:00,92.33,225.94,54.5,6.33,0.77,44.01
BHOPAL_PARYAVARAN_PARISAR,2025-11-12,12-12-2025 00:00,36.85,144.93,47.91,9.23,0.74,41.63
BHOPAL_PARYAVARAN_PARISAR,2025-12-01,13-01-2025 00:00,83.03,153.35,32.42,7.49,0.27,27.77
BHOPAL_PARYAVARAN_PARISAR,2025-12-02,13-02-2025 00:00,37.34,99.91,14.08,13.87,0.26,41.82
BHOPAL_PARYAVARAN_PARISAR,2025-12-03,13-03-2025 00:00,41.15,124.24,45.4,5.97,0.42,36.11
BHOPAL_PARYAVARAN_PARISAR,2025-12-04,13-04-2025 00:00,35.96,98.83,19.51,8.1,0.41,62.38
BHOPAL_PARYAVARAN_PARISAR,2025-12-05,13-05-2025 00:00,26.96,54.71,15.07,8.83,0.23,43.15
BHOPAL_PARYAVARAN_PARISAR,2025-12-06,13-06-2025 00:00,49.19,100.25,34.84,10.8,0.46,61.79
BHOPAL_PARYAVARAN_PARISAR,2025-12-07,13-07-2025 00:00,16.67,41.26,6.16,10.47,0.37,24.86
BHOPAL_PARYAVARAN_PARISAR,2025-12-08,13-08-2025 00:00,27.24,66.52,8.21,10.08,0.35,43.59
BHOPAL_PARYAVARAN_PARISAR,2025-12-09,13-09-2025 00:00,31.09,85.8,13.27,11.25,0.41,46.87
BHOPAL_PARYAVARAN_PARISAR,2025-12-10,13-10-2025 00:00,36.75,108.54,30.03,4.65,0.44,40.84
BHOPAL_PARYAVARAN_PARISAR,2025-12-11,13-11-2025 00:00,78.47,191.01,47.77,5.22,0.8,48.77
BHOPAL_PARYAVARAN_PARISAR,2025-12-12,13-12-2025 00:00,64.02,169.59,48.36,6.31,0.84,36.38
BHOPAL_PARYAVARAN_PARISAR,2026-01-01,02-01-2026 00:00,102.96,208.25,44.05,7.63,0.8,35.36
BHOPAL_PARYAVARAN_PARISAR,2026-01-02,02-02-2026 00:00,55.67,131.5,40.33,9.2,0.81,29.21
BHOPAL_PARYAVARAN_PARISAR,2026-02-01,03-01-2026 00:00,83.74,168.35,37.63,9.4,0.61,38.89
BHOPAL_PARYAVARAN_PARISAR,2026-02-02,03-02-2026 00:00,64.04,161.22,42.78,9.56,0.63,23.91
BHOPAL_PARYAVARAN_PARISAR,2026-03-01,04-01-2026 00:00,82.5,169.92,32.68,5.53,0.71,37.76
BHOPAL_PARYAVARAN_PARISAR,2026-03-02,04-02-2026 00:00,49.06,105.46,30.04,6.55,0.58,30.29
BHOPAL_PARYAVARAN_PARISAR,2026-04-01,05-01-2026 00:00,70.19,144.77,29.34,4.78,0.61,39.49
BHOPAL_PARYAVARAN_PARISAR,2026-04-02,05-02-2026 00:00,44.04,83.67,23.92,6.37,0.56,29.82
BHOPAL_PARYAVARAN_PARISAR,2026-05-01,06-01-2026 00:00,62.96,162.22,43.49,5.95,0.86,29.83
BHOPAL_PARYAVARAN_PARISAR,2026-05-02,06-02-2026 00:00,40.17,90.74,29.74,8.15,0.61,28.75
BHOPAL_PARYAVARAN_PARISAR,2026-06-01,07-01-2026 00:00,54.92,143.35,44.06,4.51,0.71,28.62
BHOPAL_PARYAVARAN_PARISAR,2026-06-02,07-02-2026 00:00,62.83,154.38,45.66,7.79,0.85,22.34
BHOPAL_PARYAVARAN_PARISAR,2026-07-01,08-01-2026 00:00,59.75,155.42,46.2,6.65,0.67,32.5
BHOPAL_PARYAVARAN_PARISAR,2026-07-02,08-02-2026 00:00,73.58,155.46,41.75,7.1,0.56,27.72
BHOPAL_PARYAVARAN_PARISAR,2026-08-01,09-01-2026 00:00,63.21,154.34,40.24,6.64,0.77,33.65
BHOPAL_PARYAVARAN_PARISAR,2026-08-02,09-02-2026 00:00,66.96,150.88,42.46,8.37,0.73,29.75
BHOPAL_PARYAVARAN_PARISAR,2026-09-01,10-01-2026 00:00,100.38,223.34,46.93,9.0,1.05,21.85
BHOPAL_PARYAVARAN_PARISAR,2026-09-02,10-02-2026 00:00,57.34,149.15,44.84,8.42,0.74,25.98
BHOPAL_PARYAVARAN_PARISAR,2026-10-01,11-01-2026 00:00,140.12,260.43,55.66,6.51,0.99,20.21
BHOPAL_PARYAVARAN_PARISAR,2026-10-02,11-02-2026 00:00,78.12,181.17,46.32,9.65,0.88,23.13
BHOPAL_PARYAVARAN_PARISAR,2026-11-01,12-01-2026 00:00,116.04,216.95,55.65,8.0,0.79,23.7
BHOPAL_PARYAVARAN_PARISAR,2026-11-02,12-02-2026 00:00,81.08,187.62,46.56,8.37,0.64,22.97
BHOPAL_PARYAVARAN_PARISAR,2026-12-01,13-01-2026 00:00,92.0,204.27,52.38,7.21,0.98,22.02
BHOPAL_PARYAVARAN_PARISAR,2026-12-02,13-02-2026 00:00,49.21,132.3,39.19,11.82,0.64,28.81
BHOPAL_PARYAVARAN_PARISAR,,14-01-2025 00:00,75.61,147.31,39.32,5.98,0.45,34.76
BHOPAL_PARYAVARAN_PARISAR,,15-01-2025 00:00,60.82,138.26,41.9,7.22,0.39,31.37
BHOPAL_PARYAVARAN_PARISAR,,16-01-2025 00:00,57.06,132.08,45.3,9.21,0.44,23.99
BHOPAL_PARYAVARAN_PARISAR,,17-01-2025 00:00,81.32,145.59,33.63,10.35,0.32,23.09
BHOPAL_PARYAVARAN_PARISAR,,18-01-2025 00:00,122.93,198.21,36.21,9.82,0.36,24.01
BHOPAL_PARYAVARAN_PARISAR,,19-01-2025 00:00,78.85,157.44,44.66,8.46,0.76,24.02
BHOPAL_PARYAVARAN_PARISAR,,20-01-2025 00:00,81.39,172.38,45.76,6.1,0.66,20.89
BHOPAL_PARYAVARAN_PARISAR,,21-01-2025 00:00,64.32,139.71,47.57,7.9,0.55,21.65
BHOPAL_PARYAVARAN_PARISAR,,22-01-2025 00:00,66.55,150.49,49.35,12.69,0.58,21.23
BHOPAL_PARYAVARAN_PARISAR,,23-01-2025 00:00,75.39,170.64,45.18,14.2,0.74,22.34
BHOPAL_PARYAVARAN_PARISAR,,24-01-2025 00:00,69.95,144.2,36.93,16.15,0.27,27.19
BHOPAL_PARYAVARAN_PARISAR,,25-01-2025 00:00,62.94,123.25,36.59,15.67,0.3,33.84
BHOPAL_PARYAVARAN_PARISAR,,26-01-2025 00:00,44.74,122.09,49.03,6.7,0.36,30.12
BHOPAL_PARYAVARAN_PARISAR,,27-01-2025 00:00,44.58,120.8,48.78,6.75,1.67,34.18
BHOPAL_PARYAVARAN_PARISAR,,28-01-2025 00:00,45.17,121.49,53.34,5.27,0.89,31.46
BHOPAL_PARYAVARAN_PARISAR,,29-01-2025 00:00,55.49,136.15,56.14,5.81,1.07,25.89
BHOPAL_PARYAVARAN_PARISAR,,30-01-2025 00:00,81.33,167.6,39.59,6.3,0.62,25.69
BHOPAL_PARYAVARAN_PARISAR,,31-01-2025 00:00,60.8,137.01,31.13,4.32,0.6,25.0
BHOPAL_PARYAVARAN_PARISAR,,01-02-2025 00:00,49.14,117.97,29.69,5.85,0.55,27.46
BHOPAL_PARYAVARAN_PARISAR,,14-02-2025 00:00,34.95,116.26,26.21,6.81,0.41,41.16
BHOPAL_PARYAVARAN_PARISAR,,15-02-2025 00:00,45.9,141.32,34.06,6.75,0.61,31.37
BHOPAL_PARYAVARAN_PARISAR,,16-02-2025 00:00,33.79,119.27,34.53,5.36,0.45,28.01
BHOPAL_PARYAVARAN_PARISAR,,17-02-2025 00:00,44.32,142.24,30.24,9.13,0.68,31.48
BHOPAL_PARYAVARAN_PARISAR,,18-02-2025 00:00,47.85,155.53,39.73,6.58,0.66,23.41
BHOPAL_PARYAVARAN_PARISAR,,19-02-2025 00:00,44.9,138.09,27.59,6.78,0.41,25.95
BHOPAL_PARYAVARAN_PARISAR,,20-02-2025 00:00,56.89,167.46,37.62,7.4,0.53,23.42
BHOPAL_PARYAVARAN_PARISAR,,21-02-2025 00:00,46.57,132.44,26.5,4.12,0.29,21.75
BHOPAL_PARYAVARAN_PARISAR,,22-02-2025 00:00,26.09,100.12,13.58,5.32,0.17,31.52
BHOPAL_PARYAVARAN_PARISAR,,23-02-2025 00:00,38.61,155.2,25.71,5.94,0.45,32.48
BHOPAL_PARYAVARAN_PARISAR,,24-02-2025 00:00,48.83,152.71,36.43,5.33,0.36,26.8
BHOPAL_PARYAVARAN_PARISAR,,25-02-2025 00:00,32.39,110.18,27.24,5.3,0.29,32.92
BHOPAL_PARYAVARAN_PARISAR,,26-02-2025 00:00,33.68,111.14,35.08,5.28,0.36,23.84
BHOPAL_PARYAVARAN_PARISAR,,27-02-2025 00:00,38.93,133.21,32.54,6.14,0.47,26.46
BHOPAL_PARYAVARAN_PARISAR,,28-02-2025 00:00,56.23,172.59,37.44,8.96,0.64,21.97
BHOPAL_PARYAVARAN_PARISAR,,01-03-2025 00:00,55.88,162.02,41.14,9.25,0.53,26.78
BHOPAL_PARYAVARAN_PARISAR,,14-03-2025 00:00,22.82,74.32,21.07,6.67,0.29,50.18
BHOPAL_PARYAVARAN_PARISAR,,15-03-2025 00:00,19.4,59.66,12.8,6.9,0.28,51.55
BHOPAL_PARYAVARAN_PARISAR,,16-03-2025 00:00,30.54,83.85,34.92,7.81,0.48,42.54
BHOPAL_PARYAVARAN_PARISAR,,17-03-2025 00:00,21.94,70.66,17.93,6.12,0.26,44.29
BHOPAL_PARYAVARAN_PARISAR,,18-03-2025 00:00,32.38,100.92,32.2,8.36,0.38,44.9
BHOPAL_PARYAVARAN_PARISAR,,19-03-2025 00:00,25.29,87.17,34.52,6.39,0.36,45.67
BHOPAL_PARYAVARAN_PARISAR,,20-03-2025 00:00,30.24,80.13,26.37,10.01,0.32,56.64
BHOPAL_PARYAVARAN_PARISAR,,21-03-2025 00:00,42.3,111.44,46.56,9.04,0.53,49.26
BHOPAL_PARYAVARAN_PARISAR,,22-03-2025 00:00,37.05,93.4,28.98,9.03,0.34,51.48
BHOPAL_PARYAVARAN_PARISAR,,23-03-2025 00:00,26.21,78.59,28.45,6.72,0.34,62.99
BHOPAL_PARYAVARAN_PARISAR,,24-03-2025 00:00,29.44,91.28,33.97,5.78,0.38,55.95
BHOPAL_PARYAVARAN_PARISAR,,25-03-2025 00:00,33.97,98.56,47.22,7.78,0.53,48.04
BHOPAL_PARYAVARAN_PARISAR,,26-03-2025 00:00,50.54,137.5,56.31,8.18,0.68,35.15
BHOPAL_PARYAVARAN_PARISAR,,27-03-2025 00:00,57.61,148.55,56.81,10.2,0.54,36.82
BHOPAL_PARYAVARAN_PARISAR,,28-03-2025 00:00,62.91,141.49,37.55,11.11,0.41,47.98
BHOPAL_PARYAVARAN_PARISAR,,29-03-2025 00:00,24.95,127.11,18.0,9.18,0.27,49.19
BHOPAL_PARYAVARAN_PARISAR,,30-03-2025 00:00,16.78,105.27,25.36,5.46,0.33,66.96
BHOPAL_PARYAVARAN_PARISAR,,31-03-2025 00:00,31.96,121.58,41.16,8.02,0.5,57.69
BHOPAL_PARYAVARAN_PARISAR,,01-04-2025 00:00,31.77,113.21,47.21,8.67,0.6,43.61
BHOPAL_PARYAVARAN_PARISAR,,14-04-2025 00:00,35.71,110.23,24.24,6.29,0.3,49.34
BHOPAL_PARYAVARAN_PARISAR,,15-04-2025 00:00,75.66,168.38,40.61,11.35,0.47,43.88
BHOPAL_PARYAVARAN_PARISAR,,16-04-2025 00:00,33.43,94.21,30.49,9.08,0.35,60.78
BHOPAL_PARYAVARAN_PARISAR,,17-04-2025 00:00,49.89,115.87,41.06,9.48,0.48,51.8
BHOPAL_PARYAVARAN_PARISAR,,18-04-2025 00:00,49.22,117.89,32.66,9.18,0.34,50.67
BHOPAL_PARYAVARAN_PARISAR,,19-04-2025 00:00,29.76,89.44,17.37,7.44,0.31,46.22
BHOPAL_PARYAVARAN_PARISAR,,20-04-2025 00:00,28.33,81.97,13.11,7.09,0.27,63.62
BHOPAL_PARYAVARAN_PARISAR,,21-04-2025 00:00,38.73,120.9,15.75,8.54,0.31,70.29
BHOPAL_PARYAVARAN_PARISAR,,22-04-2025 00:00,46.82,174.56,24.96,8.29,0.38,59.06
BHOPAL_PARYAVARAN_PARISAR,,23-04-2025 00:00,49.39,146.41,40.44,8.27,0.49,49.8
BHOPAL_PARYAVARAN_PARISAR,,24-04-2025 00:00,43.89,124.57,39.76,6.86,0.47,58.33
BHOPAL_PARYAVARAN_PARISAR,,25-04-2025 00:00,45.05,111.58,42.05,6.6,0.55,56.2
BHOPAL_PARYAVARAN_PARISAR,,26-04-2025 00:00,41.93,105.4,19.98,9.94,0.34,55.01
BHOPAL_PARYAVARAN_PARISAR,,27-04-2025 00:00,29.78,87.44,11.96,10.22,0.28,60.75
BHOPAL_PARYAVARAN_PARISAR,,28-04-2025 00:00,38.86,112.9,24.32,7.68,0.35,46.95
BHOPAL_PARYAVARAN_PARISAR,,29-04-2025 00:00,28.54,92.25,28.89,11.38,0.38,44.55
BHOPAL_PARYAVARAN_PARISAR,,30-04-2025 00:00,25.42,98.34,11.21,7.46,0.23,46.1
BHOPAL_PARYAVARAN_PARISAR,,01-05-2025 00:00,32.78,111.92,17.57,6.15,0.33,51.17
BHOPAL_PARYAVARAN_PARISAR,,14-05-2025 00:00,31.67,66.73,16.91,8.6,0.23,40.5
BHOPAL_PARYAVARAN_PARISAR,,15-05-2025 00:00,26.81,54.38,13.55,8.03,0.21,43.17
BHOPAL_PARYAVARAN_PARISAR,,16-05-2025 00:00,25.1,50.04,17.17,9.18,0.24,43.11
BHOPAL_PARYAVARAN_PARISAR,,17-05-2025 00:00,34.31,73.32,14.99,8.9,0.23,45.08
BHOPAL_PARYAVARAN_PARISAR,,18-05-2025 00:00,34.14,72.73,12.08,9.15,0.24,46.99
BHOPAL_PARYAVARAN_PARISAR,,19-05-2025 00:00,25.01,49.91,14.5,7.37,0.19,46.97
BHOPAL_PARYAVARAN_PARISAR,,20-05-2025 00:00,30.31,63.13,12.64,12.33,0.26,45.55
BHOPAL_PARYAVARAN_PARISAR,,21-05-2025 00:00,24.84,49.76,11.01,19.83,1.54,63.44
BHOPAL_PARYAVARAN_PARISAR,,22-05-2025 00:00,31.39,66.09,14.73,16.66,0.69,65.82
BHOPAL_PARYAVARAN_PARISAR,,23-05-2025 00:00,18.18,46.56,11.46,14.62,0.56,63.43
BHOPAL_PARYAVARAN_PARISAR,,24-05-2025 00:00,18.48,41.37,20.0,9.93,0.45,54.71
BHOPAL_PARYAVARAN_PARISAR,,25-05-2025 00:00,24.25,53.27,16.51,10.54,0.49,55.3
BHOPAL_PARYAVARAN_PARISAR,,26-05-2025 00:00,36.26,74.79,26.22,10.53,0.4,46.04
BHOPAL_PARYAVARAN_PARISAR,,27-05-2025 00:00,43.2,86.54,30.13,11.13,0.43,49.43
BHOPAL_PARYAVARAN_PARISAR,,28-05-2025 00:00,38.08,78.81,21.34,10.93,0.46,52.78
BHOPAL_PARYAVARAN_PARISAR,,29-05-2025 00:00,20.31,49.4,8.52,9.89,0.58,66.59
BHOPAL_PARYAVARAN_PARISAR,,30-05-2025 00:00,22.38,52.63,9.29,10.61,0.62,70.97
BHOPAL_PARYAVARAN_PARISAR,,31-05-2025 00:00,29.94,93.72,11.48,10.05,0.48,54.19
BHOPAL_PARYAVARAN_PARISAR,,01-06-2025 00:00,30.46,116.37,7.66,10.58,0.47,53.02
BHOPAL_PARYAVARAN_PARISAR,,14-06-2025 00:00,35.23,69.47,17.24,10.9,0.38,60.57
BHOPAL_PARYAVARAN_PARISAR,,15-06-2025 00:00,30.75,58.53,10.19,11.05,0.27,67.44
BHOPAL_PARYAVARAN_PARISAR,,16-06-2025 00:00,18.29,29.42,9.63,10.61,0.27,59.35
BHOPAL_PARYAVARAN_PARISAR,,17-06-2025 00:00,12.18,29.52,10.0,10.51,0.27,48.99
BHOPAL_PARYAVARAN_PARISAR,,18-06-2025 00:00,6.24,15.41,6.18,10.2,0.23,43.74
BHOPAL_PARYAVARAN_PARISAR,,19-06-2025 00:00,16.27,51.45,6.78,10.12,0.23,42.01
BHOPAL_PARYAVARAN_PARISAR,,20-06-2025 00:00,14.0,31.96,5.37,10.12,0.23,37.08
BHOPAL_PARYAVARAN_PARISAR,,21-06-2025 00:00,15.62,53.49,6.74,9.85,0.22,35.11
BHOPAL_PARYAVARAN_PARISAR,,22-06-2025 00:00,13.64,38.2,6.07,10.06,0.22,33.96
BHOPAL_PARYAVARAN_PARISAR,,23-06-2025 00:00,11.82,33.21,5.84,10.27,0.23,29.04
BHOPAL_PARYAVARAN_PARISAR,,24-06-2025 00:00,9.5,29.05,4.54,10.98,0.2,29.57
BHOPAL_PARYAVARAN_PARISAR,,25-06-2025 00:00,7.75,21.915,9.684999999999999,10.455,0.245,26.265
BHOPAL_PARYAVARAN_PARISAR,,26-06-2025 00:00,6.0,14.78,14.83,9.93,0.29,22.96
BHOPAL_PARYAVARAN_PARISAR,,27-06-2025 00:00,6.05,18.67,10.7,10.53,0.25,28.62
BHOPAL_PARYAVARAN_PARISAR,,28-06-2025 00:00,9.48,21.4,5.13,10.3,0.25,29.33
BHOPAL_PARYAVARAN_PARISAR,,29-06-2025 00:00,12.85,36.54,6.15,10.49,0.23,22.72
BHOPAL_PARYAVARAN_PARISAR,,30-06-2025 00:00,10.48,24.58,5.38,10.95,0.23,22.49
BHOPAL_PARYAVARAN_PARISAR,,01-07-2025 00:00,12.75,39.91,6.18,11.14,0.24,19.96
BHOPAL_PARYAVARAN_PARISAR,,14-07-2025 00:00,16.0,32.61,5.26,10.14,0.37,32.46
BHOPAL_PARYAVARAN_PARISAR,,15-07-2025 00:00,12.88,29.59,5.86,10.94,0.37,29.27
BHOPAL_PARYAVARAN_PARISAR,,16-07-2025 00:00,16.51,39.6,5.79,10.57,0.36,29.87
BHOPAL_PARYAVARAN_PARISAR,,17-07-2025 00:00,21.27,64.92,7.43,10.39,0.41,31.57
BHOPAL_PARYAVARAN_PARISAR,,18-07-2025 00:00,21.98,57.25,6.27,10.66,0.38,27.52
BHOPAL_PARYAVARAN_PARISAR,,19-07-2025 00:00,26.05,89.31,5.56,9.72,0.35,34.4
BHOPAL_PARYAVARAN_PARISAR,,20-07-2025 00:00,21.81,89.7,6.53,11.21,0.37,39.18
BHOPAL_PARYAVARAN_PARISAR,,21-07-2025 00:00,17.94,63.09,8.61,10.84,0.37,40.05
BHOPAL_PARYAVARAN_PARISAR,,22-07-2025 00:00,14.98,60.61,10.78,10.68,0.44,38.23
BHOPAL_PARYAVARAN_PARISAR,,23-07-2025 00:00,12.07,29.44,8.31,10.46,0.39,35.8
BHOPAL_PARYAVARAN_PARISAR,,24-07-2025 00:00,14.86,27.34,5.07,10.23,0.35,36.55
BHOPAL_PARYAVARAN_PARISAR,,25-07-2025 00:00,18.24,39.19,7.62,9.84,0.38,35.42
BHOPAL_PARYAVARAN_PARISAR,,26-07-2025 00:00,23.82,52.57,6.57,10.72,0.38,35.2
BHOPAL_PARYAVARAN_PARISAR,,27-07-2025 00:00,10.51,22.21,7.81,10.03,0.29,34.3
BHOPAL_PARYAVARAN_PARISAR,,28-07-2025 00:00,10.98,17.79,5.18,10.16,0.36,44.05
BHOPAL_PARYAVARAN_PARISAR,,29-07-2025 00:00,9.45,19.92,6.13,9.93,0.34,42.31
BHOPAL_PARYAVARAN_PARISAR,,30-07-2025 00:00,11.12,22.08,5.62,10.86,0.33,43.1
BHOPAL_PARYAVARAN_PARISAR,,31-07-2025 00:00,17.33,48.58,6.46,10.01,0.34,43.16
BHOPAL_PARYAVARAN_PARISAR,,01-08-2025 00:00,20.78,72.73,7.39,11.1,0.36,43.36
BHOPAL_PARYAVARAN_PARISAR,,14-08-2025 00:00,24.75,57.02,10.17,10.85,0.39,45.66
BHOPAL_PARYAVARAN_PARISAR,,15-08-2025 00:00,27.58,51.79,14.81,10.27,0.45,44.02
BHOPAL_PARYAVARAN_PARISAR,,16-08-2025 00:00,30.65,59.94,12.0,10.61,0.4,44.99
BHOPAL_PARYAVARAN_PARISAR,,17-08-2025 00:00,19.57,35.62,16.51,10.81,0.49,42.97
BHOPAL_PARYAVARAN_PARISAR,,18-08-2025 00:00,26.98,63.64,16.98,11.02,0.45,44.42
BHOPAL_PARYAVARAN_PARISAR,,19-08-2025 00:00,25.05,68.56,17.28,10.65,0.47,41.17
BHOPAL_PARYAVARAN_PARISAR,,20-08-2025 00:00,22.34,49.24,14.25,10.87,0.41,43.19
BHOPAL_PARYAVARAN_PARISAR,,21-08-2025 00:00,12.59,24.17,8.86,10.56,0.35,46.35
BHOPAL_PARYAVARAN_PARISAR,,22-08-2025 00:00,7.52,15.42,6.32,11.18,0.34,43.76
BHOPAL_PARYAVARAN_PARISAR,,23-08-2025 00:00,8.68,20.67,5.34,12.47,0.34,41.49
BHOPAL_PARYAVARAN_PARISAR,,24-08-2025 00:00,8.64,20.98,5.55,10.77,0.34,44.2
BHOPAL_PARYAVARAN_PARISAR,,25-08-2025 00:00,6.42,15.52,4.71,10.96,0.32,43.99
BHOPAL_PARYAVARAN_PARISAR,,26-08-2025 00:00,6.91,14.51,7.26,10.45,0.27,20.01
BHOPAL_PARYAVARAN_PARISAR,,27-08-2025 00:00,13.21,32.23,6.08,10.45,0.34,29.32
BHOPAL_PARYAVARAN_PARISAR,,28-08-2025 00:00,15.99,39.4,8.03,12.88,0.39,36.41
BHOPAL_PARYAVARAN_PARISAR,,29-08-2025 00:00,23.84,44.84,13.89,11.07,0.54,30.83
BHOPAL_PARYAVARAN_PARISAR,,30-08-2025 00:00,25.23,52.56,13.33,12.125,0.41,33.51
BHOPAL_PARYAVARAN_PARISAR,,31-08-2025 00:00,22.84,45.95,9.01,13.18,0.39,38.5
BHOPAL_PARYAVARAN_PARISAR,,01-09-2025 00:00,15.54,26.8,5.94,12.38,0.38,40.02
BHOPAL_PARYAVARAN_PARISAR,,14-09-2025 00:00,28.58,88.92,18.68,11.42,0.47,43.17
BHOPAL_PARYAVARAN_PARISAR,,15-09-2025 00:00,31.68,81.94,17.24,11.63,0.51,40.91
BHOPAL_PARYAVARAN_PARISAR,,16-09-2025 00:00,26.28,58.93,14.79,10.53,0.42,41.13
BHOPAL_PARYAVARAN_PARISAR,,17-09-2025 00:00,24.98,55.33,10.68,9.87,0.38,41.65
BHOPAL_PARYAVARAN_PARISAR,,18-09-2025 00:00,18.1,40.11,10.38,9.85,0.39,43.85
BHOPAL_PARYAVARAN_PARISAR,,19-09-2025 00:00,17.18,33.47,14.1,9.61,0.44,37.9
BHOPAL_PARYAVARAN_PARISAR,,20-09-2025 00:00,18.32,47.09,15.03,10.2,0.43,35.46
BHOPAL_PARYAVARAN_PARISAR,,21-09-2025 00:00,14.36,30.12,13.22,13.73,0.45,40.21
BHOPAL_PARYAVARAN_PARISAR,,22-09-2025 00:00,18.92,38.92,9.39,7.99,0.37,44.3
BHOPAL_PARYAVARAN_PARISAR,,23-09-2025 00:00,22.48,63.91,19.87,11.28,0.59,43.42
BHOPAL_PARYAVARAN_PARISAR,,24-09-2025 00:00,20.61,57.46,13.61,10.78,0.41,42.69
BHOPAL_PARYAVARAN_PARISAR,,25-09-2025 00:00,22.02,60.92,15.57,10.91,0.51,41.82
BHOPAL_PARYAVARAN_PARISAR,,26-09-2025 00:00,21.18,62.24,14.55,11.74,0.4,45.19
BHOPAL_PARYAVARAN_PARISAR,,27-09-2025 00:00,23.46,78.17,18.24,10.93,0.45,51.66
BHOPAL_PARYAVARAN_PARISAR,,28-09-2025 00:00,20.92,54.39,14.58,11.12,0.43,47.25
BHOPAL_PARYAVARAN_PARISAR,,29-09-2025 00:00,15.0,29.58,12.63,10.24,0.41,39.67
BHOPAL_PARYAVARAN_PARISAR,,30-09-2025 00:00,16.21,36.73,14.06,10.43,0.44,38.32
BHOPAL_PARYAVARAN_PARISAR,,01-10-2025 00:00,12.59,25.11,8.5,11.05,0.37,41.86
BHOPAL_PARYAVARAN_PARISAR,,14-10-2025 00:00,41.17,115.38,38.23,9.24,0.72,36.51
BHOPAL_PARYAVARAN_PARISAR,,15-10-2025 00:00,48.42,120.97,38.93,6.34,0.65,37.08
BHOPAL_PARYAVARAN_PARISAR,,16-10-2025 00:00,66.2,133.82,34.03,8.4,0.64,37.17
BHOPAL_PARYAVARAN_PARISAR,,17-10-2025 00:00,103.22,171.65,32.02,7.1,0.68,33.42
BHOPAL_PARYAVARAN_PARISAR,,18-10-2025 00:00,91.37,144.36,29.77,9.85,0.48,32.21
BHOPAL_PARYAVARAN_PARISAR,,19-10-2025 00:00,85.14,146.83,24.52,10.34,0.58,37.87
BHOPAL_PARYAVARAN_PARISAR,,20-10-2025 00:00,87.42,167.5,31.4,11.05,0.63,38.58
BHOPAL_PARYAVARAN_PARISAR,,21-10-2025 00:00,92.65,173.48,31.58,9.12,0.58,41.09
BHOPAL_PARYAVARAN_PARISAR,,22-10-2025 00:00,137.05,155.37,25.85,11.81,0.41,46.66
BHOPAL_PARYAVARAN_PARISAR,,23-10-2025 00:00,77.63,120.39,25.82,11.42,0.58,41.83
BHOPAL_PARYAVARAN_PARISAR,,24-10-2025 00:00,74.8,130.52,29.73,7.2,0.54,37.96
BHOPAL_PARYAVARAN_PARISAR,,25-10-2025 00:00,71.82,125.08,33.76,5.75,0.52,39.44
BHOPAL_PARYAVARAN_PARISAR,,26-10-2025 00:00,77.35,111.9,24.08,7.65,0.44,35.85
BHOPAL_PARYAVARAN_PARISAR,,27-10-2025 00:00,33.65,42.82,17.29,8.22,0.42,33.33
BHOPAL_PARYAVARAN_PARISAR,,28-10-2025 00:00,25.27,46.86,16.77,7.54,0.42,36.72
BHOPAL_PARYAVARAN_PARISAR,,29-10-2025 00:00,73.05,110.39,14.68,7.89,0.44,43.73
BHOPAL_PARYAVARAN_PARISAR,,30-10-2025 00:00,53.17,85.67,13.76,7.94,0.4,47.2
BHOPAL_PARYAVARAN_PARISAR,,31-10-2025 00:00,30.34,50.25,14.92,6.31,0.41,38.36
BHOPAL_PARYAVARAN_PARISAR,,01-11-2025 00:00,18.06,33.99,15.22,7.26,0.41,36.32
BHOPAL_PARYAVARAN_PARISAR,,14-11-2025 00:00,103.05,252.8,61.67,7.02,0.79,44.42
BHOPAL_PARYAVARAN_PARISAR,,15-11-2025 00:00,103.19,253.05,59.47,7.14,0.95,42.34
BHOPAL_PARYAVARAN_PARISAR,,16-11-2025 00:00,89.52,218.55,58.23,8.0,0.8,46.21
BHOPAL_PARYAVARAN_PARISAR,,17-11-2025 00:00,88.23,215.59,56.3,9.41,0.79,55.39
BHOPAL_PARYAVARAN_PARISAR,,18-11-2025 00:00,96.78,237.02,51.63,8.23,0.93,58.45
BHOPAL_PARYAVARAN_PARISAR,,19-11-2025 00:00,98.57,241.03,62.61,6.15,1.0,49.36
BHOPAL_PARYAVARAN_PARISAR,,20-11-2025 00:00,114.87,282.24,61.16,7.65,0.98,38.36
BHOPAL_PARYAVARAN_PARISAR,,21-11-2025 00:00,112.62,276.37,55.26,13.1,0.82,41.57
BHOPAL_PARYAVARAN_PARISAR,,22-11-2025 00:00,108.55,266.48,64.57,11.5,1.01,40.55
BHOPAL_PARYAVARAN_PARISAR,,23-11-2025 00:00,117.98,289.87,61.25,6.85,0.97,28.97
BHOPAL_PARYAVARAN_PARISAR,,24-11-2025 00:00,126.45,311.14,56.26,6.95,0.96,30.9
BHOPAL_PARYAVARAN_PARISAR,,25-11-2025 00:00,120.57,296.37,62.25,6.88,0.94,27.9
BHOPAL_PARYAVARAN_PARISAR,,26-11-2025 00:00,81.65,198.98,48.37,8.09,0.65,39.36
BHOPAL_PARYAVARAN_PARISAR,,27-11-2025 00:00,84.95,207.46,47.53,7.07,0.73,41.88
BHOPAL_PARYAVARAN_PARISAR,,28-11-2025 00:00,79.79,194.37,52.54,6.73,0.72,36.76
BHOPAL_PARYAVARAN_PARISAR,,29-11-2025 00:00,63.12,152.77,51.07,6.35,0.73,42.73
BHOPAL_PARYAVARAN_PARISAR,,30-11-2025 00:00,75.91,184.76,51.55,8.04,0.79,47.98
BHOPAL_PARYAVARAN_PARISAR,,01-12-2025 00:00,67.13,163.13,47.04,7.4,0.75,47.08
BHOPAL_PARYAVARAN_PARISAR,,14-12-2025 00:00,94.67,178.96,48.02,7.98,0.86,27.84
BHOPAL_PARYAVARAN_PARISAR,,15-12-2025 00:00,83.92,170.33,46.77,5.44,0.72,36.15
BHOPAL_PARYAVARAN_PARISAR,,16-12-2025 00:00,112.17,211.29,46.13,6.87,0.8,36.47
BHOPAL_PARYAVARAN_PARISAR,,17-12-2025 00:00,89.42,200.88,49.04,8.43,0.87,37.21
BHOPAL_PARYAVARAN_PARISAR,,18-12-2025 00:00,91.92,217.29,49.26,6.49,1.03,26.71
BHOPAL_PARYAVARAN_PARISAR,,19-12-2025 00:00,72.17,160.21,46.48,6.05,0.67,29.98
BHOPAL_PARYAVARAN_PARISAR,,20-12-2025 00:00,53.2,156.02,43.02,8.36,0.84,35.38
BHOPAL_PARYAVARAN_PARISAR,,21-12-2025 00:00,85.92,202.12,50.79,6.02,0.92,31.96
BHOPAL_PARYAVARAN_PARISAR,,22-12-2025 00:00,58.5,157.71,48.45,7.44,0.67,38.59
BHOPAL_PARYAVARAN_PARISAR,,23-12-2025 00:00,74.58,196.5,51.47,7.89,0.98,30.78
BHOPAL_PARYAVARAN_PARISAR,,24-12-2025 00:00,70.82,174.45,49.93,8.17,0.81,31.46
BHOPAL_PARYAVARAN_PARISAR,,25-12-2025 00:00,56.12,138.04,42.53,5.5,0.71,29.33
BHOPAL_PARYAVARAN_PARISAR,,26-12-2025 00:00,71.12,163.12,43.28,5.75,0.82,33.66
BHOPAL_PARYAVARAN_PARISAR,,27-12-2025 00:00,66.03,156.46,48.09,6.44,0.78,37.45
BHOPAL_PARYAVARAN_PARISAR,,28-12-2025 00:00,82.48,192.01,49.85,5.56,0.92,38.84
BHOPAL_PARYAVARAN_PARISAR,,29-12-2025 00:00,79.04,169.58,47.17,5.63,0.73,45.84
BHOPAL_PARYAVARAN_PARISAR,,30-12-2025 00:00,74.71,193.04,58.0,6.83,0.9,37.49
BHOPAL_PARYAVARAN_PARISAR,,31-12-2025 00:00,90.15,201.6,50.51,5.39,0.92,36.22
BHOPAL_PARYAVARAN_PARISAR,,01-01-2026 00:00,104.21,210.25,48.13,7.1,0.84,32.98
BHOPAL_PARYAVARAN_PARISAR,,14-01-2026 00:00,94.0,203.83,55.66,8.13,0.78,22.21
BHOPAL_PARYAVARAN_PARISAR,,15-01-2026 00:00,88.08,177.22,46.86,6.43,0.73,28.9
BHOPAL_PARYAVARAN_PARISAR,,16-01-2026 00:00,89.38,179.12,49.16,9.56,0.77,24.83
BHOPAL_PARYAVARAN_PARISAR,,17-01-2026 00:00,95.58,199.22,51.12,7.24,0.86,21.66
BHOPAL_PARYAVARAN_PARISAR,,18-01-2026 00:00,101.54,198.57,50.29,9.98,0.88,24.73
BHOPAL_PARYAVARAN_PARISAR,,19-01-2026 00:00,78.4,161.0,37.03,8.89,0.56,29.25
BHOPAL_PARYAVARAN_PARISAR,,20-01-2026 00:00,49.76,124.67,35.03,6.47,0.7,27.88
BHOPAL_PARYAVARAN_PARISAR,,21-01-2026 00:00,65.62,156.16,41.84,8.47,0.72,20.55
BHOPAL_PARYAVARAN_PARISAR,,22-01-2026 00:00,67.95,160.46,49.72,4.49,0.65,27.61
BHOPAL_PARYAVARAN_PARISAR,,23-01-2026 00:00,64.89,180.85,50.74,7.38,0.74,28.15
BHOPAL_PARYAVARAN_PARISAR,,24-01-2026 00:00,86.64,191.82,51.42,8.29,0.73,28.32
BHOPAL_PARYAVARAN_PARISAR,,25-01-2026 00:00,71.01,142.54,30.98,6.46,0.56,31.99
BHOPAL_PARYAVARAN_PARISAR,,26-01-2026 00:00,115.09,194.82,28.07,9.01,0.62,34.15
BHOPAL_PARYAVARAN_PARISAR,,27-01-2026 00:00,107.3,232.3,41.47,6.02,0.95,31.78
BHOPAL_PARYAVARAN_PARISAR,,28-01-2026 00:00,99.42,186.72,38.98,10.35,0.53,35.84
BHOPAL_PARYAVARAN_PARISAR,,29-01-2026 00:00,55.98,101.26,25.94,7.02,0.61,31.02
BHOPAL_PARYAVARAN_PARISAR,,30-01-2026 00:00,64.61,108.03,31.76,8.31,0.61,29.88
BHOPAL_PARYAVARAN_PARISAR,,31-01-2026 00:00,62.67,130.04,37.17,4.54,0.67,28.95
BHOPAL_PARYAVARAN_PARISAR,,01-02-2026 00:00,50.49,124.04,39.48,8.11,0.57,26.61
BHOPAL_PARYAVARAN_PARISAR,,14-02-2026 00:00,66.21,166.16,42.02,8.64,0.78,27.29
BHOPAL_PARYAVARAN_PARISAR,,15-02-2026 00:00,75.65,177.65,44.76,9.59,0.27,22.55
BHOPAL_PARYAVARAN_PARISAR,,16-02-2026 00:00,62.96,150.08,42.72,8.59,0.08,28.62
BHOPAL_PARYAVARAN_PARISAR,,17-02-2026 00:00,45.06,126.44,45.8,7.53,0.56,31.46
BHOPAL_PARYAVARAN_PARISAR,,17-02-2026 00:00,52.0,251.0,74.8,10.0,0.3,16.9
CHENNAI,2025-01-01,02-01-2025 00:00,75.2,135.67,16.36,9.95,1.13,14.16
CHENNAI,2025-01-02,02-02-2025 00:00,12.04,84.39,49.76,49.52,2.01,14.28
CHENNAI,2025-01-03,02-03-2025 00:00,19.79,46.35,24.58,12.27,1.57,42.62
CHENNAI,2025-01-04,02-04-2025 00:00,32.74,92.11,5.91,13.26,1.39,22.64
CHENNAI,2025-01-05,02-05-2025 00:00,29.05,51.66,12.91,10.77,0.63,22.38
CHENNAI,2025-01-06,02-06-2025 00:00,36.61,52.41,12.28,13.58,0.52,55.64
CHENNAI,2025-01-07,02-07-2025 00:00,14.74,20.83,9.64,10.58,0.45,28.38
CHENNAI,2025-01-08,02-08-2025 00:00,18.87,28.08,5.1,10.68,1.46,28.72
CHENNAI,2025-01-09,02-09-2025 00:00,39.11,65.87,3.96,14.8,0.96,28.05
CHENNAI,2025-01-10,02-10-2025 00:00,20.77,84.25,2.24,14.97,0.7,28.07
CHENNAI,2025-01-11,02-11-2025 00:00,52.85,142.18,6.97,22.05,0.31,10.04
CHENNAI,2025-01-12,02-12-2025 00:00,5.24,27.58,14.1,9.77,0.64,11.09
CHENNAI,2025-02-01,03-01-2025 00:00,73.44,132.79,16.74,6.2,0.79,14.38
CHENNAI,2025-02-02,03-02-2025 00:00,14.97,105.25,45.05,14.41,2.02,16.39
CHENNAI,2025-02-03,03-03-2025 00:00,22.99,44.26,23.56,14.16,1.3,22.81
CHENNAI,2025-02-04,03-04-2025 00:00,25.99,77.16,7.53,12.87,1.53,21.93
CHENNAI,2025-02-05,03-05-2025 00:00,28.57,50.3,13.5,11.26,0.61,22.16
CHENNAI,2025-02-06,03-06-2025 00:00,36.57,52.38,12.27,13.56,0.52,55.58
CHENNAI,2025-02-07,03-07-2025 00:00,17.35,25.53,9.67,12.92,0.46,28.5
CHENNAI,2025-02-08,03-08-2025 00:00,18.17,21.84,5.93,14.46,1.83,28.58
CHENNAI,2025-02-09,03-09-2025 00:00,18.72,65.76,3.98,11.82,0.58,28.09
CHENNAI,2025-02-10,03-10-2025 00:00,15.32,50.74,3.21,14.78,0.39,27.9
CHENNAI,2025-02-11,03-11-2025 00:00,16.66,67.52,7.81,7.24,0.42,9.86
CHENNAI,2025-02-12,03-12-2025 00:00,14.36,44.68,10.9,12.13,0.63,11.1
CHENNAI,2025-03-01,04-01-2025 00:00,79.0,141.53,21.07,5.79,1.03,13.87
CHENNAI,2025-03-02,04-02-2025 00:00,14.69,111.03,27.55,15.27,2.02,15.01
CHENNAI,2025-03-03,04-03-2025 00:00,20.34,52.83,24.68,13.65,1.05,23.18
CHENNAI,2025-03-04,04-04-2025 00:00,15.55,44.83,13.62,15.19,1.21,21.34
CHENNAI,2025-03-05,04-05-2025 00:00,34.46,58.17,14.6,11.83,0.6,23.57
CHENNAI,2025-03-06,04-06-2025 00:00,31.64,64.67,13.86,11.44,0.61,43.87
CHENNAI,2025-03-07,04-07-2025 00:00,12.83,21.6,6.48,12.93,0.75,28.16
CHENNAI,2025-03-08,04-08-2025 00:00,16.72,20.9,4.47,11.43,1.9,28.16
CHENNAI,2025-03-09,04-09-2025 00:00,13.48,65.88,3.69,12.71,0.75,27.98
CHENNAI,2025-03-10,04-10-2025 00:00,17.63,46.46,3.79,13.12,0.79,28.22
CHENNAI,2025-03-11,04-11-2025 00:00,18.049999999999997,72.15,6.805,17.48,0.39,9.98
CHENNAI,2025-03-12,04-12-2025 00:00,18.47,43.07,9.82,21.84,1.49,12.39
CHENNAI,2025-04-01,05-01-2025 00:00,107.46,188.41,18.58,5.89,1.21,14.26
CHENNAI,2025-04-02,05-02-2025 00:00,17.47,128.98,24.27,16.39,2.03,16.09
CHENNAI,2025-04-03,05-03-2025 00:00,13.59,66.16,21.92,9.51,1.94,22.54
CHENNAI,2025-04-04,05-04-2025 00:00,16.63,50.62,12.6,24.85,0.22,21.94
CHENNAI,2025-04-05,05-05-2025 00:00,31.63,55.87,14.25,12.28,0.54,23.17
CHENNAI,2025-04-06,05-06-2025 00:00,12.03,54.09,16.46,11.01,0.41,23.59
CHENNAI,2025-04-07,05-07-2025 00:00,13.82,22.97,8.54,10.63,0.47,28.53
CHENNAI,2025-04-08,05-08-2025 00:00,15.25,21.51,3.08,10.56,1.44,28.47
CHENNAI,2025-04-09,05-09-2025 00:00,13.23,65.88,4.74,12.45,1.12,28.42
CHENNAI,2025-04-10,05-10-2025 00:00,11.8,35.65,3.83,11.48,0.66,28.15
CHENNAI,2025-04-11,05-11-2025 00:00,20.99,79.79,10.26,8.83,0.46,10.14
CHENNAI,2025-04-12,05-12-2025 00:00,1.16,47.53,10.25,12.18,0.98,10.84
CHENNAI,2025-05-01,06-01-2025 00:00,93.33,165.33,29.95,5.8,1.1,14.15
CHENNAI,2025-05-02,06-02-2025 00:00,31.47,178.95,27.05,27.3,2.02,18.51
CHENNAI,2025-05-03,06-03-2025 00:00,15.57,61.53,24.71,11.42,1.61,23.11
CHENNAI,2025-05-04,06-04-2025 00:00,14.45,49.53,12.56,9.0,0.22,22.07
CHENNAI,2025-05-05,06-05-2025 00:00,31.73,50.81,14.41,11.34,0.74,23.57
CHENNAI,2025-05-06,06-06-2025 00:00,17.73,72.43,16.7,12.97,0.56,22.61
CHENNAI,2025-05-07,06-07-2025 00:00,13.6,21.21,7.62,44.02,0.52,28.56
CHENNAI,2025-05-08,06-08-2025 00:00,14.23,22.92,5.52,22.35,1.67,28.2
CHENNAI,2025-05-09,06-09-2025 00:00,13.895,65.84,4.475,17.41,0.69,28.38
CHENNAI,2025-05-10,06-10-2025 00:00,13.56,46.69,3.43,12.47,0.68,28.4
CHENNAI,2025-05-11,06-11-2025 00:00,28.45,97.89,13.27,12.62,0.47,10.24
CHENNAI,2025-05-12,06-12-2025 00:00,59.00999999999999,107.41,19.02,9.37,0.55,11.21
CHENNAI,2025-06-01,07-01-2025 00:00,89.57,159.19,24.77,6.12,0.9,14.36
CHENNAI,2025-06-02,07-02-2025 00:00,33.94,252.21,25.275,21.21,2.02,17.45
CHENNAI,2025-06-03,07-03-2025 00:00,30.52,87.3,25.78,11.29,1.74,24.87
CHENNAI,2025-06-04,07-04-2025 00:00,12.69,51.26,11.78,11.05,2.18,22.36
CHENNAI,2025-06-05,07-05-2025 00:00,32.94,54.88,14.55,20.81,0.76,22.94
CHENNAI,2025-06-06,07-06-2025 00:00,20.81,127.86,17.53,10.54,0.56,25.06
CHENNAI,2025-06-07,07-07-2025 00:00,14.02,22.87,10.27,41.07,0.57,40.82
CHENNAI,2025-06-08,07-08-2025 00:00,13.813333333333333,20.41,7.843333333333334,31.653333333333336,1.32,28.57
CHENNAI,2025-06-09,07-09-2025 00:00,13.606666666666667,65.76,5.416666666666667,22.236666666666668,0.67,29.2
CHENNAI,2025-06-10,07-10-2025 00:00,13.4,46.22,2.99,12.82,0.66,28.01
CHENNAI,2025-06-11,07-11-2025 00:00,23.67,126.5,11.3,10.81,0.58,9.88
CHENNAI,2025-06-12,07-12-2025 00:00,18.79,121.0,10.56,10.37,0.57,11.3
CHENNAI,2025-07-01,08-01-2025 00:00,84.19,150.41,9.58,5.48,1.22,14.18
CHENNAI,2025-07-02,08-02-2025 00:00,31.02,207.79,8.6,20.92,2.02,15.52
CHENNAI,2025-07-03,08-03-2025 00:00,41.23,149.32,26.69,16.54,1.26,25.31
CHENNAI,2025-07-04,08-04-2025 00:00,14.75,46.88,12.89,12.64,1.79,22.51
CHENNAI,2025-07-05,08-05-2025 00:00,33.02,49.07,14.41,9.76,0.73,24.49
CHENNAI,2025-07-06,08-06-2025 00:00,18.82,90.86,17.33,13.13,0.5,24.03
CHENNAI,2025-07-07,08-07-2025 00:00,17.8,29.7,12.19,24.84,0.6,28.17
CHENNAI,2025-07-08,08-08-2025 00:00,19.123333333333335,23.7,10.213333333333333,17.723333333333333,1.95,29.07
CHENNAI,2025-07-09,08-09-2025 00:00,20.446666666666665,65.81,8.236666666666666,10.606666666666666,0.94,28.29
CHENNAI,2025-07-10,08-10-2025 00:00,21.77,63.58,6.26,3.49,0.52,28.61
CHENNAI,2025-07-11,08-11-2025 00:00,31.45,77.82,11.98,11.35,0.55,9.98
CHENNAI,2025-07-12,08-12-2025 00:00,15.99,98.36,9.14,11.01,0.65,10.88
CHENNAI,2025-08-01,09-01-2025 00:00,64.73,152.39,18.83,4.88,0.43,13.68
CHENNAI,2025-08-02,09-02-2025 00:00,27.39,212.88,8.6,16.82,2.02,14.94
CHENNAI,2025-08-03,09-03-2025 00:00,30.56,95.47,23.59,12.65,1.54,25.28
CHENNAI,2025-08-04,09-04-2025 00:00,18.32,49.98,11.98,13.11,1.5,21.74
CHENNAI,2025-08-05,09-05-2025 00:00,44.78,65.85,14.58,12.87,0.69,24.25
CHENNAI,2025-08-06,09-06-2025 00:00,16.99,45.33,17.32,11.6,0.74,85.22
CHENNAI,2025-08-07,09-07-2025 00:00,16.73,24.81,4.32,9.31,2.14,28.09
CHENNAI,2025-08-08,09-08-2025 00:00,15.933333333333334,20.37,4.21,9.766666666666667,1.2,28.14
CHENNAI,2025-08-09,09-09-2025 00:00,15.136666666666667,65.84,4.1000000000000005,10.223333333333333,0.75,28.96
CHENNAI,2025-08-10,09-10-2025 00:00,14.34,55.86,3.99,10.68,0.53,28.03
CHENNAI,2025-08-11,09-11-2025 00:00,37.51,91.53,10.97,13.6,0.47,10.02
CHENNAI,2025-08-12,09-12-2025 00:00,17.98,107.06,10.53,12.54,0.69,11.04
CHENNAI,2025-09-01,10-01-2025 00:00,42.6,147.25,24.01,5.62,0.67,14.8
CHENNAI,2025-09-02,10-02-2025 00:00,26.31,170.66,8.58,14.83,2.01,16.61
CHENNAI,2025-09-03,10-03-2025 00:00,22.41,82.8,27.16,12.43,1.68,23.18
CHENNAI,2025-09-04,10-04-2025 00:00,11.39,49.29,11.5,17.67,0.22,21.54
CHENNAI,2025-09-05,10-05-2025 00:00,49.11,71.76,14.99,11.98,0.59,25.17
CHENNAI,2025-09-06,10-06-2025 00:00,14.25,89.09,16.69,12.75,0.63,27.44
CHENNAI,2025-09-07,10-07-2025 00:00,15.32,28.73,6.71,28.18,1.78,28.61
CHENNAI,2025-09-08,10-08-2025 00:00,17.75,25.14,4.39,12.47,2.27,28.36
CHENNAI,2025-09-09,10-09-2025 00:00,44.36,65.74,4.385,11.985,0.88,29.1
CHENNAI,2025-09-10,10-10-2025 00:00,70.97,62.54,4.38,11.5,0.45,28.54
CHENNAI,2025-09-11,10-11-2025 00:00,35.2,111.29,12.27,11.7,0.59,10.05
CHENNAI,2025-09-12,10-12-2025 00:00,17.14,136.28,13.19,11.43,0.54,11.28
CHENNAI,2025-10-01,11-01-2025 00:00,43.38,143.76,26.08,5.66,1.53,15.76
CHENNAI,2025-10-02,11-02-2025 00:00,27.32,181.24,8.59,11.01,2.02,23.2
CHENNAI,2025-10-03,11-03-2025 00:00,23.95,63.42,26.32,15.64,1.34,22.98
CHENNAI,2025-10-04,11-04-2025 00:00,21.71,61.47,13.75,9.92,1.71,24.27
CHENNAI,2025-10-05,11-05-2025 00:00,45.76,67.46,14.4,11.81,0.52,22.85
CHENNAI,2025-10-06,11-06-2025 00:00,13.33,31.73,17.24,14.01,0.66,27.59
CHENNAI,2025-10-07,11-07-2025 00:00,15.28,22.15,6.91,10.12,0.63,28.1
CHENNAI,2025-10-08,11-08-2025 00:00,11.42,16.45,2.74,10.32,2.04,28.05
CHENNAI,2025-10-09,11-09-2025 00:00,21.8,65.78,7.2,11.4,0.78,29.22
CHENNAI,2025-10-10,11-10-2025 00:00,27.07,46.03,5.26,11.68,0.69,28.11
CHENNAI,2025-10-11,11-11-2025 00:00,33.19,125.3,12.14,10.36,0.48,10.1
CHENNAI,2025-10-12,11-12-2025 00:00,27.23,120.28,11.6,11.74,0.51,11.42
CHENNAI,2025-11-01,12-01-2025 00:00,24.585,142.005,10.085,11.455,1.2599999999999998,16.33
CHENNAI,2025-11-02,12-02-2025 00:00,21.94,163.73,8.57,11.17,2.01,21.24
CHENNAI,2025-11-03,12-03-2025 00:00,18.25,51.64,88.39,13.85,1.39,22.95
CHENNAI,2025-11-04,12-04-2025 00:00,23.1,51.47,13.68,11.33,1.84,23.24
CHENNAI,2025-11-05,12-05-2025 00:00,45.79,67.09,14.43,10.03,0.64,22.16
CHENNAI,2025-11-06,12-06-2025 00:00,15.22,36.99,17.15,10.91,0.5,59.38
CHENNAI,2025-11-07,12-07-2025 00:00,16.42,24.8,6.59,9.87,1.79,29.02
CHENNAI,2025-11-08,12-08-2025 00:00,9.77,32.76,3.0,11.48,1.46,27.87
CHENNAI,2025-11-09,12-09-2025 00:00,20.22,65.68,3.59,14.87,0.59,27.98
CHENNAI,2025-11-10,12-10-2025 00:00,23.22,53.27,4.21,15.61,0.53,28.33
CHENNAI,2025-11-11,12-11-2025 00:00,33.47,103.04,9.73,10.91,0.64,10.27
CHENNAI,2025-11-12,12-12-2025 00:00,21.76,169.28,8.75,11.97,0.66,11.22
CHENNAI,2025-12-01,13-01-2025 00:00,19.92,168.47,9.405000000000001,15.705000000000002,1.335,13.670000000000002
CHENNAI,2025-12-02,13-02-2025 00:00,18.08,167.66,10.06,19.44,2.01,16.12
CHENNAI,2025-12-03,13-03-2025 00:00,14.1,46.77,108.3,13.05,1.8,22.17
CHENNAI,2025-12-04,13-04-2025 00:00,31.62,64.71,14.5,12.2,1.77,23.62
CHENNAI,2025-12-05,13-05-2025 00:00,51.65,67.64,15.52,9.63,0.84,24.79
CHENNAI,2025-12-06,13-06-2025 00:00,16.88,40.19,18.03,17.85,0.64,55.65
CHENNAI,2025-12-07,13-07-2025 00:00,12.14,21.45,4.95,11.25,1.95,28.34
CHENNAI,2025-12-08,13-08-2025 00:00,12.34,65.76,3.12,10.97,1.97,27.83
CHENNAI,2025-12-09,13-09-2025 00:00,28.31,65.73,4.67,12.9,0.26,28.63
CHENNAI,2025-12-10,13-10-2025 00:00,30.46,66.24,3.38,10.8,0.36,28.19
CHENNAI,2025-12-11,13-11-2025 00:00,45.62,103.07,9.43,11.09,0.54,10.2
CHENNAI,2025-12-12,13-12-2025 00:00,16.65,118.41,12.56,12.45,0.53,11.16
CHENNAI,2026-01-01,02-01-2026 00:00,214.78,81.96,8.5,11.309999999999999,0.39,10.79
CHENNAI,2026-01-02,02-02-2026 00:00,81.83,100.27,8.25,10.17,0.61,10.5
CHENNAI,2026-02-01,03-01-2026 00:00,17.97,103.87,8.23,14.54,0.58,11.23
CHENNAI,2026-02-02,03-02-2026 00:00,104.13,116.43,8.46,11.61,0.65,10.98
CHENNAI,2026-03-01,04-01-2026 00:00,39.04,101.43,8.22,11.3,0.61,11.76
CHENNAI,2026-03-02,04-02-2026 00:00,58.55,87.31,8.34,10.52,0.72,10.41
CHENNAI,2026-04-01,05-01-2026 00:00,41.97,94.86,8.05,8.68,0.66,10.7
CHENNAI,2026-04-02,05-02-2026 00:00,52.6,69.38,8.15,11.76,0.47,10.1
CHENNAI,2026-05-01,06-01-2026 00:00,40.02,98.97,8.3,7.28,0.62,11.49
CHENNAI,2026-05-02,06-02-2026 00:00,60.44,79.08,8.35,11.31,0.46,10.08
CHENNAI,2026-06-01,07-01-2026 00:00,48.16,105.87,8.18,14.22,0.69,10.78
CHENNAI,2026-06-02,07-02-2026 00:00,65.77,81.95,7.98,8.96,0.38,10.31
CHENNAI,2026-07-01,08-01-2026 00:00,50.47,102.04,8.04,8.74,0.65,12.35
CHENNAI,2026-07-02,08-02-2026 00:00,79.31,104.64,8.08,12.24,0.51,9.54
CHENNAI,2026-08-01,09-01-2026 00:00,52.63,72.08,8.32,9.42,0.45,11.57
CHENNAI,2026-08-02,09-02-2026 00:00,93.82,109.31,7.99,14.85,0.95,9.54
CHENNAI,2026-09-01,10-01-2026 00:00,50.53,69.01,8.16,8.04,0.51,11.2
CHENNAI,2026-09-02,10-02-2026 00:00,83.0,103.23,8.21,10.86,0.78,9.54
CHENNAI,2026-10-01,11-01-2026 00:00,51.51,65.95,8.23,13.73,0.45,10.94
CHENNAI,2026-10-02,11-02-2026 00:00,94.5,113.42,8.12,10.55,0.63,9.54
CHENNAI,2026-11-01,12-01-2026 00:00,44.48,53.37,8.41,24.54,0.63,10.6
CHENNAI,2026-11-02,12-02-2026 00:00,63.37,91.15,8.36,10.66,0.67,9.54
CHENNAI,2026-12-01,13-01-2026 00:00,43.34,60.02,8.23,11.68,0.47,10.79
CHENNAI,2026-12-02,13-02-2026 00:00,49.72,86.4,8.38,12.4,0.59,9.54
CHENNAI,,14-01-2025 00:00,47.897894736842105,85.7021052631579,10.467894736842105,12.856315789473685,0.6642105263157895,9.813684210526315
CHENNAI,,15-01-2025 00:00,46.07578947368421,85.00421052631579,12.55578947368421,13.312631578947368,0.7384210526315789,10.08736842105263
CHENNAI,,16-01-2025 00:00,44.253684210526316,84.30631578947369,14.643684210526317,13.768947368421053,0.8126315789473684,10.361052631578946
CHENNAI,,17-01-2025 00:00,42.43157894736842,83.60842105263158,16.73157894736842,14.225263157894737,0.8868421052631579,10.634736842105262
CHENNAI,,18-01-2025 00:00,40.60947368421053,82.91052631578948,18.81947368421053,14.681578947368422,0.9610526315789474,10.908421052631578
CHENNAI,,19-01-2025 00:00,38.78736842105263,82.21263157894737,20.90736842105263,15.137894736842107,1.0352631578947369,11.182105263157894
CHENNAI,,20-01-2025 00:00,36.96526315789474,81.51473684210526,22.995263157894733,15.59421052631579,1.1094736842105264,11.45578947368421
CHENNAI,,21-01-2025 00:00,35.143157894736845,80.81684210526316,25.083157894736843,16.050526315789476,1.183684210526316,11.729473684210525
CHENNAI,,22-01-2025 00:00,33.32105263157895,80.11894736842106,27.171052631578945,16.50684210526316,1.2578947368421054,12.003157894736841
CHENNAI,,23-01-2025 00:00,31.498947368421053,79.42105263157895,29.258947368421055,16.96315789473684,1.332105263157895,12.276842105263157
CHENNAI,,24-01-2025 00:00,29.67684210526316,78.72315789473684,31.346842105263157,17.419473684210526,1.4063157894736842,12.550526315789474
CHENNAI,,25-01-2025 00:00,27.85473684210526,78.02526315789474,33.43473684210526,17.87578947368421,1.4805263157894737,12.82421052631579
CHENNAI,,26-01-2025 00:00,26.032631578947367,77.32736842105263,35.52263157894737,18.332105263157896,1.5547368421052632,13.097894736842106
CHENNAI,,27-01-2025 00:00,24.210526315789473,76.62947368421052,37.61052631578947,18.78842105263158,1.6289473684210525,13.371578947368421
CHENNAI,,28-01-2025 00:00,22.38842105263158,75.93157894736842,39.69842105263157,19.24473684210526,1.703157894736842,13.645263157894737
CHENNAI,,29-01-2025 00:00,20.566315789473684,75.23368421052632,41.78631578947368,19.701052631578946,1.7773684210526315,13.918947368421053
CHENNAI,,30-01-2025 00:00,18.74421052631579,74.53578947368422,43.874210526315785,20.15736842105263,1.851578947368421,14.192631578947369
CHENNAI,,31-01-2025 00:00,16.922105263157896,73.8378947368421,45.962105263157895,20.613684210526316,1.9257894736842105,14.466315789473684
CHENNAI,,01-02-2025 00:00,15.1,73.14,48.05,21.07,2.0,14.74
CHENNAI,,14-02-2025 00:00,14.78,152.32,12.59,14.28,2.02,19.34
CHENNAI,,15-02-2025 00:00,10.62,124.1,12.6,12.79,2.02,15.79
CHENNAI,,16-02-2025 00:00,21.19,103.87,13.77,11.27,2.02,15.89
CHENNAI,,17-02-2025 00:00,37.21,63.36,12.71,15.58,2.03,18.07
CHENNAI,,18-02-2025 00:00,45.62,75.37,11.65,11.23,2.0,15.64
CHENNAI,,19-02-2025 00:00,51.61,88.24,15.7,12.01,2.02,15.52
CHENNAI,,20-02-2025 00:00,45.63,84.24,25.76,13.29,1.94,21.5
CHENNAI,,21-02-2025 00:00,43.24,81.3025,26.0625,13.31875,1.8525,24.29875
CHENNAI,,22-02-2025 00:00,40.85,78.365,26.365000000000002,13.3475,1.765,27.0975
CHENNAI,,23-02-2025 00:00,38.46,75.4275,26.6675,13.376249999999999,1.6775,29.896250000000002
CHENNAI,,24-02-2025 00:00,36.07,72.49,26.97,13.405,1.5899999999999999,32.695
CHENNAI,,25-02-2025 00:00,33.68,69.5525,27.2725,13.43375,1.5025,35.49375
CHENNAI,,26-02-2025 00:00,31.290000000000003,66.61500000000001,27.575,13.462499999999999,1.415,38.292500000000004
CHENNAI,,27-02-2025 00:00,28.900000000000002,63.6775,27.8775,13.491249999999999,1.3275000000000001,41.09125
CHENNAI,,28-02-2025 00:00,26.51,60.74,28.18,13.52,1.24,43.89
CHENNAI,,01-03-2025 00:00,28.12,59.94,29.5,16.58,1.43,45.02
CHENNAI,,14-03-2025 00:00,13.13,46.41,21.09,12.18,1.54,22.73
CHENNAI,,15-03-2025 00:00,13.92,47.23,12.57,12.43,1.67,22.5
CHENNAI,,16-03-2025 00:00,13.15,50.94,13.61,12.17,0.22,21.92
CHENNAI,,17-03-2025 00:00,12.6,54.28,10.95,10.63,1.51,22.34
CHENNAI,,18-03-2025 00:00,11.43,42.97,9.94,12.21,1.2,21.72
CHENNAI,,19-03-2025 00:00,12.3,44.58,9.6,11.97,0.41,22.03
CHENNAI,,20-03-2025 00:00,18.51,50.8,9.07,11.23,0.66,22.16
CHENNAI,,21-03-2025 00:00,18.28,54.41,7.77,11.73,1.47,22.04
CHENNAI,,22-03-2025 00:00,19.78,51.13,8.12,12.5,1.58,21.98
CHENNAI,,23-03-2025 00:00,15.94,54.3,8.53,11.65,1.51,22.55
CHENNAI,,24-03-2025 00:00,17.41,49.01,7.5,8.94,1.85,22.1
CHENNAI,,25-03-2025 00:00,20.47,63.34,6.63,21.59,1.44,22.31
CHENNAI,,26-03-2025 00:00,28.17,67.1,6.2,14.73,1.6,22.98
CHENNAI,,27-03-2025 00:00,32.71,75.95,6.58,11.11,1.05,23.19
CHENNAI,,28-03-2025 00:00,25.82,76.99,6.83,13.62,1.72,23.42
CHENNAI,,29-03-2025 00:00,31.92,93.26,9.01,11.7,2.0,22.5
CHENNAI,,30-03-2025 00:00,34.95,82.42,7.96,12.49,1.69,24.42
CHENNAI,,31-03-2025 00:00,24.8,70.49,7.13,12.16,1.48,22.88
CHENNAI,,01-04-2025 00:00,30.26,84.64,6.26,12.86,1.32,23.2
CHENNAI,,14-04-2025 00:00,27.52,63.58,13.15,13.04,1.76,22.23
CHENNAI,,15-04-2025 00:00,22.61,66.79,11.81,11.84,1.79,22.11
CHENNAI,,16-04-2025 00:00,17.97,52.86,12.67,12.09,1.03,21.81
CHENNAI,,17-04-2025 00:00,24.01,45.34,11.52,12.25,0.79,22.66
CHENNAI,,18-04-2025 00:00,30.01,44.65,10.26,10.1,4.74,22.43
CHENNAI,,19-04-2025 00:00,29.45,45.04,12.36,11.16,2.03,22.44
CHENNAI,,20-04-2025 00:00,42.35,32.68,12.09,12.14,2.01,22.49
CHENNAI,,21-04-2025 00:00,38.685,31.35,11.97,10.04,1.45,22.1
CHENNAI,,22-04-2025 00:00,35.02,56.86,14.78,7.64,1.98,22.99
CHENNAI,,23-04-2025 00:00,37.84,51.67,14.24,9.12,1.75,21.5
CHENNAI,,24-04-2025 00:00,31.46,54.5,14.81,10.06,0.76,23.39
CHENNAI,,25-04-2025 00:00,32.24,52.44,14.62,11.53,0.62,22.49
CHENNAI,,26-04-2025 00:00,33.9,40.76,13.12,11.52,0.66,23.82
CHENNAI,,27-04-2025 00:00,33.97,53.7,14.23,11.72,0.6,21.29
CHENNAI,,28-04-2025 00:00,20.65,41.36,13.06,11.48,0.77,21.31
CHENNAI,,29-04-2025 00:00,16.45,44.96,12.94,11.77,0.93,21.76
CHENNAI,,30-04-2025 00:00,21.44,43.07,13.03,12.11,0.56,21.86
CHENNAI,,01-05-2025 00:00,27.11,49.7,14.25,12.03,0.62,22.84
CHENNAI,,14-05-2025 00:00,50.12,77.37,16.26,10.69,0.92,26.4
CHENNAI,,15-05-2025 00:00,50.13,77.94,15.16,10.98,0.63,24.9
CHENNAI,,16-05-2025 00:00,49.02666666666667,73.49333333333333,15.0,10.530000000000001,0.66,24.119999999999997
CHENNAI,,17-05-2025 00:00,47.92333333333333,69.04666666666667,14.84,10.08,0.69,23.34
CHENNAI,,18-05-2025 00:00,46.82,64.6,14.68,9.63,0.72,22.56
CHENNAI,,19-05-2025 00:00,43.86,55.42,17.8,17.2,0.3,23.02
CHENNAI,,20-05-2025 00:00,24.33,36.68,21.46,9.82,0.25,31.155
CHENNAI,,21-05-2025 00:00,28.393333333333334,41.906666666666666,18.406666666666666,11.06,0.34,39.290000000000006
CHENNAI,,22-05-2025 00:00,32.45666666666667,47.13333333333333,15.353333333333335,12.299999999999999,0.43000000000000005,47.425000000000004
CHENNAI,,23-05-2025 00:00,36.52,52.36,12.3,13.54,0.52,55.56
CHENNAI,,24-05-2025 00:00,36.59,52.4,12.31,13.58,0.52,55.62
CHENNAI,,25-05-2025 00:00,36.62,52.41,12.3,13.57,0.52,55.64
CHENNAI,,26-05-2025 00:00,36.54,52.36,12.32,13.57,0.52,55.55
CHENNAI,,27-05-2025 00:00,36.46,52.32,12.3,13.57,0.52,55.45
CHENNAI,,28-05-2025 00:00,36.52,52.35,12.3,13.58,0.52,55.52
CHENNAI,,29-05-2025 00:00,36.66,52.43,12.3,13.58,0.52,55.69
CHENNAI,,30-05-2025 00:00,36.53,52.36,12.3,13.6,0.52,55.54
CHENNAI,,31-05-2025 00:00,36.53,52.36,12.3,13.58,0.52,55.54
CHENNAI,,01-06-2025 00:00,36.61,52.41,12.29,13.54,0.52,55.63
CHENNAI,,14-06-2025 00:00,25.51,55.07,17.39,17.59,0.91,55.79
CHENNAI,,15-06-2025 00:00,10.25,22.34,17.29,14.65,0.71,55.64
CHENNAI,,16-06-2025 00:00,7.13,13.15,17.36,19.07,0.62,55.57
CHENNAI,,17-06-2025 00:00,8.71,17.15,17.55,24.15,0.55,55.47
CHENNAI,,18-06-2025 00:00,13.93,35.51,13.64,13.2,0.46,46.2
CHENNAI,,19-06-2025 00:00,12.73,27.6,6.63,13.57,0.68,29.05
CHENNAI,,20-06-2025 00:00,15.81,31.8,3.13,13.57,0.8,29.77
CHENNAI,,21-06-2025 00:00,12.69,28.5,2.68,13.56,0.49,29.08
CHENNAI,,22-06-2025 00:00,13.15,27.12,2.33,13.61,0.54,29.49
CHENNAI,,23-06-2025 00:00,13.06,27.7,1.65,13.58,0.55,28.5
CHENNAI,,24-06-2025 00:00,9.45,18.38,1.97,13.57,0.61,28.41
CHENNAI,,25-06-2025 00:00,13.02,24.33,1.06,13.55,0.53,28.41
CHENNAI,,26-06-2025 00:00,16.42,24.61,4.3,13.59,0.51,28.85
CHENNAI,,27-06-2025 00:00,16.03,25.83,8.0,11.65,0.49,28.81
CHENNAI,,28-06-2025 00:00,14.35,26.87,11.56,10.72,0.49,28.82
CHENNAI,,29-06-2025 00:00,16.71,26.55,12.5,11.43,0.53,29.03
CHENNAI,,30-06-2025 00:00,13.43,19.75,10.81,9.9,0.72,28.33
CHENNAI,,01-07-2025 00:00,16.0,23.95,10.57,11.31,0.44,28.4
CHENNAI,,14-07-2025 00:00,10.86,18.4,4.59,14.25,3.4,28.05
CHENNAI,,15-07-2025 00:00,11.73,19.72,6.01,12.49,1.81,28.36
CHENNAI,,16-07-2025 00:00,13.55,21.71,8.43,9.5,2.07,28.85
CHENNAI,,17-07-2025 00:00,14.46,25.31,7.03,11.59,2.3,29.36
CHENNAI,,18-07-2025 00:00,10.32,20.54,5.73,9.91,1.53,28.54
CHENNAI,,19-07-2025 00:00,11.97,15.95,4.16,11.85,2.16,28.09
CHENNAI,,20-07-2025 00:00,9.53,14.99,2.56,12.04,1.95,28.03
CHENNAI,,21-07-2025 00:00,10.7,14.39,2.13,10.96,1.51,27.95
CHENNAI,,22-07-2025 00:00,10.6,13.16,2.14,12.77,1.96,27.86
CHENNAI,,23-07-2025 00:00,12.61,18.94,3.69,15.38,1.1,28.04
CHENNAI,,24-07-2025 00:00,11.73,21.02,4.32,13.07,1.98,28.11
CHENNAI,,25-07-2025 00:00,12.47,18.73,4.78,8.4,2.16,28.19
CHENNAI,,26-07-2025 00:00,13.57,20.74,3.94,10.12,2.44,28.13
CHENNAI,,27-07-2025 00:00,13.28,16.02,4.05,10.38,2.63,28.26
CHENNAI,,28-07-2025 00:00,11.82,13.47,3.86,10.64,0.93,28.0
CHENNAI,,29-07-2025 00:00,10.52,12.57,3.75,10.22,2.33,27.92
CHENNAI,,30-07-2025 00:00,14.05,19.24,4.41,10.55,1.03,28.15
CHENNAI,,31-07-2025 00:00,12.33,17.7,4.84,10.79,1.35,28.13
CHENNAI,,01-08-2025 00:00,15.07,21.76,4.41,11.87,2.36,28.57
CHENNAI,,14-08-2025 00:00,11.26,65.74,1.03,9.94,1.36,27.84
CHENNAI,,15-08-2025 00:00,13.36,65.89,4.0,11.42,1.89,28.43
CHENNAI,,16-08-2025 00:00,10.85,65.74,3.98,11.33,1.87,28.01
CHENNAI,,17-08-2025 00:00,8.66,65.77,1.79,10.89,1.83,27.69
CHENNAI,,18-08-2025 00:00,12.19,65.84,0.88,10.22,2.53,27.85
CHENNAI,,19-08-2025 00:00,10.21,65.87,2.98,13.44,1.43,27.84
CHENNAI,,20-08-2025 00:00,12.32,65.86,8.1,8.73,0.58,28.19
CHENNAI,,21-08-2025 00:00,15.99,65.69,6.37,24.71,3.04,28.64
CHENNAI,,22-08-2025 00:00,13.86,65.76,6.83,7.57,0.94,28.64
CHENNAI,,23-08-2025 00:00,12.33,65.69,5.02,12.51,0.81,28.24
CHENNAI,,24-08-2025 00:00,13.29,65.77,5.03,13.0,1.37,27.92
CHENNAI,,25-08-2025 00:00,13.863333333333333,65.84,4.99,13.118,0.74,28.37
CHENNAI,,26-08-2025 00:00,14.436666666666666,65.73,4.95,13.236,0.49,28.25
CHENNAI,,27-08-2025 00:00,15.01,65.78,4.91,13.354,0.57,29.04
CHENNAI,,28-08-2025 00:00,16.82,65.78,4.87,13.472,0.92,28.19
CHENNAI,,29-08-2025 00:00,18.73,65.78,4.83,13.59,0.84,28.12
CHENNAI,,30-08-2025 00:00,16.38,65.85,4.1,13.09,0.87,28.0
CHENNAI,,31-08-2025 00:00,21.393333333333334,65.85,3.6066666666666665,13.096666666666666,0.7,28.39
CHENNAI,,01-09-2025 00:00,26.406666666666666,65.83,3.1133333333333333,13.103333333333333,0.79,27.89
CHENNAI,,14-09-2025 00:00,31.42,65.86,2.62,13.11,1.04,28.39
CHENNAI,,15-09-2025 00:00,14.02,65.71,2.07,10.73,0.67,27.79
CHENNAI,,16-09-2025 00:00,13.508,65.93,2.038,11.01,0.9,28.39
CHENNAI,,17-09-2025 00:00,12.996,65.8,2.006,11.290000000000001,0.57,28.05
CHENNAI,,18-09-2025 00:00,12.484,65.81,1.974,11.57,0.64,28.37
CHENNAI,,19-09-2025 00:00,11.972000000000001,65.78,1.942,11.850000000000001,0.77,28.1
CHENNAI,,20-09-2025 00:00,11.46,65.85,1.91,12.13,0.58,27.8
CHENNAI,,21-09-2025 00:00,15.5,65.78,0.31,12.22,0.63,27.7
CHENNAI,,22-09-2025 00:00,19.34,65.91,1.695,12.345,0.55,27.85
CHENNAI,,23-09-2025 00:00,23.18,65.84,3.08,12.47,0.47,27.74
CHENNAI,,24-09-2025 00:00,15.05,65.89,3.66,12.65,0.59,27.95
CHENNAI,,25-09-2025 00:00,20.67,72.66,3.53,12.28,0.49,27.94
CHENNAI,,26-09-2025 00:00,17.79,54.22,6.01,12.07,0.7,28.37
CHENNAI,,27-09-2025 00:00,11.56,41.29,3.66,12.78,0.71,27.84
CHENNAI,,28-09-2025 00:00,11.33,46.07666666666667,5.52,11.67,1.23,28.45
CHENNAI,,29-09-2025 00:00,12.53,50.86333333333333,5.79,11.84,0.63,28.48
CHENNAI,,30-09-2025 00:00,13.77,55.65,6.24,13.09,0.72,28.57
CHENNAI,,01-10-2025 00:00,21.62,62.37,3.27,14.25,0.76,28.22
CHENNAI,,14-10-2025 00:00,27.45,60.38,4.91,10.8,0.52,28.33
CHENNAI,,15-10-2025 00:00,27.8475,41.61,1.74,11.61,0.67,18.36
CHENNAI,,16-10-2025 00:00,28.244999999999997,36.65,2.73,28.5,0.42,10.78
CHENNAI,,17-10-2025 00:00,28.6425,22.7,2.02,21.82,0.38,10.79
CHENNAI,,18-10-2025 00:00,29.04,46.79,1.31,15.14,0.34,10.74
CHENNAI,,19-10-2025 00:00,29.73,71.43,4.13,8.66,0.27,10.82
CHENNAI,,20-10-2025 00:00,45.45,79.92,13.19,11.5,0.4,10.36
CHENNAI,,21-10-2025 00:00,137.87,130.16,17.01,22.25,1.11,15.8
CHENNAI,,22-10-2025 00:00,46.18,93.05,11.22,15.83,0.65,9.82
CHENNAI,,23-10-2025 00:00,9.46,40.54,9.82,10.75,0.45,9.67
CHENNAI,,24-10-2025 00:00,10.82,52.16,11.56,13.59,0.56,9.85
CHENNAI,,25-10-2025 00:00,14.23,52.39,11.15,11.43,0.48,9.71
CHENNAI,,26-10-2025 00:00,18.23,65.59,11.15,11.68,0.49,9.79
CHENNAI,,27-10-2025 00:00,13.41,62.88,8.8,11.28,0.58,9.73
CHENNAI,,28-10-2025 00:00,10.77,35.39,8.1,9.54,0.43,9.67
CHENNAI,,29-10-2025 00:00,13.55,38.47,12.06,11.3,0.51,9.68
CHENNAI,,30-10-2025 00:00,13.56,116.25,16.12,10.77,0.56,9.86
CHENNAI,,31-10-2025 00:00,12.13,65.25,8.78,12.41,0.45,9.94
CHENNAI,,01-11-2025 00:00,50.33,92.49,9.22,12.95,0.49,10.1
CHENNAI,,14-11-2025 00:00,68.44,117.23,13.46,15.38,0.47,10.18
CHENNAI,,15-11-2025 00:00,65.2,119.47,10.18,10.44,0.46,10.02
CHENNAI,,16-11-2025 00:00,41.97,121.71,8.2,8.95,0.36,10.05
CHENNAI,,17-11-2025 00:00,39.71,106.47,8.745,9.7625,0.48,10.09
CHENNAI,,18-11-2025 00:00,37.45,95.39,9.29,10.575,0.51,9.95
CHENNAI,,19-11-2025 00:00,35.19,62.71,9.835,11.3875,0.55,9.8
CHENNAI,,20-11-2025 00:00,32.93,78.37,10.38,12.2,0.56,10.01
CHENNAI,,21-11-2025 00:00,30.2,82.3,17.63,10.16,0.54,10.35
CHENNAI,,22-11-2025 00:00,17.95,45.21,11.96,11.56,0.51,10.08
CHENNAI,,23-11-2025 00:00,8.55,41.2,8.05,12.26,0.51,10.26
CHENNAI,,24-11-2025 00:00,9.18,36.41,6.05,11.58,0.35,10.0
CHENNAI,,25-11-2025 00:00,22.11,65.36,8.965,11.365,0.43,10.67
CHENNAI,,26-11-2025 00:00,35.04,87.12,11.88,11.15,0.39,11.44
CHENNAI,,27-11-2025 00:00,32.05,98.09,8.93,10.07,0.42,11.24
CHENNAI,,28-11-2025 00:00,30.97,96.31,8.83,10.76,0.59,12.3
CHENNAI,,29-11-2025 00:00,33.89,103.58,11.07,12.51,1.07,11.48
CHENNAI,,30-11-2025 00:00,16.0,69.76,9.19,9.96,0.44,10.98
CHENNAI,,01-12-2025 00:00,5.63,33.81,7.38,11.12,0.68,10.33
CHENNAI,,14-12-2025 00:00,48.15,146.51,12.88,12.42,0.63,11.02
CHENNAI,,15-12-2025 00:00,39.94,102.99,13.24,11.54,0.37,10.72
CHENNAI,,16-12-2025 00:00,45.73,137.39,9.47,22.35,0.69,11.35
CHENNAI,,17-12-2025 00:00,24.79,105.77,8.55,45.72,0.55,10.91
CHENNAI,,18-12-2025 00:00,13.26,69.98,8.5,73.0,0.72,10.66
CHENNAI,,19-12-2025 00:00,37.0,126.7,9.01,49.81,0.53,10.87
CHENNAI,,20-12-2025 00:00,42.24,155.32,15.4,20.04,0.45,10.66
CHENNAI,,21-12-2025 00:00,68.05,160.76,14.96,45.04,0.59,11.07
CHENNAI,,22-12-2025 00:00,65.85,141.11,12.97,36.17,0.6,10.59
CHENNAI,,23-12-2025 00:00,32.43,110.07,11.07,11.63,0.5,10.65
CHENNAI,,24-12-2025 00:00,53.12,135.61,10.5,14.65,0.58,10.76
CHENNAI,,25-12-2025 00:00,45.84,158.99,10.51,13.08,0.6,10.83
CHENNAI,,26-12-2025 00:00,50.28,134.3,7.76,11.83,0.47,10.62
CHENNAI,,27-12-2025 00:00,39.24,112.38,8.53,10.5,0.74,10.81
CHENNAI,,28-12-2025 00:00,50.53,132.42,9.92,19.05,0.42,10.72
CHENNAI,,29-12-2025 00:00,54.2,149.83,10.71,12.61,0.61,10.74
CHENNAI,,30-12-2025 00:00,68.57,171.97,9.66,11.33,0.7,10.9
CHENNAI,,31-12-2025 00:00,76.29,194.68,8.55,12.11,0.45,11.11
CHENNAI,,01-01-2026 00:00,60.99,150.77,8.25,9.93,0.54,10.99
CHENNAI,,14-01-2026 00:00,60.59,75.02,8.14,7.75,0.78,11.76
CHENNAI,,15-01-2026 00:00,90.19,235.06,8.4,7.07,0.61,12.23
CHENNAI,,16-01-2026 00:00,93.18,110.61,8.38,10.84,0.59,10.74
CHENNAI,,17-01-2026 00:00,70.08,98.34,8.55,10.76,0.5,10.82
CHENNAI,,18-01-2026 00:00,88.97,105.18,8.59,11.57,0.53,10.63
CHENNAI,,19-01-2026 00:00,78.84,88.22,8.42,11.06,0.63,10.71
CHENNAI,,20-01-2026 00:00,104.65,119.06,8.35,10.01,0.47,10.93
CHENNAI,,21-01-2026 00:00,90.4,117.22,8.16,11.16,0.46,10.97
CHENNAI,,22-01-2026 00:00,75.42,95.28,8.5,11.58,0.5,10.57
CHENNAI,,23-01-2026 00:00,65.74,86.31,8.24,11.56,0.67,11.13
CHENNAI,,24-01-2026 00:00,50.85,100.64,8.33,8.86,0.55,10.8
CHENNAI,,25-01-2026 00:00,47.91,73.55,8.36,7.86,0.61,10.42
CHENNAI,,26-01-2026 00:00,43.76,51.64,8.23,11.45,0.61,10.28
CHENNAI,,27-01-2026 00:00,57.025000000000006,36.21,8.22,11.33,0.59,10.21
CHENNAI,,28-01-2026 00:00,70.29,80.31,8.21,11.21,0.52,12.04
CHENNAI,,29-01-2026 00:00,97.75,111.83,8.32,12.7,0.48,10.73
CHENNAI,,30-01-2026 00:00,107.52,124.58,8.53,10.25,0.47,11.12
CHENNAI,,31-01-2026 00:00,95.12,113.24,8.25,11.68,0.46,10.59
CHENNAI,,01-02-2026 00:00,49.89,73.43,8.49,10.59,0.39,10.32
CHENNAI,,14-02-2026 00:00,40.59,77.16,8.12,15.06,0.71,9.54
CHENNAI,,15-02-2026 00:00,37.84,87.48,8.34,10.64,0.79,9.54
CHENNAI,,16-02-2026 00:00,28.71,126.1,8.14,12.75,0.61,9.54
CHENNAI,,17-02-2026 00:00,37.8,113.78,8.13,11.22,0.75,9.54
CHENNAI,,17-02-2026 00:00,37.8,113.78,10.73,11.22,0.47,9.54
CHENNAI_ALANDUR__BUS_DEPOT,2025-01-01,02-01-2025 00:00,27.38,57.93,14.58,12.71,0.56,15.54
CHENNAI_ALANDUR__BUS_DEPOT,2025-01-02,02-02-2025 00:00,22.7,48.02,14.58,12.32,0.37,10.01
CHENNAI_ALANDUR__BUS_DEPOT,2025-01-03,02-03-2025 00:00,11.62,24.58,13.22,12.69,0.46,28.77
CHENNAI_ALANDUR__BUS_DEPOT,2025-01-04,02-04-2025 00:00,10.1,21.38,13.59,12.24,0.74,42.25
CHENNAI_ALANDUR__BUS_DEPOT,2025-01-05,02-05-2025 00:00,8.57,18.14,19.84,12.29,2.66,5.29
CHENNAI_ALANDUR__BUS_DEPOT,2025-01-06,02-06-2025 00:00,26.04,39.07,13.36,12.3,0.88,142.49
CHENNAI_ALANDUR__BUS_DEPOT,2025-01-07,02-07-2025 00:00,35.51,86.2,20.06,12.36,0.66,24.72
CHENNAI_ALANDUR__BUS_DEPOT,2025-01-08,02-08-2025 00:00,27.096666666666664,74.06,20.03333333333333,12.343333333333334,0.8866666666666667,18.203333333333333
CHENNAI_ALANDUR__BUS_DEPOT,2025-01-09,02-09-2025 00:00,18.683333333333334,61.92,20.006666666666668,12.326666666666666,1.1133333333333333,11.686666666666667
CHENNAI_ALANDUR__BUS_DEPOT,2025-01-10,02-10-2025 00:00,10.27,49.78,19.98,12.31,1.34,5.17
CHENNAI_ALANDUR__BUS_DEPOT,2025-01-11,02-11-2025 00:00,26.76,56.54,18.9,12.39,0.41,2.54
CHENNAI_ALANDUR__BUS_DEPOT,2025-01-12,02-12-2025 00:00,43.25,63.3,16.47,12.35,0.3,4.79
CHENNAI_ALANDUR__BUS_DEPOT,2025-02-01,03-01-2025 00:00,24.04,50.86,15.739999999999998,12.23,0.43,11.87
CHENNAI_ALANDUR__BUS_DEPOT,2025-02-02,03-02-2025 00:00,25.8,54.6,15.01,12.26,0.35,22.8
CHENNAI_ALANDUR__BUS_DEPOT,2025-02-03,03-03-2025 00:00,24.55,51.94,12.82,12.22,0.5,15.01
CHENNAI_ALANDUR__BUS_DEPOT,2025-02-04,03-04-2025 00:00,9.3,19.69,14.52,12.33,0.79,57.93
CHENNAI_ALANDUR__BUS_DEPOT,2025-02-05,03-05-2025 00:00,7.4,15.66,13.28,12.26,0.92,14.22
CHENNAI_ALANDUR__BUS_DEPOT,2025-02-06,03-06-2025 00:00,25.64,38.48,13.29,12.32,0.83,84.02
CHENNAI_ALANDUR__BUS_DEPOT,2025-02-07,03-07-2025 00:00,21.77,66.83,23.14,12.19,1.01,34.08
CHENNAI_ALANDUR__BUS_DEPOT,2025-02-08,03-08-2025 00:00,25.509999999999998,70.245,19.445,12.215,1.045,22.84
CHENNAI_ALANDUR__BUS_DEPOT,2025-02-09,03-09-2025 00:00,29.25,73.66,15.75,12.24,1.08,11.6
CHENNAI_ALANDUR__BUS_DEPOT,2025-02-10,03-10-2025 00:00,10.27,49.77,20.02,12.17,1.73,5.09
CHENNAI_ALANDUR__BUS_DEPOT,2025-02-11,03-11-2025 00:00,27.435,57.575,20.04,12.21,0.43,2.57
CHENNAI_ALANDUR__BUS_DEPOT,2025-02-12,03-12-2025 00:00,44.6,65.38,16.41,12.38,0.21,4.54
CHENNAI_ALANDUR__BUS_DEPOT,2025-03-01,04-01-2025 00:00,25.56,54.07,16.42,12.99,0.61,15.92
CHENNAI_ALANDUR__BUS_DEPOT,2025-03-02,04-02-2025 00:00,29.68,62.67,15.26,12.21,0.69,24.47
CHENNAI_ALANDUR__BUS_DEPOT,2025-03-03,04-03-2025 00:00,48.86,103.44,13.02,12.21,0.58,14.47
CHENNAI_ALANDUR__BUS_DEPOT,2025-03-04,04-04-2025 00:00,8.85,18.65,14.29,12.27,0.56,20.67
CHENNAI_ALANDUR__BUS_DEPOT,2025-03-05,04-05-2025 00:00,24.48,42.21,15.46,12.27,0.79,20.66
CHENNAI_ALANDUR__BUS_DEPOT,2025-03-06,04-06-2025 00:00,25.46,38.18,13.24,12.25,1.64,65.33
CHENNAI_ALANDUR__BUS_DEPOT,2025-03-07,04-07-2025 00:00,10.31,50.07,17.82,12.25,0.86,78.62
CHENNAI_ALANDUR__BUS_DEPOT,2025-03-08,04-08-2025 00:00,10.29,49.96,13.17,12.28,1.9,34.07
CHENNAI_ALANDUR__BUS_DEPOT,2025-03-09,04-09-2025 00:00,22.46,54.52,15.19,12.19,1.36,10.12
CHENNAI_ALANDUR__BUS_DEPOT,2025-03-10,04-10-2025 00:00,27.6,69.14,14.71,12.23,2.06,12.83
CHENNAI_ALANDUR__BUS_DEPOT,2025-03-11,04-11-2025 00:00,26.35666666666667,62.93,21.98,12.4,0.43,2.64
CHENNAI_ALANDUR__BUS_DEPOT,2025-03-12,04-12-2025 00:00,25.113333333333333,56.72,18.665,12.52,0.59,8.98
CHENNAI_ALANDUR__BUS_DEPOT,2025-04-01,05-01-2025 00:00,23.87,50.51,15.35,12.64,0.75,15.32
CHENNAI_ALANDUR__BUS_DEPOT,2025-04-02,05-02-2025 00:00,36.31,76.81,15.56,12.23,0.85,27.85
CHENNAI_ALANDUR__BUS_DEPOT,2025-04-03,05-03-2025 00:00,35.26,74.6,13.12,12.24,0.46,10.48
CHENNAI_ALANDUR__BUS_DEPOT,2025-04-04,05-04-2025 00:00,8.0,16.94,13.454999999999998,12.26,0.69,64.25
CHENNAI_ALANDUR__BUS_DEPOT,2025-04-05,05-05-2025 00:00,25.5,38.25,13.79,12.25,0.79,16.05
CHENNAI_ALANDUR__BUS_DEPOT,2025-04-06,05-06-2025 00:00,16.2,49.73,12.72,12.29,0.97,42.59
CHENNAI_ALANDUR__BUS_DEPOT,2025-04-07,05-07-2025 00:00,10.31,50.08,23.01,12.26,1.18,22.06
CHENNAI_ALANDUR__BUS_DEPOT,2025-04-08,05-08-2025 00:00,10.3,49.98,13.79,12.29,1.34,31.5
CHENNAI_ALANDUR__BUS_DEPOT,2025-04-09,05-09-2025 00:00,13.805,46.004999999999995,15.84,12.36,1.2,5.96
CHENNAI_ALANDUR__BUS_DEPOT,2025-04-10,05-10-2025 00:00,17.31,42.03,13.35,12.3,0.71,23.29
CHENNAI_ALANDUR__BUS_DEPOT,2025-04-11,05-11-2025 00:00,20.056666666666665,46.04333333333334,20.94,12.29,0.49,5.22
CHENNAI_ALANDUR__BUS_DEPOT,2025-04-12,05-12-2025 00:00,22.803333333333335,50.056666666666665,18.21,12.565,0.485,12.155000000000001
CHENNAI_ALANDUR__BUS_DEPOT,2025-05-01,06-01-2025 00:00,25.55,54.07,15.48,12.84,0.48,19.09
CHENNAI_ALANDUR__BUS_DEPOT,2025-05-02,06-02-2025 00:00,43.54,92.11,16.4,12.22,1.01,21.84
CHENNAI_ALANDUR__BUS_DEPOT,2025-05-03,06-03-2025 00:00,27.39,57.94,13.09,12.26,0.4,33.44
CHENNAI_ALANDUR__BUS_DEPOT,2025-05-04,06-04-2025 00:00,8.05,17.03,13.379999999999999,12.25,0.28,42.37
CHENNAI_ALANDUR__BUS_DEPOT,2025-05-05,06-05-2025 00:00,28.17,42.25,13.67,12.24,1.08,26.03
CHENNAI_ALANDUR__BUS_DEPOT,2025-05-06,06-06-2025 00:00,16.22,49.8,12.72,12.34,0.61,65.13
CHENNAI_ALANDUR__BUS_DEPOT,2025-05-07,06-07-2025 00:00,10.34,50.31,21.46,12.29,1.38,13.32
CHENNAI_ALANDUR__BUS_DEPOT,2025-05-08,06-08-2025 00:00,10.32,50.17,14.67,12.18,0.68,63.03
CHENNAI_ALANDUR__BUS_DEPOT,2025-05-09,06-09-2025 00:00,16.68,53.045,13.81,12.23,1.94,6.34
CHENNAI_ALANDUR__BUS_DEPOT,2025-05-10,06-10-2025 00:00,23.04,55.92,14.5,12.19,1.15,15.05
CHENNAI_ALANDUR__BUS_DEPOT,2025-05-11,06-11-2025 00:00,23.736666666666665,55.00333333333334,22.22,12.33,0.66,4.18
CHENNAI_ALANDUR__BUS_DEPOT,2025-05-12,06-12-2025 00:00,24.433333333333334,54.086666666666666,18.785,13.065000000000001,0.65,12.89
CHENNAI_ALANDUR__BUS_DEPOT,2025-06-01,07-01-2025 00:00,25.13,53.17,15.35,13.8,0.64,21.6
CHENNAI_ALANDUR__BUS_DEPOT,2025-06-02,07-02-2025 00:00,42.01,88.31,16.11,12.36,0.56,17.51
CHENNAI_ALANDUR__BUS_DEPOT,2025-06-03,07-03-2025 00:00,37.73,79.48,13.7,12.23,0.48,72.38
CHENNAI_ALANDUR__BUS_DEPOT,2025-06-04,07-04-2025 00:00,8.13,17.21,17.445,12.23,0.53,55.28
CHENNAI_ALANDUR__BUS_DEPOT,2025-06-05,07-05-2025 00:00,25.14,37.7,21.19,12.24,0.85,17.84
CHENNAI_ALANDUR__BUS_DEPOT,2025-06-06,07-06-2025 00:00,36.05,61.32,13.63,12.15,1.07,26.91
CHENNAI_ALANDUR__BUS_DEPOT,2025-06-07,07-07-2025 00:00,10.31,50.04,19.37,12.26,0.79,15.93
CHENNAI_ALANDUR__BUS_DEPOT,2025-06-08,07-08-2025 00:00,10.31,50.07,13.93,12.26,1.03,50.56
CHENNAI_ALANDUR__BUS_DEPOT,2025-06-09,07-09-2025 00:00,18.19,56.665,14.34,12.29,1.31,10.81
CHENNAI_ALANDUR__BUS_DEPOT,2025-06-10,07-10-2025 00:00,26.07,63.26,14.48,12.35,0.63,12.96
CHENNAI_ALANDUR__BUS_DEPOT,2025-06-11,07-11-2025 00:00,28.43,65.55,24.73,12.29,0.62,5.4
CHENNAI_ALANDUR__BUS_DEPOT,2025-06-12,07-12-2025 00:00,30.79,67.84,22.595,12.225,0.875,10.975000000000001
CHENNAI_ALANDUR__BUS_DEPOT,2025-07-01,08-01-2025 00:00,33.15,70.13,20.46,12.16,1.13,16.55
CHENNAI_ALANDUR__BUS_DEPOT,2025-07-02,08-02-2025 00:00,47.82,101.19,17.545,12.38,0.81,14.01
CHENNAI_ALANDUR__BUS_DEPOT,2025-07-03,08-03-2025 00:00,53.2,112.56,14.63,12.35,0.69,73.36
CHENNAI_ALANDUR__BUS_DEPOT,2025-07-04,08-04-2025 00:00,8.18,17.31,15.645,12.28,0.38,94.11
CHENNAI_ALANDUR__BUS_DEPOT,2025-07-05,08-05-2025 00:00,34.93,52.36,16.66,12.25,0.92,15.45
CHENNAI_ALANDUR__BUS_DEPOT,2025-07-06,08-06-2025 00:00,24.38,37.52,20.02,12.3,0.61,8.2
CHENNAI_ALANDUR__BUS_DEPOT,2025-07-07,08-07-2025 00:00,10.25,49.64,22.15,12.3,0.75,18.92
CHENNAI_ALANDUR__BUS_DEPOT,2025-07-08,08-08-2025 00:00,10.34,50.32,15.02,12.26,1.85,7.4
CHENNAI_ALANDUR__BUS_DEPOT,2025-07-09,08-09-2025 00:00,20.285,61.845,16.19,12.35,0.99,12.04
CHENNAI_ALANDUR__BUS_DEPOT,2025-07-10,08-10-2025 00:00,30.23,73.37,12.83,12.26,2.44,30.56
CHENNAI_ALANDUR__BUS_DEPOT,2025-07-11,08-11-2025 00:00,36.85333333333333,84.25,23.64,12.28,1.31,8.63
CHENNAI_ALANDUR__BUS_DEPOT,2025-07-12,08-12-2025 00:00,43.47666666666667,95.13000000000001,28.67,11.08,1.1,13.240000000000002
CHENNAI_ALANDUR__BUS_DEPOT,2025-08-01,09-01-2025 00:00,50.1,106.01,33.7,9.88,0.89,17.85
CHENNAI_ALANDUR__BUS_DEPOT,2025-08-02,09-02-2025 00:00,48.48,103.5,22.17,12.22,1.14,14.87
CHENNAI_ALANDUR__BUS_DEPOT,2025-08-03,09-03-2025 00:00,36.2,76.57,10.64,12.35,0.82,22.18
CHENNAI_ALANDUR__BUS_DEPOT,2025-08-04,09-04-2025 00:00,8.55,18.09,13.91,12.27,0.42,43.41
CHENNAI_ALANDUR__BUS_DEPOT,2025-08-05,09-05-2025 00:00,29.69,44.54,15.17,12.22,0.83,21.65
CHENNAI_ALANDUR__BUS_DEPOT,2025-08-06,09-06-2025 00:00,24.44,37.6,20.0,12.33,0.36,8.96
CHENNAI_ALANDUR__BUS_DEPOT,2025-08-07,09-07-2025 00:00,10.28,49.84,19.23,12.33,0.95,31.93
CHENNAI_ALANDUR__BUS_DEPOT,2025-08-08,09-08-2025 00:00,10.33,50.24,15.52,12.34,1.88,5.83
CHENNAI_ALANDUR__BUS_DEPOT,2025-08-09,09-09-2025 00:00,10.29,49.89,17.04,12.2,3.16,16.77
CHENNAI_ALANDUR__BUS_DEPOT,2025-08-10,09-10-2025 00:00,30.38,73.83,10.9,12.28,1.82,15.98
CHENNAI_ALANDUR__BUS_DEPOT,2025-08-11,09-11-2025 00:00,37.07,84.74333333333333,23.48,12.34,0.87,7.83
CHENNAI_ALANDUR__BUS_DEPOT,2025-08-12,09-12-2025 00:00,43.760000000000005,95.65666666666667,16.7,12.285,0.8300000000000001,14.41
CHENNAI_ALANDUR__BUS_DEPOT,2025-09-01,10-01-2025 00:00,50.45,106.57,9.92,12.23,0.79,20.99
CHENNAI_ALANDUR__BUS_DEPOT,2025-09-02,10-02-2025 00:00,46.88,99.18,10.65,12.25,0.88,16.57
CHENNAI_ALANDUR__BUS_DEPOT,2025-09-03,10-03-2025 00:00,30.2,63.88,11.38,12.34,0.98,12.71
CHENNAI_ALANDUR__BUS_DEPOT,2025-09-04,10-04-2025 00:00,8.34,17.65,14.4,12.3,0.35,3.91
CHENNAI_ALANDUR__BUS_DEPOT,2025-09-05,10-05-2025 00:00,32.77,49.25,18.1,12.26,0.92,25.65
CHENNAI_ALANDUR__BUS_DEPOT,2025-09-06,10-06-2025 00:00,17.74,27.29,16.31,12.26,0.83,3.23
CHENNAI_ALANDUR__BUS_DEPOT,2025-09-07,10-07-2025 00:00,10.26,49.71,16.63,12.25,1.33,48.28
CHENNAI_ALANDUR__BUS_DEPOT,2025-09-08,10-08-2025 00:00,22.28,67.04,15.43,12.23,2.26,6.74
CHENNAI_ALANDUR__BUS_DEPOT,2025-09-09,10-09-2025 00:00,10.31,50.1,14.69,12.23,2.83,24.45
CHENNAI_ALANDUR__BUS_DEPOT,2025-09-10,10-10-2025 00:00,31.91,77.46,11.73,12.3,1.58,16.74
CHENNAI_ALANDUR__BUS_DEPOT,2025-09-11,10-11-2025 00:00,39.17,89.50666666666666,22.43,12.33,0.74,7.03
CHENNAI_ALANDUR__BUS_DEPOT,2025-09-12,10-12-2025 00:00,46.43,101.55333333333333,23.41,12.315000000000001,0.675,15.015
CHENNAI_ALANDUR__BUS_DEPOT,2025-10-01,11-01-2025 00:00,53.69,113.6,24.39,12.3,0.61,23.0
CHENNAI_ALANDUR__BUS_DEPOT,2025-10-02,11-02-2025 00:00,46.06,97.44,17.945,12.24,0.46,27.83
CHENNAI_ALANDUR__BUS_DEPOT,2025-10-03,11-03-2025 00:00,27.07,57.28,11.5,12.31,0.73,32.07
CHENNAI_ALANDUR__BUS_DEPOT,2025-10-04,11-04-2025 00:00,8.55,18.08,14.4,12.33,0.42,6.34
CHENNAI_ALANDUR__BUS_DEPOT,2025-10-05,11-05-2025 00:00,43.24,65.18,20.0,12.3,0.42,12.35
CHENNAI_ALANDUR__BUS_DEPOT,2025-10-06,11-06-2025 00:00,23.24,37.37,16.47,12.22,0.64,15.24
CHENNAI_ALANDUR__BUS_DEPOT,2025-10-07,11-07-2025 00:00,10.25,49.65,17.24,12.27,1.1,54.7
CHENNAI_ALANDUR__BUS_DEPOT,2025-10-08,11-08-2025 00:00,21.26,51.6,14.06,12.27,0.7,8.7
CHENNAI_ALANDUR__BUS_DEPOT,2025-10-09,11-09-2025 00:00,12.7,51.61,13.79,12.31,1.83,8.08
CHENNAI_ALANDUR__BUS_DEPOT,2025-10-10,11-10-2025 00:00,26.73,64.88,14.96,12.3,1.5,25.68
CHENNAI_ALANDUR__BUS_DEPOT,2025-10-11,11-11-2025 00:00,127.67,187.06,50.46,12.24,0.57,9.3
CHENNAI_ALANDUR__BUS_DEPOT,2025-10-12,11-12-2025 00:00,79.61500000000001,126.92,37.89,12.24,0.44999999999999996,19.1
CHENNAI_ALANDUR__BUS_DEPOT,2025-11-01,12-01-2025 00:00,31.56,66.78,25.32,12.24,0.33,28.9
CHENNAI_ALANDUR__BUS_DEPOT,2025-11-02,12-02-2025 00:00,42.86,90.67,14.02,12.34,0.62,24.59
CHENNAI_ALANDUR__BUS_DEPOT,2025-11-03,12-03-2025 00:00,93.72,113.51,11.51,12.29,0.38,13.58
CHENNAI_ALANDUR__BUS_DEPOT,2025-11-04,12-04-2025 00:00,10.09,21.33,15.3,12.31,0.36,14.35
CHENNAI_ALANDUR__BUS_DEPOT,2025-11-05,12-05-2025 00:00,26.61,39.91,20.02,12.27,0.84,20.62
CHENNAI_ALANDUR__BUS_DEPOT,2025-11-06,12-06-2025 00:00,32.02,62.14,22.69,12.27,0.41,29.21
CHENNAI_ALANDUR__BUS_DEPOT,2025-11-07,12-07-2025 00:00,10.3,50.03,16.54,12.34,1.31,29.42
CHENNAI_ALANDUR__BUS_DEPOT,2025-11-08,12-08-2025 00:00,17.13,41.37,13.31,12.29,1.29,4.56
CHENNAI_ALANDUR__BUS_DEPOT,2025-11-09,12-09-2025 00:00,10.31,50.05,38.0,12.26,0.66,7.95
CHENNAI_ALANDUR__BUS_DEPOT,2025-11-10,12-10-2025 00:00,66.565,115.05499999999999,13.4,12.29,0.83,10.83
CHENNAI_ALANDUR__BUS_DEPOT,2025-11-11,12-11-2025 00:00,122.82,180.06,56.01,12.29,0.47,12.1
CHENNAI_ALANDUR__BUS_DEPOT,2025-11-12,12-12-2025 00:00,80.60499999999999,130.55,37.61,12.28,0.5349999999999999,14.14
CHENNAI_ALANDUR__BUS_DEPOT,2025-12-01,13-01-2025 00:00,38.39,81.04,19.21,12.27,0.6,16.18
CHENNAI_ALANDUR__BUS_DEPOT,2025-12-02,13-02-2025 00:00,42.6,90.16,15.47,12.23,1.12,27.64
CHENNAI_ALANDUR__BUS_DEPOT,2025-12-03,13-03-2025 00:00,17.01,36.0,11.26,12.3,0.46,22.62
CHENNAI_ALANDUR__BUS_DEPOT,2025-12-04,13-04-2025 00:00,9.59,20.29,18.32,12.3,0.51,21.52
CHENNAI_ALANDUR__BUS_DEPOT,2025-12-05,13-05-2025 00:00,26.82,40.25,19.98,12.25,0.89,27.02
CHENNAI_ALANDUR__BUS_DEPOT,2025-12-06,13-06-2025 00:00,31.28,75.92,24.69,12.38,0.52,11.58
CHENNAI_ALANDUR__BUS_DEPOT,2025-12-07,13-07-2025 00:00,10.33,50.22,18.34,12.23,1.41,28.41
CHENNAI_ALANDUR__BUS_DEPOT,2025-12-08,13-08-2025 00:00,26.51,64.34,13.09,12.26,1.12,4.78
CHENNAI_ALANDUR__BUS_DEPOT,2025-12-09,13-09-2025 00:00,10.32,50.12,23.94,12.28,1.43,7.6
CHENNAI_ALANDUR__BUS_DEPOT,2025-12-10,13-10-2025 00:00,58.37500000000001,103.08500000000001,14.49,12.33,1.58,5.66
CHENNAI_ALANDUR__BUS_DEPOT,2025-12-11,13-11-2025 00:00,106.43,156.05,26.11,12.27,0.44,10.8
CHENNAI_ALANDUR__BUS_DEPOT,2025-12-12,13-12-2025 00:00,103.63384615384616,152.79307692307694,25.826153846153847,12.268461538461539,0.4430769230769231,10.88
CHENNAI_ALANDUR__BUS_DEPOT,2026-01-01,02-01-2026 00:00,100.83769230769231,149.53615384615387,25.54230769230769,12.266923076923076,0.4461538461538462,10.96
CHENNAI_ALANDUR__BUS_DEPOT,2026-01-02,02-02-2026 00:00,98.04153846153847,146.27923076923076,25.25846153846154,12.265384615384615,0.4492307692307692,11.040000000000001
CHENNAI_ALANDUR__BUS_DEPOT,2026-02-01,03-01-2026 00:00,95.24538461538462,143.0223076923077,24.974615384615383,12.263846153846153,0.4523076923076923,11.120000000000001
CHENNAI_ALANDUR__BUS_DEPOT,2026-02-02,03-02-2026 00:00,92.44923076923078,139.76538461538462,24.69076923076923,12.262307692307692,0.4553846153846154,11.200000000000001
CHENNAI_ALANDUR__BUS_DEPOT,2026-03-01,04-01-2026 00:00,89.65307692307692,136.50846153846155,24.40692307692308,12.260769230769231,0.4584615384615385,11.280000000000001
CHENNAI_ALANDUR__BUS_DEPOT,2026-03-02,04-02-2026 00:00,86.85692307692308,133.25153846153847,24.123076923076923,12.259230769230768,0.46153846153846156,11.360000000000001
CHENNAI_ALANDUR__BUS_DEPOT,2026-04-01,05-01-2026 00:00,84.06076923076924,129.9946153846154,23.83923076923077,12.257692307692308,0.4646153846153846,11.440000000000001
CHENNAI_ALANDUR__BUS_DEPOT,2026-04-02,05-02-2026 00:00,81.26461538461538,126.73769230769231,23.555384615384614,12.256153846153847,0.4676923076923077,11.520000000000001
CHENNAI_ALANDUR__BUS_DEPOT,2026-05-01,06-01-2026 00:00,78.46846153846154,123.48076923076924,23.271538461538462,12.254615384615384,0.4707692307692308,11.600000000000001
CHENNAI_ALANDUR__BUS_DEPOT,2026-05-02,06-02-2026 00:00,75.6723076923077,120.22384615384615,22.987692307692306,12.253076923076923,0.47384615384615386,11.680000000000001
CHENNAI_ALANDUR__BUS_DEPOT,2026-06-01,07-01-2026 00:00,72.87615384615384,116.96692307692308,22.703846153846154,12.25153846153846,0.47692307692307695,11.760000000000002
CHENNAI_ALANDUR__BUS_DEPOT,2026-06-02,07-02-2026 00:00,70.08,113.71000000000001,22.42,12.25,0.48,11.84
CHENNAI_ALANDUR__BUS_DEPOT,2026-07-01,08-01-2026 00:00,67.28384615384616,110.45307692307694,22.136153846153846,12.24846153846154,0.48307692307692307,11.920000000000002
CHENNAI_ALANDUR__BUS_DEPOT,2026-07-02,08-02-2026 00:00,64.4876923076923,107.19615384615386,21.852307692307694,12.246923076923077,0.48615384615384616,12.0
CHENNAI_ALANDUR__BUS_DEPOT,2026-08-01,09-01-2026 00:00,61.69153846153846,103.93923076923078,21.568461538461538,12.245384615384616,0.48923076923076925,12.08
CHENNAI_ALANDUR__BUS_DEPOT,2026-08-02,09-02-2026 00:00,58.89538461538461,100.68230769230769,21.284615384615385,12.243846153846153,0.49230769230769234,12.16
CHENNAI_ALANDUR__BUS_DEPOT,2026-09-01,10-01-2026 00:00,56.099230769230765,97.42538461538462,21.00076923076923,12.242307692307692,0.4953846153846154,12.24
CHENNAI_ALANDUR__BUS_DEPOT,2026-09-02,10-02-2026 00:00,53.303076923076915,94.16846153846154,20.716923076923077,12.240769230769232,0.49846153846153846,12.32
CHENNAI_ALANDUR__BUS_DEPOT,2026-10-01,11-01-2026 00:00,50.50692307692307,90.91153846153847,20.433076923076925,12.239230769230769,0.5015384615384616,12.4
CHENNAI_ALANDUR__BUS_DEPOT,2026-10-02,11-02-2026 00:00,47.71076923076922,87.65461538461538,20.14923076923077,12.237692307692308,0.5046153846153847,12.48
CHENNAI_ALANDUR__BUS_DEPOT,2026-11-01,12-01-2026 00:00,44.914615384615374,84.39769230769231,19.865384615384617,12.236153846153847,0.5076923076923077,12.56
CHENNAI_ALANDUR__BUS_DEPOT,2026-11-02,12-02-2026 00:00,42.11846153846153,81.14076923076924,19.58153846153846,12.234615384615385,0.5107692307692308,12.64
CHENNAI_ALANDUR__BUS_DEPOT,2026-12-01,13-01-2026 00:00,39.322307692307675,77.88384615384615,19.29769230769231,12.233076923076924,0.5138461538461538,12.72
CHENNAI_ALANDUR__BUS_DEPOT,2026-12-02,13-02-2026 00:00,36.52615384615383,74.62692307692308,19.013846153846153,12.231538461538461,0.5169230769230769,12.8
CHENNAI_ALANDUR__BUS_DEPOT,,14-01-2025 00:00,33.73,71.37,18.73,12.23,0.52,12.88
CHENNAI_ALANDUR__BUS_DEPOT,,15-01-2025 00:00,23.02,48.77,17.43,12.25,2.52,16.24
CHENNAI_ALANDUR__BUS_DEPOT,,16-01-2025 00:00,21.74,45.99,15.97,12.36,1.64,22.64
CHENNAI_ALANDUR__BUS_DEPOT,,17-01-2025 00:00,37.98,80.36,15.94,12.29,0.65,36.52
CHENNAI_ALANDUR__BUS_DEPOT,,18-01-2025 00:00,51.1,108.13,16.51,12.19,0.48,35.02
CHENNAI_ALANDUR__BUS_DEPOT,,19-01-2025 00:00,44.16,93.43,16.41,12.36,0.69,40.39
CHENNAI_ALANDUR__BUS_DEPOT,,20-01-2025 00:00,32.47,68.68,15.77,12.26,0.69,20.97
CHENNAI_ALANDUR__BUS_DEPOT,,21-01-2025 00:00,46.23,97.82,16.3,12.31,0.4,23.62
CHENNAI_ALANDUR__BUS_DEPOT,,22-01-2025 00:00,49.36,104.07,17.34,12.28,0.45,40.64
CHENNAI_ALANDUR__BUS_DEPOT,,23-01-2025 00:00,48.68,103.0,17.41,12.35,0.43,22.38
CHENNAI_ALANDUR__BUS_DEPOT,,24-01-2025 00:00,42.19,89.26,16.86,12.24,0.45,14.1
CHENNAI_ALANDUR__BUS_DEPOT,,25-01-2025 00:00,34.4,72.79,16.47,12.28,0.59,12.44
CHENNAI_ALANDUR__BUS_DEPOT,,26-01-2025 00:00,40.43,84.86,17.09,12.29,1.06,15.39
CHENNAI_ALANDUR__BUS_DEPOT,,27-01-2025 00:00,32.98,69.77,11.436666666666667,12.33,0.73,20.66
CHENNAI_ALANDUR__BUS_DEPOT,,28-01-2025 00:00,37.28,78.87,5.783333333333333,12.36,0.73,28.11
CHENNAI_ALANDUR__BUS_DEPOT,,29-01-2025 00:00,48.08,101.74,0.13,12.28,0.67,27.14
CHENNAI_ALANDUR__BUS_DEPOT,,30-01-2025 00:00,52.33,110.72,15.25,12.27,0.36,23.06
CHENNAI_ALANDUR__BUS_DEPOT,,31-01-2025 00:00,43.28,91.46,15.05,12.29,0.72,14.23
CHENNAI_ALANDUR__BUS_DEPOT,,01-02-2025 00:00,30.62,64.79,15.0,12.27,0.35,11.08
CHENNAI_ALANDUR__BUS_DEPOT,,14-02-2025 00:00,33.68,71.25,15.0,12.25,0.96,17.96
CHENNAI_ALANDUR__BUS_DEPOT,,15-02-2025 00:00,33.09,70.0,15.38,12.39,1.15,14.89
CHENNAI_ALANDUR__BUS_DEPOT,,16-02-2025 00:00,31.44,66.52,15.47,12.25,1.14,15.5
CHENNAI_ALANDUR__BUS_DEPOT,,17-02-2025 00:00,35.56,75.24,14.03,12.27,1.07,20.89
CHENNAI_ALANDUR__BUS_DEPOT,,18-02-2025 00:00,40.03,84.7,14.63,12.22,0.89,18.19
CHENNAI_ALANDUR__BUS_DEPOT,,19-02-2025 00:00,42.72,90.61,15.12,12.25,0.92,13.73
CHENNAI_ALANDUR__BUS_DEPOT,,20-02-2025 00:00,39.38,83.31,15.53,12.32,0.82,12.58
CHENNAI_ALANDUR__BUS_DEPOT,,21-02-2025 00:00,27.95,59.14,15.04,12.26,0.88,36.2
CHENNAI_ALANDUR__BUS_DEPOT,,22-02-2025 00:00,20.23,42.79,14.6,12.32,1.1,22.51
CHENNAI_ALANDUR__BUS_DEPOT,,23-02-2025 00:00,18.05,38.2,14.91,12.26,0.67,14.13
CHENNAI_ALANDUR__BUS_DEPOT,,24-02-2025 00:00,26.83,56.76,14.69,12.25,0.94,24.84
CHENNAI_ALANDUR__BUS_DEPOT,,25-02-2025 00:00,10.39,21.99,14.59,12.26,0.87,25.38
CHENNAI_ALANDUR__BUS_DEPOT,,26-02-2025 00:00,7.15,15.13,15.76,12.21,0.61,31.7
CHENNAI_ALANDUR__BUS_DEPOT,,27-02-2025 00:00,23.63,49.99,15.11,12.38,2.4,29.46
CHENNAI_ALANDUR__BUS_DEPOT,,28-02-2025 00:00,32.6,68.98,14.57,12.23,1.69,31.16
CHENNAI_ALANDUR__BUS_DEPOT,,01-03-2025 00:00,34.35,72.68,13.66,12.36,0.42,25.76
CHENNAI_ALANDUR__BUS_DEPOT,,14-03-2025 00:00,34.39,72.77,12.69,12.29,0.38,70.01
CHENNAI_ALANDUR__BUS_DEPOT,,15-03-2025 00:00,49.18,104.03,14.68,12.27,0.59,37.99
CHENNAI_ALANDUR__BUS_DEPOT,,16-03-2025 00:00,9.88,20.91,13.34,12.31,0.89,12.32
CHENNAI_ALANDUR__BUS_DEPOT,,17-03-2025 00:00,9.66,20.46,13.87,12.29,0.69,9.55
CHENNAI_ALANDUR__BUS_DEPOT,,18-03-2025 00:00,121.81,150.92,13.97,12.25,0.81,15.92
CHENNAI_ALANDUR__BUS_DEPOT,,19-03-2025 00:00,111.78,39.37,13.87,12.32,0.69,69.57
CHENNAI_ALANDUR__BUS_DEPOT,,20-03-2025 00:00,11.81,24.99,13.06,12.28,0.54,24.06
CHENNAI_ALANDUR__BUS_DEPOT,,21-03-2025 00:00,6.83,14.46,14.0,12.41,0.63,6.12
CHENNAI_ALANDUR__BUS_DEPOT,,22-03-2025 00:00,8.15,17.27,14.08,12.25,0.74,51.25
CHENNAI_ALANDUR__BUS_DEPOT,,23-03-2025 00:00,11.69,24.73,13.91,12.19,0.63,49.27
CHENNAI_ALANDUR__BUS_DEPOT,,24-03-2025 00:00,9.64,20.37,13.59,12.32,0.57,62.45
CHENNAI_ALANDUR__BUS_DEPOT,,25-03-2025 00:00,11.3,23.91,13.5,12.19,0.55,77.47
CHENNAI_ALANDUR__BUS_DEPOT,,26-03-2025 00:00,10.85,22.96,13.83,12.27,0.62,43.25
CHENNAI_ALANDUR__BUS_DEPOT,,27-03-2025 00:00,10.51,22.22,13.88,12.25,0.61,50.44
CHENNAI_ALANDUR__BUS_DEPOT,,28-03-2025 00:00,10.81,22.88,13.73,12.12,0.65,117.06
CHENNAI_ALANDUR__BUS_DEPOT,,29-03-2025 00:00,8.17,17.29,12.73,12.29,0.52,20.03
CHENNAI_ALANDUR__BUS_DEPOT,,30-03-2025 00:00,9.27,19.62,13.59,12.23,0.39,46.31
CHENNAI_ALANDUR__BUS_DEPOT,,31-03-2025 00:00,9.51,20.12,14.26,12.24,0.56,34.64
CHENNAI_ALANDUR__BUS_DEPOT,,01-04-2025 00:00,9.85,20.83,13.98,12.24,0.4,50.15
CHENNAI_ALANDUR__BUS_DEPOT,,14-04-2025 00:00,9.94,21.04,14.285555555555556,12.27,0.49,18.17
CHENNAI_ALANDUR__BUS_DEPOT,,15-04-2025 00:00,9.831249999999999,20.807499999999997,14.591111111111111,12.19,0.78,12.87
CHENNAI_ALANDUR__BUS_DEPOT,,16-04-2025 00:00,9.7225,20.575,14.896666666666667,12.21,0.59,9.21
CHENNAI_ALANDUR__BUS_DEPOT,,17-04-2025 00:00,9.61375,20.3425,15.202222222222222,12.37,0.66,7.56
CHENNAI_ALANDUR__BUS_DEPOT,,18-04-2025 00:00,9.504999999999999,20.11,15.507777777777779,12.37,0.71,13.52
CHENNAI_ALANDUR__BUS_DEPOT,,19-04-2025 00:00,9.39625,19.877499999999998,15.813333333333334,12.27,0.43,8.01
CHENNAI_ALANDUR__BUS_DEPOT,,20-04-2025 00:00,9.2875,19.645,16.11888888888889,12.25,0.5,5.64
CHENNAI_ALANDUR__BUS_DEPOT,,21-04-2025 00:00,9.17875,19.4125,16.424444444444447,12.27,0.43,4.44
CHENNAI_ALANDUR__BUS_DEPOT,,22-04-2025 00:00,9.07,19.18,16.73,12.35,0.51,4.48
CHENNAI_ALANDUR__BUS_DEPOT,,23-04-2025 00:00,8.01,16.94,12.33,12.32,0.72,4.5
CHENNAI_ALANDUR__BUS_DEPOT,,24-04-2025 00:00,7.45,15.76,12.07,12.3,0.68,5.5
CHENNAI_ALANDUR__BUS_DEPOT,,25-04-2025 00:00,7.54,15.95,11.97,12.3,0.55,5.35
CHENNAI_ALANDUR__BUS_DEPOT,,26-04-2025 00:00,7.6,16.08,11.95,12.32,0.67,4.63
CHENNAI_ALANDUR__BUS_DEPOT,,27-04-2025 00:00,11.38,24.09,11.93,12.27,0.53,17.63
CHENNAI_ALANDUR__BUS_DEPOT,,28-04-2025 00:00,7.0,14.82,13.542,12.29,0.55,5.98
CHENNAI_ALANDUR__BUS_DEPOT,,29-04-2025 00:00,7.94,16.81,15.154,12.28,0.45,3.59
CHENNAI_ALANDUR__BUS_DEPOT,,30-04-2025 00:00,8.16,17.25,16.766,12.34,0.63,3.23
CHENNAI_ALANDUR__BUS_DEPOT,,01-05-2025 00:00,7.89,16.69,18.378,12.26,0.81,3.95
CHENNAI_ALANDUR__BUS_DEPOT,,14-05-2025 00:00,24.78,37.15,19.99,12.26,0.57,38.37
CHENNAI_ALANDUR__BUS_DEPOT,,15-05-2025 00:00,31.24,46.87,20.01,12.36,0.52,94.3
CHENNAI_ALANDUR__BUS_DEPOT,,16-05-2025 00:00,40.23,60.36,20.0,12.3,0.74,75.43
CHENNAI_ALANDUR__BUS_DEPOT,,17-05-2025 00:00,28.13,42.2,19.98,12.25,1.04,161.47
CHENNAI_ALANDUR__BUS_DEPOT,,18-05-2025 00:00,26.05,39.07,20.0,12.25,0.82,105.22
CHENNAI_ALANDUR__BUS_DEPOT,,19-05-2025 00:00,25.58,38.37,20.02,12.3,0.79,114.19
CHENNAI_ALANDUR__BUS_DEPOT,,20-05-2025 00:00,25.54,38.31,20.0,12.34,1.02,187.61
CHENNAI_ALANDUR__BUS_DEPOT,,21-05-2025 00:00,29.31,44.01,19.98,12.29,0.56,196.44
CHENNAI_ALANDUR__BUS_DEPOT,,22-05-2025 00:00,24.34,36.51,19.99,12.24,0.73,94.83
CHENNAI_ALANDUR__BUS_DEPOT,,23-05-2025 00:00,25.04,37.56,16.2,12.3,0.93,62.39
CHENNAI_ALANDUR__BUS_DEPOT,,24-05-2025 00:00,27.5,41.25,12.83,12.34,0.67,63.56
CHENNAI_ALANDUR__BUS_DEPOT,,25-05-2025 00:00,26.24,39.36,12.93,12.25,0.76,34.94
CHENNAI_ALANDUR__BUS_DEPOT,,26-05-2025 00:00,27.246666666666666,40.87,12.986666666666666,12.27,1.01,84.22
CHENNAI_ALANDUR__BUS_DEPOT,,27-05-2025 00:00,28.253333333333334,42.38,13.043333333333333,12.32,1.35,50.04
CHENNAI_ALANDUR__BUS_DEPOT,,28-05-2025 00:00,29.26,43.89,13.1,12.25,1.21,4.74
CHENNAI_ALANDUR__BUS_DEPOT,,29-05-2025 00:00,49.7,74.66,13.29,12.33,1.01,3.38
CHENNAI_ALANDUR__BUS_DEPOT,,30-05-2025 00:00,37.655,56.54,13.36,12.36,1.1,34.61
CHENNAI_ALANDUR__BUS_DEPOT,,31-05-2025 00:00,25.61,38.42,13.43,12.39,1.19,65.84
CHENNAI_ALANDUR__BUS_DEPOT,,01-06-2025 00:00,24.96,37.44,13.47,12.31,0.93,77.73
CHENNAI_ALANDUR__BUS_DEPOT,,14-06-2025 00:00,30.07,73.07,20.63,12.25,0.85,13.83
CHENNAI_ALANDUR__BUS_DEPOT,,15-06-2025 00:00,24.68,59.91,17.61,12.25,0.8,13.46
CHENNAI_ALANDUR__BUS_DEPOT,,16-06-2025 00:00,23.18,56.25,15.01,12.26,1.63,12.55
CHENNAI_ALANDUR__BUS_DEPOT,,17-06-2025 00:00,25.97,63.04,17.32,12.31,1.47,25.18
CHENNAI_ALANDUR__BUS_DEPOT,,18-06-2025 00:00,34.15,82.61,17.78,12.29,1.57,41.39
CHENNAI_ALANDUR__BUS_DEPOT,,19-06-2025 00:00,35.07,85.22,17.47,12.33,0.53,49.73
CHENNAI_ALANDUR__BUS_DEPOT,,20-06-2025 00:00,34.4,83.49,17.01,12.34,0.71,80.6
CHENNAI_ALANDUR__BUS_DEPOT,,21-06-2025 00:00,35.72,86.69,18.84,12.22,0.74,25.45
CHENNAI_ALANDUR__BUS_DEPOT,,22-06-2025 00:00,31.93,77.5,19.99,12.29,1.35,39.48
CHENNAI_ALANDUR__BUS_DEPOT,,23-06-2025 00:00,33.52,81.35,18.35,12.23,1.05,28.92
CHENNAI_ALANDUR__BUS_DEPOT,,24-06-2025 00:00,28.99,70.36,19.82,12.25,1.05,15.01
CHENNAI_ALANDUR__BUS_DEPOT,,25-06-2025 00:00,36.38,88.3,19.06,12.34,0.58,25.35
CHENNAI_ALANDUR__BUS_DEPOT,,26-06-2025 00:00,22.98,69.23,18.06,12.21,0.91,23.3
CHENNAI_ALANDUR__BUS_DEPOT,,27-06-2025 00:00,10.3,50.02,17.09,12.35,1.07,39.78
CHENNAI_ALANDUR__BUS_DEPOT,,28-06-2025 00:00,10.32,50.13,31.54,12.29,1.01,78.16
CHENNAI_ALANDUR__BUS_DEPOT,,29-06-2025 00:00,10.34,50.31,17.76,12.31,1.13,31.54
CHENNAI_ALANDUR__BUS_DEPOT,,30-06-2025 00:00,10.34,50.28,14.92,12.25,0.69,13.55
CHENNAI_ALANDUR__BUS_DEPOT,,01-07-2025 00:00,25.45,74.92,17.85,12.17,0.81,11.96
CHENNAI_ALANDUR__BUS_DEPOT,,14-07-2025 00:00,10.3,50.04,17.19,12.22,0.85,24.0
CHENNAI_ALANDUR__BUS_DEPOT,,15-07-2025 00:00,10.29,49.95,15.74,12.28,0.84,68.27
CHENNAI_ALANDUR__BUS_DEPOT,,16-07-2025 00:00,10.32,50.16,15.33,12.32,0.87,54.3
CHENNAI_ALANDUR__BUS_DEPOT,,17-07-2025 00:00,18.01,57.32,15.2,12.22,0.61,37.9
CHENNAI_ALANDUR__BUS_DEPOT,,18-07-2025 00:00,25.384999999999998,68.305,15.57,12.15,3.93,5.36
CHENNAI_ALANDUR__BUS_DEPOT,,19-07-2025 00:00,32.76,79.29,15.92,12.26,3.58,9.62
CHENNAI_ALANDUR__BUS_DEPOT,,20-07-2025 00:00,14.58,54.54,16.75,12.28,0.6,6.88
CHENNAI_ALANDUR__BUS_DEPOT,,21-07-2025 00:00,10.32,50.14,17.31,12.28,1.31,7.99
CHENNAI_ALANDUR__BUS_DEPOT,,22-07-2025 00:00,10.32,50.16,17.69,12.31,1.63,7.37
CHENNAI_ALANDUR__BUS_DEPOT,,23-07-2025 00:00,10.28,49.9,16.21,12.28,1.55,7.59
CHENNAI_ALANDUR__BUS_DEPOT,,24-07-2025 00:00,26.08,80.27,18.05,12.28,1.26,7.01
CHENNAI_ALANDUR__BUS_DEPOT,,25-07-2025 00:00,35.51,86.18,16.01,12.26,2.13,6.56
CHENNAI_ALANDUR__BUS_DEPOT,,26-07-2025 00:00,35.89,87.13,15.74,12.29,0.86,6.95
CHENNAI_ALANDUR__BUS_DEPOT,,27-07-2025 00:00,10.32,50.17,14.62,12.2,1.33,6.16
CHENNAI_ALANDUR__BUS_DEPOT,,28-07-2025 00:00,10.3,49.98,14.94,12.35,1.42,5.92
CHENNAI_ALANDUR__BUS_DEPOT,,29-07-2025 00:00,10.26,49.7,15.77,12.26,1.16,6.51
CHENNAI_ALANDUR__BUS_DEPOT,,30-07-2025 00:00,10.32,50.13,48.83,12.37,1.1,19.87
CHENNAI_ALANDUR__BUS_DEPOT,,31-07-2025 00:00,10.32,50.14,20.15,12.31,0.96,22.92
CHENNAI_ALANDUR__BUS_DEPOT,,01-08-2025 00:00,10.34,50.28,15.6,12.35,1.0,16.13
CHENNAI_ALANDUR__BUS_DEPOT,,14-08-2025 00:00,12.44,53.68,14.56,12.32,0.73,48.55
CHENNAI_ALANDUR__BUS_DEPOT,,15-08-2025 00:00,10.34,50.26,13.36,12.22,0.46,48.74
CHENNAI_ALANDUR__BUS_DEPOT,,16-08-2025 00:00,10.29,49.9,14.37,12.32,0.72,38.43
CHENNAI_ALANDUR__BUS_DEPOT,,17-08-2025 00:00,10.28,49.88,13.78,12.28,0.7,42.18
CHENNAI_ALANDUR__BUS_DEPOT,,18-08-2025 00:00,10.33,50.0,14.03,12.19,1.06,22.2
CHENNAI_ALANDUR__BUS_DEPOT,,19-08-2025 00:00,10.35,50.38,16.34,12.3,0.73,7.78
CHENNAI_ALANDUR__BUS_DEPOT,,20-08-2025 00:00,10.26,49.75,18.65,12.34,0.35,6.8
CHENNAI_ALANDUR__BUS_DEPOT,,21-08-2025 00:00,10.263846153846155,49.77538461538462,18.71230769230769,12.333846153846153,0.4023076923076923,6.811538461538461
CHENNAI_ALANDUR__BUS_DEPOT,,22-08-2025 00:00,10.267692307692307,49.800769230769234,18.774615384615384,12.327692307692308,0.4546153846153846,6.823076923076923
CHENNAI_ALANDUR__BUS_DEPOT,,23-08-2025 00:00,10.271538461538462,49.826153846153844,18.836923076923075,12.321538461538461,0.5069230769230769,6.834615384615384
CHENNAI_ALANDUR__BUS_DEPOT,,24-08-2025 00:00,10.275384615384615,49.85153846153846,18.89923076923077,12.315384615384616,0.5592307692307692,6.846153846153846
CHENNAI_ALANDUR__BUS_DEPOT,,25-08-2025 00:00,10.27923076923077,49.87692307692308,18.96153846153846,12.30923076923077,0.6115384615384616,6.857692307692307
CHENNAI_ALANDUR__BUS_DEPOT,,26-08-2025 00:00,10.283076923076923,49.902307692307694,19.023846153846154,12.303076923076922,0.6638461538461539,6.869230769230769
CHENNAI_ALANDUR__BUS_DEPOT,,27-08-2025 00:00,10.286923076923078,49.927692307692304,19.086153846153845,12.296923076923077,0.7161538461538461,6.880769230769231
CHENNAI_ALANDUR__BUS_DEPOT,,28-08-2025 00:00,10.29076923076923,49.95307692307692,19.14846153846154,12.29076923076923,0.7684615384615385,6.892307692307693
CHENNAI_ALANDUR__BUS_DEPOT,,29-08-2025 00:00,10.294615384615385,49.97846153846154,19.21076923076923,12.284615384615384,0.8207692307692308,6.903846153846154
CHENNAI_ALANDUR__BUS_DEPOT,,30-08-2025 00:00,10.298461538461538,50.003846153846155,19.273076923076925,12.278461538461539,0.8730769230769231,6.915384615384616
CHENNAI_ALANDUR__BUS_DEPOT,,31-08-2025 00:00,10.302307692307693,50.029230769230765,19.335384615384616,12.272307692307692,0.9253846153846154,6.926923076923077
CHENNAI_ALANDUR__BUS_DEPOT,,01-09-2025 00:00,10.306153846153846,50.05461538461538,19.39769230769231,12.266153846153847,0.9776923076923077,6.938461538461539
CHENNAI_ALANDUR__BUS_DEPOT,,14-09-2025 00:00,10.31,50.08,19.46,12.26,1.03,6.95
CHENNAI_ALANDUR__BUS_DEPOT,,15-09-2025 00:00,10.34,50.3,17.86,12.31,1.19,10.13
CHENNAI_ALANDUR__BUS_DEPOT,,16-09-2025 00:00,10.32,50.14,16.78,12.3,1.3,28.47
CHENNAI_ALANDUR__BUS_DEPOT,,17-09-2025 00:00,10.3,49.98,17.96,12.24,1.84,34.04
CHENNAI_ALANDUR__BUS_DEPOT,,18-09-2025 00:00,10.29,49.9,17.36,12.26,1.93,30.18
CHENNAI_ALANDUR__BUS_DEPOT,,19-09-2025 00:00,10.27,49.81,17.39,12.31,1.3,17.59
CHENNAI_ALANDUR__BUS_DEPOT,,20-09-2025 00:00,10.33,50.24,17.09,12.23,1.33,15.58
CHENNAI_ALANDUR__BUS_DEPOT,,21-09-2025 00:00,10.3,50.0,18.23,12.29,1.61,16.42
CHENNAI_ALANDUR__BUS_DEPOT,,22-09-2025 00:00,10.32,50.13,19.130000000000003,12.27,0.69,18.46
CHENNAI_ALANDUR__BUS_DEPOT,,23-09-2025 00:00,10.36,50.46,20.03,12.25,1.63,6.98
CHENNAI_ALANDUR__BUS_DEPOT,,24-09-2025 00:00,10.33,50.2,20.0,12.25,2.1,8.16
CHENNAI_ALANDUR__BUS_DEPOT,,25-09-2025 00:00,10.26,49.75,20.02,12.27,1.36,18.97
CHENNAI_ALANDUR__BUS_DEPOT,,26-09-2025 00:00,10.31,50.07,20.0,12.31,0.9,65.89
CHENNAI_ALANDUR__BUS_DEPOT,,27-09-2025 00:00,10.28,49.83,20.0,12.25,1.62,92.7
CHENNAI_ALANDUR__BUS_DEPOT,,28-09-2025 00:00,10.28,49.84,19.98,12.26,0.82,95.6
CHENNAI_ALANDUR__BUS_DEPOT,,29-09-2025 00:00,10.31,50.1,20.0,12.21,1.0,75.92
CHENNAI_ALANDUR__BUS_DEPOT,,30-09-2025 00:00,10.31,50.08,19.99,12.32,1.3,61.55
CHENNAI_ALANDUR__BUS_DEPOT,,01-10-2025 00:00,10.26,49.67,20.01,12.29,1.84,24.82
CHENNAI_ALANDUR__BUS_DEPOT,,14-10-2025 00:00,10.36,50.43,13.08,12.25,0.94,9.24
CHENNAI_ALANDUR__BUS_DEPOT,,15-10-2025 00:00,18.41,56.42,12.87,12.24,1.03,5.05
CHENNAI_ALANDUR__BUS_DEPOT,,16-10-2025 00:00,31.21,75.83,11.43,12.27,1.45,5.12
CHENNAI_ALANDUR__BUS_DEPOT,,17-10-2025 00:00,37.43,90.86,9.76,12.25,2.0,14.72
CHENNAI_ALANDUR__BUS_DEPOT,,18-10-2025 00:00,27.07,65.72,10.81,12.3,2.16,13.39
CHENNAI_ALANDUR__BUS_DEPOT,,19-10-2025 00:00,42.02,101.96,10.5,12.2,2.24,41.07
CHENNAI_ALANDUR__BUS_DEPOT,,20-10-2025 00:00,62.9,143.27,9.3,12.44,1.54,29.16
CHENNAI_ALANDUR__BUS_DEPOT,,21-10-2025 00:00,44.03,78.55,11.47,14.36,1.01,12.01
CHENNAI_ALANDUR__BUS_DEPOT,,22-10-2025 00:00,74.76,99.55,15.87,13.55,0.75,2.93
CHENNAI_ALANDUR__BUS_DEPOT,,23-10-2025 00:00,39.9,58.51,14.51,12.29,0.64,2.86
CHENNAI_ALANDUR__BUS_DEPOT,,24-10-2025 00:00,33.3,48.83,15.85,12.25,0.61,4.73
CHENNAI_ALANDUR__BUS_DEPOT,,25-10-2025 00:00,17.05,49.98,16.4,12.31,0.59,3.54
CHENNAI_ALANDUR__BUS_DEPOT,,26-10-2025 00:00,17.09,50.18,16.99,12.29,0.67,4.02
CHENNAI_ALANDUR__BUS_DEPOT,,27-10-2025 00:00,17.09,50.18,16.25,12.31,0.5,4.34
CHENNAI_ALANDUR__BUS_DEPOT,,28-10-2025 00:00,17.1,50.21,16.5,12.33,0.72,5.71
CHENNAI_ALANDUR__BUS_DEPOT,,29-10-2025 00:00,27.57,59.92,17.86,12.27,0.55,5.08
CHENNAI_ALANDUR__BUS_DEPOT,,30-10-2025 00:00,58.27,85.44,17.91,12.27,0.52,2.64
CHENNAI_ALANDUR__BUS_DEPOT,,31-10-2025 00:00,65.39,95.89,17.91,12.23,0.67,2.63
CHENNAI_ALANDUR__BUS_DEPOT,,01-11-2025 00:00,91.67,134.42,18.77,12.34,0.48,2.66
CHENNAI_ALANDUR__BUS_DEPOT,,14-11-2025 00:00,101.27,148.48,24.36,12.33,0.45,9.87
CHENNAI_ALANDUR__BUS_DEPOT,,15-11-2025 00:00,102.1,149.71,24.43,12.3,0.29,12.63
CHENNAI_ALANDUR__BUS_DEPOT,,16-11-2025 00:00,117.76,172.66,24.13,12.27,0.52,14.39
CHENNAI_ALANDUR__BUS_DEPOT,,17-11-2025 00:00,110.12,161.48,20.42,12.29,0.43,13.69
CHENNAI_ALANDUR__BUS_DEPOT,,18-11-2025 00:00,103.77,152.16,21.95,12.24,0.54,12.48
CHENNAI_ALANDUR__BUS_DEPOT,,19-11-2025 00:00,69.88,102.46,21.75,12.3,0.55,13.79
CHENNAI_ALANDUR__BUS_DEPOT,,20-11-2025 00:00,76.52,112.19,21.03,12.21,0.45,7.76
CHENNAI_ALANDUR__BUS_DEPOT,,21-11-2025 00:00,83.01,121.71,22.11,12.23,0.5,3.4
CHENNAI_ALANDUR__BUS_DEPOT,,22-11-2025 00:00,67.43,98.88,19.74,12.29,0.54,2.81
CHENNAI_ALANDUR__BUS_DEPOT,,23-11-2025 00:00,45.02,66.02,18.06,12.31,0.45,3.47
CHENNAI_ALANDUR__BUS_DEPOT,,24-11-2025 00:00,49.88,73.33,18.59,12.31,0.6,4.83
CHENNAI_ALANDUR__BUS_DEPOT,,25-11-2025 00:00,88.01,129.04,20.71,12.32,0.64,3.28
CHENNAI_ALANDUR__BUS_DEPOT,,26-11-2025 00:00,88.85,130.27,22.83,12.24,0.5,3.84
CHENNAI_ALANDUR__BUS_DEPOT,,27-11-2025 00:00,97.25,142.59,22.92,12.25,0.45,3.82
CHENNAI_ALANDUR__BUS_DEPOT,,28-11-2025 00:00,98.63,144.61,22.95,12.28,0.5,5.32
CHENNAI_ALANDUR__BUS_DEPOT,,29-11-2025 00:00,99.23,145.49,21.2,12.34,0.54,6.4
CHENNAI_ALANDUR__BUS_DEPOT,,30-11-2025 00:00,72.99,107.02,19.68,12.2,0.57,5.87
CHENNAI_ALANDUR__BUS_DEPOT,,01-12-2025 00:00,72.99,107.02,17.25,12.14,0.37,3.59
CHENNAI_ALANDUR__BUS_DEPOT,,14-12-2025 00:00,72.99,107.02,17.25,12.14,0.37,3.59
CHENNAI_ALANDUR__BUS_DEPOT,,15-12-2025 00:00,72.99,107.02,17.25,12.14,0.37,3.59
CHENNAI_ALANDUR__BUS_DEPOT,,16-12-2025 00:00,72.99,107.02,17.25,12.14,0.37,3.59
CHENNAI_ALANDUR__BUS_DEPOT,,17-12-2025 00:00,72.99,107.02,17.25,12.14,0.37,3.59
CHENNAI_ALANDUR__BUS_DEPOT,,18-12-2025 00:00,72.99,107.02,17.25,12.14,0.37,3.59
CHENNAI_ALANDUR__BUS_DEPOT,,19-12-2025 00:00,72.99,107.02,17.25,12.14,0.37,3.59
CHENNAI_ALANDUR__BUS_DEPOT,,20-12-2025 00:00,72.99,107.02,17.25,12.14,0.37,3.59
CHENNAI_ALANDUR__BUS_DEPOT,,21-12-2025 00:00,72.99,107.02,17.25,12.14,0.37,3.59
CHENNAI_ALANDUR__BUS_DEPOT,,22-12-2025 00:00,72.99,107.02,17.25,12.14,0.37,3.59
CHENNAI_ALANDUR__BUS_DEPOT,,23-12-2025 00:00,72.99,107.02,17.25,12.14,0.37,3.59
CHENNAI_ALANDUR__BUS_DEPOT,,24-12-2025 00:00,72.99,107.02,17.25,12.14,0.37,3.59
CHENNAI_ALANDUR__BUS_DEPOT,,25-12-2025 00:00,72.99,107.02,17.25,12.14,0.37,3.59
CHENNAI_ALANDUR__BUS_DEPOT,,26-12-2025 00:00,72.99,107.02,17.25,12.14,0.37,3.59
CHENNAI_ALANDUR__BUS_DEPOT,,27-12-2025 00:00,72.99,107.02,17.25,12.14,0.37,3.59
CHENNAI_ALANDUR__BUS_DEPOT,,28-12-2025 00:00,72.99,107.02,17.25,12.14,0.37,3.59
CHENNAI_ALANDUR__BUS_DEPOT,,29-12-2025 00:00,72.99,107.02,17.25,12.14,0.37,3.59
CHENNAI_ALANDUR__BUS_DEPOT,,30-12-2025 00:00,72.99,107.02,17.25,12.14,0.37,3.59
CHENNAI_ALANDUR__BUS_DEPOT,,31-12-2025 00:00,72.99,107.02,17.25,12.14,0.37,3.59
CHENNAI_ALANDUR__BUS_DEPOT,,01-01-2026 00:00,72.99,107.02,17.25,12.14,0.37,3.59
CHENNAI_ALANDUR__BUS_DEPOT,,14-01-2026 00:00,72.99,107.02,17.25,12.14,0.37,3.59
CHENNAI_ALANDUR__BUS_DEPOT,,15-01-2026 00:00,72.99,107.02,17.25,12.14,0.37,3.59
CHENNAI_ALANDUR__BUS_DEPOT,,16-01-2026 00:00,72.99,107.02,17.25,12.14,0.37,3.59
CHENNAI_ALANDUR__BUS_DEPOT,,17-01-2026 00:00,72.99,107.02,17.25,12.14,0.37,3.59
CHENNAI_ALANDUR__BUS_DEPOT,,18-01-2026 00:00,72.99,107.02,17.25,12.14,0.37,3.59
CHENNAI_ALANDUR__BUS_DEPOT,,19-01-2026 00:00,72.99,107.02,17.25,12.14,0.37,3.59
CHENNAI_ALANDUR__BUS_DEPOT,,20-01-2026 00:00,72.99,107.02,17.25,12.14,0.37,3.59
CHENNAI_ALANDUR__BUS_DEPOT,,21-01-2026 00:00,72.99,107.02,17.25,12.14,0.37,3.59
CHENNAI_ALANDUR__BUS_DEPOT,,22-01-2026 00:00,72.99,107.02,17.25,12.14,0.37,3.59
CHENNAI_ALANDUR__BUS_DEPOT,,23-01-2026 00:00,72.99,107.02,17.25,12.14,0.37,3.59
CHENNAI_ALANDUR__BUS_DEPOT,,24-01-2026 00:00,72.99,107.02,17.25,12.14,0.37,3.59
CHENNAI_ALANDUR__BUS_DEPOT,,25-01-2026 00:00,72.99,107.02,17.25,12.14,0.37,3.59
CHENNAI_ALANDUR__BUS_DEPOT,,26-01-2026 00:00,72.99,107.02,17.25,12.14,0.37,3.59
CHENNAI_ALANDUR__BUS_DEPOT,,27-01-2026 00:00,72.99,107.02,17.25,12.14,0.37,3.59
CHENNAI_ALANDUR__BUS_DEPOT,,28-01-2026 00:00,72.99,107.02,17.25,12.14,0.37,3.59
CHENNAI_ALANDUR__BUS_DEPOT,,29-01-2026 00:00,72.99,107.02,17.25,12.14,0.37,3.59
CHENNAI_ALANDUR__BUS_DEPOT,,30-01-2026 00:00,72.99,107.02,17.25,12.14,0.37,3.59
CHENNAI_ALANDUR__BUS_DEPOT,,31-01-2026 00:00,72.99,107.02,17.25,12.14,0.37,3.59
CHENNAI_ALANDUR__BUS_DEPOT,,01-02-2026 00:00,72.99,107.02,17.25,12.14,0.37,3.59
CHENNAI_ALANDUR__BUS_DEPOT,,14-02-2026 00:00,72.99,107.02,17.25,12.14,0.37,3.59
CHENNAI_ALANDUR__BUS_DEPOT,,15-02-2026 00:00,72.99,107.02,17.25,12.14,0.37,3.59
CHENNAI_ALANDUR__BUS_DEPOT,,16-02-2026 00:00,72.99,107.02,17.25,12.14,0.37,3.59
CHENNAI_ALANDUR__BUS_DEPOT,,17-02-2026 00:00,72.99,107.02,17.25,12.14,0.37,3.59
CHENNAI_ALANDUR__BUS_DEPOT,,17-02-2026 00:00,72.99,107.02,17.25,12.14,0.37,3.59
CHENNAI_VELACHERY,2025-01-01,02-01-2025 00:00,88.81,136.22,14.15,7.08,0.6,6.3
CHENNAI_VELACHERY,2025-01-02,02-02-2025 00:00,29.04,44.54,11.01,6.25,0.6,6.87
CHENNAI_VELACHERY,2025-01-03,02-03-2025 00:00,24.57,58.52,10.72,5.94,0.6,8.02
CHENNAI_VELACHERY,2025-01-04,02-04-2025 00:00,35.51,77.49,11.17,5.99,0.93,45.71
CHENNAI_VELACHERY,2025-01-05,02-05-2025 00:00,23.82,53.04,10.46,6.9,1.08,48.32
CHENNAI_VELACHERY,2025-01-06,02-06-2025 00:00,23.9,68.41,11.79,6.78,1.06,49.4
CHENNAI_VELACHERY,2025-01-07,02-07-2025 00:00,26.39,76.92,12.55,7.275,1.145,29.919999999999998
CHENNAI_VELACHERY,2025-01-08,02-08-2025 00:00,28.88,85.43,13.31,7.77,1.23,10.44
CHENNAI_VELACHERY,2025-01-09,02-09-2025 00:00,28.32,60.46,12.28,7.84,1.24,8.83
CHENNAI_VELACHERY,2025-01-10,02-10-2025 00:00,26.91,70.83,13.22,7.91,1.25,8.74
CHENNAI_VELACHERY,2025-01-11,02-11-2025 00:00,21.16,99.9,11.61,12.57,0.84,8.76
CHENNAI_VELACHERY,2025-01-12,02-12-2025 00:00,17.3,57.36,10.21,10.84,0.64,4.78
CHENNAI_VELACHERY,2025-02-01,03-01-2025 00:00,91.88,140.9,13.13,6.79,0.6,6.16
CHENNAI_VELACHERY,2025-02-02,03-02-2025 00:00,27.7,42.48,11.05,6.2,0.6,6.25
CHENNAI_VELACHERY,2025-02-03,03-03-2025 00:00,23.11,45.38,11.65,6.96,0.6,8.15
CHENNAI_VELACHERY,2025-02-04,03-04-2025 00:00,28.26,62.75,10.44,6.24,0.97,46.62
CHENNAI_VELACHERY,2025-02-05,03-05-2025 00:00,26.99,50.79,10.43,5.95,0.92,48.44
CHENNAI_VELACHERY,2025-02-06,03-06-2025 00:00,29.24,68.0,12.01,6.63,1.03,49.26
CHENNAI_VELACHERY,2025-02-07,03-07-2025 00:00,29.085,72.18,12.485,7.27,1.1400000000000001,29.604999999999997
CHENNAI_VELACHERY,2025-02-08,03-08-2025 00:00,28.93,76.36,12.96,7.91,1.25,9.95
CHENNAI_VELACHERY,2025-02-09,03-09-2025 00:00,29.3,65.51,13.51,8.02,1.27,9.17
CHENNAI_VELACHERY,2025-02-10,03-10-2025 00:00,27.76,59.91,12.67,6.73,1.05,9.28
CHENNAI_VELACHERY,2025-02-11,03-11-2025 00:00,19.6,89.85,12.2,11.98,0.77,9.43
CHENNAI_VELACHERY,2025-02-12,03-12-2025 00:00,23.06,66.71,10.73,13.09,0.9,4.62
CHENNAI_VELACHERY,2025-03-01,04-01-2025 00:00,69.18,107.2,12.7,5.68,0.6,5.66
CHENNAI_VELACHERY,2025-03-02,04-02-2025 00:00,26.47,40.61,11.27,7.08,0.6,5.74
CHENNAI_VELACHERY,2025-03-03,04-03-2025 00:00,20.05,49.35,11.58,7.2,0.6,8.58
CHENNAI_VELACHERY,2025-03-04,04-04-2025 00:00,19.74,47.14,10.82,7.22,1.13,44.79
CHENNAI_VELACHERY,2025-03-05,04-05-2025 00:00,31.62,62.18,10.89,6.98,1.09,48.82
CHENNAI_VELACHERY,2025-03-06,04-06-2025 00:00,35.56,62.15,13.35,5.56,0.85,48.93
CHENNAI_VELACHERY,2025-03-07,04-07-2025 00:00,33.775,64.375,15.325,7.43,1.165,29.15
CHENNAI_VELACHERY,2025-03-08,04-08-2025 00:00,31.99,66.6,17.3,9.3,1.48,9.37
CHENNAI_VELACHERY,2025-03-09,04-09-2025 00:00,27.03,57.17,13.15,7.26,1.14,9.3
CHENNAI_VELACHERY,2025-03-10,04-10-2025 00:00,30.25,61.35,12.24,7.91,1.25,7.78
CHENNAI_VELACHERY,2025-03-11,04-11-2025 00:00,22.67,96.41,13.19,12.54,0.83,8.68
CHENNAI_VELACHERY,2025-03-12,04-12-2025 00:00,21.18,62.06,11.35,13.57,0.95,4.94
CHENNAI_VELACHERY,2025-04-01,05-01-2025 00:00,69.41,83.79,12.65,6.39,0.6,5.2
CHENNAI_VELACHERY,2025-04-02,05-02-2025 00:00,35.9,55.06,11.59,6.36,0.6,5.71
CHENNAI_VELACHERY,2025-04-03,05-03-2025 00:00,22.22,49.71,11.19,6.9,0.6,8.11
CHENNAI_VELACHERY,2025-04-04,05-04-2025 00:00,21.94,50.86,11.31,7.04,1.1,46.05
CHENNAI_VELACHERY,2025-04-05,05-05-2025 00:00,26.29,61.65,10.61,6.6,1.03,47.16
CHENNAI_VELACHERY,2025-04-06,05-06-2025 00:00,46.38,67.53,13.03,6.42,1.0,48.81
CHENNAI_VELACHERY,2025-04-07,05-07-2025 00:00,29.83,70.62,13.12,7.01,1.1,11.31
CHENNAI_VELACHERY,2025-04-08,05-08-2025 00:00,28.19,51.1,25.38,15.55,2.54,9.66
CHENNAI_VELACHERY,2025-04-09,05-09-2025 00:00,28.96,62.21,12.38,5.66,0.87,9.59
CHENNAI_VELACHERY,2025-04-10,05-10-2025 00:00,24.67,45.43,12.84,7.25,1.14,8.68
CHENNAI_VELACHERY,2025-04-11,05-11-2025 00:00,21.4,101.79,13.13,12.79,0.86,7.89
CHENNAI_VELACHERY,2025-04-12,05-12-2025 00:00,19.83,78.26,12.46,12.99,0.89,5.14
CHENNAI_VELACHERY,2025-05-01,06-01-2025 00:00,76.92,103.83,12.82,7.32,0.6,5.8
CHENNAI_VELACHERY,2025-05-02,06-02-2025 00:00,44.41,67.84,11.41,6.76,0.6,6.26
CHENNAI_VELACHERY,2025-05-03,06-03-2025 00:00,23.26,54.28,11.24,7.14,0.6,8.02
CHENNAI_VELACHERY,2025-05-04,06-04-2025 00:00,20.4,44.35,10.83,6.17,0.96,45.94
CHENNAI_VELACHERY,2025-05-05,06-05-2025 00:00,28.95,59.21,11.21,6.13,0.95,46.33
CHENNAI_VELACHERY,2025-05-06,06-06-2025 00:00,46.41,79.03,13.01,9.64,1.54,49.23
CHENNAI_VELACHERY,2025-05-07,06-07-2025 00:00,26.34,63.67,14.09,7.51,1.18,11.42
CHENNAI_VELACHERY,2025-05-08,06-08-2025 00:00,30.19,62.91,12.23,6.38,0.99,10.03
CHENNAI_VELACHERY,2025-05-09,06-09-2025 00:00,27.0,56.05,13.03,7.26,1.14,9.22
CHENNAI_VELACHERY,2025-05-10,06-10-2025 00:00,25.44,53.85,13.26,7.64,1.2,8.55
CHENNAI_VELACHERY,2025-05-11,06-11-2025 00:00,19.9,92.39,12.62,13.09,0.9,7.58
CHENNAI_VELACHERY,2025-05-12,06-12-2025 00:00,25.04,119.98,11.72,11.7,0.74,6.4
CHENNAI_VELACHERY,2025-06-01,07-01-2025 00:00,116.8,94.25,12.58,6.59,0.6,5.08
CHENNAI_VELACHERY,2025-06-02,07-02-2025 00:00,44.67,68.52,11.45,6.59,0.6,5.99
CHENNAI_VELACHERY,2025-06-03,07-03-2025 00:00,30.05,77.48,11.98,6.13,0.6,8.48
CHENNAI_VELACHERY,2025-06-04,07-04-2025 00:00,18.52,42.04,10.41,7.51,1.18,46.65
CHENNAI_VELACHERY,2025-06-05,07-05-2025 00:00,25.9,55.73,11.78,7.19,1.13,47.65
CHENNAI_VELACHERY,2025-06-06,07-06-2025 00:00,50.26,97.45,14.08,8.26,1.31,49.1
CHENNAI_VELACHERY,2025-06-07,07-07-2025 00:00,25.44,56.68,13.4,8.33,1.32,11.87
CHENNAI_VELACHERY,2025-06-08,07-08-2025 00:00,25.2,51.6,13.46,7.38,1.16,9.63
CHENNAI_VELACHERY,2025-06-09,07-09-2025 00:00,28.95,63.05,12.37,6.28,0.97,9.63
CHENNAI_VELACHERY,2025-06-10,07-10-2025 00:00,29.59,52.25,12.82,7.62,1.2,8.1
CHENNAI_VELACHERY,2025-06-11,07-11-2025 00:00,23.85,89.56,12.14,12.1,0.79,7.15
CHENNAI_VELACHERY,2025-06-12,07-12-2025 00:00,27.73,135.26,11.62,12.65,0.85,6.26
CHENNAI_VELACHERY,2025-07-01,08-01-2025 00:00,165.13,86.12,12.95,6.37,0.6,5.52
CHENNAI_VELACHERY,2025-07-02,08-02-2025 00:00,47.26,72.49,12.49,7.55,0.6,5.89
CHENNAI_VELACHERY,2025-07-03,08-03-2025 00:00,37.55,111.4,12.7,6.89,0.6,7.33
CHENNAI_VELACHERY,2025-07-04,08-04-2025 00:00,18.47,39.55,10.64,6.95,1.09,47.07
CHENNAI_VELACHERY,2025-07-05,08-05-2025 00:00,27.15,60.12,11.03,6.76,1.06,46.79
CHENNAI_VELACHERY,2025-07-06,08-06-2025 00:00,44.42,84.78,12.77,6.84,1.07,50.04
CHENNAI_VELACHERY,2025-07-07,08-07-2025 00:00,26.93,71.22,13.13,7.44,1.17,12.2
CHENNAI_VELACHERY,2025-07-08,08-08-2025 00:00,29.7,63.29,12.73,7.81,1.23,9.69
CHENNAI_VELACHERY,2025-07-09,08-09-2025 00:00,28.78,60.63,12.37,6.61,1.03,9.42
CHENNAI_VELACHERY,2025-07-10,08-10-2025 00:00,26.2,61.12,13.37,8.55,1.36,8.75
CHENNAI_VELACHERY,2025-07-11,08-11-2025 00:00,24.02,103.88,12.03,12.18,0.79,7.13
CHENNAI_VELACHERY,2025-07-12,08-12-2025 00:00,26.93,112.34,10.96,12.02,0.78,5.62
CHENNAI_VELACHERY,2025-08-01,09-01-2025 00:00,51.74,79.36,12.84,6.31,0.6,4.96
CHENNAI_VELACHERY,2025-08-02,09-02-2025 00:00,49.15,75.39,11.96,8.25,0.6,6.09
CHENNAI_VELACHERY,2025-08-03,09-03-2025 00:00,33.32,87.46,11.57,5.83,0.59,7.69
CHENNAI_VELACHERY,2025-08-04,09-04-2025 00:00,19.48,35.57,10.54,7.18,1.13,46.49
CHENNAI_VELACHERY,2025-08-05,09-05-2025 00:00,29.48,70.17,11.04,7.04,1.1,48.07
CHENNAI_VELACHERY,2025-08-06,09-06-2025 00:00,32.59,68.78,12.32,6.92,1.08,48.86
CHENNAI_VELACHERY,2025-08-07,09-07-2025 00:00,30.99,77.94,12.33,7.54,1.19,10.35
CHENNAI_VELACHERY,2025-08-08,09-08-2025 00:00,28.55,62.36,12.76,6.86,1.07,8.82
CHENNAI_VELACHERY,2025-08-09,09-09-2025 00:00,30.57,56.8,12.17,7.26,1.14,9.85
CHENNAI_VELACHERY,2025-08-10,09-10-2025 00:00,30.84,63.52,12.72,6.25,0.97,9.17
CHENNAI_VELACHERY,2025-08-11,09-11-2025 00:00,26.46,122.58,12.22,12.26,0.8,7.72
CHENNAI_VELACHERY,2025-08-12,09-12-2025 00:00,24.77,128.72,11.5,12.66,0.85,5.38
CHENNAI_VELACHERY,2025-09-01,10-01-2025 00:00,55.79,85.56,13.29,6.88,0.6,5.55
CHENNAI_VELACHERY,2025-09-02,10-02-2025 00:00,45.47,69.74,11.34,5.87,0.6,6.19
CHENNAI_VELACHERY,2025-09-03,10-03-2025 00:00,20.64,62.41,10.86,6.34,0.59,7.24
CHENNAI_VELACHERY,2025-09-04,10-04-2025 00:00,21.48,44.04,11.39,7.79,1.23,46.43
CHENNAI_VELACHERY,2025-09-05,10-05-2025 00:00,21.27,67.67,10.8,6.41,1.0,47.96
CHENNAI_VELACHERY,2025-09-06,10-06-2025 00:00,38.39,54.69,13.03,5.76,0.89,48.5
CHENNAI_VELACHERY,2025-09-07,10-07-2025 00:00,29.7,67.82,12.53,8.27,1.31,10.19
CHENNAI_VELACHERY,2025-09-08,10-08-2025 00:00,31.3,69.63,12.9,8.66,1.38,8.78
CHENNAI_VELACHERY,2025-09-09,10-09-2025 00:00,33.65,74.98,12.51,6.75,1.05,9.94
CHENNAI_VELACHERY,2025-09-10,10-10-2025 00:00,28.69,62.16,12.06,7.31,1.15,9.14
CHENNAI_VELACHERY,2025-09-11,10-11-2025 00:00,22.0,121.62,12.08,11.95,0.77,6.82
CHENNAI_VELACHERY,2025-09-12,10-12-2025 00:00,31.25,141.29,11.21,11.53,0.72,5.96
CHENNAI_VELACHERY,2025-10-01,11-01-2025 00:00,54.29,83.26,12.65,6.75,0.6,5.77
CHENNAI_VELACHERY,2025-10-02,11-02-2025 00:00,53.53,82.05,12.27,5.84,0.6,6.23
CHENNAI_VELACHERY,2025-10-03,11-03-2025 00:00,20.02,54.81,10.78,6.34,0.6,7.7
CHENNAI_VELACHERY,2025-10-04,11-04-2025 00:00,27.79,62.14,10.81,7.61,1.2,47.56
CHENNAI_VELACHERY,2025-10-05,11-05-2025 00:00,29.56,72.45,10.92,7.18,1.13,48.66
CHENNAI_VELACHERY,2025-10-06,11-06-2025 00:00,42.27,61.45,13.54,7.15,1.12,47.54
CHENNAI_VELACHERY,2025-10-07,11-07-2025 00:00,28.34,66.57,12.6,6.51,1.01,10.47
CHENNAI_VELACHERY,2025-10-08,11-08-2025 00:00,28.33,53.67,11.59,6.53,1.02,8.66
CHENNAI_VELACHERY,2025-10-09,11-09-2025 00:00,32.87,64.42,12.81,6.95,1.09,9.28
CHENNAI_VELACHERY,2025-10-10,11-10-2025 00:00,29.32,56.88,11.75,6.57,1.02,8.35
CHENNAI_VELACHERY,2025-10-11,11-11-2025 00:00,24.27,135.15,12.5,11.91,0.76,7.29
CHENNAI_VELACHERY,2025-10-12,11-12-2025 00:00,34.15,153.56,11.49,12.95,0.88,5.85
CHENNAI_VELACHERY,2025-11-01,12-01-2025 00:00,37.03,56.78,11.27,6.89,0.6,6.03
CHENNAI_VELACHERY,2025-11-02,12-02-2025 00:00,39.63,58.71,13.98,6.61,0.6,5.87
CHENNAI_VELACHERY,2025-11-03,12-03-2025 00:00,24.52,52.63,12.12,5.91,0.6,6.91
CHENNAI_VELACHERY,2025-11-04,12-04-2025 00:00,33.46,74.21,11.4,6.26,0.97,47.52
CHENNAI_VELACHERY,2025-11-05,12-05-2025 00:00,28.83,74.11,10.4,6.04,0.93,48.71
CHENNAI_VELACHERY,2025-11-06,12-06-2025 00:00,42.7,64.15,12.87,6.46,1.0,46.91
CHENNAI_VELACHERY,2025-11-07,12-07-2025 00:00,28.92,70.35,13.8,6.34,0.98,10.63
CHENNAI_VELACHERY,2025-11-08,12-08-2025 00:00,25.15,42.78,11.5,7.11,1.11,8.19
CHENNAI_VELACHERY,2025-11-09,12-09-2025 00:00,28.62,54.1,12.81,7.89,1.25,8.91
CHENNAI_VELACHERY,2025-11-10,12-10-2025 00:00,32.1,67.58,12.08,6.21,0.96,8.52
CHENNAI_VELACHERY,2025-11-11,12-11-2025 00:00,32.61,125.91,11.34,12.23,0.8,7.37
CHENNAI_VELACHERY,2025-11-12,12-12-2025 00:00,34.44,165.34,12.02,12.75,0.86,5.98
CHENNAI_VELACHERY,2025-12-01,13-01-2025 00:00,40.28,61.78,11.22,6.49,0.6,5.08
CHENNAI_VELACHERY,2025-12-02,13-02-2025 00:00,36.82,56.48,12.58,7.82,0.6,5.83
CHENNAI_VELACHERY,2025-12-03,13-03-2025 00:00,22.74,46.14,11.84,6.96,0.86,7.79
CHENNAI_VELACHERY,2025-12-04,13-04-2025 00:00,35.14,76.66,12.31,7.18,1.13,48.59
CHENNAI_VELACHERY,2025-12-05,13-05-2025 00:00,27.58,74.61,10.53,6.79,1.06,49.69
CHENNAI_VELACHERY,2025-12-06,13-06-2025 00:00,33.03,54.14,11.86,7.57,1.19,46.58
CHENNAI_VELACHERY,2025-12-07,13-07-2025 00:00,28.23,53.94,13.68,7.38,1.16,9.72
CHENNAI_VELACHERY,2025-12-08,13-08-2025 00:00,28.52,67.55,12.59,7.86,1.24,8.94
CHENNAI_VELACHERY,2025-12-09,13-09-2025 00:00,30.4,71.54,12.44,6.89,1.08,9.19
CHENNAI_VELACHERY,2025-12-10,13-10-2025 00:00,29.03,71.22,12.63,8.16,1.29,8.24
CHENNAI_VELACHERY,2025-12-11,13-11-2025 00:00,26.54,115.92,10.9,12.29,0.81,7.72
CHENNAI_VELACHERY,2025-12-12,13-12-2025 00:00,29.67,138.18,11.99,13.28,0.92,5.1
CHENNAI_VELACHERY,2026-01-01,02-01-2026 00:00,7.73,70.84,10.99,11.98,0.77,5.32
CHENNAI_VELACHERY,2026-01-02,02-02-2026 00:00,46.44,66.12,10.8,5.22,0.0,5.87
CHENNAI_VELACHERY,2026-02-01,03-01-2026 00:00,11.71,109.44,10.74,9.02,0.48,5.87
CHENNAI_VELACHERY,2026-02-02,03-02-2026 00:00,59.49,82.3,10.77,4.52,0.0,5.52
CHENNAI_VELACHERY,2026-03-01,04-01-2026 00:00,17.1,114.6,10.71,5.06,0.0,5.78
CHENNAI_VELACHERY,2026-03-02,04-02-2026 00:00,51.49,106.225,10.97,5.34,0.0,4.99
CHENNAI_VELACHERY,2026-04-01,05-01-2026 00:00,17.1,97.85,11.02,4.46,0.0,5.15
CHENNAI_VELACHERY,2026-04-02,05-02-2026 00:00,17.1,108.77,11.11,4.84,0.0,5.57
CHENNAI_VELACHERY,2026-05-01,06-01-2026 00:00,17.1,119.69,10.58,4.95,0.0,5.67
CHENNAI_VELACHERY,2026-05-02,06-02-2026 00:00,22.33,23.53,11.28,5.48,0.0,5.36
CHENNAI_VELACHERY,2026-06-01,07-01-2026 00:00,17.1,122.34,10.28,5.14,0.0,6.19
CHENNAI_VELACHERY,2026-06-02,07-02-2026 00:00,58.6,426.71,10.82,5.13,0.0,5.31
CHENNAI_VELACHERY,2026-07-01,08-01-2026 00:00,17.1,122.74,10.09,4.3,0.0,5.67
CHENNAI_VELACHERY,2026-07-02,08-02-2026 00:00,54.32,404.37,11.17,5.38,0.0,4.97
CHENNAI_VELACHERY,2026-08-01,09-01-2026 00:00,17.1,95.53,10.28,5.05,0.0,5.75
CHENNAI_VELACHERY,2026-08-02,09-02-2026 00:00,47.37,167.74,11.36,6.01,0.0,5.47
CHENNAI_VELACHERY,2026-09-01,10-01-2026 00:00,17.1,91.79,10.55,4.59,0.0,5.59
CHENNAI_VELACHERY,2026-09-02,10-02-2026 00:00,53.4,95.185,10.9,4.83,0.0,6.6
CHENNAI_VELACHERY,2026-10-01,11-01-2026 00:00,17.1,98.58,11.31,5.0,0.0,4.78
CHENNAI_VELACHERY,2026-10-02,11-02-2026 00:00,62.19,545.5,11.08,5.66,0.0,5.25
CHENNAI_VELACHERY,2026-11-01,12-01-2026 00:00,17.1,79.95,10.96,5.27,0.0,3.47
CHENNAI_VELACHERY,2026-11-02,12-02-2026 00:00,54.51,395.5,11.24,5.85,0.0,4.49
CHENNAI_VELACHERY,2026-12-01,13-01-2026 00:00,17.1,84.62,11.02,5.19,0.0,4.86
CHENNAI_VELACHERY,2026-12-02,13-02-2026 00:00,61.2,22.04,11.56,5.79,0.0,5.13
CHENNAI_VELACHERY,,14-01-2025 00:00,34.99,51.35,11.06,7.93,0.6,5.66
CHENNAI_VELACHERY,,15-01-2025 00:00,23.35,35.81,11.1,6.85,0.6,6.34
CHENNAI_VELACHERY,,16-01-2025 00:00,24.26,37.21,10.9,6.07,0.6,6.39
CHENNAI_VELACHERY,,17-01-2025 00:00,46.87,71.89,10.91,5.87,0.6,6.21
CHENNAI_VELACHERY,,18-01-2025 00:00,59.58,91.38,10.86,6.31,0.6,5.77
CHENNAI_VELACHERY,,19-01-2025 00:00,53.79,82.37,11.08,6.4,0.6,5.34
CHENNAI_VELACHERY,,20-01-2025 00:00,34.24,52.52,11.08,6.09,0.6,5.85
CHENNAI_VELACHERY,,21-01-2025 00:00,50.24,77.05,11.61,5.58,0.6,5.45
CHENNAI_VELACHERY,,22-01-2025 00:00,52.79,80.98,12.0,7.75,0.6,5.39
CHENNAI_VELACHERY,,23-01-2025 00:00,52.38,80.34,12.23,7.02,0.6,5.22
CHENNAI_VELACHERY,,24-01-2025 00:00,40.18,61.63,11.92,7.32,0.6,5.62
CHENNAI_VELACHERY,,25-01-2025 00:00,29.91,45.87,11.24,5.63,0.6,5.46
CHENNAI_VELACHERY,,26-01-2025 00:00,36.39,55.91,11.44,5.66,0.6,5.32
CHENNAI_VELACHERY,,27-01-2025 00:00,31.47,48.38,12.14,7.72,0.6,4.94
CHENNAI_VELACHERY,,28-01-2025 00:00,39.66,60.84,11.73,8.49,0.6,5.45
CHENNAI_VELACHERY,,29-01-2025 00:00,53.32,81.89,11.43,5.63,0.6,5.46
CHENNAI_VELACHERY,,30-01-2025 00:00,54.6,83.75,11.81,7.68,0.6,5.59
CHENNAI_VELACHERY,,31-01-2025 00:00,51.79,79.43,11.41,6.67,0.6,6.47
CHENNAI_VELACHERY,,01-02-2025 00:00,30.72,47.13,10.95,6.25,0.6,7.02
CHENNAI_VELACHERY,,14-02-2025 00:00,32.54,49.91,12.41,7.51,0.6,5.8
CHENNAI_VELACHERY,,15-02-2025 00:00,29.92,45.89,11.81,6.33,0.6,6.19
CHENNAI_VELACHERY,,16-02-2025 00:00,31.95,49.01,12.69,7.34,0.6,6.44
CHENNAI_VELACHERY,,17-02-2025 00:00,34.28,52.58,12.35,7.74,0.6,6.85
CHENNAI_VELACHERY,,18-02-2025 00:00,46.06,70.66,11.57,6.68,0.6,6.84
CHENNAI_VELACHERY,,19-02-2025 00:00,50.66,77.7,11.96,6.51,0.6,6.69
CHENNAI_VELACHERY,,20-02-2025 00:00,44.63,68.45,12.32,7.16,0.6,6.34
CHENNAI_VELACHERY,,21-02-2025 00:00,38.65,59.11,11.53,7.34,0.6,6.48
CHENNAI_VELACHERY,,22-02-2025 00:00,38.17,58.59,11.14,6.37,0.59,6.6
CHENNAI_VELACHERY,,23-02-2025 00:00,42.74,64.48,11.77,8.5,0.6,6.75
CHENNAI_VELACHERY,,24-02-2025 00:00,33.39,51.21,12.33,7.07,0.6,6.58
CHENNAI_VELACHERY,,25-02-2025 00:00,34.21,52.47,11.62,7.79,0.6,6.89
CHENNAI_VELACHERY,,26-02-2025 00:00,43.19,66.24,11.41,8.07,0.6,7.28
CHENNAI_VELACHERY,,27-02-2025 00:00,49.56,76.45,10.77,6.78,0.6,7.83
CHENNAI_VELACHERY,,28-02-2025 00:00,34.16,71.56,10.6,6.51,0.6,7.55
CHENNAI_VELACHERY,,01-03-2025 00:00,30.64,68.99,10.87,7.19,0.6,7.42
CHENNAI_VELACHERY,,14-03-2025 00:00,16.1,51.08,11.04,7.73,1.22,8.55
CHENNAI_VELACHERY,,15-03-2025 00:00,17.62,46.68,10.68,6.19,0.96,27.7
CHENNAI_VELACHERY,,16-03-2025 00:00,18.93,44.41,11.45,6.0,0.93,45.18
CHENNAI_VELACHERY,,17-03-2025 00:00,20.84,39.71,11.42,7.04,1.1,45.2
CHENNAI_VELACHERY,,18-03-2025 00:00,15.68,40.82,10.53,6.26,0.97,45.95
CHENNAI_VELACHERY,,19-03-2025 00:00,18.42,38.37,11.06,7.6,1.2,46.21
CHENNAI_VELACHERY,,20-03-2025 00:00,24.65,44.1,11.54,6.45,1.0,46.12
CHENNAI_VELACHERY,,21-03-2025 00:00,21.91,43.7,11.06,8.05,1.27,46.16
CHENNAI_VELACHERY,,22-03-2025 00:00,29.97,46.36,11.28,6.6,1.03,46.75
CHENNAI_VELACHERY,,23-03-2025 00:00,29.77,53.96,11.6,7.45,1.17,46.64
CHENNAI_VELACHERY,,24-03-2025 00:00,22.05,49.35,10.69,7.17,1.12,46.77
CHENNAI_VELACHERY,,25-03-2025 00:00,21.95,52.62,12.04,6.83,1.07,46.04
CHENNAI_VELACHERY,,26-03-2025 00:00,27.85,58.02,11.66,6.48,1.01,45.31
CHENNAI_VELACHERY,,27-03-2025 00:00,33.55,71.25,11.85,6.84,1.07,45.65
CHENNAI_VELACHERY,,28-03-2025 00:00,43.36,94.82,11.86,7.0,1.1,46.95
CHENNAI_VELACHERY,,29-03-2025 00:00,31.24,79.04,10.9,6.5,1.01,46.85
CHENNAI_VELACHERY,,30-03-2025 00:00,36.59,77.89,11.67,7.49,1.18,47.91
CHENNAI_VELACHERY,,31-03-2025 00:00,28.24,69.15,10.45,6.76,1.06,45.71
CHENNAI_VELACHERY,,01-04-2025 00:00,25.86,74.36,10.88,7.38,1.16,45.33
CHENNAI_VELACHERY,,14-04-2025 00:00,28.53,66.6,11.06,7.28,1.14,48.18
CHENNAI_VELACHERY,,15-04-2025 00:00,18.69,49.23,11.01,7.0,1.1,47.48
CHENNAI_VELACHERY,,16-04-2025 00:00,27.77,55.95,11.02,6.7,1.04,47.3
CHENNAI_VELACHERY,,17-04-2025 00:00,28.81,54.64,12.13,7.64,1.2,45.12
CHENNAI_VELACHERY,,18-04-2025 00:00,27.13,59.38,12.11,5.93,0.92,46.87
CHENNAI_VELACHERY,,19-04-2025 00:00,25.63,63.14,11.05,7.69,1.21,47.46
CHENNAI_VELACHERY,,20-04-2025 00:00,31.12,68.57,10.75,6.3,0.98,48.04
CHENNAI_VELACHERY,,21-04-2025 00:00,27.23,64.63,11.5,6.63,1.03,48.47
CHENNAI_VELACHERY,,22-04-2025 00:00,28.73,60.92,11.8,6.83,1.07,48.06
CHENNAI_VELACHERY,,23-04-2025 00:00,22.78,60.42,10.95,5.55,0.85,47.64
CHENNAI_VELACHERY,,24-04-2025 00:00,26.33,51.49,11.78,7.13,1.12,47.9
CHENNAI_VELACHERY,,25-04-2025 00:00,17.58,55.46,11.18,7.94,1.25,48.29
CHENNAI_VELACHERY,,26-04-2025 00:00,23.97,56.5,10.58,7.37,1.16,48.4
CHENNAI_VELACHERY,,27-04-2025 00:00,24.72,50.75,11.49,6.57,1.02,47.97
CHENNAI_VELACHERY,,28-04-2025 00:00,20.38,43.67,11.59,6.01,0.93,47.76
CHENNAI_VELACHERY,,29-04-2025 00:00,17.6,38.72,10.915,5.71,0.88,47.15
CHENNAI_VELACHERY,,30-04-2025 00:00,16.47,43.0,10.24,7.37,1.16,47.78
CHENNAI_VELACHERY,,01-05-2025 00:00,18.11,50.94,10.37,6.44,1.0,48.31
CHENNAI_VELACHERY,,14-05-2025 00:00,35.01,81.38,10.65,6.58,1.03,49.46
CHENNAI_VELACHERY,,15-05-2025 00:00,33.46,69.38,11.4,5.73,0.88,49.2
CHENNAI_VELACHERY,,16-05-2025 00:00,33.77,69.44,10.42,6.27,0.97,49.45
CHENNAI_VELACHERY,,17-05-2025 00:00,37.16,71.19,11.58,7.3,1.15,48.71
CHENNAI_VELACHERY,,18-05-2025 00:00,34.12,65.59,11.85,6.05,0.94,46.47
CHENNAI_VELACHERY,,19-05-2025 00:00,21.81,57.41,11.59,7.61,1.2,47.14
CHENNAI_VELACHERY,,20-05-2025 00:00,28.85,48.02,11.11,6.64,1.04,45.1
CHENNAI_VELACHERY,,21-05-2025 00:00,30.14,59.74,11.39,5.87,0.91,45.75
CHENNAI_VELACHERY,,22-05-2025 00:00,19.94,50.0,10.79,6.16,0.95,47.34
CHENNAI_VELACHERY,,23-05-2025 00:00,25.87,82.83,11.0,6.67,1.04,48.53
CHENNAI_VELACHERY,,24-05-2025 00:00,31.31,82.28,11.37,6.32,0.98,48.56
CHENNAI_VELACHERY,,25-05-2025 00:00,27.73,48.62,11.41,7.07,1.11,47.2
CHENNAI_VELACHERY,,26-05-2025 00:00,19.12,46.59,10.45,6.36,0.99,47.84
CHENNAI_VELACHERY,,27-05-2025 00:00,17.45,40.96,10.25,6.25,0.97,47.27
CHENNAI_VELACHERY,,28-05-2025 00:00,23.64,47.82,13.8,6.69,1.04,47.69
CHENNAI_VELACHERY,,29-05-2025 00:00,19.56,62.52,13.96,7.19,1.13,49.26
CHENNAI_VELACHERY,,30-05-2025 00:00,20.16,51.31,13.09,7.41,1.16,49.05
CHENNAI_VELACHERY,,31-05-2025 00:00,23.4,58.83,12.09,8.02,1.27,45.21
CHENNAI_VELACHERY,,01-06-2025 00:00,28.22,65.26,12.93,7.47,1.17,47.71
CHENNAI_VELACHERY,,14-06-2025 00:00,30.95,52.87,13.13,6.94,1.09,48.02
CHENNAI_VELACHERY,,15-06-2025 00:00,35.44,48.58,14.07,7.57,1.19,48.26
CHENNAI_VELACHERY,,16-06-2025 00:00,30.85,43.56,14.62,7.56,1.19,47.63
CHENNAI_VELACHERY,,17-06-2025 00:00,41.28,55.53,14.24,7.42,1.17,47.8
CHENNAI_VELACHERY,,18-06-2025 00:00,40.08,56.18,12.75,8.03,1.27,49.46
CHENNAI_VELACHERY,,19-06-2025 00:00,39.4,60.55,12.76,6.25,0.97,49.59
CHENNAI_VELACHERY,,20-06-2025 00:00,45.1,255.64,13.48,7.19,1.13,49.51
CHENNAI_VELACHERY,,21-06-2025 00:00,42.22,816.2,12.38,5.8,0.89,49.17
CHENNAI_VELACHERY,,22-06-2025 00:00,40.78454545454545,747.1318181818183,12.374545454545455,5.960909090909091,0.9172727272727272,45.66636363636364
CHENNAI_VELACHERY,,23-06-2025 00:00,39.34909090909091,678.0636363636364,12.36909090909091,6.121818181818182,0.9445454545454546,42.162727272727274
CHENNAI_VELACHERY,,24-06-2025 00:00,37.913636363636364,608.9954545454545,12.363636363636365,6.282727272727272,0.9718181818181818,38.659090909090914
CHENNAI_VELACHERY,,25-06-2025 00:00,36.47818181818182,539.9272727272728,12.35818181818182,6.443636363636363,0.999090909090909,35.155454545454546
CHENNAI_VELACHERY,,26-06-2025 00:00,35.04272727272727,470.859090909091,12.352727272727273,6.6045454545454545,1.0263636363636364,31.651818181818186
CHENNAI_VELACHERY,,27-06-2025 00:00,33.60727272727273,401.79090909090917,12.347272727272728,6.765454545454546,1.0536363636363637,28.148181818181822
CHENNAI_VELACHERY,,28-06-2025 00:00,32.17181818181818,332.72272727272735,12.341818181818182,6.926363636363637,1.0809090909090908,24.644545454545458
CHENNAI_VELACHERY,,29-06-2025 00:00,30.736363636363635,263.65454545454554,12.336363636363636,7.087272727272728,1.1081818181818182,21.140909090909094
CHENNAI_VELACHERY,,30-06-2025 00:00,29.30090909090909,194.58636363636379,12.330909090909092,7.248181818181818,1.1354545454545455,17.63727272727273
CHENNAI_VELACHERY,,01-07-2025 00:00,27.865454545454547,125.51818181818192,12.325454545454546,7.409090909090909,1.1627272727272726,14.13363636363637
CHENNAI_VELACHERY,,14-07-2025 00:00,26.43,56.45,12.32,7.57,1.19,10.63
CHENNAI_VELACHERY,,15-07-2025 00:00,27.77,56.24,13.14,7.06,1.11,9.8
CHENNAI_VELACHERY,,16-07-2025 00:00,35.8,58.5,17.17,15.99,2.61,9.85
CHENNAI_VELACHERY,,17-07-2025 00:00,27.44,60.68,12.72,7.69,1.21,10.74
CHENNAI_VELACHERY,,18-07-2025 00:00,26.61,53.0,12.98,7.86,1.24,9.49
CHENNAI_VELACHERY,,19-07-2025 00:00,27.38,54.32,12.28,6.22,0.96,8.81
CHENNAI_VELACHERY,,20-07-2025 00:00,26.85,50.47,13.79,6.43,1.0,7.56
CHENNAI_VELACHERY,,21-07-2025 00:00,24.46,56.66,14.59,7.31,1.15,8.84
CHENNAI_VELACHERY,,22-07-2025 00:00,27.73,52.38,13.84,7.84,1.24,8.06
CHENNAI_VELACHERY,,23-07-2025 00:00,27.68,61.15,12.84,6.62,1.03,8.7
CHENNAI_VELACHERY,,24-07-2025 00:00,26.23,55.15,13.71,7.46,1.17,8.02
CHENNAI_VELACHERY,,25-07-2025 00:00,26.3,54.07,12.83,6.45,1.0,8.69
CHENNAI_VELACHERY,,26-07-2025 00:00,26.59,67.23,13.7,6.76,1.05,9.13
CHENNAI_VELACHERY,,27-07-2025 00:00,27.36,62.85,12.33,7.55,1.19,10.08
CHENNAI_VELACHERY,,28-07-2025 00:00,25.0,54.29,13.25,7.54,1.19,10.4
CHENNAI_VELACHERY,,29-07-2025 00:00,24.87,53.58,12.92,6.77,1.06,10.55
CHENNAI_VELACHERY,,30-07-2025 00:00,25.1,61.53,12.1,8.29,1.31,11.02
CHENNAI_VELACHERY,,31-07-2025 00:00,23.4,62.08,11.48,6.91,1.08,11.23
CHENNAI_VELACHERY,,01-08-2025 00:00,28.36,69.42,12.46,7.15,1.12,10.86
CHENNAI_VELACHERY,,14-08-2025 00:00,23.93,55.79,13.03,8.36,1.33,7.47
CHENNAI_VELACHERY,,15-08-2025 00:00,30.46,66.12,13.88,8.26,1.31,8.59
CHENNAI_VELACHERY,,16-08-2025 00:00,25.47,68.55,13.98,6.85,1.07,9.41
CHENNAI_VELACHERY,,17-08-2025 00:00,28.91,58.87,13.51,6.66,1.04,8.51
CHENNAI_VELACHERY,,18-08-2025 00:00,26.23,50.75,13.77,7.65,1.2,7.48
CHENNAI_VELACHERY,,19-08-2025 00:00,24.65,50.63,13.82,6.54,1.02,8.38
CHENNAI_VELACHERY,,20-08-2025 00:00,26.88,65.78,13.41,6.21,0.96,9.79
CHENNAI_VELACHERY,,21-08-2025 00:00,28.01,76.33,12.72,7.26,1.14,10.29
CHENNAI_VELACHERY,,22-08-2025 00:00,28.62,64.36,12.67,7.46,1.17,10.16
CHENNAI_VELACHERY,,23-08-2025 00:00,25.54,53.56,13.27,7.46,1.17,8.06
CHENNAI_VELACHERY,,24-08-2025 00:00,25.34,53.55,13.01,8.1,1.28,7.14
CHENNAI_VELACHERY,,25-08-2025 00:00,29.26,65.72,12.17,6.41,1.0,9.41
CHENNAI_VELACHERY,,26-08-2025 00:00,27.33,61.03,12.31,6.25,0.97,9.29
CHENNAI_VELACHERY,,27-08-2025 00:00,28.2,70.84,12.69,7.67,1.21,9.89
CHENNAI_VELACHERY,,28-08-2025 00:00,27.16,57.87,11.45,2.43,0.32,9.45
CHENNAI_VELACHERY,,29-08-2025 00:00,28.61,58.23,11.53,7.27,1.14,9.74
CHENNAI_VELACHERY,,30-08-2025 00:00,29.16,56.8,11.55,7.6,1.2,10.13
CHENNAI_VELACHERY,,31-08-2025 00:00,29.16,66.22,12.48,7.89,1.25,10.6
CHENNAI_VELACHERY,,01-09-2025 00:00,27.87,51.24,11.77,7.36,1.16,7.89
CHENNAI_VELACHERY,,14-09-2025 00:00,31.17,72.96,12.84,6.94,1.09,8.13
CHENNAI_VELACHERY,,15-09-2025 00:00,31.33,67.8,11.96,6.85,1.07,8.76
CHENNAI_VELACHERY,,16-09-2025 00:00,32.09,67.63,12.61,7.28,1.14,9.61
CHENNAI_VELACHERY,,17-09-2025 00:00,28.89,51.4,12.28,7.43,1.17,8.2
CHENNAI_VELACHERY,,18-09-2025 00:00,22.83,52.38,13.08,7.16,1.12,8.23
CHENNAI_VELACHERY,,19-09-2025 00:00,21.05,59.28,12.46,7.39,1.16,10.35
CHENNAI_VELACHERY,,20-09-2025 00:00,28.4,52.01,12.36,7.23,1.13,7.43
CHENNAI_VELACHERY,,21-09-2025 00:00,25.6,50.33,13.44,8.87,1.41,7.35
CHENNAI_VELACHERY,,22-09-2025 00:00,26.36,55.89,13.15,7.57,1.19,8.42
CHENNAI_VELACHERY,,23-09-2025 00:00,25.25,47.32,12.61,7.67,1.21,8.29
CHENNAI_VELACHERY,,24-09-2025 00:00,26.38,52.2,11.63,7.36,1.16,8.85
CHENNAI_VELACHERY,,25-09-2025 00:00,26.34,58.77,12.23,7.19,1.13,9.41
CHENNAI_VELACHERY,,26-09-2025 00:00,30.42,57.09,12.92,7.76,1.22,10.01
CHENNAI_VELACHERY,,27-09-2025 00:00,25.65,47.94,12.02,7.13,1.12,8.71
CHENNAI_VELACHERY,,28-09-2025 00:00,24.65,53.87,13.18,7.41,1.16,9.87
CHENNAI_VELACHERY,,29-09-2025 00:00,23.14,53.83,13.29,6.35,0.99,9.96
CHENNAI_VELACHERY,,30-09-2025 00:00,27.11,61.22,12.65,6.76,1.06,9.3
CHENNAI_VELACHERY,,01-10-2025 00:00,29.75,63.0,11.99,7.12,1.12,8.3
CHENNAI_VELACHERY,,14-10-2025 00:00,21.37,67.33,11.93,6.11,0.94,8.5
CHENNAI_VELACHERY,,15-10-2025 00:00,11.15,45.33,11.44,5.72,0.88,7.58
CHENNAI_VELACHERY,,16-10-2025 00:00,11.15,36.25,12.24,7.69,1.21,6.44
CHENNAI_VELACHERY,,17-10-2025 00:00,11.15,40.41,11.51,6.8,1.06,7.53
CHENNAI_VELACHERY,,18-10-2025 00:00,11.15,31.3,11.97,7.08,1.11,6.48
CHENNAI_VELACHERY,,19-10-2025 00:00,27.98,47.52,13.1,8.43,1.34,5.55
CHENNAI_VELACHERY,,20-10-2025 00:00,39.12,83.6,12.9,7.17,0.96,6.31
CHENNAI_VELACHERY,,21-10-2025 00:00,74.83,98.71,13.58,11.25,1.04,6.46
CHENNAI_VELACHERY,,22-10-2025 00:00,50.37,112.36,13.31,13.87,0.93,5.68
CHENNAI_VELACHERY,,23-10-2025 00:00,19.41,62.98,11.59,10.39,0.59,7.26
CHENNAI_VELACHERY,,24-10-2025 00:00,19.97,73.79,12.69,12.46,0.83,7.56
CHENNAI_VELACHERY,,25-10-2025 00:00,18.63,73.48,12.76,12.46,0.83,5.49
CHENNAI_VELACHERY,,26-10-2025 00:00,20.7,87.39,13.47,12.9,0.88,6.09
CHENNAI_VELACHERY,,27-10-2025 00:00,17.78,79.89,12.28,11.59,0.73,6.87
CHENNAI_VELACHERY,,28-10-2025 00:00,25.92,70.56,12.11,11.55,0.72,5.76
CHENNAI_VELACHERY,,29-10-2025 00:00,20.71,63.86,11.51,11.95,0.77,4.8
CHENNAI_VELACHERY,,30-10-2025 00:00,22.27,89.54,11.82,11.75,0.74,8.12
CHENNAI_VELACHERY,,31-10-2025 00:00,22.12,84.62,12.13,11.52,0.72,8.87
CHENNAI_VELACHERY,,01-11-2025 00:00,23.83,101.46,11.96,12.16,0.79,8.63
CHENNAI_VELACHERY,,14-11-2025 00:00,29.42,112.74,10.77,11.02,0.66,6.68
CHENNAI_VELACHERY,,15-11-2025 00:00,24.22,113.47,11.43,10.78,0.64,6.59
CHENNAI_VELACHERY,,16-11-2025 00:00,25.07,139.16,11.85,12.37,0.82,6.51
CHENNAI_VELACHERY,,17-11-2025 00:00,29.4,133.27,11.03,11.97,0.77,6.74
CHENNAI_VELACHERY,,18-11-2025 00:00,29.2,127.86,11.51,11.56,0.72,5.28
CHENNAI_VELACHERY,,19-11-2025 00:00,21.49,87.47,12.13,12.27,0.8,5.23
CHENNAI_VELACHERY,,20-11-2025 00:00,23.62,106.39,11.74,12.51,0.83,6.67
CHENNAI_VELACHERY,,21-11-2025 00:00,24.29,116.31,11.32,12.27,0.8,5.87
CHENNAI_VELACHERY,,22-11-2025 00:00,18.07,77.65,11.03,12.59,0.84,6.68
CHENNAI_VELACHERY,,23-11-2025 00:00,15.01,61.09,10.44,11.63,0.73,7.2
CHENNAI_VELACHERY,,24-11-2025 00:00,17.77,59.86,10.56,11.41,0.71,7.31
CHENNAI_VELACHERY,,25-11-2025 00:00,22.42,85.15,10.51,11.85,0.76,7.43
CHENNAI_VELACHERY,,26-11-2025 00:00,27.35,109.8,10.12,11.56,0.72,7.33
CHENNAI_VELACHERY,,27-11-2025 00:00,30.33,125.21,10.63,11.53,0.72,6.85
CHENNAI_VELACHERY,,28-11-2025 00:00,24.37,119.37,10.51,11.27,0.69,7.07
CHENNAI_VELACHERY,,29-11-2025 00:00,28.48,130.17,11.26,12.47,0.83,6.93
CHENNAI_VELACHERY,,30-11-2025 00:00,21.39,89.38,10.82,11.67,0.74,5.19
CHENNAI_VELACHERY,,01-12-2025 00:00,17.56,58.31,10.41,12.18,0.79,4.96
CHENNAI_VELACHERY,,14-12-2025 00:00,23.49,117.13,11.5,12.03,0.78,4.44
CHENNAI_VELACHERY,,15-12-2025 00:00,17.81,102.99,11.81,12.53,0.83,4.42
CHENNAI_VELACHERY,,16-12-2025 00:00,13.0,128.94,12.05,13.03,0.89,4.92
CHENNAI_VELACHERY,,17-12-2025 00:00,8.19,111.68,10.99,12.07,0.78,5.81
CHENNAI_VELACHERY,,18-12-2025 00:00,7.75,70.83,10.87,12.29,0.81,6.18
CHENNAI_VELACHERY,,19-12-2025 00:00,7.75,124.49,11.19,12.59,0.84,4.74
CHENNAI_VELACHERY,,20-12-2025 00:00,7.74,140.88,11.27,12.71,0.85,4.49
CHENNAI_VELACHERY,,21-12-2025 00:00,7.73,157.11,11.87,13.46,0.94,4.42
CHENNAI_VELACHERY,,22-12-2025 00:00,7.73,142.51,11.54,12.59,0.84,4.83
CHENNAI_VELACHERY,,23-12-2025 00:00,7.73,114.3,11.36,12.54,0.83,5.07
CHENNAI_VELACHERY,,24-12-2025 00:00,7.73,124.17,11.28,12.95,0.88,4.71
CHENNAI_VELACHERY,,25-12-2025 00:00,7.73,134.48,11.94,12.11,0.79,4.85
CHENNAI_VELACHERY,,26-12-2025 00:00,7.73,139.94,11.91,13.06,0.89,5.01
CHENNAI_VELACHERY,,27-12-2025 00:00,7.73,100.29,10.47,12.56,0.84,5.53
CHENNAI_VELACHERY,,28-12-2025 00:00,7.73,120.96,11.22,12.46,0.83,4.89
CHENNAI_VELACHERY,,29-12-2025 00:00,7.73,126.3,11.45,13.45,0.94,5.17
CHENNAI_VELACHERY,,30-12-2025 00:00,7.73,146.15,11.29,12.26,0.8,5.01
CHENNAI_VELACHERY,,31-12-2025 00:00,7.73,172.44,11.7,13.2,0.91,5.42
CHENNAI_VELACHERY,,01-01-2026 00:00,7.73,155.47,12.1,14.02,1.0,6.06
CHENNAI_VELACHERY,,14-01-2026 00:00,33.69,81.11,10.9,4.57,0.0,5.98
CHENNAI_VELACHERY,,15-01-2026 00:00,70.43,107.69,11.06,6.04,0.0,5.22
CHENNAI_VELACHERY,,16-01-2026 00:00,49.75,76.07,10.93,4.37,0.0,5.25
CHENNAI_VELACHERY,,17-01-2026 00:00,49.67,75.95,10.35,5.04,0.0,5.09
CHENNAI_VELACHERY,,18-01-2026 00:00,50.55,77.28,10.3,4.83,0.0,5.07
CHENNAI_VELACHERY,,19-01-2026 00:00,55.175,84.215,10.455,4.675,0.0,5.21
CHENNAI_VELACHERY,,20-01-2026 00:00,59.8,91.15,10.61,4.52,0.0,5.35
CHENNAI_VELACHERY,,21-01-2026 00:00,61.1,92.27,11.58,5.43,0.0,4.43
CHENNAI_VELACHERY,,22-01-2026 00:00,52.09,78.01,11.41,5.77,0.0,4.76
CHENNAI_VELACHERY,,23-01-2026 00:00,38.92,59.5,11.17,4.68,0.0,4.78
CHENNAI_VELACHERY,,24-01-2026 00:00,58.94,84.36,11.72,5.98,0.0,4.41
CHENNAI_VELACHERY,,25-01-2026 00:00,44.27,52.77,10.97,4.62,0.0,4.35
CHENNAI_VELACHERY,,26-01-2026 00:00,32.03,44.2,12.05,5.49,0.0,4.58
CHENNAI_VELACHERY,,27-01-2026 00:00,29.37,36.42,11.41,4.91,0.0,5.12
CHENNAI_VELACHERY,,28-01-2026 00:00,48.37,65.56,10.7,4.78,0.0,5.37
CHENNAI_VELACHERY,,29-01-2026 00:00,54.25,82.99,11.07,5.86,0.0,4.89
CHENNAI_VELACHERY,,30-01-2026 00:00,62.64,96.02,11.1,5.43,0.0,4.91
CHENNAI_VELACHERY,,31-01-2026 00:00,54.56,83.04,11.45,5.17,0.0,4.77
CHENNAI_VELACHERY,,01-02-2026 00:00,39.32,54.93,11.05,5.28,0.0,5.09
CHENNAI_VELACHERY,,14-02-2026 00:00,60.03,355.92,11.01,5.43,0.0,5.81
CHENNAI_VELACHERY,,15-02-2026 00:00,73.86,151.53,10.89,4.1,0.0,5.77
CHENNAI_VELACHERY,,16-02-2026 00:00,55.59,495.74,11.1,5.96,0.0,5.54
CHENNAI_VELACHERY,,17-02-2026 00:00,62.98,233.62,10.6,5.33,0.0,5.34
CHENNAI_VELACHERY,,17-02-2026 00:00,62.98,233.62,11.48,4.96,0.0,2.93
DELHI_ANANT_VIHAR,2025-01-01,02-01-2025 00:00,207.96,327.35,70.21,12.16,2.13,4.17
DELHI_ANANT_VIHAR,2025-01-02,02-02-2025 00:00,357.27,537.13,106.93,12.91,3.15,7.14
DELHI_ANANT_VIHAR,2025-01-03,02-03-2025 00:00,70.44,128.52,84.89,18.04,1.46,7.34
DELHI_ANANT_VIHAR,2025-01-04,02-04-2025 00:00,60.25,197.67,55.08,9.72,2.23,22.91
DELHI_ANANT_VIHAR,2025-01-05,02-05-2025 00:00,85.39,204.17,44.75,26.23,1.83,26.71
DELHI_ANANT_VIHAR,2025-01-06,02-06-2025 00:00,49.08,246.63,62.44,26.79,0.99,8.73
DELHI_ANANT_VIHAR,2025-01-07,02-07-2025 00:00,30.2,75.64,43.18,18.02,1.0,4.93
DELHI_ANANT_VIHAR,2025-01-08,02-08-2025 00:00,32.39,78.16,38.67,24.94,0.72,9.18
DELHI_ANANT_VIHAR,2025-01-09,02-09-2025 00:00,26.94,54.38,19.54,26.19,1.51,10.53
DELHI_ANANT_VIHAR,2025-01-10,02-10-2025 00:00,48.66,149.11,21.43,15.47,1.22,5.58
DELHI_ANANT_VIHAR,2025-01-11,02-11-2025 00:00,211.57,390.6,87.08,43.56,3.57,23.65
DELHI_ANANT_VIHAR,2025-01-12,02-12-2025 00:00,215.26,397.38,105.9,96.39,3.67,18.44
DELHI_ANANT_VIHAR,2025-02-01,03-01-2025 00:00,208.17,319.46,67.96,7.86,2.16,4.55
DELHI_ANANT_VIHAR,2025-02-02,03-02-2025 00:00,198.22,302.93,70.34,8.38,1.87,4.37
DELHI_ANANT_VIHAR,2025-02-03,03-03-2025 00:00,85.46,192.38,105.2,26.86,1.54,10.12
DELHI_ANANT_VIHAR,2025-02-04,03-04-2025 00:00,95.26,280.46,65.76,18.81,3.26,15.89
DELHI_ANANT_VIHAR,2025-02-05,03-05-2025 00:00,54.83,147.65,53.71,15.39,1.77,18.42
DELHI_ANANT_VIHAR,2025-02-06,03-06-2025 00:00,45.08,182.58,65.0,23.66,1.51,19.25
DELHI_ANANT_VIHAR,2025-02-07,03-07-2025 00:00,26.83,88.54,34.86,18.2,0.93,3.23
DELHI_ANANT_VIHAR,2025-02-08,03-08-2025 00:00,36.21,118.79,41.75,43.46,0.58,9.61
DELHI_ANANT_VIHAR,2025-02-09,03-09-2025 00:00,16.57,28.56,15.98,32.25,1.43,11.01
DELHI_ANANT_VIHAR,2025-02-10,03-10-2025 00:00,53.83,136.67,16.3,63.84,1.12,3.7
DELHI_ANANT_VIHAR,2025-02-11,03-11-2025 00:00,217.61,390.42,90.82,18.38,3.82,25.06
DELHI_ANANT_VIHAR,2025-02-12,03-12-2025 00:00,272.92,468.46,113.28,125.29,3.14,15.07
DELHI_ANANT_VIHAR,2025-03-01,04-01-2025 00:00,470.81,675.09,117.78,23.07,3.04,5.39
DELHI_ANANT_VIHAR,2025-03-02,04-02-2025 00:00,179.73,281.64,187.1,4.59,0.47,1.21
DELHI_ANANT_VIHAR,2025-03-03,04-03-2025 00:00,68.28,228.32,121.92,47.73,1.28,17.94
DELHI_ANANT_VIHAR,2025-03-04,04-04-2025 00:00,130.95,318.54,75.85,18.53,4.0,13.71
DELHI_ANANT_VIHAR,2025-03-05,04-05-2025 00:00,98.33,222.0,65.39,20.64,2.57,11.84
DELHI_ANANT_VIHAR,2025-03-06,04-06-2025 00:00,48.67,202.21,65.11,27.89,1.26,11.83
DELHI_ANANT_VIHAR,2025-03-07,04-07-2025 00:00,25.54,71.83,29.66,12.72,0.81,6.03
DELHI_ANANT_VIHAR,2025-03-08,04-08-2025 00:00,41.29,129.0,41.77,8.41,0.64,10.16
DELHI_ANANT_VIHAR,2025-03-09,04-09-2025 00:00,42.38,73.67,21.55,17.865000000000002,1.63,11.07
DELHI_ANANT_VIHAR,2025-03-10,04-10-2025 00:00,42.29,116.46,18.31,27.32,1.24,2.2
DELHI_ANANT_VIHAR,2025-03-11,04-11-2025 00:00,227.12,444.04,96.44,13.93,2.94,25.31
DELHI_ANANT_VIHAR,2025-03-12,04-12-2025 00:00,191.42,329.7,87.54,44.67,2.96,14.16
DELHI_ANANT_VIHAR,2025-04-01,05-01-2025 00:00,358.85,454.33,82.99,12.07,2.78,7.14
DELHI_ANANT_VIHAR,2025-04-02,05-02-2025 00:00,209.57000000000002,324.125,236.67,1.77,0.98,0.9
DELHI_ANANT_VIHAR,2025-04-03,05-03-2025 00:00,60.29,193.92,97.52,14.11,1.46,12.34
DELHI_ANANT_VIHAR,2025-04-04,05-04-2025 00:00,96.18,318.17,69.57,12.23,3.44,16.85
DELHI_ANANT_VIHAR,2025-04-05,05-05-2025 00:00,92.12,240.92,65.82,17.71,2.52,15.12
DELHI_ANANT_VIHAR,2025-04-06,05-06-2025 00:00,56.44,187.88,62.82,41.82,0.85,11.55
DELHI_ANANT_VIHAR,2025-04-07,05-07-2025 00:00,28.96,74.25,35.67,18.17,1.09,4.67
DELHI_ANANT_VIHAR,2025-04-08,05-08-2025 00:00,36.5,128.29,40.84,42.5,0.57,10.73
DELHI_ANANT_VIHAR,2025-04-09,05-09-2025 00:00,48.71,81.38,19.55,29.73,1.66,20.33
DELHI_ANANT_VIHAR,2025-04-10,05-10-2025 00:00,90.75,212.38,22.0,16.96,1.22,2.88
DELHI_ANANT_VIHAR,2025-04-11,05-11-2025 00:00,170.5,388.08,80.71,30.82,4.02,20.24
DELHI_ANANT_VIHAR,2025-04-12,05-12-2025 00:00,171.46,304.42,86.15,30.86,2.98,15.47
DELHI_ANANT_VIHAR,2025-05-01,06-01-2025 00:00,190.02,269.27,54.28,9.62,1.73,5.16
DELHI_ANANT_VIHAR,2025-05-02,06-02-2025 00:00,113.025,1.0,232.23,1.79,0.87,0.9
DELHI_ANANT_VIHAR,2025-05-03,06-03-2025 00:00,36.03,164.67,76.62,10.84,1.19,20.32
DELHI_ANANT_VIHAR,2025-05-04,06-04-2025 00:00,72.05,204.88,57.59,15.83,2.46,16.8
DELHI_ANANT_VIHAR,2025-05-05,06-05-2025 00:00,41.88,125.96,57.05,15.2,1.44,17.02
DELHI_ANANT_VIHAR,2025-05-06,06-06-2025 00:00,71.07,224.8,70.25,26.05,0.76,32.43
DELHI_ANANT_VIHAR,2025-05-07,06-07-2025 00:00,37.54,94.62,39.07,26.03,0.97,1.69
DELHI_ANANT_VIHAR,2025-05-08,06-08-2025 00:00,39.11,123.2,51.47,12.47,0.61,11.11
DELHI_ANANT_VIHAR,2025-05-09,06-09-2025 00:00,52.19,95.86,21.61,29.72,1.66,12.53
DELHI_ANANT_VIHAR,2025-05-10,06-10-2025 00:00,76.79,275.83,23.91,32.11,1.44,5.55
DELHI_ANANT_VIHAR,2025-05-11,06-11-2025 00:00,116.5,233.5,59.68,30.58,2.63,21.19
DELHI_ANANT_VIHAR,2025-05-12,06-12-2025 00:00,207.79,351.17,106.29,35.38,3.44,16.99
DELHI_ANANT_VIHAR,2025-06-01,07-01-2025 00:00,226.06,325.59,68.1,10.17,2.3,4.01
DELHI_ANANT_VIHAR,2025-06-02,07-02-2025 00:00,1.0,1.0,128.78,1.8,1.19,0.9
DELHI_ANANT_VIHAR,2025-06-03,07-03-2025 00:00,60.8,208.88,96.94,28.63,2.16,19.11
DELHI_ANANT_VIHAR,2025-06-04,07-04-2025 00:00,86.16,247.04,68.37,13.28,3.4,14.67
DELHI_ANANT_VIHAR,2025-06-05,07-05-2025 00:00,61.54,155.83,59.07,17.11,1.37,17.64
DELHI_ANANT_VIHAR,2025-06-06,07-06-2025 00:00,52.96,229.33,74.16,17.77,0.79,39.93
DELHI_ANANT_VIHAR,2025-06-07,07-07-2025 00:00,49.54,120.33,34.32,26.54,1.08,3.04
DELHI_ANANT_VIHAR,2025-06-08,07-08-2025 00:00,35.5,136.38,42.83,17.48,0.59,11.14
DELHI_ANANT_VIHAR,2025-06-09,07-09-2025 00:00,56.81,102.9,23.22,31.48,1.71,12.21
DELHI_ANANT_VIHAR,2025-06-10,07-10-2025 00:00,43.06,107.71,20.69,70.53,1.05,3.83
DELHI_ANANT_VIHAR,2025-06-11,07-11-2025 00:00,165.12,299.58,81.65,29.22,2.88,34.85
DELHI_ANANT_VIHAR,2025-06-12,07-12-2025 00:00,185.58,318.96,102.57,39.4,2.91,13.86
DELHI_ANANT_VIHAR,2025-07-01,08-01-2025 00:00,211.79,336.69,69.54,19.46,1.74,4.03
DELHI_ANANT_VIHAR,2025-07-02,08-02-2025 00:00,75.74,194.11,86.49,4.45,1.02,6.89
DELHI_ANANT_VIHAR,2025-07-03,08-03-2025 00:00,110.22,272.07,96.92,15.91,2.51,12.76
DELHI_ANANT_VIHAR,2025-07-04,08-04-2025 00:00,148.25,371.75,69.22,25.1,4.28,14.51
DELHI_ANANT_VIHAR,2025-07-05,08-05-2025 00:00,56.92,139.96,57.9,19.03,2.12,19.27
DELHI_ANANT_VIHAR,2025-07-06,08-06-2025 00:00,76.31,256.08,65.98,30.63,0.83,30.27
DELHI_ANANT_VIHAR,2025-07-07,08-07-2025 00:00,35.65,86.04,70.89,20.8,1.16,5.85
DELHI_ANANT_VIHAR,2025-07-08,08-08-2025 00:00,50.91,252.75,44.97,30.56,0.71,15.69
DELHI_ANANT_VIHAR,2025-07-09,08-09-2025 00:00,47.91,92.32,23.12,23.98,1.7,11.18
DELHI_ANANT_VIHAR,2025-07-10,08-10-2025 00:00,30.38,60.38,20.26,59.62,1.08,11.19
DELHI_ANANT_VIHAR,2025-07-11,08-11-2025 00:00,238.83,408.08,102.97,36.23,3.25,41.5
DELHI_ANANT_VIHAR,2025-07-12,08-12-2025 00:00,181.32,311.38,100.36,47.98,2.43,5.66
DELHI_ANANT_VIHAR,2025-08-01,09-01-2025 00:00,205.46,375.4,79.28,17.23,2.37,7.32
DELHI_ANANT_VIHAR,2025-08-02,09-02-2025 00:00,92.55,246.29,95.78,8.98,1.42,6.16
DELHI_ANANT_VIHAR,2025-08-03,09-03-2025 00:00,83.38,238.5,89.04,5.1,1.92,13.64
DELHI_ANANT_VIHAR,2025-08-04,09-04-2025 00:00,101.57,297.04,50.5,13.78,2.9,17.22
DELHI_ANANT_VIHAR,2025-08-05,09-05-2025 00:00,102.29,214.71,63.67,75.39,2.02,9.66
DELHI_ANANT_VIHAR,2025-08-06,09-06-2025 00:00,87.04,282.04,69.4,30.41,0.96,38.32
DELHI_ANANT_VIHAR,2025-08-07,09-07-2025 00:00,43.16,149.92,49.01,30.58,1.21,2.08
DELHI_ANANT_VIHAR,2025-08-08,09-08-2025 00:00,60.98,294.83,42.81,24.1,0.55,14.83
DELHI_ANANT_VIHAR,2025-08-09,09-09-2025 00:00,70.68,143.18,24.54,28.06,1.79,14.11
DELHI_ANANT_VIHAR,2025-08-10,09-10-2025 00:00,55.71,120.21,23.81,22.3,1.23,14.83
DELHI_ANANT_VIHAR,2025-08-11,09-11-2025 00:00,303.29,472.78,127.9,39.67,3.67,47.19
DELHI_ANANT_VIHAR,2025-08-12,09-12-2025 00:00,176.21,316.04,99.3,36.59,2.48,10.78
DELHI_ANANT_VIHAR,2025-09-01,10-01-2025 00:00,436.83,636.49,69.75,25.48,4.57,7.48
DELHI_ANANT_VIHAR,2025-09-02,10-02-2025 00:00,140.99,327.78,103.01,10.77,1.85,5.38
DELHI_ANANT_VIHAR,2025-09-03,10-03-2025 00:00,120.26,305.3,88.25,12.34,2.32,17.59
DELHI_ANANT_VIHAR,2025-09-04,10-04-2025 00:00,93.81,295.54,43.55,12.17,3.67,15.06
DELHI_ANANT_VIHAR,2025-09-05,10-05-2025 00:00,69.75,178.0,58.17,12.58,2.55,11.47
DELHI_ANANT_VIHAR,2025-09-06,10-06-2025 00:00,81.58,325.42,87.02,26.51,1.06,12.08
DELHI_ANANT_VIHAR,2025-09-07,10-07-2025 00:00,25.81,92.0,49.59,26.33,0.91,6.79
DELHI_ANANT_VIHAR,2025-09-08,10-08-2025 00:00,30.61,101.6,40.52,41.25,0.72,15.48
DELHI_ANANT_VIHAR,2025-09-09,10-09-2025 00:00,61.66,142.98,26.54,36.52,1.52,7.14
DELHI_ANANT_VIHAR,2025-09-10,10-10-2025 00:00,39.71,137.25,23.89,42.52,1.19,21.63
DELHI_ANANT_VIHAR,2025-09-11,10-11-2025 00:00,250.04,410.38,138.58,43.76,3.56,38.33
DELHI_ANANT_VIHAR,2025-09-12,10-12-2025 00:00,154.16,299.84,94.43,29.77,2.49,16.05
DELHI_ANANT_VIHAR,2025-10-01,11-01-2025 00:00,353.12,467.82,49.26,31.18,3.14,6.84
DELHI_ANANT_VIHAR,2025-10-02,11-02-2025 00:00,168.25,438.34,106.32,9.63,2.25,5.57
DELHI_ANANT_VIHAR,2025-10-03,11-03-2025 00:00,99.5,237.91,75.22,22.78,1.8,25.76
DELHI_ANANT_VIHAR,2025-10-04,11-04-2025 00:00,78.4,296.76,58.6,37.06,2.25,13.15
DELHI_ANANT_VIHAR,2025-10-05,11-05-2025 00:00,117.88,255.08,66.51,13.89,1.82,11.16
DELHI_ANANT_VIHAR,2025-10-06,11-06-2025 00:00,61.5,344.96,78.62,21.44,1.24,30.07
DELHI_ANANT_VIHAR,2025-10-07,11-07-2025 00:00,27.95,59.59,53.71,19.74,1.05,6.99
DELHI_ANANT_VIHAR,2025-10-08,11-08-2025 00:00,54.17,140.43,51.08,21.71,0.75,19.77
DELHI_ANANT_VIHAR,2025-10-09,11-09-2025 00:00,39.48,86.89,31.07,30.4,1.4,6.4
DELHI_ANANT_VIHAR,2025-10-10,11-10-2025 00:00,65.12,265.67,28.84,19.09,1.26,30.27
DELHI_ANANT_VIHAR,2025-10-11,11-11-2025 00:00,305.53,487.23,149.67,47.63,4.29,33.51
DELHI_ANANT_VIHAR,2025-10-12,11-12-2025 00:00,131.92,267.71,82.44,22.85,2.4,15.96
DELHI_ANANT_VIHAR,2025-11-01,12-01-2025 00:00,207.29,262.53,52.71,9.59,1.85,3.86
DELHI_ANANT_VIHAR,2025-11-02,12-02-2025 00:00,219.66,439.93,109.66,14.58,2.35,9.6
DELHI_ANANT_VIHAR,2025-11-03,12-03-2025 00:00,136.33,373.7,111.03,18.87,2.27,18.08
DELHI_ANANT_VIHAR,2025-11-04,12-04-2025 00:00,39.87,152.02,36.75,144.49,1.93,13.18
DELHI_ANANT_VIHAR,2025-11-05,12-05-2025 00:00,82.25,211.88,59.95,8.86,1.6,17.2
DELHI_ANANT_VIHAR,2025-11-06,12-06-2025 00:00,83.08,322.42,69.98,28.28,1.08,30.77
DELHI_ANANT_VIHAR,2025-11-07,12-07-2025 00:00,56.8,113.22,60.55,27.03,1.23,8.3
DELHI_ANANT_VIHAR,2025-11-08,12-08-2025 00:00,45.41,162.96,44.31,26.37,0.6,21.48
DELHI_ANANT_VIHAR,2025-11-09,12-09-2025 00:00,53.75,128.92,29.19,31.06,1.42,6.47
DELHI_ANANT_VIHAR,2025-11-10,12-10-2025 00:00,90.79,348.17,29.6,16.99,1.53,22.67
DELHI_ANANT_VIHAR,2025-11-11,12-11-2025 00:00,350.62,560.38,158.84,48.42,3.48,18.07
DELHI_ANANT_VIHAR,2025-11-12,12-12-2025 00:00,214.78,377.58,93.02,17.12,3.59,16.19
DELHI_ANANT_VIHAR,2025-12-01,13-01-2025 00:00,204.3,274.62,54.85,8.59,2.42,3.84
DELHI_ANANT_VIHAR,2025-12-02,13-02-2025 00:00,99.96,276.45,66.28,8.98,1.18,9.96
DELHI_ANANT_VIHAR,2025-12-03,13-03-2025 00:00,94.47,270.39,87.58,7.21,1.49,12.56
DELHI_ANANT_VIHAR,2025-12-04,13-04-2025 00:00,37.42,118.58,51.04,14.98,3.7,19.65
DELHI_ANANT_VIHAR,2025-12-05,13-05-2025 00:00,50.57,173.46,73.81,9.35,1.31,26.43
DELHI_ANANT_VIHAR,2025-12-06,13-06-2025 00:00,74.12,198.33,39.58,23.12,0.94,11.21
DELHI_ANANT_VIHAR,2025-12-07,13-07-2025 00:00,64.62,129.54,56.95,23.55,1.28,8.45
DELHI_ANANT_VIHAR,2025-12-08,13-08-2025 00:00,56.9,129.27,46.74,31.66,0.73,16.24
DELHI_ANANT_VIHAR,2025-12-09,13-09-2025 00:00,70.75,191.54,30.79,24.26,1.54,5.45
DELHI_ANANT_VIHAR,2025-12-10,13-10-2025 00:00,72.21,369.58,28.55,30.04,1.28,32.02
DELHI_ANANT_VIHAR,2025-12-11,13-11-2025 00:00,347.31,541.81,139.1,51.45,3.56,13.99
DELHI_ANANT_VIHAR,2025-12-12,13-12-2025 00:00,355.21,569.52,101.63,19.08,4.73,15.92
DELHI_ANANT_VIHAR,2026-01-01,02-01-2026 00:00,262.83,367.05,17.33,21.22,2.0,3.67
DELHI_ANANT_VIHAR,2026-01-02,02-02-2026 00:00,123.66,243.01,25.25,26.55,1.58,4.16
DELHI_ANANT_VIHAR,2026-02-01,03-01-2026 00:00,114.87,194.38,12.18,21.77,1.11,5.96
DELHI_ANANT_VIHAR,2026-02-02,03-02-2026 00:00,160.71,298.83,35.82,13.8,2.01,9.47
DELHI_ANANT_VIHAR,2026-03-01,04-01-2026 00:00,177.29,350.77,25.16,18.56,1.36,7.27
DELHI_ANANT_VIHAR,2026-03-02,04-02-2026 00:00,192.0,351.21,54.14,29.63,1.98,11.21
DELHI_ANANT_VIHAR,2026-04-01,05-01-2026 00:00,172.96,301.71,23.15,16.08,1.55,9.12
DELHI_ANANT_VIHAR,2026-04-02,05-02-2026 00:00,227.83,407.58,41.67,28.75,2.13,11.55
DELHI_ANANT_VIHAR,2026-05-01,06-01-2026 00:00,169.42,324.29,24.29,25.1,1.0,4.59
DELHI_ANANT_VIHAR,2026-05-02,06-02-2026 00:00,128.71,288.42,42.39,24.37,1.33,9.79
DELHI_ANANT_VIHAR,2026-06-01,07-01-2026 00:00,195.49,329.69,21.22,16.26,1.02,4.29
DELHI_ANANT_VIHAR,2026-06-02,07-02-2026 00:00,118.03,257.52,44.27,27.92,1.53,11.46
DELHI_ANANT_VIHAR,2026-07-01,08-01-2026 00:00,168.13,293.46,15.99,16.97,0.71,3.56
DELHI_ANANT_VIHAR,2026-07-02,08-02-2026 00:00,117.46,259.71,42.56,24.45,1.5,10.95
DELHI_ANANT_VIHAR,2026-08-01,09-01-2026 00:00,230.57,390.83,20.83,16.8,1.24,6.72
DELHI_ANANT_VIHAR,2026-08-02,09-02-2026 00:00,91.0,244.54,40.93,32.29,1.59,10.99
DELHI_ANANT_VIHAR,2026-09-01,10-01-2026 00:00,281.21,444.17,34.06,18.52,1.69,11.93
DELHI_ANANT_VIHAR,2026-09-02,10-02-2026 00:00,167.21,374.13,51.02,23.35,3.21,9.59
DELHI_ANANT_VIHAR,2026-10-01,11-01-2026 00:00,206.21,358.88,41.36,8.94,1.45,8.57
DELHI_ANANT_VIHAR,2026-10-02,11-02-2026 00:00,197.04,438.83,66.08,13.94,3.42,10.35
DELHI_ANANT_VIHAR,2026-11-01,12-01-2026 00:00,176.79,294.42,36.9,9.96,1.07,10.2
DELHI_ANANT_VIHAR,2026-11-02,12-02-2026 00:00,198.2,397.0,82.21,8.8,2.88,6.2
DELHI_ANANT_VIHAR,2026-12-01,13-01-2026 00:00,236.92,362.38,42.41,23.1,1.41,8.2
DELHI_ANANT_VIHAR,2026-12-02,13-02-2026 00:00,91.43,238.0,68.57,15.22,1.57,9.08
DELHI_ANANT_VIHAR,,14-01-2025 00:00,183.11,297.05,60.9,71.85,2.06,3.07
DELHI_ANANT_VIHAR,,15-01-2025 00:00,256.15,388.28,59.76,167.86,2.64,3.33
DELHI_ANANT_VIHAR,,16-01-2025 00:00,417.56,540.67,52.63,28.19,4.74,9.03
DELHI_ANANT_VIHAR,,17-01-2025 00:00,267.42,346.21,55.85,16.01,3.67,7.61
DELHI_ANANT_VIHAR,,18-01-2025 00:00,207.21,297.6,47.93,20.47,3.18,4.36
DELHI_ANANT_VIHAR,,19-01-2025 00:00,199.73,329.37,46.76,15.05,2.71,7.01
DELHI_ANANT_VIHAR,,20-01-2025 00:00,308.28,506.62,73.78,11.33,4.23,7.72
DELHI_ANANT_VIHAR,,21-01-2025 00:00,202.96,350.04,89.81,63.93,3.18,4.84
DELHI_ANANT_VIHAR,,22-01-2025 00:00,165.15,305.78,100.43,9.35,2.12,6.19
DELHI_ANANT_VIHAR,,23-01-2025 00:00,151.02,331.37,80.32,11.25,2.2,5.93
DELHI_ANANT_VIHAR,,24-01-2025 00:00,140.54,250.42,78.05,7.32,2.03,5.48
DELHI_ANANT_VIHAR,,25-01-2025 00:00,105.78,220.55,87.74,12.16,1.31,7.1
DELHI_ANANT_VIHAR,,26-01-2025 00:00,104.53,270.31,80.29,16.06,1.46,7.43
DELHI_ANANT_VIHAR,,27-01-2025 00:00,193.3,428.0,136.49,10.18,2.91,4.45
DELHI_ANANT_VIHAR,,28-01-2025 00:00,163.89,366.38,115.43,7.12,2.46,5.73
DELHI_ANANT_VIHAR,,29-01-2025 00:00,168.43,384.07,131.44,9.83,2.79,7.42
DELHI_ANANT_VIHAR,,30-01-2025 00:00,264.51,434.27,123.84,15.71,2.69,9.18
DELHI_ANANT_VIHAR,,31-01-2025 00:00,201.45,327.71,102.65,24.63,2.21,6.36
DELHI_ANANT_VIHAR,,01-02-2025 00:00,294.96,475.28,93.86,19.86,3.36,10.57
DELHI_ANANT_VIHAR,,14-02-2025 00:00,46.42,240.79,54.65,15.25,0.48,25.4
DELHI_ANANT_VIHAR,,15-02-2025 00:00,68.31,187.69,76.21,18.57,0.9,9.15
DELHI_ANANT_VIHAR,,16-02-2025 00:00,117.14,316.55,83.83,11.81,2.1,6.69
DELHI_ANANT_VIHAR,,17-02-2025 00:00,189.0,355.54,73.31,12.51,1.77,14.0
DELHI_ANANT_VIHAR,,18-02-2025 00:00,156.08,356.85,78.56,16.49,2.24,8.1
DELHI_ANANT_VIHAR,,19-02-2025 00:00,94.45,259.63,70.17,18.7,2.01,8.92
DELHI_ANANT_VIHAR,,20-02-2025 00:00,99.19,256.38,64.47,7.58,1.12,11.23
DELHI_ANANT_VIHAR,,21-02-2025 00:00,70.3,152.47,41.27,12.76,0.49,14.41
DELHI_ANANT_VIHAR,,22-02-2025 00:00,86.31,174.08,69.87,9.9,2.08,18.07
DELHI_ANANT_VIHAR,,23-02-2025 00:00,60.04,131.12,57.08,8.2,1.51,9.06
DELHI_ANANT_VIHAR,,24-02-2025 00:00,75.08,177.92,84.64,17.74,1.17,16.08
DELHI_ANANT_VIHAR,,25-02-2025 00:00,127.33,244.56,91.65,8.62,1.72,12.04
DELHI_ANANT_VIHAR,,26-02-2025 00:00,99.35,272.12,98.33,19.27,2.29,15.02
DELHI_ANANT_VIHAR,,27-02-2025 00:00,142.38,346.75,110.35,22.0,3.79,11.56
DELHI_ANANT_VIHAR,,28-02-2025 00:00,123.29,286.81,80.57,16.83,2.48,5.14
DELHI_ANANT_VIHAR,,01-03-2025 00:00,85.46,131.46,54.96,20.15,1.75,5.86
DELHI_ANANT_VIHAR,,14-03-2025 00:00,91.0,238.05,81.73,17.92,1.41,15.21
DELHI_ANANT_VIHAR,,15-03-2025 00:00,108.17,212.54,82.02,18.63,2.39,14.84
DELHI_ANANT_VIHAR,,16-03-2025 00:00,34.23,86.34,59.7,14.19,1.08,15.57
DELHI_ANANT_VIHAR,,17-03-2025 00:00,43.39,124.22,75.87,13.76,1.17,15.41
DELHI_ANANT_VIHAR,,18-03-2025 00:00,57.0,135.58,77.38,12.56,1.24,15.08
DELHI_ANANT_VIHAR,,19-03-2025 00:00,51.23,135.62,78.03,12.77,1.35,17.2
DELHI_ANANT_VIHAR,,20-03-2025 00:00,77.0,199.96,80.93,13.29,2.26,14.57
DELHI_ANANT_VIHAR,,21-03-2025 00:00,63.25,204.96,73.64,6.68,2.48,13.8
DELHI_ANANT_VIHAR,,22-03-2025 00:00,58.17,202.91,69.23,11.35,2.41,16.69
DELHI_ANANT_VIHAR,,23-03-2025 00:00,75.79,242.82,80.79,14.33,2.6,14.6
DELHI_ANANT_VIHAR,,24-03-2025 00:00,77.62,264.2,87.51,6.76,3.03,20.63
DELHI_ANANT_VIHAR,,25-03-2025 00:00,113.96,342.88,92.79,14.83,2.93,19.8
DELHI_ANANT_VIHAR,,26-03-2025 00:00,130.92,318.78,95.73,16.23,3.99,20.85
DELHI_ANANT_VIHAR,,27-03-2025 00:00,156.11,364.17,87.83,34.05,4.5,14.13
DELHI_ANANT_VIHAR,,28-03-2025 00:00,122.69,423.83,67.25,16.87,3.92,7.92
DELHI_ANANT_VIHAR,,29-03-2025 00:00,67.84,310.42,45.11,11.66,2.27,14.2
DELHI_ANANT_VIHAR,,30-03-2025 00:00,49.4,189.78,45.79,5.22,1.59,25.02
DELHI_ANANT_VIHAR,,31-03-2025 00:00,45.95,157.88,50.85,20.88,2.05,25.05
DELHI_ANANT_VIHAR,,01-04-2025 00:00,74.42,172.26,59.1,14.89,2.11,19.86
DELHI_ANANT_VIHAR,,14-04-2025 00:00,61.0,180.62,86.87,11.37,1.53,24.18
DELHI_ANANT_VIHAR,,15-04-2025 00:00,61.33,231.96,64.33,9.12,1.11,19.59
DELHI_ANANT_VIHAR,,16-04-2025 00:00,56.12,201.25,56.55,6.88,1.63,24.33
DELHI_ANANT_VIHAR,,17-04-2025 00:00,81.58,259.54,63.49,10.71,2.17,21.83
DELHI_ANANT_VIHAR,,18-04-2025 00:00,80.54,267.21,67.55,13.99,2.41,31.23
DELHI_ANANT_VIHAR,,19-04-2025 00:00,71.62,259.54,45.0,26.38,2.41,33.76
DELHI_ANANT_VIHAR,,20-04-2025 00:00,41.03,163.31,41.75,22.04,2.62,16.41
DELHI_ANANT_VIHAR,,21-04-2025 00:00,55.83,185.83,42.02,15.53,2.42,22.28
DELHI_ANANT_VIHAR,,22-04-2025 00:00,74.0,275.04,83.59,25.51,3.19,17.39
DELHI_ANANT_VIHAR,,23-04-2025 00:00,87.97,297.82,108.82,22.99,3.86,16.98
DELHI_ANANT_VIHAR,,24-04-2025 00:00,76.52,279.94,107.04,34.019999999999996,3.1,24.48
DELHI_ANANT_VIHAR,,25-04-2025 00:00,98.05,317.42,114.56,45.05,3.92,21.48
DELHI_ANANT_VIHAR,,26-04-2025 00:00,147.54,374.04,106.15,34.17,3.36,21.5
DELHI_ANANT_VIHAR,,27-04-2025 00:00,132.76,345.42,112.72,6.98,2.73,31.41
DELHI_ANANT_VIHAR,,28-04-2025 00:00,96.88,305.96,95.87,10.85,1.53,26.84
DELHI_ANANT_VIHAR,,29-04-2025 00:00,116.42,346.79,73.61,12.37,1.82,33.65
DELHI_ANANT_VIHAR,,30-04-2025 00:00,72.52,237.83,49.69,10.86,1.52,31.06
DELHI_ANANT_VIHAR,,01-05-2025 00:00,70.73,227.5,46.86,13.29,1.64,23.81
DELHI_ANANT_VIHAR,,14-05-2025 00:00,26.22,146.54,61.85,9.46,1.2,16.8
DELHI_ANANT_VIHAR,,15-05-2025 00:00,67.08,247.65,65.37,11.38,1.55,12.42
DELHI_ANANT_VIHAR,,16-05-2025 00:00,205.3,412.74,98.39,23.06,0.46,15.52
DELHI_ANANT_VIHAR,,17-05-2025 00:00,93.21,327.46,87.33,28.01,1.44,28.21
DELHI_ANANT_VIHAR,,18-05-2025 00:00,59.89,201.08,87.96,21.54,1.12,10.58
DELHI_ANANT_VIHAR,,19-05-2025 00:00,66.42,218.67,74.06,23.49,1.23,16.26
DELHI_ANANT_VIHAR,,20-05-2025 00:00,75.91,227.83,59.17,18.87,0.98,14.61
DELHI_ANANT_VIHAR,,21-05-2025 00:00,72.86,238.67,66.21,21.25,1.11,18.74
DELHI_ANANT_VIHAR,,22-05-2025 00:00,67.04,205.39,56.54,33.01,1.74,16.24
DELHI_ANANT_VIHAR,,23-05-2025 00:00,33.21,85.17,57.73,28.15,1.47,17.8
DELHI_ANANT_VIHAR,,24-05-2025 00:00,46.83,116.67,55.35,26.69,1.4,22.31
DELHI_ANANT_VIHAR,,25-05-2025 00:00,55.79,150.25,49.96,21.19,1.1,22.5
DELHI_ANANT_VIHAR,,26-05-2025 00:00,34.64,90.0,72.16,24.17,1.27,12.6
DELHI_ANANT_VIHAR,,27-05-2025 00:00,49.6,116.1,52.3,30.23,1.72,19.56
DELHI_ANANT_VIHAR,,28-05-2025 00:00,51.73,123.82,43.92,19.88,1.4,15.39
DELHI_ANANT_VIHAR,,29-05-2025 00:00,61.46,168.96,49.54,23.4,1.49,17.43
DELHI_ANANT_VIHAR,,30-05-2025 00:00,52.7,153.17,51.14,23.51,1.59,16.23
DELHI_ANANT_VIHAR,,31-05-2025 00:00,69.42,238.75,70.56,28.55,1.93,7.23
DELHI_ANANT_VIHAR,,01-06-2025 00:00,99.5,344.92,74.26,27.3,2.16,23.91
DELHI_ANANT_VIHAR,,14-06-2025 00:00,52.59,238.79,59.02,28.13,0.88,22.5
DELHI_ANANT_VIHAR,,15-06-2025 00:00,66.33,176.92,53.71,43.04,1.06,31.48
DELHI_ANANT_VIHAR,,16-06-2025 00:00,43.75,161.62,54.24,24.13,0.86,22.72
DELHI_ANANT_VIHAR,,17-06-2025 00:00,43.71,116.75,50.66,69.81,0.99,21.42
DELHI_ANANT_VIHAR,,18-06-2025 00:00,38.92,93.42,51.97,22.67,0.93,13.08
DELHI_ANANT_VIHAR,,19-06-2025 00:00,45.25,87.38,52.65,23.22,0.85,15.73
DELHI_ANANT_VIHAR,,20-06-2025 00:00,36.75,94.62,43.74,34.54,0.8,7.18
DELHI_ANANT_VIHAR,,21-06-2025 00:00,32.11,74.82,35.44,19.8,0.72,8.02
DELHI_ANANT_VIHAR,,22-06-2025 00:00,31.3,80.15,32.74,48.01,1.33,19.11
DELHI_ANANT_VIHAR,,23-06-2025 00:00,37.38,99.54,37.08,21.11,1.04,13.76
DELHI_ANANT_VIHAR,,24-06-2025 00:00,47.42,111.83,33.49,22.29,1.13,16.85
DELHI_ANANT_VIHAR,,25-06-2025 00:00,46.65,99.83,37.19,44.24,1.33,12.27
DELHI_ANANT_VIHAR,,26-06-2025 00:00,68.52,139.08,32.53,18.49,1.26,12.4
DELHI_ANANT_VIHAR,,27-06-2025 00:00,27.96,77.04,28.06,17.78,0.84,2.08
DELHI_ANANT_VIHAR,,28-06-2025 00:00,20.58,72.08,29.34,17.98,0.77,6.83
DELHI_ANANT_VIHAR,,29-06-2025 00:00,31.42,101.83,38.33,20.13,1.07,5.2
DELHI_ANANT_VIHAR,,30-06-2025 00:00,35.46,75.58,39.07,18.86,1.06,1.84
DELHI_ANANT_VIHAR,,01-07-2025 00:00,33.44,68.74,52.27,21.85,1.28,4.63
DELHI_ANANT_VIHAR,,14-07-2025 00:00,43.18,95.75,50.51,23.19,1.0,4.46
DELHI_ANANT_VIHAR,,15-07-2025 00:00,22.77,43.57,39.67,19.57,0.88,1.31
DELHI_ANANT_VIHAR,,16-07-2025 00:00,21.97,45.99,33.14,21.08,0.78,3.17
DELHI_ANANT_VIHAR,,17-07-2025 00:00,34.79,81.62,37.67,23.07,0.9,2.08
DELHI_ANANT_VIHAR,,18-07-2025 00:00,27.92,70.3,35.98,26.46,0.74,2.37
DELHI_ANANT_VIHAR,,19-07-2025 00:00,32.25,58.14,40.08,19.94,0.84,3.02
DELHI_ANANT_VIHAR,,20-07-2025 00:00,22.33,48.0,31.3,18.5,0.75,4.07
DELHI_ANANT_VIHAR,,21-07-2025 00:00,36.04,103.62,44.87,19.34,0.81,6.88
DELHI_ANANT_VIHAR,,22-07-2025 00:00,56.71,114.79,47.96,23.94,1.45,2.76
DELHI_ANANT_VIHAR,,23-07-2025 00:00,60.67,110.79,58.58,24.78,1.32,2.89
DELHI_ANANT_VIHAR,,24-07-2025 00:00,37.74,76.83,48.06,18.97,1.29,1.49
DELHI_ANANT_VIHAR,,25-07-2025 00:00,51.57,134.9,49.6,25.91,0.72,4.43
DELHI_ANANT_VIHAR,,26-07-2025 00:00,54.96,204.88,48.77,21.86,0.68,5.95
DELHI_ANANT_VIHAR,,27-07-2025 00:00,37.04,239.25,31.07,31.28,0.61,9.32
DELHI_ANANT_VIHAR,,28-07-2025 00:00,44.9,149.21,23.25,27.71,0.63,10.115
DELHI_ANANT_VIHAR,,29-07-2025 00:00,48.4,114.34,28.92,19.48,0.74,10.91
DELHI_ANANT_VIHAR,,30-07-2025 00:00,33.12,60.58,45.93,23.98,0.66,10.21
DELHI_ANANT_VIHAR,,31-07-2025 00:00,31.67,66.79,46.8,23.54,0.54,9.18
DELHI_ANANT_VIHAR,,01-08-2025 00:00,41.52,60.45,42.31,21.94,0.69,9.26
DELHI_ANANT_VIHAR,,14-08-2025 00:00,63.55,190.08,50.2,27.26,0.93,19.82
DELHI_ANANT_VIHAR,,15-08-2025 00:00,51.25,83.29,48.37,61.01,0.78,16.99
DELHI_ANANT_VIHAR,,16-08-2025 00:00,70.68,102.8,44.57,13.07,0.82,18.29
DELHI_ANANT_VIHAR,,17-08-2025 00:00,63.39,99.04,37.26,17.67,0.96,21.02
DELHI_ANANT_VIHAR,,18-08-2025 00:00,54.41,93.3,41.58,36.79,0.78,14.7
DELHI_ANANT_VIHAR,,19-08-2025 00:00,61.09,113.5,37.44,29.8,0.77,13.57
DELHI_ANANT_VIHAR,,20-08-2025 00:00,56.32,113.48,38.52,25.78,0.77,16.07
DELHI_ANANT_VIHAR,,21-08-2025 00:00,47.73,96.59,25.58,27.47,0.98,15.24
DELHI_ANANT_VIHAR,,22-08-2025 00:00,57.59,123.68,24.65,30.349999999999998,1.66,14.45
DELHI_ANANT_VIHAR,,23-08-2025 00:00,85.15,177.43,35.93,33.23,1.93,18.17
DELHI_ANANT_VIHAR,,24-08-2025 00:00,49.63,106.61,26.05,36.11,1.63,11.87
DELHI_ANANT_VIHAR,,25-08-2025 00:00,39.05,81.3,23.03,26.96,1.64,7.88
DELHI_ANANT_VIHAR,,26-08-2025 00:00,37.73,67.86,21.17,27.3,1.65,8.29
DELHI_ANANT_VIHAR,,27-08-2025 00:00,42.8,73.67,21.28,34.44,1.73,8.37
DELHI_ANANT_VIHAR,,28-08-2025 00:00,53.77,104.41,27.78,23.19,2.02,8.59
DELHI_ANANT_VIHAR,,29-08-2025 00:00,87.26,156.75,29.07,25.75,2.1,9.34
DELHI_ANANT_VIHAR,,30-08-2025 00:00,61.95,91.47,23.76,31.99,1.72,12.77
DELHI_ANANT_VIHAR,,31-08-2025 00:00,53.78,105.73,23.98,23.63,1.67,11.44
DELHI_ANANT_VIHAR,,01-09-2025 00:00,47.5,88.73,23.8,33.04,1.58,8.56
DELHI_ANANT_VIHAR,,14-09-2025 00:00,81.42,236.92,30.96,17.69,1.6,4.71
DELHI_ANANT_VIHAR,,15-09-2025 00:00,111.42,327.17,38.62,25.63,1.87,3.67
DELHI_ANANT_VIHAR,,16-09-2025 00:00,86.73,354.81,37.86,29.69,1.93,4.33
DELHI_ANANT_VIHAR,,17-09-2025 00:00,58.57,267.34,34.91,17.94,1.71,6.23
DELHI_ANANT_VIHAR,,18-09-2025 00:00,54.83,150.33,40.83,21.46,1.77,8.06
DELHI_ANANT_VIHAR,,19-09-2025 00:00,54.75,159.71,42.27,26.39,1.79,5.61
DELHI_ANANT_VIHAR,,20-09-2025 00:00,75.71,235.79,35.06,29.69,1.93,6.67
DELHI_ANANT_VIHAR,,21-09-2025 00:00,54.52,242.0,32.38,19.52,1.8,10.91
DELHI_ANANT_VIHAR,,22-09-2025 00:00,84.55,274.42,33.48,32.71,1.73,8.18
DELHI_ANANT_VIHAR,,23-09-2025 00:00,100.58,333.64,32.46,20.89,1.62,8.15
DELHI_ANANT_VIHAR,,24-09-2025 00:00,57.53,334.27,33.24,25.5,1.57,10.87
DELHI_ANANT_VIHAR,,25-09-2025 00:00,46.62,305.71,33.45,27.91,1.64,11.26
DELHI_ANANT_VIHAR,,26-09-2025 00:00,50.36,312.2,33.91,27.58,1.57,11.36
DELHI_ANANT_VIHAR,,27-09-2025 00:00,39.83,180.1,30.71,18.08,1.55,14.2
DELHI_ANANT_VIHAR,,28-09-2025 00:00,93.78,245.88,27.72,30.16,1.55,15.3
DELHI_ANANT_VIHAR,,29-09-2025 00:00,49.3,139.05,19.42,19.23,1.02,4.85
DELHI_ANANT_VIHAR,,30-09-2025 00:00,34.48,116.3,17.26,27.3,1.03,4.23
DELHI_ANANT_VIHAR,,01-10-2025 00:00,45.6,158.65,19.97,35.61,1.1,3.0
DELHI_ANANT_VIHAR,,14-10-2025 00:00,90.54,424.12,29.6,30.02,1.56,30.87
DELHI_ANANT_VIHAR,,15-10-2025 00:00,109.04,467.9,32.14,23.84,1.41,31.39
DELHI_ANANT_VIHAR,,16-10-2025 00:00,141.34,468.96,33.2,22.66,1.62,18.11
DELHI_ANANT_VIHAR,,17-10-2025 00:00,137.33,473.6,34.49,31.48,2.15,18.19
DELHI_ANANT_VIHAR,,18-10-2025 00:00,137.18,469.25,33.4,41.27,2.09,17.33
DELHI_ANANT_VIHAR,,19-10-2025 00:00,161.75,564.67,33.46,32.61,2.16,16.62
DELHI_ANANT_VIHAR,,20-10-2025 00:00,245.67,617.3,35.56,58.24,2.12,13.47
DELHI_ANANT_VIHAR,,21-10-2025 00:00,248.38,463.74,53.18,25.56,2.05,11.59
DELHI_ANANT_VIHAR,,22-10-2025 00:00,236.8,381.84,60.6,19.64,1.74,20.46
DELHI_ANANT_VIHAR,,23-10-2025 00:00,253.04,547.17,76.87,18.92,2.04,21.9
DELHI_ANANT_VIHAR,,24-10-2025 00:00,185.17,501.83,84.39,22.32,2.1,23.3
DELHI_ANANT_VIHAR,,25-10-2025 00:00,189.17,548.64,88.22,22.03,2.66,20.95
DELHI_ANANT_VIHAR,,26-10-2025 00:00,238.15,610.83,96.47,25.88,3.32,21.76
DELHI_ANANT_VIHAR,,27-10-2025 00:00,219.96,539.83,80.13,34.17,3.83,23.27
DELHI_ANANT_VIHAR,,28-10-2025 00:00,198.5,434.33,64.63,33.95,2.57,21.1
DELHI_ANANT_VIHAR,,29-10-2025 00:00,142.88,264.25,60.16,25.86,2.03,22.91
DELHI_ANANT_VIHAR,,30-10-2025 00:00,205.45,368.8,66.82,29.53,2.73,24.43
DELHI_ANANT_VIHAR,,31-10-2025 00:00,232.36,395.92,72.59,39.17,2.34,19.88
DELHI_ANANT_VIHAR,,01-11-2025 00:00,113.95,222.39,71.85,40.11,2.98,19.72
DELHI_ANANT_VIHAR,,14-11-2025 00:00,328.68,553.73,136.57,48.58,3.02,12.89
DELHI_ANANT_VIHAR,,15-11-2025 00:00,273.34,482.37,110.01,38.16,3.5,6.24
DELHI_ANANT_VIHAR,,16-11-2025 00:00,267.06,471.04,116.89,38.16,3.39,6.55
DELHI_ANANT_VIHAR,,17-11-2025 00:00,276.02,458.08,112.61,45.15,3.12,5.94
DELHI_ANANT_VIHAR,,18-11-2025 00:00,254.83,454.21,110.61,48.01,3.25,6.67
DELHI_ANANT_VIHAR,,19-11-2025 00:00,277.21,491.54,128.0,42.83,4.5,5.92
DELHI_ANANT_VIHAR,,20-11-2025 00:00,317.38,542.87,138.04,45.05,4.19,6.29
DELHI_ANANT_VIHAR,,21-11-2025 00:00,284.7,504.25,137.37,46.84,4.11,9.58
DELHI_ANANT_VIHAR,,22-11-2025 00:00,302.58,523.92,109.13,51.09,4.63,17.74
DELHI_ANANT_VIHAR,,23-11-2025 00:00,295.67,506.79,129.0,52.98,4.14,17.87
DELHI_ANANT_VIHAR,,24-11-2025 00:00,351.04,586.17,148.48,53.79,4.48,17.43
DELHI_ANANT_VIHAR,,25-11-2025 00:00,275.78,476.33,126.02,33.89,3.82,18.02
DELHI_ANANT_VIHAR,,26-11-2025 00:00,237.77,436.15,120.86,45.66,3.42,15.3
DELHI_ANANT_VIHAR,,27-11-2025 00:00,215.97,415.08,104.57,45.04,4.68,14.74
DELHI_ANANT_VIHAR,,28-11-2025 00:00,336.36,552.67,102.77,59.2,2.18,18.19
DELHI_ANANT_VIHAR,,29-11-2025 00:00,261.18,463.05,102.03,62.03,3.23,18.11
DELHI_ANANT_VIHAR,,30-11-2025 00:00,142.25,274.75,93.71,71.73,2.16,18.17
DELHI_ANANT_VIHAR,,01-12-2025 00:00,147.29,286.0,104.31,53.69,2.81,18.45
DELHI_ANANT_VIHAR,,14-12-2025 00:00,471.62,665.61,97.08,12.81,5.08,16.58
DELHI_ANANT_VIHAR,,15-12-2025 00:00,506.5,695.0,89.05,10.29,5.63,15.08
DELHI_ANANT_VIHAR,,16-12-2025 00:00,355.71,494.92,91.14,10.98,4.27,14.88
DELHI_ANANT_VIHAR,,17-12-2025 00:00,194.12,341.08,76.74,21.08,2.23,14.15
DELHI_ANANT_VIHAR,,18-12-2025 00:00,241.29,424.96,71.55,28.33,2.46,12.33
DELHI_ANANT_VIHAR,,19-12-2025 00:00,346.08,521.08,49.57,22.6,3.0,11.2
DELHI_ANANT_VIHAR,,20-12-2025 00:00,283.62,439.0,66.21,15.72,3.45,10.1
DELHI_ANANT_VIHAR,,21-12-2025 00:00,387.4,528.33,49.95,83.6,4.1,11.26
DELHI_ANANT_VIHAR,,22-12-2025 00:00,260.88,370.71,44.24,20.67,2.35,10.88
DELHI_ANANT_VIHAR,,23-12-2025 00:00,333.46,527.75,63.78,24.5,3.23,10.04
DELHI_ANANT_VIHAR,,24-12-2025 00:00,291.48,429.29,63.64,32.9,3.28,10.31
DELHI_ANANT_VIHAR,,25-12-2025 00:00,132.21,298.83,50.94,24.63,2.19,9.27
DELHI_ANANT_VIHAR,,26-12-2025 00:00,205.96,437.67,63.15,30.95,2.8,9.88
DELHI_ANANT_VIHAR,,27-12-2025 00:00,337.71,501.03,54.8,27.46,3.39,9.18
DELHI_ANANT_VIHAR,,28-12-2025 00:00,352.83,527.88,60.57,28.84,2.64,9.54
DELHI_ANANT_VIHAR,,29-12-2025 00:00,372.12,568.67,58.75,25.14,3.85,9.69
DELHI_ANANT_VIHAR,,30-12-2025 00:00,356.29,496.08,54.95,19.5,2.89,10.62
DELHI_ANANT_VIHAR,,31-12-2025 00:00,359.94,519.79,120.56,22.81,3.26,8.37
DELHI_ANANT_VIHAR,,01-01-2026 00:00,323.62,420.46,25.11,21.84,2.85,5.0
DELHI_ANANT_VIHAR,,14-01-2026 00:00,361.83,514.91,46.27,22.3,2.57,8.85
DELHI_ANANT_VIHAR,,15-01-2026 00:00,173.79,404.59,37.99,24.41,1.67,8.38
DELHI_ANANT_VIHAR,,16-01-2026 00:00,180.55,407.5,31.0,22.1,1.67,11.66
DELHI_ANANT_VIHAR,,17-01-2026 00:00,298.76,491.25,32.22,15.49,2.08,34.4
DELHI_ANANT_VIHAR,,18-01-2026 00:00,461.92,650.7,43.36,22.46,3.68,14.5
DELHI_ANANT_VIHAR,,19-01-2026 00:00,512.05,657.25,32.06,8.73,2.87,14.97
DELHI_ANANT_VIHAR,,20-01-2026 00:00,350.58,610.46,42.11,13.58,3.41,14.78
DELHI_ANANT_VIHAR,,21-01-2026 00:00,291.21,532.79,52.89,14.57,3.57,13.68
DELHI_ANANT_VIHAR,,22-01-2026 00:00,214.44,441.74,64.48,23.48,2.5,10.24
DELHI_ANANT_VIHAR,,23-01-2026 00:00,209.23,441.12,66.69,19.03,3.09,12.6
DELHI_ANANT_VIHAR,,24-01-2026 00:00,148.71,204.33,46.81,20.9,1.39,11.96
DELHI_ANANT_VIHAR,,25-01-2026 00:00,88.92,277.12,37.3,11.57,1.11,8.73
DELHI_ANANT_VIHAR,,26-01-2026 00:00,100.89,316.17,47.92,26.01,1.31,10.46
DELHI_ANANT_VIHAR,,27-01-2026 00:00,167.64,362.67,61.4,19.2,2.03,10.19
DELHI_ANANT_VIHAR,,28-01-2026 00:00,228.43,418.78,61.3,14.83,2.62,11.5
DELHI_ANANT_VIHAR,,29-01-2026 00:00,158.78,266.26,46.27,19.42,1.67,12.54
DELHI_ANANT_VIHAR,,30-01-2026 00:00,125.28,250.96,42.51,15.83,1.51,11.99
DELHI_ANANT_VIHAR,,31-01-2026 00:00,169.71,326.68,50.07,14.97,2.33,10.75
DELHI_ANANT_VIHAR,,01-02-2026 00:00,234.99,366.38,43.4,16.32,2.58,11.45
DELHI_ANANT_VIHAR,,14-02-2026 00:00,108.92,263.57,80.63,17.41,1.95,17.59
DELHI_ANANT_VIHAR,,15-02-2026 00:00,136.96,349.0,92.09,8.47,2.59,16.68
DELHI_ANANT_VIHAR,,16-02-2026 00:00,111.31,282.1,87.55,10.42,2.29,15.11
DELHI_ANANT_VIHAR,,17-02-2026 00:00,164.54,405.54,86.81,9.73,3.66,19.05
DELHI_ANANT_VIHAR,,17-02-2026 00:00,217.0,626.0,84.2,19.4,5.37,16.9
DELHI_CHANDINI_CHOWK,2025-01-01,02-01-2025 00:00,119.89,225.22,5.95,22.0,0.84,27.84
DELHI_CHANDINI_CHOWK,2025-01-02,02-02-2025 00:00,130.07,416.42,116.64,17.26,1.085,20.39
DELHI_CHANDINI_CHOWK,2025-01-03,02-03-2025 00:00,72.26,132.3,59.86,36.55,1.33,20.26
DELHI_CHANDINI_CHOWK,2025-01-04,02-04-2025 00:00,63.26,129.32,30.53,19.29,4.57,22.21666666666667
DELHI_CHANDINI_CHOWK,2025-01-05,02-05-2025 00:00,76.64,116.43,32.02,9.66,1.64,24.173333333333332
DELHI_CHANDINI_CHOWK,2025-01-06,02-06-2025 00:00,56.81,183.07,35.57,17.15,0.82,26.13
DELHI_CHANDINI_CHOWK,2025-01-07,02-07-2025 00:00,37.61,51.09,41.38,11.54,1.26,24.83
DELHI_CHANDINI_CHOWK,2025-01-08,02-08-2025 00:00,26.62,58.52,27.24,14.29,0.82,26.45
DELHI_CHANDINI_CHOWK,2025-01-09,02-09-2025 00:00,12.89,48.66,25.04,7.09,0.98,23.89
DELHI_CHANDINI_CHOWK,2025-01-10,02-10-2025 00:00,43.46,96.1,27.48,13.72,1.27,51.86
DELHI_CHANDINI_CHOWK,2025-01-11,02-11-2025 00:00,230.32,430.42,11.15,30.02,1.09,23.4
DELHI_CHANDINI_CHOWK,2025-01-12,02-12-2025 00:00,150.32,469.23,56.34,12.86,2.31,25.84
DELHI_CHANDINI_CHOWK,2025-02-01,03-01-2025 00:00,133.435,421.565,74.035,15.1,1.9733333333333334,27.19
DELHI_CHANDINI_CHOWK,2025-02-02,03-02-2025 00:00,116.55,373.9,91.73,17.34,1.6366666666666667,20.22
DELHI_CHANDINI_CHOWK,2025-02-03,03-03-2025 00:00,63.81,127.22,47.81,31.49,1.3,20.05
DELHI_CHANDINI_CHOWK,2025-02-04,03-04-2025 00:00,87.89,191.4,30.04,24.66,4.09,25.243333333333336
DELHI_CHANDINI_CHOWK,2025-02-05,03-05-2025 00:00,70.61,94.01,38.36,6.93,1.59,30.436666666666667
DELHI_CHANDINI_CHOWK,2025-02-06,03-06-2025 00:00,49.88,115.1,35.6,16.9,1.07,35.63
DELHI_CHANDINI_CHOWK,2025-02-07,03-07-2025 00:00,41.88,70.05,43.6,9.53,1.09,26.25
DELHI_CHANDINI_CHOWK,2025-02-08,03-08-2025 00:00,36.59,79.1,23.87,14.15,0.79,32.33
DELHI_CHANDINI_CHOWK,2025-02-09,03-09-2025 00:00,14.77,33.88,40.89,8.38,0.97,30.32
DELHI_CHANDINI_CHOWK,2025-02-10,03-10-2025 00:00,42.14,77.34,24.4,10.11,1.23,27.57
DELHI_CHANDINI_CHOWK,2025-02-11,03-11-2025 00:00,227.06,433.98,10.08,31.88,1.0,22.41
DELHI_CHANDINI_CHOWK,2025-02-12,03-12-2025 00:00,285.15,657.35,75.17,13.88,1.82,16.48
DELHI_CHANDINI_CHOWK,2025-03-01,04-01-2025 00:00,221.84,636.1,6.73,19.88,1.38,18.69
DELHI_CHANDINI_CHOWK,2025-03-02,04-02-2025 00:00,97.39,310.69,85.42,18.28,1.23,19.87
DELHI_CHANDINI_CHOWK,2025-03-03,04-03-2025 00:00,77.0,157.12,50.46,26.21,1.38,20.39
DELHI_CHANDINI_CHOWK,2025-03-04,04-04-2025 00:00,61.66,148.03,30.06,15.68,2.5,25.783333333333335
DELHI_CHANDINI_CHOWK,2025-03-05,04-05-2025 00:00,38.92,136.66,54.77,6.11,1.36,31.17666666666667
DELHI_CHANDINI_CHOWK,2025-03-06,04-06-2025 00:00,51.78,114.9,32.59,16.47,1.45,36.57
DELHI_CHANDINI_CHOWK,2025-03-07,04-07-2025 00:00,36.95,63.26,34.38,14.41,0.92,31.23
DELHI_CHANDINI_CHOWK,2025-03-08,04-08-2025 00:00,51.01,83.33,23.85,13.77,0.79,45.1
DELHI_CHANDINI_CHOWK,2025-03-09,04-09-2025 00:00,46.3,77.6,18.73,14.97,0.96,54.985
DELHI_CHANDINI_CHOWK,2025-03-10,04-10-2025 00:00,41.59,71.87,13.61,16.17,1.13,64.87
DELHI_CHANDINI_CHOWK,2025-03-11,04-11-2025 00:00,163.03,339.91,10.98,33.75,1.6,26.7
DELHI_CHANDINI_CHOWK,2025-03-12,04-12-2025 00:00,176.54,393.65,42.34,27.045,1.26,27.935000000000002
DELHI_CHANDINI_CHOWK,2025-04-01,05-01-2025 00:00,167.89,240.65,4.04,20.34,1.0,29.17
DELHI_CHANDINI_CHOWK,2025-04-02,05-02-2025 00:00,157.62,383.84,122.96,24.4,1.28,20.29
DELHI_CHANDINI_CHOWK,2025-04-03,05-03-2025 00:00,70.26,157.62,45.08,26.15,1.24,20.07
DELHI_CHANDINI_CHOWK,2025-04-04,05-04-2025 00:00,101.19,235.19,36.18,20.56,3.0,22.853333333333335
DELHI_CHANDINI_CHOWK,2025-04-05,05-05-2025 00:00,40.05,141.38,56.02,8.28,1.29,25.636666666666667
DELHI_CHANDINI_CHOWK,2025-04-06,05-06-2025 00:00,56.37,143.45,44.21,13.97,1.42,28.42
DELHI_CHANDINI_CHOWK,2025-04-07,05-07-2025 00:00,35.24,65.7,46.24,15.0,1.11,22.5
DELHI_CHANDINI_CHOWK,2025-04-08,05-08-2025 00:00,62.45,99.46,24.52,13.3,0.79,46.0
DELHI_CHANDINI_CHOWK,2025-04-09,05-09-2025 00:00,82.54,146.63666666666666,20.233333333333334,16.986666666666668,1.0633333333333335,43.32666666666667
DELHI_CHANDINI_CHOWK,2025-04-10,05-10-2025 00:00,102.63,193.81333333333333,15.946666666666667,20.673333333333332,1.336666666666667,40.65333333333333
DELHI_CHANDINI_CHOWK,2025-04-11,05-11-2025 00:00,122.72,240.99,11.66,24.36,1.61,37.98
DELHI_CHANDINI_CHOWK,2025-04-12,05-12-2025 00:00,167.28,437.57,38.87,23.735,1.25,29.68
DELHI_CHANDINI_CHOWK,2025-05-01,06-01-2025 00:00,96.1,235.84,71.09,23.11,1.38,21.38
DELHI_CHANDINI_CHOWK,2025-05-02,06-02-2025 00:00,108.2,242.57,121.8,23.19,1.23,20.59
DELHI_CHANDINI_CHOWK,2025-05-03,06-03-2025 00:00,62.1,137.55,24.02,15.89,1.27,23.06
DELHI_CHANDINI_CHOWK,2025-05-04,06-04-2025 00:00,56.83,70.6,81.39,23.09,4.88,20.615000000000002
DELHI_CHANDINI_CHOWK,2025-05-05,06-05-2025 00:00,52.67,66.78,51.27,8.5,1.23,18.17
DELHI_CHANDINI_CHOWK,2025-05-06,06-06-2025 00:00,73.36,133.89,62.67,14.05,1.04,42.94
DELHI_CHANDINI_CHOWK,2025-05-07,06-07-2025 00:00,45.83,81.78,54.87,15.98,1.08,24.99
DELHI_CHANDINI_CHOWK,2025-05-08,06-08-2025 00:00,51.78,85.62,29.17,13.53,0.8,103.32
DELHI_CHANDINI_CHOWK,2025-05-09,06-09-2025 00:00,14.54,73.1,28.67,11.23,1.53,24.57
DELHI_CHANDINI_CHOWK,2025-05-10,06-10-2025 00:00,57.904999999999994,146.7,17.815,19.845,1.12,30.405
DELHI_CHANDINI_CHOWK,2025-05-11,06-11-2025 00:00,101.27,220.3,6.96,28.46,0.71,36.24
DELHI_CHANDINI_CHOWK,2025-05-12,06-12-2025 00:00,198.92,376.31,40.58,26.345,1.3,29.685000000000002
DELHI_CHANDINI_CHOWK,2025-06-01,07-01-2025 00:00,113.22,210.28,73.96,24.23,1.21,23.13
DELHI_CHANDINI_CHOWK,2025-06-02,07-02-2025 00:00,85.69,229.8,96.34,20.46,1.03,19.68
DELHI_CHANDINI_CHOWK,2025-06-03,07-03-2025 00:00,69.99,214.94,46.4,21.43,1.25,22.94
DELHI_CHANDINI_CHOWK,2025-06-04,07-04-2025 00:00,62.2,206.84,111.33,24.31,3.69,28.535000000000004
DELHI_CHANDINI_CHOWK,2025-06-05,07-05-2025 00:00,56.98,112.72,66.66,9.72,1.73,34.13
DELHI_CHANDINI_CHOWK,2025-06-06,07-06-2025 00:00,63.98,123.33,78.72,9.95,0.8,36.74
DELHI_CHANDINI_CHOWK,2025-06-07,07-07-2025 00:00,40.88,87.31,46.8,14.97,1.16,21.43
DELHI_CHANDINI_CHOWK,2025-06-08,07-08-2025 00:00,51.77,64.47,35.52,14.6,0.82,257.38
DELHI_CHANDINI_CHOWK,2025-06-09,07-09-2025 00:00,23.36,79.89,31.435000000000002,10.91,1.48,27.11
DELHI_CHANDINI_CHOWK,2025-06-10,07-10-2025 00:00,27.77,101.86,27.35,10.63,1.28,11.13
DELHI_CHANDINI_CHOWK,2025-06-11,07-11-2025 00:00,202.3,363.11,10.44,18.93,1.19,42.01
DELHI_CHANDINI_CHOWK,2025-06-12,07-12-2025 00:00,148.15,287.19,29.99,18.3,1.13,32.335
DELHI_CHANDINI_CHOWK,2025-07-01,08-01-2025 00:00,111.78,339.53,52.34,17.67,1.04,22.66
DELHI_CHANDINI_CHOWK,2025-07-02,08-02-2025 00:00,69.16,171.36,50.08,18.78,0.74,20.35
DELHI_CHANDINI_CHOWK,2025-07-03,08-03-2025 00:00,90.88,220.19,93.73,36.85,0.78,22.83
DELHI_CHANDINI_CHOWK,2025-07-04,08-04-2025 00:00,78.99,251.8,113.56,33.82,2.86,43.46
DELHI_CHANDINI_CHOWK,2025-07-05,08-05-2025 00:00,62.29,97.11,66.02,9.44,1.78,64.09
DELHI_CHANDINI_CHOWK,2025-07-06,08-06-2025 00:00,86.78,151.17,78.53,10.91,1.17,34.83
DELHI_CHANDINI_CHOWK,2025-07-07,08-07-2025 00:00,33.69,52.34,45.95,12.9,1.16,37.63
DELHI_CHANDINI_CHOWK,2025-07-08,08-08-2025 00:00,70.02,110.2,23.4,16.3,0.84,9.32
DELHI_CHANDINI_CHOWK,2025-07-09,08-09-2025 00:00,20.0,84.25,96.99,9.88,1.33,33.64
DELHI_CHANDINI_CHOWK,2025-07-10,08-10-2025 00:00,19.33,65.32,19.92,10.11,1.09,20.37
DELHI_CHANDINI_CHOWK,2025-07-11,08-11-2025 00:00,230.86,413.35,23.75,16.28,1.54,32.52
DELHI_CHANDINI_CHOWK,2025-07-12,08-12-2025 00:00,151.18,339.0,27.29,14.215,1.12,27.700000000000003
DELHI_CHANDINI_CHOWK,2025-08-01,09-01-2025 00:00,97.58,296.49,45.13,12.15,1.08,22.88
DELHI_CHANDINI_CHOWK,2025-08-02,09-02-2025 00:00,81.53,223.41,27.08,18.65,0.94,20.18
DELHI_CHANDINI_CHOWK,2025-08-03,09-03-2025 00:00,70.5,194.21,99.57,24.71,1.03,22.96
DELHI_CHANDINI_CHOWK,2025-08-04,09-04-2025 00:00,71.25,258.72,98.16,23.13,3.49,35.28
DELHI_CHANDINI_CHOWK,2025-08-05,09-05-2025 00:00,78.72,123.96,80.76,11.84,1.84,47.6
DELHI_CHANDINI_CHOWK,2025-08-06,09-06-2025 00:00,92.09,111.41999999999999,104.62,12.58,1.15,37.4
DELHI_CHANDINI_CHOWK,2025-08-07,09-07-2025 00:00,64.12,98.88,57.39,10.66,1.22,50.6
DELHI_CHANDINI_CHOWK,2025-08-08,09-08-2025 00:00,53.07,111.4,28.29,14.02,0.92,20.97
DELHI_CHANDINI_CHOWK,2025-08-09,09-09-2025 00:00,19.28,113.62,28.04,11.48,1.45,36.86
DELHI_CHANDINI_CHOWK,2025-08-10,09-10-2025 00:00,27.43,101.62,20.95,9.42,1.0,9.22
DELHI_CHANDINI_CHOWK,2025-08-11,09-11-2025 00:00,268.95,524.08,35.9,7.55,1.95,30.43
DELHI_CHANDINI_CHOWK,2025-08-12,09-12-2025 00:00,132.1,328.5,32.88,9.995,1.11,26.64
DELHI_CHANDINI_CHOWK,2025-09-01,10-01-2025 00:00,199.73,408.18,28.75,12.44,1.3,22.85
DELHI_CHANDINI_CHOWK,2025-09-02,10-02-2025 00:00,123.37,279.28,20.42,21.82,0.74,20.56
DELHI_CHANDINI_CHOWK,2025-09-03,10-03-2025 00:00,104.43,261.79,132.33,32.22,1.78,22.7
DELHI_CHANDINI_CHOWK,2025-09-04,10-04-2025 00:00,81.0,201.17,93.41,18.56,3.33,38.825
DELHI_CHANDINI_CHOWK,2025-09-05,10-05-2025 00:00,45.26,70.61,82.68,15.28,1.71,54.95
DELHI_CHANDINI_CHOWK,2025-09-06,10-06-2025 00:00,76.61,145.22,72.84,15.78,1.18,42.31
DELHI_CHANDINI_CHOWK,2025-09-07,10-07-2025 00:00,44.38,65.52,36.99,13.52,0.84,41.17
DELHI_CHANDINI_CHOWK,2025-09-08,10-08-2025 00:00,41.78,90.59,27.79,15.62,1.17,19.75
DELHI_CHANDINI_CHOWK,2025-09-09,10-09-2025 00:00,26.31,115.66,19.66,11.56,1.29,39.82
DELHI_CHANDINI_CHOWK,2025-09-10,10-10-2025 00:00,26.87,135.73,21.55,14.43,0.91,30.98
DELHI_CHANDINI_CHOWK,2025-09-11,10-11-2025 00:00,224.5,472.3,33.33,31.66,1.69,35.97
DELHI_CHANDINI_CHOWK,2025-09-12,10-12-2025 00:00,126.71,387.84,50.19,22.13,1.14,28.985
DELHI_CHANDINI_CHOWK,2025-10-01,11-01-2025 00:00,178.46,290.73,46.47,12.6,1.04,22.0
DELHI_CHANDINI_CHOWK,2025-10-02,11-02-2025 00:00,145.2,323.47,19.39,20.15,0.83,20.68
DELHI_CHANDINI_CHOWK,2025-10-03,11-03-2025 00:00,83.77,177.1,143.99,27.83,2.14,23.71
DELHI_CHANDINI_CHOWK,2025-10-04,11-04-2025 00:00,110.22,233.57,97.66,21.5,1.32,39.55
DELHI_CHANDINI_CHOWK,2025-10-05,11-05-2025 00:00,47.63,112.67,91.31,16.97,1.81,55.39
DELHI_CHANDINI_CHOWK,2025-10-06,11-06-2025 00:00,67.07,187.0,58.82,15.26,1.23,16.88
DELHI_CHANDINI_CHOWK,2025-10-07,11-07-2025 00:00,20.68,32.85,46.83,8.66,0.86,19.36
DELHI_CHANDINI_CHOWK,2025-10-08,11-08-2025 00:00,43.23,51.52,27.01,15.02,1.27,15.22
DELHI_CHANDINI_CHOWK,2025-10-09,11-09-2025 00:00,19.34,70.44,18.51,10.21,1.22,20.43
DELHI_CHANDINI_CHOWK,2025-10-10,11-10-2025 00:00,49.99,240.28,23.73,14.6,0.96,45.59
DELHI_CHANDINI_CHOWK,2025-10-11,11-11-2025 00:00,222.74,413.01,32.8,22.16,2.14,30.25
DELHI_CHANDINI_CHOWK,2025-10-12,11-12-2025 00:00,122.49,266.74,51.52,22.093333333333334,1.4,23.47
DELHI_CHANDINI_CHOWK,2025-11-01,12-01-2025 00:00,111.84,161.8,48.05500000000001,22.026666666666667,1.9649999999999999,16.69
DELHI_CHANDINI_CHOWK,2025-11-02,12-02-2025 00:00,101.19,208.71,44.59,21.96,2.53,23.58
DELHI_CHANDINI_CHOWK,2025-11-03,12-03-2025 00:00,110.66,258.17,47.695,15.25,1.23,23.46
DELHI_CHANDINI_CHOWK,2025-11-04,12-04-2025 00:00,77.78,131.33,50.8,11.01,2.14,62.535000000000004
DELHI_CHANDINI_CHOWK,2025-11-05,12-05-2025 00:00,25.82,66.68,87.88,21.24,1.56,101.61
DELHI_CHANDINI_CHOWK,2025-11-06,12-06-2025 00:00,84.02,182.87,61.94,12.93,1.2,36.56
DELHI_CHANDINI_CHOWK,2025-11-07,12-07-2025 00:00,48.99,85.61,66.87,10.49,1.01,23.69
DELHI_CHANDINI_CHOWK,2025-11-08,12-08-2025 00:00,55.06,89.94,33.27,14.58,0.94,18.03
DELHI_CHANDINI_CHOWK,2025-11-09,12-09-2025 00:00,18.71,94.48,21.13,11.34,1.14,6.73
DELHI_CHANDINI_CHOWK,2025-11-10,12-10-2025 00:00,65.15,357.99,26.82,13.31,1.11,39.5
DELHI_CHANDINI_CHOWK,2025-11-11,12-11-2025 00:00,381.33,642.12,34.02,11.47,2.19,33.81
DELHI_CHANDINI_CHOWK,2025-11-12,12-12-2025 00:00,183.36,390.75,61.67,4.48,1.74,23.09
DELHI_CHANDINI_CHOWK,2025-12-01,13-01-2025 00:00,126.565,273.67,62.795,11.81,2.16,14.27
DELHI_CHANDINI_CHOWK,2025-12-02,13-02-2025 00:00,69.77,156.59,63.92,19.14,2.58,20.95
DELHI_CHANDINI_CHOWK,2025-12-03,13-03-2025 00:00,98.73,174.22,61.955,10.64,0.77,35.02
DELHI_CHANDINI_CHOWK,2025-12-04,13-04-2025 00:00,64.39,104.51,59.99,15.31,1.95,54.239999999999995
DELHI_CHANDINI_CHOWK,2025-12-05,13-05-2025 00:00,48.69,107.64,96.16,20.13,1.69,73.46
DELHI_CHANDINI_CHOWK,2025-12-06,13-06-2025 00:00,91.95,118.43,59.56,7.81,1.19,50.42
DELHI_CHANDINI_CHOWK,2025-12-07,13-07-2025 00:00,45.76,85.36,43.4,10.58,0.9,27.45
DELHI_CHANDINI_CHOWK,2025-12-08,13-08-2025 00:00,50.34,115.45,57.53,12.9,1.52,8.68
DELHI_CHANDINI_CHOWK,2025-12-09,13-09-2025 00:00,19.26,112.11,25.46,10.99,1.6,16.95
DELHI_CHANDINI_CHOWK,2025-12-10,13-10-2025 00:00,52.35,142.98,23.81,14.78,0.93,47.28
DELHI_CHANDINI_CHOWK,2025-12-11,13-11-2025 00:00,406.4,656.35,33.0,16.36,2.16,33.15
DELHI_CHANDINI_CHOWK,2025-12-12,13-12-2025 00:00,258.11,518.44,67.88,4.95,2.23,40.99
DELHI_CHANDINI_CHOWK,2026-01-01,02-01-2026 00:00,217.38,365.61,44.17,24.96,2.59,18.75
DELHI_CHANDINI_CHOWK,2026-01-02,02-02-2026 00:00,102.83,199.54,31.23,20.53,2.25,22.68
DELHI_CHANDINI_CHOWK,2026-02-01,03-01-2026 00:00,119.63,188.94,40.14,22.28,3.94,18.61
DELHI_CHANDINI_CHOWK,2026-02-02,03-02-2026 00:00,151.03,284.52,40.17,12.47,2.3,13.82
DELHI_CHANDINI_CHOWK,2026-03-01,04-01-2026 00:00,166.36,337.59,53.19,28.17,3.59,18.07
DELHI_CHANDINI_CHOWK,2026-03-02,04-02-2026 00:00,155.67,326.45,42.19,17.07,1.53,42.78
DELHI_CHANDINI_CHOWK,2026-04-01,05-01-2026 00:00,200.63,341.03,45.63,19.59,4.79,16.63
DELHI_CHANDINI_CHOWK,2026-04-02,05-02-2026 00:00,198.34,381.81,24.91,16.29,2.23,41.16
DELHI_CHANDINI_CHOWK,2026-05-01,06-01-2026 00:00,158.13,290.23,43.88,26.29,4.13,26.22
DELHI_CHANDINI_CHOWK,2026-05-02,06-02-2026 00:00,114.0,245.29,23.1,17.76,1.32,46.15
DELHI_CHANDINI_CHOWK,2026-06-01,07-01-2026 00:00,200.79,351.96,46.31,25.18,4.03,9.51
DELHI_CHANDINI_CHOWK,2026-06-02,07-02-2026 00:00,102.35,223.86,24.2,25.86,1.61,44.58
DELHI_CHANDINI_CHOWK,2026-07-01,08-01-2026 00:00,157.76,318.65,42.52,23.99,3.46,16.94
DELHI_CHANDINI_CHOWK,2026-07-02,08-02-2026 00:00,109.81,233.89,23.34,20.85,1.89,49.11
DELHI_CHANDINI_CHOWK,2026-08-01,09-01-2026 00:00,153.22,337.08,48.16,39.05,3.04,12.81
DELHI_CHANDINI_CHOWK,2026-08-02,09-02-2026 00:00,68.19,179.41,20.2,26.6,2.18,46.81
DELHI_CHANDINI_CHOWK,2026-09-01,10-01-2026 00:00,205.14,444.28,57.59,26.33,2.64,15.73
DELHI_CHANDINI_CHOWK,2026-09-02,10-02-2026 00:00,135.3,279.53,32.31,27.73,3.81,42.83
DELHI_CHANDINI_CHOWK,2026-10-01,11-01-2026 00:00,210.8,473.65,50.49,17.62,2.04,27.01
DELHI_CHANDINI_CHOWK,2026-10-02,11-02-2026 00:00,148.5,434.24,45.01,22.74,4.5,46.15
DELHI_CHANDINI_CHOWK,2026-11-01,12-01-2026 00:00,173.43,385.38,42.35,22.68,1.82,28.36
DELHI_CHANDINI_CHOWK,2026-11-02,12-02-2026 00:00,174.8,417.65,43.48,21.74,2.38,39.0
DELHI_CHANDINI_CHOWK,2026-12-01,13-01-2026 00:00,169.29,386.34,80.07,40.0,2.02,34.26
DELHI_CHANDINI_CHOWK,2026-12-02,13-02-2026 00:00,65.42,181.62,23.57,21.3,1.33,54.05
DELHI_CHANDINI_CHOWK,,14-01-2025 00:00,94.75,181.84,64.47,14.26,1.53,27.58
DELHI_CHANDINI_CHOWK,,15-01-2025 00:00,113.19,224.29,77.93,18.2,1.52,22.97
DELHI_CHANDINI_CHOWK,,16-01-2025 00:00,213.39,402.03,52.25,17.94,1.33,21.33
DELHI_CHANDINI_CHOWK,,17-01-2025 00:00,103.92,210.84,69.9,22.02,1.61,18.01
DELHI_CHANDINI_CHOWK,,18-01-2025 00:00,98.4,174.39,64.93,19.22,1.12,18.06
DELHI_CHANDINI_CHOWK,,19-01-2025 00:00,127.57,192.75,20.05,16.39,1.34,18.27
DELHI_CHANDINI_CHOWK,,20-01-2025 00:00,187.97,270.52,55.52,15.82,1.18,18.13
DELHI_CHANDINI_CHOWK,,21-01-2025 00:00,124.71,188.3,64.11,17.09,1.16,18.19
DELHI_CHANDINI_CHOWK,,22-01-2025 00:00,79.77,172.21,80.61,15.63,1.33,18.07
DELHI_CHANDINI_CHOWK,,23-01-2025 00:00,97.37,167.8,65.17,14.08,1.5,17.81
DELHI_CHANDINI_CHOWK,,24-01-2025 00:00,103.06,170.08,47.97,17.36,1.15,17.85
DELHI_CHANDINI_CHOWK,,25-01-2025 00:00,69.56,165.39,33.67,19.03,1.34,17.01
DELHI_CHANDINI_CHOWK,,26-01-2025 00:00,86.31,234.8,173.36,14.0,1.31,18.22
DELHI_CHANDINI_CHOWK,,27-01-2025 00:00,91.81,261.91,232.0,13.26,1.34,18.1
DELHI_CHANDINI_CHOWK,,28-01-2025 00:00,115.79,313.32,290.64,12.78,1.23,18.12
DELHI_CHANDINI_CHOWK,,29-01-2025 00:00,120.99,319.81,63.41,14.27,1.45,17.47
DELHI_CHANDINI_CHOWK,,30-01-2025 00:00,195.47,426.77,74.18,18.05,0.88,18.04
DELHI_CHANDINI_CHOWK,,31-01-2025 00:00,143.17,477.93,97.58,17.35,1.09,19.95
DELHI_CHANDINI_CHOWK,,01-02-2025 00:00,143.28,508.52,139.26,18.14,0.96,20.03
DELHI_CHANDINI_CHOWK,,14-02-2025 00:00,49.74,112.51,88.23,17.92,2.61,20.15
DELHI_CHANDINI_CHOWK,,15-02-2025 00:00,48.51,149.02,71.03,19.34,2.62,20.29
DELHI_CHANDINI_CHOWK,,16-02-2025 00:00,155.13,227.12,83.18,19.44,2.73,20.22
DELHI_CHANDINI_CHOWK,,17-02-2025 00:00,150.82,326.05,97.74,20.37,2.57,20.09
DELHI_CHANDINI_CHOWK,,18-02-2025 00:00,100.29,218.67,94.45,21.25,2.71,20.3
DELHI_CHANDINI_CHOWK,,19-02-2025 00:00,96.02,188.05,77.63,19.94,2.55,19.26
DELHI_CHANDINI_CHOWK,,20-02-2025 00:00,75.14,173.63,62.47,20.79,2.43,20.85
DELHI_CHANDINI_CHOWK,,21-02-2025 00:00,23.69,152.66,47.31,18.95,1.7,22.8
DELHI_CHANDINI_CHOWK,,22-02-2025 00:00,26.63,153.71,49.51,17.11,1.23,19.64
DELHI_CHANDINI_CHOWK,,23-02-2025 00:00,32.37,152.21,51.1,17.65,1.3,20.18
DELHI_CHANDINI_CHOWK,,24-02-2025 00:00,88.21,165.91,52.0,17.99,1.29,16.88
DELHI_CHANDINI_CHOWK,,25-02-2025 00:00,93.68,195.04,63.32,17.68,1.27,15.2
DELHI_CHANDINI_CHOWK,,26-02-2025 00:00,97.97,213.75,47.42,21.2,1.7,24.13
DELHI_CHANDINI_CHOWK,,27-02-2025 00:00,149.13,259.79,67.78,24.12,1.51,20.29
DELHI_CHANDINI_CHOWK,,28-02-2025 00:00,91.19,172.89,75.08,27.08,1.1,17.32
DELHI_CHANDINI_CHOWK,,01-03-2025 00:00,74.24,146.09,76.48,36.74,1.29,20.05
DELHI_CHANDINI_CHOWK,,14-03-2025 00:00,110.76,158.26,86.85,20.01,1.12,34.99
DELHI_CHANDINI_CHOWK,,15-03-2025 00:00,88.21,159.07,62.05333333333333,21.8,3.25,35.631351351351356
DELHI_CHANDINI_CHOWK,,16-03-2025 00:00,50.56,90.08,37.25666666666667,21.22,1.38,36.2727027027027
DELHI_CHANDINI_CHOWK,,17-03-2025 00:00,52.5,85.67,12.46,21.61,2.15,36.914054054054056
DELHI_CHANDINI_CHOWK,,18-03-2025 00:00,65.55,123.76,14.55875,20.53,1.38,37.55540540540541
DELHI_CHANDINI_CHOWK,,19-03-2025 00:00,78.11,210.13,16.6575,21.73,1.16,38.196756756756756
DELHI_CHANDINI_CHOWK,,20-03-2025 00:00,78.06,120.33,18.75625,18.09,2.09,38.83810810810811
DELHI_CHANDINI_CHOWK,,21-03-2025 00:00,94.69,163.43,20.855,16.39,2.87,39.47945945945946
DELHI_CHANDINI_CHOWK,,22-03-2025 00:00,67.46,110.11,22.95375,10.98,1.7,40.12081081081081
DELHI_CHANDINI_CHOWK,,23-03-2025 00:00,77.92,130.95,25.052500000000002,13.8,3.98,40.76216216216216
DELHI_CHANDINI_CHOWK,,24-03-2025 00:00,81.64,128.66,27.15125,11.42,1.7,41.403513513513516
DELHI_CHANDINI_CHOWK,,25-03-2025 00:00,104.72,161.78,29.25,13.16,2.5,42.04486486486486
DELHI_CHANDINI_CHOWK,,26-03-2025 00:00,119.64,158.64,31.18,18.95,1.71,42.686216216216216
DELHI_CHANDINI_CHOWK,,27-03-2025 00:00,103.1,183.53,29.45,17.35,2.43,43.32756756756757
DELHI_CHANDINI_CHOWK,,28-03-2025 00:00,111.93,250.92,35.18833333333333,22.44,2.73,43.96891891891892
DELHI_CHANDINI_CHOWK,,29-03-2025 00:00,85.57,185.48,40.92666666666667,17.17,1.62,44.61027027027027
DELHI_CHANDINI_CHOWK,,30-03-2025 00:00,59.23,115.71,46.665000000000006,15.45,4.82,45.251621621621624
DELHI_CHANDINI_CHOWK,,31-03-2025 00:00,51.33,103.15,52.403333333333336,18.68,4.68,45.89297297297297
DELHI_CHANDINI_CHOWK,,01-04-2025 00:00,58.99,117.63,58.141666666666666,20.46,4.19,46.534324324324324
DELHI_CHANDINI_CHOWK,,14-04-2025 00:00,75.56,128.23,63.88,22.16,2.17,47.17567567567568
DELHI_CHANDINI_CHOWK,,15-04-2025 00:00,86.67,154.71,49.01,17.78,2.11,47.817027027027024
DELHI_CHANDINI_CHOWK,,16-04-2025 00:00,85.0,159.13,39.11,15.51,2.44,48.45837837837838
DELHI_CHANDINI_CHOWK,,17-04-2025 00:00,101.41,186.34,39.74,18.03,2.53,49.09972972972973
DELHI_CHANDINI_CHOWK,,18-04-2025 00:00,104.96,173.24,71.0,15.48,2.62,49.74108108108108
DELHI_CHANDINI_CHOWK,,19-04-2025 00:00,88.13,129.01,61.86,13.72,1.7,50.38243243243243
DELHI_CHANDINI_CHOWK,,20-04-2025 00:00,68.36,79.83,51.24,8.88,1.56,51.023783783783784
DELHI_CHANDINI_CHOWK,,21-04-2025 00:00,59.12,70.93,62.32,11.71,1.37,51.66513513513513
DELHI_CHANDINI_CHOWK,,22-04-2025 00:00,83.83,127.34,108.69,16.68,1.67,52.306486486486484
DELHI_CHANDINI_CHOWK,,23-04-2025 00:00,103.19,151.9,106.68,25.05,2.03,52.94783783783784
DELHI_CHANDINI_CHOWK,,24-04-2025 00:00,86.5,131.18,111.63,30.24,1.73,53.589189189189185
DELHI_CHANDINI_CHOWK,,25-04-2025 00:00,100.06,151.37,144.4,36.93,2.63,54.23054054054054
DELHI_CHANDINI_CHOWK,,26-04-2025 00:00,106.34,167.39,45.98,36.02,2.69,54.87189189189189
DELHI_CHANDINI_CHOWK,,27-04-2025 00:00,117.2,170.16,50.09,33.13,2.23,55.51324324324324
DELHI_CHANDINI_CHOWK,,28-04-2025 00:00,96.48,141.64,39.76,26.62,2.26,56.15459459459459
DELHI_CHANDINI_CHOWK,,29-04-2025 00:00,117.33,166.82,30.12,27.3,2.29,56.795945945945945
DELHI_CHANDINI_CHOWK,,30-04-2025 00:00,81.85,125.58,21.15,10.02,1.88,57.43729729729729
DELHI_CHANDINI_CHOWK,,01-05-2025 00:00,81.57,118.33,29.9,10.99,1.14,58.078648648648645
DELHI_CHANDINI_CHOWK,,14-05-2025 00:00,37.44,70.6,79.16,17.15,1.33,58.72
DELHI_CHANDINI_CHOWK,,15-05-2025 00:00,48.62,65.27,102.96,19.5,1.3,34.69
DELHI_CHANDINI_CHOWK,,16-05-2025 00:00,184.68,377.52,108.97,21.6,1.2,40.08
DELHI_CHANDINI_CHOWK,,17-05-2025 00:00,29.45,81.26,111.15,13.34,1.33,55.15
DELHI_CHANDINI_CHOWK,,18-05-2025 00:00,13.46,39.64,75.34,14.89,1.29,28.47
DELHI_CHANDINI_CHOWK,,19-05-2025 00:00,37.41,63.36,67.71,14.36,1.36,44.67
DELHI_CHANDINI_CHOWK,,20-05-2025 00:00,52.83,111.5,63.43,14.13,1.24,40.97
DELHI_CHANDINI_CHOWK,,21-05-2025 00:00,81.31,118.87,80.98,19.59,0.83,55.22
DELHI_CHANDINI_CHOWK,,22-05-2025 00:00,57.69,81.19,75.87,14.96,0.95,90.06
DELHI_CHANDINI_CHOWK,,23-05-2025 00:00,39.15,71.87,79.39,11.58,1.18,55.59
DELHI_CHANDINI_CHOWK,,24-05-2025 00:00,52.58,88.23,82.34,10.68,1.24,59.62
DELHI_CHANDINI_CHOWK,,25-05-2025 00:00,65.36,113.1,69.17,10.43,1.37,61.44
DELHI_CHANDINI_CHOWK,,26-05-2025 00:00,49.07,98.92,69.54,11.77,1.23,39.98
DELHI_CHANDINI_CHOWK,,27-05-2025 00:00,50.47,110.32,77.89,10.06,2.2,35.5
DELHI_CHANDINI_CHOWK,,28-05-2025 00:00,57.73,111.56,71.37,9.0,2.78,35.15
DELHI_CHANDINI_CHOWK,,29-05-2025 00:00,59.89,117.05,38.52,10.64,1.0,38.41
DELHI_CHANDINI_CHOWK,,30-05-2025 00:00,64.73,136.13,40.33,12.88,1.17,37.52
DELHI_CHANDINI_CHOWK,,31-05-2025 00:00,65.18,152.96,35.0,16.12,1.28,28.85
DELHI_CHANDINI_CHOWK,,01-06-2025 00:00,78.65,215.45,34.01,18.03,1.67,50.84
DELHI_CHANDINI_CHOWK,,14-06-2025 00:00,82.3,130.9,62.63,9.21,1.24,50.56
DELHI_CHANDINI_CHOWK,,15-06-2025 00:00,79.59,97.48,53.69,6.42,1.56,44.27
DELHI_CHANDINI_CHOWK,,16-06-2025 00:00,45.27,78.14,74.56,9.72,1.87,25.87
DELHI_CHANDINI_CHOWK,,17-06-2025 00:00,50.45,73.54,58.51,6.47,1.4,36.52
DELHI_CHANDINI_CHOWK,,18-06-2025 00:00,50.24,63.43,48.39,6.0,0.94,35.01
DELHI_CHANDINI_CHOWK,,19-06-2025 00:00,47.8,58.83,48.47,5.26,0.89,32.24
DELHI_CHANDINI_CHOWK,,20-06-2025 00:00,41.83,57.59,51.91,6.79,0.54,45.94
DELHI_CHANDINI_CHOWK,,21-06-2025 00:00,34.45,55.96,47.22,5.41,0.96,31.37
DELHI_CHANDINI_CHOWK,,22-06-2025 00:00,36.25,61.05,45.33,5.66,0.81,31.85
DELHI_CHANDINI_CHOWK,,23-06-2025 00:00,41.945,78.64,46.394999999999996,5.445,0.88,36.235
DELHI_CHANDINI_CHOWK,,24-06-2025 00:00,47.64,96.23,47.46,5.23,0.95,40.62
DELHI_CHANDINI_CHOWK,,25-06-2025 00:00,37.55,68.66,45.39,5.87,0.99,19.93
DELHI_CHANDINI_CHOWK,,26-06-2025 00:00,57.19,84.58,42.24,5.42,1.06,16.53
DELHI_CHANDINI_CHOWK,,27-06-2025 00:00,44.31,65.98,44.53,4.85,0.93,27.62
DELHI_CHANDINI_CHOWK,,28-06-2025 00:00,30.5,66.55,45.89,6.73,0.87,26.22
DELHI_CHANDINI_CHOWK,,29-06-2025 00:00,41.03,79.07,46.75,12.87,1.07,21.56
DELHI_CHANDINI_CHOWK,,30-06-2025 00:00,35.1,67.01,45.03,12.53,1.18,6.86
DELHI_CHANDINI_CHOWK,,01-07-2025 00:00,40.92,61.15,47.12,13.8,1.44,37.49
DELHI_CHANDINI_CHOWK,,14-07-2025 00:00,20.2,66.53,34.32,6.14,0.85,33.95
DELHI_CHANDINI_CHOWK,,15-07-2025 00:00,26.62,48.15,29.92,13.85,0.82,22.85
DELHI_CHANDINI_CHOWK,,16-07-2025 00:00,18.16,28.09,21.08,14.03,0.79,14.07
DELHI_CHANDINI_CHOWK,,17-07-2025 00:00,39.88,54.49,32.51,14.07,0.83,12.84
DELHI_CHANDINI_CHOWK,,18-07-2025 00:00,34.92,60.71,49.72,13.51,0.75,21.17
DELHI_CHANDINI_CHOWK,,19-07-2025 00:00,16.58,67.82,33.21,13.54,0.82,60.68
DELHI_CHANDINI_CHOWK,,20-07-2025 00:00,31.56,49.25,21.09,14.2,0.94,44.37
DELHI_CHANDINI_CHOWK,,21-07-2025 00:00,45.19,68.34,25.28,13.76,0.8,35.61
DELHI_CHANDINI_CHOWK,,22-07-2025 00:00,50.54,77.51,35.11,15.33,0.93,26.85
DELHI_CHANDINI_CHOWK,,23-07-2025 00:00,51.24,67.19,37.19,13.75,0.92,26.74
DELHI_CHANDINI_CHOWK,,24-07-2025 00:00,37.86,56.83,34.22,13.23,0.9,20.51
DELHI_CHANDINI_CHOWK,,25-07-2025 00:00,37.96,95.99,27.04,13.67,0.87,38.48
DELHI_CHANDINI_CHOWK,,26-07-2025 00:00,93.6,122.0,44.67,13.46,0.87,37.79
DELHI_CHANDINI_CHOWK,,27-07-2025 00:00,40.91,66.1,30.99,13.09,0.82,55.56
DELHI_CHANDINI_CHOWK,,28-07-2025 00:00,44.64,72.39,31.74,15.68,0.85,46.72
DELHI_CHANDINI_CHOWK,,29-07-2025 00:00,39.17,66.4,23.72,15.22,0.95,49.41
DELHI_CHANDINI_CHOWK,,30-07-2025 00:00,30.42,52.98,29.85,15.62,0.86,26.35
DELHI_CHANDINI_CHOWK,,31-07-2025 00:00,37.26,65.91,27.15,15.82,0.82,18.32
DELHI_CHANDINI_CHOWK,,01-08-2025 00:00,19.65,41.08,23.0,14.93,0.95,23.28
DELHI_CHANDINI_CHOWK,,14-08-2025 00:00,28.65,136.91,75.37,12.34,1.6,30.9
DELHI_CHANDINI_CHOWK,,15-08-2025 00:00,23.25,60.82,21.07,11.55,1.22,39.65
DELHI_CHANDINI_CHOWK,,16-08-2025 00:00,33.35,78.21,23.91,6.57,1.05,46.69
DELHI_CHANDINI_CHOWK,,17-08-2025 00:00,37.27,91.59,31.57,5.66,1.24,21.2
DELHI_CHANDINI_CHOWK,,18-08-2025 00:00,34.48,88.93,29.67,9.37,1.08,29.26
DELHI_CHANDINI_CHOWK,,19-08-2025 00:00,27.1,97.06,23.2,15.43,1.0,18.0
DELHI_CHANDINI_CHOWK,,20-08-2025 00:00,23.7,93.5,36.33,8.94,1.07,58.94
DELHI_CHANDINI_CHOWK,,21-08-2025 00:00,19.51,88.93,51.99,7.21,0.87,27.59
DELHI_CHANDINI_CHOWK,,22-08-2025 00:00,20.48,95.5,37.63,8.88,0.9,45.03
DELHI_CHANDINI_CHOWK,,23-08-2025 00:00,33.92,132.45,34.93,9.75,1.21,40.48
DELHI_CHANDINI_CHOWK,,24-08-2025 00:00,23.24,93.25,37.26,8.91,1.03,30.8
DELHI_CHANDINI_CHOWK,,25-08-2025 00:00,21.09,68.28,51.81,10.0,0.98,17.84
DELHI_CHANDINI_CHOWK,,26-08-2025 00:00,19.0,62.48,231.56,7.99,1.04,12.46
DELHI_CHANDINI_CHOWK,,27-08-2025 00:00,20.96,51.58,87.07,6.65,1.11,14.04
DELHI_CHANDINI_CHOWK,,28-08-2025 00:00,26.91,81.92,86.73,10.02,1.41,22.79
DELHI_CHANDINI_CHOWK,,29-08-2025 00:00,39.33,134.52,65.15,9.98,1.43,17.71
DELHI_CHANDINI_CHOWK,,30-08-2025 00:00,28.8,99.62,62.31,10.2,1.09,16.1
DELHI_CHANDINI_CHOWK,,31-08-2025 00:00,18.42,80.44,44.79,8.12,1.06,16.0
DELHI_CHANDINI_CHOWK,,01-09-2025 00:00,24.2,86.99,43.05,9.1,1.04,19.15
DELHI_CHANDINI_CHOWK,,14-09-2025 00:00,19.1,94.31,42.57,11.5,1.53,21.57
DELHI_CHANDINI_CHOWK,,15-09-2025 00:00,25.96,98.32,38.44,11.1,1.64,20.94
DELHI_CHANDINI_CHOWK,,16-09-2025 00:00,23.02,125.88,33.37,10.93,1.57,24.41
DELHI_CHANDINI_CHOWK,,17-09-2025 00:00,32.32,121.54,27.3,10.1,2.26,28.93
DELHI_CHANDINI_CHOWK,,18-09-2025 00:00,48.7,137.35,36.95,10.76,1.77,37.62
DELHI_CHANDINI_CHOWK,,19-09-2025 00:00,68.78,98.86,38.75,9.87,1.37,21.04
DELHI_CHANDINI_CHOWK,,20-09-2025 00:00,68.14,132.82,40.5,10.84,1.44,20.96
DELHI_CHANDINI_CHOWK,,21-09-2025 00:00,51.61,124.04,40.33,10.38,1.35,30.35
DELHI_CHANDINI_CHOWK,,22-09-2025 00:00,49.7,126.58,34.57,11.17,1.29,42.84
DELHI_CHANDINI_CHOWK,,23-09-2025 00:00,45.81,126.28,34.37,12.33,1.33,38.84
DELHI_CHANDINI_CHOWK,,24-09-2025 00:00,46.79,120.59,39.05,10.76,1.07,35.8
DELHI_CHANDINI_CHOWK,,25-09-2025 00:00,47.51,114.04,52.89,8.66,0.95,26.91
DELHI_CHANDINI_CHOWK,,26-09-2025 00:00,53.78,110.33,15.71,8.67,1.0,29.32
DELHI_CHANDINI_CHOWK,,27-09-2025 00:00,58.91,115.8,25.62,15.64,0.92,31.43
DELHI_CHANDINI_CHOWK,,28-09-2025 00:00,83.08,155.23,33.83,10.49,0.94,66.58
DELHI_CHANDINI_CHOWK,,29-09-2025 00:00,54.86,91.95,20.5,11.57,0.89,28.49
DELHI_CHANDINI_CHOWK,,30-09-2025 00:00,55.78,81.4,15.75,11.9,0.9,36.73
DELHI_CHANDINI_CHOWK,,01-10-2025 00:00,55.69,91.48,26.19,11.79,1.06,16.96
DELHI_CHANDINI_CHOWK,,14-10-2025 00:00,61.77,166.48,39.55,13.83,1.1,38.17
DELHI_CHANDINI_CHOWK,,15-10-2025 00:00,64.47,284.68,47.08,12.37,1.18,36.86
DELHI_CHANDINI_CHOWK,,16-10-2025 00:00,75.38,306.48,71.86,15.98,2.37,31.23
DELHI_CHANDINI_CHOWK,,17-10-2025 00:00,83.35,323.9,47.91,12.85,2.59,42.54
DELHI_CHANDINI_CHOWK,,18-10-2025 00:00,84.52,273.86,47.48,13.95,2.01,42.94
DELHI_CHANDINI_CHOWK,,19-10-2025 00:00,96.15,304.92,50.82,18.18,2.26,31.4
DELHI_CHANDINI_CHOWK,,20-10-2025 00:00,129.06,378.15,49.11,23.31,3.39,31.98
DELHI_CHANDINI_CHOWK,,21-10-2025 00:00,175.59,408.43,49.35,41.44,3.23,38.03
DELHI_CHANDINI_CHOWK,,22-10-2025 00:00,287.83,421.21,43.07,42.0,2.9,26.65
DELHI_CHANDINI_CHOWK,,23-10-2025 00:00,189.94,365.73,50.16,16.51,2.75,30.32
DELHI_CHANDINI_CHOWK,,24-10-2025 00:00,138.72,307.23,39.72,24.29,2.34,44.47
DELHI_CHANDINI_CHOWK,,25-10-2025 00:00,132.36,299.24,17.38,15.4,2.69,48.41
DELHI_CHANDINI_CHOWK,,26-10-2025 00:00,209.55,431.58,20.12,14.91,3.05,39.13
DELHI_CHANDINI_CHOWK,,27-10-2025 00:00,201.55,370.92,18.17,24.93,2.48,37.99
DELHI_CHANDINI_CHOWK,,28-10-2025 00:00,230.95,419.74,18.8,11.84,2.84,4.75
DELHI_CHANDINI_CHOWK,,29-10-2025 00:00,209.48333333333332,374.81,15.903333333333334,13.813333333333334,2.19,12.496666666666666
DELHI_CHANDINI_CHOWK,,30-10-2025 00:00,188.01666666666668,329.88,13.006666666666668,15.786666666666667,1.54,20.243333333333332
DELHI_CHANDINI_CHOWK,,31-10-2025 00:00,166.55,284.95,10.11,17.76,0.89,27.99
DELHI_CHANDINI_CHOWK,,01-11-2025 00:00,124.75,192.78,9.14,11.25,0.85,27.15
DELHI_CHANDINI_CHOWK,,14-11-2025 00:00,326.87,606.41,38.93,22.28,2.01,35.66
DELHI_CHANDINI_CHOWK,,15-11-2025 00:00,222.38,491.16,43.54,21.41,1.81,35.67
DELHI_CHANDINI_CHOWK,,16-11-2025 00:00,226.24,507.72,18.56,19.66,2.1,31.29
DELHI_CHANDINI_CHOWK,,17-11-2025 00:00,239.84,507.77,21.46,23.18,2.59,31.02
DELHI_CHANDINI_CHOWK,,18-11-2025 00:00,214.08,452.28,69.05,16.48,3.47,28.25
DELHI_CHANDINI_CHOWK,,19-11-2025 00:00,292.1,580.41,47.18,12.16,4.79,29.57
DELHI_CHANDINI_CHOWK,,20-11-2025 00:00,296.87,603.03,45.79,12.53,3.4,33.98
DELHI_CHANDINI_CHOWK,,21-11-2025 00:00,222.47,454.62,63.03,7.83,2.97,38.66
DELHI_CHANDINI_CHOWK,,22-11-2025 00:00,203.15,392.12,36.66,7.01,3.75,40.42
DELHI_CHANDINI_CHOWK,,23-11-2025 00:00,217.13,450.77,134.28,10.79,3.53,33.6
DELHI_CHANDINI_CHOWK,,24-11-2025 00:00,265.42,490.38,53.37,9.47,3.4,29.39
DELHI_CHANDINI_CHOWK,,25-11-2025 00:00,124.58,399.66,76.14,8.52,2.8,30.66
DELHI_CHANDINI_CHOWK,,26-11-2025 00:00,177.7,438.9,41.4,18.03,3.85,27.8
DELHI_CHANDINI_CHOWK,,27-11-2025 00:00,149.52,369.54,62.46,13.84,2.67,28.65
DELHI_CHANDINI_CHOWK,,28-11-2025 00:00,191.83,535.27,88.78,13.94,3.14,27.74
DELHI_CHANDINI_CHOWK,,29-11-2025 00:00,188.76,497.65,63.98,15.95,3.03,25.98
DELHI_CHANDINI_CHOWK,,30-11-2025 00:00,113.63,357.44,46.53,14.2,2.47,22.71
DELHI_CHANDINI_CHOWK,,01-12-2025 00:00,115.47,358.85,38.16,13.63,2.62,27.5
DELHI_CHANDINI_CHOWK,,14-12-2025 00:00,371.29,689.3,75.22,5.14,2.1,35.88
DELHI_CHANDINI_CHOWK,,15-12-2025 00:00,326.16,494.01,61.91,5.36,1.84,24.07
DELHI_CHANDINI_CHOWK,,16-12-2025 00:00,276.76,451.68,51.33,5.43,1.81,35.24
DELHI_CHANDINI_CHOWK,,17-12-2025 00:00,167.12,334.22,46.83,5.35,1.17,44.45
DELHI_CHANDINI_CHOWK,,18-12-2025 00:00,189.75,374.58,59.63,11.35,1.45,48.72
DELHI_CHANDINI_CHOWK,,19-12-2025 00:00,257.98,480.77,49.62,9.97,2.18,6.87
DELHI_CHANDINI_CHOWK,,20-12-2025 00:00,248.6,472.21,55.2,9.61,3.34,28.8
DELHI_CHANDINI_CHOWK,,21-12-2025 00:00,370.94,544.43,88.0,21.4,3.52,10.38
DELHI_CHANDINI_CHOWK,,22-12-2025 00:00,251.97,451.9,53.07,23.41,2.92,18.62
DELHI_CHANDINI_CHOWK,,23-12-2025 00:00,255.46,472.71,68.28,24.88,2.23,26.52
DELHI_CHANDINI_CHOWK,,24-12-2025 00:00,280.9,463.29,66.15,21.32,2.04,28.88
DELHI_CHANDINI_CHOWK,,25-12-2025 00:00,128.27,212.35,48.34,28.28,2.95,30.49
DELHI_CHANDINI_CHOWK,,26-12-2025 00:00,147.82,273.81,63.73,32.23,2.68,29.95
DELHI_CHANDINI_CHOWK,,27-12-2025 00:00,272.31,450.63,72.2,28.68,2.94,25.66
DELHI_CHANDINI_CHOWK,,28-12-2025 00:00,285.91,471.56,41.34,28.27,6.76,28.56
DELHI_CHANDINI_CHOWK,,29-12-2025 00:00,307.55,500.14,49.7,29.33,6.66,29.26
DELHI_CHANDINI_CHOWK,,30-12-2025 00:00,323.73,542.89,56.75,29.09,4.89,18.19
DELHI_CHANDINI_CHOWK,,31-12-2025 00:00,271.09,455.04,67.75,26.11,3.26,21.23
DELHI_CHANDINI_CHOWK,,01-01-2026 00:00,279.39,417.94,54.96,26.08,2.42,5.74
DELHI_CHANDINI_CHOWK,,14-01-2026 00:00,223.81,543.73,71.73,23.69,2.59,31.76
DELHI_CHANDINI_CHOWK,,15-01-2026 00:00,234.73,512.47,59.9,28.37,2.13,30.56
DELHI_CHANDINI_CHOWK,,16-01-2026 00:00,204.33,394.02,47.13,26.41,2.18,26.01
DELHI_CHANDINI_CHOWK,,17-01-2026 00:00,273.76,466.18,63.03,16.75,4.08,25.43
DELHI_CHANDINI_CHOWK,,18-01-2026 00:00,381.93,569.53,85.04,21.91,5.22,32.29
DELHI_CHANDINI_CHOWK,,19-01-2026 00:00,393.12,577.23,70.31,20.47,5.05,37.12
DELHI_CHANDINI_CHOWK,,20-01-2026 00:00,320.42,559.97,70.57,20.96,5.39,32.12
DELHI_CHANDINI_CHOWK,,21-01-2026 00:00,238.66,455.93,60.1,16.6,3.12,30.61
DELHI_CHANDINI_CHOWK,,22-01-2026 00:00,203.82,378.18,53.77,19.58,3.33,27.65
DELHI_CHANDINI_CHOWK,,23-01-2026 00:00,227.82,384.31,62.54,19.31,3.11,38.58
DELHI_CHANDINI_CHOWK,,24-01-2026 00:00,140.39,222.28,37.26,16.16,1.86,29.66
DELHI_CHANDINI_CHOWK,,25-01-2026 00:00,83.79,226.53,35.85,12.94,1.57,26.03
DELHI_CHANDINI_CHOWK,,26-01-2026 00:00,104.72,263.78,40.69,17.15,1.48,32.01
DELHI_CHANDINI_CHOWK,,27-01-2026 00:00,156.19,275.92,34.07,17.89,2.26,27.57
DELHI_CHANDINI_CHOWK,,28-01-2026 00:00,232.67,380.63,57.13,17.44,3.0,13.53
DELHI_CHANDINI_CHOWK,,29-01-2026 00:00,135.21,213.12,34.08,16.64,2.27,14.54
DELHI_CHANDINI_CHOWK,,30-01-2026 00:00,116.37,210.24,26.52,12.96,2.28,22.59
DELHI_CHANDINI_CHOWK,,31-01-2026 00:00,135.55,260.16,46.55,17.05,2.61,22.42
DELHI_CHANDINI_CHOWK,,01-02-2026 00:00,181.79,350.34,52.59,20.66,2.72,22.92
DELHI_CHANDINI_CHOWK,,14-02-2026 00:00,87.98,201.84,26.23,18.08,2.34,58.18
DELHI_CHANDINI_CHOWK,,15-02-2026 00:00,123.0,259.42,27.79,23.59,3.2,57.13
DELHI_CHANDINI_CHOWK,,16-02-2026 00:00,105.7,173.29,22.94,20.4,3.16,56.62
DELHI_CHANDINI_CHOWK,,17-02-2026 00:00,144.02,305.52,30.66,26.49,4.42,58.83
DELHI_CHANDINI_CHOWK,,17-02-2026 00:00,158.4,476.0,30.56,26.49,4.84,14.89
DELHI_ITO,2025-01-01,02-01-2025 00:00,155.56,215.5,58.88,8.69,1.56,15.39
DELHI_ITO,2025-01-02,02-02-2025 00:00,170.26,231.74,109.13,12.56,1.92,16.23
DELHI_ITO,2025-01-03,02-03-2025 00:00,83.6,125.16,36.04,16.28,1.32,8.58
DELHI_ITO,2025-01-04,02-04-2025 00:00,65.45,126.0,33.67,13.33,0.56,35.25
DELHI_ITO,2025-01-05,02-05-2025 00:00,71.72,138.09,39.77,11.75,1.0,18.11
DELHI_ITO,2025-01-06,02-06-2025 00:00,48.98,148.34,30.83,21.3,0.53,15.73
DELHI_ITO,2025-01-07,02-07-2025 00:00,36.09,69.95,57.61,12.56,1.24,14.82
DELHI_ITO,2025-01-08,02-08-2025 00:00,29.24,37.14,58.97,8.82,0.49,3.81
DELHI_ITO,2025-01-09,02-09-2025 00:00,14.16,21.4,69.86,18.68,0.57,8.12
DELHI_ITO,2025-01-10,02-10-2025 00:00,60.09,99.4,71.52,10.29,1.16,26.62
DELHI_ITO,2025-01-11,02-11-2025 00:00,150.67,212.37,44.1,13.16,1.77,14.16
DELHI_ITO,2025-01-12,02-12-2025 00:00,171.34,276.33,101.83,22.03,2.38,24.04
DELHI_ITO,2025-02-01,03-01-2025 00:00,180.56,238.41,58.39,9.55,1.91,14.7
DELHI_ITO,2025-02-02,03-02-2025 00:00,114.28,166.63,58.06,9.98,1.0,16.19
DELHI_ITO,2025-02-03,03-03-2025 00:00,51.03,97.31,41.59,13.95,1.2,14.18
DELHI_ITO,2025-02-04,03-04-2025 00:00,96.71,185.78,78.95,17.85,1.39,29.09
DELHI_ITO,2025-02-05,03-05-2025 00:00,49.0,102.6,47.4,4.95,1.15,9.82
DELHI_ITO,2025-02-06,03-06-2025 00:00,57.88,122.57,33.5,20.91,0.53,18.8
DELHI_ITO,2025-02-07,03-07-2025 00:00,31.67,70.68,59.19,12.5,1.24,14.85
DELHI_ITO,2025-02-08,03-08-2025 00:00,34.28,41.56,68.05,10.93,0.42,5.18
DELHI_ITO,2025-02-09,03-09-2025 00:00,14.56,20.47,66.38,17.84,0.57,8.2
DELHI_ITO,2025-02-10,03-10-2025 00:00,53.09,94.59,70.78,10.26,0.98,24.53
DELHI_ITO,2025-02-11,03-11-2025 00:00,99.19,154.29,42.55,17.86,1.6,20.22
DELHI_ITO,2025-02-12,03-12-2025 00:00,239.62,372.6,124.59,16.03,2.6,23.09
DELHI_ITO,2025-03-01,04-01-2025 00:00,245.67,337.46,122.75,16.95,3.54,14.35
DELHI_ITO,2025-03-02,04-02-2025 00:00,90.14,143.46,83.64,6.81,1.3,22.46
DELHI_ITO,2025-03-03,04-03-2025 00:00,57.01,130.85,71.9,21.96,1.54,23.66
DELHI_ITO,2025-03-04,04-04-2025 00:00,74.35,160.01,91.27,12.28,1.24,21.16
DELHI_ITO,2025-03-05,04-05-2025 00:00,87.31,158.71,66.18,4.97,1.32,8.14
DELHI_ITO,2025-03-06,04-06-2025 00:00,52.15,124.08,41.17,21.44,0.79,20.52
DELHI_ITO,2025-03-07,04-07-2025 00:00,32.26,64.57,65.14,15.5,1.16,15.28
DELHI_ITO,2025-03-08,04-08-2025 00:00,35.56,48.02,68.57,9.01,0.44,6.05
DELHI_ITO,2025-03-09,04-09-2025 00:00,21.94,28.77,66.82,17.79,0.68,8.15
DELHI_ITO,2025-03-10,04-10-2025 00:00,37.85,72.82,71.01,8.42,1.13,26.01
DELHI_ITO,2025-03-11,04-11-2025 00:00,173.72,246.24,59.41,20.9,2.01,20.55
DELHI_ITO,2025-03-12,04-12-2025 00:00,163.77,267.79,104.82,21.3,1.9,20.88
DELHI_ITO,2025-04-01,05-01-2025 00:00,212.56,266.54,115.91,12.8,2.96,12.73
DELHI_ITO,2025-04-02,05-02-2025 00:00,170.44,226.83,107.45,11.72,1.63,16.86
DELHI_ITO,2025-04-03,05-03-2025 00:00,50.09,115.95,28.2,17.64,1.0,24.18
DELHI_ITO,2025-04-04,05-04-2025 00:00,83.82,196.02,77.16,14.06,1.01,13.95
DELHI_ITO,2025-04-05,05-05-2025 00:00,93.82,169.95,55.11,6.01,1.26,10.24
DELHI_ITO,2025-04-06,05-06-2025 00:00,60.69,147.47,31.12,20.73,0.64,20.88
DELHI_ITO,2025-04-07,05-07-2025 00:00,33.2,86.61,64.44,13.24,1.27,15.24
DELHI_ITO,2025-04-08,05-08-2025 00:00,41.15,58.26,63.28,9.69,0.45,3.34
DELHI_ITO,2025-04-09,05-09-2025 00:00,26.99,35.37,58.22,17.99,0.56,8.14
DELHI_ITO,2025-04-10,05-10-2025 00:00,71.71,118.93,70.49,9.41,1.2,33.11
DELHI_ITO,2025-04-11,05-11-2025 00:00,143.0,264.32,104.4,18.15,2.22,17.3
DELHI_ITO,2025-04-12,05-12-2025 00:00,149.16,233.6,86.94,14.43,1.84,23.69
DELHI_ITO,2025-05-01,06-01-2025 00:00,112.02,148.31,63.51,14.7,0.95,12.19
DELHI_ITO,2025-05-02,06-02-2025 00:00,91.13,120.52,46.95,14.53,0.58,27.85
DELHI_ITO,2025-05-03,06-03-2025 00:00,27.66,78.52,19.66,15.44,0.74,42.05
DELHI_ITO,2025-05-04,06-04-2025 00:00,59.35,113.36,25.14,10.74,0.62,17.43
DELHI_ITO,2025-05-05,06-05-2025 00:00,42.4,84.35,38.99,6.34,0.89,11.74
DELHI_ITO,2025-05-06,06-06-2025 00:00,51.73,120.74,30.21,24.55,0.66,28.92
DELHI_ITO,2025-05-07,06-07-2025 00:00,38.02,92.74,66.42,14.91,1.2,15.12
DELHI_ITO,2025-05-08,06-08-2025 00:00,35.03,44.25,66.93,13.14,0.48,4.51
DELHI_ITO,2025-05-09,06-09-2025 00:00,26.96,36.16,65.1,20.96,0.54,8.17
DELHI_ITO,2025-05-10,06-10-2025 00:00,68.65,110.23,69.41,9.88,1.18,34.67
DELHI_ITO,2025-05-11,06-11-2025 00:00,130.0,205.15,46.57,18.11,1.34,44.14
DELHI_ITO,2025-05-12,06-12-2025 00:00,171.53,271.74,91.68,17.93,2.07,20.06
DELHI_ITO,2025-06-01,07-01-2025 00:00,122.05,160.6,55.55,14.52,1.01,12.6
DELHI_ITO,2025-06-02,07-02-2025 00:00,78.07,105.12,41.34,10.98,0.39,37.77
DELHI_ITO,2025-06-03,07-03-2025 00:00,46.16,102.57,41.31,15.5,1.29,40.62
DELHI_ITO,2025-06-04,07-04-2025 00:00,85.72,154.57,60.37,15.34,1.36,15.29
DELHI_ITO,2025-06-05,07-05-2025 00:00,58.73,113.25,50.23,8.96,1.02,10.12
DELHI_ITO,2025-06-06,07-06-2025 00:00,45.61,122.72,35.77,22.23,0.8,25.76
DELHI_ITO,2025-06-07,07-07-2025 00:00,45.5,80.33,67.0,16.93,1.28,15.01
DELHI_ITO,2025-06-08,07-08-2025 00:00,33.93,66.22,68.02,13.13,0.51,5.37
DELHI_ITO,2025-06-09,07-09-2025 00:00,30.92,41.77,68.57,17.41,0.59,8.5
DELHI_ITO,2025-06-10,07-10-2025 00:00,34.77,55.78,67.46,10.91,0.79,29.79
DELHI_ITO,2025-06-11,07-11-2025 00:00,194.64,280.02,34.25,20.09,1.37,73.33
DELHI_ITO,2025-06-12,07-12-2025 00:00,165.52,256.35,67.6,15.96,1.41,14.85
DELHI_ITO,2025-07-01,08-01-2025 00:00,100.22,143.08,50.84,11.44,1.68,15.06
DELHI_ITO,2025-07-02,08-02-2025 00:00,62.34,96.0,40.77,13.85,0.33,42.88
DELHI_ITO,2025-07-03,08-03-2025 00:00,87.93,159.06,82.6,19.5,2.04,27.64
DELHI_ITO,2025-07-04,08-04-2025 00:00,105.08,205.73,133.32,14.04,1.87,10.77
DELHI_ITO,2025-07-05,08-05-2025 00:00,48.82,102.62,42.38,6.41,1.09,11.89
DELHI_ITO,2025-07-06,08-06-2025 00:00,71.72,165.93,51.32,20.73,1.13,23.44
DELHI_ITO,2025-07-07,08-07-2025 00:00,23.11,42.94,65.15,12.03,1.16,16.29
DELHI_ITO,2025-07-08,08-08-2025 00:00,29.7,85.85,67.31,16.05,0.45,5.3
DELHI_ITO,2025-07-09,08-09-2025 00:00,29.18,40.82,70.99,20.48,0.62,8.39
DELHI_ITO,2025-07-10,08-10-2025 00:00,27.66,45.91,66.6,13.38,0.88,30.52
DELHI_ITO,2025-07-11,08-11-2025 00:00,271.19,368.99,44.4,18.17,1.72,24.52
DELHI_ITO,2025-07-12,08-12-2025 00:00,151.01,236.4,63.52,12.12,1.5,13.21
DELHI_ITO,2025-08-01,09-01-2025 00:00,128.37,164.03,90.02,10.53,1.98,16.94
DELHI_ITO,2025-08-02,09-02-2025 00:00,76.61,118.19,64.24,11.01,0.71,38.93
DELHI_ITO,2025-08-03,09-03-2025 00:00,71.62,132.29,68.74,15.97,2.0,28.73
DELHI_ITO,2025-08-04,09-04-2025 00:00,95.88,201.64,61.14,16.33,1.2,7.5
DELHI_ITO,2025-08-05,09-05-2025 00:00,81.8,155.19,71.75,8.9,1.36,9.02
DELHI_ITO,2025-08-06,09-06-2025 00:00,78.25,178.48,46.65,21.51,1.14,17.52
DELHI_ITO,2025-08-07,09-07-2025 00:00,43.26,64.35,66.73,14.04,1.28,16.12
DELHI_ITO,2025-08-08,09-08-2025 00:00,28.25,93.29,66.69,13.75,0.46,5.58
DELHI_ITO,2025-08-09,09-09-2025 00:00,33.03,48.24,72.57,15.09,0.81,8.42
DELHI_ITO,2025-08-10,09-10-2025 00:00,42.0,65.95,67.21,10.21,0.78,31.39
DELHI_ITO,2025-08-11,09-11-2025 00:00,312.32,428.31,55.48,10.65,1.89,23.15
DELHI_ITO,2025-08-12,09-12-2025 00:00,143.29,226.88,59.53,14.29,1.44,13.69
DELHI_ITO,2025-09-01,10-01-2025 00:00,285.44,313.39,201.3,10.66,3.7,17.32
DELHI_ITO,2025-09-02,10-02-2025 00:00,129.08,167.67,124.09,17.73,1.36,32.92
DELHI_ITO,2025-09-03,10-03-2025 00:00,104.99,192.15,129.49,24.7,2.89,15.92
DELHI_ITO,2025-09-04,10-04-2025 00:00,98.79,191.07,37.8,14.62,1.14,9.94
DELHI_ITO,2025-09-05,10-05-2025 00:00,67.62,128.03,55.94,8.81,1.35,9.61
DELHI_ITO,2025-09-06,10-06-2025 00:00,76.99,199.63,45.52,21.41,0.84,20.53
DELHI_ITO,2025-09-07,10-07-2025 00:00,26.44,34.28,66.08,16.0,1.03,16.92
DELHI_ITO,2025-09-08,10-08-2025 00:00,15.77,32.31,65.15,16.87,0.62,4.09
DELHI_ITO,2025-09-09,10-09-2025 00:00,29.85,44.65,66.15,19.71,0.59,8.61
DELHI_ITO,2025-09-10,10-10-2025 00:00,41.32,89.04,66.96,11.78,0.71,36.91
DELHI_ITO,2025-09-11,10-11-2025 00:00,267.19,362.65,45.22,11.56,1.62,22.65
DELHI_ITO,2025-09-12,10-12-2025 00:00,137.97,217.74,60.56,9.98,1.42,19.56
DELHI_ITO,2025-10-01,11-01-2025 00:00,216.69,246.97,159.55,10.8,2.95,13.19
DELHI_ITO,2025-10-02,11-02-2025 00:00,154.14,187.87,195.46,11.12,2.52,25.42
DELHI_ITO,2025-10-03,11-03-2025 00:00,97.77,177.18,79.64,13.67,1.83,12.24
DELHI_ITO,2025-10-04,11-04-2025 00:00,67.63,202.64,40.78,16.09,0.96,13.78
DELHI_ITO,2025-10-05,11-05-2025 00:00,83.32,141.29,49.07,14.1,1.41,14.06
DELHI_ITO,2025-10-06,11-06-2025 00:00,51.82,187.69,50.96,16.52,1.23,20.84
DELHI_ITO,2025-10-07,11-07-2025 00:00,17.62,19.82,65.48,14.85,1.22,15.88
DELHI_ITO,2025-10-08,11-08-2025 00:00,21.905,28.805,71.16,7.34,0.7,5.03
DELHI_ITO,2025-10-09,11-09-2025 00:00,26.19,37.79,63.9,15.95,0.41,9.28
DELHI_ITO,2025-10-10,11-10-2025 00:00,64.99,125.0,69.91,10.99,1.21,26.02
DELHI_ITO,2025-10-11,11-11-2025 00:00,286.86,397.46,62.54,13.43,1.82,23.42
DELHI_ITO,2025-10-12,11-12-2025 00:00,143.43,237.71,86.47,16.9,2.11,14.7
DELHI_ITO,2025-11-01,12-01-2025 00:00,128.29,144.56,63.14,8.94,1.48,13.39
DELHI_ITO,2025-11-02,12-02-2025 00:00,151.27,183.81,146.1,15.44,2.29,33.23
DELHI_ITO,2025-11-03,12-03-2025 00:00,120.27,217.77,101.0,15.35,1.68,17.94
DELHI_ITO,2025-11-04,12-04-2025 00:00,44.67,123.66,21.15,6.01,0.96,11.45
DELHI_ITO,2025-11-05,12-05-2025 00:00,59.92,115.45,33.1,13.32,1.07,19.9
DELHI_ITO,2025-11-06,12-06-2025 00:00,72.23,204.94,68.08,12.88,1.62,23.74
DELHI_ITO,2025-11-07,12-07-2025 00:00,56.24666666666667,152.09,64.31,15.53,1.42,15.7
DELHI_ITO,2025-11-08,12-08-2025 00:00,40.263333333333335,99.24,70.65,15.4,0.64,12.13
DELHI_ITO,2025-11-09,12-09-2025 00:00,24.28,46.39,66.38,16.23,0.56,12.84
DELHI_ITO,2025-11-10,12-10-2025 00:00,79.18,114.64,73.72,11.57,1.36,9.94
DELHI_ITO,2025-11-11,12-11-2025 00:00,365.85,487.47,69.86,12.77,1.99,20.48
DELHI_ITO,2025-11-12,12-12-2025 00:00,179.4,282.88,111.64,15.0,2.33,14.58
DELHI_ITO,2025-12-01,13-01-2025 00:00,142.26,156.41,85.55,10.34,1.8,13.54
DELHI_ITO,2025-12-02,13-02-2025 00:00,93.05,134.7,71.28,14.05,1.03,33.57
DELHI_ITO,2025-12-03,13-03-2025 00:00,90.57,153.42,41.32,12.69,0.87,20.76
DELHI_ITO,2025-12-04,13-04-2025 00:00,53.95,94.51,21.78,8.96,0.97,17.01
DELHI_ITO,2025-12-05,13-05-2025 00:00,47.11,101.03,34.95,15.06,1.05,28.12
DELHI_ITO,2025-12-06,13-06-2025 00:00,72.72,156.12,25.37,13.17,1.41,14.36
DELHI_ITO,2025-12-07,13-07-2025 00:00,56.733333333333334,120.15,68.39,11.63,1.31,16.04
DELHI_ITO,2025-12-08,13-08-2025 00:00,40.74666666666667,84.18,65.84,20.32,0.65,19.16
DELHI_ITO,2025-12-09,13-09-2025 00:00,24.76,48.21,65.61,8.13,0.89,16.6
DELHI_ITO,2025-12-10,13-10-2025 00:00,66.51,101.67,75.87,12.44,1.16,12.85
DELHI_ITO,2025-12-11,13-11-2025 00:00,385.88,512.17,58.35,16.1,2.17,27.63
DELHI_ITO,2025-12-12,13-12-2025 00:00,269.76,401.56,136.56,17.53,2.99,15.27
DELHI_ITO,2026-01-01,02-01-2026 00:00,194.66,287.87,51.14,9.92,1.3,29.42
DELHI_ITO,2026-01-02,02-02-2026 00:00,90.82,139.71,43.18,8.81,1.13,3.73
DELHI_ITO,2026-02-01,03-01-2026 00:00,83.86,125.15,43.94,12.45,0.91,29.93
DELHI_ITO,2026-02-02,03-02-2026 00:00,112.57,161.41,43.46,8.07,1.15,2.4
DELHI_ITO,2026-03-01,04-01-2026 00:00,129.05,196.93,51.26,9.86,1.2,32.66
DELHI_ITO,2026-03-02,04-02-2026 00:00,139.32,215.12,45.48,4.82,1.45,24.39
DELHI_ITO,2026-04-01,05-01-2026 00:00,127.87,192.05,58.3,14.62,1.21,31.24
DELHI_ITO,2026-04-02,05-02-2026 00:00,164.37,244.95,57.86,11.87,1.43,29.26
DELHI_ITO,2026-05-01,06-01-2026 00:00,114.54,187.96,46.09,14.66,0.92,43.68
DELHI_ITO,2026-05-02,06-02-2026 00:00,106.73,159.27,37.62,9.59,0.91,43.44
DELHI_ITO,2026-06-01,07-01-2026 00:00,149.84,227.16,47.1,17.68,0.76,31.94
DELHI_ITO,2026-06-02,07-02-2026 00:00,98.01,150.61,37.58,15.13,0.94,42.72
DELHI_ITO,2026-07-01,08-01-2026 00:00,123.98,201.1,46.56,18.27,0.64,38.0
DELHI_ITO,2026-07-02,08-02-2026 00:00,98.95,149.76,37.79,5.22,0.87,47.35
DELHI_ITO,2026-08-01,09-01-2026 00:00,129.98,206.46,50.81,17.23,0.67,37.15
DELHI_ITO,2026-08-02,09-02-2026 00:00,77.82,121.73,39.79,11.89,1.02,52.42
DELHI_ITO,2026-09-01,10-01-2026 00:00,210.01,313.15,61.39,18.62,0.65,37.11
DELHI_ITO,2026-09-02,10-02-2026 00:00,120.85,195.37,52.57,8.3,1.64,38.48
DELHI_ITO,2026-10-01,11-01-2026 00:00,147.96,241.09,64.1,15.39,0.79,32.3
DELHI_ITO,2026-10-02,11-02-2026 00:00,170.67,273.9,69.03,13.5,2.01,26.63
DELHI_ITO,2026-11-01,12-01-2026 00:00,142.86,208.03,49.63,8.68,1.2,29.77
DELHI_ITO,2026-11-02,12-02-2026 00:00,207.98,290.08,49.9,10.94,1.01,34.86
DELHI_ITO,2026-12-01,13-01-2026 00:00,153.84,229.26,75.36,14.26,1.62,35.65
DELHI_ITO,2026-12-02,13-02-2026 00:00,64.8,111.88,41.01,10.82,1.05,36.33
DELHI_ITO,,14-01-2025 00:00,108.52,122.95,45.39,9.8,1.2,14.99
DELHI_ITO,,15-01-2025 00:00,151.45,171.4,94.43,15.45,2.22,19.83
DELHI_ITO,,16-01-2025 00:00,217.68,246.68,182.34,11.68,3.16,13.11
DELHI_ITO,,17-01-2025 00:00,160.91,179.61,107.95,15.94,2.42,13.59
DELHI_ITO,,18-01-2025 00:00,121.96,147.44,56.94,11.76,1.15,14.68
DELHI_ITO,,19-01-2025 00:00,136.02,165.46,78.8,12.79,1.53,21.03
DELHI_ITO,,20-01-2025 00:00,229.38,262.57,162.7,12.61,2.4,18.17
DELHI_ITO,,21-01-2025 00:00,156.88,183.87,62.33,11.52,1.09,21.92
DELHI_ITO,,22-01-2025 00:00,147.82,177.96,50.61,9.52,0.93,29.75
DELHI_ITO,,23-01-2025 00:00,135.62,171.45,106.74,10.77,1.75,24.88
DELHI_ITO,,24-01-2025 00:00,102.11,136.21,96.35,8.87,1.22,23.33
DELHI_ITO,,25-01-2025 00:00,76.49,107.18,46.18,6.35,0.68,31.9
DELHI_ITO,,26-01-2025 00:00,68.01,103.82,48.65,8.43,0.72,34.79
DELHI_ITO,,27-01-2025 00:00,90.23,127.84,72.36,10.38,1.02,33.58
DELHI_ITO,,28-01-2025 00:00,107.77,153.79,75.47,9.76,1.13,30.63
DELHI_ITO,,29-01-2025 00:00,111.0,178.15,124.68,11.42,1.79,33.04
DELHI_ITO,,30-01-2025 00:00,221.67,290.68,199.1,11.86,2.87,18.51
DELHI_ITO,,31-01-2025 00:00,165.96,223.98,137.6,14.04,2.05,16.62
DELHI_ITO,,01-02-2025 00:00,170.72,230.09,163.94,12.53,2.16,17.22
DELHI_ITO,,14-02-2025 00:00,53.52,109.94,35.23,12.83,0.64,49.29
DELHI_ITO,,15-02-2025 00:00,60.6,117.22,42.38,13.79,0.77,44.31
DELHI_ITO,,16-02-2025 00:00,103.29,176.63,101.47,15.83,1.77,36.02
DELHI_ITO,,17-02-2025 00:00,178.34,254.79,137.05,17.36,1.98,24.88
DELHI_ITO,,18-02-2025 00:00,113.09,186.47,148.89,13.32,2.06,31.21
DELHI_ITO,,19-02-2025 00:00,90.02,159.34,119.71,10.94,1.93,17.84
DELHI_ITO,,20-02-2025 00:00,81.65,147.95,80.98,15.44,1.5,25.14
DELHI_ITO,,21-02-2025 00:00,72.66,120.55,72.13,14.1,1.4,9.41
DELHI_ITO,,22-02-2025 00:00,98.05,149.36,65.75,16.63,1.32,17.0
DELHI_ITO,,23-02-2025 00:00,66.64,93.76,33.75,11.22,0.99,21.33
DELHI_ITO,,24-02-2025 00:00,75.63,116.2,51.34,12.31,1.19,24.82
DELHI_ITO,,25-02-2025 00:00,89.23,137.14,75.29,18.09,1.52,20.79
DELHI_ITO,,26-02-2025 00:00,106.75,166.47,99.76,15.59,2.32,25.22
DELHI_ITO,,27-02-2025 00:00,137.83,231.36,102.99,28.27,2.7,12.03
DELHI_ITO,,28-02-2025 00:00,109.19,162.4,67.4,14.1,1.77,8.52
DELHI_ITO,,01-03-2025 00:00,121.25,160.95,48.4,17.67,1.39,8.56
DELHI_ITO,,14-03-2025 00:00,75.24,134.24,35.15,14.46,0.81,23.0
DELHI_ITO,,15-03-2025 00:00,78.95,121.62,47.1,8.14,1.19,20.81
DELHI_ITO,,16-03-2025 00:00,30.22,62.04,24.88,10.56,0.48,16.3
DELHI_ITO,,17-03-2025 00:00,47.38,80.02,28.46,11.81,0.49,21.72
DELHI_ITO,,18-03-2025 00:00,51.24,88.3,30.69,12.19,0.53,23.37
DELHI_ITO,,19-03-2025 00:00,51.26,91.15,30.54,9.93,0.6,31.2
DELHI_ITO,,20-03-2025 00:00,61.72,115.38,43.46,7.6,0.78,31.39
DELHI_ITO,,21-03-2025 00:00,74.56,147.94,91.96,9.52,1.29,14.87
DELHI_ITO,,22-03-2025 00:00,54.18,99.82,30.83,9.06,0.93,20.29
DELHI_ITO,,23-03-2025 00:00,61.08,120.09,52.24,9.01,1.39,23.4
DELHI_ITO,,24-03-2025 00:00,64.36,130.13,77.22,12.78,1.41,22.09
DELHI_ITO,,25-03-2025 00:00,88.51,154.8,100.33,10.9,1.77,22.82
DELHI_ITO,,26-03-2025 00:00,102.56,183.6,117.37,16.22,2.02,23.8
DELHI_ITO,,27-03-2025 00:00,94.33,173.21,103.92,11.41,2.28,20.4
DELHI_ITO,,28-03-2025 00:00,117.96,219.06,120.2,11.75,2.18,15.17
DELHI_ITO,,29-03-2025 00:00,41.87,128.6,27.01,16.01,0.72,32.39
DELHI_ITO,,30-03-2025 00:00,36.63,99.12,20.84,10.92,0.39,47.29
DELHI_ITO,,31-03-2025 00:00,39.31,85.46,19.1,15.08,0.43,45.23
DELHI_ITO,,01-04-2025 00:00,64.54,107.13,26.7,15.51,0.6,36.67
DELHI_ITO,,14-04-2025 00:00,62.15,120.24,51.03,11.48,1.38,17.88
DELHI_ITO,,15-04-2025 00:00,67.17,141.87,50.9,10.43,1.28,12.19
DELHI_ITO,,16-04-2025 00:00,63.75,141.4,49.87,8.57,1.46,12.38
DELHI_ITO,,17-04-2025 00:00,83.18,172.93,60.79,8.49,1.56,18.18
DELHI_ITO,,18-04-2025 00:00,67.31,158.52,43.46,10.02,1.45,19.42
DELHI_ITO,,19-04-2025 00:00,66.77,161.22,27.09,10.99,1.07,20.28
DELHI_ITO,,20-04-2025 00:00,50.71,120.42,26.3,10.94,1.09,13.83
DELHI_ITO,,21-04-2025 00:00,53.25,122.08,26.54,6.2,1.13,13.74
DELHI_ITO,,22-04-2025 00:00,76.08,176.64,39.7,9.43,1.2,13.39
DELHI_ITO,,23-04-2025 00:00,74.65,162.85,56.9,7.45,1.11,19.7
DELHI_ITO,,24-04-2025 00:00,78.3,160.38,51.0,10.94,0.93,28.76
DELHI_ITO,,25-04-2025 00:00,100.14,179.51,95.54,12.96,1.59,26.35
DELHI_ITO,,26-04-2025 00:00,95.75,189.55,121.38,10.48,1.95,27.41
DELHI_ITO,,27-04-2025 00:00,89.8,172.99,102.52,10.77,1.53,24.79
DELHI_ITO,,28-04-2025 00:00,77.39,182.28,72.89,7.52,1.2,23.4
DELHI_ITO,,29-04-2025 00:00,98.11,208.12,72.81,10.0,1.31,20.48
DELHI_ITO,,30-04-2025 00:00,60.79,148.97,42.42,6.58,0.96,18.88
DELHI_ITO,,01-05-2025 00:00,70.88,146.35,43.97,7.89,1.05,18.27
DELHI_ITO,,14-05-2025 00:00,26.82,85.24,35.02,12.05,0.91,21.71
DELHI_ITO,,15-05-2025 00:00,49.09,137.74,53.06,14.93,1.27,17.49
DELHI_ITO,,16-05-2025 00:00,151.2,258.41,43.07,16.56,1.13,21.49
DELHI_ITO,,17-05-2025 00:00,79.79,209.45,63.24,9.88,1.53,20.47
DELHI_ITO,,18-05-2025 00:00,42.36,122.42,51.63,10.7,1.18,20.82
DELHI_ITO,,19-05-2025 00:00,55.99,143.21,45.22,11.58,1.22,20.96
DELHI_ITO,,20-05-2025 00:00,74.08,164.42,33.89,9.05,1.29,18.37
DELHI_ITO,,21-05-2025 00:00,70.44,164.62,28.32,12.97,1.27,19.23
DELHI_ITO,,22-05-2025 00:00,61.83,161.0,32.6,8.62,1.16,18.47
DELHI_ITO,,23-05-2025 00:00,29.29,65.65,35.41,9.89,0.99,20.12
DELHI_ITO,,24-05-2025 00:00,48.93,87.95,33.0,12.44,1.07,19.89
DELHI_ITO,,25-05-2025 00:00,75.45,131.61,28.98,9.41,1.09,20.87
DELHI_ITO,,26-05-2025 00:00,41.36,88.97,24.93,11.96,1.01,19.68
DELHI_ITO,,27-05-2025 00:00,63.52,121.95,31.13,9.27,1.27,18.12
DELHI_ITO,,28-05-2025 00:00,59.09,118.95,21.5,11.42,1.2,18.38
DELHI_ITO,,29-05-2025 00:00,65.19,126.95,27.5,12.19,1.19,18.69
DELHI_ITO,,30-05-2025 00:00,66.89,135.12,21.38,11.61,1.11,18.52
DELHI_ITO,,31-05-2025 00:00,66.94,148.88,38.88,16.44,1.16,16.68
DELHI_ITO,,01-06-2025 00:00,75.05,194.58,67.96,22.59,1.37,15.79
DELHI_ITO,,14-06-2025 00:00,58.78,138.29,22.07,12.19,1.29,14.28
DELHI_ITO,,15-06-2025 00:00,62.41,123.2,20.6,12.97,1.34,17.45
DELHI_ITO,,16-06-2025 00:00,46.34,102.75,22.09,10.59,1.21,15.33
DELHI_ITO,,17-06-2025 00:00,47.06,92.46,26.09,12.97,1.33,15.17
DELHI_ITO,,18-06-2025 00:00,40.67,67.82,19.33,11.06,1.24,14.89
DELHI_ITO,,19-06-2025 00:00,54.97,93.6,32.93,8.31,1.34,14.28
DELHI_ITO,,20-06-2025 00:00,38.29,66.87,41.16,8.98,1.24,14.19
DELHI_ITO,,21-06-2025 00:00,32.7,53.91,39.98,9.19,1.15,9.65
DELHI_ITO,,22-06-2025 00:00,39.03,69.21,39.47,9.03,1.19,0.56
DELHI_ITO,,23-06-2025 00:00,48.94,87.69,43.69,4.21,1.24,0.45
DELHI_ITO,,24-06-2025 00:00,53.53,94.03,39.77,5.57,1.28,0.77
DELHI_ITO,,25-06-2025 00:00,49.62,82.48,37.59,9.76,1.24,0.73
DELHI_ITO,,26-06-2025 00:00,36.839999999999996,73.24000000000001,39.125,17.73,1.5699999999999998,7.424999999999999
DELHI_ITO,,27-06-2025 00:00,24.06,64.0,40.66,25.7,1.9,14.12
DELHI_ITO,,28-06-2025 00:00,25.8,63.15,54.59,6.41,1.13,3.44
DELHI_ITO,,29-06-2025 00:00,35.81,75.96,60.27,7.29,1.25,3.57
DELHI_ITO,,30-06-2025 00:00,49.66,80.43,57.13,5.14,1.29,3.56
DELHI_ITO,,01-07-2025 00:00,43.57,83.42,55.61,9.26,1.38,9.67
DELHI_ITO,,14-07-2025 00:00,41.385,74.59,72.92,14.29,1.26,16.35
DELHI_ITO,,15-07-2025 00:00,39.2,65.76,71.47,11.77,1.17,15.87
DELHI_ITO,,16-07-2025 00:00,37.015,56.93,71.04,11.51,1.11,16.07
DELHI_ITO,,17-07-2025 00:00,34.83,48.1,68.76,13.25,1.22,15.41
DELHI_ITO,,18-07-2025 00:00,33.97,44.37,68.23,12.97,1.17,15.8
DELHI_ITO,,19-07-2025 00:00,33.67,40.4,64.26,11.04,1.08,15.95
DELHI_ITO,,20-07-2025 00:00,26.78,33.45,65.62,14.59,1.17,16.1
DELHI_ITO,,21-07-2025 00:00,33.21,43.19,66.51,14.84,1.04,17.78
DELHI_ITO,,22-07-2025 00:00,39.14,49.51,65.56,15.04,1.4,15.87
DELHI_ITO,,23-07-2025 00:00,53.37,62.64,68.04,14.61,1.4,15.57
DELHI_ITO,,24-07-2025 00:00,35.98,44.39,66.68,10.63,1.38,15.26
DELHI_ITO,,25-07-2025 00:00,44.51,59.67,64.87,11.99,1.13,17.93
DELHI_ITO,,26-07-2025 00:00,59.39,76.07,63.96,9.33,1.27,20.67
DELHI_ITO,,27-07-2025 00:00,42.8,52.06,67.45,10.01,1.47,21.53
DELHI_ITO,,28-07-2025 00:00,37.81,47.63,72.11,9.56,1.25,21.89
DELHI_ITO,,29-07-2025 00:00,52.73,60.78,69.92,9.21,1.29,23.81
DELHI_ITO,,30-07-2025 00:00,42.44,48.82,68.12,7.63,1.35,19.85
DELHI_ITO,,31-07-2025 00:00,33.88,41.04,67.08,13.27,1.3,19.54
DELHI_ITO,,01-08-2025 00:00,29.68,33.75,60.91,7.62,0.96,11.73
DELHI_ITO,,14-08-2025 00:00,47.21,81.14,69.24,16.37,0.89,22.78
DELHI_ITO,,15-08-2025 00:00,41.72,57.86,67.11,17.54,0.8,29.27
DELHI_ITO,,16-08-2025 00:00,46.43,55.54,64.09,16.67,0.82,30.27
DELHI_ITO,,17-08-2025 00:00,54.18,74.05,58.89,15.53,0.88,29.42
DELHI_ITO,,18-08-2025 00:00,40.75,58.97,63.87,16.93,0.82,28.99
DELHI_ITO,,19-08-2025 00:00,37.17,54.19,67.39,16.2,0.73,29.17
DELHI_ITO,,20-08-2025 00:00,31.98,46.31,69.25,17.56,0.84,29.33
DELHI_ITO,,21-08-2025 00:00,26.46,39.63,71.15,19.63,0.74,29.6
DELHI_ITO,,22-08-2025 00:00,30.19,43.37,71.85,15.17,0.76,30.16
DELHI_ITO,,23-08-2025 00:00,48.55,67.84,73.55,21.59,1.26,21.23
DELHI_ITO,,24-08-2025 00:00,32.88,46.25,72.32,8.52,1.11,14.11
DELHI_ITO,,25-08-2025 00:00,29.13,42.4,72.29,10.46,1.09,13.85
DELHI_ITO,,26-08-2025 00:00,26.02,36.78,68.0,15.95,1.13,13.77
DELHI_ITO,,27-08-2025 00:00,20.51,29.45,68.2,14.38,1.12,13.87
DELHI_ITO,,28-08-2025 00:00,34.35,52.59,70.56,15.96,1.44,13.16
DELHI_ITO,,29-08-2025 00:00,56.55,82.31,72.91,14.86,1.55,13.36
DELHI_ITO,,30-08-2025 00:00,44.28,58.73,66.83,13.52,1.12,13.36
DELHI_ITO,,31-08-2025 00:00,28.89,46.29,66.46,16.33,1.06,12.03
DELHI_ITO,,01-09-2025 00:00,31.57,45.04,69.55,16.41,0.59,8.19
DELHI_ITO,,14-09-2025 00:00,29.73,45.42,64.65,11.43,1.04,17.43
DELHI_ITO,,15-09-2025 00:00,40.64,57.31,64.9,10.7,1.22,17.41
DELHI_ITO,,16-09-2025 00:00,36.66,54.46,64.7,10.24,1.1,17.79
DELHI_ITO,,17-09-2025 00:00,38.47,60.09,67.29,18.54,1.1,26.2
DELHI_ITO,,18-09-2025 00:00,46.54,62.44,67.27,11.38,1.1,33.48
DELHI_ITO,,19-09-2025 00:00,54.67,90.15,64.89,15.77,1.27,36.37
DELHI_ITO,,20-09-2025 00:00,53.54,113.93,66.67,13.74,1.19,41.09
DELHI_ITO,,21-09-2025 00:00,38.74,107.74,67.08,10.19,0.95,41.16
DELHI_ITO,,22-09-2025 00:00,35.08,107.93,69.38,8.63,0.89,42.48
DELHI_ITO,,23-09-2025 00:00,33.31,104.75,69.03,11.91,0.89,41.98
DELHI_ITO,,24-09-2025 00:00,29.0,93.39,70.71,9.14,0.87,42.7
DELHI_ITO,,25-09-2025 00:00,29.63,91.19,70.91,13.05,0.94,42.27
DELHI_ITO,,26-09-2025 00:00,31.45,91.89,70.62,13.46,0.9,41.91
DELHI_ITO,,27-09-2025 00:00,37.09,103.81,69.96,13.07,0.91,42.39
DELHI_ITO,,28-09-2025 00:00,69.63,155.95,69.96,9.38,1.2,48.55
DELHI_ITO,,29-09-2025 00:00,33.76,74.62,72.59,9.28,1.15,37.19
DELHI_ITO,,30-09-2025 00:00,40.73,86.65,73.08,10.14,1.17,27.24
DELHI_ITO,,01-10-2025 00:00,43.09,85.71,71.56,11.12,1.14,24.5
DELHI_ITO,,14-10-2025 00:00,82.31,127.56,76.0,15.88,1.65,10.42
DELHI_ITO,,15-10-2025 00:00,80.52,136.24,76.17,14.83,1.84,12.44
DELHI_ITO,,16-10-2025 00:00,100.75,161.62,84.89,11.43,2.45,18.17
DELHI_ITO,,17-10-2025 00:00,100.17,159.73,81.68,13.69,2.08,17.55
DELHI_ITO,,18-10-2025 00:00,112.73,189.09,76.4,13.2,1.88,17.15
DELHI_ITO,,19-10-2025 00:00,131.26,195.61,71.82,14.3,1.95,13.72
DELHI_ITO,,20-10-2025 00:00,162.08,237.95,75.17,17.01,2.27,13.24
DELHI_ITO,,21-10-2025 00:00,213.75,292.74,75.61,17.54,2.07,9.86
DELHI_ITO,,22-10-2025 00:00,275.34,271.93,74.77,16.91,2.07,5.64
DELHI_ITO,,23-10-2025 00:00,221.46,252.57,76.87,17.04,1.95,7.8
DELHI_ITO,,24-10-2025 00:00,154.9,188.55,78.21,9.96,1.8,14.01
DELHI_ITO,,25-10-2025 00:00,116.62,158.29,85.04,15.63,2.05,14.21
DELHI_ITO,,26-10-2025 00:00,143.54,198.15,90.35,12.58,2.57,16.14
DELHI_ITO,,27-10-2025 00:00,141.19,188.18,92.3,18.07,2.74,9.33
DELHI_ITO,,28-10-2025 00:00,156.27,208.25,86.82,17.01,2.06,6.54
DELHI_ITO,,29-10-2025 00:00,150.32,195.66,76.38,14.0,1.58,14.26
DELHI_ITO,,30-10-2025 00:00,168.66,204.89,78.42,18.69,1.99,32.37
DELHI_ITO,,31-10-2025 00:00,199.21,249.69,63.89,15.32,1.97,12.6
DELHI_ITO,,01-11-2025 00:00,108.92,138.33,25.45,16.62,1.44,29.74
DELHI_ITO,,14-11-2025 00:00,333.64,471.96,58.87,10.71,1.93,25.84
DELHI_ITO,,15-11-2025 00:00,262.57,385.21,45.84,17.04,1.7,26.54
DELHI_ITO,,16-11-2025 00:00,277.16,400.71,58.07,19.59,1.99,26.69
DELHI_ITO,,17-11-2025 00:00,278.74,385.84,63.39,19.07,1.7,24.05
DELHI_ITO,,18-11-2025 00:00,234.0,354.12,88.51,22.63,2.04,19.24
DELHI_ITO,,19-11-2025 00:00,223.55,346.87,90.07,21.38,1.88,19.26
DELHI_ITO,,20-11-2025 00:00,294.85,405.27,91.04,15.75,2.02,19.75
DELHI_ITO,,21-11-2025 00:00,242.13,327.03,105.75,18.75,2.22,20.72
DELHI_ITO,,22-11-2025 00:00,222.09,305.69,132.31,17.59,2.49,23.52
DELHI_ITO,,23-11-2025 00:00,218.16,315.48,111.03,20.22,2.03,26.98
DELHI_ITO,,24-11-2025 00:00,269.86,391.33,115.58,15.97,2.18,28.23
DELHI_ITO,,25-11-2025 00:00,237.15,352.37,92.35,16.65,1.91,26.84
DELHI_ITO,,26-11-2025 00:00,206.25,318.45,85.95,19.25,1.81,26.01
DELHI_ITO,,27-11-2025 00:00,189.36,301.05,92.03,20.02,1.93,32.44
DELHI_ITO,,28-11-2025 00:00,260.12,384.96,147.15,19.69,2.69,26.12
DELHI_ITO,,29-11-2025 00:00,205.81,327.78,123.7,18.45,2.18,19.41
DELHI_ITO,,30-11-2025 00:00,151.91,247.2,75.24,19.15,1.49,17.16
DELHI_ITO,,01-12-2025 00:00,141.73,228.76,63.91,15.52,1.68,25.64
DELHI_ITO,,14-12-2025 00:00,424.65,593.09,159.8,14.22,2.96,14.24
DELHI_ITO,,15-12-2025 00:00,399.16,564.54,137.16,15.98,2.51,13.45
DELHI_ITO,,16-12-2025 00:00,286.83,411.45,84.15,12.04,1.78,14.88
DELHI_ITO,,17-12-2025 00:00,201.99,287.99,63.06,13.49,1.09,15.33
DELHI_ITO,,18-12-2025 00:00,233.47,326.43,69.82,11.92,1.64,14.8
DELHI_ITO,,19-12-2025 00:00,275.32,389.38,74.4,15.38,1.73,13.77
DELHI_ITO,,20-12-2025 00:00,281.97,391.99,92.08,15.13,2.18,14.06
DELHI_ITO,,21-12-2025 00:00,311.24,430.42,111.37,16.4,2.09,19.48
DELHI_ITO,,22-12-2025 00:00,212.42,310.87,65.76,25.33,1.23,29.88
DELHI_ITO,,23-12-2025 00:00,275.05,426.57,81.29,26.41,1.96,31.33
DELHI_ITO,,24-12-2025 00:00,264.26,388.83,97.21,25.75,1.61,33.38
DELHI_ITO,,25-12-2025 00:00,117.74,176.39,71.34,24.58,1.38,42.67
DELHI_ITO,,26-12-2025 00:00,145.76,230.41,79.01,26.07,1.48,47.81
DELHI_ITO,,27-12-2025 00:00,242.59,339.56,85.06,22.32,1.79,36.9
DELHI_ITO,,28-12-2025 00:00,266.56,376.14,82.03,20.4,1.78,36.34
DELHI_ITO,,29-12-2025 00:00,272.23,384.28,78.01,19.12,1.89,42.55
DELHI_ITO,,30-12-2025 00:00,255.25,372.02,65.41,13.41,1.71,29.64
DELHI_ITO,,31-12-2025 00:00,256.36,356.66,66.01,15.45,1.66,31.28
DELHI_ITO,,01-01-2026 00:00,309.71,410.38,82.44,12.02,1.74,29.14
DELHI_ITO,,14-01-2026 00:00,244.76,337.75,112.39,9.2,1.71,42.12
DELHI_ITO,,15-01-2026 00:00,258.51,330.21,28.33,10.45,1.38,42.3
DELHI_ITO,,16-01-2026 00:00,206.69,249.4,24.1,8.02,1.38,35.67
DELHI_ITO,,17-01-2026 00:00,238.0,285.0,52.85,11.34,1.75,41.13
DELHI_ITO,,18-01-2026 00:00,328.79,394.41,61.32,12.16,1.41,45.1
DELHI_ITO,,19-01-2026 00:00,322.73,383.38,42.72,12.17,0.87,45.99
DELHI_ITO,,20-01-2026 00:00,294.79,353.37,38.37,11.74,1.09,43.72
DELHI_ITO,,21-01-2026 00:00,253.55,309.0,49.91,11.64,2.91,28.66
DELHI_ITO,,22-01-2026 00:00,173.0,229.46,59.21,8.39,1.91,9.43
DELHI_ITO,,23-01-2026 00:00,151.36,230.4,57.16,8.92,1.56,9.36
DELHI_ITO,,24-01-2026 00:00,128.26,166.31,38.66,9.68,1.07,5.41
DELHI_ITO,,25-01-2026 00:00,63.28,124.46,38.81,8.83,0.74,10.62
DELHI_ITO,,26-01-2026 00:00,88.27,138.26,39.53,5.84,1.06,15.16
DELHI_ITO,,27-01-2026 00:00,133.68,189.21,43.97,12.6,1.34,12.07
DELHI_ITO,,28-01-2026 00:00,177.32,258.98,62.01,15.16,1.69,3.46
DELHI_ITO,,29-01-2026 00:00,121.46,177.07,39.97,7.89,1.13,3.11
DELHI_ITO,,30-01-2026 00:00,88.18,134.07,38.61,9.82,0.97,4.15
DELHI_ITO,,31-01-2026 00:00,109.96,168.17,51.16,10.54,1.61,5.54
DELHI_ITO,,01-02-2026 00:00,185.96,271.61,68.57,9.02,1.56,4.06
DELHI_ITO,,14-02-2026 00:00,90.4,142.18,45.33,14.82,1.48,39.72
DELHI_ITO,,15-02-2026 00:00,103.65,162.33,53.53,12.07,1.54,40.07
DELHI_ITO,,16-02-2026 00:00,90.2,138.37,44.72,12.11,1.33,42.46
DELHI_ITO,,17-02-2026 00:00,100.38,157.69,53.35,13.95,1.91,47.1
DELHI_ITO,,17-02-2026 00:00,103.0,176.0,127.1,15.0,2.34,20.6
HYDERABAD,2025-01-01,02-01-2025 00:00,57.2,106.25,25.05,14.49,2.85,51.93
HYDERABAD,2025-01-02,02-02-2025 00:00,32.55,109.62,17.86,9.42,0.72,52.34
HYDERABAD,2025-01-03,02-03-2025 00:00,31.3,111.58,23.26,4.56,1.18,51.11
HYDERABAD,2025-01-04,02-04-2025 00:00,30.3,93.48,25.81,5.18,0.75,52.03
HYDERABAD,2025-01-05,02-05-2025 00:00,21.86,72.09,24.27,4.82,0.84,64.69
HYDERABAD,2025-01-06,02-06-2025 00:00,18.42,63.5,26.96,5.36,0.27,46.86
HYDERABAD,2025-01-07,02-07-2025 00:00,7.53,24.75,30.21,6.0,0.62,63.58
HYDERABAD,2025-01-08,02-08-2025 00:00,15.58,60.38,27.6,5.49,0.58,53.83
HYDERABAD,2025-01-09,02-09-2025 00:00,13.24,42.48,28.54,5.64,0.6,51.35
HYDERABAD,2025-01-10,02-10-2025 00:00,14.25,42.19,26.01,5.18,0.57,52.2
HYDERABAD,2025-01-11,02-11-2025 00:00,41.09,69.81,28.49,5.66,0.6,53.35
HYDERABAD,2025-01-12,02-12-2025 00:00,55.82,113.92,34.59,6.89,0.72,51.66
HYDERABAD,2025-02-01,03-01-2025 00:00,40.81,101.84,36.71,22.78,1.33,51.46
HYDERABAD,2025-02-02,03-02-2025 00:00,24.08,86.32,15.63,7.73,0.71,52.34
HYDERABAD,2025-02-03,03-03-2025 00:00,14.56,81.85,26.3,5.18,1.89,51.32
HYDERABAD,2025-02-04,03-04-2025 00:00,11.69,57.49,29.68,5.98,0.6,52.84
HYDERABAD,2025-02-05,03-05-2025 00:00,17.31,74.68,34.41,6.82,0.91,67.29
HYDERABAD,2025-02-06,03-06-2025 00:00,12.96,48.92,26.19,5.17,1.22,48.09
HYDERABAD,2025-02-07,03-07-2025 00:00,11.2,29.62,28.07,5.58,0.61,55.28
HYDERABAD,2025-02-08,03-08-2025 00:00,16.6,57.5,28.12,5.56,0.59,53.61
HYDERABAD,2025-02-09,03-09-2025 00:00,12.6,28.48,31.25,6.21,0.66,49.89
HYDERABAD,2025-02-10,03-10-2025 00:00,12.65,27.67,28.9,5.73,0.63,51.65
HYDERABAD,2025-02-11,03-11-2025 00:00,25.91,34.38,32.01,6.37,0.69,53.99
HYDERABAD,2025-02-12,03-12-2025 00:00,72.38,139.62,27.04,5.38,0.59,55.6
HYDERABAD,2025-03-01,04-01-2025 00:00,35.93,101.66,50.43,32.12,0.69,51.27
HYDERABAD,2025-03-02,04-02-2025 00:00,18.83,85.44,15.15,7.0,0.88,52.06
HYDERABAD,2025-03-03,04-03-2025 00:00,20.51,119.85,32.78,6.52,1.6,50.84
HYDERABAD,2025-03-04,04-04-2025 00:00,16.49,60.02,30.82,6.19,0.79,51.14
HYDERABAD,2025-03-05,04-05-2025 00:00,15.98,83.9,25.66,5.14,1.02,86.76
HYDERABAD,2025-03-06,04-06-2025 00:00,19.36,73.88,26.07,5.16,0.63,47.81
HYDERABAD,2025-03-07,04-07-2025 00:00,9.26,31.8,34.48,6.99,0.72,52.19
HYDERABAD,2025-03-08,04-08-2025 00:00,15.184999999999999,49.03,29.214999999999996,5.895,0.615,52.099999999999994
HYDERABAD,2025-03-09,04-09-2025 00:00,21.11,66.26,23.95,4.8,0.51,52.01
HYDERABAD,2025-03-10,04-10-2025 00:00,11.4,39.83,29.22,5.82,0.62,52.95
HYDERABAD,2025-03-11,04-11-2025 00:00,31.27,41.75,27.81,5.58,0.61,57.61
HYDERABAD,2025-03-12,04-12-2025 00:00,63.25,136.09,23.05,4.57,0.5,60.17
HYDERABAD,2025-04-01,05-01-2025 00:00,32.85,99.97,37.4,23.36,0.92,51.38
HYDERABAD,2025-04-02,05-02-2025 00:00,23.79,103.51,9.18,6.38,0.59,51.87
HYDERABAD,2025-04-03,05-03-2025 00:00,25.86,126.33,35.8,7.17,1.51,50.88
HYDERABAD,2025-04-04,05-04-2025 00:00,10.93,44.83,23.44,4.65,0.92,49.98
HYDERABAD,2025-04-05,05-05-2025 00:00,23.06,81.29,22.97,4.58,1.04,95.55
HYDERABAD,2025-04-06,05-06-2025 00:00,18.41,71.99,35.35,7.08,0.43,49.15
HYDERABAD,2025-04-07,05-07-2025 00:00,8.0,34.27,26.52,5.31,0.56,53.07
HYDERABAD,2025-04-08,05-08-2025 00:00,17.41,50.62,34.6,6.88,0.76,55.16
HYDERABAD,2025-04-09,05-09-2025 00:00,19.58,69.69,28.94,5.73,0.59,53.03
HYDERABAD,2025-04-10,05-10-2025 00:00,15.09,39.15,26.97,5.35,0.59,52.58
HYDERABAD,2025-04-11,05-11-2025 00:00,38.41,55.05,25.74,5.14,0.56,56.5
HYDERABAD,2025-04-12,05-12-2025 00:00,73.29,131.89,26.88,5.36,0.59,55.88
HYDERABAD,2025-05-01,06-01-2025 00:00,51.62,120.3,18.78,9.87,2.59,52.21
HYDERABAD,2025-05-02,06-02-2025 00:00,20.72,104.89,4.51,3.12,0.42,51.33
HYDERABAD,2025-05-03,06-03-2025 00:00,37.91,151.89,34.96,6.97,2.62,50.1
HYDERABAD,2025-05-04,06-04-2025 00:00,24.38,89.06,29.05,5.91,0.78,48.45
HYDERABAD,2025-05-05,06-05-2025 00:00,22.16,88.29,34.34,6.89,0.85,99.22
HYDERABAD,2025-05-06,06-06-2025 00:00,18.7,57.78,39.37,7.84,0.64,72.74
HYDERABAD,2025-05-07,06-07-2025 00:00,8.43,33.24,29.24,5.82,0.61,53.06
HYDERABAD,2025-05-08,06-08-2025 00:00,38.43,73.1,51.58,10.66,1.2,54.79
HYDERABAD,2025-05-09,06-09-2025 00:00,11.66,47.85,28.17,5.56,0.6,53.21
HYDERABAD,2025-05-10,06-10-2025 00:00,15.89,36.22,30.55,6.06,0.65,51.18
HYDERABAD,2025-05-11,06-11-2025 00:00,43.34,68.37,26.72,5.33,0.58,57.13
HYDERABAD,2025-05-12,06-12-2025 00:00,65.93,130.16,32.87,6.57,0.74,49.98
HYDERABAD,2025-06-01,07-01-2025 00:00,57.16,123.05,15.7,7.76,1.36,52.2
HYDERABAD,2025-06-02,07-02-2025 00:00,25.79,103.39,5.44,3.76,0.2,51.37
HYDERABAD,2025-06-03,07-03-2025 00:00,33.71,118.94,27.25,5.41,1.09,50.92
HYDERABAD,2025-06-04,07-04-2025 00:00,28.08,87.83,27.2,5.38,0.83,48.77
HYDERABAD,2025-06-05,07-05-2025 00:00,12.43,61.39,22.56,4.49,0.98,109.0
HYDERABAD,2025-06-06,07-06-2025 00:00,30.19,97.5,26.73,5.32,0.26,58.21
HYDERABAD,2025-06-07,07-07-2025 00:00,12.92,53.26,25.11,4.98,0.55,53.98
HYDERABAD,2025-06-08,07-08-2025 00:00,32.88,70.82,28.44,5.67,0.63,55.96
HYDERABAD,2025-06-09,07-09-2025 00:00,14.18,46.14,33.19,6.62,0.72,53.23
HYDERABAD,2025-06-10,07-10-2025 00:00,12.4,38.06,27.7,5.53,0.61,51.62
HYDERABAD,2025-06-11,07-11-2025 00:00,36.46,78.92,25.21,5.05,0.54,56.55
HYDERABAD,2025-06-12,07-12-2025 00:00,71.92,131.09,21.09,4.21,0.46,49.28
HYDERABAD,2025-07-01,08-01-2025 00:00,57.84,123.57,20.22,11.35,1.4,52.44
HYDERABAD,2025-07-02,08-02-2025 00:00,40.58,117.42,5.81,4.0,0.31,50.67
HYDERABAD,2025-07-03,08-03-2025 00:00,30.06,97.26,28.12,5.54,2.6,50.71
HYDERABAD,2025-07-04,08-04-2025 00:00,33.89,116.23,30.86,6.2,0.93,47.92
HYDERABAD,2025-07-05,08-05-2025 00:00,12.57,74.06,31.45,6.31,0.83,97.67
HYDERABAD,2025-07-06,08-06-2025 00:00,35.23,103.47,26.01,5.17,0.33,70.61
HYDERABAD,2025-07-07,08-07-2025 00:00,15.21,55.68,28.18,5.63,0.62,52.85
HYDERABAD,2025-07-08,08-08-2025 00:00,34.29,78.33,29.28,5.84,0.64,52.82
HYDERABAD,2025-07-09,08-09-2025 00:00,20.9,60.49,25.85,5.19,0.57,53.69
HYDERABAD,2025-07-10,08-10-2025 00:00,14.89,33.04,21.09,4.25,0.46,53.27
HYDERABAD,2025-07-11,08-11-2025 00:00,39.7,91.31,24.85,4.94,0.52,55.19
HYDERABAD,2025-07-12,08-12-2025 00:00,60.56,120.51,27.61,5.48,0.58,49.76
HYDERABAD,2025-08-01,09-01-2025 00:00,59.86,124.68,37.1,22.03,0.68,52.78
HYDERABAD,2025-08-02,09-02-2025 00:00,37.43,122.4,4.25,2.92,0.14,49.49
HYDERABAD,2025-08-03,09-03-2025 00:00,50.48,141.96,23.7,4.7,1.04,50.94
HYDERABAD,2025-08-04,09-04-2025 00:00,14.74,80.88,35.04,7.01,0.55,48.11
HYDERABAD,2025-08-05,09-05-2025 00:00,15.77,72.31,30.08,5.98,0.94,87.25
HYDERABAD,2025-08-06,09-06-2025 00:00,30.39,77.23,28.16,5.58,0.59,73.95
HYDERABAD,2025-08-07,09-07-2025 00:00,14.82,41.74,34.67,6.85,0.71,51.72
HYDERABAD,2025-08-08,09-08-2025 00:00,15.3,29.94,28.18,5.57,0.6,51.02
HYDERABAD,2025-08-09,09-09-2025 00:00,17.2,101.8,27.75,5.52,0.61,54.45
HYDERABAD,2025-08-10,09-10-2025 00:00,26.15,83.12,29.88,5.98,0.66,54.38
HYDERABAD,2025-08-11,09-11-2025 00:00,38.88,90.91,28.51,5.68,0.62,53.52
HYDERABAD,2025-08-12,09-12-2025 00:00,66.43,114.78,25.31,5.02,0.55,48.88
HYDERABAD,2025-09-01,10-01-2025 00:00,57.63,136.39,17.3,12.05,1.7,50.75
HYDERABAD,2025-09-02,10-02-2025 00:00,39.84,114.46,3.81,2.6,0.83,49.47
HYDERABAD,2025-09-03,10-03-2025 00:00,48.08,123.78,27.54,5.53,1.33,50.78
HYDERABAD,2025-09-04,10-04-2025 00:00,22.91,95.71,27.79,5.53,0.6,48.3
HYDERABAD,2025-09-05,10-05-2025 00:00,18.35,82.64,28.73,5.74,1.01,95.94
HYDERABAD,2025-09-06,10-06-2025 00:00,20.76,51.08,29.28,5.85,0.63,69.21
HYDERABAD,2025-09-07,10-07-2025 00:00,16.61,53.74,25.22,5.0,0.54,52.21
HYDERABAD,2025-09-08,10-08-2025 00:00,20.24,46.09,29.09,5.74,0.62,52.47
HYDERABAD,2025-09-09,10-09-2025 00:00,20.55,69.61,27.26,5.4,0.59,55.78
HYDERABAD,2025-09-10,10-10-2025 00:00,36.61,94.95,31.14,6.2,0.65,53.81
HYDERABAD,2025-09-11,10-11-2025 00:00,59.63,119.33,25.85,5.09,0.56,51.07
HYDERABAD,2025-09-12,10-12-2025 00:00,65.2,123.25,27.16,5.44,0.59,48.2
HYDERABAD,2025-10-01,11-01-2025 00:00,62.06,137.82,19.79,10.55,1.25,51.71
HYDERABAD,2025-10-02,11-02-2025 00:00,42.92,120.74,4.87,3.38,0.18,49.02
HYDERABAD,2025-10-03,11-03-2025 00:00,26.69,92.18,26.7,5.31,1.55,50.43
HYDERABAD,2025-10-04,11-04-2025 00:00,19.46,89.89,35.35,7.04,0.76,49.0
HYDERABAD,2025-10-05,11-05-2025 00:00,16.98,81.99,29.19,5.85,0.76,98.36
HYDERABAD,2025-10-06,11-06-2025 00:00,24.61,75.72,25.46,4.99,0.52,48.19
HYDERABAD,2025-10-07,11-07-2025 00:00,21.22,61.58,23.72,4.65,0.5,53.38
HYDERABAD,2025-10-08,11-08-2025 00:00,13.63,24.35,25.32,5.07,0.56,51.2
HYDERABAD,2025-10-09,11-09-2025 00:00,18.46,56.35,30.13,5.99,0.66,53.68
HYDERABAD,2025-10-10,11-10-2025 00:00,42.29,131.01,29.1,5.75,0.63,53.61
HYDERABAD,2025-10-11,11-11-2025 00:00,62.72,75.56,40.4,8.36,0.91,56.81
HYDERABAD,2025-10-12,11-12-2025 00:00,28.0,75.29,32.51,6.55,0.67,51.56
HYDERABAD,2025-11-01,12-01-2025 00:00,47.19,115.86,13.08,5.99,0.74,51.04
HYDERABAD,2025-11-02,12-02-2025 00:00,47.54,131.21,3.56,2.5,0.22,50.5
HYDERABAD,2025-11-03,12-03-2025 00:00,40.73,110.62,31.64,6.29,0.69,50.31
HYDERABAD,2025-11-04,12-04-2025 00:00,26.27,102.81,28.19,5.57,0.62,48.12
HYDERABAD,2025-11-05,12-05-2025 00:00,21.08,80.46,35.05,7.08,0.47,83.99
HYDERABAD,2025-11-06,12-06-2025 00:00,24.54,58.55,30.7,6.07,0.64,63.7
HYDERABAD,2025-11-07,12-07-2025 00:00,23.33,74.07,28.55,5.67,0.62,54.29
HYDERABAD,2025-11-08,12-08-2025 00:00,16.93,35.8,22.8,4.58,0.52,52.36
HYDERABAD,2025-11-09,12-09-2025 00:00,15.54,34.4,28.27,5.64,0.62,49.8
HYDERABAD,2025-11-10,12-10-2025 00:00,44.85,134.32,30.49,6.04,0.66,52.83
HYDERABAD,2025-11-11,12-11-2025 00:00,56.46,70.46,26.92,5.37,0.58,55.26
HYDERABAD,2025-11-12,12-12-2025 00:00,20.5,56.09,20.62,4.34,0.45,43.56
HYDERABAD,2025-12-01,13-01-2025 00:00,51.41,107.41,9.53,3.54,0.77,51.42
HYDERABAD,2025-12-02,13-02-2025 00:00,36.96,117.96,3.64,2.57,0.29,51.46
HYDERABAD,2025-12-03,13-03-2025 00:00,37.73,121.98,30.1,5.98,0.69,49.92
HYDERABAD,2025-12-04,13-04-2025 00:00,27.44,109.55,31.04,6.24,0.53,48.92
HYDERABAD,2025-12-05,13-05-2025 00:00,21.22,52.67,27.43,5.43,0.91,125.96
HYDERABAD,2025-12-06,13-06-2025 00:00,30.46,62.54,29.82,5.93,0.64,58.42
HYDERABAD,2025-12-07,13-07-2025 00:00,17.4,59.89,25.46,5.12,0.54,54.43
HYDERABAD,2025-12-08,13-08-2025 00:00,13.4,33.73,30.57,6.06,0.66,50.97
HYDERABAD,2025-12-09,13-09-2025 00:00,19.48,34.53,24.16,4.83,0.53,49.97
HYDERABAD,2025-12-10,13-10-2025 00:00,52.57,109.21,31.33,6.25,0.68,53.18
HYDERABAD,2025-12-11,13-11-2025 00:00,58.29,72.82,27.7,5.49,0.59,54.98
HYDERABAD,2025-12-12,13-12-2025 00:00,42.79,94.67,39.68,7.9,0.84,51.22
HYDERABAD,2026-01-01,02-01-2026 00:00,61.81,120.13,31.605,6.65,0.715,45.04
HYDERABAD,2026-01-02,02-02-2026 00:00,80.83,145.59,23.53,5.4,0.59,38.86
HYDERABAD,2026-02-01,03-01-2026 00:00,74.0,163.54,30.18,5.97,0.65,60.83
HYDERABAD,2026-02-02,03-02-2026 00:00,73.33,153.38,25.83,5.96,0.65,39.32
HYDERABAD,2026-03-01,04-01-2026 00:00,77.92,165.93,30.65,6.11,0.67,55.44
HYDERABAD,2026-03-02,04-02-2026 00:00,78.77,162.64,24.85,5.77,0.61,38.4
HYDERABAD,2026-04-01,05-01-2026 00:00,73.51,152.45,26.76,5.3,0.59,56.25
HYDERABAD,2026-04-02,05-02-2026 00:00,74.03,151.18,24.51,5.69,0.62,39.44
HYDERABAD,2026-05-01,06-01-2026 00:00,72.52,126.4,23.68,4.71,0.52,54.68
HYDERABAD,2026-05-02,06-02-2026 00:00,67.92,111.0,26.22,6.05,0.65,39.5
HYDERABAD,2026-06-01,07-01-2026 00:00,70.74,123.12,22.27,4.38,0.48,51.89
HYDERABAD,2026-06-02,07-02-2026 00:00,69.71,145.0,25.6,5.92,0.64,40.16
HYDERABAD,2026-07-01,08-01-2026 00:00,52.08,118.39,24.78,4.92,0.53,50.95
HYDERABAD,2026-07-02,08-02-2026 00:00,61.16,133.26,27.85,6.59,0.68,40.56
HYDERABAD,2026-08-01,09-01-2026 00:00,52.62,112.05,27.64,5.46,0.58,50.16
HYDERABAD,2026-08-02,09-02-2026 00:00,49.93,96.71,21.6,4.96,0.54,40.66
HYDERABAD,2026-09-01,10-01-2026 00:00,43.96,89.95,31.29,6.24,0.66,49.54
HYDERABAD,2026-09-02,10-02-2026 00:00,45.86,97.85,24.92,5.85,0.62,40.43
HYDERABAD,2026-10-01,11-01-2026 00:00,44.91,100.68,24.11,4.81,0.52,49.5
HYDERABAD,2026-10-02,11-02-2026 00:00,51.15,103.05,37.63,9.45,1.05,40.5
HYDERABAD,2026-11-01,12-01-2026 00:00,43.52,94.95,31.73,6.31,0.68,50.75
HYDERABAD,2026-11-02,12-02-2026 00:00,55.79,111.63,23.94,5.58,0.6,40.24
HYDERABAD,2026-12-01,13-01-2026 00:00,53.14,111.28,27.81,5.53,0.61,47.9
HYDERABAD,2026-12-02,13-02-2026 00:00,63.07,120.15,26.84,6.25,0.63,40.06
HYDERABAD,,14-01-2025 00:00,55.43,112.15,11.78,4.77,0.73,52.3
HYDERABAD,,15-01-2025 00:00,49.88,92.88,12.58,5.62,1.59,51.6
HYDERABAD,,16-01-2025 00:00,27.46,59.0,5.0,3.65,2.95,50.55
HYDERABAD,,17-01-2025 00:00,58.61,123.46,4.22,2.81,1.16,50.9
HYDERABAD,,18-01-2025 00:00,64.93,122.81,10.45,7.25,2.05,50.82
HYDERABAD,,19-01-2025 00:00,67.53,143.26,15.42,7.14,0.61,51.48
HYDERABAD,,20-01-2025 00:00,56.93,123.38,22.13,12.36,0.7,52.23
HYDERABAD,,21-01-2025 00:00,49.46,106.8,45.97,28.56,0.89,52.37
HYDERABAD,,22-01-2025 00:00,42.47,128.98,37.84,23.21,0.71,51.72
HYDERABAD,,23-01-2025 00:00,45.17,119.33,20.89,11.55,0.78,52.34
HYDERABAD,,24-01-2025 00:00,39.1,106.21,10.07,3.9,0.75,53.3
HYDERABAD,,25-01-2025 00:00,42.16,93.27,13.5,3.87,0.85,52.43
HYDERABAD,,26-01-2025 00:00,16.2,103.3,55.65,10.7,0.7,51.17
HYDERABAD,,27-01-2025 00:00,24.0,98.0,10.1,7.03,2.74,50.83
HYDERABAD,,28-01-2025 00:00,40.36,115.72,26.0,14.35,2.08,51.4
HYDERABAD,,29-01-2025 00:00,47.31,123.93,23.29,12.19,0.75,50.35
HYDERABAD,,30-01-2025 00:00,43.03,103.12,16.17,7.3,2.08,50.86
HYDERABAD,,31-01-2025 00:00,49.56,114.7,13.99,6.41,0.74,51.77
HYDERABAD,,01-02-2025 00:00,41.66,112.88,15.78,7.51,0.78,52.27
HYDERABAD,,14-02-2025 00:00,40.0,124.81,5.17,3.53,0.61,51.33
HYDERABAD,,15-02-2025 00:00,36.2,126.97,8.92,2.58,0.69,50.86
HYDERABAD,,16-02-2025 00:00,33.02,117.59,27.12,3.78,0.98,51.03
HYDERABAD,,17-02-2025 00:00,26.31,96.61,20.98,3.75,0.76,51.13
HYDERABAD,,18-02-2025 00:00,29.58,111.58,9.7,2.73,0.68,51.68
HYDERABAD,,19-02-2025 00:00,33.53,115.0,8.61,2.37,0.65,50.97
HYDERABAD,,20-02-2025 00:00,38.75,127.21,13.31,3.77,0.93,50.75
HYDERABAD,,21-02-2025 00:00,43.97,130.21,13.14,3.72,0.55,51.72
HYDERABAD,,22-02-2025 00:00,30.31,109.79,18.09,5.08,0.8,51.53
HYDERABAD,,23-02-2025 00:00,37.22,121.49,18.88,5.37,0.83,51.39
HYDERABAD,,24-02-2025 00:00,28.1,103.44,19.16,5.32,1.43,51.19
HYDERABAD,,25-02-2025 00:00,21.51,104.02,20.48,5.71,0.66,51.05
HYDERABAD,,26-02-2025 00:00,24.13,97.99,17.27,4.01,0.83,50.88
HYDERABAD,,27-02-2025 00:00,31.83,96.21,28.46,5.64,0.7,50.61
HYDERABAD,,28-02-2025 00:00,33.82,106.28,30.21,5.98,0.79,50.75
HYDERABAD,,01-03-2025 00:00,38.34,111.03,35.41,7.05,0.71,51.28
HYDERABAD,,14-03-2025 00:00,36.26,123.0,24.38,4.91,0.78,50.02
HYDERABAD,,15-03-2025 00:00,34.53,97.08,31.2,6.19,0.65,49.97
HYDERABAD,,16-03-2025 00:00,30.62,112.89,30.21,6.03,0.72,50.17
HYDERABAD,,17-03-2025 00:00,28.25,95.54,29.64,5.88,1.01,49.7
HYDERABAD,,18-03-2025 00:00,21.31,91.82,29.94,5.93,3.18,50.63
HYDERABAD,,19-03-2025 00:00,34.51,110.69,28.4,5.67,0.77,50.93
HYDERABAD,,20-03-2025 00:00,15.99,104.07,20.31,4.04,1.71,50.03
HYDERABAD,,21-03-2025 00:00,11.35,72.06,23.16,4.62,0.6,49.98
HYDERABAD,,22-03-2025 00:00,18.71,104.6,24.61,4.89,0.62,50.2
HYDERABAD,,23-03-2025 00:00,15.48,65.08,37.15,7.45,1.02,50.57
HYDERABAD,,24-03-2025 00:00,20.240000000000002,88.61500000000001,31.455,6.305,0.685,51.17
HYDERABAD,,25-03-2025 00:00,25.0,112.15,25.76,5.16,0.35,51.77
HYDERABAD,,26-03-2025 00:00,29.36,97.17,32.06,6.38,0.69,58.53
HYDERABAD,,27-03-2025 00:00,36.29,113.8,24.69,4.97,0.84,50.1
HYDERABAD,,28-03-2025 00:00,40.32,123.37,37.93,7.7,0.58,48.09
HYDERABAD,,29-03-2025 00:00,49.2,127.34,28.13,5.51,0.69,48.89
HYDERABAD,,30-03-2025 00:00,54.27,130.39,25.13,4.99,0.76,51.0
HYDERABAD,,31-03-2025 00:00,46.64,119.47,35.08,6.97,0.67,51.16
HYDERABAD,,01-04-2025 00:00,35.13,115.56,26.21,5.18,0.86,52.44
HYDERABAD,,14-04-2025 00:00,39.34,115.86,29.97,5.93,0.85,48.79
HYDERABAD,,15-04-2025 00:00,17.64,84.48,26.91,5.3,0.78,49.0
HYDERABAD,,16-04-2025 00:00,20.82,97.61,28.42,5.77,0.51,48.9
HYDERABAD,,17-04-2025 00:00,22.57,95.68,23.31,4.62,0.84,47.74
HYDERABAD,,18-04-2025 00:00,24.48,89.62,25.56,5.02,0.73,46.85
HYDERABAD,,19-04-2025 00:00,31.64,108.47,24.35,4.82,0.56,48.25
HYDERABAD,,20-04-2025 00:00,26.28,104.53,31.22,6.21,0.78,48.17
HYDERABAD,,21-04-2025 00:00,35.09,114.6,21.81,4.34,0.74,49.12
HYDERABAD,,22-04-2025 00:00,30.94,119.28,24.46,4.86,0.8,48.99
HYDERABAD,,23-04-2025 00:00,35.6,122.69,27.95,5.59,0.71,48.25
HYDERABAD,,24-04-2025 00:00,37.37,125.93,29.23,5.82,0.64,48.5
HYDERABAD,,25-04-2025 00:00,30.23,118.0,28.01,5.59,0.68,48.66
HYDERABAD,,26-04-2025 00:00,26.81,94.03,39.81,28.11,0.34,32.22
HYDERABAD,,27-04-2025 00:00,63.22,4.9,39.52,69.3,0.57,21.66
HYDERABAD,,28-04-2025 00:00,13.99,59.26,27.68,5.53,0.81,82.48
HYDERABAD,,29-04-2025 00:00,18.91,81.42,20.4,4.05,0.76,60.04
HYDERABAD,,30-04-2025 00:00,14.98,93.89,29.06,5.73,0.63,71.22
HYDERABAD,,01-05-2025 00:00,19.79,105.55,25.4,5.11,0.65,58.82
HYDERABAD,,14-05-2025 00:00,27.07,88.06,26.72,5.45,0.83,113.84
HYDERABAD,,15-05-2025 00:00,16.15,49.92,26.69,5.31,1.12,114.61
HYDERABAD,,16-05-2025 00:00,23.76,66.85,29.22,5.79,1.1,90.03
HYDERABAD,,17-05-2025 00:00,35.42,70.79,28.85,5.65,0.99,96.19
HYDERABAD,,18-05-2025 00:00,29.02,67.75,22.64,4.42,0.98,114.77
HYDERABAD,,19-05-2025 00:00,33.6,63.49,26.65,5.31,1.17,94.76
HYDERABAD,,20-05-2025 00:00,27.61,63.54,30.4,6.09,0.96,78.72
HYDERABAD,,21-05-2025 00:00,21.62,53.53,24.9,4.94,0.84,66.07
HYDERABAD,,22-05-2025 00:00,13.71,37.67,28.61,5.71,0.67,39.75
HYDERABAD,,23-05-2025 00:00,9.72,31.15,31.14,6.19,0.84,37.54
HYDERABAD,,24-05-2025 00:00,10.19,42.03,25.75,5.12,0.85,37.26
HYDERABAD,,25-05-2025 00:00,8.99,37.29,31.58,6.19,0.7,47.12
HYDERABAD,,26-05-2025 00:00,8.13,25.98,29.24,5.86,1.01,51.39
HYDERABAD,,27-05-2025 00:00,11.5,26.85,30.0,5.98,0.69,52.77
HYDERABAD,,28-05-2025 00:00,10.71,26.89,28.83,5.75,0.75,44.5
HYDERABAD,,29-05-2025 00:00,14.9,38.04,30.26,6.04,1.06,63.28
HYDERABAD,,30-05-2025 00:00,19.52,54.75,25.76,5.08,1.07,52.33
HYDERABAD,,31-05-2025 00:00,25.72,87.95,27.08,5.37,0.7,41.28
HYDERABAD,,01-06-2025 00:00,24.55,91.49,29.32,5.86,0.42,49.19
HYDERABAD,,14-06-2025 00:00,36.21,92.69,28.59,5.64,0.63,69.89
HYDERABAD,,15-06-2025 00:00,17.03,54.58,24.22,4.82,0.53,56.5
HYDERABAD,,16-06-2025 00:00,4.82,30.08,26.81,5.31,0.58,68.63
HYDERABAD,,17-06-2025 00:00,15.04,76.3,33.94,6.86,0.69,69.44
HYDERABAD,,18-06-2025 00:00,12.84,61.19,23.35,4.77,0.51,71.55
HYDERABAD,,19-06-2025 00:00,11.85,73.46,31.08,6.2,0.62,72.03
HYDERABAD,,20-06-2025 00:00,11.23,56.75,25.28,4.97,0.53,70.84
HYDERABAD,,21-06-2025 00:00,9.14,51.33,26.19,5.19,0.56,71.2
HYDERABAD,,22-06-2025 00:00,11.66,70.11,28.92,5.81,0.59,76.5
HYDERABAD,,23-06-2025 00:00,10.51,47.39,27.46,5.58,0.58,72.37
HYDERABAD,,24-06-2025 00:00,10.28,59.66,27.17,5.39,0.59,69.46
HYDERABAD,,25-06-2025 00:00,8.58,37.18,24.07,4.79,0.51,66.28
HYDERABAD,,26-06-2025 00:00,9.82,39.03,31.09,6.21,0.66,67.56
HYDERABAD,,27-06-2025 00:00,10.59,41.69,40.24,7.99,0.84,67.65
HYDERABAD,,28-06-2025 00:00,10.32,57.62,28.27,5.57,0.6,69.05
HYDERABAD,,29-06-2025 00:00,5.07,46.07,31.69,6.31,0.67,70.75
HYDERABAD,,30-06-2025 00:00,7.625,51.07,30.03,6.03,0.66,68.97
HYDERABAD,,01-07-2025 00:00,10.18,42.22,24.55,4.83,0.53,66.81
HYDERABAD,,14-07-2025 00:00,15.42,54.06,27.19,5.36,0.58,55.05
HYDERABAD,,15-07-2025 00:00,10.26,51.6,30.12,5.99,0.65,55.58
HYDERABAD,,16-07-2025 00:00,9.06,39.02,28.13,5.56,0.6,53.77
HYDERABAD,,17-07-2025 00:00,10.86,43.95,29.05,5.72,0.63,55.23
HYDERABAD,,18-07-2025 00:00,22.0,55.28,30.46,6.06,0.66,54.0
HYDERABAD,,19-07-2025 00:00,20.34,47.45,25.66,5.06,0.55,54.34
HYDERABAD,,20-07-2025 00:00,27.14,67.68,26.31,5.25,0.52,54.51
HYDERABAD,,21-07-2025 00:00,18.87,59.26,25.03,4.93,0.54,54.81
HYDERABAD,,22-07-2025 00:00,16.7,44.7,34.43,6.83,0.68,53.0
HYDERABAD,,23-07-2025 00:00,8.56,31.05,33.29,6.65,0.74,54.22
HYDERABAD,,24-07-2025 00:00,6.76,15.2,24.07,4.76,0.52,49.83
HYDERABAD,,25-07-2025 00:00,8.91,18.91,25.18,5.0,0.53,48.18
HYDERABAD,,26-07-2025 00:00,8.91,20.62,24.32,4.88,0.51,49.28
HYDERABAD,,27-07-2025 00:00,5.32,13.61,33.56,6.67,0.73,48.54
HYDERABAD,,28-07-2025 00:00,7.38,23.89,24.98,4.99,0.54,51.63
HYDERABAD,,29-07-2025 00:00,10.92,42.2,30.93,6.16,0.64,52.0
HYDERABAD,,30-07-2025 00:00,10.59,47.53,26.21,5.24,0.57,52.35
HYDERABAD,,31-07-2025 00:00,9.77,34.11,29.46,5.85,0.62,50.58
HYDERABAD,,01-08-2025 00:00,11.99,49.71,28.37,5.69,0.61,52.29
HYDERABAD,,14-08-2025 00:00,16.11,35.13,23.49,4.69,0.51,49.88
HYDERABAD,,15-08-2025 00:00,8.57,20.39,25.42,5.08,0.56,51.51
HYDERABAD,,16-08-2025 00:00,6.31,13.64,21.17,4.25,0.45,51.83
HYDERABAD,,17-08-2025 00:00,11.94,25.35,25.18,5.01,0.55,50.16
HYDERABAD,,18-08-2025 00:00,9.77,24.77,27.67,5.53,0.6,51.69
HYDERABAD,,19-08-2025 00:00,7.78,16.12,27.2,5.42,0.59,49.44
HYDERABAD,,20-08-2025 00:00,3.27,8.92,23.63,4.71,0.5,48.97
HYDERABAD,,21-08-2025 00:00,6.01,20.39,35.06,6.89,0.64,51.35
HYDERABAD,,22-08-2025 00:00,11.34,49.85,27.13,5.36,0.57,52.28
HYDERABAD,,23-08-2025 00:00,11.78,48.15,29.71,5.95,0.61,52.68
HYDERABAD,,24-08-2025 00:00,10.41,42.01,26.18,5.22,0.57,52.25
HYDERABAD,,25-08-2025 00:00,8.27,34.56,25.28,5.05,0.54,51.96
HYDERABAD,,26-08-2025 00:00,10.09,43.03,30.54,6.05,0.65,52.53
HYDERABAD,,27-08-2025 00:00,8.93,27.76,25.56,5.03,0.54,49.98
HYDERABAD,,28-08-2025 00:00,7.77,13.86,27.57,5.48,0.59,48.03
HYDERABAD,,29-08-2025 00:00,8.66,21.96,28.58,5.68,0.63,49.04
HYDERABAD,,30-08-2025 00:00,12.65,26.61,24.93,4.97,0.54,50.7
HYDERABAD,,31-08-2025 00:00,11.83,32.75,24.59,4.91,0.53,51.91
HYDERABAD,,01-09-2025 00:00,10.64,24.78,30.14,5.95,0.64,51.69
HYDERABAD,,14-09-2025 00:00,20.67,40.85,27.96,5.61,0.61,50.04
HYDERABAD,,15-09-2025 00:00,21.85,41.69,25.96,5.16,0.56,52.72
HYDERABAD,,16-09-2025 00:00,10.86,23.24,23.82,4.76,0.51,52.33
HYDERABAD,,17-09-2025 00:00,14.09,37.4,35.79,7.14,0.79,51.74
HYDERABAD,,18-09-2025 00:00,19.49,35.83,26.64,5.3,0.58,53.12
HYDERABAD,,19-09-2025 00:00,17.52,29.28,24.94,4.98,0.54,53.01
HYDERABAD,,20-09-2025 00:00,19.96,48.37,28.46,5.66,0.61,53.47
HYDERABAD,,21-09-2025 00:00,22.59,50.07,26.24,5.24,0.57,53.38
HYDERABAD,,22-09-2025 00:00,21.95,45.1,30.22,6.01,0.65,52.71
HYDERABAD,,23-09-2025 00:00,13.03,24.06,36.12,7.16,0.76,51.12
HYDERABAD,,24-09-2025 00:00,14.58,31.44,37.68,7.5,0.79,50.76
HYDERABAD,,25-09-2025 00:00,25.7,54.32,26.03,5.2,0.56,50.81
HYDERABAD,,26-09-2025 00:00,22.63,48.88,33.8,6.77,0.73,48.39
HYDERABAD,,27-09-2025 00:00,20.93,30.45,26.57,5.26,0.57,48.87
HYDERABAD,,28-09-2025 00:00,12.17,22.79,27.78,5.52,0.6,48.21
HYDERABAD,,29-09-2025 00:00,9.61,20.49,29.36,5.84,0.64,48.98
HYDERABAD,,30-09-2025 00:00,18.24,46.87,26.65,5.27,0.58,51.78
HYDERABAD,,01-10-2025 00:00,11.09,40.23,27.61,5.48,0.6,52.26
HYDERABAD,,14-10-2025 00:00,59.54,106.35,29.24,5.77,0.64,51.77
HYDERABAD,,15-10-2025 00:00,30.56,106.69,23.7,4.71,0.51,52.73
HYDERABAD,,16-10-2025 00:00,14.57,67.99,22.8,4.48,0.48,53.1
HYDERABAD,,17-10-2025 00:00,69.75,126.88,26.22,5.17,0.56,54.07
HYDERABAD,,18-10-2025 00:00,54.27,117.21,27.12,5.32,0.57,53.81
HYDERABAD,,19-10-2025 00:00,63.85,119.91,27.18,5.48,0.58,52.87
HYDERABAD,,20-10-2025 00:00,59.74,121.25,25.23,5.04,0.55,52.9
HYDERABAD,,21-10-2025 00:00,17.57,79.06,25.56,5.04,0.56,53.2
HYDERABAD,,22-10-2025 00:00,17.29,88.72,24.81,4.89,0.53,52.48
HYDERABAD,,23-10-2025 00:00,16.59,86.71,24.86,4.96,0.54,53.19
HYDERABAD,,24-10-2025 00:00,8.07,65.59,26.62,5.32,0.59,51.53
HYDERABAD,,25-10-2025 00:00,6.82,44.75,24.42,4.85,0.53,50.67
HYDERABAD,,26-10-2025 00:00,19.38,65.3,26.83,5.43,0.58,49.95
HYDERABAD,,27-10-2025 00:00,12.82,68.59,30.47,6.0,0.65,51.99
HYDERABAD,,28-10-2025 00:00,19.26,100.05,23.96,4.79,0.46,54.17
HYDERABAD,,29-10-2025 00:00,15.69,25.52,29.97,6.02,0.66,49.94
HYDERABAD,,30-10-2025 00:00,17.27,23.0,30.71,6.12,0.67,47.57
HYDERABAD,,31-10-2025 00:00,27.96,37.32,27.66,5.49,0.61,50.89
HYDERABAD,,01-11-2025 00:00,31.14,46.26,34.08,6.68,0.71,51.76
HYDERABAD,,14-11-2025 00:00,50.7,63.46,25.08,5.0,0.53,53.15
HYDERABAD,,15-11-2025 00:00,51.41,64.34,25.27,5.01,0.54,51.39
HYDERABAD,,16-11-2025 00:00,63.6,93.01,25.67,5.11,0.55,49.93
HYDERABAD,,17-11-2025 00:00,65.36,84.18,30.75,6.04,0.66,48.87
HYDERABAD,,18-11-2025 00:00,65.51,88.68,25.02,5.01,0.5,48.7
HYDERABAD,,19-11-2025 00:00,70.0,91.41,26.69,5.35,0.58,49.41
HYDERABAD,,20-11-2025 00:00,69.26,96.69,25.44,5.11,0.56,50.26
HYDERABAD,,21-11-2025 00:00,58.5,84.07,28.03,5.56,0.6,50.09
HYDERABAD,,22-11-2025 00:00,47.99,59.81,30.76,6.18,0.66,51.11
HYDERABAD,,23-11-2025 00:00,47.36,59.2,33.41,6.5,0.71,52.74
HYDERABAD,,24-11-2025 00:00,43.71,54.52,32.04,6.41,0.69,53.07
HYDERABAD,,25-11-2025 00:00,44.23,55.43,25.96,5.17,0.57,52.83
HYDERABAD,,26-11-2025 00:00,53.19,115.82,30.24,6.04,0.65,51.67
HYDERABAD,,27-11-2025 00:00,74.82,148.5,27.98,5.54,0.6,51.69
HYDERABAD,,28-11-2025 00:00,75.86,156.11,29.18,5.81,0.63,50.15
HYDERABAD,,29-11-2025 00:00,65.78,141.3,27.49,5.42,0.59,50.56
HYDERABAD,,30-11-2025 00:00,64.41,130.53,25.77,5.11,0.54,50.25
HYDERABAD,,01-12-2025 00:00,58.21,109.94,25.96,5.14,0.56,49.28
HYDERABAD,,14-12-2025 00:00,57.55,125.83,27.45,5.46,0.6,49.28
HYDERABAD,,15-12-2025 00:00,62.62,120.36,24.66,4.94,0.53,49.12
HYDERABAD,,16-12-2025 00:00,69.05,139.04,26.69,5.32,0.57,49.34
HYDERABAD,,17-12-2025 00:00,66.06,138.95,31.03,6.24,0.69,48.66
HYDERABAD,,18-12-2025 00:00,71.2,134.53,29.63,5.95,0.65,49.53
HYDERABAD,,19-12-2025 00:00,46.39,117.69,27.58,5.54,0.59,49.05
HYDERABAD,,20-12-2025 00:00,52.34,101.3,22.22,4.45,0.5,47.84
HYDERABAD,,21-12-2025 00:00,51.07,104.0,26.98,5.37,0.58,47.13
HYDERABAD,,22-12-2025 00:00,69.07,146.55,25.62,5.04,0.55,47.73
HYDERABAD,,23-12-2025 00:00,62.14,133.37,29.22,5.82,0.62,51.06
HYDERABAD,,24-12-2025 00:00,61.13,133.52,26.54,5.32,0.58,59.77
HYDERABAD,,25-12-2025 00:00,71.91,136.92,31.68,6.26,0.66,53.14
HYDERABAD,,26-12-2025 00:00,69.45,122.36999999999999,33.82,6.71,0.73,53.91
HYDERABAD,,27-12-2025 00:00,64.12,107.82,25.55,5.03,0.54,66.02
HYDERABAD,,28-12-2025 00:00,79.44,143.19,25.72,5.07,0.53,57.25
HYDERABAD,,29-12-2025 00:00,73.72,148.29,31.6,6.31,0.69,57.5
HYDERABAD,,30-12-2025 00:00,68.0,142.33,23.02,4.58,0.49,58.08
HYDERABAD,,31-12-2025 00:00,57.8,140.8,36.4,7.66,0.85,55.74
HYDERABAD,,01-01-2026 00:00,59.04,144.6,24.45,4.87,0.53,53.81
HYDERABAD,,14-01-2026 00:00,57.79,118.57,28.37,5.61,0.59,46.68
HYDERABAD,,15-01-2026 00:00,65.24,116.34,29.5,5.91,0.65,46.77
HYDERABAD,,16-01-2026 00:00,65.14,108.52,20.63,4.1,0.44,44.97
HYDERABAD,,17-01-2026 00:00,59.71,94.14,29.17,5.8,0.63,43.12
HYDERABAD,,18-01-2026 00:00,51.23,93.29,34.55,7.35,0.78,40.25
HYDERABAD,,19-01-2026 00:00,50.45,100.13,29.55,6.83,0.72,41.41
HYDERABAD,,20-01-2026 00:00,51.89,107.99,22.04,5.05,0.53,45.88
HYDERABAD,,21-01-2026 00:00,51.19,103.03,21.04,4.86,0.53,42.25
HYDERABAD,,22-01-2026 00:00,65.17,119.26,26.65,6.16,0.66,47.03
HYDERABAD,,23-01-2026 00:00,54.53,106.31,27.96,6.51,0.68,48.72
HYDERABAD,,24-01-2026 00:00,61.76,122.33,22.28,5.14,0.55,43.69
HYDERABAD,,25-01-2026 00:00,64.47,128.96,25.77,5.98,0.65,39.13
HYDERABAD,,26-01-2026 00:00,66.97,123.32,21.05,4.92,0.55,39.92
HYDERABAD,,27-01-2026 00:00,55.56,107.21,25.57,5.91,0.64,39.72
HYDERABAD,,28-01-2026 00:00,59.6,121.37,28.93,6.7,0.72,40.03
HYDERABAD,,29-01-2026 00:00,64.92,129.37,20.46,4.72,0.51,40.48
HYDERABAD,,30-01-2026 00:00,66.24,134.55,21.15,4.9,0.53,40.73
HYDERABAD,,31-01-2026 00:00,69.11,140.68,32.0,7.65,0.85,39.83
HYDERABAD,,01-02-2026 00:00,75.71,155.68,23.43,5.46,0.58,39.22
HYDERABAD,,14-02-2026 00:00,59.8,118.14,27.2,6.35,0.61,40.88
HYDERABAD,,15-02-2026 00:00,64.81,124.4,22.29,5.18,0.56,41.27
HYDERABAD,,16-02-2026 00:00,67.38,117.63,32.78,7.76,0.71,42.12
HYDERABAD,,17-02-2026 00:00,70.61,124.43,28.58,6.66,0.71,43.11
HYDERABAD,,17-02-2026 00:00,78.0,132.0,31.5,7.3,0.8,40.7
HYDERABAD_PATENCHERU,2025-01-01,02-01-2025 00:00,75.62,145.38,16.29,23.09,0.95,27.41
HYDERABAD_PATENCHERU,2025-01-02,02-02-2025 00:00,45.86,106.05,11.54,9.26,0.64,28.09
HYDERABAD_PATENCHERU,2025-01-03,02-03-2025 00:00,50.54,102.76,10.66,12.77,0.58,50.28
HYDERABAD_PATENCHERU,2025-01-04,02-04-2025 00:00,45.27,97.73,11.37,8.77,0.63,53.99
HYDERABAD_PATENCHERU,2025-01-05,02-05-2025 00:00,29.55,69.76,9.26,11.26,0.41,54.15
HYDERABAD_PATENCHERU,2025-01-06,02-06-2025 00:00,18.34,56.46,5.53,9.02,0.23,27.66
HYDERABAD_PATENCHERU,2025-01-07,02-07-2025 00:00,6.77,22.0,6.44,7.46,0.31,15.31
HYDERABAD_PATENCHERU,2025-01-08,02-08-2025 00:00,13.8,49.32,7.24,9.38,0.3,16.9
HYDERABAD_PATENCHERU,2025-01-09,02-09-2025 00:00,41.54,49.54,4.49,9.18,0.22,14.27
HYDERABAD_PATENCHERU,2025-01-10,02-10-2025 00:00,48.17,57.46,4.86,10.66,0.29,15.17
HYDERABAD_PATENCHERU,2025-01-11,02-11-2025 00:00,10.22,40.46,5.93,5.38,0.31,18.59
HYDERABAD_PATENCHERU,2025-01-12,02-12-2025 00:00,68.01,113.25,11.78,11.84,0.72,33.84
HYDERABAD_PATENCHERU,2025-02-01,03-01-2025 00:00,62.54,146.77,16.47,21.68,0.96,21.58
HYDERABAD_PATENCHERU,2025-02-02,03-02-2025 00:00,43.25,94.87,10.93,10.94,0.61,34.16
HYDERABAD_PATENCHERU,2025-02-03,03-03-2025 00:00,38.48,93.54,11.62,13.09,0.65,36.49
HYDERABAD_PATENCHERU,2025-02-04,03-04-2025 00:00,26.12,63.21,9.28,11.21,0.49,38.65
HYDERABAD_PATENCHERU,2025-02-05,03-05-2025 00:00,31.61,74.0,7.54,11.85,0.36,51.76
HYDERABAD_PATENCHERU,2025-02-06,03-06-2025 00:00,12.0,28.47,5.63,8.43,0.24,26.84
HYDERABAD_PATENCHERU,2025-02-07,03-07-2025 00:00,7.05,22.33,7.87,9.28,0.18,11.33
HYDERABAD_PATENCHERU,2025-02-08,03-08-2025 00:00,18.76,61.63,5.97,9.61,0.29,16.97
HYDERABAD_PATENCHERU,2025-02-09,03-09-2025 00:00,33.47,41.47,4.29,9.23,0.26,13.78
HYDERABAD_PATENCHERU,2025-02-10,03-10-2025 00:00,35.56,43.56,4.98,9.18,0.33,14.78
HYDERABAD_PATENCHERU,2025-02-11,03-11-2025 00:00,8.62,37.06,4.18,6.35,0.26,16.05
HYDERABAD_PATENCHERU,2025-02-12,03-12-2025 00:00,75.98,143.38,13.05,13.09,0.8,40.65
HYDERABAD_PATENCHERU,2025-03-01,04-01-2025 00:00,60.7,144.88,17.95,20.76,1.05,17.53
HYDERABAD_PATENCHERU,2025-03-02,04-02-2025 00:00,35.32,90.75,9.02,8.66,0.62,30.83
HYDERABAD_PATENCHERU,2025-03-03,04-03-2025 00:00,45.07,119.87,12.16,8.96,0.69,32.19
HYDERABAD_PATENCHERU,2025-03-04,04-04-2025 00:00,31.82,59.76,8.12,9.73,0.56,21.46
HYDERABAD_PATENCHERU,2025-03-05,04-05-2025 00:00,28.91,72.99,7.2,9.24,0.35,63.23
HYDERABAD_PATENCHERU,2025-03-06,04-06-2025 00:00,17.05,50.62,5.51,10.12,0.24,27.69
HYDERABAD_PATENCHERU,2025-03-07,04-07-2025 00:00,7.58,21.3,9.03,9.33,0.33,17.54
HYDERABAD_PATENCHERU,2025-03-08,04-08-2025 00:00,18.82,57.8,7.77,9.19,0.38,18.77
HYDERABAD_PATENCHERU,2025-03-09,04-09-2025 00:00,63.03,88.82,4.58,10.43,0.28,18.34
HYDERABAD_PATENCHERU,2025-03-10,04-10-2025 00:00,39.55,47.55,5.31,8.38,0.27,15.36
HYDERABAD_PATENCHERU,2025-03-11,04-11-2025 00:00,17.0,62.29,9.09,5.51,0.54,14.25
HYDERABAD_PATENCHERU,2025-03-12,04-12-2025 00:00,59.4,117.24,10.77,12.53,0.66,43.79
HYDERABAD_PATENCHERU,2025-04-01,05-01-2025 00:00,71.64,165.74,18.88,13.06,1.09,20.04
HYDERABAD_PATENCHERU,2025-04-02,05-02-2025 00:00,46.61,109.08,12.14,9.06,0.69,33.24
HYDERABAD_PATENCHERU,2025-04-03,05-03-2025 00:00,66.12,158.71,18.1,20.8,1.09,34.24
HYDERABAD_PATENCHERU,2025-04-04,05-04-2025 00:00,24.31,49.21,9.4,12.59,0.49,30.05
HYDERABAD_PATENCHERU,2025-04-05,05-05-2025 00:00,41.97,91.97,9.82,12.57,0.53,64.41
HYDERABAD_PATENCHERU,2025-04-06,05-06-2025 00:00,19.23,57.04,5.41,9.46,0.23,32.09
HYDERABAD_PATENCHERU,2025-04-07,05-07-2025 00:00,7.01,23.93,8.86,11.02,0.4,16.98
HYDERABAD_PATENCHERU,2025-04-08,05-08-2025 00:00,17.2,43.31,5.32,10.6,0.3,18.28
HYDERABAD_PATENCHERU,2025-04-09,05-09-2025 00:00,63.2,73.6,4.73,9.16,0.29,19.2
HYDERABAD_PATENCHERU,2025-04-10,05-10-2025 00:00,41.88,50.14,4.14,11.22,0.25,19.27
HYDERABAD_PATENCHERU,2025-04-11,05-11-2025 00:00,16.29,47.34,6.61,5.64,0.4,17.95
HYDERABAD_PATENCHERU,2025-04-12,05-12-2025 00:00,74.47,123.68,13.16,13.59,0.8,49.02
HYDERABAD_PATENCHERU,2025-05-01,06-01-2025 00:00,67.12,127.62,12.89,10.43,0.74,35.7
HYDERABAD_PATENCHERU,2025-05-02,06-02-2025 00:00,47.8,105.1,11.59,10.2,0.63,40.58
HYDERABAD_PATENCHERU,2025-05-03,06-03-2025 00:00,65.33,171.61,16.34,19.54,0.97,35.3
HYDERABAD_PATENCHERU,2025-05-04,06-04-2025 00:00,40.77,80.0,11.81,10.43,0.65,41.94
HYDERABAD_PATENCHERU,2025-05-05,06-05-2025 00:00,35.05,79.83,7.71,11.24,0.35,56.75
HYDERABAD_PATENCHERU,2025-05-06,06-06-2025 00:00,18.21,51.29,7.63,10.23,0.35,39.92
HYDERABAD_PATENCHERU,2025-05-07,06-07-2025 00:00,8.03,25.41,9.71,9.19,0.35,18.05
HYDERABAD_PATENCHERU,2025-05-08,06-08-2025 00:00,38.29,75.27,8.86,9.61,0.53,30.6
HYDERABAD_PATENCHERU,2025-05-09,06-09-2025 00:00,46.96,54.96,3.59,8.02,0.21,18.62
HYDERABAD_PATENCHERU,2025-05-10,06-10-2025 00:00,41.06,49.06,4.54,10.35,0.28,19.42
HYDERABAD_PATENCHERU,2025-05-11,06-11-2025 00:00,29.95,83.69,7.51,7.23,0.45,18.0
HYDERABAD_PATENCHERU,2025-05-12,06-12-2025 00:00,69.07,131.37,9.9,33.91,0.6,46.04
HYDERABAD_PATENCHERU,2025-06-01,07-01-2025 00:00,73.03,131.09,12.57,9.61,0.72,37.42
HYDERABAD_PATENCHERU,2025-06-02,07-02-2025 00:00,44.96,92.53,9.08,10.32,0.49,35.11
HYDERABAD_PATENCHERU,2025-06-03,07-03-2025 00:00,55.11,137.13,15.53,15.32,0.79,30.81
HYDERABAD_PATENCHERU,2025-06-04,07-04-2025 00:00,45.01,85.75,9.84,10.93,0.52,46.92
HYDERABAD_PATENCHERU,2025-06-05,07-05-2025 00:00,27.61,58.02,6.39,10.7,0.44,67.34
HYDERABAD_PATENCHERU,2025-06-06,07-06-2025 00:00,26.97,70.96,8.18,8.4,0.42,41.8
HYDERABAD_PATENCHERU,2025-06-07,07-07-2025 00:00,11.22,47.38,15.16,9.31,0.77,21.68
HYDERABAD_PATENCHERU,2025-06-08,07-08-2025 00:00,30.51,59.54,9.68,9.11,0.44,36.41
HYDERABAD_PATENCHERU,2025-06-09,07-09-2025 00:00,48.51,56.51,4.4,8.62,0.27,16.92
HYDERABAD_PATENCHERU,2025-06-10,07-10-2025 00:00,43.41,57.66,5.23,9.88,0.32,19.0
HYDERABAD_PATENCHERU,2025-06-11,07-11-2025 00:00,47.38,115.22,8.48,11.08,0.49,24.94
HYDERABAD_PATENCHERU,2025-06-12,07-12-2025 00:00,74.66,153.06,11.46,27.64,0.7,50.22
HYDERABAD_PATENCHERU,2025-07-01,08-01-2025 00:00,75.41,142.78,11.25,12.21,0.64,35.11
HYDERABAD_PATENCHERU,2025-07-02,08-02-2025 00:00,66.3,132.07,12.84,11.31,0.74,36.83
HYDERABAD_PATENCHERU,2025-07-03,08-03-2025 00:00,65.13,145.33,17.21,20.57,1.03,31.69
HYDERABAD_PATENCHERU,2025-07-04,08-04-2025 00:00,47.12,94.41,10.5,10.59,0.53,52.96
HYDERABAD_PATENCHERU,2025-07-05,08-05-2025 00:00,23.7,68.85,8.42,10.25,0.43,57.09
HYDERABAD_PATENCHERU,2025-07-06,08-06-2025 00:00,32.45,76.77,8.19,9.44,0.43,49.03
HYDERABAD_PATENCHERU,2025-07-07,08-07-2025 00:00,12.61,50.59,13.28,8.99,0.6,21.54
HYDERABAD_PATENCHERU,2025-07-08,08-08-2025 00:00,32.54,74.04,9.17,10.29,0.4,27.2
HYDERABAD_PATENCHERU,2025-07-09,08-09-2025 00:00,65.59,73.59,4.72,9.1,0.29,19.04
HYDERABAD_PATENCHERU,2025-07-10,08-10-2025 00:00,43.47,51.94,7.47,8.45,0.47,21.28
HYDERABAD_PATENCHERU,2025-07-11,08-11-2025 00:00,56.61,138.9,8.15,18.38,0.49,30.2
HYDERABAD_PATENCHERU,2025-07-12,08-12-2025 00:00,63.17,124.35,11.43,23.3,0.7,44.54
HYDERABAD_PATENCHERU,2025-08-01,09-01-2025 00:00,78.99,158.3,13.46,18.12,0.78,37.6
HYDERABAD_PATENCHERU,2025-08-02,09-02-2025 00:00,66.02,140.29,12.2,13.52,0.76,18.48
HYDERABAD_PATENCHERU,2025-08-03,09-03-2025 00:00,64.0,140.91,18.87,14.18,1.14,38.92
HYDERABAD_PATENCHERU,2025-08-04,09-04-2025 00:00,29.94,81.4,9.63,11.79,0.42,65.09
HYDERABAD_PATENCHERU,2025-08-05,09-05-2025 00:00,28.0,66.05,9.28,10.99,0.42,45.93
HYDERABAD_PATENCHERU,2025-08-06,09-06-2025 00:00,29.68,72.24,7.85,10.88,0.3,50.09
HYDERABAD_PATENCHERU,2025-08-07,09-07-2025 00:00,15.7,47.33,10.53,8.94,0.47,18.93
HYDERABAD_PATENCHERU,2025-08-08,09-08-2025 00:00,14.8,29.55,9.61,10.5,0.36,17.57
HYDERABAD_PATENCHERU,2025-08-09,09-09-2025 00:00,61.67,70.9,4.16,9.24,0.25,23.51
HYDERABAD_PATENCHERU,2025-08-10,09-10-2025 00:00,65.61,80.85,6.38,8.83,0.39,22.31
HYDERABAD_PATENCHERU,2025-08-11,09-11-2025 00:00,46.01,124.84,8.05,7.66,0.48,34.41
HYDERABAD_PATENCHERU,2025-08-12,09-12-2025 00:00,67.7,127.71,14.96,15.83,0.91,37.78
HYDERABAD_PATENCHERU,2025-09-01,10-01-2025 00:00,80.29,165.16,13.7,16.32,0.75,25.09
HYDERABAD_PATENCHERU,2025-09-02,10-02-2025 00:00,72.17,143.34,13.51,11.33,0.78,37.09
HYDERABAD_PATENCHERU,2025-09-03,10-03-2025 00:00,64.05,133.8,13.36,10.77,0.75,49.18
HYDERABAD_PATENCHERU,2025-09-04,10-04-2025 00:00,31.08,74.11,9.42,9.86,0.48,53.98
HYDERABAD_PATENCHERU,2025-09-05,10-05-2025 00:00,29.28,64.64,7.84,10.47,0.37,51.87
HYDERABAD_PATENCHERU,2025-09-06,10-06-2025 00:00,19.75,48.5,7.95,8.42,0.4,42.15
HYDERABAD_PATENCHERU,2025-09-07,10-07-2025 00:00,14.0,50.58,9.44,10.29,0.44,14.3
HYDERABAD_PATENCHERU,2025-09-08,10-08-2025 00:00,17.84,35.68,9.84,8.0,0.4,18.7
HYDERABAD_PATENCHERU,2025-09-09,10-09-2025 00:00,67.83,78.5,5.38,10.16,0.33,22.45
HYDERABAD_PATENCHERU,2025-09-10,10-10-2025 00:00,75.19,113.19,6.43,10.72,0.4,24.82
HYDERABAD_PATENCHERU,2025-09-11,10-11-2025 00:00,72.2,148.11,9.34,13.01,0.56,40.45
HYDERABAD_PATENCHERU,2025-09-12,10-12-2025 00:00,64.62,138.22,11.55,16.42,0.65,23.36
HYDERABAD_PATENCHERU,2025-10-01,11-01-2025 00:00,80.08,156.02,12.73,9.18,0.72,44.3
HYDERABAD_PATENCHERU,2025-10-02,11-02-2025 00:00,67.74,122.46,10.33,9.72,0.7,38.14
HYDERABAD_PATENCHERU,2025-10-03,11-03-2025 00:00,45.18,91.77,8.1,11.16,0.53,49.99
HYDERABAD_PATENCHERU,2025-10-04,11-04-2025 00:00,32.1,82.5,9.52,11.75,0.49,53.08
HYDERABAD_PATENCHERU,2025-10-05,11-05-2025 00:00,32.04,72.04,8.68,11.54,0.45,56.02
HYDERABAD_PATENCHERU,2025-10-06,11-06-2025 00:00,22.35,62.98,7.29,8.42,0.35,36.78
HYDERABAD_PATENCHERU,2025-10-07,11-07-2025 00:00,19.26,56.83,8.63,9.63,0.37,22.65
HYDERABAD_PATENCHERU,2025-10-08,11-08-2025 00:00,12.41,20.25,7.65,8.93,0.27,22.38
HYDERABAD_PATENCHERU,2025-10-09,11-09-2025 00:00,50.97,63.14,6.04,9.62,0.38,22.62
HYDERABAD_PATENCHERU,2025-10-10,11-10-2025 00:00,79.54,168.67,7.08,14.12,0.43,30.21
HYDERABAD_PATENCHERU,2025-10-11,11-11-2025 00:00,73.17,140.46,9.86,12.9,0.59,44.27
HYDERABAD_PATENCHERU,2025-10-12,11-12-2025 00:00,58.03,127.11,13.14,19.26,0.79,23.29
HYDERABAD_PATENCHERU,2025-11-01,12-01-2025 00:00,69.77,114.72,11.11,9.21,0.62,47.55
HYDERABAD_PATENCHERU,2025-11-02,12-02-2025 00:00,73.86,136.87,11.37,11.66,0.63,38.94
HYDERABAD_PATENCHERU,2025-11-03,12-03-2025 00:00,59.76,118.04,11.78,12.85,0.67,62.53
HYDERABAD_PATENCHERU,2025-11-04,12-04-2025 00:00,38.38,88.59,9.65,9.32,0.52,57.26
HYDERABAD_PATENCHERU,2025-11-05,12-05-2025 00:00,41.54,83.56,8.72,10.79,0.38,62.44
HYDERABAD_PATENCHERU,2025-11-06,12-06-2025 00:00,27.38,62.52,7.31,10.89,0.35,37.35
HYDERABAD_PATENCHERU,2025-11-07,12-07-2025 00:00,18.19,55.85,7.19,9.35,0.27,21.66
HYDERABAD_PATENCHERU,2025-11-08,12-08-2025 00:00,12.26,25.02,7.82,8.17,0.29,18.57
HYDERABAD_PATENCHERU,2025-11-09,12-09-2025 00:00,41.2,49.2,4.86,9.5,0.3,23.48
HYDERABAD_PATENCHERU,2025-11-10,12-10-2025 00:00,78.3,157.23,7.86,11.52,0.48,27.72
HYDERABAD_PATENCHERU,2025-11-11,12-11-2025 00:00,72.45,151.11,12.15,16.27,0.73,51.28
HYDERABAD_PATENCHERU,2025-11-12,12-12-2025 00:00,57.01,124.76,12.35,18.24,0.74,21.33
HYDERABAD_PATENCHERU,2025-12-01,13-01-2025 00:00,73.1,117.76,11.75,9.54,0.67,49.09
HYDERABAD_PATENCHERU,2025-12-02,13-02-2025 00:00,63.83,138.6,13.81,9.16,0.8,29.96
HYDERABAD_PATENCHERU,2025-12-03,13-03-2025 00:00,65.79,140.93,14.02,14.65,0.82,53.54
HYDERABAD_PATENCHERU,2025-12-04,13-04-2025 00:00,55.06,127.78,9.35,12.47,0.5,17.87
HYDERABAD_PATENCHERU,2025-12-05,13-05-2025 00:00,38.52,72.04,9.63,13.26,0.51,64.62
HYDERABAD_PATENCHERU,2025-12-06,13-06-2025 00:00,30.48,55.52,10.11,9.79,0.37,26.61
HYDERABAD_PATENCHERU,2025-12-07,13-07-2025 00:00,16.45,50.69,7.75,10.61,0.25,23.01
HYDERABAD_PATENCHERU,2025-12-08,13-08-2025 00:00,10.7,28.77,3.79,8.49,0.21,16.68
HYDERABAD_PATENCHERU,2025-12-09,13-09-2025 00:00,46.02,54.02,5.7,9.39,0.35,24.41
HYDERABAD_PATENCHERU,2025-12-10,13-10-2025 00:00,78.17,155.12,8.19,14.19,0.5,30.94
HYDERABAD_PATENCHERU,2025-12-11,13-11-2025 00:00,73.15,158.43,11.99,18.91,0.73,42.92
HYDERABAD_PATENCHERU,2025-12-12,13-12-2025 00:00,54.89,112.24,13.59,10.05,0.75,15.09
HYDERABAD_PATENCHERU,2026-01-01,02-01-2026 00:00,77.25,111.98,14.39,3.61,0.88,44.03
HYDERABAD_PATENCHERU,2026-01-02,02-02-2026 00:00,63.82,94.35,6.51,6.74,0.47,33.32
HYDERABAD_PATENCHERU,2026-02-01,03-01-2026 00:00,70.13,100.12,11.56,3.49,0.71,37.73
HYDERABAD_PATENCHERU,2026-02-02,03-02-2026 00:00,68.3,101.48,5.66,5.2,0.42,29.26
HYDERABAD_PATENCHERU,2026-03-01,04-01-2026 00:00,73.06,102.02,10.11,2.48,0.6,25.27
HYDERABAD_PATENCHERU,2026-03-02,04-02-2026 00:00,70.12,118.95,6.5,8.56,0.75,34.04
HYDERABAD_PATENCHERU,2026-04-01,05-01-2026 00:00,64.175,128.355,6.984999999999999,8.31,0.72,36.06
HYDERABAD_PATENCHERU,2026-04-02,05-02-2026 00:00,58.23,137.76,7.47,8.06,0.69,38.08
HYDERABAD_PATENCHERU,2026-05-01,06-01-2026 00:00,55.0,108.965,8.74,13.56,0.5,18.68
HYDERABAD_PATENCHERU,2026-05-02,06-02-2026 00:00,51.77,80.17,7.0,5.63,0.47,36.13
HYDERABAD_PATENCHERU,2026-06-01,07-01-2026 00:00,61.57,95.14,13.47,5.76,0.83,17.28
HYDERABAD_PATENCHERU,2026-06-02,07-02-2026 00:00,61.85,101.01,4.88,6.29,0.41,19.61
HYDERABAD_PATENCHERU,2026-07-01,08-01-2026 00:00,65.68,145.77,36.42,11.86,1.94,11.76
HYDERABAD_PATENCHERU,2026-07-02,08-02-2026 00:00,57.72,115.98,4.18,8.0,0.56,20.66
HYDERABAD_PATENCHERU,2026-08-01,09-01-2026 00:00,50.78,100.26,26.74,9.86,1.3,28.88
HYDERABAD_PATENCHERU,2026-08-02,09-02-2026 00:00,49.77,98.57,3.97,7.44,0.61,20.01
HYDERABAD_PATENCHERU,2026-09-01,10-01-2026 00:00,45.38,88.95,14.84,13.07,0.63,30.18
HYDERABAD_PATENCHERU,2026-09-02,10-02-2026 00:00,37.21,75.49,4.37,6.28,0.53,22.12
HYDERABAD_PATENCHERU,2026-10-01,11-01-2026 00:00,45.96,95.6,20.1,9.66,1.05,33.88
HYDERABAD_PATENCHERU,2026-10-02,11-02-2026 00:00,37.89,72.11,5.23,6.6,0.57,26.73
HYDERABAD_PATENCHERU,2026-11-01,12-01-2026 00:00,40.27,78.29,33.89,9.4,1.53,30.03
HYDERABAD_PATENCHERU,2026-11-02,12-02-2026 00:00,41.0,73.12,6.55,5.7,0.49,33.91
HYDERABAD_PATENCHERU,2026-12-01,13-01-2026 00:00,41.14,76.82,32.68,9.15,1.57,41.65
HYDERABAD_PATENCHERU,2026-12-02,13-02-2026 00:00,44.98,85.1,6.9,6.15,0.53,35.75
HYDERABAD_PATENCHERU,,14-01-2025 00:00,73.07,125.16,13.4,8.78,0.78,35.45
HYDERABAD_PATENCHERU,,15-01-2025 00:00,72.7,122.08,14.09,8.49,0.79,28.45
HYDERABAD_PATENCHERU,,16-01-2025 00:00,53.11,82.74,10.57,9.42,0.59,35.84
HYDERABAD_PATENCHERU,,17-01-2025 00:00,67.06,109.93,12.14,8.17,0.7,35.95
HYDERABAD_PATENCHERU,,18-01-2025 00:00,79.0,159.4,12.15,11.75,0.69,34.05
HYDERABAD_PATENCHERU,,19-01-2025 00:00,79.62,167.47,14.85,10.4,0.88,31.04
HYDERABAD_PATENCHERU,,20-01-2025 00:00,79.71,162.65,16.98,13.11,1.02,33.68
HYDERABAD_PATENCHERU,,21-01-2025 00:00,64.54,144.98,15.28,18.46,0.9,20.55
HYDERABAD_PATENCHERU,,22-01-2025 00:00,63.93,150.21,17.17,12.51,1.04,21.69
HYDERABAD_PATENCHERU,,23-01-2025 00:00,67.74,141.42,13.57,11.94,0.75,30.78
HYDERABAD_PATENCHERU,,24-01-2025 00:00,66.13,114.74,13.42,9.81,0.76,36.12
HYDERABAD_PATENCHERU,,25-01-2025 00:00,52.34,105.88,12.49,9.91,0.73,34.58
HYDERABAD_PATENCHERU,,26-01-2025 00:00,42.01,100.85,9.76,8.37,0.52,27.72
HYDERABAD_PATENCHERU,,27-01-2025 00:00,51.68,111.5,12.45,11.07,0.72,27.88
HYDERABAD_PATENCHERU,,28-01-2025 00:00,60.51,128.73,11.27,12.45,0.76,26.41
HYDERABAD_PATENCHERU,,29-01-2025 00:00,67.24,131.1,11.09,10.32,0.61,50.38
HYDERABAD_PATENCHERU,,30-01-2025 00:00,65.58,122.39,10.57,11.93,0.57,46.54
HYDERABAD_PATENCHERU,,31-01-2025 00:00,74.44,131.97,11.64,9.93,0.66,45.11
HYDERABAD_PATENCHERU,,01-02-2025 00:00,63.87,133.07,12.11,9.71,0.68,36.06
HYDERABAD_PATENCHERU,,14-02-2025 00:00,65.62,147.61,15.98,11.31,0.95,27.9
HYDERABAD_PATENCHERU,,15-02-2025 00:00,64.85,148.66,16.46,15.77,0.98,25.02
HYDERABAD_PATENCHERU,,16-02-2025 00:00,62.02,148.29,15.07,15.28,0.89,24.1
HYDERABAD_PATENCHERU,,17-02-2025 00:00,59.65,139.68,14.81,12.12,0.85,21.91
HYDERABAD_PATENCHERU,,18-02-2025 00:00,49.02,115.62,12.81,10.45,0.74,28.95
HYDERABAD_PATENCHERU,,19-02-2025 00:00,54.02,112.47,10.54,12.65,0.57,34.8
HYDERABAD_PATENCHERU,,20-02-2025 00:00,57.92,113.62,10.92,10.86,0.61,41.66
HYDERABAD_PATENCHERU,,21-02-2025 00:00,65.88,140.0,12.11,12.28,0.7,34.34
HYDERABAD_PATENCHERU,,22-02-2025 00:00,56.45,126.45,11.56,11.83,0.67,32.91
HYDERABAD_PATENCHERU,,23-02-2025 00:00,56.6,140.13,16.59,15.81,1.01,27.82
HYDERABAD_PATENCHERU,,24-02-2025 00:00,57.49,142.08,15.14,14.38,0.91,29.11
HYDERABAD_PATENCHERU,,25-02-2025 00:00,42.73,116.51,11.8,11.69,0.61,34.83
HYDERABAD_PATENCHERU,,26-02-2025 00:00,40.09,103.17,10.37,11.17,0.57,45.05
HYDERABAD_PATENCHERU,,27-02-2025 00:00,56.07,125.99,15.03,12.94,0.71,41.77
HYDERABAD_PATENCHERU,,28-02-2025 00:00,57.3,118.56,10.52,14.35,0.58,55.0
HYDERABAD_PATENCHERU,,01-03-2025 00:00,62.92,127.39,10.44,15.25,0.58,58.47
HYDERABAD_PATENCHERU,,14-03-2025 00:00,58.47,119.31,12.67,13.97,0.7,46.19
HYDERABAD_PATENCHERU,,15-03-2025 00:00,50.97,105.09,12.1,11.79,0.7,52.93
HYDERABAD_PATENCHERU,,16-03-2025 00:00,47.59,101.89,10.06,13.49,0.52,59.99
HYDERABAD_PATENCHERU,,17-03-2025 00:00,41.76,93.3,9.88,12.59,0.54,53.46
HYDERABAD_PATENCHERU,,18-03-2025 00:00,38.34,90.61,9.77,13.3,0.53,51.93
HYDERABAD_PATENCHERU,,19-03-2025 00:00,52.09,120.31,13.19,19.86,0.76,59.95
HYDERABAD_PATENCHERU,,20-03-2025 00:00,30.21,74.99,10.77,13.26,0.56,42.05
HYDERABAD_PATENCHERU,,21-03-2025 00:00,18.4,51.63,9.92,10.47,0.52,28.86
HYDERABAD_PATENCHERU,,22-03-2025 00:00,26.33,69.02,8.44,13.12,0.41,38.67
HYDERABAD_PATENCHERU,,23-03-2025 00:00,23.35,49.93,12.97,11.77,0.56,32.22
HYDERABAD_PATENCHERU,,24-03-2025 00:00,29.27,62.16,10.54,11.28,0.55,30.85
HYDERABAD_PATENCHERU,,25-03-2025 00:00,32.71,70.71,11.75,8.89,0.66,37.59
HYDERABAD_PATENCHERU,,26-03-2025 00:00,46.66,99.58,11.69,10.33,0.82,46.15
HYDERABAD_PATENCHERU,,27-03-2025 00:00,48.36,97.78,11.44,12.76,0.6,48.92
HYDERABAD_PATENCHERU,,28-03-2025 00:00,58.07,115.41,12.43,17.08,0.69,56.37
HYDERABAD_PATENCHERU,,29-03-2025 00:00,67.9,131.99,14.4,17.69,0.82,55.9
HYDERABAD_PATENCHERU,,30-03-2025 00:00,74.4,143.88,14.34,17.71,0.83,64.14
HYDERABAD_PATENCHERU,,31-03-2025 00:00,72.38,135.58,9.95,11.18,0.65,61.48
HYDERABAD_PATENCHERU,,01-04-2025 00:00,49.0,95.13,8.8,6.99,0.56,49.34
HYDERABAD_PATENCHERU,,14-04-2025 00:00,53.21,146.76,13.8,20.01,0.79,40.07
HYDERABAD_PATENCHERU,,15-04-2025 00:00,27.31,78.97,7.85,11.11,0.4,55.9
HYDERABAD_PATENCHERU,,16-04-2025 00:00,34.29,79.06,10.63,11.83,0.47,52.59
HYDERABAD_PATENCHERU,,17-04-2025 00:00,37.59,73.49,11.17,10.17,0.47,50.13
HYDERABAD_PATENCHERU,,18-04-2025 00:00,37.03,72.24,9.09,10.17,0.48,53.25
HYDERABAD_PATENCHERU,,19-04-2025 00:00,45.53,100.76,11.43,10.45,0.63,43.26
HYDERABAD_PATENCHERU,,20-04-2025 00:00,39.29,77.53,10.04,11.56,0.54,48.22
HYDERABAD_PATENCHERU,,21-04-2025 00:00,46.06,99.94,9.78,11.32,0.5,50.11
HYDERABAD_PATENCHERU,,22-04-2025 00:00,42.34,87.01,9.66,9.83,0.52,55.7
HYDERABAD_PATENCHERU,,23-04-2025 00:00,49.05,103.58,11.39,12.69,0.54,47.48
HYDERABAD_PATENCHERU,,24-04-2025 00:00,49.29,110.35,9.29,13.3,0.46,49.57
HYDERABAD_PATENCHERU,,25-04-2025 00:00,44.39,99.95,8.76,11.25,0.45,57.52
HYDERABAD_PATENCHERU,,26-04-2025 00:00,42.5,96.92,8.13,10.27,0.41,56.79
HYDERABAD_PATENCHERU,,27-04-2025 00:00,41.64,85.0,9.59,10.29,0.51,55.99
HYDERABAD_PATENCHERU,,28-04-2025 00:00,35.64,76.2,9.53,13.05,0.52,38.14
HYDERABAD_PATENCHERU,,29-04-2025 00:00,34.38,67.46,5.19,11.17,0.35,53.33
HYDERABAD_PATENCHERU,,30-04-2025 00:00,30.64,67.31,8.21,11.77,0.42,48.37
HYDERABAD_PATENCHERU,,01-05-2025 00:00,34.0,100.54,8.66,11.44,0.43,51.75
HYDERABAD_PATENCHERU,,14-05-2025 00:00,38.92,68.21,10.04,10.55,0.55,62.82
HYDERABAD_PATENCHERU,,15-05-2025 00:00,31.05,50.95,10.01,11.1,0.48,60.5
HYDERABAD_PATENCHERU,,16-05-2025 00:00,20.99,36.31,10.34,6.95,0.53,37.94
HYDERABAD_PATENCHERU,,17-05-2025 00:00,34.94,55.58,10.09,11.95,0.55,40.36
HYDERABAD_PATENCHERU,,18-05-2025 00:00,30.34,61.63,9.74,15.63,0.48,41.9
HYDERABAD_PATENCHERU,,19-05-2025 00:00,32.06,53.67,9.76,11.64,0.53,47.64
HYDERABAD_PATENCHERU,,20-05-2025 00:00,32.67,60.63,9.71,11.83,0.52,38.23
HYDERABAD_PATENCHERU,,21-05-2025 00:00,25.06,48.94,9.66,10.7,0.52,31.6
HYDERABAD_PATENCHERU,,22-05-2025 00:00,13.03,30.72,9.3,11.63,0.37,19.04
HYDERABAD_PATENCHERU,,23-05-2025 00:00,4.81,15.73,6.71,10.04,0.23,18.91
HYDERABAD_PATENCHERU,,24-05-2025 00:00,7.98,19.88,4.03,7.79,0.27,18.9
HYDERABAD_PATENCHERU,,25-05-2025 00:00,8.0,17.38,6.78,10.27,0.32,26.1
HYDERABAD_PATENCHERU,,26-05-2025 00:00,7.14,13.43,7.64,9.77,0.32,28.4
HYDERABAD_PATENCHERU,,27-05-2025 00:00,10.59,21.69,8.06,9.59,0.41,30.49
HYDERABAD_PATENCHERU,,28-05-2025 00:00,7.63,13.18,7.9,9.2,0.39,26.62
HYDERABAD_PATENCHERU,,29-05-2025 00:00,14.36,29.16,8.74,9.48,0.46,41.46
HYDERABAD_PATENCHERU,,30-05-2025 00:00,16.69,44.2,6.86,8.2,0.32,33.34
HYDERABAD_PATENCHERU,,31-05-2025 00:00,24.16,83.92,7.67,10.16,0.33,25.86
HYDERABAD_PATENCHERU,,01-06-2025 00:00,23.55,80.02,4.67,9.55,0.32,30.69
HYDERABAD_PATENCHERU,,14-06-2025 00:00,38.12,56.42,11.05,7.87,0.57,33.63
HYDERABAD_PATENCHERU,,15-06-2025 00:00,14.55,22.39,7.44,11.76,0.25,28.88
HYDERABAD_PATENCHERU,,16-06-2025 00:00,5.29,12.92,3.59,9.76,0.21,22.27
HYDERABAD_PATENCHERU,,17-06-2025 00:00,7.4,17.18,5.82,8.86,0.25,26.44
HYDERABAD_PATENCHERU,,18-06-2025 00:00,13.12,41.74,5.76,9.45,0.25,25.97
HYDERABAD_PATENCHERU,,19-06-2025 00:00,10.86,41.82,4.92,9.49,0.2,25.19
HYDERABAD_PATENCHERU,,20-06-2025 00:00,9.86,34.75,5.77,11.04,0.19,25.45
HYDERABAD_PATENCHERU,,21-06-2025 00:00,7.94,29.84,7.26,9.35,0.19,23.6
HYDERABAD_PATENCHERU,,22-06-2025 00:00,8.28,31.18,5.01,7.57,0.13,23.96
HYDERABAD_PATENCHERU,,23-06-2025 00:00,9.22,42.0,5.38,8.68,0.2,24.06
HYDERABAD_PATENCHERU,,24-06-2025 00:00,11.02,39.12,6.09,10.96,0.27,23.34
HYDERABAD_PATENCHERU,,25-06-2025 00:00,8.79,26.56,5.81,9.64,0.19,21.14
HYDERABAD_PATENCHERU,,26-06-2025 00:00,10.97,31.9,5.03,7.47,0.2,21.15
HYDERABAD_PATENCHERU,,27-06-2025 00:00,9.76,30.97,7.47,9.45,0.34,17.81
HYDERABAD_PATENCHERU,,28-06-2025 00:00,12.82,50.47,5.15,9.14,0.21,21.03
HYDERABAD_PATENCHERU,,29-06-2025 00:00,8.92,29.07,6.78,8.51,0.31,21.42
HYDERABAD_PATENCHERU,,30-06-2025 00:00,8.370000000000001,28.945,7.54,9.75,0.21,22.75
HYDERABAD_PATENCHERU,,01-07-2025 00:00,7.82,28.82,6.82,8.36,0.2,16.78
HYDERABAD_PATENCHERU,,14-07-2025 00:00,12.37,47.62,8.52,9.78,0.3,19.51
HYDERABAD_PATENCHERU,,15-07-2025 00:00,9.11,37.15,6.78,9.21,0.22,21.52
HYDERABAD_PATENCHERU,,16-07-2025 00:00,5.76,21.16,9.3,9.85,0.31,18.68
HYDERABAD_PATENCHERU,,17-07-2025 00:00,10.41,40.49,9.88,9.87,0.47,16.88
HYDERABAD_PATENCHERU,,18-07-2025 00:00,18.94,47.74,8.79,9.69,0.39,18.78
HYDERABAD_PATENCHERU,,19-07-2025 00:00,16.32,38.55,7.32,9.49,0.29,18.8
HYDERABAD_PATENCHERU,,20-07-2025 00:00,18.07,41.12,7.38,10.28,0.3,21.08
HYDERABAD_PATENCHERU,,21-07-2025 00:00,17.01,55.33,8.22,10.75,0.36,21.17
HYDERABAD_PATENCHERU,,22-07-2025 00:00,9.67,28.78,13.68,11.23,0.17,20.42
HYDERABAD_PATENCHERU,,23-07-2025 00:00,4.92,15.67,9.4,9.55,0.23,22.23
HYDERABAD_PATENCHERU,,24-07-2025 00:00,3.82,9.34,3.83,10.97,0.19,16.96
HYDERABAD_PATENCHERU,,25-07-2025 00:00,6.38,17.02,6.97,8.73,0.22,15.9
HYDERABAD_PATENCHERU,,26-07-2025 00:00,7.49,18.91,6.81,9.51,0.19,13.94
HYDERABAD_PATENCHERU,,27-07-2025 00:00,4.55,11.11,5.75,9.22,0.17,13.7
HYDERABAD_PATENCHERU,,28-07-2025 00:00,6.93,20.13,8.54,10.24,0.13,16.74
HYDERABAD_PATENCHERU,,29-07-2025 00:00,6.94,26.58,8.87,10.85,0.33,19.05
HYDERABAD_PATENCHERU,,30-07-2025 00:00,6.08,29.08,6.46,9.73,0.2,18.88
HYDERABAD_PATENCHERU,,31-07-2025 00:00,8.16,27.99,5.32,10.36,0.19,16.64
HYDERABAD_PATENCHERU,,01-08-2025 00:00,11.33,40.14,6.59,8.28,0.24,14.99
HYDERABAD_PATENCHERU,,14-08-2025 00:00,10.73,22.81,5.94,10.35,0.27,15.02
HYDERABAD_PATENCHERU,,15-08-2025 00:00,3.95,10.78,5.63,9.2,0.21,15.18
HYDERABAD_PATENCHERU,,16-08-2025 00:00,3.5,7.31,5.41,6.28,0.28,18.08
HYDERABAD_PATENCHERU,,17-08-2025 00:00,9.96,19.6,4.93,10.64,0.3,15.04
HYDERABAD_PATENCHERU,,18-08-2025 00:00,4.99,16.27,4.94,8.17,0.26,14.73
HYDERABAD_PATENCHERU,,19-08-2025 00:00,15.65,18.15,4.61,10.14,0.25,17.22
HYDERABAD_PATENCHERU,,20-08-2025 00:00,13.71,21.71,4.67,8.99,0.25,16.46
HYDERABAD_PATENCHERU,,21-08-2025 00:00,22.02,30.02,3.9,10.17,0.21,18.09
HYDERABAD_PATENCHERU,,22-08-2025 00:00,34.23,42.23,3.91,9.82,0.2,17.51
HYDERABAD_PATENCHERU,,23-08-2025 00:00,43.6,51.6,3.51,7.85,0.21,17.15
HYDERABAD_PATENCHERU,,24-08-2025 00:00,39.08,47.08,4.2,6.33,0.2,17.59
HYDERABAD_PATENCHERU,,25-08-2025 00:00,37.17,45.17,4.55,8.85,0.22,13.71
HYDERABAD_PATENCHERU,,26-08-2025 00:00,36.44,44.44,3.99,9.91,0.25,15.85
HYDERABAD_PATENCHERU,,27-08-2025 00:00,26.87,34.87,4.69,9.0,0.29,11.12
HYDERABAD_PATENCHERU,,28-08-2025 00:00,12.22,20.22,4.67,7.42,0.27,9.62
HYDERABAD_PATENCHERU,,29-08-2025 00:00,29.15,37.15,5.05,9.47,0.29,16.36
HYDERABAD_PATENCHERU,,30-08-2025 00:00,29.56,37.56,3.64,8.5,0.22,17.61
HYDERABAD_PATENCHERU,,31-08-2025 00:00,32.04,40.04,7.82,10.82,0.41,15.03
HYDERABAD_PATENCHERU,,01-09-2025 00:00,30.85,38.85,3.89,9.24,0.17,13.57
HYDERABAD_PATENCHERU,,14-09-2025 00:00,40.76,48.76,6.74,10.99,0.35,21.02
HYDERABAD_PATENCHERU,,15-09-2025 00:00,42.14,50.14,4.71,10.21,0.29,21.25
HYDERABAD_PATENCHERU,,16-09-2025 00:00,25.43,33.43,5.05,9.15,0.31,23.03
HYDERABAD_PATENCHERU,,17-09-2025 00:00,34.27,42.69,5.06,10.8,0.31,22.22
HYDERABAD_PATENCHERU,,18-09-2025 00:00,39.71,47.71,5.91,9.0,0.37,28.19
HYDERABAD_PATENCHERU,,19-09-2025 00:00,31.57,39.57,6.04,7.75,0.37,21.81
HYDERABAD_PATENCHERU,,20-09-2025 00:00,39.88,48.44,5.97,9.48,0.36,19.02
HYDERABAD_PATENCHERU,,21-09-2025 00:00,49.07,57.07,5.08,10.05,0.31,22.74
HYDERABAD_PATENCHERU,,22-09-2025 00:00,40.97,48.97,5.26,9.12,0.32,26.68
HYDERABAD_PATENCHERU,,23-09-2025 00:00,32.47,40.47,4.36,9.75,0.26,28.73
HYDERABAD_PATENCHERU,,24-09-2025 00:00,36.69,44.69,4.56,11.51,0.27,24.71
HYDERABAD_PATENCHERU,,25-09-2025 00:00,56.67,65.67,5.32,10.42,0.33,21.04
HYDERABAD_PATENCHERU,,26-09-2025 00:00,45.98,53.98,5.02,10.93,0.31,22.23
HYDERABAD_PATENCHERU,,27-09-2025 00:00,37.61,45.61,4.74,9.43,0.3,23.78
HYDERABAD_PATENCHERU,,28-09-2025 00:00,24.4,32.4,3.89,10.01,0.24,21.82
HYDERABAD_PATENCHERU,,29-09-2025 00:00,26.19,34.19,3.76,8.11,0.23,22.65
HYDERABAD_PATENCHERU,,30-09-2025 00:00,41.14,49.14,4.26,9.85,0.25,26.29
HYDERABAD_PATENCHERU,,01-10-2025 00:00,37.71,45.71,3.95,9.35,0.24,18.36
HYDERABAD_PATENCHERU,,14-10-2025 00:00,72.07,151.48,7.97,12.23,0.48,27.26
HYDERABAD_PATENCHERU,,15-10-2025 00:00,36.82,72.76,7.79,7.34,0.48,24.06
HYDERABAD_PATENCHERU,,16-10-2025 00:00,24.4,53.41,6.12,5.43,0.37,20.63
HYDERABAD_PATENCHERU,,17-10-2025 00:00,36.95,80.91,7.76,7.26,0.47,32.46
HYDERABAD_PATENCHERU,,18-10-2025 00:00,59.31,123.76,9.37,8.86,0.52,29.38
HYDERABAD_PATENCHERU,,19-10-2025 00:00,75.85,140.67,8.99,10.34,0.55,32.91
HYDERABAD_PATENCHERU,,20-10-2025 00:00,76.95,129.15,8.18,8.83,0.5,40.96
HYDERABAD_PATENCHERU,,21-10-2025 00:00,18.85,64.41,6.04,10.6,0.35,19.94
HYDERABAD_PATENCHERU,,22-10-2025 00:00,28.08,63.37,5.02,7.03,0.3,14.53
HYDERABAD_PATENCHERU,,23-10-2025 00:00,20.47,43.51,5.8,5.81,0.35,19.09
HYDERABAD_PATENCHERU,,24-10-2025 00:00,9.28,23.05,5.86,5.13,0.36,17.62
HYDERABAD_PATENCHERU,,25-10-2025 00:00,10.98,23.95,5.87,6.09,0.37,15.08
HYDERABAD_PATENCHERU,,26-10-2025 00:00,18.08,33.03,8.5,5.58,0.51,13.09
HYDERABAD_PATENCHERU,,27-10-2025 00:00,15.62,15.33,6.96,6.38,0.42,23.68
HYDERABAD_PATENCHERU,,28-10-2025 00:00,21.7,58.7,6.49,4.48,0.4,29.16
HYDERABAD_PATENCHERU,,29-10-2025 00:00,11.34,23.87,5.2,5.65,0.29,15.91
HYDERABAD_PATENCHERU,,30-10-2025 00:00,11.45,20.71,5.11,5.52,0.31,19.48
HYDERABAD_PATENCHERU,,31-10-2025 00:00,14.59,34.33,4.68,4.77,0.28,26.55
HYDERABAD_PATENCHERU,,01-11-2025 00:00,13.39,36.98,3.87,4.0,0.24,19.03
HYDERABAD_PATENCHERU,,14-11-2025 00:00,68.37,148.67,10.17,13.69,0.62,43.57
HYDERABAD_PATENCHERU,,15-11-2025 00:00,69.67,155.13,11.76,11.69,0.72,47.16
HYDERABAD_PATENCHERU,,16-11-2025 00:00,66.64,159.1,12.02,21.53,0.73,38.37
HYDERABAD_PATENCHERU,,17-11-2025 00:00,71.56,152.69,9.98,29.8,0.6,47.42
HYDERABAD_PATENCHERU,,18-11-2025 00:00,73.95,157.05,10.94,32.78,0.66,49.52
HYDERABAD_PATENCHERU,,19-11-2025 00:00,78.13,144.86,10.67,17.68,0.66,43.62
HYDERABAD_PATENCHERU,,20-11-2025 00:00,79.1,138.44,14.1,13.47,0.75,42.07
HYDERABAD_PATENCHERU,,21-11-2025 00:00,70.67,138.46,12.16,13.09,0.74,37.67
HYDERABAD_PATENCHERU,,22-11-2025 00:00,53.72,92.24,11.29,7.45,0.69,29.42
HYDERABAD_PATENCHERU,,23-11-2025 00:00,54.49,96.67,12.39,5.48,0.76,33.83
HYDERABAD_PATENCHERU,,24-11-2025 00:00,48.86,88.28,11.93,4.72,0.73,33.6
HYDERABAD_PATENCHERU,,25-11-2025 00:00,43.56,80.32,10.68,5.85,0.65,31.3
HYDERABAD_PATENCHERU,,26-11-2025 00:00,67.81,101.86,12.7,5.86,0.79,34.34
HYDERABAD_PATENCHERU,,27-11-2025 00:00,79.14,130.71,13.91,6.17,0.85,40.33
HYDERABAD_PATENCHERU,,28-11-2025 00:00,79.15,143.95,10.17,7.85,0.61,31.86
HYDERABAD_PATENCHERU,,29-11-2025 00:00,77.67,153.76,11.82,15.73,0.72,45.61
HYDERABAD_PATENCHERU,,30-11-2025 00:00,75.76,145.21,12.13,15.89,0.74,39.57
HYDERABAD_PATENCHERU,,01-12-2025 00:00,67.67,127.67,11.56,11.37,0.7,38.86
HYDERABAD_PATENCHERU,,14-12-2025 00:00,52.34,105.2,13.7,9.62,0.83,26.54
HYDERABAD_PATENCHERU,,15-12-2025 00:00,55.73,103.31,13.93,10.72,0.85,26.77
HYDERABAD_PATENCHERU,,16-12-2025 00:00,62.27,115.98,14.53,8.54,0.88,33.72
HYDERABAD_PATENCHERU,,17-12-2025 00:00,62.25,106.62,14.37,8.99,0.88,30.28
HYDERABAD_PATENCHERU,,18-12-2025 00:00,72.02,138.64,16.7,8.46,1.01,28.83
HYDERABAD_PATENCHERU,,19-12-2025 00:00,58.34,128.57,14.21,11.74,0.86,16.14
HYDERABAD_PATENCHERU,,20-12-2025 00:00,48.73,105.41,12.22,12.41,0.73,17.9
HYDERABAD_PATENCHERU,,21-12-2025 00:00,56.71,118.98,13.05,9.0,0.79,27.8
HYDERABAD_PATENCHERU,,22-12-2025 00:00,64.32,113.59,14.78,4.65,0.9,28.23
HYDERABAD_PATENCHERU,,23-12-2025 00:00,66.34,129.99,18.03,6.35,1.09,24.48
HYDERABAD_PATENCHERU,,24-12-2025 00:00,66.39,127.53,17.08,8.56,1.04,19.82
HYDERABAD_PATENCHERU,,25-12-2025 00:00,70.91,126.27,16.14,9.01,0.98,32.76
HYDERABAD_PATENCHERU,,26-12-2025 00:00,65.14,114.18,13.55,9.32,0.82,28.79
HYDERABAD_PATENCHERU,,27-12-2025 00:00,60.24,113.94,14.69,6.35,0.89,26.23
HYDERABAD_PATENCHERU,,28-12-2025 00:00,69.65,113.86,16.18,6.11,0.99,35.58
HYDERABAD_PATENCHERU,,29-12-2025 00:00,68.74,115.16,15.8,7.01,0.96,35.65
HYDERABAD_PATENCHERU,,30-12-2025 00:00,61.27,101.59,15.53,5.39,0.95,38.25
HYDERABAD_PATENCHERU,,31-12-2025 00:00,70.7,141.1,21.91,5.29,1.35,36.08
HYDERABAD_PATENCHERU,,01-01-2026 00:00,62.88,108.93,15.39,3.21,0.94,32.01
HYDERABAD_PATENCHERU,,14-01-2026 00:00,38.78,72.9,50.55,8.03,2.27,47.75
HYDERABAD_PATENCHERU,,15-01-2026 00:00,53.41,91.59,31.27,5.37,1.66,31.18
HYDERABAD_PATENCHERU,,16-01-2026 00:00,52.71,81.27,38.6,6.19,2.21,33.04
HYDERABAD_PATENCHERU,,17-01-2026 00:00,51.09,83.23,27.25,8.15,1.21,27.03
HYDERABAD_PATENCHERU,,18-01-2026 00:00,46.89,90.85,37.43,9.63,2.11,22.52
HYDERABAD_PATENCHERU,,19-01-2026 00:00,39.27,76.34,23.86,4.49,1.28,23.7
HYDERABAD_PATENCHERU,,20-01-2026 00:00,32.64,57.79,29.57,5.55,1.39,34.75
HYDERABAD_PATENCHERU,,21-01-2026 00:00,36.02,63.77,28.99,4.84,1.63,32.89
HYDERABAD_PATENCHERU,,22-01-2026 00:00,44.55,71.84,21.01,4.86,1.06,36.12
HYDERABAD_PATENCHERU,,23-01-2026 00:00,39.37,63.37,24.56,5.65,1.11,38.84
HYDERABAD_PATENCHERU,,24-01-2026 00:00,41.38,67.78,36.28,6.16,1.58,41.82
HYDERABAD_PATENCHERU,,25-01-2026 00:00,47.7,75.67,26.61,5.74,0.83,42.94
HYDERABAD_PATENCHERU,,26-01-2026 00:00,50.46,81.81,7.33,6.84,0.59,38.11
HYDERABAD_PATENCHERU,,27-01-2026 00:00,41.49,64.59,9.84,5.73,0.49,50.8
HYDERABAD_PATENCHERU,,28-01-2026 00:00,38.07,64.84,8.38,5.99,0.51,43.13
HYDERABAD_PATENCHERU,,29-01-2026 00:00,41.99,74.4,7.1,5.6,0.48,36.09
HYDERABAD_PATENCHERU,,30-01-2026 00:00,51.56,86.6,4.77,2.65,0.17,24.08
HYDERABAD_PATENCHERU,,31-01-2026 00:00,63.16,110.11,5.59,7.02,0.53,27.75
HYDERABAD_PATENCHERU,,01-02-2026 00:00,70.61,97.58,7.01,5.74,0.39,36.1
HYDERABAD_PATENCHERU,,14-02-2026 00:00,43.37,82.49,7.17,7.39,0.63,38.29
HYDERABAD_PATENCHERU,,15-02-2026 00:00,48.28,92.12,6.49,11.48,0.98,32.78
HYDERABAD_PATENCHERU,,16-02-2026 00:00,55.12,101.98,5.58,11.22,0.96,29.15
HYDERABAD_PATENCHERU,,17-02-2026 00:00,55.49,90.88,7.97,10.29,0.87,41.74
HYDERABAD_PATENCHERU,,17-02-2026 00:00,55.0,89.0,7.4,11.1,0.97,38.4
HYDERABAD_SOMAJIGUDA_,2025-01-01,02-01-2025 00:00,42.17,75.66,5.94,22.23,0.93,30.57
HYDERABAD_SOMAJIGUDA_,2025-01-02,02-02-2025 00:00,39.02,80.92,20.84,22.35,0.83,25.79
HYDERABAD_SOMAJIGUDA_,2025-01-03,02-03-2025 00:00,41.6,76.0,15.76,23.3,0.74,26.96
HYDERABAD_SOMAJIGUDA_,2025-01-04,02-04-2025 00:00,42.26,74.93,14.4,6.86,0.67,11.08
HYDERABAD_SOMAJIGUDA_,2025-01-05,02-05-2025 00:00,44.92,76.99,12.14,9.11,0.68,13.67
HYDERABAD_SOMAJIGUDA_,2025-01-06,02-06-2025 00:00,58.5,94.46,11.74,8.59,0.65,11.21
HYDERABAD_SOMAJIGUDA_,2025-01-07,02-07-2025 00:00,39.39,83.1,13.28,30.75,0.75,28.75
HYDERABAD_SOMAJIGUDA_,2025-01-08,02-08-2025 00:00,61.79,99.24,19.54,29.01,0.59,17.45
HYDERABAD_SOMAJIGUDA_,2025-01-09,02-09-2025 00:00,50.02,89.7,16.47,16.01,0.55,19.41
HYDERABAD_SOMAJIGUDA_,2025-01-10,02-10-2025 00:00,44.78,98.05000000000001,15.07,14.175,0.69,15.395
HYDERABAD_SOMAJIGUDA_,2025-01-11,02-11-2025 00:00,39.54,106.4,13.67,12.34,0.83,11.38
HYDERABAD_SOMAJIGUDA_,2025-01-12,02-12-2025 00:00,14.69,78.32,14.39,14.64,0.6,26.48
HYDERABAD_SOMAJIGUDA_,2025-02-01,03-01-2025 00:00,38.76,72.93,5.96,22.0,0.97,27.16
HYDERABAD_SOMAJIGUDA_,2025-02-02,03-02-2025 00:00,40.09,76.56,18.67,22.73,0.83,27.78
HYDERABAD_SOMAJIGUDA_,2025-02-03,03-03-2025 00:00,37.45,71.31,18.69,23.48,0.82,23.33
HYDERABAD_SOMAJIGUDA_,2025-02-04,03-04-2025 00:00,56.06,92.49,5.16,5.93,0.66,11.08
HYDERABAD_SOMAJIGUDA_,2025-02-05,03-05-2025 00:00,59.12,85.66,12.78,8.14,0.7,21.97
HYDERABAD_SOMAJIGUDA_,2025-02-06,03-06-2025 00:00,48.7,88.63,11.13,8.92,0.65,11.41
HYDERABAD_SOMAJIGUDA_,2025-02-07,03-07-2025 00:00,44.09,84.76,12.5,23.94,0.75,24.88
HYDERABAD_SOMAJIGUDA_,2025-02-08,03-08-2025 00:00,72.78,102.38,21.83,30.32,0.83,17.08
HYDERABAD_SOMAJIGUDA_,2025-02-09,03-09-2025 00:00,56.81,92.79,15.99,16.87,0.53,21.19
HYDERABAD_SOMAJIGUDA_,2025-02-10,03-10-2025 00:00,50.795,85.51,14.26,14.315000000000001,0.43000000000000005,23.39
HYDERABAD_SOMAJIGUDA_,2025-02-11,03-11-2025 00:00,44.78,78.23,12.53,11.76,0.33,25.59
HYDERABAD_SOMAJIGUDA_,2025-02-12,03-12-2025 00:00,23.63,98.23,10.63,14.04,0.65,26.06
HYDERABAD_SOMAJIGUDA_,2025-03-01,04-01-2025 00:00,38.02,72.45,5.95,23.2,0.91,31.59
HYDERABAD_SOMAJIGUDA_,2025-03-02,04-02-2025 00:00,38.5,72.7,22.19,23.06,0.79,25.12
HYDERABAD_SOMAJIGUDA_,2025-03-03,04-03-2025 00:00,44.5,74.87,33.67,23.07,1.2,18.7
HYDERABAD_SOMAJIGUDA_,2025-03-04,04-04-2025 00:00,36.97,74.58,5.95,5.42,0.75,11.08
HYDERABAD_SOMAJIGUDA_,2025-03-05,04-05-2025 00:00,44.19,73.88,13.2,9.38,0.71,28.7
HYDERABAD_SOMAJIGUDA_,2025-03-06,04-06-2025 00:00,55.1,92.23,12.12,8.59,0.83,12.06
HYDERABAD_SOMAJIGUDA_,2025-03-07,04-07-2025 00:00,46.59,72.71,10.86,18.83,0.69,27.46
HYDERABAD_SOMAJIGUDA_,2025-03-08,04-08-2025 00:00,66.42,101.74,21.92,29.48,0.86,18.44
HYDERABAD_SOMAJIGUDA_,2025-03-09,04-09-2025 00:00,62.95,92.43,19.22,17.57,0.62,20.83
HYDERABAD_SOMAJIGUDA_,2025-03-10,04-10-2025 00:00,55.585,97.26,15.44,19.835,0.585,26.71
HYDERABAD_SOMAJIGUDA_,2025-03-11,04-11-2025 00:00,48.22,102.09,11.66,22.1,0.55,32.59
HYDERABAD_SOMAJIGUDA_,2025-03-12,04-12-2025 00:00,25.93,102.12,7.63,13.49,0.57,28.13
HYDERABAD_SOMAJIGUDA_,2025-04-01,05-01-2025 00:00,45.08,75.64,13.3,24.19,0.82,35.98
HYDERABAD_SOMAJIGUDA_,2025-04-02,05-02-2025 00:00,41.49,73.78,24.35,23.24,0.9,27.85
HYDERABAD_SOMAJIGUDA_,2025-04-03,05-03-2025 00:00,49.3,77.29,36.68,25.63,1.33,21.29
HYDERABAD_SOMAJIGUDA_,2025-04-04,05-04-2025 00:00,54.129999999999995,85.59,25.125,17.11,0.9450000000000001,24.15
HYDERABAD_SOMAJIGUDA_,2025-04-05,05-05-2025 00:00,58.96,93.89,13.57,8.59,0.56,27.01
HYDERABAD_SOMAJIGUDA_,2025-04-06,05-06-2025 00:00,58.58,93.96,12.52,13.455,0.72,11.33
HYDERABAD_SOMAJIGUDA_,2025-04-07,05-07-2025 00:00,42.8,105.81,12.75,18.32,0.69,28.99
HYDERABAD_SOMAJIGUDA_,2025-04-08,05-08-2025 00:00,42.26,98.44,21.63,30.18,0.95,18.8
HYDERABAD_SOMAJIGUDA_,2025-04-09,05-09-2025 00:00,62.55,94.97,19.17,16.66,0.46,20.13
HYDERABAD_SOMAJIGUDA_,2025-04-10,05-10-2025 00:00,38.56,93.15,11.72,36.61,0.53,25.6
HYDERABAD_SOMAJIGUDA_,2025-04-11,05-11-2025 00:00,52.03,110.85,11.55,29.84,0.42,33.5
HYDERABAD_SOMAJIGUDA_,2025-04-12,05-12-2025 00:00,26.68,110.65,10.58,14.25,0.58,29.65
HYDERABAD_SOMAJIGUDA_,2025-05-01,06-01-2025 00:00,41.2,74.31,21.28,23.49,0.82,38.12
HYDERABAD_SOMAJIGUDA_,2025-05-02,06-02-2025 00:00,41.84,75.96,24.13,23.48,0.92,27.61
HYDERABAD_SOMAJIGUDA_,2025-05-03,06-03-2025 00:00,40.84,75.92,37.57,24.61,1.25,18.98
HYDERABAD_SOMAJIGUDA_,2025-05-04,06-04-2025 00:00,57.17,98.26,5.16,14.42,0.79,13.05
HYDERABAD_SOMAJIGUDA_,2025-05-05,06-05-2025 00:00,46.17,76.13,11.71,8.92,0.81,29.28
HYDERABAD_SOMAJIGUDA_,2025-05-06,06-06-2025 00:00,67.9,95.49,12.34,9.42,0.77,18.08
HYDERABAD_SOMAJIGUDA_,2025-05-07,06-07-2025 00:00,37.7,79.94,12.97,9.92,0.67,24.29
HYDERABAD_SOMAJIGUDA_,2025-05-08,06-08-2025 00:00,44.09,100.59,20.19,29.44,0.89,20.1
HYDERABAD_SOMAJIGUDA_,2025-05-09,06-09-2025 00:00,53.49,87.09,14.64,14.46,0.38,20.85
HYDERABAD_SOMAJIGUDA_,2025-05-10,06-10-2025 00:00,39.28,85.96,10.37,32.75,0.45,25.5
HYDERABAD_SOMAJIGUDA_,2025-05-11,06-11-2025 00:00,52.43,104.07,11.98,11.18,0.54,29.49
HYDERABAD_SOMAJIGUDA_,2025-05-12,06-12-2025 00:00,25.19,86.13,12.02,14.43,0.68,34.41
HYDERABAD_SOMAJIGUDA_,2025-06-01,07-01-2025 00:00,47.71,78.41,19.47,21.37,0.79,46.34
HYDERABAD_SOMAJIGUDA_,2025-06-02,07-02-2025 00:00,40.48,73.51,18.68,23.34,0.81,26.44
HYDERABAD_SOMAJIGUDA_,2025-06-03,07-03-2025 00:00,37.98,73.93,35.99,37.41,1.1,19.19
HYDERABAD_SOMAJIGUDA_,2025-06-04,07-04-2025 00:00,43.15,76.13,5.98,16.04,0.88,11.09
HYDERABAD_SOMAJIGUDA_,2025-06-05,07-05-2025 00:00,44.16,79.71,11.97,9.0,0.67,32.48
HYDERABAD_SOMAJIGUDA_,2025-06-06,07-06-2025 00:00,51.68,97.5,11.66,8.870000000000001,0.93,13.7
HYDERABAD_SOMAJIGUDA_,2025-06-07,07-07-2025 00:00,41.71,77.32,13.17,8.74,0.61,31.45
HYDERABAD_SOMAJIGUDA_,2025-06-08,07-08-2025 00:00,59.87,102.74,15.75,29.79,0.72,20.46
HYDERABAD_SOMAJIGUDA_,2025-06-09,07-09-2025 00:00,50.01,89.79,15.28,12.99,0.37,24.51
HYDERABAD_SOMAJIGUDA_,2025-06-10,07-10-2025 00:00,37.1,81.9,11.75,34.04,0.45,23.18
HYDERABAD_SOMAJIGUDA_,2025-06-11,07-11-2025 00:00,60.52,106.08,12.96,10.32,0.42,26.49
HYDERABAD_SOMAJIGUDA_,2025-06-12,07-12-2025 00:00,41.8,59.81,11.92,13.43,0.62,39.0
HYDERABAD_SOMAJIGUDA_,2025-07-01,08-01-2025 00:00,46.07,77.55,25.73,23.54,0.91,35.02
HYDERABAD_SOMAJIGUDA_,2025-07-02,08-02-2025 00:00,51.85,80.43,23.51,22.2,0.88,24.77
HYDERABAD_SOMAJIGUDA_,2025-07-03,08-03-2025 00:00,40.5,76.41,38.1,23.94,1.25,20.15
HYDERABAD_SOMAJIGUDA_,2025-07-04,08-04-2025 00:00,42.42,76.23,5.97,16.29,0.85,11.08
HYDERABAD_SOMAJIGUDA_,2025-07-05,08-05-2025 00:00,40.0,77.74,11.76,9.02,0.6,27.72
HYDERABAD_SOMAJIGUDA_,2025-07-06,08-06-2025 00:00,64.06,107.59,12.91,8.725,0.69,13.2
HYDERABAD_SOMAJIGUDA_,2025-07-07,08-07-2025 00:00,48.7,75.32,10.89,8.43,0.73,28.47
HYDERABAD_SOMAJIGUDA_,2025-07-08,08-08-2025 00:00,56.18,107.84,20.38,28.44,0.84,21.45
HYDERABAD_SOMAJIGUDA_,2025-07-09,08-09-2025 00:00,54.52,91.13,15.24,13.94,0.39,22.01
HYDERABAD_SOMAJIGUDA_,2025-07-10,08-10-2025 00:00,39.12,89.77,12.5,36.45,0.72,25.73
HYDERABAD_SOMAJIGUDA_,2025-07-11,08-11-2025 00:00,29.73,46.48,13.25,10.28,0.56,23.98
HYDERABAD_SOMAJIGUDA_,2025-07-12,08-12-2025 00:00,34.09,60.72,11.68,14.55,0.65,33.29
HYDERABAD_SOMAJIGUDA_,2025-08-01,09-01-2025 00:00,42.86,76.37,26.11,23.71,0.89,36.02
HYDERABAD_SOMAJIGUDA_,2025-08-02,09-02-2025 00:00,43.9,76.14,23.97,22.84,0.89,25.32
HYDERABAD_SOMAJIGUDA_,2025-08-03,09-03-2025 00:00,57.22,85.81,37.39,15.96,1.36,23.07
HYDERABAD_SOMAJIGUDA_,2025-08-04,09-04-2025 00:00,41.33,80.06,1.86,14.56,0.74,23.85
HYDERABAD_SOMAJIGUDA_,2025-08-05,09-05-2025 00:00,40.67,74.7,11.6,10.44,0.71,28.67
HYDERABAD_SOMAJIGUDA_,2025-08-06,09-06-2025 00:00,58.09,97.71,12.27,9.495000000000001,0.78,12.16
HYDERABAD_SOMAJIGUDA_,2025-08-07,09-07-2025 00:00,51.18,86.08,10.92,8.55,0.75,17.96
HYDERABAD_SOMAJIGUDA_,2025-08-08,09-08-2025 00:00,44.45,90.61,20.38,28.73,0.76,17.44
HYDERABAD_SOMAJIGUDA_,2025-08-09,09-09-2025 00:00,60.64,99.36,23.58,16.4,0.57,22.71
HYDERABAD_SOMAJIGUDA_,2025-08-10,09-10-2025 00:00,50.45,116.65,12.6,36.73,0.35,28.48
HYDERABAD_SOMAJIGUDA_,2025-08-11,09-11-2025 00:00,27.22,48.48,12.23,9.61,0.51,23.04
HYDERABAD_SOMAJIGUDA_,2025-08-12,09-12-2025 00:00,56.77,99.22,13.99,15.13,0.74,26.52
HYDERABAD_SOMAJIGUDA_,2025-09-01,10-01-2025 00:00,39.83,71.93,24.1,22.29,0.81,27.84
HYDERABAD_SOMAJIGUDA_,2025-09-02,10-02-2025 00:00,44.04,76.29,18.36,22.3,0.83,28.69
HYDERABAD_SOMAJIGUDA_,2025-09-03,10-03-2025 00:00,44.48,77.93,18.49,9.51,0.84,25.8
HYDERABAD_SOMAJIGUDA_,2025-09-04,10-04-2025 00:00,42.39,74.37,5.96,16.41,0.84,29.84
HYDERABAD_SOMAJIGUDA_,2025-09-05,10-05-2025 00:00,43.49,75.88,11.17,10.12,0.8,31.53
HYDERABAD_SOMAJIGUDA_,2025-09-06,10-06-2025 00:00,49.98,93.2,12.84,9.524999999999999,0.82,19.89
HYDERABAD_SOMAJIGUDA_,2025-09-07,10-07-2025 00:00,47.89,80.9,12.49,8.93,0.8,17.19
HYDERABAD_SOMAJIGUDA_,2025-09-08,10-08-2025 00:00,34.81,89.48,12.26,27.7,0.83,20.91
HYDERABAD_SOMAJIGUDA_,2025-09-09,10-09-2025 00:00,74.81,102.77,12.03,16.76,0.53,24.63
HYDERABAD_SOMAJIGUDA_,2025-09-10,10-10-2025 00:00,44.84,107.69,13.45,24.9,0.42,27.68
HYDERABAD_SOMAJIGUDA_,2025-09-11,10-11-2025 00:00,29.05,48.29,11.11,10.97,0.48,33.6
HYDERABAD_SOMAJIGUDA_,2025-09-12,10-12-2025 00:00,54.56,114.48,13.93,17.63,0.72,21.86
HYDERABAD_SOMAJIGUDA_,2025-10-01,11-01-2025 00:00,61.33,90.2,16.15,22.11,0.82,45.59
HYDERABAD_SOMAJIGUDA_,2025-10-02,11-02-2025 00:00,43.52,75.25,16.92,22.27,0.82,27.99
HYDERABAD_SOMAJIGUDA_,2025-10-03,11-03-2025 00:00,40.59,75.39,13.4,7.97,0.78,24.44
HYDERABAD_SOMAJIGUDA_,2025-10-04,11-04-2025 00:00,51.48,81.6,5.96,15.85,0.81,22.75
HYDERABAD_SOMAJIGUDA_,2025-10-05,11-05-2025 00:00,45.71,75.32,12.5,9.41,0.83,29.16
HYDERABAD_SOMAJIGUDA_,2025-10-06,11-06-2025 00:00,57.21,99.22,12.02,8.865,0.76,24.53
HYDERABAD_SOMAJIGUDA_,2025-10-07,11-07-2025 00:00,56.92,95.03,13.43,8.32,0.78,17.34
HYDERABAD_SOMAJIGUDA_,2025-10-08,11-08-2025 00:00,61.1,94.905,10.15,12.865,0.87,22.11
HYDERABAD_SOMAJIGUDA_,2025-10-09,11-09-2025 00:00,65.28,94.78,6.87,17.41,0.57,26.88
HYDERABAD_SOMAJIGUDA_,2025-10-10,11-10-2025 00:00,65.29,138.94,13.22,20.01,0.51,20.95
HYDERABAD_SOMAJIGUDA_,2025-10-11,11-11-2025 00:00,35.44,65.79,11.1,11.3,0.57,42.89
HYDERABAD_SOMAJIGUDA_,2025-10-12,11-12-2025 00:00,42.0,82.9,11.32,17.86,0.65,18.07
HYDERABAD_SOMAJIGUDA_,2025-11-01,12-01-2025 00:00,41.98,75.59,14.44,23.0,0.76,44.11
HYDERABAD_SOMAJIGUDA_,2025-11-02,12-02-2025 00:00,47.18,77.15,19.26,22.79,0.86,27.06
HYDERABAD_SOMAJIGUDA_,2025-11-03,12-03-2025 00:00,61.62,93.96,17.02,7.92,0.89,28.27
HYDERABAD_SOMAJIGUDA_,2025-11-04,12-04-2025 00:00,51.66,81.56,17.18,12.02,1.11,22.47
HYDERABAD_SOMAJIGUDA_,2025-11-05,12-05-2025 00:00,48.68,74.51,13.65,9.45,0.78,22.93
HYDERABAD_SOMAJIGUDA_,2025-11-06,12-06-2025 00:00,49.5,103.26,11.98,8.965,0.81,25.95
HYDERABAD_SOMAJIGUDA_,2025-11-07,12-07-2025 00:00,57.45,83.01,15.05,8.48,0.86,16.77
HYDERABAD_SOMAJIGUDA_,2025-11-08,12-08-2025 00:00,65.17,100.7,18.4,29.02,0.78,17.22
HYDERABAD_SOMAJIGUDA_,2025-11-09,12-09-2025 00:00,87.55,110.15,7.45,21.19,0.7,26.25
HYDERABAD_SOMAJIGUDA_,2025-11-10,12-10-2025 00:00,61.96,129.62,13.46,19.41,0.35,17.81
HYDERABAD_SOMAJIGUDA_,2025-11-11,12-11-2025 00:00,29.86,50.27,11.75,10.29,0.53,44.05
HYDERABAD_SOMAJIGUDA_,2025-11-12,12-12-2025 00:00,27.56,46.54,11.3,18.41,0.65,17.84
HYDERABAD_SOMAJIGUDA_,2025-12-01,13-01-2025 00:00,43.65,75.0,13.42,23.84,0.76,43.56
HYDERABAD_SOMAJIGUDA_,2025-12-02,13-02-2025 00:00,48.55,76.54,27.1,22.93,1.01,23.5
HYDERABAD_SOMAJIGUDA_,2025-12-03,13-03-2025 00:00,48.29,81.94,27.01,7.34,1.06,23.88
HYDERABAD_SOMAJIGUDA_,2025-12-04,13-04-2025 00:00,62.41,94.07,44.79,7.92,1.34,20.74
HYDERABAD_SOMAJIGUDA_,2025-12-05,13-05-2025 00:00,59.34,99.03,10.98,8.19,0.49,28.42
HYDERABAD_SOMAJIGUDA_,2025-12-06,13-06-2025 00:00,37.73,103.6,11.75,8.325,0.91,26.11
HYDERABAD_SOMAJIGUDA_,2025-12-07,13-07-2025 00:00,53.1,81.4,12.73,8.46,0.73,17.68
HYDERABAD_SOMAJIGUDA_,2025-12-08,13-08-2025 00:00,49.68,89.17,19.97,26.12,0.73,17.18
HYDERABAD_SOMAJIGUDA_,2025-12-09,13-09-2025 00:00,73.8,95.87,8.26,16.37,0.54,26.9
HYDERABAD_SOMAJIGUDA_,2025-12-10,13-10-2025 00:00,70.02,135.32,14.02,18.94,0.32,26.68
HYDERABAD_SOMAJIGUDA_,2025-12-11,13-11-2025 00:00,29.17,51.2,12.0,11.7,0.57,41.02
HYDERABAD_SOMAJIGUDA_,2025-12-12,13-12-2025 00:00,63.42,101.37,13.62,17.55,0.9,13.49
HYDERABAD_SOMAJIGUDA_,2026-01-01,02-01-2026 00:00,36.86,94.02,11.95,11.89,0.58,23.57
HYDERABAD_SOMAJIGUDA_,2026-01-02,02-02-2026 00:00,44.34,100.13,11.39,12.02,0.47,23.18
HYDERABAD_SOMAJIGUDA_,2026-02-01,03-01-2026 00:00,36.33,93.07,11.03,12.09,0.47,27.07
HYDERABAD_SOMAJIGUDA_,2026-02-02,03-02-2026 00:00,40.69,91.64,11.01,12.03,0.48,20.61
HYDERABAD_SOMAJIGUDA_,2026-03-01,04-01-2026 00:00,37.07,90.44,13.31,11.92,0.49,30.97
HYDERABAD_SOMAJIGUDA_,2026-03-02,04-02-2026 00:00,36.84,90.03,12.96,12.01,0.52,23.77
HYDERABAD_SOMAJIGUDA_,2026-04-01,05-01-2026 00:00,26.86,78.7,14.19,12.29,0.51,43.5
HYDERABAD_SOMAJIGUDA_,2026-04-02,05-02-2026 00:00,36.05,91.44,13.04,12.08,0.43,23.11
HYDERABAD_SOMAJIGUDA_,2026-05-01,06-01-2026 00:00,24.8,72.73,11.65,12.49,0.67,37.5
HYDERABAD_SOMAJIGUDA_,2026-05-02,06-02-2026 00:00,35.77,94.47,10.48,11.84,0.48,22.65
HYDERABAD_SOMAJIGUDA_,2026-06-01,07-01-2026 00:00,20.3,72.53,10.59,12.29,0.53,31.5
HYDERABAD_SOMAJIGUDA_,2026-06-02,07-02-2026 00:00,36.05,95.45,12.14,12.21,0.5,21.05
HYDERABAD_SOMAJIGUDA_,2026-07-01,08-01-2026 00:00,21.97,71.43,10.87,12.34,0.52,22.2
HYDERABAD_SOMAJIGUDA_,2026-07-02,08-02-2026 00:00,39.12,95.78,10.86,15.22,0.67,15.51
HYDERABAD_SOMAJIGUDA_,2026-08-01,09-01-2026 00:00,41.35,97.49,9.76,12.62,0.6,26.22
HYDERABAD_SOMAJIGUDA_,2026-08-02,09-02-2026 00:00,34.43,90.1,12.2,16.7,0.63,19.58
HYDERABAD_SOMAJIGUDA_,2026-09-01,10-01-2026 00:00,36.91,93.0,9.81,12.26,0.47,37.49
HYDERABAD_SOMAJIGUDA_,2026-09-02,10-02-2026 00:00,36.92,95.64,12.01,16.74,0.8,17.47
HYDERABAD_SOMAJIGUDA_,2026-10-01,11-01-2026 00:00,37.61,91.09,9.98,12.27,0.39,36.99
HYDERABAD_SOMAJIGUDA_,2026-10-02,11-02-2026 00:00,34.6,89.81,11.91,16.13,0.32,18.6
HYDERABAD_SOMAJIGUDA_,2026-11-01,12-01-2026 00:00,38.63,93.12,10.5,12.26,0.4,22.53
HYDERABAD_SOMAJIGUDA_,2026-11-02,12-02-2026 00:00,38.96,93.59,11.7,16.16,0.56,19.11
HYDERABAD_SOMAJIGUDA_,2026-12-01,13-01-2026 00:00,38.19,89.49,12.35,12.77,0.42,27.35
HYDERABAD_SOMAJIGUDA_,2026-12-02,13-02-2026 00:00,38.53,97.05,13.62,16.25,0.47,21.87
HYDERABAD_SOMAJIGUDA_,,14-01-2025 00:00,41.57,74.31,16.1,23.1,0.8,31.51
HYDERABAD_SOMAJIGUDA_,,15-01-2025 00:00,42.11,74.18,14.51,23.02,0.79,32.54
HYDERABAD_SOMAJIGUDA_,,16-01-2025 00:00,40.59,73.56,13.13,22.74,0.78,34.1
HYDERABAD_SOMAJIGUDA_,,17-01-2025 00:00,42.46,74.14,14.06,22.72,0.8,35.16
HYDERABAD_SOMAJIGUDA_,,18-01-2025 00:00,41.44,75.56,18.11,22.67,0.89,33.91
HYDERABAD_SOMAJIGUDA_,,19-01-2025 00:00,43.7,75.35,17.16,22.97,0.85,38.05
HYDERABAD_SOMAJIGUDA_,,20-01-2025 00:00,43.97,76.94,21.5,22.85,0.95,36.85
HYDERABAD_SOMAJIGUDA_,,21-01-2025 00:00,39.03,74.0,24.05,22.69,0.93,35.79
HYDERABAD_SOMAJIGUDA_,,22-01-2025 00:00,39.19,76.05,31.59,23.82,1.01,27.21
HYDERABAD_SOMAJIGUDA_,,23-01-2025 00:00,43.19,74.74,22.36,23.43,0.88,35.28
HYDERABAD_SOMAJIGUDA_,,24-01-2025 00:00,44.3,76.48,15.32,23.61,0.73,35.32
HYDERABAD_SOMAJIGUDA_,,25-01-2025 00:00,39.67,74.2,15.93,22.42,0.81,30.67
HYDERABAD_SOMAJIGUDA_,,26-01-2025 00:00,37.96,73.49,20.28,22.45,0.86,27.27
HYDERABAD_SOMAJIGUDA_,,27-01-2025 00:00,38.71,76.2,25.55,23.49,0.92,27.98
HYDERABAD_SOMAJIGUDA_,,28-01-2025 00:00,39.74,74.4,30.58,23.56,1.06,27.25
HYDERABAD_SOMAJIGUDA_,,29-01-2025 00:00,48.2,78.42,23.78,21.82,0.9,32.78
HYDERABAD_SOMAJIGUDA_,,30-01-2025 00:00,39.63,75.17,17.49,23.94,0.75,34.5
HYDERABAD_SOMAJIGUDA_,,31-01-2025 00:00,42.67,74.88,18.5,22.9,0.79,31.17
HYDERABAD_SOMAJIGUDA_,,01-02-2025 00:00,44.15,75.64,21.28,22.8,0.86,30.5
HYDERABAD_SOMAJIGUDA_,,14-02-2025 00:00,43.26,76.73,36.84,23.29,1.19,21.39
HYDERABAD_SOMAJIGUDA_,,15-02-2025 00:00,44.04,77.42,29.02,23.94,0.98,25.51
HYDERABAD_SOMAJIGUDA_,,16-02-2025 00:00,41.78,76.04,38.04,25.42,1.2,21.87
HYDERABAD_SOMAJIGUDA_,,17-02-2025 00:00,41.33,76.5,34.96,25.78,1.18,23.86
HYDERABAD_SOMAJIGUDA_,,18-02-2025 00:00,54.34,91.07,23.08,23.15,0.81,24.79
HYDERABAD_SOMAJIGUDA_,,19-02-2025 00:00,45.0,76.93,24.1,23.64,0.91,24.28
HYDERABAD_SOMAJIGUDA_,,20-02-2025 00:00,42.51,73.84,20.9,22.8,0.82,21.7
HYDERABAD_SOMAJIGUDA_,,21-02-2025 00:00,68.76,88.8,6.26,21.27,0.67,31.79
HYDERABAD_SOMAJIGUDA_,,22-02-2025 00:00,56.94,83.35,5.96,21.9,0.77,25.1
HYDERABAD_SOMAJIGUDA_,,23-02-2025 00:00,41.57,76.21,5.97,23.04,0.93,23.89
HYDERABAD_SOMAJIGUDA_,,24-02-2025 00:00,40.96,74.74,5.96,22.96,0.77,24.61
HYDERABAD_SOMAJIGUDA_,,25-02-2025 00:00,39.59,72.44,11.53,23.19,0.79,27.92
HYDERABAD_SOMAJIGUDA_,,26-02-2025 00:00,44.17,76.22,16.92,23.02,0.75,26.4
HYDERABAD_SOMAJIGUDA_,,27-02-2025 00:00,40.04,74.46,17.02,23.39,0.79,25.93
HYDERABAD_SOMAJIGUDA_,,28-02-2025 00:00,41.43,74.74,16.79,23.85,0.72,30.07
HYDERABAD_SOMAJIGUDA_,,01-03-2025 00:00,41.1,76.72,15.78,22.88,0.75,30.53
HYDERABAD_SOMAJIGUDA_,,14-03-2025 00:00,58.93,85.62,25.12,7.54,0.97,23.52
HYDERABAD_SOMAJIGUDA_,,15-03-2025 00:00,51.51,81.7,22.39,7.77,0.91,24.58
HYDERABAD_SOMAJIGUDA_,,16-03-2025 00:00,47.66,78.85,17.59,7.89,0.75,26.48
HYDERABAD_SOMAJIGUDA_,,17-03-2025 00:00,45.06,75.31,24.43,6.8,0.84,23.86
HYDERABAD_SOMAJIGUDA_,,18-03-2025 00:00,47.44,78.47,19.21,7.88,0.79,23.47
HYDERABAD_SOMAJIGUDA_,,19-03-2025 00:00,46.08,79.1,19.35,7.64,0.78,22.62
HYDERABAD_SOMAJIGUDA_,,20-03-2025 00:00,38.06,73.69,16.95,6.45,0.75,21.27
HYDERABAD_SOMAJIGUDA_,,21-03-2025 00:00,50.79,77.05,7.35,6.12,0.64,19.72
HYDERABAD_SOMAJIGUDA_,,22-03-2025 00:00,39.21,71.66,5.97,6.12,0.78,18.18
HYDERABAD_SOMAJIGUDA_,,23-03-2025 00:00,42.05,76.93,6.0,7.96,0.86,15.66
HYDERABAD_SOMAJIGUDA_,,24-03-2025 00:00,42.985,76.265,5.984999999999999,7.37,0.84,19.84
HYDERABAD_SOMAJIGUDA_,,25-03-2025 00:00,43.92,75.6,5.97,6.78,0.82,24.02
HYDERABAD_SOMAJIGUDA_,,26-03-2025 00:00,46.03,76.46,5.94,6.53,0.84,24.62
HYDERABAD_SOMAJIGUDA_,,27-03-2025 00:00,42.5,75.23,5.94,6.91,0.93,28.32
HYDERABAD_SOMAJIGUDA_,,28-03-2025 00:00,41.98,75.56,5.96,7.83,0.87,28.51
HYDERABAD_SOMAJIGUDA_,,29-03-2025 00:00,53.84,82.07,14.63,5.5,0.99,15.79
HYDERABAD_SOMAJIGUDA_,,30-03-2025 00:00,48.15,78.85,24.66,8.18,0.98,11.62
HYDERABAD_SOMAJIGUDA_,,31-03-2025 00:00,44.53,77.64,19.17,7.49,0.84,11.1
HYDERABAD_SOMAJIGUDA_,,01-04-2025 00:00,41.01,75.63,20.16,8.08,0.8,11.09
HYDERABAD_SOMAJIGUDA_,,14-04-2025 00:00,46.12,78.15,28.0,8.9,0.73,23.09
HYDERABAD_SOMAJIGUDA_,,15-04-2025 00:00,50.16,92.74,24.13,9.67,0.85,26.9
HYDERABAD_SOMAJIGUDA_,,16-04-2025 00:00,50.37,73.12,26.68,7.31,0.79,19.18
HYDERABAD_SOMAJIGUDA_,,17-04-2025 00:00,79.42,109.48,27.03,7.78,0.82,21.86
HYDERABAD_SOMAJIGUDA_,,18-04-2025 00:00,47.83,79.76,23.5,8.05,0.88,20.58
HYDERABAD_SOMAJIGUDA_,,19-04-2025 00:00,55.8,78.56,21.52,7.76,0.7,26.29
HYDERABAD_SOMAJIGUDA_,,20-04-2025 00:00,83.2,114.56,6.03,7.17,0.89,24.13
HYDERABAD_SOMAJIGUDA_,,21-04-2025 00:00,58.64,83.68,9.34,9.75,0.87,26.39
HYDERABAD_SOMAJIGUDA_,,22-04-2025 00:00,55.29,84.28,11.05,9.12,0.85,24.34
HYDERABAD_SOMAJIGUDA_,,23-04-2025 00:00,54.92,83.36,11.47,8.45,0.75,26.55
HYDERABAD_SOMAJIGUDA_,,24-04-2025 00:00,65.81,94.6,10.76,6.77,0.76,21.27
HYDERABAD_SOMAJIGUDA_,,25-04-2025 00:00,54.67,83.17,11.95,9.49,0.79,15.59
HYDERABAD_SOMAJIGUDA_,,26-04-2025 00:00,58.7,84.7,11.87,9.57,0.73,16.6
HYDERABAD_SOMAJIGUDA_,,27-04-2025 00:00,64.84,88.06,11.04,9.93,0.82,17.75
HYDERABAD_SOMAJIGUDA_,,28-04-2025 00:00,54.56,87.69,11.54,8.65,0.57,11.09
HYDERABAD_SOMAJIGUDA_,,29-04-2025 00:00,44.66,76.44,12.34,9.24,0.73,16.33
HYDERABAD_SOMAJIGUDA_,,30-04-2025 00:00,43.28,75.37,12.74,9.88,0.75,13.12
HYDERABAD_SOMAJIGUDA_,,01-05-2025 00:00,55.31,85.05,12.06,8.32,0.71,13.9
HYDERABAD_SOMAJIGUDA_,,14-05-2025 00:00,53.53,82.24,12.3,8.05,0.75,27.18
HYDERABAD_SOMAJIGUDA_,,15-05-2025 00:00,37.19,77.64,12.43,9.44,0.7,29.56
HYDERABAD_SOMAJIGUDA_,,16-05-2025 00:00,38.19,78.44,10.59,9.44,0.97,22.6
HYDERABAD_SOMAJIGUDA_,,17-05-2025 00:00,33.64,77.46,10.77,9.22,0.9,19.26
HYDERABAD_SOMAJIGUDA_,,18-05-2025 00:00,53.01,86.48,11.47,8.72,0.73,29.57
HYDERABAD_SOMAJIGUDA_,,19-05-2025 00:00,58.09,103.77,11.24,8.43,0.84,27.27
HYDERABAD_SOMAJIGUDA_,,20-05-2025 00:00,26.89,97.87,11.26,8.73,0.64,23.44
HYDERABAD_SOMAJIGUDA_,,21-05-2025 00:00,45.14,90.73,11.53,9.64,0.64,21.26
HYDERABAD_SOMAJIGUDA_,,22-05-2025 00:00,50.89,85.36,11.55,8.78,0.71,19.69
HYDERABAD_SOMAJIGUDA_,,23-05-2025 00:00,55.81,90.78,7.79,7.4,0.63,17.34
HYDERABAD_SOMAJIGUDA_,,24-05-2025 00:00,50.09,84.96,10.9,9.09,0.66,13.92
HYDERABAD_SOMAJIGUDA_,,25-05-2025 00:00,50.71,86.78,11.23,8.33,0.62,23.75
HYDERABAD_SOMAJIGUDA_,,26-05-2025 00:00,55.29,102.47,10.84,9.24,0.46,39.8
HYDERABAD_SOMAJIGUDA_,,27-05-2025 00:00,65.37,93.9,10.85,8.36,0.74,33.03
HYDERABAD_SOMAJIGUDA_,,28-05-2025 00:00,54.87,91.46,10.92,8.03,0.74,17.8
HYDERABAD_SOMAJIGUDA_,,29-05-2025 00:00,82.25,100.33,11.64,9.49,0.78,12.17
HYDERABAD_SOMAJIGUDA_,,30-05-2025 00:00,66.92,97.38,12.88,9.09,0.73,11.35
HYDERABAD_SOMAJIGUDA_,,31-05-2025 00:00,62.21,94.56,10.61,9.83,0.77,11.39
HYDERABAD_SOMAJIGUDA_,,01-06-2025 00:00,54.96,101.45,11.37,8.3,0.71,11.45
HYDERABAD_SOMAJIGUDA_,,14-06-2025 00:00,28.73,95.31,12.24,16.555,0.87,24.24
HYDERABAD_SOMAJIGUDA_,,15-06-2025 00:00,23.97,90.37,12.52,24.81,0.55,26.47
HYDERABAD_SOMAJIGUDA_,,16-06-2025 00:00,40.51,85.74,12.32,13.32,0.59,26.58
HYDERABAD_SOMAJIGUDA_,,17-06-2025 00:00,41.46,85.81,11.79,16.8,0.68,24.93
HYDERABAD_SOMAJIGUDA_,,18-06-2025 00:00,47.29,90.38,12.18,18.2,0.71,27.59
HYDERABAD_SOMAJIGUDA_,,19-06-2025 00:00,44.39,87.78,11.82,17.0,0.68,27.6
HYDERABAD_SOMAJIGUDA_,,20-06-2025 00:00,50.17,88.08,11.91,17.7,0.68,28.09
HYDERABAD_SOMAJIGUDA_,,21-06-2025 00:00,47.3,88.9,10.67,15.98,0.59,28.72
HYDERABAD_SOMAJIGUDA_,,22-06-2025 00:00,43.93,86.19,12.1,22.79,0.72,29.76
HYDERABAD_SOMAJIGUDA_,,23-06-2025 00:00,46.86,87.85,12.24,16.03,0.66,26.77
HYDERABAD_SOMAJIGUDA_,,24-06-2025 00:00,51.67,87.76,11.76,18.57,0.67,28.7
HYDERABAD_SOMAJIGUDA_,,25-06-2025 00:00,43.05,85.63,11.66,16.92,0.69,25.47
HYDERABAD_SOMAJIGUDA_,,26-06-2025 00:00,47.16,103.37,14.48,14.6,0.57,32.03
HYDERABAD_SOMAJIGUDA_,,27-06-2025 00:00,57.69,92.41,11.27,21.02,0.66,11.21
HYDERABAD_SOMAJIGUDA_,,28-06-2025 00:00,36.7,88.19,12.92,17.04,0.66,11.15
HYDERABAD_SOMAJIGUDA_,,29-06-2025 00:00,44.98,86.34,12.98,18.41,0.74,11.14
HYDERABAD_SOMAJIGUDA_,,30-06-2025 00:00,45.93,87.81,11.6,11.69,0.52,17.68
HYDERABAD_SOMAJIGUDA_,,01-07-2025 00:00,63.34,99.28,11.33,24.3,0.76,27.75
HYDERABAD_SOMAJIGUDA_,,14-07-2025 00:00,42.42,101.24,9.41,9.06,0.55,16.76
HYDERABAD_SOMAJIGUDA_,,15-07-2025 00:00,43.62,92.41,12.34,8.56,0.68,16.63
HYDERABAD_SOMAJIGUDA_,,16-07-2025 00:00,40.66,82.11,11.62,9.09,0.75,16.53
HYDERABAD_SOMAJIGUDA_,,17-07-2025 00:00,42.75,92.68,12.63,9.29,0.74,16.52
HYDERABAD_SOMAJIGUDA_,,18-07-2025 00:00,38.03,70.69,14.63,7.45,0.81,18.77
HYDERABAD_SOMAJIGUDA_,,19-07-2025 00:00,38.26,78.21,12.34,7.03,0.77,16.67
HYDERABAD_SOMAJIGUDA_,,20-07-2025 00:00,67.58,115.43,10.42,7.86,0.85,17.67
HYDERABAD_SOMAJIGUDA_,,21-07-2025 00:00,70.64,110.19,10.3,19.8,0.78,16.29
HYDERABAD_SOMAJIGUDA_,,22-07-2025 00:00,61.43,97.74,16.72,29.44,0.73,16.06
HYDERABAD_SOMAJIGUDA_,,23-07-2025 00:00,54.34,95.82,17.49,31.01,0.85,19.4
HYDERABAD_SOMAJIGUDA_,,24-07-2025 00:00,48.31,92.48,14.55,29.45,0.75,15.86
HYDERABAD_SOMAJIGUDA_,,25-07-2025 00:00,48.84,93.04,15.62,28.12,0.77,10.74
HYDERABAD_SOMAJIGUDA_,,26-07-2025 00:00,50.58,93.85,15.19,29.53,0.71,14.31
HYDERABAD_SOMAJIGUDA_,,27-07-2025 00:00,48.82,91.02,13.06,30.76,0.67,14.66
HYDERABAD_SOMAJIGUDA_,,28-07-2025 00:00,41.96,88.35,10.85,28.4,0.59,24.59
HYDERABAD_SOMAJIGUDA_,,29-07-2025 00:00,50.87,94.47,14.82,28.95,0.67,32.23
HYDERABAD_SOMAJIGUDA_,,30-07-2025 00:00,38.11,93.15,14.1,29.91,0.7,32.26
HYDERABAD_SOMAJIGUDA_,,31-07-2025 00:00,57.56,109.4,15.5,30.16,0.74,22.54
HYDERABAD_SOMAJIGUDA_,,01-08-2025 00:00,58.65,97.33,16.96,29.73,0.83,18.97
HYDERABAD_SOMAJIGUDA_,,14-08-2025 00:00,52.52,90.2,18.94,28.05,0.49,17.65
HYDERABAD_SOMAJIGUDA_,,15-08-2025 00:00,48.21,112.47,11.8,29.73,0.28,17.01
HYDERABAD_SOMAJIGUDA_,,16-08-2025 00:00,59.31,83.43,16.84,19.18,0.16,29.26
HYDERABAD_SOMAJIGUDA_,,17-08-2025 00:00,57.65,97.25,14.14,13.69,0.39,24.85
HYDERABAD_SOMAJIGUDA_,,18-08-2025 00:00,56.62,94.98,12.74,14.13,0.33,25.74
HYDERABAD_SOMAJIGUDA_,,19-08-2025 00:00,44.99,86.6,12.72,14.38,0.41,24.6
HYDERABAD_SOMAJIGUDA_,,20-08-2025 00:00,41.72,83.19,11.95,13.44,0.37,24.97
HYDERABAD_SOMAJIGUDA_,,21-08-2025 00:00,41.55,85.27,12.69,13.3,0.35,24.29
HYDERABAD_SOMAJIGUDA_,,22-08-2025 00:00,51.43,89.18,15.0,13.49,0.44,24.65
HYDERABAD_SOMAJIGUDA_,,23-08-2025 00:00,55.4,92.19,15.57,15.38,0.47,22.06
HYDERABAD_SOMAJIGUDA_,,24-08-2025 00:00,52.02,88.31,14.76,13.82,0.41,21.22
HYDERABAD_SOMAJIGUDA_,,25-08-2025 00:00,47.12,91.27,10.13,12.88,0.24,20.78
HYDERABAD_SOMAJIGUDA_,,26-08-2025 00:00,43.16,88.46,22.83,16.59,0.46,17.6
HYDERABAD_SOMAJIGUDA_,,27-08-2025 00:00,61.31,94.23,15.29,16.77,0.52,22.99
HYDERABAD_SOMAJIGUDA_,,28-08-2025 00:00,54.67,86.94,11.24,14.62,0.38,25.43
HYDERABAD_SOMAJIGUDA_,,29-08-2025 00:00,57.56,89.35,16.18,15.98,0.52,23.98
HYDERABAD_SOMAJIGUDA_,,30-08-2025 00:00,42.54,107.46,16.12,12.34,0.57,23.92
HYDERABAD_SOMAJIGUDA_,,31-08-2025 00:00,64.27,84.84,23.09,19.9,0.8,21.89
HYDERABAD_SOMAJIGUDA_,,01-09-2025 00:00,50.91,91.66,15.98,15.42,0.46,22.14
HYDERABAD_SOMAJIGUDA_,,14-09-2025 00:00,70.75,99.05,8.27,15.34,0.56,25.32
HYDERABAD_SOMAJIGUDA_,,15-09-2025 00:00,55.82,93.53,8.21,15.26,0.38,27.44
HYDERABAD_SOMAJIGUDA_,,16-09-2025 00:00,56.71,93.49,9.18,15.18,0.42,24.65
HYDERABAD_SOMAJIGUDA_,,17-09-2025 00:00,50.48,98.32,10.01,14.45,0.48,26.81
HYDERABAD_SOMAJIGUDA_,,18-09-2025 00:00,40.77,97.13,9.44,16.35,0.57,35.91
HYDERABAD_SOMAJIGUDA_,,19-09-2025 00:00,36.34,88.92,8.95,14.48,0.5,32.88
HYDERABAD_SOMAJIGUDA_,,20-09-2025 00:00,40.21,84.6,9.48,15.81,0.55,30.35
HYDERABAD_SOMAJIGUDA_,,21-09-2025 00:00,42.49,102.47,11.94,16.48,0.62,29.7
HYDERABAD_SOMAJIGUDA_,,22-09-2025 00:00,32.78,82.58,13.52,12.83,0.34,27.78
HYDERABAD_SOMAJIGUDA_,,23-09-2025 00:00,53.09,103.62,13.42,13.49,0.52,38.48
HYDERABAD_SOMAJIGUDA_,,24-09-2025 00:00,12.81,66.46,13.6,9.08,0.16,26.36
HYDERABAD_SOMAJIGUDA_,,25-09-2025 00:00,46.09,108.49,11.96,18.89,0.62,35.99
HYDERABAD_SOMAJIGUDA_,,26-09-2025 00:00,34.69,91.55,10.81,16.93,0.46,32.89
HYDERABAD_SOMAJIGUDA_,,27-09-2025 00:00,31.77,105.84,13.33,28.97,0.27,37.06
HYDERABAD_SOMAJIGUDA_,,28-09-2025 00:00,35.62,78.78,12.6,31.25,0.36,27.75
HYDERABAD_SOMAJIGUDA_,,29-09-2025 00:00,30.07,70.97,11.06,30.55,0.46,26.77
HYDERABAD_SOMAJIGUDA_,,30-09-2025 00:00,34.71,85.35,12.11,32.52,0.54,24.6
HYDERABAD_SOMAJIGUDA_,,01-10-2025 00:00,37.6,74.31,12.81,32.58,0.4,23.59
HYDERABAD_SOMAJIGUDA_,,14-10-2025 00:00,82.92,121.48,11.28,20.85,0.42,16.62
HYDERABAD_SOMAJIGUDA_,,15-10-2025 00:00,47.88,81.55,11.59,17.13,0.3,17.5
HYDERABAD_SOMAJIGUDA_,,16-10-2025 00:00,45.32,87.29,10.72,10.2,0.39,18.0
HYDERABAD_SOMAJIGUDA_,,17-10-2025 00:00,35.59,85.94,12.51,7.4,0.34,23.29
HYDERABAD_SOMAJIGUDA_,,18-10-2025 00:00,54.34,145.41,12.64,8.22,0.34,29.16
HYDERABAD_SOMAJIGUDA_,,19-10-2025 00:00,69.27,142.93,14.07,7.41,0.38,33.97
HYDERABAD_SOMAJIGUDA_,,20-10-2025 00:00,53.11,113.51,15.04,7.96,0.33,30.58
HYDERABAD_SOMAJIGUDA_,,21-10-2025 00:00,80.26,99.99,15.03,15.98,0.84,18.6
HYDERABAD_SOMAJIGUDA_,,22-10-2025 00:00,36.71,88.62,10.8,8.74,0.45,9.39
HYDERABAD_SOMAJIGUDA_,,23-10-2025 00:00,25.82,57.35,10.77,7.66,0.35,14.06
HYDERABAD_SOMAJIGUDA_,,24-10-2025 00:00,17.99,51.64,12.17,9.78,0.39,12.64
HYDERABAD_SOMAJIGUDA_,,25-10-2025 00:00,21.18,52.26,11.99,10.96,0.36,10.58
HYDERABAD_SOMAJIGUDA_,,26-10-2025 00:00,35.22,74.11,9.88,12.31,0.58,9.09
HYDERABAD_SOMAJIGUDA_,,27-10-2025 00:00,45.13,85.6,9.92,11.92,0.34,13.36
HYDERABAD_SOMAJIGUDA_,,28-10-2025 00:00,44.24,85.64,11.29,10.63,0.32,16.61
HYDERABAD_SOMAJIGUDA_,,29-10-2025 00:00,48.57,94.44,14.89,11.72,0.65,6.48
HYDERABAD_SOMAJIGUDA_,,30-10-2025 00:00,44.88,92.32,13.96,12.18,0.5,6.66
HYDERABAD_SOMAJIGUDA_,,31-10-2025 00:00,43.47,85.82,9.54,10.51,0.62,10.79
HYDERABAD_SOMAJIGUDA_,,01-11-2025 00:00,41.99,85.55,9.56,11.74,0.4,11.45
HYDERABAD_SOMAJIGUDA_,,14-11-2025 00:00,36.59,79.08,13.43,11.61,0.59,36.85
HYDERABAD_SOMAJIGUDA_,,15-11-2025 00:00,64.78,148.06,12.21,10.87,0.55,48.06
HYDERABAD_SOMAJIGUDA_,,16-11-2025 00:00,76.97,181.55,11.21,11.05,0.61,44.16
HYDERABAD_SOMAJIGUDA_,,17-11-2025 00:00,73.1,162.92,12.18,10.28,0.6,44.07
HYDERABAD_SOMAJIGUDA_,,18-11-2025 00:00,72.45,173.11,11.61,10.6,0.62,42.49
HYDERABAD_SOMAJIGUDA_,,19-11-2025 00:00,72.95,153.69,13.69,10.5,0.66,51.12
HYDERABAD_SOMAJIGUDA_,,20-11-2025 00:00,77.39,124.25,13.45,14.72,0.62,46.9
HYDERABAD_SOMAJIGUDA_,,21-11-2025 00:00,72.58,109.97,12.39,15.41,0.68,29.38
HYDERABAD_SOMAJIGUDA_,,22-11-2025 00:00,46.31,89.45,11.42,14.33,0.7,16.61
HYDERABAD_SOMAJIGUDA_,,23-11-2025 00:00,42.28,80.28,10.18,14.47,0.56,15.2
HYDERABAD_SOMAJIGUDA_,,24-11-2025 00:00,42.81,80.1,10.51,13.8,0.51,15.93
HYDERABAD_SOMAJIGUDA_,,25-11-2025 00:00,38.22,69.81,10.77,15.06,0.56,20.34
HYDERABAD_SOMAJIGUDA_,,26-11-2025 00:00,56.44,115.87,10.84,13.37,0.55,22.81
HYDERABAD_SOMAJIGUDA_,,27-11-2025 00:00,73.33,123.05,12.88,15.43,0.58,29.57
HYDERABAD_SOMAJIGUDA_,,28-11-2025 00:00,89.28,109.01,9.79,13.53,0.59,31.58
HYDERABAD_SOMAJIGUDA_,,29-11-2025 00:00,71.75,126.85,11.94,14.39,0.73,33.05
HYDERABAD_SOMAJIGUDA_,,30-11-2025 00:00,19.94,88.42,14.35,13.79,0.64,39.78
HYDERABAD_SOMAJIGUDA_,,01-12-2025 00:00,10.89,68.94,14.36,13.6,0.58,30.44
HYDERABAD_SOMAJIGUDA_,,14-12-2025 00:00,101.32,139.65,13.52,17.36,1.05,15.13
HYDERABAD_SOMAJIGUDA_,,15-12-2025 00:00,85.63,108.31,12.32,14.62,0.7,19.12
HYDERABAD_SOMAJIGUDA_,,16-12-2025 00:00,96.6,154.85,10.26,15.21,0.71,20.34
HYDERABAD_SOMAJIGUDA_,,17-12-2025 00:00,71.93,163.01,12.46,14.2,0.65,19.35
HYDERABAD_SOMAJIGUDA_,,18-12-2025 00:00,64.94,143.7,11.46,14.32,0.91,17.25
HYDERABAD_SOMAJIGUDA_,,19-12-2025 00:00,42.08,93.95,11.23,14.29,0.92,9.19
HYDERABAD_SOMAJIGUDA_,,20-12-2025 00:00,72.38,161.2,13.01,16.93,0.77,10.36
HYDERABAD_SOMAJIGUDA_,,21-12-2025 00:00,57.02,70.96,9.02,12.81,0.66,18.9
HYDERABAD_SOMAJIGUDA_,,22-12-2025 00:00,72.66,102.6,8.91,12.52,0.86,21.07
HYDERABAD_SOMAJIGUDA_,,23-12-2025 00:00,51.92,110.38,11.18,12.31,0.97,20.47
HYDERABAD_SOMAJIGUDA_,,24-12-2025 00:00,75.96,116.44,13.15,12.43,0.95,19.6
HYDERABAD_SOMAJIGUDA_,,25-12-2025 00:00,38.23,94.59,12.76,12.46,0.6,27.95
HYDERABAD_SOMAJIGUDA_,,26-12-2025 00:00,37.99,96.67,11.95,12.28,0.69,27.8
HYDERABAD_SOMAJIGUDA_,,27-12-2025 00:00,36.86,89.28,10.18,12.33,0.59,20.33
HYDERABAD_SOMAJIGUDA_,,28-12-2025 00:00,38.71,94.18,12.08,12.87,0.69,21.16
HYDERABAD_SOMAJIGUDA_,,29-12-2025 00:00,39.56,95.25,12.32,12.15,0.56,21.76
HYDERABAD_SOMAJIGUDA_,,30-12-2025 00:00,39.5,93.55,12.5,12.34,0.71,22.52
HYDERABAD_SOMAJIGUDA_,,31-12-2025 00:00,39.82,95.05,13.06,12.35,0.96,22.51
HYDERABAD_SOMAJIGUDA_,,01-01-2026 00:00,38.97,96.85,12.64,12.09,0.66,22.2
HYDERABAD_SOMAJIGUDA_,,14-01-2026 00:00,36.07,85.51,10.99,12.37,0.51,37.48
HYDERABAD_SOMAJIGUDA_,,15-01-2026 00:00,31.91,85.12,10.42,12.0,0.51,31.12
HYDERABAD_SOMAJIGUDA_,,16-01-2026 00:00,26.79,78.99,11.67,12.25,0.39,18.99
HYDERABAD_SOMAJIGUDA_,,17-01-2026 00:00,26.74,78.89,11.71,12.08,0.45,18.93
HYDERABAD_SOMAJIGUDA_,,18-01-2026 00:00,30.81,83.14,12.38,12.37,0.71,22.85
HYDERABAD_SOMAJIGUDA_,,19-01-2026 00:00,38.38,92.01,13.83,12.22,0.59,27.24
HYDERABAD_SOMAJIGUDA_,,20-01-2026 00:00,43.99,97.19,13.48,12.26,0.4,19.33
HYDERABAD_SOMAJIGUDA_,,21-01-2026 00:00,43.76,99.19,13.5,12.35,0.45,23.95
HYDERABAD_SOMAJIGUDA_,,22-01-2026 00:00,35.27,96.11,12.23,12.12,0.44,30.0
HYDERABAD_SOMAJIGUDA_,,23-01-2026 00:00,32.5,85.47,10.9,12.28,0.38,21.45
HYDERABAD_SOMAJIGUDA_,,24-01-2026 00:00,37.79,89.37,11.5,11.99,0.45,22.56
HYDERABAD_SOMAJIGUDA_,,25-01-2026 00:00,36.31,87.33,11.06,12.09,0.41,23.77
HYDERABAD_SOMAJIGUDA_,,26-01-2026 00:00,36.49,88.09,11.24,12.07,0.46,24.03
HYDERABAD_SOMAJIGUDA_,,27-01-2026 00:00,42.29,94.07,13.24,12.049999999999999,0.42,26.75
HYDERABAD_SOMAJIGUDA_,,28-01-2026 00:00,39.94,93.89,10.37,12.03,0.4,25.5
HYDERABAD_SOMAJIGUDA_,,29-01-2026 00:00,34.93,89.13,11.31,12.06,0.45,24.89
HYDERABAD_SOMAJIGUDA_,,30-01-2026 00:00,39.42,90.47,14.39,11.95,0.44,21.51
HYDERABAD_SOMAJIGUDA_,,31-01-2026 00:00,38.66,94.51,13.59,11.93,0.43,22.55
HYDERABAD_SOMAJIGUDA_,,01-02-2026 00:00,43.84,103.1,11.23,11.92,0.43,24.67
HYDERABAD_SOMAJIGUDA_,,14-02-2026 00:00,35.1,90.08,12.66,16.34,0.5,19.5
HYDERABAD_SOMAJIGUDA_,,15-02-2026 00:00,39.39,95.96,10.1,16.17,0.72,19.33
HYDERABAD_SOMAJIGUDA_,,16-02-2026 00:00,40.76,97.53,11.34,16.45,0.85,15.46
HYDERABAD_SOMAJIGUDA_,,17-02-2026 00:00,40.86,96.0,13.02,16.3,0.67,16.07
HYDERABAD_SOMAJIGUDA_,,17-02-2026 00:00,38.49,93.91,13.37,15.83,0.68,14.51
KOLKATA,2025-01-01,02-01-2025 00:00,49.79,104.88,27.98,8.57,0.79,28.41
KOLKATA,2025-01-02,02-02-2025 00:00,43.79,113.03,24.25,8.72,0.75,17.07
KOLKATA,2025-01-03,02-03-2025 00:00,53.44,106.69,21.71,9.17,0.58,38.03
KOLKATA,2025-01-04,02-04-2025 00:00,33.81,63.82,16.48,9.02,0.54,41.62
KOLKATA,2025-01-05,02-05-2025 00:00,24.43,43.34,22.85,8.62,0.54,22.25
KOLKATA,2025-01-06,02-06-2025 00:00,25.73,46.19,21.28,7.6,0.55,42.32
KOLKATA,2025-01-07,02-07-2025 00:00,23.51,41.34,32.91,8.54,0.49,34.78
KOLKATA,2025-01-08,02-08-2025 00:00,22.72,47.23,71.2,7.77,0.55,12.39
KOLKATA,2025-01-09,02-09-2025 00:00,23.13,55.35,68.81,6.04,0.56,51.21
KOLKATA,2025-01-10,02-10-2025 00:00,15.01,26.35,27.52,11.55,0.5,39.71
KOLKATA,2025-01-11,02-11-2025 00:00,15.87,31.67,42.92,6.31,0.53,42.28
KOLKATA,2025-01-12,02-12-2025 00:00,67.84,166.1,65.17,7.47,1.49,45.06
KOLKATA,2025-02-01,03-01-2025 00:00,53.77,126.89,23.99,8.24,0.75,31.14
KOLKATA,2025-02-02,03-02-2025 00:00,60.22,141.49,24.55,9.24,0.81,19.68
KOLKATA,2025-02-03,03-03-2025 00:00,52.15,103.86,20.94,8.73,0.66,48.86
KOLKATA,2025-02-04,03-04-2025 00:00,26.89,48.72,17.34,8.45,0.52,35.65
KOLKATA,2025-02-05,03-05-2025 00:00,23.91,42.2,27.05,8.25,0.68,19.47
KOLKATA,2025-02-06,03-06-2025 00:00,37.86,72.67,23.33,9.48,0.57,40.02
KOLKATA,2025-02-07,03-07-2025 00:00,20.4,34.53,32.79,8.38,0.48,31.49
KOLKATA,2025-02-08,03-08-2025 00:00,31.35,64.67,74.55,8.65,0.57,13.02
KOLKATA,2025-02-09,03-09-2025 00:00,9.31,26.06,53.52,5.71,0.44,29.15
KOLKATA,2025-02-10,03-10-2025 00:00,3.31,13.32,20.2,12.45,0.41,38.66
KOLKATA,2025-02-11,03-11-2025 00:00,8.79,28.87,28.45,5.78,0.5,19.67
KOLKATA,2025-02-12,03-12-2025 00:00,84.21,177.42,53.33,8.96,1.44,57.4
KOLKATA,2025-03-01,04-01-2025 00:00,61.71,163.68,30.67,9.06,0.89,34.6
KOLKATA,2025-03-02,04-02-2025 00:00,69.68,145.72,25.82,10.12,0.95,39.33
KOLKATA,2025-03-03,04-03-2025 00:00,55.4,110.96,22.6,8.94,0.66,36.9
KOLKATA,2025-03-04,04-04-2025 00:00,33.02,62.1,20.39,7.93,0.55,37.16
KOLKATA,2025-03-05,04-05-2025 00:00,28.01,51.16,25.27,7.72,0.67,20.61
KOLKATA,2025-03-06,04-06-2025 00:00,33.59,63.34,21.8,8.46,0.52,28.47
KOLKATA,2025-03-07,04-07-2025 00:00,23.66,41.66,33.45,7.85,0.51,36.36
KOLKATA,2025-03-08,04-08-2025 00:00,22.85,56.78,57.89,8.59,0.48,25.88
KOLKATA,2025-03-09,04-09-2025 00:00,4.69,18.47,49.08,6.25,0.44,22.95
KOLKATA,2025-03-10,04-10-2025 00:00,6.75,20.26,20.7,12.67,0.42,29.07
KOLKATA,2025-03-11,04-11-2025 00:00,35.57,75.87,32.47,6.09,0.62,37.86
KOLKATA,2025-03-12,04-12-2025 00:00,92.45,175.45,63.35,6.74,1.45,53.33
KOLKATA,2025-04-01,05-01-2025 00:00,57.61,179.89,26.64,9.21,0.87,34.14
KOLKATA,2025-04-02,05-02-2025 00:00,61.4,147.38,29.33,9.69,0.82,54.91
KOLKATA,2025-04-03,05-03-2025 00:00,53.47,106.76,23.85,8.39,0.64,40.35
KOLKATA,2025-04-04,05-04-2025 00:00,45.53,89.4,24.73,8.75,0.67,40.04
KOLKATA,2025-04-05,05-05-2025 00:00,26.85,48.63,23.22,8.28,0.65,23.1
KOLKATA,2025-04-06,05-06-2025 00:00,19.22,31.97,20.57,8.25,0.51,33.61
KOLKATA,2025-04-07,05-07-2025 00:00,30.85,57.35,39.04,8.03,0.58,41.62
KOLKATA,2025-04-08,05-08-2025 00:00,21.25,52.88,62.58,7.42,0.5,19.29
KOLKATA,2025-04-09,05-09-2025 00:00,8.19,23.01,48.0,6.3,0.45,19.32
KOLKATA,2025-04-10,05-10-2025 00:00,13.35,28.44,21.11,12.79,0.42,30.18
KOLKATA,2025-04-11,05-11-2025 00:00,91.11,147.41,35.11,6.74,0.77,43.33
KOLKATA,2025-04-12,05-12-2025 00:00,84.65,198.96,62.07,7.53,1.47,52.13
KOLKATA,2025-05-01,06-01-2025 00:00,51.57,160.64,25.09,8.23,0.98,28.39
KOLKATA,2025-05-02,06-02-2025 00:00,64.08,180.52,35.5,9.33,0.91,37.21
KOLKATA,2025-05-03,06-03-2025 00:00,68.43,139.42,24.74,8.52,0.68,43.72
KOLKATA,2025-05-04,06-04-2025 00:00,39.97,77.26,20.53,8.72,0.59,45.9
KOLKATA,2025-05-05,06-05-2025 00:00,25.79,46.31,23.37,8.28,0.68,24.76
KOLKATA,2025-05-06,06-06-2025 00:00,22.64,39.43,21.83,7.92,0.58,32.9
KOLKATA,2025-05-07,06-07-2025 00:00,29.99,55.48,37.18,8.48,0.53,23.43
KOLKATA,2025-05-08,06-08-2025 00:00,24.54,59.09,71.41,7.29,0.55,53.54
KOLKATA,2025-05-09,06-09-2025 00:00,12.75,37.32,50.67,6.36,0.43,39.31
KOLKATA,2025-05-10,06-10-2025 00:00,9.61,24.48,26.85,13.46,0.48,29.87
KOLKATA,2025-05-11,06-11-2025 00:00,75.94,158.73,53.14,7.15,0.9,41.67
KOLKATA,2025-05-12,06-12-2025 00:00,71.24,142.75,57.75,7.73,1.11,43.04
KOLKATA,2025-06-01,07-01-2025 00:00,89.94,207.9,41.59,11.84,1.23,25.24
KOLKATA,2025-06-02,07-02-2025 00:00,69.85,146.98,29.31,9.55,0.78,33.92
KOLKATA,2025-06-03,07-03-2025 00:00,63.02,127.59,22.32,9.01,0.65,42.59
KOLKATA,2025-06-04,07-04-2025 00:00,30.25,56.04,16.26,8.89,0.51,44.51
KOLKATA,2025-06-05,07-05-2025 00:00,28.41,52.03,23.28,8.43,0.67,23.66
KOLKATA,2025-06-06,07-06-2025 00:00,29.65,54.74,22.92,8.58,0.56,34.63
KOLKATA,2025-06-07,07-07-2025 00:00,22.4,38.9,33.71,7.36,0.52,23.0
KOLKATA,2025-06-08,07-08-2025 00:00,27.27,56.56,77.15,8.33,0.56,30.97
KOLKATA,2025-06-09,07-09-2025 00:00,20.38,50.44,53.13,6.46,0.45,39.3
KOLKATA,2025-06-10,07-10-2025 00:00,17.52,37.56,32.34,12.16,0.58,27.49
KOLKATA,2025-06-11,07-11-2025 00:00,64.18,131.35,54.98,6.47,0.81,32.18
KOLKATA,2025-06-12,07-12-2025 00:00,78.88,141.41,60.41,7.57,1.25,42.46
KOLKATA,2025-07-01,08-01-2025 00:00,125.39,194.93,37.35,9.64,1.1,29.78
KOLKATA,2025-07-02,08-02-2025 00:00,56.31,138.62,29.76,8.82,0.68,54.7
KOLKATA,2025-07-03,08-03-2025 00:00,73.85,151.23,30.35,9.38,0.75,40.44
KOLKATA,2025-07-04,08-04-2025 00:00,21.37,36.67,14.92,8.34,0.49,35.89
KOLKATA,2025-07-05,08-05-2025 00:00,34.25,64.79,26.59,9.69,0.71,26.55
KOLKATA,2025-07-06,08-06-2025 00:00,30.14,55.8,22.0,8.55,0.58,36.68
KOLKATA,2025-07-07,08-07-2025 00:00,21.17,36.23,33.48,7.94,0.53,24.97
KOLKATA,2025-07-08,08-08-2025 00:00,35.66,70.5,76.83,8.41,0.59,30.93
KOLKATA,2025-07-09,08-09-2025 00:00,27.6,50.29,50.43,6.03,0.48,13.52
KOLKATA,2025-07-10,08-10-2025 00:00,29.37,100.27,35.59,8.17,0.56,31.01
KOLKATA,2025-07-11,08-11-2025 00:00,58.36,116.34,41.77,7.67,0.72,46.78
KOLKATA,2025-07-12,08-12-2025 00:00,91.29,159.35,70.11,7.73,1.31,36.09
KOLKATA,2025-08-01,09-01-2025 00:00,53.58,106.98,22.18,9.02,0.76,39.46
KOLKATA,2025-08-02,09-02-2025 00:00,53.15,148.78,30.3,10.1,0.78,52.86
KOLKATA,2025-08-03,09-03-2025 00:00,63.02,127.58,23.15,8.58,0.66,47.12
KOLKATA,2025-08-04,09-04-2025 00:00,18.94,31.36,17.44,7.53,0.49,41.52
KOLKATA,2025-08-05,09-05-2025 00:00,37.15,71.11,26.67,8.54,0.7,24.99
KOLKATA,2025-08-06,09-06-2025 00:00,31.48,58.74,20.8,8.51,0.53,34.69
KOLKATA,2025-08-07,09-07-2025 00:00,19.99,33.64,38.62,7.36,0.57,24.04
KOLKATA,2025-08-08,09-08-2025 00:00,24.13,53.1,70.92,7.89,0.54,25.5
KOLKATA,2025-08-09,09-09-2025 00:00,22.44,56.16,42.05,9.45,0.47,23.9
KOLKATA,2025-08-10,09-10-2025 00:00,33.34,144.98,42.13,6.39,0.64,28.92
KOLKATA,2025-08-11,09-11-2025 00:00,34.46,79.77,18.53,6.9,0.59,67.54
KOLKATA,2025-08-12,09-12-2025 00:00,105.99,198.56,81.91,8.63,1.46,25.95
KOLKATA,2025-09-01,10-01-2025 00:00,62.29,120.18,23.27,9.45,0.78,42.53
KOLKATA,2025-09-02,10-02-2025 00:00,54.99,157.06,33.26,10.31,0.82,57.11
KOLKATA,2025-09-03,10-03-2025 00:00,44.52,87.21,18.44,9.14,0.62,44.37
KOLKATA,2025-09-04,10-04-2025 00:00,22.33,38.75,20.55,9.08,0.47,22.56
KOLKATA,2025-09-05,10-05-2025 00:00,34.55,65.44,25.73,9.21,0.66,22.48
KOLKATA,2025-09-06,10-06-2025 00:00,32.79,61.58,20.3,7.84,0.52,33.1
KOLKATA,2025-09-07,10-07-2025 00:00,23.63,42.01,45.14,8.07,0.56,29.37
KOLKATA,2025-09-08,10-08-2025 00:00,14.47,40.34,61.25,8.19,0.48,36.82
KOLKATA,2025-09-09,10-09-2025 00:00,19.93,61.53,31.53,12.96,0.47,35.07
KOLKATA,2025-09-10,10-10-2025 00:00,39.76,188.76,43.0,5.4,0.69,25.14
KOLKATA,2025-09-11,10-11-2025 00:00,40.5,95.64,18.55,6.74,0.68,57.04
KOLKATA,2025-09-12,10-12-2025 00:00,99.55,206.17,70.94,7.98,1.58,31.68
KOLKATA,2025-10-01,11-01-2025 00:00,87.63,151.1,29.06,9.08,0.8,45.41
KOLKATA,2025-10-02,11-02-2025 00:00,65.29,179.59,31.71,9.22,0.86,41.59
KOLKATA,2025-10-03,11-03-2025 00:00,50.25,99.72,23.0,8.65,0.62,41.43
KOLKATA,2025-10-04,11-04-2025 00:00,23.05,40.34,18.5,8.7,0.49,23.42
KOLKATA,2025-10-05,11-05-2025 00:00,42.92,83.71,27.27,8.4,0.71,25.21
KOLKATA,2025-10-06,11-06-2025 00:00,29.99,55.47,20.03,7.71,0.54,29.85
KOLKATA,2025-10-07,11-07-2025 00:00,20.79,35.39,49.0,8.53,0.5,31.0
KOLKATA,2025-10-08,11-08-2025 00:00,13.72,38.36,58.8,7.65,0.46,72.85
KOLKATA,2025-10-09,11-09-2025 00:00,19.5,52.42,31.8,12.52,0.47,39.68
KOLKATA,2025-10-10,11-10-2025 00:00,37.56,154.22,34.57,5.77,0.55,17.8
KOLKATA,2025-10-11,11-11-2025 00:00,53.68,118.38,35.67,6.68,0.73,55.26
KOLKATA,2025-10-12,11-12-2025 00:00,92.13,203.0,66.06,7.63,1.53,33.36
KOLKATA,2025-11-01,12-01-2025 00:00,83.62,261.71,53.72,9.03,1.6,7.19
KOLKATA,2025-11-02,12-02-2025 00:00,17.26,125.76,26.28,9.37,0.67,43.85
KOLKATA,2025-11-03,12-03-2025 00:00,53.42,106.51,26.81,10.75,0.63,40.24
KOLKATA,2025-11-04,12-04-2025 00:00,18.99,31.47,18.02,8.35,0.53,31.72
KOLKATA,2025-11-05,12-05-2025 00:00,40.66,78.77,25.42,7.82,0.69,26.87
KOLKATA,2025-11-06,12-06-2025 00:00,21.91,37.92,19.74,8.08,0.5,29.69
KOLKATA,2025-11-07,12-07-2025 00:00,20.91,35.65,34.98,8.37,0.5,25.64
KOLKATA,2025-11-08,12-08-2025 00:00,15.32,42.48,64.62,7.92,0.5,19.62
KOLKATA,2025-11-09,12-09-2025 00:00,18.67,43.33,29.0,12.04,0.46,32.0
KOLKATA,2025-11-10,12-10-2025 00:00,30.66,157.89,35.05,5.8,0.56,30.13
KOLKATA,2025-11-11,12-11-2025 00:00,60.62,129.27,62.86,6.67,0.75,55.77
KOLKATA,2025-11-12,12-12-2025 00:00,98.86,217.54,79.25,8.92,1.75,30.3
KOLKATA,2025-12-01,13-01-2025 00:00,78.26,184.06,36.2,9.63,1.08,41.67
KOLKATA,2025-12-02,13-02-2025 00:00,64.785,89.11,21.57,9.12,0.61,43.36
KOLKATA,2025-12-03,13-03-2025 00:00,51.31,102.05,24.37,6.17,0.68,49.01
KOLKATA,2025-12-04,13-04-2025 00:00,20.18,34.06,17.95,8.8,0.51,19.93
KOLKATA,2025-12-05,13-05-2025 00:00,36.41,69.5,24.66,8.05,0.59,30.64
KOLKATA,2025-12-06,13-06-2025 00:00,14.35,21.33,19.69,8.41,0.5,29.4
KOLKATA,2025-12-07,13-07-2025 00:00,19.06,31.63,55.0,8.86,0.5,28.8
KOLKATA,2025-12-08,13-08-2025 00:00,22.96,48.61,67.2,6.53,0.49,15.16
KOLKATA,2025-12-09,13-09-2025 00:00,11.77,27.92,26.98,13.33,0.49,28.17
KOLKATA,2025-12-10,13-10-2025 00:00,34.8,197.6,36.74,5.54,0.56,22.54
KOLKATA,2025-12-11,13-11-2025 00:00,77.96,156.97,60.85,7.24,0.75,62.45
KOLKATA,2025-12-12,13-12-2025 00:00,112.82,223.93,85.48,8.79,1.68,27.42
KOLKATA,2026-01-01,02-01-2026 00:00,123.11,222.06,88.91,8.53,1.54,37.09
KOLKATA,2026-01-02,02-02-2026 00:00,77.51,124.81,69.76,5.44,1.17,27.76
KOLKATA,2026-02-01,03-01-2026 00:00,96.73,205.17,101.05,8.64,1.59,45.39
KOLKATA,2026-02-02,03-02-2026 00:00,90.97,146.23,88.26,5.27,1.52,22.31
KOLKATA,2026-03-01,04-01-2026 00:00,135.24,205.81,96.56,7.89,1.37,47.81
KOLKATA,2026-03-02,04-02-2026 00:00,104.38,165.34,84.29,8.61,1.42,26.09
KOLKATA,2026-04-01,05-01-2026 00:00,148.77,193.47,65.5,7.22,1.26,34.05
KOLKATA,2026-04-02,05-02-2026 00:00,105.43,177.36,101.55,7.05,1.82,22.11
KOLKATA,2026-05-01,06-01-2026 00:00,103.65,155.82,49.04,9.03,0.92,31.16
KOLKATA,2026-05-02,06-02-2026 00:00,94.89,168.07,96.18,7.55,1.44,21.0
KOLKATA,2026-06-01,07-01-2026 00:00,119.32,183.47,62.27,8.98,1.0,20.29
KOLKATA,2026-06-02,07-02-2026 00:00,90.53,154.25,83.49,6.98,1.51,23.06
KOLKATA,2026-07-01,08-01-2026 00:00,120.47,237.96,102.4,10.01,1.02,22.6
KOLKATA,2026-07-02,08-02-2026 00:00,76.34,144.91,85.97,6.58,1.11,22.53
KOLKATA,2026-08-01,09-01-2026 00:00,124.09,182.87,91.11,8.44,0.72,19.09
KOLKATA,2026-08-02,09-02-2026 00:00,81.96,167.74,95.42,6.57,1.22,22.99
KOLKATA,2026-09-01,10-01-2026 00:00,131.44,165.37,77.08,8.12,0.98,23.82
KOLKATA,2026-09-02,10-02-2026 00:00,76.99,176.57,87.7,6.62,1.36,23.53
KOLKATA,2026-10-01,11-01-2026 00:00,94.05,145.7,72.03,5.91,1.44,28.78
KOLKATA,2026-10-02,11-02-2026 00:00,119.99,209.57,122.4,8.01,1.72,20.69
KOLKATA,2026-11-01,12-01-2026 00:00,79.78,164.96,83.64,6.09,1.55,29.98
KOLKATA,2026-11-02,12-02-2026 00:00,138.52,194.95,106.65,6.8,1.57,23.26
KOLKATA,2026-12-01,13-01-2026 00:00,86.29,146.98,88.95,6.12,1.38,28.37
KOLKATA,2026-12-02,13-02-2026 00:00,105.9,185.9,92.25,6.77,1.35,26.37
KOLKATA,,14-01-2025 00:00,125.79,217.37,41.89,9.39,1.13,37.52
KOLKATA,,15-01-2025 00:00,116.96,212.8,38.9,11.22,1.08,40.09
KOLKATA,,16-01-2025 00:00,72.49,137.31,27.02,9.6,0.72,68.11
KOLKATA,,17-01-2025 00:00,60.35,138.28,27.6,9.7,0.78,57.86
KOLKATA,,18-01-2025 00:00,63.32,158.18,32.29,9.61,0.85,57.4
KOLKATA,,19-01-2025 00:00,66.94,162.58,33.0,10.04,0.9,59.77
KOLKATA,,20-01-2025 00:00,71.22,148.81,34.04,10.47,0.88,65.72
KOLKATA,,21-01-2025 00:00,68.02,144.1,30.75,9.89,0.84,65.19
KOLKATA,,22-01-2025 00:00,94.97,209.58,43.06,10.16,1.17,60.84
KOLKATA,,23-01-2025 00:00,93.47,207.95,42.71,11.37,1.2,59.93
KOLKATA,,24-01-2025 00:00,96.35,185.3,28.76,9.86,1.06,55.58
KOLKATA,,25-01-2025 00:00,107.56,158.7,26.26,10.09,1.01,61.94
KOLKATA,,26-01-2025 00:00,107.47,156.16,27.28,9.52,0.97,52.29
KOLKATA,,27-01-2025 00:00,83.49,133.82,25.04,10.21,0.76,75.18
KOLKATA,,28-01-2025 00:00,86.19,175.35,39.87,9.41,0.92,54.89
KOLKATA,,29-01-2025 00:00,85.72,195.81,41.4,10.2,1.02,66.08
KOLKATA,,30-01-2025 00:00,51.36,122.53,23.43,8.55,0.71,66.33
KOLKATA,,31-01-2025 00:00,53.8,120.2,21.37,10.23,0.64,54.76
KOLKATA,,01-02-2025 00:00,49.75,113.02,24.23,10.3,0.67,30.45
KOLKATA,,14-02-2025 00:00,59.25,147.96,31.49,12.45,0.86,54.92
KOLKATA,,15-02-2025 00:00,50.3,135.17,28.99,10.06,0.7,48.43
KOLKATA,,16-02-2025 00:00,81.68,170.52,35.06,10.16,0.87,44.26
KOLKATA,,17-02-2025 00:00,46.1,135.18,25.83,8.71,0.68,52.6
KOLKATA,,18-02-2025 00:00,30.44,104.5,22.05,8.63,0.59,36.98
KOLKATA,,19-02-2025 00:00,36.94,87.91,20.26,9.31,0.61,38.55
KOLKATA,,20-02-2025 00:00,40.06,98.68,23.52,8.99,0.65,28.2
KOLKATA,,21-02-2025 00:00,23.96,70.45,22.52,8.79,0.66,18.21
KOLKATA,,22-02-2025 00:00,19.72,82.74,24.1,8.17,0.71,35.57
KOLKATA,,23-02-2025 00:00,15.88,91.47,24.17,8.55,0.67,28.43
KOLKATA,,24-02-2025 00:00,38.22,92.04,21.17,10.52,0.63,37.34
KOLKATA,,25-02-2025 00:00,49.87,98.89,19.68,8.51,0.68,47.3
KOLKATA,,26-02-2025 00:00,60.69,122.52,22.03,8.93,0.72,50.39
KOLKATA,,27-02-2025 00:00,58.36,117.42,21.93,8.45,0.68,53.9
KOLKATA,,28-02-2025 00:00,75.4,154.62,29.01,8.74,0.8,43.35
KOLKATA,,01-03-2025 00:00,71.06,145.15,28.35,10.67,0.76,30.6
KOLKATA,,14-03-2025 00:00,44.57,87.31,20.79,6.04,0.64,39.84
KOLKATA,,15-03-2025 00:00,39.38,75.99,16.46,5.29,0.58,43.52
KOLKATA,,16-03-2025 00:00,31.47,58.7,15.56,5.89,0.53,45.12
KOLKATA,,17-03-2025 00:00,30.84,57.35,18.34,5.56,0.57,42.9
KOLKATA,,18-03-2025 00:00,35.99,68.59,19.71,5.28,0.59,38.51
KOLKATA,,19-03-2025 00:00,34.59,65.52,19.2,8.26,0.58,48.25
KOLKATA,,20-03-2025 00:00,49.59,98.28,19.95,8.54,0.63,50.61
KOLKATA,,21-03-2025 00:00,27.89,50.89,18.88,8.09,0.53,39.79
KOLKATA,,22-03-2025 00:00,34.4,65.1,20.4,9.02,0.57,45.33
KOLKATA,,23-03-2025 00:00,23.88,42.15,23.95,8.21,0.57,29.34
KOLKATA,,24-03-2025 00:00,32.89,61.82,23.16,8.97,0.64,34.51
KOLKATA,,25-03-2025 00:00,51.55,102.55,24.58,9.01,0.74,40.28
KOLKATA,,26-03-2025 00:00,62.07,125.53,29.89,8.92,0.8,39.56
KOLKATA,,27-03-2025 00:00,44.35,86.82,21.92,9.69,0.59,43.38
KOLKATA,,28-03-2025 00:00,45.91,90.24,23.1,9.17,0.63,43.09
KOLKATA,,29-03-2025 00:00,57.53,115.6,24.41,8.89,0.67,48.53
KOLKATA,,30-03-2025 00:00,57.5,115.55,21.65,9.02,0.65,49.87
KOLKATA,,31-03-2025 00:00,50.27,99.75,18.13,9.09,0.57,47.8
KOLKATA,,01-04-2025 00:00,35.58,67.68,16.94,8.29,0.53,45.23
KOLKATA,,14-04-2025 00:00,26.89,48.71,18.55,8.57,0.53,31.05
KOLKATA,,15-04-2025 00:00,31.52,58.83,18.1,8.67,0.56,27.15
KOLKATA,,16-04-2025 00:00,25.39,45.43,18.07,8.65,0.54,42.63
KOLKATA,,17-04-2025 00:00,32.47,60.9,18.43,8.65,0.54,52.82
KOLKATA,,18-04-2025 00:00,26.39,47.62,18.27,8.31,0.51,66.82
KOLKATA,,19-04-2025 00:00,19.73,33.08,17.68,9.2,0.55,68.23
KOLKATA,,20-04-2025 00:00,27.62,50.3,18.64,8.15,0.58,92.03
KOLKATA,,21-04-2025 00:00,29.67,54.79,17.14,7.6,0.49,120.88
KOLKATA,,22-04-2025 00:00,28.55,52.35,17.9,8.38,0.49,89.44
KOLKATA,,23-04-2025 00:00,34.63,65.6,19.45,8.49,0.49,21.85
KOLKATA,,24-04-2025 00:00,38.92,74.49,24.07,8.69,0.5,22.25
KOLKATA,,25-04-2025 00:00,33.5,63.13,23.19,12.3,0.51,22.21
KOLKATA,,26-04-2025 00:00,29.18,53.72,22.66,11.64,0.49,22.21
KOLKATA,,27-04-2025 00:00,24.79,44.12,22.3,11.65,0.44,22.38
KOLKATA,,28-04-2025 00:00,32.57,61.11,22.375,11.08,0.505,22.3
KOLKATA,,29-04-2025 00:00,36.07,68.76,22.45,7.92,0.57,21.68
KOLKATA,,30-04-2025 00:00,22.8,39.77,22.8,7.81,0.56,22.39
KOLKATA,,01-05-2025 00:00,28.81,52.91,27.92,8.09,0.62,21.81
KOLKATA,,14-05-2025 00:00,30.62,56.85,23.83,8.46,0.52,22.38
KOLKATA,,15-05-2025 00:00,26.19,47.76,21.17,7.68,0.5,21.29
KOLKATA,,16-05-2025 00:00,26.32,47.47,21.37,8.28,0.49,21.24
KOLKATA,,17-05-2025 00:00,25.67,46.05,19.99,7.27,0.5,20.42
KOLKATA,,18-05-2025 00:00,21.85,37.71,19.19,7.83,0.49,19.7
KOLKATA,,19-05-2025 00:00,17.56,28.34,19.76,8.74,0.49,19.87
KOLKATA,,20-05-2025 00:00,15.35,23.52,19.92,6.98,0.46,27.53
KOLKATA,,21-05-2025 00:00,18.99,31.46,21.68,7.99,0.48,24.57
KOLKATA,,22-05-2025 00:00,20.78,35.36,21.78,7.24,0.48,33.32
KOLKATA,,23-05-2025 00:00,21.45,36.82,20.76,8.26,0.5,32.6
KOLKATA,,24-05-2025 00:00,14.6,21.89,20.37,8.69,0.48,25.21
KOLKATA,,25-05-2025 00:00,16.43,25.88,20.61,8.72,0.51,26.07
KOLKATA,,26-05-2025 00:00,12.92,18.21,19.75,8.01,0.47,19.72
KOLKATA,,27-05-2025 00:00,12.76,17.86,20.32,8.2,0.51,19.98
KOLKATA,,28-05-2025 00:00,14.49,21.63,21.03,7.8,0.54,23.51
KOLKATA,,29-05-2025 00:00,16.14,25.25,20.61,8.13,0.51,31.41
KOLKATA,,30-05-2025 00:00,13.5,19.48,20.26,8.19,0.49,27.24
KOLKATA,,31-05-2025 00:00,17.48,28.17,21.62,8.94,0.52,40.33
KOLKATA,,01-06-2025 00:00,39.55,76.36,21.32,8.17,0.53,30.21
KOLKATA,,14-06-2025 00:00,18.23,29.82,19.77,8.07,0.5,30.18
KOLKATA,,15-06-2025 00:00,25.94,46.64,21.13,7.85,0.53,31.23
KOLKATA,,16-06-2025 00:00,18.62,30.64,19.38,8.87,0.49,28.32
KOLKATA,,17-06-2025 00:00,17.52,28.25,26.43,8.94,0.51,28.42
KOLKATA,,18-06-2025 00:00,20.57,34.91,37.75,8.34,0.58,28.95
KOLKATA,,19-06-2025 00:00,21.31,36.52,39.44,8.47,0.55,29.79
KOLKATA,,20-06-2025 00:00,25.05,44.68,38.17,7.94,0.57,32.14
KOLKATA,,21-06-2025 00:00,28.47,52.17,40.99,7.9,0.57,25.92
KOLKATA,,22-06-2025 00:00,33.59,63.35,37.89,8.95,0.57,18.73
KOLKATA,,23-06-2025 00:00,28.22,51.62,34.49,8.24,0.54,17.97
KOLKATA,,24-06-2025 00:00,21.54,37.02,32.58,8.95,0.47,17.8
KOLKATA,,25-06-2025 00:00,19.6,32.79,31.31,7.45,0.47,17.18
KOLKATA,,26-06-2025 00:00,18.81,31.07,30.84,7.99,0.48,19.74
KOLKATA,,27-06-2025 00:00,15.8,24.49,31.24,8.23,0.46,20.5
KOLKATA,,28-06-2025 00:00,23.6,41.52,35.7,8.15,0.53,20.17
KOLKATA,,29-06-2025 00:00,29.57,54.57,40.72,8.78,0.61,17.75
KOLKATA,,30-06-2025 00:00,23.19,40.64,34.73,8.21,0.52,20.15
KOLKATA,,01-07-2025 00:00,23.68,41.7,40.0,9.34,0.54,23.52
KOLKATA,,14-07-2025 00:00,19.04,31.57,52.14,8.01,0.51,33.41
KOLKATA,,15-07-2025 00:00,13.7,18.92,64.89,8.63,0.56,74.82
KOLKATA,,16-07-2025 00:00,19.63,39.61,67.62,7.58,0.53,36.61
KOLKATA,,17-07-2025 00:00,17.04,38.97,61.45,9.0,0.51,46.88
KOLKATA,,18-07-2025 00:00,18.47,46.3,57.95,9.34,0.48,54.58
KOLKATA,,19-07-2025 00:00,22.46,48.2,68.35,9.06,0.53,38.61
KOLKATA,,20-07-2025 00:00,23.02,51.44,74.21,8.46,0.56,24.48
KOLKATA,,21-07-2025 00:00,23.29,47.33,63.21,7.79,0.53,25.76
KOLKATA,,22-07-2025 00:00,19.52,45.21,58.86,8.61,0.51,28.19
KOLKATA,,23-07-2025 00:00,15.9,42.29,58.12,8.55,0.5,35.37
KOLKATA,,24-07-2025 00:00,17.26,45.26,58.39,8.42,0.5,32.66
KOLKATA,,25-07-2025 00:00,17.14,39.85,53.1,7.26,0.54,28.11
KOLKATA,,26-07-2025 00:00,10.45,29.68,51.6,8.33,0.52,25.18
KOLKATA,,27-07-2025 00:00,6.73,24.48,47.2,8.1,0.48,29.28
KOLKATA,,28-07-2025 00:00,11.8,35.25,55.68,8.29,0.51,30.45
KOLKATA,,29-07-2025 00:00,19.7,45.89,68.59,8.7,0.6,23.88
KOLKATA,,30-07-2025 00:00,20.42,43.14,71.36,9.41,0.55,25.77
KOLKATA,,31-07-2025 00:00,9.56,25.67,65.34,9.28,0.5,16.8
KOLKATA,,01-08-2025 00:00,22.71,40.44,78.17,7.79,0.62,29.1
KOLKATA,,14-08-2025 00:00,4.59,22.84,55.62,6.75,0.45,14.47
KOLKATA,,15-08-2025 00:00,4.74,21.68,51.76,6.73,0.46,13.56
KOLKATA,,16-08-2025 00:00,2.68,19.82,48.26,6.46,0.43,22.26
KOLKATA,,17-08-2025 00:00,5.99,24.37,50.83,5.78,0.45,12.48
KOLKATA,,18-08-2025 00:00,3.71,20.74,49.28,5.8,0.44,25.9
KOLKATA,,19-08-2025 00:00,2.84,18.74,47.65,5.56,0.44,34.58
KOLKATA,,20-08-2025 00:00,3.13,19.19,52.09,6.32,0.46,45.39
KOLKATA,,21-08-2025 00:00,5.59,20.55,54.72,6.15,0.48,27.87
KOLKATA,,22-08-2025 00:00,10.54,25.41,61.74,6.69,0.52,30.71
KOLKATA,,23-08-2025 00:00,14.49,34.6,69.98,6.11,0.54,41.42
KOLKATA,,24-08-2025 00:00,16.52,33.29,75.25,6.23,0.56,41.38
KOLKATA,,25-08-2025 00:00,15.26,36.16,62.32,6.59,0.51,40.53
KOLKATA,,26-08-2025 00:00,16.86,40.06,54.51,6.43,0.52,12.22
KOLKATA,,27-08-2025 00:00,8.44,32.43,50.15,6.18,0.45,10.96
KOLKATA,,28-08-2025 00:00,4.73,25.35,50.3,6.75,0.45,23.69
KOLKATA,,29-08-2025 00:00,5.86,27.19,49.84,5.61,0.45,29.41
KOLKATA,,30-08-2025 00:00,7.61,24.28,53.23,6.12,0.46,29.15
KOLKATA,,31-08-2025 00:00,8.25,24.61,51.52,6.51,0.47,28.6
KOLKATA,,01-09-2025 00:00,10.78,30.34,51.71,6.78,0.46,28.89
KOLKATA,,14-09-2025 00:00,14.74,40.92,27.76,13.05,0.45,24.95
KOLKATA,,15-09-2025 00:00,10.72,26.33,25.62,13.02,0.46,32.02
KOLKATA,,16-09-2025 00:00,13.04,26.47,28.79,13.0,0.47,32.99
KOLKATA,,17-09-2025 00:00,11.23,28.34,30.86,12.56,0.49,31.45
KOLKATA,,18-09-2025 00:00,12.34,37.93,26.53,13.49,0.49,31.86
KOLKATA,,19-09-2025 00:00,16.23,36.62,30.44,13.52,0.47,32.36
KOLKATA,,20-09-2025 00:00,26.67,52.36,38.44,12.8,0.54,38.93
KOLKATA,,21-09-2025 00:00,29.32,55.82,43.64,12.91,0.59,159.05
KOLKATA,,22-09-2025 00:00,36.26,61.62,36.23,12.87,0.57,173.81
KOLKATA,,23-09-2025 00:00,23.79,44.99,35.2,12.87,0.55,106.15
KOLKATA,,24-09-2025 00:00,13.6,26.91,30.34,11.83,0.55,38.49
KOLKATA,,25-09-2025 00:00,17.16,31.05,29.75,12.75,0.53,33.51
KOLKATA,,26-09-2025 00:00,17.2,30.21,28.15,12.04,0.48,44.4
KOLKATA,,27-09-2025 00:00,13.41,26.06,26.04,12.04,0.48,42.93
KOLKATA,,28-09-2025 00:00,8.02,23.66,19.92,12.64,0.41,33.79
KOLKATA,,29-09-2025 00:00,10.9,26.8,22.37,12.82,0.42,29.31
KOLKATA,,30-09-2025 00:00,15.54,36.78,30.43,12.8,0.49,36.69
KOLKATA,,01-10-2025 00:00,18.11,42.74,27.36,13.35,0.51,40.59
KOLKATA,,14-10-2025 00:00,44.92,221.23,45.4,5.02,0.58,22.97
KOLKATA,,15-10-2025 00:00,46.47,245.39,37.23,5.92,0.56,27.58
KOLKATA,,16-10-2025 00:00,46.14,248.27,43.78,6.15,0.58,24.13
KOLKATA,,17-10-2025 00:00,49.06,295.54,50.79,5.99,0.63,29.29
KOLKATA,,18-10-2025 00:00,51.49,317.89,51.6,6.27,0.65,29.01
KOLKATA,,19-10-2025 00:00,53.36,303.97,43.69,5.27,0.64,28.05
KOLKATA,,20-10-2025 00:00,37.21,67.28,41.08,6.18,0.59,26.82
KOLKATA,,21-10-2025 00:00,49.8,99.8,42.76,6.51,0.59,35.42
KOLKATA,,22-10-2025 00:00,57.51,122.73,46.87,5.84,0.6,28.84
KOLKATA,,23-10-2025 00:00,54.45,104.57,52.23,6.69,0.61,33.65
KOLKATA,,24-10-2025 00:00,50.29,89.56,53.1,6.6,0.59,27.01
KOLKATA,,25-10-2025 00:00,46.79,89.56,54.53,5.44,0.59,29.09
KOLKATA,,26-10-2025 00:00,48.78,96.41,52.46,5.73,0.63,27.58
KOLKATA,,27-10-2025 00:00,46.77,82.54,61.63,5.54,0.68,25.85
KOLKATA,,28-10-2025 00:00,46.71,82.64,51.24,5.32,0.66,33.16
KOLKATA,,29-10-2025 00:00,28.62,58.43,39.26,5.51,0.54,25.42
KOLKATA,,30-10-2025 00:00,10.32,31.46,50.14,5.12,0.56,18.14
KOLKATA,,31-10-2025 00:00,12.21,27.09,46.58,5.67,0.58,24.43
KOLKATA,,01-11-2025 00:00,15.42,30.03,49.23,5.94,0.49,36.64
KOLKATA,,14-11-2025 00:00,42.910000000000004,76.45,50.83,6.455,0.6799999999999999,44.775
KOLKATA,,15-11-2025 00:00,70.4,122.87,52.43,6.97,0.87,52.91
KOLKATA,,16-11-2025 00:00,61.62,120.99,57.42,6.87,0.78,40.81
KOLKATA,,17-11-2025 00:00,47.47,125.11,53.68,6.51,0.75,40.38
KOLKATA,,18-11-2025 00:00,49.42,113.09,45.44,6.68,0.75,40.36
KOLKATA,,19-11-2025 00:00,55.36,124.38,61.73,7.16,0.89,34.65
KOLKATA,,20-11-2025 00:00,73.43,135.53,68.91,7.42,0.95,27.15
KOLKATA,,21-11-2025 00:00,72.32,143.08,65.52,7.32,0.87,36.09
KOLKATA,,22-11-2025 00:00,79.39,168.24,63.39,6.47,0.95,33.41
KOLKATA,,23-11-2025 00:00,86.03,199.91,70.13,6.74,0.99,36.3
KOLKATA,,24-11-2025 00:00,86.44,199.63,62.74,7.07,0.97,39.05
KOLKATA,,25-11-2025 00:00,83.7,153.65,49.62,7.17,1.06,44.6
KOLKATA,,26-11-2025 00:00,84.57,165.85,66.47,7.59,1.32,48.89
KOLKATA,,27-11-2025 00:00,67.91,142.97,63.25,7.6,1.22,50.96
KOLKATA,,28-11-2025 00:00,48.39,134.67,53.17,7.54,1.35,35.42
KOLKATA,,29-11-2025 00:00,67.64,166.16,77.16,8.09,1.88,43.68
KOLKATA,,30-11-2025 00:00,69.99,181.14,75.09,7.14,1.61,40.02
KOLKATA,,01-12-2025 00:00,65.2,170.21,63.84,7.04,1.5,48.49
KOLKATA,,14-12-2025 00:00,81.05,197.9,78.33,9.28,1.69,26.89
KOLKATA,,15-12-2025 00:00,69.1,128.73,60.82,9.15,1.28,28.08
KOLKATA,,16-12-2025 00:00,62.66,126.2,59.28,8.84,1.19,28.15
KOLKATA,,17-12-2025 00:00,73.51,164.05,73.69,9.01,1.3,29.29
KOLKATA,,18-12-2025 00:00,80.67,172.85,71.37,8.84,1.24,27.71
KOLKATA,,19-12-2025 00:00,63.32,147.02,59.62,8.02,1.26,26.98
KOLKATA,,20-12-2025 00:00,56.46,139.52,62.2,8.34,1.24,25.08
KOLKATA,,21-12-2025 00:00,70.65,159.47,42.98,8.06,1.33,22.33
KOLKATA,,22-12-2025 00:00,79.54,173.27,38.69,8.15,1.32,23.32
KOLKATA,,23-12-2025 00:00,69.93,141.73,46.39,7.73,1.52,24.35
KOLKATA,,24-12-2025 00:00,83.82,184.61,72.82,8.08,1.43,38.81
KOLKATA,,25-12-2025 00:00,68.47,175.05,71.45,6.84,1.38,53.49
KOLKATA,,26-12-2025 00:00,58.45,155.62,57.27,6.97,1.29,50.69
KOLKATA,,27-12-2025 00:00,83.35,174.26,82.27,8.5,1.43,44.82
KOLKATA,,28-12-2025 00:00,114.16,182.65,107.24,7.83,1.6,38.54
KOLKATA,,29-12-2025 00:00,81.58,135.63,49.5,7.71,1.02,43.18
KOLKATA,,30-12-2025 00:00,65.45,145.82,46.54,7.21,1.02,46.13
KOLKATA,,31-12-2025 00:00,42.0,123.07,48.43,7.45,0.9,47.49
KOLKATA,,01-01-2026 00:00,51.61,123.47,66.67,8.47,1.24,38.81
KOLKATA,,14-01-2026 00:00,86.14,168.27,92.86,6.2,1.41,30.48
KOLKATA,,15-01-2026 00:00,103.96,180.06,89.73,5.73,1.5,32.33
KOLKATA,,16-01-2026 00:00,111.24,169.21,94.47,5.88,1.47,30.92
KOLKATA,,17-01-2026 00:00,94.87,167.71,103.66,5.98,1.52,28.63
KOLKATA,,18-01-2026 00:00,106.99,198.73,112.74,6.2,1.62,26.27
KOLKATA,,19-01-2026 00:00,107.79,178.0,85.42,5.59,1.62,29.81
KOLKATA,,20-01-2026 00:00,163.1,263.56,135.73,6.86,2.21,25.5
KOLKATA,,21-01-2026 00:00,209.84,312.21,173.3,9.27,2.76,24.9
KOLKATA,,22-01-2026 00:00,148.73,267.92,124.08,6.88,2.3,23.56
KOLKATA,,23-01-2026 00:00,99.65,151.76,81.37,6.14,1.39,26.86
KOLKATA,,24-01-2026 00:00,106.32,191.56,95.68,5.44,1.68,24.93
KOLKATA,,25-01-2026 00:00,123.27,237.3,119.69,5.82,1.96,23.04
KOLKATA,,26-01-2026 00:00,113.36,206.06,116.15,6.11,1.69,23.43
KOLKATA,,27-01-2026 00:00,88.25,167.6,81.2,5.4,1.45,22.07
KOLKATA,,28-01-2026 00:00,73.29,157.88,74.37,4.66,1.37,24.83
KOLKATA,,29-01-2026 00:00,77.17,161.74,93.7,4.6,1.42,24.71
KOLKATA,,30-01-2026 00:00,126.96,220.67,121.14,5.08,1.82,22.05
KOLKATA,,31-01-2026 00:00,88.81,147.0,86.17,5.07,1.28,24.01
KOLKATA,,01-02-2026 00:00,76.42,140.19,65.57,4.84,1.21,27.9
KOLKATA,,14-02-2026 00:00,114.04,181.06,89.66,6.92,1.3,24.1
KOLKATA,,15-02-2026 00:00,101.01,177.18,102.61,6.84,1.32,23.51
KOLKATA,,16-02-2026 00:00,105.67,158.65,81.41,6.08,1.2,26.46
KOLKATA,,17-02-2026 00:00,102.35,156.18,80.5,6.62,1.2,25.84
KOLKATA,,17-02-2026 00:00,123.79,187.74,86.14,6.48,1.33,22.18
KOLKATA_BALLYGUNGE,2025-01-01,02-01-2025 00:00,74.36,141.79,56.37,11.64,0.81,27.14
KOLKATA_BALLYGUNGE,2025-01-02,02-02-2025 00:00,51.29,93.96,15.83,5.81,0.89,21.26
KOLKATA_BALLYGUNGE,2025-01-03,02-03-2025 00:00,54.81,108.32,23.21,8.18,0.1,19.6
KOLKATA_BALLYGUNGE,2025-01-04,02-04-2025 00:00,33.98,66.87,13.86,6.19,0.48,25.41
KOLKATA_BALLYGUNGE,2025-01-05,02-05-2025 00:00,29.00333333333333,54.31333333333334,15.113333333333333,5.6466666666666665,0.6033333333333333,23.283333333333335
KOLKATA_BALLYGUNGE,2025-01-06,02-06-2025 00:00,24.026666666666664,41.756666666666675,16.366666666666667,5.1033333333333335,0.7266666666666667,21.156666666666666
KOLKATA_BALLYGUNGE,2025-01-07,02-07-2025 00:00,19.05,29.2,17.62,4.56,0.85,19.03
KOLKATA_BALLYGUNGE,2025-01-08,02-08-2025 00:00,27.13,45.83,37.87,3.53,0.3,19.83
KOLKATA_BALLYGUNGE,2025-01-09,02-09-2025 00:00,35.85,67.89,37.93,3.31,0.48,16.49
KOLKATA_BALLYGUNGE,2025-01-10,02-10-2025 00:00,17.77,30.67,37.64,2.38,0.28,17.87
KOLKATA_BALLYGUNGE,2025-01-11,02-11-2025 00:00,22.77,40.96,37.89,5.94,0.53,18.97
KOLKATA_BALLYGUNGE,2025-01-12,02-12-2025 00:00,98.28,196.34,38.05,12.03,1.36,13.03
KOLKATA_BALLYGUNGE,2025-02-01,03-01-2025 00:00,91.95,162.89,59.68,10.22,0.92,26.85
KOLKATA_BALLYGUNGE,2025-02-02,03-02-2025 00:00,70.11,127.77,25.47,5.86,1.11,19.3
KOLKATA_BALLYGUNGE,2025-02-03,03-03-2025 00:00,55.85,120.83,28.36,14.8,0.52,19.78
KOLKATA_BALLYGUNGE,2025-02-04,03-04-2025 00:00,26.67,54.33,14.46,8.09,0.46,20.76
KOLKATA_BALLYGUNGE,2025-02-05,03-05-2025 00:00,23.8,45.269999999999996,15.97,7.456666666666667,0.5700000000000001,21.21666666666667
KOLKATA_BALLYGUNGE,2025-02-06,03-06-2025 00:00,20.93,36.209999999999994,17.48,6.823333333333333,0.68,21.673333333333332
KOLKATA_BALLYGUNGE,2025-02-07,03-07-2025 00:00,18.06,27.15,18.99,6.19,0.79,22.13
KOLKATA_BALLYGUNGE,2025-02-08,03-08-2025 00:00,34.4,60.78,37.7,3.61,0.28,21.32
KOLKATA_BALLYGUNGE,2025-02-09,03-09-2025 00:00,19.69,34.65,37.7,3.56,0.19,16.8
KOLKATA_BALLYGUNGE,2025-02-10,03-10-2025 00:00,10.36,15.43,37.86,3.14,0.19,18.18
KOLKATA_BALLYGUNGE,2025-02-11,03-11-2025 00:00,19.07,33.34,38.02,7.18,0.5,15.3
KOLKATA_BALLYGUNGE,2025-02-12,03-12-2025 00:00,101.01,201.96,37.98,18.94,1.11,15.2
KOLKATA_BALLYGUNGE,2025-03-01,04-01-2025 00:00,114.05,219.58,80.61,9.3,1.29,25.52
KOLKATA_BALLYGUNGE,2025-03-02,04-02-2025 00:00,86.53,163.65,30.84,5.74,1.63,30.2
KOLKATA_BALLYGUNGE,2025-03-03,04-03-2025 00:00,57.12,139.01,38.36,8.18,0.73,20.79
KOLKATA_BALLYGUNGE,2025-03-04,04-04-2025 00:00,30.85,61.45,17.05,11.9,0.56,23.67
KOLKATA_BALLYGUNGE,2025-03-05,04-05-2025 00:00,28.130000000000003,53.196666666666665,17.93,9.573333333333334,0.4733333333333334,23.796666666666667
KOLKATA_BALLYGUNGE,2025-03-06,04-06-2025 00:00,25.41,44.94333333333333,18.810000000000002,7.246666666666667,0.3866666666666667,23.923333333333336
KOLKATA_BALLYGUNGE,2025-03-07,04-07-2025 00:00,22.69,36.69,19.69,4.92,0.3,24.05
KOLKATA_BALLYGUNGE,2025-03-08,04-08-2025 00:00,34.12,60.22,37.76,3.46,0.21,20.72
KOLKATA_BALLYGUNGE,2025-03-09,04-09-2025 00:00,15.19,25.38,37.84,3.67,0.19,17.41
KOLKATA_BALLYGUNGE,2025-03-10,04-10-2025 00:00,12.44,19.74,37.8,3.14,0.23,18.21
KOLKATA_BALLYGUNGE,2025-03-11,04-11-2025 00:00,45.7,88.14,37.87,6.85,0.64,20.93
KOLKATA_BALLYGUNGE,2025-03-12,04-12-2025 00:00,93.91,187.34,37.85,12.6,1.26,16.45
KOLKATA_BALLYGUNGE,2025-04-01,05-01-2025 00:00,126.76,226.7,83.02,8.5,0.97,25.29
KOLKATA_BALLYGUNGE,2025-04-02,05-02-2025 00:00,71.02,142.55,44.23,9.32,1.15,40.58
KOLKATA_BALLYGUNGE,2025-04-03,05-03-2025 00:00,55.3,139.25,40.34,10.38,0.72,14.99
KOLKATA_BALLYGUNGE,2025-04-04,05-04-2025 00:00,45.38,89.46,21.59,10.26,0.85,27.64
KOLKATA_BALLYGUNGE,2025-04-05,05-05-2025 00:00,37.973333333333336,72.18333333333334,23.493333333333332,8.453333333333333,0.7233333333333333,26.32
KOLKATA_BALLYGUNGE,2025-04-06,05-06-2025 00:00,30.56666666666667,54.906666666666666,25.39666666666667,6.6466666666666665,0.5966666666666667,25.0
KOLKATA_BALLYGUNGE,2025-04-07,05-07-2025 00:00,23.16,37.63,27.3,4.84,0.47,23.68
KOLKATA_BALLYGUNGE,2025-04-08,05-08-2025 00:00,29.96,51.63,37.95,3.88,0.29,20.68
KOLKATA_BALLYGUNGE,2025-04-09,05-09-2025 00:00,15.98,26.99,37.66,3.53,0.18,16.5
KOLKATA_BALLYGUNGE,2025-04-10,05-10-2025 00:00,18.01,31.18,37.83,4.02,0.18,27.33
KOLKATA_BALLYGUNGE,2025-04-11,05-11-2025 00:00,98.56,196.92,38.07,8.7,0.83,22.29
KOLKATA_BALLYGUNGE,2025-04-12,05-12-2025 00:00,113.13,226.88,38.14,14.04,1.43,15.78
KOLKATA_BALLYGUNGE,2025-05-01,06-01-2025 00:00,100.95,182.7,102.28,6.43,1.0,21.46
KOLKATA_BALLYGUNGE,2025-05-02,06-02-2025 00:00,89.39,160.94,40.64,8.71,1.07,35.04
KOLKATA_BALLYGUNGE,2025-05-03,06-03-2025 00:00,69.34,177.05,53.23,13.08,0.64,37.44
KOLKATA_BALLYGUNGE,2025-05-04,06-04-2025 00:00,50.11,86.6,20.31,12.02,0.61,38.17
KOLKATA_BALLYGUNGE,2025-05-05,06-05-2025 00:00,40.836666666666666,69.68333333333334,21.03333333333333,9.959999999999999,0.6033333333333333,33.333333333333336
KOLKATA_BALLYGUNGE,2025-05-06,06-06-2025 00:00,31.563333333333333,52.766666666666666,21.756666666666668,7.8999999999999995,0.5966666666666667,28.49666666666667
KOLKATA_BALLYGUNGE,2025-05-07,06-07-2025 00:00,22.29,35.85,22.48,5.84,0.59,23.66
KOLKATA_BALLYGUNGE,2025-05-08,06-08-2025 00:00,29.79,51.29,37.8,4.0,0.34,20.57
KOLKATA_BALLYGUNGE,2025-05-09,06-09-2025 00:00,21.01,37.33,37.85,4.53,0.19,17.18
KOLKATA_BALLYGUNGE,2025-05-10,06-10-2025 00:00,13.98,22.88,37.78,4.49,0.34,25.52
KOLKATA_BALLYGUNGE,2025-05-11,06-11-2025 00:00,88.1,175.39,37.8,7.85,0.66,19.44
KOLKATA_BALLYGUNGE,2025-05-12,06-12-2025 00:00,88.89,177.01,38.23,15.29,0.81,17.48
KOLKATA_BALLYGUNGE,2025-06-01,07-01-2025 00:00,95.14,178.1,117.56,7.27,1.28,24.04
KOLKATA_BALLYGUNGE,2025-06-02,07-02-2025 00:00,61.55,118.46,39.0,9.04,0.98,35.27
KOLKATA_BALLYGUNGE,2025-06-03,07-03-2025 00:00,54.09,171.97,35.85,11.34,0.43,40.0
KOLKATA_BALLYGUNGE,2025-06-04,07-04-2025 00:00,31.81,67.01,14.48,11.16,0.47,28.43
KOLKATA_BALLYGUNGE,2025-06-05,07-05-2025 00:00,27.48333333333333,54.25333333333334,16.53,9.403333333333332,0.57,26.466666666666665
KOLKATA_BALLYGUNGE,2025-06-06,07-06-2025 00:00,23.156666666666666,41.49666666666667,18.58,7.6466666666666665,0.67,24.503333333333334
KOLKATA_BALLYGUNGE,2025-06-07,07-07-2025 00:00,18.83,28.74,20.63,5.89,0.77,22.54
KOLKATA_BALLYGUNGE,2025-06-08,07-08-2025 00:00,24.36,40.14,37.72,4.03,0.32,17.07
KOLKATA_BALLYGUNGE,2025-06-09,07-09-2025 00:00,25.67,46.95,37.98,10.84,0.29,20.11
KOLKATA_BALLYGUNGE,2025-06-10,07-10-2025 00:00,31.26,58.44,37.92,3.54,0.49,25.65
KOLKATA_BALLYGUNGE,2025-06-11,07-11-2025 00:00,65.24,128.35,38.33,7.72,0.72,16.71
KOLKATA_BALLYGUNGE,2025-06-12,07-12-2025 00:00,84.99,169.0,37.96,16.03,0.95,17.48
KOLKATA_BALLYGUNGE,2025-07-01,08-01-2025 00:00,92.22,167.48,47.52,10.11,1.21,27.56
KOLKATA_BALLYGUNGE,2025-07-02,08-02-2025 00:00,62.55,131.52,29.61,10.08,0.74,43.53
KOLKATA_BALLYGUNGE,2025-07-03,08-03-2025 00:00,66.44,172.43,44.33,14.35,0.62,41.61
KOLKATA_BALLYGUNGE,2025-07-04,08-04-2025 00:00,15.21,41.56,14.12,5.8,0.44,19.05
KOLKATA_BALLYGUNGE,2025-07-05,08-05-2025 00:00,15.086666666666668,34.56,17.483333333333334,5.476666666666667,0.61,20.173333333333336
KOLKATA_BALLYGUNGE,2025-07-06,08-06-2025 00:00,14.963333333333333,27.560000000000002,20.846666666666668,5.153333333333333,0.78,21.296666666666667
KOLKATA_BALLYGUNGE,2025-07-07,08-07-2025 00:00,14.84,20.56,24.21,4.83,0.95,22.42
KOLKATA_BALLYGUNGE,2025-07-08,08-08-2025 00:00,31.52,54.86,37.74,4.19,0.36,17.22
KOLKATA_BALLYGUNGE,2025-07-09,08-09-2025 00:00,21.4,38.13,37.76,5.66,0.24,21.73
KOLKATA_BALLYGUNGE,2025-07-10,08-10-2025 00:00,30.2,56.26,37.61,3.48,0.2,27.34
KOLKATA_BALLYGUNGE,2025-07-11,08-11-2025 00:00,66.37,130.69,38.2,8.64,0.69,22.31
KOLKATA_BALLYGUNGE,2025-07-12,08-12-2025 00:00,100.96,201.9,38.21,17.78,1.03,15.62
KOLKATA_BALLYGUNGE,2025-08-01,09-01-2025 00:00,74.36,135.97,35.84,9.41,0.72,33.1
KOLKATA_BALLYGUNGE,2025-08-02,09-02-2025 00:00,67.96,144.29,46.8,10.98,0.91,40.93
KOLKATA_BALLYGUNGE,2025-08-03,09-03-2025 00:00,56.17,130.73,26.96,10.85,0.4,40.0
KOLKATA_BALLYGUNGE,2025-08-04,09-04-2025 00:00,12.92,31.92,13.25,4.21,0.42,19.47
KOLKATA_BALLYGUNGE,2025-08-05,09-05-2025 00:00,13.526666666666667,28.380000000000003,17.12,4.36,0.6566666666666666,22.106666666666666
KOLKATA_BALLYGUNGE,2025-08-06,09-06-2025 00:00,14.133333333333333,24.84,20.99,4.51,0.8933333333333333,24.743333333333332
KOLKATA_BALLYGUNGE,2025-08-07,09-07-2025 00:00,14.74,21.3,24.86,4.66,1.13,27.38
KOLKATA_BALLYGUNGE,2025-08-08,09-08-2025 00:00,22.31,35.9,37.71,5.09,0.25,15.99
KOLKATA_BALLYGUNGE,2025-08-09,09-09-2025 00:00,21.6,38.55,37.73,5.48,0.25,21.01
KOLKATA_BALLYGUNGE,2025-08-10,09-10-2025 00:00,32.05,60.06,37.9,3.87,0.41,24.82
KOLKATA_BALLYGUNGE,2025-08-11,09-11-2025 00:00,51.99,101.09,38.28,13.78,0.41,28.61
KOLKATA_BALLYGUNGE,2025-08-12,09-12-2025 00:00,111.25,223.01,37.94,21.27,1.29,14.22
KOLKATA_BALLYGUNGE,2025-09-01,10-01-2025 00:00,72.8,142.13,42.66,8.57,0.8,33.83
KOLKATA_BALLYGUNGE,2025-09-02,10-02-2025 00:00,76.53,153.46,50.24,8.71,0.98,46.95
KOLKATA_BALLYGUNGE,2025-09-03,10-03-2025 00:00,45.02,98.44,22.47,6.13,0.26,35.4
KOLKATA_BALLYGUNGE,2025-09-04,10-04-2025 00:00,8.43,25.85,13.7,8.52,0.34,21.76
KOLKATA_BALLYGUNGE,2025-09-05,10-05-2025 00:00,11.76,26.540000000000003,18.77,7.253333333333333,0.5433333333333333,24.013333333333335
KOLKATA_BALLYGUNGE,2025-09-06,10-06-2025 00:00,15.09,27.23,23.84,5.986666666666666,0.7466666666666666,26.266666666666666
KOLKATA_BALLYGUNGE,2025-09-07,10-07-2025 00:00,18.42,27.92,28.91,4.72,0.95,28.52
KOLKATA_BALLYGUNGE,2025-09-08,10-08-2025 00:00,16.18,23.3,38.06,3.8,0.22,16.98
KOLKATA_BALLYGUNGE,2025-09-09,10-09-2025 00:00,22.13,39.66,37.63,4.21,0.27,23.87
KOLKATA_BALLYGUNGE,2025-09-10,10-10-2025 00:00,34.29,64.65,37.79,3.4,0.56,26.93
KOLKATA_BALLYGUNGE,2025-09-11,10-11-2025 00:00,57.32,112.07,38.19,12.38,0.64,22.92
KOLKATA_BALLYGUNGE,2025-09-12,10-12-2025 00:00,134.35,270.52,37.8,12.35,1.94,15.12
KOLKATA_BALLYGUNGE,2025-10-01,11-01-2025 00:00,113.69,213.63,65.58,12.44,0.96,34.75
KOLKATA_BALLYGUNGE,2025-10-02,11-02-2025 00:00,69.4,135.48,35.68,9.5,0.71,46.06
KOLKATA_BALLYGUNGE,2025-10-03,11-03-2025 00:00,46.42,96.98,27.53,9.48,0.43,39.72
KOLKATA_BALLYGUNGE,2025-10-04,11-04-2025 00:00,7.94,31.13,13.18,3.6,0.42,24.66
KOLKATA_BALLYGUNGE,2025-10-05,11-05-2025 00:00,11.780000000000001,31.253333333333334,18.503333333333334,3.9966666666666666,0.3233333333333333,25.873333333333335
KOLKATA_BALLYGUNGE,2025-10-06,11-06-2025 00:00,15.620000000000001,31.376666666666665,23.826666666666668,4.3933333333333335,0.22666666666666666,27.086666666666666
KOLKATA_BALLYGUNGE,2025-10-07,11-07-2025 00:00,19.46,31.5,29.15,4.79,0.13,28.3
KOLKATA_BALLYGUNGE,2025-10-08,11-08-2025 00:00,15.63,22.16,37.57,4.17,0.31,17.66
KOLKATA_BALLYGUNGE,2025-10-09,11-09-2025 00:00,19.91,35.09,38.05,4.5,0.21,24.94
KOLKATA_BALLYGUNGE,2025-10-10,11-10-2025 00:00,36.99,70.23,37.65,4.46,0.44,28.58
KOLKATA_BALLYGUNGE,2025-10-11,11-11-2025 00:00,68.76,135.59,38.14,12.45,0.73,23.68
KOLKATA_BALLYGUNGE,2025-10-12,11-12-2025 00:00,128.84,259.17,38.01,11.11,1.74,12.89
KOLKATA_BALLYGUNGE,2025-11-01,12-01-2025 00:00,129.31,217.98,94.03,9.42,1.92,30.46
KOLKATA_BALLYGUNGE,2025-11-02,12-02-2025 00:00,50.72,99.04,30.48,8.02,0.45,42.18
KOLKATA_BALLYGUNGE,2025-11-03,12-03-2025 00:00,36.05,78.0,23.82,14.23,0.39,43.61
KOLKATA_BALLYGUNGE,2025-11-04,12-04-2025 00:00,14.0,41.16,16.23,3.71,0.52,30.7
KOLKATA_BALLYGUNGE,2025-11-05,12-05-2025 00:00,17.183333333333334,40.25333333333333,20.476666666666667,3.9366666666666665,0.4266666666666667,29.233333333333334
KOLKATA_BALLYGUNGE,2025-11-06,12-06-2025 00:00,20.366666666666667,39.346666666666664,24.723333333333333,4.163333333333333,0.33333333333333337,27.766666666666666
KOLKATA_BALLYGUNGE,2025-11-07,12-07-2025 00:00,23.55,38.44,28.97,4.39,0.24,26.3
KOLKATA_BALLYGUNGE,2025-11-08,12-08-2025 00:00,16.74,24.45,37.58,3.89,0.35,17.97
KOLKATA_BALLYGUNGE,2025-11-09,12-09-2025 00:00,18.1,31.35,37.8,3.43,0.23,24.21
KOLKATA_BALLYGUNGE,2025-11-10,12-10-2025 00:00,37.61,71.51,38.11,4.3,0.48,26.15
KOLKATA_BALLYGUNGE,2025-11-11,12-11-2025 00:00,71.27,140.77,38.1,11.29,0.62,22.69
KOLKATA_BALLYGUNGE,2025-11-12,12-12-2025 00:00,140.03,282.25,38.05,13.93,1.85,14.37
KOLKATA_BALLYGUNGE,2025-12-01,13-01-2025 00:00,126.6,219.98,87.87,7.66,2.1,31.31
KOLKATA_BALLYGUNGE,2025-12-02,13-02-2025 00:00,49.03,95.43,31.05,8.79,0.49,33.14
KOLKATA_BALLYGUNGE,2025-12-03,13-03-2025 00:00,41.88,94.59,23.77,13.04,0.44,46.59
KOLKATA_BALLYGUNGE,2025-12-04,13-04-2025 00:00,13.99,40.65,14.9,5.77,0.51,29.91
KOLKATA_BALLYGUNGE,2025-12-05,13-05-2025 00:00,18.12,41.86333333333333,19.126666666666665,5.64,0.44333333333333336,28.436666666666667
KOLKATA_BALLYGUNGE,2025-12-06,13-06-2025 00:00,22.25,43.07666666666667,23.35333333333333,5.51,0.3766666666666667,26.96333333333333
KOLKATA_BALLYGUNGE,2025-12-07,13-07-2025 00:00,26.38,44.29,27.58,5.38,0.31,25.49
KOLKATA_BALLYGUNGE,2025-12-08,13-08-2025 00:00,23.21,37.78,37.73,3.55,0.39,17.23
KOLKATA_BALLYGUNGE,2025-12-09,13-09-2025 00:00,15.55,26.11,37.61,4.37,0.27,23.07
KOLKATA_BALLYGUNGE,2025-12-10,13-10-2025 00:00,46.12,89.03,37.73,5.79,0.56,23.84
KOLKATA_BALLYGUNGE,2025-12-11,13-11-2025 00:00,86.23,171.53,37.99,11.96,0.79,31.01
KOLKATA_BALLYGUNGE,2025-12-12,13-12-2025 00:00,133.82,269.48,38.15,11.26,1.98,11.19
KOLKATA_BALLYGUNGE,2026-01-01,02-01-2026 00:00,109.58,219.63,38.25,12.16,2.41,12.71
KOLKATA_BALLYGUNGE,2026-01-02,02-02-2026 00:00,74.7,134.4,35.47,17.01,0.83,15.95
KOLKATA_BALLYGUNGE,2026-02-01,03-01-2026 00:00,87.65,174.48,37.97,11.65,1.85,11.22
KOLKATA_BALLYGUNGE,2026-02-02,03-02-2026 00:00,83.73,148.83,44.08,16.46,1.47,14.69
KOLKATA_BALLYGUNGE,2026-03-01,04-01-2026 00:00,96.81,193.33,38.09,12.39,1.6,11.22
KOLKATA_BALLYGUNGE,2026-03-02,04-02-2026 00:00,92.55,160.1,41.58,12.93,1.3,15.15
KOLKATA_BALLYGUNGE,2026-04-01,05-01-2026 00:00,114.77,230.27,38.08,9.98,1.63,7.46
KOLKATA_BALLYGUNGE,2026-04-02,05-02-2026 00:00,86.62,156.48,46.69,16.29,1.48,13.14
KOLKATA_BALLYGUNGE,2026-05-01,06-01-2026 00:00,88.52,168.77,37.96,9.4,0.87,11.05
KOLKATA_BALLYGUNGE,2026-05-02,06-02-2026 00:00,76.69,134.6,49.03,9.93,1.7,12.76
KOLKATA_BALLYGUNGE,2026-06-01,07-01-2026 00:00,102.4,189.84,37.95,7.81,1.29,9.45
KOLKATA_BALLYGUNGE,2026-06-02,07-02-2026 00:00,79.25,127.23,36.71,12.15,1.07,15.59
KOLKATA_BALLYGUNGE,2026-07-01,08-01-2026 00:00,176.59,330.84,30.98,7.27,3.05,5.69
KOLKATA_BALLYGUNGE,2026-07-02,08-02-2026 00:00,73.83,123.33,36.3,13.93,0.93,16.25
KOLKATA_BALLYGUNGE,2026-08-01,09-01-2026 00:00,114.77,213.33,38.12,13.8,1.2,10.81
KOLKATA_BALLYGUNGE,2026-08-02,09-02-2026 00:00,98.66,161.62,42.29,15.66,1.45,14.96
KOLKATA_BALLYGUNGE,2026-09-01,10-01-2026 00:00,105.04,194.85,38.21,15.86,1.08,10.5
KOLKATA_BALLYGUNGE,2026-09-02,10-02-2026 00:00,82.86,143.07,45.27,11.79,1.34,15.06
KOLKATA_BALLYGUNGE,2026-10-01,11-01-2026 00:00,95.44,176.59,38.01,15.33,1.17,10.25
KOLKATA_BALLYGUNGE,2026-10-02,11-02-2026 00:00,93.14,164.58,48.2,15.36,1.79,14.32
KOLKATA_BALLYGUNGE,2026-11-01,12-01-2026 00:00,86.52,159.61,38.15,11.36,1.22,8.26
KOLKATA_BALLYGUNGE,2026-11-02,12-02-2026 00:00,106.69,179.32,53.5,21.36,1.89,15.71
KOLKATA_BALLYGUNGE,2026-12-01,13-01-2026 00:00,90.32,166.79,34.67,14.62,1.3,12.89
KOLKATA_BALLYGUNGE,2026-12-02,13-02-2026 00:00,86.33,141.82,46.6,15.93,1.11,15.46
KOLKATA_BALLYGUNGE,,14-01-2025 00:00,121.33,223.08,73.92,14.19,1.76,33.47
KOLKATA_BALLYGUNGE,,15-01-2025 00:00,127.41,233.94,105.45,10.96,1.41,25.6
KOLKATA_BALLYGUNGE,,16-01-2025 00:00,92.98,163.02,58.95,12.22,0.59,32.45
KOLKATA_BALLYGUNGE,,17-01-2025 00:00,84.8,161.55,50.73,17.73,0.76,26.21
KOLKATA_BALLYGUNGE,,18-01-2025 00:00,98.91,170.55,76.1,13.29,0.7,27.11
KOLKATA_BALLYGUNGE,,19-01-2025 00:00,95.64,163.66,67.72,13.3,1.01,28.29
KOLKATA_BALLYGUNGE,,20-01-2025 00:00,83.0,159.34,72.16,12.23,1.02,33.17
KOLKATA_BALLYGUNGE,,21-01-2025 00:00,89.54,160.03,65.14,12.89,0.92,33.32
KOLKATA_BALLYGUNGE,,22-01-2025 00:00,95.07,185.2,76.91,10.64,0.9,34.12
KOLKATA_BALLYGUNGE,,23-01-2025 00:00,87.52,171.59,103.0,10.81,1.24,33.92
KOLKATA_BALLYGUNGE,,24-01-2025 00:00,111.97,199.33,62.09,9.4,1.12,27.75
KOLKATA_BALLYGUNGE,,25-01-2025 00:00,98.55,178.52,60.99,8.7,0.55,34.87
KOLKATA_BALLYGUNGE,,26-01-2025 00:00,94.02,173.86,50.06,8.95,0.49,26.88
KOLKATA_BALLYGUNGE,,27-01-2025 00:00,67.53,126.69,39.87,10.08,0.86,42.95
KOLKATA_BALLYGUNGE,,28-01-2025 00:00,85.75,171.3,49.38,11.33,1.26,36.88
KOLKATA_BALLYGUNGE,,29-01-2025 00:00,92.21,180.61,50.97,16.24,1.37,42.89
KOLKATA_BALLYGUNGE,,30-01-2025 00:00,68.19,130.37,41.77,8.2,0.76,47.0
KOLKATA_BALLYGUNGE,,31-01-2025 00:00,49.98,89.89,55.84,8.14,0.53,43.5
KOLKATA_BALLYGUNGE,,01-02-2025 00:00,45.08,85.36,13.5,10.93,0.57,32.89
KOLKATA_BALLYGUNGE,,14-02-2025 00:00,55.66,119.14,45.08,6.88,1.08,25.78
KOLKATA_BALLYGUNGE,,15-02-2025 00:00,71.26,149.59,53.1,8.94,1.08,32.96
KOLKATA_BALLYGUNGE,,16-02-2025 00:00,87.68,151.43,53.98,12.73,1.22,31.1
KOLKATA_BALLYGUNGE,,17-02-2025 00:00,68.4,106.24,28.42,7.58,0.69,37.31
KOLKATA_BALLYGUNGE,,18-02-2025 00:00,50.42,71.67,22.83,5.72,0.38,29.56
KOLKATA_BALLYGUNGE,,19-02-2025 00:00,44.04,68.49,23.23,5.49,0.43,31.05
KOLKATA_BALLYGUNGE,,20-02-2025 00:00,51.35,74.16,26.97,4.26,0.49,21.9
KOLKATA_BALLYGUNGE,,21-02-2025 00:00,33.64,53.2,26.23,4.32,0.48,16.61
KOLKATA_BALLYGUNGE,,22-02-2025 00:00,54.84,115.92,36.59,7.24,0.82,19.86
KOLKATA_BALLYGUNGE,,23-02-2025 00:00,46.67,87.69,32.83,8.19,0.55,19.76
KOLKATA_BALLYGUNGE,,24-02-2025 00:00,56.36,110.04,38.51,11.45,0.61,18.36
KOLKATA_BALLYGUNGE,,25-02-2025 00:00,75.0,18.9,39.63,7.73,0.77,18.61
KOLKATA_BALLYGUNGE,,26-02-2025 00:00,85.46,158.28,42.91,10.34,0.77,21.04
KOLKATA_BALLYGUNGE,,27-02-2025 00:00,82.29,171.03,44.55,10.97,0.58,19.03
KOLKATA_BALLYGUNGE,,28-02-2025 00:00,103.01,207.91,39.75,10.64,0.64,18.0
KOLKATA_BALLYGUNGE,,01-03-2025 00:00,81.34,161.93,41.19,10.66,0.41,19.44
KOLKATA_BALLYGUNGE,,14-03-2025 00:00,38.73,99.36,24.75,9.98,0.59,36.55
KOLKATA_BALLYGUNGE,,15-03-2025 00:00,37.74,92.52,22.32,6.49,0.6,30.03
KOLKATA_BALLYGUNGE,,16-03-2025 00:00,30.9,76.97,20.78,4.09,0.57,26.43
KOLKATA_BALLYGUNGE,,17-03-2025 00:00,22.53,62.8,22.72,12.59,0.55,25.75
KOLKATA_BALLYGUNGE,,18-03-2025 00:00,33.69,73.93,22.63,5.28,0.67,22.88
KOLKATA_BALLYGUNGE,,19-03-2025 00:00,48.02,82.55,29.78,8.36,0.66,41.8
KOLKATA_BALLYGUNGE,,20-03-2025 00:00,85.41,129.14,25.03,11.06,0.9,39.54
KOLKATA_BALLYGUNGE,,21-03-2025 00:00,41.17,68.54,25.95,5.84,0.72,28.01
KOLKATA_BALLYGUNGE,,22-03-2025 00:00,51.73,88.98,32.61,11.74,0.86,36.94
KOLKATA_BALLYGUNGE,,23-03-2025 00:00,29.28,42.8,24.25,6.04,0.76,15.96
KOLKATA_BALLYGUNGE,,24-03-2025 00:00,61.42,97.81,34.2,11.16,1.05,17.11
KOLKATA_BALLYGUNGE,,25-03-2025 00:00,80.99,148.88,44.54,9.45,1.38,23.53
KOLKATA_BALLYGUNGE,,26-03-2025 00:00,76.71,150.01,39.97,17.06,1.23,36.36
KOLKATA_BALLYGUNGE,,27-03-2025 00:00,45.65,79.57,20.44,10.29,0.74,36.0
KOLKATA_BALLYGUNGE,,28-03-2025 00:00,46.57,94.42,26.4,12.08,0.87,39.19
KOLKATA_BALLYGUNGE,,29-03-2025 00:00,59.96,125.67,25.36,14.42,0.85,49.33
KOLKATA_BALLYGUNGE,,30-03-2025 00:00,66.83,141.66,28.65,8.86,0.65,38.69
KOLKATA_BALLYGUNGE,,31-03-2025 00:00,55.49,103.28,15.73,7.49,0.43,29.55
KOLKATA_BALLYGUNGE,,01-04-2025 00:00,43.89,84.43,13.51,5.0,0.42,27.99
KOLKATA_BALLYGUNGE,,14-04-2025 00:00,37.33,71.37,19.07,8.9,0.6,48.66
KOLKATA_BALLYGUNGE,,15-04-2025 00:00,35.15,71.01,19.35,7.6,0.66,38.93
KOLKATA_BALLYGUNGE,,16-04-2025 00:00,37.36,72.1,17.4,5.98,0.73,48.61
KOLKATA_BALLYGUNGE,,17-04-2025 00:00,32.94,70.46,14.97,6.08,0.65,24.24
KOLKATA_BALLYGUNGE,,18-04-2025 00:00,25.62,55.66,15.45,4.06,0.62,24.11
KOLKATA_BALLYGUNGE,,19-04-2025 00:00,18.51,41.31,18.74,2.38,0.69,28.13
KOLKATA_BALLYGUNGE,,20-04-2025 00:00,31.9,64.48,20.31,4.08,0.88,19.59
KOLKATA_BALLYGUNGE,,21-04-2025 00:00,29.94,61.59,16.09,2.58,0.7,19.7
KOLKATA_BALLYGUNGE,,22-04-2025 00:00,28.53,61.18,14.71,3.47,0.7,19.94
KOLKATA_BALLYGUNGE,,23-04-2025 00:00,36.19,68.52,14.39,3.05,0.73,20.08
KOLKATA_BALLYGUNGE,,24-04-2025 00:00,35.78,82.35,15.21,3.43,0.78,19.88
KOLKATA_BALLYGUNGE,,25-04-2025 00:00,30.22,71.15,13.23,3.57,0.74,19.98
KOLKATA_BALLYGUNGE,,26-04-2025 00:00,22.13,57.93,16.71,3.21,0.74,19.53
KOLKATA_BALLYGUNGE,,27-04-2025 00:00,13.25,45.71,12.42,3.89,0.71,19.77
KOLKATA_BALLYGUNGE,,28-04-2025 00:00,33.85,59.91,21.34,7.53,0.92,19.05
KOLKATA_BALLYGUNGE,,29-04-2025 00:00,43.57,82.69,19.9,5.69,1.03,19.1
KOLKATA_BALLYGUNGE,,30-04-2025 00:00,8.52,39.12,13.58,4.64,0.83,16.26
KOLKATA_BALLYGUNGE,,01-05-2025 00:00,8.536774193548387,38.67838709677419,13.614193548387098,4.6012903225806445,0.8067741935483871,16.533548387096776
KOLKATA_BALLYGUNGE,,14-05-2025 00:00,8.553548387096773,38.236774193548385,13.648387096774194,4.56258064516129,0.7835483870967741,16.80709677419355
KOLKATA_BALLYGUNGE,,15-05-2025 00:00,8.570322580645161,37.795161290322575,13.682580645161291,4.523870967741935,0.7603225806451612,17.080645161290324
KOLKATA_BALLYGUNGE,,16-05-2025 00:00,8.587096774193547,37.35354838709677,13.716774193548387,4.48516129032258,0.7370967741935484,17.354193548387098
KOLKATA_BALLYGUNGE,,17-05-2025 00:00,8.603870967741935,36.91193548387096,13.750967741935485,4.446451612903226,0.7138709677419355,17.627741935483872
KOLKATA_BALLYGUNGE,,18-05-2025 00:00,8.620645161290321,36.47032258064516,13.78516129032258,4.4077419354838705,0.6906451612903226,17.901290322580646
KOLKATA_BALLYGUNGE,,19-05-2025 00:00,8.637419354838709,36.02870967741935,13.819354838709678,4.369032258064516,0.6674193548387096,18.17483870967742
KOLKATA_BALLYGUNGE,,20-05-2025 00:00,8.654193548387097,35.58709677419355,13.853548387096774,4.330322580645161,0.6441935483870967,18.448387096774194
KOLKATA_BALLYGUNGE,,21-05-2025 00:00,8.670967741935483,35.14548387096774,13.887741935483872,4.291612903225806,0.6209677419354839,18.72193548387097
KOLKATA_BALLYGUNGE,,22-05-2025 00:00,8.68774193548387,34.703870967741935,13.921935483870968,4.252903225806452,0.5977419354838709,18.995483870967742
KOLKATA_BALLYGUNGE,,23-05-2025 00:00,8.704516129032257,34.262258064516125,13.956129032258065,4.2141935483870965,0.574516129032258,19.269032258064517
KOLKATA_BALLYGUNGE,,24-05-2025 00:00,8.721290322580645,33.82064516129032,13.990322580645161,4.175483870967741,0.5512903225806451,19.54258064516129
KOLKATA_BALLYGUNGE,,25-05-2025 00:00,8.738064516129032,33.37903225806451,14.024516129032259,4.136774193548387,0.5280645161290323,19.816129032258065
KOLKATA_BALLYGUNGE,,26-05-2025 00:00,8.754838709677419,32.93741935483871,14.058709677419355,4.098064516129032,0.5048387096774194,20.08967741935484
KOLKATA_BALLYGUNGE,,27-05-2025 00:00,8.771612903225806,32.4958064516129,14.092903225806452,4.059354838709677,0.4816129032258064,20.363225806451613
KOLKATA_BALLYGUNGE,,28-05-2025 00:00,8.788387096774192,32.0541935483871,14.127096774193548,4.0206451612903225,0.45838709677419354,20.636774193548387
KOLKATA_BALLYGUNGE,,29-05-2025 00:00,8.80516129032258,31.612580645161287,14.161290322580646,3.9819354838709673,0.43516129032258066,20.91032258064516
KOLKATA_BALLYGUNGE,,30-05-2025 00:00,8.821935483870966,31.170967741935485,14.195483870967742,3.9432258064516126,0.41193548387096773,21.183870967741935
KOLKATA_BALLYGUNGE,,31-05-2025 00:00,8.838709677419354,30.729354838709675,14.22967741935484,3.904516129032258,0.3887096774193548,21.45741935483871
KOLKATA_BALLYGUNGE,,01-06-2025 00:00,8.855483870967742,30.287741935483872,14.263870967741935,3.865806451612903,0.36548387096774193,21.730967741935483
KOLKATA_BALLYGUNGE,,14-06-2025 00:00,8.872258064516128,29.846129032258062,14.298064516129033,3.8270967741935484,0.34225806451612906,22.004516129032258
KOLKATA_BALLYGUNGE,,15-06-2025 00:00,8.889032258064516,29.40451612903226,14.332258064516129,3.7883870967741933,0.31903225806451607,22.27806451612903
KOLKATA_BALLYGUNGE,,16-06-2025 00:00,8.905806451612902,28.96290322580645,14.366451612903226,3.7496774193548386,0.2958064516129032,22.551612903225806
KOLKATA_BALLYGUNGE,,17-06-2025 00:00,8.92258064516129,28.521290322580644,14.400645161290322,3.710967741935484,0.2725806451612903,22.82516129032258
KOLKATA_BALLYGUNGE,,18-06-2025 00:00,8.939354838709676,28.079677419354837,14.43483870967742,3.6722580645161287,0.24935483870967745,23.098709677419354
KOLKATA_BALLYGUNGE,,19-06-2025 00:00,8.956129032258064,27.63806451612903,14.469032258064516,3.633548387096774,0.22612903225806458,23.372258064516128
KOLKATA_BALLYGUNGE,,20-06-2025 00:00,8.972903225806451,27.196451612903225,14.503225806451614,3.5948387096774193,0.2029032258064516,23.645806451612902
KOLKATA_BALLYGUNGE,,21-06-2025 00:00,8.989677419354837,26.75483870967742,14.53741935483871,3.556129032258064,0.17967741935483872,23.919354838709676
KOLKATA_BALLYGUNGE,,22-06-2025 00:00,9.006451612903225,26.313225806451612,14.571612903225807,3.51741935483871,0.15645161290322585,24.19290322580645
KOLKATA_BALLYGUNGE,,23-06-2025 00:00,9.023225806451611,25.871612903225806,14.605806451612903,3.4787096774193547,0.13322580645161286,24.466451612903224
KOLKATA_BALLYGUNGE,,24-06-2025 00:00,9.04,25.43,14.64,3.44,0.11,24.74
KOLKATA_BALLYGUNGE,,25-06-2025 00:00,7.92,24.79,10.63,7.17,0.12,24.2
KOLKATA_BALLYGUNGE,,26-06-2025 00:00,13.12,18.04,11.43,4.74,0.23,17.22
KOLKATA_BALLYGUNGE,,27-06-2025 00:00,11.03,13.57,11.1,4.91,0.15,17.46
KOLKATA_BALLYGUNGE,,28-06-2025 00:00,17.55,26.36,15.73,4.63,0.35,25.08
KOLKATA_BALLYGUNGE,,29-06-2025 00:00,13.52,27.53,17.1,4.55,0.46,20.41
KOLKATA_BALLYGUNGE,,30-06-2025 00:00,20.44,32.06,19.23,5.93,0.62,20.06
KOLKATA_BALLYGUNGE,,01-07-2025 00:00,19.44,30.01,23.24,5.11,0.8,20.07
KOLKATA_BALLYGUNGE,,14-07-2025 00:00,26.66,44.86,24.79,4.27,0.43,25.52
KOLKATA_BALLYGUNGE,,15-07-2025 00:00,19.29,29.69,27.72,5.2,0.54,22.97
KOLKATA_BALLYGUNGE,,16-07-2025 00:00,21.17,33.56,25.17,4.84,0.54,24.82
KOLKATA_BALLYGUNGE,,17-07-2025 00:00,21.19,33.6,25.59,4.16,0.45,20.32
KOLKATA_BALLYGUNGE,,18-07-2025 00:00,22.28,35.84,27.11,3.94,0.44,20.09
KOLKATA_BALLYGUNGE,,19-07-2025 00:00,20.57,32.31,37.65,4.26,0.54,19.27
KOLKATA_BALLYGUNGE,,20-07-2025 00:00,22.05,35.38,37.69,4.04,0.69,18.94
KOLKATA_BALLYGUNGE,,21-07-2025 00:00,18.6,29.4,37.79,4.0,0.72,19.06
KOLKATA_BALLYGUNGE,,22-07-2025 00:00,19.64,32.0,37.86,4.37,0.78,19.42
KOLKATA_BALLYGUNGE,,23-07-2025 00:00,15.45,21.79,37.81,4.6,0.8,18.52
KOLKATA_BALLYGUNGE,,24-07-2025 00:00,18.15,27.34,37.82,4.93,0.87,18.83
KOLKATA_BALLYGUNGE,,25-07-2025 00:00,21.51,34.28,37.83,3.7,1.09,18.77
KOLKATA_BALLYGUNGE,,26-07-2025 00:00,14.03,18.87,37.71,4.12,1.14,17.01
KOLKATA_BALLYGUNGE,,27-07-2025 00:00,12.98,16.72,37.62,3.79,1.12,17.07
KOLKATA_BALLYGUNGE,,28-07-2025 00:00,14.77,20.39,37.77,4.73,1.13,18.22
KOLKATA_BALLYGUNGE,,29-07-2025 00:00,17.07,26.54,37.93,3.36,1.03,19.33
KOLKATA_BALLYGUNGE,,30-07-2025 00:00,23.88,39.14,38.05,3.86,0.42,20.69
KOLKATA_BALLYGUNGE,,31-07-2025 00:00,15.75,22.39,37.81,3.44,0.3,20.7
KOLKATA_BALLYGUNGE,,01-08-2025 00:00,22.08,35.43,37.97,4.04,0.41,19.89
KOLKATA_BALLYGUNGE,,14-08-2025 00:00,14.59,20.01,37.83,4.35,0.31,17.93
KOLKATA_BALLYGUNGE,,15-08-2025 00:00,18.91,28.92,37.75,3.66,0.21,19.6
KOLKATA_BALLYGUNGE,,16-08-2025 00:00,15.22,23.53,37.69,3.9,0.23,19.52
KOLKATA_BALLYGUNGE,,17-08-2025 00:00,13.25,21.39,37.89,3.97,0.22,19.54
KOLKATA_BALLYGUNGE,,18-08-2025 00:00,12.99,20.84,37.97,3.94,0.26,19.0
KOLKATA_BALLYGUNGE,,19-08-2025 00:00,11.37,17.51,37.84,3.63,0.24,18.72
KOLKATA_BALLYGUNGE,,20-08-2025 00:00,11.64,18.05,37.6,4.17,0.24,18.63
KOLKATA_BALLYGUNGE,,21-08-2025 00:00,12.39,19.69,37.87,3.15,0.23,19.85
KOLKATA_BALLYGUNGE,,22-08-2025 00:00,17.18,29.46,37.93,3.77,0.28,18.46
KOLKATA_BALLYGUNGE,,23-08-2025 00:00,19.71,34.68,37.73,3.63,0.28,17.85
KOLKATA_BALLYGUNGE,,24-08-2025 00:00,15.61,26.26,37.78,3.24,0.25,17.46
KOLKATA_BALLYGUNGE,,25-08-2025 00:00,19.88,35.01,37.83,3.84,0.24,17.33
KOLKATA_BALLYGUNGE,,26-08-2025 00:00,24.31,44.12,38.01,3.7,0.31,17.39
KOLKATA_BALLYGUNGE,,27-08-2025 00:00,20.72,36.76,37.69,3.55,0.22,17.0
KOLKATA_BALLYGUNGE,,28-08-2025 00:00,18.85,32.9,38.01,3.73,0.2,16.81
KOLKATA_BALLYGUNGE,,29-08-2025 00:00,17.46,30.03,37.88,3.45,0.21,17.19
KOLKATA_BALLYGUNGE,,30-08-2025 00:00,17.43,29.97,37.77,3.17,0.27,17.55
KOLKATA_BALLYGUNGE,,31-08-2025 00:00,18.91,33.01,37.69,3.25,0.26,17.06
KOLKATA_BALLYGUNGE,,01-09-2025 00:00,20.8,36.91,37.92,3.8,0.3,16.23
KOLKATA_BALLYGUNGE,,14-09-2025 00:00,12.76,20.36,38.0,5.01,0.23,22.85
KOLKATA_BALLYGUNGE,,15-09-2025 00:00,12.41,19.66,37.86,4.39,0.21,22.99
KOLKATA_BALLYGUNGE,,16-09-2025 00:00,10.88,16.5,37.81,4.02,0.21,23.98
KOLKATA_BALLYGUNGE,,17-09-2025 00:00,12.09,19.0,37.81,3.11,0.21,24.01
KOLKATA_BALLYGUNGE,,18-09-2025 00:00,15.96,26.94,37.7,4.88,0.2,23.54
KOLKATA_BALLYGUNGE,,19-09-2025 00:00,17.88,30.9,37.94,4.66,0.19,24.64
KOLKATA_BALLYGUNGE,,20-09-2025 00:00,24.38,44.29,37.66,3.44,0.35,24.55
KOLKATA_BALLYGUNGE,,21-09-2025 00:00,26.6,48.84,37.7,4.94,0.4,22.31
KOLKATA_BALLYGUNGE,,22-09-2025 00:00,34.67,65.46,37.79,6.06,0.36,26.57
KOLKATA_BALLYGUNGE,,23-09-2025 00:00,28.88,53.55,37.8,4.36,0.28,24.04
KOLKATA_BALLYGUNGE,,24-09-2025 00:00,15.12,25.21,22.0,5.73,0.29,22.72
KOLKATA_BALLYGUNGE,,25-09-2025 00:00,17.32,29.77,34.03,4.64,0.7,23.07
KOLKATA_BALLYGUNGE,,26-09-2025 00:00,19.34,33.89,37.65,5.61,0.39,29.08
KOLKATA_BALLYGUNGE,,27-09-2025 00:00,20.51,36.32,37.72,8.6,0.33,18.23
KOLKATA_BALLYGUNGE,,28-09-2025 00:00,18.32,31.83,37.87,4.34,0.18,23.11
KOLKATA_BALLYGUNGE,,29-09-2025 00:00,19.64,34.53,37.81,4.49,0.2,19.31
KOLKATA_BALLYGUNGE,,30-09-2025 00:00,21.39,38.12,37.9,8.98,0.36,21.94
KOLKATA_BALLYGUNGE,,01-10-2025 00:00,27.45,50.58,37.77,3.53,0.53,18.62
KOLKATA_BALLYGUNGE,,14-10-2025 00:00,59.53,116.6,37.93,5.25,0.54,24.37
KOLKATA_BALLYGUNGE,,15-10-2025 00:00,58.45,114.38,37.74,5.18,0.42,27.88
KOLKATA_BALLYGUNGE,,16-10-2025 00:00,59.61,116.75,37.73,8.1,0.55,21.77
KOLKATA_BALLYGUNGE,,17-10-2025 00:00,69.79,137.73,37.75,9.53,0.56,22.86
KOLKATA_BALLYGUNGE,,18-10-2025 00:00,81.23,161.27,37.88,8.4,0.68,20.44
KOLKATA_BALLYGUNGE,,19-10-2025 00:00,61.73,121.12,37.69,9.78,0.43,24.4
KOLKATA_BALLYGUNGE,,20-10-2025 00:00,42.55,81.69,36.64,6.95,0.35,23.06
KOLKATA_BALLYGUNGE,,21-10-2025 00:00,63.94,125.74,40.29,6.81,0.47,21.75
KOLKATA_BALLYGUNGE,,22-10-2025 00:00,89.94,179.19,41.63,6.03,0.52,21.83
KOLKATA_BALLYGUNGE,,23-10-2025 00:00,72.52,143.33,41.63,7.46,0.6,24.74
KOLKATA_BALLYGUNGE,,24-10-2025 00:00,56.21,109.79,38.24,7.76,0.49,23.17
KOLKATA_BALLYGUNGE,,25-10-2025 00:00,65.38,128.64,38.14,8.45,0.6,24.57
KOLKATA_BALLYGUNGE,,26-10-2025 00:00,60.72,119.06,38.15,7.96,0.39,20.93
KOLKATA_BALLYGUNGE,,27-10-2025 00:00,45.03,86.75,38.42,5.69,0.49,18.87
KOLKATA_BALLYGUNGE,,28-10-2025 00:00,52.27,101.68,37.84,5.22,0.44,19.47
KOLKATA_BALLYGUNGE,,29-10-2025 00:00,39.51,75.41,37.89,6.17,0.19,18.41
KOLKATA_BALLYGUNGE,,30-10-2025 00:00,16.21,27.47,38.03,4.18,0.18,14.0
KOLKATA_BALLYGUNGE,,31-10-2025 00:00,16.24,27.53,38.06,5.87,0.26,15.33
KOLKATA_BALLYGUNGE,,01-11-2025 00:00,16.36,27.78,37.93,6.62,0.16,17.14
KOLKATA_BALLYGUNGE,,14-11-2025 00:00,88.75,176.73,37.94,10.86,1.21,12.48
KOLKATA_BALLYGUNGE,,15-11-2025 00:00,86.32,171.71,38.17,12.73,1.28,13.94
KOLKATA_BALLYGUNGE,,16-11-2025 00:00,76.25,151.03,38.1,9.43,1.22,12.68
KOLKATA_BALLYGUNGE,,17-11-2025 00:00,73.71,145.78,38.22,10.24,1.12,13.78
KOLKATA_BALLYGUNGE,,18-11-2025 00:00,65.19,128.25,37.91,9.38,1.14,12.42
KOLKATA_BALLYGUNGE,,19-11-2025 00:00,64.8,127.44,38.14,8.69,1.23,11.98
KOLKATA_BALLYGUNGE,,20-11-2025 00:00,70.7,139.59,38.15,7.95,1.87,12.03
KOLKATA_BALLYGUNGE,,21-11-2025 00:00,74.16,146.74,38.01,14.45,1.27,14.42
KOLKATA_BALLYGUNGE,,22-11-2025 00:00,95.75,191.15,37.95,12.99,1.52,14.56
KOLKATA_BALLYGUNGE,,23-11-2025 00:00,101.68,203.34,38.03,15.52,1.66,24.15
KOLKATA_BALLYGUNGE,,24-11-2025 00:00,111.81,224.18,37.91,12.36,1.93,21.6
KOLKATA_BALLYGUNGE,,25-11-2025 00:00,73.69,145.73,38.07,10.43,1.19,30.32
KOLKATA_BALLYGUNGE,,26-11-2025 00:00,109.23,218.86,38.29,12.92,0.67,16.72
KOLKATA_BALLYGUNGE,,27-11-2025 00:00,90.67,180.67,38.18,16.03,1.64,17.77
KOLKATA_BALLYGUNGE,,28-11-2025 00:00,74.2,146.77,38.15,11.4,1.2,12.98
KOLKATA_BALLYGUNGE,,29-11-2025 00:00,83.37,165.65,37.73,10.15,2.01,12.07
KOLKATA_BALLYGUNGE,,30-11-2025 00:00,86.32,171.73,37.97,13.27,1.2,11.93
KOLKATA_BALLYGUNGE,,01-12-2025 00:00,88.67,176.54,38.0,15.97,1.09,13.99
KOLKATA_BALLYGUNGE,,14-12-2025 00:00,87.72,174.62,38.16,13.08,1.59,11.34
KOLKATA_BALLYGUNGE,,15-12-2025 00:00,69.99,138.13,38.09,9.92,1.62,11.35
KOLKATA_BALLYGUNGE,,16-12-2025 00:00,60.75,119.11,38.19,14.47,1.31,12.68
KOLKATA_BALLYGUNGE,,17-12-2025 00:00,70.18,138.53,38.2,14.58,1.28,12.77
KOLKATA_BALLYGUNGE,,18-12-2025 00:00,82.47,163.81,38.01,2.62,1.7,12.81
KOLKATA_BALLYGUNGE,,19-12-2025 00:00,74.35,147.1,37.96,4.14,1.45,11.99
KOLKATA_BALLYGUNGE,,20-12-2025 00:00,73.5,145.36,49.95,7.99,1.36,11.63
KOLKATA_BALLYGUNGE,,21-12-2025 00:00,78.63,155.91,37.88,17.53,1.41,9.56
KOLKATA_BALLYGUNGE,,22-12-2025 00:00,88.95,177.15,37.92,12.81,1.4,9.8
KOLKATA_BALLYGUNGE,,23-12-2025 00:00,76.71,151.97,38.48,9.8,1.35,9.98
KOLKATA_BALLYGUNGE,,24-12-2025 00:00,82.4,163.68,71.92,9.32,1.28,9.92
KOLKATA_BALLYGUNGE,,25-12-2025 00:00,86.99,173.1,57.58,12.31,1.15,12.75
KOLKATA_BALLYGUNGE,,26-12-2025 00:00,84.65,168.29,45.2,11.41,0.79,12.82
KOLKATA_BALLYGUNGE,,27-12-2025 00:00,88.02,175.21,54.34,10.6,0.82,12.56
KOLKATA_BALLYGUNGE,,28-12-2025 00:00,96.4,192.45,60.33,12.72,1.21,10.99
KOLKATA_BALLYGUNGE,,29-12-2025 00:00,80.47,159.67,42.63,10.34,0.43,10.66
KOLKATA_BALLYGUNGE,,30-12-2025 00:00,78.99,156.63,39.3,9.8,0.54,9.93
KOLKATA_BALLYGUNGE,,31-12-2025 00:00,69.39,136.9,41.63,12.64,0.99,11.07
KOLKATA_BALLYGUNGE,,01-01-2026 00:00,71.06,140.33,35.21,10.73,1.69,11.65
KOLKATA_BALLYGUNGE,,14-01-2026 00:00,84.15,155.1,38.21,17.4,1.03,13.29
KOLKATA_BALLYGUNGE,,15-01-2026 00:00,102.84,190.66,38.11,18.92,1.34,13.6
KOLKATA_BALLYGUNGE,,16-01-2026 00:00,94.59,174.96,38.17,15.5,1.2,12.94
KOLKATA_BALLYGUNGE,,17-01-2026 00:00,92.42,170.83,38.09,16.17,1.14,13.31
KOLKATA_BALLYGUNGE,,18-01-2026 00:00,109.04,202.44,37.91,16.94,1.63,10.67
KOLKATA_BALLYGUNGE,,19-01-2026 00:00,113.56,211.0,37.97,14.89,2.0,12.04
KOLKATA_BALLYGUNGE,,20-01-2026 00:00,118.37,220.17,38.1,16.47,2.69,11.01
KOLKATA_BALLYGUNGE,,21-01-2026 00:00,149.42,279.21,65.88,20.13,4.08,12.58
KOLKATA_BALLYGUNGE,,22-01-2026 00:00,117.44,218.39,76.42,22.13,2.58,11.11
KOLKATA_BALLYGUNGE,,23-01-2026 00:00,75.77,139.15,57.97,12.08,1.03,14.63
KOLKATA_BALLYGUNGE,,24-01-2026 00:00,95.29,176.3,62.71,16.05,1.53,14.11
KOLKATA_BALLYGUNGE,,25-01-2026 00:00,123.81,230.53,61.1,14.06,2.42,13.05
KOLKATA_BALLYGUNGE,,26-01-2026 00:00,90.3,166.8,57.28,20.13,1.34,13.74
KOLKATA_BALLYGUNGE,,27-01-2026 00:00,93.1,169.73,55.12,13.56,1.46,12.68
KOLKATA_BALLYGUNGE,,28-01-2026 00:00,79.53,148.26,54.94,13.87,1.0,13.63
KOLKATA_BALLYGUNGE,,29-01-2026 00:00,87.36,161.73,59.01,13.75,1.35,12.85
KOLKATA_BALLYGUNGE,,30-01-2026 00:00,106.29,202.24,61.25,19.7,1.95,12.68
KOLKATA_BALLYGUNGE,,31-01-2026 00:00,78.35,139.32,47.46,12.11,1.1,13.34
KOLKATA_BALLYGUNGE,,01-02-2026 00:00,70.13,128.19,41.72,11.4,0.88,15.28
KOLKATA_BALLYGUNGE,,14-02-2026 00:00,88.76,147.8,58.77,17.54,1.22,14.95
KOLKATA_BALLYGUNGE,,15-02-2026 00:00,92.47,157.35,67.41,19.66,1.45,14.72
KOLKATA_BALLYGUNGE,,16-02-2026 00:00,90.74,149.57,57.82,18.44,1.24,17.39
KOLKATA_BALLYGUNGE,,17-02-2026 00:00,79.31,133.26,50.78,13.17,1.18,17.22
KOLKATA_BALLYGUNGE,,17-02-2026 00:00,96.5,155.4,105.9,9.86,2.36,5.2
KOLKATA_JADAVPUR,2025-01-01,02-01-2025 00:00,50.49,134.39,16.51,3.47,0.48,11.93
KOLKATA_JADAVPUR,2025-01-02,02-02-2025 00:00,50.1,97.86,18.52,4.07,0.64,14.66
KOLKATA_JADAVPUR,2025-01-03,02-03-2025 00:00,35.0,68.36,39.5,4.87,0.42,32.72
KOLKATA_JADAVPUR,2025-01-04,02-04-2025 00:00,48.48,84.69,7.58,1.55,0.39,30.2
KOLKATA_JADAVPUR,2025-01-05,02-05-2025 00:00,46.21,80.25,27.92,4.88,0.51,27.93
KOLKATA_JADAVPUR,2025-01-06,02-06-2025 00:00,42.51,73.03,17.65,7.26,0.41,15.89
KOLKATA_JADAVPUR,2025-01-07,02-07-2025 00:00,30.76,50.09,29.0,2.42,0.36,17.25
KOLKATA_JADAVPUR,2025-01-08,02-08-2025 00:00,38.55,65.29,39.51,2.67,0.37,16.26
KOLKATA_JADAVPUR,2025-01-09,02-09-2025 00:00,39.69,67.52,65.55,4.97,0.45,25.95
KOLKATA_JADAVPUR,2025-01-10,02-10-2025 00:00,37.01,62.28,19.76,4.65,0.57,18.4
KOLKATA_JADAVPUR,2025-01-11,02-11-2025 00:00,44.07,76.08,10.0,5.41,0.55,28.41
KOLKATA_JADAVPUR,2025-01-12,02-12-2025 00:00,124.91,233.97,60.76,5.07,1.97,14.85
KOLKATA_JADAVPUR,2025-02-01,03-01-2025 00:00,60.17,158.69,19.14,3.43,0.91,10.88
KOLKATA_JADAVPUR,2025-02-02,03-02-2025 00:00,67.25,131.35,22.64,3.25,0.78,11.92
KOLKATA_JADAVPUR,2025-02-03,03-03-2025 00:00,31.69,61.9,39.62,6.78,0.45,44.37
KOLKATA_JADAVPUR,2025-02-04,03-04-2025 00:00,42.86,73.71,9.88,4.1,0.37,25.08
KOLKATA_JADAVPUR,2025-02-05,03-05-2025 00:00,46.95,80.94,47.75,5.07,0.6,41.14
KOLKATA_JADAVPUR,2025-02-06,03-06-2025 00:00,64.28,115.55,50.39,7.21,0.39,16.15
KOLKATA_JADAVPUR,2025-02-07,03-07-2025 00:00,26.22,41.21,25.49,1.95,0.36,17.17
KOLKATA_JADAVPUR,2025-02-08,03-08-2025 00:00,42.11,72.25,39.55,2.41,0.37,18.59
KOLKATA_JADAVPUR,2025-02-09,03-09-2025 00:00,24.04,36.95,86.11,3.47,0.37,15.16
KOLKATA_JADAVPUR,2025-02-10,03-10-2025 00:00,26.73,42.21,17.75,4.51,0.45,18.98
KOLKATA_JADAVPUR,2025-02-11,03-11-2025 00:00,34.92,58.2,4.17,5.29,0.59,18.98
KOLKATA_JADAVPUR,2025-02-12,03-12-2025 00:00,129.33,242.59,42.88,4.52,1.08,17.37
KOLKATA_JADAVPUR,2025-03-01,04-01-2025 00:00,88.1,195.47,28.32,3.72,1.21,13.73
KOLKATA_JADAVPUR,2025-03-02,04-02-2025 00:00,92.24,180.16,33.04,3.81,1.35,13.5
KOLKATA_JADAVPUR,2025-03-03,04-03-2025 00:00,28.86,56.36,36.57,5.99,0.59,32.53
KOLKATA_JADAVPUR,2025-03-04,04-04-2025 00:00,45.24,78.36,19.16,6.42,0.45,26.66
KOLKATA_JADAVPUR,2025-03-05,04-05-2025 00:00,41.92,71.87,25.96,4.88,0.42,37.45
KOLKATA_JADAVPUR,2025-03-06,04-06-2025 00:00,56.33,100.02,91.29,7.59,0.29,16.23
KOLKATA_JADAVPUR,2025-03-07,04-07-2025 00:00,27.24,43.2,14.74,2.38,0.34,17.31
KOLKATA_JADAVPUR,2025-03-08,04-08-2025 00:00,44.77,77.44,39.64,2.65,0.32,16.43
KOLKATA_JADAVPUR,2025-03-09,04-09-2025 00:00,18.92,26.95,112.93,3.29,0.38,14.69
KOLKATA_JADAVPUR,2025-03-10,04-10-2025 00:00,32.36,53.2,18.34,4.53,0.41,18.43
KOLKATA_JADAVPUR,2025-03-11,04-11-2025 00:00,67.18,121.2,10.3,4.54,0.68,23.58
KOLKATA_JADAVPUR,2025-03-12,04-12-2025 00:00,115.92,226.25,53.88,4.87,1.68,16.51
KOLKATA_JADAVPUR,2025-04-01,05-01-2025 00:00,98.55,221.95,28.5,3.7,1.42,12.16
KOLKATA_JADAVPUR,2025-04-02,05-02-2025 00:00,79.55,155.38,39.05,4.35,1.27,15.94
KOLKATA_JADAVPUR,2025-04-03,05-03-2025 00:00,23.78,46.45,23.31,5.51,0.63,33.64
KOLKATA_JADAVPUR,2025-04-04,05-04-2025 00:00,57.49,102.29,34.35,8.46,0.58,39.7
KOLKATA_JADAVPUR,2025-04-05,05-05-2025 00:00,40.8,69.69,26.64,5.89,0.42,50.25
KOLKATA_JADAVPUR,2025-04-06,05-06-2025 00:00,35.47,59.28,90.19,5.18,2.32,20.12
KOLKATA_JADAVPUR,2025-04-07,05-07-2025 00:00,32.72,53.91,25.2,2.36,0.44,17.77
KOLKATA_JADAVPUR,2025-04-08,05-08-2025 00:00,40.67,69.43,39.49,2.04,0.36,19.03
KOLKATA_JADAVPUR,2025-04-09,05-09-2025 00:00,24.08,37.04,125.6,3.5,0.44,15.2
KOLKATA_JADAVPUR,2025-04-10,05-10-2025 00:00,39.03,66.24,18.16,4.59,0.39,21.54
KOLKATA_JADAVPUR,2025-04-11,05-11-2025 00:00,139.16,261.8,13.45,5.13,1.05,26.81
KOLKATA_JADAVPUR,2025-04-12,05-12-2025 00:00,144.23,271.7,52.25,5.2,1.73,16.09
KOLKATA_JADAVPUR,2025-05-01,06-01-2025 00:00,68.06,173.39,24.71,3.89,1.21,10.88
KOLKATA_JADAVPUR,2025-05-02,06-02-2025 00:00,89.97,175.72,56.58,5.84,1.49,23.53
KOLKATA_JADAVPUR,2025-05-03,06-03-2025 00:00,21.43,41.85,27.78,6.79,0.72,33.62
KOLKATA_JADAVPUR,2025-05-04,06-04-2025 00:00,56.39,100.14,22.56,12.01,0.47,49.67
KOLKATA_JADAVPUR,2025-05-05,06-05-2025 00:00,40.43,68.97,27.63,4.79,0.43,50.84
KOLKATA_JADAVPUR,2025-05-06,06-06-2025 00:00,39.03,66.24,94.18,2.27,4.22,23.52
KOLKATA_JADAVPUR,2025-05-07,06-07-2025 00:00,33.25,54.94,32.46,2.78,0.43,16.86
KOLKATA_JADAVPUR,2025-05-08,06-08-2025 00:00,39.39,66.94,39.65,2.58,0.46,12.15
KOLKATA_JADAVPUR,2025-05-09,06-09-2025 00:00,34.71,57.79,184.6,4.07,0.42,18.36
KOLKATA_JADAVPUR,2025-05-10,06-10-2025 00:00,34.98,58.33,18.97,4.67,0.53,20.04
KOLKATA_JADAVPUR,2025-05-11,06-11-2025 00:00,138.34,260.18,14.61,5.17,1.09,27.06
KOLKATA_JADAVPUR,2025-05-12,06-12-2025 00:00,99.78,187.0,44.52,5.37,1.32,19.89
KOLKATA_JADAVPUR,2025-06-01,07-01-2025 00:00,71.65,169.78,29.38,4.49,1.54,11.5
KOLKATA_JADAVPUR,2025-06-02,07-02-2025 00:00,71.33,139.32,38.35,4.21,1.22,15.45
KOLKATA_JADAVPUR,2025-06-03,07-03-2025 00:00,17.83,34.82,20.25,5.26,0.58,24.79
KOLKATA_JADAVPUR,2025-06-04,07-04-2025 00:00,45.42,78.72,17.51,8.63,0.4,33.5
KOLKATA_JADAVPUR,2025-06-05,07-05-2025 00:00,44.93,77.76,24.51,4.61,0.44,42.75
KOLKATA_JADAVPUR,2025-06-06,07-06-2025 00:00,45.31,78.5,73.94,2.06,3.73,22.07
KOLKATA_JADAVPUR,2025-06-07,07-07-2025 00:00,29.22,47.07,27.43,2.15,0.45,16.57
KOLKATA_JADAVPUR,2025-06-08,07-08-2025 00:00,36.89,62.06,39.4,2.46,0.45,12.09
KOLKATA_JADAVPUR,2025-06-09,07-09-2025 00:00,43.47,74.9,136.16,3.65,0.33,19.2
KOLKATA_JADAVPUR,2025-06-10,07-10-2025 00:00,52.13,91.81,20.34,4.98,0.69,23.24
KOLKATA_JADAVPUR,2025-06-11,07-11-2025 00:00,98.78,182.92,17.61,5.47,1.0,27.46
KOLKATA_JADAVPUR,2025-06-12,07-12-2025 00:00,109.94,204.74,54.49,5.61,1.27,10.98
KOLKATA_JADAVPUR,2025-07-01,08-01-2025 00:00,68.02,147.97,24.55,4.18,1.11,17.54
KOLKATA_JADAVPUR,2025-07-02,08-02-2025 00:00,73.23,143.03,37.63,4.54,1.11,14.26
KOLKATA_JADAVPUR,2025-07-03,08-03-2025 00:00,47.17,90.14,29.94,13.23,0.68,43.13
KOLKATA_JADAVPUR,2025-07-04,08-04-2025 00:00,34.18,56.75,18.79,5.37,0.37,23.8
KOLKATA_JADAVPUR,2025-07-05,08-05-2025 00:00,53.18,97.23,32.04,9.33,0.37,51.95
KOLKATA_JADAVPUR,2025-07-06,08-06-2025 00:00,52.36,92.27,69.36,2.59,0.58,20.41
KOLKATA_JADAVPUR,2025-07-07,08-07-2025 00:00,25.65,40.1,40.04,2.78,0.44,16.84
KOLKATA_JADAVPUR,2025-07-08,08-08-2025 00:00,42.09,72.2,39.7,2.98,0.51,14.7
KOLKATA_JADAVPUR,2025-07-09,08-09-2025 00:00,35.43,59.2,60.47,3.4,0.31,18.84
KOLKATA_JADAVPUR,2025-07-10,08-10-2025 00:00,50.52,88.67,20.63,4.88,0.49,27.69
KOLKATA_JADAVPUR,2025-07-11,08-11-2025 00:00,105.73,196.5,16.47,6.08,0.98,33.82
KOLKATA_JADAVPUR,2025-07-12,08-12-2025 00:00,112.53,209.77,53.3,5.71,1.56,12.63
KOLKATA_JADAVPUR,2025-08-01,09-01-2025 00:00,64.46,134.87,25.32,2.83,0.9,13.08
KOLKATA_JADAVPUR,2025-08-02,09-02-2025 00:00,83.2,162.49,41.72,4.48,1.04,13.8
KOLKATA_JADAVPUR,2025-08-03,09-03-2025 00:00,79.77,145.8,11.65,3.65,0.44,40.54
KOLKATA_JADAVPUR,2025-08-04,09-04-2025 00:00,34.26,56.92,19.24,4.92,0.35,24.06
KOLKATA_JADAVPUR,2025-08-05,09-05-2025 00:00,52.54,92.62,21.41,6.37,0.24,53.96
KOLKATA_JADAVPUR,2025-08-06,09-06-2025 00:00,54.9,97.23,50.03,2.5,0.5,21.07
KOLKATA_JADAVPUR,2025-08-07,09-07-2025 00:00,22.12,33.21,32.3,2.55,0.47,17.06
KOLKATA_JADAVPUR,2025-08-08,09-08-2025 00:00,30.54,49.65,29.28,2.69,0.33,25.99
KOLKATA_JADAVPUR,2025-08-09,09-09-2025 00:00,42.25,72.52,53.03,3.84,0.34,18.08
KOLKATA_JADAVPUR,2025-08-10,09-10-2025 00:00,47.06,81.91,21.88,4.28,0.56,20.56
KOLKATA_JADAVPUR,2025-08-11,09-11-2025 00:00,80.69,147.59,19.22,5.3,0.62,34.52
KOLKATA_JADAVPUR,2025-08-12,09-12-2025 00:00,137.33,258.22,55.73,6.51,1.37,18.65
KOLKATA_JADAVPUR,2025-09-01,10-01-2025 00:00,61.39,140.7,30.59,3.34,1.13,12.21
KOLKATA_JADAVPUR,2025-09-02,10-02-2025 00:00,86.03,168.03,40.56,4.87,1.07,18.55
KOLKATA_JADAVPUR,2025-09-03,10-03-2025 00:00,65.6,118.12,11.55,3.18,0.38,38.68
KOLKATA_JADAVPUR,2025-09-04,10-04-2025 00:00,30.3,49.18,17.73,11.94,0.33,29.35
KOLKATA_JADAVPUR,2025-09-05,10-05-2025 00:00,54.82,97.08,25.25,4.66,0.48,41.88
KOLKATA_JADAVPUR,2025-09-06,10-06-2025 00:00,61.0,109.13,57.8,2.17,0.47,23.09
KOLKATA_JADAVPUR,2025-09-07,10-07-2025 00:00,31.29,51.04,50.18,2.5,0.61,16.69
KOLKATA_JADAVPUR,2025-09-08,10-08-2025 00:00,26.68,42.11,39.59,2.83,0.31,9.14
KOLKATA_JADAVPUR,2025-09-09,10-09-2025 00:00,40.84,69.76,37.67,4.2,0.34,15.21
KOLKATA_JADAVPUR,2025-09-10,10-10-2025 00:00,52.82,93.17,24.65,3.92,0.63,22.36
KOLKATA_JADAVPUR,2025-09-11,10-11-2025 00:00,96.41,178.3,12.38,3.54,0.78,20.51
KOLKATA_JADAVPUR,2025-09-12,10-12-2025 00:00,153.31,289.44,68.8,6.95,1.37,12.44
KOLKATA_JADAVPUR,2025-10-01,11-01-2025 00:00,84.8,185.43,31.62,4.56,1.19,14.31
KOLKATA_JADAVPUR,2025-10-02,11-02-2025 00:00,68.77,134.32,30.11,6.78,0.69,27.19
KOLKATA_JADAVPUR,2025-10-03,11-03-2025 00:00,73.02,132.61,15.89,6.44,0.44,43.56
KOLKATA_JADAVPUR,2025-10-04,11-04-2025 00:00,32.45,53.39,19.87,6.41,0.35,28.19
KOLKATA_JADAVPUR,2025-10-05,11-05-2025 00:00,60.79,108.74,25.3,7.82,0.51,52.74
KOLKATA_JADAVPUR,2025-10-06,11-06-2025 00:00,55.64,98.67,71.04,1.9,0.45,17.88
KOLKATA_JADAVPUR,2025-10-07,11-07-2025 00:00,26.69,42.12,40.89,2.34,0.49,17.75
KOLKATA_JADAVPUR,2025-10-08,11-08-2025 00:00,26.81,42.36,39.72,2.81,0.37,8.37
KOLKATA_JADAVPUR,2025-10-09,11-09-2025 00:00,36.62,61.52,46.68,5.71,0.35,16.23
KOLKATA_JADAVPUR,2025-10-10,11-10-2025 00:00,53.5,94.49,22.74,3.91,0.56,25.06
KOLKATA_JADAVPUR,2025-10-11,11-11-2025 00:00,115.06,214.73,12.41,3.8,0.96,21.45
KOLKATA_JADAVPUR,2025-10-12,11-12-2025 00:00,158.01,298.61,92.76,7.17,2.1,12.47
KOLKATA_JADAVPUR,2025-11-01,12-01-2025 00:00,103.88,232.96,35.73,3.67,1.75,11.76
KOLKATA_JADAVPUR,2025-11-02,12-02-2025 00:00,56.9,111.13,48.35,5.28,0.6,25.63
KOLKATA_JADAVPUR,2025-11-03,12-03-2025 00:00,60.39,107.96,10.88,6.94,0.4,43.59
KOLKATA_JADAVPUR,2025-11-04,12-04-2025 00:00,33.27,54.98,20.88,4.72,0.42,26.59
KOLKATA_JADAVPUR,2025-11-05,12-05-2025 00:00,60.03,107.24,21.52,8.78,0.51,56.74
KOLKATA_JADAVPUR,2025-11-06,12-06-2025 00:00,40.73,69.37,53.24,2.28,0.43,19.15
KOLKATA_JADAVPUR,2025-11-07,12-07-2025 00:00,33.23,54.9,42.45,2.27,0.53,20.24
KOLKATA_JADAVPUR,2025-11-08,12-08-2025 00:00,27.44,43.59,34.84,3.29,0.44,12.45
KOLKATA_JADAVPUR,2025-11-09,12-09-2025 00:00,35.8,59.93,37.5,5.57,0.41,13.8
KOLKATA_JADAVPUR,2025-11-10,12-10-2025 00:00,54.67,96.77,48.58,4.22,0.53,26.14
KOLKATA_JADAVPUR,2025-11-11,12-11-2025 00:00,120.94,226.2,16.67,3.31,1.06,19.91
KOLKATA_JADAVPUR,2025-11-12,12-12-2025 00:00,157.1,296.83,89.75,7.16,2.08,12.81
KOLKATA_JADAVPUR,2025-12-01,13-01-2025 00:00,96.86,206.63,38.84,4.25,2.23,12.67
KOLKATA_JADAVPUR,2025-12-02,13-02-2025 00:00,54.06,105.06,92.64,3.3,0.65,25.5
KOLKATA_JADAVPUR,2025-12-03,13-03-2025 00:00,64.04,115.09,10.85,6.68,0.41,53.24
KOLKATA_JADAVPUR,2025-12-04,13-04-2025 00:00,33.25,54.93,33.65,5.66,0.42,32.26
KOLKATA_JADAVPUR,2025-12-05,13-05-2025 00:00,57.76,102.81,17.27,7.05,0.47,47.3
KOLKATA_JADAVPUR,2025-12-06,13-06-2025 00:00,29.92,48.43,51.3,2.63,0.41,19.14
KOLKATA_JADAVPUR,2025-12-07,13-07-2025 00:00,36.45,61.2,49.55,2.04,0.53,19.16
KOLKATA_JADAVPUR,2025-12-08,13-08-2025 00:00,33.82,56.05,36.8,3.55,0.45,18.26
KOLKATA_JADAVPUR,2025-12-09,13-09-2025 00:00,32.07,52.64,31.58,5.72,0.44,11.58
KOLKATA_JADAVPUR,2025-12-10,13-10-2025 00:00,62.25,111.58,35.62,3.85,0.48,34.93
KOLKATA_JADAVPUR,2025-12-11,13-11-2025 00:00,144.44,272.1,16.01,3.44,1.28,26.34
KOLKATA_JADAVPUR,2025-12-12,13-12-2025 00:00,160.64,303.75,105.81,8.14,2.57,13.01
KOLKATA_JADAVPUR,2026-01-01,02-01-2026 00:00,159.86,302.23,71.37,9.88,2.37,10.29
KOLKATA_JADAVPUR,2026-01-02,02-02-2026 00:00,76.24,138.9,27.52,11.26,1.2,11.48
KOLKATA_JADAVPUR,2026-02-01,03-01-2026 00:00,118.75,221.93,56.66,9.75,1.25,10.22
KOLKATA_JADAVPUR,2026-02-02,03-02-2026 00:00,94.84,175.25,40.78,11.89,1.88,11.43
KOLKATA_JADAVPUR,2026-03-01,04-01-2026 00:00,115.88,216.32,52.06,9.7,1.09,10.5
KOLKATA_JADAVPUR,2026-03-02,04-02-2026 00:00,87.95,161.77,38.05,11.94,1.96,13.02
KOLKATA_JADAVPUR,2026-04-01,05-01-2026 00:00,132.03,247.87,45.67,9.67,1.35,9.93
KOLKATA_JADAVPUR,2026-04-02,05-02-2026 00:00,107.19,202.02,41.93,10.51,2.1,17.66
KOLKATA_JADAVPUR,2026-05-01,06-01-2026 00:00,93.22,172.07,23.26,9.35,0.64,11.87
KOLKATA_JADAVPUR,2026-05-02,06-02-2026 00:00,96.79,179.04,37.04,4.06,2.16,13.5
KOLKATA_JADAVPUR,2026-06-01,07-01-2026 00:00,117.33,219.16,32.76,9.79,1.08,9.88
KOLKATA_JADAVPUR,2026-06-02,07-02-2026 00:00,74.68,135.85,27.62,3.84,1.4,11.44
KOLKATA_JADAVPUR,2026-07-01,08-01-2026 00:00,158.98,300.51,56.21,10.89,2.69,14.57
KOLKATA_JADAVPUR,2026-07-02,08-02-2026 00:00,86.47,158.89,26.91,3.78,1.17,9.56
KOLKATA_JADAVPUR,2026-08-01,09-01-2026 00:00,112.55,209.82,11.07,8.99,1.51,10.71
KOLKATA_JADAVPUR,2026-08-02,09-02-2026 00:00,88.88,163.62,29.57,3.99,0.86,9.71
KOLKATA_JADAVPUR,2026-09-01,10-01-2026 00:00,108.44,201.81,12.22,8.72,1.23,11.04
KOLKATA_JADAVPUR,2026-09-02,10-02-2026 00:00,95.85,177.21,32.86,5.31,0.91,20.16
KOLKATA_JADAVPUR,2026-10-01,11-01-2026 00:00,93.56,172.73,37.85,8.64,1.22,10.15
KOLKATA_JADAVPUR,2026-10-02,11-02-2026 00:00,99.88,185.07,42.84,4.36,2.12,10.39
KOLKATA_JADAVPUR,2026-11-01,12-01-2026 00:00,92.24,170.16,40.58,8.9,1.27,10.43
KOLKATA_JADAVPUR,2026-11-02,12-02-2026 00:00,105.0,195.09,38.32,3.37,1.44,12.3
KOLKATA_JADAVPUR,2026-12-01,13-01-2026 00:00,59.91,107.02,35.565,8.89,1.37,10.35
KOLKATA_JADAVPUR,2026-12-02,13-02-2026 00:00,90.45,166.66,32.81,3.94,1.08,14.83
KOLKATA_JADAVPUR,,14-01-2025 00:00,94.15,219.24,36.72,4.26,1.85,14.0
KOLKATA_JADAVPUR,,15-01-2025 00:00,96.07,216.27,35.1,3.73,1.83,11.89
KOLKATA_JADAVPUR,,16-01-2025 00:00,74.42,161.04,25.03,3.52,0.89,13.29
KOLKATA_JADAVPUR,,17-01-2025 00:00,68.58,158.07,25.81,3.89,0.88,16.39
KOLKATA_JADAVPUR,,18-01-2025 00:00,72.03,161.85,28.65,3.73,1.1,12.41
KOLKATA_JADAVPUR,,19-01-2025 00:00,74.95,175.99,28.33,3.58,1.32,12.33
KOLKATA_JADAVPUR,,20-01-2025 00:00,73.58,165.23,28.59,4.11,1.35,14.41
KOLKATA_JADAVPUR,,21-01-2025 00:00,72.76,169.88,34.5,4.46,1.57,13.04
KOLKATA_JADAVPUR,,22-01-2025 00:00,73.37,170.73,25.73,4.66,1.16,17.23
KOLKATA_JADAVPUR,,23-01-2025 00:00,75.66,171.03,26.85,4.4,1.25,19.54
KOLKATA_JADAVPUR,,24-01-2025 00:00,91.17,182.58,25.48,4.53,1.65,15.69
KOLKATA_JADAVPUR,,25-01-2025 00:00,88.13,174.17,22.96,3.29,1.3,21.72
KOLKATA_JADAVPUR,,26-01-2025 00:00,93.8,183.2,37.94,3.26,1.46,10.98
KOLKATA_JADAVPUR,,27-01-2025 00:00,84.01,164.08,57.78,3.36,1.13,12.35
KOLKATA_JADAVPUR,,28-01-2025 00:00,83.64,163.36,49.81,4.89,1.11,21.07
KOLKATA_JADAVPUR,,29-01-2025 00:00,90.66,177.06,37.93,5.39,1.1,19.06
KOLKATA_JADAVPUR,,30-01-2025 00:00,60.53,118.22,6.63,3.41,0.66,20.15
KOLKATA_JADAVPUR,,31-01-2025 00:00,55.03,107.48,19.1,3.74,0.48,20.6
KOLKATA_JADAVPUR,,01-02-2025 00:00,47.36,92.5,34.99,3.76,0.43,14.99
KOLKATA_JADAVPUR,,14-02-2025 00:00,79.39,155.07,108.03,4.75,1.16,27.3
KOLKATA_JADAVPUR,,15-02-2025 00:00,83.97,164.0,155.2,3.97,1.34,15.59
KOLKATA_JADAVPUR,,16-02-2025 00:00,83.71,163.5,71.42,6.11,1.13,23.43
KOLKATA_JADAVPUR,,17-02-2025 00:00,53.01,103.54,57.57,5.83,0.76,32.48
KOLKATA_JADAVPUR,,18-02-2025 00:00,43.81,85.57,29.64,4.1,0.48,28.67
KOLKATA_JADAVPUR,,19-02-2025 00:00,40.71,79.52,86.83,3.81,0.48,31.03
KOLKATA_JADAVPUR,,20-02-2025 00:00,42.98,83.94,41.89,3.72,0.51,18.9
KOLKATA_JADAVPUR,,21-02-2025 00:00,32.93,64.31,30.07,3.39,0.55,13.19
KOLKATA_JADAVPUR,,22-02-2025 00:00,47.35,92.49,40.25,3.28,0.67,28.97
KOLKATA_JADAVPUR,,23-02-2025 00:00,44.44,86.8,45.47,3.67,0.58,20.13
KOLKATA_JADAVPUR,,24-02-2025 00:00,48.76,95.24,87.39,4.44,0.56,23.67
KOLKATA_JADAVPUR,,25-02-2025 00:00,69.0,136.12,102.09,3.53,0.95,29.33
KOLKATA_JADAVPUR,,26-02-2025 00:00,75.72,147.89,39.56,4.32,1.0,23.88
KOLKATA_JADAVPUR,,27-02-2025 00:00,73.64,143.83,39.65,3.87,0.77,23.04
KOLKATA_JADAVPUR,,28-02-2025 00:00,88.73,173.3,39.6,4.59,0.9,30.72
KOLKATA_JADAVPUR,,01-03-2025 00:00,51.88,101.33,39.56,5.74,0.57,31.62
KOLKATA_JADAVPUR,,14-03-2025 00:00,58.57,104.39,10.45,6.52,0.42,46.61
KOLKATA_JADAVPUR,,15-03-2025 00:00,56.77,100.88,7.53,2.15,0.43,32.92
KOLKATA_JADAVPUR,,16-03-2025 00:00,51.75,91.08,8.06,2.29,0.41,26.9
KOLKATA_JADAVPUR,,17-03-2025 00:00,45.4,78.67,9.87,2.36,0.38,26.04
KOLKATA_JADAVPUR,,18-03-2025 00:00,61.66,110.43,12.48,2.25,0.46,22.31
KOLKATA_JADAVPUR,,19-03-2025 00:00,63.08,113.2,25.53,6.66,0.54,44.86
KOLKATA_JADAVPUR,,20-03-2025 00:00,79.69,145.65,14.91,5.72,0.48,39.8
KOLKATA_JADAVPUR,,21-03-2025 00:00,45.53,78.93,12.54,3.85,0.35,28.92
KOLKATA_JADAVPUR,,22-03-2025 00:00,60.64,108.44,19.86,7.39,0.5,27.08
KOLKATA_JADAVPUR,,23-03-2025 00:00,38.47,65.14,11.33,3.66,0.47,13.28
KOLKATA_JADAVPUR,,24-03-2025 00:00,58.49,104.24,20.4,3.61,0.7,30.02
KOLKATA_JADAVPUR,,25-03-2025 00:00,88.35,162.55,38.53,5.08,1.08,36.36
KOLKATA_JADAVPUR,,26-03-2025 00:00,79.99,146.22,24.23,3.64,1.11,21.36
KOLKATA_JADAVPUR,,27-03-2025 00:00,56.27,99.88,12.11,4.14,0.33,39.3
KOLKATA_JADAVPUR,,28-03-2025 00:00,58.32,103.91,15.79,8.54,0.38,44.66
KOLKATA_JADAVPUR,,29-03-2025 00:00,75.37,137.22,13.46,7.04,0.53,61.76
KOLKATA_JADAVPUR,,30-03-2025 00:00,91.61,168.93,26.52,6.95,0.7,50.78
KOLKATA_JADAVPUR,,31-03-2025 00:00,60.91,108.97,9.81,1.61,0.42,36.17
KOLKATA_JADAVPUR,,01-04-2025 00:00,55.54,98.48,7.94,2.15,0.41,33.13
KOLKATA_JADAVPUR,,14-04-2025 00:00,49.07,85.84,36.67,7.63,0.46,52.06
KOLKATA_JADAVPUR,,15-04-2025 00:00,52.98,93.48,33.42,7.21,0.48,45.56
KOLKATA_JADAVPUR,,16-04-2025 00:00,47.57,82.9,26.94,4.9,0.57,46.59
KOLKATA_JADAVPUR,,17-04-2025 00:00,47.5,82.77,19.56,7.03,0.51,30.25
KOLKATA_JADAVPUR,,18-04-2025 00:00,43.0,73.99,15.77,5.58,0.46,24.08
KOLKATA_JADAVPUR,,19-04-2025 00:00,35.5,59.34,24.83,4.4,0.51,31.2
KOLKATA_JADAVPUR,,20-04-2025 00:00,45.74,79.33,29.16,4.59,0.54,30.11
KOLKATA_JADAVPUR,,21-04-2025 00:00,44.12,76.17,14.5,4.24,0.42,21.84
KOLKATA_JADAVPUR,,22-04-2025 00:00,44.69,77.29,15.37,4.46,0.41,24.9
KOLKATA_JADAVPUR,,23-04-2025 00:00,49.29,86.27,12.62,3.71,0.41,22.6
KOLKATA_JADAVPUR,,24-04-2025 00:00,52.72,92.98,14.08,4.35,0.42,29.14
KOLKATA_JADAVPUR,,25-04-2025 00:00,52.32,92.19,12.83,4.57,0.4,22.52
KOLKATA_JADAVPUR,,26-04-2025 00:00,43.14,74.27,12.85,4.21,0.37,20.65
KOLKATA_JADAVPUR,,27-04-2025 00:00,37.49,63.22,11.18,4.32,0.36,18.03
KOLKATA_JADAVPUR,,28-04-2025 00:00,46.58,80.97,30.46,4.95,0.47,45.9
KOLKATA_JADAVPUR,,29-04-2025 00:00,57.36,102.03,35.44,4.68,0.48,39.48
KOLKATA_JADAVPUR,,30-04-2025 00:00,42.13,72.29,40.69,4.7,0.5,46.58
KOLKATA_JADAVPUR,,01-05-2025 00:00,47.97,83.69,54.61,4.79,0.57,21.43
KOLKATA_JADAVPUR,,14-05-2025 00:00,46.36,80.55,25.2,10.3,0.46,36.97
KOLKATA_JADAVPUR,,15-05-2025 00:00,44.46,76.84,13.54,4.26,0.44,26.26
KOLKATA_JADAVPUR,,16-05-2025 00:00,43.02,74.03,14.55,4.35,0.44,20.59
KOLKATA_JADAVPUR,,17-05-2025 00:00,40.63,69.36,12.81,4.02,0.46,21.05
KOLKATA_JADAVPUR,,18-05-2025 00:00,38.26,64.72,26.72,4.22,0.46,19.08
KOLKATA_JADAVPUR,,19-05-2025 00:00,32.4,53.29,31.32,4.46,0.5,22.97
KOLKATA_JADAVPUR,,20-05-2025 00:00,27.45,43.61,23.93,4.27,0.45,17.86
KOLKATA_JADAVPUR,,21-05-2025 00:00,29.88,48.36,19.41,6.57,0.44,14.19
KOLKATA_JADAVPUR,,22-05-2025 00:00,30.81,50.18,20.97,7.91,0.47,18.17
KOLKATA_JADAVPUR,,23-05-2025 00:00,40.16,68.44,37.8,7.6,0.56,17.6
KOLKATA_JADAVPUR,,24-05-2025 00:00,29.0,46.64,27.34,7.6,0.51,11.36
KOLKATA_JADAVPUR,,25-05-2025 00:00,29.29,47.2,25.21,7.32,0.49,10.94
KOLKATA_JADAVPUR,,26-05-2025 00:00,25.14,39.11,21.62,7.05,0.45,7.44
KOLKATA_JADAVPUR,,27-05-2025 00:00,25.31,39.42,26.46,6.47,0.48,7.14
KOLKATA_JADAVPUR,,28-05-2025 00:00,30.07,48.74,30.19,7.06,0.53,12.2
KOLKATA_JADAVPUR,,29-05-2025 00:00,29.69,47.98,19.26,7.13,0.43,4.19
KOLKATA_JADAVPUR,,30-05-2025 00:00,23.8,36.48,48.29,7.2,0.44,3.9
KOLKATA_JADAVPUR,,31-05-2025 00:00,33.63,55.69,67.6,7.48,0.41,10.1
KOLKATA_JADAVPUR,,01-06-2025 00:00,42.02,72.06,31.17,7.26,0.31,14.33
KOLKATA_JADAVPUR,,14-06-2025 00:00,31.88,52.26,43.65,2.31,0.36,20.64
KOLKATA_JADAVPUR,,15-06-2025 00:00,35.89,60.1,45.32,2.55,0.4,20.16
KOLKATA_JADAVPUR,,16-06-2025 00:00,29.03,46.69,40.65,2.35,0.38,18.93
KOLKATA_JADAVPUR,,17-06-2025 00:00,23.26,35.42,39.63,2.57,0.38,19.41
KOLKATA_JADAVPUR,,18-06-2025 00:00,23.67,36.23,41.31,2.38,0.44,16.64
KOLKATA_JADAVPUR,,19-06-2025 00:00,25.75,40.3,37.87,2.31,0.45,17.37
KOLKATA_JADAVPUR,,20-06-2025 00:00,30.94,50.42,35.4,2.1,0.42,19.41
KOLKATA_JADAVPUR,,21-06-2025 00:00,37.43,63.1,32.72,2.27,0.45,16.46
KOLKATA_JADAVPUR,,22-06-2025 00:00,41.36,70.78,29.27,2.58,0.45,17.05
KOLKATA_JADAVPUR,,23-06-2025 00:00,37.05,62.37,39.35,2.54,0.48,16.24
KOLKATA_JADAVPUR,,24-06-2025 00:00,31.74,51.99,37.03,2.69,0.44,16.68
KOLKATA_JADAVPUR,,25-06-2025 00:00,27.55,43.81,26.08,2.41,0.15,17.99
KOLKATA_JADAVPUR,,26-06-2025 00:00,29.03,46.69,28.99,2.6,0.41,17.61
KOLKATA_JADAVPUR,,27-06-2025 00:00,20.72,30.48,25.68,2.18,0.42,17.14
KOLKATA_JADAVPUR,,28-06-2025 00:00,26.66,42.06,21.41,2.53,0.38,16.92
KOLKATA_JADAVPUR,,29-06-2025 00:00,29.59,47.8,17.79,2.8,0.41,16.8
KOLKATA_JADAVPUR,,30-06-2025 00:00,32.53,53.54,24.57,2.5,0.43,17.05
KOLKATA_JADAVPUR,,01-07-2025 00:00,33.99,56.38,34.29,2.75,0.46,18.77
KOLKATA_JADAVPUR,,14-07-2025 00:00,36.75,61.77,56.8,2.59,0.51,18.86
KOLKATA_JADAVPUR,,15-07-2025 00:00,25.28,39.37,39.96,2.17,0.44,20.2
KOLKATA_JADAVPUR,,16-07-2025 00:00,33.07,54.6,37.89,2.45,0.44,18.4
KOLKATA_JADAVPUR,,17-07-2025 00:00,35.22,58.79,89.2,2.55,0.46,19.14
KOLKATA_JADAVPUR,,18-07-2025 00:00,37.36,62.97,41.57,2.29,0.37,15.92
KOLKATA_JADAVPUR,,19-07-2025 00:00,33.83,56.07,38.55,2.16,0.35,14.3
KOLKATA_JADAVPUR,,20-07-2025 00:00,35.69,59.71,47.07,2.41,0.46,13.38
KOLKATA_JADAVPUR,,21-07-2025 00:00,32.59,53.65,50.65,2.21,0.46,13.93
KOLKATA_JADAVPUR,,22-07-2025 00:00,32.84,54.13,41.72,1.84,0.39,13.36
KOLKATA_JADAVPUR,,23-07-2025 00:00,28.43,45.53,33.73,2.24,0.35,14.48
KOLKATA_JADAVPUR,,24-07-2025 00:00,30.25,49.08,39.1,2.0,0.35,16.21
KOLKATA_JADAVPUR,,25-07-2025 00:00,31.69,51.89,40.64,2.21,0.44,17.66
KOLKATA_JADAVPUR,,26-07-2025 00:00,26.98,42.7,36.29,2.44,0.42,15.81
KOLKATA_JADAVPUR,,27-07-2025 00:00,23.3,35.5,43.56,2.45,0.35,13.43
KOLKATA_JADAVPUR,,28-07-2025 00:00,27.91,44.51,13.94,2.17,0.34,17.41
KOLKATA_JADAVPUR,,29-07-2025 00:00,30.69,49.94,16.87,2.18,0.4,14.44
KOLKATA_JADAVPUR,,30-07-2025 00:00,30.58,49.73,39.77,2.21,0.48,12.88
KOLKATA_JADAVPUR,,31-07-2025 00:00,21.67,32.32,39.64,2.43,0.42,11.57
KOLKATA_JADAVPUR,,01-08-2025 00:00,29.68,47.97,39.54,2.38,0.48,11.52
KOLKATA_JADAVPUR,,14-08-2025 00:00,23.46,35.83,44.88,4.12,0.35,15.36
KOLKATA_JADAVPUR,,15-08-2025 00:00,23.32,35.54,100.04,2.8,0.36,14.66
KOLKATA_JADAVPUR,,16-08-2025 00:00,23.92,36.73,105.55,2.42,0.31,16.03
KOLKATA_JADAVPUR,,17-08-2025 00:00,21.8,32.58,119.59,2.65,0.28,20.56
KOLKATA_JADAVPUR,,18-08-2025 00:00,20.38,29.81,112.33,2.89,0.27,19.85
KOLKATA_JADAVPUR,,19-08-2025 00:00,20.0,29.06,94.53,2.61,0.28,23.82
KOLKATA_JADAVPUR,,20-08-2025 00:00,20.89,30.8,77.75,2.6,0.32,19.33
KOLKATA_JADAVPUR,,21-08-2025 00:00,22.51,33.96,76.99,2.78,0.37,16.1
KOLKATA_JADAVPUR,,22-08-2025 00:00,24.74,38.33,65.75,3.94,0.4,15.94
KOLKATA_JADAVPUR,,23-08-2025 00:00,25.71,40.22,38.05,3.53,0.36,16.4
KOLKATA_JADAVPUR,,24-08-2025 00:00,24.23,37.32,37.43,4.04,0.41,16.27
KOLKATA_JADAVPUR,,25-08-2025 00:00,29.29,47.21,43.38,4.37,0.36,19.05
KOLKATA_JADAVPUR,,26-08-2025 00:00,31.55,51.62,47.32,3.54,0.41,18.23
KOLKATA_JADAVPUR,,27-08-2025 00:00,26.73,42.2,53.36,3.4,0.3,20.34
KOLKATA_JADAVPUR,,28-08-2025 00:00,23.54,35.98,66.97,3.51,0.3,21.88
KOLKATA_JADAVPUR,,29-08-2025 00:00,26.63,42.01,63.57,3.46,0.3,23.31
KOLKATA_JADAVPUR,,30-08-2025 00:00,25.63,40.06,64.05,3.44,0.37,18.27
KOLKATA_JADAVPUR,,31-08-2025 00:00,25.97,40.73,41.47,3.6,0.38,16.69
KOLKATA_JADAVPUR,,01-09-2025 00:00,28.06,44.8,36.87,3.9,0.33,20.01
KOLKATA_JADAVPUR,,14-09-2025 00:00,29.78,48.15,20.62,4.98,0.43,12.07
KOLKATA_JADAVPUR,,15-09-2025 00:00,27.09,42.92,36.49,4.73,0.43,14.44
KOLKATA_JADAVPUR,,16-09-2025 00:00,23.07,35.06,22.86,4.54,0.41,15.47
KOLKATA_JADAVPUR,,17-09-2025 00:00,23.78,36.45,26.09,4.39,0.41,15.49
KOLKATA_JADAVPUR,,18-09-2025 00:00,29.27,47.18,28.11,4.55,0.39,14.12
KOLKATA_JADAVPUR,,19-09-2025 00:00,30.82,50.2,30.72,4.75,0.34,16.99
KOLKATA_JADAVPUR,,20-09-2025 00:00,34.48,57.35,33.63,4.65,0.4,18.36
KOLKATA_JADAVPUR,,21-09-2025 00:00,37.51,63.26,30.91,4.64,0.44,15.08
KOLKATA_JADAVPUR,,22-09-2025 00:00,53.98,95.44,41.16,4.67,0.59,21.79
KOLKATA_JADAVPUR,,23-09-2025 00:00,41.87,71.78,33.16,4.66,0.56,16.25
KOLKATA_JADAVPUR,,24-09-2025 00:00,24.09,37.04,32.68,4.73,0.64,12.54
KOLKATA_JADAVPUR,,25-09-2025 00:00,29.98,48.55,38.28,4.78,0.72,10.34
KOLKATA_JADAVPUR,,26-09-2025 00:00,35.04,58.44,12.11,4.62,0.66,12.22
KOLKATA_JADAVPUR,,27-09-2025 00:00,33.82,56.07,26.54,4.88,0.54,12.47
KOLKATA_JADAVPUR,,28-09-2025 00:00,35.16,58.68,20.87,4.91,0.38,16.35
KOLKATA_JADAVPUR,,29-09-2025 00:00,34.17,56.73,19.44,4.92,0.38,16.3
KOLKATA_JADAVPUR,,30-09-2025 00:00,39.91,67.94,22.26,4.71,0.56,25.69
KOLKATA_JADAVPUR,,01-10-2025 00:00,49.75,87.18,21.85,4.77,0.78,20.04
KOLKATA_JADAVPUR,,14-10-2025 00:00,78.76,143.83,32.24,3.92,0.57,36.94
KOLKATA_JADAVPUR,,15-10-2025 00:00,76.89,140.16,35.47,4.12,0.5,37.72
KOLKATA_JADAVPUR,,16-10-2025 00:00,82.64,151.01,32.89,4.19,0.63,30.82
KOLKATA_JADAVPUR,,17-10-2025 00:00,92.8,171.26,29.98,4.31,0.8,37.05
KOLKATA_JADAVPUR,,18-10-2025 00:00,110.18,205.2,36.88,4.64,1.19,45.05
KOLKATA_JADAVPUR,,19-10-2025 00:00,93.17,171.97,26.23,5.33,1.23,33.48
KOLKATA_JADAVPUR,,20-10-2025 00:00,60.44,108.04,9.67,5.14,0.98,41.65
KOLKATA_JADAVPUR,,21-10-2025 00:00,80.16,146.57,15.28,6.52,1.11,39.03
KOLKATA_JADAVPUR,,22-10-2025 00:00,116.86,218.25,14.86,9.26,1.18,43.05
KOLKATA_JADAVPUR,,23-10-2025 00:00,93.49,172.6,14.9,7.09,1.41,40.89
KOLKATA_JADAVPUR,,24-10-2025 00:00,90.35,166.47,13.64,6.34,1.57,42.95
KOLKATA_JADAVPUR,,25-10-2025 00:00,90.57,166.9,14.07,6.45,1.74,35.48
KOLKATA_JADAVPUR,,26-10-2025 00:00,86.57,159.09,14.81,5.78,1.52,39.86
KOLKATA_JADAVPUR,,27-10-2025 00:00,68.27,123.35,12.91,5.41,1.86,34.22
KOLKATA_JADAVPUR,,28-10-2025 00:00,74.74,135.97,15.12,5.41,1.67,35.94
KOLKATA_JADAVPUR,,29-10-2025 00:00,52.91,93.34,12.1,5.19,1.22,28.86
KOLKATA_JADAVPUR,,30-10-2025 00:00,35.23,58.81,7.1,5.41,1.08,17.51
KOLKATA_JADAVPUR,,31-10-2025 00:00,33.36,55.17,3.22,4.89,0.64,20.69
KOLKATA_JADAVPUR,,01-11-2025 00:00,37.79,63.8,4.05,5.21,0.46,25.1
KOLKATA_JADAVPUR,,14-11-2025 00:00,147.2,277.51,45.18,1.67,1.6,18.32
KOLKATA_JADAVPUR,,15-11-2025 00:00,146.38,275.9,52.86,1.67,1.69,15.55
KOLKATA_JADAVPUR,,16-11-2025 00:00,134.01,251.74,51.98,1.67,1.64,17.59
KOLKATA_JADAVPUR,,17-11-2025 00:00,124.06,232.3,42.41,1.71,0.62,17.3
KOLKATA_JADAVPUR,,18-11-2025 00:00,115.48,215.55,42.03,1.7,1.05,17.95
KOLKATA_JADAVPUR,,19-11-2025 00:00,121.75,227.8,48.47,1.75,1.54,17.22
KOLKATA_JADAVPUR,,20-11-2025 00:00,104.49,194.08,45.31,1.84,0.69,20.52
KOLKATA_JADAVPUR,,21-11-2025 00:00,115.25,217.56,44.71,1.67,0.98,21.64
KOLKATA_JADAVPUR,,22-11-2025 00:00,126.54,237.15,59.95,2.7,1.56,17.68
KOLKATA_JADAVPUR,,23-11-2025 00:00,142.01,267.38,56.88,2.61,1.38,18.38
KOLKATA_JADAVPUR,,24-11-2025 00:00,150.43,283.79,65.5,3.15,1.79,16.52
KOLKATA_JADAVPUR,,25-11-2025 00:00,146.98,277.06,56.16,2.79,1.16,18.34
KOLKATA_JADAVPUR,,26-11-2025 00:00,133.75,251.23,58.2,3.07,0.77,16.39
KOLKATA_JADAVPUR,,27-11-2025 00:00,116.09,227.19,65.02,3.56,0.87,21.52
KOLKATA_JADAVPUR,,28-11-2025 00:00,105.2,195.46,68.26,4.08,1.18,16.91
KOLKATA_JADAVPUR,,29-11-2025 00:00,119.69,223.76,82.74,5.23,2.24,15.14
KOLKATA_JADAVPUR,,30-11-2025 00:00,117.68,219.84,63.79,4.7,1.6,15.45
KOLKATA_JADAVPUR,,01-12-2025 00:00,117.59,219.67,51.41,4.56,1.6,16.01
KOLKATA_JADAVPUR,,14-12-2025 00:00,119.66,223.72,69.68,7.62,0.78,11.17
KOLKATA_JADAVPUR,,15-12-2025 00:00,87.72,161.33,69.22,7.44,0.77,12.5
KOLKATA_JADAVPUR,,16-12-2025 00:00,84.91,155.84,73.25,7.46,0.84,18.9
KOLKATA_JADAVPUR,,17-12-2025 00:00,94.91,175.38,53.19,7.4,0.68,12.82
KOLKATA_JADAVPUR,,18-12-2025 00:00,110.6,206.01,52.18,7.5,1.23,13.74
KOLKATA_JADAVPUR,,19-12-2025 00:00,93.94,173.48,33.67,7.21,0.85,14.64
KOLKATA_JADAVPUR,,20-12-2025 00:00,86.62,159.18,35.21,7.53,1.06,12.49
KOLKATA_JADAVPUR,,21-12-2025 00:00,112.54,209.8,25.19,7.35,1.13,10.77
KOLKATA_JADAVPUR,,22-12-2025 00:00,123.49,231.18,23.97,7.37,1.07,10.18
KOLKATA_JADAVPUR,,23-12-2025 00:00,100.7,186.69,33.69,7.75,1.31,10.4
KOLKATA_JADAVPUR,,24-12-2025 00:00,110.9,206.59,56.89,8.39,1.79,12.69
KOLKATA_JADAVPUR,,25-12-2025 00:00,124.41,232.99,55.35,8.46,1.81,11.16
KOLKATA_JADAVPUR,,26-12-2025 00:00,117.27,219.04,39.16,8.14,0.83,10.6
KOLKATA_JADAVPUR,,27-12-2025 00:00,125.32,240.1,32.82,8.24,1.03,12.22
KOLKATA_JADAVPUR,,28-12-2025 00:00,132.52,248.82,45.71,8.78,1.55,11.27
KOLKATA_JADAVPUR,,29-12-2025 00:00,103.44,192.04,31.75,8.51,0.73,10.35
KOLKATA_JADAVPUR,,30-12-2025 00:00,105.87,196.78,22.08,8.49,0.46,10.34
KOLKATA_JADAVPUR,,31-12-2025 00:00,92.9,171.45,23.05,8.67,0.58,11.03
KOLKATA_JADAVPUR,,01-01-2026 00:00,93.39,172.41,34.33,8.98,1.19,11.44
KOLKATA_JADAVPUR,,14-01-2026 00:00,43.07,74.12,32.765,8.89,1.09,10.59
KOLKATA_JADAVPUR,,15-01-2026 00:00,48.01,83.77,31.2,8.87,1.04,10.19
KOLKATA_JADAVPUR,,16-01-2026 00:00,58.1,108.08,27.93,9.0,0.89,12.07
KOLKATA_JADAVPUR,,17-01-2026 00:00,97.87,181.16,34.99,9.39,1.18,10.15
KOLKATA_JADAVPUR,,18-01-2026 00:00,117.37,219.24,38.53,9.5,1.37,10.0
KOLKATA_JADAVPUR,,19-01-2026 00:00,122.41,229.08,42.1,9.73,1.71,10.19
KOLKATA_JADAVPUR,,20-01-2026 00:00,131.82,247.45,48.43,10.22,2.19,10.77
KOLKATA_JADAVPUR,,21-01-2026 00:00,148.07,282.4,52.76,10.88,1.74,18.41
KOLKATA_JADAVPUR,,22-01-2026 00:00,129.6,243.12,50.57,10.97,1.77,11.81
KOLKATA_JADAVPUR,,23-01-2026 00:00,100.15,185.6,46.05,10.69,1.18,10.93
KOLKATA_JADAVPUR,,24-01-2026 00:00,109.79,204.43,41.75,10.49,0.94,11.37
KOLKATA_JADAVPUR,,25-01-2026 00:00,124.5,233.17,44.09,10.91,1.97,11.31
KOLKATA_JADAVPUR,,26-01-2026 00:00,95.1,175.74,36.63,10.51,1.56,11.89
KOLKATA_JADAVPUR,,27-01-2026 00:00,105.92,196.88,41.49,10.88,1.9,11.83
KOLKATA_JADAVPUR,,28-01-2026 00:00,83.71,153.49,38.42,10.79,1.69,12.21
KOLKATA_JADAVPUR,,29-01-2026 00:00,95.47,176.46,36.08,10.98,1.52,16.87
KOLKATA_JADAVPUR,,30-01-2026 00:00,110.34,205.5,41.69,11.53,2.04,11.79
KOLKATA_JADAVPUR,,31-01-2026 00:00,88.72,163.28,35.8,11.3,1.64,11.48
KOLKATA_JADAVPUR,,01-02-2026 00:00,84.64,160.55,29.34,15.32,1.21,16.38
KOLKATA_JADAVPUR,,14-02-2026 00:00,92.96,171.56,32.83,2.51,1.57,14.47
KOLKATA_JADAVPUR,,15-02-2026 00:00,95.28,176.09,33.53,2.71,1.55,11.66
KOLKATA_JADAVPUR,,16-02-2026 00:00,88.43,162.71,27.29,2.75,1.32,13.3
KOLKATA_JADAVPUR,,17-02-2026 00:00,79.83,145.92,26.28,1.81,0.95,11.85
KOLKATA_JADAVPUR,,17-02-2026 00:00,138.7,260.91,40.0,1.98,1.7,5.55
LUCKNOW__TALKATOTRA_DISTRICT_,2025-01-01,02-01-2025 00:00,54.78,128.04,7.38,11.91,0.58,13.97
LUCKNOW__TALKATOTRA_DISTRICT_,2025-01-02,02-02-2025 00:00,95.61,281.46,51.18,14.31,0.45,24.84
LUCKNOW__TALKATOTRA_DISTRICT_,2025-01-03,02-03-2025 00:00,63.19,157.27,26.19,4.78,0.52,24.2
LUCKNOW__TALKATOTRA_DISTRICT_,2025-01-04,02-04-2025 00:00,51.24,268.89,29.62,16.15,0.6,18.69
LUCKNOW__TALKATOTRA_DISTRICT_,2025-01-05,02-05-2025 00:00,64.8,197.45,30.18,4.74,0.54,24.9
LUCKNOW__TALKATOTRA_DISTRICT_,2025-01-06,02-06-2025 00:00,57.04,117.99,30.21,4.0,0.55,24.45
LUCKNOW__TALKATOTRA_DISTRICT_,2025-01-07,02-07-2025 00:00,20.31,44.96,32.06,4.83,0.65,31.79
LUCKNOW__TALKATOTRA_DISTRICT_,2025-01-08,02-08-2025 00:00,25.56,46.12,32.03,1.52,0.45,25.4
LUCKNOW__TALKATOTRA_DISTRICT_,2025-01-09,02-09-2025 00:00,16.41,61.34,31.63,6.74,0.67,18.99
LUCKNOW__TALKATOTRA_DISTRICT_,2025-01-10,02-10-2025 00:00,29.44,82.69,38.32,8.58,0.91,25.52
LUCKNOW__TALKATOTRA_DISTRICT_,2025-01-11,02-11-2025 00:00,40.18,88.07,35.65,5.19,0.49,25.42
LUCKNOW__TALKATOTRA_DISTRICT_,2025-01-12,02-12-2025 00:00,78.83,164.46,41.18,6.73,0.47,25.52
LUCKNOW__TALKATOTRA_DISTRICT_,2025-02-01,03-01-2025 00:00,71.83,189.24,5.77,12.38,0.43,13.25
LUCKNOW__TALKATOTRA_DISTRICT_,2025-02-02,03-02-2025 00:00,86.13,171.0,50.47,4.04,0.41,24.92
LUCKNOW__TALKATOTRA_DISTRICT_,2025-02-03,03-03-2025 00:00,25.37,83.97,26.22,4.74,0.45,24.48
LUCKNOW__TALKATOTRA_DISTRICT_,2025-02-04,03-04-2025 00:00,70.88,272.67,30.05,12.84,0.61,24.89
LUCKNOW__TALKATOTRA_DISTRICT_,2025-02-05,03-05-2025 00:00,65.58,185.52,30.04,4.49,0.54,25.18
LUCKNOW__TALKATOTRA_DISTRICT_,2025-02-06,03-06-2025 00:00,64.65,121.94,30.21,5.82,0.58,24.9
LUCKNOW__TALKATOTRA_DISTRICT_,2025-02-07,03-07-2025 00:00,26.65,45.29,31.96,4.8,0.52,31.6
LUCKNOW__TALKATOTRA_DISTRICT_,2025-02-08,03-08-2025 00:00,21.75,45.06,31.92,6.09,0.65,25.37
LUCKNOW__TALKATOTRA_DISTRICT_,2025-02-09,03-09-2025 00:00,18.09,52.97,32.31,6.64,0.5,25.5
LUCKNOW__TALKATOTRA_DISTRICT_,2025-02-10,03-10-2025 00:00,25.05,81.38,36.51,7.87,1.23,25.39
LUCKNOW__TALKATOTRA_DISTRICT_,2025-02-11,03-11-2025 00:00,76.57,128.65,34.65,5.09,0.53,25.48
LUCKNOW__TALKATOTRA_DISTRICT_,2025-02-12,03-12-2025 00:00,104.97,175.89,41.14,6.78,0.51,25.49
LUCKNOW__TALKATOTRA_DISTRICT_,2025-03-01,04-01-2025 00:00,74.03,203.83,8.54,10.75,0.51,24.95
LUCKNOW__TALKATOTRA_DISTRICT_,2025-03-02,04-02-2025 00:00,99.22,141.28,44.38,3.94,0.55,24.72
LUCKNOW__TALKATOTRA_DISTRICT_,2025-03-03,04-03-2025 00:00,43.11,100.2,26.23,4.75,0.46,25.07
LUCKNOW__TALKATOTRA_DISTRICT_,2025-03-04,04-04-2025 00:00,88.73,272.67,30.21,9.8,0.5,24.9
LUCKNOW__TALKATOTRA_DISTRICT_,2025-03-05,04-05-2025 00:00,63.41,182.67,30.2,4.9,0.44,24.88
LUCKNOW__TALKATOTRA_DISTRICT_,2025-03-06,04-06-2025 00:00,52.47,113.54,30.85,4.18,0.56,27.65
LUCKNOW__TALKATOTRA_DISTRICT_,2025-03-07,04-07-2025 00:00,23.49,42.1,32.0,4.85,0.51,31.39
LUCKNOW__TALKATOTRA_DISTRICT_,2025-03-08,04-08-2025 00:00,18.11,45.07,31.97,1.0,0.49,25.4
LUCKNOW__TALKATOTRA_DISTRICT_,2025-03-09,04-09-2025 00:00,15.64,52.85,31.96,5.27,0.56,25.49
LUCKNOW__TALKATOTRA_DISTRICT_,2025-03-10,04-10-2025 00:00,25.94,65.53,37.13,9.08,1.21,25.45
LUCKNOW__TALKATOTRA_DISTRICT_,2025-03-11,04-11-2025 00:00,106.99,160.86,35.78,5.03,0.52,24.63
LUCKNOW__TALKATOTRA_DISTRICT_,2025-03-12,04-12-2025 00:00,120.52,207.91,46.76,5.62,0.43,25.6
LUCKNOW__TALKATOTRA_DISTRICT_,2025-04-01,05-01-2025 00:00,88.86,216.91,25.99,10.74,0.42,24.91
LUCKNOW__TALKATOTRA_DISTRICT_,2025-04-02,05-02-2025 00:00,83.07,155.61,48.79,6.1,0.53,24.9
LUCKNOW__TALKATOTRA_DISTRICT_,2025-04-03,05-03-2025 00:00,51.4,130.99,26.12,5.36,0.49,24.91
LUCKNOW__TALKATOTRA_DISTRICT_,2025-04-04,05-04-2025 00:00,78.43,272.67,30.3,10.53,0.47,24.88
LUCKNOW__TALKATOTRA_DISTRICT_,2025-04-05,05-05-2025 00:00,69.58,197.32,30.29,4.12,0.51,25.07
LUCKNOW__TALKATOTRA_DISTRICT_,2025-04-06,05-06-2025 00:00,55.53,110.67,31.91,5.83,0.51,29.88
LUCKNOW__TALKATOTRA_DISTRICT_,2025-04-07,05-07-2025 00:00,24.73,45.21,32.03,4.37,0.51,30.27
LUCKNOW__TALKATOTRA_DISTRICT_,2025-04-08,05-08-2025 00:00,12.25,45.08,31.92,1.79,0.58,25.44
LUCKNOW__TALKATOTRA_DISTRICT_,2025-04-09,05-09-2025 00:00,19.32,52.84,31.99,5.55,0.53,25.33
LUCKNOW__TALKATOTRA_DISTRICT_,2025-04-10,05-10-2025 00:00,15.71,37.06,36.53,9.63,1.3,25.57
LUCKNOW__TALKATOTRA_DISTRICT_,2025-04-11,05-11-2025 00:00,94.69,173.97,33.86,6.36,0.6,25.18
LUCKNOW__TALKATOTRA_DISTRICT_,2025-04-12,05-12-2025 00:00,80.49,151.52,39.39,6.66,0.54,23.71
LUCKNOW__TALKATOTRA_DISTRICT_,2025-05-01,06-01-2025 00:00,67.33,189.67,25.36,10.76,0.45,24.86
LUCKNOW__TALKATOTRA_DISTRICT_,2025-05-02,06-02-2025 00:00,63.49,138.63,46.23,5.16,0.41,24.85
LUCKNOW__TALKATOTRA_DISTRICT_,2025-05-03,06-03-2025 00:00,49.22,139.06,26.22,4.8,0.55,24.88
LUCKNOW__TALKATOTRA_DISTRICT_,2025-05-04,06-04-2025 00:00,70.71,272.67,30.29,8.06,0.45,24.91
LUCKNOW__TALKATOTRA_DISTRICT_,2025-05-05,06-05-2025 00:00,54.75,182.54,30.3,5.07,0.59,25.43
LUCKNOW__TALKATOTRA_DISTRICT_,2025-05-06,06-06-2025 00:00,46.99,112.46,31.13,6.3,0.44,25.36
LUCKNOW__TALKATOTRA_DISTRICT_,2025-05-07,06-07-2025 00:00,22.56,52.72,32.13,3.52,0.57,25.54
LUCKNOW__TALKATOTRA_DISTRICT_,2025-05-08,06-08-2025 00:00,20.18,45.07,31.96,1.43,0.46,25.19
LUCKNOW__TALKATOTRA_DISTRICT_,2025-05-09,06-09-2025 00:00,15.9,63.16,31.71,3.35,0.62,24.52
LUCKNOW__TALKATOTRA_DISTRICT_,2025-05-10,06-10-2025 00:00,32.51,64.11,39.25,7.96,1.28,25.51
LUCKNOW__TALKATOTRA_DISTRICT_,2025-05-11,06-11-2025 00:00,130.08,191.0,23.92,6.14,0.54,24.83
LUCKNOW__TALKATOTRA_DISTRICT_,2025-05-12,06-12-2025 00:00,84.07,152.34,38.27,8.07,0.51,25.48
LUCKNOW__TALKATOTRA_DISTRICT_,2025-06-01,07-01-2025 00:00,71.05,180.57,18.67,11.29,0.38,24.9
LUCKNOW__TALKATOTRA_DISTRICT_,2025-06-02,07-02-2025 00:00,57.8,97.14,35.17,4.02,0.54,18.31
LUCKNOW__TALKATOTRA_DISTRICT_,2025-06-03,07-03-2025 00:00,46.67,109.83,26.02,6.15,0.55,24.92
LUCKNOW__TALKATOTRA_DISTRICT_,2025-06-04,07-04-2025 00:00,66.67,259.34,29.16,6.7,0.47,26.08
LUCKNOW__TALKATOTRA_DISTRICT_,2025-06-05,07-05-2025 00:00,54.5,199.48,40.17,5.27,0.52,24.34
LUCKNOW__TALKATOTRA_DISTRICT_,2025-06-06,07-06-2025 00:00,56.83,110.05,32.07,5.7,0.61,30.5
LUCKNOW__TALKATOTRA_DISTRICT_,2025-06-07,07-07-2025 00:00,17.48,52.51,32.03,3.44,0.41,25.52
LUCKNOW__TALKATOTRA_DISTRICT_,2025-06-08,07-08-2025 00:00,15.47,45.9,31.94,4.9,0.57,25.32
LUCKNOW__TALKATOTRA_DISTRICT_,2025-06-09,07-09-2025 00:00,20.79,45.3,32.07,4.7,0.44,25.5
LUCKNOW__TALKATOTRA_DISTRICT_,2025-06-10,07-10-2025 00:00,56.32,113.84,38.56,9.7,1.22,25.29
LUCKNOW__TALKATOTRA_DISTRICT_,2025-06-11,07-11-2025 00:00,75.88,131.11,27.78,4.47,0.5,25.5
LUCKNOW__TALKATOTRA_DISTRICT_,2025-06-12,07-12-2025 00:00,122.31,201.45,43.12,8.66,0.65,25.37
LUCKNOW__TALKATOTRA_DISTRICT_,2025-07-01,08-01-2025 00:00,96.46,152.24,6.61,10.79,0.42,24.9
LUCKNOW__TALKATOTRA_DISTRICT_,2025-07-02,08-02-2025 00:00,63.78,118.81,36.94,4.51,0.49,24.83
LUCKNOW__TALKATOTRA_DISTRICT_,2025-07-03,08-03-2025 00:00,52.17,137.75,35.92,4.57,0.53,24.59
LUCKNOW__TALKATOTRA_DISTRICT_,2025-07-04,08-04-2025 00:00,98.63,275.12,29.97,6.26,0.55,25.94
LUCKNOW__TALKATOTRA_DISTRICT_,2025-07-05,08-05-2025 00:00,58.02,197.5,47.86,6.48,0.53,25.18
LUCKNOW__TALKATOTRA_DISTRICT_,2025-07-06,08-06-2025 00:00,74.35,112.23,32.05,7.9,0.66,30.42
LUCKNOW__TALKATOTRA_DISTRICT_,2025-07-07,08-07-2025 00:00,22.18,47.78,31.86,6.22,0.57,24.85
LUCKNOW__TALKATOTRA_DISTRICT_,2025-07-08,08-08-2025 00:00,21.31,45.08,32.02,1.95,0.52,25.51
LUCKNOW__TALKATOTRA_DISTRICT_,2025-07-09,08-09-2025 00:00,14.47,40.74,31.99,4.65,0.48,25.54
LUCKNOW__TALKATOTRA_DISTRICT_,2025-07-10,08-10-2025 00:00,27.85,68.45,40.01,7.27,1.22,25.7
LUCKNOW__TALKATOTRA_DISTRICT_,2025-07-11,08-11-2025 00:00,84.11,153.09,37.23,5.45,0.52,25.19
LUCKNOW__TALKATOTRA_DISTRICT_,2025-07-12,08-12-2025 00:00,114.54,197.95,42.39,8.56,0.62,25.35
LUCKNOW__TALKATOTRA_DISTRICT_,2025-08-01,09-01-2025 00:00,84.49,148.2,22.82,10.74,0.49,24.96
LUCKNOW__TALKATOTRA_DISTRICT_,2025-08-02,09-02-2025 00:00,57.8,114.27,51.39,6.68,0.46,24.98
LUCKNOW__TALKATOTRA_DISTRICT_,2025-08-03,09-03-2025 00:00,57.88,173.54,45.09,7.1,0.55,25.01
LUCKNOW__TALKATOTRA_DISTRICT_,2025-08-04,09-04-2025 00:00,93.95,272.67,30.34,5.29,0.47,24.87
LUCKNOW__TALKATOTRA_DISTRICT_,2025-08-05,09-05-2025 00:00,52.41,222.19,39.36,5.71,0.39,23.76
LUCKNOW__TALKATOTRA_DISTRICT_,2025-08-06,09-06-2025 00:00,66.84,121.71,31.95,5.25,0.55,30.27
LUCKNOW__TALKATOTRA_DISTRICT_,2025-08-07,09-07-2025 00:00,24.71,44.1,32.11,5.58,0.49,25.41
LUCKNOW__TALKATOTRA_DISTRICT_,2025-08-08,09-08-2025 00:00,16.59,40.43,32.0,2.19,0.56,25.19
LUCKNOW__TALKATOTRA_DISTRICT_,2025-08-09,09-09-2025 00:00,14.13,36.73,32.18,5.72,0.58,25.35
LUCKNOW__TALKATOTRA_DISTRICT_,2025-08-10,09-10-2025 00:00,32.31,78.48,47.71,8.26,1.17,25.79
LUCKNOW__TALKATOTRA_DISTRICT_,2025-08-11,09-11-2025 00:00,112.86,190.56,38.13,5.63,0.49,25.47
LUCKNOW__TALKATOTRA_DISTRICT_,2025-08-12,09-12-2025 00:00,106.87,183.82,41.05,8.46,0.59,25.47
LUCKNOW__TALKATOTRA_DISTRICT_,2025-09-01,10-01-2025 00:00,114.94,270.86,29.46,10.79,0.66,25.4
LUCKNOW__TALKATOTRA_DISTRICT_,2025-09-02,10-02-2025 00:00,60.48,128.71,51.32,4.37,0.52,24.33
LUCKNOW__TALKATOTRA_DISTRICT_,2025-09-03,10-03-2025 00:00,66.34,178.39,44.95,7.57,0.71,26.0
LUCKNOW__TALKATOTRA_DISTRICT_,2025-09-04,10-04-2025 00:00,93.0,272.67,30.07,4.58,0.44,24.89
LUCKNOW__TALKATOTRA_DISTRICT_,2025-09-05,10-05-2025 00:00,69.4,247.28,30.24,5.46,0.92,19.13
LUCKNOW__TALKATOTRA_DISTRICT_,2025-09-06,10-06-2025 00:00,80.11,133.05,32.07,5.35,0.49,30.58
LUCKNOW__TALKATOTRA_DISTRICT_,2025-09-07,10-07-2025 00:00,22.37,40.61,31.98,4.79,0.52,25.35
LUCKNOW__TALKATOTRA_DISTRICT_,2025-09-08,10-08-2025 00:00,15.65,39.71,32.08,1.34,0.51,25.71
LUCKNOW__TALKATOTRA_DISTRICT_,2025-09-09,10-09-2025 00:00,13.02,33.83,32.07,6.54,0.5,25.46
LUCKNOW__TALKATOTRA_DISTRICT_,2025-09-10,10-10-2025 00:00,51.88,102.84,45.54,8.44,1.09,24.89
LUCKNOW__TALKATOTRA_DISTRICT_,2025-09-11,10-11-2025 00:00,117.47,205.51,42.08,3.52,0.65,23.36
LUCKNOW__TALKATOTRA_DISTRICT_,2025-09-12,10-12-2025 00:00,86.43,152.93,40.99,7.94,0.64,25.18
LUCKNOW__TALKATOTRA_DISTRICT_,2025-10-01,11-01-2025 00:00,148.38,317.55,36.17,10.72,0.56,24.71
LUCKNOW__TALKATOTRA_DISTRICT_,2025-10-02,11-02-2025 00:00,76.18,163.33,48.34,6.53,0.46,25.1
LUCKNOW__TALKATOTRA_DISTRICT_,2025-10-03,11-03-2025 00:00,83.64,184.13,43.14,5.54,0.46,19.62
LUCKNOW__TALKATOTRA_DISTRICT_,2025-10-04,11-04-2025 00:00,62.52,268.84,30.29,5.32,0.5,24.95
LUCKNOW__TALKATOTRA_DISTRICT_,2025-10-05,11-05-2025 00:00,51.69,180.52,30.38,5.59,0.55,25.69
LUCKNOW__TALKATOTRA_DISTRICT_,2025-10-06,11-06-2025 00:00,80.49,133.09,32.17,5.32,0.47,30.37
LUCKNOW__TALKATOTRA_DISTRICT_,2025-10-07,11-07-2025 00:00,22.42,40.25,32.07,5.12,0.57,25.17
LUCKNOW__TALKATOTRA_DISTRICT_,2025-10-08,11-08-2025 00:00,14.92,39.72,32.1,1.58,0.51,25.62
LUCKNOW__TALKATOTRA_DISTRICT_,2025-10-09,11-09-2025 00:00,12.87,44.8,32.02,8.37,0.61,25.53
LUCKNOW__TALKATOTRA_DISTRICT_,2025-10-10,11-10-2025 00:00,50.0,109.86,45.26,7.28,1.12,25.5
LUCKNOW__TALKATOTRA_DISTRICT_,2025-10-11,11-11-2025 00:00,113.47,175.87,37.64,5.96,0.51,24.98
LUCKNOW__TALKATOTRA_DISTRICT_,2025-10-12,11-12-2025 00:00,95.43,160.75,42.39,8.39,0.72,24.81
LUCKNOW__TALKATOTRA_DISTRICT_,2025-11-01,12-01-2025 00:00,149.88,347.56,36.07,11.45,0.46,24.94
LUCKNOW__TALKATOTRA_DISTRICT_,2025-11-02,12-02-2025 00:00,62.65,145.55,46.17,4.35,0.45,24.94
LUCKNOW__TALKATOTRA_DISTRICT_,2025-11-03,12-03-2025 00:00,92.13,215.13,41.88,6.71,0.45,24.83
LUCKNOW__TALKATOTRA_DISTRICT_,2025-11-04,12-04-2025 00:00,46.82,172.67,30.18,5.59,0.49,24.9
LUCKNOW__TALKATOTRA_DISTRICT_,2025-11-05,12-05-2025 00:00,48.68,182.67,30.1,6.87,0.68,24.88
LUCKNOW__TALKATOTRA_DISTRICT_,2025-11-06,12-06-2025 00:00,72.78,134.05,32.03,4.58,0.48,30.82
LUCKNOW__TALKATOTRA_DISTRICT_,2025-11-07,12-07-2025 00:00,14.19,25.69,32.58,5.07,0.77,25.52
LUCKNOW__TALKATOTRA_DISTRICT_,2025-11-08,12-08-2025 00:00,17.31,39.46,31.97,4.22,0.52,25.17
LUCKNOW__TALKATOTRA_DISTRICT_,2025-11-09,12-09-2025 00:00,16.85,54.4,31.98,6.82,0.51,25.58
LUCKNOW__TALKATOTRA_DISTRICT_,2025-11-10,12-10-2025 00:00,56.44,106.6,45.03,7.8,1.09,23.6
LUCKNOW__TALKATOTRA_DISTRICT_,2025-11-11,12-11-2025 00:00,99.42,173.64,40.93,5.35,0.37,25.6
LUCKNOW__TALKATOTRA_DISTRICT_,2025-11-12,12-12-2025 00:00,125.94,225.74,41.39,9.02,0.55,25.2
LUCKNOW__TALKATOTRA_DISTRICT_,2025-12-01,13-01-2025 00:00,103.93,191.42,36.2,10.81,0.44,24.36
LUCKNOW__TALKATOTRA_DISTRICT_,2025-12-02,13-02-2025 00:00,86.47,132.82,52.96,3.92,0.49,24.88
LUCKNOW__TALKATOTRA_DISTRICT_,2025-12-03,13-03-2025 00:00,59.76,153.93,41.92,4.27,0.53,24.87
LUCKNOW__TALKATOTRA_DISTRICT_,2025-12-04,13-04-2025 00:00,47.29,150.51,30.13,4.79,0.48,24.88
LUCKNOW__TALKATOTRA_DISTRICT_,2025-12-05,13-05-2025 00:00,53.72,182.72,30.29,6.69,0.48,25.28
LUCKNOW__TALKATOTRA_DISTRICT_,2025-12-06,13-06-2025 00:00,66.97,133.04,32.07,7.72,0.64,30.35
LUCKNOW__TALKATOTRA_DISTRICT_,2025-12-07,13-07-2025 00:00,19.6,61.04,31.8,5.36,0.52,25.3
LUCKNOW__TALKATOTRA_DISTRICT_,2025-12-08,13-08-2025 00:00,13.9,34.82,31.47,3.1,0.43,23.85
LUCKNOW__TALKATOTRA_DISTRICT_,2025-12-09,13-09-2025 00:00,15.3,61.13,31.88,10.25,0.54,25.11
LUCKNOW__TALKATOTRA_DISTRICT_,2025-12-10,13-10-2025 00:00,67.43,124.92,46.41,8.69,1.08,25.6
LUCKNOW__TALKATOTRA_DISTRICT_,2025-12-11,13-11-2025 00:00,119.95,178.37,43.41,5.2,0.51,25.53
LUCKNOW__TALKATOTRA_DISTRICT_,2025-12-12,13-12-2025 00:00,168.6,262.03,42.94,10.8,0.55,25.5
LUCKNOW__TALKATOTRA_DISTRICT_,2026-01-01,02-01-2026 00:00,100.65,179.35,22.2,5.96,0.98,25.5
LUCKNOW__TALKATOTRA_DISTRICT_,2026-01-02,02-02-2026 00:00,93.09,302.95,24.52,7.85,0.83,25.4
LUCKNOW__TALKATOTRA_DISTRICT_,2026-02-01,03-01-2026 00:00,106.48,196.85,27.88,5.33,0.99,25.4
LUCKNOW__TALKATOTRA_DISTRICT_,2026-02-02,03-02-2026 00:00,72.48,281.59,23.69,8.6,0.91,25.63
LUCKNOW__TALKATOTRA_DISTRICT_,2026-03-01,04-01-2026 00:00,64.4,131.77,26.94,6.05,1.05,25.65
LUCKNOW__TALKATOTRA_DISTRICT_,2026-03-02,04-02-2026 00:00,68.84,123.75,25.35,8.6,0.79,25.41
LUCKNOW__TALKATOTRA_DISTRICT_,2026-04-01,05-01-2026 00:00,119.29,225.8,28.15,8.67,1.09,25.55
LUCKNOW__TALKATOTRA_DISTRICT_,2026-04-02,05-02-2026 00:00,58.19,106.06,30.69,5.65,0.82,22.28
LUCKNOW__TALKATOTRA_DISTRICT_,2026-05-01,06-01-2026 00:00,102.63,178.31,27.67,6.31,0.91,24.61
LUCKNOW__TALKATOTRA_DISTRICT_,2026-05-02,06-02-2026 00:00,66.73,118.22,26.88,7.54,0.96,22.33
LUCKNOW__TALKATOTRA_DISTRICT_,2026-06-01,07-01-2026 00:00,88.1,142.84,26.8,7.05,0.98,25.57
LUCKNOW__TALKATOTRA_DISTRICT_,2026-06-02,07-02-2026 00:00,63.65,115.63,32.1,7.6,0.94,22.46
LUCKNOW__TALKATOTRA_DISTRICT_,2026-07-01,08-01-2026 00:00,96.27,152.74,26.93,6.35,0.97,25.54
LUCKNOW__TALKATOTRA_DISTRICT_,2026-07-02,08-02-2026 00:00,66.99,119.02,32.24,8.57,0.91,22.29
LUCKNOW__TALKATOTRA_DISTRICT_,2026-08-01,09-01-2026 00:00,125.49,168.09,26.99,6.03,0.96,25.55
LUCKNOW__TALKATOTRA_DISTRICT_,2026-08-02,09-02-2026 00:00,68.29,121.36,32.24,9.59,0.98,22.38
LUCKNOW__TALKATOTRA_DISTRICT_,2026-09-01,10-01-2026 00:00,133.02,180.04,26.93,7.38,0.98,25.46
LUCKNOW__TALKATOTRA_DISTRICT_,2026-09-02,10-02-2026 00:00,95.81,156.76,34.48,9.63,0.86,22.34
LUCKNOW__TALKATOTRA_DISTRICT_,2026-10-01,11-01-2026 00:00,164.97,224.14,28.98,7.77,1.01,25.23
LUCKNOW__TALKATOTRA_DISTRICT_,2026-10-02,11-02-2026 00:00,109.68,176.85,34.18,8.75,0.96,22.29
LUCKNOW__TALKATOTRA_DISTRICT_,2026-11-01,12-01-2026 00:00,143.87,182.44,28.75,6.36,0.97,25.17
LUCKNOW__TALKATOTRA_DISTRICT_,2026-11-02,12-02-2026 00:00,77.0,182.34,34.68,8.51,0.81,23.45
LUCKNOW__TALKATOTRA_DISTRICT_,2026-12-01,13-01-2026 00:00,148.12,184.62,27.65,7.66,1.02,25.4
LUCKNOW__TALKATOTRA_DISTRICT_,2026-12-02,13-02-2026 00:00,57.05,128.2,35.19,7.89,0.88,22.35
LUCKNOW__TALKATOTRA_DISTRICT_,,14-01-2025 00:00,96.91,179.33,36.09,10.77,0.52,24.98
LUCKNOW__TALKATOTRA_DISTRICT_,,15-01-2025 00:00,97.37,142.17,25.65,11.19,0.6,22.41
LUCKNOW__TALKATOTRA_DISTRICT_,,16-01-2025 00:00,98.86,159.45,37.25,3.48,0.44,24.51
LUCKNOW__TALKATOTRA_DISTRICT_,,17-01-2025 00:00,94.64,159.18,37.09,4.7,0.51,24.88
LUCKNOW__TALKATOTRA_DISTRICT_,,18-01-2025 00:00,73.9,111.32,37.06,4.73,0.5,24.96
LUCKNOW__TALKATOTRA_DISTRICT_,,19-01-2025 00:00,70.22,116.75,36.97,3.5,0.54,24.92
LUCKNOW__TALKATOTRA_DISTRICT_,,20-01-2025 00:00,61.73,104.07,37.11,6.0,0.5,35.75
LUCKNOW__TALKATOTRA_DISTRICT_,,21-01-2025 00:00,79.35,124.09,37.11,4.61,0.47,41.79
LUCKNOW__TALKATOTRA_DISTRICT_,,22-01-2025 00:00,94.19,140.0,33.66,5.69,0.5,41.78
LUCKNOW__TALKATOTRA_DISTRICT_,,23-01-2025 00:00,104.17,160.32,46.57,6.8,0.6,41.81
LUCKNOW__TALKATOTRA_DISTRICT_,,24-01-2025 00:00,109.08,187.38,40.26,3.93,0.42,41.9
LUCKNOW__TALKATOTRA_DISTRICT_,,25-01-2025 00:00,89.73,121.77,36.21,4.53,0.48,41.85
LUCKNOW__TALKATOTRA_DISTRICT_,,26-01-2025 00:00,79.63,111.11,33.57,4.04,0.55,41.89
LUCKNOW__TALKATOTRA_DISTRICT_,,27-01-2025 00:00,89.0,124.92,35.83,4.94,0.52,41.75
LUCKNOW__TALKATOTRA_DISTRICT_,,28-01-2025 00:00,109.53,168.38,34.37,4.67,0.54,30.86
LUCKNOW__TALKATOTRA_DISTRICT_,,29-01-2025 00:00,115.11,214.22,34.73,7.68,0.58,24.86
LUCKNOW__TALKATOTRA_DISTRICT_,,30-01-2025 00:00,145.2,322.52,46.5,9.58,0.56,24.89
LUCKNOW__TALKATOTRA_DISTRICT_,,31-01-2025 00:00,125.26,307.37,49.61,9.99,0.44,24.88
LUCKNOW__TALKATOTRA_DISTRICT_,,01-02-2025 00:00,110.67,298.7,44.18,12.74,0.61,17.43
LUCKNOW__TALKATOTRA_DISTRICT_,,14-02-2025 00:00,65.4,122.18,47.21,4.54,0.58,25.0
LUCKNOW__TALKATOTRA_DISTRICT_,,15-02-2025 00:00,56.6,113.08,43.13,4.9,0.48,24.9
LUCKNOW__TALKATOTRA_DISTRICT_,,16-02-2025 00:00,69.12,134.79,43.28,5.01,0.52,24.9
LUCKNOW__TALKATOTRA_DISTRICT_,,17-02-2025 00:00,96.76,205.67,43.17,8.39,0.65,24.92
LUCKNOW__TALKATOTRA_DISTRICT_,,18-02-2025 00:00,129.31,240.13,43.24,7.02,0.57,24.9
LUCKNOW__TALKATOTRA_DISTRICT_,,19-02-2025 00:00,109.57,169.47,36.44,4.26,0.39,21.37
LUCKNOW__TALKATOTRA_DISTRICT_,,20-02-2025 00:00,85.86,154.9,46.77,5.75,0.64,24.83
LUCKNOW__TALKATOTRA_DISTRICT_,,21-02-2025 00:00,105.32,186.09,46.84,5.74,0.48,24.82
LUCKNOW__TALKATOTRA_DISTRICT_,,22-02-2025 00:00,79.38,164.65,49.73,6.19,0.5,25.03
LUCKNOW__TALKATOTRA_DISTRICT_,,23-02-2025 00:00,65.9,137.07,51.51,4.84,0.44,24.93
LUCKNOW__TALKATOTRA_DISTRICT_,,24-02-2025 00:00,63.31,114.96,51.6,4.54,0.51,24.89
LUCKNOW__TALKATOTRA_DISTRICT_,,25-02-2025 00:00,68.99,132.59,51.3,5.68,0.41,24.88
LUCKNOW__TALKATOTRA_DISTRICT_,,26-02-2025 00:00,64.83,133.17,51.58,6.02,0.51,24.91
LUCKNOW__TALKATOTRA_DISTRICT_,,27-02-2025 00:00,99.61,171.4,51.75,7.56,0.48,24.69
LUCKNOW__TALKATOTRA_DISTRICT_,,28-02-2025 00:00,83.24,157.02,51.47,5.16,0.47,22.08
LUCKNOW__TALKATOTRA_DISTRICT_,,01-03-2025 00:00,97.81,192.32,41.09,6.31,0.46,19.7
LUCKNOW__TALKATOTRA_DISTRICT_,,14-03-2025 00:00,53.1,131.75,41.8,6.17,0.44,24.73
LUCKNOW__TALKATOTRA_DISTRICT_,,15-03-2025 00:00,47.96,109.9,41.85,4.81,0.47,24.8
LUCKNOW__TALKATOTRA_DISTRICT_,,16-03-2025 00:00,43.95,114.13,41.74,6.96,0.52,24.87
LUCKNOW__TALKATOTRA_DISTRICT_,,17-03-2025 00:00,43.07,108.23,41.82,5.1,0.43,24.9
LUCKNOW__TALKATOTRA_DISTRICT_,,18-03-2025 00:00,29.15,59.24,42.03,5.5,0.51,24.91
LUCKNOW__TALKATOTRA_DISTRICT_,,19-03-2025 00:00,37.1,83.49,41.94,5.72,0.47,24.92
LUCKNOW__TALKATOTRA_DISTRICT_,,20-03-2025 00:00,46.25,95.05,41.89,6.19,0.54,24.84
LUCKNOW__TALKATOTRA_DISTRICT_,,21-03-2025 00:00,53.53,162.36,41.79,15.05,0.48,25.2
LUCKNOW__TALKATOTRA_DISTRICT_,,22-03-2025 00:00,46.83,105.21,41.78,5.6,0.5,24.31
LUCKNOW__TALKATOTRA_DISTRICT_,,23-03-2025 00:00,52.92,125.72,41.73,5.21,0.43,25.04
LUCKNOW__TALKATOTRA_DISTRICT_,,24-03-2025 00:00,63.95,126.05,41.86,5.56,0.54,25.16
LUCKNOW__TALKATOTRA_DISTRICT_,,25-03-2025 00:00,84.0,158.62,36.3,10.38,0.54,22.83
LUCKNOW__TALKATOTRA_DISTRICT_,,26-03-2025 00:00,116.82,211.68,26.35,10.15,0.57,25.01
LUCKNOW__TALKATOTRA_DISTRICT_,,27-03-2025 00:00,104.02,198.95,26.13,9.41,0.48,24.94
LUCKNOW__TALKATOTRA_DISTRICT_,,28-03-2025 00:00,78.93,153.45,26.13,5.12,0.46,25.23
LUCKNOW__TALKATOTRA_DISTRICT_,,29-03-2025 00:00,71.26,144.74,29.05,6.5,0.5,24.94
LUCKNOW__TALKATOTRA_DISTRICT_,,30-03-2025 00:00,56.49,122.12,30.26,5.14,0.54,24.9
LUCKNOW__TALKATOTRA_DISTRICT_,,31-03-2025 00:00,59.83,124.59,29.97,18.49,0.55,23.26
LUCKNOW__TALKATOTRA_DISTRICT_,,01-04-2025 00:00,50.27,95.87,30.12,10.84,0.51,25.36
LUCKNOW__TALKATOTRA_DISTRICT_,,14-04-2025 00:00,39.38,139.12,30.13,3.7,0.48,24.92
LUCKNOW__TALKATOTRA_DISTRICT_,,15-04-2025 00:00,45.95,133.64,30.24,6.4,0.56,25.03
LUCKNOW__TALKATOTRA_DISTRICT_,,16-04-2025 00:00,66.21,186.73,30.24,4.54,0.5,24.91
LUCKNOW__TALKATOTRA_DISTRICT_,,17-04-2025 00:00,66.58,226.44,30.32,5.18,0.48,24.89
LUCKNOW__TALKATOTRA_DISTRICT_,,18-04-2025 00:00,68.97,192.67,30.13,5.27,0.45,24.87
LUCKNOW__TALKATOTRA_DISTRICT_,,19-04-2025 00:00,62.43,191.96,30.03,5.69,0.43,24.5
LUCKNOW__TALKATOTRA_DISTRICT_,,20-04-2025 00:00,49.19,192.67,30.29,4.97,0.5,24.89
LUCKNOW__TALKATOTRA_DISTRICT_,,21-04-2025 00:00,54.24,193.34,30.3,5.2,0.49,24.28
LUCKNOW__TALKATOTRA_DISTRICT_,,22-04-2025 00:00,78.88,198.14,30.14,5.57,0.52,24.89
LUCKNOW__TALKATOTRA_DISTRICT_,,23-04-2025 00:00,89.72,202.69,30.25,5.81,0.45,24.82
LUCKNOW__TALKATOTRA_DISTRICT_,,24-04-2025 00:00,78.51,198.14,30.15,4.72,0.61,24.9
LUCKNOW__TALKATOTRA_DISTRICT_,,25-04-2025 00:00,71.63,193.17,30.36,6.41,0.5,25.14
LUCKNOW__TALKATOTRA_DISTRICT_,,26-04-2025 00:00,73.73,192.67,30.09,7.71,0.48,24.9
LUCKNOW__TALKATOTRA_DISTRICT_,,27-04-2025 00:00,75.77,192.67,30.23,11.73,0.52,24.85
LUCKNOW__TALKATOTRA_DISTRICT_,,28-04-2025 00:00,88.93,196.71,30.26,6.32,0.52,24.93
LUCKNOW__TALKATOTRA_DISTRICT_,,29-04-2025 00:00,83.11,197.92,30.23,3.77,0.45,25.01
LUCKNOW__TALKATOTRA_DISTRICT_,,30-04-2025 00:00,59.45,196.58,29.41,4.45,0.46,20.39
LUCKNOW__TALKATOTRA_DISTRICT_,,01-05-2025 00:00,61.6,186.77,29.98,5.15,0.53,25.06
LUCKNOW__TALKATOTRA_DISTRICT_,,14-05-2025 00:00,60.39,182.17,30.19,6.37,0.53,24.9
LUCKNOW__TALKATOTRA_DISTRICT_,,15-05-2025 00:00,68.1,167.37,29.75,6.11,0.46,27.07
LUCKNOW__TALKATOTRA_DISTRICT_,,16-05-2025 00:00,93.16,213.79,30.58,7.87,0.63,31.46
LUCKNOW__TALKATOTRA_DISTRICT_,,17-05-2025 00:00,109.54,206.18,30.26,5.26,0.6,24.86
LUCKNOW__TALKATOTRA_DISTRICT_,,18-05-2025 00:00,83.55,193.14,30.12,5.41,0.5,24.91
LUCKNOW__TALKATOTRA_DISTRICT_,,19-05-2025 00:00,60.64,188.09,30.13,6.12,0.47,24.99
LUCKNOW__TALKATOTRA_DISTRICT_,,20-05-2025 00:00,57.35,207.67,30.18,6.09,0.47,24.89
LUCKNOW__TALKATOTRA_DISTRICT_,,21-05-2025 00:00,49.57,207.44,30.18,5.84,0.57,24.95
LUCKNOW__TALKATOTRA_DISTRICT_,,22-05-2025 00:00,54.99,202.67,30.13,5.19,0.53,24.89
LUCKNOW__TALKATOTRA_DISTRICT_,,23-05-2025 00:00,33.28,187.21,30.24,5.01,0.47,24.97
LUCKNOW__TALKATOTRA_DISTRICT_,,24-05-2025 00:00,44.46,148.64,30.17,5.52,0.47,25.14
LUCKNOW__TALKATOTRA_DISTRICT_,,25-05-2025 00:00,57.18,88.29,30.12,5.21,0.51,25.15
LUCKNOW__TALKATOTRA_DISTRICT_,,26-05-2025 00:00,41.35,83.46,28.19,3.47,0.56,16.01
LUCKNOW__TALKATOTRA_DISTRICT_,,27-05-2025 00:00,43.27,147.87,28.97,6.27,0.6,12.77
LUCKNOW__TALKATOTRA_DISTRICT_,,28-05-2025 00:00,43.09,117.89,30.06,5.84,0.47,24.86
LUCKNOW__TALKATOTRA_DISTRICT_,,29-05-2025 00:00,36.74,117.89,30.06,5.12,0.54,24.88
LUCKNOW__TALKATOTRA_DISTRICT_,,30-05-2025 00:00,40.55,117.89,30.12,5.75,0.46,24.9
LUCKNOW__TALKATOTRA_DISTRICT_,,31-05-2025 00:00,43.09,121.19,30.23,6.2,0.57,24.86
LUCKNOW__TALKATOTRA_DISTRICT_,,01-06-2025 00:00,63.3,117.89,30.19,4.89,0.46,24.94
LUCKNOW__TALKATOTRA_DISTRICT_,,14-06-2025 00:00,55.3,133.26,31.96,3.99,0.55,31.32
LUCKNOW__TALKATOTRA_DISTRICT_,,15-06-2025 00:00,53.72,129.65,32.09,5.55,0.5,31.38
LUCKNOW__TALKATOTRA_DISTRICT_,,16-06-2025 00:00,41.93,129.71,31.87,4.56,0.53,31.43
LUCKNOW__TALKATOTRA_DISTRICT_,,17-06-2025 00:00,44.39,129.68,32.04,5.55,0.47,31.46
LUCKNOW__TALKATOTRA_DISTRICT_,,18-06-2025 00:00,45.72,116.68,32.03,4.51,0.49,31.39
LUCKNOW__TALKATOTRA_DISTRICT_,,19-06-2025 00:00,28.04,114.08,27.15,3.69,0.44,27.34
LUCKNOW__TALKATOTRA_DISTRICT_,,20-06-2025 00:00,52.01,108.33,32.01,5.6,0.51,31.46
LUCKNOW__TALKATOTRA_DISTRICT_,,21-06-2025 00:00,19.86,65.2,32.13,3.72,0.45,31.44
LUCKNOW__TALKATOTRA_DISTRICT_,,22-06-2025 00:00,26.42,46.08,31.97,5.56,0.47,31.28
LUCKNOW__TALKATOTRA_DISTRICT_,,23-06-2025 00:00,30.41,80.49,32.19,5.41,0.54,31.9
LUCKNOW__TALKATOTRA_DISTRICT_,,24-06-2025 00:00,35.7,81.98,32.05,5.33,0.4,31.42
LUCKNOW__TALKATOTRA_DISTRICT_,,25-06-2025 00:00,41.56,83.88,31.99,4.58,0.47,31.4
LUCKNOW__TALKATOTRA_DISTRICT_,,26-06-2025 00:00,42.55,82.57,31.96,6.15,0.56,31.38
LUCKNOW__TALKATOTRA_DISTRICT_,,27-06-2025 00:00,32.13,87.1,31.82,4.9,0.39,31.58
LUCKNOW__TALKATOTRA_DISTRICT_,,28-06-2025 00:00,39.94,86.72,31.92,5.78,0.6,31.38
LUCKNOW__TALKATOTRA_DISTRICT_,,29-06-2025 00:00,35.5,87.35,31.92,5.55,0.51,31.01
LUCKNOW__TALKATOTRA_DISTRICT_,,30-06-2025 00:00,22.26,84.58,32.23,4.36,0.51,31.6
LUCKNOW__TALKATOTRA_DISTRICT_,,01-07-2025 00:00,25.23,58.09,30.33,6.79,0.48,27.76
LUCKNOW__TALKATOTRA_DISTRICT_,,14-07-2025 00:00,25.68,62.98,31.82,3.94,0.48,25.17
LUCKNOW__TALKATOTRA_DISTRICT_,,15-07-2025 00:00,22.65,67.01,31.9,6.47,0.53,22.72
LUCKNOW__TALKATOTRA_DISTRICT_,,16-07-2025 00:00,25.27,62.43,32.05,5.63,0.63,25.42
LUCKNOW__TALKATOTRA_DISTRICT_,,17-07-2025 00:00,16.34,62.49,32.07,6.7,0.66,25.47
LUCKNOW__TALKATOTRA_DISTRICT_,,18-07-2025 00:00,20.96,58.29,32.15,4.67,0.56,25.48
LUCKNOW__TALKATOTRA_DISTRICT_,,19-07-2025 00:00,29.26,54.08,32.05,5.13,0.52,25.42
LUCKNOW__TALKATOTRA_DISTRICT_,,20-07-2025 00:00,22.83,54.08,31.99,3.24,0.56,25.35
LUCKNOW__TALKATOTRA_DISTRICT_,,21-07-2025 00:00,27.07,54.08,31.9,4.53,0.52,25.42
LUCKNOW__TALKATOTRA_DISTRICT_,,22-07-2025 00:00,28.2,54.39,31.64,4.55,0.4,23.12
LUCKNOW__TALKATOTRA_DISTRICT_,,23-07-2025 00:00,28.71,54.28,31.95,4.9,0.48,25.4
LUCKNOW__TALKATOTRA_DISTRICT_,,24-07-2025 00:00,27.52,56.68,31.89,5.84,0.55,25.14
LUCKNOW__TALKATOTRA_DISTRICT_,,25-07-2025 00:00,25.88,43.86,32.06,4.53,0.48,25.49
LUCKNOW__TALKATOTRA_DISTRICT_,,26-07-2025 00:00,23.37,44.13,31.99,6.28,0.6,25.47
LUCKNOW__TALKATOTRA_DISTRICT_,,27-07-2025 00:00,19.51,44.08,31.93,6.03,0.47,25.41
LUCKNOW__TALKATOTRA_DISTRICT_,,28-07-2025 00:00,18.46,44.08,32.13,4.82,0.43,25.48
LUCKNOW__TALKATOTRA_DISTRICT_,,29-07-2025 00:00,25.79,44.22,32.11,5.35,0.48,25.48
LUCKNOW__TALKATOTRA_DISTRICT_,,30-07-2025 00:00,19.16,46.5,31.99,7.03,0.62,25.58
LUCKNOW__TALKATOTRA_DISTRICT_,,31-07-2025 00:00,21.49,46.11,32.05,5.21,0.53,25.4
LUCKNOW__TALKATOTRA_DISTRICT_,,01-08-2025 00:00,28.09,46.47,29.98,4.34,0.51,22.57
LUCKNOW__TALKATOTRA_DISTRICT_,,14-08-2025 00:00,25.22,42.07,32.03,6.84,0.56,24.88
LUCKNOW__TALKATOTRA_DISTRICT_,,15-08-2025 00:00,18.5,41.67,31.96,5.59,0.6,25.44
LUCKNOW__TALKATOTRA_DISTRICT_,,16-08-2025 00:00,17.48,40.47,31.21,6.72,0.82,22.92
LUCKNOW__TALKATOTRA_DISTRICT_,,17-08-2025 00:00,28.88,41.51,32.04,7.93,0.66,25.49
LUCKNOW__TALKATOTRA_DISTRICT_,,18-08-2025 00:00,22.5,39.61,32.01,4.3,0.5,25.46
LUCKNOW__TALKATOTRA_DISTRICT_,,19-08-2025 00:00,24.26,41.7,31.95,7.65,0.72,25.52
LUCKNOW__TALKATOTRA_DISTRICT_,,20-08-2025 00:00,27.54,43.33,32.21,5.41,0.53,25.37
LUCKNOW__TALKATOTRA_DISTRICT_,,21-08-2025 00:00,27.74,55.64,32.0,7.09,0.53,25.56
LUCKNOW__TALKATOTRA_DISTRICT_,,22-08-2025 00:00,27.61,54.51,31.9,16.51,0.54,25.56
LUCKNOW__TALKATOTRA_DISTRICT_,,23-08-2025 00:00,24.11,54.75,31.91,9.0,0.5,25.5
LUCKNOW__TALKATOTRA_DISTRICT_,,24-08-2025 00:00,24.64,53.02,31.84,9.58,0.44,25.15
LUCKNOW__TALKATOTRA_DISTRICT_,,25-08-2025 00:00,14.17,54.67,32.07,7.93,0.75,25.58
LUCKNOW__TALKATOTRA_DISTRICT_,,26-08-2025 00:00,17.09,54.44,31.62,7.05,0.56,24.27
LUCKNOW__TALKATOTRA_DISTRICT_,,27-08-2025 00:00,30.2,53.02,32.01,6.46,0.55,25.33
LUCKNOW__TALKATOTRA_DISTRICT_,,28-08-2025 00:00,29.59,55.97,32.11,4.63,0.63,25.55
LUCKNOW__TALKATOTRA_DISTRICT_,,29-08-2025 00:00,31.0,54.67,32.1,5.38,0.54,25.36
LUCKNOW__TALKATOTRA_DISTRICT_,,30-08-2025 00:00,28.03,65.16,32.09,6.15,0.42,25.38
LUCKNOW__TALKATOTRA_DISTRICT_,,31-08-2025 00:00,23.99,66.88,32.0,5.49,0.52,25.17
LUCKNOW__TALKATOTRA_DISTRICT_,,01-09-2025 00:00,15.31,67.73,31.85,4.61,0.43,24.8
LUCKNOW__TALKATOTRA_DISTRICT_,,14-09-2025 00:00,17.83,64.75,32.15,7.83,0.6,25.22
LUCKNOW__TALKATOTRA_DISTRICT_,,15-09-2025 00:00,17.24,52.84,32.07,15.64,0.63,25.44
LUCKNOW__TALKATOTRA_DISTRICT_,,16-09-2025 00:00,27.38,53.45,31.93,10.05,0.54,25.52
LUCKNOW__TALKATOTRA_DISTRICT_,,17-09-2025 00:00,18.16,46.27,31.38,8.03,0.63,22.66
LUCKNOW__TALKATOTRA_DISTRICT_,,18-09-2025 00:00,15.93,37.4,32.39,4.67,0.43,24.35
LUCKNOW__TALKATOTRA_DISTRICT_,,19-09-2025 00:00,23.32,46.22,31.66,5.89,0.54,24.18
LUCKNOW__TALKATOTRA_DISTRICT_,,20-09-2025 00:00,20.3,36.41,33.7,4.03,0.51,30.62
LUCKNOW__TALKATOTRA_DISTRICT_,,21-09-2025 00:00,29.84,37.73,30.69,6.18,0.44,16.27
LUCKNOW__TALKATOTRA_DISTRICT_,,22-09-2025 00:00,36.1,63.45,32.07,6.06,0.54,24.99
LUCKNOW__TALKATOTRA_DISTRICT_,,23-09-2025 00:00,46.97,71.71,32.16,4.16,0.49,26.6
LUCKNOW__TALKATOTRA_DISTRICT_,,24-09-2025 00:00,52.82,77.45,31.5,6.09,0.5,22.92
LUCKNOW__TALKATOTRA_DISTRICT_,,25-09-2025 00:00,58.06,87.67,37.05,4.81,0.59,30.11
LUCKNOW__TALKATOTRA_DISTRICT_,,26-09-2025 00:00,39.79,53.2,45.54,6.58,1.01,25.49
LUCKNOW__TALKATOTRA_DISTRICT_,,27-09-2025 00:00,45.69,92.7,43.25,5.94,0.8,25.32
LUCKNOW__TALKATOTRA_DISTRICT_,,28-09-2025 00:00,42.58,134.66,39.82,6.93,0.9,25.51
LUCKNOW__TALKATOTRA_DISTRICT_,,29-09-2025 00:00,27.5,58.04,37.7,3.7,0.81,25.53
LUCKNOW__TALKATOTRA_DISTRICT_,,30-09-2025 00:00,42.55,96.87,40.51,6.71,0.77,25.25
LUCKNOW__TALKATOTRA_DISTRICT_,,01-10-2025 00:00,35.65,61.75,38.64,4.49,0.86,24.61
LUCKNOW__TALKATOTRA_DISTRICT_,,14-10-2025 00:00,74.76,136.65,46.43,8.48,1.09,26.31
LUCKNOW__TALKATOTRA_DISTRICT_,,15-10-2025 00:00,75.57,124.77,35.59,5.32,0.96,30.35
LUCKNOW__TALKATOTRA_DISTRICT_,,16-10-2025 00:00,69.97,132.11,24.62,4.74,0.9,25.4
LUCKNOW__TALKATOTRA_DISTRICT_,,17-10-2025 00:00,82.62,144.2,18.25,4.77,0.95,25.67
LUCKNOW__TALKATOTRA_DISTRICT_,,18-10-2025 00:00,91.29,157.98,19.07,5.93,0.89,25.44
LUCKNOW__TALKATOTRA_DISTRICT_,,19-10-2025 00:00,90.08,153.91,18.78,5.88,0.89,25.46
LUCKNOW__TALKATOTRA_DISTRICT_,,20-10-2025 00:00,88.19,156.88,17.72,5.72,0.92,25.46
LUCKNOW__TALKATOTRA_DISTRICT_,,21-10-2025 00:00,114.31,179.62,17.11,6.74,0.95,25.45
LUCKNOW__TALKATOTRA_DISTRICT_,,22-10-2025 00:00,248.44,310.24,27.53,5.69,1.48,25.55
LUCKNOW__TALKATOTRA_DISTRICT_,,23-10-2025 00:00,95.79,206.71,47.0,7.59,1.57,25.56
LUCKNOW__TALKATOTRA_DISTRICT_,,24-10-2025 00:00,104.18,225.78,46.38,4.39,1.53,25.23
LUCKNOW__TALKATOTRA_DISTRICT_,,25-10-2025 00:00,94.59,215.43,46.14,4.29,1.55,25.72
LUCKNOW__TALKATOTRA_DISTRICT_,,26-10-2025 00:00,87.98,203.86,44.95,5.03,1.54,25.4
LUCKNOW__TALKATOTRA_DISTRICT_,,27-10-2025 00:00,86.69,205.36,44.66,5.98,1.51,25.42
LUCKNOW__TALKATOTRA_DISTRICT_,,28-10-2025 00:00,94.25,217.39,45.11,4.7,1.5,25.61
LUCKNOW__TALKATOTRA_DISTRICT_,,29-10-2025 00:00,51.96,132.04,45.07,5.71,1.51,25.36
LUCKNOW__TALKATOTRA_DISTRICT_,,30-10-2025 00:00,33.33,78.55,48.96,4.19,1.08,23.67
LUCKNOW__TALKATOTRA_DISTRICT_,,31-10-2025 00:00,39.26,77.06,56.2,6.49,0.62,25.42
LUCKNOW__TALKATOTRA_DISTRICT_,,01-11-2025 00:00,16.8,41.69,41.37,5.05,0.51,25.65
LUCKNOW__TALKATOTRA_DISTRICT_,,14-11-2025 00:00,122.28,185.21,44.7,4.98,0.64,25.38
LUCKNOW__TALKATOTRA_DISTRICT_,,15-11-2025 00:00,127.31,195.81,45.19,6.72,0.57,25.1
LUCKNOW__TALKATOTRA_DISTRICT_,,16-11-2025 00:00,90.25,170.73,45.99,4.44,0.65,25.43
LUCKNOW__TALKATOTRA_DISTRICT_,,17-11-2025 00:00,92.52,293.97,44.42,9.57,0.61,25.62
LUCKNOW__TALKATOTRA_DISTRICT_,,18-11-2025 00:00,79.48,205.23,38.46,5.41,0.54,25.36
LUCKNOW__TALKATOTRA_DISTRICT_,,19-11-2025 00:00,78.01,168.11,39.04,4.6,0.45,25.45
LUCKNOW__TALKATOTRA_DISTRICT_,,20-11-2025 00:00,122.3,187.41,44.98,5.73,0.64,25.2
LUCKNOW__TALKATOTRA_DISTRICT_,,21-11-2025 00:00,101.27,203.53,35.8,5.05,0.42,25.16
LUCKNOW__TALKATOTRA_DISTRICT_,,22-11-2025 00:00,86.83,160.6,39.23,9.45,0.53,25.48
LUCKNOW__TALKATOTRA_DISTRICT_,,23-11-2025 00:00,84.14,235.6,31.26,7.56,0.48,25.4
LUCKNOW__TALKATOTRA_DISTRICT_,,24-11-2025 00:00,82.1,199.2,37.4,6.4,0.56,25.6
LUCKNOW__TALKATOTRA_DISTRICT_,,25-11-2025 00:00,94.83,204.52,44.16,9.02,0.43,23.94
LUCKNOW__TALKATOTRA_DISTRICT_,,26-11-2025 00:00,118.95,179.48,42.56,5.64,0.45,25.18
LUCKNOW__TALKATOTRA_DISTRICT_,,27-11-2025 00:00,105.82,174.47,44.19,7.13,0.55,25.4
LUCKNOW__TALKATOTRA_DISTRICT_,,28-11-2025 00:00,110.7,159.92,44.65,8.58,0.5,25.36
LUCKNOW__TALKATOTRA_DISTRICT_,,29-11-2025 00:00,74.91,118.28,41.38,6.4,0.5,25.32
LUCKNOW__TALKATOTRA_DISTRICT_,,30-11-2025 00:00,66.7,104.35,42.55,5.92,0.53,25.43
LUCKNOW__TALKATOTRA_DISTRICT_,,01-12-2025 00:00,73.72,154.52,40.4,6.34,0.59,25.38
LUCKNOW__TALKATOTRA_DISTRICT_,,14-12-2025 00:00,175.78,285.67,44.39,11.73,0.59,25.33
LUCKNOW__TALKATOTRA_DISTRICT_,,15-12-2025 00:00,173.82,339.02,44.71,6.12,0.49,25.24
LUCKNOW__TALKATOTRA_DISTRICT_,,16-12-2025 00:00,94.84,176.35,38.31,5.57,0.96,25.37
LUCKNOW__TALKATOTRA_DISTRICT_,,17-12-2025 00:00,100.27,213.23,36.28,5.62,0.98,25.5
LUCKNOW__TALKATOTRA_DISTRICT_,,18-12-2025 00:00,112.95,210.6,34.46,6.17,1.0,25.42
LUCKNOW__TALKATOTRA_DISTRICT_,,19-12-2025 00:00,108.88,198.79,32.7,6.15,1.0,25.34
LUCKNOW__TALKATOTRA_DISTRICT_,,20-12-2025 00:00,85.16,154.98,32.13,5.4,1.0,25.56
LUCKNOW__TALKATOTRA_DISTRICT_,,21-12-2025 00:00,112.12,186.68,32.5,9.09,0.95,25.43
LUCKNOW__TALKATOTRA_DISTRICT_,,22-12-2025 00:00,121.72,206.51,32.29,5.68,1.04,22.19
LUCKNOW__TALKATOTRA_DISTRICT_,,23-12-2025 00:00,128.36,232.84,33.34,6.99,1.03,25.49
LUCKNOW__TALKATOTRA_DISTRICT_,,24-12-2025 00:00,88.01,202.33,31.52,5.72,0.88,22.87
LUCKNOW__TALKATOTRA_DISTRICT_,,25-12-2025 00:00,101.26,144.01,31.3,7.48,1.0,25.35
LUCKNOW__TALKATOTRA_DISTRICT_,,26-12-2025 00:00,101.91,148.97,31.05,7.61,0.96,25.16
LUCKNOW__TALKATOTRA_DISTRICT_,,27-12-2025 00:00,99.23,158.07,29.82,5.86,1.0,25.47
LUCKNOW__TALKATOTRA_DISTRICT_,,28-12-2025 00:00,93.38,128.79,24.9,6.26,1.04,25.66
LUCKNOW__TALKATOTRA_DISTRICT_,,29-12-2025 00:00,90.32,155.41,16.51,6.2,0.97,25.46
LUCKNOW__TALKATOTRA_DISTRICT_,,30-12-2025 00:00,101.98,175.24,16.79,7.98,1.03,25.45
LUCKNOW__TALKATOTRA_DISTRICT_,,31-12-2025 00:00,128.23,218.85,18.2,6.27,1.0,25.45
LUCKNOW__TALKATOTRA_DISTRICT_,,01-01-2026 00:00,159.49,262.7,18.76,8.76,1.04,25.53
LUCKNOW__TALKATOTRA_DISTRICT_,,14-01-2026 00:00,125.18,173.46,22.09,7.95,0.71,25.21
LUCKNOW__TALKATOTRA_DISTRICT_,,15-01-2026 00:00,117.44,226.31,18.19,5.42,0.63,24.77
LUCKNOW__TALKATOTRA_DISTRICT_,,16-01-2026 00:00,141.85,218.01,33.44,4.0,0.47,25.49
LUCKNOW__TALKATOTRA_DISTRICT_,,17-01-2026 00:00,123.12,210.93,32.34,6.04,0.59,24.13
LUCKNOW__TALKATOTRA_DISTRICT_,,18-01-2026 00:00,151.11,228.47,34.8,7.02,0.75,25.44
LUCKNOW__TALKATOTRA_DISTRICT_,,19-01-2026 00:00,178.26,284.92,36.31,9.82,0.81,25.42
LUCKNOW__TALKATOTRA_DISTRICT_,,20-01-2026 00:00,159.49,237.35,37.11,9.85,0.68,25.2
LUCKNOW__TALKATOTRA_DISTRICT_,,21-01-2026 00:00,109.17,169.61,36.28,4.06,0.69,25.43
LUCKNOW__TALKATOTRA_DISTRICT_,,22-01-2026 00:00,86.63,144.41,33.18,7.3,0.79,25.45
LUCKNOW__TALKATOTRA_DISTRICT_,,23-01-2026 00:00,123.32,210.21,33.88,12.18,0.85,25.48
LUCKNOW__TALKATOTRA_DISTRICT_,,24-01-2026 00:00,111.33,177.5,33.24,5.54,0.64,25.39
LUCKNOW__TALKATOTRA_DISTRICT_,,25-01-2026 00:00,94.84,151.05,32.2,8.39,0.74,25.43
LUCKNOW__TALKATOTRA_DISTRICT_,,26-01-2026 00:00,66.65,119.25,30.91,5.65,0.79,25.41
LUCKNOW__TALKATOTRA_DISTRICT_,,27-01-2026 00:00,70.7,127.3,30.94,8.57,0.83,25.65
LUCKNOW__TALKATOTRA_DISTRICT_,,28-01-2026 00:00,97.88,169.37,32.58,14.88,0.73,25.69
LUCKNOW__TALKATOTRA_DISTRICT_,,29-01-2026 00:00,53.14,108.98,30.72,5.06,0.76,25.5
LUCKNOW__TALKATOTRA_DISTRICT_,,30-01-2026 00:00,58.21,146.17,28.33,5.89,0.74,24.41
LUCKNOW__TALKATOTRA_DISTRICT_,,31-01-2026 00:00,63.78,119.76,23.78,6.35,0.88,25.08
LUCKNOW__TALKATOTRA_DISTRICT_,,01-02-2026 00:00,73.26,136.1,24.95,7.98,1.03,25.2
LUCKNOW__TALKATOTRA_DISTRICT_,,14-02-2026 00:00,59.89,127.75,36.66,7.53,0.8,16.6
LUCKNOW__TALKATOTRA_DISTRICT_,,15-02-2026 00:00,81.62,141.88,34.09,5.78,0.86,24.7
LUCKNOW__TALKATOTRA_DISTRICT_,,16-02-2026 00:00,73.06,124.89,30.21,7.86,0.88,22.32
LUCKNOW__TALKATOTRA_DISTRICT_,,17-02-2026 00:00,90.59,145.07,30.36,7.2,0.95,22.31
LUCKNOW__TALKATOTRA_DISTRICT_,,17-02-2026 00:00,178.77,253.8,38.79,7.2,0.95,10.38
LUCKNOW,2025-01-01,02-01-2025 00:00,54.78,128.04,7.38,11.91,0.58,13.97
LUCKNOW,2025-01-02,02-02-2025 00:00,95.61,281.46,51.18,14.31,0.45,24.84
LUCKNOW,2025-01-03,02-03-2025 00:00,63.19,157.27,26.19,4.78,0.52,24.2
LUCKNOW,2025-01-04,02-04-2025 00:00,51.24,268.89,29.62,16.15,0.6,18.69
LUCKNOW,2025-01-05,02-05-2025 00:00,64.8,197.45,30.18,4.74,0.54,24.9
LUCKNOW,2025-01-06,02-06-2025 00:00,57.04,117.99,30.21,4.0,0.55,24.45
LUCKNOW,2025-01-07,02-07-2025 00:00,20.31,44.96,32.06,4.83,0.65,31.79
LUCKNOW,2025-01-08,02-08-2025 00:00,25.56,46.12,32.03,1.52,0.45,25.4
LUCKNOW,2025-01-09,02-09-2025 00:00,16.41,61.34,31.63,6.74,0.67,18.99
LUCKNOW,2025-01-10,02-10-2025 00:00,29.44,82.69,38.32,8.58,0.91,25.52
LUCKNOW,2025-01-11,02-11-2025 00:00,40.18,88.07,35.65,5.19,0.49,25.42
LUCKNOW,2025-01-12,02-12-2025 00:00,78.83,164.46,41.18,6.73,0.47,25.52
LUCKNOW,2025-02-01,03-01-2025 00:00,71.83,189.24,5.77,12.38,0.43,13.25
LUCKNOW,2025-02-02,03-02-2025 00:00,86.13,171.0,50.47,4.04,0.41,24.92
LUCKNOW,2025-02-03,03-03-2025 00:00,25.37,83.97,26.22,4.74,0.45,24.48
LUCKNOW,2025-02-04,03-04-2025 00:00,70.88,272.67,30.05,12.84,0.61,24.89
LUCKNOW,2025-02-05,03-05-2025 00:00,65.58,185.52,30.04,4.49,0.54,25.18
LUCKNOW,2025-02-06,03-06-2025 00:00,64.65,121.94,30.21,5.82,0.58,24.9
LUCKNOW,2025-02-07,03-07-2025 00:00,26.65,45.29,31.96,4.8,0.52,31.6
LUCKNOW,2025-02-08,03-08-2025 00:00,21.75,45.06,31.92,6.09,0.65,25.37
LUCKNOW,2025-02-09,03-09-2025 00:00,18.09,52.97,32.31,6.64,0.5,25.5
LUCKNOW,2025-02-10,03-10-2025 00:00,25.05,81.38,36.51,7.87,1.23,25.39
LUCKNOW,2025-02-11,03-11-2025 00:00,76.57,128.65,34.65,5.09,0.53,25.48
LUCKNOW,2025-02-12,03-12-2025 00:00,104.97,175.89,41.14,6.78,0.51,25.49
LUCKNOW,2025-03-01,04-01-2025 00:00,74.03,203.83,8.54,10.75,0.51,24.95
LUCKNOW,2025-03-02,04-02-2025 00:00,99.22,141.28,44.38,3.94,0.55,24.72
LUCKNOW,2025-03-03,04-03-2025 00:00,43.11,100.2,26.23,4.75,0.46,25.07
LUCKNOW,2025-03-04,04-04-2025 00:00,88.73,272.67,30.21,9.8,0.5,24.9
LUCKNOW,2025-03-05,04-05-2025 00:00,63.41,182.67,30.2,4.9,0.44,24.88
LUCKNOW,2025-03-06,04-06-2025 00:00,52.47,113.54,30.85,4.18,0.56,27.65
LUCKNOW,2025-03-07,04-07-2025 00:00,23.49,42.1,32.0,4.85,0.51,31.39
LUCKNOW,2025-03-08,04-08-2025 00:00,18.11,45.07,31.97,1.0,0.49,25.4
LUCKNOW,2025-03-09,04-09-2025 00:00,15.64,52.85,31.96,5.27,0.56,25.49
LUCKNOW,2025-03-10,04-10-2025 00:00,25.94,65.53,37.13,9.08,1.21,25.45
LUCKNOW,2025-03-11,04-11-2025 00:00,106.99,160.86,35.78,5.03,0.52,24.63
LUCKNOW,2025-03-12,04-12-2025 00:00,120.52,207.91,46.76,5.62,0.43,25.6
LUCKNOW,2025-04-01,05-01-2025 00:00,88.86,216.91,25.99,10.74,0.42,24.91
LUCKNOW,2025-04-02,05-02-2025 00:00,83.07,155.61,48.79,6.1,0.53,24.9
LUCKNOW,2025-04-03,05-03-2025 00:00,51.4,130.99,26.12,5.36,0.49,24.91
LUCKNOW,2025-04-04,05-04-2025 00:00,78.43,272.67,30.3,10.53,0.47,24.88
LUCKNOW,2025-04-05,05-05-2025 00:00,69.58,197.32,30.29,4.12,0.51,25.07
LUCKNOW,2025-04-06,05-06-2025 00:00,55.53,110.67,31.91,5.83,0.51,29.88
LUCKNOW,2025-04-07,05-07-2025 00:00,24.73,45.21,32.03,4.37,0.51,30.27
LUCKNOW,2025-04-08,05-08-2025 00:00,12.25,45.08,31.92,1.79,0.58,25.44
LUCKNOW,2025-04-09,05-09-2025 00:00,19.32,52.84,31.99,5.55,0.53,25.33
LUCKNOW,2025-04-10,05-10-2025 00:00,15.71,37.06,36.53,9.63,1.3,25.57
LUCKNOW,2025-04-11,05-11-2025 00:00,94.69,173.97,33.86,6.36,0.6,25.18
LUCKNOW,2025-04-12,05-12-2025 00:00,80.49,151.52,39.39,6.66,0.54,23.71
LUCKNOW,2025-05-01,06-01-2025 00:00,67.33,189.67,25.36,10.76,0.45,24.86
LUCKNOW,2025-05-02,06-02-2025 00:00,63.49,138.63,46.23,5.16,0.41,24.85
LUCKNOW,2025-05-03,06-03-2025 00:00,49.22,139.06,26.22,4.8,0.55,24.88
LUCKNOW,2025-05-04,06-04-2025 00:00,70.71,272.67,30.29,8.06,0.45,24.91
LUCKNOW,2025-05-05,06-05-2025 00:00,54.75,182.54,30.3,5.07,0.59,25.43
LUCKNOW,2025-05-06,06-06-2025 00:00,46.99,112.46,31.13,6.3,0.44,25.36
LUCKNOW,2025-05-07,06-07-2025 00:00,22.56,52.72,32.13,3.52,0.57,25.54
LUCKNOW,2025-05-08,06-08-2025 00:00,20.18,45.07,31.96,1.43,0.46,25.19
LUCKNOW,2025-05-09,06-09-2025 00:00,15.9,63.16,31.71,3.35,0.62,24.52
LUCKNOW,2025-05-10,06-10-2025 00:00,32.51,64.11,39.25,7.96,1.28,25.51
LUCKNOW,2025-05-11,06-11-2025 00:00,130.08,191.0,23.92,6.14,0.54,24.83
LUCKNOW,2025-05-12,06-12-2025 00:00,84.07,152.34,38.27,8.07,0.51,25.48
LUCKNOW,2025-06-01,07-01-2025 00:00,71.05,180.57,18.67,11.29,0.38,24.9
LUCKNOW,2025-06-02,07-02-2025 00:00,57.8,97.14,35.17,4.02,0.54,18.31
LUCKNOW,2025-06-03,07-03-2025 00:00,46.67,109.83,26.02,6.15,0.55,24.92
LUCKNOW,2025-06-04,07-04-2025 00:00,66.67,259.34,29.16,6.7,0.47,26.08
LUCKNOW,2025-06-05,07-05-2025 00:00,54.5,199.48,40.17,5.27,0.52,24.34
LUCKNOW,2025-06-06,07-06-2025 00:00,56.83,110.05,32.07,5.7,0.61,30.5
LUCKNOW,2025-06-07,07-07-2025 00:00,17.48,52.51,32.03,3.44,0.41,25.52
LUCKNOW,2025-06-08,07-08-2025 00:00,15.47,45.9,31.94,4.9,0.57,25.32
LUCKNOW,2025-06-09,07-09-2025 00:00,20.79,45.3,32.07,4.7,0.44,25.5
LUCKNOW,2025-06-10,07-10-2025 00:00,56.32,113.84,38.56,9.7,1.22,25.29
LUCKNOW,2025-06-11,07-11-2025 00:00,75.88,131.11,27.78,4.47,0.5,25.5
LUCKNOW,2025-06-12,07-12-2025 00:00,122.31,201.45,43.12,8.66,0.65,25.37
LUCKNOW,2025-07-01,08-01-2025 00:00,96.46,152.24,6.61,10.79,0.42,24.9
LUCKNOW,2025-07-02,08-02-2025 00:00,63.78,118.81,36.94,4.51,0.49,24.83
LUCKNOW,2025-07-03,08-03-2025 00:00,52.17,137.75,35.92,4.57,0.53,24.59
LUCKNOW,2025-07-04,08-04-2025 00:00,98.63,275.12,29.97,6.26,0.55,25.94
LUCKNOW,2025-07-05,08-05-2025 00:00,58.02,197.5,47.86,6.48,0.53,25.18
LUCKNOW,2025-07-06,08-06-2025 00:00,74.35,112.23,32.05,7.9,0.66,30.42
LUCKNOW,2025-07-07,08-07-2025 00:00,22.18,47.78,31.86,6.22,0.57,24.85
LUCKNOW,2025-07-08,08-08-2025 00:00,21.31,45.08,32.02,1.95,0.52,25.51
LUCKNOW,2025-07-09,08-09-2025 00:00,14.47,40.74,31.99,4.65,0.48,25.54
LUCKNOW,2025-07-10,08-10-2025 00:00,27.85,68.45,40.01,7.27,1.22,25.7
LUCKNOW,2025-07-11,08-11-2025 00:00,84.11,153.09,37.23,5.45,0.52,25.19
LUCKNOW,2025-07-12,08-12-2025 00:00,114.54,197.95,42.39,8.56,0.62,25.35
LUCKNOW,2025-08-01,09-01-2025 00:00,84.49,148.2,22.82,10.74,0.49,24.96
LUCKNOW,2025-08-02,09-02-2025 00:00,57.8,114.27,51.39,6.68,0.46,24.98
LUCKNOW,2025-08-03,09-03-2025 00:00,57.88,173.54,45.09,7.1,0.55,25.01
LUCKNOW,2025-08-04,09-04-2025 00:00,93.95,272.67,30.34,5.29,0.47,24.87
LUCKNOW,2025-08-05,09-05-2025 00:00,52.41,222.19,39.36,5.71,0.39,23.76
LUCKNOW,2025-08-06,09-06-2025 00:00,66.84,121.71,31.95,5.25,0.55,30.27
LUCKNOW,2025-08-07,09-07-2025 00:00,24.71,44.1,32.11,5.58,0.49,25.41
LUCKNOW,2025-08-08,09-08-2025 00:00,16.59,40.43,32.0,2.19,0.56,25.19
LUCKNOW,2025-08-09,09-09-2025 00:00,14.13,36.73,32.18,5.72,0.58,25.35
LUCKNOW,2025-08-10,09-10-2025 00:00,32.31,78.48,47.71,8.26,1.17,25.79
LUCKNOW,2025-08-11,09-11-2025 00:00,112.86,190.56,38.13,5.63,0.49,25.47
LUCKNOW,2025-08-12,09-12-2025 00:00,106.87,183.82,41.05,8.46,0.59,25.47
LUCKNOW,2025-09-01,10-01-2025 00:00,114.94,270.86,29.46,10.79,0.66,25.4
LUCKNOW,2025-09-02,10-02-2025 00:00,60.48,128.71,51.32,4.37,0.52,24.33
LUCKNOW,2025-09-03,10-03-2025 00:00,66.34,178.39,44.95,7.57,0.71,26.0
LUCKNOW,2025-09-04,10-04-2025 00:00,93.0,272.67,30.07,4.58,0.44,24.89
LUCKNOW,2025-09-05,10-05-2025 00:00,69.4,247.28,30.24,5.46,0.92,19.13
LUCKNOW,2025-09-06,10-06-2025 00:00,80.11,133.05,32.07,5.35,0.49,30.58
LUCKNOW,2025-09-07,10-07-2025 00:00,22.37,40.61,31.98,4.79,0.52,25.35
LUCKNOW,2025-09-08,10-08-2025 00:00,15.65,39.71,32.08,1.34,0.51,25.71
LUCKNOW,2025-09-09,10-09-2025 00:00,13.02,33.83,32.07,6.54,0.5,25.46
LUCKNOW,2025-09-10,10-10-2025 00:00,51.88,102.84,45.54,8.44,1.09,24.89
LUCKNOW,2025-09-11,10-11-2025 00:00,117.47,205.51,42.08,3.52,0.65,23.36
LUCKNOW,2025-09-12,10-12-2025 00:00,86.43,152.93,40.99,7.94,0.64,25.18
LUCKNOW,2025-10-01,11-01-2025 00:00,148.38,317.55,36.17,10.72,0.56,24.71
LUCKNOW,2025-10-02,11-02-2025 00:00,76.18,163.33,48.34,6.53,0.46,25.1
LUCKNOW,2025-10-03,11-03-2025 00:00,83.64,184.13,43.14,5.54,0.46,19.62
LUCKNOW,2025-10-04,11-04-2025 00:00,62.52,268.84,30.29,5.32,0.5,24.95
LUCKNOW,2025-10-05,11-05-2025 00:00,51.69,180.52,30.38,5.59,0.55,25.69
LUCKNOW,2025-10-06,11-06-2025 00:00,80.49,133.09,32.17,5.32,0.47,30.37
LUCKNOW,2025-10-07,11-07-2025 00:00,22.42,40.25,32.07,5.12,0.57,25.17
LUCKNOW,2025-10-08,11-08-2025 00:00,14.92,39.72,32.1,1.58,0.51,25.62
LUCKNOW,2025-10-09,11-09-2025 00:00,12.87,44.8,32.02,8.37,0.61,25.53
LUCKNOW,2025-10-10,11-10-2025 00:00,50.0,109.86,45.26,7.28,1.12,25.5
LUCKNOW,2025-10-11,11-11-2025 00:00,113.47,175.87,37.64,5.96,0.51,24.98
LUCKNOW,2025-10-12,11-12-2025 00:00,95.43,160.75,42.39,8.39,0.72,24.81
LUCKNOW,2025-11-01,12-01-2025 00:00,149.88,347.56,36.07,11.45,0.46,24.94
LUCKNOW,2025-11-02,12-02-2025 00:00,62.65,145.55,46.17,4.35,0.45,24.94
LUCKNOW,2025-11-03,12-03-2025 00:00,92.13,215.13,41.88,6.71,0.45,24.83
LUCKNOW,2025-11-04,12-04-2025 00:00,46.82,172.67,30.18,5.59,0.49,24.9
LUCKNOW,2025-11-05,12-05-2025 00:00,48.68,182.67,30.1,6.87,0.68,24.88
LUCKNOW,2025-11-06,12-06-2025 00:00,72.78,134.05,32.03,4.58,0.48,30.82
LUCKNOW,2025-11-07,12-07-2025 00:00,14.19,25.69,32.58,5.07,0.77,25.52
LUCKNOW,2025-11-08,12-08-2025 00:00,17.31,39.46,31.97,4.22,0.52,25.17
LUCKNOW,2025-11-09,12-09-2025 00:00,16.85,54.4,31.98,6.82,0.51,25.58
LUCKNOW,2025-11-10,12-10-2025 00:00,56.44,106.6,45.03,7.8,1.09,23.6
LUCKNOW,2025-11-11,12-11-2025 00:00,99.42,173.64,40.93,5.35,0.37,25.6
LUCKNOW,2025-11-12,12-12-2025 00:00,125.94,225.74,41.39,9.02,0.55,25.2
LUCKNOW,2025-12-01,13-01-2025 00:00,103.93,191.42,36.2,10.81,0.44,24.36
LUCKNOW,2025-12-02,13-02-2025 00:00,86.47,132.82,52.96,3.92,0.49,24.88
LUCKNOW,2025-12-03,13-03-2025 00:00,59.76,153.93,41.92,4.27,0.53,24.87
LUCKNOW,2025-12-04,13-04-2025 00:00,47.29,150.51,30.13,4.79,0.48,24.88
LUCKNOW,2025-12-05,13-05-2025 00:00,53.72,182.72,30.29,6.69,0.48,25.28
LUCKNOW,2025-12-06,13-06-2025 00:00,66.97,133.04,32.07,7.72,0.64,30.35
LUCKNOW,2025-12-07,13-07-2025 00:00,19.6,61.04,31.8,5.36,0.52,25.3
LUCKNOW,2025-12-08,13-08-2025 00:00,13.9,34.82,31.47,3.1,0.43,23.85
LUCKNOW,2025-12-09,13-09-2025 00:00,15.3,61.13,31.88,10.25,0.54,25.11
LUCKNOW,2025-12-10,13-10-2025 00:00,67.43,124.92,46.41,8.69,1.08,25.6
LUCKNOW,2025-12-11,13-11-2025 00:00,119.95,178.37,43.41,5.2,0.51,25.53
LUCKNOW,2025-12-12,13-12-2025 00:00,168.6,262.03,42.94,10.8,0.55,25.5
LUCKNOW,2026-01-01,02-01-2026 00:00,100.65,179.35,22.2,5.96,0.98,25.5
LUCKNOW,2026-01-02,02-02-2026 00:00,93.09,302.95,24.52,7.85,0.83,25.4
LUCKNOW,2026-02-01,03-01-2026 00:00,106.48,196.85,27.88,5.33,0.99,25.4
LUCKNOW,2026-02-02,03-02-2026 00:00,72.48,281.59,23.69,8.6,0.91,25.63
LUCKNOW,2026-03-01,04-01-2026 00:00,64.4,131.77,26.94,6.05,1.05,25.65
LUCKNOW,2026-03-02,04-02-2026 00:00,68.84,123.75,25.35,8.6,0.79,25.41
LUCKNOW,2026-04-01,05-01-2026 00:00,119.29,225.8,28.15,8.67,1.09,25.55
LUCKNOW,2026-04-02,05-02-2026 00:00,58.19,106.06,30.69,5.65,0.82,22.28
LUCKNOW,2026-05-01,06-01-2026 00:00,102.63,178.31,27.67,6.31,0.91,24.61
LUCKNOW,2026-05-02,06-02-2026 00:00,66.73,118.22,26.88,7.54,0.96,22.33
LUCKNOW,2026-06-01,07-01-2026 00:00,88.1,142.84,26.8,7.05,0.98,25.57
LUCKNOW,2026-06-02,07-02-2026 00:00,63.65,115.63,32.1,7.6,0.94,22.46
LUCKNOW,2026-07-01,08-01-2026 00:00,96.27,152.74,26.93,6.35,0.97,25.54
LUCKNOW,2026-07-02,08-02-2026 00:00,66.99,119.02,32.24,8.57,0.91,22.29
LUCKNOW,2026-08-01,09-01-2026 00:00,125.49,168.09,26.99,6.03,0.96,25.55
LUCKNOW,2026-08-02,09-02-2026 00:00,68.29,121.36,32.24,9.59,0.98,22.38
LUCKNOW,2026-09-01,10-01-2026 00:00,133.02,180.04,26.93,7.38,0.98,25.46
LUCKNOW,2026-09-02,10-02-2026 00:00,95.81,156.76,34.48,9.63,0.86,22.34
LUCKNOW,2026-10-01,11-01-2026 00:00,164.97,224.14,28.98,7.77,1.01,25.23
LUCKNOW,2026-10-02,11-02-2026 00:00,109.68,176.85,34.18,8.75,0.96,22.29
LUCKNOW,2026-11-01,12-01-2026 00:00,143.87,182.44,28.75,6.36,0.97,25.17
LUCKNOW,2026-11-02,12-02-2026 00:00,77.0,182.34,34.68,8.51,0.81,23.45
LUCKNOW,2026-12-01,13-01-2026 00:00,148.12,184.62,27.65,7.66,1.02,25.4
LUCKNOW,2026-12-02,13-02-2026 00:00,57.05,128.2,35.19,7.89,0.88,22.35
LUCKNOW,,14-01-2025 00:00,96.91,179.33,36.09,10.77,0.52,24.98
LUCKNOW,,15-01-2025 00:00,97.37,142.17,25.65,11.19,0.6,22.41
LUCKNOW,,16-01-2025 00:00,98.86,159.45,37.25,3.48,0.44,24.51
LUCKNOW,,17-01-2025 00:00,94.64,159.18,37.09,4.7,0.51,24.88
LUCKNOW,,18-01-2025 00:00,73.9,111.32,37.06,4.73,0.5,24.96
LUCKNOW,,19-01-2025 00:00,70.22,116.75,36.97,3.5,0.54,24.92
LUCKNOW,,20-01-2025 00:00,61.73,104.07,37.11,6.0,0.5,35.75
LUCKNOW,,21-01-2025 00:00,79.35,124.09,37.11,4.61,0.47,41.79
LUCKNOW,,22-01-2025 00:00,94.19,140.0,33.66,5.69,0.5,41.78
LUCKNOW,,23-01-2025 00:00,104.17,160.32,46.57,6.8,0.6,41.81
LUCKNOW,,24-01-2025 00:00,109.08,187.38,40.26,3.93,0.42,41.9
LUCKNOW,,25-01-2025 00:00,89.73,121.77,36.21,4.53,0.48,41.85
LUCKNOW,,26-01-2025 00:00,79.63,111.11,33.57,4.04,0.55,41.89
LUCKNOW,,27-01-2025 00:00,89.0,124.92,35.83,4.94,0.52,41.75
LUCKNOW,,28-01-2025 00:00,109.53,168.38,34.37,4.67,0.54,30.86
LUCKNOW,,29-01-2025 00:00,115.11,214.22,34.73,7.68,0.58,24.86
LUCKNOW,,30-01-2025 00:00,145.2,322.52,46.5,9.58,0.56,24.89
LUCKNOW,,31-01-2025 00:00,125.26,307.37,49.61,9.99,0.44,24.88
LUCKNOW,,01-02-2025 00:00,110.67,298.7,44.18,12.74,0.61,17.43
LUCKNOW,,14-02-2025 00:00,65.4,122.18,47.21,4.54,0.58,25.0
LUCKNOW,,15-02-2025 00:00,56.6,113.08,43.13,4.9,0.48,24.9
LUCKNOW,,16-02-2025 00:00,69.12,134.79,43.28,5.01,0.52,24.9
LUCKNOW,,17-02-2025 00:00,96.76,205.67,43.17,8.39,0.65,24.92
LUCKNOW,,18-02-2025 00:00,129.31,240.13,43.24,7.02,0.57,24.9
LUCKNOW,,19-02-2025 00:00,109.57,169.47,36.44,4.26,0.39,21.37
LUCKNOW,,20-02-2025 00:00,85.86,154.9,46.77,5.75,0.64,24.83
LUCKNOW,,21-02-2025 00:00,105.32,186.09,46.84,5.74,0.48,24.82
LUCKNOW,,22-02-2025 00:00,79.38,164.65,49.73,6.19,0.5,25.03
LUCKNOW,,23-02-2025 00:00,65.9,137.07,51.51,4.84,0.44,24.93
LUCKNOW,,24-02-2025 00:00,63.31,114.96,51.6,4.54,0.51,24.89
LUCKNOW,,25-02-2025 00:00,68.99,132.59,51.3,5.68,0.41,24.88
LUCKNOW,,26-02-2025 00:00,64.83,133.17,51.58,6.02,0.51,24.91
LUCKNOW,,27-02-2025 00:00,99.61,171.4,51.75,7.56,0.48,24.69
LUCKNOW,,28-02-2025 00:00,83.24,157.02,51.47,5.16,0.47,22.08
LUCKNOW,,01-03-2025 00:00,97.81,192.32,41.09,6.31,0.46,19.7
LUCKNOW,,14-03-2025 00:00,53.1,131.75,41.8,6.17,0.44,24.73
LUCKNOW,,15-03-2025 00:00,47.96,109.9,41.85,4.81,0.47,24.8
LUCKNOW,,16-03-2025 00:00,43.95,114.13,41.74,6.96,0.52,24.87
LUCKNOW,,17-03-2025 00:00,43.07,108.23,41.82,5.1,0.43,24.9
LUCKNOW,,18-03-2025 00:00,29.15,59.24,42.03,5.5,0.51,24.91
LUCKNOW,,19-03-2025 00:00,37.1,83.49,41.94,5.72,0.47,24.92
LUCKNOW,,20-03-2025 00:00,46.25,95.05,41.89,6.19,0.54,24.84
LUCKNOW,,21-03-2025 00:00,53.53,162.36,41.79,15.05,0.48,25.2
LUCKNOW,,22-03-2025 00:00,46.83,105.21,41.78,5.6,0.5,24.31
LUCKNOW,,23-03-2025 00:00,52.92,125.72,41.73,5.21,0.43,25.04
LUCKNOW,,24-03-2025 00:00,63.95,126.05,41.86,5.56,0.54,25.16
LUCKNOW,,25-03-2025 00:00,84.0,158.62,36.3,10.38,0.54,22.83
LUCKNOW,,26-03-2025 00:00,116.82,211.68,26.35,10.15,0.57,25.01
LUCKNOW,,27-03-2025 00:00,104.02,198.95,26.13,9.41,0.48,24.94
LUCKNOW,,28-03-2025 00:00,78.93,153.45,26.13,5.12,0.46,25.23
LUCKNOW,,29-03-2025 00:00,71.26,144.74,29.05,6.5,0.5,24.94
LUCKNOW,,30-03-2025 00:00,56.49,122.12,30.26,5.14,0.54,24.9
LUCKNOW,,31-03-2025 00:00,59.83,124.59,29.97,18.49,0.55,23.26
LUCKNOW,,01-04-2025 00:00,50.27,95.87,30.12,10.84,0.51,25.36
LUCKNOW,,14-04-2025 00:00,39.38,139.12,30.13,3.7,0.48,24.92
LUCKNOW,,15-04-2025 00:00,45.95,133.64,30.24,6.4,0.56,25.03
LUCKNOW,,16-04-2025 00:00,66.21,186.73,30.24,4.54,0.5,24.91
LUCKNOW,,17-04-2025 00:00,66.58,226.44,30.32,5.18,0.48,24.89
LUCKNOW,,18-04-2025 00:00,68.97,192.67,30.13,5.27,0.45,24.87
LUCKNOW,,19-04-2025 00:00,62.43,191.96,30.03,5.69,0.43,24.5
LUCKNOW,,20-04-2025 00:00,49.19,192.67,30.29,4.97,0.5,24.89
LUCKNOW,,21-04-2025 00:00,54.24,193.34,30.3,5.2,0.49,24.28
LUCKNOW,,22-04-2025 00:00,78.88,198.14,30.14,5.57,0.52,24.89
LUCKNOW,,23-04-2025 00:00,89.72,202.69,30.25,5.81,0.45,24.82
LUCKNOW,,24-04-2025 00:00,78.51,198.14,30.15,4.72,0.61,24.9
LUCKNOW,,25-04-2025 00:00,71.63,193.17,30.36,6.41,0.5,25.14
LUCKNOW,,26-04-2025 00:00,73.73,192.67,30.09,7.71,0.48,24.9
LUCKNOW,,27-04-2025 00:00,75.77,192.67,30.23,11.73,0.52,24.85
LUCKNOW,,28-04-2025 00:00,88.93,196.71,30.26,6.32,0.52,24.93
LUCKNOW,,29-04-2025 00:00,83.11,197.92,30.23,3.77,0.45,25.01
LUCKNOW,,30-04-2025 00:00,59.45,196.58,29.41,4.45,0.46,20.39
LUCKNOW,,01-05-2025 00:00,61.6,186.77,29.98,5.15,0.53,25.06
LUCKNOW,,14-05-2025 00:00,60.39,182.17,30.19,6.37,0.53,24.9
LUCKNOW,,15-05-2025 00:00,68.1,167.37,29.75,6.11,0.46,27.07
LUCKNOW,,16-05-2025 00:00,93.16,213.79,30.58,7.87,0.63,31.46
LUCKNOW,,17-05-2025 00:00,109.54,206.18,30.26,5.26,0.6,24.86
LUCKNOW,,18-05-2025 00:00,83.55,193.14,30.12,5.41,0.5,24.91
LUCKNOW,,19-05-2025 00:00,60.64,188.09,30.13,6.12,0.47,24.99
LUCKNOW,,20-05-2025 00:00,57.35,207.67,30.18,6.09,0.47,24.89
LUCKNOW,,21-05-2025 00:00,49.57,207.44,30.18,5.84,0.57,24.95
LUCKNOW,,22-05-2025 00:00,54.99,202.67,30.13,5.19,0.53,24.89
LUCKNOW,,23-05-2025 00:00,33.28,187.21,30.24,5.01,0.47,24.97
LUCKNOW,,24-05-2025 00:00,44.46,148.64,30.17,5.52,0.47,25.14
LUCKNOW,,25-05-2025 00:00,57.18,88.29,30.12,5.21,0.51,25.15
LUCKNOW,,26-05-2025 00:00,41.35,83.46,28.19,3.47,0.56,16.01
LUCKNOW,,27-05-2025 00:00,43.27,147.87,28.97,6.27,0.6,12.77
LUCKNOW,,28-05-2025 00:00,43.09,117.89,30.06,5.84,0.47,24.86
LUCKNOW,,29-05-2025 00:00,36.74,117.89,30.06,5.12,0.54,24.88
LUCKNOW,,30-05-2025 00:00,40.55,117.89,30.12,5.75,0.46,24.9
LUCKNOW,,31-05-2025 00:00,43.09,121.19,30.23,6.2,0.57,24.86
LUCKNOW,,01-06-2025 00:00,63.3,117.89,30.19,4.89,0.46,24.94
LUCKNOW,,14-06-2025 00:00,55.3,133.26,31.96,3.99,0.55,31.32
LUCKNOW,,15-06-2025 00:00,53.72,129.65,32.09,5.55,0.5,31.38
LUCKNOW,,16-06-2025 00:00,41.93,129.71,31.87,4.56,0.53,31.43
LUCKNOW,,17-06-2025 00:00,44.39,129.68,32.04,5.55,0.47,31.46
LUCKNOW,,18-06-2025 00:00,45.72,116.68,32.03,4.51,0.49,31.39
LUCKNOW,,19-06-2025 00:00,28.04,114.08,27.15,3.69,0.44,27.34
LUCKNOW,,20-06-2025 00:00,52.01,108.33,32.01,5.6,0.51,31.46
LUCKNOW,,21-06-2025 00:00,19.86,65.2,32.13,3.72,0.45,31.44
LUCKNOW,,22-06-2025 00:00,26.42,46.08,31.97,5.56,0.47,31.28
LUCKNOW,,23-06-2025 00:00,30.41,80.49,32.19,5.41,0.54,31.9
LUCKNOW,,24-06-2025 00:00,35.7,81.98,32.05,5.33,0.4,31.42
LUCKNOW,,25-06-2025 00:00,41.56,83.88,31.99,4.58,0.47,31.4
LUCKNOW,,26-06-2025 00:00,42.55,82.57,31.96,6.15,0.56,31.38
LUCKNOW,,27-06-2025 00:00,32.13,87.1,31.82,4.9,0.39,31.58
LUCKNOW,,28-06-2025 00:00,39.94,86.72,31.92,5.78,0.6,31.38
LUCKNOW,,29-06-2025 00:00,35.5,87.35,31.92,5.55,0.51,31.01
LUCKNOW,,30-06-2025 00:00,22.26,84.58,32.23,4.36,0.51,31.6
LUCKNOW,,01-07-2025 00:00,25.23,58.09,30.33,6.79,0.48,27.76
LUCKNOW,,14-07-2025 00:00,25.68,62.98,31.82,3.94,0.48,25.17
LUCKNOW,,15-07-2025 00:00,22.65,67.01,31.9,6.47,0.53,22.72
LUCKNOW,,16-07-2025 00:00,25.27,62.43,32.05,5.63,0.63,25.42
LUCKNOW,,17-07-2025 00:00,16.34,62.49,32.07,6.7,0.66,25.47
LUCKNOW,,18-07-2025 00:00,20.96,58.29,32.15,4.67,0.56,25.48
LUCKNOW,,19-07-2025 00:00,29.26,54.08,32.05,5.13,0.52,25.42
LUCKNOW,,20-07-2025 00:00,22.83,54.08,31.99,3.24,0.56,25.35
LUCKNOW,,21-07-2025 00:00,27.07,54.08,31.9,4.53,0.52,25.42
LUCKNOW,,22-07-2025 00:00,28.2,54.39,31.64,4.55,0.4,23.12
LUCKNOW,,23-07-2025 00:00,28.71,54.28,31.95,4.9,0.48,25.4
LUCKNOW,,24-07-2025 00:00,27.52,56.68,31.89,5.84,0.55,25.14
LUCKNOW,,25-07-2025 00:00,25.88,43.86,32.06,4.53,0.48,25.49
LUCKNOW,,26-07-2025 00:00,23.37,44.13,31.99,6.28,0.6,25.47
LUCKNOW,,27-07-2025 00:00,19.51,44.08,31.93,6.03,0.47,25.41
LUCKNOW,,28-07-2025 00:00,18.46,44.08,32.13,4.82,0.43,25.48
LUCKNOW,,29-07-2025 00:00,25.79,44.22,32.11,5.35,0.48,25.48
LUCKNOW,,30-07-2025 00:00,19.16,46.5,31.99,7.03,0.62,25.58
LUCKNOW,,31-07-2025 00:00,21.49,46.11,32.05,5.21,0.53,25.4
LUCKNOW,,01-08-2025 00:00,28.09,46.47,29.98,4.34,0.51,22.57
LUCKNOW,,14-08-2025 00:00,25.22,42.07,32.03,6.84,0.56,24.88
LUCKNOW,,15-08-2025 00:00,18.5,41.67,31.96,5.59,0.6,25.44
LUCKNOW,,16-08-2025 00:00,17.48,40.47,31.21,6.72,0.82,22.92
LUCKNOW,,17-08-2025 00:00,28.88,41.51,32.04,7.93,0.66,25.49
LUCKNOW,,18-08-2025 00:00,22.5,39.61,32.01,4.3,0.5,25.46
LUCKNOW,,19-08-2025 00:00,24.26,41.7,31.95,7.65,0.72,25.52
LUCKNOW,,20-08-2025 00:00,27.54,43.33,32.21,5.41,0.53,25.37
LUCKNOW,,21-08-2025 00:00,27.74,55.64,32.0,7.09,0.53,25.56
LUCKNOW,,22-08-2025 00:00,27.61,54.51,31.9,16.51,0.54,25.56
LUCKNOW,,23-08-2025 00:00,24.11,54.75,31.91,9.0,0.5,25.5
LUCKNOW,,24-08-2025 00:00,24.64,53.02,31.84,9.58,0.44,25.15
LUCKNOW,,25-08-2025 00:00,14.17,54.67,32.07,7.93,0.75,25.58
LUCKNOW,,26-08-2025 00:00,17.09,54.44,31.62,7.05,0.56,24.27
LUCKNOW,,27-08-2025 00:00,30.2,53.02,32.01,6.46,0.55,25.33
LUCKNOW,,28-08-2025 00:00,29.59,55.97,32.11,4.63,0.63,25.55
LUCKNOW,,29-08-2025 00:00,31.0,54.67,32.1,5.38,0.54,25.36
LUCKNOW,,30-08-2025 00:00,28.03,65.16,32.09,6.15,0.42,25.38
LUCKNOW,,31-08-2025 00:00,23.99,66.88,32.0,5.49,0.52,25.17
LUCKNOW,,01-09-2025 00:00,15.31,67.73,31.85,4.61,0.43,24.8
LUCKNOW,,14-09-2025 00:00,17.83,64.75,32.15,7.83,0.6,25.22
LUCKNOW,,15-09-2025 00:00,17.24,52.84,32.07,15.64,0.63,25.44
LUCKNOW,,16-09-2025 00:00,27.38,53.45,31.93,10.05,0.54,25.52
LUCKNOW,,17-09-2025 00:00,18.16,46.27,31.38,8.03,0.63,22.66
LUCKNOW,,18-09-2025 00:00,15.93,37.4,32.39,4.67,0.43,24.35
LUCKNOW,,19-09-2025 00:00,23.32,46.22,31.66,5.89,0.54,24.18
LUCKNOW,,20-09-2025 00:00,20.3,36.41,33.7,4.03,0.51,30.62
LUCKNOW,,21-09-2025 00:00,29.84,37.73,30.69,6.18,0.44,16.27
LUCKNOW,,22-09-2025 00:00,36.1,63.45,32.07,6.06,0.54,24.99
LUCKNOW,,23-09-2025 00:00,46.97,71.71,32.16,4.16,0.49,26.6
LUCKNOW,,24-09-2025 00:00,52.82,77.45,31.5,6.09,0.5,22.92
LUCKNOW,,25-09-2025 00:00,58.06,87.67,37.05,4.81,0.59,30.11
LUCKNOW,,26-09-2025 00:00,39.79,53.2,45.54,6.58,1.01,25.49
LUCKNOW,,27-09-2025 00:00,45.69,92.7,43.25,5.94,0.8,25.32
LUCKNOW,,28-09-2025 00:00,42.58,134.66,39.82,6.93,0.9,25.51
LUCKNOW,,29-09-2025 00:00,27.5,58.04,37.7,3.7,0.81,25.53
LUCKNOW,,30-09-2025 00:00,42.55,96.87,40.51,6.71,0.77,25.25
LUCKNOW,,01-10-2025 00:00,35.65,61.75,38.64,4.49,0.86,24.61
LUCKNOW,,14-10-2025 00:00,74.76,136.65,46.43,8.48,1.09,26.31
LUCKNOW,,15-10-2025 00:00,75.57,124.77,35.59,5.32,0.96,30.35
LUCKNOW,,16-10-2025 00:00,69.97,132.11,24.62,4.74,0.9,25.4
LUCKNOW,,17-10-2025 00:00,82.62,144.2,18.25,4.77,0.95,25.67
LUCKNOW,,18-10-2025 00:00,91.29,157.98,19.07,5.93,0.89,25.44
LUCKNOW,,19-10-2025 00:00,90.08,153.91,18.78,5.88,0.89,25.46
LUCKNOW,,20-10-2025 00:00,88.19,156.88,17.72,5.72,0.92,25.46
LUCKNOW,,21-10-2025 00:00,114.31,179.62,17.11,6.74,0.95,25.45
LUCKNOW,,22-10-2025 00:00,248.44,310.24,27.53,5.69,1.48,25.55
LUCKNOW,,23-10-2025 00:00,95.79,206.71,47.0,7.59,1.57,25.56
LUCKNOW,,24-10-2025 00:00,104.18,225.78,46.38,4.39,1.53,25.23
LUCKNOW,,25-10-2025 00:00,94.59,215.43,46.14,4.29,1.55,25.72
LUCKNOW,,26-10-2025 00:00,87.98,203.86,44.95,5.03,1.54,25.4
LUCKNOW,,27-10-2025 00:00,86.69,205.36,44.66,5.98,1.51,25.42
LUCKNOW,,28-10-2025 00:00,94.25,217.39,45.11,4.7,1.5,25.61
LUCKNOW,,29-10-2025 00:00,51.96,132.04,45.07,5.71,1.51,25.36
LUCKNOW,,30-10-2025 00:00,33.33,78.55,48.96,4.19,1.08,23.67
LUCKNOW,,31-10-2025 00:00,39.26,77.06,56.2,6.49,0.62,25.42
LUCKNOW,,01-11-2025 00:00,16.8,41.69,41.37,5.05,0.51,25.65
LUCKNOW,,14-11-2025 00:00,122.28,185.21,44.7,4.98,0.64,25.38
LUCKNOW,,15-11-2025 00:00,127.31,195.81,45.19,6.72,0.57,25.1
LUCKNOW,,16-11-2025 00:00,90.25,170.73,45.99,4.44,0.65,25.43
LUCKNOW,,17-11-2025 00:00,92.52,293.97,44.42,9.57,0.61,25.62
LUCKNOW,,18-11-2025 00:00,79.48,205.23,38.46,5.41,0.54,25.36
LUCKNOW,,19-11-2025 00:00,78.01,168.11,39.04,4.6,0.45,25.45
LUCKNOW,,20-11-2025 00:00,122.3,187.41,44.98,5.73,0.64,25.2
LUCKNOW,,21-11-2025 00:00,101.27,203.53,35.8,5.05,0.42,25.16
LUCKNOW,,22-11-2025 00:00,86.83,160.6,39.23,9.45,0.53,25.48
LUCKNOW,,23-11-2025 00:00,84.14,235.6,31.26,7.56,0.48,25.4
LUCKNOW,,24-11-2025 00:00,82.1,199.2,37.4,6.4,0.56,25.6
LUCKNOW,,25-11-2025 00:00,94.83,204.52,44.16,9.02,0.43,23.94
LUCKNOW,,26-11-2025 00:00,118.95,179.48,42.56,5.64,0.45,25.18
LUCKNOW,,27-11-2025 00:00,105.82,174.47,44.19,7.13,0.55,25.4
LUCKNOW,,28-11-2025 00:00,110.7,159.92,44.65,8.58,0.5,25.36
LUCKNOW,,29-11-2025 00:00,74.91,118.28,41.38,6.4,0.5,25.32
LUCKNOW,,30-11-2025 00:00,66.7,104.35,42.55,5.92,0.53,25.43
LUCKNOW,,01-12-2025 00:00,73.72,154.52,40.4,6.34,0.59,25.38
LUCKNOW,,14-12-2025 00:00,175.78,285.67,44.39,11.73,0.59,25.33
LUCKNOW,,15-12-2025 00:00,173.82,339.02,44.71,6.12,0.49,25.24
LUCKNOW,,16-12-2025 00:00,94.84,176.35,38.31,5.57,0.96,25.37
LUCKNOW,,17-12-2025 00:00,100.27,213.23,36.28,5.62,0.98,25.5
LUCKNOW,,18-12-2025 00:00,112.95,210.6,34.46,6.17,1.0,25.42
LUCKNOW,,19-12-2025 00:00,108.88,198.79,32.7,6.15,1.0,25.34
LUCKNOW,,20-12-2025 00:00,85.16,154.98,32.13,5.4,1.0,25.56
LUCKNOW,,21-12-2025 00:00,112.12,186.68,32.5,9.09,0.95,25.43
LUCKNOW,,22-12-2025 00:00,121.72,206.51,32.29,5.68,1.04,22.19
LUCKNOW,,23-12-2025 00:00,128.36,232.84,33.34,6.99,1.03,25.49
LUCKNOW,,24-12-2025 00:00,88.01,202.33,31.52,5.72,0.88,22.87
LUCKNOW,,25-12-2025 00:00,101.26,144.01,31.3,7.48,1.0,25.35
LUCKNOW,,26-12-2025 00:00,101.91,148.97,31.05,7.61,0.96,25.16
LUCKNOW,,27-12-2025 00:00,99.23,158.07,29.82,5.86,1.0,25.47
LUCKNOW,,28-12-2025 00:00,93.38,128.79,24.9,6.26,1.04,25.66
LUCKNOW,,29-12-2025 00:00,90.32,155.41,16.51,6.2,0.97,25.46
LUCKNOW,,30-12-2025 00:00,101.98,175.24,16.79,7.98,1.03,25.45
LUCKNOW,,31-12-2025 00:00,128.23,218.85,18.2,6.27,1.0,25.45
LUCKNOW,,01-01-2026 00:00,159.49,262.7,18.76,8.76,1.04,25.53
LUCKNOW,,14-01-2026 00:00,125.18,173.46,22.09,7.95,0.71,25.21
LUCKNOW,,15-01-2026 00:00,117.44,226.31,18.19,5.42,0.63,24.77
LUCKNOW,,16-01-2026 00:00,141.85,218.01,33.44,4.0,0.47,25.49
LUCKNOW,,17-01-2026 00:00,123.12,210.93,32.34,6.04,0.59,24.13
LUCKNOW,,18-01-2026 00:00,151.11,228.47,34.8,7.02,0.75,25.44
LUCKNOW,,19-01-2026 00:00,178.26,284.92,36.31,9.82,0.81,25.42
LUCKNOW,,20-01-2026 00:00,159.49,237.35,37.11,9.85,0.68,25.2
LUCKNOW,,21-01-2026 00:00,109.17,169.61,36.28,4.06,0.69,25.43
LUCKNOW,,22-01-2026 00:00,86.63,144.41,33.18,7.3,0.79,25.45
LUCKNOW,,23-01-2026 00:00,123.32,210.21,33.88,12.18,0.85,25.48
LUCKNOW,,24-01-2026 00:00,111.33,177.5,33.24,5.54,0.64,25.39
LUCKNOW,,25-01-2026 00:00,94.84,151.05,32.2,8.39,0.74,25.43
LUCKNOW,,26-01-2026 00:00,66.65,119.25,30.91,5.65,0.79,25.41
LUCKNOW,,27-01-2026 00:00,70.7,127.3,30.94,8.57,0.83,25.65
LUCKNOW,,28-01-2026 00:00,97.88,169.37,32.58,14.88,0.73,25.69
LUCKNOW,,29-01-2026 00:00,53.14,108.98,30.72,5.06,0.76,25.5
LUCKNOW,,30-01-2026 00:00,58.21,146.17,28.33,5.89,0.74,24.41
LUCKNOW,,31-01-2026 00:00,63.78,119.76,23.78,6.35,0.88,25.08
LUCKNOW,,01-02-2026 00:00,73.26,136.1,24.95,7.98,1.03,25.2
LUCKNOW,,14-02-2026 00:00,59.89,127.75,36.66,7.53,0.8,16.6
LUCKNOW,,15-02-2026 00:00,81.62,141.88,34.09,5.78,0.86,24.7
LUCKNOW,,16-02-2026 00:00,73.06,124.89,30.21,7.86,0.88,22.32
LUCKNOW,,17-02-2026 00:00,90.59,145.07,30.36,7.2,0.95,22.31
LUCKNOW,,17-02-2026 00:00,178.77,253.8,38.79,7.2,0.95,10.38
LUCKNOW_LALBAGH,2025-01-01,02-01-2025 00:00,117.52,240.01,29.06,5.99,1.27,23.45
LUCKNOW_LALBAGH,2025-01-02,02-02-2025 00:00,160.95,337.37,65.99,8.59,1.18,34.54
LUCKNOW_LALBAGH,2025-01-03,02-03-2025 00:00,81.41,199.26,67.42,6.43,1.2,28.95
LUCKNOW_LALBAGH,2025-01-04,02-04-2025 00:00,48.64,128.97,41.77,9.71,1.2,26.35
LUCKNOW_LALBAGH,2025-01-05,02-05-2025 00:00,70.26,187.71,51.62,7.56,0.86,37.5
LUCKNOW_LALBAGH,2025-01-06,02-06-2025 00:00,81.44,207.34,35.08,4.33,0.43,45.54
LUCKNOW_LALBAGH,2025-01-07,02-07-2025 00:00,18.14,55.61,31.54,5.66,0.98,20.34
LUCKNOW_LALBAGH,2025-01-08,02-08-2025 00:00,20.59,115.21,29.8,8.04,1.51,30.3
LUCKNOW_LALBAGH,2025-01-09,02-09-2025 00:00,45.61,76.93,28.15,7.76,0.79,38.31
LUCKNOW_LALBAGH,2025-01-10,02-10-2025 00:00,66.84,139.66,32.8,5.4,1.27,33.33
LUCKNOW_LALBAGH,2025-01-11,02-11-2025 00:00,27.48,104.82,45.04,5.19,1.2,54.99
LUCKNOW_LALBAGH,2025-01-12,02-12-2025 00:00,115.91,183.69,30.38,5.59,0.39,50.44
LUCKNOW_LALBAGH,2025-02-01,03-01-2025 00:00,164.91,308.18,29.07,4.75,1.03,18.16
LUCKNOW_LALBAGH,2025-02-02,03-02-2025 00:00,139.36,298.09,59.45,8.58,0.99,41.63
LUCKNOW_LALBAGH,2025-02-03,03-03-2025 00:00,47.38,132.57,62.97,7.23,1.11,29.72
LUCKNOW_LALBAGH,2025-02-04,03-04-2025 00:00,77.11,174.22,45.58,13.98,1.3,23.58
LUCKNOW_LALBAGH,2025-02-05,03-05-2025 00:00,64.71,165.95,41.53,9.19,1.2,41.18
LUCKNOW_LALBAGH,2025-02-06,03-06-2025 00:00,82.4,190.31,37.21,4.28,0.34,26.87
LUCKNOW_LALBAGH,2025-02-07,03-07-2025 00:00,26.17,70.82,31.56,8.49,1.14,16.25
LUCKNOW_LALBAGH,2025-02-08,03-08-2025 00:00,33.63,70.28,29.41,5.8,1.38,36.56
LUCKNOW_LALBAGH,2025-02-09,03-09-2025 00:00,26.88,53.78,27.36,5.54,0.9,35.19
LUCKNOW_LALBAGH,2025-02-10,03-10-2025 00:00,48.82,132.19,34.43,7.14,1.28,34.42
LUCKNOW_LALBAGH,2025-02-11,03-11-2025 00:00,56.14,207.25,44.91,5.83,1.03,66.63
LUCKNOW_LALBAGH,2025-02-12,03-12-2025 00:00,90.16,198.04,31.05,5.95,0.98,61.44
LUCKNOW_LALBAGH,2025-03-01,04-01-2025 00:00,160.8,365.28,28.79,4.8,0.91,17.06
LUCKNOW_LALBAGH,2025-03-02,04-02-2025 00:00,107.02,227.09,60.9,9.65,1.08,42.22
LUCKNOW_LALBAGH,2025-03-03,04-03-2025 00:00,63.21,156.68,66.18,9.86,1.24,30.7
LUCKNOW_LALBAGH,2025-03-04,04-04-2025 00:00,105.01,262.98,54.52,14.07,0.87,24.2
LUCKNOW_LALBAGH,2025-03-05,04-05-2025 00:00,70.58,167.21,40.98,7.93,1.09,41.41
LUCKNOW_LALBAGH,2025-03-06,04-06-2025 00:00,48.54,146.04,35.16,7.98,0.9,20.29
LUCKNOW_LALBAGH,2025-03-07,04-07-2025 00:00,24.61,63.53,32.03,7.84,1.14,14.79
LUCKNOW_LALBAGH,2025-03-08,04-08-2025 00:00,20.34,58.25,29.01,7.61,0.89,26.52
LUCKNOW_LALBAGH,2025-03-09,04-09-2025 00:00,38.53,51.65,28.7,4.53,0.64,44.56
LUCKNOW_LALBAGH,2025-03-10,04-10-2025 00:00,71.41,132.79,35.13,9.8,1.19,26.11
LUCKNOW_LALBAGH,2025-03-11,04-11-2025 00:00,69.64,221.32,45.28,6.6,1.12,62.38
LUCKNOW_LALBAGH,2025-03-12,04-12-2025 00:00,83.88,215.48,31.16,7.94,0.39,65.17
LUCKNOW_LALBAGH,2025-04-01,05-01-2025 00:00,107.22,186.15,28.7,4.01,0.92,13.27
LUCKNOW_LALBAGH,2025-04-02,05-02-2025 00:00,101.26,194.63,65.96,7.61,1.01,39.21
LUCKNOW_LALBAGH,2025-04-03,05-03-2025 00:00,68.23,188.96,64.04,8.12,1.31,31.68
LUCKNOW_LALBAGH,2025-04-04,05-04-2025 00:00,91.53,199.01,52.53,12.88,0.71,28.02
LUCKNOW_LALBAGH,2025-04-05,05-05-2025 00:00,88.96,201.5,41.13,9.0,0.98,32.78
LUCKNOW_LALBAGH,2025-04-06,05-06-2025 00:00,63.46,137.79,38.03,6.18,0.33,20.87
LUCKNOW_LALBAGH,2025-04-07,05-07-2025 00:00,29.33,58.64,33.1,5.44,1.05,18.49
LUCKNOW_LALBAGH,2025-04-08,05-08-2025 00:00,11.22,36.99,29.21,7.07,1.45,30.42
LUCKNOW_LALBAGH,2025-04-09,05-09-2025 00:00,18.825,67.89,29.92,4.74,0.94,49.39
LUCKNOW_LALBAGH,2025-04-10,05-10-2025 00:00,26.43,52.36,32.69,5.77,1.78,20.85
LUCKNOW_LALBAGH,2025-04-11,05-11-2025 00:00,71.78,267.47,48.47,6.49,1.13,48.42
LUCKNOW_LALBAGH,2025-04-12,05-12-2025 00:00,82.8,212.42,32.1,6.28,0.61,56.92
LUCKNOW_LALBAGH,2025-05-01,06-01-2025 00:00,112.66,281.38,28.58,4.25,1.1,10.08
LUCKNOW_LALBAGH,2025-05-02,06-02-2025 00:00,101.16,198.7,38.4,7.97,1.08,33.98
LUCKNOW_LALBAGH,2025-05-03,06-03-2025 00:00,56.08,175.61,60.94,6.67,1.3,36.77
LUCKNOW_LALBAGH,2025-05-04,06-04-2025 00:00,88.88,210.71,45.33,15.39,0.97,60.76
LUCKNOW_LALBAGH,2025-05-05,06-05-2025 00:00,67.4,168.41,35.44,7.87,0.96,36.36
LUCKNOW_LALBAGH,2025-05-06,06-06-2025 00:00,59.59,127.43,37.57,5.56,0.64,19.23
LUCKNOW_LALBAGH,2025-05-07,06-07-2025 00:00,25.02,65.3,31.95,7.32,1.19,33.81
LUCKNOW_LALBAGH,2025-05-08,06-08-2025 00:00,10.75,36.65,30.38,7.91,1.55,29.19
LUCKNOW_LALBAGH,2025-05-09,06-09-2025 00:00,27.965,60.66,29.93,4.07,0.57,27.51
LUCKNOW_LALBAGH,2025-05-10,06-10-2025 00:00,45.18,117.1,32.58,6.23,1.93,24.38
LUCKNOW_LALBAGH,2025-05-11,06-11-2025 00:00,84.5,318.74,48.39,6.17,0.82,52.33
LUCKNOW_LALBAGH,2025-05-12,06-12-2025 00:00,63.4,165.86,29.47,5.87,0.4,55.46
LUCKNOW_LALBAGH,2025-06-01,07-01-2025 00:00,123.06,276.64,28.8,4.32,1.01,10.87
LUCKNOW_LALBAGH,2025-06-02,07-02-2025 00:00,64.16,157.5,51.1,6.35,1.5,33.6
LUCKNOW_LALBAGH,2025-06-03,07-03-2025 00:00,67.42,129.23,60.33,10.8,1.23,38.64
LUCKNOW_LALBAGH,2025-06-04,07-04-2025 00:00,121.9,245.11,54.37,19.51,1.0,38.03
LUCKNOW_LALBAGH,2025-06-05,07-05-2025 00:00,55.73,141.57,37.12,4.1,0.82,38.35
LUCKNOW_LALBAGH,2025-06-06,07-06-2025 00:00,63.81,150.03,37.93,6.03,0.41,12.88
LUCKNOW_LALBAGH,2025-06-07,07-07-2025 00:00,22.69,78.67,31.26,6.53,1.5,46.46
LUCKNOW_LALBAGH,2025-06-08,07-08-2025 00:00,22.61,61.77,30.17,7.47,1.02,29.45
LUCKNOW_LALBAGH,2025-06-09,07-09-2025 00:00,36.8,54.0,29.96,5.91,1.3,46.46
LUCKNOW_LALBAGH,2025-06-10,07-10-2025 00:00,50.99,104.75,36.55,6.44,1.33,30.04
LUCKNOW_LALBAGH,2025-06-11,07-11-2025 00:00,102.29,204.49,48.35,5.55,1.23,40.79
LUCKNOW_LALBAGH,2025-06-12,07-12-2025 00:00,60.71,155.81,29.59,7.85,0.5,58.88
LUCKNOW_LALBAGH,2025-07-01,08-01-2025 00:00,108.66,276.2,28.87,4.46,1.11,14.64
LUCKNOW_LALBAGH,2025-07-02,08-02-2025 00:00,74.73,185.36,67.19,6.49,1.29,29.96
LUCKNOW_LALBAGH,2025-07-03,08-03-2025 00:00,103.67,221.46,64.42,9.72,1.16,16.01
LUCKNOW_LALBAGH,2025-07-04,08-04-2025 00:00,109.66,265.06,56.94,16.37,0.85,14.87
LUCKNOW_LALBAGH,2025-07-05,08-05-2025 00:00,46.56,110.47,41.79,6.74,1.04,34.22
LUCKNOW_LALBAGH,2025-07-06,08-06-2025 00:00,81.79,179.44,37.62,7.81,0.46,10.63
LUCKNOW_LALBAGH,2025-07-07,08-07-2025 00:00,19.75,85.87,31.25,6.17,0.9,40.23
LUCKNOW_LALBAGH,2025-07-08,08-08-2025 00:00,29.59,110.72,29.43,7.32,0.97,29.41
LUCKNOW_LALBAGH,2025-07-09,08-09-2025 00:00,39.24,54.0,29.97,9.32,1.55,53.22
LUCKNOW_LALBAGH,2025-07-10,08-10-2025 00:00,48.89,121.22,38.51,6.76,1.46,10.37
LUCKNOW_LALBAGH,2025-07-11,08-11-2025 00:00,82.13,218.42,41.79,8.19,1.21,15.49
LUCKNOW_LALBAGH,2025-07-12,08-12-2025 00:00,47.5,155.66,29.88,7.73,0.43,54.36
LUCKNOW_LALBAGH,2025-08-01,09-01-2025 00:00,123.44,278.8,28.6,4.79,1.2,18.66
LUCKNOW_LALBAGH,2025-08-02,09-02-2025 00:00,81.93,189.33,73.25,11.15,1.19,29.17
LUCKNOW_LALBAGH,2025-08-03,09-03-2025 00:00,82.47,193.31,64.65,10.42,1.21,14.49
LUCKNOW_LALBAGH,2025-08-04,09-04-2025 00:00,104.0,190.79,45.71,13.25,0.38,43.07
LUCKNOW_LALBAGH,2025-08-05,09-05-2025 00:00,50.63,124.23,45.34,7.72,1.03,25.28
LUCKNOW_LALBAGH,2025-08-06,09-06-2025 00:00,88.08,185.75,36.86,5.8,0.35,10.77
LUCKNOW_LALBAGH,2025-08-07,09-07-2025 00:00,26.51,217.79,33.36,6.71,0.42,34.08
LUCKNOW_LALBAGH,2025-08-08,09-08-2025 00:00,22.11,39.43,30.79,5.39,0.98,31.79
LUCKNOW_LALBAGH,2025-08-09,09-09-2025 00:00,46.15,49.17,30.16,14.44,2.18,40.06
LUCKNOW_LALBAGH,2025-08-10,09-10-2025 00:00,70.19,128.85,38.42,5.0,0.9,24.12
LUCKNOW_LALBAGH,2025-08-11,09-11-2025 00:00,76.63,311.6,41.4,8.77,0.49,27.36
LUCKNOW_LALBAGH,2025-08-12,09-12-2025 00:00,70.77,260.23,29.21,5.46,0.26,29.56
LUCKNOW_LALBAGH,2025-09-01,10-01-2025 00:00,189.35,385.6,40.59,4.25,1.08,23.38
LUCKNOW_LALBAGH,2025-09-02,10-02-2025 00:00,109.57,230.91,75.52,11.71,1.17,27.79
LUCKNOW_LALBAGH,2025-09-03,10-03-2025 00:00,104.58,226.88,68.25,10.05,1.06,14.15
LUCKNOW_LALBAGH,2025-09-04,10-04-2025 00:00,97.72,207.31,43.0,14.13,0.49,42.79
LUCKNOW_LALBAGH,2025-09-05,10-05-2025 00:00,58.5,144.76,48.18,5.53,0.93,23.59
LUCKNOW_LALBAGH,2025-09-06,10-06-2025 00:00,85.35,176.79,39.8,8.27,0.53,34.41
LUCKNOW_LALBAGH,2025-09-07,10-07-2025 00:00,21.53,51.29,39.72,6.38,0.76,30.65
LUCKNOW_LALBAGH,2025-09-08,10-08-2025 00:00,23.24,67.15,30.24,5.21,0.71,32.82
LUCKNOW_LALBAGH,2025-09-09,10-09-2025 00:00,41.620000000000005,40.82,35.88,9.72,1.53,42.61
LUCKNOW_LALBAGH,2025-09-10,10-10-2025 00:00,60.0,129.6,38.39,7.65,1.76,40.32
LUCKNOW_LALBAGH,2025-09-11,10-11-2025 00:00,87.85,253.55,48.36,5.81,0.61,31.75
LUCKNOW_LALBAGH,2025-09-12,10-12-2025 00:00,84.42,343.44,27.67,6.37,0.42,14.77
LUCKNOW_LALBAGH,2025-10-01,11-01-2025 00:00,230.4,432.38,59.1,4.78,1.09,33.11
LUCKNOW_LALBAGH,2025-10-02,11-02-2025 00:00,127.18,260.13,81.17,9.26,1.14,27.86
LUCKNOW_LALBAGH,2025-10-03,11-03-2025 00:00,108.66,252.59,68.44,12.13,0.88,16.46
LUCKNOW_LALBAGH,2025-10-04,11-04-2025 00:00,60.98,123.75,40.61,9.02,0.96,22.01
LUCKNOW_LALBAGH,2025-10-05,11-05-2025 00:00,54.43,150.78,46.59,9.53,0.9,30.9
LUCKNOW_LALBAGH,2025-10-06,11-06-2025 00:00,90.21,201.08,36.45,7.36,0.88,54.19
LUCKNOW_LALBAGH,2025-10-07,11-07-2025 00:00,17.64,58.58,33.31,9.33,0.75,33.99
LUCKNOW_LALBAGH,2025-10-08,11-08-2025 00:00,24.06,63.75,29.14,7.6,0.89,28.54
LUCKNOW_LALBAGH,2025-10-09,11-09-2025 00:00,44.125,43.96,41.77,8.11,1.02,41.65
LUCKNOW_LALBAGH,2025-10-10,11-10-2025 00:00,64.19,130.97,38.74,6.3,1.57,36.19
LUCKNOW_LALBAGH,2025-10-11,11-11-2025 00:00,81.66,259.33,46.17,9.17,0.5,29.02
LUCKNOW_LALBAGH,2025-10-12,11-12-2025 00:00,80.16,277.48,26.97,3.97,0.34,22.87
LUCKNOW_LALBAGH,2025-11-01,12-01-2025 00:00,242.59,445.32,57.88,3.93,0.79,38.54
LUCKNOW_LALBAGH,2025-11-02,12-02-2025 00:00,108.39,245.7,75.03,10.46,1.15,31.28
LUCKNOW_LALBAGH,2025-11-03,12-03-2025 00:00,122.05,270.9,71.34,10.4,0.77,13.59
LUCKNOW_LALBAGH,2025-11-04,12-04-2025 00:00,37.77,92.02,43.81,11.82,1.0,22.16
LUCKNOW_LALBAGH,2025-11-05,12-05-2025 00:00,62.72,160.61,43.28,5.52,1.08,40.85
LUCKNOW_LALBAGH,2025-11-06,12-06-2025 00:00,78.2,157.77,35.33,8.05,0.9,55.64
LUCKNOW_LALBAGH,2025-11-07,12-07-2025 00:00,18.18,99.46,31.95,7.6,0.47,28.54
LUCKNOW_LALBAGH,2025-11-08,12-08-2025 00:00,21.77,66.21,29.24,5.76,0.79,27.07
LUCKNOW_LALBAGH,2025-11-09,12-09-2025 00:00,44.16,58.43,37.56,11.49,1.65,45.05
LUCKNOW_LALBAGH,2025-11-10,12-10-2025 00:00,66.55,135.33,40.42,4.97,0.97,35.68
LUCKNOW_LALBAGH,2025-11-11,12-11-2025 00:00,136.52,281.61,37.29,6.2,0.65,27.42
LUCKNOW_LALBAGH,2025-11-12,12-12-2025 00:00,89.73,280.14,23.26,5.93,1.15,24.07
LUCKNOW_LALBAGH,2025-12-01,13-01-2025 00:00,168.02,332.25,49.43,5.58,1.0,39.06
LUCKNOW_LALBAGH,2025-12-02,13-02-2025 00:00,97.81,215.05,72.0,6.88,1.06,32.22
LUCKNOW_LALBAGH,2025-12-03,13-03-2025 00:00,92.91,220.58,61.6,6.44,0.86,24.19
LUCKNOW_LALBAGH,2025-12-04,13-04-2025 00:00,41.72,107.6,46.37,10.15,0.9,27.01
LUCKNOW_LALBAGH,2025-12-05,13-05-2025 00:00,60.78,148.66,43.03,7.72,0.92,28.48
LUCKNOW_LALBAGH,2025-12-06,13-06-2025 00:00,65.36,153.57,34.46,9.53,1.03,46.17
LUCKNOW_LALBAGH,2025-12-07,13-07-2025 00:00,21.4,79.8,32.36,7.15,0.52,26.61
LUCKNOW_LALBAGH,2025-12-08,13-08-2025 00:00,22.45,93.68,28.62,7.09,0.78,35.15
LUCKNOW_LALBAGH,2025-12-09,13-09-2025 00:00,37.85,59.37,38.63,6.38,1.39,35.03
LUCKNOW_LALBAGH,2025-12-10,13-10-2025 00:00,80.24,149.7,44.46,6.61,0.82,31.22
LUCKNOW_LALBAGH,2025-12-11,13-11-2025 00:00,80.53,311.91,35.54,7.38,0.49,28.42
LUCKNOW_LALBAGH,2025-12-12,13-12-2025 00:00,84.62,270.28,22.78,4.7,0.58,25.46
LUCKNOW_LALBAGH,2026-01-01,02-01-2026 00:00,98.95,334.13,35.09,4.56,1.18,12.58
LUCKNOW_LALBAGH,2026-01-02,02-02-2026 00:00,110.35,342.31,52.21,9.63,1.13,16.4
LUCKNOW_LALBAGH,2026-02-01,03-01-2026 00:00,97.32,331.67,35.19,5.13,0.91,7.1
LUCKNOW_LALBAGH,2026-02-02,03-02-2026 00:00,135.67,295.75,50.89,7.17,1.06,15.58
LUCKNOW_LALBAGH,2026-03-01,04-01-2026 00:00,145.13,286.33,34.91,4.13,1.07,9.29
LUCKNOW_LALBAGH,2026-03-02,04-02-2026 00:00,47.76,231.48,47.2,7.58,1.3,11.59
LUCKNOW_LALBAGH,2026-04-01,05-01-2026 00:00,175.8,461.21,35.39,4.15,1.2,10.11
LUCKNOW_LALBAGH,2026-04-02,05-02-2026 00:00,56.09,225.72,42.71,6.01,1.28,12.83
LUCKNOW_LALBAGH,2026-05-01,06-01-2026 00:00,101.36,350.29,34.84,4.07,1.61,11.67
LUCKNOW_LALBAGH,2026-05-02,06-02-2026 00:00,59.04,222.71,40.37,4.97,1.2,14.79
LUCKNOW_LALBAGH,2026-06-01,07-01-2026 00:00,129.19,239.71,34.87,3.9,1.53,9.72
LUCKNOW_LALBAGH,2026-06-02,07-02-2026 00:00,61.85,208.35,41.77,8.42,1.15,14.67
LUCKNOW_LALBAGH,2026-07-01,08-01-2026 00:00,150.4,233.19,35.67,7.09,1.41,9.98
LUCKNOW_LALBAGH,2026-07-02,08-02-2026 00:00,97.09,260.24,40.22,9.22,1.12,12.33
LUCKNOW_LALBAGH,2026-08-01,09-01-2026 00:00,87.49,350.61,35.89,6.19,1.77,9.88
LUCKNOW_LALBAGH,2026-08-02,09-02-2026 00:00,89.23,272.82,39.15,6.29,1.26,7.47
LUCKNOW_LALBAGH,2026-09-01,10-01-2026 00:00,79.05,353.07,37.28,5.67,1.84,12.31
LUCKNOW_LALBAGH,2026-09-02,10-02-2026 00:00,58.13,277.34,40.84,8.19,1.17,21.83
LUCKNOW_LALBAGH,2026-10-01,11-01-2026 00:00,90.94,452.05,36.96,6.15,1.89,12.88
LUCKNOW_LALBAGH,2026-10-02,11-02-2026 00:00,60.17,267.12,38.21,8.5,1.0,16.92
LUCKNOW_LALBAGH,2026-11-01,12-01-2026 00:00,89.36,367.57,37.09,6.95,1.53,17.18
LUCKNOW_LALBAGH,2026-11-02,12-02-2026 00:00,41.97,199.74,37.19,6.69,1.02,21.94
LUCKNOW_LALBAGH,2026-12-01,13-01-2026 00:00,92.66,407.66,37.19,9.72,2.07,22.55
LUCKNOW_LALBAGH,2026-12-02,13-02-2026 00:00,60.48,180.55,36.84,7.67,1.1,19.68
LUCKNOW_LALBAGH,,14-01-2025 00:00,180.75,347.16,49.47,5.25,0.74,31.8
LUCKNOW_LALBAGH,,15-01-2025 00:00,136.09,295.2,48.66,3.67,0.95,34.62
LUCKNOW_LALBAGH,,16-01-2025 00:00,127.04,213.05,44.26,5.83,1.06,17.51
LUCKNOW_LALBAGH,,17-01-2025 00:00,115.17,222.46,42.73,7.52,1.04,5.74
LUCKNOW_LALBAGH,,18-01-2025 00:00,93.49,192.74,44.16,5.49,1.0,5.83
LUCKNOW_LALBAGH,,19-01-2025 00:00,115.66,235.94,34.46,7.01,1.0,4.9
LUCKNOW_LALBAGH,,20-01-2025 00:00,95.29,201.6,36.02,8.25,1.17,5.86
LUCKNOW_LALBAGH,,21-01-2025 00:00,88.94,198.38,38.55,7.45,1.06,14.25
LUCKNOW_LALBAGH,,22-01-2025 00:00,114.81,238.9,39.45,7.12,1.01,22.1
LUCKNOW_LALBAGH,,23-01-2025 00:00,114.8,255.71,43.82,7.5,1.16,28.25
LUCKNOW_LALBAGH,,24-01-2025 00:00,135.32,264.88,45.69,7.13,0.97,33.91
LUCKNOW_LALBAGH,,25-01-2025 00:00,83.8,178.27,35.09,6.55,1.29,33.83
LUCKNOW_LALBAGH,,26-01-2025 00:00,78.82,186.21,42.42,8.4,1.13,22.49
LUCKNOW_LALBAGH,,27-01-2025 00:00,96.64,232.09,39.76,7.42,1.23,20.75
LUCKNOW_LALBAGH,,28-01-2025 00:00,137.29,301.13,39.49,7.83,0.98,34.74
LUCKNOW_LALBAGH,,29-01-2025 00:00,155.29,334.05,40.43,9.47,1.18,26.44
LUCKNOW_LALBAGH,,30-01-2025 00:00,190.74,364.03,45.42,8.17,0.87,27.61
LUCKNOW_LALBAGH,,31-01-2025 00:00,190.15,368.99,64.08,9.1,1.04,24.52
LUCKNOW_LALBAGH,,01-02-2025 00:00,201.06,418.19,73.79,8.38,0.96,33.2
LUCKNOW_LALBAGH,,14-02-2025 00:00,67.24,182.88,67.93,9.16,1.37,30.93
LUCKNOW_LALBAGH,,15-02-2025 00:00,62.93,150.39,56.63,8.83,1.43,28.14
LUCKNOW_LALBAGH,,16-02-2025 00:00,86.69,189.39,44.4,10.64,1.14,30.38
LUCKNOW_LALBAGH,,17-02-2025 00:00,126.78,264.37,44.75,7.08,0.96,32.0
LUCKNOW_LALBAGH,,18-02-2025 00:00,130.63,274.55,54.73,10.13,1.03,33.79
LUCKNOW_LALBAGH,,19-02-2025 00:00,122.27,256.68,50.85,7.86,0.94,25.32
LUCKNOW_LALBAGH,,20-02-2025 00:00,105.91,222.5,63.05,10.08,1.33,30.88
LUCKNOW_LALBAGH,,21-02-2025 00:00,114.07,238.64,69.56,7.63,1.12,27.51
LUCKNOW_LALBAGH,,22-02-2025 00:00,105.58,228.02,66.38,7.58,1.11,27.52
LUCKNOW_LALBAGH,,23-02-2025 00:00,87.83,189.91,61.9,8.02,0.84,28.43
LUCKNOW_LALBAGH,,24-02-2025 00:00,79.53,173.5,61.12,11.76,1.08,28.29
LUCKNOW_LALBAGH,,25-02-2025 00:00,83.59,167.69,67.39,7.08,1.19,28.27
LUCKNOW_LALBAGH,,26-02-2025 00:00,80.8,169.87,72.44,7.55,1.31,28.65
LUCKNOW_LALBAGH,,27-02-2025 00:00,113.66,252.88,78.91,8.41,1.07,27.96
LUCKNOW_LALBAGH,,28-02-2025 00:00,99.87,229.43,74.79,8.35,0.89,25.64
LUCKNOW_LALBAGH,,01-03-2025 00:00,121.25,263.01,71.28,8.0,0.74,26.89
LUCKNOW_LALBAGH,,14-03-2025 00:00,78.81,188.7,49.01,8.97,0.92,44.45
LUCKNOW_LALBAGH,,15-03-2025 00:00,76.33,173.34,43.35,7.87,0.94,34.18
LUCKNOW_LALBAGH,,16-03-2025 00:00,73.27,159.38,43.74,6.59,1.02,34.69
LUCKNOW_LALBAGH,,17-03-2025 00:00,75.1,173.01,37.7,7.28,0.84,37.99
LUCKNOW_LALBAGH,,18-03-2025 00:00,40.96,105.19,35.44,7.83,1.09,35.09
LUCKNOW_LALBAGH,,19-03-2025 00:00,43.71,118.0,38.27,8.01,1.07,33.76
LUCKNOW_LALBAGH,,20-03-2025 00:00,52.59,123.46,42.73,11.02,1.3,27.78
LUCKNOW_LALBAGH,,21-03-2025 00:00,98.76,178.16,44.11,6.47,1.04,28.29
LUCKNOW_LALBAGH,,22-03-2025 00:00,52.85,119.59,39.38,10.05,1.17,27.44
LUCKNOW_LALBAGH,,23-03-2025 00:00,75.9,192.18,39.4,8.21,0.97,18.66
LUCKNOW_LALBAGH,,24-03-2025 00:00,72.74,182.87,40.88,8.23,0.99,18.19
LUCKNOW_LALBAGH,,25-03-2025 00:00,98.14,214.71,51.48,5.86,0.7,19.4
LUCKNOW_LALBAGH,,26-03-2025 00:00,112.65,242.34,54.0,12.18,0.87,20.22
LUCKNOW_LALBAGH,,27-03-2025 00:00,99.66,232.06,54.79,11.48,0.77,14.99
LUCKNOW_LALBAGH,,28-03-2025 00:00,82.1,192.6,47.39,11.82,0.92,29.33
LUCKNOW_LALBAGH,,29-03-2025 00:00,75.58,204.25,38.29,13.65,0.88,31.63
LUCKNOW_LALBAGH,,30-03-2025 00:00,57.03,182.97,39.13,9.89,1.29,30.53
LUCKNOW_LALBAGH,,31-03-2025 00:00,51.03,162.43,37.24,12.71,1.14,33.28
LUCKNOW_LALBAGH,,01-04-2025 00:00,80.67,177.54,54.5,11.54,0.88,18.75
LUCKNOW_LALBAGH,,14-04-2025 00:00,41.57,115.71,41.74,9.13,1.13,36.4
LUCKNOW_LALBAGH,,15-04-2025 00:00,42.93,99.71,46.35,7.03,0.96,39.75
LUCKNOW_LALBAGH,,16-04-2025 00:00,67.06,165.79,53.12,5.51,0.68,35.98
LUCKNOW_LALBAGH,,17-04-2025 00:00,64.22,152.53,53.6,6.73,0.99,42.14
LUCKNOW_LALBAGH,,18-04-2025 00:00,67.01,167.61,49.28,6.78,0.82,49.1
LUCKNOW_LALBAGH,,19-04-2025 00:00,60.69,147.56,43.05,6.79,0.96,49.01
LUCKNOW_LALBAGH,,20-04-2025 00:00,38.37,99.7,42.55,6.24,0.99,43.24
LUCKNOW_LALBAGH,,21-04-2025 00:00,58.64,143.92,40.86,6.43,1.05,34.71
LUCKNOW_LALBAGH,,22-04-2025 00:00,83.83,196.28,48.14,6.85,0.83,33.35
LUCKNOW_LALBAGH,,23-04-2025 00:00,104.34,253.43,53.26,9.77,0.97,45.37
LUCKNOW_LALBAGH,,24-04-2025 00:00,97.0,234.18,45.74,8.72,1.38,38.95
LUCKNOW_LALBAGH,,25-04-2025 00:00,87.71,204.9,47.69,11.31,1.33,35.74
LUCKNOW_LALBAGH,,26-04-2025 00:00,108.01,224.5,55.26,7.86,1.03,28.03
LUCKNOW_LALBAGH,,27-04-2025 00:00,90.5,189.72,51.74,7.12,0.8,33.59
LUCKNOW_LALBAGH,,28-04-2025 00:00,157.72,284.93,85.63,5.56,1.31,12.16
LUCKNOW_LALBAGH,,29-04-2025 00:00,60.1,153.64,40.71,4.59,1.31,37.44
LUCKNOW_LALBAGH,,30-04-2025 00:00,65.89,179.46,43.94,5.43,0.75,40.54
LUCKNOW_LALBAGH,,01-05-2025 00:00,64.95,128.6,54.72,6.13,0.76,35.46
LUCKNOW_LALBAGH,,14-05-2025 00:00,76.49,189.82,42.46,5.86,0.94,32.94
LUCKNOW_LALBAGH,,15-05-2025 00:00,85.43,228.76,44.27,9.23,0.7,38.43
LUCKNOW_LALBAGH,,16-05-2025 00:00,123.67,286.86,49.49,11.09,0.95,38.63
LUCKNOW_LALBAGH,,17-05-2025 00:00,130.14,330.27,43.28,6.16,0.85,34.87
LUCKNOW_LALBAGH,,18-05-2025 00:00,78.6,191.04,40.86,6.17,0.91,35.84
LUCKNOW_LALBAGH,,19-05-2025 00:00,68.55,162.53,37.77,7.49,0.87,40.47
LUCKNOW_LALBAGH,,20-05-2025 00:00,58.06,136.87,36.43,6.43,0.94,28.79
LUCKNOW_LALBAGH,,21-05-2025 00:00,39.96,94.49,36.8,5.49,0.87,32.95
LUCKNOW_LALBAGH,,22-05-2025 00:00,41.21,102.56,37.28,6.6,0.76,35.5
LUCKNOW_LALBAGH,,23-05-2025 00:00,32.71,72.52,37.2,7.1,0.76,39.24
LUCKNOW_LALBAGH,,24-05-2025 00:00,44.23,98.23,35.98,7.44,0.67,63.95
LUCKNOW_LALBAGH,,25-05-2025 00:00,52.59,180.86,35.29,7.82,1.2,66.48
LUCKNOW_LALBAGH,,26-05-2025 00:00,50.6,113.22,35.98,5.93,1.04,63.95
LUCKNOW_LALBAGH,,27-05-2025 00:00,43.99,90.83,35.97,7.68,1.24,71.87
LUCKNOW_LALBAGH,,28-05-2025 00:00,36.04,112.09,36.25,8.28,1.16,68.24
LUCKNOW_LALBAGH,,29-05-2025 00:00,40.48,95.42,35.5,6.61,0.86,67.8
LUCKNOW_LALBAGH,,30-05-2025 00:00,36.21,74.7,35.64,6.09,0.54,62.1
LUCKNOW_LALBAGH,,31-05-2025 00:00,44.65,119.28,35.52,6.74,0.58,57.4
LUCKNOW_LALBAGH,,01-06-2025 00:00,83.99,205.53,37.2,8.71,0.41,59.7
LUCKNOW_LALBAGH,,14-06-2025 00:00,49.94,125.65,32.47,5.67,1.14,41.6
LUCKNOW_LALBAGH,,15-06-2025 00:00,53.91,124.4,37.06,11.38,2.37,64.79
LUCKNOW_LALBAGH,,16-06-2025 00:00,52.66,200.99,31.84,5.25,1.04,51.8
LUCKNOW_LALBAGH,,17-06-2025 00:00,38.67,170.92,32.59,8.34,0.76,46.91
LUCKNOW_LALBAGH,,18-06-2025 00:00,44.88,155.71,32.78,9.0,1.3,41.96
LUCKNOW_LALBAGH,,19-06-2025 00:00,29.79,70.43,32.55,8.68,0.88,41.47
LUCKNOW_LALBAGH,,20-06-2025 00:00,44.77,217.56,33.0,9.3,1.05,30.36
LUCKNOW_LALBAGH,,21-06-2025 00:00,20.27,42.5,32.69,7.77,1.35,30.16
LUCKNOW_LALBAGH,,22-06-2025 00:00,23.66,67.05,31.6,8.2,1.68,37.45
LUCKNOW_LALBAGH,,23-06-2025 00:00,24.89,79.46,32.93,7.54,1.14,27.98
LUCKNOW_LALBAGH,,24-06-2025 00:00,24.18,71.24,33.62,8.05,0.88,29.72
LUCKNOW_LALBAGH,,25-06-2025 00:00,36.04,98.54,32.38,5.53,1.63,34.78
LUCKNOW_LALBAGH,,26-06-2025 00:00,37.47,148.99,35.1,5.76,1.23,37.43
LUCKNOW_LALBAGH,,27-06-2025 00:00,23.31,60.19,32.18,6.91,1.22,37.91
LUCKNOW_LALBAGH,,28-06-2025 00:00,29.12,132.69,32.02,5.48,1.08,41.09
LUCKNOW_LALBAGH,,29-06-2025 00:00,27.51,177.38,31.73,5.7,0.95,28.54
LUCKNOW_LALBAGH,,30-06-2025 00:00,25.7,252.66,31.81,6.94,1.39,19.34
LUCKNOW_LALBAGH,,01-07-2025 00:00,20.68,52.61,32.29,5.75,1.11,23.59
LUCKNOW_LALBAGH,,14-07-2025 00:00,25.39,104.32,32.64,6.02,0.54,41.39
LUCKNOW_LALBAGH,,15-07-2025 00:00,20.95,61.13,33.43,7.3,0.91,46.88
LUCKNOW_LALBAGH,,16-07-2025 00:00,18.64,43.31,33.36,9.17,1.08,33.06
LUCKNOW_LALBAGH,,17-07-2025 00:00,15.2,41.46,31.44,6.76,1.32,30.2
LUCKNOW_LALBAGH,,18-07-2025 00:00,18.0,44.39,28.85,7.02,1.29,28.3
LUCKNOW_LALBAGH,,19-07-2025 00:00,25.36,63.39,28.18,6.25,0.77,16.44
LUCKNOW_LALBAGH,,20-07-2025 00:00,26.84,70.82,28.13,9.76,0.71,12.97
LUCKNOW_LALBAGH,,21-07-2025 00:00,36.99,105.14,28.03,8.46,0.82,12.55
LUCKNOW_LALBAGH,,22-07-2025 00:00,37.13,162.8,28.41,7.13,0.66,12.93
LUCKNOW_LALBAGH,,23-07-2025 00:00,34.26,87.3,28.09,7.21,1.02,14.96
LUCKNOW_LALBAGH,,24-07-2025 00:00,31.07,90.37,27.79,7.12,0.71,15.23
LUCKNOW_LALBAGH,,25-07-2025 00:00,27.7,60.91,30.64,5.69,0.61,14.73
LUCKNOW_LALBAGH,,26-07-2025 00:00,32.97,70.33,30.58,7.78,0.94,20.98
LUCKNOW_LALBAGH,,27-07-2025 00:00,15.97,33.27,30.03,5.94,1.97,20.78
LUCKNOW_LALBAGH,,28-07-2025 00:00,23.53,67.08,29.93,8.49,1.51,20.82
LUCKNOW_LALBAGH,,29-07-2025 00:00,23.04,146.4,29.21,6.96,1.63,23.54
LUCKNOW_LALBAGH,,30-07-2025 00:00,15.25,116.25,28.8,7.66,0.95,27.2
LUCKNOW_LALBAGH,,31-07-2025 00:00,16.72,44.5,29.95,5.88,1.14,30.93
LUCKNOW_LALBAGH,,01-08-2025 00:00,26.14,71.64,29.56,6.39,0.8,32.33
LUCKNOW_LALBAGH,,14-08-2025 00:00,4.29,72.28,28.87,6.26,1.0,35.86
LUCKNOW_LALBAGH,,15-08-2025 00:00,11.56,23.36,28.63,10.91,0.74,47.03
LUCKNOW_LALBAGH,,16-08-2025 00:00,17.74,47.32,29.58,4.86,1.52,38.55
LUCKNOW_LALBAGH,,17-08-2025 00:00,19.36,53.95,29.33,6.82,1.5,49.67
LUCKNOW_LALBAGH,,18-08-2025 00:00,17.16,67.21,28.88,5.76,0.94,47.2
LUCKNOW_LALBAGH,,19-08-2025 00:00,8.4,27.49,28.96,5.42,1.0,45.98
LUCKNOW_LALBAGH,,20-08-2025 00:00,19.44,54.98,28.67,7.28,0.64,44.76
LUCKNOW_LALBAGH,,21-08-2025 00:00,22.44,48.01,28.63,5.8,0.61,42.24
LUCKNOW_LALBAGH,,22-08-2025 00:00,28.54,61.25,28.69,5.13,0.9,39.65
LUCKNOW_LALBAGH,,23-08-2025 00:00,27.47,60.28,28.83,8.55,0.91,33.18
LUCKNOW_LALBAGH,,24-08-2025 00:00,28.35,61.55,29.19,6.09,0.55,35.51
LUCKNOW_LALBAGH,,25-08-2025 00:00,27.4,61.34,28.43,7.94,0.52,39.14
LUCKNOW_LALBAGH,,26-08-2025 00:00,26.88,62.36,28.49,4.53,0.6,37.17
LUCKNOW_LALBAGH,,27-08-2025 00:00,25.47,55.35,28.63,7.43,1.09,35.26
LUCKNOW_LALBAGH,,28-08-2025 00:00,25.44,58.0,28.18,5.59,1.25,32.97
LUCKNOW_LALBAGH,,29-08-2025 00:00,30.75,58.75,27.63,8.33,0.82,34.89
LUCKNOW_LALBAGH,,30-08-2025 00:00,45.06,72.53,28.03,7.86,0.88,39.66
LUCKNOW_LALBAGH,,31-08-2025 00:00,46.34,78.27,27.9,6.8,0.76,39.79
LUCKNOW_LALBAGH,,01-09-2025 00:00,46.45,78.23,28.23,5.56,0.74,37.78
LUCKNOW_LALBAGH,,14-09-2025 00:00,32.39,57.24,35.37,8.31,1.69,34.19
LUCKNOW_LALBAGH,,15-09-2025 00:00,29.58,53.27,29.8,7.27,1.28,33.16
LUCKNOW_LALBAGH,,16-09-2025 00:00,32.38,58.52,32.92,9.92,1.26,28.45
LUCKNOW_LALBAGH,,17-09-2025 00:00,24.82,44.14,36.04,3.9,0.72,26.91
LUCKNOW_LALBAGH,,18-09-2025 00:00,38.11,73.73,50.45,8.21,1.13,28.39
LUCKNOW_LALBAGH,,19-09-2025 00:00,24.62,46.82,47.35,10.08,0.95,32.17
LUCKNOW_LALBAGH,,20-09-2025 00:00,72.25,93.8,36.84,6.69,1.14,31.89
LUCKNOW_LALBAGH,,21-09-2025 00:00,53.64,161.92,29.89,14.78,1.13,31.7
LUCKNOW_LALBAGH,,22-09-2025 00:00,62.15,151.15,29.79,7.44,1.01,25.34
LUCKNOW_LALBAGH,,23-09-2025 00:00,71.22,122.84,29.79,11.68,0.84,21.97
LUCKNOW_LALBAGH,,24-09-2025 00:00,64.15,161.07,29.95,5.62,0.86,24.95
LUCKNOW_LALBAGH,,25-09-2025 00:00,89.18,158.96,29.88,2.94,1.24,19.63
LUCKNOW_LALBAGH,,26-09-2025 00:00,85.78,133.12,29.87,4.14,0.85,15.32
LUCKNOW_LALBAGH,,27-09-2025 00:00,53.86,94.37,29.95,6.0,1.06,9.28
LUCKNOW_LALBAGH,,28-09-2025 00:00,24.01,76.12,29.82,4.85,1.02,15.09
LUCKNOW_LALBAGH,,29-09-2025 00:00,53.12,123.41,30.0,6.07,1.28,7.48
LUCKNOW_LALBAGH,,30-09-2025 00:00,71.31,131.44,29.94,7.18,2.18,15.45
LUCKNOW_LALBAGH,,01-10-2025 00:00,68.27,170.44,31.14,5.61,1.7,30.69
LUCKNOW_LALBAGH,,14-10-2025 00:00,75.07,152.08,41.97,6.64,0.67,32.63
LUCKNOW_LALBAGH,,15-10-2025 00:00,53.66,144.94,43.27,4.24,0.56,28.88
LUCKNOW_LALBAGH,,16-10-2025 00:00,61.07,167.98,43.99,4.98,0.75,34.84
LUCKNOW_LALBAGH,,17-10-2025 00:00,68.43,153.69,41.72,3.82,0.81,42.24
LUCKNOW_LALBAGH,,18-10-2025 00:00,67.87,147.66,37.99,5.47,0.56,39.25
LUCKNOW_LALBAGH,,19-10-2025 00:00,93.44,165.62,37.89,5.15,0.87,37.42
LUCKNOW_LALBAGH,,20-10-2025 00:00,89.68,193.21,37.71,4.44,0.86,31.0
LUCKNOW_LALBAGH,,21-10-2025 00:00,85.52,234.95,37.97,6.74,0.47,31.76
LUCKNOW_LALBAGH,,22-10-2025 00:00,255.74,330.51,37.96,5.67,1.3,37.15
LUCKNOW_LALBAGH,,23-10-2025 00:00,121.71,278.25,37.87,3.64,1.28,38.77
LUCKNOW_LALBAGH,,24-10-2025 00:00,123.46,269.86,37.98,7.43,1.58,30.42
LUCKNOW_LALBAGH,,25-10-2025 00:00,90.69,325.13,41.64,5.51,1.36,39.31
LUCKNOW_LALBAGH,,26-10-2025 00:00,72.08,318.98,44.85,6.02,1.23,36.23
LUCKNOW_LALBAGH,,27-10-2025 00:00,79.27,268.34,45.05,6.43,1.03,41.72
LUCKNOW_LALBAGH,,28-10-2025 00:00,79.4,263.96,44.89,6.6,1.07,28.98
LUCKNOW_LALBAGH,,29-10-2025 00:00,51.05,110.6,44.7,4.1,0.93,23.27
LUCKNOW_LALBAGH,,30-10-2025 00:00,37.12,107.91,44.98,5.6,1.1,28.75
LUCKNOW_LALBAGH,,31-10-2025 00:00,42.66,75.46,44.88,4.32,0.88,41.86
LUCKNOW_LALBAGH,,01-11-2025 00:00,16.92,58.94,44.95,3.43,1.26,39.87
LUCKNOW_LALBAGH,,14-11-2025 00:00,81.82,303.97,31.03,7.43,0.37,31.28
LUCKNOW_LALBAGH,,15-11-2025 00:00,81.82,297.67,24.07,6.9,0.4,31.55
LUCKNOW_LALBAGH,,16-11-2025 00:00,100.9,322.34,27.13,9.37,0.63,25.65
LUCKNOW_LALBAGH,,17-11-2025 00:00,69.14,396.71,27.12,9.51,0.14,21.04
LUCKNOW_LALBAGH,,18-11-2025 00:00,69.93,260.62,27.23,10.92,0.28,18.04
LUCKNOW_LALBAGH,,19-11-2025 00:00,61.76,202.46,28.55,7.37,0.69,20.01
LUCKNOW_LALBAGH,,20-11-2025 00:00,44.44,266.31,30.24,7.82,0.3,18.84
LUCKNOW_LALBAGH,,21-11-2025 00:00,113.08,297.09,28.31,6.09,0.31,24.97
LUCKNOW_LALBAGH,,22-11-2025 00:00,89.03,313.37,30.07,6.37,0.73,30.51
LUCKNOW_LALBAGH,,23-11-2025 00:00,115.43,354.52,34.77,4.44,1.22,34.51
LUCKNOW_LALBAGH,,24-11-2025 00:00,114.16,335.1,34.87,7.73,1.27,32.3
LUCKNOW_LALBAGH,,25-11-2025 00:00,111.93,349.34,34.91,8.17,2.1,31.08
LUCKNOW_LALBAGH,,26-11-2025 00:00,92.69,329.72,34.75,9.02,1.69,30.81
LUCKNOW_LALBAGH,,27-11-2025 00:00,101.34,323.9,38.71,8.58,1.28,31.96
LUCKNOW_LALBAGH,,28-11-2025 00:00,61.06,334.82,36.4,8.64,0.77,27.2
LUCKNOW_LALBAGH,,29-11-2025 00:00,88.98,258.71,26.49,7.88,0.54,27.98
LUCKNOW_LALBAGH,,30-11-2025 00:00,88.29,250.25,20.33,2.78,0.15,35.91
LUCKNOW_LALBAGH,,01-12-2025 00:00,128.73,206.17,23.9,4.59,0.31,51.23
LUCKNOW_LALBAGH,,14-12-2025 00:00,101.98,271.78,23.22,9.25,1.0,25.62
LUCKNOW_LALBAGH,,15-12-2025 00:00,95.25,268.04,22.91,7.45,0.66,25.65
LUCKNOW_LALBAGH,,16-12-2025 00:00,104.72,285.32,21.52,6.14,0.87,24.66
LUCKNOW_LALBAGH,,17-12-2025 00:00,77.33,288.94,23.92,5.46,0.79,17.26
LUCKNOW_LALBAGH,,18-12-2025 00:00,94.39,260.23,31.82,5.91,0.84,9.66
LUCKNOW_LALBAGH,,19-12-2025 00:00,114.44,205.81,32.62,4.43,0.84,26.28
LUCKNOW_LALBAGH,,20-12-2025 00:00,68.97,189.87,30.4,6.01,1.06,4.98
LUCKNOW_LALBAGH,,21-12-2025 00:00,64.99,196.54,31.02,5.53,1.19,11.34
LUCKNOW_LALBAGH,,22-12-2025 00:00,85.8,209.22,30.57,6.17,1.05,16.86
LUCKNOW_LALBAGH,,23-12-2025 00:00,104.03,309.42,30.84,6.3,0.91,14.85
LUCKNOW_LALBAGH,,24-12-2025 00:00,91.14,337.64,30.64,4.61,0.96,13.13
LUCKNOW_LALBAGH,,25-12-2025 00:00,79.1,346.23,30.31,4.97,1.21,14.28
LUCKNOW_LALBAGH,,26-12-2025 00:00,69.13,205.37,30.63,4.66,1.18,14.52
LUCKNOW_LALBAGH,,27-12-2025 00:00,82.01,239.01,32.33,6.1,1.4,13.09
LUCKNOW_LALBAGH,,28-12-2025 00:00,119.24,320.59,34.82,6.6,1.19,14.69
LUCKNOW_LALBAGH,,29-12-2025 00:00,107.24,219.24,35.06,4.87,1.31,12.38
LUCKNOW_LALBAGH,,30-12-2025 00:00,104.28,239.02,35.06,5.62,1.67,15.07
LUCKNOW_LALBAGH,,31-12-2025 00:00,83.28,322.56,35.16,6.75,1.17,11.73
LUCKNOW_LALBAGH,,01-01-2026 00:00,98.81,358.62,35.49,6.7,1.15,8.13
LUCKNOW_LALBAGH,,14-01-2026 00:00,84.55,384.99,37.02,5.88,1.96,20.22
LUCKNOW_LALBAGH,,15-01-2026 00:00,81.7,405.53,36.89,5.54,1.66,18.87
LUCKNOW_LALBAGH,,16-01-2026 00:00,75.21,326.96,37.26,4.68,1.1,24.51
LUCKNOW_LALBAGH,,17-01-2026 00:00,92.86,319.07,37.44,6.34,1.38,15.74
LUCKNOW_LALBAGH,,18-01-2026 00:00,107.63,360.3,36.73,4.77,1.12,19.76
LUCKNOW_LALBAGH,,19-01-2026 00:00,107.82,381.82,36.89,5.47,1.2,21.12
LUCKNOW_LALBAGH,,20-01-2026 00:00,91.68,391.21,37.19,7.54,1.21,18.11
LUCKNOW_LALBAGH,,21-01-2026 00:00,121.53,283.89,36.99,5.31,1.03,16.42
LUCKNOW_LALBAGH,,22-01-2026 00:00,63.92,236.61,31.23,7.19,1.26,17.99
LUCKNOW_LALBAGH,,23-01-2026 00:00,93.96,236.35,25.79,7.42,1.24,20.16
LUCKNOW_LALBAGH,,24-01-2026 00:00,90.17,224.59,25.41,4.7,1.19,28.39
LUCKNOW_LALBAGH,,25-01-2026 00:00,64.99,191.84,25.58,6.94,1.16,27.89
LUCKNOW_LALBAGH,,26-01-2026 00:00,76.77,186.09,26.03,7.65,1.22,19.19
LUCKNOW_LALBAGH,,27-01-2026 00:00,61.77,190.03,25.67,7.46,1.26,23.03
LUCKNOW_LALBAGH,,28-01-2026 00:00,77.55,214.72,26.17,7.38,1.19,18.56
LUCKNOW_LALBAGH,,29-01-2026 00:00,56.54,151.14,26.94,6.02,1.17,18.58
LUCKNOW_LALBAGH,,30-01-2026 00:00,91.38,270.51,26.18,6.05,1.22,18.11
LUCKNOW_LALBAGH,,31-01-2026 00:00,65.96,339.4,26.46,6.04,1.23,20.02
LUCKNOW_LALBAGH,,01-02-2026 00:00,84.68,350.17,39.65,5.97,1.25,14.59
LUCKNOW_LALBAGH,,14-02-2026 00:00,99.54,216.54,36.14,6.71,1.24,20.21
LUCKNOW_LALBAGH,,15-02-2026 00:00,59.71,241.07,35.3,6.4,1.04,21.16
LUCKNOW_LALBAGH,,16-02-2026 00:00,29.95,392.39,33.18,4.86,1.15,24.74
LUCKNOW_LALBAGH,,17-02-2026 00:00,35.46,138.93,31.24,8.05,1.18,21.99
LUCKNOW_LALBAGH,,17-02-2026 00:00,47.5,144.6,30.13,2.38,0.24,6.62
MUMBAI,2025-01-01,02-01-2025 00:00,61.86,177.27,12.56,28.98,0.69,126.05
MUMBAI,2025-01-02,02-02-2025 00:00,53.62,139.11,5.86,40.67,0.6,65.32
MUMBAI,2025-01-03,02-03-2025 00:00,51.13,95.54,6.3,4.57,0.15,4.59
MUMBAI,2025-01-04,02-04-2025 00:00,46.11,76.45,133.9,4.67,0.04,1.19
MUMBAI,2025-01-05,02-05-2025 00:00,36.67666666666666,72.53,72.85,5.87,0.035,1.095
MUMBAI,2025-01-06,02-06-2025 00:00,27.243333333333332,68.61,11.8,7.07,0.03,1.0
MUMBAI,2025-01-07,02-07-2025 00:00,17.81,40.61,15.15,7.11,0.0,5.995
MUMBAI,2025-01-08,02-08-2025 00:00,21.57,49.29,16.74,7.26,0.03,10.99
MUMBAI,2025-01-09,02-09-2025 00:00,22.775,44.415,14.674999999999999,7.47,0.205,13.035
MUMBAI,2025-01-10,02-10-2025 00:00,23.98,39.54,12.61,7.68,0.38,15.08
MUMBAI,2025-01-11,02-11-2025 00:00,16.24,32.47,7.98,7.72,0.37,14.71
MUMBAI,2025-01-12,02-12-2025 00:00,24.52,59.17,43.26,13.45,0.25,9.92
MUMBAI,2025-02-01,03-01-2025 00:00,56.89,163.9,12.78,28.85,0.68,48.535000000000004
MUMBAI,2025-02-02,03-02-2025 00:00,55.99,151.47,5.87,40.68,0.6,87.15
MUMBAI,2025-02-03,03-03-2025 00:00,51.93,94.76,6.53,4.61,0.15,4.58
MUMBAI,2025-02-04,03-04-2025 00:00,54.98,85.75,8.223333333333333,6.14,0.15,4.55
MUMBAI,2025-02-05,03-05-2025 00:00,45.43,76.74000000000001,9.916666666666666,6.605,0.09,2.775
MUMBAI,2025-02-06,03-06-2025 00:00,35.88,67.73,11.61,7.07,0.03,1.0
MUMBAI,2025-02-07,03-07-2025 00:00,17.66,44.24,15.55,7.07,0.0,27.62
MUMBAI,2025-02-08,03-08-2025 00:00,16.85,50.38,14.01,7.28,0.03,54.24
MUMBAI,2025-02-09,03-09-2025 00:00,18.085,40.885000000000005,12.620000000000001,7.475,0.205,34.625
MUMBAI,2025-02-10,03-10-2025 00:00,19.32,31.39,11.23,7.67,0.38,15.01
MUMBAI,2025-02-11,03-11-2025 00:00,16.85,33.71,9.77,7.58,0.38,15.1
MUMBAI,2025-02-12,03-12-2025 00:00,18.77,62.58,44.54,13.52,0.25,10.06
MUMBAI,2025-03-01,04-01-2025 00:00,54.41,149.19,14.13,28.92,0.66,8.236666666666666
MUMBAI,2025-03-02,04-02-2025 00:00,56.78,144.45,6.07,42.92,0.6,6.413333333333334
MUMBAI,2025-03-03,04-03-2025 00:00,53.04,102.73,6.56,4.59,0.15,4.59
MUMBAI,2025-03-04,04-04-2025 00:00,48.13,91.53,8.146666666666667,6.25,0.15,4.56
MUMBAI,2025-03-05,04-05-2025 00:00,42.3,80.33,9.733333333333334,6.67,0.09,2.78
MUMBAI,2025-03-06,04-06-2025 00:00,36.47,69.13,11.32,7.09,0.03,1.0
MUMBAI,2025-03-07,04-07-2025 00:00,16.79,33.76,14.34,7.14,0.0,5.995
MUMBAI,2025-03-08,04-08-2025 00:00,18.31,60.98,15.97,7.27,0.03,10.99
MUMBAI,2025-03-09,04-09-2025 00:00,22.155,52.64,13.510000000000002,7.465,0.19499999999999998,12.64
MUMBAI,2025-03-10,04-10-2025 00:00,26.0,44.3,11.05,7.66,0.36,14.29
MUMBAI,2025-03-11,04-11-2025 00:00,18.08,36.17,9.25,7.59,0.37,14.61
MUMBAI,2025-03-12,04-12-2025 00:00,18.86,82.7,43.4,13.54,0.24,9.72
MUMBAI,2025-04-01,05-01-2025 00:00,62.84,208.41,26.81,29.7,0.7,8.01
MUMBAI,2025-04-02,05-02-2025 00:00,53.99,139.6,6.29,44.43,0.6,6.300000000000001
MUMBAI,2025-04-03,05-03-2025 00:00,53.85,99.47,6.75,4.62,0.15,4.59
MUMBAI,2025-04-04,05-04-2025 00:00,46.1,94.43666666666667,8.69,7.06,0.15,4.56
MUMBAI,2025-04-05,05-05-2025 00:00,41.58,89.40333333333334,10.63,7.074999999999999,0.09,2.78
MUMBAI,2025-04-06,05-06-2025 00:00,37.06,84.37,12.57,7.09,0.03,1.0
MUMBAI,2025-04-07,05-07-2025 00:00,17.26,42.94,15.2,7.16,0.0,6.035
MUMBAI,2025-04-08,05-08-2025 00:00,19.46,59.43,15.74,7.27,0.03,11.07
MUMBAI,2025-04-09,05-09-2025 00:00,24.995,52.03,13.81,7.465,0.18999999999999997,12.61
MUMBAI,2025-04-10,05-10-2025 00:00,30.53,44.63,11.88,7.66,0.35,14.15
MUMBAI,2025-04-11,05-11-2025 00:00,37.86,75.72,8.17,7.66,0.35,14.13
MUMBAI,2025-04-12,05-12-2025 00:00,16.57,95.24,42.5,13.59,0.24,9.65
MUMBAI,2025-05-01,06-01-2025 00:00,74.04,149.65,36.76,27.95,0.76,7.96
MUMBAI,2025-05-02,06-02-2025 00:00,51.48,138.43,6.2,43.11,0.6,6.27
MUMBAI,2025-05-03,06-03-2025 00:00,50.55,96.66,7.07,4.62,0.15,4.58
MUMBAI,2025-05-04,06-04-2025 00:00,51.35,100.06333333333333,9.283333333333333,8.44,0.15,4.56
MUMBAI,2025-05-05,06-05-2025 00:00,47.405,103.46666666666667,11.496666666666666,7.77,0.09,2.78
MUMBAI,2025-05-06,06-06-2025 00:00,43.46,106.87,13.71,7.1,0.03,1.0
MUMBAI,2025-05-07,06-07-2025 00:00,19.7,52.59,15.22,7.17,0.0,6.375
MUMBAI,2025-05-08,06-08-2025 00:00,16.13,58.8,16.12,7.27,0.03,11.75
MUMBAI,2025-05-09,06-09-2025 00:00,23.564999999999998,49.9,13.305,7.494999999999999,0.19499999999999998,13.04
MUMBAI,2025-05-10,06-10-2025 00:00,31.0,41.0,10.49,7.72,0.36,14.33
MUMBAI,2025-05-11,06-11-2025 00:00,32.37,64.73,7.33,7.66,0.32,12.91
MUMBAI,2025-05-12,06-12-2025 00:00,16.26,94.21,43.56,13.6,0.24,9.75
MUMBAI,2025-06-01,07-01-2025 00:00,55.73,141.91,24.97,28.46,0.76,8.03
MUMBAI,2025-06-02,07-02-2025 00:00,60.43,162.13,6.29,46.57,0.6,6.3100000000000005
MUMBAI,2025-06-03,07-03-2025 00:00,52.89,100.01,7.83,4.67,0.15,4.59
MUMBAI,2025-06-04,07-04-2025 00:00,45.87,100.39,9.65,8.17,0.15,4.56
MUMBAI,2025-06-05,07-05-2025 00:00,44.715,100.77000000000001,11.469999999999999,7.62,0.09,2.78
MUMBAI,2025-06-06,07-06-2025 00:00,43.56,101.15,13.29,7.07,0.03,1.0
MUMBAI,2025-06-07,07-07-2025 00:00,20.94,63.34,14.93,7.18,0.0,4.2425
MUMBAI,2025-06-08,07-08-2025 00:00,19.7,75.98,17.45,7.27,0.03,7.485
MUMBAI,2025-06-09,07-09-2025 00:00,24.810000000000002,61.07,14.295,7.494999999999999,0.18999999999999997,10.727500000000001
MUMBAI,2025-06-10,07-10-2025 00:00,29.92,46.16,11.14,7.72,0.35,13.97
MUMBAI,2025-06-11,07-11-2025 00:00,41.68,83.36,7.36,7.65,0.32,12.89
MUMBAI,2025-06-12,07-12-2025 00:00,28.17,130.31,42.26,13.57,0.25,9.99
MUMBAI,2025-07-01,08-01-2025 00:00,65.07,172.74,25.92,29.15,0.76,8.15
MUMBAI,2025-07-02,08-02-2025 00:00,69.17,189.44,7.1,56.21,0.6,6.3100000000000005
MUMBAI,2025-07-03,08-03-2025 00:00,64.42,107.78,8.91,4.74,0.15,4.47
MUMBAI,2025-07-04,08-04-2025 00:00,49.64,93.29333333333334,10.443333333333333,9.48,0.15,4.56
MUMBAI,2025-07-05,08-05-2025 00:00,44.605000000000004,78.80666666666666,11.976666666666667,8.235,0.09,2.78
MUMBAI,2025-07-06,08-06-2025 00:00,39.57,64.32,13.51,6.99,0.03,1.0
MUMBAI,2025-07-07,08-07-2025 00:00,19.1,59.48,15.02,7.17,0.0,4.3025
MUMBAI,2025-07-08,08-08-2025 00:00,21.04,40.13,16.42,7.3,0.03,7.605
MUMBAI,2025-07-09,08-09-2025 00:00,27.7,65.94500000000001,15.290000000000001,7.47,0.18999999999999997,10.9075
MUMBAI,2025-07-10,08-10-2025 00:00,34.36,91.76,14.16,7.64,0.35,14.21
MUMBAI,2025-07-11,08-11-2025 00:00,42.68,85.35,7.38,7.7,0.3,12.11
MUMBAI,2025-07-12,08-12-2025 00:00,21.43,111.44,38.58,13.58,0.25,10.17
MUMBAI,2025-08-01,09-01-2025 00:00,62.43,152.9,72.89,29.0,0.76,8.296666666666667
MUMBAI,2025-08-02,09-02-2025 00:00,72.84,186.34,7.44,59.57,0.6,6.423333333333334
MUMBAI,2025-08-03,09-03-2025 00:00,58.66,88.35,7.86,4.65,0.15,4.55
MUMBAI,2025-08-04,09-04-2025 00:00,53.5,80.81,9.543333333333333,7.64,0.15,4.55
MUMBAI,2025-08-05,09-05-2025 00:00,46.685,73.27,11.226666666666667,7.324999999999999,0.09,2.775
MUMBAI,2025-08-06,09-06-2025 00:00,39.87,65.73,12.91,7.01,0.03,1.0
MUMBAI,2025-08-07,09-07-2025 00:00,20.95,51.71,15.21,7.19,0.0,4.1850000000000005
MUMBAI,2025-08-08,09-08-2025 00:00,30.94,47.93,15.59,7.34,0.03,7.37
MUMBAI,2025-08-09,09-09-2025 00:00,31.490000000000002,74.45,14.120000000000001,7.505,0.18500000000000003,10.555
MUMBAI,2025-08-10,09-10-2025 00:00,32.040000000000006,100.97,12.65,7.67,0.34,13.74
MUMBAI,2025-08-11,09-11-2025 00:00,32.59,65.15,6.46,7.67,0.26,10.6
MUMBAI,2025-08-12,09-12-2025 00:00,22.36,114.55,50.85,13.29,0.26,10.31
MUMBAI,2025-09-01,10-01-2025 00:00,60.23,137.09,15.51,29.91,0.61,8.403333333333334
MUMBAI,2025-09-02,10-02-2025 00:00,66.44,183.33,7.56,61.95,0.6,6.496666666666666
MUMBAI,2025-09-03,10-03-2025 00:00,52.54,73.68,6.65,4.61,0.15,4.59
MUMBAI,2025-09-04,10-04-2025 00:00,47.87,71.28666666666668,8.493333333333334,5.406666666666667,0.10999999999999999,3.3933333333333335
MUMBAI,2025-09-05,10-05-2025 00:00,43.2,68.89333333333333,10.336666666666666,6.203333333333333,0.06999999999999999,2.1966666666666668
MUMBAI,2025-09-06,10-06-2025 00:00,38.53,66.5,12.18,7.0,0.03,1.0
MUMBAI,2025-09-07,10-07-2025 00:00,23.97,66.16,16.8,7.18,0.0,3.9575
MUMBAI,2025-09-08,10-08-2025 00:00,26.62,59.4,13.74,7.36,0.03,6.915
MUMBAI,2025-09-09,10-09-2025 00:00,51.504999999999995,84.98,13.385,7.505000000000001,0.17500000000000002,9.8725
MUMBAI,2025-09-10,10-10-2025 00:00,76.39,110.56,13.03,7.65,0.32,12.83
MUMBAI,2025-09-11,10-11-2025 00:00,25.93,51.85,6.47,7.72,0.25,10.21
MUMBAI,2025-09-12,10-12-2025 00:00,19.59,105.31,58.01,13.49,0.22,8.79
MUMBAI,2025-10-01,11-01-2025 00:00,66.42,136.32,15.48,30.74,0.62,66.53999999999999
MUMBAI,2025-10-02,11-02-2025 00:00,58.12,102.34,6.11,53.32,0.6,124.29
MUMBAI,2025-10-03,11-03-2025 00:00,65.38,91.22,7.09,4.65,0.15,4.58
MUMBAI,2025-10-04,11-04-2025 00:00,55.85666666666666,77.60666666666667,9.29,5.44,0.10999999999999999,3.3866666666666667
MUMBAI,2025-10-05,11-05-2025 00:00,46.33333333333333,63.99333333333334,11.489999999999998,6.2299999999999995,0.06999999999999999,2.1933333333333334
MUMBAI,2025-10-06,11-06-2025 00:00,36.81,50.38,13.69,7.02,0.03,1.0
MUMBAI,2025-10-07,11-07-2025 00:00,23.96,67.92,16.61,7.18,0.0,3.715
MUMBAI,2025-10-08,11-08-2025 00:00,19.88,61.41,10.64,7.43,0.03,6.43
MUMBAI,2025-10-09,11-09-2025 00:00,58.43000000000001,102.64999999999999,12.22,7.54,0.165,9.145
MUMBAI,2025-10-10,11-10-2025 00:00,96.98,143.89,13.8,7.65,0.3,11.86
MUMBAI,2025-10-11,11-11-2025 00:00,52.65,105.3,6.95,7.71,0.25,9.89
MUMBAI,2025-10-12,11-12-2025 00:00,50.29,207.63,92.3,12.8,0.2,7.84
MUMBAI,2025-11-01,12-01-2025 00:00,71.7,119.27,17.52,30.41,0.33499999999999996,58.974999999999994
MUMBAI,2025-11-02,12-02-2025 00:00,60.46,130.93,11.68,63.67,0.47,110.11
MUMBAI,2025-11-03,12-03-2025 00:00,74.6,121.73,32.49,4.78,0.14,4.58
MUMBAI,2025-11-04,12-04-2025 00:00,55.47,108.35333333333334,26.486666666666668,5.55,0.10333333333333333,3.3866666666666667
MUMBAI,2025-11-05,12-05-2025 00:00,36.339999999999996,94.97666666666666,20.483333333333334,6.32,0.06666666666666667,2.1933333333333334
MUMBAI,2025-11-06,12-06-2025 00:00,17.21,81.6,14.48,7.09,0.03,1.0
MUMBAI,2025-11-07,12-07-2025 00:00,22.63,50.04,16.83,7.18,0.0,3.6625
MUMBAI,2025-11-08,12-08-2025 00:00,17.17,65.95,10.13,7.44,0.03,6.325
MUMBAI,2025-11-09,12-09-2025 00:00,27.645,79.775,12.955,7.57,0.16,8.9875
MUMBAI,2025-11-10,12-10-2025 00:00,38.12,93.6,15.78,7.7,0.29,11.65
MUMBAI,2025-11-11,12-11-2025 00:00,57.74,115.63,6.84,7.7,0.26,10.5
MUMBAI,2025-11-12,12-12-2025 00:00,83.7,242.91,81.17,13.28,0.2,8.18
MUMBAI,2025-12-01,13-01-2025 00:00,63.38,113.71,12.51,30.7,0.62,5.955
MUMBAI,2025-12-02,13-02-2025 00:00,59.85,128.6,14.29,37.61,0.11,3.73
MUMBAI,2025-12-03,13-03-2025 00:00,70.21,188.59,86.23,4.74,0.15,4.58
MUMBAI,2025-12-04,13-04-2025 00:00,51.91,157.21333333333334,62.36,5.526666666666666,0.10999999999999999,3.416666666666667
MUMBAI,2025-12-05,13-05-2025 00:00,33.61,125.83666666666667,38.49,6.3133333333333335,0.06999999999999999,2.2533333333333334
MUMBAI,2025-12-06,13-06-2025 00:00,15.31,94.46,14.62,7.1,0.03,1.09
MUMBAI,2025-12-07,13-07-2025 00:00,21.12,41.55,16.92,7.18,0.0,3.665
MUMBAI,2025-12-08,13-08-2025 00:00,16.04,57.38,9.65,7.44,0.03,6.24
MUMBAI,2025-12-09,13-09-2025 00:00,28.12,61.035,12.925,7.58,0.16,8.815000000000001
MUMBAI,2025-12-10,13-10-2025 00:00,40.2,64.69,16.2,7.72,0.29,11.39
MUMBAI,2025-12-11,13-11-2025 00:00,43.99,87.97,5.68,7.81,0.24,9.58
MUMBAI,2025-12-12,13-12-2025 00:00,76.28,122.05,3.31,12.98,0.09,8.71
MUMBAI,2026-01-01,02-01-2026 00:00,43.31,154.83,53.16,1.07,0.33,13.06
MUMBAI,2026-01-02,02-02-2026 00:00,60.08,150.21,28.83,1.46,0.3,13.09
MUMBAI,2026-02-01,03-01-2026 00:00,26.92,83.84,17.87,1.25,0.33,13.13
MUMBAI,2026-02-02,03-02-2026 00:00,64.01,160.02,28.7,1.48,0.28,12.87
MUMBAI,2026-03-01,04-01-2026 00:00,37.15,114.34,17.46,1.09,0.31,12.39
MUMBAI,2026-03-02,04-02-2026 00:00,62.73,156.84,28.7,2.58,0.26,12.28
MUMBAI,2026-04-01,05-01-2026 00:00,41.67,128.06,17.31,1.25,0.32,12.81
MUMBAI,2026-04-02,05-02-2026 00:00,54.65,136.66,29.43,5.46,0.25,12.07
MUMBAI,2026-05-01,06-01-2026 00:00,26.61,81.48,16.97,1.1,0.28,11.28
MUMBAI,2026-05-02,06-02-2026 00:00,34.02,85.05,27.25,3.84,0.24,9.25
MUMBAI,2026-06-01,07-01-2026 00:00,25.7,79.1,17.87,1.2,0.28,11.37
MUMBAI,2026-06-02,07-02-2026 00:00,53.8,139.87,30.11,12.3,0.23,9.42
MUMBAI,2026-07-01,08-01-2026 00:00,31.5,98.33,40.98,7.2,0.23,13.97
MUMBAI,2026-07-02,08-02-2026 00:00,61.38,159.54,37.91,25.14,0.2,18.875
MUMBAI,2026-08-01,09-01-2026 00:00,52.86,149.41,95.85,27.12,0.25,23.78
MUMBAI,2026-08-02,09-02-2026 00:00,76.02,201.82,26.26,0.06,0.23,28.915
MUMBAI,2026-09-01,10-01-2026 00:00,44.06,126.73,85.58,25.22,0.25,34.05
MUMBAI,2026-09-02,10-02-2026 00:00,49.44,157.75,25.83,0.09,0.26,36.36
MUMBAI,2026-10-01,11-01-2026 00:00,40.55,117.65,83.11,25.42,0.25,38.67
MUMBAI,2026-10-02,11-02-2026 00:00,40.3,121.21,26.31,0.49,0.28,37.835
MUMBAI,2026-11-01,12-01-2026 00:00,40.39,119.8,84.36,25.9,0.25,37.0
MUMBAI,2026-11-02,12-02-2026 00:00,47.47,149.87,25.88,0.16,0.27,38.285
MUMBAI,2026-12-01,13-01-2026 00:00,34.41,96.23,85.59,26.46,0.21,39.57
MUMBAI,2026-12-02,13-02-2026 00:00,37.51,110.05,25.08,0.18,0.28,5.39
MUMBAI,,14-01-2025 00:00,64.05,111.43,15.63,31.38,0.6,10.873684210526315
MUMBAI,,15-01-2025 00:00,67.41,129.57,31.68,33.34,0.6,16.35736842105263
MUMBAI,,16-01-2025 00:00,76.58,132.27,1.57,32.46,0.6,21.841052631578947
MUMBAI,,17-01-2025 00:00,75.97,159.26,6.25,34.02,0.6,27.324736842105263
MUMBAI,,18-01-2025 00:00,69.71,147.85,11.48,33.72,0.6,32.80842105263158
MUMBAI,,19-01-2025 00:00,66.09,143.03,182.31,30.71,0.6,38.29210526315789
MUMBAI,,20-01-2025 00:00,70.76,205.71,47.64,30.89,0.6,43.77578947368421
MUMBAI,,21-01-2025 00:00,72.43,225.57,43.52,32.21,0.6,49.259473684210526
MUMBAI,,22-01-2025 00:00,65.81,146.01,2.47,32.41,0.6,54.74315789473684
MUMBAI,,23-01-2025 00:00,77.25,151.44,5.4,29.35,0.6,60.22684210526316
MUMBAI,,24-01-2025 00:00,62.82,120.74,5.27,29.45,0.6,65.71052631578947
MUMBAI,,25-01-2025 00:00,66.89,123.62,5.53,30.69,0.6,71.19421052631579
MUMBAI,,26-01-2025 00:00,75.56,148.62,10.57,31.75,0.6,76.6778947368421
MUMBAI,,27-01-2025 00:00,79.62,155.14,11.15,31.66,0.6,82.16157894736843
MUMBAI,,28-01-2025 00:00,75.26,140.54,11.42,32.61,0.6,87.64526315789473
MUMBAI,,29-01-2025 00:00,64.58,133.86,14.65,30.94,0.6,93.12894736842105
MUMBAI,,30-01-2025 00:00,60.44,159.42,20.88,31.74,0.6,98.61263157894737
MUMBAI,,31-01-2025 00:00,72.02,183.59,19.85,32.39,0.6,104.09631578947368
MUMBAI,,01-02-2025 00:00,50.34,140.23,5.87,38.07,0.6,109.58
MUMBAI,,14-02-2025 00:00,61.68,139.2,35.22,30.64,0.11,3.6
MUMBAI,,15-02-2025 00:00,59.13,125.7,120.22,12.12,0.11,3.62
MUMBAI,,16-02-2025 00:00,68.33,152.38,98.718,9.5,0.12,3.82
MUMBAI,,17-02-2025 00:00,65.0525,143.6675,77.21600000000001,8.715,0.1275,4.0125
MUMBAI,,18-02-2025 00:00,61.775,134.95499999999998,55.714,7.93,0.135,4.205
MUMBAI,,19-02-2025 00:00,58.4975,126.2425,34.212,7.1450000000000005,0.1425,4.3975
MUMBAI,,20-02-2025 00:00,55.22,117.53,12.71,6.36,0.15,4.59
MUMBAI,,21-02-2025 00:00,58.6,121.8,9.33,4.35,0.15,4.57
MUMBAI,,22-02-2025 00:00,52.19,111.24,8.43,4.56,0.15,4.59
MUMBAI,,23-02-2025 00:00,50.35,104.1,9.13,4.64,0.15,4.59
MUMBAI,,24-02-2025 00:00,44.27,88.17,8.73,4.63,0.15,4.59
MUMBAI,,25-02-2025 00:00,45.86,94.55,8.1,4.62,0.15,4.59
MUMBAI,,26-02-2025 00:00,58.07,185.0,8.48,4.67,0.15,4.59
MUMBAI,,27-02-2025 00:00,64.78,186.67,8.75,4.7,0.15,4.59
MUMBAI,,28-02-2025 00:00,60.89,148.7,7.495,4.62,0.15,4.59
MUMBAI,,01-03-2025 00:00,57.0,110.73,6.24,4.54,0.15,4.59
MUMBAI,,14-03-2025 00:00,58.01,136.99,65.5,4.59,0.15,4.59
MUMBAI,,15-03-2025 00:00,56.92,116.31,58.41,4.57,0.08,2.42
MUMBAI,,16-03-2025 00:00,42.5,90.62,64.51,4.56,0.04,1.19
MUMBAI,,17-03-2025 00:00,46.31,107.41,63.07,4.57,0.04,1.19
MUMBAI,,18-03-2025 00:00,47.24,95.36,63.11,4.57,0.04,1.19
MUMBAI,,19-03-2025 00:00,42.14,80.9,61.94,4.54,0.04,1.19
MUMBAI,,20-03-2025 00:00,45.13,80.08,63.78,4.53,0.04,1.19
MUMBAI,,21-03-2025 00:00,47.69,80.87,70.4,4.57,0.04,1.19
MUMBAI,,22-03-2025 00:00,41.06,67.91,65.18,4.53,0.04,1.19
MUMBAI,,23-03-2025 00:00,39.76,61.71,67.84,4.54,0.04,1.19
MUMBAI,,24-03-2025 00:00,45.52,70.29,76.4,4.56,0.04,1.19
MUMBAI,,25-03-2025 00:00,48.13,71.87,82.66,4.57,0.04,1.19
MUMBAI,,26-03-2025 00:00,52.72,87.86,95.44,4.63,0.04,1.19
MUMBAI,,27-03-2025 00:00,41.03,68.81,93.93,4.58,0.04,1.19
MUMBAI,,28-03-2025 00:00,38.15,65.51,99.45,4.56,0.04,1.19
MUMBAI,,29-03-2025 00:00,46.12,86.2,112.79,4.6,0.04,1.19
MUMBAI,,30-03-2025 00:00,55.39,114.87,130.66,4.75,0.04,1.19
MUMBAI,,31-03-2025 00:00,51.68,102.2,132.44,4.69,0.04,1.19
MUMBAI,,01-04-2025 00:00,47.34,83.91,135.02,4.64,0.04,1.19
MUMBAI,,14-04-2025 00:00,47.46714285714286,83.8652380952381,137.6852380952381,4.7628571428571425,0.043333333333333335,1.2938095238095237
MUMBAI,,15-04-2025 00:00,47.59428571428572,83.82047619047619,140.3504761904762,4.885714285714285,0.04666666666666667,1.3976190476190475
MUMBAI,,16-04-2025 00:00,47.721428571428575,83.77571428571429,143.0157142857143,5.008571428571428,0.05,1.5014285714285713
MUMBAI,,17-04-2025 00:00,47.84857142857143,83.73095238095237,145.6809523809524,5.131428571428571,0.05333333333333334,1.6052380952380951
MUMBAI,,18-04-2025 00:00,47.97571428571429,83.68619047619048,148.3461904761905,5.2542857142857144,0.05666666666666667,1.709047619047619
MUMBAI,,19-04-2025 00:00,48.10285714285715,83.64142857142856,151.01142857142858,5.377142857142857,0.06,1.812857142857143
MUMBAI,,20-04-2025 00:00,48.230000000000004,83.59666666666666,153.67666666666668,5.5,0.06333333333333334,1.9166666666666667
MUMBAI,,21-04-2025 00:00,48.35714285714286,83.55190476190477,156.34190476190477,5.622857142857143,0.06666666666666667,2.0204761904761908
MUMBAI,,22-04-2025 00:00,48.48428571428572,83.50714285714285,159.00714285714287,5.7457142857142856,0.07,2.1242857142857146
MUMBAI,,23-04-2025 00:00,48.611428571428576,83.46238095238095,161.67238095238096,5.868571428571428,0.07333333333333333,2.2280952380952384
MUMBAI,,24-04-2025 00:00,48.73857142857143,83.41761904761904,164.33761904761906,5.991428571428571,0.07666666666666666,2.331904761904762
MUMBAI,,25-04-2025 00:00,48.86571428571428,83.37285714285714,167.00285714285715,6.114285714285714,0.08,2.435714285714286
MUMBAI,,26-04-2025 00:00,48.99285714285714,83.32809523809523,169.66809523809525,6.237142857142857,0.08333333333333334,2.5395238095238097
MUMBAI,,27-04-2025 00:00,49.12,83.28333333333333,172.33333333333334,6.359999999999999,0.08666666666666667,2.6433333333333335
MUMBAI,,28-04-2025 00:00,49.247142857142855,83.23857142857143,174.99857142857144,6.482857142857142,0.09,2.7471428571428573
MUMBAI,,29-04-2025 00:00,49.37428571428571,83.19380952380952,177.66380952380953,6.605714285714285,0.09333333333333334,2.850952380952381
MUMBAI,,30-04-2025 00:00,49.50142857142857,83.14904761904762,180.32904761904763,6.728571428571428,0.09666666666666668,2.954761904761905
MUMBAI,,01-05-2025 00:00,49.628571428571426,83.10428571428571,182.99428571428572,6.8514285714285705,0.1,3.0585714285714287
MUMBAI,,14-05-2025 00:00,49.755714285714284,83.05952380952381,185.65952380952382,6.974285714285714,0.10333333333333333,3.1623809523809525
MUMBAI,,15-05-2025 00:00,49.88285714285714,83.0147619047619,188.3247619047619,7.097142857142857,0.10666666666666666,3.2661904761904763
MUMBAI,,16-05-2025 00:00,50.01,82.97,190.99,7.22,0.11,3.37
MUMBAI,,17-05-2025 00:00,38.83,78.83,194.42,6.64,0.11,3.38
MUMBAI,,18-05-2025 00:00,38.99,75.75,166.05,6.72,0.04,1.27
MUMBAI,,19-05-2025 00:00,39.54,79.6,166.22,6.73,0.03,1.0
MUMBAI,,20-05-2025 00:00,40.98,85.76,171.57,6.74,0.03,1.0
MUMBAI,,21-05-2025 00:00,41.73,89.69,171.1,6.75,0.03,1.0
MUMBAI,,22-05-2025 00:00,39.46,73.73,154.52,6.83,0.04,1.17
MUMBAI,,23-05-2025 00:00,39.19,71.12,154.18,6.82,0.04,1.15
MUMBAI,,24-05-2025 00:00,47.49,104.42,89.65,6.86,0.04,1.18
MUMBAI,,25-05-2025 00:00,47.01,94.43,13.59,7.09,0.04,1.15
MUMBAI,,26-05-2025 00:00,38.83,73.36,12.53,7.06,0.03,1.09
MUMBAI,,27-05-2025 00:00,36.0,64.67,12.37,7.06,0.03,1.09
MUMBAI,,28-05-2025 00:00,36.19,63.69,12.52,7.07,0.03,1.04
MUMBAI,,29-05-2025 00:00,39.27,82.03,13.54,7.09,0.03,1.04
MUMBAI,,30-05-2025 00:00,40.02,94.61,13.7,7.1,0.03,1.0
MUMBAI,,31-05-2025 00:00,34.25,87.38,11.3,7.07,0.03,1.0
MUMBAI,,01-06-2025 00:00,28.480000000000004,81.52,11.46,7.06,0.03,1.0
MUMBAI,,14-06-2025 00:00,22.71,79.96,15.27,7.11,0.04,1.19
MUMBAI,,15-06-2025 00:00,22.55,65.89,15.0,7.15,0.04,1.19
MUMBAI,,16-06-2025 00:00,23.04,31.97,14.94,7.18,0.04,1.19
MUMBAI,,17-06-2025 00:00,11.6,19.1,14.0,7.16,0.04,1.15
MUMBAI,,18-06-2025 00:00,22.89,73.77,12.48,7.16,0.03,1.12
MUMBAI,,19-06-2025 00:00,14.65,28.94,14.03,7.07,0.03,1.03
MUMBAI,,20-06-2025 00:00,17.35,56.32,13.42,7.07,0.03,1.09
MUMBAI,,21-06-2025 00:00,16.96,51.17,14.24,7.05,0.03,1.03
MUMBAI,,22-06-2025 00:00,17.84,55.71,14.46,7.04,0.03,1.0
MUMBAI,,23-06-2025 00:00,16.93,43.22,14.39,7.04,0.04,1.12
MUMBAI,,24-06-2025 00:00,19.95,42.3,14.36,7.06,0.03,1.05
MUMBAI,,25-06-2025 00:00,22.54,43.22,14.88,7.09,0.0,0.97
MUMBAI,,26-06-2025 00:00,20.34,37.56,15.68,7.13,0.0,1.4976470588235293
MUMBAI,,27-06-2025 00:00,22.94,56.42,14.97,7.14,0.0,2.025294117647059
MUMBAI,,28-06-2025 00:00,20.97,55.86,15.28,7.13,0.0,2.552941176470588
MUMBAI,,29-06-2025 00:00,24.03,46.96,16.82,7.1,0.0,3.080588235294117
MUMBAI,,30-06-2025 00:00,19.68,36.82,17.99,7.1,0.0,3.6082352941176463
MUMBAI,,01-07-2025 00:00,18.31,34.79,17.13,7.11,0.0,4.135882352941176
MUMBAI,,14-07-2025 00:00,17.59,34.01,16.37,7.19,0.0,4.6635294117647055
MUMBAI,,15-07-2025 00:00,11.84,27.05,16.27,7.21,0.0,5.191176470588235
MUMBAI,,16-07-2025 00:00,20.82,46.81,16.26,7.22,0.0,5.718823529411764
MUMBAI,,17-07-2025 00:00,21.93,60.8,16.73,7.2,0.0,6.246470588235293
MUMBAI,,18-07-2025 00:00,23.4,66.6,16.58,7.21,0.0,6.774117647058823
MUMBAI,,19-07-2025 00:00,21.33,49.45,16.35,7.22,0.0,7.301764705882352
MUMBAI,,20-07-2025 00:00,20.11,37.29,16.72,7.24,0.0,7.829411764705881
MUMBAI,,21-07-2025 00:00,16.64,26.76,16.37,7.26,0.0,8.357058823529412
MUMBAI,,22-07-2025 00:00,23.03,42.8,13.15,7.23,0.0,8.884705882352941
MUMBAI,,23-07-2025 00:00,13.88,33.92,14.0,7.24,0.0,9.41235294117647
MUMBAI,,24-07-2025 00:00,20.98,43.62,17.33,7.27,0.0,9.94
MUMBAI,,25-07-2025 00:00,19.73,51.89,16.36,7.28,0.0,10.09
MUMBAI,,26-07-2025 00:00,15.83,46.42,16.17,7.28,0.0,10.04
MUMBAI,,27-07-2025 00:00,21.05,57.93,16.22,7.28,0.0,11.7
MUMBAI,,28-07-2025 00:00,22.7,72.35,16.29,7.28,0.0,12.46
MUMBAI,,29-07-2025 00:00,19.48,34.93,16.2,7.26,0.0,11.69
MUMBAI,,30-07-2025 00:00,20.35,33.37,16.2,7.26,0.0,12.32
MUMBAI,,31-07-2025 00:00,22.38,37.52,16.74,7.27,0.01,10.5
MUMBAI,,01-08-2025 00:00,23.27,41.67,16.94,7.27,0.03,11.25
MUMBAI,,14-08-2025 00:00,13.21,41.54,9.94,7.47,0.03,11.474545454545455
MUMBAI,,15-08-2025 00:00,14.21,29.38,10.59,7.49,0.03,11.69909090909091
MUMBAI,,16-08-2025 00:00,12.77,81.12,9.99,7.49,0.03,11.923636363636364
MUMBAI,,17-08-2025 00:00,12.4,45.32,10.46,7.5,0.03,12.148181818181818
MUMBAI,,18-08-2025 00:00,14.75,28.5,9.96,7.52,0.03,12.372727272727273
MUMBAI,,19-08-2025 00:00,11.81,34.87,9.69,7.5,0.03,12.597272727272728
MUMBAI,,20-08-2025 00:00,9.91,110.66,9.15,7.51,2.66,12.821818181818182
MUMBAI,,21-08-2025 00:00,12.05,69.89,9.17,7.5,4.29,13.046363636363637
MUMBAI,,22-08-2025 00:00,14.75,53.2,9.8,7.47,5.93,13.270909090909091
MUMBAI,,23-08-2025 00:00,13.47,43.06,9.37,7.49,5.93,13.495454545454546
MUMBAI,,24-08-2025 00:00,14.0,55.02,9.32,7.49,1.04,13.72
MUMBAI,,25-08-2025 00:00,13.23,43.03,9.44,7.47,0.35,13.91
MUMBAI,,26-08-2025 00:00,11.98,73.2,9.6,7.49,0.38,15.06
MUMBAI,,27-08-2025 00:00,14.47,27.05,9.92,7.5,0.37,14.91
MUMBAI,,28-08-2025 00:00,16.95,24.68,9.87,7.52,0.36,14.53
MUMBAI,,29-08-2025 00:00,20.58,33.28,10.18,7.53,0.38,15.14
MUMBAI,,30-08-2025 00:00,19.71,116.82,11.55,7.55,0.4,15.81
MUMBAI,,31-08-2025 00:00,21.194666666666667,114.136,11.516,7.557333333333333,0.396,15.674000000000001
MUMBAI,,01-09-2025 00:00,22.679333333333332,111.452,11.482000000000001,7.564666666666667,0.392,15.538
MUMBAI,,14-09-2025 00:00,24.164,108.768,11.448,7.572,0.388,15.402000000000001
MUMBAI,,15-09-2025 00:00,25.648666666666667,106.084,11.414,7.5793333333333335,0.384,15.266
MUMBAI,,16-09-2025 00:00,27.133333333333333,103.39999999999999,11.38,7.586666666666667,0.38,15.13
MUMBAI,,17-09-2025 00:00,28.618,100.716,11.346,7.594,0.376,14.994
MUMBAI,,18-09-2025 00:00,30.102666666666664,98.032,11.312,7.601333333333334,0.372,14.858
MUMBAI,,19-09-2025 00:00,31.587333333333333,95.348,11.278,7.608666666666666,0.368,14.722
MUMBAI,,20-09-2025 00:00,33.071999999999996,92.664,11.244,7.616,0.364,14.586
MUMBAI,,21-09-2025 00:00,34.556666666666665,89.98,11.209999999999999,7.623333333333333,0.36000000000000004,14.45
MUMBAI,,22-09-2025 00:00,36.04133333333333,87.29599999999999,11.176,7.6306666666666665,0.35600000000000004,14.314
MUMBAI,,23-09-2025 00:00,37.525999999999996,84.612,11.142,7.638,0.35200000000000004,14.177999999999999
MUMBAI,,24-09-2025 00:00,39.010666666666665,81.928,11.107999999999999,7.645333333333333,0.34800000000000003,14.042
MUMBAI,,25-09-2025 00:00,40.495333333333335,79.244,11.074,7.652666666666667,0.34400000000000003,13.905999999999999
MUMBAI,,26-09-2025 00:00,41.98,76.56,11.04,7.66,0.34,13.77
MUMBAI,,27-09-2025 00:00,43.527499999999996,107.36,11.84,7.68,0.37,14.62
MUMBAI,,28-09-2025 00:00,45.075,58.83,11.58,7.71,0.39,15.65
MUMBAI,,29-09-2025 00:00,46.6225,30.18,10.5,7.7,0.4,15.81
MUMBAI,,30-09-2025 00:00,48.17,37.67,10.02,7.65,0.37,14.9
MUMBAI,,01-10-2025 00:00,29.16,47.76,10.72,7.66,0.38,15.13
MUMBAI,,14-10-2025 00:00,68.38,148.59,15.86,7.76,0.28,11.19
MUMBAI,,15-10-2025 00:00,93.49,187.39,15.18,7.79,0.28,11.32
MUMBAI,,16-10-2025 00:00,61.03,108.52,13.0,7.83,0.29,11.74
MUMBAI,,17-10-2025 00:00,35.52,107.4,7.19,7.7,0.31,12.58
MUMBAI,,18-10-2025 00:00,43.03,86.06,7.42,7.7,0.29,11.76
MUMBAI,,19-10-2025 00:00,65.73,131.44,8.54,7.68,0.28,11.35
MUMBAI,,20-10-2025 00:00,63.66,127.32,8.58,7.72,0.29,11.74
MUMBAI,,21-10-2025 00:00,83.27,166.53,8.28,7.76,0.29,11.78
MUMBAI,,22-10-2025 00:00,66.85,133.7,8.36,7.78,0.31,12.3
MUMBAI,,23-10-2025 00:00,25.31,50.61,7.48,7.73,0.32,12.75
MUMBAI,,24-10-2025 00:00,30.33,60.65,7.45,7.69,0.3,12.05
MUMBAI,,25-10-2025 00:00,28.17,56.34,8.02,7.65,0.31,12.55
MUMBAI,,26-10-2025 00:00,21.75,43.51,8.56,7.67,0.34,13.63
MUMBAI,,27-10-2025 00:00,17.93,35.88,8.55,7.69,0.36,14.41
MUMBAI,,28-10-2025 00:00,13.2,26.4,8.62,7.7,0.36,14.39
MUMBAI,,29-10-2025 00:00,25.81,51.61,9.13,7.7,0.33,13.3
MUMBAI,,30-10-2025 00:00,31.85,63.71,8.59,7.72,0.31,12.55
MUMBAI,,31-10-2025 00:00,24.88,49.76,7.73,7.72,0.35,14.18
MUMBAI,,01-11-2025 00:00,19.89,39.78,8.67,7.72,0.36,14.54
MUMBAI,,14-11-2025 00:00,64.49,129.03,6.23,7.76,0.23,9.19
MUMBAI,,15-11-2025 00:00,92.73,195.46,6.02,7.82,0.26,10.4
MUMBAI,,16-11-2025 00:00,45.41,113.53,6.1,7.87,0.24,9.49
MUMBAI,,17-11-2025 00:00,37.21,93.07,6.13,7.83,0.23,9.18
MUMBAI,,18-11-2025 00:00,20.49,58.83,6.21,7.79,0.23,9.0
MUMBAI,,19-11-2025 00:00,22.34,67.02,7.83,7.84,0.23,9.32
MUMBAI,,20-11-2025 00:00,19.59,58.77,32.67,7.84,0.24,9.47
MUMBAI,,21-11-2025 00:00,17.8,53.38,57.51,10.11,0.24,9.5
MUMBAI,,22-11-2025 00:00,24.45,73.33,52.24,13.04,0.26,10.25
MUMBAI,,23-11-2025 00:00,23.35,70.05,49.28,13.09,0.27,10.69
MUMBAI,,24-11-2025 00:00,23.16,69.49,46.41,13.14,0.3,11.83
MUMBAI,,25-11-2025 00:00,23.04,69.06,46.43,13.18,0.3,12.03
MUMBAI,,26-11-2025 00:00,22.07,66.21,43.9,13.21,0.31,12.26
MUMBAI,,27-11-2025 00:00,38.01,92.34,46.23,13.17,0.31,12.34
MUMBAI,,28-11-2025 00:00,58.59,125.02,45.85,13.24,0.29,11.68
MUMBAI,,29-11-2025 00:00,49.0,104.55,46.14,13.29,0.29,11.55
MUMBAI,,30-11-2025 00:00,24.74,52.77,41.15,13.29,0.25,9.89
MUMBAI,,01-12-2025 00:00,19.88,42.41,40.32,13.35,0.23,9.14
MUMBAI,,14-12-2025 00:00,31.01,49.61,2.5,13.55,0.24,9.69
MUMBAI,,15-12-2025 00:00,27.71,44.34,2.41,13.73,0.23,9.17
MUMBAI,,16-12-2025 00:00,27.79,44.47,5.11,13.96,0.22,8.93
MUMBAI,,17-12-2025 00:00,23.85,38.16,10.22,13.9,0.23,9.24
MUMBAI,,18-12-2025 00:00,33.33,53.32,15.24,22.06,0.13,10.79
MUMBAI,,19-12-2025 00:00,36.45,58.31,11.62,57.36,0.18,9.61
MUMBAI,,20-12-2025 00:00,26.15,41.84,8.58,136.36,0.24,9.55
MUMBAI,,21-12-2025 00:00,19.81,31.7,8.18,106.05,0.22,8.78
MUMBAI,,22-12-2025 00:00,15.02,24.03,7.78,162.14,0.21,8.26
MUMBAI,,23-12-2025 00:00,17.74,28.38,8.08,161.4,0.22,8.88
MUMBAI,,24-12-2025 00:00,14.8,23.68,7.57,156.72,0.23,9.1
MUMBAI,,25-12-2025 00:00,12.7,20.33,7.29,152.19,0.23,9.03
MUMBAI,,26-12-2025 00:00,34.22,57.26,7.91,82.03,0.25,9.99
MUMBAI,,27-12-2025 00:00,72.46,123.21,7.92,15.28,0.26,10.25
MUMBAI,,28-12-2025 00:00,73.95,125.71,12.36,24.81,0.18,11.12
MUMBAI,,29-12-2025 00:00,66.55,113.13,33.59,14.5,0.26,10.22
MUMBAI,,30-12-2025 00:00,69.11,117.45,70.63,13.88,0.26,10.44
MUMBAI,,31-12-2025 00:00,79.0,134.3,67.37,13.99,0.28,11.05
MUMBAI,,01-01-2026 00:00,63.72,211.57,60.71,7.65,0.31,12.25
MUMBAI,,14-01-2026 00:00,50.83,141.36,98.9,25.12,0.24,41.64
MUMBAI,,15-01-2026 00:00,52.89,158.34,82.28,34.56,0.17,26.93
MUMBAI,,16-01-2026 00:00,35.98,102.81,81.87,32.14,0.26,13.9
MUMBAI,,17-01-2026 00:00,55.77,159.35,66.41,29.42,0.31,8.56
MUMBAI,,18-01-2026 00:00,54.64,156.13,0.86,0.23,0.32,12.97
MUMBAI,,19-01-2026 00:00,44.75,127.85,0.86,0.32,0.31,14.65
MUMBAI,,20-01-2026 00:00,22.21,63.46,13.34,3.75,0.28,12.43
MUMBAI,,21-01-2026 00:00,38.97,111.32,29.15,7.51,0.28,13.63
MUMBAI,,22-01-2026 00:00,59.56,170.19,29.28,6.65,0.28,16.24
MUMBAI,,23-01-2026 00:00,61.05,167.81,29.38,6.83,0.27,17.11
MUMBAI,,24-01-2026 00:00,28.16,70.38,30.87,10.71,0.32,17.4
MUMBAI,,25-01-2026 00:00,36.82,92.04,30.79,7.25,0.29,15.27
MUMBAI,,26-01-2026 00:00,45.74,114.35,29.39,2.14,0.3,16.3
MUMBAI,,27-01-2026 00:00,59.27,148.16,29.55,2.43,0.3,18.08
MUMBAI,,28-01-2026 00:00,31.72,79.32,31.54,9.33,0.32,17.67
MUMBAI,,29-01-2026 00:00,26.91,67.27,29.51,1.27,0.28,12.75
MUMBAI,,30-01-2026 00:00,41.34,103.35,29.58,1.67,0.26,13.26
MUMBAI,,31-01-2026 00:00,65.88,164.71,30.87,6.32,0.3,13.51
MUMBAI,,01-02-2026 00:00,36.29,90.7,28.66,2.89,0.34,14.23
MUMBAI,,14-02-2026 00:00,55.89,183.56,26.63,0.17,0.28,5.54
MUMBAI,,15-02-2026 00:00,60.21,186.13,27.82,0.94,0.25,4.91
MUMBAI,,16-02-2026 00:00,100.56,271.68,25.91,0.11,0.26,6.14
MUMBAI,,17-02-2026 00:00,24.06,127.77,25.66,0.11,0.24,7.03
MUMBAI,,17-02-2026 00:00,32.5,248.0,28.32,1.92,0.26,20.98
MUMBAI_BYCULLA,2025-01-01,02-01-2025 00:00,85.07,136.75,49.42,11.81,0.52,55.89
MUMBAI_BYCULLA,2025-01-02,02-02-2025 00:00,36.4,82.43,41.71,8.05,0.41,42.31
MUMBAI_BYCULLA,2025-01-03,02-03-2025 00:00,34.86,94.58,38.93,16.64,0.38,41.08
MUMBAI_BYCULLA,2025-01-04,02-04-2025 00:00,27.57,72.64,35.41,11.68,0.3,64.12
MUMBAI_BYCULLA,2025-01-05,02-05-2025 00:00,19.72,37.16,11.13,0.24,0.13,48.88
MUMBAI_BYCULLA,2025-01-06,02-06-2025 00:00,16.59,38.63,13.48,2.25,0.14,18.07
MUMBAI_BYCULLA,2025-01-07,02-07-2025 00:00,11.94,50.95,9.36,0.77,0.11,15.09
MUMBAI_BYCULLA,2025-01-08,02-08-2025 00:00,12.68,57.54,11.56,1.64,0.34,15.45
MUMBAI_BYCULLA,2025-01-09,02-09-2025 00:00,23.57,40.64,12.02,1.82,0.38,19.28
MUMBAI_BYCULLA,2025-01-10,02-10-2025 00:00,13.16,27.09,15.67,7.81,0.2,13.48
MUMBAI_BYCULLA,2025-01-11,02-11-2025 00:00,16.43,37.37,27.58,7.02,0.31,16.88
MUMBAI_BYCULLA,2025-01-12,02-12-2025 00:00,67.2,160.08,41.93,16.76,1.48,20.14
MUMBAI_BYCULLA,2025-02-01,03-01-2025 00:00,69.65,127.66,56.28,13.99,0.5,65.64
MUMBAI_BYCULLA,2025-02-02,03-02-2025 00:00,45.68,102.1,44.64,10.07,0.44,51.82
MUMBAI_BYCULLA,2025-02-03,03-03-2025 00:00,40.37,102.33,39.12,15.42,0.25,40.06
MUMBAI_BYCULLA,2025-02-04,03-04-2025 00:00,40.87,81.2,40.25,10.5,0.48,59.93
MUMBAI_BYCULLA,2025-02-05,03-05-2025 00:00,20.07,48.6,17.0,0.16,0.22,52.24
MUMBAI_BYCULLA,2025-02-06,03-06-2025 00:00,17.48,43.73,16.02,2.26,0.18,14.76
MUMBAI_BYCULLA,2025-02-07,03-07-2025 00:00,12.68,40.74,10.35,1.31,0.2,11.46
MUMBAI_BYCULLA,2025-02-08,03-08-2025 00:00,11.12,46.12,10.47,1.67,0.34,14.47
MUMBAI_BYCULLA,2025-02-09,03-09-2025 00:00,19.99,42.09,9.38,2.57,0.28,22.6
MUMBAI_BYCULLA,2025-02-10,03-10-2025 00:00,13.53,25.7,11.41,7.86,0.22,14.48
MUMBAI_BYCULLA,2025-02-11,03-11-2025 00:00,11.98,34.16,25.68,7.03,0.11,13.46
MUMBAI_BYCULLA,2025-02-12,03-12-2025 00:00,92.02,226.26,42.385000000000005,15.23,1.33,8.47
MUMBAI_BYCULLA,2025-03-01,04-01-2025 00:00,57.06,127.76,59.09,8.48,0.41,61.33
MUMBAI_BYCULLA,2025-03-02,04-02-2025 00:00,44.61,93.36,38.79,11.34,0.42,41.02
MUMBAI_BYCULLA,2025-03-03,04-03-2025 00:00,38.43,109.81,36.21,17.47,0.41,47.11
MUMBAI_BYCULLA,2025-03-04,04-04-2025 00:00,34.12,61.02,29.27,7.94,0.31,33.76
MUMBAI_BYCULLA,2025-03-05,04-05-2025 00:00,19.38,41.41,17.1,0.17,0.21,42.45
MUMBAI_BYCULLA,2025-03-06,04-06-2025 00:00,18.13,49.32,12.58,2.19,0.18,18.74
MUMBAI_BYCULLA,2025-03-07,04-07-2025 00:00,10.02,42.33,11.36,2.46,0.12,12.76
MUMBAI_BYCULLA,2025-03-08,04-08-2025 00:00,10.6,44.91,12.12,1.59,0.38,12.2
MUMBAI_BYCULLA,2025-03-09,04-09-2025 00:00,19.49,43.97,11.5,2.43,0.32,23.66
MUMBAI_BYCULLA,2025-03-10,04-10-2025 00:00,9.97,23.7,11.36,8.19,0.25,13.72
MUMBAI_BYCULLA,2025-03-11,04-11-2025 00:00,13.14,33.18,22.71,7.35,0.25,17.29
MUMBAI_BYCULLA,2025-03-12,04-12-2025 00:00,38.6,88.73499999999999,42.44,8.899999999999999,0.44,49.675000000000004
MUMBAI_BYCULLA,2025-04-01,05-01-2025 00:00,64.06,144.29,62.17,10.45,0.63,82.06
MUMBAI_BYCULLA,2025-04-02,05-02-2025 00:00,36.67,84.4,41.44,7.75,0.49,38.67
MUMBAI_BYCULLA,2025-04-03,05-03-2025 00:00,42.66,127.94,42.65,16.69,0.42,34.23
MUMBAI_BYCULLA,2025-04-04,05-04-2025 00:00,24.27,82.79,22.51,6.37,0.27,34.6
MUMBAI_BYCULLA,2025-04-05,05-05-2025 00:00,16.84,33.54,9.64,0.31,0.13,50.18
MUMBAI_BYCULLA,2025-04-06,05-06-2025 00:00,16.25,36.29,26.33,2.14,0.3,15.13
MUMBAI_BYCULLA,2025-04-07,05-07-2025 00:00,10.66,44.78,11.24,2.07,0.19,14.27
MUMBAI_BYCULLA,2025-04-08,05-08-2025 00:00,10.58,47.11,10.01,1.5,0.34,14.39
MUMBAI_BYCULLA,2025-04-09,05-09-2025 00:00,19.15,42.01,11.93,2.17,0.35,19.7
MUMBAI_BYCULLA,2025-04-10,05-10-2025 00:00,9.85,26.88,11.19,8.46,0.16,13.87
MUMBAI_BYCULLA,2025-04-11,05-11-2025 00:00,15.72,39.09,18.38,7.77,0.16,23.3
MUMBAI_BYCULLA,2025-04-12,05-12-2025 00:00,66.33,168.42,38.099999999999994,16.78,1.27,22.42
MUMBAI_BYCULLA,2025-05-01,06-01-2025 00:00,83.94,174.68,57.82,14.49,0.38,96.93
MUMBAI_BYCULLA,2025-05-02,06-02-2025 00:00,40.55,90.88,38.64,10.27,0.36,48.33
MUMBAI_BYCULLA,2025-05-03,06-03-2025 00:00,44.39,115.97,55.35,12.61,0.42,40.46
MUMBAI_BYCULLA,2025-05-04,06-04-2025 00:00,38.93,86.03,47.86,6.93,0.54,29.36
MUMBAI_BYCULLA,2025-05-05,06-05-2025 00:00,20.53,42.32,10.67,0.37,0.17,40.0
MUMBAI_BYCULLA,2025-05-06,06-06-2025 00:00,21.43,69.8,36.75,1.44,0.38,13.38
MUMBAI_BYCULLA,2025-05-07,06-07-2025 00:00,9.68,49.32,9.51,1.7,0.11,16.57
MUMBAI_BYCULLA,2025-05-08,06-08-2025 00:00,10.21,46.91,8.98,1.36,0.32,14.66
MUMBAI_BYCULLA,2025-05-09,06-09-2025 00:00,19.27,42.35,11.31,1.73,0.25,22.62
MUMBAI_BYCULLA,2025-05-10,06-10-2025 00:00,18.86,44.72,11.58,8.59,0.14,12.87
MUMBAI_BYCULLA,2025-05-11,06-11-2025 00:00,17.16,41.16,21.39,8.1,0.16,25.37
MUMBAI_BYCULLA,2025-05-12,06-12-2025 00:00,70.79,167.96,27.345,15.33,1.26,18.2
MUMBAI_BYCULLA,2025-06-01,07-01-2025 00:00,54.94,117.06,33.3,10.97,0.4,72.53
MUMBAI_BYCULLA,2025-06-02,07-02-2025 00:00,54.88,115.09,62.08,16.42,0.68,36.52
MUMBAI_BYCULLA,2025-06-03,07-03-2025 00:00,42.09,136.69,62.18,24.14,0.53,81.27
MUMBAI_BYCULLA,2025-06-04,07-04-2025 00:00,23.7,50.23,26.56,5.29,0.25,36.02
MUMBAI_BYCULLA,2025-06-05,07-05-2025 00:00,20.07,38.9,9.76,0.33,0.18,41.02
MUMBAI_BYCULLA,2025-06-06,07-06-2025 00:00,14.83,67.17,20.47,1.84,0.17,18.9
MUMBAI_BYCULLA,2025-06-07,07-07-2025 00:00,12.31,54.0,8.02,1.49,0.23,17.88
MUMBAI_BYCULLA,2025-06-08,07-08-2025 00:00,9.2,47.94,8.33,1.5,0.32,17.65
MUMBAI_BYCULLA,2025-06-09,07-09-2025 00:00,18.42,28.47,10.01,1.65,0.16,18.68
MUMBAI_BYCULLA,2025-06-10,07-10-2025 00:00,16.46,43.7,13.05,8.43,0.21,15.38
MUMBAI_BYCULLA,2025-06-11,07-11-2025 00:00,33.74,62.75,30.18,9.0,0.22,39.05
MUMBAI_BYCULLA,2025-06-12,07-12-2025 00:00,59.81,148.45,42.1,16.84,0.9,21.59
MUMBAI_BYCULLA,2025-07-01,08-01-2025 00:00,75.2,142.5,54.02,12.98,0.53,53.08
MUMBAI_BYCULLA,2025-07-02,08-02-2025 00:00,76.63,143.42,75.69,14.61,1.01,45.9
MUMBAI_BYCULLA,2025-07-03,08-03-2025 00:00,65.96,141.58,88.7,22.96,0.99,102.29
MUMBAI_BYCULLA,2025-07-04,08-04-2025 00:00,24.69,56.01,31.58,6.01,0.54,53.94
MUMBAI_BYCULLA,2025-07-05,08-05-2025 00:00,19.35,41.11,23.8,0.1,0.33,28.94
MUMBAI_BYCULLA,2025-07-06,08-06-2025 00:00,10.15,33.09,25.7,2.24,0.38,18.0
MUMBAI_BYCULLA,2025-07-07,08-07-2025 00:00,12.12,55.08,12.89,1.45,0.16,14.48
MUMBAI_BYCULLA,2025-07-08,08-08-2025 00:00,9.3,40.16,17.14,1.27,0.38,10.18
MUMBAI_BYCULLA,2025-07-09,08-09-2025 00:00,22.6,37.0,5.98,1.46,0.2,16.82
MUMBAI_BYCULLA,2025-07-10,08-10-2025 00:00,14.23,38.87,11.0,8.47,0.25,16.73
MUMBAI_BYCULLA,2025-07-11,08-11-2025 00:00,53.83,68.55,41.82,10.23,0.37,43.31
MUMBAI_BYCULLA,2025-07-12,08-12-2025 00:00,60.29,143.92,46.15,17.98,1.07,27.44
MUMBAI_BYCULLA,2025-08-01,09-01-2025 00:00,74.9,146.12,50.48,15.53,0.51,61.07
MUMBAI_BYCULLA,2025-08-02,09-02-2025 00:00,87.59,150.75,76.34,14.76,0.49,57.79
MUMBAI_BYCULLA,2025-08-03,09-03-2025 00:00,58.79,154.43,78.98,17.38,0.53,70.34
MUMBAI_BYCULLA,2025-08-04,09-04-2025 00:00,28.59,63.74,35.46,5.76,0.33,63.18
MUMBAI_BYCULLA,2025-08-05,09-05-2025 00:00,12.62,23.66,21.1,1.44,0.23,34.18
MUMBAI_BYCULLA,2025-08-06,09-06-2025 00:00,14.4,54.44,20.48,1.77,0.22,16.22
MUMBAI_BYCULLA,2025-08-07,09-07-2025 00:00,12.06,53.53,11.85,0.99,0.11,13.76
MUMBAI_BYCULLA,2025-08-08,09-08-2025 00:00,12.99,50.53,18.48,0.99,0.43,7.79
MUMBAI_BYCULLA,2025-08-09,09-09-2025 00:00,21.74,31.54,12.55,0.78,0.22,12.71
MUMBAI_BYCULLA,2025-08-10,09-10-2025 00:00,21.79,57.3,15.49,8.73,0.27,20.18
MUMBAI_BYCULLA,2025-08-11,09-11-2025 00:00,40.05,59.33,48.91,10.16,0.2,34.77
MUMBAI_BYCULLA,2025-08-12,09-12-2025 00:00,60.7,157.85,45.06999999999999,18.24,1.51,20.6
MUMBAI_BYCULLA,2025-09-01,10-01-2025 00:00,66.48,144.74,41.23,9.63,0.23,72.6
MUMBAI_BYCULLA,2025-09-02,10-02-2025 00:00,70.12,123.92,67.27,11.27,0.75,57.08
MUMBAI_BYCULLA,2025-09-03,10-03-2025 00:00,40.88,75.32,53.32,9.32,0.46,43.37
MUMBAI_BYCULLA,2025-09-04,10-04-2025 00:00,27.18,51.39,21.12,2.45,0.26,51.07
MUMBAI_BYCULLA,2025-09-05,10-05-2025 00:00,11.72,29.8,20.4,1.28,0.15,30.46
MUMBAI_BYCULLA,2025-09-06,10-06-2025 00:00,10.64,50.99,9.3,2.27,0.13,16.2
MUMBAI_BYCULLA,2025-09-07,10-07-2025 00:00,11.72,56.16,10.82,1.04,0.14,12.71
MUMBAI_BYCULLA,2025-09-08,10-08-2025 00:00,16.2,49.97,14.87,0.62,0.41,6.98
MUMBAI_BYCULLA,2025-09-09,10-09-2025 00:00,24.4,49.16,11.14,0.55,0.14,12.96
MUMBAI_BYCULLA,2025-09-10,10-10-2025 00:00,35.36,87.27,24.81,7.0,0.36,33.19
MUMBAI_BYCULLA,2025-09-11,10-11-2025 00:00,38.11,62.32,43.88,9.63,0.34,33.29
MUMBAI_BYCULLA,2025-09-12,10-12-2025 00:00,51.64,160.33,105.16,19.61,1.04,11.85
MUMBAI_BYCULLA,2025-10-01,11-01-2025 00:00,79.03,150.06,58.92,10.95,0.62,44.47
MUMBAI_BYCULLA,2025-10-02,11-02-2025 00:00,55.03,98.25,53.98,12.72,0.43,41.24
MUMBAI_BYCULLA,2025-10-03,11-03-2025 00:00,58.2,114.86,77.65,14.61,1.11,70.86
MUMBAI_BYCULLA,2025-10-04,11-04-2025 00:00,18.96,37.54,18.75,1.49,0.21,38.49
MUMBAI_BYCULLA,2025-10-05,11-05-2025 00:00,15.46,36.98,20.5,1.11,0.35,26.67
MUMBAI_BYCULLA,2025-10-06,11-06-2025 00:00,7.83,36.32,9.23,2.37,0.14,18.67
MUMBAI_BYCULLA,2025-10-07,11-07-2025 00:00,12.32,56.47,11.66,0.71,0.17,12.86
MUMBAI_BYCULLA,2025-10-08,11-08-2025 00:00,12.3,51.75,11.42,0.66,0.36,8.34
MUMBAI_BYCULLA,2025-10-09,11-09-2025 00:00,22.67,48.24,11.58,0.41,0.16,16.6
MUMBAI_BYCULLA,2025-10-10,11-10-2025 00:00,53.88,139.22,38.29,2.94,0.19,38.07
MUMBAI_BYCULLA,2025-10-11,11-11-2025 00:00,37.8,53.36,55.14,9.96,0.41,43.2
MUMBAI_BYCULLA,2025-10-12,11-12-2025 00:00,44.35,134.92,94.83,18.23,0.39,15.38
MUMBAI_BYCULLA,2025-11-01,12-01-2025 00:00,75.97,129.45,47.51,5.67,0.64,79.4
MUMBAI_BYCULLA,2025-11-02,12-02-2025 00:00,53.99,89.7,43.06,15.34,0.32,55.73
MUMBAI_BYCULLA,2025-11-03,12-03-2025 00:00,71.01,144.21,74.05,12.71,0.4,73.03
MUMBAI_BYCULLA,2025-11-04,12-04-2025 00:00,17.93,36.39,17.64,0.39,0.24,25.36
MUMBAI_BYCULLA,2025-11-05,12-05-2025 00:00,13.79,31.01,16.29,1.1,0.18,34.66
MUMBAI_BYCULLA,2025-11-06,12-06-2025 00:00,14.62,26.42,7.84,2.67,0.19,20.28
MUMBAI_BYCULLA,2025-11-07,12-07-2025 00:00,12.96,52.32,9.87,0.79,0.19,12.89
MUMBAI_BYCULLA,2025-11-08,12-08-2025 00:00,10.51,47.66,9.33,0.6,0.3,10.61
MUMBAI_BYCULLA,2025-11-09,12-09-2025 00:00,20.65,40.01,6.78,3.28,0.08,18.73
MUMBAI_BYCULLA,2025-11-10,12-10-2025 00:00,64.91,187.08,43.02,2.15,0.21,41.62
MUMBAI_BYCULLA,2025-11-11,12-11-2025 00:00,24.09,52.4,56.66,15.17,0.92,34.32
MUMBAI_BYCULLA,2025-11-12,12-12-2025 00:00,42.27,126.52,83.2,17.01,0.76,18.76
MUMBAI_BYCULLA,2025-12-01,13-01-2025 00:00,61.73,98.04,41.49,8.98,0.59,72.59
MUMBAI_BYCULLA,2025-12-02,13-02-2025 00:00,52.27,89.99,43.12,16.79,0.5,48.46
MUMBAI_BYCULLA,2025-12-03,13-03-2025 00:00,65.89,123.83,70.29,13.2,0.77,100.54
MUMBAI_BYCULLA,2025-12-04,13-04-2025 00:00,17.24,35.28,17.22,0.19,0.21,27.1
MUMBAI_BYCULLA,2025-12-05,13-05-2025 00:00,14.3,28.78,16.05,1.07,0.22,23.73
MUMBAI_BYCULLA,2025-12-06,13-06-2025 00:00,7.71,25.64,7.75,2.58,0.17,17.76
MUMBAI_BYCULLA,2025-12-07,13-07-2025 00:00,10.37,48.47,8.81,0.69,0.2,13.89
MUMBAI_BYCULLA,2025-12-08,13-08-2025 00:00,9.44,37.11,9.98,0.56,0.32,9.85
MUMBAI_BYCULLA,2025-12-09,13-09-2025 00:00,21.12,33.55,8.96,7.73,0.19,13.48
MUMBAI_BYCULLA,2025-12-10,13-10-2025 00:00,63.18,162.15,38.89,2.74,0.32,43.11
MUMBAI_BYCULLA,2025-12-11,13-11-2025 00:00,30.43,66.39,67.34,11.66,1.2,21.87
MUMBAI_BYCULLA,2025-12-12,13-12-2025 00:00,48.7,141.77,96.71,16.43,0.54,19.41
MUMBAI_BYCULLA,2026-01-01,02-01-2026 00:00,38.53,64.53,58.7,20.0,0.14,11.36
MUMBAI_BYCULLA,2026-01-02,02-02-2026 00:00,64.84,95.44,50.84,2.42,1.38,22.47
MUMBAI_BYCULLA,2026-02-01,03-01-2026 00:00,58.83,95.45,67.67,20.02,1.22,15.47
MUMBAI_BYCULLA,2026-02-02,03-02-2026 00:00,79.37,119.72,59.44,1.52,1.59,25.54
MUMBAI_BYCULLA,2026-03-01,04-01-2026 00:00,64.78,109.31,76.3,19.66,0.85,12.84
MUMBAI_BYCULLA,2026-03-02,04-02-2026 00:00,75.32,118.07,66.79,2.56,1.58,25.31
MUMBAI_BYCULLA,2026-04-01,05-01-2026 00:00,88.41,138.71,70.89,19.2,0.74,14.05
MUMBAI_BYCULLA,2026-04-02,05-02-2026 00:00,73.76,124.42,65.69,1.2,1.64,31.99
MUMBAI_BYCULLA,2026-05-01,06-01-2026 00:00,72.26,115.46,69.3,19.36,0.67,17.24
MUMBAI_BYCULLA,2026-05-02,06-02-2026 00:00,64.98,103.93,67.05,2.32,1.45,24.41
MUMBAI_BYCULLA,2026-06-01,07-01-2026 00:00,77.84,128.19,70.34,19.95,1.04,20.14
MUMBAI_BYCULLA,2026-06-02,07-02-2026 00:00,77.78,128.39,79.17,1.71,1.88,16.04
MUMBAI_BYCULLA,2026-07-01,08-01-2026 00:00,88.34,144.71,82.58,20.66,1.12,21.93
MUMBAI_BYCULLA,2026-07-02,08-02-2026 00:00,62.59,113.98,63.81,0.79,1.4,34.61
MUMBAI_BYCULLA,2026-08-01,09-01-2026 00:00,73.48,133.72,82.93,14.77,0.78,20.02
MUMBAI_BYCULLA,2026-08-02,09-02-2026 00:00,61.88,111.47,71.12,2.53,1.54,37.86
MUMBAI_BYCULLA,2026-09-01,10-01-2026 00:00,58.15,99.6,65.41,3.74,0.84,24.95
MUMBAI_BYCULLA,2026-09-02,10-02-2026 00:00,62.45,102.82,65.08,1.46,1.46,30.66
MUMBAI_BYCULLA,2026-10-01,11-01-2026 00:00,59.05,96.92,55.79,2.93,0.62,25.19
MUMBAI_BYCULLA,2026-10-02,11-02-2026 00:00,49.42,80.53,49.37,2.12,1.1,25.43
MUMBAI_BYCULLA,2026-11-01,12-01-2026 00:00,56.68,92.88,57.78,3.57,0.7,25.74
MUMBAI_BYCULLA,2026-11-02,12-02-2026 00:00,51.4,99.74,38.15,2.18,0.93,37.26
MUMBAI_BYCULLA,2026-12-01,13-01-2026 00:00,52.23,88.26,62.65,4.11,0.74,25.4
MUMBAI_BYCULLA,2026-12-02,13-02-2026 00:00,58.71,120.41,61.87,2.39,1.56,33.28
MUMBAI_BYCULLA,,14-01-2025 00:00,72.31,118.16,50.83,18.83,0.59,54.32
MUMBAI_BYCULLA,,15-01-2025 00:00,79.06,132.9,51.63,9.06,0.56,63.1
MUMBAI_BYCULLA,,16-01-2025 00:00,81.74,124.14,48.2,6.39,0.41,55.33
MUMBAI_BYCULLA,,17-01-2025 00:00,82.33,118.83,44.95,7.17,0.59,58.27
MUMBAI_BYCULLA,,18-01-2025 00:00,77.64,124.19,46.78,8.59,0.57,51.47
MUMBAI_BYCULLA,,19-01-2025 00:00,69.31,122.11,53.54,8.77,0.53,54.58
MUMBAI_BYCULLA,,20-01-2025 00:00,79.47,132.41,55.15,9.08,0.8,80.32
MUMBAI_BYCULLA,,21-01-2025 00:00,83.88,134.92,61.13,8.96,0.33,63.33
MUMBAI_BYCULLA,,22-01-2025 00:00,84.58,146.28,71.27,4.82,0.85,51.19
MUMBAI_BYCULLA,,23-01-2025 00:00,78.54,152.95,71.74,12.25,0.98,49.3
MUMBAI_BYCULLA,,24-01-2025 00:00,39.13,103.98,44.54,10.12,0.56,44.3
MUMBAI_BYCULLA,,25-01-2025 00:00,43.99,122.03,66.46,14.98,0.73,43.34
MUMBAI_BYCULLA,,26-01-2025 00:00,62.3,95.47,67.69,11.03,0.78,53.02
MUMBAI_BYCULLA,,27-01-2025 00:00,66.51,138.71,62.26,9.88,0.67,56.19
MUMBAI_BYCULLA,,28-01-2025 00:00,55.4,122.51,51.34,9.47,0.57,50.65
MUMBAI_BYCULLA,,29-01-2025 00:00,39.05,103.07,59.72,9.95,0.78,46.42
MUMBAI_BYCULLA,,30-01-2025 00:00,28.5,94.43,56.58,6.27,0.54,37.7
MUMBAI_BYCULLA,,31-01-2025 00:00,47.93,117.72,54.51,14.34,0.65,51.97
MUMBAI_BYCULLA,,01-02-2025 00:00,19.96,67.82,36.79,5.14,0.18,32.81
MUMBAI_BYCULLA,,14-02-2025 00:00,60.43,122.32,62.25,21.13,0.71,50.44
MUMBAI_BYCULLA,,15-02-2025 00:00,50.94,112.77,64.13,15.99,0.63,53.84
MUMBAI_BYCULLA,,16-02-2025 00:00,57.35,127.6,73.8,14.41,0.7,55.62
MUMBAI_BYCULLA,,17-02-2025 00:00,50.67,107.87,56.51,14.48,0.42,41.64
MUMBAI_BYCULLA,,18-02-2025 00:00,32.37,72.76,50.25,14.03,0.4,40.2
MUMBAI_BYCULLA,,19-02-2025 00:00,46.48,122.97,60.0,16.88,0.5,42.78
MUMBAI_BYCULLA,,20-02-2025 00:00,48.27,106.23,49.16,15.55,0.27,47.86
MUMBAI_BYCULLA,,21-02-2025 00:00,49.83,101.7,45.75,18.14,0.44,55.5
MUMBAI_BYCULLA,,22-02-2025 00:00,39.22,100.68,55.31,16.83,0.51,38.42
MUMBAI_BYCULLA,,23-02-2025 00:00,39.26,125.08,51.16,19.1,0.43,51.81
MUMBAI_BYCULLA,,24-02-2025 00:00,47.95,140.29,56.22,19.39,0.59,60.12
MUMBAI_BYCULLA,,25-02-2025 00:00,40.17,101.9,53.16,22.61,0.47,48.71
MUMBAI_BYCULLA,,26-02-2025 00:00,48.57,114.01,70.8,18.44,0.77,49.56
MUMBAI_BYCULLA,,27-02-2025 00:00,71.4,146.01,72.19,19.67,0.7,66.18
MUMBAI_BYCULLA,,28-02-2025 00:00,74.33,142.94,72.19,19.75,0.64,54.82
MUMBAI_BYCULLA,,01-03-2025 00:00,66.13,142.7,63.78,16.55,0.45,37.84
MUMBAI_BYCULLA,,14-03-2025 00:00,55.56,89.76,50.1,11.28,0.54,69.24
MUMBAI_BYCULLA,,15-03-2025 00:00,51.37,69.71,33.57,7.25,0.36,50.53
MUMBAI_BYCULLA,,16-03-2025 00:00,24.02,48.21,26.48,7.39,0.31,52.55
MUMBAI_BYCULLA,,17-03-2025 00:00,27.01,56.29,25.97,6.75,0.26,62.16
MUMBAI_BYCULLA,,18-03-2025 00:00,31.81,68.54,27.26,9.34,0.29,80.83
MUMBAI_BYCULLA,,19-03-2025 00:00,15.87,49.89,19.33,8.02,0.13,67.31
MUMBAI_BYCULLA,,20-03-2025 00:00,26.08,61.23,26.93,9.5,0.33,61.24
MUMBAI_BYCULLA,,21-03-2025 00:00,27.25,64.52,31.27,9.83,0.39,76.42
MUMBAI_BYCULLA,,22-03-2025 00:00,20.38,51.97,19.69,8.87,0.22,42.34
MUMBAI_BYCULLA,,23-03-2025 00:00,15.22,46.92,23.88,8.41,0.27,40.57
MUMBAI_BYCULLA,,24-03-2025 00:00,24.22,59.78,27.33,8.64,0.35,52.11
MUMBAI_BYCULLA,,25-03-2025 00:00,30.84,61.7,30.12,8.61,0.37,56.59
MUMBAI_BYCULLA,,26-03-2025 00:00,37.6,70.39,40.58,8.32,0.45,49.26
MUMBAI_BYCULLA,,27-03-2025 00:00,15.33,37.81,17.04,6.99,0.21,42.02
MUMBAI_BYCULLA,,28-03-2025 00:00,14.39,33.13,14.34,6.55,0.16,34.77
MUMBAI_BYCULLA,,29-03-2025 00:00,20.06,61.89,23.42,8.4,0.29,56.55
MUMBAI_BYCULLA,,30-03-2025 00:00,36.58,107.28,53.22,14.19,0.47,83.49
MUMBAI_BYCULLA,,31-03-2025 00:00,32.19,85.57,33.84,11.87,0.41,93.04
MUMBAI_BYCULLA,,01-04-2025 00:00,27.19,67.23,30.58,10.73,0.21,80.55
MUMBAI_BYCULLA,,14-04-2025 00:00,19.74,42.32,12.38,0.45,0.18,29.67
MUMBAI_BYCULLA,,15-04-2025 00:00,20.78,50.53,19.67,1.33,0.25,38.62
MUMBAI_BYCULLA,,16-04-2025 00:00,22.04,56.19,17.42,1.13,0.23,33.03
MUMBAI_BYCULLA,,17-04-2025 00:00,17.05,40.67,15.02,1.05,0.14,29.48
MUMBAI_BYCULLA,,18-04-2025 00:00,15.74,31.79,13.2,0.92,0.16,30.09
MUMBAI_BYCULLA,,19-04-2025 00:00,14.73,33.86,15.43,0.5,0.18,30.2
MUMBAI_BYCULLA,,20-04-2025 00:00,11.74,27.2,12.51,0.75,0.18,32.59
MUMBAI_BYCULLA,,21-04-2025 00:00,17.41,56.81,21.01,0.45,0.2,28.92
MUMBAI_BYCULLA,,22-04-2025 00:00,16.04,64.91,22.51,0.25,0.21,29.72
MUMBAI_BYCULLA,,23-04-2025 00:00,26.2,110.26,26.46,0.22,0.29,35.14
MUMBAI_BYCULLA,,24-04-2025 00:00,25.73,92.48,23.78,0.09,0.19,45.93
MUMBAI_BYCULLA,,25-04-2025 00:00,21.23,84.31,22.08,0.13,0.23,42.16
MUMBAI_BYCULLA,,26-04-2025 00:00,16.12,66.41,17.96,0.11,0.17,34.53
MUMBAI_BYCULLA,,27-04-2025 00:00,15.16,53.6,18.31,0.11,0.2,34.15
MUMBAI_BYCULLA,,28-04-2025 00:00,18.81,64.88,19.29,0.12,0.16,28.38
MUMBAI_BYCULLA,,29-04-2025 00:00,18.43,63.51,14.98,0.19,0.17,28.47
MUMBAI_BYCULLA,,30-04-2025 00:00,22.35,49.99,15.01,0.41,0.17,35.56
MUMBAI_BYCULLA,,01-05-2025 00:00,20.62,45.42,15.41,0.28,0.18,39.69
MUMBAI_BYCULLA,,14-05-2025 00:00,17.32,31.86,13.36,0.78,0.2,24.96
MUMBAI_BYCULLA,,15-05-2025 00:00,30.56,43.3,27.01,0.85,0.35,21.24
MUMBAI_BYCULLA,,16-05-2025 00:00,26.54,42.73,29.26,0.42,0.16,25.88
MUMBAI_BYCULLA,,17-05-2025 00:00,12.47,35.12,12.11,0.62,0.2,22.87
MUMBAI_BYCULLA,,18-05-2025 00:00,9.88,24.09,12.76,0.78,0.18,17.5
MUMBAI_BYCULLA,,19-05-2025 00:00,8.78,27.47,12.83,0.61,0.1,20.79
MUMBAI_BYCULLA,,20-05-2025 00:00,12.26,29.93,10.79,0.79,0.1,22.31
MUMBAI_BYCULLA,,21-05-2025 00:00,12.14,25.75,13.21,0.99,0.16,23.86
MUMBAI_BYCULLA,,22-05-2025 00:00,14.01,23.3,30.01,0.51,0.34,35.91
MUMBAI_BYCULLA,,23-05-2025 00:00,16.4,28.14,31.51,0.21,0.27,45.23
MUMBAI_BYCULLA,,24-05-2025 00:00,27.42,37.74,31.36,0.35,0.41,27.04
MUMBAI_BYCULLA,,25-05-2025 00:00,26.21,40.35,33.23,0.96,0.29,33.63
MUMBAI_BYCULLA,,26-05-2025 00:00,10.7,28.42,13.88,1.51,0.15,20.45
MUMBAI_BYCULLA,,27-05-2025 00:00,6.53,28.99,18.32,2.33,0.31,15.26
MUMBAI_BYCULLA,,28-05-2025 00:00,9.52,32.82,25.91,2.04,0.25,30.57
MUMBAI_BYCULLA,,29-05-2025 00:00,22.9,60.96,36.19,1.11,0.43,13.2
MUMBAI_BYCULLA,,30-05-2025 00:00,22.64,60.57,21.61,0.56,0.33,11.76
MUMBAI_BYCULLA,,31-05-2025 00:00,19.6,58.02,12.15,1.84,0.17,16.11
MUMBAI_BYCULLA,,01-06-2025 00:00,18.05,53.1,13.07,2.12,0.2,17.1
MUMBAI_BYCULLA,,14-06-2025 00:00,11.82,25.28,15.47,2.68,0.24,30.47
MUMBAI_BYCULLA,,15-06-2025 00:00,9.29,32.25,14.21,2.77,0.19,10.11
MUMBAI_BYCULLA,,16-06-2025 00:00,14.58,25.17,29.72,2.53,0.48,11.62
MUMBAI_BYCULLA,,17-06-2025 00:00,4.93,10.63,11.9,2.29,0.13,36.13
MUMBAI_BYCULLA,,18-06-2025 00:00,12.76,43.97,10.76,2.3,0.13,16.62
MUMBAI_BYCULLA,,19-06-2025 00:00,9.07,26.65,18.6,0.97,0.18,23.45
MUMBAI_BYCULLA,,20-06-2025 00:00,8.06,40.56,11.37,0.28,0.07,15.66
MUMBAI_BYCULLA,,21-06-2025 00:00,8.99,44.08,11.98,0.22,0.15,12.96
MUMBAI_BYCULLA,,22-06-2025 00:00,12.28,47.67,11.67,0.13,0.11,13.91
MUMBAI_BYCULLA,,23-06-2025 00:00,11.82,48.9,10.23,0.17,0.07,15.98
MUMBAI_BYCULLA,,24-06-2025 00:00,11.2,51.74,10.87,0.18,0.115,15.61
MUMBAI_BYCULLA,,25-06-2025 00:00,11.81,50.38,11.19,0.16,0.16,15.69
MUMBAI_BYCULLA,,26-06-2025 00:00,12.64,54.76,12.35,0.12,0.22,13.18
MUMBAI_BYCULLA,,27-06-2025 00:00,12.04,53.74,11.95,0.09,0.17,13.78
MUMBAI_BYCULLA,,28-06-2025 00:00,13.81,54.53,12.21,0.6,0.19,14.86
MUMBAI_BYCULLA,,29-06-2025 00:00,15.0,57.8,11.08,0.86,0.17,16.96
MUMBAI_BYCULLA,,30-06-2025 00:00,10.75,48.33,9.93,0.63,0.13,16.52
MUMBAI_BYCULLA,,01-07-2025 00:00,9.82,49.8,8.6,0.8,0.1,13.6
MUMBAI_BYCULLA,,14-07-2025 00:00,10.11,48.09,7.93,0.59,0.13,14.79
MUMBAI_BYCULLA,,15-07-2025 00:00,7.55,32.09,10.98,0.51,0.16,15.0
MUMBAI_BYCULLA,,16-07-2025 00:00,8.12,42.81,10.32,0.56,0.11,12.5
MUMBAI_BYCULLA,,17-07-2025 00:00,13.62,55.65,8.82,0.4,0.09,12.49
MUMBAI_BYCULLA,,18-07-2025 00:00,13.91,54.22,10.55,0.38,0.11,11.66
MUMBAI_BYCULLA,,19-07-2025 00:00,11.65,53.8,9.61,0.23,0.15,13.45
MUMBAI_BYCULLA,,20-07-2025 00:00,13.32,50.82,11.61,0.53,0.16,12.89
MUMBAI_BYCULLA,,21-07-2025 00:00,10.68,41.55,12.32,0.91,0.09,11.49
MUMBAI_BYCULLA,,22-07-2025 00:00,12.9,37.19,18.59,0.55,0.135,6.77
MUMBAI_BYCULLA,,23-07-2025 00:00,7.94,28.84,14.38,1.49,0.18,11.48
MUMBAI_BYCULLA,,24-07-2025 00:00,10.95,30.12,18.05,1.96,0.44,9.46
MUMBAI_BYCULLA,,25-07-2025 00:00,9.52,44.8,11.39,2.01,0.38,14.89
MUMBAI_BYCULLA,,26-07-2025 00:00,7.42,36.22,9.4,2.17,0.31,16.2
MUMBAI_BYCULLA,,27-07-2025 00:00,9.23,42.63,7.53,2.19,0.35,19.87
MUMBAI_BYCULLA,,28-07-2025 00:00,13.29,49.35,7.73,2.22,0.32,18.52
MUMBAI_BYCULLA,,29-07-2025 00:00,12.42,50.73,10.83,2.1,0.31,17.64
MUMBAI_BYCULLA,,30-07-2025 00:00,10.03,47.76,11.24,1.96,0.3,16.98
MUMBAI_BYCULLA,,31-07-2025 00:00,13.75,56.59,13.78,1.93,0.29,14.36
MUMBAI_BYCULLA,,01-08-2025 00:00,14.26,62.28,11.85,1.78,0.33,16.32
MUMBAI_BYCULLA,,14-08-2025 00:00,8.3,32.65,13.37,0.68,0.29,8.74
MUMBAI_BYCULLA,,15-08-2025 00:00,9.43,30.87,18.59,0.51,0.4,7.41
MUMBAI_BYCULLA,,16-08-2025 00:00,5.56,20.33,11.22,0.43,0.3,11.71
MUMBAI_BYCULLA,,17-08-2025 00:00,9.05,27.59,9.79,0.7,0.39,11.5
MUMBAI_BYCULLA,,18-08-2025 00:00,8.54,25.63,13.18,0.51,0.37,10.95
MUMBAI_BYCULLA,,19-08-2025 00:00,7.7,24.74,10.61,0.58,0.35,14.79
MUMBAI_BYCULLA,,20-08-2025 00:00,7.85,24.31,6.64,0.83,0.31,20.73
MUMBAI_BYCULLA,,21-08-2025 00:00,8.44,34.9,14.93,2.98,0.2,20.895
MUMBAI_BYCULLA,,22-08-2025 00:00,7.09,37.8,12.05,2.64,0.34,21.06
MUMBAI_BYCULLA,,23-08-2025 00:00,14.34,17.26,16.26,3.02,0.2,10.02
MUMBAI_BYCULLA,,24-08-2025 00:00,17.55,38.03,11.41,3.1375,0.27,10.01
MUMBAI_BYCULLA,,25-08-2025 00:00,16.05,38.76,10.35,3.255,0.32,9.96
MUMBAI_BYCULLA,,26-08-2025 00:00,15.72,34.66,14.59,3.3725,0.29,10.0
MUMBAI_BYCULLA,,27-08-2025 00:00,15.4,32.22,10.31,3.49,0.25,9.98
MUMBAI_BYCULLA,,28-08-2025 00:00,17.57,34.17,9.39,3.63,0.31,10.0
MUMBAI_BYCULLA,,29-08-2025 00:00,21.09,41.87,11.98,3.43,0.39,9.99
MUMBAI_BYCULLA,,30-08-2025 00:00,24.95,36.86,20.29,2.97,0.39,11.25
MUMBAI_BYCULLA,,31-08-2025 00:00,21.67,32.37,14.58,2.04,0.42,19.25
MUMBAI_BYCULLA,,01-09-2025 00:00,24.65,40.59,11.75,1.73,0.38,19.09
MUMBAI_BYCULLA,,14-09-2025 00:00,32.46,71.75,18.18,7.7,0.23,14.11
MUMBAI_BYCULLA,,15-09-2025 00:00,31.93,133.44,8.32,7.5,0.14,27.16
MUMBAI_BYCULLA,,16-09-2025 00:00,22.04,26.61,7.26,8.11,0.2,14.16
MUMBAI_BYCULLA,,17-09-2025 00:00,26.06,74.42,19.9,8.24,0.3,8.54
MUMBAI_BYCULLA,,18-09-2025 00:00,10.6,17.76,11.97,8.26,0.05,14.58
MUMBAI_BYCULLA,,19-09-2025 00:00,8.81,20.34,12.59,8.62,0.2,14.34
MUMBAI_BYCULLA,,20-09-2025 00:00,9.32,24.31,11.69,8.67,0.1,14.3
MUMBAI_BYCULLA,,21-09-2025 00:00,12.06,31.45,15.25,8.33,0.16,14.52
MUMBAI_BYCULLA,,22-09-2025 00:00,7.35,15.3,13.75,8.19,0.17,12.93
MUMBAI_BYCULLA,,23-09-2025 00:00,12.6,21.73,11.1,8.27,0.22,11.14
MUMBAI_BYCULLA,,24-09-2025 00:00,16.28,34.54,17.0,8.13,0.3,12.5
MUMBAI_BYCULLA,,25-09-2025 00:00,10.91,29.43,9.69,8.04,0.13,14.23
MUMBAI_BYCULLA,,26-09-2025 00:00,9.35,28.1,12.1,8.0,0.19,13.81
MUMBAI_BYCULLA,,27-09-2025 00:00,17.75,41.28,15.57,8.24,0.22,13.22
MUMBAI_BYCULLA,,28-09-2025 00:00,17.05,33.98,16.46,8.05,0.12,14.53
MUMBAI_BYCULLA,,29-09-2025 00:00,10.32,18.61,2.93,8.24,0.07,35.41
MUMBAI_BYCULLA,,30-09-2025 00:00,14.92,33.79,12.63,8.52,0.21,28.06
MUMBAI_BYCULLA,,01-10-2025 00:00,12.79,26.41,16.13,8.16,0.23,13.91
MUMBAI_BYCULLA,,14-10-2025 00:00,63.01,139.99,43.69,2.89,0.32,43.93
MUMBAI_BYCULLA,,15-10-2025 00:00,62.3,134.75,44.81,2.81,0.32,45.63
MUMBAI_BYCULLA,,16-10-2025 00:00,61.86,128.03,52.88,2.84,0.38,38.14
MUMBAI_BYCULLA,,17-10-2025 00:00,46.87,88.71,44.68,3.03,0.2,36.09
MUMBAI_BYCULLA,,18-10-2025 00:00,40.46,80.29,38.41,3.54,0.2,42.44
MUMBAI_BYCULLA,,19-10-2025 00:00,60.77,102.14,41.24,4.08,0.21,45.88
MUMBAI_BYCULLA,,20-10-2025 00:00,83.36,119.95,37.98,5.04,0.21,49.16
MUMBAI_BYCULLA,,21-10-2025 00:00,104.23,142.5,37.46,6.05,0.33,43.91
MUMBAI_BYCULLA,,22-10-2025 00:00,119.07,147.73,31.2,7.31,0.13,40.32
MUMBAI_BYCULLA,,23-10-2025 00:00,48.31,67.76,28.46,7.34,0.22,32.88
MUMBAI_BYCULLA,,24-10-2025 00:00,53.98,84.3,35.6,7.53,0.1,26.5
MUMBAI_BYCULLA,,25-10-2025 00:00,20.46,41.93,27.64,6.76,0.11,23.04
MUMBAI_BYCULLA,,26-10-2025 00:00,12.13,30.7,28.71,6.46,0.24,12.94
MUMBAI_BYCULLA,,27-10-2025 00:00,9.75,28.92,26.15,6.6,0.15,12.38
MUMBAI_BYCULLA,,28-10-2025 00:00,11.13,21.27,25.68,6.73,0.21,14.72
MUMBAI_BYCULLA,,29-10-2025 00:00,24.48,34.41,30.12,6.28,0.29,17.54
MUMBAI_BYCULLA,,30-10-2025 00:00,28.99,44.04,30.93,6.41,0.22,21.46
MUMBAI_BYCULLA,,31-10-2025 00:00,15.95,42.26,27.04,6.64,0.21,21.25
MUMBAI_BYCULLA,,01-11-2025 00:00,18.11,43.96,33.0,6.48,0.31,12.89
MUMBAI_BYCULLA,,14-11-2025 00:00,34.01,66.53,73.53,12.11,1.01,22.86
MUMBAI_BYCULLA,,15-11-2025 00:00,37.56,72.32,78.73,11.7,1.07,23.4
MUMBAI_BYCULLA,,16-11-2025 00:00,37.6,67.7,104.16,12.09,1.34,8.72
MUMBAI_BYCULLA,,17-11-2025 00:00,26.49,63.24,72.82,14.02,1.06,20.27
MUMBAI_BYCULLA,,18-11-2025 00:00,37.05,64.96,63.06,14.32,0.89,23.82
MUMBAI_BYCULLA,,19-11-2025 00:00,42.32,66.15,70.29,16.99,1.3,24.81
MUMBAI_BYCULLA,,20-11-2025 00:00,40.26,69.48,80.9,16.39,1.11,19.14
MUMBAI_BYCULLA,,21-11-2025 00:00,43.63,64.55,99.82,14.51,1.58,20.66
MUMBAI_BYCULLA,,22-11-2025 00:00,56.5,64.74,112.16,13.27,1.49,1.43
MUMBAI_BYCULLA,,23-11-2025 00:00,49.24,67.82,91.66,15.38,1.4,33.01
MUMBAI_BYCULLA,,24-11-2025 00:00,78.71,92.29,89.64,14.78,1.31,22.33
MUMBAI_BYCULLA,,25-11-2025 00:00,59.83,96.96,78.18,14.69,1.18,14.7
MUMBAI_BYCULLA,,26-11-2025 00:00,82.1,180.6,77.0,14.79,1.67,21.68
MUMBAI_BYCULLA,,27-11-2025 00:00,84.62,176.49,69.1,15.39,1.27,26.05
MUMBAI_BYCULLA,,28-11-2025 00:00,78.23,175.12,64.29,16.22,1.39,26.07
MUMBAI_BYCULLA,,29-11-2025 00:00,76.1,180.15,83.61,16.52,1.5,22.16
MUMBAI_BYCULLA,,30-11-2025 00:00,66.46,152.24,65.59,15.11,1.18,16.73
MUMBAI_BYCULLA,,01-12-2025 00:00,51.51,131.66,82.05000000000001,15.43,1.09,21.56
MUMBAI_BYCULLA,,14-12-2025 00:00,62.66,174.0,98.51,16.56,0.82,33.31
MUMBAI_BYCULLA,,15-12-2025 00:00,66.61,159.08,90.76,17.38,0.47,29.75
MUMBAI_BYCULLA,,16-12-2025 00:00,57.96,144.76,94.4,18.44,0.96,15.95
MUMBAI_BYCULLA,,17-12-2025 00:00,56.16,155.0,77.67,18.2,0.14,25.81
MUMBAI_BYCULLA,,18-12-2025 00:00,66.99,155.28,97.04,19.34,0.87,22.87
MUMBAI_BYCULLA,,19-12-2025 00:00,71.62,175.51,96.63,18.04,0.66,20.93
MUMBAI_BYCULLA,,20-12-2025 00:00,69.97,177.1,71.73,18.41,0.24,29.17
MUMBAI_BYCULLA,,21-12-2025 00:00,45.62,126.63,82.21,19.56,0.38,24.03
MUMBAI_BYCULLA,,22-12-2025 00:00,38.93,119.14,80.47,18.32,0.44,16.54
MUMBAI_BYCULLA,,23-12-2025 00:00,54.34,140.71,91.07,18.46,0.79,19.92
MUMBAI_BYCULLA,,24-12-2025 00:00,53.53,141.47,86.47,19.95,0.28,20.12
MUMBAI_BYCULLA,,25-12-2025 00:00,37.56,104.29,79.23,19.42,0.36,16.49
MUMBAI_BYCULLA,,26-12-2025 00:00,52.76,137.33,74.94,19.35,0.64,29.61
MUMBAI_BYCULLA,,27-12-2025 00:00,41.78,114.66,127.92,20.09,2.15,0.17
MUMBAI_BYCULLA,,28-12-2025 00:00,57.89,145.9,79.04,20.62,0.73,26.48
MUMBAI_BYCULLA,,29-12-2025 00:00,71.17,169.5,88.96,20.49,0.93,28.74
MUMBAI_BYCULLA,,30-12-2025 00:00,74.65,169.7,79.85,20.59,0.45,28.63
MUMBAI_BYCULLA,,31-12-2025 00:00,81.0,174.6,93.5,20.52,1.1,26.19
MUMBAI_BYCULLA,,01-01-2026 00:00,79.97,160.75,88.61,20.45,0.97,21.04
MUMBAI_BYCULLA,,14-01-2026 00:00,56.61,102.93,80.65,3.02,1.32,21.03
MUMBAI_BYCULLA,,15-01-2026 00:00,58.11,103.2,64.96,3.19,1.04,21.37
MUMBAI_BYCULLA,,16-01-2026 00:00,45.92,75.21,57.64,3.13,0.77,22.92
MUMBAI_BYCULLA,,17-01-2026 00:00,57.44,86.1,61.92,1.6,1.04,23.43
MUMBAI_BYCULLA,,18-01-2026 00:00,47.31,71.32,45.94,2.04,0.88,22.32
MUMBAI_BYCULLA,,19-01-2026 00:00,36.24,56.86,38.23,1.68,0.4,19.34
MUMBAI_BYCULLA,,20-01-2026 00:00,35.16,61.77,46.57,2.68,0.54,16.78
MUMBAI_BYCULLA,,21-01-2026 00:00,39.28,75.55,56.89,2.12,0.74,19.13
MUMBAI_BYCULLA,,22-01-2026 00:00,68.41,115.88,78.28,2.75,1.67,16.51
MUMBAI_BYCULLA,,23-01-2026 00:00,67.47,114.96,67.26,3.3,1.55,19.81
MUMBAI_BYCULLA,,24-01-2026 00:00,42.69,66.03,37.63,3.04,0.67,16.62
MUMBAI_BYCULLA,,25-01-2026 00:00,33.62,69.22,52.63,0.78,0.78,15.64
MUMBAI_BYCULLA,,26-01-2026 00:00,53.82,93.59,66.57,1.97,1.25,17.73
MUMBAI_BYCULLA,,27-01-2026 00:00,66.83,110.27,60.43,3.12,1.7,24.71
MUMBAI_BYCULLA,,28-01-2026 00:00,6.58,60.55,25.41,2.04,0.61,22.57
MUMBAI_BYCULLA,,29-01-2026 00:00,17.85,55.78,37.05,2.14,0.62,20.49
MUMBAI_BYCULLA,,30-01-2026 00:00,48.17,93.88,69.39,1.33,1.46,17.22
MUMBAI_BYCULLA,,31-01-2026 00:00,67.9,117.15,65.39,2.4,1.76,18.5
MUMBAI_BYCULLA,,01-02-2026 00:00,52.99,80.54,41.73,2.01,1.06,16.44
MUMBAI_BYCULLA,,14-02-2026 00:00,57.21,96.58,52.44,2.98,1.4,34.42
MUMBAI_BYCULLA,,15-02-2026 00:00,63.76,132.07,80.69,1.24,2.06,40.8
MUMBAI_BYCULLA,,16-02-2026 00:00,44.51,113.03,68.64,2.56,1.77,29.14
MUMBAI_BYCULLA,,17-02-2026 00:00,23.29,86.15,66.58,0.55,1.78,24.9
MUMBAI_BYCULLA,,17-02-2026 00:00,20.24,92.57,124.85,0.42,3.5,24.9
MUMBAI_CHAKALA_ANDHERI,2025-01-01,02-01-2025 00:00,48.97,166.91,29.96,10.74,0.82,52.33
MUMBAI_CHAKALA_ANDHERI,2025-01-02,02-02-2025 00:00,48.97,166.91,41.84,7.62,0.45,72.02
MUMBAI_CHAKALA_ANDHERI,2025-01-03,02-03-2025 00:00,48.97,166.91,109.83,15.48,0.51,75.85
MUMBAI_CHAKALA_ANDHERI,2025-01-04,02-04-2025 00:00,48.97,166.91,61.589999999999996,7.27,0.03,65.3
MUMBAI_CHAKALA_ANDHERI,2025-01-05,02-05-2025 00:00,21.0,79.34,13.35,49.84,0.4,35.69
MUMBAI_CHAKALA_ANDHERI,2025-01-06,02-06-2025 00:00,17.96,58.85,44.19,6.6,0.42,8.63
MUMBAI_CHAKALA_ANDHERI,2025-01-07,02-07-2025 00:00,13.98,63.14,14.09,10.97,0.16,22.57
MUMBAI_CHAKALA_ANDHERI,2025-01-08,02-08-2025 00:00,18.76,73.15,10.71,12.7,0.32,21.6
MUMBAI_CHAKALA_ANDHERI,2025-01-09,02-09-2025 00:00,15.69,50.86,3.54,7.81,0.36,17.88
MUMBAI_CHAKALA_ANDHERI,2025-01-10,02-10-2025 00:00,14.51,36.0,37.0,3.09,0.46,10.36
MUMBAI_CHAKALA_ANDHERI,2025-01-11,02-11-2025 00:00,18.98,53.02,34.88,7.02,0.43,9.41
MUMBAI_CHAKALA_ANDHERI,2025-01-12,02-12-2025 00:00,63.87,116.97,61.29,14.35,0.81,37.13
MUMBAI_CHAKALA_ANDHERI,2025-02-01,03-01-2025 00:00,64.24,132.175,34.78,10.01,0.81,46.43
MUMBAI_CHAKALA_ANDHERI,2025-02-02,03-02-2025 00:00,64.61,147.38,43.06,13.53,0.57,74.2
MUMBAI_CHAKALA_ANDHERI,2025-02-03,03-03-2025 00:00,64.97999999999999,162.58499999999998,104.01,4.89,0.47,59.4
MUMBAI_CHAKALA_ANDHERI,2025-02-04,03-04-2025 00:00,65.35,177.79,60.33,6.17,0.04,93.81
MUMBAI_CHAKALA_ANDHERI,2025-02-05,03-05-2025 00:00,22.47,95.06,16.65,14.7,0.4,31.88
MUMBAI_CHAKALA_ANDHERI,2025-02-06,03-06-2025 00:00,18.62,76.35,40.3,8.18,0.36,6.75
MUMBAI_CHAKALA_ANDHERI,2025-02-07,03-07-2025 00:00,15.67,54.6,16.25,3.24,0.2,17.49
MUMBAI_CHAKALA_ANDHERI,2025-02-08,03-08-2025 00:00,19.15,54.06,10.55,17.68,0.39,16.91
MUMBAI_CHAKALA_ANDHERI,2025-02-09,03-09-2025 00:00,13.77,62.57,3.77,4.22,0.36,15.52
MUMBAI_CHAKALA_ANDHERI,2025-02-10,03-10-2025 00:00,15.76,29.55,20.96,5.1,0.44,14.32
MUMBAI_CHAKALA_ANDHERI,2025-02-11,03-11-2025 00:00,19.33,55.33,34.02,4.73,0.44,6.69
MUMBAI_CHAKALA_ANDHERI,2025-02-12,03-12-2025 00:00,64.03,121.92,65.27,17.95,0.86,30.06
MUMBAI_CHAKALA_ANDHERI,2025-03-01,04-01-2025 00:00,61.3875,126.105,22.41,10.42,0.76,47.38
MUMBAI_CHAKALA_ANDHERI,2025-03-02,04-02-2025 00:00,58.745000000000005,130.29,49.6,12.0,0.79,53.59
MUMBAI_CHAKALA_ANDHERI,2025-03-03,04-03-2025 00:00,56.1025,134.475,114.58,7.42,0.53,62.47
MUMBAI_CHAKALA_ANDHERI,2025-03-04,04-04-2025 00:00,53.46,138.66,63.89,4.41,0.03,51.8
MUMBAI_CHAKALA_ANDHERI,2025-03-05,04-05-2025 00:00,19.03,106.78,13.2,19.11,0.26,33.65
MUMBAI_CHAKALA_ANDHERI,2025-03-06,04-06-2025 00:00,21.35,73.51,28.93,3.3,0.45,7.34
MUMBAI_CHAKALA_ANDHERI,2025-03-07,04-07-2025 00:00,14.9,55.59,13.56,8.16,0.19,21.02
MUMBAI_CHAKALA_ANDHERI,2025-03-08,04-08-2025 00:00,13.16,45.86,12.45,6.19,0.31,12.45
MUMBAI_CHAKALA_ANDHERI,2025-03-09,04-09-2025 00:00,15.81,68.12,4.17,8.54,0.4,17.35
MUMBAI_CHAKALA_ANDHERI,2025-03-10,04-10-2025 00:00,19.19,36.87,18.0,6.57,0.51,10.27
MUMBAI_CHAKALA_ANDHERI,2025-03-11,04-11-2025 00:00,22.62,54.68,34.35,7.3,0.64,9.83
MUMBAI_CHAKALA_ANDHERI,2025-03-12,04-12-2025 00:00,69.36,125.68,60.93,11.81,0.81,35.51
MUMBAI_CHAKALA_ANDHERI,2025-04-01,05-01-2025 00:00,61.15,118.4,53.08,11.145,0.665,46.15
MUMBAI_CHAKALA_ANDHERI,2025-04-02,05-02-2025 00:00,52.94,111.12,45.23,10.48,0.52,56.79
MUMBAI_CHAKALA_ANDHERI,2025-04-03,05-03-2025 00:00,44.730000000000004,103.84,119.0,15.11,0.58,45.5
MUMBAI_CHAKALA_ANDHERI,2025-04-04,05-04-2025 00:00,36.52,96.56,65.39,1.65,0.03,41.33
MUMBAI_CHAKALA_ANDHERI,2025-04-05,05-05-2025 00:00,18.85,81.77,11.78,21.87,0.17,32.17
MUMBAI_CHAKALA_ANDHERI,2025-04-06,05-06-2025 00:00,18.78,47.68,35.15,2.77,0.58,20.6
MUMBAI_CHAKALA_ANDHERI,2025-04-07,05-07-2025 00:00,15.01,56.58,14.64,6.39,0.17,21.51
MUMBAI_CHAKALA_ANDHERI,2025-04-08,05-08-2025 00:00,15.05,54.68,12.18,8.41,0.3,21.1
MUMBAI_CHAKALA_ANDHERI,2025-04-09,05-09-2025 00:00,14.05,54.96,4.82,7.88,0.5,7.4
MUMBAI_CHAKALA_ANDHERI,2025-04-10,05-10-2025 00:00,11.47,38.8,31.86,2.53,0.49,11.71
MUMBAI_CHAKALA_ANDHERI,2025-04-11,05-11-2025 00:00,31.25,58.34,44.81,2.86,0.47,16.71
MUMBAI_CHAKALA_ANDHERI,2025-04-12,05-12-2025 00:00,71.93,126.4,51.32,14.99,0.64,41.43
MUMBAI_CHAKALA_ANDHERI,2025-05-01,06-01-2025 00:00,65.95750000000001,132.35500000000002,48.254999999999995,13.24,0.605,52.825
MUMBAI_CHAKALA_ANDHERI,2025-05-02,06-02-2025 00:00,59.985,138.31,45.19,11.49,0.57,64.22
MUMBAI_CHAKALA_ANDHERI,2025-05-03,06-03-2025 00:00,54.0125,144.265,112.95,9.89,0.5,49.61
MUMBAI_CHAKALA_ANDHERI,2025-05-04,06-04-2025 00:00,48.04,150.22,76.71,3.47,0.47,48.51
MUMBAI_CHAKALA_ANDHERI,2025-05-05,06-05-2025 00:00,25.37,99.63,11.81,3.43,0.16,27.89
MUMBAI_CHAKALA_ANDHERI,2025-05-06,06-06-2025 00:00,33.94,121.68,49.74,5.62,0.74,16.31
MUMBAI_CHAKALA_ANDHERI,2025-05-07,06-07-2025 00:00,25.265,87.91,15.2,2.57,0.17,22.89
MUMBAI_CHAKALA_ANDHERI,2025-05-08,06-08-2025 00:00,16.59,54.14,13.49,19.63,0.38,19.48
MUMBAI_CHAKALA_ANDHERI,2025-05-09,06-09-2025 00:00,14.45,55.67,4.51,8.01,0.5,12.16
MUMBAI_CHAKALA_ANDHERI,2025-05-10,06-10-2025 00:00,22.37,67.44,26.75,5.27,0.53,11.63
MUMBAI_CHAKALA_ANDHERI,2025-05-11,06-11-2025 00:00,27.48,68.96,36.37,1.98,0.25,19.41
MUMBAI_CHAKALA_ANDHERI,2025-05-12,06-12-2025 00:00,65.99,122.94,51.79,16.38,0.7,39.09
MUMBAI_CHAKALA_ANDHERI,2025-06-01,07-01-2025 00:00,59.97749999999999,123.4375,35.26,4.26,0.58,58.75
MUMBAI_CHAKALA_ANDHERI,2025-06-02,07-02-2025 00:00,53.964999999999996,123.935,53.13,11.41,1.04,60.68
MUMBAI_CHAKALA_ANDHERI,2025-06-03,07-03-2025 00:00,47.9525,124.4325,125.25,8.39,0.98,67.19
MUMBAI_CHAKALA_ANDHERI,2025-06-04,07-04-2025 00:00,41.94,124.93,53.47,2.61,1.08,60.52
MUMBAI_CHAKALA_ANDHERI,2025-06-05,07-05-2025 00:00,22.87,90.71,16.13,10.13,0.3,33.15
MUMBAI_CHAKALA_ANDHERI,2025-06-06,07-06-2025 00:00,39.75,117.86,41.86,7.73,0.64,13.93
MUMBAI_CHAKALA_ANDHERI,2025-06-07,07-07-2025 00:00,11.1,12.86,12.07,5.08,0.14,26.44
MUMBAI_CHAKALA_ANDHERI,2025-06-08,07-08-2025 00:00,14.31,63.78,14.66,8.14,0.44,15.41
MUMBAI_CHAKALA_ANDHERI,2025-06-09,07-09-2025 00:00,14.21,44.16,3.83,7.48,0.45,13.51
MUMBAI_CHAKALA_ANDHERI,2025-06-10,07-10-2025 00:00,19.34,55.61,37.21,4.88,0.51,5.88
MUMBAI_CHAKALA_ANDHERI,2025-06-11,07-11-2025 00:00,43.42,115.54,43.78,3.73,0.26,36.35
MUMBAI_CHAKALA_ANDHERI,2025-06-12,07-12-2025 00:00,58.15,112.04,48.22,14.61,0.64,45.71
MUMBAI_CHAKALA_ANDHERI,2025-07-01,08-01-2025 00:00,55.18,117.8075,57.65,6.74,0.72,45.01
MUMBAI_CHAKALA_ANDHERI,2025-07-02,08-02-2025 00:00,52.21,123.57500000000002,51.1,13.96,1.06,92.5
MUMBAI_CHAKALA_ANDHERI,2025-07-03,08-03-2025 00:00,49.24,129.3425,157.6,12.01,1.13,78.33
MUMBAI_CHAKALA_ANDHERI,2025-07-04,08-04-2025 00:00,46.27,135.11,58.42,9.06,1.08,75.83
MUMBAI_CHAKALA_ANDHERI,2025-07-05,08-05-2025 00:00,21.61,73.62,45.63,10.11,1.43,25.47
MUMBAI_CHAKALA_ANDHERI,2025-07-06,08-06-2025 00:00,22.19,62.3,37.31,2.75,0.53,23.57
MUMBAI_CHAKALA_ANDHERI,2025-07-07,08-07-2025 00:00,17.89,23.92,15.34,6.92,0.28,21.18
MUMBAI_CHAKALA_ANDHERI,2025-07-08,08-08-2025 00:00,17.51,44.4,15.33,11.17,0.58,9.4
MUMBAI_CHAKALA_ANDHERI,2025-07-09,08-09-2025 00:00,16.75,59.59,4.11,8.21,0.43,12.54
MUMBAI_CHAKALA_ANDHERI,2025-07-10,08-10-2025 00:00,16.87,52.06,32.26,2.93,0.55,4.52
MUMBAI_CHAKALA_ANDHERI,2025-07-11,08-11-2025 00:00,71.59,152.31,59.95,5.22,0.42,34.77
MUMBAI_CHAKALA_ANDHERI,2025-07-12,08-12-2025 00:00,62.17,112.28,49.95,11.62,0.68,41.84
MUMBAI_CHAKALA_ANDHERI,2025-08-01,09-01-2025 00:00,57.947500000000005,115.61,49.97,13.94,0.67,58.65
MUMBAI_CHAKALA_ANDHERI,2025-08-02,09-02-2025 00:00,53.725,118.94,53.14,11.86,1.09,80.7
MUMBAI_CHAKALA_ANDHERI,2025-08-03,09-03-2025 00:00,49.5025,122.27,139.58,26.09,1.03,78.83
MUMBAI_CHAKALA_ANDHERI,2025-08-04,09-04-2025 00:00,45.28,125.6,64.23,9.03,0.63,87.42
MUMBAI_CHAKALA_ANDHERI,2025-08-05,09-05-2025 00:00,17.01,54.51,39.21,4.59,1.42,34.13
MUMBAI_CHAKALA_ANDHERI,2025-08-06,09-06-2025 00:00,33.08,91.17,37.26,7.26,0.54,17.14
MUMBAI_CHAKALA_ANDHERI,2025-08-07,09-07-2025 00:00,18.26,25.04,14.3,1.98,0.24,22.45
MUMBAI_CHAKALA_ANDHERI,2025-08-08,09-08-2025 00:00,19.72,61.54,15.55,15.75,0.59,10.22
MUMBAI_CHAKALA_ANDHERI,2025-08-09,09-09-2025 00:00,14.64,60.4,4.12,2.08,0.52,10.45
MUMBAI_CHAKALA_ANDHERI,2025-08-10,09-10-2025 00:00,17.29,71.13,33.14,6.68,0.42,9.99
MUMBAI_CHAKALA_ANDHERI,2025-08-11,09-11-2025 00:00,44.18,119.66,59.66,10.85,0.4,31.98
MUMBAI_CHAKALA_ANDHERI,2025-08-12,09-12-2025 00:00,62.89,126.01,65.1,9.09,0.93,27.07
MUMBAI_CHAKALA_ANDHERI,2025-09-01,10-01-2025 00:00,56.7025,123.9625,46.33,8.22,0.7,59.38
MUMBAI_CHAKALA_ANDHERI,2025-09-02,10-02-2025 00:00,50.515,121.91499999999999,50.13,6.16,1.34,64.53
MUMBAI_CHAKALA_ANDHERI,2025-09-03,10-03-2025 00:00,44.3275,119.86749999999999,114.36,7.77,0.79,50.3
MUMBAI_CHAKALA_ANDHERI,2025-09-04,10-04-2025 00:00,38.14,117.82,46.56,1.66,0.18,80.68
MUMBAI_CHAKALA_ANDHERI,2025-09-05,10-05-2025 00:00,13.29,59.46,42.11,6.39,1.26,36.95
MUMBAI_CHAKALA_ANDHERI,2025-09-06,10-06-2025 00:00,25.7,95.3,24.77,7.95,0.29,13.11
MUMBAI_CHAKALA_ANDHERI,2025-09-07,10-07-2025 00:00,13.86,35.6,15.1,2.17,0.22,20.58
MUMBAI_CHAKALA_ANDHERI,2025-09-08,10-08-2025 00:00,23.57,81.56,14.81,15.65,0.55,10.72
MUMBAI_CHAKALA_ANDHERI,2025-09-09,10-09-2025 00:00,21.48,78.87,3.85,4.07,0.45,12.73
MUMBAI_CHAKALA_ANDHERI,2025-09-10,10-10-2025 00:00,43.62,141.25,51.67,5.96,0.69,24.75
MUMBAI_CHAKALA_ANDHERI,2025-09-11,10-11-2025 00:00,44.79,113.09,56.37,10.02,0.43,28.11
MUMBAI_CHAKALA_ANDHERI,2025-09-12,10-12-2025 00:00,39.88,94.87,55.78,14.2,0.76,30.11
MUMBAI_CHAKALA_ANDHERI,2025-10-01,11-01-2025 00:00,36.487500000000004,91.58250000000001,49.62,7.96,0.73,58.07
MUMBAI_CHAKALA_ANDHERI,2025-10-02,11-02-2025 00:00,33.095,88.295,52.69,7.22,0.93,47.69
MUMBAI_CHAKALA_ANDHERI,2025-10-03,11-03-2025 00:00,29.7025,85.0075,142.8,21.98,1.68,73.7
MUMBAI_CHAKALA_ANDHERI,2025-10-04,11-04-2025 00:00,26.31,81.72,35.01,8.54,0.05,57.98
MUMBAI_CHAKALA_ANDHERI,2025-10-05,11-05-2025 00:00,12.74,57.63,50.32,7.8,1.12,37.3
MUMBAI_CHAKALA_ANDHERI,2025-10-06,11-06-2025 00:00,19.07,66.69,25.55,4.71,0.26,14.7
MUMBAI_CHAKALA_ANDHERI,2025-10-07,11-07-2025 00:00,15.0,32.59,14.02,2.42,0.21,18.43
MUMBAI_CHAKALA_ANDHERI,2025-10-08,11-08-2025 00:00,16.64,46.17,14.05,11.2,0.66,6.96
MUMBAI_CHAKALA_ANDHERI,2025-10-09,11-09-2025 00:00,23.66,95.46,4.73,7.44,0.57,17.9
MUMBAI_CHAKALA_ANDHERI,2025-10-10,11-10-2025 00:00,51.73,180.8,56.43,1.99,0.6,23.17
MUMBAI_CHAKALA_ANDHERI,2025-10-11,11-11-2025 00:00,54.56,127.46,66.23,9.28,0.87,27.16
MUMBAI_CHAKALA_ANDHERI,2025-10-12,11-12-2025 00:00,30.8,77.76,54.95,17.08,0.63,28.21
MUMBAI_CHAKALA_ANDHERI,2025-11-01,12-01-2025 00:00,32.1075,89.715,51.515,12.004999999999999,0.63,50.61
MUMBAI_CHAKALA_ANDHERI,2025-11-02,12-02-2025 00:00,33.415,101.67,48.08,6.93,0.63,73.01
MUMBAI_CHAKALA_ANDHERI,2025-11-03,12-03-2025 00:00,34.722500000000004,113.625,135.1,19.34,1.21,80.71
MUMBAI_CHAKALA_ANDHERI,2025-11-04,12-04-2025 00:00,36.03,125.58,31.21,17.54,0.28,41.49
MUMBAI_CHAKALA_ANDHERI,2025-11-05,12-05-2025 00:00,15.77,69.46,54.69,3.98,0.99,49.81
MUMBAI_CHAKALA_ANDHERI,2025-11-06,12-06-2025 00:00,12.24,51.82,25.47,3.99,0.29,16.31
MUMBAI_CHAKALA_ANDHERI,2025-11-07,12-07-2025 00:00,18.86,30.02,14.17,7.77,0.19,23.23
MUMBAI_CHAKALA_ANDHERI,2025-11-08,12-08-2025 00:00,20.19,55.91,13.82,5.39,0.43,10.39
MUMBAI_CHAKALA_ANDHERI,2025-11-09,12-09-2025 00:00,13.0,74.99,5.41,8.57,0.47,8.0
MUMBAI_CHAKALA_ANDHERI,2025-11-10,12-10-2025 00:00,64.21,209.48,59.84,7.23,0.66,26.27
MUMBAI_CHAKALA_ANDHERI,2025-11-11,12-11-2025 00:00,62.75,145.08,73.03,9.65,0.82,36.3
MUMBAI_CHAKALA_ANDHERI,2025-11-12,12-12-2025 00:00,34.58,84.67,58.39,12.46,0.63,26.34
MUMBAI_CHAKALA_ANDHERI,2025-12-01,13-01-2025 00:00,51.133333333333326,114.04,51.6,12.14,0.605,46.28
MUMBAI_CHAKALA_ANDHERI,2025-12-02,13-02-2025 00:00,67.68666666666667,143.41,44.81,11.82,0.58,66.22
MUMBAI_CHAKALA_ANDHERI,2025-12-03,13-03-2025 00:00,84.24,172.78,65.75,16.53,0.55,114.61
MUMBAI_CHAKALA_ANDHERI,2025-12-04,13-04-2025 00:00,26.19,99.64,30.4,3.99,0.37,41.54
MUMBAI_CHAKALA_ANDHERI,2025-12-05,13-05-2025 00:00,14.45,47.39,54.46,5.99,0.55,27.1
MUMBAI_CHAKALA_ANDHERI,2025-12-06,13-06-2025 00:00,14.19,58.14,27.34,2.6,0.36,13.95
MUMBAI_CHAKALA_ANDHERI,2025-12-07,13-07-2025 00:00,19.4,30.36,14.73,3.93,0.2,21.99
MUMBAI_CHAKALA_ANDHERI,2025-12-08,13-08-2025 00:00,13.16,36.14,12.98,5.63,0.4,11.9
MUMBAI_CHAKALA_ANDHERI,2025-12-09,13-09-2025 00:00,16.11,65.25,22.98,15.56,0.48,5.78
MUMBAI_CHAKALA_ANDHERI,2025-12-10,13-10-2025 00:00,65.63,196.17,55.71,5.84,0.68,28.36
MUMBAI_CHAKALA_ANDHERI,2025-12-11,13-11-2025 00:00,63.22,138.35,57.56,11.22,0.62,49.58
MUMBAI_CHAKALA_ANDHERI,2025-12-12,13-12-2025 00:00,46.88,109.53,58.51,10.12,0.86,23.43
MUMBAI_CHAKALA_ANDHERI,2026-01-01,02-01-2026 00:00,42.86,74.7,55.93,3.21,0.81,23.3
MUMBAI_CHAKALA_ANDHERI,2026-01-02,02-02-2026 00:00,73.88,145.03,57.01,2.0,0.59,39.67
MUMBAI_CHAKALA_ANDHERI,2026-02-01,03-01-2026 00:00,59.23,112.34,58.31,6.37,1.17,27.84
MUMBAI_CHAKALA_ANDHERI,2026-02-02,03-02-2026 00:00,87.24,168.71,64.76,8.0,0.66,37.67
MUMBAI_CHAKALA_ANDHERI,2026-03-01,04-01-2026 00:00,66.67,138.1,70.08,5.07,1.25,18.46
MUMBAI_CHAKALA_ANDHERI,2026-03-02,04-02-2026 00:00,82.14,148.88,69.57,5.64,0.59,24.65
MUMBAI_CHAKALA_ANDHERI,2026-04-01,05-01-2026 00:00,83.96,173.83,67.24,9.7,1.47,18.48
MUMBAI_CHAKALA_ANDHERI,2026-04-02,05-02-2026 00:00,66.48,146.84,59.51,7.66,0.41,41.42
MUMBAI_CHAKALA_ANDHERI,2026-05-01,06-01-2026 00:00,79.4,142.8,67.37,2.68,1.05,27.48
MUMBAI_CHAKALA_ANDHERI,2026-05-02,06-02-2026 00:00,75.12,146.28,65.62,8.79,0.45,33.1
MUMBAI_CHAKALA_ANDHERI,2026-06-01,07-01-2026 00:00,67.72,151.88,56.07,7.22,1.09,22.23
MUMBAI_CHAKALA_ANDHERI,2026-06-02,07-02-2026 00:00,73.82,151.46,63.67,10.15,0.35,30.57
MUMBAI_CHAKALA_ANDHERI,2026-07-01,08-01-2026 00:00,79.61,148.88,64.57,9.59,0.94,26.79
MUMBAI_CHAKALA_ANDHERI,2026-07-02,08-02-2026 00:00,63.89,144.55,58.62,11.45,0.39,30.34
MUMBAI_CHAKALA_ANDHERI,2026-08-01,09-01-2026 00:00,68.25,131.07,62.42,12.32,0.74,12.35
MUMBAI_CHAKALA_ANDHERI,2026-08-02,09-02-2026 00:00,72.53,140.37,58.9,13.04,0.42,41.96
MUMBAI_CHAKALA_ANDHERI,2026-09-01,10-01-2026 00:00,63.77,128.46,75.28,3.52,0.82,15.47
MUMBAI_CHAKALA_ANDHERI,2026-09-02,10-02-2026 00:00,59.9,133.32,46.77,13.32,0.31,39.26
MUMBAI_CHAKALA_ANDHERI,2026-10-01,11-01-2026 00:00,64.27,128.38,65.02,12.43,0.92,21.84
MUMBAI_CHAKALA_ANDHERI,2026-10-02,11-02-2026 00:00,66.36,118.47,36.21,11.26,0.33,51.16
MUMBAI_CHAKALA_ANDHERI,2026-11-01,12-01-2026 00:00,74.06,136.57,56.48,8.52,0.91,14.16
MUMBAI_CHAKALA_ANDHERI,2026-11-02,12-02-2026 00:00,74.24,156.54,61.25,9.07,1.19,34.72
MUMBAI_CHAKALA_ANDHERI,2026-12-01,13-01-2026 00:00,54.62,115.5,49.32,13.04,0.97,21.54
MUMBAI_CHAKALA_ANDHERI,2026-12-02,13-02-2026 00:00,71.1,147.0,58.34,12.83,0.86,47.7
MUMBAI_CHAKALA_ANDHERI,,14-01-2025 00:00,71.37527777777777,147.6875,51.34,13.9,1.01,41.61
MUMBAI_CHAKALA_ANDHERI,,15-01-2025 00:00,71.65055555555556,148.375,41.98,17.98,0.62,40.99
MUMBAI_CHAKALA_ANDHERI,,16-01-2025 00:00,71.92583333333333,149.0625,64.63,11.33,0.9,27.9
MUMBAI_CHAKALA_ANDHERI,,17-01-2025 00:00,72.2011111111111,149.75,89.93,5.31,0.91,31.74
MUMBAI_CHAKALA_ANDHERI,,18-01-2025 00:00,72.47638888888889,150.4375,54.49,8.24,1.01,27.19
MUMBAI_CHAKALA_ANDHERI,,19-01-2025 00:00,72.75166666666667,151.125,45.29,8.68,0.79,37.97
MUMBAI_CHAKALA_ANDHERI,,20-01-2025 00:00,73.02694444444444,151.8125,46.8,14.8,0.89,45.91
MUMBAI_CHAKALA_ANDHERI,,21-01-2025 00:00,73.30222222222221,152.5,55.32,11.93,1.18,40.18
MUMBAI_CHAKALA_ANDHERI,,22-01-2025 00:00,73.5775,153.1875,56.7,5.43,1.16,41.72
MUMBAI_CHAKALA_ANDHERI,,23-01-2025 00:00,73.85277777777777,153.875,62.83,4.43,1.34,31.27
MUMBAI_CHAKALA_ANDHERI,,24-01-2025 00:00,74.12805555555555,154.5625,54.76,8.62,0.85,47.8
MUMBAI_CHAKALA_ANDHERI,,25-01-2025 00:00,74.40333333333334,155.25,57.63,11.18,1.23,60.15
MUMBAI_CHAKALA_ANDHERI,,26-01-2025 00:00,74.67861111111111,155.9375,55.08,6.27,1.28,90.55
MUMBAI_CHAKALA_ANDHERI,,27-01-2025 00:00,74.95388888888888,156.625,52.55,3.71,1.43,86.05
MUMBAI_CHAKALA_ANDHERI,,28-01-2025 00:00,75.22916666666667,157.3125,53.14,15.06,1.05,70.47
MUMBAI_CHAKALA_ANDHERI,,29-01-2025 00:00,75.50444444444445,158.0,52.47,11.64,1.08,71.89
MUMBAI_CHAKALA_ANDHERI,,30-01-2025 00:00,75.77972222222222,158.6875,51.05,15.96,0.82,52.99
MUMBAI_CHAKALA_ANDHERI,,31-01-2025 00:00,76.055,159.375,56.31,7.84,0.95,69.12
MUMBAI_CHAKALA_ANDHERI,,01-02-2025 00:00,76.33027777777778,160.0625,40.31,8.05,0.5,41.68
MUMBAI_CHAKALA_ANDHERI,,14-02-2025 00:00,76.60555555555555,160.75,94.27,9.85,0.91,51.26
MUMBAI_CHAKALA_ANDHERI,,15-02-2025 00:00,76.88083333333333,161.4375,146.82,8.65,1.06,54.98
MUMBAI_CHAKALA_ANDHERI,,16-02-2025 00:00,77.15611111111112,162.125,151.67,12.82,1.27,54.76
MUMBAI_CHAKALA_ANDHERI,,17-02-2025 00:00,77.43138888888889,162.8125,121.55,7.52,0.88,56.66
MUMBAI_CHAKALA_ANDHERI,,18-02-2025 00:00,77.70666666666666,163.5,121.42,11.76,0.56,59.19
MUMBAI_CHAKALA_ANDHERI,,19-02-2025 00:00,77.98194444444445,164.1875,133.6,23.33,0.8,55.69
MUMBAI_CHAKALA_ANDHERI,,20-02-2025 00:00,78.25722222222223,164.875,141.31,4.91,0.95,50.73
MUMBAI_CHAKALA_ANDHERI,,21-02-2025 00:00,78.5325,165.5625,124.2,27.61,0.55,80.77
MUMBAI_CHAKALA_ANDHERI,,22-02-2025 00:00,78.80777777777777,166.25,129.88,13.82,0.66,47.12
MUMBAI_CHAKALA_ANDHERI,,23-02-2025 00:00,79.08305555555556,166.9375,118.77,9.14,0.75,73.1
MUMBAI_CHAKALA_ANDHERI,,24-02-2025 00:00,79.35833333333333,167.625,116.54499999999999,13.69,0.8,62.08
MUMBAI_CHAKALA_ANDHERI,,25-02-2025 00:00,79.63361111111112,168.3125,114.32,7.73,0.61,55.97
MUMBAI_CHAKALA_ANDHERI,,26-02-2025 00:00,79.9088888888889,169.0,120.78,14.76,0.73,73.88
MUMBAI_CHAKALA_ANDHERI,,27-02-2025 00:00,80.18416666666667,169.6875,120.32,4.64,0.67,109.38
MUMBAI_CHAKALA_ANDHERI,,28-02-2025 00:00,80.45944444444444,170.375,129.51,12.22,0.87,88.13
MUMBAI_CHAKALA_ANDHERI,,01-03-2025 00:00,80.73472222222223,171.0625,148.73,9.3,0.95,58.23
MUMBAI_CHAKALA_ANDHERI,,14-03-2025 00:00,81.01,171.75,35.52,2.49,0.8,79.59
MUMBAI_CHAKALA_ANDHERI,,15-03-2025 00:00,83.58,155.73,7.92,2.28,0.54,64.96
MUMBAI_CHAKALA_ANDHERI,,16-03-2025 00:00,32.98,108.79,12.2,12.57,0.47,50.73
MUMBAI_CHAKALA_ANDHERI,,17-03-2025 00:00,39.12,152.41,14.86,5.17,0.33,67.29
MUMBAI_CHAKALA_ANDHERI,,18-03-2025 00:00,44.22,144.88,16.025,4.53,0.28,83.16
MUMBAI_CHAKALA_ANDHERI,,19-03-2025 00:00,34.02,124.46,17.189999999999998,10.85,0.24,65.13
MUMBAI_CHAKALA_ANDHERI,,20-03-2025 00:00,37.3,117.55,18.355,9.5,0.26,74.64
MUMBAI_CHAKALA_ANDHERI,,21-03-2025 00:00,42.17,132.48,19.52,10.71,0.35,80.75
MUMBAI_CHAKALA_ANDHERI,,22-03-2025 00:00,36.39,126.48,20.685,3.11,0.13,39.12
MUMBAI_CHAKALA_ANDHERI,,23-03-2025 00:00,26.1,100.65,21.85,4.38,0.13,45.45
MUMBAI_CHAKALA_ANDHERI,,24-03-2025 00:00,42.67,138.04,23.015,2.96,0.2,79.44
MUMBAI_CHAKALA_ANDHERI,,25-03-2025 00:00,47.85,139.83,24.18,2.23,0.25,72.95
MUMBAI_CHAKALA_ANDHERI,,26-03-2025 00:00,57.65,153.61,25.345,5.17,0.41,54.2
MUMBAI_CHAKALA_ANDHERI,,27-03-2025 00:00,30.54,85.31,26.509999999999998,8.21,0.23,44.35
MUMBAI_CHAKALA_ANDHERI,,28-03-2025 00:00,18.91,82.26,27.675,3.65,0.25,33.12
MUMBAI_CHAKALA_ANDHERI,,29-03-2025 00:00,34.1,126.71,28.84,14.42,0.13,54.68
MUMBAI_CHAKALA_ANDHERI,,30-03-2025 00:00,59.81,200.55,30.005,7.36,0.22,99.46
MUMBAI_CHAKALA_ANDHERI,,31-03-2025 00:00,57.72,194.09,31.17,9.14,0.12,93.57
MUMBAI_CHAKALA_ANDHERI,,01-04-2025 00:00,46.41,142.07,32.335,9.34,0.08,86.87
MUMBAI_CHAKALA_ANDHERI,,14-04-2025 00:00,27.02,107.36,33.5,7.39,0.36,39.62
MUMBAI_CHAKALA_ANDHERI,,15-04-2025 00:00,34.34,135.78,44.37,8.22,0.45,46.69
MUMBAI_CHAKALA_ANDHERI,,16-04-2025 00:00,33.89,121.33,43.91,13.23,0.42,38.94
MUMBAI_CHAKALA_ANDHERI,,17-04-2025 00:00,26.32,114.73,33.08,15.04,0.22,39.73
MUMBAI_CHAKALA_ANDHERI,,18-04-2025 00:00,22.47,66.02,30.61,16.82,0.15,41.97
MUMBAI_CHAKALA_ANDHERI,,19-04-2025 00:00,18.7,72.35,30.82,18.2,0.12,46.93
MUMBAI_CHAKALA_ANDHERI,,20-04-2025 00:00,19.24,59.42,31.68,23.89,0.05,51.2
MUMBAI_CHAKALA_ANDHERI,,21-04-2025 00:00,20.038181818181815,61.370909090909095,30.922727272727272,22.31818181818182,0.08272727272727273,49.193636363636365
MUMBAI_CHAKALA_ANDHERI,,22-04-2025 00:00,20.836363636363636,63.32181818181818,30.165454545454544,20.746363636363636,0.11545454545454545,47.18727272727273
MUMBAI_CHAKALA_ANDHERI,,23-04-2025 00:00,21.634545454545453,65.27272727272727,29.408181818181816,19.174545454545456,0.1481818181818182,45.18090909090909
MUMBAI_CHAKALA_ANDHERI,,24-04-2025 00:00,22.43272727272727,67.22363636363636,28.650909090909092,17.60272727272727,0.1809090909090909,43.17454545454545
MUMBAI_CHAKALA_ANDHERI,,25-04-2025 00:00,23.23090909090909,69.17454545454545,27.893636363636364,16.03090909090909,0.21363636363636362,41.16818181818182
MUMBAI_CHAKALA_ANDHERI,,26-04-2025 00:00,24.029090909090908,71.12545454545455,27.136363636363637,14.45909090909091,0.24636363636363634,39.161818181818184
MUMBAI_CHAKALA_ANDHERI,,27-04-2025 00:00,24.827272727272728,73.07636363636364,26.37909090909091,12.887272727272729,0.27909090909090906,37.155454545454546
MUMBAI_CHAKALA_ANDHERI,,28-04-2025 00:00,25.625454545454545,75.02727272727273,25.621818181818185,11.315454545454546,0.31181818181818177,35.14909090909091
MUMBAI_CHAKALA_ANDHERI,,29-04-2025 00:00,26.423636363636362,76.97818181818181,24.864545454545457,9.743636363636364,0.3445454545454545,33.14272727272727
MUMBAI_CHAKALA_ANDHERI,,30-04-2025 00:00,27.221818181818183,78.9290909090909,24.10727272727273,8.171818181818182,0.3772727272727272,31.136363636363633
MUMBAI_CHAKALA_ANDHERI,,01-05-2025 00:00,28.02,80.88,23.35,6.6,0.41,29.13
MUMBAI_CHAKALA_ANDHERI,,14-05-2025 00:00,19.38,75.36,56.57,5.45,0.4,25.28
MUMBAI_CHAKALA_ANDHERI,,15-05-2025 00:00,39.94,127.51,70.93,11.86,0.71,34.18
MUMBAI_CHAKALA_ANDHERI,,16-05-2025 00:00,34.28,106.6,68.11,6.29,0.57,35.67
MUMBAI_CHAKALA_ANDHERI,,17-05-2025 00:00,18.82,80.02,34.62,5.66,0.32,28.32
MUMBAI_CHAKALA_ANDHERI,,18-05-2025 00:00,18.85,75.02,39.69,3.51,0.39,22.29
MUMBAI_CHAKALA_ANDHERI,,19-05-2025 00:00,15.51,71.12,36.04,3.56,0.29,27.57
MUMBAI_CHAKALA_ANDHERI,,20-05-2025 00:00,16.17,70.84,37.47,1.86,0.4,25.84
MUMBAI_CHAKALA_ANDHERI,,21-05-2025 00:00,17.2,54.45,75.33,8.65,0.72,28.53
MUMBAI_CHAKALA_ANDHERI,,22-05-2025 00:00,21.23,59.36,76.26,6.1,0.75,34.75
MUMBAI_CHAKALA_ANDHERI,,23-05-2025 00:00,17.88,48.95,69.13,4.92,0.75,15.14
MUMBAI_CHAKALA_ANDHERI,,24-05-2025 00:00,36.26,98.61,92.58,7.86,1.04,13.14
MUMBAI_CHAKALA_ANDHERI,,25-05-2025 00:00,40.43,111.68,91.46,4.98,1.05,11.51
MUMBAI_CHAKALA_ANDHERI,,26-05-2025 00:00,26.6,66.38,70.7,4.64,0.85,8.936666666666667
MUMBAI_CHAKALA_ANDHERI,,27-05-2025 00:00,17.72,48.37,45.29,3.7,0.81,6.363333333333333
MUMBAI_CHAKALA_ANDHERI,,28-05-2025 00:00,19.73,43.18,70.49,5.23,0.66,3.79
MUMBAI_CHAKALA_ANDHERI,,29-05-2025 00:00,26.0,65.18,96.33,3.09,0.88,3.73
MUMBAI_CHAKALA_ANDHERI,,30-05-2025 00:00,28.31,94.1,60.07,8.62,0.69,3.67
MUMBAI_CHAKALA_ANDHERI,,31-05-2025 00:00,21.24,95.72,31.47,10.23,0.33,4.8
MUMBAI_CHAKALA_ANDHERI,,01-06-2025 00:00,19.65,84.02,34.67,4.15,0.37,8.87
MUMBAI_CHAKALA_ANDHERI,,14-06-2025 00:00,21.29,62.5,34.41,6.41,0.45,27.28
MUMBAI_CHAKALA_ANDHERI,,15-06-2025 00:00,19.26,74.09,30.21,0.68,0.41,10.47
MUMBAI_CHAKALA_ANDHERI,,16-06-2025 00:00,20.54,35.33,40.15,1.75,0.63,11.68
MUMBAI_CHAKALA_ANDHERI,,17-06-2025 00:00,9.66,22.54,27.27,4.07,0.35,36.12
MUMBAI_CHAKALA_ANDHERI,,18-06-2025 00:00,21.37,81.38,18.33,3.03,0.2,24.0
MUMBAI_CHAKALA_ANDHERI,,19-06-2025 00:00,10.77,33.6,23.02,1.98,0.34,35.14
MUMBAI_CHAKALA_ANDHERI,,20-06-2025 00:00,14.79,51.12,17.56,10.3,0.29,20.62
MUMBAI_CHAKALA_ANDHERI,,21-06-2025 00:00,14.37,57.86,14.74,10.2,0.23,18.37
MUMBAI_CHAKALA_ANDHERI,,22-06-2025 00:00,12.91,62.98,14.16,1.99,0.1,22.32
MUMBAI_CHAKALA_ANDHERI,,23-06-2025 00:00,13.94,60.34,14.54,4.14,0.1,22.56
MUMBAI_CHAKALA_ANDHERI,,24-06-2025 00:00,16.48,63.77,14.83,1.33,0.14,22.49
MUMBAI_CHAKALA_ANDHERI,,25-06-2025 00:00,17.38,65.4,18.18,2.08,0.2,20.73
MUMBAI_CHAKALA_ANDHERI,,26-06-2025 00:00,21.66,69.42,13.91,4.05,0.21,19.91
MUMBAI_CHAKALA_ANDHERI,,27-06-2025 00:00,21.21,67.76,21.67,2.24,0.21,19.85
MUMBAI_CHAKALA_ANDHERI,,28-06-2025 00:00,20.08,69.97,15.67,1.74,0.19,22.96
MUMBAI_CHAKALA_ANDHERI,,29-06-2025 00:00,22.35,75.33,18.25,0.72,0.2,26.21
MUMBAI_CHAKALA_ANDHERI,,30-06-2025 00:00,17.52,60.93,16.29,10.67,0.15,22.79
MUMBAI_CHAKALA_ANDHERI,,01-07-2025 00:00,16.96,59.5,16.11,0.99,0.15,20.65
MUMBAI_CHAKALA_ANDHERI,,14-07-2025 00:00,14.55,29.66,16.19,11.36,0.22,19.02
MUMBAI_CHAKALA_ANDHERI,,15-07-2025 00:00,10.02,29.44,18.51,4.85,0.34,18.53
MUMBAI_CHAKALA_ANDHERI,,16-07-2025 00:00,15.88,44.82,22.26,5.27,0.4,11.57
MUMBAI_CHAKALA_ANDHERI,,17-07-2025 00:00,16.57,88.6,16.5,3.74,0.32,16.04
MUMBAI_CHAKALA_ANDHERI,,18-07-2025 00:00,19.29,91.7,18.86,0.85,0.24,16.87
MUMBAI_CHAKALA_ANDHERI,,19-07-2025 00:00,16.84,84.43,17.06,12.58,0.19,18.22
MUMBAI_CHAKALA_ANDHERI,,20-07-2025 00:00,15.39,81.96,16.89,2.59,0.23,18.4
MUMBAI_CHAKALA_ANDHERI,,21-07-2025 00:00,15.6,63.73,18.59,8.71,0.32,16.67
MUMBAI_CHAKALA_ANDHERI,,22-07-2025 00:00,17.6,61.32,27.48,6.23,0.56,7.05
MUMBAI_CHAKALA_ANDHERI,,23-07-2025 00:00,13.26,53.69,27.3,8.53,0.37,11.29
MUMBAI_CHAKALA_ANDHERI,,24-07-2025 00:00,15.96,58.59,26.73,2.29,0.41,9.46
MUMBAI_CHAKALA_ANDHERI,,25-07-2025 00:00,13.83,65.36,19.59,5.65,0.32,17.22
MUMBAI_CHAKALA_ANDHERI,,26-07-2025 00:00,13.41,54.5,18.59,5.42,0.32,15.57
MUMBAI_CHAKALA_ANDHERI,,27-07-2025 00:00,16.21,68.34,16.73,4.94,0.26,22.97
MUMBAI_CHAKALA_ANDHERI,,28-07-2025 00:00,19.42,80.68,12.68,2.32,0.18,25.27
MUMBAI_CHAKALA_ANDHERI,,29-07-2025 00:00,21.25,77.88,14.07,5.06,0.18,25.27
MUMBAI_CHAKALA_ANDHERI,,30-07-2025 00:00,18.37,77.39,9.76,7.17,0.22,24.95
MUMBAI_CHAKALA_ANDHERI,,31-07-2025 00:00,18.27,82.43,17.29,2.48,0.23,20.3
MUMBAI_CHAKALA_ANDHERI,,01-08-2025 00:00,17.73,93.5,14.53,4.49,0.23,23.21
MUMBAI_CHAKALA_ANDHERI,,14-08-2025 00:00,11.17,38.08,14.79,3.93,0.49,8.53
MUMBAI_CHAKALA_ANDHERI,,15-08-2025 00:00,15.31,30.81,15.12,11.84,0.52,11.23
MUMBAI_CHAKALA_ANDHERI,,16-08-2025 00:00,12.46,28.33,15.07,6.11,0.52,12.36
MUMBAI_CHAKALA_ANDHERI,,17-08-2025 00:00,10.41,20.97,15.66,11.56,0.53,10.19
MUMBAI_CHAKALA_ANDHERI,,18-08-2025 00:00,15.19,30.1,15.8,6.01,0.52,11.35
MUMBAI_CHAKALA_ANDHERI,,19-08-2025 00:00,11.32,26.5,14.78,11.56,0.39,15.71
MUMBAI_CHAKALA_ANDHERI,,20-08-2025 00:00,8.84,18.91,12.31,8.55,0.21,26.43
MUMBAI_CHAKALA_ANDHERI,,21-08-2025 00:00,14.77,43.88,15.26,9.48,0.41,17.74
MUMBAI_CHAKALA_ANDHERI,,22-08-2025 00:00,14.93,50.02,14.12,4.52,0.36,18.66
MUMBAI_CHAKALA_ANDHERI,,23-08-2025 00:00,14.46,48.31,11.33,10.27,0.32,18.85
MUMBAI_CHAKALA_ANDHERI,,24-08-2025 00:00,12.17,55.22,9.25,10.25,0.26,20.16
MUMBAI_CHAKALA_ANDHERI,,25-08-2025 00:00,11.03,46.53,5.68,9.74,0.21,21.52
MUMBAI_CHAKALA_ANDHERI,,26-08-2025 00:00,8.18,30.78,9.54,8.58,0.32,14.08
MUMBAI_CHAKALA_ANDHERI,,27-08-2025 00:00,8.93,44.1,9.12,8.63,0.39,10.6
MUMBAI_CHAKALA_ANDHERI,,28-08-2025 00:00,11.64,53.66,9.55,3.37,0.45,10.57
MUMBAI_CHAKALA_ANDHERI,,29-08-2025 00:00,14.9,64.04,8.95,6.64,0.77,7.83
MUMBAI_CHAKALA_ANDHERI,,30-08-2025 00:00,21.42,45.14,5.93,12.77,0.76,6.71
MUMBAI_CHAKALA_ANDHERI,,31-08-2025 00:00,12.52,35.88,4.87,6.79,0.39,13.98
MUMBAI_CHAKALA_ANDHERI,,01-09-2025 00:00,16.66,45.08,4.06,5.77,0.49,12.75
MUMBAI_CHAKALA_ANDHERI,,14-09-2025 00:00,20.16,70.49,20.79,1.8,0.2,10.04
MUMBAI_CHAKALA_ANDHERI,,15-09-2025 00:00,24.99,52.27,20.85,3.72,0.18,21.25
MUMBAI_CHAKALA_ANDHERI,,16-09-2025 00:00,16.84,39.97,18.35,6.02,0.37,7.92
MUMBAI_CHAKALA_ANDHERI,,17-09-2025 00:00,28.98,67.75,25.36,14.15,0.4,3.4
MUMBAI_CHAKALA_ANDHERI,,18-09-2025 00:00,13.73,38.3,18.07,4.69,0.11,13.43
MUMBAI_CHAKALA_ANDHERI,,19-09-2025 00:00,10.3,30.51,29.05,5.79,0.16,11.93
MUMBAI_CHAKALA_ANDHERI,,20-09-2025 00:00,14.43,34.39,23.9,3.9,0.28,10.61
MUMBAI_CHAKALA_ANDHERI,,21-09-2025 00:00,14.23,38.68,26.66,11.4,0.15,12.38
MUMBAI_CHAKALA_ANDHERI,,22-09-2025 00:00,16.73,31.97,23.05,6.99,0.15,8.96
MUMBAI_CHAKALA_ANDHERI,,23-09-2025 00:00,14.53,29.73,25.11,5.36,0.24,3.95
MUMBAI_CHAKALA_ANDHERI,,24-09-2025 00:00,21.61,48.02,31.15,4.77,0.24,12.44
MUMBAI_CHAKALA_ANDHERI,,25-09-2025 00:00,12.79,43.09,22.6,13.67,0.27,11.91
MUMBAI_CHAKALA_ANDHERI,,26-09-2025 00:00,11.49,39.05,26.21,10.84,0.16,13.71
MUMBAI_CHAKALA_ANDHERI,,27-09-2025 00:00,20.3,61.27,21.76,7.95,0.32,9.33
MUMBAI_CHAKALA_ANDHERI,,28-09-2025 00:00,13.98,32.82,0.88,2.8,0.14,10.15
MUMBAI_CHAKALA_ANDHERI,,29-09-2025 00:00,11.89,24.23,3.64,5.19,0.12,44.62
MUMBAI_CHAKALA_ANDHERI,,30-09-2025 00:00,15.1,40.94,9.06,16.5,0.44,32.31
MUMBAI_CHAKALA_ANDHERI,,01-10-2025 00:00,13.41,32.29,8.37,6.19,0.38,11.27
MUMBAI_CHAKALA_ANDHERI,,14-10-2025 00:00,67.72,175.94,66.36,3.49,0.78,27.06
MUMBAI_CHAKALA_ANDHERI,,15-10-2025 00:00,60.36,153.68,64.86,1.88,0.67,33.39
MUMBAI_CHAKALA_ANDHERI,,16-10-2025 00:00,63.29,159.63,69.56,9.51,0.8,27.93
MUMBAI_CHAKALA_ANDHERI,,17-10-2025 00:00,57.86,126.0,59.3,7.08,0.76,30.32
MUMBAI_CHAKALA_ANDHERI,,18-10-2025 00:00,35.88,82.35,50.06,5.41,0.64,29.03
MUMBAI_CHAKALA_ANDHERI,,19-10-2025 00:00,65.6,120.93,52.31,6.04,0.57,39.56
MUMBAI_CHAKALA_ANDHERI,,20-10-2025 00:00,83.45,140.72,46.78,4.33,0.68,37.73
MUMBAI_CHAKALA_ANDHERI,,21-10-2025 00:00,123.9,195.93,54.72,3.68,0.72,28.77
MUMBAI_CHAKALA_ANDHERI,,22-10-2025 00:00,109.99,176.04,33.54,5.61,0.45,38.6
MUMBAI_CHAKALA_ANDHERI,,23-10-2025 00:00,62.28,96.78,38.01,10.87,0.45,27.71
MUMBAI_CHAKALA_ANDHERI,,24-10-2025 00:00,54.54,89.52,38.74,6.16,0.38,20.13
MUMBAI_CHAKALA_ANDHERI,,25-10-2025 00:00,35.86,70.81,42.31,7.84,0.37,15.42
MUMBAI_CHAKALA_ANDHERI,,26-10-2025 00:00,17.02,44.46,34.78,8.67,0.4,8.21
MUMBAI_CHAKALA_ANDHERI,,27-10-2025 00:00,16.84,35.58,32.26,10.04,0.41,8.03
MUMBAI_CHAKALA_ANDHERI,,28-10-2025 00:00,18.59,37.13,31.01,5.56,0.31,9.93
MUMBAI_CHAKALA_ANDHERI,,29-10-2025 00:00,24.6,58.89,32.64,6.46,0.31,18.0
MUMBAI_CHAKALA_ANDHERI,,30-10-2025 00:00,27.67,76.94,35.55,6.73,0.33,19.48
MUMBAI_CHAKALA_ANDHERI,,31-10-2025 00:00,18.29,57.68,38.68,6.51,0.42,17.66
MUMBAI_CHAKALA_ANDHERI,,01-11-2025 00:00,22.38,55.74,40.09,4.27,0.47,9.37
MUMBAI_CHAKALA_ANDHERI,,14-11-2025 00:00,63.81,151.91,67.02,9.06,0.93,48.88
MUMBAI_CHAKALA_ANDHERI,,15-11-2025 00:00,75.39,156.56,74.21,6.66,0.91,39.57
MUMBAI_CHAKALA_ANDHERI,,16-11-2025 00:00,81.83,169.55,89.03,8.97,1.08,18.13
MUMBAI_CHAKALA_ANDHERI,,17-11-2025 00:00,71.71,147.87,64.36,6.31,0.71,41.82
MUMBAI_CHAKALA_ANDHERI,,18-11-2025 00:00,77.11,153.28,56.35,12.21,0.61,58.61
MUMBAI_CHAKALA_ANDHERI,,19-11-2025 00:00,86.02,166.52,62.75,9.65,0.71,59.85
MUMBAI_CHAKALA_ANDHERI,,20-11-2025 00:00,85.25,181.11,79.07,11.85,0.89,42.07
MUMBAI_CHAKALA_ANDHERI,,21-11-2025 00:00,86.36,178.66,85.05,5.15,1.1,44.44
MUMBAI_CHAKALA_ANDHERI,,22-11-2025 00:00,100.23,187.82,83.41,5.45,1.01,47.01
MUMBAI_CHAKALA_ANDHERI,,23-11-2025 00:00,104.19,207.7,93.5,12.88,1.2,41.64
MUMBAI_CHAKALA_ANDHERI,,24-11-2025 00:00,116.17,209.26,85.98,11.35,1.23,50.43
MUMBAI_CHAKALA_ANDHERI,,25-11-2025 00:00,111.49,196.97,96.6,10.73,1.38,28.71
MUMBAI_CHAKALA_ANDHERI,,26-11-2025 00:00,105.63,183.21,90.19,7.2,1.3,43.16
MUMBAI_CHAKALA_ANDHERI,,27-11-2025 00:00,92.56,152.81,87.76,4.99,1.11,46.83
MUMBAI_CHAKALA_ANDHERI,,28-11-2025 00:00,83.26,142.16,76.24,11.75,0.95,31.8
MUMBAI_CHAKALA_ANDHERI,,29-11-2025 00:00,71.21,126.06,78.32,7.95,0.78,19.44
MUMBAI_CHAKALA_ANDHERI,,30-11-2025 00:00,59.91,108.82,54.78,13.09,0.65,28.08
MUMBAI_CHAKALA_ANDHERI,,01-12-2025 00:00,51.6,97.09,58.62,9.02,0.64,31.32
MUMBAI_CHAKALA_ANDHERI,,14-12-2025 00:00,50.61,110.4,40.68,11.21,0.88,28.06
MUMBAI_CHAKALA_ANDHERI,,15-12-2025 00:00,59.41,119.44,40.77,12.84,0.91,28.91
MUMBAI_CHAKALA_ANDHERI,,16-12-2025 00:00,54.23,109.58,43.11,19.09,1.03,25.86
MUMBAI_CHAKALA_ANDHERI,,17-12-2025 00:00,48.88,100.04,56.74,13.98,0.65,36.62
MUMBAI_CHAKALA_ANDHERI,,18-12-2025 00:00,63.57,126.66,61.88,11.28,0.99,38.2
MUMBAI_CHAKALA_ANDHERI,,19-12-2025 00:00,65.64,129.39,64.89,10.48,0.9,31.05
MUMBAI_CHAKALA_ANDHERI,,20-12-2025 00:00,54.0,112.09,62.76,10.54,0.98,31.36
MUMBAI_CHAKALA_ANDHERI,,21-12-2025 00:00,42.12,95.66,63.46,18.19,1.13,19.35
MUMBAI_CHAKALA_ANDHERI,,22-12-2025 00:00,35.43,88.59,58.6,14.39,0.94,24.92
MUMBAI_CHAKALA_ANDHERI,,23-12-2025 00:00,51.3,109.1,60.11,12.24,1.09,20.79
MUMBAI_CHAKALA_ANDHERI,,24-12-2025 00:00,40.09,91.57,54.01,12.86,0.83,33.76
MUMBAI_CHAKALA_ANDHERI,,25-12-2025 00:00,30.99,78.69,51.82,18.74,0.76,30.9
MUMBAI_CHAKALA_ANDHERI,,26-12-2025 00:00,47.48,112.55,61.37,12.64,1.14,26.96
MUMBAI_CHAKALA_ANDHERI,,27-12-2025 00:00,50.49,126.05,61.41,16.53,1.33,30.14
MUMBAI_CHAKALA_ANDHERI,,28-12-2025 00:00,68.27,131.15,61.96,7.66,1.1,29.23
MUMBAI_CHAKALA_ANDHERI,,29-12-2025 00:00,70.81,134.7,63.85,6.48,1.03,30.38
MUMBAI_CHAKALA_ANDHERI,,30-12-2025 00:00,73.55,140.32,66.69,6.8,1.2,33.1
MUMBAI_CHAKALA_ANDHERI,,31-12-2025 00:00,74.9,142.89,62.08,7.58,1.08,35.19
MUMBAI_CHAKALA_ANDHERI,,01-01-2026 00:00,65.83,116.04,61.13,5.53,1.03,32.0
MUMBAI_CHAKALA_ANDHERI,,14-01-2026 00:00,64.2,128.34,65.03,18.98,0.97,4.23
MUMBAI_CHAKALA_ANDHERI,,15-01-2026 00:00,66.73,133.46,59.3,6.56,0.3,3.96
MUMBAI_CHAKALA_ANDHERI,,16-01-2026 00:00,62.33,123.0,66.43,19.49,0.56,7.72
MUMBAI_CHAKALA_ANDHERI,,17-01-2026 00:00,77.72,148.07,51.79,11.72,0.91,32.34
MUMBAI_CHAKALA_ANDHERI,,18-01-2026 00:00,60.0,106.41,57.39,4.08,0.44,36.09
MUMBAI_CHAKALA_ANDHERI,,19-01-2026 00:00,42.5,85.4,47.56,2.99,0.16,41.55
MUMBAI_CHAKALA_ANDHERI,,20-01-2026 00:00,41.23,85.62,56.95,5.38,0.21,33.0
MUMBAI_CHAKALA_ANDHERI,,21-01-2026 00:00,51.86,105.98,56.07,1.97,0.28,31.42
MUMBAI_CHAKALA_ANDHERI,,22-01-2026 00:00,78.12,154.3,66.29,3.21,0.94,37.64
MUMBAI_CHAKALA_ANDHERI,,23-01-2026 00:00,74.6,139.72,61.58,5.1,0.44,44.96
MUMBAI_CHAKALA_ANDHERI,,24-01-2026 00:00,55.78,100.46,55.69,3.38,0.29,38.83
MUMBAI_CHAKALA_ANDHERI,,25-01-2026 00:00,44.33,97.06,60.18,18.37,0.25,34.04
MUMBAI_CHAKALA_ANDHERI,,26-01-2026 00:00,65.11,140.99,61.4,5.47,0.5,33.81
MUMBAI_CHAKALA_ANDHERI,,27-01-2026 00:00,85.07,152.61,59.87,3.73,0.66,46.18
MUMBAI_CHAKALA_ANDHERI,,28-01-2026 00:00,55.39,97.13,48.02,0.73,0.17,53.28
MUMBAI_CHAKALA_ANDHERI,,29-01-2026 00:00,34.69,84.29,55.44,2.15,0.12,40.72
MUMBAI_CHAKALA_ANDHERI,,30-01-2026 00:00,51.59,122.52,69.08,4.33,0.42,30.96
MUMBAI_CHAKALA_ANDHERI,,31-01-2026 00:00,74.49,141.56,46.04,2.67,0.46,38.17
MUMBAI_CHAKALA_ANDHERI,,01-02-2026 00:00,68.77,115.4,53.1,3.39,0.28,40.68
MUMBAI_CHAKALA_ANDHERI,,14-02-2026 00:00,71.16,136.77,63.36,6.82,0.48,58.08
MUMBAI_CHAKALA_ANDHERI,,15-02-2026 00:00,76.62,156.36,62.34,14.65,0.35,49.52
MUMBAI_CHAKALA_ANDHERI,,16-02-2026 00:00,69.16,161.65,63.09,16.43,0.78,34.37
MUMBAI_CHAKALA_ANDHERI,,17-02-2026 00:00,59.23,129.96,62.72,10.54,0.68,41.61
MUMBAI_CHAKALA_ANDHERI,,17-02-2026 00:00,53.97,135.92,72.66,4.8,1.9,1.0
