id,state,city,timestamp,pm25,pm10,no2,co,so2,o3
"pol-0","Andhra Pradesh","Visakhapatnam","2026-02-19T13:28:10.803Z","11.208575777950337","274.9698732871645","47.49605430156845","3.7825337633817546","40.6150413523746","19.947837126346514"
"pol-1","Arunachal Pradesh","Itanagar","2026-02-19T12:28:10.804Z","167.69367591275736","20.597489641018207","58.230490678764475","2.4677632299292673","17.817110797899925","88.41159612727259"
"pol-2","Assam","Guwahati","2026-02-19T11:28:10.804Z","139.6744857935556","251.55572973195095","27.41180882655712","2.8581330555741946","40.161268134503835","68.64841336938562"
"pol-3","Bihar","Patna","2026-02-19T10:28:10.804Z","18.514303347015513","136.0530143581003","57.72883994458064","0.6633556082809244","34.53095130210592","77.44685837066625"
"pol-4","Chhattisgarh","Raipur","2026-02-19T09:28:10.804Z","181.4643191824542","152.93690718308125","16.36349118603028","0.13617674647815936","4.433701733453743","10.740709687551497"
"pol-5","Goa","Panaji","2026-02-19T08:28:10.804Z","45.09762031306532","205.57552965291248","25.698059889302137","5.559860111424654","38.6390654774329","28.982686319436944"
"pol-6","Gujarat","Ahmedabad","2026-02-19T07:28:10.804Z","30.91822682997316","237.87346156840258","8.751691930109597","8.92531471573577","47.7262670008551","8.14491714741672"
"pol-7","Haryana","Gurugram","2026-02-19T06:28:10.804Z","168.8944748075015","51.54738227334338","10.326841277791576","0.5375148764035864","17.58173402207585","53.09228616100863"
"pol-8","Himachal Pradesh","Shimla","2026-02-19T05:28:10.804Z","176.61738951412752","109.85280333276532","59.826128324798056","2.310345943281665","34.56462200745447","26.805684681300402"
"pol-9","Jharkhand","Ranchi","2026-02-19T04:28:10.804Z","102.5608554599021","200.09267011487498","15.928297434323575","8.739335008416335","14.143452695134462","17.682680317326426"
"pol-10","Karnataka","Bengaluru","2026-02-19T03:28:10.804Z","110.3052399901837","66.35449391210366","66.89142086067488","5.373133215451206","5.4211524491214025","4.945105945160866"
"pol-11","Kerala","Thiruvananthapuram","2026-02-19T02:28:10.804Z","80.63849334735298","243.01380412987652","16.148861180484033","0.283605693610115","47.62078597596494","35.9104462447006"
"pol-12","Madhya Pradesh","Bhopal","2026-02-19T01:28:10.804Z","130.16257886814793","75.12692169978479","60.592001374394684","8.858263627653702","49.3686728554219","72.633164080904"
"pol-13","Maharashtra","Mumbai","2026-02-19T00:28:10.804Z","119.33276389147814","278.9811396843883","39.2087277807598","9.46508719075032","18.947113586231488","28.78441675487544"
"pol-14","Manipur","Imphal","2026-02-18T23:28:10.804Z","137.08428804168332","125.00299119083051","7.179997964775184","4.844990746246455","41.942611667095754","10.400792890605226"
"pol-15","Meghalaya","Shillong","2026-02-18T22:28:10.804Z","115.14901365052556","117.03075046881236","24.842038192286566","3.3906702181281134","36.317158848702036","21.87732564251361"
"pol-16","Mizoram","Aizawl","2026-02-18T21:28:10.804Z","41.622083705799426","288.04235366201397","1.17941607703278","5.798842283967605","11.32169569271575","19.589239388359015"
"pol-17","Nagaland","Kohima","2026-02-18T20:28:10.804Z","45.52927556483959","211.02715389138405","11.269397990170411","9.368000843385255","26.064877431933187","98.92422755417033"
"pol-18","Odisha","Bhubaneswar","2026-02-18T19:28:10.804Z","138.33386387933234","265.2350110261305","25.728112484860137","8.83572512194891","4.598161384430272","1.6532571458712786"
"pol-19","Punjab","Ludhiana","2026-02-18T18:28:10.804Z","132.6320703038126","5.607439612048893","57.14779481800257","1.4458304426208057","32.23285207401244","36.53729104190022"
"pol-20","Rajasthan","Jaipur","2026-02-18T17:28:10.804Z","90.91132321755073","238.56629926168318","9.257199500195252","1.550096489274142","28.310420590802742","36.82526261558227"
"pol-21","Sikkim","Gangtok","2026-02-18T16:28:10.804Z","168.63226711489358","236.30274607735024","72.26990649594795","8.464896396960754","23.493692529640985","23.006347901425052"
"pol-22","Tamil Nadu","Chennai","2026-02-18T15:28:10.804Z","104.07483007127117","66.37294548149083","46.1849462742867","5.391989392702387","4.61628238240393","14.34664247240659"
"pol-23","Telangana","Hyderabad","2026-02-18T14:28:10.804Z","129.5975410186465","113.88009040974407","36.85249580438129","6.315244491933889","31.114097348472185","84.08539194498285"
"pol-24","Tripura","Agartala","2026-02-18T13:28:10.804Z","165.2814414717863","276.09750453732124","37.97419896720116","5.069518071285173","9.938966328621362","40.83461651637534"
"pol-25","Uttar Pradesh","Lucknow","2026-02-18T12:28:10.804Z","163.74625303799638","144.86007620397712","47.24001924069782","8.999899229238972","44.002193635975075","71.8534621142746"
"pol-26","Uttarakhand","Dehradun","2026-02-18T11:28:10.804Z","46.36415647770018","45.15287500517302","78.20868562131363","6.041805935258802","23.835431635439875","11.154791471272961"
"pol-27","West Bengal","Kolkata","2026-02-18T10:28:10.804Z","55.121294033369225","194.3372564771504","6.637612207286301","8.884488884208467","15.382203473024248","67.04684198759239"
"pol-28","Delhi","New Delhi","2026-02-18T09:28:10.804Z","120.07303995169747","141.23838452678854","0.5680738009475128","0.10574043421177737","31.72974207683869","40.20675675599652"
"pol-29","Andhra Pradesh","Visakhapatnam","2026-02-18T08:28:10.804Z","85.80681743189864","85.76505452166447","72.7164941899765","8.155275221336542","33.33427764837762","22.591374811543474"
"pol-30","Arunachal Pradesh","Itanagar","2026-02-18T07:28:10.804Z","31.179799395301355","126.49719077816347","42.60179772180328","9.87032070429539","12.745703630963373","17.99193716218109"
"pol-31","Assam","Guwahati","2026-02-18T06:28:10.804Z","3.420279586648922","278.94267771047015","20.75539213775017","3.9263450361746868","13.07877379241904","49.68227545083117"
"pol-32","Bihar","Patna","2026-02-18T05:28:10.804Z","14.406303528676311","261.6667555422811","76.18034448278858","9.42144377481587","15.074237077634422","49.037967731694444"
"pol-33","Chhattisgarh","Raipur","2026-02-18T04:28:10.804Z","165.59213000208612","30.106643482048067","55.48532052210132","4.779063027451706","26.04789278821785","58.20047026360909"
"pol-34","Goa","Panaji","2026-02-18T03:28:10.804Z","146.084679534841","230.1221918720012","56.389911665927144","5.883098144691346","6.817351345519718","54.013943765740166"
"pol-35","Gujarat","Ahmedabad","2026-02-18T02:28:10.804Z","140.48397062328587","85.09859298149878","47.08619109745953","4.618688409354905","35.12912454784856","18.72492981901367"
"pol-36","Haryana","Gurugram","2026-02-18T01:28:10.804Z","108.54175846495923","252.41691436653693","2.2924061631991144","5.704192660455774","16.332401873509962","67.25405094092"
"pol-37","Himachal Pradesh","Shimla","2026-02-18T00:28:10.804Z","14.21843083762635","271.3690815228856","76.8644055920515","3.5998603829252627","15.93406155983909","14.453639815522212"
"pol-38","Jharkhand","Ranchi","2026-02-17T23:28:10.804Z","156.87718285546995","226.67506263401467","28.614469727556767","5.226700173145372","37.4371287502475","97.4232776586073"
"pol-39","Karnataka","Bengaluru","2026-02-17T22:28:10.804Z","52.05752913841615","246.5848257740182","67.59040089312549","9.942878450690056","28.78021945102034","26.345313322927044"
"pol-40","Kerala","Thiruvananthapuram","2026-02-17T21:28:10.804Z","72.74471940694767","253.22400058968333","51.043373639372945","1.893597041208498","26.142197246941112","22.33080996317537"
"pol-41","Madhya Pradesh","Bhopal","2026-02-17T20:28:10.804Z","110.02530683931214","5.590415258148118","8.273853304783731","2.6020457416526463","20.744223938243415","18.884013932015176"
"pol-42","Maharashtra","Mumbai","2026-02-17T19:28:10.804Z","186.29880178338266","19.992053243589815","65.61380805861918","3.6375312313032193","40.35292403579015","2.8709474087314835"
"pol-43","Manipur","Imphal","2026-02-17T18:28:10.804Z","103.62538585163846","60.91065465911814","28.72594756674968","7.212539541834233","36.44109748751743","88.10279525876803"
"pol-44","Meghalaya","Shillong","2026-02-17T17:28:10.804Z","40.98170376319503","191.2394396540826","5.135403636219911","9.623045142111959","27.142849120904412","71.20881836527273"
"pol-45","Mizoram","Aizawl","2026-02-17T16:28:10.804Z","154.2137475996087","290.8818004396101","20.061054923813444","1.6106767916496967","28.88058637507796","74.38785228659488"
"pol-46","Nagaland","Kohima","2026-02-17T15:28:10.804Z","7.992830820383223","274.5654130111722","69.7298812618677","3.7837044334795458","45.50250975286347","77.16567807662693"
"pol-47","Odisha","Bhubaneswar","2026-02-17T14:28:10.804Z","10.120748026400683","86.76942634368875","34.343073929236326","1.5213358453226888","35.917621834361704","80.63050892844238"
"pol-48","Punjab","Ludhiana","2026-02-17T13:28:10.804Z","178.79853419541607","229.96553977397033","77.3307981863687","5.191771161917581","34.84756883915731","75.29719526651063"
"pol-49","Rajasthan","Jaipur","2026-02-17T12:28:10.804Z","87.74224799418124","182.44646625142164","61.77556750244391","5.680295780178712","20.743795448907065","17.722741855794155"
"pol-50","Sikkim","Gangtok","2026-02-17T11:28:10.804Z","14.391286601986009","59.71217512310491","45.703815879519865","3.7690067235983316","5.475386633457891","1.9845701071308341"
"pol-51","Tamil Nadu","Chennai","2026-02-17T10:28:10.804Z","160.5588463629744","54.51171704337271","53.144462742997604","2.949457541297209","24.98253962327837","12.597657173926812"
"pol-52","Telangana","Hyderabad","2026-02-17T09:28:10.804Z","81.18258038769734","200.95186330999186","8.367578676864031","1.5056183526563705","24.645282666765837","24.803854141675696"
"pol-53","Tripura","Agartala","2026-02-17T08:28:10.804Z","58.796393317443304","60.04814424017953","0.5891278981105241","5.986033941614682","34.59091842489559","15.680388467188077"
"pol-54","Uttar Pradesh","Lucknow","2026-02-17T07:28:10.804Z","83.06112247203447","54.2069787228463","68.2986107803122","2.1805544728262074","2.726374932086034","43.05604882360055"
"pol-55","Uttarakhand","Dehradun","2026-02-17T06:28:10.804Z","166.26242426754635","71.36637370584677","51.338140809290906","3.3592794131726986","25.582072481978894","32.580802848220145"
"pol-56","West Bengal","Kolkata","2026-02-17T05:28:10.804Z","132.98463312247753","201.86948588643918","41.757073583031726","0.429466765403691","33.88696256703497","8.017604516532717"
"pol-57","Delhi","New Delhi","2026-02-17T04:28:10.804Z","169.8731819770808","161.6757551778089","65.97634217144152","5.2378942692647446","48.61182995108978","28.648100405082065"
"pol-58","Andhra Pradesh","Visakhapatnam","2026-02-17T03:28:10.804Z","156.940297089675","241.08389512573837","15.770706436599253","4.2271053443463105","43.478567232958184","43.80867468436493"
"pol-59","Arunachal Pradesh","Itanagar","2026-02-17T02:28:10.804Z","155.68994672155296","37.96261941278852","20.495482256140658","6.975774102094553","6.681748873332571","91.19994052690876"
"pol-60","Assam","Guwahati","2026-02-17T01:28:10.804Z","86.93439475064935","210.3119716227593","70.20490276492961","3.2657457496318756","32.47020925018378","25.919068594758187"
"pol-61","Bihar","Patna","2026-02-17T00:28:10.804Z","14.091553346294173","77.88485678448653","40.5051965247485","5.779718997911273","9.916187065651188","59.423220212471314"
"pol-62","Chhattisgarh","Raipur","2026-02-16T23:28:10.804Z","179.84014741721217","94.13960004098385","28.41572459014028","7.6991387526507085","46.414127649883596","95.6579232284068"
"pol-63","Goa","Panaji","2026-02-16T22:28:10.804Z","77.20550486365492","29.853783799919363","7.951081880824704","8.174641959222358","32.436811685326","6.842383681640141"
"pol-64","Gujarat","Ahmedabad","2026-02-16T21:28:10.804Z","49.95303866462244","0.5510215757279169","64.49747986668869","0.37881998245289816","35.36016628470263","23.159640279425975"
"pol-65","Haryana","Gurugram","2026-02-16T20:28:10.804Z","90.26160327105038","19.50123651315708","71.32252906906429","2.054461683159523","18.75326072707474","45.54612295671803"
"pol-66","Himachal Pradesh","Shimla","2026-02-16T19:28:10.804Z","67.06721160886897","55.661105050342094","78.24752689362263","7.425557469592105","23.88305537418889","11.317129469316356"
"pol-67","Jharkhand","Ranchi","2026-02-16T18:28:10.804Z","172.23495787349142","246.5385726876469","9.053279494511637","2.696893222977499","35.73295732772096","67.0875067962201"
"pol-68","Karnataka","Bengaluru","2026-02-16T17:28:10.804Z","138.77931197324222","42.93934543955446","18.037245619509648","1.6327570534550717","48.54488427595608","19.567604906047798"
"pol-69","Kerala","Thiruvananthapuram","2026-02-16T16:28:10.804Z","154.7706741315786","76.27425646526221","49.2562328133171","7.528458070266517","1.6489685824000844","48.0848507660838"
"pol-70","Madhya Pradesh","Bhopal","2026-02-16T15:28:10.804Z","52.42324232157394","75.77349523057528","70.45200004746471","9.156505065637635","9.942095125483736","71.71308282383475"
"pol-71","Maharashtra","Mumbai","2026-02-16T14:28:10.804Z","166.01276845299472","39.23535408642902","11.387642904246151","1.6830135515256506","17.103971940880204","62.196079421125916"
"pol-72","Manipur","Imphal","2026-02-16T13:28:10.804Z","61.14904795508653","161.26792913642558","15.17069061450436","9.545954854513857","24.64879896442503","96.56813829847393"
"pol-73","Meghalaya","Shillong","2026-02-16T12:28:10.804Z","47.15025975272944","73.66522518759967","49.941634096033845","8.844965093408652","5.097175565008133","83.65915219758404"
"pol-74","Mizoram","Aizawl","2026-02-16T11:28:10.804Z","71.8548983477667","35.728256683983616","5.240299319947006","9.434379335603426","40.71321448600335","79.10500409003089"
"pol-75","Nagaland","Kohima","2026-02-16T10:28:10.804Z","123.37814309781582","96.2573828743367","55.5518435889107","0.5147012115227811","20.826936122600497","54.23493000533781"
"pol-76","Odisha","Bhubaneswar","2026-02-16T09:28:10.804Z","69.74288756551867","36.00498819772861","40.649835946763346","6.4204785181663375","29.236534740636266","55.04322777968624"
"pol-77","Punjab","Ludhiana","2026-02-16T08:28:10.804Z","106.6820517729515","270.9082947944084","66.45549291234965","3.1053857786920167","3.9602303778857486","62.550498386952235"
"pol-78","Rajasthan","Jaipur","2026-02-16T07:28:10.804Z","179.8360502499689","180.38614409282553","30.66581910062525","4.7729415726734175","18.62850653248843","36.57143741451895"
"pol-79","Sikkim","Gangtok","2026-02-16T06:28:10.804Z","177.7760466149526","43.602620033072526","37.30124227559992","4.0621529261619145","17.480085210710815","89.85391801785538"
"pol-80","Tamil Nadu","Chennai","2026-02-16T05:28:10.804Z","20.182789745264905","64.9656063824321","70.19545372494173","9.156465229028","21.11892333244048","11.925352961003355"
"pol-81","Telangana","Hyderabad","2026-02-16T04:28:10.804Z","97.65683835405355","196.75486282094067","61.31120589104703","8.604890067783842","35.38752484668964","1.7536071723370905"
"pol-82","Tripura","Agartala","2026-02-16T03:28:10.804Z","176.04185247600864","181.68971126897515","55.8984564672178","0.7031618726090849","1.6391238833956323","48.81418238266721"
"pol-83","Uttar Pradesh","Lucknow","2026-02-16T02:28:10.804Z","81.23183423036286","69.93818199241865","39.354536768071654","7.2680657732982485","10.518783194633075","92.75899001583336"
"pol-84","Uttarakhand","Dehradun","2026-02-16T01:28:10.804Z","6.366736859192024","123.10948466362193","25.19145303714966","0.9069778731075273","44.48625829306776","11.37178914807877"
"pol-85","West Bengal","Kolkata","2026-02-16T00:28:10.804Z","167.15411218963047","183.29128834031792","45.35761994275562","9.591065639590386","29.08228520508444","1.9723352768965197"
"pol-86","Delhi","New Delhi","2026-02-15T23:28:10.804Z","135.51539896859097","156.47398937793741","34.354042192300895","2.0576498830907575","6.784705538256752","16.548100145328494"
"pol-87","Andhra Pradesh","Visakhapatnam","2026-02-15T22:28:10.804Z","11.374208988456957","298.3934556277049","17.662551013518375","0.9355981598176777","29.00129693970644","28.242162394913738"
"pol-88","Arunachal Pradesh","Itanagar","2026-02-15T21:28:10.804Z","51.37125124141322","174.57462775280717","3.431864688723234","0.045113911811741625","32.4130196072335","32.65690883362012"
"pol-89","Assam","Guwahati","2026-02-15T20:28:10.804Z","170.10524678971996","293.10092199444426","60.989354770918055","0.9254535094720517","33.872791169323094","62.13012908390881"
"pol-90","Bihar","Patna","2026-02-15T19:28:10.804Z","87.22642678356604","90.75585026926014","43.2774101457029","3.3009610768863484","30.10239489064593","86.24330409037216"
"pol-91","Chhattisgarh","Raipur","2026-02-15T18:28:10.804Z","105.8167793575431","258.75385446043464","39.95746953398432","0.1437933702135341","16.69270300098336","82.20846063461858"
"pol-92","Goa","Panaji","2026-02-15T17:28:10.804Z","77.73507592450588","161.31779674769695","25.254696785769166","3.396909908376784","22.638778067245052","26.868047189160514"
"pol-93","Gujarat","Ahmedabad","2026-02-15T16:28:10.804Z","166.7145498539434","224.50326219343427","62.68001201142168","8.479344323537008","32.40724570769354","41.979901616787984"
"pol-94","Haryana","Gurugram","2026-02-15T15:28:10.804Z","53.33589300049895","222.50086110115308","69.20317724724931","0.8177623514707755","7.031684682775791","65.15608393889309"
"pol-95","Himachal Pradesh","Shimla","2026-02-15T14:28:10.804Z","117.67592391213866","288.84279816589157","38.66888117525151","3.9188467009657058","35.59953986404941","84.52795138883154"
"pol-96","Jharkhand","Ranchi","2026-02-15T13:28:10.804Z","84.82212771937323","12.485628260890602","75.01959137483583","4.8781960057080065","12.603511388237843","37.5017152437368"
"pol-97","Karnataka","Bengaluru","2026-02-15T12:28:10.804Z","142.2370830000486","189.14524137971102","73.94842137166441","1.8988967122472555","21.816997704239384","79.45350950192916"
"pol-98","Kerala","Thiruvananthapuram","2026-02-15T11:28:10.804Z","44.97669062873912","188.1841136960692","70.32098092010132","0.3542640496803662","4.594678070455554","70.88009310006278"
"pol-99","Madhya Pradesh","Bhopal","2026-02-15T10:28:10.804Z","125.61907809103405","142.87622141506336","51.93224158395794","9.27767605868088","38.27550700815897","89.81714772529054"
"pol-100","Maharashtra","Mumbai","2026-02-15T09:28:10.804Z","153.1630666717257","198.97987869392222","74.22488243007234","5.2938714818717045","33.24313722951536","57.90455722842442"
"pol-101","Manipur","Imphal","2026-02-15T08:28:10.804Z","77.41294944946786","274.6501899536038","33.64373104224213","6.204087871699503","38.277807437341636","61.334865917880464"
"pol-102","Meghalaya","Shillong","2026-02-15T07:28:10.804Z","135.77575429994022","60.933189017704194","1.3030288381690713","9.43331464350304","4.233841996327969","61.53111183192327"
"pol-103","Mizoram","Aizawl","2026-02-15T06:28:10.804Z","173.89917124615638","140.7668808705479","42.26640887689122","9.724018749337297","45.69434802742402","99.41191592507272"
"pol-104","Nagaland","Kohima","2026-02-15T05:28:10.804Z","104.0091165738672","154.5232039785921","34.58014070208249","4.389238830462214","29.784947871981686","75.4526670545806"
"pol-105","Odisha","Bhubaneswar","2026-02-15T04:28:10.804Z","146.26042647783913","74.76601354953023","15.90401954340435","8.987745079220971","28.771667924384346","95.56176255414475"
"pol-106","Punjab","Ludhiana","2026-02-15T03:28:10.804Z","47.64921959500392","27.99860321285057","4.02055435031186","4.35314950328522","39.68090909562842","47.269380478293066"
"pol-107","Rajasthan","Jaipur","2026-02-15T02:28:10.804Z","84.48752739448118","243.47669556037522","73.176817650488","6.49789037201805","33.24164780757147","69.51285329596469"
"pol-108","Sikkim","Gangtok","2026-02-15T01:28:10.804Z","154.15668248298323","213.47386401541812","61.87492210070289","3.4980824323625557","11.177567351178036","78.06820458846917"
"pol-109","Tamil Nadu","Chennai","2026-02-15T00:28:10.804Z","96.165038970132","250.45737793904658","35.370044501766785","5.89349988139491","18.14675179273218","84.06104971245122"
"pol-110","Telangana","Hyderabad","2026-02-14T23:28:10.804Z","163.51876771036714","229.8334331097684","79.77106971861832","2.0099056154111095","13.015508895149019","94.56068411895133"
"pol-111","Tripura","Agartala","2026-02-14T22:28:10.804Z","29.985896587520067","63.66226645584129","64.45501083287868","3.777188904280988","4.033788742555233","28.71014580694925"
"pol-112","Uttar Pradesh","Lucknow","2026-02-14T21:28:10.804Z","107.68829053235199","16.78638355095192","70.20763292587866","9.528294939494932","41.19323940565398","78.10157132288015"
"pol-113","Uttarakhand","Dehradun","2026-02-14T20:28:10.804Z","64.95559531207671","94.94246452505637","60.49171227547853","9.977494875573885","49.460299303519136","7.170329542520082"
"pol-114","West Bengal","Kolkata","2026-02-14T19:28:10.804Z","117.70285346851502","254.28521317983459","31.072674723403864","1.5969450466366408","48.740993722130035","79.86743689140671"
"pol-115","Delhi","New Delhi","2026-02-14T18:28:10.804Z","186.55509847818252","195.0354879599825","14.11368215768948","5.280557870663655","40.143124304874824","70.67562595127885"
"pol-116","Andhra Pradesh","Visakhapatnam","2026-02-14T17:28:10.804Z","41.82672073654254","282.0663192741127","14.422125191529327","0.4653934324257336","1.5315232270887713","95.04465127299046"
"pol-117","Arunachal Pradesh","Itanagar","2026-02-14T16:28:10.804Z","136.19989947292376","246.58788993421976","63.02846585121263","7.67751550926398","11.12083350474053","68.62597797690955"
"pol-118","Assam","Guwahati","2026-02-14T15:28:10.804Z","128.8797429561463","9.746363997036545","2.4063913487513933","8.49690685218526","5.572835362233864","37.61266584754327"
"pol-119","Bihar","Patna","2026-02-14T14:28:10.804Z","136.68192813119703","210.3897075815978","77.54826446454528","4.5282717832273995","16.001111693160546","24.72503009682895"
"pol-120","Chhattisgarh","Raipur","2026-02-14T13:28:10.804Z","67.14014043601995","147.0271257649719","44.43356130882399","1.320606549466361","22.028966954090667","23.87795370418383"
"pol-121","Goa","Panaji","2026-02-14T12:28:10.804Z","128.0089778371515","61.06731254519734","11.189001367302103","3.2535175878618183","2.0215698304524574","36.816338312852295"
"pol-122","Gujarat","Ahmedabad","2026-02-14T11:28:10.804Z","139.58896833702153","270.1314773392115","8.355739905091477","6.3281087798102345","28.62640155200899","7.249190005770578"
"pol-123","Haryana","Gurugram","2026-02-14T10:28:10.804Z","139.05208576440705","42.03940121044949","4.763954668858634","5.458533317394764","41.19473456043604","74.69854834681898"
"pol-124","Himachal Pradesh","Shimla","2026-02-14T09:28:10.804Z","92.44709024418762","13.254103828282204","22.932722185566448","4.590230253185219","1.699710598164389","18.580974108724757"
"pol-125","Jharkhand","Ranchi","2026-02-14T08:28:10.804Z","89.42144100143675","54.92827612606451","76.33889346894026","4.483354320156273","23.794650988321997","57.52982400140899"
"pol-126","Karnataka","Bengaluru","2026-02-14T07:28:10.804Z","195.94025323932715","223.16782421134354","76.09867394401316","8.23079512175404","2.0066722903770318","67.0499498015207"
"pol-127","Kerala","Thiruvananthapuram","2026-02-14T06:28:10.804Z","167.36763014755903","266.6250126804425","68.61085719252547","0.5328108814327914","2.1156275470983585","76.16497606712318"
"pol-128","Madhya Pradesh","Bhopal","2026-02-14T05:28:10.804Z","53.394925203649414","23.189787566347942","75.8033623876815","3.53000945204335","28.544951477080478","83.46354206523434"
"pol-129","Maharashtra","Mumbai","2026-02-14T04:28:10.804Z","180.45606284386363","119.77124248755298","32.51449386873241","9.78600855586267","15.850074875885994","46.672692747621966"
"pol-130","Manipur","Imphal","2026-02-14T03:28:10.804Z","43.748162626941856","193.6884143251563","69.4064571170907","8.761556877026912","42.988691616456435","6.508253298895439"
"pol-131","Meghalaya","Shillong","2026-02-14T02:28:10.804Z","62.81640644635027","11.747815405964069","17.653441470845557","2.901854609109744","20.086426542907056","38.013377261571165"
"pol-132","Mizoram","Aizawl","2026-02-14T01:28:10.804Z","138.33285705473693","264.18441195464175","56.5075158112512","2.72308849858814","38.375594177997264","92.43150396113782"
"pol-133","Nagaland","Kohima","2026-02-14T00:28:10.804Z","106.23170427667708","215.58979637222515","27.43039398555286","5.127574638991822","8.608621393199067","26.648093604103828"
"pol-134","Odisha","Bhubaneswar","2026-02-13T23:28:10.804Z","170.08101321385496","165.53267571753602","25.307080058950326","8.417063561501712","38.546660788076295","65.95278983253793"
"pol-135","Punjab","Ludhiana","2026-02-13T22:28:10.804Z","49.6668893466399","292.49194667437365","17.701172702814823","1.7463016584495927","3.634049618024787","19.59649712160073"
"pol-136","Rajasthan","Jaipur","2026-02-13T21:28:10.804Z","183.02700749729786","191.5520725757918","62.837173343684675","8.431732418298873","29.833558342709114","30.39420345268724"
"pol-137","Sikkim","Gangtok","2026-02-13T20:28:10.804Z","157.7832720092736","0.48732381161464833","37.950923553894455","5.451893864431244","41.98048271505946","21.712850234969995"
"pol-138","Tamil Nadu","Chennai","2026-02-13T19:28:10.804Z","189.00569209777186","254.34311145643542","0.8444900200926053","9.228840139851455","36.857445092449396","36.41503494341888"
"pol-139","Telangana","Hyderabad","2026-02-13T18:28:10.804Z","29.945314506269007","20.909599760042685","19.76647214066313","4.406948367134876","17.246127752588276","48.388249260037576"
"pol-140","Tripura","Agartala","2026-02-13T17:28:10.804Z","111.43752086756147","30.70407018984528","26.0548475303907","7.538998729674472","2.7095071913473436","29.307878114913056"
"pol-141","Uttar Pradesh","Lucknow","2026-02-13T16:28:10.804Z","164.4100566068098","291.8530473514377","74.64822090265466","4.6350747436395565","30.55761431354918","91.23665337752377"
"pol-142","Uttarakhand","Dehradun","2026-02-13T15:28:10.804Z","55.94329922431698","111.66858872144032","25.721824350833742","3.1668869886473896","12.91103798934356","1.3968398058804343"
"pol-143","West Bengal","Kolkata","2026-02-13T14:28:10.804Z","32.32387377991059","190.94797942435272","18.604705563065913","9.784333217455542","48.808346617813505","56.36157322253928"
"pol-144","Delhi","New Delhi","2026-02-13T13:28:10.804Z","70.44306069440005","264.4109477399087","51.63167617258529","2.665893435048705","20.817391491716485","34.6947232503415"
"pol-145","Andhra Pradesh","Visakhapatnam","2026-02-13T12:28:10.804Z","84.04265617414661","268.15123419164655","68.70187680982588","9.44007977321981","6.412762846185438","92.03291258010911"
"pol-146","Arunachal Pradesh","Itanagar","2026-02-13T11:28:10.804Z","103.2432013546206","98.76134289806596","35.2313196888211","6.645312690379362","28.0827020668964","14.229086122090784"
"pol-147","Assam","Guwahati","2026-02-13T10:28:10.804Z","59.907431134297575","77.57872351603721","48.840063428931664","1.9060250456654604","30.480718424811265","72.51549746732651"
"pol-148","Bihar","Patna","2026-02-13T09:28:10.804Z","26.762199859621493","283.42228409650454","40.81239145255523","7.166333004980329","14.684799168410306","96.4733348288863"
"pol-149","Chhattisgarh","Raipur","2026-02-13T08:28:10.804Z","193.14125947934392","154.38535970184572","74.93323937932401","1.7093035565342984","3.0380745511256246","73.12201454593504"
"pol-150","Goa","Panaji","2026-02-13T07:28:10.804Z","193.34669669355537","36.33249396746317","63.46679547491469","0.8991235253482088","0.8552895264621163","72.84708121432739"
"pol-151","Gujarat","Ahmedabad","2026-02-13T06:28:10.804Z","54.80865091475688","211.42207832259706","38.47992460717098","2.3593384292194655","0.3756834007742127","37.5504894711496"
"pol-152","Haryana","Gurugram","2026-02-13T05:28:10.804Z","82.3201398401103","97.65444834360876","70.95439889585839","2.0147101771911826","0.2565372667410859","63.92270502839943"
"pol-153","Himachal Pradesh","Shimla","2026-02-13T04:28:10.804Z","156.29667208835895","119.58475984235754","3.9624016532209883","1.0399621912509938","37.46152561835028","17.72533020448147"
"pol-154","Jharkhand","Ranchi","2026-02-13T03:28:10.804Z","12.303155830466217","74.06034215855392","22.444175840199662","7.991892304432724","7.839892115017399","95.95709909292574"
"pol-155","Karnataka","Bengaluru","2026-02-13T02:28:10.804Z","149.9328867909523","240.3885836993113","33.773075301903475","3.0280121116568948","45.050096622995675","11.498743500000453"
"pol-156","Kerala","Thiruvananthapuram","2026-02-13T01:28:10.804Z","79.31631202001216","144.10678512992854","27.935778575793748","6.8068405233041","23.20769489813788","12.915186188619598"
"pol-157","Madhya Pradesh","Bhopal","2026-02-13T00:28:10.804Z","84.73127467188233","106.24101410152531","58.160309042883526","9.513524714099677","34.248599646928184","7.000233703538483"
"pol-158","Maharashtra","Mumbai","2026-02-12T23:28:10.804Z","39.28909151324953","163.84540361872615","77.22325900667158","9.571540699166539","1.2647869399179723","93.16231184904655"
"pol-159","Manipur","Imphal","2026-02-12T22:28:10.804Z","129.31017256367338","299.2044130221094","42.0526583219346","8.65777920685053","46.68857846466876","84.64389121063924"
"pol-160","Meghalaya","Shillong","2026-02-12T21:28:10.804Z","7.192471582243654","81.38000677244403","57.65629273671918","5.134035272638609","31.86754043650423","38.40145184003162"
"pol-161","Mizoram","Aizawl","2026-02-12T20:28:10.804Z","42.48164806446149","87.47711640428885","51.62443686488643","7.699442634364838","13.090085301583043","93.76016919785258"
"pol-162","Nagaland","Kohima","2026-02-12T19:28:10.804Z","20.470939837598134","289.25683244463727","61.291582268467614","6.537856636247589","22.152134812223164","92.64396562329262"
"pol-163","Odisha","Bhubaneswar","2026-02-12T18:28:10.804Z","40.11236946958405","183.79562879286476","23.909109644461886","7.334821619620141","42.44069787643687","16.750644944371917"
"pol-164","Punjab","Ludhiana","2026-02-12T17:28:10.804Z","94.22827130366234","294.07250439637136","60.20584820012701","2.1342105495025177","33.90860763267733","66.0056610593704"
"pol-165","Rajasthan","Jaipur","2026-02-12T16:28:10.804Z","4.937122298289354","272.70224747827365","65.3224570363558","8.178721484485822","26.13339111649023","48.739137851325346"
"pol-166","Sikkim","Gangtok","2026-02-12T15:28:10.804Z","117.8985446748412","252.58802886693778","28.821421432156562","2.93324667332975","15.745693703641988","22.43467487483605"
"pol-167","Tamil Nadu","Chennai","2026-02-12T14:28:10.804Z","183.94138776957573","286.22269895548675","56.18108827572827","6.168722950934172","4.533762370243533","42.38216641184736"
"pol-168","Telangana","Hyderabad","2026-02-12T13:28:10.804Z","6.23677254642887","125.4282229322905","15.901754502227705","5.261005458525955","12.681121038604138","56.71299281253987"
"pol-169","Tripura","Agartala","2026-02-12T12:28:10.804Z","156.70777346690244","258.01746718659683","35.01722497956274","7.800147739717635","49.37133963891642","29.401384635400298"
"pol-170","Uttar Pradesh","Lucknow","2026-02-12T11:28:10.804Z","12.642495877794314","160.05525341306844","69.80389204442628","3.940635841961997","33.55898013534728","96.42940386698426"
"pol-171","Uttarakhand","Dehradun","2026-02-12T10:28:10.804Z","88.19350878712393","227.8207126094374","67.7539393219932","4.151996877578068","23.91224589621946","42.008693313455446"
"pol-172","West Bengal","Kolkata","2026-02-12T09:28:10.804Z","42.730600583921905","100.42903618845169","1.2437377483473355","8.406716394424988","17.16849554325593","33.85156290458697"
"pol-173","Delhi","New Delhi","2026-02-12T08:28:10.804Z","190.88604546225844","264.95539533299973","21.83985621210833","3.3180855826188003","29.090454519186032","83.49350186884101"
"pol-174","Andhra Pradesh","Visakhapatnam","2026-02-12T07:28:10.804Z","45.63588997660344","44.92405942812043","34.31699283242246","1.163100252525412","21.727378579888455","24.573229884864688"
"pol-175","Arunachal Pradesh","Itanagar","2026-02-12T06:28:10.804Z","143.51441042050547","219.08609547335408","41.889500590897654","5.0652077486480795","26.871427661870477","71.3452259360058"
"pol-176","Assam","Guwahati","2026-02-12T05:28:10.804Z","76.57117145316366","153.1674268630107","8.473816222317199","1.572595014733612","33.21183409035165","42.90757904777789"
"pol-177","Bihar","Patna","2026-02-12T04:28:10.804Z","7.493274438700426","55.89899988248377","24.0343982042209","6.168418140436199","16.179859494644017","82.37412412654335"
"pol-178","Chhattisgarh","Raipur","2026-02-12T03:28:10.804Z","60.950656049998365","206.8201983241677","49.24710969805483","1.109268737109158","37.99926499488684","27.862756010221002"
"pol-179","Goa","Panaji","2026-02-12T02:28:10.804Z","164.22579711632346","145.40083159184815","54.28098692652362","6.8870085556206195","11.10280879701967","4.435067760945222"
"pol-180","Gujarat","Ahmedabad","2026-02-12T01:28:10.804Z","62.17299705428771","186.46404634532286","58.41204950150377","2.5310937734751815","1.5629798727068989","73.82906648374524"
"pol-181","Haryana","Gurugram","2026-02-12T00:28:10.804Z","143.80504814251296","4.835018010292192","3.238623214248406","4.233814134898099","4.017971608565923","45.57581155073274"
"pol-182","Himachal Pradesh","Shimla","2026-02-11T23:28:10.804Z","199.86809191704305","261.08499782629434","38.43386307254615","4.0859272870665295","4.094225339526619","41.25322405031859"
"pol-183","Jharkhand","Ranchi","2026-02-11T22:28:10.804Z","81.39071617936958","239.41064426617365","79.1969150049004","9.01283061843939","23.091647388186242","19.30077496971474"
"pol-184","Karnataka","Bengaluru","2026-02-11T21:28:10.804Z","16.332683673636872","284.93596548134735","17.750947612759234","4.372468172649631","32.46040010857553","0.8576726513440103"
"pol-185","Kerala","Thiruvananthapuram","2026-02-11T20:28:10.804Z","59.917117906127835","111.54804220681133","38.6179718109823","9.104655062245023","14.153307000459087","30.19550527206042"
"pol-186","Madhya Pradesh","Bhopal","2026-02-11T19:28:10.804Z","56.97456034483006","285.86973733396616","14.32864655947025","3.6877228529406123","33.879861210125966","40.16807336491684"
"pol-187","Maharashtra","Mumbai","2026-02-11T18:28:10.804Z","110.53309255460088","67.02897734437853","65.092386261779","9.80490761067024","38.67264754849579","5.284920589615938"
"pol-188","Manipur","Imphal","2026-02-11T17:28:10.804Z","72.19875969927172","127.49366935303223","1.3808341332882712","5.604333913471427","42.17612936297328","55.2398530269111"
"pol-189","Meghalaya","Shillong","2026-02-11T16:28:10.804Z","16.17099337826504","196.36626976866063","8.311151554184368","1.4461214188128424","38.52690903210448","80.20407494149325"
"pol-190","Mizoram","Aizawl","2026-02-11T15:28:10.804Z","59.36990393610411","296.5180458940152","73.4618472318503","1.2425134346575883","25.94726943402926","82.44138294792097"
"pol-191","Nagaland","Kohima","2026-02-11T14:28:10.804Z","166.90831570285962","16.52858394500285","45.27370823112068","0.8135563970881554","41.52792302591182","24.28699125902266"
"pol-192","Odisha","Bhubaneswar","2026-02-11T13:28:10.804Z","49.33421970659393","173.854813273983","66.65541171642091","7.114289352637034","40.00350805022082","2.702080536136231"
"pol-193","Punjab","Ludhiana","2026-02-11T12:28:10.804Z","23.35978410446411","57.05931553773108","11.523428486286393","2.610172827787328","34.87213506317459","50.61092448033566"
"pol-194","Rajasthan","Jaipur","2026-02-11T11:28:10.804Z","158.3554271090567","25.035195276285016","57.22138897742293","2.5305680882178025","28.91346182765457","20.7997574474835"
"pol-195","Sikkim","Gangtok","2026-02-11T10:28:10.804Z","0.15707900982990797","115.37709503893655","65.52961645424477","7.045298923638994","13.101453353541132","31.382200417675833"
"pol-196","Tamil Nadu","Chennai","2026-02-11T09:28:10.804Z","71.62519252600943","255.12609910482544","65.27577672541463","7.610526924988305","46.61191099405869","13.577378119299821"
"pol-197","Telangana","Hyderabad","2026-02-11T08:28:10.804Z","34.84620968834739","166.76364799374363","45.709542616183285","0.873987760452114","31.86343231280645","16.07614027249964"
"pol-198","Tripura","Agartala","2026-02-11T07:28:10.804Z","113.3694148706126","69.42769504909431","62.186555456966445","3.9084090651271985","22.37466054819129","26.909522406199613"
"pol-199","Uttar Pradesh","Lucknow","2026-02-11T06:28:10.804Z","84.67093426322663","44.22701572763603","24.39652051007031","0.9723519280689763","32.34586368764046","11.750407306569155"
"pol-200","Uttarakhand","Dehradun","2026-02-11T05:28:10.804Z","61.66799455213285","72.26836528493516","8.888513397180464","1.4258203016061544","7.026171221011657","60.72464491937123"
"pol-201","West Bengal","Kolkata","2026-02-11T04:28:10.804Z","28.550891116988964","270.88066517292566","55.22006182363198","3.890961287139781","26.046892382566334","79.38882603702943"
"pol-202","Delhi","New Delhi","2026-02-11T03:28:10.804Z","65.00158460813053","283.86026068153603","9.250292837865901","4.050688467998426","41.05204660512271","46.862590936617785"
"pol-203","Andhra Pradesh","Visakhapatnam","2026-02-11T02:28:10.804Z","172.45811753995432","270.8222684905512","44.52627673264561","0.3356905226565454","43.252132023197","19.122473693052367"
"pol-204","Arunachal Pradesh","Itanagar","2026-02-11T01:28:10.804Z","5.755607402946072","24.760336582141427","39.56921990581061","4.537844410279099","41.838980440949","7.454625488981648"
"pol-205","Assam","Guwahati","2026-02-11T00:28:10.804Z","140.9613005526207","227.94500737566193","4.072799573581465","5.004782306021101","25.76419075912739","58.241087908137445"
"pol-206","Bihar","Patna","2026-02-10T23:28:10.804Z","136.9974518150877","52.197580497909804","3.618121542269286","5.346836255773413","37.71650596163193","0.6688084679415174"
"pol-207","Chhattisgarh","Raipur","2026-02-10T22:28:10.804Z","143.24129878105663","35.23350312351412","59.886507073280846","7.747096811587614","28.806241665056508","76.83720484079957"
"pol-208","Goa","Panaji","2026-02-10T21:28:10.804Z","8.338372264683013","161.21631030717685","36.35430409300515","9.469252786992842","48.5303305538138","74.21775125902064"
"pol-209","Gujarat","Ahmedabad","2026-02-10T20:28:10.804Z","74.4510511163859","99.61534035920178","60.17952852259196","1.745622373239949","2.9261602818379084","65.27498183724654"
"pol-210","Haryana","Gurugram","2026-02-10T19:28:10.804Z","151.09231820774446","280.1045589000531","25.651005336752277","1.666275526356139","2.499355345843124","24.377781723764468"
"pol-211","Himachal Pradesh","Shimla","2026-02-10T18:28:10.804Z","157.3856927774734","273.05556955810823","59.05370364212769","3.1150997256598325","4.166105330482262","9.468419971358866"
"pol-212","Jharkhand","Ranchi","2026-02-10T17:28:10.804Z","162.47665312259537","94.62937661166478","35.08500037742099","0.4954684661513764","16.918356478886786","87.42612988574646"
"pol-213","Karnataka","Bengaluru","2026-02-10T16:28:10.804Z","199.99037596431887","78.19815389639986","44.81889886520221","4.253031743285557","19.22266178366344","62.921503720190266"
"pol-214","Kerala","Thiruvananthapuram","2026-02-10T15:28:10.804Z","96.99545488733206","155.1407718708216","40.0225403868435","3.0015691420725545","6.065717695088535","61.13477550574029"
"pol-215","Madhya Pradesh","Bhopal","2026-02-10T14:28:10.804Z","115.78428468159603","157.8813773443962","20.792052148801787","7.392416016367681","27.32662822338397","57.38070925174106"
"pol-216","Maharashtra","Mumbai","2026-02-10T13:28:10.804Z","35.49621463614032","249.051019272123","52.07343099353843","1.1243316790784408","13.879151296521968","41.773417474026274"
"pol-217","Manipur","Imphal","2026-02-10T12:28:10.804Z","108.82711177247799","267.18586439608595","77.90488836929657","5.280329633361891","40.08238165602246","16.694012228457865"
"pol-218","Meghalaya","Shillong","2026-02-10T11:28:10.804Z","85.85183779893994","202.09738307151045","56.718583365248804","4.247483812764624","42.595100278575494","15.353087052726"
"pol-219","Mizoram","Aizawl","2026-02-10T10:28:10.804Z","71.81980743535115","138.46874514725857","26.47013461571661","4.313140584267182","21.697774776874258","77.84688571166485"
"pol-220","Nagaland","Kohima","2026-02-10T09:28:10.804Z","196.282426473658","127.55699790920715","35.99063875384664","6.461310830039951","24.157140998986936","94.09591084768795"
"pol-221","Odisha","Bhubaneswar","2026-02-10T08:28:10.804Z","20.522919747515147","237.25861233303672","49.15146774954481","9.3674065496336","14.108681904812205","32.12683227319244"
"pol-222","Punjab","Ludhiana","2026-02-10T07:28:10.804Z","55.25767195799822","92.10192189843612","52.380458109394624","5.212110595745919","47.805088226890675","0.6477066612633142"
"pol-223","Rajasthan","Jaipur","2026-02-10T06:28:10.804Z","191.13311988661044","97.9079822680284","70.42000280430857","3.1426679745992847","49.10728672165437","41.40144926521735"
"pol-224","Sikkim","Gangtok","2026-02-10T05:28:10.804Z","5.2477978022225535","220.9799006357503","48.19254534828005","8.911174566404323","15.734036141124491","39.08916750281976"
"pol-225","Tamil Nadu","Chennai","2026-02-10T04:28:10.804Z","105.23236810110599","227.38085824215779","63.77926763342429","4.9702435106721365","30.591840146146055","10.04456334674252"
"pol-226","Telangana","Hyderabad","2026-02-10T03:28:10.804Z","58.102019341690614","204.0239282240871","18.84938029889371","8.174319551249955","8.168987409291544","2.456780700260397"
"pol-227","Tripura","Agartala","2026-02-10T02:28:10.804Z","136.85860205184608","258.8156556760059","64.72759844101435","9.754857976435154","36.35693526799953","1.1442574909422465"
"pol-228","Uttar Pradesh","Lucknow","2026-02-10T01:28:10.804Z","25.22278209179496","289.0991145286265","4.4016954180593615","8.057966706645892","40.70124664133536","23.414090551406964"
"pol-229","Uttarakhand","Dehradun","2026-02-10T00:28:10.804Z","159.24108324387","45.83936680149152","21.19403755462505","5.201936254513417","25.550205969946422","5.577134416380947"
"pol-230","West Bengal","Kolkata","2026-02-09T23:28:10.804Z","108.06994427375818","141.79119164256522","34.86683372078651","0.07952699170427846","3.675967640212552","24.214118491883397"
"pol-231","Delhi","New Delhi","2026-02-09T22:28:10.804Z","41.15815037082684","226.00467540977036","71.59044361990014","6.908016864266282","45.005871980131204","80.53987791786362"
"pol-232","Andhra Pradesh","Visakhapatnam","2026-02-09T21:28:10.804Z","60.415332885196136","38.72258241738024","60.91683211643526","7.9246620504137315","5.370183718264848","9.088274805241758"
"pol-233","Arunachal Pradesh","Itanagar","2026-02-09T20:28:10.804Z","192.62516598870835","96.65023474199921","64.61519661844952","4.049311854057843","38.36709678763515","73.34048631160587"
"pol-234","Assam","Guwahati","2026-02-09T19:28:10.804Z","118.70829834314216","183.58390548140122","52.98578845685996","5.606862922366491","38.245003701320364","8.77350066709013"
"pol-235","Bihar","Patna","2026-02-09T18:28:10.804Z","69.10870047824757","189.24717746161556","59.41895745180216","7.629595820709892","30.268000850849596","35.25016878737951"
"pol-236","Chhattisgarh","Raipur","2026-02-09T17:28:10.804Z","190.48230149367052","108.06041624860734","73.68965642785159","1.321059122010625","14.758737141803746","59.89198012026248"
"pol-237","Goa","Panaji","2026-02-09T16:28:10.804Z","52.7551879861426","157.1133116410298","3.4277179628750165","9.037329711057279","13.879906446953488","57.39838382085769"
"pol-238","Gujarat","Ahmedabad","2026-02-09T15:28:10.804Z","164.8898980758329","250.49158572669052","16.178265173561968","6.724856129788874","44.48021304464007","69.96703690517064"
"pol-239","Haryana","Gurugram","2026-02-09T14:28:10.804Z","169.2303911538794","184.76913908793912","54.63529680954852","7.8377935731988035","27.40342278298286","40.9956888676575"
"pol-240","Himachal Pradesh","Shimla","2026-02-09T13:28:10.804Z","88.4227107783096","146.01732800286587","44.6894861510351","4.083992586906485","17.352476688661607","20.67364401285556"
"pol-241","Jharkhand","Ranchi","2026-02-09T12:28:10.804Z","189.13835193824863","122.53773538060288","61.01198860404236","8.057471681821113","14.92800259784567","69.07540794571968"
"pol-242","Karnataka","Bengaluru","2026-02-09T11:28:10.804Z","99.15716671429749","192.83234418912284","57.44410700866919","4.723249871148381","18.16424363712375","59.21950109685744"
"pol-243","Kerala","Thiruvananthapuram","2026-02-09T10:28:10.804Z","75.10455004224374","63.62583601208301","45.12321689103884","7.6320869811700724","32.16553369508155","95.7188242937703"
"pol-244","Madhya Pradesh","Bhopal","2026-02-09T09:28:10.804Z","33.37580695445954","257.7310555963875","65.24923442479707","6.274075003908513","45.0628945334143","20.193816062432358"
"pol-245","Maharashtra","Mumbai","2026-02-09T08:28:10.804Z","150.5035687094194","12.163299541560836","38.09715926020674","0.6589512470472481","31.195086773419472","86.5756980448466"
"pol-246","Manipur","Imphal","2026-02-09T07:28:10.804Z","125.23575705891963","80.60597751101055","72.5424690462435","1.772611616024925","25.870229269584428","15.445772580055095"
"pol-247","Meghalaya","Shillong","2026-02-09T06:28:10.804Z","50.31063908816302","224.30800272860793","8.512662807811378","2.149599617415967","27.921635163245124","27.124237522977502"
"pol-248","Mizoram","Aizawl","2026-02-09T05:28:10.804Z","141.56620536464675","182.93162078633094","30.09672606983102","8.844982543399107","21.930771648673748","31.349752751614147"
"pol-249","Nagaland","Kohima","2026-02-09T04:28:10.804Z","176.37169647319436","252.93362531579692","68.56582443396404","8.398909371167582","17.08806948975463","70.74579858988682"
"pol-250","Odisha","Bhubaneswar","2026-02-09T03:28:10.804Z","136.8309423973069","228.9839326326754","2.603206777277718","4.634826999228236","37.1110420601599","84.05393884278767"
"pol-251","Punjab","Ludhiana","2026-02-09T02:28:10.804Z","110.10016181851152","54.3597100344151","36.47769735965505","2.8796471054820296","10.377947237681024","31.240912022541345"
"pol-252","Rajasthan","Jaipur","2026-02-09T01:28:10.804Z","64.45646171124511","285.3791412230446","29.58165426202668","7.933135479456849","47.398098983053984","88.65303077604332"
"pol-253","Sikkim","Gangtok","2026-02-09T00:28:10.804Z","87.44148017473172","253.7551342360474","42.984496846373546","6.688391015741487","44.70770257297138","44.628509581824716"
"pol-254","Tamil Nadu","Chennai","2026-02-08T23:28:10.804Z","139.86002819831714","4.284368893914703","57.67794995816242","6.004966548934172","3.1181219427863507","30.241454058221017"
"pol-255","Telangana","Hyderabad","2026-02-08T22:28:10.804Z","41.109942666111564","129.84185754150633","44.547448619267115","5.300863347724444","37.38620752156823","82.37783772858108"
"pol-256","Tripura","Agartala","2026-02-08T21:28:10.804Z","43.568186809683","273.94547022087744","6.90805094034622","1.2163972565863956","49.30420547253037","73.40978544055982"
"pol-257","Uttar Pradesh","Lucknow","2026-02-08T20:28:10.804Z","181.20635370279211","172.77087836620808","60.26160164171849","1.0624493582322447","17.20573906268515","60.82213376376243"
"pol-258","Uttarakhand","Dehradun","2026-02-08T19:28:10.804Z","127.4494023448933","281.232406043588","36.515396535518114","8.873025933449123","47.83553199652723","8.017313818077653"
"pol-259","West Bengal","Kolkata","2026-02-08T18:28:10.805Z","131.93453785594608","115.74423037276476","56.754388949913306","5.495133740838403","39.50163099641129","53.74580975552622"
"pol-260","Delhi","New Delhi","2026-02-08T17:28:10.805Z","159.0638887359424","10.699395618803997","1.7612436473676851","4.940273175146306","15.516770778309475","28.572363025302472"
"pol-261","Andhra Pradesh","Visakhapatnam","2026-02-08T16:28:10.805Z","23.866913923321988","87.39085972229842","14.206094795722022","7.568243281919196","15.40919973952129","27.758415127314528"
"pol-262","Arunachal Pradesh","Itanagar","2026-02-08T15:28:10.805Z","146.1951906714056","200.17806758413457","31.061654769204175","8.471594603995047","29.74383389165433","65.2033170585199"
"pol-263","Assam","Guwahati","2026-02-08T14:28:10.805Z","6.213711972428548","242.5711403566149","31.238626430884466","0.4541068962136341","21.739788152123595","67.8178378357429"
"pol-264","Bihar","Patna","2026-02-08T13:28:10.805Z","150.1620411263977","280.16660709586387","38.78909046847757","4.653030810553792","46.840345362897295","37.94931282504892"
"pol-265","Chhattisgarh","Raipur","2026-02-08T12:28:10.805Z","41.328328519890675","16.26637254297488","15.431382968744769","3.34021703340928","46.45786139261826","99.99646360934503"
"pol-266","Goa","Panaji","2026-02-08T11:28:10.805Z","90.72360079722883","66.02880709714903","25.46209165102102","1.650987942182427","47.555180515901725","12.520225679559804"
"pol-267","Gujarat","Ahmedabad","2026-02-08T10:28:10.805Z","4.877421837851914","153.79351595718208","65.96558190529652","2.2618797970880156","33.208794544674596","55.978245884411436"
"pol-268","Haryana","Gurugram","2026-02-08T09:28:10.805Z","112.63722061032641","71.51737568342456","28.894794597476583","4.158557257797884","13.701049422643901","31.048089076135057"
"pol-269","Himachal Pradesh","Shimla","2026-02-08T08:28:10.805Z","86.73737852977858","290.1638399894979","12.440742262633613","4.07822113095981","37.699225504599596","57.67141296321577"
"pol-270","Jharkhand","Ranchi","2026-02-08T07:28:10.805Z","97.22464884844474","98.91076396332593","32.25617001755559","6.188578029770623","12.020903577550152","52.299870097184794"
"pol-271","Karnataka","Bengaluru","2026-02-08T06:28:10.805Z","44.61359784687047","297.64413239101106","73.70852325056714","7.10226457536419","8.358887554670519","40.87043984934694"
"pol-272","Kerala","Thiruvananthapuram","2026-02-08T05:28:10.805Z","196.59109734419872","11.303635771184839","7.674664870898225","7.519946309219209","10.989865280994742","8.197157192338288"
"pol-273","Madhya Pradesh","Bhopal","2026-02-08T04:28:10.805Z","150.82323213368727","27.871532670792643","23.024599789179952","8.435973241649634","46.550121153794066","49.4927596207657"
"pol-274","Maharashtra","Mumbai","2026-02-08T03:28:10.805Z","43.32376320770543","104.02554720843393","7.8986141111847274","0.9880230888902253","8.928632115169183","96.93605770517776"
"pol-275","Manipur","Imphal","2026-02-08T02:28:10.805Z","162.12491942421713","131.46155591073878","30.43582195934019","3.013684618348135","47.58030194614968","59.05314604035702"
"pol-276","Meghalaya","Shillong","2026-02-08T01:28:10.805Z","47.020562822064505","163.523218526553","15.747593234140362","6.4855909331907435","39.86733834065931","35.43153198633543"
"pol-277","Mizoram","Aizawl","2026-02-08T00:28:10.805Z","0.5821804186618929","281.56144780384125","71.87410268788425","5.17478993751479","3.7928555389369123","88.68841622155472"
"pol-278","Nagaland","Kohima","2026-02-07T23:28:10.805Z","99.54549225960727","72.04607833729045","26.516866317654937","5.081845506725699","5.395645597548526","19.171514800977185"
"pol-279","Odisha","Bhubaneswar","2026-02-07T22:28:10.805Z","135.09276886160424","82.0854158287399","49.372902033275025","8.913645352115399","38.30954715785608","59.41187552316825"
"pol-280","Punjab","Ludhiana","2026-02-07T21:28:10.805Z","85.81281661615327","137.9227503854464","78.15452611971618","6.294512577616693","10.974110223822054","85.79693117790754"
"pol-281","Rajasthan","Jaipur","2026-02-07T20:28:10.805Z","101.43478758006255","277.60518999202776","68.71520464222426","0.030981219237270485","41.856755655964804","40.51051598242073"
"pol-282","Sikkim","Gangtok","2026-02-07T19:28:10.805Z","173.69390157486419","43.56084752079844","56.00996775032471","6.228771284899912","20.48355667819073","44.022004829255046"
"pol-283","Tamil Nadu","Chennai","2026-02-07T18:28:10.805Z","141.53316521824806","191.9376836191999","72.04176994612703","3.5525270960983732","43.58219158391761","20.79005599825271"
"pol-284","Telangana","Hyderabad","2026-02-07T17:28:10.805Z","91.7400023897005","276.01927463889837","36.18733395568106","7.908987711148086","18.350627381642397","60.463392206857925"
"pol-285","Tripura","Agartala","2026-02-07T16:28:10.805Z","1.0986019490436982","77.27938042170464","39.68843689491118","0.8341957708053049","45.946620321525714","5.502692299013057"
"pol-286","Uttar Pradesh","Lucknow","2026-02-07T15:28:10.805Z","83.097668785942","218.06047787080536","75.0412356639525","3.3160088989468175","40.57407032200384","55.503374955433024"
"pol-287","Uttarakhand","Dehradun","2026-02-07T14:28:10.805Z","197.3086183531518","142.44192572235406","77.33786056013304","4.8104142483592325","21.73482802737289","82.75981097154241"
"pol-288","West Bengal","Kolkata","2026-02-07T13:28:10.805Z","126.81801856983073","216.15665210080041","55.25790655250252","3.20767181807856","20.586346645395913","69.91908939329356"
"pol-289","Delhi","New Delhi","2026-02-07T12:28:10.805Z","66.22123223069394","129.30896634516975","39.055658426677766","3.430457919957668","35.99309219448366","3.5526427757634482"
"pol-290","Andhra Pradesh","Visakhapatnam","2026-02-07T11:28:10.805Z","78.9497818575745","71.63822213688825","49.43195082649068","8.96885333795327","48.17334524575066","50.031668737355304"
"pol-291","Arunachal Pradesh","Itanagar","2026-02-07T10:28:10.805Z","59.97574893540158","261.94202266616117","26.440179249303604","9.222949179863939","10.67400799717404","91.9204280576534"
"pol-292","Assam","Guwahati","2026-02-07T09:28:10.805Z","147.00417756092043","167.83253275766552","76.38133163118566","9.21815551031252","12.606821932013823","19.139559680526418"
"pol-293","Bihar","Patna","2026-02-07T08:28:10.805Z","59.07636683359936","76.41187607791463","76.50938984855374","3.1260518475200607","20.190376513719695","78.97397498249522"
"pol-294","Chhattisgarh","Raipur","2026-02-07T07:28:10.805Z","54.88140251999481","218.1035128366929","58.477175133921136","7.444369451561931","26.673917311023526","79.58097880611368"
"pol-295","Goa","Panaji","2026-02-07T06:28:10.805Z","37.67147184700019","124.60334227337313","69.24306245639485","9.231417724316982","22.42482537610293","76.44876000850613"
"pol-296","Gujarat","Ahmedabad","2026-02-07T05:28:10.805Z","154.6492951865163","286.3102937979766","61.584144264322056","9.224879642570977","37.10285185070853","99.61904095089302"
"pol-297","Haryana","Gurugram","2026-02-07T04:28:10.805Z","101.97033281051266","96.21978513541065","32.27901010933522","2.38602850575927","1.7975708100418208","47.23761327642067"
"pol-298","Himachal Pradesh","Shimla","2026-02-07T03:28:10.805Z","83.75988048489924","119.13637370510996","72.28046248824965","1.790900288209355","5.237423146561682","81.38444303188952"
"pol-299","Jharkhand","Ranchi","2026-02-07T02:28:10.805Z","53.44513811805531","16.816586456786187","12.978550105603075","9.97717132682649","20.784297110363404","36.17458560490291"
"pol-300","Karnataka","Bengaluru","2026-02-07T01:28:10.805Z","82.4674972209329","213.63960498222775","52.08539344184159","4.6512240669909675","48.29254243268814","48.70150021788467"
"pol-301","Kerala","Thiruvananthapuram","2026-02-07T00:28:10.805Z","171.28721082822494","214.31169550107094","69.80826363902973","9.909305748658339","16.92441570591201","47.955708113498474"
"pol-302","Madhya Pradesh","Bhopal","2026-02-06T23:28:10.805Z","149.66458347082565","200.10003811254902","25.51046038225122","5.889495536208388","48.742858604724056","56.30212638805393"
"pol-303","Maharashtra","Mumbai","2026-02-06T22:28:10.805Z","188.13727551653966","180.23191613405282","77.39834117495523","3.8680672405212357","27.24772155736285","51.454670251195765"
"pol-304","Manipur","Imphal","2026-02-06T21:28:10.805Z","174.17989091623332","179.36637078292702","22.546334344320876","2.218415172617092","7.121969667995814","48.19496196345874"
"pol-305","Meghalaya","Shillong","2026-02-06T20:28:10.805Z","47.700168388763295","32.21095736441912","24.238432538423673","8.419572155445472","20.433006584341467","18.922324542328983"
"pol-306","Mizoram","Aizawl","2026-02-06T19:28:10.805Z","194.15035102857686","32.721259787347265","9.277802043445131","0.9630443824577639","25.353530290204812","6.625704080655803"
"pol-307","Nagaland","Kohima","2026-02-06T18:28:10.805Z","95.8008757307992","53.90693793246959","54.88985999400075","1.735827574339841","8.872328247275806","8.222964595227278"
"pol-308","Odisha","Bhubaneswar","2026-02-06T17:28:10.805Z","125.0498706181957","298.4204130920482","36.45201616265198","8.960723503809566","1.1734288931055659","41.486296542396225"
"pol-309","Punjab","Ludhiana","2026-02-06T16:28:10.805Z","80.72111726525712","133.93580723143543","54.36606783387056","8.620826429903369","12.577409546579716","85.00332189297355"
"pol-310","Rajasthan","Jaipur","2026-02-06T15:28:10.805Z","181.78281034631095","158.61698878120603","3.500848320570338","3.564094523393039","41.85934955681238","46.68214298256513"
"pol-311","Sikkim","Gangtok","2026-02-06T14:28:10.805Z","92.91401312436034","259.290757845215","79.89265073725495","9.54595587080485","11.151386713016509","13.576583460845137"
"pol-312","Tamil Nadu","Chennai","2026-02-06T13:28:10.805Z","83.24114108810863","223.3403460547031","67.5652073224999","4.982995288181401","21.86783683786264","11.230359394284017"
"pol-313","Telangana","Hyderabad","2026-02-06T12:28:10.805Z","179.9517686428818","199.30740155938685","14.057220006396438","7.35356002390538","38.978536617859675","28.355363091262898"
"pol-314","Tripura","Agartala","2026-02-06T11:28:10.805Z","68.05231187970942","11.307762533274989","15.499644318905244","6.674867286665017","28.61926023024639","60.59679637964306"
"pol-315","Uttar Pradesh","Lucknow","2026-02-06T10:28:10.805Z","21.61608256199916","50.78168391633764","38.01479004432043","3.4638844473548835","5.563555319247176","38.233132378260535"
"pol-316","Uttarakhand","Dehradun","2026-02-06T09:28:10.805Z","145.18976898350238","143.1827562253374","23.50438630671067","1.8902315345576193","44.57014205490304","60.08342662849239"
"pol-317","West Bengal","Kolkata","2026-02-06T08:28:10.805Z","5.994375987560119","13.829626412997476","74.98155816690641","9.96933000655434","8.127122554230443","84.0097191014439"
"pol-318","Delhi","New Delhi","2026-02-06T07:28:10.805Z","95.07793297623101","148.92100830129093","13.612097429852277","9.326330901126688","49.89836747349408","9.832035963838381"
"pol-319","Andhra Pradesh","Visakhapatnam","2026-02-06T06:28:10.805Z","101.66991720561533","77.79311540391657","9.720174108563677","6.325021073405255","35.88830249355953","12.631941143659509"
"pol-320","Arunachal Pradesh","Itanagar","2026-02-06T05:28:10.805Z","113.56244308298618","294.6420000152571","79.3244008267112","4.260564626437794","39.240196176475564","8.354888516572645"
"pol-321","Assam","Guwahati","2026-02-06T04:28:10.805Z","69.44825766350336","282.81105267439443","77.85418150220488","9.438884453385272","36.1160651629262","82.6332575534283"
"pol-322","Bihar","Patna","2026-02-06T03:28:10.805Z","199.68962920601865","229.3881441071805","48.291651610612796","1.7472607924884775","39.45031223866176","39.58922363370046"
"pol-323","Chhattisgarh","Raipur","2026-02-06T02:28:10.805Z","179.95260386148968","47.69105884272944","0.6921410427482488","1.1300453225195162","41.165136360623436","64.32517760289835"
"pol-324","Goa","Panaji","2026-02-06T01:28:10.805Z","73.84819354392098","219.25478019800775","53.98519694135774","9.302926084493931","49.27859766824743","1.148892739325691"
"pol-325","Gujarat","Ahmedabad","2026-02-06T00:28:10.805Z","190.7662180674998","275.3229984366109","64.72540705522775","7.922331866029271","41.03117353491139","45.87469648900466"
"pol-326","Haryana","Gurugram","2026-02-05T23:28:10.805Z","38.26092624900343","192.1351066023956","30.00135224344384","5.564393017445902","30.782486497130634","44.50722590035726"
"pol-327","Himachal Pradesh","Shimla","2026-02-05T22:28:10.805Z","162.96508347054962","118.5481703139786","45.219983921224404","9.77248766863424","22.0738636224456","88.30691076459895"
"pol-328","Jharkhand","Ranchi","2026-02-05T21:28:10.805Z","100.01509607863943","206.94572664742063","34.46809657719905","9.65139891778645","3.4060267885082265","36.62402330574962"
"pol-329","Karnataka","Bengaluru","2026-02-05T20:28:10.805Z","77.8535116154238","81.81813060138667","41.87459782368866","9.189402055604742","49.47636965499701","57.517235781316764"
"pol-330","Kerala","Thiruvananthapuram","2026-02-05T19:28:10.805Z","148.13031324385992","297.5989463019654","42.42970200399124","6.744005220583032","20.366442282855214","24.480491738782597"
"pol-331","Madhya Pradesh","Bhopal","2026-02-05T18:28:10.805Z","66.15048703161995","200.6950517101066","36.23935329294695","2.40536281553259","0.9315150535540051","1.235541518883121"
"pol-332","Maharashtra","Mumbai","2026-02-05T17:28:10.805Z","50.33678356050366","190.28250973610187","62.15383845572557","2.0197909361446245","12.622403078399785","40.93771149084732"
"pol-333","Manipur","Imphal","2026-02-05T16:28:10.805Z","186.61126562285838","283.50264260881033","43.042827591215726","5.980980411160149","25.81700284985122","20.16077933763163"
"pol-334","Meghalaya","Shillong","2026-02-05T15:28:10.805Z","22.21859572645424","240.18020721275113","50.23880875669981","2.034928583166095","19.67955999010812","25.167953235324457"
"pol-335","Mizoram","Aizawl","2026-02-05T14:28:10.805Z","69.30447833799754","84.85471534093543","3.208471175772152","9.721586951123763","10.88117750138648","65.25127327532006"
"pol-336","Nagaland","Kohima","2026-02-05T13:28:10.805Z","191.49290436842978","60.306291886065644","23.930378471614002","9.178326939430756","30.71383152036794","73.08220903886775"
"pol-337","Odisha","Bhubaneswar","2026-02-05T12:28:10.805Z","190.36740790682236","98.13133631343956","35.18063327841438","1.5419464709508557","48.15715102325635","0.4457329375729957"
"pol-338","Punjab","Ludhiana","2026-02-05T11:28:10.805Z","152.8889724144623","12.967236779054648","7.400484450630609","8.603582608655806","13.016966123200474","37.706219897094215"
"pol-339","Rajasthan","Jaipur","2026-02-05T10:28:10.805Z","175.78113626878962","155.6152933761763","31.327230873741172","2.9990393444643217","32.38096081776151","58.42653804372766"
"pol-340","Sikkim","Gangtok","2026-02-05T09:28:10.805Z","126.77270663137321","218.22594388069538","53.1504385962632","7.482255922791175","12.456874056039352","67.25445784118045"
"pol-341","Tamil Nadu","Chennai","2026-02-05T08:28:10.805Z","166.55311802021774","11.521979417458306","32.26192182047225","4.302347678390241","26.889701298356844","58.85047262405564"
"pol-342","Telangana","Hyderabad","2026-02-05T07:28:10.805Z","97.2535254898862","92.70256242082007","43.03890432717921","5.8594815124242485","26.104274267011395","84.05064239841238"
"pol-343","Tripura","Agartala","2026-02-05T06:28:10.805Z","55.62617729293724","25.69326151846514","55.64936058754264","4.3200426427875165","37.17037435308021","28.205245937556267"
"pol-344","Uttar Pradesh","Lucknow","2026-02-05T05:28:10.805Z","117.6050644671871","199.53831118434604","41.038087009425595","3.8573282663565225","13.549484826095192","14.741804875834696"
"pol-345","Uttarakhand","Dehradun","2026-02-05T04:28:10.805Z","24.65119928221067","187.0275588081678","13.021283834200625","2.05932323656271","9.989030102598468","14.99134488911038"
"pol-346","West Bengal","Kolkata","2026-02-05T03:28:10.805Z","199.38442521746316","94.44764379442474","40.630742932772534","8.606279311453289","35.53135534511295","55.942300271442534"
"pol-347","Delhi","New Delhi","2026-02-05T02:28:10.805Z","7.267950476006568","212.89075341659324","19.52102758370989","8.688274797138472","44.483534893315976","25.5043236329081"
"pol-348","Andhra Pradesh","Visakhapatnam","2026-02-05T01:28:10.805Z","0.6396481759364026","288.8145464807476","10.65696546942787","7.342799377726149","20.412061768112338","4.123120102644407"
"pol-349","Arunachal Pradesh","Itanagar","2026-02-05T00:28:10.805Z","181.66446150717238","86.57472936913973","8.17299692692763","9.737510564752945","13.084857809158946","68.03656311465126"
"pol-350","Assam","Guwahati","2026-02-04T23:28:10.805Z","74.50797964948042","158.11144399289103","55.722745182694986","5.03790044015121","9.866885004561404","28.17318627556481"
"pol-351","Bihar","Patna","2026-02-04T22:28:10.805Z","63.79058248858194","27.838005620654926","30.227225604522445","6.032092168850431","8.509318842010371","77.92110675013552"
"pol-352","Chhattisgarh","Raipur","2026-02-04T21:28:10.805Z","33.687768893488965","9.513548909415592","57.21163951148263","2.9159848598746105","2.563908242738011","38.777239653937336"
"pol-353","Goa","Panaji","2026-02-04T20:28:10.805Z","163.20232103700732","64.13124875503232","65.22731194598644","9.471913918340725","1.067584107972841","48.79354956560572"
"pol-354","Gujarat","Ahmedabad","2026-02-04T19:28:10.805Z","34.430249186714114","237.4083141464377","54.189711319559784","2.5098638501568935","32.21343118729957","64.85658543718245"
"pol-355","Haryana","Gurugram","2026-02-04T18:28:10.805Z","124.64739286703323","76.57931055715824","12.535996113019179","4.493550526757778","10.961472541008488","85.99542346483956"
"pol-356","Himachal Pradesh","Shimla","2026-02-04T17:28:10.805Z","128.05187705768907","75.33475652345658","41.02750396945004","2.0712650660015255","24.715714836091173","98.80578902278067"
"pol-357","Jharkhand","Ranchi","2026-02-04T16:28:10.805Z","157.57228538707136","146.3203914529901","11.070705066288609","6.810797044515605","26.41839377640637","38.983291906124876"
"pol-358","Karnataka","Bengaluru","2026-02-04T15:28:10.805Z","198.200890272592","260.08564476927404","63.72389868666602","7.123414535927047","2.003404598825853","13.594672635830996"
"pol-359","Kerala","Thiruvananthapuram","2026-02-04T14:28:10.805Z","171.8632633277198","194.16331511400708","7.194130618283712","1.6378530459758223","47.405571489171216","19.9004945302926"
"pol-360","Madhya Pradesh","Bhopal","2026-02-04T13:28:10.805Z","179.2203602306468","30.742609097122997","8.301716530066985","1.6890934486727027","29.582437657000277","4.086436412327632"
"pol-361","Maharashtra","Mumbai","2026-02-04T12:28:10.805Z","63.25261909113537","84.87188842896818","30.96437109167697","2.7891111991400086","3.1446950001825402","30.038398321052096"
"pol-362","Manipur","Imphal","2026-02-04T11:28:10.805Z","31.905905524347354","184.0182869009145","27.887986638150643","2.684637869322489","30.14421273451037","25.084099759659406"
"pol-363","Meghalaya","Shillong","2026-02-04T10:28:10.805Z","152.5175663719444","151.33502509218073","27.56835436142044","2.5975983782759826","44.30145627021698","38.52216291913834"
"pol-364","Mizoram","Aizawl","2026-02-04T09:28:10.805Z","122.05295221087515","92.99510704765832","33.665263973821055","8.043036081226987","39.64776786405732","63.550136909169"
"pol-365","Nagaland","Kohima","2026-02-04T08:28:10.805Z","2.7531648794754116","174.712829582609","16.719876674786622","4.909815353992839","42.70267730270299","92.95034934731771"
"pol-366","Odisha","Bhubaneswar","2026-02-04T07:28:10.805Z","41.93728206859162","6.439956852327722","66.4005377642164","0.5764982116371176","15.788966590476189","77.65491552541653"
"pol-367","Punjab","Ludhiana","2026-02-04T06:28:10.805Z","66.01123973018079","66.56580002536349","21.50277258826403","1.8130804533039901","43.34803828659546","26.21705162120781"
"pol-368","Rajasthan","Jaipur","2026-02-04T05:28:10.805Z","170.93430889031507","126.01335746907696","38.09263314686331","4.314932367567621","22.38716180703352","61.73244243837161"
"pol-369","Sikkim","Gangtok","2026-02-04T04:28:10.805Z","38.18936259192298","294.9693975308405","36.40711957164733","5.389222063582481","45.05290498182084","13.932409465292627"
"pol-370","Tamil Nadu","Chennai","2026-02-04T03:28:10.805Z","61.79588261217048","245.81480391470913","38.034886454059304","6.41897203574509","24.81333285595128","70.26428174724644"
"pol-371","Telangana","Hyderabad","2026-02-04T02:28:10.805Z","186.04866035220059","100.21620142537807","12.943026944569063","0.8969476769642726","8.277560697231511","82.10634916428447"
"pol-372","Tripura","Agartala","2026-02-04T01:28:10.805Z","30.160510989804457","236.87948882793503","58.01451676127843","8.398707720909629","11.17322510466448","36.92514921046942"
"pol-373","Uttar Pradesh","Lucknow","2026-02-04T00:28:10.805Z","168.59710985582964","236.52081854146394","5.345970282992392","2.600326550973686","8.934473865371478","88.5164367554271"
"pol-374","Uttarakhand","Dehradun","2026-02-03T23:28:10.805Z","95.88171596655921","291.18013234318823","66.4680359530544","9.740977420940887","36.82371582574998","95.30827171661588"
"pol-375","West Bengal","Kolkata","2026-02-03T22:28:10.805Z","159.23834923985262","43.124872114270204","51.605410140113285","3.4922312243717837","1.9790688022189251","65.74314727510651"
"pol-376","Delhi","New Delhi","2026-02-03T21:28:10.805Z","133.09447656400636","68.12113863059953","77.90024680947317","5.083502246760179","46.002528741791906","93.58280309489254"
"pol-377","Andhra Pradesh","Visakhapatnam","2026-02-03T20:28:10.805Z","149.2553298354428","159.78190135859322","63.32860944415355","4.416097315355274","28.201007610313994","10.150540179614808"
"pol-378","Arunachal Pradesh","Itanagar","2026-02-03T19:28:10.805Z","152.14700949099827","121.80532561416393","37.576712856842924","3.159188921310856","49.76195743882245","18.408399667444996"
"pol-379","Assam","Guwahati","2026-02-03T18:28:10.805Z","73.24880814046483","195.42625961182895","43.6534572651065","2.2086509846322153","29.16281615700172","10.592582386782745"
"pol-380","Bihar","Patna","2026-02-03T17:28:10.806Z","16.60865897743151","65.78029100853792","39.80163706560483","4.121031599423103","31.147679422451862","80.2276331307034"
"pol-381","Chhattisgarh","Raipur","2026-02-03T16:28:10.806Z","104.52949031170309","86.20671447096893","54.88881718820814","6.901365314116548","36.08958888221114","24.48777982997903"
"pol-382","Goa","Panaji","2026-02-03T15:28:10.806Z","64.39656520787575","129.20181525639822","6.787166655485635","8.32758552031217","40.94560691346902","76.56290649561723"
"pol-383","Gujarat","Ahmedabad","2026-02-03T14:28:10.806Z","152.1953031003571","124.98593603259492","58.0873031152933","7.1921362350442655","14.71046365731698","67.18062725014833"
"pol-384","Haryana","Gurugram","2026-02-03T13:28:10.806Z","48.047041445549475","188.36331573995918","27.877979650979057","2.329053296111865","38.59864819774686","89.10986306744412"
"pol-385","Himachal Pradesh","Shimla","2026-02-03T12:28:10.806Z","110.11720689030082","286.2721609500076","12.84806511022449","7.166848781729805","27.67412065851515","41.425121769775764"
"pol-386","Jharkhand","Ranchi","2026-02-03T11:28:10.806Z","164.23361142304373","295.723112158362","35.07437237025389","4.944430539919864","25.17866823665654","60.4022551425512"
"pol-387","Karnataka","Bengaluru","2026-02-03T10:28:10.806Z","153.18729103549805","76.99032087081777","60.23345205432287","2.724185841161403","21.966409880557613","74.51292928194533"
"pol-388","Kerala","Thiruvananthapuram","2026-02-03T09:28:10.806Z","50.95277028694076","253.4847798831596","50.181796793280036","0.6011828459827595","33.62379757235238","17.60060414179604"
"pol-389","Madhya Pradesh","Bhopal","2026-02-03T08:28:10.806Z","72.14344692797386","134.74142306582664","45.652975385891416","1.4020562490532018","11.301534429337146","26.44939880205205"
"pol-390","Maharashtra","Mumbai","2026-02-03T07:28:10.806Z","178.37477051184948","144.27707420396436","44.05174322679771","0.61909317039056","7.580967763043445","64.6868864014572"
"pol-391","Manipur","Imphal","2026-02-03T06:28:10.806Z","53.95007783447592","230.74214076896874","74.57517799982654","9.95446790548034","38.57911398692015","36.949319769084056"
"pol-392","Meghalaya","Shillong","2026-02-03T05:28:10.806Z","95.7466627882809","131.3277019219218","52.89124892066756","8.55814195051397","40.43300851680854","55.27815261491879"
"pol-393","Mizoram","Aizawl","2026-02-03T04:28:10.806Z","51.31040576869004","27.6557072008478","5.860529730153878","9.31493283807905","21.582994125839498","75.48113137860813"
"pol-394","Nagaland","Kohima","2026-02-03T03:28:10.806Z","193.96994909687254","168.30406380348447","8.520483824722973","5.0240253888440565","15.855271075669991","20.644603849220754"
"pol-395","Odisha","Bhubaneswar","2026-02-03T02:28:10.806Z","135.52446828294725","236.182832635731","47.051110735382","1.823994435630324","20.918380746264514","71.68445050941173"
"pol-396","Punjab","Ludhiana","2026-02-03T01:28:10.806Z","141.8948076458071","297.8514075206015","76.76751424056616","3.333255787011178","6.997831082163275","83.67593251065306"
"pol-397","Rajasthan","Jaipur","2026-02-03T00:28:10.806Z","59.22800986649426","170.9545024514296","21.96866985481283","9.629124076279826","35.69836557011068","96.27833618788864"
"pol-398","Sikkim","Gangtok","2026-02-02T23:28:10.806Z","177.42572664621457","289.5737588137745","45.46800097453996","8.505183773391664","32.684656312143446","46.126731139594504"
"pol-399","Tamil Nadu","Chennai","2026-02-02T22:28:10.806Z","155.94088946136424","125.02813648977936","53.61872462295031","7.056458500543443","37.761287600173866","16.66039144851882"
"pol-400","Telangana","Hyderabad","2026-02-02T21:28:10.806Z","27.28148068535019","137.67086873634906","79.6060790427114","4.571293679691079","34.70581310123823","64.99924630504468"
"pol-401","Tripura","Agartala","2026-02-02T20:28:10.806Z","22.912410658356073","184.33918017584298","9.70292138825064","9.625008900006682","36.48232737472236","83.31945031674043"
"pol-402","Uttar Pradesh","Lucknow","2026-02-02T19:28:10.806Z","169.38619000772738","79.8514634889818","79.64771824128653","8.785531325582994","45.650906734401104","44.03475115098715"
"pol-403","Uttarakhand","Dehradun","2026-02-02T18:28:10.806Z","192.69336328394562","276.1961252331762","12.105061465013618","1.8999695566806518","39.78695045101628","26.266571501883995"
"pol-404","West Bengal","Kolkata","2026-02-02T17:28:10.806Z","108.716894441755","118.77129503094173","51.29976235221379","1.1186795430982521","15.150107137087437","45.17413667474618"
"pol-405","Delhi","New Delhi","2026-02-02T16:28:10.806Z","90.90485105107939","157.96231656871987","20.131862833592074","8.50921913840402","20.88516621183668","73.11731519686522"
"pol-406","Andhra Pradesh","Visakhapatnam","2026-02-02T15:28:10.806Z","11.07010337734755","112.50181789359372","16.69449673603335","7.701370345529681","12.143455878061399","96.50791316213294"
"pol-407","Arunachal Pradesh","Itanagar","2026-02-02T14:28:10.806Z","15.57356481944483","160.9982923810561","51.54037648727406","5.835314382657122","29.20161702035362","45.86233751757882"
"pol-408","Assam","Guwahati","2026-02-02T13:28:10.806Z","135.79372894750875","48.45008015604646","9.5355383707588","4.720342775326292","4.499997285016811","40.392932514597426"
"pol-409","Bihar","Patna","2026-02-02T12:28:10.806Z","171.6492775447644","296.1342404778897","7.984895289382141","0.9201218964122437","37.47481847807316","27.400933294397987"
"pol-410","Chhattisgarh","Raipur","2026-02-02T11:28:10.806Z","96.63396948094976","293.4754076980562","62.56093648822529","3.8039202120572946","15.492065486803863","10.893656963314358"
"pol-411","Goa","Panaji","2026-02-02T10:28:10.806Z","12.853043190914338","78.96376168363209","72.47216086792095","1.6395694501141322","23.570281764797542","30.215680713928318"
"pol-412","Gujarat","Ahmedabad","2026-02-02T09:28:10.806Z","86.54443029043746","260.99735788964495","16.208512632202474","4.837859983391205","3.840010137531147","77.63553787729153"
"pol-413","Haryana","Gurugram","2026-02-02T08:28:10.806Z","80.68986943203849","79.26165837309055","9.881116888042243","5.405395714782923","38.8265942268017","47.79758741842678"
"pol-414","Himachal Pradesh","Shimla","2026-02-02T07:28:10.806Z","75.95473281941972","65.65069313986237","48.15221595599087","2.77158009290398","36.261650571852165","89.71625245014894"
"pol-415","Jharkhand","Ranchi","2026-02-02T06:28:10.806Z","179.44064976063024","21.50851599757265","39.3887836811418","8.479328819714175","31.168521837211788","32.082872994509714"
"pol-416","Karnataka","Bengaluru","2026-02-02T05:28:10.806Z","183.9852164337354","275.42834905956124","70.58696655896797","0.3514432259622957","3.089589001580084","75.19133270708252"
"pol-417","Kerala","Thiruvananthapuram","2026-02-02T04:28:10.806Z","190.5406060420483","31.59653726302143","52.37945055871697","2.6546235821342012","31.147903130637804","88.46851023664382"
"pol-418","Madhya Pradesh","Bhopal","2026-02-02T03:28:10.806Z","25.991890370857963","163.85531569405072","19.136897872584164","6.844129537852998","35.12181794739318","80.10502720206377"
"pol-419","Maharashtra","Mumbai","2026-02-02T02:28:10.806Z","44.56122221417769","46.23712773286643","59.39508265171633","6.28147234176901","42.09917659885704","72.71293972614333"
"pol-420","Manipur","Imphal","2026-02-02T01:28:10.806Z","0.2842450675111907","67.8650754322486","64.78250003448761","2.6782092030831386","44.771573320679025","36.843159695073034"
"pol-421","Meghalaya","Shillong","2026-02-02T00:28:10.806Z","114.62084405378255","171.43476074842815","49.15829296123006","8.450994162350275","7.202541242676558","93.28740938634327"
"pol-422","Mizoram","Aizawl","2026-02-01T23:28:10.806Z","46.132271249268996","124.47048006541218","25.193072172717123","4.964608367566782","15.231742631136374","53.258284768699646"
"pol-423","Nagaland","Kohima","2026-02-01T22:28:10.806Z","81.87320085155014","112.79252167864952","35.684504611857705","5.879684166944099","41.9850277506948","53.28230149931306"
"pol-424","Odisha","Bhubaneswar","2026-02-01T21:28:10.806Z","173.5139655143985","120.3752767712709","1.7771198205029393","1.0310191076543218","39.32124536095495","42.47014213963038"
"pol-425","Punjab","Ludhiana","2026-02-01T20:28:10.806Z","127.77364264899941","105.67456767243108","17.18113424351735","3.2321482428198767","44.70399447863434","37.796117861170785"
"pol-426","Rajasthan","Jaipur","2026-02-01T19:28:10.806Z","168.18781840543463","182.63993073792574","52.86776321632648","6.423871027626854","2.2484008160138402","43.47173086166776"
"pol-427","Sikkim","Gangtok","2026-02-01T18:28:10.806Z","72.86298316504957","173.63046346898597","77.23044634735756","0.6463720112384963","34.9545748309241","56.666898057201074"
"pol-428","Tamil Nadu","Chennai","2026-02-01T17:28:10.806Z","54.89596052327561","175.20074329790242","5.486242535637285","2.727136655033072","2.746066866056096","88.5506630733423"
"pol-429","Telangana","Hyderabad","2026-02-01T16:28:10.806Z","0.9608341532642894","5.1620394427196015","34.585775267324266","3.154712875757779","17.989811345201044","62.0639646501087"
"pol-430","Tripura","Agartala","2026-02-01T15:28:10.806Z","99.69627310775893","234.6131478194818","79.5853015819976","0.6440820264890623","5.8759627097059735","75.18149841904837"
"pol-431","Uttar Pradesh","Lucknow","2026-02-01T14:28:10.806Z","183.55548888144529","69.91460559755862","16.196404271674794","9.933670804998217","48.48850869387208","33.00811524615159"
"pol-432","Uttarakhand","Dehradun","2026-02-01T13:28:10.806Z","75.97117507806044","189.18147498859602","46.47607037913724","2.5667817076896906","9.661343564814784","50.657553321194925"
"pol-433","West Bengal","Kolkata","2026-02-01T12:28:10.806Z","135.09279859247127","182.64314324879726","18.5331452396293","2.8799988410654453","32.55695370563878","95.77113947197385"
"pol-434","Delhi","New Delhi","2026-02-01T11:28:10.806Z","59.08846901827274","177.99819490907757","31.283530922145538","3.548411622788402","1.8848853410377064","44.25227933559008"
"pol-435","Andhra Pradesh","Visakhapatnam","2026-02-01T10:28:10.806Z","48.39733337867413","63.33112436758539","69.97355371042195","6.0203311581547405","40.87889169237072","89.72990139619178"
"pol-436","Arunachal Pradesh","Itanagar","2026-02-01T09:28:10.806Z","193.43294811828414","226.86869274810712","55.74288943326626","5.993914716373765","43.65578858227634","44.03456548779976"
"pol-437","Assam","Guwahati","2026-02-01T08:28:10.806Z","8.454934771264156","169.81683848316334","66.99576912733421","5.791244735126182","49.28473072285538","87.63845602041582"
"pol-438","Bihar","Patna","2026-02-01T07:28:10.806Z","116.83550608851078","298.012350002687","62.85414339494796","8.87376230874273","23.470794365437392","91.70014535770892"
"pol-439","Chhattisgarh","Raipur","2026-02-01T06:28:10.806Z","19.6161125345953","236.31200680464056","76.37414252075604","2.963829185444503","45.55541020198188","47.084527035824856"
"pol-440","Goa","Panaji","2026-02-01T05:28:10.806Z","84.86941201507081","266.57381719708644","79.77607394381752","4.735976017818773","1.819493985759385","89.3450443912652"
"pol-441","Gujarat","Ahmedabad","2026-02-01T04:28:10.806Z","43.79509321052977","126.58402348138468","30.46814629681795","4.207768993160638","37.248160025286204","4.155943152384777"
"pol-442","Haryana","Gurugram","2026-02-01T03:28:10.806Z","160.00629671288524","257.33293308811875","12.826023929963064","3.4290719205651676","39.409855498025706","48.46672760233191"
"pol-443","Himachal Pradesh","Shimla","2026-02-01T02:28:10.806Z","138.13717379634417","227.44208220520648","21.781314152571206","0.9463643823355328","42.02145358735966","53.2232078411136"
"pol-444","Jharkhand","Ranchi","2026-02-01T01:28:10.806Z","117.3340736656652","22.267250526559724","12.394511519010045","3.4414535176009373","37.6169871559645","51.023120904358535"
"pol-445","Karnataka","Bengaluru","2026-02-01T00:28:10.806Z","10.417349165263978","94.2295374388361","57.64207405517343","0.0999199855761268","2.9305531198321297","9.229563679876929"
"pol-446","Kerala","Thiruvananthapuram","2026-01-31T23:28:10.806Z","136.33132817941134","66.51648093895103","41.662798037635554","2.9963552967543485","23.645136823007984","71.74150137345245"
"pol-447","Madhya Pradesh","Bhopal","2026-01-31T22:28:10.806Z","156.59592951665326","232.58205800878656","66.91772311519006","5.443908554943455","28.08037443258295","85.77321805860618"
"pol-448","Maharashtra","Mumbai","2026-01-31T21:28:10.806Z","54.8744638746915","289.6761214087023","52.07124628777112","2.167033590249744","6.518695469346064","55.46468664705754"
"pol-449","Manipur","Imphal","2026-01-31T20:28:10.806Z","158.36445371655324","272.7152260019696","20.304967052280603","4.169179114887642","21.004365403253434","33.538943018970414"
"pol-450","Meghalaya","Shillong","2026-01-31T19:28:10.806Z","105.34781334302734","13.936441925669396","24.95868821363611","5.301259440588632","7.653110840565685","40.06327425135539"
"pol-451","Mizoram","Aizawl","2026-01-31T18:28:10.806Z","68.52645505353891","84.00760337731563","3.0015500299895415","6.953004821337476","7.072881147715165","13.548309290339745"
"pol-452","Nagaland","Kohima","2026-01-31T17:28:10.806Z","185.68982614929632","227.93483573292053","58.23426356394733","3.6311264993186896","27.335276281610525","5.069519297556557"
"pol-453","Odisha","Bhubaneswar","2026-01-31T16:28:10.806Z","114.39895745551212","202.11073751376452","12.818974594978965","3.3942117805325855","17.549412977396877","50.75468444692278"
"pol-454","Punjab","Ludhiana","2026-01-31T15:28:10.806Z","129.57946121158002","282.8130414567671","63.37681313747886","0.9305503936504467","48.97030225630109","8.351191811074132"
"pol-455","Rajasthan","Jaipur","2026-01-31T14:28:10.806Z","122.87284104386687","27.61028175581447","4.643406655747047","2.0139393035464117","42.21397742950499","56.36309032820741"
"pol-456","Sikkim","Gangtok","2026-01-31T13:28:10.806Z","115.57352874965959","273.9631133903852","39.86798237150742","5.090614653489864","25.24767223850687","90.92807820191582"
"pol-457","Tamil Nadu","Chennai","2026-01-31T12:28:10.806Z","37.604015378732925","259.53110002077057","75.6445148852546","4.5495043700952555","25.589323052824163","31.07970678164802"
"pol-458","Telangana","Hyderabad","2026-01-31T11:28:10.806Z","69.07361935516236","167.47382425558155","43.623283103401135","1.2963331700300595","21.525867874460236","96.00077512959861"
"pol-459","Tripura","Agartala","2026-01-31T10:28:10.806Z","166.66578484896402","218.12114648690343","59.10029502338457","7.748487868212268","29.881003132310376","92.06530614553621"
"pol-460","Uttar Pradesh","Lucknow","2026-01-31T09:28:10.806Z","85.49189099739212","94.87792501898254","55.97451032925734","7.359007663256003","13.379158026266868","28.200289649739275"
"pol-461","Uttarakhand","Dehradun","2026-01-31T08:28:10.806Z","183.81261020215283","281.87117691472326","10.921336500510712","5.572309326312932","15.12821533808228","87.21609271167962"
"pol-462","West Bengal","Kolkata","2026-01-31T07:28:10.806Z","16.76606502409086","160.5439047768351","48.53232533618841","6.806531715893297","46.79973376510665","2.7764540975350083"
"pol-463","Delhi","New Delhi","2026-01-31T06:28:10.806Z","37.4962590170482","117.249844156213","25.748096764133905","2.4192629180186866","7.798893926885587","94.5495728379867"
"pol-464","Andhra Pradesh","Visakhapatnam","2026-01-31T05:28:10.806Z","163.7780208500479","188.20340889237178","5.6696056252516325","0.0763589869412662","34.2426613094176","69.62472188229884"
"pol-465","Arunachal Pradesh","Itanagar","2026-01-31T04:28:10.806Z","101.48643264705316","252.35134246988198","45.06960067430781","5.482804301821201","21.220233676049954","16.254264975173005"
"pol-466","Assam","Guwahati","2026-01-31T03:28:10.806Z","162.94157091687097","190.21561177480174","56.10410787979181","6.91348478276578","39.672229726197536","61.13791267274148"
"pol-467","Bihar","Patna","2026-01-31T02:28:10.806Z","126.33156540689676","107.04772486492887","66.16566770091706","3.298407356799694","45.68678235324899","60.64090757956907"
"pol-468","Chhattisgarh","Raipur","2026-01-31T01:28:10.806Z","191.0889570357031","243.6709433885885","55.68385396741148","3.126812493799449","2.690848333123058","48.25789025898158"
"pol-469","Goa","Panaji","2026-01-31T00:28:10.806Z","127.1376091022186","67.35649754566342","29.331891867523822","2.3576487974940052","49.60303230886033","68.1665908096066"
"pol-470","Gujarat","Ahmedabad","2026-01-30T23:28:10.806Z","150.34631638820397","225.57117842495157","69.45054645786962","1.661795604496975","48.86387833123522","9.144123253048765"
"pol-471","Haryana","Gurugram","2026-01-30T22:28:10.806Z","45.694675743740085","289.4219616623294","63.25225777744575","4.497876908167541","38.88119382764844","27.100206092535885"
"pol-472","Himachal Pradesh","Shimla","2026-01-30T21:28:10.806Z","171.25345755868324","157.17456242583359","25.931407518239425","5.569857089923543","35.68038653861115","98.21022286980693"
"pol-473","Jharkhand","Ranchi","2026-01-30T20:28:10.806Z","165.93218916570314","140.51766271815922","17.449220281945415","4.243771827791669","48.352684225136414","48.070346557564136"
"pol-474","Karnataka","Bengaluru","2026-01-30T19:28:10.806Z","194.27226640512498","249.87936938941118","70.40299436050054","2.7698019320621245","41.98342220568179","28.17107700139698"
"pol-475","Kerala","Thiruvananthapuram","2026-01-30T18:28:10.806Z","123.9229606032329","220.06968355895864","50.72824963386652","6.446267051998152","25.338056660940666","62.0276005192076"
"pol-476","Madhya Pradesh","Bhopal","2026-01-30T17:28:10.806Z","101.00803744349089","271.60661255450634","69.66215578607925","4.949688279585097","48.24930818848916","55.18696406286801"
"pol-477","Maharashtra","Mumbai","2026-01-30T16:28:10.806Z","110.53829567936712","285.1798006568101","39.61817886065502","4.934619751447226","44.002253603032166","13.467386714056317"
"pol-478","Manipur","Imphal","2026-01-30T15:28:10.806Z","1.5230360661806053","285.5733604798535","74.65391141287425","2.459155005641441","23.774220475515396","80.72685543811609"
"pol-479","Meghalaya","Shillong","2026-01-30T14:28:10.806Z","46.352812015741776","63.299866399906435","47.97973040981557","6.018272370813392","41.647281572290595","1.4771318707766379"
"pol-480","Mizoram","Aizawl","2026-01-30T13:28:10.806Z","169.73584431438965","135.38219750712545","70.58617380925968","6.479354242434095","20.356896968164108","60.90937654855273"
"pol-481","Nagaland","Kohima","2026-01-30T12:28:10.806Z","114.6754236039145","202.39224053473714","9.09852964589481","4.324868910172435","10.541003722918918","27.148300304687357"
"pol-482","Odisha","Bhubaneswar","2026-01-30T11:28:10.806Z","181.34357560521576","239.57647246001318","45.85379780988376","9.132688206139157","47.55351757259068","12.34405012592491"
"pol-483","Punjab","Ludhiana","2026-01-30T10:28:10.806Z","34.82367996524689","31.65549924269666","51.17279249035262","1.8846549163857684","30.05129738373916","90.53592075802199"
"pol-484","Rajasthan","Jaipur","2026-01-30T09:28:10.806Z","72.542250244546","31.943250790879098","39.52213050518324","4.717304602031554","41.71890065035306","41.261459062441695"
"pol-485","Sikkim","Gangtok","2026-01-30T08:28:10.806Z","3.7210570925381825","39.19016805368095","26.38005998896808","4.2538419644630645","30.135443761516644","55.582170136889886"
"pol-486","Tamil Nadu","Chennai","2026-01-30T07:28:10.806Z","141.3097320936258","194.64248993840232","9.353693247937533","5.352707128904417","20.452660331574464","46.44588869891263"
"pol-487","Telangana","Hyderabad","2026-01-30T06:28:10.806Z","149.61966693376573","168.74070944101283","3.6135317732008065","0.2223367552939448","37.63941390006394","60.654093196744086"
"pol-488","Tripura","Agartala","2026-01-30T05:28:10.806Z","19.033473178202385","247.55207906866022","28.24954869051374","7.077723806854661","48.15202863536223","93.5288584715738"
"pol-489","Uttar Pradesh","Lucknow","2026-01-30T04:28:10.806Z","48.52010876990658","258.186005163408","29.262468831029054","4.049169822695459","26.94653570311004","48.06015003524469"
"pol-490","Uttarakhand","Dehradun","2026-01-30T03:28:10.806Z","64.73504605347024","114.94927149229127","12.834927079997724","8.451834977141138","18.4863153937596","64.21118537605601"
"pol-491","West Bengal","Kolkata","2026-01-30T02:28:10.806Z","91.13877554660586","199.06147778013806","44.478697595385384","5.842110305827212","11.744858067423452","90.3538495642112"
"pol-492","Delhi","New Delhi","2026-01-30T01:28:10.806Z","100.25834568827878","270.5092797723029","42.745705163472536","1.8158119773262882","41.06957131115101","15.06781067099241"
"pol-493","Andhra Pradesh","Visakhapatnam","2026-01-30T00:28:10.806Z","67.83480593868461","83.01421130143936","29.480709408518003","4.8612434833692","41.82650614482196","21.089337738341307"
"pol-494","Arunachal Pradesh","Itanagar","2026-01-29T23:28:10.806Z","187.23999114127912","228.67720450400856","42.59594696893204","5.79806954237947","29.72114412292156","70.44511356780605"
"pol-495","Assam","Guwahati","2026-01-29T22:28:10.806Z","34.62820198909866","62.780364946934284","44.63233491571708","7.672462997030431","33.26845509638653","72.55223971142632"
"pol-496","Bihar","Patna","2026-01-29T21:28:10.806Z","45.49546042764072","34.58645310538551","22.580064572045657","6.898342946567153","28.789163140666506","90.63785028469144"
"pol-497","Chhattisgarh","Raipur","2026-01-29T20:28:10.806Z","18.03998336759185","76.59287653683651","23.83241251221051","1.8380790829319782","18.485841250792806","92.95293994622887"
"pol-498","Goa","Panaji","2026-01-29T19:28:10.806Z","38.510641633458256","83.5597822403091","57.471281342195965","0.7284395305657676","26.30488677122419","36.52577425729749"
"pol-499","Gujarat","Ahmedabad","2026-01-29T18:28:10.806Z","6.530238824890833","30.887368995268815","78.14192562980223","9.977578968854356","35.732139964569114","49.26587089303699"
"pol-500","Haryana","Gurugram","2026-01-29T17:28:10.806Z","121.11466339681122","180.68559719142527","49.666172255821834","2.643556310541393","15.779574502607874","8.852457560036598"
"pol-501","Himachal Pradesh","Shimla","2026-01-29T16:28:10.806Z","136.99648766333857","151.92481927255042","10.631462903086701","1.1020452165007921","18.709170133401603","18.284091876270626"
"pol-502","Jharkhand","Ranchi","2026-01-29T15:28:10.806Z","114.1313136593355","230.41128948934204","52.71581716283826","6.236591653041577","7.904987352791515","21.634237395751533"
"pol-503","Karnataka","Bengaluru","2026-01-29T14:28:10.806Z","113.80644556155501","137.78942720509428","60.91967810045026","4.274805635984192","6.833657447645352","3.7456268432425555"
"pol-504","Kerala","Thiruvananthapuram","2026-01-29T13:28:10.806Z","90.34892423805418","242.38488564049908","23.30920277769863","8.398310815722402","16.040749993875135","38.15971451984914"
"pol-505","Madhya Pradesh","Bhopal","2026-01-29T12:28:10.806Z","65.85809553692177","76.94751857622542","14.715473716148333","4.397203303305906","22.570482875507057","55.093387052336084"
"pol-506","Maharashtra","Mumbai","2026-01-29T11:28:10.806Z","123.2973681137679","58.39180181853594","76.74576633310073","1.7726759129933023","15.082168332913026","83.06506074411608"
"pol-507","Manipur","Imphal","2026-01-29T10:28:10.806Z","85.35501080472183","248.68219714802578","4.575752925590999","4.444623921721438","1.799347392638967","44.859765351954174"
"pol-508","Meghalaya","Shillong","2026-01-29T09:28:10.806Z","20.24693519163565","218.10145820914647","75.1448029447934","1.3982512968118055","9.892141803058324","0.3687852105651812"
"pol-509","Mizoram","Aizawl","2026-01-29T08:28:10.806Z","33.192579093486586","140.42102062853562","46.94627431623942","8.841650765093444","7.461219143765696","81.52469017535819"
"pol-510","Nagaland","Kohima","2026-01-29T07:28:10.806Z","53.505268132791414","4.427734761588398","2.939593117133006","8.792869245956986","46.30341038251055","32.41258165799567"
"pol-511","Odisha","Bhubaneswar","2026-01-29T06:28:10.806Z","88.55848279327788","153.22518253885627","29.968792889308446","8.433626912313455","43.950214400543814","76.9465776211097"
"pol-512","Punjab","Ludhiana","2026-01-29T05:28:10.806Z","24.0498836285038","294.8886257449932","35.613101231182014","3.8226343151895428","3.748042053205014","85.33810036672679"
"pol-513","Rajasthan","Jaipur","2026-01-29T04:28:10.806Z","26.592808151937763","265.1373140477809","78.80723252997075","7.245097576990195","35.05699063378642","29.276231720377954"
"pol-514","Sikkim","Gangtok","2026-01-29T03:28:10.806Z","56.04171303734697","216.1910829834311","60.17117795244584","6.304501187177043","1.386589353703943","20.78544127277624"
"pol-515","Tamil Nadu","Chennai","2026-01-29T02:28:10.806Z","39.570594253700754","56.12215408518567","38.17443381252296","2.999503619673065","39.25261741167759","49.36892286688569"
"pol-516","Telangana","Hyderabad","2026-01-29T01:28:10.806Z","91.3736164148889","125.80434863748931","25.760444260945867","4.081749300053945","9.245014719840222","40.94745954422889"
"pol-517","Tripura","Agartala","2026-01-29T00:28:10.806Z","126.62963056083983","283.04363902577944","41.99092652463354","9.883442706580565","47.0818549756743","91.79316791402546"
"pol-518","Uttar Pradesh","Lucknow","2026-01-28T23:28:10.806Z","84.1846576123501","260.82789772512956","2.3597590712447136","6.553955675595903","4.804174898290348","92.54578777200923"
"pol-519","Uttarakhand","Dehradun","2026-01-28T22:28:10.806Z","11.570497454287132","195.63726881518465","41.78369420279638","8.426345712855314","44.90504032070092","24.80753431175299"
"pol-520","West Bengal","Kolkata","2026-01-28T21:28:10.806Z","123.24524418041518","159.56706769367293","46.384795085551914","0.21397461077929392","29.030656171990564","25.500144733584527"
"pol-521","Delhi","New Delhi","2026-01-28T20:28:10.806Z","78.26688956190857","203.9769323850454","59.468254278049045","2.020084687937349","24.399364192641563","99.91075143089027"
"pol-522","Andhra Pradesh","Visakhapatnam","2026-01-28T19:28:10.806Z","189.05342959496832","231.45500878527852","31.663041681279125","4.080135881582931","41.370129918453266","29.163126317682895"
"pol-523","Arunachal Pradesh","Itanagar","2026-01-28T18:28:10.806Z","144.36412397707034","243.2814490311728","59.33700893780216","9.534500795089878","10.784655787133923","50.52336758113041"
"pol-524","Assam","Guwahati","2026-01-28T17:28:10.806Z","75.39076561791384","64.35674111019406","9.647848921175841","7.698774203272548","24.417046673356","88.10657152784447"
"pol-525","Bihar","Patna","2026-01-28T16:28:10.806Z","143.36029132516282","258.04238399826716","0.10703460830373324","6.35279954185873","1.999791526629363","99.34913435967084"
"pol-526","Chhattisgarh","Raipur","2026-01-28T15:28:10.806Z","67.81989682817073","172.43504103381022","47.30174888042707","3.7076781913867416","34.174423492015244","8.293154507397837"
"pol-527","Goa","Panaji","2026-01-28T14:28:10.806Z","124.33463862533894","110.02420205189698","68.42492685763533","2.2263052511702277","16.41310476697404","36.699333642784325"
"pol-528","Gujarat","Ahmedabad","2026-01-28T13:28:10.806Z","35.5641573997181","33.46977657915259","71.31387187962017","6.392571833125187","16.59198222947957","35.94994224831227"
"pol-529","Haryana","Gurugram","2026-01-28T12:28:10.806Z","197.056462142158","11.0385604130533","8.463302134680948","2.2857828147405836","2.564022999792237","40.425961878068826"
"pol-530","Himachal Pradesh","Shimla","2026-01-28T11:28:10.806Z","102.43819125542379","241.86209320425877","77.78752021942432","6.500149387121995","25.6911552960409","62.730875956830666"
"pol-531","Jharkhand","Ranchi","2026-01-28T10:28:10.806Z","111.38206864545559","95.59419718451404","15.334756898939004","6.941419922293135","45.427790469118904","68.75575208689908"
"pol-532","Karnataka","Bengaluru","2026-01-28T09:28:10.806Z","180.11070200243364","241.61873800213047","34.29474316924734","3.508934533529482","36.03872534524684","66.27604090725508"
"pol-533","Kerala","Thiruvananthapuram","2026-01-28T08:28:10.806Z","50.554256100318185","180.97507920648619","27.72297848037942","4.893228705048696","33.14054895600537","25.623048385350444"
"pol-534","Madhya Pradesh","Bhopal","2026-01-28T07:28:10.806Z","57.43751094160376","249.37140199843597","52.2265736733424","2.187636596262813","49.17267647430453","62.18823364884749"
"pol-535","Maharashtra","Mumbai","2026-01-28T06:28:10.806Z","80.61067943935896","32.44227743766701","49.29984175565332","1.4804421185671413","9.460544301330831","34.65669968594789"
"pol-536","Manipur","Imphal","2026-01-28T05:28:10.806Z","97.23036030335396","217.96307834927637","30.745462445816685","5.938608998470501","44.537235461507514","36.4117260458899"
"pol-537","Meghalaya","Shillong","2026-01-28T04:28:10.806Z","53.757923312766295","218.09590968720758","72.8589265199291","4.277660052623987","6.024596712428393","14.947793420661315"
"pol-538","Mizoram","Aizawl","2026-01-28T03:28:10.806Z","34.072473208918","165.86467732904492","12.0566965885026","5.460450431592127","23.971241398758238","35.6251289729278"
"pol-539","Nagaland","Kohima","2026-01-28T02:28:10.806Z","23.168998694649922","298.99671115270775","21.235862913346626","5.492909812217318","15.151786869136341","56.822619610062084"
"pol-540","Odisha","Bhubaneswar","2026-01-28T01:28:10.806Z","109.41654485913976","7.695382565422893","62.51662066528115","2.3158996848555535","36.92321865383635","23.712083473015554"
"pol-541","Punjab","Ludhiana","2026-01-28T00:28:10.806Z","60.877589673422825","72.93170155279869","62.08595478370953","3.728893050154337","36.91961252383284","90.23512045696147"
"pol-542","Rajasthan","Jaipur","2026-01-27T23:28:10.806Z","29.57675644228226","29.123512939720307","58.567669669254116","3.329304095025557","1.6907777440695548","30.000491143428533"
"pol-543","Sikkim","Gangtok","2026-01-27T22:28:10.806Z","192.32027997218216","58.52559658212948","60.237612686824555","5.162152113354853","15.03947615016229","85.49238508504271"
"pol-544","Tamil Nadu","Chennai","2026-01-27T21:28:10.806Z","182.82454946004714","141.3772850971862","43.178538835454326","2.7601715216291165","17.27456794823808","81.64862095077677"
"pol-545","Telangana","Hyderabad","2026-01-27T20:28:10.806Z","123.3704142944553","32.16562909681713","33.2004909376596","2.610498685301519","5.330468777254188","17.80273191855626"
"pol-546","Tripura","Agartala","2026-01-27T19:28:10.806Z","171.4829169763476","189.59552428661001","65.5695554394011","5.340993891940855","16.26051450685157","94.56207316513705"
"pol-547","Uttar Pradesh","Lucknow","2026-01-27T18:28:10.806Z","44.53716591771588","56.903990505044334","7.153883111966355","6.597019673439814","15.076501459099179","92.79938008436841"
"pol-548","Uttarakhand","Dehradun","2026-01-27T17:28:10.806Z","115.98660684439844","51.5628759262825","35.211963909058966","3.321227805723679","37.014480654456236","54.98609974635621"
"pol-549","West Bengal","Kolkata","2026-01-27T16:28:10.806Z","38.10194977312102","109.48754772157727","53.3238934728211","0.9013554168253046","16.28064454656542","55.92605187032835"
"pol-550","Delhi","New Delhi","2026-01-27T15:28:10.806Z","68.12992127500117","96.19193700822595","13.917752591814532","9.622493703535413","31.93177733520945","15.10787065377791"
"pol-551","Andhra Pradesh","Visakhapatnam","2026-01-27T14:28:10.806Z","158.80398080656605","219.23814320560749","7.8489569115553515","5.033205297856656","25.57619156360815","61.184124716955715"
"pol-552","Arunachal Pradesh","Itanagar","2026-01-27T13:28:10.806Z","109.18733013346838","215.6957512314","54.53267625238497","7.432391453408397","7.454922179081813","79.30315329500924"
"pol-553","Assam","Guwahati","2026-01-27T12:28:10.806Z","169.48909052532102","282.23755121381964","72.00496738942013","1.1253308117415106","4.467093188481153","98.1660126132817"
"pol-554","Bihar","Patna","2026-01-27T11:28:10.806Z","65.79028216379122","1.9172194302485068","56.205034025139","9.785946943690346","33.373561960409425","39.128317227229495"
"pol-555","Chhattisgarh","Raipur","2026-01-27T10:28:10.806Z","36.36728471649944","74.57282004237663","18.10181469523691","6.780789100082096","35.514931426800146","84.69024671295547"
"pol-556","Goa","Panaji","2026-01-27T09:28:10.806Z","197.34524394195762","218.54368870652374","40.17685694117646","1.4863105119860265","17.434007960307298","15.543841824057935"
"pol-557","Gujarat","Ahmedabad","2026-01-27T08:28:10.806Z","186.91286749388644","118.70961312516398","72.99019290145067","0.5450683397993816","15.833997428184993","63.41871175901437"
"pol-558","Haryana","Gurugram","2026-01-27T07:28:10.806Z","191.20164174358237","11.62202177644528","27.69414203922959","5.18292869458696","28.570797428927303","1.6732570454807472"
"pol-559","Himachal Pradesh","Shimla","2026-01-27T06:28:10.806Z","66.86855297066481","55.28575897245026","16.651400455518058","7.504321606809752","29.593473374435952","54.376001480471004"
"pol-560","Jharkhand","Ranchi","2026-01-27T05:28:10.806Z","111.70660063898255","246.941482126726","53.48315327077933","3.6220783195537942","3.1150125057134828","41.24590351071112"
"pol-561","Karnataka","Bengaluru","2026-01-27T04:28:10.811Z","193.70930922945314","8.830244299387747","54.26046508909107","9.03252348044235","18.58704179619945","95.0055298700686"
"pol-562","Kerala","Thiruvananthapuram","2026-01-27T03:28:10.811Z","9.822950461625757","2.283206753095246","63.91641695890602","5.41839093378906","20.880867301136323","24.940927345181873"
"pol-563","Madhya Pradesh","Bhopal","2026-01-27T02:28:10.811Z","127.03065143750187","143.93490518418696","27.850709183940587","7.851769976717852","9.785647730373832","71.44431535547824"
"pol-564","Maharashtra","Mumbai","2026-01-27T01:28:10.811Z","169.37290541810427","40.82869306085982","59.929299565643966","1.2300854757837598","21.91576916938796","22.816632208060028"
"pol-565","Manipur","Imphal","2026-01-27T00:28:10.811Z","65.87189529849996","120.63164344407747","66.6935086558795","3.5285877938845855","44.99850493148615","39.536962992075864"
"pol-566","Meghalaya","Shillong","2026-01-26T23:28:10.811Z","27.546456892967687","268.91334385912995","2.3589011172296193","9.731364320249725","16.27332941268382","80.00176592768673"
"pol-567","Mizoram","Aizawl","2026-01-26T22:28:10.811Z","53.10825896944584","236.18993651467702","78.6284586051312","4.784894769738072","42.107830038549835","36.34036778550572"
"pol-568","Nagaland","Kohima","2026-01-26T21:28:10.811Z","182.24850633086928","64.82541824613065","3.2042099595724505","0.5599223688133814","36.10992682054771","10.323577368903313"
"pol-569","Odisha","Bhubaneswar","2026-01-26T20:28:10.811Z","125.9791315965678","274.52696760596456","4.838983957690628","2.873623542119337","2.205513831878841","1.973012244515604"
"pol-570","Punjab","Ludhiana","2026-01-26T19:28:10.811Z","32.93084647357898","54.32725038363135","22.302577517571855","6.73660808972445","14.878145649834963","6.351249690855365"
"pol-571","Rajasthan","Jaipur","2026-01-26T18:28:10.811Z","165.74444919324725","208.81812256608814","8.817646426098147","4.095381468884904","29.87137596183264","47.648074022678024"
"pol-572","Sikkim","Gangtok","2026-01-26T17:28:10.811Z","126.71282131058443","127.62153557289511","41.684667945618514","5.203314553221895","8.589457625023018","58.04411108149675"
"pol-573","Tamil Nadu","Chennai","2026-01-26T16:28:10.811Z","134.92823202098592","54.871144333430664","21.549464288410014","1.8983913744377057","45.52102697538689","44.102176643540126"
"pol-574","Telangana","Hyderabad","2026-01-26T15:28:10.811Z","79.72883882768458","183.9802857622807","32.021742406861115","7.826195960505883","14.185057073987872","47.52258767253332"
"pol-575","Tripura","Agartala","2026-01-26T14:28:10.811Z","152.5330914396603","279.95740278002904","27.75314200319353","8.120421664933618","25.65550253454395","62.41463927780823"
"pol-576","Uttar Pradesh","Lucknow","2026-01-26T13:28:10.811Z","164.54466075479093","270.324604387003","3.3681341552243182","7.811166551595479","29.815871372564533","62.45655710418081"
"pol-577","Uttarakhand","Dehradun","2026-01-26T12:28:10.811Z","29.91547893595694","232.9206079370665","9.280028744460047","5.3027329445483975","20.57520116704402","23.161752128547175"
"pol-578","West Bengal","Kolkata","2026-01-26T11:28:10.811Z","154.88917805006395","256.3165270846962","28.646227826256005","5.160125441197661","14.338367594723762","20.368476918222612"
"pol-579","Delhi","New Delhi","2026-01-26T10:28:10.811Z","108.90394752298984","206.68153635811996","22.133220355147092","4.842552377720933","31.26421899231685","54.093832959079194"
"pol-580","Andhra Pradesh","Visakhapatnam","2026-01-26T09:28:10.811Z","91.26426266328289","16.575691367891444","70.8302743225528","7.314074967096219","8.118797443964892","28.82947793286953"
"pol-581","Arunachal Pradesh","Itanagar","2026-01-26T08:28:10.811Z","11.231784640458997","75.80367980596199","61.10846940027895","1.6639957961737184","32.73265512066779","98.51233358176759"
"pol-582","Assam","Guwahati","2026-01-26T07:28:10.811Z","145.5969231423009","297.2943746744437","31.583650773984317","4.056539519372604","36.6573341139338","14.66078343534737"
"pol-583","Bihar","Patna","2026-01-26T06:28:10.811Z","177.48729081702257","288.7908798885667","37.87477128356605","0.21620449960192523","34.06011951272747","76.59355435866719"
"pol-584","Chhattisgarh","Raipur","2026-01-26T05:28:10.811Z","98.17394092983982","254.83721045722197","38.24353346304722","9.098103828690217","46.99528520199402","43.01440114276084"
"pol-585","Goa","Panaji","2026-01-26T04:28:10.811Z","6.2766937026937475","161.23628098960768","1.2663985229048258","9.926286359944317","33.96749169674806","87.27946058466584"
"pol-586","Gujarat","Ahmedabad","2026-01-26T03:28:10.811Z","184.21010428718392","52.23022256532548","78.05391069122643","6.807263060173538","5.416211376275026","9.879690953771647"
"pol-587","Haryana","Gurugram","2026-01-26T02:28:10.811Z","3.506014396130541","109.28580024299376","76.1839358127554","8.103717262902737","5.460803205916714","3.2044625056973586"
"pol-588","Himachal Pradesh","Shimla","2026-01-26T01:28:10.811Z","158.0254109487502","283.62684621881095","63.12879211237666","1.9198841918056175","39.1719974173782","34.41330493365559"
"pol-589","Jharkhand","Ranchi","2026-01-26T00:28:10.811Z","16.610864715109443","89.31951584111461","15.483827845954092","7.092889625340598","34.75291249851337","52.58976641814185"
"pol-590","Karnataka","Bengaluru","2026-01-25T23:28:10.811Z","31.62804360397573","158.08174231908015","63.240780382419004","5.419342926527227","14.452943413070107","38.81675097595401"
"pol-591","Kerala","Thiruvananthapuram","2026-01-25T22:28:10.811Z","101.85386026341622","139.9340864754059","28.907667080706887","5.957889769096312","33.25094810512847","34.445932811872595"
"pol-592","Madhya Pradesh","Bhopal","2026-01-25T21:28:10.811Z","160.89189946545716","29.317576730474258","75.82844400620792","1.1848757699211798","14.726320647472912","95.08353144249608"
"pol-593","Maharashtra","Mumbai","2026-01-25T20:28:10.811Z","94.17694419683971","278.2776330472034","77.1263857227782","6.991523308719088","25.11058309217919","84.62904639539256"
"pol-594","Manipur","Imphal","2026-01-25T19:28:10.811Z","94.61293509135089","127.52048278163156","60.877059214990595","2.275775839906602","17.897094142022567","29.83621577769322"
"pol-595","Meghalaya","Shillong","2026-01-25T18:28:10.811Z","120.90937923517835","25.832829834900995","63.223655704576515","1.0542328127552192","34.02194000128576","62.1765742093564"
"pol-596","Mizoram","Aizawl","2026-01-25T17:28:10.811Z","40.01616819096705","124.88627505579751","56.73230643063232","5.609597286055833","13.89175907390467","5.9450578084030425"
"pol-597","Nagaland","Kohima","2026-01-25T16:28:10.811Z","50.588283725285166","168.31834734104086","8.978236388911593","4.8999918262433635","5.762626145239719","85.7216983861974"
"pol-598","Odisha","Bhubaneswar","2026-01-25T15:28:10.811Z","28.468527504841703","212.9261495917386","54.685434022729886","2.560842445726339","35.170575315299104","35.102237433086"
"pol-599","Punjab","Ludhiana","2026-01-25T14:28:10.811Z","143.34788422618942","122.93515285260662","42.591437972131025","4.063514205092172","8.499805729041999","27.508181202941895"
"pol-600","Rajasthan","Jaipur","2026-01-25T13:28:10.811Z","90.16404529897326","238.54274273446134","70.55965801128663","0.09034911090026077","33.93326073788804","76.94340448098262"
"pol-601","Sikkim","Gangtok","2026-01-25T12:28:10.811Z","173.28564538013757","249.50561319168634","58.51711054478341","2.1041987160056785","11.56166352839077","16.532276803146097"
"pol-602","Tamil Nadu","Chennai","2026-01-25T11:28:10.811Z","27.47011147825724","111.94351639387425","77.22405218679968","3.0904917067810045","18.454044114692724","78.15376261052887"
"pol-603","Telangana","Hyderabad","2026-01-25T10:28:10.811Z","37.36235590634664","188.2541043046218","20.839194631711706","1.147777442399076","31.605632396601813","48.866486201473805"
"pol-604","Tripura","Agartala","2026-01-25T09:28:10.811Z","122.6570201134826","178.0918973904989","1.0214820439639904","6.347056880181543","11.11425071280423","91.8101148393875"
"pol-605","Uttar Pradesh","Lucknow","2026-01-25T08:28:10.811Z","139.24126621280192","164.94518668953086","66.17654756695332","2.2815846495669048","16.09571362604575","68.13515789461785"
"pol-606","Uttarakhand","Dehradun","2026-01-25T07:28:10.811Z","134.73562453511929","242.70948828010245","44.06490405606228","1.1952026250259307","21.16230660566113","50.78010469395872"
"pol-607","West Bengal","Kolkata","2026-01-25T06:28:10.811Z","194.0840278956299","122.57416221849195","39.05042600896923","8.371938757611892","6.920799102106306","90.21414321789659"
"pol-608","Delhi","New Delhi","2026-01-25T05:28:10.811Z","89.60748195547319","132.08702677761843","69.73303909894261","6.553219301077964","30.08964023187253","51.65463173477014"
"pol-609","Andhra Pradesh","Visakhapatnam","2026-01-25T04:28:10.811Z","183.7863921034712","231.5353048649858","17.172223226169542","1.3523200934099933","45.50531500297496","3.521564574502045"
"pol-610","Arunachal Pradesh","Itanagar","2026-01-25T03:28:10.811Z","64.50588232444167","3.0693644846210066","77.48030393867585","2.9325122863187003","15.437209139697982","93.90208653270386"
"pol-611","Assam","Guwahati","2026-01-25T02:28:10.811Z","170.5848158342906","175.60814412954167","79.84401270005657","8.986579759945414","33.06524290812618","9.528870294183244"
"pol-612","Bihar","Patna","2026-01-25T01:28:10.811Z","191.15866810774511","261.02224681522415","10.231774405090812","5.256184322891051","38.067894349506766","14.150036504725039"
"pol-613","Chhattisgarh","Raipur","2026-01-25T00:28:10.811Z","173.5888118509194","55.00314090872818","45.756952564964706","8.014879942464084","29.249677783823845","47.157498443848354"
"pol-614","Goa","Panaji","2026-01-24T23:28:10.811Z","174.64373303665263","289.82633433801925","47.22723480462025","3.5088809858376733","22.50137391182676","30.89544764792841"
"pol-615","Gujarat","Ahmedabad","2026-01-24T22:28:10.811Z","133.5240437672996","287.5841548381067","17.427243880551497","1.446596001830892","13.686039885418582","51.086844608325585"
"pol-616","Haryana","Gurugram","2026-01-24T21:28:10.811Z","105.84553962448754","29.109115324668","53.92337959955707","6.234599441016851","41.7946330489774","61.94044853819195"
"pol-617","Himachal Pradesh","Shimla","2026-01-24T20:28:10.811Z","137.36590996864192","157.40259884459377","26.906981470134667","3.1090730420262114","48.29714898427285","85.02559429431993"
"pol-618","Jharkhand","Ranchi","2026-01-24T19:28:10.811Z","33.95881966825378","170.65428797736737","78.13376027639461","6.229049827994273","41.638297221015485","34.03108861410998"
"pol-619","Karnataka","Bengaluru","2026-01-24T18:28:10.811Z","25.683501275764797","243.58338035819992","55.04570011602905","3.4764545004445093","0.27610118123503335","58.79007662122516"
"pol-620","Kerala","Thiruvananthapuram","2026-01-24T17:28:10.811Z","64.24708988997325","271.67323698656867","30.43922743983467","4.0344882694464275","32.46989324855523","92.15920674449798"
"pol-621","Madhya Pradesh","Bhopal","2026-01-24T16:28:10.811Z","70.53593502728681","167.38924837656816","28.710806088379535","1.5122489552834084","44.76038279476044","85.02414967872983"
"pol-622","Maharashtra","Mumbai","2026-01-24T15:28:10.811Z","33.557241640293746","178.7120202685533","73.47009142649459","2.5575184024348485","28.639979746105578","37.34699554953729"
"pol-623","Manipur","Imphal","2026-01-24T14:28:10.811Z","175.47301497195303","14.145012174597738","4.685343672909301","0.12027025150052717","36.24937055474077","81.07075034827552"
"pol-624","Meghalaya","Shillong","2026-01-24T13:28:10.811Z","199.217759735517","164.76765789870848","17.351115870460116","6.641130443186453","18.432329789863132","29.79600914157504"
"pol-625","Mizoram","Aizawl","2026-01-24T12:28:10.811Z","95.8612162342595","82.8976002029684","64.66021723835335","1.922668921367","7.181875273316962","88.94025161330003"
"pol-626","Nagaland","Kohima","2026-01-24T11:28:10.811Z","33.94888308463795","56.84487047515492","34.15013643938963","9.166034676010339","27.071744419392452","93.995282676039"
"pol-627","Odisha","Bhubaneswar","2026-01-24T10:28:10.811Z","157.81353674947337","149.12958491305005","39.43675253816143","5.450354123499941","39.59475300878172","10.796059502295751"
"pol-628","Punjab","Ludhiana","2026-01-24T09:28:10.811Z","63.2274627702198","236.63188825133298","49.02373955066284","0.8240285613791043","32.4973444837312","71.96778847467002"
"pol-629","Rajasthan","Jaipur","2026-01-24T08:28:10.811Z","184.639688452324","100.01010139143582","29.03873397555148","2.260588469105973","15.972489366771642","6.219697370272648"
"pol-630","Sikkim","Gangtok","2026-01-24T07:28:10.811Z","154.45561638931514","67.67776554738593","76.55695323143844","4.7370615508698535","38.181619375648395","79.19679165292081"
"pol-631","Tamil Nadu","Chennai","2026-01-24T06:28:10.811Z","80.27657563798776","109.76243882999006","14.959723761726433","8.13384533854146","35.19049315234358","22.604012962827447"
"pol-632","Telangana","Hyderabad","2026-01-24T05:28:10.811Z","20.175941667588425","203.86976497192276","77.64307127561287","6.0349520293972745","11.496985474895489","38.340303312026535"
"pol-633","Tripura","Agartala","2026-01-24T04:28:10.811Z","21.43752678810571","195.24260267431612","23.15423731384459","2.5506602149248483","43.71187744092933","39.185264419439505"
"pol-634","Uttar Pradesh","Lucknow","2026-01-24T03:28:10.811Z","190.66222753244432","176.66326439689016","13.200229831359342","4.33255715555555","4.609941200874973","5.621273563778462"
"pol-635","Uttarakhand","Dehradun","2026-01-24T02:28:10.811Z","18.31142595970703","0.9419527245833947","30.24478474997398","6.44570796240297","18.080919460835588","14.779274664462427"
"pol-636","West Bengal","Kolkata","2026-01-24T01:28:10.811Z","76.73632680334501","115.17821166894866","2.478752439121017","4.577493893332805","36.64041047531168","19.61453760968146"
"pol-637","Delhi","New Delhi","2026-01-24T00:28:10.811Z","14.115599861496442","275.367132638346","77.82099835159195","8.915571084633676","8.029226902068965","55.39724867816654"
"pol-638","Andhra Pradesh","Visakhapatnam","2026-01-23T23:28:10.811Z","129.80713261488071","7.440630802041747","44.77493103441432","9.366374430923951","22.607241856131953","6.1536943407348605"
"pol-639","Arunachal Pradesh","Itanagar","2026-01-23T22:28:10.811Z","11.086426425168817","267.60312921923475","27.552514001863074","2.483970021119235","47.341608754537035","91.25358866177864"
"pol-640","Assam","Guwahati","2026-01-23T21:28:10.811Z","86.86722591226317","185.77041005629175","33.21004618654348","6.615623346957671","32.97243961833686","11.035363624004969"
"pol-641","Bihar","Patna","2026-01-23T20:28:10.811Z","99.61455431057777","139.14709996905543","77.33934403352406","2.936107090304575","38.01123762238475","6.15934619843207"
"pol-642","Chhattisgarh","Raipur","2026-01-23T19:28:10.811Z","94.15101288868757","189.03514786257452","64.7681102305032","2.7084951432310547","4.977839705673165","83.14434305422732"
"pol-643","Goa","Panaji","2026-01-23T18:28:10.811Z","1.6664452201417879","204.88770400986044","7.342694515084993","1.7317655510331742","29.266181611263857","78.61083002140947"
"pol-644","Gujarat","Ahmedabad","2026-01-23T17:28:10.811Z","63.39582370236738","173.23156278804487","51.23530742594299","9.968585785522123","11.013685870259138","57.03229126829014"
"pol-645","Haryana","Gurugram","2026-01-23T16:28:10.811Z","155.4868621202182","60.37867076825471","35.87856267811333","6.43365222245726","35.11061384641434","70.60232878918747"
"pol-646","Himachal Pradesh","Shimla","2026-01-23T15:28:10.811Z","193.0040342801773","166.6321193961927","62.38276312685868","2.679405236144908","24.59256801108752","76.44815144571095"
"pol-647","Jharkhand","Ranchi","2026-01-23T14:28:10.811Z","87.52680623382658","204.71756424542843","14.26436367059174","9.710890544027013","47.95164257073834","40.94437864379803"
"pol-648","Karnataka","Bengaluru","2026-01-23T13:28:10.811Z","41.774684019504726","239.83833790581107","11.524501361383237","7.137576190299578","14.00908963243917","74.97102995909327"
"pol-649","Kerala","Thiruvananthapuram","2026-01-23T12:28:10.811Z","34.01783226579131","263.30053036790054","73.0045441358641","8.598738146574588","42.611462427173976","42.089993213602085"
"pol-650","Madhya Pradesh","Bhopal","2026-01-23T11:28:10.811Z","118.53516039958582","12.105448706103505","78.36663753417366","6.99182184143912","14.555928569369813","80.23859831151712"
"pol-651","Maharashtra","Mumbai","2026-01-23T10:28:10.811Z","143.4771163665053","106.36455172956427","18.18071942984173","6.157781173123603","38.89868043379548","7.633419053523149"
"pol-652","Manipur","Imphal","2026-01-23T09:28:10.811Z","187.91189529794664","92.1306053113854","40.32093148901104","1.5313041455199428","32.430452099542265","46.572017279958835"
"pol-653","Meghalaya","Shillong","2026-01-23T08:28:10.811Z","45.01086542854418","193.83979873066627","68.11616487642883","7.611520950288197","20.318862869118128","38.907459451558225"
"pol-654","Mizoram","Aizawl","2026-01-23T07:28:10.811Z","18.364110209768825","113.85553782878875","64.3706463408807","1.9156989631583743","12.813555572836222","23.72605593625262"
"pol-655","Nagaland","Kohima","2026-01-23T06:28:10.811Z","16.77283999960717","242.67464676538947","41.357076513429504","3.8517801948229557","39.77225075859383","23.464383335163706"
"pol-656","Odisha","Bhubaneswar","2026-01-23T05:28:10.811Z","50.329272449847416","269.6763621535187","16.82176292389628","0.05830339026719478","0.3135012916437141","15.192375624672527"
"pol-657","Punjab","Ludhiana","2026-01-23T04:28:10.811Z","197.25803984821061","222.4349888170108","59.41581696137517","3.35758198348008","37.764819489518324","33.90662762821346"
"pol-658","Rajasthan","Jaipur","2026-01-23T03:28:10.811Z","148.76263524407213","4.366346290794098","43.07648433473492","6.93681830761271","3.0530331628828513","34.660506472319916"
"pol-659","Sikkim","Gangtok","2026-01-23T02:28:10.811Z","35.9773018472523","278.0717041390629","34.713355895451514","1.8981625858907314","41.41466213987197","17.309182852377603"
"pol-660","Tamil Nadu","Chennai","2026-01-23T01:28:10.811Z","109.95011884076608","63.818766638260925","34.275052402087425","5.237911721438854","4.038822983745555","49.621533576491885"
"pol-661","Telangana","Hyderabad","2026-01-23T00:28:10.811Z","35.65550397810651","181.15302454977763","21.72759027756595","7.6603590552303045","1.9351809449016988","51.2715069336803"
"pol-662","Tripura","Agartala","2026-01-22T23:28:10.811Z","21.46650272074595","0.8852508660289193","34.86481151457945","3.239981365068947","38.638354079378686","64.57510378283227"
"pol-663","Uttar Pradesh","Lucknow","2026-01-22T22:28:10.811Z","101.58714387353615","265.16525837176334","19.25344397632026","5.950076873340771","35.87116792162036","17.222063464594704"
"pol-664","Uttarakhand","Dehradun","2026-01-22T21:28:10.811Z","14.801308656487478","99.5780643819693","6.317213389538958","0.30227686974099055","49.15872757323086","88.41736402184415"
"pol-665","West Bengal","Kolkata","2026-01-22T20:28:10.811Z","94.16831900629174","115.14466534339395","62.283042572466684","0.7752272536876459","49.06258679922668","26.257308765122733"
"pol-666","Delhi","New Delhi","2026-01-22T19:28:10.811Z","116.10019689872698","24.417623501104867","34.814492210006016","7.2327051936307765","49.932658216102766","21.886969428903"
"pol-667","Andhra Pradesh","Visakhapatnam","2026-01-22T18:28:10.811Z","111.58235609048737","177.47185518997918","12.542325239075227","3.1104770363378567","12.014322215216817","97.55078531594258"
"pol-668","Arunachal Pradesh","Itanagar","2026-01-22T17:28:10.811Z","85.9897824513844","11.710904129099164","37.58344544918014","2.2639753846865753","7.731191211003235","13.506212593934364"
"pol-669","Assam","Guwahati","2026-01-22T16:28:10.811Z","198.431991689055","172.24736033576045","73.97841067206747","5.00127685348045","41.58701743900984","21.813748914477383"
"pol-670","Bihar","Patna","2026-01-22T15:28:10.811Z","115.04841289418441","285.56644770357366","77.9722830291224","0.8522795884432122","1.339232660804801","16.014621794105665"
"pol-671","Chhattisgarh","Raipur","2026-01-22T14:28:10.811Z","41.48234529743098","111.14939198494142","56.55641985162613","1.170422770977757","19.687372543342402","39.490257273850204"
"pol-672","Goa","Panaji","2026-01-22T13:28:10.811Z","130.28519549071294","288.1181621482959","68.402065780585","1.312626363139","12.609612980290457","21.214096603456177"
"pol-673","Gujarat","Ahmedabad","2026-01-22T12:28:10.811Z","128.93836268390245","114.00107249868412","57.07608251031659","1.0204729284093406","37.19008772316633","81.46401437725375"
"pol-674","Haryana","Gurugram","2026-01-22T11:28:10.811Z","103.24851106632448","60.92020867526765","0.05932153617917102","8.933970814093334","49.7960274609304","47.615917049282544"
"pol-675","Himachal Pradesh","Shimla","2026-01-22T10:28:10.811Z","13.219842132400238","184.60893595936608","50.41003422514413","2.3817936001783826","16.48549346121124","74.2256846966447"
"pol-676","Jharkhand","Ranchi","2026-01-22T09:28:10.811Z","62.111845442389765","127.65404361815351","35.46181991910557","5.3149908572130755","31.98819464725916","61.862498394949505"
"pol-677","Karnataka","Bengaluru","2026-01-22T08:28:10.811Z","45.482689106889154","65.2034220897241","73.15879000591151","6.234934379644307","2.460309278711975","22.24139856758792"
"pol-678","Kerala","Thiruvananthapuram","2026-01-22T07:28:10.811Z","148.8877503447852","293.47102218141373","49.10277004398268","3.2534182789485033","1.4447699644476786","57.32408643770991"
"pol-679","Madhya Pradesh","Bhopal","2026-01-22T06:28:10.811Z","115.0033987730418","227.84771500014972","69.63898839045069","9.511024854995975","38.31308599132897","73.4172476578044"
"pol-680","Maharashtra","Mumbai","2026-01-22T05:28:10.811Z","156.6172554327468","262.831366142156","6.7773819575044225","6.123047951973623","25.456690863293336","74.5119585267058"
"pol-681","Manipur","Imphal","2026-01-22T04:28:10.811Z","6.52512796842355","120.97627483297542","7.874052307930288","9.92362173308853","19.12913031484197","28.84458107551734"
"pol-682","Meghalaya","Shillong","2026-01-22T03:28:10.811Z","156.37983412467577","267.9732853010863","68.29922430465007","3.2185308565674644","29.896641574707637","82.8578791085538"
"pol-683","Mizoram","Aizawl","2026-01-22T02:28:10.811Z","105.36492880877091","170.24425399195306","70.37956639374877","4.444003247550361","40.479375391799735","38.45101730850761"
"pol-684","Nagaland","Kohima","2026-01-22T01:28:10.811Z","110.87208951462999","98.64195462672613","22.59846292355234","9.612994184339435","22.109426568541103","93.05514743842733"
"pol-685","Odisha","Bhubaneswar","2026-01-22T00:28:10.811Z","10.965473861071807","232.87666735554794","57.79329300871025","7.012721601986952","0.5753992093001092","19.24497046986444"
"pol-686","Punjab","Ludhiana","2026-01-21T23:28:10.811Z","43.21894878499126","58.48976596695784","64.35400770371746","9.752373239526245","40.950103801004396","99.82423896803647"
"pol-687","Rajasthan","Jaipur","2026-01-21T22:28:10.811Z","12.825015056579847","100.95933894618796","55.2096002338908","8.668033494137116","45.550313870393225","44.81982323418995"
"pol-688","Sikkim","Gangtok","2026-01-21T21:28:10.811Z","60.51043752189864","274.38082897321937","16.235777466089345","4.900489246407061","12.56110679962687","51.68394732395956"
"pol-689","Tamil Nadu","Chennai","2026-01-21T20:28:10.811Z","180.07343695522977","209.92727070784264","19.75612459763015","0.025249997307789096","4.80965774647521","97.09693047517828"
"pol-690","Telangana","Hyderabad","2026-01-21T19:28:10.811Z","153.90324863169496","60.52513980946147","73.91184321933616","5.425831144526687","23.863374587016978","10.42879616383443"
"pol-691","Tripura","Agartala","2026-01-21T18:28:10.811Z","74.893099002886","36.82468762977892","13.482118450790521","1.0064698164189356","19.193527198716026","41.91194338677477"
"pol-692","Uttar Pradesh","Lucknow","2026-01-21T17:28:10.811Z","135.26092046950333","152.27452219924805","77.67295704232237","8.715233386008324","41.82397160793098","45.98267663090183"
"pol-693","Uttarakhand","Dehradun","2026-01-21T16:28:10.811Z","97.94082914200206","268.4814015854159","18.315526596104192","9.688912204734649","12.58110098985944","43.02587943470913"
"pol-694","West Bengal","Kolkata","2026-01-21T15:28:10.811Z","68.76096552903913","194.69151027555992","32.48355948176676","2.8671044469011866","11.133465789200454","1.5777392122028444"
"pol-695","Delhi","New Delhi","2026-01-21T14:28:10.811Z","71.63084887766335","116.0021666369985","35.881352889839995","9.944704991136561","49.120495067259704","24.17739336464243"
"pol-696","Andhra Pradesh","Visakhapatnam","2026-01-21T13:28:10.811Z","119.98640552075308","259.7331223018052","31.070209932575892","4.48953037960475","14.044611935115652","41.489111387015164"
"pol-697","Arunachal Pradesh","Itanagar","2026-01-21T12:28:10.811Z","177.8970061362693","223.97506386782513","71.99298810355269","1.3276397565312104","4.250296062800252","17.10430495337739"
"pol-698","Assam","Guwahati","2026-01-21T11:28:10.811Z","137.52657603404214","196.45347250668274","45.13893694519983","1.66775076599469","29.43663587731036","40.94978516526018"
"pol-699","Bihar","Patna","2026-01-21T10:28:10.811Z","175.18364655505346","208.18483022800626","9.741833796993298","7.3156362156059265","44.43047811795738","36.44580631935332"
"pol-700","Chhattisgarh","Raipur","2026-01-21T09:28:10.811Z","62.75524082661632","132.67207805355937","60.31201005513337","3.752430601588448","5.994084480336648","26.92676205442205"
"pol-701","Goa","Panaji","2026-01-21T08:28:10.811Z","181.80848931851193","22.44002259836271","23.79898167613881","7.899788689503388","9.97282981374722","6.932302975776105"
"pol-702","Gujarat","Ahmedabad","2026-01-21T07:28:10.811Z","5.758469441454128","188.16789310265807","52.94006526800543","5.928352712390954","39.469470729645714","82.21059290751701"
"pol-703","Haryana","Gurugram","2026-01-21T06:28:10.811Z","11.373494721833488","230.96299613755252","47.2402060630761","3.3482105128143234","49.93017472654116","80.43751548896897"
"pol-704","Himachal Pradesh","Shimla","2026-01-21T05:28:10.811Z","106.80584250327601","234.59340368121332","29.442013009003524","7.487783478153788","3.1453628265637743","48.90758631387177"
"pol-705","Jharkhand","Ranchi","2026-01-21T04:28:10.811Z","38.59158197134862","257.9419959221606","33.80998367533521","6.263437342631841","22.827468773872113","26.247055332139336"
"pol-706","Karnataka","Bengaluru","2026-01-21T03:28:10.811Z","156.09772172916618","89.55194164203351","71.4794647738634","2.7899522291511247","17.816668528327845","2.7381668322019603"
"pol-707","Kerala","Thiruvananthapuram","2026-01-21T02:28:10.811Z","170.348386444017","198.4785974276971","44.48236215711522","4.865636118229192","12.252501805376964","97.49172667936386"
"pol-708","Madhya Pradesh","Bhopal","2026-01-21T01:28:10.811Z","41.43527696678979","276.68887471049476","5.390504214125844","6.573675250931512","0.22568865401301208","92.96144715685432"
"pol-709","Maharashtra","Mumbai","2026-01-21T00:28:10.811Z","91.41703767806662","213.14407053176885","46.28354852071603","7.323914890666849","19.200225059169178","26.470653480701824"
"pol-710","Manipur","Imphal","2026-01-20T23:28:10.811Z","160.0300055341375","57.46583528293932","28.824062712025913","5.349208553042243","15.962311858316058","32.64235409319354"
"pol-711","Meghalaya","Shillong","2026-01-20T22:28:10.811Z","171.35637016015158","160.91576843314905","47.67271008621877","4.500065501365695","34.228981725543065","17.93111628998686"
"pol-712","Mizoram","Aizawl","2026-01-20T21:28:10.811Z","18.516145199424415","37.625557879713945","3.0763649405516436","1.405907619027874","18.48491587505746","48.78609116485255"
"pol-713","Nagaland","Kohima","2026-01-20T20:28:10.811Z","130.25757012015922","208.4521126050479","36.21407952212796","9.364286298085204","14.503539013948297","58.2631025646575"
"pol-714","Odisha","Bhubaneswar","2026-01-20T19:28:10.811Z","2.6280246005741414","167.08505886202866","0.8941694866916539","9.690725201711562","31.718190834438126","51.371394205835074"
"pol-715","Punjab","Ludhiana","2026-01-20T18:28:10.811Z","66.36568430756351","137.8744264754449","32.02474928611052","9.618900993902978","49.21251247396523","23.066529386502477"
"pol-716","Rajasthan","Jaipur","2026-01-20T17:28:10.811Z","81.43344602665061","265.87573568870465","25.194653496536326","6.061660300765357","48.864457392747205","53.060386687117834"
"pol-717","Sikkim","Gangtok","2026-01-20T16:28:10.811Z","55.02758554988652","189.239129498819","72.50378090681814","4.8458745072795875","43.965850282962215","1.8822386841523708"
"pol-718","Tamil Nadu","Chennai","2026-01-20T15:28:10.811Z","196.6394923613413","31.486767342477894","6.538992150653868","6.1181803392846925","29.40192342708871","27.415304833009824"
"pol-719","Telangana","Hyderabad","2026-01-20T14:28:10.811Z","78.62845016647411","293.72320570873177","44.54706164963405","7.856312632553201","29.292199447087715","81.59302454404924"
"pol-720","Tripura","Agartala","2026-01-20T13:28:10.811Z","139.06201190875257","32.12736682565692","68.79767963402901","2.127730335458838","26.318341387471634","16.379823225921953"
"pol-721","Uttar Pradesh","Lucknow","2026-01-20T12:28:10.811Z","9.581289351486566","243.84950013908772","67.59126174479243","9.479540950818796","10.283332209316542","73.46782102726401"
"pol-722","Uttarakhand","Dehradun","2026-01-20T11:28:10.811Z","114.8490536560108","5.396007979289874","68.08804919602619","0.02897596199967989","48.44942207649968","91.55442997863821"
"pol-723","West Bengal","Kolkata","2026-01-20T10:28:10.811Z","132.33209484649143","28.89899528962838","31.27198207727509","8.447938621332177","2.81628898167115","74.100941063764"
"pol-724","Delhi","New Delhi","2026-01-20T09:28:10.811Z","154.45894984803624","165.98576545275694","79.61712497998872","5.709848222216194","0.18651742589764764","86.27372447149962"
"pol-725","Andhra Pradesh","Visakhapatnam","2026-01-20T08:28:10.811Z","9.177644378897675","53.001093606628416","28.11917511635235","2.382679210170353","18.532088681574972","40.39885087176729"
"pol-726","Arunachal Pradesh","Itanagar","2026-01-20T07:28:10.811Z","42.56229829604086","133.72783712638508","7.561532075035391","6.356804311968066","48.304240841433696","43.854666998652"
"pol-727","Assam","Guwahati","2026-01-20T06:28:10.811Z","59.782333342432395","291.8206586874879","6.325968735867251","6.499380415022759","2.1615581371459305","69.81510697278156"
"pol-728","Bihar","Patna","2026-01-20T05:28:10.811Z","92.81987458454213","292.64883926216623","7.691760597817945","6.722299482576516","8.658495338297712","83.46169829282375"
"pol-729","Chhattisgarh","Raipur","2026-01-20T04:28:10.811Z","175.8491315172217","157.78869726455696","61.803616293201095","0.8141115225057516","29.296834931513022","7.29816642017952"
"pol-730","Goa","Panaji","2026-01-20T03:28:10.811Z","112.29508063683917","297.4026737931745","65.7354893795545","2.8170257227174886","20.40830596258216","91.59309616709184"
"pol-731","Gujarat","Ahmedabad","2026-01-20T02:28:10.811Z","151.17507572428482","116.6735684205341","54.62705654086484","4.166461393298503","2.632035923431136","84.84510418725593"
"pol-732","Haryana","Gurugram","2026-01-20T01:28:10.811Z","8.887253920696292","178.17531860388854","35.402805036207454","7.82096556896394","20.636821089582508","58.12818950007107"
"pol-733","Himachal Pradesh","Shimla","2026-01-20T00:28:10.811Z","21.061952441308087","157.41723856988898","38.089494208781865","5.163965911561123","24.819204458195827","87.39522830053717"
"pol-734","Jharkhand","Ranchi","2026-01-19T23:28:10.811Z","163.54287409732981","12.96826202699316","74.37696895427302","1.255933375910132","16.430509788149095","88.19646325148348"
"pol-735","Karnataka","Bengaluru","2026-01-19T22:28:10.811Z","84.65015569147367","75.32203632749872","21.14859639649893","1.464041312944686","30.19788439412711","51.55043651796382"
"pol-736","Kerala","Thiruvananthapuram","2026-01-19T21:28:10.811Z","7.400318969162223","50.50775837352499","15.117464018970761","5.311295382224808","28.047178499225218","40.504305090341845"
"pol-737","Madhya Pradesh","Bhopal","2026-01-19T20:28:10.811Z","196.26970112906804","144.21422838143496","4.717106250834515","0.1734261850579344","1.5963786001574443","30.504724654985395"
"pol-738","Maharashtra","Mumbai","2026-01-19T19:28:10.811Z","40.59689548857448","34.04714892307376","34.87597970345769","7.884276698666578","23.497839969483024","80.71183116287159"
"pol-739","Manipur","Imphal","2026-01-19T18:28:10.811Z","10.860893843842256","19.384442284106495","20.721671551759684","3.6843840013359106","32.294669452546394","66.21431603630305"
"pol-740","Meghalaya","Shillong","2026-01-19T17:28:10.811Z","8.378293219797662","223.29521046549388","6.996761506537821","9.585200132404196","47.470431499920714","99.88273354110267"
"pol-741","Mizoram","Aizawl","2026-01-19T16:28:10.811Z","188.0084302274136","172.98741231054618","2.9964795941965505","3.175579477941061","28.70437101251263","78.19563753395893"
"pol-742","Nagaland","Kohima","2026-01-19T15:28:10.811Z","187.41547366914736","47.79557004787567","67.02594352041599","2.025718082685999","36.20923040617599","73.0886907007956"
"pol-743","Odisha","Bhubaneswar","2026-01-19T14:28:10.811Z","91.12185154929233","54.672840092055075","7.945884434844581","2.2049107319203864","3.186672961959014","45.67280249043429"
"pol-744","Punjab","Ludhiana","2026-01-19T13:28:10.811Z","62.050663222302745","176.6342555630634","21.45903584056736","9.865579950233109","1.4124075073564446","86.94621415800738"
"pol-745","Rajasthan","Jaipur","2026-01-19T12:28:10.811Z","98.38963952837582","207.13044161972718","57.501474369677155","0.5039656644238077","23.480438506782264","85.7797317053038"
"pol-746","Sikkim","Gangtok","2026-01-19T11:28:10.811Z","165.21103830010827","182.7922364456248","3.9839722118089593","0.0790555274272342","12.482730890498683","79.48146399559337"
"pol-747","Tamil Nadu","Chennai","2026-01-19T10:28:10.811Z","127.03054165831422","119.04189754427046","13.778872857245785","9.573352236451848","39.93335374313386","99.0049389573808"
"pol-748","Telangana","Hyderabad","2026-01-19T09:28:10.811Z","126.89026757546162","170.1108382567","60.943098483346915","2.1503579467685485","18.142308134267743","6.156520841452373"
"pol-749","Tripura","Agartala","2026-01-19T08:28:10.811Z","50.61951448294788","70.21132528091074","62.5840346198019","1.7362104328411654","41.54330153449863","88.88534583508813"
"pol-750","Uttar Pradesh","Lucknow","2026-01-19T07:28:10.811Z","1.1946876711844245","290.8655484360617","71.37729591735331","9.596342953849561","3.1224315224216093","20.51021930810204"
"pol-751","Uttarakhand","Dehradun","2026-01-19T06:28:10.811Z","6.985854597587515","54.1954226300272","28.723361897857824","9.295531250174484","32.01367897752229","2.972715284469496"
"pol-752","West Bengal","Kolkata","2026-01-19T05:28:10.811Z","69.3564419478963","145.8879999596311","69.47658801040359","9.42434751167311","18.388753274645463","28.092406551869033"
"pol-753","Delhi","New Delhi","2026-01-19T04:28:10.811Z","193.9522446592386","142.95355609190017","39.761742943386295","4.216267772040761","25.343683805884343","27.738521216083022"
"pol-754","Andhra Pradesh","Visakhapatnam","2026-01-19T03:28:10.811Z","133.32598550174873","203.904972644674","40.13507347243681","1.5114112792406864","39.03804204606589","83.67273039099237"
"pol-755","Arunachal Pradesh","Itanagar","2026-01-19T02:28:10.811Z","75.64069791766923","129.35599774548197","64.43639038625702","2.5512720388416166","5.214064371446215","88.48892512432784"
"pol-756","Assam","Guwahati","2026-01-19T01:28:10.811Z","129.15379716556384","288.3882941747454","47.30638181609227","0.9691947394099265","10.80001717516742","4.579646183022746"
"pol-757","Bihar","Patna","2026-01-19T00:28:10.811Z","53.75436398867943","244.33886460700805","47.94853282233832","8.036154567873044","44.20481170729094","40.95483329044842"
"pol-758","Chhattisgarh","Raipur","2026-01-18T23:28:10.811Z","156.00878567882754","285.6171205914012","19.73376173231916","4.557305990000772","19.458084206860143","78.96775137870034"
"pol-759","Goa","Panaji","2026-01-18T22:28:10.811Z","194.48267374244165","185.6340922592199","7.981771972614595","9.937183264370159","20.890805245601502","58.297671813494254"
"pol-760","Gujarat","Ahmedabad","2026-01-18T21:28:10.811Z","149.3582580828662","286.94760970423414","56.05302428498039","2.1377867831308714","7.369539942045977","51.74588500871287"
"pol-761","Haryana","Gurugram","2026-01-18T20:28:10.811Z","92.98853639285947","281.64822173604836","14.921563041939665","7.7390913329435485","42.29548130691151","40.82605066172502"
"pol-762","Himachal Pradesh","Shimla","2026-01-18T19:28:10.811Z","78.3127736973547","231.52115526506554","3.440831678453522","3.290078411964059","27.384842815888433","78.5519425459134"
"pol-763","Jharkhand","Ranchi","2026-01-18T18:28:10.811Z","191.11565870151796","0.6791455129826152","69.13855722353898","0.4769254776343035","36.11000363351291","74.29565106162508"
"pol-764","Karnataka","Bengaluru","2026-01-18T17:28:10.811Z","169.52464905598063","183.75152895129236","11.274484330363945","1.2381060022212131","18.39569428219284","19.765806751862936"
"pol-765","Kerala","Thiruvananthapuram","2026-01-18T16:28:10.811Z","197.65161044942016","296.04201695321564","25.663382019623953","5.1988387836670285","0.6092313712559805","37.3175035000296"
"pol-766","Madhya Pradesh","Bhopal","2026-01-18T15:28:10.811Z","160.2047038651062","253.1465327613727","48.5155254478662","2.222762954557859","3.8615374389048105","39.19269473209604"
"pol-767","Maharashtra","Mumbai","2026-01-18T14:28:10.811Z","21.05449835108213","66.37256713482047","40.66808858226789","9.266677334850753","24.01588000840531","23.957435060531452"
"pol-768","Manipur","Imphal","2026-01-18T13:28:10.811Z","101.42166032048796","164.62872213642225","18.152874091317077","7.9602821063785925","21.542941302603346","59.36061653385444"
"pol-769","Meghalaya","Shillong","2026-01-18T12:28:10.811Z","126.77286783112325","10.874998722958928","61.58984089206914","6.466807018841276","23.532237670734364","30.544549446125803"
"pol-770","Mizoram","Aizawl","2026-01-18T11:28:10.811Z","41.38378209997926","289.6313332544521","16.25876896655697","9.280318875432547","23.324479305262408","23.769204178688106"
"pol-771","Nagaland","Kohima","2026-01-18T10:28:10.811Z","85.26742083667035","71.65982899311801","27.863535626056333","0.05784026098788142","23.130984274841094","65.1950576304033"
"pol-772","Odisha","Bhubaneswar","2026-01-18T09:28:10.811Z","46.30444261170603","207.07912168722513","77.03888412888864","5.939845152859309","31.7940711683771","83.01323399793559"
"pol-773","Punjab","Ludhiana","2026-01-18T08:28:10.811Z","188.08544305975383","246.358507777147","25.901092939312313","8.916390419368728","23.165272787372064","47.792958094056544"
"pol-774","Rajasthan","Jaipur","2026-01-18T07:28:10.811Z","3.0891180059956946","211.89348123314687","71.8221779411546","3.328814673664403","24.933042247558962","45.90831477955904"
"pol-775","Sikkim","Gangtok","2026-01-18T06:28:10.811Z","138.222273712186","114.94156088235144","10.574775315744178","4.006337629711206","31.174983691993624","31.98996969314224"
"pol-776","Tamil Nadu","Chennai","2026-01-18T05:28:10.811Z","74.8343152378192","112.01432091540576","23.30046857888817","3.1743431386436773","15.325660788590717","36.14154180059882"
"pol-777","Telangana","Hyderabad","2026-01-18T04:28:10.811Z","186.07071934869944","41.305999213542755","66.86594609533981","0.069355299001157","29.32300516957012","15.271337010149566"
"pol-778","Tripura","Agartala","2026-01-18T03:28:10.811Z","110.97192734992952","90.63120637790801","21.450554033871168","1.7554336583489483","21.70629261030197","62.9360005865378"
"pol-779","Uttar Pradesh","Lucknow","2026-01-18T02:28:10.811Z","170.15265433022864","105.04995448272267","46.04777915047599","7.62326064203351","25.42297650099049","73.31882709113142"
"pol-780","Uttarakhand","Dehradun","2026-01-18T01:28:10.811Z","72.28462444846242","246.5528840347336","23.97061201556579","0.6676751763829203","13.821831202798846","60.77738450449179"
"pol-781","West Bengal","Kolkata","2026-01-18T00:28:10.811Z","1.9910239870843283","43.68321563922575","76.99746982340875","5.862170731476474","29.2184832059264","28.019563477581645"
"pol-782","Delhi","New Delhi","2026-01-17T23:28:10.811Z","166.75938105248477","279.94872198153627","57.29711196824856","1.4307382151611647","38.35181238044752","27.5349837156011"
"pol-783","Andhra Pradesh","Visakhapatnam","2026-01-17T22:28:10.811Z","105.36491854704973","229.54707720766032","50.813222905684626","5.54846085808655","4.411316363015971","66.19136486995899"
"pol-784","Arunachal Pradesh","Itanagar","2026-01-17T21:28:10.811Z","194.91610334999524","250.51025892001633","49.742515125734855","9.175473598217511","19.817679427816632","80.28131197181555"
"pol-785","Assam","Guwahati","2026-01-17T20:28:10.811Z","125.74738943044395","266.1523528820119","13.301588727481928","0.294953818252216","45.5386278201525","73.63346679430597"
"pol-786","Bihar","Patna","2026-01-17T19:28:10.811Z","138.93026546755942","148.49054145634568","10.506616448629948","1.3845878803172273","38.74325013106561","98.9155483289137"
"pol-787","Chhattisgarh","Raipur","2026-01-17T18:28:10.811Z","60.633441316606216","114.27251336286997","71.39195384418856","9.750890109465164","19.13216516352676","76.7786426309164"
"pol-788","Goa","Panaji","2026-01-17T17:28:10.811Z","102.82456623190366","214.67138404805436","73.9030620064487","6.977631457571008","11.22603685717874","51.90589418777062"
"pol-789","Gujarat","Ahmedabad","2026-01-17T16:28:10.811Z","25.609212217798238","297.89344267809713","40.490544896190954","5.485331952462151","45.45564600745367","71.99750712413159"
"pol-790","Haryana","Gurugram","2026-01-17T15:28:10.811Z","123.6241387816913","220.70080990836587","59.09024123087495","7.062784079366597","7.08467281493273","46.216976347810814"
"pol-791","Himachal Pradesh","Shimla","2026-01-17T14:28:10.811Z","62.81440272173722","271.34263694167305","53.10624108360316","2.5927239651237253","47.06290754188982","2.0863983432606537"
"pol-792","Jharkhand","Ranchi","2026-01-17T13:28:10.811Z","192.1220808775372","41.18475521337059","37.231767546293796","0.8085802224310323","10.558673914173916","8.244239737253434"
"pol-793","Karnataka","Bengaluru","2026-01-17T12:28:10.811Z","186.8010893406562","26.626061353563635","47.23667559776145","1.5028603655516104","16.69244034619305","67.3594056420532"
"pol-794","Kerala","Thiruvananthapuram","2026-01-17T11:28:10.811Z","165.2450655200968","222.8931260548238","44.88096858991093","4.825311108227215","34.87714684220178","87.79374897829602"
"pol-795","Madhya Pradesh","Bhopal","2026-01-17T10:28:10.811Z","183.5192623332321","281.1574420277729","19.959843338742864","3.8627444804435482","27.15291176009221","46.52766357004876"
"pol-796","Maharashtra","Mumbai","2026-01-17T09:28:10.811Z","144.24631284532703","156.45782326250372","79.24837888338712","5.020790139925148","17.046106892800395","46.916766492808456"
"pol-797","Manipur","Imphal","2026-01-17T08:28:10.811Z","194.39940676092306","88.97489052307074","36.542895949792786","6.52588306961496","32.84104117434999","83.87441386626739"
"pol-798","Meghalaya","Shillong","2026-01-17T07:28:10.811Z","196.94005972583776","55.66635211327524","54.715098266523505","8.867958609031177","46.1928116016457","95.75274192549601"
"pol-799","Mizoram","Aizawl","2026-01-17T06:28:10.811Z","134.72772572891324","121.07024117947478","76.41104064284478","1.5540368596449083","12.170429270485789","25.952748393895597"
"pol-800","Nagaland","Kohima","2026-01-17T05:28:10.811Z","53.5070955510716","199.83339279503562","75.31996075016383","6.856455155748117","9.14597773777121","9.715025433936486"
"pol-801","Odisha","Bhubaneswar","2026-01-17T04:28:10.811Z","57.56960814955225","259.5407250236446","61.82642720866091","4.368639640627716","41.9679862594886","36.30434227423564"
"pol-802","Punjab","Ludhiana","2026-01-17T03:28:10.811Z","104.14617050062078","291.4323471237785","8.03365970230236","8.84847779526379","11.671730482173043","12.548646010815446"
"pol-803","Rajasthan","Jaipur","2026-01-17T02:28:10.811Z","125.27498637908718","151.7336009881177","16.290165595731068","4.117694055851096","26.04872100251455","95.79844749306213"
"pol-804","Sikkim","Gangtok","2026-01-17T01:28:10.811Z","77.7775753107833","126.7584434542131","36.1789577164985","6.691905726822204","11.254084079273753","12.14017397523348"
"pol-805","Tamil Nadu","Chennai","2026-01-17T00:28:10.811Z","182.63566460778958","187.18208098271504","70.73509054339053","4.293939268300109","14.67511804206807","96.85474665667812"
"pol-806","Telangana","Hyderabad","2026-01-16T23:28:10.811Z","118.74880685597944","258.11000221841846","37.181180074218574","3.3536615728997288","18.371890785225865","75.48316809472314"
"pol-807","Tripura","Agartala","2026-01-16T22:28:10.811Z","162.14852513479778","164.6403369374117","35.739329594091124","5.70770932706178","6.909769904450336","99.61126233681313"
"pol-808","Uttar Pradesh","Lucknow","2026-01-16T21:28:10.811Z","195.55627996359024","273.6607469081077","58.577302051630944","1.2015380492504635","46.9010544404821","17.080171659141453"
"pol-809","Uttarakhand","Dehradun","2026-01-16T20:28:10.811Z","60.937399991813294","220.2555872017751","74.3835782989353","0.634990214419987","39.5028976835171","41.84790772296283"
"pol-810","West Bengal","Kolkata","2026-01-16T19:28:10.811Z","4.920431722735885","273.3431225287969","74.44240492803077","5.022535828771957","43.12243881730042","4.973144061823797"
"pol-811","Delhi","New Delhi","2026-01-16T18:28:10.811Z","181.50124916557405","221.83430687085993","30.3672455420981","2.346980163339798","20.746604009125967","75.50762525511097"
"pol-812","Andhra Pradesh","Visakhapatnam","2026-01-16T17:28:10.811Z","153.33424966650017","102.65288935149148","62.86665655092439","9.82379772508527","2.61070832940678","67.80037450648116"
"pol-813","Arunachal Pradesh","Itanagar","2026-01-16T16:28:10.811Z","158.47387766235846","8.015977437029331","59.12446503345371","1.8509322078302715","22.748369018428345","76.01066285274347"
"pol-814","Assam","Guwahati","2026-01-16T15:28:10.811Z","25.1506732876287","242.87875790289723","8.640760908107694","4.121530172955936","47.527476527713354","60.00688000386288"
"pol-815","Bihar","Patna","2026-01-16T14:28:10.811Z","196.37547481525044","198.25740024955917","62.85360943289761","7.698870213381422","16.156650131169435","11.417513356612485"
"pol-816","Chhattisgarh","Raipur","2026-01-16T13:28:10.811Z","11.21651489227613","16.837651642010677","35.99781673600255","7.79362374540265","3.9925798746452745","3.0110090141708623"
"pol-817","Goa","Panaji","2026-01-16T12:28:10.811Z","95.6764112399092","19.47549718950142","47.99964249291691","7.621988580045262","8.096402879357361","63.93424557912362"
"pol-818","Gujarat","Ahmedabad","2026-01-16T11:28:10.811Z","108.37893332302895","158.72888709198907","66.40484065769189","6.731847383588111","21.302722469848668","26.26807081925814"
"pol-819","Haryana","Gurugram","2026-01-16T10:28:10.811Z","13.545185546173034","8.396839878530338","24.626871083388462","2.7515745108308853","3.765339130308126","38.998265984028855"
"pol-820","Himachal Pradesh","Shimla","2026-01-16T09:28:10.811Z","84.63983944669897","29.05465565394766","33.896105290072704","0.3921943466840194","5.501404437419649","84.32889290829671"
"pol-821","Jharkhand","Ranchi","2026-01-16T08:28:10.811Z","161.13219386441435","74.56405990375443","18.662116167722303","0.2160680550004923","45.541762546381555","57.65400752197712"
"pol-822","Karnataka","Bengaluru","2026-01-16T07:28:10.811Z","22.553558506798943","76.85466824668691","48.239446045918214","0.3310436595934596","43.529948214926186","5.615130428831582"
"pol-823","Kerala","Thiruvananthapuram","2026-01-16T06:28:10.811Z","163.19304996780843","151.80225659630628","36.73442074657118","9.93321777218251","22.95182381696773","5.9716772318543"
"pol-824","Madhya Pradesh","Bhopal","2026-01-16T05:28:10.811Z","11.764232194237255","25.853134573289683","38.10449290767397","9.01552977483336","11.644671561056919","34.79926605924029"
"pol-825","Maharashtra","Mumbai","2026-01-16T04:28:10.811Z","189.7199743077658","204.17918858774917","19.169554657620573","2.1225349198650214","5.394218154820107","15.2906149340014"
"pol-826","Manipur","Imphal","2026-01-16T03:28:10.811Z","6.87847109168227","34.7324682364894","18.174325113496074","6.301026956196555","8.990500655097888","0.9728866767897859"
"pol-827","Meghalaya","Shillong","2026-01-16T02:28:10.811Z","134.55958545420424","249.27446279185568","74.76902278922697","4.772759240065021","4.698540610637791","78.51767711150212"
"pol-828","Mizoram","Aizawl","2026-01-16T01:28:10.811Z","179.94587132212135","62.45903793754102","79.32549651241077","6.672698416682269","22.396843363339148","44.576397434150095"
"pol-829","Nagaland","Kohima","2026-01-16T00:28:10.811Z","21.49517349391681","14.456834322187218","17.790255852702188","5.76376918321389","28.527657537760216","21.494826465771133"
"pol-830","Odisha","Bhubaneswar","2026-01-15T23:28:10.811Z","94.69522496750471","116.38640590922084","3.3180033231282913","8.567803222534025","30.018949112354793","83.91970598440683"
"pol-831","Punjab","Ludhiana","2026-01-15T22:28:10.811Z","8.140285572129846","118.23030115739382","33.29405962348265","0.022082537940283364","9.727539956619175","35.14852185004841"
"pol-832","Rajasthan","Jaipur","2026-01-15T21:28:10.811Z","194.03819291062925","152.94324315017965","49.54689814122294","6.181163163111199","33.24541192342876","20.143319307365417"
"pol-833","Sikkim","Gangtok","2026-01-15T20:28:10.811Z","133.2155502006088","255.23135077456243","71.94139037426982","7.303648672769565","33.51758930848826","71.11733311821826"
"pol-834","Tamil Nadu","Chennai","2026-01-15T19:28:10.811Z","100.90001163099514","192.27333865294653","27.409275580708883","6.8909657149524906","37.65792904636229","91.91610417184192"
"pol-835","Telangana","Hyderabad","2026-01-15T18:28:10.811Z","143.73792870792585","8.861516385846846","75.05815865063856","0.061225923378992464","44.1682766251264","98.66029191781718"
"pol-836","Tripura","Agartala","2026-01-15T17:28:10.811Z","104.03496280760618","31.143538183266408","51.90250220615903","3.4902491322843265","3.2756877482802538","88.79968765685423"
"pol-837","Uttar Pradesh","Lucknow","2026-01-15T16:28:10.811Z","126.7330689843998","36.27481608704933","1.3016960190165427","5.109680432810688","48.35767422143666","57.94666855058049"
"pol-838","Uttarakhand","Dehradun","2026-01-15T15:28:10.811Z","87.21039638592907","20.953780271071665","19.0868330344642","4.0091690249379885","20.973367340861383","43.47268620930831"
"pol-839","West Bengal","Kolkata","2026-01-15T14:28:10.811Z","188.2002818389342","269.90995630753486","17.270596413166956","4.218995438132296","4.383994040154304","35.3417791410299"
"pol-840","Delhi","New Delhi","2026-01-15T13:28:10.811Z","196.50210658657494","242.81951736457532","26.060891159295842","9.633581281487979","32.489902040043056","55.95023480658132"
"pol-841","Andhra Pradesh","Visakhapatnam","2026-01-15T12:28:10.811Z","121.88066662400416","267.5046791073147","52.19036462706225","7.747243635628137","0.04075250812833886","38.21366838942064"
"pol-842","Arunachal Pradesh","Itanagar","2026-01-15T11:28:10.811Z","189.89676669706827","69.10398515493942","60.581642167303144","7.330946079002397","36.78729975483783","58.72735242707308"
"pol-843","Assam","Guwahati","2026-01-15T10:28:10.811Z","72.75263104604022","10.539552887234827","79.3676431431467","2.0788499889642265","12.85817089016632","90.27281596714197"
"pol-844","Bihar","Patna","2026-01-15T09:28:10.811Z","196.75737241562376","227.21962785971766","48.0066926644226","2.4303345034115376","31.744396734708523","28.421570057690214"
"pol-845","Chhattisgarh","Raipur","2026-01-15T08:28:10.811Z","102.47002513538726","245.17605552415796","34.604428771702736","7.636542441277143","39.78793344104903","32.741132959432306"
"pol-846","Goa","Panaji","2026-01-15T07:28:10.811Z","154.2174170100011","53.97669549221584","60.12570709975448","2.2189472288238665","31.726863097207676","91.90177347954524"
"pol-847","Gujarat","Ahmedabad","2026-01-15T06:28:10.811Z","155.46926277589642","76.01210654724643","29.780989640986995","4.503002072215376","15.946470023020186","8.183874490628885"
"pol-848","Haryana","Gurugram","2026-01-15T05:28:10.811Z","67.65417040852245","84.59683803734224","67.67684612531679","9.179304934283772","35.53318750392582","13.621929658564413"
"pol-849","Himachal Pradesh","Shimla","2026-01-15T04:28:10.811Z","59.73710720314958","32.61705395882926","75.64861953033953","1.5020870457225233","19.440689235510405","83.09593979156114"
"pol-850","Jharkhand","Ranchi","2026-01-15T03:28:10.811Z","193.14350727189654","183.83962821262497","31.890780948709086","7.372249349094418","5.8134956050308215","31.97758266088898"
"pol-851","Karnataka","Bengaluru","2026-01-15T02:28:10.811Z","84.9057979368326","95.70785937197681","16.82534036669938","9.118701197382252","3.4993074499291286","4.804672119390818"
"pol-852","Kerala","Thiruvananthapuram","2026-01-15T01:28:10.811Z","28.296371718909064","294.47085007157614","68.7574477158975","0.5628225691479427","19.74973234429662","20.001937285740624"
"pol-853","Madhya Pradesh","Bhopal","2026-01-15T00:28:10.811Z","18.039766792636414","75.65343603426398","52.453427426013484","1.1770620657886854","36.40681347139997","51.653833313167354"
"pol-854","Maharashtra","Mumbai","2026-01-14T23:28:10.811Z","137.66093348390123","181.0054937683263","1.2462136633147036","8.003381065725936","41.22530171562987","25.33817494663787"
"pol-855","Manipur","Imphal","2026-01-14T22:28:10.811Z","21.162566282336236","25.01098144150381","6.393795385241736","6.07150977622608","20.008528963707185","36.530845309161286"
"pol-856","Meghalaya","Shillong","2026-01-14T21:28:10.811Z","183.08333854202007","229.32052773471875","39.21924487558865","1.4564832278199347","24.331420399066506","27.095129064863453"
"pol-857","Mizoram","Aizawl","2026-01-14T20:28:10.811Z","81.23862428579882","170.13185642041364","23.188267834758413","5.585782331931948","45.28467429183986","77.67362082458386"
"pol-858","Nagaland","Kohima","2026-01-14T19:28:10.811Z","85.0157244108082","200.47488060851515","63.75207238854405","1.0933041429616885","7.150539088354907","6.913997553799756"
"pol-859","Odisha","Bhubaneswar","2026-01-14T18:28:10.811Z","114.66096846146469","190.74100651743876","8.095066162074325","2.193795717529594","4.8216221346861765","21.839741984611994"
"pol-860","Punjab","Ludhiana","2026-01-14T17:28:10.811Z","2.2145111949833263","101.15229954704597","59.94154350490532","3.611242831899255","33.37636629015363","7.526120791530677"
"pol-861","Rajasthan","Jaipur","2026-01-14T16:28:10.811Z","89.3263099690307","141.74001410797328","18.638469766521588","5.240347699837468","27.282367719554113","60.41048258229379"
"pol-862","Sikkim","Gangtok","2026-01-14T15:28:10.811Z","34.879591460748635","44.451483871736954","13.93317298332871","3.404941770589299","11.816342504955141","84.5422515602354"
"pol-863","Tamil Nadu","Chennai","2026-01-14T14:28:10.811Z","135.1206050336962","45.130180844701606","40.274505310501","8.342545643931722","31.92983430511261","48.77222259785546"
"pol-864","Telangana","Hyderabad","2026-01-14T13:28:10.811Z","67.36744650634002","198.00280846622013","48.38449686436283","2.571164592874754","22.387693534119908","55.31667938654642"
"pol-865","Tripura","Agartala","2026-01-14T12:28:10.811Z","99.85341154527212","196.25023436183437","73.43015837460874","1.048623075296543","16.16544772202873","25.497031731081687"
"pol-866","Uttar Pradesh","Lucknow","2026-01-14T11:28:10.811Z","99.72654440241249","133.64009146004514","68.26838582052329","5.211676447654391","43.69497160090172","97.41652788831422"
"pol-867","Uttarakhand","Dehradun","2026-01-14T10:28:10.811Z","192.01076218120642","271.6921417182183","10.970017273163508","5.8381761341011496","35.5001116062216","45.05170690966045"
"pol-868","West Bengal","Kolkata","2026-01-14T09:28:10.811Z","165.01848295129037","36.48182441423287","30.520955575714417","8.528310842415241","30.591393353110792","49.445870342826204"
"pol-869","Delhi","New Delhi","2026-01-14T08:28:10.811Z","132.12712180874962","257.8778627108703","5.213679457083025","4.029925225019483","29.45928424940249","15.657770286450134"
"pol-870","Andhra Pradesh","Visakhapatnam","2026-01-14T07:28:10.811Z","189.11266023636202","129.56030159327005","38.87942313953869","8.690570967090094","8.348950527934168","55.05007273766961"
"pol-871","Arunachal Pradesh","Itanagar","2026-01-14T06:28:10.811Z","36.70147258803682","89.27887207511637","16.529139566673","9.476882266558365","0.3981463237127614","90.02611827347296"
"pol-872","Assam","Guwahati","2026-01-14T05:28:10.811Z","192.478824976572","116.07268831286582","38.56333789558488","5.85008916658191","45.56426440118599","63.83216607536634"
"pol-873","Bihar","Patna","2026-01-14T04:28:10.811Z","150.98166382359278","111.64352610879747","42.01806401629793","9.17074473264112","49.23342224819544","92.06384519872512"
"pol-874","Chhattisgarh","Raipur","2026-01-14T03:28:10.811Z","122.77663755930921","201.2794730548698","29.24056824658362","5.314638436499811","1.6880773436352137","63.94316123833518"
"pol-875","Goa","Panaji","2026-01-14T02:28:10.811Z","116.70100673104906","224.99274224146976","46.78480226209934","6.818896866084603","27.24790324501532","37.31731769619559"
"pol-876","Gujarat","Ahmedabad","2026-01-14T01:28:10.811Z","105.17209894858811","35.293577841846435","44.1478826864521","0.43172432179984677","22.75968733593608","52.06929313976497"
"pol-877","Haryana","Gurugram","2026-01-14T00:28:10.811Z","68.4380479923651","20.991477459811946","28.267644631390986","8.116810953950091","41.23129478444705","88.24286290464414"
"pol-878","Himachal Pradesh","Shimla","2026-01-13T23:28:10.811Z","72.63370585479151","181.74137324782637","45.75339033445255","4.854728590521242","16.038381477214326","81.70457055888077"
"pol-879","Jharkhand","Ranchi","2026-01-13T22:28:10.811Z","15.382302960692297","220.12801850910287","37.632109494162265","0.2403183545664489","45.85829133148208","76.213066393847"
"pol-880","Karnataka","Bengaluru","2026-01-13T21:28:10.811Z","10.4768821120919","53.29405747047936","54.3753176204157","1.7899700192538748","19.02068915854351","54.12320974268341"
"pol-881","Kerala","Thiruvananthapuram","2026-01-13T20:28:10.811Z","188.05816858783032","103.87075895159951","11.77996163766088","8.193977361197918","4.685660918427853","97.62990233921623"
"pol-882","Madhya Pradesh","Bhopal","2026-01-13T19:28:10.811Z","179.475686344611","116.56996449585766","34.11817489005732","4.325794526249127","22.06831238117633","7.277498376876313"
"pol-883","Maharashtra","Mumbai","2026-01-13T18:28:10.811Z","39.620627362963255","38.921141501324875","74.39845079797325","2.483679583677627","37.011439093702045","46.109193976958"
"pol-884","Manipur","Imphal","2026-01-13T17:28:10.811Z","63.519205821017245","139.33862647655337","37.34077163675502","3.1947537455320374","36.37379780265345","6.276919361117283"
"pol-885","Meghalaya","Shillong","2026-01-13T16:28:10.811Z","157.79084379199546","182.06808342839923","49.242822390450165","7.895123029177626","34.950443120847815","44.36418450172383"
"pol-886","Mizoram","Aizawl","2026-01-13T15:28:10.811Z","17.777315516681558","96.03791238318836","27.67311582987107","8.63272522762496","25.48795333007392","75.20059212029739"
"pol-887","Nagaland","Kohima","2026-01-13T14:28:10.811Z","162.63339350408478","39.9351615760106","66.16320112010483","1.921773559914689","38.87061091543639","75.32943202865205"
"pol-888","Odisha","Bhubaneswar","2026-01-13T13:28:10.811Z","191.02045312822443","198.81757674618368","62.51730839830101","8.977620343607548","47.03358078972863","10.25155858336283"
"pol-889","Punjab","Ludhiana","2026-01-13T12:28:10.811Z","68.8115312592417","162.13765357639804","0.6836062635854034","9.017205894886361","32.72952570517808","94.70948024706426"
"pol-890","Rajasthan","Jaipur","2026-01-13T11:28:10.811Z","104.86821464967191","1.0939347778181174","33.120699477297606","7.037007440350969","38.93280910664805","57.15588921996346"
"pol-891","Sikkim","Gangtok","2026-01-13T10:28:10.811Z","154.2679781570106","273.8983766847246","28.03372163584757","7.573220589772318","35.63623759450403","34.40007621468355"
"pol-892","Tamil Nadu","Chennai","2026-01-13T09:28:10.811Z","72.75451269676532","225.03323232883983","36.19638379963966","9.151748150972217","31.58435619564323","68.62229147249636"
"pol-893","Telangana","Hyderabad","2026-01-13T08:28:10.811Z","23.9712490433742","42.42930298388663","5.160381085793206","8.67178610200633","23.65539577712783","4.563338283270246"
"pol-894","Tripura","Agartala","2026-01-13T07:28:10.811Z","12.769424708124744","275.7945290769498","2.3601506793703297","5.326265639903727","4.505643860052833","96.09203966497576"
"pol-895","Uttar Pradesh","Lucknow","2026-01-13T06:28:10.811Z","54.89627166215818","24.729009704657045","49.30328185908131","5.3353655319830935","1.9248483434796626","38.36647434127125"
"pol-896","Uttarakhand","Dehradun","2026-01-13T05:28:10.811Z","0.7825279943692864","210.3903267414847","69.18557573616701","2.660538152556752","47.92513215368468","29.811350753333343"
"pol-897","West Bengal","Kolkata","2026-01-13T04:28:10.811Z","76.1450281918604","24.4602442259101","19.423011308668706","9.885780458345138","7.5458379513754945","59.682350197238"
"pol-898","Delhi","New Delhi","2026-01-13T03:28:10.811Z","198.40279559647524","230.30371470063488","73.98686296080153","0.16201479159798415","29.577282069309813","62.652623795006704"
"pol-899","Andhra Pradesh","Visakhapatnam","2026-01-13T02:28:10.811Z","7.564759323451131","233.85149108873753","64.38632425694338","1.6656316640818103","21.496613847068936","41.89061782938618"
"pol-900","Arunachal Pradesh","Itanagar","2026-01-13T01:28:10.811Z","80.89202429535447","19.82802623436861","12.982954985196447","2.512368287149692","22.844002440920086","66.07322257457382"
"pol-901","Assam","Guwahati","2026-01-13T00:28:10.811Z","169.74331410251366","203.96202089404758","45.29234170080852","2.725046738622906","33.9736937339245","43.890331489614674"
"pol-902","Bihar","Patna","2026-01-12T23:28:10.811Z","148.83685150663038","237.10876160359547","1.395063822497935","6.582624546169539","25.481655886309646","29.443128862790978"
"pol-903","Chhattisgarh","Raipur","2026-01-12T22:28:10.811Z","89.38195039520178","100.06083746660434","39.163919620742426","1.2151563687600708","45.63885761500499","92.86484873963799"
"pol-904","Goa","Panaji","2026-01-12T21:28:10.811Z","104.23027217840712","72.65654586008729","55.734510504961456","9.834622779639503","6.556541656852627","67.35313201195359"
"pol-905","Gujarat","Ahmedabad","2026-01-12T20:28:10.811Z","185.22961458479415","44.60746592679781","69.01069776229025","6.022928517435798","17.802784535539086","0.8282810871448665"
"pol-906","Haryana","Gurugram","2026-01-12T19:28:10.811Z","159.61157888213518","110.0822059094104","58.98503635572769","2.241183060383729","18.657431724579332","81.34941877058452"
"pol-907","Himachal Pradesh","Shimla","2026-01-12T18:28:10.811Z","11.841026046725322","222.2947062839069","68.12364889452084","4.360881991126984","34.282004242565115","76.95830434684304"
"pol-908","Jharkhand","Ranchi","2026-01-12T17:28:10.811Z","101.71550561677176","4.536607119191793","44.21805367539043","9.341842687984606","6.402589348689119","63.58972270518175"
"pol-909","Karnataka","Bengaluru","2026-01-12T16:28:10.811Z","144.18114335431454","190.42017295405935","31.419472782015923","5.0873735579091015","20.36024207448396","49.471562746027246"
"pol-910","Kerala","Thiruvananthapuram","2026-01-12T15:28:10.811Z","16.13605010817656","201.06514939499954","39.650210418897096","8.43787549436241","32.22021023147558","11.474978162111228"
"pol-911","Madhya Pradesh","Bhopal","2026-01-12T14:28:10.811Z","95.14501098320709","89.26620704088091","6.430208615290898","3.453767970141289","27.499295976770803","71.37997761408536"
"pol-912","Maharashtra","Mumbai","2026-01-12T13:28:10.811Z","41.69359248281732","3.176360775032372","73.22192061329626","8.39518539746836","8.055402097217119","69.79128272043017"
"pol-913","Manipur","Imphal","2026-01-12T12:28:10.811Z","168.25883592929515","268.1549459864243","55.782697199915454","7.41995090363236","31.262376612902614","20.730202506994377"
"pol-914","Meghalaya","Shillong","2026-01-12T11:28:10.811Z","65.22383033329358","246.61861080257432","30.177162861986993","3.957211867360643","41.81075052537582","62.063177587294305"
"pol-915","Mizoram","Aizawl","2026-01-12T10:28:10.811Z","96.24022975319629","137.29485496025018","63.16468417761413","1.8571574679832192","1.4634855517114798","41.399448456610344"
"pol-916","Nagaland","Kohima","2026-01-12T09:28:10.811Z","16.158975831526302","37.46085612563655","10.942277021614828","6.887907445050048","16.7677303651672","20.054464685117612"
"pol-917","Odisha","Bhubaneswar","2026-01-12T08:28:10.811Z","55.119228834312885","59.24219620821366","50.09901299390039","7.189669261406989","22.03201183734882","49.604348384809924"
"pol-918","Punjab","Ludhiana","2026-01-12T07:28:10.811Z","176.63863115453708","85.01121419036835","29.340295472768297","3.886253488100139","3.925494535567636","43.06679676157371"
"pol-919","Rajasthan","Jaipur","2026-01-12T06:28:10.811Z","41.87943968427839","226.62845654013125","36.170669494003846","2.8133959033879643","30.08614578612673","15.965577449737467"
"pol-920","Sikkim","Gangtok","2026-01-12T05:28:10.811Z","88.04645369605244","73.76253756929184","0.8445387135331739","1.4547807841970284","30.058726417638482","24.08625739642748"
"pol-921","Tamil Nadu","Chennai","2026-01-12T04:28:10.811Z","177.6817619349625","194.94831555635048","17.278819247065442","2.9971131161078635","26.188775542774927","90.93922006623224"
"pol-922","Telangana","Hyderabad","2026-01-12T03:28:10.811Z","28.253513426921593","233.2899994759488","44.198437164787435","7.2378325040958895","24.694256428409485","24.090034071265332"
"pol-923","Tripura","Agartala","2026-01-12T02:28:10.811Z","10.654549047098305","237.62683933827765","47.16251067003292","9.577680328454223","22.326504347873055","53.69013451539385"
"pol-924","Uttar Pradesh","Lucknow","2026-01-12T01:28:10.811Z","27.81955134985401","149.88321680280328","73.01543658297238","4.6145954163769","19.421996672081814","43.353015263577646"
"pol-925","Uttarakhand","Dehradun","2026-01-12T00:28:10.811Z","190.28162732886688","294.86791283000224","19.4135159696207","1.0545311612472297","32.288141724810856","20.24828384098659"
"pol-926","West Bengal","Kolkata","2026-01-11T23:28:10.811Z","11.589515238500825","174.18421747214515","72.59548539289139","8.445617018914863","42.964344199818484","49.01631503261055"
"pol-927","Delhi","New Delhi","2026-01-11T22:28:10.811Z","181.52028853937264","50.12995897325398","51.61440263805757","9.408550814726388","1.203413155612626","40.87423814815113"
"pol-928","Andhra Pradesh","Visakhapatnam","2026-01-11T21:28:10.811Z","188.22359001015298","136.8675810524016","41.69361116669768","8.461760543409262","0.6397526757768557","47.36639027723443"
"pol-929","Arunachal Pradesh","Itanagar","2026-01-11T20:28:10.811Z","114.19592241821181","201.86031590880944","58.99909130404276","9.179096950374078","29.08292769571722","93.63351224029383"
"pol-930","Assam","Guwahati","2026-01-11T19:28:10.811Z","10.900549160038953","267.7418485816574","43.8367385158584","2.2224072296656763","36.04524703838369","77.35806914887137"
"pol-931","Bihar","Patna","2026-01-11T18:28:10.811Z","124.47111176973564","239.2762903581213","43.34914543378307","7.841465428267785","9.23386200440966","36.41101009209194"
"pol-932","Chhattisgarh","Raipur","2026-01-11T17:28:10.811Z","167.9645204032711","299.06185389023943","6.8932826109108","2.655612635986342","49.589743093546176","21.460300458879743"
"pol-933","Goa","Panaji","2026-01-11T16:28:10.811Z","50.9787924505168","34.31975604399955","34.93034793961076","8.807543593330026","30.107876855293636","17.03522528143262"
"pol-934","Gujarat","Ahmedabad","2026-01-11T15:28:10.811Z","82.06822345143941","83.53442923964528","54.23208886039187","1.2539269462101132","36.8933693983913","4.109308161752667"
"pol-935","Haryana","Gurugram","2026-01-11T14:28:10.811Z","187.89466341069166","48.66935360646797","18.26987271897974","2.682347685230747","42.957995593729265","60.26105904128688"
"pol-936","Himachal Pradesh","Shimla","2026-01-11T13:28:10.811Z","64.98750626239686","270.20177286021567","55.57563657468904","3.2797651408550554","49.416425017618856","12.373406131055354"
"pol-937","Jharkhand","Ranchi","2026-01-11T12:28:10.811Z","34.58209574223885","86.5675174469872","31.92054065695208","3.60541194688486","38.68932388579244","19.714965331152545"
"pol-938","Karnataka","Bengaluru","2026-01-11T11:28:10.811Z","159.46616234800462","83.8107417163163","79.40272801299935","2.1499854486767864","41.69181672665586","71.7389715235619"
"pol-939","Kerala","Thiruvananthapuram","2026-01-11T10:28:10.811Z","106.4731755838271","48.485638398333485","8.559401843601915","7.989237432005181","21.460845211307845","13.834697098469428"
"pol-940","Madhya Pradesh","Bhopal","2026-01-11T09:28:10.811Z","72.48727318340077","106.59599783999775","61.12349489852828","0.22263245164381051","11.811959600971111","37.91932227696332"
"pol-941","Maharashtra","Mumbai","2026-01-11T08:28:10.811Z","181.69560993312152","271.8670026170266","69.45336227013695","7.135761082553444","5.376901050743138","33.04648177025534"
"pol-942","Manipur","Imphal","2026-01-11T07:28:10.811Z","80.86560203755369","282.83305353010024","64.30677160385125","9.468990608986559","42.342264672782505","7.641789916093034"
"pol-943","Meghalaya","Shillong","2026-01-11T06:28:10.811Z","181.74709837275606","121.79629880342735","2.572825220052959","9.634014787676472","48.43643852882013","21.128079820414758"
"pol-944","Mizoram","Aizawl","2026-01-11T05:28:10.811Z","1.5866953821826568","19.91453454130968","36.39821642994989","0.34341777062445344","32.49784136155965","38.19015902360421"
"pol-945","Nagaland","Kohima","2026-01-11T04:28:10.811Z","65.7331507441362","48.806003962775705","55.381856673943545","0.2565421009635982","7.037104024383861","14.971828056777825"
"pol-946","Odisha","Bhubaneswar","2026-01-11T03:28:10.811Z","148.5237192187867","85.2572834575808","59.241240438735296","3.4389437788900845","27.70670271773813","39.51271397288515"
"pol-947","Punjab","Ludhiana","2026-01-11T02:28:10.811Z","149.8277849998044","148.04058767416618","54.955950432974504","5.58521942474615","20.357283783517794","98.49588410482971"
"pol-948","Rajasthan","Jaipur","2026-01-11T01:28:10.811Z","86.7308822561008","262.54407159949267","19.25046159127539","3.650060893900368","41.01625509154448","19.51700051274401"
"pol-949","Sikkim","Gangtok","2026-01-11T00:28:10.811Z","150.10414419974362","241.80998499765434","35.891977680673875","0.7625149977408407","37.06844367266195","10.827989280606431"
"pol-950","Tamil Nadu","Chennai","2026-01-10T23:28:10.811Z","120.73817878362259","272.69806463200115","2.725097967839183","9.808163477262205","17.28119016823562","76.80668121835487"
"pol-951","Telangana","Hyderabad","2026-01-10T22:28:10.811Z","123.64619510505715","40.274165301731124","9.222838053624143","7.987328402877778","35.681545541059975","64.36801266674553"
"pol-952","Tripura","Agartala","2026-01-10T21:28:10.811Z","53.7670782267583","124.87459515412608","71.77462816484275","8.602706654851845","31.5622220990536","19.004170400090324"
"pol-953","Uttar Pradesh","Lucknow","2026-01-10T20:28:10.811Z","47.22999813121855","233.6546946697149","29.878884454055623","3.4394195673233554","32.02105843275683","92.80012651391309"
"pol-954","Uttarakhand","Dehradun","2026-01-10T19:28:10.811Z","104.16399875447564","275.06283375750405","37.622278444558084","2.445351225655622","45.513995619134846","43.696262242408594"
"pol-955","West Bengal","Kolkata","2026-01-10T18:28:10.811Z","156.62035330113218","60.59252584970491","40.3037608317925","4.931200524020306","28.174212318502285","44.95864654396732"
"pol-956","Delhi","New Delhi","2026-01-10T17:28:10.811Z","169.11816426458378","131.35886462377974","55.63264508859746","4.981710009064359","32.58536552568893","16.311335679471316"
"pol-957","Andhra Pradesh","Visakhapatnam","2026-01-10T16:28:10.811Z","2.497732665237562","118.05168807116088","12.284118745516697","1.9992975220450016","42.070333949684155","84.48936325456721"
"pol-958","Arunachal Pradesh","Itanagar","2026-01-10T15:28:10.811Z","72.16917607151983","37.33922556042189","50.23277171877972","8.51484345695685","45.705527423636525","94.85870456403784"
"pol-959","Assam","Guwahati","2026-01-10T14:28:10.811Z","9.926604724283283","281.12776531045375","57.064068891247565","2.6382990012204557","14.744620175613743","73.06809811435838"
"pol-960","Bihar","Patna","2026-01-10T13:28:10.811Z","145.5322452965077","176.20162771104467","19.1714060029412","6.91311235634144","45.67668238201305","88.52401109116047"
"pol-961","Chhattisgarh","Raipur","2026-01-10T12:28:10.811Z","75.78755232960188","155.7644954227403","50.395254963016","8.44670804224439","32.48907068328675","57.925078555491716"
"pol-962","Goa","Panaji","2026-01-10T11:28:10.811Z","159.7531999264188","189.0331674166534","3.059146738284735","2.8546194689836857","21.752334739956037","48.598094733843865"
"pol-963","Gujarat","Ahmedabad","2026-01-10T10:28:10.811Z","68.34878311438793","292.74981459035183","24.66642661090564","4.870640312169845","49.32822699644587","48.260998601620074"
"pol-964","Haryana","Gurugram","2026-01-10T09:28:10.811Z","154.7248537598871","20.18302511542277","70.01290935531549","8.194371448786198","7.721568127543793","13.332834263511717"
"pol-965","Himachal Pradesh","Shimla","2026-01-10T08:28:10.811Z","10.894392469754655","12.640066031952113","77.93251028443038","1.1097095065721752","22.761262428976213","62.30801677429112"
"pol-966","Jharkhand","Ranchi","2026-01-10T07:28:10.811Z","127.46780587466723","256.54505458060913","54.89019841518727","7.962765587264443","24.29744297480143","95.58555203868629"
"pol-967","Karnataka","Bengaluru","2026-01-10T06:28:10.811Z","177.29007560904984","146.42889563398245","10.879883518860014","7.422774548043618","1.1043759453516822","61.99140954108457"
"pol-968","Kerala","Thiruvananthapuram","2026-01-10T05:28:10.811Z","73.50375606266957","126.17988564810571","41.3154856159806","1.1171554212287138","46.307321701637214","43.81027663031023"
"pol-969","Madhya Pradesh","Bhopal","2026-01-10T04:28:10.811Z","173.19497222750633","48.279949421378255","49.736521779944496","9.544244433638926","14.344745972741679","47.72620336425752"
"pol-970","Maharashtra","Mumbai","2026-01-10T03:28:10.811Z","83.23938192916151","148.13456246497023","76.54409531919634","0.16969625983870307","37.797804505756055","30.979322356914707"
"pol-971","Manipur","Imphal","2026-01-10T02:28:10.811Z","78.00985072170839","217.03405888855158","67.97814889611776","6.728829830862778","8.776627805752224","7.101220707415601"
"pol-972","Meghalaya","Shillong","2026-01-10T01:28:10.811Z","98.26064961092695","250.40268552719496","79.20460323033879","7.658331845136425","23.955892493984383","35.071532367257504"
"pol-973","Mizoram","Aizawl","2026-01-10T00:28:10.811Z","113.21553083452243","167.24415988409706","54.235052494532496","6.028019643830788","18.047587192176064","71.16992714955941"
"pol-974","Nagaland","Kohima","2026-01-09T23:28:10.811Z","176.96810893030934","284.9639376291053","8.162365272830208","8.244401570934393","42.71236739003058","86.03627555426257"
"pol-975","Odisha","Bhubaneswar","2026-01-09T22:28:10.811Z","21.329524997973536","251.7269757724485","72.5850792549582","6.638423984450046","13.719758564829354","8.362453844727868"
"pol-976","Punjab","Ludhiana","2026-01-09T21:28:10.811Z","99.37999865044702","135.25850624402278","44.06027284342918","3.4119078621414034","24.642740088028603","27.38606765489959"
"pol-977","Rajasthan","Jaipur","2026-01-09T20:28:10.811Z","54.53139528226001","23.390913989902785","47.64901799280668","8.430315540721057","41.49541321981786","64.33142759119058"
"pol-978","Sikkim","Gangtok","2026-01-09T19:28:10.811Z","86.15009468851645","299.3400969685955","71.04242987283223","2.907230101781466","10.356525845389902","52.71753797920484"
"pol-979","Tamil Nadu","Chennai","2026-01-09T18:28:10.811Z","190.23440746493068","212.17219966769073","13.49978545141215","2.184077798253913","24.82568280129303","78.4845053098159"
"pol-980","Telangana","Hyderabad","2026-01-09T17:28:10.811Z","53.6613936652758","166.66115085908322","24.580393775746465","2.362188715353266","44.42704956371236","52.53485285179129"
"pol-981","Tripura","Agartala","2026-01-09T16:28:10.811Z","65.25445724864116","22.17375949744591","65.56128552676712","9.660597184843967","18.004815831524628","47.83817689594192"
"pol-982","Uttar Pradesh","Lucknow","2026-01-09T15:28:10.811Z","123.46707538303694","229.96191055638525","34.76254608320914","9.839396258434613","25.742310863899625","34.697582521327504"
"pol-983","Uttarakhand","Dehradun","2026-01-09T14:28:10.811Z","115.34866682805527","297.0404234492727","7.964747563586716","8.689923056284206","21.59997279797215","43.72807593620597"
"pol-984","West Bengal","Kolkata","2026-01-09T13:28:10.811Z","84.95482098099731","200.85883775855729","60.089735896666916","8.49059311426945","26.103695189919264","65.49642043523076"
"pol-985","Delhi","New Delhi","2026-01-09T12:28:10.811Z","56.451920209369135","30.37306529492424","42.73136336173741","2.987356645312187","38.17792535301688","51.53736970040876"
"pol-986","Andhra Pradesh","Visakhapatnam","2026-01-09T11:28:10.811Z","191.37360635237363","81.87229575835943","36.75520791762963","1.3848792960334966","6.983845356098161","0.36081072710906215"
"pol-987","Arunachal Pradesh","Itanagar","2026-01-09T10:28:10.811Z","30.701296516582865","57.61020334976058","48.67619327875446","1.5440878043064676","15.786073984021181","29.59362689556778"
"pol-988","Assam","Guwahati","2026-01-09T09:28:10.811Z","178.35766325056957","216.76310886441442","54.325973122964044","3.6870845522844133","5.621096835625266","0.6005672427739639"
"pol-989","Bihar","Patna","2026-01-09T08:28:10.811Z","155.431725334381","175.4050626051793","7.177869388532923","1.6554671926277476","41.56008794371573","87.10496740320082"
"pol-990","Chhattisgarh","Raipur","2026-01-09T07:28:10.811Z","129.97383212865725","40.023147449365325","37.07313510139865","9.050519513952827","1.7682699485482012","29.221604137704826"
"pol-991","Goa","Panaji","2026-01-09T06:28:10.811Z","51.126909250030586","106.3265254760472","47.96508313082712","1.594095779485426","44.40200915530586","91.2830849716794"
"pol-992","Gujarat","Ahmedabad","2026-01-09T05:28:10.811Z","54.7445835218203","211.7795046837593","7.886784853168098","7.404846348617438","17.736868712081282","58.403826149437855"
"pol-993","Haryana","Gurugram","2026-01-09T04:28:10.811Z","51.63490843429939","123.12515017168535","52.26500987392509","0.2768293446540282","9.727271322409631","97.62654103160303"
"pol-994","Himachal Pradesh","Shimla","2026-01-09T03:28:10.811Z","99.6327933357013","5.69609996248327","60.90755211515685","6.322494613993442","33.79860851316969","49.083418097433714"
"pol-995","Jharkhand","Ranchi","2026-01-09T02:28:10.811Z","36.030998597584876","46.878412094465006","13.801901255444502","5.017977563327807","27.33099929502196","85.07626290919002"
"pol-996","Karnataka","Bengaluru","2026-01-09T01:28:10.811Z","140.64193719701876","44.8210084748765","78.15878361896978","7.527984254644937","45.58706505232147","84.24710570918154"
"pol-997","Kerala","Thiruvananthapuram","2026-01-09T00:28:10.811Z","74.51621451263297","16.5604666176854","72.21314698336482","1.5251297601210856","34.24271602667793","80.53844094210216"
"pol-998","Madhya Pradesh","Bhopal","2026-01-08T23:28:10.811Z","130.2721403437853","7.465881533955043","50.57358063841865","9.512754195897653","0.7292954362244863","90.67738394589657"
"pol-999","Maharashtra","Mumbai","2026-01-08T22:28:10.811Z","147.4084577904525","47.894889343906","47.40551100982171","5.458260639123699","47.84116165334975","14.681523554526787"
"pol-1000","Manipur","Imphal","2026-01-08T21:28:10.811Z","85.01371930400661","145.14657311983956","2.103464312214589","1.0833495162041118","3.2650890717402516","59.847552857192746"
"pol-1001","Meghalaya","Shillong","2026-01-08T20:28:10.811Z","26.208009669062648","266.8217505679208","58.81528863899379","0.007231093078284845","6.290257821366129","93.5320758004749"
"pol-1002","Mizoram","Aizawl","2026-01-08T19:28:10.811Z","42.10151083782401","43.75968113186991","30.490091512952795","9.955033968998901","1.4234042263000568","2.5793193915872537"
"pol-1003","Nagaland","Kohima","2026-01-08T18:28:10.811Z","118.20119544698767","176.42583981427154","63.56593921439291","6.95152939807953","31.226443376070083","30.671541376840274"
"pol-1004","Odisha","Bhubaneswar","2026-01-08T17:28:10.811Z","69.13340782360484","237.1095926601828","1.2552220462156782","1.4108123518350246","3.9355454044969926","13.832076842747409"
"pol-1005","Punjab","Ludhiana","2026-01-08T16:28:10.811Z","40.78278288389319","299.2618933194636","54.58762241422275","5.697269004626007","41.879307926885254","49.6708546551449"
"pol-1006","Rajasthan","Jaipur","2026-01-08T15:28:10.811Z","197.98084977749312","148.130607623965","57.79866010283504","9.806166588025025","5.646181740590822","69.98616021390846"
"pol-1007","Sikkim","Gangtok","2026-01-08T14:28:10.811Z","115.47806220972119","61.52852760533539","31.563917498608845","7.673300002059601","16.643333303322382","45.135258172640114"
"pol-1008","Tamil Nadu","Chennai","2026-01-08T13:28:10.811Z","68.86233669370783","241.95541970491456","11.37561880234272","0.6681451068307498","37.125516325321925","80.20233362170366"
"pol-1009","Telangana","Hyderabad","2026-01-08T12:28:10.811Z","191.5719615041859","148.70659229367155","5.3360688404212375","2.183348690224186","14.98729684066315","73.24912089145856"
"pol-1010","Tripura","Agartala","2026-01-08T11:28:10.811Z","192.2957546756878","33.21591797814194","19.065857634757386","7.767034935741809","46.89445550954869","31.42785853978368"
"pol-1011","Uttar Pradesh","Lucknow","2026-01-08T10:28:10.811Z","54.22200798667689","54.218967874776105","29.094938496957184","2.848179208582846","47.45005906843748","74.48785394557005"
"pol-1012","Uttarakhand","Dehradun","2026-01-08T09:28:10.811Z","18.556530401824965","196.68164384712634","69.31658259552438","8.534600904642884","24.53754244074059","90.44478816721757"
"pol-1013","West Bengal","Kolkata","2026-01-08T08:28:10.811Z","164.68508905825897","201.2699872921556","54.25940343457772","1.2051702978535117","23.67776017651564","48.269437308933526"
"pol-1014","Delhi","New Delhi","2026-01-08T07:28:10.811Z","37.72632648934668","8.878153865039017","11.319154060184786","2.6971866535476985","5.7944534645193615","40.718229701708275"
"pol-1015","Andhra Pradesh","Visakhapatnam","2026-01-08T06:28:10.811Z","115.42936314864009","141.77102891715094","30.05909513534548","2.97397894238613","10.593975479804474","0.8016232492028985"
"pol-1016","Arunachal Pradesh","Itanagar","2026-01-08T05:28:10.811Z","178.44402561652382","21.721353402770262","43.69095438412505","4.553136812598076","1.9824081474674404","37.92739866543995"
"pol-1017","Assam","Guwahati","2026-01-08T04:28:10.811Z","175.40786661409987","222.157206831369","6.19591028741584","0.26736754414011243","11.99297695102956","37.45831664632141"
"pol-1018","Bihar","Patna","2026-01-08T03:28:10.811Z","134.187715262418","91.8870458080064","51.368026862852155","4.243415793642016","1.2286559266251829","87.0589345341671"
"pol-1019","Chhattisgarh","Raipur","2026-01-08T02:28:10.811Z","146.59300736971082","186.99155213602336","5.830953744336513","3.6231499087915453","37.72253708351304","79.84238378681667"
"pol-1020","Goa","Panaji","2026-01-08T01:28:10.811Z","152.34892050370885","71.14300117835609","68.39994555131965","3.758763941960882","46.84704741220146","31.040546291772863"
"pol-1021","Gujarat","Ahmedabad","2026-01-08T00:28:10.811Z","169.12194566060307","146.59020991894533","45.67679473040797","1.4251051061858588","40.07408169827965","12.095062981061888"
"pol-1022","Haryana","Gurugram","2026-01-07T23:28:10.811Z","51.302673009185476","158.15522364894497","15.670327142873637","1.290399459478555","1.6587087495671837","74.29748826071658"
"pol-1023","Himachal Pradesh","Shimla","2026-01-07T22:28:10.811Z","99.8471180007291","59.813209422152184","8.61723340008731","6.112994570084126","3.0622686780853448","16.87573529713109"
"pol-1024","Jharkhand","Ranchi","2026-01-07T21:28:10.811Z","120.66115093606655","237.2578858380684","22.238956422838516","9.245484396575828","33.39558833753474","48.10380046990428"
"pol-1025","Karnataka","Bengaluru","2026-01-07T20:28:10.811Z","152.06744554389422","228.17251847696033","40.78968548113066","9.738720401697979","18.26555818877134","18.145107931643278"
"pol-1026","Kerala","Thiruvananthapuram","2026-01-07T19:28:10.811Z","121.96411704089967","194.29501334136523","50.06992007989603","6.896958995659286","3.9600132950119216","63.27186498010381"
"pol-1027","Madhya Pradesh","Bhopal","2026-01-07T18:28:10.811Z","71.7956828133727","99.87922578934001","41.91613717903252","0.8284227383902565","49.28804946469755","98.09298310893554"
"pol-1028","Maharashtra","Mumbai","2026-01-07T17:28:10.811Z","53.63678097381068","174.40039608428364","44.6410391735007","5.832772975737078","39.66858247609217","74.65490662999783"
"pol-1029","Manipur","Imphal","2026-01-07T16:28:10.811Z","32.51839397568168","271.2338275820194","29.659439360818915","2.230373324934938","38.94234644973128","48.327207078947524"
"pol-1030","Meghalaya","Shillong","2026-01-07T15:28:10.811Z","119.17829850846343","262.32271645938664","1.9652009380833846","4.617171961680185","25.746856405481523","30.312183743394606"
"pol-1031","Mizoram","Aizawl","2026-01-07T14:28:10.811Z","150.32594265510403","21.547271546005785","75.6919205281023","8.162835756608434","23.622945086297232","50.80164772990731"
"pol-1032","Nagaland","Kohima","2026-01-07T13:28:10.811Z","110.69890135639085","56.778282729166676","24.530355493406304","1.8285501807165117","43.630665524990576","16.773885250726185"
"pol-1033","Odisha","Bhubaneswar","2026-01-07T12:28:10.811Z","61.802411318749776","279.48706803677777","59.42669738943617","9.115986709752507","43.473975252169396","17.922365997573387"
"pol-1034","Punjab","Ludhiana","2026-01-07T11:28:10.811Z","24.075467555507934","131.2063156112133","14.428941115174654","8.095218916301457","8.792283851925104","43.88159604006163"
"pol-1035","Rajasthan","Jaipur","2026-01-07T10:28:10.811Z","159.6119514681939","129.0293485296605","37.75750551229659","6.470693773259311","33.45389664996587","56.44377901378127"
"pol-1036","Sikkim","Gangtok","2026-01-07T09:28:10.811Z","95.84803930797237","127.2484842604921","19.76323922520134","8.454998706971855","37.55820489094054","97.40542091932015"
"pol-1037","Tamil Nadu","Chennai","2026-01-07T08:28:10.811Z","81.28616646705218","184.3192266483828","17.04485880883852","3.8225063240204493","14.747069026392317","40.915280622785076"
"pol-1038","Telangana","Hyderabad","2026-01-07T07:28:10.811Z","28.01947508690874","9.976081208734877","52.7913503244551","6.133469355531799","48.366677820238074","22.992612432560644"
"pol-1039","Tripura","Agartala","2026-01-07T06:28:10.811Z","108.95930917198984","162.73660232396128","22.90074593885479","8.717968020578413","29.30921316671252","26.404610429268736"
"pol-1040","Uttar Pradesh","Lucknow","2026-01-07T05:28:10.811Z","31.66290493773898","225.5553541069156","67.11894285318874","5.839621420890441","3.119336388591237","80.92868083238749"
"pol-1041","Uttarakhand","Dehradun","2026-01-07T04:28:10.811Z","97.21483930265487","24.959596611787916","22.085725317935232","1.9474965729299798","47.118515289993155","60.327993472425504"
"pol-1042","West Bengal","Kolkata","2026-01-07T03:28:10.811Z","66.22973787996807","9.622842556348044","22.232802658002004","9.449250386546016","12.407389452821771","99.86237054870641"
"pol-1043","Delhi","New Delhi","2026-01-07T02:28:10.811Z","180.61844917893234","16.84798842072436","74.5090564623082","3.658367996881462","11.764773516819488","89.74874584588109"
"pol-1044","Andhra Pradesh","Visakhapatnam","2026-01-07T01:28:10.811Z","151.9730591226266","203.29541045604967","32.074198548135236","7.772157219316213","48.54252617173371","17.195248717474954"
"pol-1045","Arunachal Pradesh","Itanagar","2026-01-07T00:28:10.811Z","49.20396772216628","153.32681765499586","17.27653517114576","4.990150645364917","7.7479727284997075","52.583013390221026"
"pol-1046","Assam","Guwahati","2026-01-06T23:28:10.811Z","34.040457439980564","141.02508609929845","41.880142363194146","5.349097944651758","7.692342330949686","92.93374341255604"
"pol-1047","Bihar","Patna","2026-01-06T22:28:10.811Z","36.626210001303214","146.9698273910296","79.4229728121972","8.261575339101078","14.858523273532409","6.954224348928939"
"pol-1048","Chhattisgarh","Raipur","2026-01-06T21:28:10.811Z","175.90222779741524","186.43280047753743","9.069050516994048","4.544746903299382","46.94963971114349","34.665002105483865"
"pol-1049","Goa","Panaji","2026-01-06T20:28:10.811Z","180.80455054942806","105.25949371007341","26.068188067943076","8.15876219093354","3.752228751905312","1.3312249939526843"
"pol-1050","Gujarat","Ahmedabad","2026-01-06T19:28:10.811Z","86.59528499876012","231.25214513735466","67.72177228581634","8.425970954462697","47.10885887505826","83.48203023076675"
"pol-1051","Haryana","Gurugram","2026-01-06T18:28:10.811Z","21.42633319953884","34.747761835144686","41.20631704609497","0.81890624597311","38.728193584117655","99.80421281151605"
"pol-1052","Himachal Pradesh","Shimla","2026-01-06T17:28:10.811Z","9.347635216937956","99.2776766729542","28.003443072660843","1.773623332896438","46.920298844602904","46.16223925936575"
"pol-1053","Jharkhand","Ranchi","2026-01-06T16:28:10.811Z","48.02194456180639","5.594524394627232","61.04520782974326","1.246388094039893","2.8158429520110495","33.95744150546416"
"pol-1054","Karnataka","Bengaluru","2026-01-06T15:28:10.811Z","4.881687114601441","96.47281332800749","71.41761330529792","1.0912420098391096","1.434170831422743","58.49290748490687"
"pol-1055","Kerala","Thiruvananthapuram","2026-01-06T14:28:10.811Z","145.32214006587415","41.5007473243467","77.11327021531574","5.94444130001074","35.12569708886214","53.38521539229255"
"pol-1056","Madhya Pradesh","Bhopal","2026-01-06T13:28:10.811Z","184.20577280563523","286.30197878969","45.38609056425132","2.2328810590914316","36.492359630028616","74.74466924496251"
"pol-1057","Maharashtra","Mumbai","2026-01-06T12:28:10.811Z","123.92447908721442","196.43805808083465","14.33121786986419","7.085504602433615","36.75503553460076","24.547527361502198"
"pol-1058","Manipur","Imphal","2026-01-06T11:28:10.811Z","196.17737620546006","210.14782318626507","53.213468419602734","7.682180170832467","15.20113468951189","1.7230092184892132"
"pol-1059","Meghalaya","Shillong","2026-01-06T10:28:10.811Z","80.23950307397492","134.7750949758043","60.98819997563759","9.519020782759934","21.819050614373953","61.258806231941406"
"pol-1060","Mizoram","Aizawl","2026-01-06T09:28:10.811Z","95.9790160662476","105.60298504998289","73.55976120063997","6.225509672214966","7.671358883577622","8.266311756162292"
"pol-1061","Nagaland","Kohima","2026-01-06T08:28:10.811Z","9.765626083138713","127.28303364372323","4.4145710026102325","8.75314968490318","31.32710424113973","25.30084250426907"
"pol-1062","Odisha","Bhubaneswar","2026-01-06T07:28:10.811Z","3.256979188668563","199.98962039946238","36.04627419552849","6.145580013309613","21.503080498166632","25.696881387088"
"pol-1063","Punjab","Ludhiana","2026-01-06T06:28:10.811Z","104.39054389058701","299.78489406824775","56.095512157678826","9.98518144737221","25.848429091710113","51.390957883614355"
"pol-1064","Rajasthan","Jaipur","2026-01-06T05:28:10.811Z","151.1143268942344","107.43798836653275","13.5636562560238","6.667427248196748","37.13985548521707","79.82139330711703"
"pol-1065","Sikkim","Gangtok","2026-01-06T04:28:10.811Z","14.790227008559231","245.96259622767278","63.52183980630134","9.910218809689951","43.55811065960288","96.16483660106147"
"pol-1066","Tamil Nadu","Chennai","2026-01-06T03:28:10.811Z","37.01846219187166","244.79607144107618","55.47068655484025","6.19032829134616","47.74194340180304","86.95046941831578"
"pol-1067","Telangana","Hyderabad","2026-01-06T02:28:10.811Z","49.18531554958223","187.5835865303793","67.99251108051052","5.932207562072994","36.94788233568837","42.31291092092426"
"pol-1068","Tripura","Agartala","2026-01-06T01:28:10.811Z","33.335792979853366","47.21869294552005","11.80597328229613","0.08049243847994547","7.339899121525617","11.264180848755856"
"pol-1069","Uttar Pradesh","Lucknow","2026-01-06T00:28:10.811Z","42.41532673727122","163.2437486567838","77.0650707664104","6.463475574719455","30.168684464573158","80.02654570710402"
"pol-1070","Uttarakhand","Dehradun","2026-01-05T23:28:10.811Z","74.64571493749348","36.55573537321249","9.83208059555225","6.340449592313132","19.639222927563555","89.5618034982603"
"pol-1071","West Bengal","Kolkata","2026-01-05T22:28:10.811Z","151.87668179314574","205.8858334767861","16.735613076696268","0.5765477246164175","12.828167329400014","5.5860596066383605"
"pol-1072","Delhi","New Delhi","2026-01-05T21:28:10.811Z","25.943913174866683","48.48510960303244","18.474404031173055","7.19731721783191","46.023023466199106","87.30504122263653"
"pol-1073","Andhra Pradesh","Visakhapatnam","2026-01-05T20:28:10.811Z","196.69785276871255","230.11709270216778","18.110392491701255","5.114999120321832","9.525538370437342","6.425638420910484"
"pol-1074","Arunachal Pradesh","Itanagar","2026-01-05T19:28:10.811Z","59.48899869345033","264.9809407103422","62.48928822541795","0.6109884671468069","0.301153344692523","87.2368580452412"
"pol-1075","Assam","Guwahati","2026-01-05T18:28:10.811Z","63.586701061738715","189.620364493137","11.544722602014197","8.807909934458372","47.722093578736875","87.7744936077041"
"pol-1076","Bihar","Patna","2026-01-05T17:28:10.811Z","22.31688650033994","174.9186009198429","46.054201453865375","3.536092986284418","37.71963105488319","63.32739910498676"
"pol-1077","Chhattisgarh","Raipur","2026-01-05T16:28:10.811Z","8.43544174506099","265.608017252281","53.83314793586325","0.04195656442080087","26.902441981611307","86.98531007322931"
"pol-1078","Goa","Panaji","2026-01-05T15:28:10.811Z","117.50562818886677","257.10446457629524","35.22212173874125","5.645595812932735","38.46379357435698","42.834207078037146"
"pol-1079","Gujarat","Ahmedabad","2026-01-05T14:28:10.811Z","22.443399956179345","279.7269970009941","36.41120562521526","6.358277858578179","19.222116945214708","50.935193954234784"
"pol-1080","Haryana","Gurugram","2026-01-05T13:28:10.811Z","128.292906725668","198.0588724816225","52.50783543025023","2.8680101288775206","46.33844688332221","69.32026279992006"
"pol-1081","Himachal Pradesh","Shimla","2026-01-05T12:28:10.811Z","24.015495695937638","55.60263122326584","57.53942827359624","1.9496806281073975","5.926351911459332","34.65835285799079"
"pol-1082","Jharkhand","Ranchi","2026-01-05T11:28:10.811Z","110.97754498144796","69.58687278490228","52.12541160994177","0.9545959025368034","2.3672663726545364","98.76332274093552"
"pol-1083","Karnataka","Bengaluru","2026-01-05T10:28:10.812Z","93.83851274697747","85.30044502054328","7.777159482659588","0.5062458145233539","17.06005122375493","52.504250595363914"
"pol-1084","Kerala","Thiruvananthapuram","2026-01-05T09:28:10.812Z","148.3505603499756","15.326970632101943","40.2076032906953","1.0539047762533238","15.255518357422126","9.827637208220697"
"pol-1085","Madhya Pradesh","Bhopal","2026-01-05T08:28:10.812Z","199.99963874462642","91.50054204650952","68.20462808656815","1.4199998617241372","16.893668016370384","69.27329906282733"
"pol-1086","Maharashtra","Mumbai","2026-01-05T07:28:10.812Z","8.171574737381949","157.80428714355557","20.68218492038988","3.592889753882514","33.10198374819584","54.04682849125923"
"pol-1087","Manipur","Imphal","2026-01-05T06:28:10.812Z","3.844949153574495","231.76981214119238","55.34355104927906","1.9360305636230524","14.866367991738743","35.616007406784156"
"pol-1088","Meghalaya","Shillong","2026-01-05T05:28:10.812Z","8.369183769984655","79.67110200512121","55.26645244621544","3.6841656864585213","13.300065437037901","62.76133978663086"
"pol-1089","Mizoram","Aizawl","2026-01-05T04:28:10.812Z","21.1002173312121","201.97093924608882","46.2563894895581","0.7672717981326038","13.15507154823084","86.19658773892905"
"pol-1090","Nagaland","Kohima","2026-01-05T03:28:10.812Z","199.61510656763184","299.9872375563547","19.67303043359589","4.066552337685669","21.126596558786943","15.104480349443893"
"pol-1091","Odisha","Bhubaneswar","2026-01-05T02:28:10.812Z","122.6247580642869","286.8866983638687","55.064509814110366","5.31795242681944","39.142168673243745","86.17751391508077"
"pol-1092","Punjab","Ludhiana","2026-01-05T01:28:10.812Z","41.4361984304759","231.76824077027783","19.608266875682183","2.4283477491941454","2.7262445631985988","42.91450220958713"
"pol-1093","Rajasthan","Jaipur","2026-01-05T00:28:10.812Z","99.15452273720217","132.79543962718014","54.13628842291171","4.535259270609046","17.643995875153077","63.53903647670042"
"pol-1094","Sikkim","Gangtok","2026-01-04T23:28:10.812Z","120.84197861598457","251.9241715168954","42.330362083339146","9.53241794173423","37.5933925265759","11.575839472586125"
"pol-1095","Tamil Nadu","Chennai","2026-01-04T22:28:10.812Z","164.79326027812274","205.04543756609164","78.96664252157953","7.475630719957762","34.64681243735244","41.67098408476304"
"pol-1096","Telangana","Hyderabad","2026-01-04T21:28:10.812Z","55.829204079224624","129.4823726008822","72.0838666095267","4.34529181132766","30.06385604648042","81.66884395260264"
"pol-1097","Tripura","Agartala","2026-01-04T20:28:10.812Z","96.44420406340215","279.4934665959691","55.37687085001389","5.081747465987485","45.44207986427905","56.15408156605027"
"pol-1098","Uttar Pradesh","Lucknow","2026-01-04T19:28:10.812Z","36.34093921243142","62.9152453821893","25.342841220990096","6.742946520572386","38.949636087451545","97.30898283042897"
"pol-1099","Uttarakhand","Dehradun","2026-01-04T18:28:10.812Z","141.7874227901071","262.5506095537619","10.661361527489044","4.968043841155632","49.144872221273914","62.33976942486785"
"pol-1100","West Bengal","Kolkata","2026-01-04T17:28:10.812Z","178.2584011244375","165.37487686468126","11.718230081644636","1.1042148067530078","28.375856357505256","74.67779917194392"
"pol-1101","Delhi","New Delhi","2026-01-04T16:28:10.812Z","153.59056956779028","127.63059635269629","50.304890035883076","5.62485920318906","43.416174890863374","6.042036358612169"
"pol-1102","Andhra Pradesh","Visakhapatnam","2026-01-04T15:28:10.812Z","118.18560567566445","183.61801509210667","61.66540367826268","6.359055592073743","6.261551201995358","0.5487052671148573"
"pol-1103","Arunachal Pradesh","Itanagar","2026-01-04T14:28:10.812Z","30.44361543114844","71.72269266102924","77.51489645569414","1.9883685923959415","3.868547663654059","76.89744252496862"
"pol-1104","Assam","Guwahati","2026-01-04T13:28:10.812Z","144.63169646782575","18.585701799385156","59.655165358852955","1.3844699198679178","6.228600335587381","25.460400955666962"
"pol-1105","Bihar","Patna","2026-01-04T12:28:10.812Z","50.17229012078619","152.62809952303618","42.93660121129545","1.4365024950357463","9.020772894762324","81.77116326771751"
"pol-1106","Chhattisgarh","Raipur","2026-01-04T11:28:10.812Z","136.6017360806791","279.5054215454258","13.536414626335214","1.0164855567679332","46.13466259315644","75.34406414165962"
"pol-1107","Goa","Panaji","2026-01-04T10:28:10.812Z","191.10749659961422","215.811020670617","15.990967177912045","4.973943186151657","22.839986366205782","49.352687842523615"
"pol-1108","Gujarat","Ahmedabad","2026-01-04T09:28:10.812Z","21.463343680872924","199.4167569429891","45.286922519543815","1.527138056070232","14.532719685958305","4.71861554627192"
"pol-1109","Haryana","Gurugram","2026-01-04T08:28:10.812Z","55.32785703179606","94.22560459498538","14.098168445159898","5.184747388786873","39.63442116949081","11.196351130399185"
"pol-1110","Himachal Pradesh","Shimla","2026-01-04T07:28:10.812Z","190.4917148494969","158.42136516455798","2.6913787889973673","0.46676206625524963","12.094370402886884","96.10615615116987"
"pol-1111","Jharkhand","Ranchi","2026-01-04T06:28:10.812Z","131.3681587539346","102.80698537450337","47.35306650688778","7.149680223172828","26.359818328084657","96.03317855122405"
"pol-1112","Karnataka","Bengaluru","2026-01-04T05:28:10.812Z","46.40303437408626","131.2263382638499","77.38890874866635","3.89361279153034","33.75214484324896","0.6729858248814002"
"pol-1113","Kerala","Thiruvananthapuram","2026-01-04T04:28:10.812Z","162.99449240099986","187.34794795384056","32.75235795211448","9.023758927682762","36.36244302709265","76.98948318085168"
"pol-1114","Madhya Pradesh","Bhopal","2026-01-04T03:28:10.812Z","136.88013141730457","175.20946830446712","49.50232237134316","9.733994078186873","33.33246517875504","62.86133736496468"
"pol-1115","Maharashtra","Mumbai","2026-01-04T02:28:10.812Z","38.79116227754827","167.79484784902306","62.89541823720192","2.2464704681206307","13.073508798025257","33.6383366695428"
"pol-1116","Manipur","Imphal","2026-01-04T01:28:10.812Z","117.87831432080944","72.52818426972914","21.375459633289342","0.041537272867951947","48.22311861808608","65.11829427129237"
"pol-1117","Meghalaya","Shillong","2026-01-04T00:28:10.812Z","193.4354491343271","123.90808189705336","21.5246263817994","3.6854427449925153","31.992241591498082","7.054575370984962"
"pol-1118","Mizoram","Aizawl","2026-01-03T23:28:10.812Z","192.9206482534704","255.0768932099024","21.75824282310557","8.579141104538035","1.5478518168719035","47.05506172702821"
"pol-1119","Nagaland","Kohima","2026-01-03T22:28:10.812Z","114.15133165003499","269.0612610703286","18.189066889414605","9.325062493330313","21.03284176433463","21.045545085285344"
"pol-1120","Odisha","Bhubaneswar","2026-01-03T21:28:10.812Z","5.381447034956222","39.80532526678012","44.26636045604287","5.776220298990928","34.6208710974504","73.14552686394028"
"pol-1121","Punjab","Ludhiana","2026-01-03T20:28:10.812Z","111.92518521429908","186.98999428839505","66.66114073189766","1.9983732576563396","38.16014606611384","38.978787706432904"
"pol-1122","Rajasthan","Jaipur","2026-01-03T19:28:10.812Z","199.4780153868448","5.724248299925616","47.38694495315802","5.963563815856507","11.999206274159063","53.830857712791826"
"pol-1123","Sikkim","Gangtok","2026-01-03T18:28:10.812Z","22.81609017399513","34.20505015638914","54.88707961864583","3.138436387897119","40.91549554796251","67.0681482387572"
"pol-1124","Tamil Nadu","Chennai","2026-01-03T17:28:10.812Z","137.53727467011728","222.07017933123493","26.811240004573726","6.5102828393368455","12.87571226833037","49.67284355529677"
"pol-1125","Telangana","Hyderabad","2026-01-03T16:28:10.812Z","10.710339198872209","263.53174163088715","14.153503408613375","6.002169043076709","14.186297980919733","11.188881921034433"
"pol-1126","Tripura","Agartala","2026-01-03T15:28:10.812Z","166.81063226515562","227.32837296056186","20.05769864758374","7.581547777441585","13.17521981644295","16.61759149343478"
"pol-1127","Uttar Pradesh","Lucknow","2026-01-03T14:28:10.812Z","55.23773134878584","212.18352592220708","35.786895908976746","4.9950650307377495","1.3358713714189618","40.86853422480552"
"pol-1128","Uttarakhand","Dehradun","2026-01-03T13:28:10.812Z","16.863351612733425","77.6986457487385","5.815953238512259","6.458265590300946","27.780854784002617","8.713113497627445"
"pol-1129","West Bengal","Kolkata","2026-01-03T12:28:10.812Z","5.025684682880471","86.91943760462118","10.91209293258367","7.5849457477456586","48.003853304762764","40.341988376118884"
"pol-1130","Delhi","New Delhi","2026-01-03T11:28:10.812Z","83.74998473611177","26.1353759273507","14.684968442318684","6.279653859998131","47.906121530746795","73.19219973404034"
"pol-1131","Andhra Pradesh","Visakhapatnam","2026-01-03T10:28:10.812Z","180.35872867253235","195.80413534044004","76.06738254657554","7.386756459052802","2.789165232705293","0.17949863263764243"
"pol-1132","Arunachal Pradesh","Itanagar","2026-01-03T09:28:10.812Z","37.36510261007386","51.02852643334804","67.61692869364205","1.4382570609668899","15.310955092234396","4.3987645564343865"
"pol-1133","Assam","Guwahati","2026-01-03T08:28:10.812Z","88.45487723351255","250.67885890509854","54.17916568273953","4.273020647637922","21.54160556909006","9.784628818463814"
"pol-1134","Bihar","Patna","2026-01-03T07:28:10.812Z","161.9036946080278","98.85551814226426","2.8806830976949804","4.937694391787987","14.366771731956202","54.14005217274111"
"pol-1135","Chhattisgarh","Raipur","2026-01-03T06:28:10.812Z","190.64536521232228","270.9596327804633","42.01841908682242","7.370489674758191","25.58496699683947","59.12640322577296"
"pol-1136","Goa","Panaji","2026-01-03T05:28:10.812Z","89.61390535181835","208.4203103305732","61.14359395244251","0.902324881522496","33.37162562786481","88.96846547709168"
"pol-1137","Gujarat","Ahmedabad","2026-01-03T04:28:10.812Z","115.73034201259686","99.29300459332767","7.156593010235026","5.367404135623652","40.324022342601126","28.224098444003744"
"pol-1138","Haryana","Gurugram","2026-01-03T03:28:10.812Z","15.529390602907945","30.99605677527394","59.100557287913716","7.373333471656313","18.416831614977813","56.52561566296696"
"pol-1139","Himachal Pradesh","Shimla","2026-01-03T02:28:10.812Z","152.54102487459414","195.0005134649145","33.611130391172914","7.050825276086352","19.271649962197262","40.49995203575699"
"pol-1140","Jharkhand","Ranchi","2026-01-03T01:28:10.812Z","136.28712160870856","212.54701965465932","76.73922473961224","6.601357986539965","15.412374085625725","9.251873853402381"
"pol-1141","Karnataka","Bengaluru","2026-01-03T00:28:10.812Z","195.71580279223855","107.9477383486917","32.042197689767995","8.134789639500905","4.422764179056965","61.34437000920966"
"pol-1142","Kerala","Thiruvananthapuram","2026-01-02T23:28:10.812Z","0.34571980200113206","257.5560638441248","20.54468994618756","0.5319569625105391","24.079019962410662","40.21130836181606"
"pol-1143","Madhya Pradesh","Bhopal","2026-01-02T22:28:10.812Z","132.44450745411226","283.31771755918714","30.77849888091719","1.4986539043412117","0.14585974579280903","17.25524280760311"
"pol-1144","Maharashtra","Mumbai","2026-01-02T21:28:10.812Z","113.33653053553749","44.67829723408664","52.64476019291156","1.9373689187617005","47.31859925945104","65.39064760834795"
"pol-1145","Manipur","Imphal","2026-01-02T20:28:10.812Z","166.07971484341766","122.70316593076969","69.18691786556124","6.884757296951287","12.441274212929093","99.87231566498852"
"pol-1146","Meghalaya","Shillong","2026-01-02T19:28:10.812Z","15.551845304850342","80.83061371398315","3.3562932256844036","8.5623501662912","35.62041730584809","62.649164305858484"
"pol-1147","Mizoram","Aizawl","2026-01-02T18:28:10.812Z","35.12614944771284","279.57001263239647","49.227744533520514","0.8472747647813839","26.778412824008928","95.66761853885176"
"pol-1148","Nagaland","Kohima","2026-01-02T17:28:10.812Z","73.41335408523248","101.13015644431596","33.886445615844025","9.542103851480396","11.860604330441237","68.57944238488375"
"pol-1149","Odisha","Bhubaneswar","2026-01-02T16:28:10.812Z","123.59021788123106","145.31109496481182","43.7371189088997","3.393133697819911","7.341602300304229","31.520649323638406"
"pol-1150","Punjab","Ludhiana","2026-01-02T15:28:10.812Z","85.88007060434595","130.08941014710726","65.37710248923992","0.07700517676169971","15.195094864668569","7.3262425626816725"
"pol-1151","Rajasthan","Jaipur","2026-01-02T14:28:10.812Z","36.52276338083031","68.834642892273","29.361869766151205","9.488823042230814","20.33870105869195","80.89490187728778"
"pol-1152","Sikkim","Gangtok","2026-01-02T13:28:10.812Z","82.72693184668394","110.32924371038334","56.81764850178884","6.4037462148514575","1.9610247679562487","42.04499826739604"
"pol-1153","Tamil Nadu","Chennai","2026-01-02T12:28:10.812Z","32.463815059539705","220.22441599102157","73.60605326289676","1.3591527376783596","38.42307022946033","75.9902581271033"
"pol-1154","Telangana","Hyderabad","2026-01-02T11:28:10.812Z","168.8929945580793","12.52494754756539","57.3497440241041","0.5729858476753735","36.499825789085946","49.45860745058825"
"pol-1155","Tripura","Agartala","2026-01-02T10:28:10.812Z","31.199755919628913","246.13297387139562","30.935037249124306","8.96745988815885","4.405560248106494","97.59576260756036"
"pol-1156","Uttar Pradesh","Lucknow","2026-01-02T09:28:10.812Z","8.009835422379542","48.38666298419972","57.055672093631806","5.451549283511738","40.606236200639415","55.947902277327586"
"pol-1157","Uttarakhand","Dehradun","2026-01-02T08:28:10.812Z","148.5810278606874","268.4827485241661","16.17142726010013","3.8779858632551276","21.05300863561676","39.98108365738613"
"pol-1158","West Bengal","Kolkata","2026-01-02T07:28:10.812Z","15.76456074743755","64.96716024905524","7.693833313354839","4.715117260230905","34.22713081618037","42.72118191779962"
"pol-1159","Delhi","New Delhi","2026-01-02T06:28:10.812Z","2.2428210122783288","289.8166741495707","62.721254087990076","3.4475091511309532","10.087594666939486","40.18283400111763"
"pol-1160","Andhra Pradesh","Visakhapatnam","2026-01-02T05:28:10.812Z","195.49942714979198","17.550783705945637","11.585550879996127","8.326279237284476","26.14775658039028","31.68350902178253"
"pol-1161","Arunachal Pradesh","Itanagar","2026-01-02T04:28:10.812Z","63.668405103158385","194.3660468142873","59.79647170921388","9.251054131148583","43.07148119077526","87.10693189772597"
"pol-1162","Assam","Guwahati","2026-01-02T03:28:10.812Z","83.29690916918217","246.0877720779167","78.59841063175026","3.1677971473944666","17.911375177206747","92.61681895968209"
"pol-1163","Bihar","Patna","2026-01-02T02:28:10.812Z","151.63028679739892","219.64279118000525","62.279526970176676","0.6367982018784635","5.405921789853963","28.480110062756726"
"pol-1164","Chhattisgarh","Raipur","2026-01-02T01:28:10.812Z","102.97239638569317","87.01450611927542","68.38824229618336","7.498158442961048","31.8033025308077","7.35845790422327"
"pol-1165","Goa","Panaji","2026-01-02T00:28:10.812Z","105.35681463176701","174.84055194831","43.96385692875472","4.1042845983690786","45.07249569811461","90.11517059962667"
"pol-1166","Gujarat","Ahmedabad","2026-01-01T23:28:10.812Z","186.2945809405427","283.6141776411109","75.15216034156575","1.2192810990628078","33.60195449941736","76.20246495354267"
"pol-1167","Haryana","Gurugram","2026-01-01T22:28:10.812Z","81.15144232052967","94.18868927841679","38.88834520437737","4.719985477758843","25.96553879684549","30.934211940557045"
"pol-1168","Himachal Pradesh","Shimla","2026-01-01T21:28:10.812Z","40.928920555048286","184.72411585714653","64.80689429271945","8.894387698130272","14.23355162990786","36.90880560059183"
"pol-1169","Jharkhand","Ranchi","2026-01-01T20:28:10.812Z","103.70437054864172","194.59932428273942","17.939665022150677","5.034253218884221","28.421167789562222","0.11457128718469489"
"pol-1170","Karnataka","Bengaluru","2026-01-01T19:28:10.812Z","137.56749027489343","114.12706145888438","7.837091394901181","7.109909139523549","0.7019681238623288","9.400561001423979"
"pol-1171","Kerala","Thiruvananthapuram","2026-01-01T18:28:10.812Z","31.441835694572706","47.640979736002045","42.17095179570215","1.491033770001684","4.751714852009109","85.11424105308521"
"pol-1172","Madhya Pradesh","Bhopal","2026-01-01T17:28:10.812Z","18.578465861955973","22.96272577681909","21.134928757927966","9.178901562453465","46.0567386249017","14.575942024364752"
"pol-1173","Maharashtra","Mumbai","2026-01-01T16:28:10.812Z","47.46203434170155","296.6154135294807","64.55181075564886","2.767640265999436","20.262813913608944","4.276739151442355"
"pol-1174","Manipur","Imphal","2026-01-01T15:28:10.812Z","139.0759211786729","222.67012666713788","5.559281937677385","2.418886322318893","16.2188996888509","90.90808044938555"
"pol-1175","Meghalaya","Shillong","2026-01-01T14:28:10.812Z","102.1218242966214","127.8616604694625","2.371865243977247","7.841391422594174","0.7398678547060555","4.318787902514654"
"pol-1176","Mizoram","Aizawl","2026-01-01T13:28:10.812Z","119.81023418096328","150.1223776321392","51.10417614359335","8.96171181436352","36.07162555660995","85.21398302950226"
"pol-1177","Nagaland","Kohima","2026-01-01T12:28:10.812Z","76.74606472653814","140.41799824686393","7.178010897712248","3.7667003310378355","47.75520314186401","77.45435116013304"
"pol-1178","Odisha","Bhubaneswar","2026-01-01T11:28:10.812Z","129.21605523473207","135.179245691892","2.1503900697123512","1.4585197620836265","1.4180595480431935","59.25817167248978"
"pol-1179","Punjab","Ludhiana","2026-01-01T10:28:10.812Z","36.747971419039914","143.93416594056902","36.68285230071028","0.4820275014034703","43.436852643282876","77.1389698539022"
"pol-1180","Rajasthan","Jaipur","2026-01-01T09:28:10.812Z","100.76652270622633","248.59937581907678","30.690622970043897","4.29284796196538","10.440466232492263","29.993277543524265"
"pol-1181","Sikkim","Gangtok","2026-01-01T08:28:10.812Z","127.44482571244072","68.0826495516588","38.882633383136564","2.9856394680070686","29.221229374846008","62.72080724072045"
"pol-1182","Tamil Nadu","Chennai","2026-01-01T07:28:10.812Z","83.8778343492812","228.14877590527223","78.12743930860177","1.9773065888736752","25.141658089446512","32.089912701641786"
"pol-1183","Telangana","Hyderabad","2026-01-01T06:28:10.812Z","140.7075278878683","22.612481342075654","20.724992859012914","8.195629873422615","15.55508227253335","35.12987662561648"
"pol-1184","Tripura","Agartala","2026-01-01T05:28:10.812Z","151.18533864368214","56.06244985606686","73.76876375717542","8.025617370224554","32.57058976727013","56.42525810430755"
"pol-1185","Uttar Pradesh","Lucknow","2026-01-01T04:28:10.812Z","107.90983145715558","123.12586373062625","71.79308932556746","0.3009039860502738","29.195014841060228","39.94307706603374"
"pol-1186","Uttarakhand","Dehradun","2026-01-01T03:28:10.812Z","15.006679534744173","207.91565243430657","20.85315601951826","4.805847526018356","28.237228647885143","31.44771936392545"
"pol-1187","West Bengal","Kolkata","2026-01-01T02:28:10.812Z","20.21008190346023","280.7729565598345","30.503553894171205","6.093406760069228","46.65079236756773","96.20448772011791"
"pol-1188","Delhi","New Delhi","2026-01-01T01:28:10.812Z","64.52426322834486","220.93103985124742","66.09799800262975","9.86266988095332","3.142632028304715","2.1347276786057523"
"pol-1189","Andhra Pradesh","Visakhapatnam","2026-01-01T00:28:10.812Z","190.62943378165446","97.29839537552158","39.84736321451142","8.43938632138403","48.26240918037662","87.75879431691357"
"pol-1190","Arunachal Pradesh","Itanagar","2025-12-31T23:28:10.812Z","78.46289899886915","92.85199354661093","2.6118660929932336","6.631794049927484","13.814100069931174","32.60748213403889"
"pol-1191","Assam","Guwahati","2025-12-31T22:28:10.812Z","148.69646265496226","171.41594917195192","77.09632703043897","2.184396141654854","10.25262427063124","21.263517678584076"
"pol-1192","Bihar","Patna","2025-12-31T21:28:10.812Z","140.55084447874688","22.795328034705452","54.19090013405159","4.369653271999577","34.84642622002281","72.86051027898289"
"pol-1193","Chhattisgarh","Raipur","2025-12-31T20:28:10.812Z","125.31330359698343","70.02895185968964","29.728744168233384","8.191742383184978","17.30697131744161","66.71970097061079"
"pol-1194","Goa","Panaji","2025-12-31T19:28:10.812Z","121.49716255204383","22.032659757380515","6.753469631547189","2.8453524688658582","20.750285476535872","25.270177386599425"
"pol-1195","Gujarat","Ahmedabad","2025-12-31T18:28:10.812Z","22.113900420251277","51.413500825841254","3.477144117820572","5.849689587474769","14.854113782482232","16.668897285983007"
"pol-1196","Haryana","Gurugram","2025-12-31T17:28:10.812Z","189.72008933437576","10.322275846946226","1.7925172958289792","5.603654908529813","38.70250141338853","12.197314594640297"
"pol-1197","Himachal Pradesh","Shimla","2025-12-31T16:28:10.812Z","138.706431401923","76.54136452070233","20.774934694004912","4.652048973647598","28.9148666737622","95.08525363751544"
"pol-1198","Jharkhand","Ranchi","2025-12-31T15:28:10.812Z","187.93110029378317","86.95046869984306","41.91372739304971","4.677580314200639","35.630764315797585","45.12337692198868"
"pol-1199","Karnataka","Bengaluru","2025-12-31T14:28:10.812Z","173.5177486217975","130.17647203548415","25.911962760166986","9.782857099983184","17.011030374421054","22.12083805242102"
"pol-1200","Kerala","Thiruvananthapuram","2025-12-31T13:28:10.812Z","18.030052395165974","166.1645316328841","68.97336475545116","7.217204411692151","2.8064988482093876","31.401980445684675"
"pol-1201","Madhya Pradesh","Bhopal","2025-12-31T12:28:10.812Z","8.23559392790516","89.76189864967382","45.76810278140874","9.037887796380657","49.400732484938125","67.53691968858632"
"pol-1202","Maharashtra","Mumbai","2025-12-31T11:28:10.812Z","143.94635034751718","191.31633081915868","54.84720008430514","0.45239329198648703","33.8766794099638","85.95267357673552"
"pol-1203","Manipur","Imphal","2025-12-31T10:28:10.812Z","187.61805877454393","172.36803185705523","18.419749438369955","1.651707281951733","46.78006720210908","44.38213951015635"
"pol-1204","Meghalaya","Shillong","2025-12-31T09:28:10.812Z","145.4744778665578","207.85600096706733","48.103772503623844","6.621750830281957","19.32786269176368","8.915983263785465"
"pol-1205","Mizoram","Aizawl","2025-12-31T08:28:10.812Z","121.18251688621781","267.0894963606912","3.382847533508908","2.7535261275662326","38.2025184362666","3.735447505272249"
"pol-1206","Nagaland","Kohima","2025-12-31T07:28:10.812Z","69.6078087082745","1.1862271199536867","11.892581203932577","0.6208393572451554","17.07116705808985","2.084096613345021"
"pol-1207","Odisha","Bhubaneswar","2025-12-31T06:28:10.812Z","73.05813576877907","37.29870138449796","20.566096324615586","5.630006258632514","14.180839195073002","42.89309353698787"
"pol-1208","Punjab","Ludhiana","2025-12-31T05:28:10.812Z","124.63709211052803","31.959533995670085","9.984861809802288","2.77842013814374","48.82668067413396","50.05823740344687"
"pol-1209","Rajasthan","Jaipur","2025-12-31T04:28:10.812Z","151.68291963646615","119.34261308382024","30.199338979403898","7.9071309481457694","48.062621512128146","85.9379566900289"
"pol-1210","Sikkim","Gangtok","2025-12-31T03:28:10.812Z","168.35053697631287","179.07006358905446","47.678044782716","7.283176734133562","32.508018899550606","96.827567188119"
"pol-1211","Tamil Nadu","Chennai","2025-12-31T02:28:10.812Z","79.0296089629498","18.61705598039851","40.03728946266064","2.06128505738002","37.08362600808581","55.022060695377974"
"pol-1212","Telangana","Hyderabad","2025-12-31T01:28:10.812Z","49.082679100432024","65.66927997660702","66.98921809544683","5.693751514487117","10.353925228438655","28.713122836203773"
"pol-1213","Tripura","Agartala","2025-12-31T00:28:10.812Z","46.98208052002648","151.66801031444757","65.32533214441008","4.159476286175563","38.369254279317744","16.856945384481747"
"pol-1214","Uttar Pradesh","Lucknow","2025-12-30T23:28:10.812Z","156.8613437857764","239.3481976508943","34.72456381318537","3.3549883170694015","16.644480401333112","59.194738759313836"
"pol-1215","Uttarakhand","Dehradun","2025-12-30T22:28:10.812Z","124.87079850545743","62.03673455924117","62.08490671801998","9.710934056393857","7.387310177078499","13.327336105176634"
"pol-1216","West Bengal","Kolkata","2025-12-30T21:28:10.812Z","50.4014197300499","113.85924479991797","20.969468303486032","5.845312717077077","9.255670825055068","96.59724400966417"
"pol-1217","Delhi","New Delhi","2025-12-30T20:28:10.812Z","126.94237487966751","208.55573384486408","38.084467439264095","2.726363492482322","45.536463596373444","55.41296170582106"
"pol-1218","Andhra Pradesh","Visakhapatnam","2025-12-30T19:28:10.812Z","111.06831975659894","182.26195523875697","25.135638897523805","8.76104736877253","20.75248598483795","46.8143849924907"
"pol-1219","Arunachal Pradesh","Itanagar","2025-12-30T18:28:10.812Z","133.3129500113109","127.69908637281065","0.6985735485415745","0.422237452820331","39.92920638451052","69.91212250556391"
"pol-1220","Assam","Guwahati","2025-12-30T17:28:10.812Z","154.12096094926616","185.56753826116048","57.24484317529993","0.9907543634462501","11.580323268182447","93.97303679841441"
"pol-1221","Bihar","Patna","2025-12-30T16:28:10.812Z","66.71713894374984","154.52134036906781","6.000633957161483","0.4911011282332045","24.384287080850676","72.74328143126164"
"pol-1222","Chhattisgarh","Raipur","2025-12-30T15:28:10.812Z","95.3733977178121","194.65791865189055","59.406570862917796","9.008384559422803","12.567687241596403","43.11153317067784"
"pol-1223","Goa","Panaji","2025-12-30T14:28:10.812Z","106.57817520347052","239.6200304508911","60.36927689334233","6.0704873301226225","35.936213233220286","23.609150953751424"
"pol-1224","Gujarat","Ahmedabad","2025-12-30T13:28:10.812Z","130.9708443407692","109.00036794166355","18.2319994652616","2.28111220955888","0.22335053883175693","60.882701452184484"
"pol-1225","Haryana","Gurugram","2025-12-30T12:28:10.812Z","98.06215513459931","106.08782271841508","61.863015633426166","2.8273691387258806","25.19655825366396","10.931409644389522"
"pol-1226","Himachal Pradesh","Shimla","2025-12-30T11:28:10.812Z","148.16035305179932","112.93432971750697","6.2554888882322235","4.751395890393722","40.801427215097576","47.62776349793747"
"pol-1227","Jharkhand","Ranchi","2025-12-30T10:28:10.812Z","123.77072408449456","270.6474161408319","44.86290198185255","1.9327467266461251","45.899230682502896","4.579026150358967"
"pol-1228","Karnataka","Bengaluru","2025-12-30T09:28:10.812Z","17.543289182991593","31.17674810981813","35.52113016932273","7.489516248146481","44.584950275919624","51.93573686584254"
"pol-1229","Kerala","Thiruvananthapuram","2025-12-30T08:28:10.812Z","180.16313858753986","6.067858013213856","67.6419002520011","9.390927985769304","1.3580705737214982","90.91693515742912"
"pol-1230","Madhya Pradesh","Bhopal","2025-12-30T07:28:10.812Z","53.351768433449955","261.55566404063006","16.45761154040911","1.966973808192899","5.981459442002906","52.07668053702985"
"pol-1231","Maharashtra","Mumbai","2025-12-30T06:28:10.812Z","68.94719720021874","238.65509365630936","20.798128362636916","9.064260213109716","18.436999785617243","34.153364653845244"
"pol-1232","Manipur","Imphal","2025-12-30T05:28:10.812Z","194.3490266241117","68.65987999483616","1.3046622871898528","9.16103705269358","25.64176700980296","75.48270041456576"
"pol-1233","Meghalaya","Shillong","2025-12-30T04:28:10.812Z","171.36727325037683","112.89107595376328","9.198253540311399","5.723391667604853","27.66134642109803","40.65062644834831"
"pol-1234","Mizoram","Aizawl","2025-12-30T03:28:10.812Z","125.70343701738975","65.7846449679855","24.67989654319","0.0834606159327822","21.712292637722992","27.97681547622487"
"pol-1235","Nagaland","Kohima","2025-12-30T02:28:10.812Z","58.69292417362046","197.22250304806482","23.39704404423122","1.7788785743947066","46.20475781468969","67.21253297458365"
"pol-1236","Odisha","Bhubaneswar","2025-12-30T01:28:10.812Z","36.90991254992977","244.99142742203648","78.35016403232929","2.805610747777317","36.10002631861298","51.932094435348745"
"pol-1237","Punjab","Ludhiana","2025-12-30T00:28:10.812Z","69.67294933969616","264.68649825159434","71.78800929472933","0.7621266677065419","43.620733300870924","44.77678066229658"
"pol-1238","Rajasthan","Jaipur","2025-12-29T23:28:10.812Z","153.63233572710584","107.50576009277684","77.53054495894624","9.181869862067298","14.894584628645053","50.75155639945116"
"pol-1239","Sikkim","Gangtok","2025-12-29T22:28:10.812Z","127.4643788731212","95.68565435365592","38.09518612580846","4.811980285764047","33.152564089191394","10.089649690344727"
"pol-1240","Tamil Nadu","Chennai","2025-12-29T21:28:10.812Z","142.49926114566597","101.42661659737881","18.00255386463613","5.452008436050358","28.478471941612842","82.56146549875122"
"pol-1241","Telangana","Hyderabad","2025-12-29T20:28:10.812Z","144.36160040073628","171.85888172287167","64.00619428648858","4.605353159294823","31.187385631550768","9.505010480438258"
"pol-1242","Tripura","Agartala","2025-12-29T19:28:10.812Z","20.252387017813312","138.97549775461388","58.331609890758315","1.777493997692119","14.7746437742236","20.200042865646182"
"pol-1243","Uttar Pradesh","Lucknow","2025-12-29T18:28:10.812Z","169.8634882734001","171.92145441519855","65.03908007518268","0.01552431387878861","19.140850326666538","29.38991535083817"
"pol-1244","Uttarakhand","Dehradun","2025-12-29T17:28:10.812Z","19.531228488375497","231.17522815618867","20.70199333046113","6.187441139876984","8.981175204741525","73.50074888162156"
"pol-1245","West Bengal","Kolkata","2025-12-29T16:28:10.812Z","127.49013854274853","44.86428246510316","12.680050079212863","1.6917421250338827","14.94786911252039","95.00310039221932"
"pol-1246","Delhi","New Delhi","2025-12-29T15:28:10.812Z","182.85813873151136","177.07853164855507","16.62739186185722","4.6754260001230294","36.35119477650524","9.715462735384683"
"pol-1247","Andhra Pradesh","Visakhapatnam","2025-12-29T14:28:10.812Z","168.17797343192754","223.0553984061802","37.77177727147476","1.3558013320686269","0.0951608968669082","72.34429286694632"
"pol-1248","Arunachal Pradesh","Itanagar","2025-12-29T13:28:10.812Z","180.13254274662432","92.5961183732479","8.19862075932769","7.048132301748993","32.29448844560996","5.235769434719595"
"pol-1249","Assam","Guwahati","2025-12-29T12:28:10.812Z","13.23812975152725","94.40337982301206","27.216528976429608","8.658623354857966","12.258027693159812","45.04871283463699"
"pol-1250","Bihar","Patna","2025-12-29T11:28:10.812Z","54.08546815972164","34.30558103437873","58.67674687099537","4.093024424322049","47.99964001156762","92.27037871096663"
"pol-1251","Chhattisgarh","Raipur","2025-12-29T10:28:10.812Z","180.55610201249345","215.03125103336504","70.2621560000974","6.165868358217877","10.321806554133167","83.16710897632483"
"pol-1252","Goa","Panaji","2025-12-29T09:28:10.812Z","169.6749919208571","204.86191766143406","10.203510935718239","8.321871604638888","21.086256777669853","66.33754842783297"
"pol-1253","Gujarat","Ahmedabad","2025-12-29T08:28:10.812Z","191.60420337141454","85.73977965443433","79.64995112158083","7.181787500658576","40.87048676523369","47.98764412154233"
"pol-1254","Haryana","Gurugram","2025-12-29T07:28:10.812Z","164.05138595611444","251.74110534448786","38.16673954001308","6.2768947839423115","18.917115060033936","12.25831053594697"
"pol-1255","Himachal Pradesh","Shimla","2025-12-29T06:28:10.812Z","145.27337601056928","30.13824828698247","20.02529026236094","9.68431911696737","32.042659170809785","9.320310335904992"
"pol-1256","Jharkhand","Ranchi","2025-12-29T05:28:10.812Z","120.92563295610867","212.6675985062695","64.10980055900195","6.285264300351482","40.41823761773032","48.00042869914607"
"pol-1257","Karnataka","Bengaluru","2025-12-29T04:28:10.812Z","171.92554028014243","15.492434217636852","63.9889492262448","3.6170096551871325","40.71334135523003","15.189905602862353"
"pol-1258","Kerala","Thiruvananthapuram","2025-12-29T03:28:10.812Z","167.21690897022177","162.58021692050667","10.826755386797338","2.632578736154605","26.151258431896185","28.950297444838956"
"pol-1259","Madhya Pradesh","Bhopal","2025-12-29T02:28:10.812Z","56.19202857668697","89.19118600389527","27.180455519791664","6.8587191930204385","30.128307575887238","49.70016122988062"
"pol-1260","Maharashtra","Mumbai","2025-12-29T01:28:10.812Z","33.63127018606191","21.786462757752723","5.612718846107043","1.4229215817268193","43.41050823771407","64.43511158539194"
"pol-1261","Manipur","Imphal","2025-12-29T00:28:10.812Z","125.88899523756025","207.23220889473734","61.0639206954272","5.422921216859153","5.594043169570323","89.25469614526048"
"pol-1262","Meghalaya","Shillong","2025-12-28T23:28:10.812Z","130.2039475371046","282.4271463578812","9.71032192099237","1.270445527117986","0.5947351826567027","38.753885097645394"
"pol-1263","Mizoram","Aizawl","2025-12-28T22:28:10.812Z","167.85322341015922","119.37299875731433","49.78131351226213","8.998946941287068","31.895597931342735","57.35445831060469"
"pol-1264","Nagaland","Kohima","2025-12-28T21:28:10.812Z","83.11356405140533","30.438003275568715","25.659405049826756","0.15418747351655382","34.48315842900692","53.3764349284532"
"pol-1265","Odisha","Bhubaneswar","2025-12-28T20:28:10.812Z","82.2009950062014","122.77281019144348","52.78507364586798","8.579198612945135","21.343340053852422","59.23596629864525"
"pol-1266","Punjab","Ludhiana","2025-12-28T19:28:10.812Z","184.50729229752898","198.58848746807175","30.966833765388415","4.498365272471128","42.500614251727164","86.5155375081283"
"pol-1267","Rajasthan","Jaipur","2025-12-28T18:28:10.812Z","178.47072765075114","223.2707362001461","45.386179048924774","5.022495026407398","40.03509957463409","3.4805373990154598"
"pol-1268","Sikkim","Gangtok","2025-12-28T17:28:10.812Z","8.266548594661582","106.04924194727242","74.92393136605597","6.629545444212179","9.49794931539622","5.668972089227897"
"pol-1269","Tamil Nadu","Chennai","2025-12-28T16:28:10.812Z","64.70719362146085","223.88572022246294","32.498531496001924","2.3203260337319085","15.667513090001467","24.053600088986148"
"pol-1270","Telangana","Hyderabad","2025-12-28T15:28:10.812Z","93.60835443582536","188.6510846351518","42.27608077668112","8.734539697241324","39.32137072540785","4.511128078549254"
"pol-1271","Tripura","Agartala","2025-12-28T14:28:10.812Z","154.93999757791778","159.42066086954983","14.644276010555695","5.736876633203197","27.130311568217046","66.98624411638893"
"pol-1272","Uttar Pradesh","Lucknow","2025-12-28T13:28:10.812Z","26.294493577779086","0.9570643076330598","4.372251915202989","0.4533994270102093","22.561857891775993","82.19950070535337"
"pol-1273","Uttarakhand","Dehradun","2025-12-28T12:28:10.812Z","108.78180086309001","236.23720613156638","37.01545923337089","2.437198657858003","42.13864767665129","17.455468940054907"
"pol-1274","West Bengal","Kolkata","2025-12-28T11:28:10.812Z","193.37996566054323","24.60528990909442","52.12267475822779","3.871101667426414","13.234034234580616","53.39563302532684"
"pol-1275","Delhi","New Delhi","2025-12-28T10:28:10.812Z","155.7424898687292","6.424381376765487","54.1782337329336","6.60285355109922","36.58167869717149","37.20053700238631"
"pol-1276","Andhra Pradesh","Visakhapatnam","2025-12-28T09:28:10.812Z","88.92135446356497","14.776601463602201","45.91440230216388","5.718155000184958","40.006687244716844","43.23998937544459"
"pol-1277","Arunachal Pradesh","Itanagar","2025-12-28T08:28:10.812Z","101.91963029453962","283.4680481024953","43.12680279223922","7.820979133730801","10.740498247440232","29.377529935893378"
"pol-1278","Assam","Guwahati","2025-12-28T07:28:10.812Z","163.96288205580584","242.4457926699992","34.82808539420971","8.331733663719483","28.522463426721202","67.59207321858172"
"pol-1279","Bihar","Patna","2025-12-28T06:28:10.812Z","8.48209114284142","6.865070383849559","63.666869969401596","8.50266819665187","2.8707206295090995","35.71451594575017"
"pol-1280","Chhattisgarh","Raipur","2025-12-28T05:28:10.812Z","77.51775174328448","101.73070938536654","32.38870129200662","5.466037416351308","24.709687699771976","77.67527311588346"
"pol-1281","Goa","Panaji","2025-12-28T04:28:10.812Z","169.98213653052164","73.0549608746467","71.51866436351024","8.657923075965737","16.923042512931154","99.90175414322049"
"pol-1282","Gujarat","Ahmedabad","2025-12-28T03:28:10.812Z","20.298208168574217","226.20608563508407","1.4256822500456412","4.8826441234567275","10.703350594817312","44.342621801180435"
"pol-1283","Haryana","Gurugram","2025-12-28T02:28:10.812Z","41.14606398631313","156.17164718228338","52.51135459412782","9.040613525222943","13.191068285815705","74.52789683283103"
"pol-1284","Himachal Pradesh","Shimla","2025-12-28T01:28:10.812Z","132.47537178068575","253.48837863599107","77.99684304411014","1.557037856755723","16.587413318444067","96.23222717962759"
"pol-1285","Jharkhand","Ranchi","2025-12-28T00:28:10.812Z","89.0465751904068","120.99820101267129","60.29400126385102","7.221139218679536","10.168172515483253","71.94965160497124"
"pol-1286","Karnataka","Bengaluru","2025-12-27T23:28:10.812Z","69.85211028644005","261.9492260594206","74.88933881664086","2.032501530116968","23.529429866556594","98.18828937445481"
"pol-1287","Kerala","Thiruvananthapuram","2025-12-27T22:28:10.812Z","132.7483856146279","258.64759881222335","75.97978347321592","4.260125556665417","39.02512965967316","66.78813920695978"
"pol-1288","Madhya Pradesh","Bhopal","2025-12-27T21:28:10.812Z","28.268772458267865","177.43110273824172","55.86043595035178","2.5616220909510323","9.672486169192124","56.474216439421696"
"pol-1289","Maharashtra","Mumbai","2025-12-27T20:28:10.812Z","155.93174923679706","112.65400445423752","11.22997717318686","8.709461860553205","39.793801708572005","93.11504358918984"
"pol-1290","Manipur","Imphal","2025-12-27T19:28:10.812Z","121.99858217247919","243.32228235479104","40.50935112282342","0.4338343866814409","42.12379265337906","44.1929778340396"
"pol-1291","Meghalaya","Shillong","2025-12-27T18:28:10.812Z","173.7741892253976","81.91285318727861","0.6202781765030352","6.6244043898865845","19.405417231956168","86.53399475269413"
"pol-1292","Mizoram","Aizawl","2025-12-27T17:28:10.812Z","17.534879947819327","175.32396503236168","51.16723107489412","5.907215546294199","21.90599154303064","5.303153889782363"
"pol-1293","Nagaland","Kohima","2025-12-27T16:28:10.812Z","52.97730465701878","83.72587170412999","63.11157966284941","6.696808519497414","46.913896900488936","21.56765360335725"
"pol-1294","Odisha","Bhubaneswar","2025-12-27T15:28:10.812Z","176.82940541290137","225.4404602465773","72.03185053657504","7.477030259158221","39.93383672651494","67.4309566182373"
"pol-1295","Punjab","Ludhiana","2025-12-27T14:28:10.812Z","180.24368979494142","225.55813174271415","30.433211005387413","2.3325701065560622","17.64272153370095","71.94144327988053"
"pol-1296","Rajasthan","Jaipur","2025-12-27T13:28:10.812Z","101.37506536403514","263.62856306819873","54.775082463753606","4.199667723121267","5.727209828176655","73.94449615268736"
"pol-1297","Sikkim","Gangtok","2025-12-27T12:28:10.812Z","75.38966539650526","223.65854308159274","55.33131353189511","8.889186705280263","21.311823898858435","99.2856195017419"
"pol-1298","Tamil Nadu","Chennai","2025-12-27T11:28:10.812Z","125.43976162475576","27.642579413122714","8.670888998468165","0.10070082769500166","31.605495629104336","77.71135684176365"
"pol-1299","Telangana","Hyderabad","2025-12-27T10:28:10.812Z","18.649361957855625","255.3259278111804","47.73958046885803","6.576905275966394","22.797454407296332","42.00144256222613"
"pol-1300","Tripura","Agartala","2025-12-27T09:28:10.812Z","19.681027314909993","200.70712595737334","15.741773888375663","2.357238441513495","25.922999303938145","11.342778279514942"
"pol-1301","Uttar Pradesh","Lucknow","2025-12-27T08:28:10.812Z","23.512161711883085","119.90625344644242","34.33830403603707","9.013550136309686","20.240341539824456","3.0502501313056984"
"pol-1302","Uttarakhand","Dehradun","2025-12-27T07:28:10.812Z","8.444730039224325","177.9394085500675","76.14876414372526","2.6598421869610043","12.689239149393961","75.37345606174274"
"pol-1303","West Bengal","Kolkata","2025-12-27T06:28:10.812Z","94.35608473664348","259.87654562085993","58.6225405654679","0.26956364013591805","15.64940169492628","44.89570659545606"
"pol-1304","Delhi","New Delhi","2025-12-27T05:28:10.812Z","84.65471719891701","117.57964857471217","2.3964113251203045","5.631927422801587","5.546334662716912","25.56420838350999"
"pol-1305","Andhra Pradesh","Visakhapatnam","2025-12-27T04:28:10.812Z","126.9838584259884","283.9289350189315","2.007596747235638","1.623106056750353","7.693433673029309","20.869341823282937"
"pol-1306","Arunachal Pradesh","Itanagar","2025-12-27T03:28:10.812Z","125.14633067146875","103.90018772095127","24.062817558657514","0.8699320353081774","15.087685081658348","15.850245086557525"
"pol-1307","Assam","Guwahati","2025-12-27T02:28:10.812Z","138.75767093530456","273.80279759829943","39.48009900646863","0.5023545409596086","3.302022776749297","81.12290890996428"
"pol-1308","Bihar","Patna","2025-12-27T01:28:10.812Z","197.52490778274918","250.35939449545543","18.41602661183595","0.381321029166799","17.885203769581164","23.54881476888603"
"pol-1309","Chhattisgarh","Raipur","2025-12-27T00:28:10.812Z","10.370988812119041","174.3503892413305","53.10785150407991","5.0752488489130325","13.7348149399599","63.6825816184299"
"pol-1310","Goa","Panaji","2025-12-26T23:28:10.812Z","20.34015084049048","173.9418310830067","36.53555864385546","2.5199098885986437","19.930522995397197","87.70890501327908"
"pol-1311","Gujarat","Ahmedabad","2025-12-26T22:28:10.812Z","119.18219644004937","29.06518141586506","23.70982841104005","9.600038217852862","37.20350309530588","39.88591868639051"
"pol-1312","Haryana","Gurugram","2025-12-26T21:28:10.812Z","27.476489129039617","68.86444601629813","43.69257469768165","4.966233605632344","32.44226154392421","63.38970088092688"
"pol-1313","Himachal Pradesh","Shimla","2025-12-26T20:28:10.812Z","110.2402851854736","233.05364942627492","32.53514470137831","0.9111398175750207","39.13794213840289","9.612040568653569"
"pol-1314","Jharkhand","Ranchi","2025-12-26T19:28:10.812Z","5.85837879012574","46.99375798862977","47.480931010497955","4.499480740142455","20.751452981474657","10.649484945547927"
"pol-1315","Karnataka","Bengaluru","2025-12-26T18:28:10.812Z","167.54536940942856","47.95387643668886","8.577383199557262","1.5607688642439954","43.01955961276251","59.210704419493474"
"pol-1316","Kerala","Thiruvananthapuram","2025-12-26T17:28:10.812Z","96.82634457789018","114.84763048671553","53.120367678841816","0.8875153086259524","7.140447014765627","73.18917594229418"
"pol-1317","Madhya Pradesh","Bhopal","2025-12-26T16:28:10.812Z","17.58507483908527","41.585787850326824","53.50740316339432","6.7229273361986674","49.72531204637426","71.47582315412006"
"pol-1318","Maharashtra","Mumbai","2025-12-26T15:28:10.812Z","7.769115309869434","49.983759623396026","56.45874484816241","1.4018840616009642","19.93645435886307","22.132140622207608"
"pol-1319","Manipur","Imphal","2025-12-26T14:28:10.812Z","198.63603820713155","167.50045530565347","22.753994758577125","4.396383432698785","17.87122887945427","51.68427944370563"
"pol-1320","Meghalaya","Shillong","2025-12-26T13:28:10.812Z","193.77871018590739","162.76981731293003","14.177424256033673","8.765795561208902","14.854536368200238","92.36163493275868"
"pol-1321","Mizoram","Aizawl","2025-12-26T12:28:10.812Z","9.143110067963933","5.406189722878551","66.05966710879821","8.208883998039404","23.003801917877464","56.77528596577692"
"pol-1322","Nagaland","Kohima","2025-12-26T11:28:10.812Z","185.86271577177473","289.11071779991545","7.951136187781218","4.022489467841398","23.913573587890802","39.93719309674969"
"pol-1323","Odisha","Bhubaneswar","2025-12-26T10:28:10.812Z","44.34102224921539","99.35894604941508","52.57207439226636","4.344983195018183","6.95917769039095","61.95356650486453"
"pol-1324","Punjab","Ludhiana","2025-12-26T09:28:10.812Z","135.18019186420335","72.05118541679302","55.923644248161196","0.07083112154105287","33.78003626197997","93.95234168606633"
"pol-1325","Rajasthan","Jaipur","2025-12-26T08:28:10.812Z","176.14983377571468","209.62585535989538","51.868416571815175","2.687323178825025","1.7582918095259858","41.31266094954058"
"pol-1326","Sikkim","Gangtok","2025-12-26T07:28:10.812Z","174.74449882987787","177.55279968473303","9.179767723342351","3.365936499073384","27.74650582042269","39.234562943604104"
"pol-1327","Tamil Nadu","Chennai","2025-12-26T06:28:10.812Z","62.70276255552396","233.3937366856795","27.439287866990636","2.997049335515273","22.60084452681555","97.86931070579824"
"pol-1328","Telangana","Hyderabad","2025-12-26T05:28:10.812Z","120.54248018227594","275.95287987188993","51.598526981795615","8.128991022082733","6.9177562354180875","5.17084849680034"
"pol-1329","Tripura","Agartala","2025-12-26T04:28:10.812Z","35.1060557302562","26.32262367749889","9.394263886428318","5.7774451808037135","0.46806662776217034","93.40767262638347"
"pol-1330","Uttar Pradesh","Lucknow","2025-12-26T03:28:10.812Z","170.97132039424199","146.17672353677855","64.10068326763097","6.2790984677918065","28.689895622019236","89.47913548391023"
"pol-1331","Uttarakhand","Dehradun","2025-12-26T02:28:10.812Z","173.5253136611631","124.85999667205209","74.98530996912353","1.6160598212513544","27.057671898876507","32.24847249724524"
"pol-1332","West Bengal","Kolkata","2025-12-26T01:28:10.812Z","87.81358531058767","198.73449780580054","28.428496207806084","4.271019380462619","47.877036832633294","32.7863795268395"
"pol-1333","Delhi","New Delhi","2025-12-26T00:28:10.812Z","118.56070225611892","194.7490226905278","26.363060854343388","7.405120357352741","39.66074646765737","75.32639152633301"
"pol-1334","Andhra Pradesh","Visakhapatnam","2025-12-25T23:28:10.812Z","11.340532570353101","283.74340433540715","30.085721121499056","4.1337907492220864","23.161289073413645","74.61377823490999"
"pol-1335","Arunachal Pradesh","Itanagar","2025-12-25T22:28:10.812Z","76.42702819769693","227.8671429116827","73.02700434152163","3.8002511577376143","10.27888797449092","72.88826747053776"
"pol-1336","Assam","Guwahati","2025-12-25T21:28:10.812Z","164.1465950857277","98.81466380672911","62.018282571631545","1.7197255504220088","31.767664918998328","77.10008564396527"
"pol-1337","Bihar","Patna","2025-12-25T20:28:10.812Z","89.25138279007993","273.5214024006467","52.16277781086423","1.3253203615319287","45.04394725974092","62.364099654109985"
"pol-1338","Chhattisgarh","Raipur","2025-12-25T19:28:10.812Z","155.3370938818239","185.74356312055968","8.076827445329124","4.749596110760569","15.252608406271628","19.2682256626022"
"pol-1339","Goa","Panaji","2025-12-25T18:28:10.812Z","98.70173717965591","167.52372111422582","57.95801314971088","6.044322923859289","15.716453614462289","72.35299793587737"
"pol-1340","Gujarat","Ahmedabad","2025-12-25T17:28:10.812Z","7.409832468565258","205.6203808644045","63.04402572174691","5.973998906118913","3.254376014944993","39.538930987965855"
"pol-1341","Haryana","Gurugram","2025-12-25T16:28:10.812Z","170.12802426302326","193.65165346793785","44.10956121367938","7.015856744046159","46.528424134633326","7.277308031695561"
"pol-1342","Himachal Pradesh","Shimla","2025-12-25T15:28:10.812Z","101.67278701103295","206.963673115378","38.20259406348921","7.339054431127733","21.504117838929215","25.217861584355127"
"pol-1343","Jharkhand","Ranchi","2025-12-25T14:28:10.812Z","24.201612403193074","110.57576536250595","28.0781472649712","3.511782127342944","31.748304550904706","56.41977452781366"
"pol-1344","Karnataka","Bengaluru","2025-12-25T13:28:10.812Z","186.55285843145208","140.40835049855795","18.229123901398285","5.206014808470734","36.331335116527214","13.996995285403202"
"pol-1345","Kerala","Thiruvananthapuram","2025-12-25T12:28:10.812Z","198.7089056142719","163.6163347444516","4.706081374591786","6.0201201387917305","37.92875132386225","78.11193913166984"
"pol-1346","Madhya Pradesh","Bhopal","2025-12-25T11:28:10.812Z","156.41719825168946","146.64450303309195","0.6706114574356636","3.8464523912529005","22.38581894828984","94.97769041944228"
"pol-1347","Maharashtra","Mumbai","2025-12-25T10:28:10.812Z","126.78024529047671","131.24147991086758","44.262630942539886","2.760556746400673","41.61116695076111","10.126334989981734"
"pol-1348","Manipur","Imphal","2025-12-25T09:28:10.812Z","189.0096614896887","198.10957370861357","74.06726099419907","6.141235347588257","41.66587379016228","10.386486700455889"
"pol-1349","Meghalaya","Shillong","2025-12-25T08:28:10.812Z","24.34690242207793","103.02460229991988","18.31421844086723","2.847276368466214","39.07362949772972","41.06714604618833"
"pol-1350","Mizoram","Aizawl","2025-12-25T07:28:10.812Z","160.2892313298618","23.45172240998059","14.316282012690351","2.0649956588737206","43.39841644360982","76.87966705615077"
"pol-1351","Nagaland","Kohima","2025-12-25T06:28:10.812Z","185.04891453771006","164.40733872897107","68.70055058929731","7.023033070179668","17.424169171533716","67.36928256673454"
"pol-1352","Odisha","Bhubaneswar","2025-12-25T05:28:10.812Z","86.81735798130816","209.89547738114985","79.58595982047791","1.1649110249982664","30.026546456182434","70.59698964873553"
"pol-1353","Punjab","Ludhiana","2025-12-25T04:28:10.812Z","115.48470041745867","204.61184357126226","7.020387852537482","5.1581820295576275","25.933056532692195","25.41098298181016"
"pol-1354","Rajasthan","Jaipur","2025-12-25T03:28:10.812Z","185.86359753954974","14.589987638226154","5.424718347124893","4.8088211465546635","14.172250752911708","97.1327560568643"
"pol-1355","Sikkim","Gangtok","2025-12-25T02:28:10.812Z","109.45370532474503","102.60160321236762","12.842763787343028","9.420561942391268","2.2622688800289446","61.275297708803265"
"pol-1356","Tamil Nadu","Chennai","2025-12-25T01:28:10.812Z","52.167012028231575","173.16361315540613","48.32396084020753","8.186530084707238","9.077470546810657","46.57029070124962"
"pol-1357","Telangana","Hyderabad","2025-12-25T00:28:10.812Z","98.40264807204566","9.544265052584123","38.86294357770737","7.346449755969806","49.10818180705696","80.29833371719053"
"pol-1358","Tripura","Agartala","2025-12-24T23:28:10.812Z","69.88000495442283","228.75988817624054","48.759101266579805","6.822561145998403","31.978771437322784","93.5657141067357"
"pol-1359","Uttar Pradesh","Lucknow","2025-12-24T22:28:10.812Z","191.19394357032138","143.25712394144557","53.61920261521597","3.791717811175003","36.94988581281342","17.821576149012063"
"pol-1360","Uttarakhand","Dehradun","2025-12-24T21:28:10.812Z","114.06086333394248","14.612376304291496","38.59951936006056","3.963409707178572","16.77162393870195","28.081778788117383"
"pol-1361","West Bengal","Kolkata","2025-12-24T20:28:10.812Z","2.6038154437554972","270.93046299415465","64.89601187454282","0.07129119662917405","15.284030962331485","96.88389056394625"
"pol-1362","Delhi","New Delhi","2025-12-24T19:28:10.812Z","151.22173057636454","275.7947403104916","22.746974266868616","1.322357418983019","26.12021321580632","94.02204077634718"
"pol-1363","Andhra Pradesh","Visakhapatnam","2025-12-24T18:28:10.812Z","188.67865787910193","184.42295730644486","22.84322437898191","5.1783834087712055","21.743898195858115","87.90070928017106"
"pol-1364","Arunachal Pradesh","Itanagar","2025-12-24T17:28:10.812Z","66.75717497807545","286.38494611038476","40.89040889657742","9.450224210913138","27.377212387324786","80.0197819533232"
"pol-1365","Assam","Guwahati","2025-12-24T16:28:10.812Z","74.30599623360057","27.324717530357045","42.57983857135673","1.4427223615903706","11.991912905774754","96.99459820777439"
"pol-1366","Bihar","Patna","2025-12-24T15:28:10.812Z","29.03014777698636","234.27958864723664","40.63471439357979","7.273150682951267","7.774919649248801","88.35515359299968"
"pol-1367","Chhattisgarh","Raipur","2025-12-24T14:28:10.812Z","167.03280540686524","262.88047732782064","68.34493570271802","5.672707662890419","31.76818405907268","7.211458728012654"
"pol-1368","Goa","Panaji","2025-12-24T13:28:10.812Z","76.23946459660777","206.9937002152895","77.18674163520079","3.034111292569798","38.85714077350967","43.219601950542916"
"pol-1369","Gujarat","Ahmedabad","2025-12-24T12:28:10.812Z","197.2974252513182","217.7443692422925","63.6881213486009","1.9519005715507953","22.571939195909767","47.91491819485144"
"pol-1370","Haryana","Gurugram","2025-12-24T11:28:10.812Z","197.93634324605017","14.722625988344184","36.80091449307924","4.716962652352166","4.612100796605301","31.91553935904864"
"pol-1371","Himachal Pradesh","Shimla","2025-12-24T10:28:10.812Z","58.33358945823994","77.0007571091765","75.22127157819052","9.198254051201175","28.343858213020663","49.44751145395219"
"pol-1372","Jharkhand","Ranchi","2025-12-24T09:28:10.812Z","33.89406923581084","0.7134833693564824","72.14002540805208","8.904106605856022","28.50256084767302","26.79756380044349"
"pol-1373","Karnataka","Bengaluru","2025-12-24T08:28:10.812Z","111.71615531065852","283.92256313783054","51.63275487937529","1.6464501221831918","1.9382316385737008","65.49308038575681"
"pol-1374","Kerala","Thiruvananthapuram","2025-12-24T07:28:10.812Z","169.73152649252154","220.7790496779015","59.51655518961667","8.711084280601979","15.895961531160424","4.585100424257959"
"pol-1375","Madhya Pradesh","Bhopal","2025-12-24T06:28:10.812Z","7.984931778481785","283.54046283244986","3.1538093806132217","0.12283567807668594","11.33869739715394","38.64081371592425"
"pol-1376","Maharashtra","Mumbai","2025-12-24T05:28:10.812Z","175.5099358236297","253.37914440086664","48.58240231496235","2.2086089234416906","47.7522468116707","56.745650704184804"
"pol-1377","Manipur","Imphal","2025-12-24T04:28:10.812Z","86.61623391403796","39.01882262063213","25.396944243716312","9.04031719767578","8.326598175991318","43.383362323879595"
"pol-1378","Meghalaya","Shillong","2025-12-24T03:28:10.812Z","124.41329164948809","174.1476277691191","41.483361139274166","6.117931220312942","17.277547557817343","39.77749766767491"
"pol-1379","Mizoram","Aizawl","2025-12-24T02:28:10.812Z","180.7380231047421","130.2274678993572","30.000039647670445","0.953513795801677","24.621857851827063","81.12992747167664"
"pol-1380","Nagaland","Kohima","2025-12-24T01:28:10.812Z","105.30186092658363","272.01646878752626","75.02472286099976","9.480824271442897","43.11365415620992","11.546213388194648"
"pol-1381","Odisha","Bhubaneswar","2025-12-24T00:28:10.812Z","168.07960111639235","148.77033385435047","62.340105794398625","9.632713431794507","8.799403863546523","12.829684821457587"
"pol-1382","Punjab","Ludhiana","2025-12-23T23:28:10.812Z","16.505745167453266","141.76180785003822","32.56577470835544","2.882738064748802","41.66717567191809","82.80522509644042"
"pol-1383","Rajasthan","Jaipur","2025-12-23T22:28:10.812Z","110.93501007201702","173.84349391972083","42.80908131505711","0.6799327059089111","44.2241051697612","89.46415092785354"
"pol-1384","Sikkim","Gangtok","2025-12-23T21:28:10.812Z","9.81337967884015","279.0578225614934","58.10558540301731","3.740406687972243","26.27990170781735","99.00935707453459"
"pol-1385","Tamil Nadu","Chennai","2025-12-23T20:28:10.812Z","122.75948140650523","142.486341588415","64.16300844247515","6.222621302927117","36.17498186096723","87.20502584699184"
"pol-1386","Telangana","Hyderabad","2025-12-23T19:28:10.812Z","167.7707746888067","152.34898973684685","19.52247994848549","4.9948140959751","27.663217211227526","71.26487812700563"
"pol-1387","Tripura","Agartala","2025-12-23T18:28:10.812Z","40.117978439849075","98.68444473468585","19.88375789300359","6.814181492527576","36.110426999023545","39.066077894107046"
"pol-1388","Uttar Pradesh","Lucknow","2025-12-23T17:28:10.812Z","144.4654235829502","53.92155939080894","16.754577141559473","3.1326560334049045","8.62311754915755","96.06667787042969"
"pol-1389","Uttarakhand","Dehradun","2025-12-23T16:28:10.812Z","31.620725772296222","185.68771461630377","64.1406026940277","6.423028024693531","48.736680081678585","74.53348218630084"
"pol-1390","West Bengal","Kolkata","2025-12-23T15:28:10.812Z","135.99241002094163","2.131709305462237","24.415473728821837","0.6782553681012027","48.28612664692358","98.73285259182522"
"pol-1391","Delhi","New Delhi","2025-12-23T14:28:10.812Z","183.93693213310783","154.85638606443413","39.76413643077326","9.115389670493366","19.25217494119017","53.03437647321449"
"pol-1392","Andhra Pradesh","Visakhapatnam","2025-12-23T13:28:10.812Z","9.078029745898997","53.236430069163454","21.858717947653574","4.984870129122881","7.827121450928399","72.03632518443602"
"pol-1393","Arunachal Pradesh","Itanagar","2025-12-23T12:28:10.812Z","78.82035470661728","189.3120200612031","7.518290198939193","8.069780534501875","33.785313149150404","53.314312077219974"
"pol-1394","Assam","Guwahati","2025-12-23T11:28:10.812Z","158.14707586952713","276.8341857414367","61.45429270891081","0.03863382876476584","12.962073225224312","89.57400787854517"
"pol-1395","Bihar","Patna","2025-12-23T10:28:10.812Z","110.37468741037277","106.94658552210915","65.38586628604229","5.28897651054908","1.8628754274409853","8.71492977245345"
"pol-1396","Chhattisgarh","Raipur","2025-12-23T09:28:10.812Z","175.968758427114","286.5383720112894","57.93654657426281","3.9833138707960414","47.19013411290416","89.30161777126568"
"pol-1397","Goa","Panaji","2025-12-23T08:28:10.812Z","148.42154933405658","247.20350872166915","25.368087726864637","1.8260946148826784","42.26249389321093","37.601980130475674"
"pol-1398","Gujarat","Ahmedabad","2025-12-23T07:28:10.812Z","110.16886182040346","64.34672929077388","14.28211697135687","0.5455303526113509","22.5025210759193","18.14032603021146"
"pol-1399","Haryana","Gurugram","2025-12-23T06:28:10.812Z","107.03094734127862","95.30497201241384","1.6994502063178452","2.3459761958985768","22.336821904784237","6.864391954904969"
"pol-1400","Himachal Pradesh","Shimla","2025-12-23T05:28:10.812Z","105.70848507606019","110.18622384856049","42.77753389869936","2.603133724825619","5.769420513238371","26.37147197360069"
"pol-1401","Jharkhand","Ranchi","2025-12-23T04:28:10.812Z","89.45482266438047","103.11101549251464","9.451535613433073","1.6147695314593635","15.750966353630602","55.4962287563671"
"pol-1402","Karnataka","Bengaluru","2025-12-23T03:28:10.812Z","196.7373190004846","87.93951683889574","13.273709819512076","0.003202410121613264","0.5983163273846903","37.176890496803615"
"pol-1403","Kerala","Thiruvananthapuram","2025-12-23T02:28:10.812Z","90.51046136260044","278.2362292635124","8.649650890779554","9.372246599194533","45.38190989203035","80.43221726601989"
"pol-1404","Madhya Pradesh","Bhopal","2025-12-23T01:28:10.812Z","53.6910796744513","153.82837532228223","27.634772579997406","5.214799273153242","8.074587553586078","87.90514763995382"
"pol-1405","Maharashtra","Mumbai","2025-12-23T00:28:10.812Z","117.40501221401645","14.54305688378723","3.1130535567757356","0.006805627578646556","2.898179905655013","24.4487426557334"
"pol-1406","Manipur","Imphal","2025-12-22T23:28:10.812Z","175.4739477621587","289.25351211491267","38.65431447164927","7.7778515161567885","45.154195377011895","1.079230490726124"
"pol-1407","Meghalaya","Shillong","2025-12-22T22:28:10.812Z","8.972550921801314","187.12718315047027","43.75247746016791","0.33003074990854975","15.891058253680491","92.05659158764034"
"pol-1408","Mizoram","Aizawl","2025-12-22T21:28:10.812Z","83.35118439185507","95.16055824188612","20.110796899712973","1.6350820885596318","23.03503182629898","34.15288797577287"
"pol-1409","Nagaland","Kohima","2025-12-22T20:28:10.812Z","141.77084379101976","77.86874611683116","32.56245753612724","6.7512423234562196","43.41778406661278","36.9493045675757"
"pol-1410","Odisha","Bhubaneswar","2025-12-22T19:28:10.812Z","97.5149632951264","256.0165741158244","28.28567509503327","3.2685866364260443","28.08095162302328","55.19883405909616"
"pol-1411","Punjab","Ludhiana","2025-12-22T18:28:10.812Z","175.81994798825872","210.09251035833353","6.140139378234046","8.302573613594332","37.24713376298893","13.784244860066153"
"pol-1412","Rajasthan","Jaipur","2025-12-22T17:28:10.812Z","72.53124678897387","164.63650766811054","16.99904528408732","4.9865242571183295","28.544108358303706","48.797755523736384"
"pol-1413","Sikkim","Gangtok","2025-12-22T16:28:10.812Z","45.064251028853896","241.95295373387856","66.22593160306202","8.214575999340045","48.68747520311988","59.29917618012246"
"pol-1414","Tamil Nadu","Chennai","2025-12-22T15:28:10.812Z","84.20435984203954","164.74035356710226","41.758521376892446","4.825135928230466","32.40175054360074","65.32145308701429"
"pol-1415","Telangana","Hyderabad","2025-12-22T14:28:10.812Z","67.18791317077748","81.32311404434373","10.534054392672223","5.2050576018731025","37.05591304029568","25.14266931187582"
"pol-1416","Tripura","Agartala","2025-12-22T13:28:10.812Z","69.02920392164289","120.57363953165166","64.93942032476487","5.998383983287838","22.735110329029173","53.749457711664185"
"pol-1417","Uttar Pradesh","Lucknow","2025-12-22T12:28:10.812Z","191.02297102164246","26.558864338361975","15.88382792242566","0.009909737288344989","30.357421515155764","83.9538244640591"
"pol-1418","Uttarakhand","Dehradun","2025-12-22T11:28:10.812Z","14.524721251685868","278.3686528747287","67.04231244894619","7.0485171521962275","9.255425970614544","55.05336588283328"
"pol-1419","West Bengal","Kolkata","2025-12-22T10:28:10.812Z","18.80253362284654","263.6782985936575","26.290077746243945","0.6813259489337742","3.116899411255014","20.339367273422415"
"pol-1420","Delhi","New Delhi","2025-12-22T09:28:10.812Z","153.08481154905417","134.23971941307678","29.6056336202847","3.5062210164791807","19.786735849022406","41.954319190989"
"pol-1421","Andhra Pradesh","Visakhapatnam","2025-12-22T08:28:10.812Z","61.72164148053485","232.7486379532805","67.8008568912206","7.394841550758783","42.83567696467499","73.72835429335917"
"pol-1422","Arunachal Pradesh","Itanagar","2025-12-22T07:28:10.812Z","7.224806381306248","165.97390485048672","57.15026581650848","8.460935086937454","21.209166335677597","85.21157841463052"
"pol-1423","Assam","Guwahati","2025-12-22T06:28:10.812Z","151.6330409248795","286.1243242451753","71.50282581122948","7.495208602518666","41.74461377751536","12.988996954259523"
"pol-1424","Bihar","Patna","2025-12-22T05:28:10.812Z","9.014195202533838","257.5505757965721","73.18240277727797","6.624468261986704","10.729340266706544","42.190082311781715"
"pol-1425","Chhattisgarh","Raipur","2025-12-22T04:28:10.812Z","153.42598712879624","36.855904517080575","62.759799548005894","3.3760452808616925","41.09428369656023","10.22491598026778"
"pol-1426","Goa","Panaji","2025-12-22T03:28:10.812Z","14.169163477005187","50.44021724013569","42.03043276075331","7.7945085004755486","13.502305654846008","97.75473470051668"
"pol-1427","Gujarat","Ahmedabad","2025-12-22T02:28:10.812Z","23.605624343402187","255.25503294132795","59.99596383897633","6.463967265137506","32.1296391307118","20.001569569026735"
"pol-1428","Haryana","Gurugram","2025-12-22T01:28:10.812Z","0.28611219976699687","0.34424548027709445","55.834391632521346","4.8623272135161315","2.352742798582713","83.73597567927821"
"pol-1429","Himachal Pradesh","Shimla","2025-12-22T00:28:10.812Z","141.70636769226925","91.96774147753256","1.92337471764354","4.525735024963106","23.41117145320353","96.15170869660126"
"pol-1430","Jharkhand","Ranchi","2025-12-21T23:28:10.812Z","79.06461124380932","43.76899583836147","35.27787501953902","1.5348221536390838","2.169448610638086","57.31325406371764"
"pol-1431","Karnataka","Bengaluru","2025-12-21T22:28:10.812Z","118.92259275298878","97.5787910963455","32.730490353255625","6.742945121982617","14.584409233981328","74.4113937106844"
"pol-1432","Kerala","Thiruvananthapuram","2025-12-21T21:28:10.812Z","58.35100795577615","155.72032861228175","44.6002547239916","5.247985587869158","25.74938197444972","71.7966111987335"
"pol-1433","Madhya Pradesh","Bhopal","2025-12-21T20:28:10.812Z","61.416756090073","212.75057057869574","41.5840946774277","8.655483638597525","2.1988169581781456","90.3228956006789"
"pol-1434","Maharashtra","Mumbai","2025-12-21T19:28:10.812Z","146.40736274344454","242.2613735344345","28.753215997934866","2.7118105075191545","15.101200434582251","78.41921750869302"
"pol-1435","Manipur","Imphal","2025-12-21T18:28:10.812Z","78.58596228473229","203.9421253405237","28.53572912989187","0.8701495518167712","34.723329384252324","66.4895303919941"
"pol-1436","Meghalaya","Shillong","2025-12-21T17:28:10.812Z","134.63672173423998","288.69353024246146","43.90892276514489","8.720177141722758","3.572083999404896","36.59693218532299"
"pol-1437","Mizoram","Aizawl","2025-12-21T16:28:10.812Z","19.030212510012422","225.09999420694376","47.11351458346256","9.721540074391864","33.8680313138414","75.18067265885365"
"pol-1438","Nagaland","Kohima","2025-12-21T15:28:10.812Z","128.03503133534952","136.14385341031021","54.62633254047255","8.655239934782958","4.9997155863949425","70.53546358724971"
"pol-1439","Odisha","Bhubaneswar","2025-12-21T14:28:10.812Z","173.7259219277748","126.90871024920995","61.25109351764786","0.506430504652996","3.706474367575291","90.99240727054142"
"pol-1440","Punjab","Ludhiana","2025-12-21T13:28:10.812Z","154.00664985278513","42.807672532931676","31.967764250699837","0.3290203897699817","48.650483624140115","34.819548185616256"
"pol-1441","Rajasthan","Jaipur","2025-12-21T12:28:10.812Z","29.181642500816007","136.8255493047446","16.60851615516964","2.55590617966732","33.47504359923555","2.699888914733961"
"pol-1442","Sikkim","Gangtok","2025-12-21T11:28:10.812Z","184.90799783854658","96.91303702421996","16.105230246466952","6.044608606747284","13.43563865139043","37.661722406795725"
"pol-1443","Tamil Nadu","Chennai","2025-12-21T10:28:10.812Z","104.13380467107483","247.26359733067716","7.69999783754411","7.096481993934004","43.437232318130924","85.4418491012295"
"pol-1444","Telangana","Hyderabad","2025-12-21T09:28:10.812Z","129.72268704227972","195.54740103773824","10.28365016770783","3.1100999126695617","41.34665567002019","95.79267267423303"
"pol-1445","Tripura","Agartala","2025-12-21T08:28:10.812Z","47.52030011048809","122.16115113991403","10.772704796095045","1.0093300202313515","15.902496736633525","88.33092090142407"
"pol-1446","Uttar Pradesh","Lucknow","2025-12-21T07:28:10.812Z","29.83838119682489","266.66781704732017","49.06485436119691","4.720709969370585","46.30456993109316","43.37952916738794"
"pol-1447","Uttarakhand","Dehradun","2025-12-21T06:28:10.812Z","188.6201963229069","24.963581107435772","29.051993223094115","6.2311094619137295","0.2747224233316192","25.094737200967977"
"pol-1448","West Bengal","Kolkata","2025-12-21T05:28:10.812Z","70.53616983506181","81.77837479304567","74.40556535866995","7.830079943500695","38.213828422652135","71.79889355726341"
"pol-1449","Delhi","New Delhi","2025-12-21T04:28:10.812Z","105.79223439400572","17.799362439541444","25.781715688396567","6.068795141408571","6.900846131692301","89.7086427108814"
"pol-1450","Andhra Pradesh","Visakhapatnam","2025-12-21T03:28:10.812Z","194.30734481288633","76.58700304610907","2.2458721518884683","3.0826728467486952","27.41674919736595","49.38654597058487"
"pol-1451","Arunachal Pradesh","Itanagar","2025-12-21T02:28:10.812Z","80.9107202576612","226.86690358697192","77.13485616575161","9.879397443377844","6.992643241429109","97.68857859610598"
"pol-1452","Assam","Guwahati","2025-12-21T01:28:10.812Z","158.75628393713293","111.31944967912347","45.56674979584993","4.7258743380048704","1.9865076763495026","18.044001469134287"
"pol-1453","Bihar","Patna","2025-12-21T00:28:10.812Z","110.50926312384541","139.49456179905","78.82932600392579","9.346627658039726","3.6713831047435583","40.66449723981405"
"pol-1454","Chhattisgarh","Raipur","2025-12-20T23:28:10.812Z","151.59303143002077","260.2370912485935","15.392884806769844","7.24145470277004","10.680886091735475","31.59165026998435"
"pol-1455","Goa","Panaji","2025-12-20T22:28:10.812Z","40.451989104970295","166.37551929635345","70.15579721608543","0.9451588677547229","0.20174548611107124","58.110598658614606"
"pol-1456","Gujarat","Ahmedabad","2025-12-20T21:28:10.812Z","73.43985506239711","234.31016188625847","13.720652981582688","2.0237591113157114","42.38207537928581","7.532780519417281"
"pol-1457","Haryana","Gurugram","2025-12-20T20:28:10.812Z","106.91771084413617","158.2484697733149","78.0031451077096","3.1131591696113494","36.16404018924801","53.53049795066674"
"pol-1458","Himachal Pradesh","Shimla","2025-12-20T19:28:10.812Z","141.12041399260391","249.68860372138948","78.50410317048501","3.5727366843493136","24.872583873645652","50.334318027203786"
"pol-1459","Jharkhand","Ranchi","2025-12-20T18:28:10.812Z","69.69424864009402","256.77791872911587","48.7759362096277","9.42210934940512","49.565037163159516","33.21171680500367"
"pol-1460","Karnataka","Bengaluru","2025-12-20T17:28:10.812Z","185.4712806556214","9.97861997953786","14.111328643693755","8.136169518602284","17.792467958501877","27.061567011406396"
"pol-1461","Kerala","Thiruvananthapuram","2025-12-20T16:28:10.812Z","162.35239262370612","11.153465651450322","54.90758381779096","8.291031355319202","44.71939968837946","13.433278460589237"
"pol-1462","Madhya Pradesh","Bhopal","2025-12-20T15:28:10.812Z","83.01791661384772","182.09200215336244","51.7141716037675","4.767680838775508","48.582118090095484","4.371826886342389"
"pol-1463","Maharashtra","Mumbai","2025-12-20T14:28:10.812Z","127.19114615227502","9.69015280559644","53.01626903235784","2.6632357895884153","48.3125812554373","58.504261013700685"
"pol-1464","Manipur","Imphal","2025-12-20T13:28:10.812Z","92.32582674833456","56.358564775911915","57.35552797569113","0.4214498940621114","29.276449928449072","80.92997391417519"
"pol-1465","Meghalaya","Shillong","2025-12-20T12:28:10.812Z","114.02510786202656","240.93715304562096","36.16387337843602","8.549597499778347","43.585392646969076","54.774254202608205"
"pol-1466","Mizoram","Aizawl","2025-12-20T11:28:10.812Z","109.14323047132979","29.562239244552057","41.74462348003594","0.35761280298010956","38.35331650518551","12.880672759349675"
"pol-1467","Nagaland","Kohima","2025-12-20T10:28:10.812Z","41.10279604692755","79.5609610267612","69.24542137334575","3.9590599822890304","26.42239929370005","84.55241059310626"
"pol-1468","Odisha","Bhubaneswar","2025-12-20T09:28:10.812Z","67.61446063243694","277.2898063734005","40.19513243648005","9.563111808089179","18.271606907684813","66.43564997476727"
"pol-1469","Punjab","Ludhiana","2025-12-20T08:28:10.812Z","87.98670433041376","4.573801563292723","61.27047363511483","5.189369636033452","27.639050682306944","79.32002873469575"
"pol-1470","Rajasthan","Jaipur","2025-12-20T07:28:10.812Z","145.76655599259388","174.284627209667","52.147925955398875","9.365597207282411","8.732586252780555","62.215195698558446"
"pol-1471","Sikkim","Gangtok","2025-12-20T06:28:10.812Z","188.55410805490223","102.51843027662632","52.67014259604406","9.681968284049532","26.68311462460271","71.3566618888265"
"pol-1472","Tamil Nadu","Chennai","2025-12-20T05:28:10.812Z","198.514713353979","105.07356481361691","43.51944148386778","1.9274961145642455","34.75169443036219","48.37943349202911"
"pol-1473","Telangana","Hyderabad","2025-12-20T04:28:10.812Z","196.80037069812755","181.3919614819736","20.71020211501167","2.523248616414062","45.127484766540746","14.758771603279719"
"pol-1474","Tripura","Agartala","2025-12-20T03:28:10.812Z","79.96354325423798","108.97060909211899","7.420960696957515","4.065875651800717","29.12308154079773","36.72942747347234"
"pol-1475","Uttar Pradesh","Lucknow","2025-12-20T02:28:10.812Z","33.66953971778515","221.75052835255903","19.826353054917174","7.972635225789167","44.28244423929905","70.38589326840614"
"pol-1476","Uttarakhand","Dehradun","2025-12-20T01:28:10.812Z","116.50031248221309","188.33449783975755","28.552238449099477","7.848415368870352","25.20970921962517","25.528007405664745"
"pol-1477","West Bengal","Kolkata","2025-12-20T00:28:10.812Z","186.26596509835807","288.9601050207634","24.277794606773515","7.3823310720230335","30.6306707782332","98.13709982625522"
"pol-1478","Delhi","New Delhi","2025-12-19T23:28:10.812Z","112.98696568974576","164.90206874433315","67.62676165672053","4.801071670836485","45.88362872115053","30.78803805112551"
"pol-1479","Andhra Pradesh","Visakhapatnam","2025-12-19T22:28:10.812Z","65.92705682804181","238.13845030686605","9.132464152929725","0.7305875501516579","17.333393631580922","10.17285417788053"
"pol-1480","Arunachal Pradesh","Itanagar","2025-12-19T21:28:10.812Z","86.48687130235358","85.46029933721762","10.319358364735844","0.14983369148934167","3.5720754635380603","78.13948700031783"
"pol-1481","Assam","Guwahati","2025-12-19T20:28:10.812Z","159.28409191652347","94.97645950170363","77.18732513859679","7.082638808692096","38.66962212375636","24.02733933289546"
"pol-1482","Bihar","Patna","2025-12-19T19:28:10.812Z","151.11377705736695","168.5459392457899","23.778843985537783","7.508559096531179","21.45323170633483","66.61955020618475"
"pol-1483","Chhattisgarh","Raipur","2025-12-19T18:28:10.812Z","4.816976981944254","263.3362576468662","13.431887014136805","7.375898572686208","38.46715845037591","38.03065553272277"
"pol-1484","Goa","Panaji","2025-12-19T17:28:10.812Z","66.44374361944931","113.08520284002074","35.973409091794075","2.4958693062795447","13.31342776217554","44.37295995467553"
"pol-1485","Gujarat","Ahmedabad","2025-12-19T16:28:10.812Z","70.46874027904191","240.62780632803577","75.39441577623094","6.944016728828876","48.5027028207789","3.4974595707920497"
"pol-1486","Haryana","Gurugram","2025-12-19T15:28:10.812Z","192.5444340251795","298.63750674980565","47.78183391281287","6.19955065364493","27.08452028766397","74.1738087522399"
"pol-1487","Himachal Pradesh","Shimla","2025-12-19T14:28:10.812Z","30.273414075029102","35.920463555286666","24.999269548516672","8.09235797346814","34.572603875805804","31.87351749508315"
"pol-1488","Jharkhand","Ranchi","2025-12-19T13:28:10.812Z","180.3397236623719","297.73747746677367","50.58499785675458","6.9248011080942975","23.319928162098186","95.6514585649062"
"pol-1489","Karnataka","Bengaluru","2025-12-19T12:28:10.812Z","8.246220382829206","103.10821745048221","19.511537479463037","0.7003354576837872","2.9445937913162745","90.24140173182512"
"pol-1490","Kerala","Thiruvananthapuram","2025-12-19T11:28:10.812Z","172.827820174727","63.646432680758814","11.013819355482335","7.266138556122335","48.2165373840695","76.16048483885376"
"pol-1491","Madhya Pradesh","Bhopal","2025-12-19T10:28:10.812Z","133.04995577048612","253.45222713491535","32.23233427470898","2.912745746087957","2.6511291470997067","10.798971000493419"
"pol-1492","Maharashtra","Mumbai","2025-12-19T09:28:10.812Z","75.98186606144183","213.2695040377376","70.79609446923774","7.614258194119646","16.93461299041023","85.91429926031651"
"pol-1493","Manipur","Imphal","2025-12-19T08:28:10.812Z","36.51965022954935","292.59809209662166","48.13299435977861","9.338426316508718","37.98480812527929","53.60653759863002"
"pol-1494","Meghalaya","Shillong","2025-12-19T07:28:10.812Z","51.3895384011388","204.19510738925032","39.73895137337864","1.9590599866203962","27.36852716300746","86.15859176040637"
"pol-1495","Mizoram","Aizawl","2025-12-19T06:28:10.812Z","47.39102829799566","292.80711417224444","78.52100126232212","6.49301455852955","24.415146884483676","82.51155603536672"
"pol-1496","Nagaland","Kohima","2025-12-19T05:28:10.812Z","116.62023668370576","117.9197299834325","8.020384728434466","9.81118636730397","26.67460592940971","28.820075868697405"
"pol-1497","Odisha","Bhubaneswar","2025-12-19T04:28:10.812Z","22.700156657838132","27.375345496139246","10.833912059485025","5.072669320259068","39.80641698306117","5.319030772637379"
"pol-1498","Punjab","Ludhiana","2025-12-19T03:28:10.812Z","109.1066295189566","118.87146577322297","23.317878815327173","6.900046707709214","21.975302474794738","87.29878810032558"
"pol-1499","Rajasthan","Jaipur","2025-12-19T02:28:10.812Z","170.28616266366598","249.61669429278632","21.44129806932491","8.108371645068454","25.910162300866844","93.47412261061935"
"pol-1500","Sikkim","Gangtok","2025-12-19T01:28:10.812Z","69.11836522511867","230.17499787118615","43.33295682805743","2.7458101512991986","39.9094518927594","45.5196327755097"
"pol-1501","Tamil Nadu","Chennai","2025-12-19T00:28:10.812Z","39.767539097896986","198.9209304507583","75.68213930922815","5.420134972385933","40.69868455865529","69.56852020368797"
"pol-1502","Telangana","Hyderabad","2025-12-18T23:28:10.812Z","102.64417814563589","96.6692270319988","68.63791303839209","5.64630391023149","38.667345397565576","51.42556641802211"
"pol-1503","Tripura","Agartala","2025-12-18T22:28:10.812Z","198.80680430740068","207.76579768405327","44.626701920665894","9.348727529060225","43.96569422925487","5.451310976370383"
"pol-1504","Uttar Pradesh","Lucknow","2025-12-18T21:28:10.812Z","145.62701121507013","158.180010586604","61.40529603182075","4.502774799462722","28.928465446468387","72.55300316710209"
"pol-1505","Uttarakhand","Dehradun","2025-12-18T20:28:10.812Z","183.96762678038888","58.21284054754926","62.96467314678492","4.8235821138195645","13.284214726115495","23.265480481353684"
"pol-1506","West Bengal","Kolkata","2025-12-18T19:28:10.812Z","160.65373735274463","111.7941156090456","57.72134866062313","7.154078042789568","20.957383219286225","26.259127959337334"
"pol-1507","Delhi","New Delhi","2025-12-18T18:28:10.812Z","102.40215462070002","128.9794812527092","14.109437538820613","3.623593601934493","27.673993308081585","94.95978661333814"
"pol-1508","Andhra Pradesh","Visakhapatnam","2025-12-18T17:28:10.812Z","163.88985324816323","117.14292493825185","69.7874109047111","7.063552464676414","10.171426066336121","79.29698283562642"
"pol-1509","Arunachal Pradesh","Itanagar","2025-12-18T16:28:10.812Z","160.340908885458","82.30516556628498","31.467324059617265","3.5360179634991606","32.20179781601632","73.91032592356521"
"pol-1510","Assam","Guwahati","2025-12-18T15:28:10.812Z","190.1874580865633","90.12146649608503","72.99796602936675","2.110827315908156","12.0593452387609","7.359138167729162"
"pol-1511","Bihar","Patna","2025-12-18T14:28:10.812Z","90.77323368686645","89.33905881549016","56.05276963538989","8.42036895722167","31.82947930677726","18.458430287324077"
"pol-1512","Chhattisgarh","Raipur","2025-12-18T13:28:10.812Z","184.558996563536","293.46595186289227","3.9997768165976755","8.431190654727441","14.19877712988552","37.20235762317527"
"pol-1513","Goa","Panaji","2025-12-18T12:28:10.812Z","1.8252697584749233","106.5746170453926","4.356897670654192","5.214608071824434","15.678191610520608","56.57378090606665"
"pol-1514","Gujarat","Ahmedabad","2025-12-18T11:28:10.812Z","88.83385534674156","111.17221685835993","8.028264773327951","6.817171481341708","31.10128740149069","54.086550033824956"
"pol-1515","Haryana","Gurugram","2025-12-18T10:28:10.812Z","77.34657305129542","207.97175817173692","42.76364543923605","6.240788964429626","31.171622670293992","94.75362362502845"
"pol-1516","Himachal Pradesh","Shimla","2025-12-18T09:28:10.812Z","52.62489476170684","57.51587303986643","38.23531929958865","6.906619553788232","45.69428382671544","41.339918374289276"
"pol-1517","Jharkhand","Ranchi","2025-12-18T08:28:10.812Z","120.95760898187935","141.18219798669418","63.58962067291577","4.527794239524093","20.82598353626817","44.298809338886244"
"pol-1518","Karnataka","Bengaluru","2025-12-18T07:28:10.812Z","2.649235549880191","228.67083306911738","8.205891531421452","0.7563141188358102","19.98714779594868","52.40680356231682"
"pol-1519","Kerala","Thiruvananthapuram","2025-12-18T06:28:10.812Z","58.35983542050223","194.43331848052975","3.9831477927398584","3.2610433378984927","47.809760224187684","41.61735890685797"
"pol-1520","Madhya Pradesh","Bhopal","2025-12-18T05:28:10.812Z","199.2073664241973","96.21628425180965","57.97733777778135","1.9846270030032287","8.29650432144659","39.63261355070511"
"pol-1521","Maharashtra","Mumbai","2025-12-18T04:28:10.812Z","132.6511486490671","44.232573013025835","50.8597712813506","8.208741267708378","30.943646588427697","24.498171019048975"
"pol-1522","Manipur","Imphal","2025-12-18T03:28:10.812Z","37.89036128112024","1.166978262794316","51.35513470177769","1.4220994673021181","1.6814859705841678","45.44508977648943"
"pol-1523","Meghalaya","Shillong","2025-12-18T02:28:10.812Z","107.59029108576526","0.0009268114892546642","70.41740972356462","2.8764111935410996","13.732074992531007","11.470325229471223"
"pol-1524","Mizoram","Aizawl","2025-12-18T01:28:10.812Z","39.27143598748781","258.7442223177597","78.80954436166024","0.9582709840660941","15.470092297104149","14.104473051293398"
"pol-1525","Nagaland","Kohima","2025-12-18T00:28:10.812Z","57.5232866871231","79.59751612753023","35.74934451226203","0.9653747538145596","9.004517827569735","28.798868667092847"
"pol-1526","Odisha","Bhubaneswar","2025-12-17T23:28:10.812Z","14.364366025116905","285.2367264143071","48.49046963391545","4.40213892225154","22.164961045890415","57.92603844308085"
"pol-1527","Punjab","Ludhiana","2025-12-17T22:28:10.812Z","55.36210722508137","50.86013571038652","41.51324392380623","2.450407907703843","29.826942798175565","73.0490132690482"
"pol-1528","Rajasthan","Jaipur","2025-12-17T21:28:10.812Z","152.84672683432774","69.85460515445267","3.6380477126101596","6.228871123644215","47.0989846002289","11.51054854187431"
"pol-1529","Sikkim","Gangtok","2025-12-17T20:28:10.812Z","60.11750999649037","47.53675418277853","22.754063058701995","8.548964006573254","34.439767192344796","8.237788074910512"
"pol-1530","Tamil Nadu","Chennai","2025-12-17T19:28:10.812Z","33.066470974367036","23.770272319577035","63.71582858956556","5.249210974619586","42.92482663190465","11.914942010658013"
"pol-1531","Telangana","Hyderabad","2025-12-17T18:28:10.812Z","190.40197013056584","297.68150199303955","9.882563899614496","4.995801906147078","4.787691117898296","92.81667214851204"
"pol-1532","Tripura","Agartala","2025-12-17T17:28:10.812Z","159.04261667114446","7.108344714120052","41.59804137878578","3.4007754549898026","23.71945172769832","17.845976646162775"
"pol-1533","Uttar Pradesh","Lucknow","2025-12-17T16:28:10.812Z","172.85980367780917","73.86697504748719","66.79069563362744","6.046690919273471","33.552307140551","76.72460620175292"
"pol-1534","Uttarakhand","Dehradun","2025-12-17T15:28:10.812Z","10.48710502720609","276.7175810121367","60.636552755594735","0.09940311162325743","44.57202197991843","96.2630530144235"
"pol-1535","West Bengal","Kolkata","2025-12-17T14:28:10.812Z","75.93068339897238","140.7781023934354","40.736633150783646","6.545414176979337","9.714929121342426","49.684222276002146"
"pol-1536","Delhi","New Delhi","2025-12-17T13:28:10.812Z","168.20377017440342","154.84664944461917","32.923490722519865","0.5060182895227916","46.95900895354753","85.22890844138847"
"pol-1537","Andhra Pradesh","Visakhapatnam","2025-12-17T12:28:10.812Z","68.14438238788566","252.54150631064132","64.41335861224685","1.9482365471935126","24.500543520743907","64.23804358845939"
"pol-1538","Arunachal Pradesh","Itanagar","2025-12-17T11:28:10.812Z","30.227351252960013","79.34186173205171","11.348867446317303","4.5909591888470995","15.317624826852033","9.46382606401145"
"pol-1539","Assam","Guwahati","2025-12-17T10:28:10.812Z","21.910761083282026","114.45325197032784","7.862851192749893","3.3231072020556374","36.52976451277393","63.53181910853741"
"pol-1540","Bihar","Patna","2025-12-17T09:28:10.812Z","121.33792524829367","126.72001768899447","73.6788569738739","2.175774164790618","8.669426258539586","50.8532215621166"
"pol-1541","Chhattisgarh","Raipur","2025-12-17T08:28:10.812Z","12.762910358470304","227.94276499534402","69.10842281192056","1.6178631167075264","17.609990059824966","45.65003831492446"
"pol-1542","Goa","Panaji","2025-12-17T07:28:10.812Z","191.43369511454964","235.43967845776206","58.61675593029882","0.8123842912129486","16.263452032906205","2.6306239580205504"
"pol-1543","Gujarat","Ahmedabad","2025-12-17T06:28:10.812Z","109.15558861998917","242.845654430312","77.93966936502476","7.812897422905848","42.35923787849007","77.15587111131738"
"pol-1544","Haryana","Gurugram","2025-12-17T05:28:10.812Z","7.578632043314504","157.8049691945248","68.65420932941667","7.227949965758752","42.64672410190405","42.823808974957736"
"pol-1545","Himachal Pradesh","Shimla","2025-12-17T04:28:10.812Z","50.07117951172917","44.60267447977786","24.794506230347075","8.18804916101665","44.94241616688336","45.499114690999285"
"pol-1546","Jharkhand","Ranchi","2025-12-17T03:28:10.812Z","143.25551455640164","70.87676436496395","13.711631681510585","0.6271015147025105","3.7288528280095488","27.518532001823935"
"pol-1547","Karnataka","Bengaluru","2025-12-17T02:28:10.812Z","192.47402669761004","270.3330770739011","66.15336273819139","6.407622280397643","16.85464666191716","89.90684952045555"
"pol-1548","Kerala","Thiruvananthapuram","2025-12-17T01:28:10.812Z","184.35507303934585","190.51582708463337","9.720524344060326","4.634737102782268","21.460426478582338","2.945221224176653"
"pol-1549","Madhya Pradesh","Bhopal","2025-12-17T00:28:10.812Z","195.3117035875381","91.1074732507871","65.10964885042591","1.3401718454409284","5.458441051174223","83.41159132050105"
"pol-1550","Maharashtra","Mumbai","2025-12-16T23:28:10.812Z","77.92185944547876","93.8359009383259","14.457418847872416","5.364982282467913","27.50104482311976","70.80738731712712"
"pol-1551","Manipur","Imphal","2025-12-16T22:28:10.812Z","67.77832039358118","192.85465219293573","55.88205736138228","2.192208533634501","45.78242351238701","12.497215821883357"
"pol-1552","Meghalaya","Shillong","2025-12-16T21:28:10.812Z","14.903077717040357","20.679585522310585","42.03553645658005","6.045860993187004","25.64952111428136","78.55152918315544"
"pol-1553","Mizoram","Aizawl","2025-12-16T20:28:10.812Z","177.57139471161153","182.86955927508114","40.706474046167514","0.6848001997662911","3.023794287062781","46.17085045917604"
"pol-1554","Nagaland","Kohima","2025-12-16T19:28:10.812Z","20.47602501501775","254.19044592768182","8.5281883681815","9.542951909460704","17.60055136686779","24.847524353355034"
"pol-1555","Odisha","Bhubaneswar","2025-12-16T18:28:10.812Z","156.32341192920072","271.9960437105345","32.59383946607312","4.4348036471045935","29.010507925943763","41.96722323267398"
"pol-1556","Punjab","Ludhiana","2025-12-16T17:28:10.812Z","91.68952950650177","205.69434319508682","76.56704198884661","3.1467688220108037","7.574518274987407","83.11805718133807"
"pol-1557","Rajasthan","Jaipur","2025-12-16T16:28:10.812Z","43.7055954298323","25.4312480689298","62.54732288961915","0.07659457874795494","35.24657798164542","1.543428820965087"
"pol-1558","Sikkim","Gangtok","2025-12-16T15:28:10.812Z","59.9866146967017","167.69965842564937","2.585872041660684","8.738170757543157","18.38087278156596","77.03627915089866"
"pol-1559","Tamil Nadu","Chennai","2025-12-16T14:28:10.812Z","65.30577964100432","166.58155935426188","76.01284307206421","0.26529158372585404","48.98735971111156","39.065415412978986"
"pol-1560","Telangana","Hyderabad","2025-12-16T13:28:10.812Z","87.23847656921966","72.63756985255485","45.07501341579953","9.844873145889473","35.1668756393448","87.10714471964927"
"pol-1561","Tripura","Agartala","2025-12-16T12:28:10.812Z","162.89252308780792","34.105260401204504","3.7191938695189553","3.0195181141535885","25.533549515641806","16.093230444798422"
"pol-1562","Uttar Pradesh","Lucknow","2025-12-16T11:28:10.812Z","158.15400149723848","229.3966002511612","4.812496971852038","5.489284700608165","38.64426462206465","0.9009798448229467"
"pol-1563","Uttarakhand","Dehradun","2025-12-16T10:28:10.812Z","9.015588722669854","81.79778192431189","41.39398829363108","8.017818399668975","14.0316248183872","3.5641246283252936"
"pol-1564","West Bengal","Kolkata","2025-12-16T09:28:10.812Z","91.6186447325189","63.02394172817755","9.097891576485395","1.190185279755327","12.845514590106454","1.5601113348768791"
"pol-1565","Delhi","New Delhi","2025-12-16T08:28:10.812Z","80.18816445641896","91.01535561648772","46.56861953384927","4.756989560870349","22.715678447792094","33.02997825524538"
"pol-1566","Andhra Pradesh","Visakhapatnam","2025-12-16T07:28:10.812Z","94.85989585118237","271.52206534508844","32.60809861289148","9.400735423209875","46.09573847135235","40.64659529608904"
"pol-1567","Arunachal Pradesh","Itanagar","2025-12-16T06:28:10.812Z","86.0290540283276","111.75930891354542","56.266247729439144","1.3598290544958158","22.598928322043427","51.65154875221355"
"pol-1568","Assam","Guwahati","2025-12-16T05:28:10.812Z","149.1308758230834","29.71083366798164","8.585898913777008","4.410818283279584","30.669861087624202","33.92389832669503"
"pol-1569","Bihar","Patna","2025-12-16T04:28:10.812Z","138.3789083977219","112.19262196094955","69.04320546238365","0.8299936730344637","39.621368387147946","6.344123306664584"
"pol-1570","Chhattisgarh","Raipur","2025-12-16T03:28:10.812Z","151.05084218420467","229.6815658112696","15.119060958284347","0.298676068273358","36.9503440905917","85.65826817662241"
"pol-1571","Goa","Panaji","2025-12-16T02:28:10.812Z","82.59036367618715","20.444747765703795","51.555004035640756","0.2535217768742126","8.908941314728919","42.69602699458912"
"pol-1572","Gujarat","Ahmedabad","2025-12-16T01:28:10.812Z","12.380202143878204","36.162597543243976","34.99884012099091","0.6473449032741907","38.556314918703805","88.94279796282892"
"pol-1573","Haryana","Gurugram","2025-12-16T00:28:10.812Z","185.30809720640482","5.637787557246177","67.24679274642276","4.864485085577277","7.6992243088253645","66.92447666725757"
"pol-1574","Himachal Pradesh","Shimla","2025-12-15T23:28:10.812Z","90.5215784886318","7.18473415975579","66.44425875907527","3.948991972232486","29.615530728293187","51.580943484121065"
"pol-1575","Jharkhand","Ranchi","2025-12-15T22:28:10.812Z","124.54295801002162","245.24507356802934","68.56282772759532","6.06424039750994","20.37193564519017","99.7991000278577"
"pol-1576","Karnataka","Bengaluru","2025-12-15T21:28:10.812Z","137.07430136636287","40.75492026607065","55.005557325467706","4.718688672599281","12.107858649118757","46.58249998266586"
"pol-1577","Kerala","Thiruvananthapuram","2025-12-15T20:28:10.812Z","99.162084779562","176.14801297468063","25.31316838746516","6.311236578608961","27.13352298342015","71.83501987573189"
"pol-1578","Madhya Pradesh","Bhopal","2025-12-15T19:28:10.812Z","10.840502304578692","221.5845344315547","41.867235499040916","2.305031503317767","8.469963485483573","21.373972374591965"
"pol-1579","Maharashtra","Mumbai","2025-12-15T18:28:10.812Z","41.02554853483227","211.08604766826838","50.45168989051287","8.641513958432407","15.663432797417942","67.11943482984053"
"pol-1580","Manipur","Imphal","2025-12-15T17:28:10.812Z","18.465035795050746","169.7397746661711","49.55276581986443","3.7974731042465137","9.853420040288679","21.60543957773755"
"pol-1581","Meghalaya","Shillong","2025-12-15T16:28:10.812Z","136.83983871743533","151.65868104832475","16.241012889926","5.238220489317319","42.54973252485591","1.837607622087678"
"pol-1582","Mizoram","Aizawl","2025-12-15T15:28:10.812Z","151.19117262548104","27.675288021317513","5.197412537735193","6.7213302242258175","11.156431636476722","78.97225921668637"
"pol-1583","Nagaland","Kohima","2025-12-15T14:28:10.812Z","19.05676175664055","17.78763219807994","59.473212006219825","7.0025575341601325","27.639153796216533","27.915508569406335"
"pol-1584","Odisha","Bhubaneswar","2025-12-15T13:28:10.812Z","9.062580591862446","69.75047332919782","50.91138321893014","7.774474472420703","29.795678970610574","66.92285934999099"
"pol-1585","Punjab","Ludhiana","2025-12-15T12:28:10.812Z","0.8007032162338001","285.17197584526787","40.03239056083813","5.613536170522537","4.9416606704782815","44.64560852754401"
"pol-1586","Rajasthan","Jaipur","2025-12-15T11:28:10.812Z","193.562158829965","133.54994331283206","27.845128677574706","9.339295663817218","31.32091154385565","99.25100455441067"
"pol-1587","Sikkim","Gangtok","2025-12-15T10:28:10.812Z","187.37579156831532","182.12161075770837","78.42249332492804","6.2332186104308285","44.99486233355851","4.825341210484158"
"pol-1588","Tamil Nadu","Chennai","2025-12-15T09:28:10.812Z","170.27236705469195","18.9031990538596","76.82371380380135","5.800373185329482","34.82601091742541","82.6973878609951"
"pol-1589","Telangana","Hyderabad","2025-12-15T08:28:10.812Z","189.2453147863997","141.25751433717156","32.883359077880996","3.6209555156770925","30.12252324860782","97.13264969828612"
"pol-1590","Tripura","Agartala","2025-12-15T07:28:10.812Z","197.55869813440805","116.63391429750284","2.405477718474156","4.9732972909316135","22.203701968750106","37.67738873508802"
"pol-1591","Uttar Pradesh","Lucknow","2025-12-15T06:28:10.812Z","21.989561931729963","287.78604358219064","1.6128842621272454","3.0396994867523675","25.4678795641763","85.65106826425108"
"pol-1592","Uttarakhand","Dehradun","2025-12-15T05:28:10.812Z","93.51223401500278","11.551376063894192","31.288511235901346","6.151070912957829","43.090657162957754","37.24215178797067"
"pol-1593","West Bengal","Kolkata","2025-12-15T04:28:10.812Z","156.8280754633486","26.538894032792193","7.883663529119662","8.82712110259135","37.24539405623221","72.83703846501888"
"pol-1594","Delhi","New Delhi","2025-12-15T03:28:10.812Z","86.21567369814078","67.56393233252868","23.511290552567594","9.151641544117982","2.038922380277258","64.40796904609697"
"pol-1595","Andhra Pradesh","Visakhapatnam","2025-12-15T02:28:10.812Z","12.957583567026386","181.0968947274986","3.176083596456758","9.035861005844014","4.011042966189754","23.638880986997933"
"pol-1596","Arunachal Pradesh","Itanagar","2025-12-15T01:28:10.812Z","28.67647407273999","255.35054956719966","44.19530062130921","4.770325678833931","37.74251855099266","77.73095965911472"
"pol-1597","Assam","Guwahati","2025-12-15T00:28:10.812Z","0.9335862974521048","232.03788115832526","33.96656780998731","8.70955575329116","24.448598433109588","78.02082116389076"
"pol-1598","Bihar","Patna","2025-12-14T23:28:10.812Z","24.407013954107338","262.78469745500087","24.940998020982235","8.6389749568686","23.5466425009204","63.453328934243544"
"pol-1599","Chhattisgarh","Raipur","2025-12-14T22:28:10.812Z","158.0243383412933","246.86768508640563","39.841660525218444","3.6305347826339873","35.250669184351324","56.54624993190617"
"pol-1600","Goa","Panaji","2025-12-14T21:28:10.812Z","163.56074707228177","289.1100244175405","69.5671106229704","5.912205652825641","44.789413465583586","83.3932932691578"
"pol-1601","Gujarat","Ahmedabad","2025-12-14T20:28:10.812Z","39.89436057242699","16.454339725801237","21.250299029939733","0.12044870701977017","1.5654133842530005","5.667066871777404"
"pol-1602","Haryana","Gurugram","2025-12-14T19:28:10.812Z","195.98009778369737","151.21295045521825","10.774435011767816","0.34348051816507574","40.75805563199021","40.495245163037744"
"pol-1603","Himachal Pradesh","Shimla","2025-12-14T18:28:10.812Z","96.15702436766504","208.42603628460122","58.94122622353172","5.070132645676569","35.13202100781661","16.789520105277266"
"pol-1604","Jharkhand","Ranchi","2025-12-14T17:28:10.812Z","169.4528611535658","234.6511632859565","0.04454429005061655","3.3503984001648246","40.29584805976966","97.05882670592558"
"pol-1605","Karnataka","Bengaluru","2025-12-14T16:28:10.812Z","26.266767978604832","12.79484806342257","34.922002915399375","7.102131019428684","41.24732926425083","43.70757222553877"
"pol-1606","Kerala","Thiruvananthapuram","2025-12-14T15:28:10.812Z","78.34723220531465","106.01469157843536","48.80078576347757","4.912894049502656","17.910377553001272","88.25054626539772"
"pol-1607","Madhya Pradesh","Bhopal","2025-12-14T14:28:10.812Z","50.05947368817276","213.87119846272253","11.120965065308619","2.7743276857692987","11.871474810021104","56.01153473235926"
"pol-1608","Maharashtra","Mumbai","2025-12-14T13:28:10.812Z","83.68275086382826","151.65984433382684","43.77342736891769","9.17361244404036","2.505661219854205","16.647924163638393"
"pol-1609","Manipur","Imphal","2025-12-14T12:28:10.812Z","137.85359438960427","68.52867516857255","12.496446151175125","3.730210727145513","9.547364935412862","98.4322528171036"
"pol-1610","Meghalaya","Shillong","2025-12-14T11:28:10.812Z","132.89916747958307","65.20695124624716","30.728753066722845","4.675491056270991","11.573987590040907","83.38924581678519"
"pol-1611","Mizoram","Aizawl","2025-12-14T10:28:10.812Z","163.00535711284033","254.58876614047568","49.60759842246506","3.636292994340492","15.975793880571171","80.88042301074465"
"pol-1612","Nagaland","Kohima","2025-12-14T09:28:10.812Z","74.30357009070904","21.75616587320448","29.42311958575977","4.530018676874886","30.40044610769741","26.84168941169015"
"pol-1613","Odisha","Bhubaneswar","2025-12-14T08:28:10.812Z","36.962140094899134","249.56617163411858","20.216137283812856","3.7565852186437354","37.86941538292604","25.840909792579893"
"pol-1614","Punjab","Ludhiana","2025-12-14T07:28:10.812Z","74.61759193776454","277.9606707600918","38.03679391584929","6.026971255125502","25.167407847141344","51.53592073363077"
"pol-1615","Rajasthan","Jaipur","2025-12-14T06:28:10.812Z","196.74649157214142","105.44382753968237","1.0644880968071657","3.5126201039925165","46.553478201382795","33.23860464673736"
"pol-1616","Sikkim","Gangtok","2025-12-14T05:28:10.812Z","142.9611787013585","56.90351789980189","75.90090279693047","2.365375187980111","2.537547135109569","54.9832729474837"
"pol-1617","Tamil Nadu","Chennai","2025-12-14T04:28:10.812Z","105.70905231048313","51.813083396253546","36.68718290142409","3.4762839432968673","3.614060932435892","68.7525154338172"
"pol-1618","Telangana","Hyderabad","2025-12-14T03:28:10.812Z","33.25125751484204","111.48824034645517","58.1426404520102","4.544988174754803","37.275743729461716","88.76868975145041"
"pol-1619","Tripura","Agartala","2025-12-14T02:28:10.812Z","27.11667961599533","110.00197371604048","7.673386870472427","2.491731108937617","35.441615846043064","61.626150078737616"
"pol-1620","Uttar Pradesh","Lucknow","2025-12-14T01:28:10.812Z","97.61565668846902","159.67935372493807","63.48191499071676","5.701233338716411","43.29194885417407","0.5794831448892923"
"pol-1621","Uttarakhand","Dehradun","2025-12-14T00:28:10.812Z","187.5699568208218","115.26404932464972","42.016286396188505","2.8799568552917707","36.10575249968581","61.288147525405066"
"pol-1622","West Bengal","Kolkata","2025-12-13T23:28:10.812Z","142.40562821153583","146.8368413115807","74.74468083247655","1.0621645548895542","16.19687171580807","92.08786730200603"
"pol-1623","Delhi","New Delhi","2025-12-13T22:28:10.812Z","71.86079670888022","167.23145305124257","39.692972090219584","7.769862811416322","48.8950718569372","65.985662374275"
"pol-1624","Andhra Pradesh","Visakhapatnam","2025-12-13T21:28:10.812Z","19.866935445057265","10.61670565583437","25.720811959619923","7.712565049036569","1.338681119493057","9.547867953262335"
"pol-1625","Arunachal Pradesh","Itanagar","2025-12-13T20:28:10.812Z","157.4998430905171","177.9237681699082","32.33901579840061","5.392418311029994","38.37059391421109","57.148769130852"
"pol-1626","Assam","Guwahati","2025-12-13T19:28:10.812Z","158.10935449870422","126.37869313850682","24.357210820078166","4.6607111710086615","1.9445665306717597","34.06587557640549"
"pol-1627","Bihar","Patna","2025-12-13T18:28:10.812Z","166.02650068246797","124.78519857613878","45.590763210192776","6.952047462968812","39.691017401743856","87.67879340910625"
"pol-1628","Chhattisgarh","Raipur","2025-12-13T17:28:10.812Z","92.1566112526595","88.3957826246517","40.731713097088154","8.231013290086173","22.72561257594309","38.11223805189161"
"pol-1629","Goa","Panaji","2025-12-13T16:28:10.812Z","183.6040510639049","8.320087521336427","49.24789892474913","8.418348138143493","25.141291487880196","73.5983242722807"
"pol-1630","Gujarat","Ahmedabad","2025-12-13T15:28:10.812Z","76.22622008258703","127.56490300323522","30.66110041747269","2.814545411079928","25.885950805375384","45.757064100207266"
"pol-1631","Haryana","Gurugram","2025-12-13T14:28:10.812Z","171.70176888642612","189.44640042554985","5.607394725440553","5.980240371127299","25.765765162497","49.88761410908504"
"pol-1632","Himachal Pradesh","Shimla","2025-12-13T13:28:10.812Z","143.5604397299415","27.260725099555827","44.261847207935226","4.6065449783574195","37.45630887555145","21.92643365272213"
"pol-1633","Jharkhand","Ranchi","2025-12-13T12:28:10.812Z","18.339475907937896","286.86825020889074","14.339054256901393","8.646587895832017","22.476039899957645","54.89867883453903"
"pol-1634","Karnataka","Bengaluru","2025-12-13T11:28:10.812Z","79.1123345315557","274.6878134307776","22.62396102056332","8.054352477518492","25.95575454224831","35.055454211427985"
"pol-1635","Kerala","Thiruvananthapuram","2025-12-13T10:28:10.812Z","143.405796336391","154.71007675079522","54.078386999926174","7.213504089223425","41.17711210148802","22.08410638272745"
"pol-1636","Madhya Pradesh","Bhopal","2025-12-13T09:28:10.812Z","35.03102593775349","150.93391115697415","72.93544216314791","9.48693704684345","9.825317863457672","46.03596005642998"
"pol-1637","Maharashtra","Mumbai","2025-12-13T08:28:10.812Z","174.54706168498842","84.76454158390494","31.156415596301763","4.764543041151935","9.491115660951376","78.42102116500507"
"pol-1638","Manipur","Imphal","2025-12-13T07:28:10.812Z","82.31336309298838","174.18289761591546","22.105549107025062","8.166016186644546","47.65709459324258","20.88853619200728"
"pol-1639","Meghalaya","Shillong","2025-12-13T06:28:10.812Z","174.54303186459998","186.33942728131888","64.19918245987179","4.710525617532959","40.59007076325607","70.49642962985953"
"pol-1640","Mizoram","Aizawl","2025-12-13T05:28:10.812Z","91.40478508871517","116.34201899825483","38.24852451033757","7.071726889347349","1.4366614915245546","0.6270922584230454"
"pol-1641","Nagaland","Kohima","2025-12-13T04:28:10.812Z","142.14082626193357","153.84667455788318","31.78969776914328","3.3586112665016046","22.88971261740933","16.11340015999858"
"pol-1642","Odisha","Bhubaneswar","2025-12-13T03:28:10.812Z","94.95043126095992","47.36396113378872","77.34606535630921","4.148066727829467","22.718960087190975","84.5436847676573"
"pol-1643","Punjab","Ludhiana","2025-12-13T02:28:10.812Z","68.1805628325199","262.12876175869013","55.00802604893528","8.414665576729695","41.43192816317929","74.44956593099569"
"pol-1644","Rajasthan","Jaipur","2025-12-13T01:28:10.812Z","145.7592532166624","113.49759125583913","8.02632858151644","6.33368712294857","41.50223238323994","69.14699684579809"
"pol-1645","Sikkim","Gangtok","2025-12-13T00:28:10.812Z","178.69691771448524","235.42465138795566","18.27986798786646","0.6357090656155295","45.42641669523483","22.98058926345594"
"pol-1646","Tamil Nadu","Chennai","2025-12-12T23:28:10.812Z","55.74660497458355","197.4321355970029","17.691784780311988","9.638955046798111","38.79581039139588","41.93051547202445"
"pol-1647","Telangana","Hyderabad","2025-12-12T22:28:10.812Z","120.93200625723325","72.89711945743186","9.033141489848253","6.015667071394544","9.394659683817041","1.0630154685573823"
"pol-1648","Tripura","Agartala","2025-12-12T21:28:10.812Z","27.177612542746242","90.93757176656139","10.3461160248394","3.743248788341531","12.996011875499274","20.309533610954478"
"pol-1649","Uttar Pradesh","Lucknow","2025-12-12T20:28:10.812Z","17.487435327107526","266.7763354151104","15.445300121199672","6.441044282372443","8.285097846617306","33.81296177250066"
"pol-1650","Uttarakhand","Dehradun","2025-12-12T19:28:10.812Z","91.9325747966117","108.46945309964464","3.8679726941717707","9.767017187693245","28.201630275233825","67.34180348101091"
"pol-1651","West Bengal","Kolkata","2025-12-12T18:28:10.812Z","25.03826654726291","125.24436535176866","25.420674140731432","1.4135840452129877","20.47232133100078","29.801929351280975"
"pol-1652","Delhi","New Delhi","2025-12-12T17:28:10.812Z","182.35049341569035","127.90338323013931","46.84916537872175","0.6684722167289636","5.424960716051164","56.5379802812197"
"pol-1653","Andhra Pradesh","Visakhapatnam","2025-12-12T16:28:10.812Z","169.8002094080723","228.0768706532278","56.74571560489105","6.620392466547683","14.130649681102959","64.05543149964356"
"pol-1654","Arunachal Pradesh","Itanagar","2025-12-12T15:28:10.812Z","110.59039067907884","148.52843755076177","44.695857694721454","4.75531887022338","12.749894450970444","73.34811129629658"
"pol-1655","Assam","Guwahati","2025-12-12T14:28:10.812Z","2.6025882606700357","74.0085471117947","79.12104358223728","5.925096468299539","39.836276659318145","35.404591712594694"
"pol-1656","Bihar","Patna","2025-12-12T13:28:10.812Z","57.104390355514","144.42156030962875","7.891313095277983","0.702390056247657","41.291224056034025","40.15302820421618"
"pol-1657","Chhattisgarh","Raipur","2025-12-12T12:28:10.812Z","199.61987849175406","52.65914515282165","27.96288922647551","4.220958647833673","42.105097952321856","91.33591068890345"
"pol-1658","Goa","Panaji","2025-12-12T11:28:10.812Z","3.864808513220286","127.80646243252592","10.849468611153661","0.6045584831465001","39.849334271941544","39.00627011935558"
"pol-1659","Gujarat","Ahmedabad","2025-12-12T10:28:10.812Z","172.0713947234877","110.1628966243955","78.74180114943391","6.479683556354248","49.32611113446054","35.763609643345774"
"pol-1660","Haryana","Gurugram","2025-12-12T09:28:10.812Z","18.217872258662226","270.29478383377926","27.22882718503034","5.855038002316607","8.56846065971794","69.79168223058434"
"pol-1661","Himachal Pradesh","Shimla","2025-12-12T08:28:10.812Z","155.8388054886964","135.3212311381613","2.6559031569263514","3.3307495702005774","13.923573599193418","77.15803065860942"
"pol-1662","Jharkhand","Ranchi","2025-12-12T07:28:10.812Z","70.3238662534813","282.6354737359018","4.560632075527904","0.6539347269306228","19.685874096727137","21.250216580056968"
"pol-1663","Karnataka","Bengaluru","2025-12-12T06:28:10.812Z","148.77620180620346","164.99637312874293","58.68743860866124","3.3390061999240848","13.33139972883427","68.11945140004401"
"pol-1664","Kerala","Thiruvananthapuram","2025-12-12T05:28:10.812Z","87.13660229398323","40.589024334485345","67.32902632414375","7.978304729520658","25.215885303688307","17.675631839083884"
"pol-1665","Madhya Pradesh","Bhopal","2025-12-12T04:28:10.812Z","167.2908352700223","192.58954604791379","5.819218329714841","3.8215409764326114","32.013709358905814","38.34526686556627"
"pol-1666","Maharashtra","Mumbai","2025-12-12T03:28:10.812Z","68.79994216589627","150.49529971704396","10.433454773349284","0.6608670202630029","20.513203565417466","87.42057785572483"
"pol-1667","Manipur","Imphal","2025-12-12T02:28:10.812Z","71.20447383515614","3.09392903903698","66.35538922287131","7.96904450951057","16.57077286328968","42.02385701998026"
"pol-1668","Meghalaya","Shillong","2025-12-12T01:28:10.812Z","198.4664864418503","110.79047451442594","53.66152475920478","4.395656601239128","40.24975282916926","32.87863922908042"
"pol-1669","Mizoram","Aizawl","2025-12-12T00:28:10.812Z","41.083191474431445","232.56067980368678","42.81549539018168","5.2146962054322366","5.708938121254853","65.87093999274883"
"pol-1670","Nagaland","Kohima","2025-12-11T23:28:10.812Z","84.46598954349425","171.75828725413783","45.29122987806966","1.1046312655100288","6.686954870744094","7.759223598292442"
"pol-1671","Odisha","Bhubaneswar","2025-12-11T22:28:10.812Z","59.62304077732583","278.99445470699214","65.00887087967013","8.207139595865497","5.145824134006455","72.9496680893395"
"pol-1672","Punjab","Ludhiana","2025-12-11T21:28:10.812Z","192.8153595050362","18.213425690349684","24.00954171891417","9.36305635565089","46.39397157986534","9.211262000613662"
"pol-1673","Rajasthan","Jaipur","2025-12-11T20:28:10.812Z","41.763018402666496","58.01939800462532","33.38246784247283","5.7542983907949825","48.776306636794395","72.72147765648023"
"pol-1674","Sikkim","Gangtok","2025-12-11T19:28:10.812Z","196.8502332021994","28.959563907786002","38.588927900192644","8.320489613197097","10.206163936889634","37.851214495110796"
"pol-1675","Tamil Nadu","Chennai","2025-12-11T18:28:10.812Z","193.75846878033855","180.09917699816387","62.37638138967473","1.1872256525686076","9.206562684036324","90.87533689505"
"pol-1676","Telangana","Hyderabad","2025-12-11T17:28:10.812Z","127.23209908772857","195.14165089536874","52.67666254449574","7.325298531861131","45.31248907814246","81.20599596704665"
"pol-1677","Tripura","Agartala","2025-12-11T16:28:10.812Z","145.70827014976072","198.8760083819983","69.86264525853483","3.4387971376737325","44.954106637941585","48.098113155052424"
"pol-1678","Uttar Pradesh","Lucknow","2025-12-11T15:28:10.812Z","1.2563366079357152","136.75396704779564","26.54190184889366","8.177707124801065","23.777020034544915","80.44592046330028"
"pol-1679","Uttarakhand","Dehradun","2025-12-11T14:28:10.812Z","3.048865539079304","216.2523650187919","47.683044229028866","4.501072332184021","26.462939034736266","70.28491941349529"
"pol-1680","West Bengal","Kolkata","2025-12-11T13:28:10.812Z","45.939792133509606","188.22630444746324","62.83833856631139","1.1732458821364533","15.303676084343781","4.172081050198228"
"pol-1681","Delhi","New Delhi","2025-12-11T12:28:10.812Z","178.087563033026","193.46533061066498","55.306501881338754","5.053818325565954","7.0293704840861","15.813952026438816"
"pol-1682","Andhra Pradesh","Visakhapatnam","2025-12-11T11:28:10.812Z","101.96119528386826","97.8633627586713","23.414177526007407","3.017273351798062","5.055082392874427","12.761473096263753"
"pol-1683","Arunachal Pradesh","Itanagar","2025-12-11T10:28:10.812Z","133.53225329001802","119.78943440623667","59.594602776826505","1.6175397611097198","26.363951419520447","50.43403927525818"
"pol-1684","Assam","Guwahati","2025-12-11T09:28:10.812Z","47.79474017371219","2.611406269756422","17.390703650825408","9.597159329354488","9.868845448549552","73.1712995894533"
"pol-1685","Bihar","Patna","2025-12-11T08:28:10.812Z","100.68032815162324","141.78382875094272","20.175997896880517","9.92419157418067","26.405389850247186","30.61099328514575"
"pol-1686","Chhattisgarh","Raipur","2025-12-11T07:28:10.812Z","118.70684784576059","289.93701594417485","66.87913398076158","0.9895554434450526","43.00148289995332","98.85050366811696"
"pol-1687","Goa","Panaji","2025-12-11T06:28:10.812Z","10.127664896914435","140.30551205094105","72.4167491111466","0.5335633539437423","17.41166525087518","44.507409932197596"
"pol-1688","Gujarat","Ahmedabad","2025-12-11T05:28:10.812Z","184.9022876464702","152.23517518964485","46.692724216397316","2.958542889695126","25.748495326618947","60.76761053253653"
"pol-1689","Haryana","Gurugram","2025-12-11T04:28:10.812Z","136.16173775587345","260.6982643352145","56.18052934560316","4.264313615020814","19.26515719963976","64.13015196244676"
"pol-1690","Himachal Pradesh","Shimla","2025-12-11T03:28:10.812Z","133.10333256157008","180.67458771728602","24.794582183531737","4.520411801387173","16.441146664288997","44.52642865797001"
"pol-1691","Jharkhand","Ranchi","2025-12-11T02:28:10.812Z","111.06344309018516","270.45055836660447","59.40143129173283","2.950801270749801","47.225715680650445","93.89094757484567"
"pol-1692","Karnataka","Bengaluru","2025-12-11T01:28:10.812Z","125.57871036765604","278.6392989661186","25.05160320110857","9.544410173886702","44.72703781246162","37.2407954804137"
"pol-1693","Kerala","Thiruvananthapuram","2025-12-11T00:28:10.812Z","22.64154279785067","24.116436802642905","59.72766650714169","2.024724228421646","3.4363554124865248","56.99606742309883"
"pol-1694","Madhya Pradesh","Bhopal","2025-12-10T23:28:10.812Z","104.35841258541092","260.1572829751537","2.7361135060748154","1.1066614972785283","11.014470954458433","21.191393342447164"
"pol-1695","Maharashtra","Mumbai","2025-12-10T22:28:10.812Z","45.682174049510074","78.8735120053648","7.295340877208201","6.279603176369594","33.937995977822425","23.955407003302298"
"pol-1696","Manipur","Imphal","2025-12-10T21:28:10.812Z","170.11352909560514","112.7008521578349","33.77258161000089","8.705386915662134","12.667573759130574","69.21435832341328"
"pol-1697","Meghalaya","Shillong","2025-12-10T20:28:10.812Z","68.74813666427382","169.22391610100806","65.33952264550194","3.34236268593925","6.086262180294116","26.073208863370688"
"pol-1698","Mizoram","Aizawl","2025-12-10T19:28:10.812Z","148.97418886847845","268.9963665470552","39.16573369775","1.331135568432602","28.721475930822827","77.06947120058067"
"pol-1699","Nagaland","Kohima","2025-12-10T18:28:10.812Z","61.20559977379876","157.36859963635365","26.19193955757818","9.405203036728132","22.73689560784774","4.58214720803266"
"pol-1700","Odisha","Bhubaneswar","2025-12-10T17:28:10.812Z","126.25489357525434","92.6599779525785","39.628343934754255","9.693908949631119","6.591554906337632","49.14132860864192"
"pol-1701","Punjab","Ludhiana","2025-12-10T16:28:10.812Z","60.97564864925034","216.77643311232148","28.2731156954231","7.844297102066414","25.394798133366713","7.940243039145011"
"pol-1702","Rajasthan","Jaipur","2025-12-10T15:28:10.812Z","92.34602485156307","36.24262443346139","17.482256264186837","8.523685630373423","25.583388941956013","89.35943042449911"
"pol-1703","Sikkim","Gangtok","2025-12-10T14:28:10.812Z","146.94704652427652","14.453180926125109","38.80961104574416","9.396095865824066","1.3660583243992497","68.25601270977462"
"pol-1704","Tamil Nadu","Chennai","2025-12-10T13:28:10.812Z","73.05943721095716","264.7254750414175","23.558606840313256","2.0569554602045717","6.226428029575127","25.319426234890653"
"pol-1705","Telangana","Hyderabad","2025-12-10T12:28:10.812Z","113.09679894903397","158.33531469258583","3.569202877501807","3.1138977946730186","42.96734428342373","50.13215634679433"
"pol-1706","Tripura","Agartala","2025-12-10T11:28:10.812Z","188.26119179527058","192.6376744518427","30.45688067319243","1.5678162270477736","19.883147653393486","30.52669686684566"
"pol-1707","Uttar Pradesh","Lucknow","2025-12-10T10:28:10.812Z","68.29186537734174","19.61048959776983","33.301713812602486","3.8286171489858534","0.8817780509331019","70.36292652488426"
"pol-1708","Uttarakhand","Dehradun","2025-12-10T09:28:10.812Z","186.51722084071358","75.27569949786137","58.94108851928667","8.322584809226175","22.610930221187324","51.06579531071598"
"pol-1709","West Bengal","Kolkata","2025-12-10T08:28:10.812Z","29.58581326829084","41.30489217648883","70.38884504203507","4.723492297536641","21.257464888050876","80.6633456459115"
"pol-1710","Delhi","New Delhi","2025-12-10T07:28:10.812Z","45.16050292679468","159.5961186558916","60.866627549408996","4.505958894871661","30.331303824704243","45.24752892978617"
"pol-1711","Andhra Pradesh","Visakhapatnam","2025-12-10T06:28:10.812Z","70.61959504386901","44.57535453304274","35.21111872162933","6.766681008286338","36.79307401504454","12.518500869256721"
"pol-1712","Arunachal Pradesh","Itanagar","2025-12-10T05:28:10.812Z","197.31479054106256","51.78747359174909","79.11462614143329","9.996039639266517","38.823838438125286","85.2633578769758"
"pol-1713","Assam","Guwahati","2025-12-10T04:28:10.812Z","127.28932943310343","118.26462621155004","40.75701448545851","4.491746631664989","32.63849149034775","87.80880816294933"
"pol-1714","Bihar","Patna","2025-12-10T03:28:10.812Z","140.48177038418984","232.21361180238716","14.32528866446626","2.8914032580733573","39.78525364122489","64.64717927469543"
"pol-1715","Chhattisgarh","Raipur","2025-12-10T02:28:10.812Z","96.34689404299095","189.50755010100764","6.837337594134096","3.2209230978748673","47.715904731245736","71.04896399886479"
"pol-1716","Goa","Panaji","2025-12-10T01:28:10.812Z","189.04843808570865","68.06451910878518","7.851203045293582","7.991667028783813","11.082294718023489","26.398262036128173"
"pol-1717","Gujarat","Ahmedabad","2025-12-10T00:28:10.812Z","58.479124309579866","88.11998122760362","30.759593366678004","0.07879718367205912","47.468815480918394","17.37267731304565"
"pol-1718","Haryana","Gurugram","2025-12-09T23:28:10.812Z","76.58882516927241","77.73531496670911","64.5560749724042","2.400009276572581","2.8897605822685524","14.691123913358062"
"pol-1719","Himachal Pradesh","Shimla","2025-12-09T22:28:10.812Z","115.11250626926297","155.27761378904685","72.40104706810635","4.934105970235962","49.06518824041542","57.00141131130568"
"pol-1720","Jharkhand","Ranchi","2025-12-09T21:28:10.812Z","103.75094247569132","164.58457711386697","52.27079483166443","5.793827141165844","17.38759603829687","78.99024134827211"
"pol-1721","Karnataka","Bengaluru","2025-12-09T20:28:10.812Z","99.2266190967111","194.80805516611827","5.739813480293758","1.0476752268858414","37.280364484907466","83.15530200148145"
"pol-1722","Kerala","Thiruvananthapuram","2025-12-09T19:28:10.812Z","98.70355058493811","249.90859955146368","10.52499874441275","0.5526516015098304","37.47025626678278","35.301003938809195"
"pol-1723","Madhya Pradesh","Bhopal","2025-12-09T18:28:10.812Z","126.74934931839236","102.37687609290218","50.33123865021952","2.901096340753276","13.037685152466299","44.49679295322686"
"pol-1724","Maharashtra","Mumbai","2025-12-09T17:28:10.812Z","169.39690360389235","13.095833448570747","37.15635062463403","0.3725404388397302","16.909094060093636","62.24581384144028"
"pol-1725","Manipur","Imphal","2025-12-09T16:28:10.812Z","69.66975195424241","76.64893838229901","69.97884712361952","4.085043621980294","4.353092274925863","90.92715053998533"
"pol-1726","Meghalaya","Shillong","2025-12-09T15:28:10.812Z","37.184700509420935","183.36914018966414","62.49437014946927","8.284646604672993","20.097393466151587","37.88892932295668"
"pol-1727","Mizoram","Aizawl","2025-12-09T14:28:10.812Z","135.0220094650454","281.9845146553461","32.54521472939713","6.365165881906206","3.488918604770508","20.522681140613873"
"pol-1728","Nagaland","Kohima","2025-12-09T13:28:10.812Z","169.04098202693336","150.87766839485704","14.79126479649171","6.074443997013353","26.434016875771487","32.911037206590755"
"pol-1729","Odisha","Bhubaneswar","2025-12-09T12:28:10.812Z","37.952670764847674","97.9628394959978","0.3784811842885816","1.946448703118393","1.2635180211293784","47.01606760331343"
"pol-1730","Punjab","Ludhiana","2025-12-09T11:28:10.812Z","112.168428633839","105.59036574381847","71.38049282428608","6.774372918809921","4.231116416465891","33.90614894146918"
"pol-1731","Rajasthan","Jaipur","2025-12-09T10:28:10.812Z","36.935852271551916","264.6272768962157","21.183688091109218","1.8638547405465233","24.61207234134588","26.618528838984233"
"pol-1732","Sikkim","Gangtok","2025-12-09T09:28:10.812Z","37.84047490278948","35.02437214335327","77.38930679191658","0.8557614877920283","42.548349417663175","7.737366115593581"
"pol-1733","Tamil Nadu","Chennai","2025-12-09T08:28:10.812Z","156.8390019888713","277.1989871345492","60.78317296554799","4.96707652611123","44.27469880385814","37.43559108443494"
"pol-1734","Telangana","Hyderabad","2025-12-09T07:28:10.812Z","120.02963158411075","203.55307633074534","0.5948274711639545","7.311980244803501","11.842739564996585","19.415646463011825"
"pol-1735","Tripura","Agartala","2025-12-09T06:28:10.812Z","19.86158775198954","157.48170467531466","34.352340734258746","3.086699659652612","39.558092190966256","14.087692299701294"
"pol-1736","Uttar Pradesh","Lucknow","2025-12-09T05:28:10.812Z","114.79831996484025","232.15908509609596","78.25312290485971","4.298277840793282","27.05193183218675","73.77566409353723"
"pol-1737","Uttarakhand","Dehradun","2025-12-09T04:28:10.812Z","82.3262519218309","16.22521474526821","36.07507053630048","7.778091828697223","14.260411081136336","85.42073700695748"
"pol-1738","West Bengal","Kolkata","2025-12-09T03:28:10.812Z","95.09737115033788","185.74733721284005","42.98048631316286","3.4524317346511832","33.409078885488334","74.69906263599664"
"pol-1739","Delhi","New Delhi","2025-12-09T02:28:10.812Z","34.680876814099015","149.3135363449005","49.463364763254035","9.459522877940156","7.224144493466211","21.164691942295356"
"pol-1740","Andhra Pradesh","Visakhapatnam","2025-12-09T01:28:10.812Z","196.89776792862827","44.46024743485094","12.37426737084001","0.3591129534634374","21.726853137593828","54.32573244718375"
"pol-1741","Arunachal Pradesh","Itanagar","2025-12-09T00:28:10.812Z","80.79586890145745","194.5163469348838","34.75439844015873","6.3964234083762666","5.07850282666999","33.93842425998591"
"pol-1742","Assam","Guwahati","2025-12-08T23:28:10.812Z","147.21614128720867","296.7727095962006","54.659705828813046","9.892791898873975","45.01667860644816","78.47391513309276"
"pol-1743","Bihar","Patna","2025-12-08T22:28:10.812Z","54.5662027143609","252.04032722306687","53.772498193521784","1.221868794952955","25.383239675884255","56.85416241850461"
"pol-1744","Chhattisgarh","Raipur","2025-12-08T21:28:10.812Z","150.89812740308724","4.100549427850064","69.06985604492513","8.419136973078318","46.13524569037976","95.07179086661957"
"pol-1745","Goa","Panaji","2025-12-08T20:28:10.812Z","39.45699107811673","264.71434643773915","77.44441284031765","5.548838218357234","48.211912079742234","70.91805586848346"
"pol-1746","Gujarat","Ahmedabad","2025-12-08T19:28:10.812Z","91.63667516951428","132.47027340781665","73.87027916753193","4.727644927565414","20.83908240130218","22.431668953181283"
"pol-1747","Haryana","Gurugram","2025-12-08T18:28:10.812Z","53.382818924012824","27.214981709858233","49.13624084892344","2.2084980809158172","44.48642899737666","63.10684467571641"
"pol-1748","Himachal Pradesh","Shimla","2025-12-08T17:28:10.812Z","44.59248814111054","198.75320595951305","28.236543308983304","3.9346685820973946","34.50803240271182","68.10828877624516"
"pol-1749","Jharkhand","Ranchi","2025-12-08T16:28:10.812Z","2.2491428143018855","222.29835741892353","17.34252490775372","8.721246917374074","48.34003112590936","91.54198364780517"
"pol-1750","Karnataka","Bengaluru","2025-12-08T15:28:10.812Z","39.532631380147045","122.24340590543355","19.30386692531669","5.202568530696335","41.20369283665368","95.85493544514996"
"pol-1751","Kerala","Thiruvananthapuram","2025-12-08T14:28:10.812Z","41.500088066736595","47.364719004511535","19.202645052807313","6.356345943379951","3.666338965473953","94.1461264608525"
"pol-1752","Madhya Pradesh","Bhopal","2025-12-08T13:28:10.812Z","52.680500683468054","176.6763663489589","47.91112221714479","5.2647072642417765","19.075873967543444","0.7008205603625806"
"pol-1753","Maharashtra","Mumbai","2025-12-08T12:28:10.812Z","157.16590499072126","235.7057693054117","8.587179016899569","0.9803989958321035","9.61837126237468","13.2284517298067"
"pol-1754","Manipur","Imphal","2025-12-08T11:28:10.812Z","137.90652159707906","182.25657042963732","3.861795574009985","3.013104315502736","6.636992825586296","5.565891167287318"
"pol-1755","Meghalaya","Shillong","2025-12-08T10:28:10.812Z","190.7328628172558","237.3068740095477","45.33533797799572","9.661173742517459","17.264905522914916","57.72090542999116"
"pol-1756","Mizoram","Aizawl","2025-12-08T09:28:10.812Z","102.46581938446984","207.47544638776418","66.64001794704481","9.31019043250877","31.0428290008095","22.75980069877903"
"pol-1757","Nagaland","Kohima","2025-12-08T08:28:10.812Z","112.62092507804968","120.8454272534153","46.77721692360344","7.841916504259794","21.431196919640662","57.09302515258936"
"pol-1758","Odisha","Bhubaneswar","2025-12-08T07:28:10.812Z","19.747683763976354","75.7893102129448","13.5949705418287","3.8314562326092974","13.569104225177803","77.67432496934397"
"pol-1759","Punjab","Ludhiana","2025-12-08T06:28:10.812Z","40.36950639103771","38.58128398035349","71.40428570483618","3.8621856216099104","14.556206300628494","93.32042894355914"
"pol-1760","Rajasthan","Jaipur","2025-12-08T05:28:10.812Z","25.675332877383106","287.0687215121525","75.00935540078018","6.353367829736705","8.777377018401566","3.838008570845186"
"pol-1761","Sikkim","Gangtok","2025-12-08T04:28:10.812Z","28.529008162553502","189.12829886955794","27.656020060862865","8.117582017093564","6.346892406935178","79.92227692337177"
"pol-1762","Tamil Nadu","Chennai","2025-12-08T03:28:10.812Z","120.28279163386426","39.074220320216625","8.21859906735444","5.402764543737185","32.19612631172939","91.09040715686028"
"pol-1763","Telangana","Hyderabad","2025-12-08T02:28:10.812Z","70.61276341932876","147.65821001138923","46.17968141338775","2.31277065145938","26.587736831725234","24.711786869507424"
"pol-1764","Tripura","Agartala","2025-12-08T01:28:10.812Z","171.02075505306632","119.78820851189457","27.32199952267888","5.790912048738289","6.131707572599038","32.223817326627454"
"pol-1765","Uttar Pradesh","Lucknow","2025-12-08T00:28:10.812Z","196.14300802674188","46.7105449063043","59.25967750059371","7.449552169134072","45.001111046804745","73.30348993894515"
"pol-1766","Uttarakhand","Dehradun","2025-12-07T23:28:10.812Z","53.222404501940844","94.97515144833623","47.24656530695883","2.957435812809348","7.869458850909234","38.95216970328352"
"pol-1767","West Bengal","Kolkata","2025-12-07T22:28:10.812Z","76.22703559861259","51.943395828351356","63.840523030544105","9.143066767490094","10.753609015165155","96.57370309665063"
"pol-1768","Delhi","New Delhi","2025-12-07T21:28:10.812Z","5.1920838238929345","140.95511411796403","11.92027257951719","5.599496148575258","32.15920411699664","66.71804997632647"
"pol-1769","Andhra Pradesh","Visakhapatnam","2025-12-07T20:28:10.812Z","19.4020795342003","287.82994255239703","64.34643697440104","1.684233275495759","26.864791979929535","94.34171490482561"
"pol-1770","Arunachal Pradesh","Itanagar","2025-12-07T19:28:10.812Z","186.00279147433457","32.64871100626222","39.942289219192766","3.2211912492164787","39.95575816672311","90.33072496293238"
"pol-1771","Assam","Guwahati","2025-12-07T18:28:10.812Z","45.720580233645336","156.2214176217046","23.12997809690149","5.208948549771016","25.677119391494607","94.12551165316206"
"pol-1772","Bihar","Patna","2025-12-07T17:28:10.812Z","188.53889967364972","264.98869206463183","72.81246928676683","2.074978424966518","7.742275891855272","40.33421104760174"
"pol-1773","Chhattisgarh","Raipur","2025-12-07T16:28:10.812Z","163.07006938565848","228.0564677513929","45.49824117585473","2.3902695488391332","47.93674465989522","42.33548896121931"
"pol-1774","Goa","Panaji","2025-12-07T15:28:10.812Z","184.63119020520173","58.078378221219","43.982308789159895","7.402973932398039","30.87311120586664","81.17326289656378"
"pol-1775","Gujarat","Ahmedabad","2025-12-07T14:28:10.812Z","162.7546520119174","126.5192878703149","29.47307815096515","1.5486353934776498","10.18558904994874","76.7935711815166"
"pol-1776","Haryana","Gurugram","2025-12-07T13:28:10.812Z","112.28773588286893","150.88849659831385","62.370521107486354","8.725426603432883","37.13382241939581","23.449887578481732"
"pol-1777","Himachal Pradesh","Shimla","2025-12-07T12:28:10.812Z","64.10178429015438","256.84979132979106","23.03807079077208","8.929977574190604","10.874507500824048","63.19628138200017"
"pol-1778","Jharkhand","Ranchi","2025-12-07T11:28:10.812Z","148.6528504078127","145.8885535584182","77.42411373046025","6.328472843195339","3.3896604758099915","11.303076867386663"
"pol-1779","Karnataka","Bengaluru","2025-12-07T10:28:10.812Z","171.37286512596143","31.892015134097072","68.00113311779421","9.683934127227502","26.891140002312873","80.757449051251"
"pol-1780","Kerala","Thiruvananthapuram","2025-12-07T09:28:10.812Z","149.24651626284987","168.80564218002075","67.62571307422962","8.376812348637287","19.09228239150704","51.91807790660782"
"pol-1781","Madhya Pradesh","Bhopal","2025-12-07T08:28:10.812Z","136.39193872434956","185.05777880544989","21.395706502024616","5.641018370468648","26.780371439628688","67.01617600214004"
"pol-1782","Maharashtra","Mumbai","2025-12-07T07:28:10.812Z","18.34632875015845","9.254492258984282","20.210273852617064","5.2097383724920485","1.444657420813611","60.497807238261316"
"pol-1783","Manipur","Imphal","2025-12-07T06:28:10.812Z","135.77876521112748","235.88032025476878","69.43152231870131","4.610103809376184","21.663170047746306","18.75952663260012"
"pol-1784","Meghalaya","Shillong","2025-12-07T05:28:10.812Z","93.72033261514123","15.335004046357327","38.09891838136721","8.922303432240984","7.681093995850147","70.3613110269932"
"pol-1785","Mizoram","Aizawl","2025-12-07T04:28:10.812Z","13.293040104143849","294.1602456208055","8.507936625768275","5.847974477787734","14.11227755637736","28.067891820907796"
"pol-1786","Nagaland","Kohima","2025-12-07T03:28:10.812Z","192.0231128396319","116.73425999461476","41.452429013328064","4.3874558013289855","47.295933810903854","9.926787405068982"
"pol-1787","Odisha","Bhubaneswar","2025-12-07T02:28:10.812Z","155.89506919850658","27.37674062195705","25.074682293379887","8.097788735997097","19.895610825617826","44.603727949842465"
"pol-1788","Punjab","Ludhiana","2025-12-07T01:28:10.812Z","60.905982348194556","266.0892061709763","15.259501199174661","0.2471933120824521","13.136532477487417","97.5967435661597"
"pol-1789","Rajasthan","Jaipur","2025-12-07T00:28:10.812Z","151.69384260500252","58.01645007728878","72.22088005906349","1.2176732365053589","1.131356094093433","8.11489662005016"
"pol-1790","Sikkim","Gangtok","2025-12-06T23:28:10.812Z","149.067740129744","185.07099322588445","73.13416441823775","8.81366144184044","14.877190917071648","45.95052064845534"
"pol-1791","Tamil Nadu","Chennai","2025-12-06T22:28:10.812Z","38.23883156442318","234.21236250394216","50.65116899719585","0.24151002954840184","8.348400282261824","51.05347178849628"
"pol-1792","Telangana","Hyderabad","2025-12-06T21:28:10.812Z","167.64250981025265","212.84052886594418","31.044272620178965","6.150404437272268","9.305530958856723","36.8944862970712"
"pol-1793","Tripura","Agartala","2025-12-06T20:28:10.812Z","8.203885358646401","90.61430595727676","60.380244195309196","7.579876993705628","22.472116764070716","84.39955669842642"
"pol-1794","Uttar Pradesh","Lucknow","2025-12-06T19:28:10.812Z","63.19272258497006","103.85061349311432","48.98263324096956","4.008400009426637","26.33893045094557","5.105375540033707"
"pol-1795","Uttarakhand","Dehradun","2025-12-06T18:28:10.812Z","31.22006969023319","171.85183059776804","70.50034914431893","9.693672181236591","19.52305331730093","38.12258364824852"
"pol-1796","West Bengal","Kolkata","2025-12-06T17:28:10.812Z","129.06587496926957","84.57055180060149","77.77931891167447","3.5827570176806764","26.497257700984804","47.71016471366122"
"pol-1797","Delhi","New Delhi","2025-12-06T16:28:10.812Z","128.932912781649","57.247282483119236","62.83192892566434","5.431507897043519","2.851234501818889","40.54147171480693"
"pol-1798","Andhra Pradesh","Visakhapatnam","2025-12-06T15:28:10.812Z","2.0317231689146897","60.74389720492734","24.02745353642855","7.770266429901574","47.11118325835769","97.4324955057228"
"pol-1799","Arunachal Pradesh","Itanagar","2025-12-06T14:28:10.812Z","3.266167268809683","36.535116716337","43.34361373040208","9.691319900213124","32.16988948260951","57.2540857870252"
"pol-1800","Assam","Guwahati","2025-12-06T13:28:10.812Z","26.885954714769312","274.56320523003393","33.9999632976281","5.829290220770272","39.44554695700187","78.11318154983087"
"pol-1801","Bihar","Patna","2025-12-06T12:28:10.812Z","177.11331650433394","219.64010172770824","63.45503832481971","5.282265582799365","49.407528262618186","55.2358488679587"
"pol-1802","Chhattisgarh","Raipur","2025-12-06T11:28:10.812Z","28.13404981104828","99.20224389648553","69.32874415912845","2.7673610952987158","40.691777186863575","86.81635010291461"
"pol-1803","Goa","Panaji","2025-12-06T10:28:10.812Z","121.45260706994642","55.45783389665383","6.487584027125459","8.69148981271858","4.982557503260409","88.62591568034397"
"pol-1804","Gujarat","Ahmedabad","2025-12-06T09:28:10.812Z","147.46358574873543","62.237897411120734","11.092023816333487","8.790552701479605","27.35210027307079","9.16803458617933"
"pol-1805","Haryana","Gurugram","2025-12-06T08:28:10.812Z","139.62209623050796","236.34925537334476","52.66617230374149","2.5794188547278383","42.95576348527756","89.01031939447167"
"pol-1806","Himachal Pradesh","Shimla","2025-12-06T07:28:10.812Z","77.39237296595964","94.45320934860156","58.74900521554446","5.815708220543988","4.459933990147697","66.11952970563168"
"pol-1807","Jharkhand","Ranchi","2025-12-06T06:28:10.812Z","139.6869033727934","47.528650286909205","35.44814126292928","0.5351724904012789","10.80496034025904","80.2877685103404"
"pol-1808","Karnataka","Bengaluru","2025-12-06T05:28:10.812Z","162.49365603408768","241.07539794903383","10.998499639126784","9.553769123347069","48.66264219987052","8.255482526335422"
"pol-1809","Kerala","Thiruvananthapuram","2025-12-06T04:28:10.812Z","156.785474503775","267.6953786507472","34.3508057702931","2.5214926571599037","40.69627230598248","91.62112498825208"
"pol-1810","Madhya Pradesh","Bhopal","2025-12-06T03:28:10.812Z","87.42242648232326","221.48193979759893","19.471531760461005","5.5763118973242145","2.0571157781606564","74.5142132488559"
"pol-1811","Maharashtra","Mumbai","2025-12-06T02:28:10.812Z","17.785682756777565","61.96200166895386","55.408283073776836","3.216231804854379","18.218128295916536","87.62820573156769"
"pol-1812","Manipur","Imphal","2025-12-06T01:28:10.812Z","153.44005218582024","14.422607826341382","11.289785956988938","4.292563694432494","40.4551594367285","88.23026985025876"
"pol-1813","Meghalaya","Shillong","2025-12-06T00:28:10.812Z","144.69145746232508","8.852606244871275","41.040780284801116","0.4356045258427077","33.33524434536046","54.02492185945753"
"pol-1814","Mizoram","Aizawl","2025-12-05T23:28:10.812Z","76.46473629913153","258.227239742369","41.089792512082006","5.447895697516233","44.21445798709836","23.27726355510874"
"pol-1815","Nagaland","Kohima","2025-12-05T22:28:10.812Z","90.91906506994974","116.15614574329113","64.5357598266237","6.4682104196714825","49.23384061560457","36.55250040214343"
"pol-1816","Odisha","Bhubaneswar","2025-12-05T21:28:10.812Z","92.77674963145546","14.813553801294411","34.58604129823031","0.16643710999016736","29.756921453827978","19.826824994027348"
"pol-1817","Punjab","Ludhiana","2025-12-05T20:28:10.812Z","63.788310277327255","58.69471073224498","27.71368532457112","4.286644196187293","16.09287120305276","32.555445123711635"
"pol-1818","Rajasthan","Jaipur","2025-12-05T19:28:10.812Z","36.87869136260571","38.20517891003228","68.85946110880441","8.891468755252859","43.89864111995564","22.716590992748753"
"pol-1819","Sikkim","Gangtok","2025-12-05T18:28:10.812Z","68.92058857975326","53.9731286476163","73.85772516989029","9.564640120107763","11.241761949143147","14.25655630213174"
"pol-1820","Tamil Nadu","Chennai","2025-12-05T17:28:10.812Z","168.79931404166098","80.15136374364089","0.4223294190278626","2.860900702209185","24.838073322275818","76.94542922774076"
"pol-1821","Telangana","Hyderabad","2025-12-05T16:28:10.812Z","99.22392897693024","92.75141035391744","1.0748689021465996","2.177358296117573","27.63354273765806","5.040194456385527"
"pol-1822","Tripura","Agartala","2025-12-05T15:28:10.812Z","53.66726413298355","198.60039253050084","71.2072801179749","2.941295005587188","9.719460040980449","49.72168322243067"
"pol-1823","Uttar Pradesh","Lucknow","2025-12-05T14:28:10.812Z","190.23176040180613","36.095932089659975","71.22471122262773","3.725634354246441","0.12760444792051517","49.580909141984606"
"pol-1824","Uttarakhand","Dehradun","2025-12-05T13:28:10.812Z","143.2424967016613","156.75932127220293","63.8365080807036","4.28733390404774","22.656466124110842","87.00201322984655"
"pol-1825","West Bengal","Kolkata","2025-12-05T12:28:10.812Z","123.85379189532344","52.09355358888808","14.431949882513857","4.191951054039929","22.05381253365555","12.087535524974113"
"pol-1826","Delhi","New Delhi","2025-12-05T11:28:10.812Z","76.03853445863673","219.87739222710917","9.847524223094881","8.169038974441245","44.87229390373502","93.04160896832705"
"pol-1827","Andhra Pradesh","Visakhapatnam","2025-12-05T10:28:10.812Z","21.19113255205205","218.069509011918","63.7773543269575","8.207082450853806","7.252358578782037","89.69430195539425"
"pol-1828","Arunachal Pradesh","Itanagar","2025-12-05T09:28:10.812Z","177.93150253264446","165.52490082860874","19.777274531443094","3.6679063182226592","46.34807364336016","64.19758856919943"
"pol-1829","Assam","Guwahati","2025-12-05T08:28:10.812Z","71.97080512270463","115.19181781842299","0.1424125640120355","0.8367425634597692","46.56956031604727","65.49484500303194"
"pol-1830","Bihar","Patna","2025-12-05T07:28:10.812Z","0.19362336240471567","289.09726318199563","3.603992346529621","5.326592267851443","40.71188879303173","13.482828897224497"
"pol-1831","Chhattisgarh","Raipur","2025-12-05T06:28:10.812Z","74.20502110866916","281.77282679951486","76.14995593855137","7.250671729604321","27.111201055330707","50.647797408278535"
"pol-1832","Goa","Panaji","2025-12-05T05:28:10.812Z","155.06744832260085","188.7971381738309","6.268179772901705","3.7468098617401235","7.307206985624736","65.96078731186803"
"pol-1833","Gujarat","Ahmedabad","2025-12-05T04:28:10.812Z","177.76716650955305","115.66531408923831","12.102909924257128","5.701458219227033","36.00823390680237","16.168021551192837"
"pol-1834","Haryana","Gurugram","2025-12-05T03:28:10.812Z","79.4901138608324","220.7048714125894","60.62667892877491","6.154478081113371","40.41538278972101","57.24368554867514"
"pol-1835","Himachal Pradesh","Shimla","2025-12-05T02:28:10.812Z","60.940566136072086","172.92841112937853","43.765513989591966","0.10226595145108042","41.23617197468871","58.962091701994"
"pol-1836","Jharkhand","Ranchi","2025-12-05T01:28:10.812Z","95.33901850499554","23.25513873839461","10.472094139045858","9.74428912728963","0.36931508127279744","96.57055217393302"
"pol-1837","Karnataka","Bengaluru","2025-12-05T00:28:10.812Z","26.62486906635595","247.4745367190688","33.31293722605916","7.272780068480338","16.138809943811815","61.34574388103894"
"pol-1838","Kerala","Thiruvananthapuram","2025-12-04T23:28:10.812Z","76.92137137515682","291.5931281924869","54.78063676662714","2.479075831257105","43.76643188091597","68.54844022770766"
"pol-1839","Madhya Pradesh","Bhopal","2025-12-04T22:28:10.812Z","79.67723704720753","236.5488461130294","8.099886697133831","0.0448513822876484","26.549144815732063","89.94979413640671"
"pol-1840","Maharashtra","Mumbai","2025-12-04T21:28:10.812Z","33.1870246809705","295.1376609505168","23.068328221178334","9.414791236315153","10.168281643218007","95.55154211949176"
"pol-1841","Manipur","Imphal","2025-12-04T20:28:10.812Z","28.94076132172918","39.43640922528662","38.449202704263115","2.579162293957431","15.636744977571638","22.046772651069812"
"pol-1842","Meghalaya","Shillong","2025-12-04T19:28:10.812Z","62.53639232210912","28.245127127650427","25.136924063791596","5.230485579499906","16.17385657943465","25.431339985764858"
"pol-1843","Mizoram","Aizawl","2025-12-04T18:28:10.812Z","102.93448953550923","87.32142115592349","39.287249261120145","9.846514736460417","43.34622398195792","67.69204495613302"
"pol-1844","Nagaland","Kohima","2025-12-04T17:28:10.812Z","147.7626545619837","32.126321044357866","40.698460488474986","8.567490072490024","6.600459148835647","59.99341537793808"
"pol-1845","Odisha","Bhubaneswar","2025-12-04T16:28:10.812Z","148.63532227567492","251.02893544251276","5.370598485730573","4.5063790992535155","5.916066750381043","39.24375597748063"
"pol-1846","Punjab","Ludhiana","2025-12-04T15:28:10.812Z","64.03121322622718","73.02660283426196","36.42206638824131","1.742418974734461","8.004849749150445","24.627265208573277"
"pol-1847","Rajasthan","Jaipur","2025-12-04T14:28:10.812Z","45.356578007066474","214.5879758362155","23.478633236745814","4.099904684131835","22.32404680552763","44.68211508130005"
"pol-1848","Sikkim","Gangtok","2025-12-04T13:28:10.812Z","88.8713466509461","226.59642426174352","62.918286670082836","5.404776941920173","17.84342141652524","16.959969438166222"
"pol-1849","Tamil Nadu","Chennai","2025-12-04T12:28:10.812Z","199.94685500525085","219.21476477395524","46.68804009365615","8.606181153866201","45.55938612636027","27.98442481102056"
"pol-1850","Telangana","Hyderabad","2025-12-04T11:28:10.812Z","148.9946931083989","244.4317874290769","58.74665933175546","6.338225422280022","47.58280509021041","15.88599568664646"
"pol-1851","Tripura","Agartala","2025-12-04T10:28:10.812Z","69.40758491256392","246.09833191309366","31.936635485142784","5.9455681032641365","29.314706751493652","89.56707922770151"
"pol-1852","Uttar Pradesh","Lucknow","2025-12-04T09:28:10.812Z","45.856581814898135","141.36873102695395","25.88774758730417","2.290931518346029","14.63763497706337","64.7534199282241"
"pol-1853","Uttarakhand","Dehradun","2025-12-04T08:28:10.812Z","53.464438941991155","272.88925804896644","27.365669427015142","3.9274418083122753","20.883002276486128","23.041639177896258"
"pol-1854","West Bengal","Kolkata","2025-12-04T07:28:10.812Z","55.481255711123566","53.27933234106992","11.451685342664106","2.1516957873738276","14.16403162483535","31.124571047560114"
"pol-1855","Delhi","New Delhi","2025-12-04T06:28:10.812Z","52.017075145102034","54.16825651179968","15.839796920227416","2.6525726934567273","26.167455577321608","37.238142954045436"
"pol-1856","Andhra Pradesh","Visakhapatnam","2025-12-04T05:28:10.812Z","199.84646089885376","206.58427250734647","31.5060274416481","2.2921210253613653","2.8505248772791925","29.932888186551455"
"pol-1857","Arunachal Pradesh","Itanagar","2025-12-04T04:28:10.812Z","69.82388600328801","292.81898266036455","41.31366179487502","3.9706125730521693","15.597995152097809","43.36486425215808"
"pol-1858","Assam","Guwahati","2025-12-04T03:28:10.812Z","52.293684540350924","28.1288339048428","63.893383467194475","8.560427288668373","14.73592083898586","50.77578953116084"
"pol-1859","Bihar","Patna","2025-12-04T02:28:10.812Z","11.245660121680379","216.56637199957595","64.12858830911203","2.892747132087745","41.189617431839984","38.99169615258229"
"pol-1860","Chhattisgarh","Raipur","2025-12-04T01:28:10.812Z","74.70366216039845","233.1747904021988","19.002528657979248","5.3419361493898","40.939435254591096","64.94744277718277"
"pol-1861","Goa","Panaji","2025-12-04T00:28:10.812Z","139.1263570241471","13.524985275681212","25.11186632708891","8.938923627050768","4.065689644781273","65.26177483740614"
"pol-1862","Gujarat","Ahmedabad","2025-12-03T23:28:10.812Z","105.92453412960874","39.98783120253601","20.25672574638465","1.1683440146945623","1.3514171166185085","6.326835580767209"
"pol-1863","Haryana","Gurugram","2025-12-03T22:28:10.812Z","124.02771835987396","184.1983782416569","32.555546080783","2.0407562295308956","49.78561953518011","78.32430593294738"
"pol-1864","Himachal Pradesh","Shimla","2025-12-03T21:28:10.812Z","179.82893934355135","280.35340256497653","58.905736639605244","0.9100881729522647","22.718716168427672","49.15714397961175"
"pol-1865","Jharkhand","Ranchi","2025-12-03T20:28:10.812Z","23.083040488543904","120.5728667063372","34.85507750269191","8.3106008735983","36.700763968218176","31.602449260927056"
"pol-1866","Karnataka","Bengaluru","2025-12-03T19:28:10.812Z","176.5723426860684","196.4210514238593","37.098835171872786","3.770223337160774","38.068443003805974","16.8441024240764"
"pol-1867","Kerala","Thiruvananthapuram","2025-12-03T18:28:10.812Z","46.962444859283295","200.79920113017587","52.54956337802014","8.601103876151788","26.583656390336984","65.48211594169041"
"pol-1868","Madhya Pradesh","Bhopal","2025-12-03T17:28:10.812Z","183.5412760584361","28.625824704145586","6.877755573379307","3.837737332393234","20.60285045865892","56.08754392450751"
"pol-1869","Maharashtra","Mumbai","2025-12-03T16:28:10.812Z","21.0985879502855","189.8904276170581","59.085304957423254","5.409419007824388","7.843295304340031","27.339096707740296"
"pol-1870","Manipur","Imphal","2025-12-03T15:28:10.812Z","115.65898561870549","192.90755932641338","74.80205175628141","1.1217822785134646","41.245063337278765","67.94774641256754"
"pol-1871","Meghalaya","Shillong","2025-12-03T14:28:10.812Z","153.45234073131954","56.26712446161343","8.252365037547689","8.078048725880127","6.297376621452832","80.93177684246457"
"pol-1872","Mizoram","Aizawl","2025-12-03T13:28:10.812Z","153.87982818873823","118.16657991915402","10.222516091299978","1.7059201736929541","32.6328596828575","95.1881464675502"
"pol-1873","Nagaland","Kohima","2025-12-03T12:28:10.812Z","33.9310676835002","290.7695443317871","4.141064512152521","1.4974343993913009","38.253246474971945","12.166267161940569"
"pol-1874","Odisha","Bhubaneswar","2025-12-03T11:28:10.812Z","75.05965193031972","71.93033743409734","64.18608246997974","9.3046988253493","13.008446285376618","37.855779959197854"
"pol-1875","Punjab","Ludhiana","2025-12-03T10:28:10.812Z","165.28090436464936","159.06927413687748","48.94492180822723","0.5882188960926193","16.293353235741066","34.13871585657293"
"pol-1876","Rajasthan","Jaipur","2025-12-03T09:28:10.812Z","177.650752603392","144.76968563992958","72.73600274055238","5.0853754256035435","41.203401853966994","28.000616790093204"
"pol-1877","Sikkim","Gangtok","2025-12-03T08:28:10.812Z","36.959404269404004","208.62713715897357","4.246867042836566","3.8120424283021324","4.0675681750622585","48.88796815336842"
"pol-1878","Tamil Nadu","Chennai","2025-12-03T07:28:10.812Z","69.47727283803593","13.472237459732773","23.519786570460994","4.701626593749079","11.952495207490898","39.215640749663194"
"pol-1879","Telangana","Hyderabad","2025-12-03T06:28:10.812Z","188.7274009525221","183.68733171218625","53.797245063740135","6.1548716596291815","16.354628686034395","38.26362100350467"
"pol-1880","Tripura","Agartala","2025-12-03T05:28:10.812Z","175.4333717374306","172.58579759388277","28.072249018437276","1.353024671187476","29.583363532995723","40.999698446291774"
"pol-1881","Uttar Pradesh","Lucknow","2025-12-03T04:28:10.812Z","113.82463571348237","51.692496769780995","54.523840683876585","8.864931922510436","33.32283184552175","0.9224741808822268"
"pol-1882","Uttarakhand","Dehradun","2025-12-03T03:28:10.812Z","132.87033041253767","70.34745865506994","73.69660043613789","7.158075755384406","19.20843438909196","13.700205458937376"
"pol-1883","West Bengal","Kolkata","2025-12-03T02:28:10.812Z","127.16957013657384","50.02926536676194","22.949183340265478","1.6086626306121532","18.119630708973588","51.907358377797685"
"pol-1884","Delhi","New Delhi","2025-12-03T01:28:10.812Z","165.0342892290789","262.2089691707536","5.487756540800914","0.8626259664369007","25.79137386128766","61.58926265258926"
"pol-1885","Andhra Pradesh","Visakhapatnam","2025-12-03T00:28:10.812Z","34.75527622304577","3.823847773869271","29.087014577358037","4.131895229262861","48.97258761410572","76.272001221748"
"pol-1886","Arunachal Pradesh","Itanagar","2025-12-02T23:28:10.812Z","133.36779194150466","33.87240023939337","6.567307997377823","4.0379660610929955","15.575837806329961","16.206893296302848"
"pol-1887","Assam","Guwahati","2025-12-02T22:28:10.812Z","63.41916244140895","247.40773600283345","49.2347732982175","5.960429244881683","37.283827273905004","52.23454397162016"
"pol-1888","Bihar","Patna","2025-12-02T21:28:10.812Z","181.318231135881","261.14432920835924","70.63005532100865","8.71781574559743","32.95019931506609","33.1953722728728"
"pol-1889","Chhattisgarh","Raipur","2025-12-02T20:28:10.812Z","95.14249064896096","212.61943945898471","22.977861692240573","2.149461121852961","24.28932160070665","13.537706908873037"
"pol-1890","Goa","Panaji","2025-12-02T19:28:10.812Z","89.82900867184796","120.85932109514005","38.27892807674091","9.775084476462101","1.467684091456023","64.24831709957486"
"pol-1891","Gujarat","Ahmedabad","2025-12-02T18:28:10.812Z","158.83276079263905","36.105104907188526","50.35165718803497","7.871715999440925","9.977102449057956","89.92782258969248"
"pol-1892","Haryana","Gurugram","2025-12-02T17:28:10.812Z","138.57643587951893","104.6376391566247","25.175513294837017","4.061877344096887","29.09148303527271","86.2549476342319"
"pol-1893","Himachal Pradesh","Shimla","2025-12-02T16:28:10.812Z","77.8849449285977","292.9346263502386","44.371882392162014","6.9402597768661245","38.607702450980476","39.77172642172435"
"pol-1894","Jharkhand","Ranchi","2025-12-02T15:28:10.812Z","114.54791691131376","106.4312229886291","51.70041446659826","9.091865895938415","6.387823454752062","89.48686178076927"
"pol-1895","Karnataka","Bengaluru","2025-12-02T14:28:10.812Z","141.94102123959695","174.08722546563524","13.485986454330998","1.247366176043373","31.695011688840342","62.490345414084956"
"pol-1896","Kerala","Thiruvananthapuram","2025-12-02T13:28:10.812Z","128.75721083120146","298.5849818679873","77.99153680085554","9.740715023672387","19.71512653606822","92.5201714384343"
"pol-1897","Madhya Pradesh","Bhopal","2025-12-02T12:28:10.812Z","14.518321558573287","118.05148408947626","44.3073292218087","4.492367142698152","12.909787081259338","22.235293397539678"
"pol-1898","Maharashtra","Mumbai","2025-12-02T11:28:10.812Z","120.37045683244993","20.9884581070086","12.655636767484966","5.77594457533121","28.998731802536646","22.683118917232413"
"pol-1899","Manipur","Imphal","2025-12-02T10:28:10.812Z","192.82322663553765","107.53795341298908","19.293939125208865","0.25064029932426846","26.800967764934487","9.937900159152392"
"pol-1900","Meghalaya","Shillong","2025-12-02T09:28:10.812Z","92.55135476247915","12.912536131870722","59.493455070128995","9.08846910021157","12.57661092342255","2.0741562396978663"
"pol-1901","Mizoram","Aizawl","2025-12-02T08:28:10.812Z","78.08664748054743","210.64925010040332","2.4222078932802393","1.7090631636995335","3.996222851290776","72.38598691592615"
"pol-1902","Nagaland","Kohima","2025-12-02T07:28:10.812Z","67.25811485589806","211.82271502606963","60.9662284171901","4.188178972665061","3.46653030429887","1.7604424629662052"
"pol-1903","Odisha","Bhubaneswar","2025-12-02T06:28:10.812Z","153.04406405354672","50.19052055080736","65.8654539209007","8.525362523272607","36.4791928604355","37.226027193137945"
"pol-1904","Punjab","Ludhiana","2025-12-02T05:28:10.812Z","119.35426706902952","8.49586767082775","3.7308729267475993","1.235866458936803","41.13727661411324","38.80908714530593"
"pol-1905","Rajasthan","Jaipur","2025-12-02T04:28:10.812Z","109.39915299469156","41.94574312544109","56.191737685960035","1.0252951533448595","27.467334778206187","10.462548971910469"
"pol-1906","Sikkim","Gangtok","2025-12-02T03:28:10.812Z","116.94896299280313","220.53912014956745","31.845571979645317","7.158434421937453","41.364231695373334","96.07570317808333"
"pol-1907","Tamil Nadu","Chennai","2025-12-02T02:28:10.812Z","79.6238359295721","237.35595591934654","22.44367494276876","0.11907880555556472","41.3981801192671","80.33432938405866"
"pol-1908","Telangana","Hyderabad","2025-12-02T01:28:10.812Z","34.30405281037234","128.39090942045772","6.759827281767956","0.19111825564068208","46.24198070955088","13.82549696302372"
"pol-1909","Tripura","Agartala","2025-12-02T00:28:10.812Z","25.01883892239427","98.15398727628948","72.14097756514693","3.885464446508118","37.35177676133787","38.215326981443134"
"pol-1910","Uttar Pradesh","Lucknow","2025-12-01T23:28:10.812Z","93.84683126591852","171.02342521786062","14.721294892202526","2.7214237653165707","8.60199959986782","54.77150279199798"
"pol-1911","Uttarakhand","Dehradun","2025-12-01T22:28:10.812Z","110.48387747748978","70.56125826096218","60.784930730034844","9.143883121308884","41.19596205183481","21.333291673002197"
"pol-1912","West Bengal","Kolkata","2025-12-01T21:28:10.812Z","156.29111121991338","188.18517488928535","32.456726425814146","7.6796174204013425","4.850725552492757","3.6606157843394493"
"pol-1913","Delhi","New Delhi","2025-12-01T20:28:10.812Z","114.4981535123708","289.5156894637717","5.323831014496303","1.9373745082179483","18.63539360582353","70.96041104948975"
"pol-1914","Andhra Pradesh","Visakhapatnam","2025-12-01T19:28:10.812Z","182.25350352224152","9.790968948627455","40.99406764457613","5.637426248534671","43.92154093993896","43.616564509523414"
"pol-1915","Arunachal Pradesh","Itanagar","2025-12-01T18:28:10.812Z","118.63679803608494","142.83781547698953","70.97709650757818","6.3979697667761055","12.244507621658284","18.634038177615142"
"pol-1916","Assam","Guwahati","2025-12-01T17:28:10.812Z","199.857222908838","97.30968235924061","43.47230285932595","9.29138931589405","36.92418118757407","35.37885494901848"
"pol-1917","Bihar","Patna","2025-12-01T16:28:10.812Z","47.90340962793329","178.4024574097954","33.11624344694772","4.2636461388984435","1.1413155740768677","52.21865098060176"
"pol-1918","Chhattisgarh","Raipur","2025-12-01T15:28:10.812Z","22.296681970913145","6.377597769888698","50.69401985633916","6.522797394288277","33.847216737105306","74.47582003223174"
"pol-1919","Goa","Panaji","2025-12-01T14:28:10.812Z","108.66326026314283","110.10090515585183","52.98421104678429","4.786082757373078","31.287021556383277","69.76597844324488"
"pol-1920","Gujarat","Ahmedabad","2025-12-01T13:28:10.812Z","113.28691229838373","70.64454436153646","72.41029063475389","2.606690639318993","18.989991891973784","10.052323491635152"
"pol-1921","Haryana","Gurugram","2025-12-01T12:28:10.812Z","51.34269057644123","45.39753154006364","37.60394499405062","2.1166537555116194","10.744925802844907","12.407840005396709"
"pol-1922","Himachal Pradesh","Shimla","2025-12-01T11:28:10.812Z","147.0439034952032","247.65700198080287","38.388682556370156","4.688734014820016","33.88689346173826","2.420840425061277"
"pol-1923","Jharkhand","Ranchi","2025-12-01T10:28:10.812Z","88.76733360342455","98.13588003513712","33.91509527684686","3.0933555712265015","32.928006303143555","53.79719365468125"
"pol-1924","Karnataka","Bengaluru","2025-12-01T09:28:10.812Z","47.31821151786995","96.43744388966844","31.97021780828309","2.516075762278888","46.30906537649332","52.67867194894078"
"pol-1925","Kerala","Thiruvananthapuram","2025-12-01T08:28:10.812Z","29.615055359592635","12.574717243032374","41.77611951189388","3.089176245795139","14.597243753718386","48.78774305067439"
"pol-1926","Madhya Pradesh","Bhopal","2025-12-01T07:28:10.812Z","147.93072810101225","74.69730365538246","15.18002814843089","6.384570963495698","42.471207926506416","35.66279746739915"
"pol-1927","Maharashtra","Mumbai","2025-12-01T06:28:10.812Z","165.7876177089626","38.11823690739885","22.508316164191335","5.815808263749154","2.4001732370891258","41.24268508211003"
"pol-1928","Manipur","Imphal","2025-12-01T05:28:10.812Z","76.34492036017583","170.57431932441506","68.0520413045451","1.9722019591646611","8.797587749861563","31.91017893941921"
"pol-1929","Meghalaya","Shillong","2025-12-01T04:28:10.812Z","26.69636918882452","90.72423618362731","70.83173474035672","0.010320930569657216","26.35947813080492","60.24272360539922"
"pol-1930","Mizoram","Aizawl","2025-12-01T03:28:10.812Z","66.21467420165497","139.25949552290427","72.29219662976071","3.7056317290070617","29.113824070850452","43.23954253941725"
"pol-1931","Nagaland","Kohima","2025-12-01T02:28:10.812Z","181.86216499480213","254.40600109135474","4.50476773390144","6.666608990489684","48.96529853832389","83.87675950946026"
"pol-1932","Odisha","Bhubaneswar","2025-12-01T01:28:10.812Z","67.82267640606835","258.62124362925204","5.714020001215587","4.5437249467097836","14.300531357096535","53.262033801834185"
"pol-1933","Punjab","Ludhiana","2025-12-01T00:28:10.812Z","122.58633093641515","208.1204894492908","70.88262402153379","9.386810365083393","22.5081598907754","88.02020068237785"
"pol-1934","Rajasthan","Jaipur","2025-11-30T23:28:10.812Z","22.569949647520794","131.74371664229898","0.8927577671716858","9.334643611954068","15.89670089669063","70.49057828409727"
"pol-1935","Sikkim","Gangtok","2025-11-30T22:28:10.812Z","167.47256570415112","250.28985314898898","68.95066091632279","8.197183510327864","10.815806528704996","86.68126428389292"
"pol-1936","Tamil Nadu","Chennai","2025-11-30T21:28:10.812Z","159.6943406497622","128.3034147201398","11.405854953362828","0.7164333281234347","31.949784136326876","7.594555741311016"
"pol-1937","Telangana","Hyderabad","2025-11-30T20:28:10.812Z","49.011700518913656","222.534506967946","59.881145652975746","3.0956089420420962","35.50202460852869","92.574960297473"
"pol-1938","Tripura","Agartala","2025-11-30T19:28:10.812Z","151.82730136358995","194.12723117049322","1.211277372712356","1.565713016976561","39.35569921847416","56.82652219859826"
"pol-1939","Uttar Pradesh","Lucknow","2025-11-30T18:28:10.812Z","10.628217213623925","127.72754666737244","73.73058838685097","1.6370459507887447","44.54290657544809","41.453097017036455"
"pol-1940","Uttarakhand","Dehradun","2025-11-30T17:28:10.812Z","80.94167955394641","117.48353012854753","47.77089697194329","6.749940477620023","31.398239663760663","42.94902710305093"
"pol-1941","West Bengal","Kolkata","2025-11-30T16:28:10.812Z","3.8899369861083777","149.0311472559768","24.47648212753231","1.8763662927360714","0.17347710255462556","39.72858662561869"
"pol-1942","Delhi","New Delhi","2025-11-30T15:28:10.812Z","35.00886634802263","136.92000011387293","45.524602447176356","3.2072743320191357","19.247058921081383","57.26243865925946"
"pol-1943","Andhra Pradesh","Visakhapatnam","2025-11-30T14:28:10.812Z","1.0118258882405362","46.62527782855213","69.7128388039662","1.9882554018676457","20.938707314374224","38.166339929586215"
"pol-1944","Arunachal Pradesh","Itanagar","2025-11-30T13:28:10.812Z","12.250009254477522","240.1610298605518","17.765421966445683","6.848229479086543","48.85403801948849","13.086901293148745"
"pol-1945","Assam","Guwahati","2025-11-30T12:28:10.812Z","69.69590356149344","118.8008338341003","70.46205362066067","4.532409944098222","12.700077552920863","97.80661904147817"
"pol-1946","Bihar","Patna","2025-11-30T11:28:10.812Z","95.29175165903139","115.95067479502411","27.308819865659668","4.3887645184899835","44.90045413666355","79.27304014466733"
"pol-1947","Chhattisgarh","Raipur","2025-11-30T10:28:10.812Z","4.457405310777718","180.99113209574494","68.44187694699458","4.479836532300836","17.43400844061104","52.39245442427166"
"pol-1948","Goa","Panaji","2025-11-30T09:28:10.812Z","62.79224195238242","240.1772856731626","20.894992027572677","0.970718054162315","39.89095664035535","41.49579895490943"
"pol-1949","Gujarat","Ahmedabad","2025-11-30T08:28:10.812Z","195.0816121681911","127.50374486697027","3.1754926242308112","2.8247038506659186","39.882373572992556","98.68701588114031"
"pol-1950","Haryana","Gurugram","2025-11-30T07:28:10.812Z","132.44668341619845","129.5924040131291","66.28224306558369","0.9440656603757946","48.820802807136346","99.02350699353715"
"pol-1951","Himachal Pradesh","Shimla","2025-11-30T06:28:10.812Z","147.77555981505338","265.58804106261545","62.45876911537404","8.386764001769162","24.03954371691913","1.1461186944530688"
"pol-1952","Jharkhand","Ranchi","2025-11-30T05:28:10.812Z","19.627533921629304","202.6687651993606","1.9922965604569765","5.4919956034724295","36.87068118582602","93.64639220631372"
"pol-1953","Karnataka","Bengaluru","2025-11-30T04:28:10.812Z","79.38036143660283","230.73852430200915","25.24914765758096","8.910910376432158","13.558257694810244","63.28040066632084"
"pol-1954","Kerala","Thiruvananthapuram","2025-11-30T03:28:10.812Z","185.29552662754247","15.327116518571248","71.22374787991214","0.07792605683824005","24.68805088834845","87.70060073999238"
"pol-1955","Madhya Pradesh","Bhopal","2025-11-30T02:28:10.812Z","96.34840262919357","10.351196397962026","41.52242700067149","5.865741847665634","32.18232590411334","88.50193861721992"
"pol-1956","Maharashtra","Mumbai","2025-11-30T01:28:10.812Z","161.47130542264105","154.18095245299187","79.51435854889672","6.406752882209432","17.02956125082749","16.155881921054803"
"pol-1957","Manipur","Imphal","2025-11-30T00:28:10.812Z","135.2320115177239","253.37813508438856","31.06933922326162","4.116366944425851","49.267709120140196","19.090168643727857"
"pol-1958","Meghalaya","Shillong","2025-11-29T23:28:10.812Z","160.86951577559915","113.35073026239316","33.35332304368377","4.483066316515031","35.89344592306482","95.39016432512234"
"pol-1959","Mizoram","Aizawl","2025-11-29T22:28:10.812Z","150.63795031671992","45.632534331241374","32.67917625356074","9.659452687304082","20.239848390778164","82.95016717113735"
"pol-1960","Nagaland","Kohima","2025-11-29T21:28:10.812Z","185.5402350699717","31.036163166533704","23.70173562750746","5.32385316353981","29.70543922506723","23.64283964369752"
"pol-1961","Odisha","Bhubaneswar","2025-11-29T20:28:10.812Z","46.60946939607118","140.67529909004688","48.58589772028363","0.8224035128254981","22.177029217027428","13.028125242958078"
"pol-1962","Punjab","Ludhiana","2025-11-29T19:28:10.812Z","5.37687363835142","99.73044777892471","14.208353786247807","9.39869154595329","8.868166298296092","15.576995332231036"
"pol-1963","Rajasthan","Jaipur","2025-11-29T18:28:10.812Z","52.32864389997136","63.62712571628598","37.24309459721195","2.3847103313198845","40.89639160266073","34.051904213765596"
"pol-1964","Sikkim","Gangtok","2025-11-29T17:28:10.812Z","49.20637037297586","68.88338928539868","61.73562736220919","0.9800153333123496","38.14242749363531","91.25030332311353"
"pol-1965","Tamil Nadu","Chennai","2025-11-29T16:28:10.812Z","126.56963944356004","48.72219471594158","63.26571706186228","1.9416534158765797","0.7280223647295914","48.790498316150234"
"pol-1966","Telangana","Hyderabad","2025-11-29T15:28:10.812Z","123.99372629777727","96.91399868981289","21.50147023827614","0.9326187602500979","25.069920025130205","1.885847856552214"
"pol-1967","Tripura","Agartala","2025-11-29T14:28:10.812Z","113.81551997367355","297.92806256395664","53.88112782015084","7.7191597662093585","6.240504589081574","60.040453105951364"
"pol-1968","Uttar Pradesh","Lucknow","2025-11-29T13:28:10.812Z","57.647179058948296","222.3086744963984","79.26194167912035","0.9569432199438432","23.82019385457943","72.02544906947993"
"pol-1969","Uttarakhand","Dehradun","2025-11-29T12:28:10.812Z","70.55924715060233","54.77867187880218","36.054918683907225","4.257905177602956","48.01686345088106","23.29730604611864"
"pol-1970","West Bengal","Kolkata","2025-11-29T11:28:10.812Z","137.05203380609538","188.3264451811858","42.12767993909136","9.260165649091594","24.13911268582276","61.09870569156688"
"pol-1971","Delhi","New Delhi","2025-11-29T10:28:10.812Z","106.55921176553875","122.66301332006915","48.38945587836973","0.515239103624695","31.522567452613238","35.64778542654761"
"pol-1972","Andhra Pradesh","Visakhapatnam","2025-11-29T09:28:10.812Z","84.88810916346934","121.37681797181264","13.415406349068348","4.475944429897178","17.603803165762315","9.690556801326656"
"pol-1973","Arunachal Pradesh","Itanagar","2025-11-29T08:28:10.812Z","0.8713067916608752","144.13752964198295","72.26459922744478","8.352391002370167","31.617705077328402","14.674220723612219"
"pol-1974","Assam","Guwahati","2025-11-29T07:28:10.812Z","61.026269426674126","62.620463066740285","30.4024267952136","2.9180295598324744","16.231712182770142","26.3250438032143"
"pol-1975","Bihar","Patna","2025-11-29T06:28:10.812Z","8.004578388320184","279.3594703253441","50.21235721386152","9.485725457075578","38.240728904518825","41.473984285998256"
"pol-1976","Chhattisgarh","Raipur","2025-11-29T05:28:10.812Z","135.57624893435525","247.10073808500775","5.082751029181889","1.546923016248677","29.390320206908637","10.244258288575958"
"pol-1977","Goa","Panaji","2025-11-29T04:28:10.812Z","182.7735048966987","9.18752586631486","61.70249374377188","2.8877883605743424","1.4716000516364902","85.22816768064727"
"pol-1978","Gujarat","Ahmedabad","2025-11-29T03:28:10.812Z","69.3703031272696","240.27105653711018","11.299044495159052","2.164702267727845","3.8063768003742284","2.8838297203804375"
"pol-1979","Haryana","Gurugram","2025-11-29T02:28:10.812Z","44.69501480321752","194.81447247094346","46.79999495767295","2.451135875728373","9.974756520649974","87.2590770392259"
"pol-1980","Himachal Pradesh","Shimla","2025-11-29T01:28:10.812Z","94.55591078348029","150.3675094097714","59.959652657891134","2.7906959870133594","9.990135709433629","91.78029299948574"
"pol-1981","Jharkhand","Ranchi","2025-11-29T00:28:10.812Z","195.1633991675247","291.6891901701996","40.844321086571334","7.362206938890832","38.50890127114767","44.887263966649314"
"pol-1982","Karnataka","Bengaluru","2025-11-28T23:28:10.812Z","162.99550252568721","139.05243975725006","5.153116377718208","2.9275187053143528","22.536401291796683","80.55814774609988"
"pol-1983","Kerala","Thiruvananthapuram","2025-11-28T22:28:10.812Z","107.1938796079011","266.23378132368566","34.39616283997314","4.909996861473428","44.22891255680479","24.898593546114977"
"pol-1984","Madhya Pradesh","Bhopal","2025-11-28T21:28:10.812Z","148.5777766517579","34.969992475699726","54.607033029408086","8.364979351133147","49.52675601352735","5.6358117145764774"
"pol-1985","Maharashtra","Mumbai","2025-11-28T20:28:10.812Z","86.17460121599312","66.16244197946428","28.239493973991074","9.585781639814472","15.024568492971168","99.39808430676878"
"pol-1986","Manipur","Imphal","2025-11-28T19:28:10.812Z","68.88590502925345","121.52191875288455","71.8205193309434","4.508796943925253","1.6764373282165568","82.05643831317873"
"pol-1987","Meghalaya","Shillong","2025-11-28T18:28:10.812Z","187.84024612261933","218.9477077336103","59.596972980146475","7.44848576865163","1.6993845028333343","81.73700013327286"
"pol-1988","Mizoram","Aizawl","2025-11-28T17:28:10.812Z","168.8172027416425","159.91130568284677","32.1430566353481","3.958391580082802","4.5564419090048105","8.788449759435114"
"pol-1989","Nagaland","Kohima","2025-11-28T16:28:10.812Z","80.75522555100527","203.4380573160314","22.072267619936223","3.549919491213932","28.07540028613592","41.92126735918098"
"pol-1990","Odisha","Bhubaneswar","2025-11-28T15:28:10.812Z","121.3236033716906","61.69320381766713","44.58745039582543","7.510067665838443","13.718244852003341","81.73398610465271"
"pol-1991","Punjab","Ludhiana","2025-11-28T14:28:10.812Z","137.75520856848235","145.28193662817336","14.529510628058784","7.4041170482532","6.545319837641528","82.5703657970912"
"pol-1992","Rajasthan","Jaipur","2025-11-28T13:28:10.812Z","28.631292606349","292.2762450375845","67.65467659628156","4.495907481804911","42.3061415085145","93.12327537442597"
"pol-1993","Sikkim","Gangtok","2025-11-28T12:28:10.812Z","46.37048500047898","93.3841828093086","10.848265248146118","7.7715277134056695","9.046957410589618","3.5649447573754656"
"pol-1994","Tamil Nadu","Chennai","2025-11-28T11:28:10.812Z","18.536920736304708","20.66524209980939","8.162671354236446","6.332760577095495","33.329410142841795","90.79946132317302"
"pol-1995","Telangana","Hyderabad","2025-11-28T10:28:10.812Z","60.61334775689555","21.478913668867182","19.573454619882646","2.1846222278184513","42.34477357273096","57.42790671734195"
"pol-1996","Tripura","Agartala","2025-11-28T09:28:10.812Z","98.28318975924273","121.78124860613626","31.796136075662034","9.47116011694311","46.80513965637378","17.733383933876944"
"pol-1997","Uttar Pradesh","Lucknow","2025-11-28T08:28:10.812Z","114.0651155031562","276.5737480384153","25.996126785559195","4.564765754954224","14.31676242151092","23.62687699595395"
"pol-1998","Uttarakhand","Dehradun","2025-11-28T07:28:10.812Z","20.338054684721808","216.00450984436338","12.701649893291602","0.0923403256598454","20.51774524541133","34.37959181984297"
"pol-1999","West Bengal","Kolkata","2025-11-28T06:28:10.812Z","119.55362017421808","281.9676091794751","61.77365013052934","2.3082191035581987","3.750111727681038","49.66970863951684"