date,temperature,wind_speed,humidity,station,latitude,longitude
2025-01-01,12.22,2.13,45.72,Delhi_ChandniChowk,28.656,77.23
2025-01-02,13.24,2.31,47.31,Delhi_ChandniChowk,28.656,77.23
2025-01-03,14.55,1.48,51.3,Delhi_ChandniChowk,28.656,77.23
2025-01-04,15.22,1.3,51.49,Delhi_ChandniChowk,28.656,77.23
2025-01-05,14.42,1.66,56.55,Delhi_ChandniChowk,28.656,77.23
2025-01-06,14.03,1.2,61.57,Delhi_ChandniChowk,28.656,77.23
2025-01-07,12.53,2.7,58.99,Delhi_ChandniChowk,28.656,77.23
2025-01-08,11.72,2.56,41.82,Delhi_ChandniChowk,28.656,77.23
2025-01-09,13.72,1.02,34.59,Delhi_ChandniChowk,28.656,77.23
2025-01-10,13.74,0.83,32.88,Delhi_ChandniChowk,28.656,77.23
2025-01-11,12.18,1.64,49.01,Delhi_ChandniChowk,28.656,77.23
2025-01-12,12.42,1.35,74.62,Delhi_ChandniChowk,28.656,77.23
2025-01-13,13.3,2.25,69.46,Delhi_ChandniChowk,28.656,77.23
2025-01-14,13.24,1.58,48.98,Delhi_ChandniChowk,28.656,77.23
2025-01-15,13.74,1.37,46.41,Delhi_ChandniChowk,28.656,77.23
2025-01-16,13.22,1.0,78.08,Delhi_ChandniChowk,28.656,77.23
2025-01-17,12.46,1.95,65.43,Delhi_ChandniChowk,28.656,77.23
2025-01-18,13.15,1.28,44.93,Delhi_ChandniChowk,28.656,77.23
2025-01-19,16.1,1.41,46.35,Delhi_ChandniChowk,28.656,77.23
2025-01-20,15.84,2.41,46.96,Delhi_ChandniChowk,28.656,77.23
2025-01-21,15.73,2.35,45.82,Delhi_ChandniChowk,28.656,77.23
2025-01-22,16.37,1.38,50.48,Delhi_ChandniChowk,28.656,77.23
2025-01-23,16.68,1.81,46.63,Delhi_ChandniChowk,28.656,77.23
2025-01-24,14.34,2.69,44.5,Delhi_ChandniChowk,28.656,77.23
2025-01-25,13.83,2.69,35.54,Delhi_ChandniChowk,28.656,77.23
2025-01-26,13.03,2.02,32.29,Delhi_ChandniChowk,28.656,77.23
2025-01-27,12.61,1.99,33.66,Delhi_ChandniChowk,28.656,77.23
2025-01-28,14.52,1.6,30.52,Delhi_ChandniChowk,28.656,77.23
2025-01-29,15.14,1.65,34.13,Delhi_ChandniChowk,28.656,77.23
2025-01-30,15.7,1.5,38.91,Delhi_ChandniChowk,28.656,77.23
2025-01-31,16.72,1.31,41.71,Delhi_ChandniChowk,28.656,77.23
2025-02-01,17.76,1.33,39.68,Delhi_ChandniChowk,28.656,77.23
2025-02-02,16.86,1.61,48.01,Delhi_ChandniChowk,28.656,77.23
2025-02-03,17.31,1.64,42.49,Delhi_ChandniChowk,28.656,77.23
2025-02-04,18.36,1.28,44.6,Delhi_ChandniChowk,28.656,77.23
2025-02-05,15.06,2.48,44.38,Delhi_ChandniChowk,28.656,77.23
2025-02-06,14.44,2.98,35.93,Delhi_ChandniChowk,28.656,77.23
2025-02-07,14.4,3.15,37.24,Delhi_ChandniChowk,28.656,77.23
2025-02-08,15.54,2.39,33.55,Delhi_ChandniChowk,28.656,77.23
2025-02-09,17.53,1.53,30.48,Delhi_ChandniChowk,28.656,77.23
2025-02-10,19.01,1.45,30.7,Delhi_ChandniChowk,28.656,77.23
2025-02-11,19.49,1.43,33.14,Delhi_ChandniChowk,28.656,77.23
2025-02-12,18.17,2.7,38.97,Delhi_ChandniChowk,28.656,77.23
2025-02-13,16.98,3.61,30.39,Delhi_ChandniChowk,28.656,77.23
2025-02-14,17.23,3.02,30.19,Delhi_ChandniChowk,28.656,77.23
2025-02-15,18.74,1.85,34.76,Delhi_ChandniChowk,28.656,77.23
2025-02-16,18.73,1.27,42.91,Delhi_ChandniChowk,28.656,77.23
2025-02-17,20.86,1.18,35.99,Delhi_ChandniChowk,28.656,77.23
2025-02-18,20.42,1.62,36.46,Delhi_ChandniChowk,28.656,77.23
2025-02-19,20.55,1.36,34.88,Delhi_ChandniChowk,28.656,77.23
2025-02-20,20.54,2.57,52.68,Delhi_ChandniChowk,28.656,77.23
2025-02-21,19.68,1.6,51.58,Delhi_ChandniChowk,28.656,77.23
2025-02-22,17.79,2.45,48.25,Delhi_ChandniChowk,28.656,77.23
2025-02-23,18.57,1.56,44.16,Delhi_ChandniChowk,28.656,77.23
2025-02-24,19.0,1.69,42.58,Delhi_ChandniChowk,28.656,77.23
2025-02-25,20.52,1.34,40.05,Delhi_ChandniChowk,28.656,77.23
2025-02-26,21.59,0.82,37.94,Delhi_ChandniChowk,28.656,77.23
2025-02-27,20.7,1.67,52.51,Delhi_ChandniChowk,28.656,77.23
2025-02-28,19.3,2.47,68.65,Delhi_ChandniChowk,28.656,77.23
2025-03-01,20.62,2.22,63.49,Delhi_ChandniChowk,28.656,77.23
2025-03-02,20.6,2.36,45.89,Delhi_ChandniChowk,28.656,77.23
2025-03-03,20.77,1.31,33.78,Delhi_ChandniChowk,28.656,77.23
2025-03-04,20.32,3.07,39.08,Delhi_ChandniChowk,28.656,77.23
2025-03-05,17.4,4.79,29.95,Delhi_ChandniChowk,28.656,77.23
2025-03-06,18.08,3.09,27.46,Delhi_ChandniChowk,28.656,77.23
2025-03-07,19.71,1.89,29.36,Delhi_ChandniChowk,28.656,77.23
2025-03-08,21.37,2.07,30.1,Delhi_ChandniChowk,28.656,77.23
2025-03-09,23.17,1.56,28.32,Delhi_ChandniChowk,28.656,77.23
2025-03-10,23.86,2.05,28.97,Delhi_ChandniChowk,28.656,77.23
2025-03-11,24.95,1.37,31.41,Delhi_ChandniChowk,28.656,77.23
2025-03-12,25.54,2.11,37.05,Delhi_ChandniChowk,28.656,77.23
2025-03-13,27.48,1.25,38.0,Delhi_ChandniChowk,28.656,77.23
2025-03-14,27.97,1.18,35.16,Delhi_ChandniChowk,28.656,77.23
2025-03-15,26.17,2.05,34.74,Delhi_ChandniChowk,28.656,77.23
2025-03-16,24.39,2.28,36.11,Delhi_ChandniChowk,28.656,77.23
2025-03-17,23.08,1.99,37.59,Delhi_ChandniChowk,28.656,77.23
2025-03-18,23.01,1.89,32.91,Delhi_ChandniChowk,28.656,77.23
2025-03-19,24.59,1.85,26.63,Delhi_ChandniChowk,28.656,77.23
2025-03-20,25.13,1.78,25.87,Delhi_ChandniChowk,28.656,77.23
2025-03-21,24.86,2.56,26.81,Delhi_ChandniChowk,28.656,77.23
2025-03-22,24.69,1.81,22.56,Delhi_ChandniChowk,28.656,77.23
2025-03-23,25.11,1.16,20.84,Delhi_ChandniChowk,28.656,77.23
2025-03-24,26.4,1.46,17.23,Delhi_ChandniChowk,28.656,77.23
2025-03-25,27.38,1.55,19.38,Delhi_ChandniChowk,28.656,77.23
2025-03-26,30.47,1.05,19.44,Delhi_ChandniChowk,28.656,77.23
2025-03-27,29.66,2.05,19.25,Delhi_ChandniChowk,28.656,77.23
2025-03-28,26.13,3.4,11.72,Delhi_ChandniChowk,28.656,77.23
2025-03-29,22.34,3.19,10.3,Delhi_ChandniChowk,28.656,77.23
2025-03-30,24.53,2.87,11.33,Delhi_ChandniChowk,28.656,77.23
2025-03-31,25.55,2.33,12.65,Delhi_ChandniChowk,28.656,77.23
2025-04-01,25.98,2.25,16.39,Delhi_ChandniChowk,28.656,77.23
2025-04-02,28.07,1.4,13.08,Delhi_ChandniChowk,28.656,77.23
2025-04-03,29.69,0.92,11.41,Delhi_ChandniChowk,28.656,77.23
2025-04-04,29.37,1.78,14.3,Delhi_ChandniChowk,28.656,77.23
2025-04-05,28.32,2.13,19.24,Delhi_ChandniChowk,28.656,77.23
2025-04-06,30.31,1.78,16.07,Delhi_ChandniChowk,28.656,77.23
2025-04-07,31.6,1.76,16.86,Delhi_ChandniChowk,28.656,77.23
2025-04-08,31.5,2.75,16.94,Delhi_ChandniChowk,28.656,77.23
2025-04-09,32.23,1.92,22.7,Delhi_ChandniChowk,28.656,77.23
2025-04-10,32.64,1.38,26.03,Delhi_ChandniChowk,28.656,77.23
2025-04-11,31.09,3.37,33.81,Delhi_ChandniChowk,28.656,77.23
2025-04-12,29.21,1.67,37.59,Delhi_ChandniChowk,28.656,77.23
2025-04-13,30.67,1.28,28.17,Delhi_ChandniChowk,28.656,77.23
2025-04-14,30.47,2.07,25.88,Delhi_ChandniChowk,28.656,77.23
2025-04-15,30.98,2.25,29.1,Delhi_ChandniChowk,28.656,77.23
2025-04-16,32.04,2.07,27.42,Delhi_ChandniChowk,28.656,77.23
2025-04-17,33.11,1.95,25.1,Delhi_ChandniChowk,28.656,77.23
2025-04-18,33.37,2.13,25.63,Delhi_ChandniChowk,28.656,77.23
2025-04-19,33.11,4.46,29.96,Delhi_ChandniChowk,28.656,77.23
2025-04-20,33.06,3.11,27.35,Delhi_ChandniChowk,28.656,77.23
2025-04-21,33.41,1.8,15.3,Delhi_ChandniChowk,28.656,77.23
2025-04-22,31.49,2.25,8.6,Delhi_ChandniChowk,28.656,77.23
2025-04-23,31.97,2.47,11.75,Delhi_ChandniChowk,28.656,77.23
2025-04-24,33.22,1.51,6.93,Delhi_ChandniChowk,28.656,77.23
2025-04-25,33.22,1.74,8.1,Delhi_ChandniChowk,28.656,77.23
2025-04-26,34.22,1.56,9.49,Delhi_ChandniChowk,28.656,77.23
2025-04-27,33.14,1.26,12.17,Delhi_ChandniChowk,28.656,77.23
2025-04-28,32.68,2.86,15.72,Delhi_ChandniChowk,28.656,77.23
2025-04-29,30.9,3.14,23.65,Delhi_ChandniChowk,28.656,77.23
2025-04-30,31.55,3.21,30.42,Delhi_ChandniChowk,28.656,77.23
2025-05-01,31.98,3.56,33.83,Delhi_ChandniChowk,28.656,77.23
2025-05-02,28.81,2.34,51.26,Delhi_ChandniChowk,28.656,77.23
2025-05-03,28.57,1.95,52.19,Delhi_ChandniChowk,28.656,77.23
2025-05-04,29.66,3.57,47.06,Delhi_ChandniChowk,28.656,77.23
2025-05-05,29.2,2.62,51.07,Delhi_ChandniChowk,28.656,77.23
2025-05-06,29.33,2.25,41.23,Delhi_ChandniChowk,28.656,77.23
2025-05-07,31.04,2.2,42.05,Delhi_ChandniChowk,28.656,77.23
2025-05-08,31.12,2.45,43.49,Delhi_ChandniChowk,28.656,77.23
2025-05-09,31.33,1.8,42.01,Delhi_ChandniChowk,28.656,77.23
2025-05-10,32.01,1.43,44.7,Delhi_ChandniChowk,28.656,77.23
2025-05-11,33.3,1.39,41.14,Delhi_ChandniChowk,28.656,77.23
2025-05-12,34.0,2.06,32.25,Delhi_ChandniChowk,28.656,77.23
2025-05-13,34.08,3.0,37.81,Delhi_ChandniChowk,28.656,77.23
2025-05-14,33.9,1.66,37.71,Delhi_ChandniChowk,28.656,77.23
2025-05-15,35.04,1.65,27.46,Delhi_ChandniChowk,28.656,77.23
2025-05-16,36.41,2.47,25.4,Delhi_ChandniChowk,28.656,77.23
2025-05-17,35.78,2.56,26.85,Delhi_ChandniChowk,28.656,77.23
2025-05-18,35.87,2.26,27.74,Delhi_ChandniChowk,28.656,77.23
2025-05-19,35.48,2.3,23.43,Delhi_ChandniChowk,28.656,77.23
2025-05-20,36.28,2.48,25.06,Delhi_ChandniChowk,28.656,77.23
2025-05-21,36.9,2.91,24.03,Delhi_ChandniChowk,28.656,77.23
2025-05-22,31.36,3.26,44.63,Delhi_ChandniChowk,28.656,77.23
2025-05-23,32.68,3.11,38.75,Delhi_ChandniChowk,28.656,77.23
2025-05-24,33.54,3.77,37.73,Delhi_ChandniChowk,28.656,77.23
2025-05-25,30.6,2.54,54.34,Delhi_ChandniChowk,28.656,77.23
2025-05-26,31.97,2.34,48.46,Delhi_ChandniChowk,28.656,77.23
2025-05-27,32.94,1.55,41.29,Delhi_ChandniChowk,28.656,77.23
2025-05-28,33.92,1.51,45.99,Delhi_ChandniChowk,28.656,77.23
2025-05-29,34.71,1.33,42.33,Delhi_ChandniChowk,28.656,77.23
2025-05-30,34.38,1.09,42.26,Delhi_ChandniChowk,28.656,77.23
2025-05-31,34.29,1.33,33.24,Delhi_ChandniChowk,28.656,77.23
2025-06-01,32.98,3.45,40.29,Delhi_ChandniChowk,28.656,77.23
2025-06-02,31.39,1.29,46.42,Delhi_ChandniChowk,28.656,77.23
2025-06-03,30.76,1.21,39.17,Delhi_ChandniChowk,28.656,77.23
2025-06-04,30.8,1.32,39.34,Delhi_ChandniChowk,28.656,77.23
2025-06-05,32.28,1.0,38.34,Delhi_ChandniChowk,28.656,77.23
2025-06-06,33.28,1.16,34.1,Delhi_ChandniChowk,28.656,77.23
2025-06-07,34.66,1.34,31.95,Delhi_ChandniChowk,28.656,77.23
2025-06-08,36.93,1.76,29.6,Delhi_ChandniChowk,28.656,77.23
2025-06-09,37.85,1.85,24.42,Delhi_ChandniChowk,28.656,77.23
2025-06-10,37.75,2.4,21.43,Delhi_ChandniChowk,28.656,77.23
2025-06-11,37.93,1.68,22.58,Delhi_ChandniChowk,28.656,77.23
2025-06-12,37.77,1.81,27.84,Delhi_ChandniChowk,28.656,77.23
2025-06-13,37.99,2.62,33.0,Delhi_ChandniChowk,28.656,77.23
2025-06-14,36.81,1.67,34.83,Delhi_ChandniChowk,28.656,77.23
2025-06-15,35.63,2.69,38.54,Delhi_ChandniChowk,28.656,77.23
2025-06-16,33.25,2.65,53.61,Delhi_ChandniChowk,28.656,77.23
2025-06-17,32.52,2.14,58.95,Delhi_ChandniChowk,28.656,77.23
2025-06-18,29.89,1.9,74.29,Delhi_ChandniChowk,28.656,77.23
2025-06-19,32.24,2.85,60.04,Delhi_ChandniChowk,28.656,77.23
2025-06-20,33.21,2.8,58.38,Delhi_ChandniChowk,28.656,77.23
2025-06-21,34.39,2.54,51.18,Delhi_ChandniChowk,28.656,77.23
2025-06-22,34.88,1.36,49.49,Delhi_ChandniChowk,28.656,77.23
2025-06-23,34.15,2.09,53.1,Delhi_ChandniChowk,28.656,77.23
2025-06-24,34.02,1.47,51.05,Delhi_ChandniChowk,28.656,77.23
2025-06-25,34.03,3.15,51.69,Delhi_ChandniChowk,28.656,77.23
2025-06-26,34.08,3.65,53.01,Delhi_ChandniChowk,28.656,77.23
2025-06-27,34.7,3.3,49.95,Delhi_ChandniChowk,28.656,77.23
2025-06-28,33.5,2.35,54.03,Delhi_ChandniChowk,28.656,77.23
2025-06-29,32.06,1.91,64.5,Delhi_ChandniChowk,28.656,77.23
2025-06-30,27.98,2.39,87.23,Delhi_ChandniChowk,28.656,77.23
2025-07-01,30.61,2.21,65.92,Delhi_ChandniChowk,28.656,77.23
2025-07-02,31.8,2.41,64.87,Delhi_ChandniChowk,28.656,77.23
2025-07-03,32.16,2.82,64.38,Delhi_ChandniChowk,28.656,77.23
2025-07-04,31.73,2.19,68.34,Delhi_ChandniChowk,28.656,77.23
2025-07-05,32.46,1.79,64.19,Delhi_ChandniChowk,28.656,77.23
2025-07-06,31.16,1.77,70.86,Delhi_ChandniChowk,28.656,77.23
2025-07-07,32.05,1.27,67.35,Delhi_ChandniChowk,28.656,77.23
2025-07-08,31.84,1.38,69.82,Delhi_ChandniChowk,28.656,77.23
2025-07-09,30.84,1.79,71.74,Delhi_ChandniChowk,28.656,77.23
2025-07-10,28.07,2.29,84.64,Delhi_ChandniChowk,28.656,77.23
2025-07-11,30.23,1.15,71.62,Delhi_ChandniChowk,28.656,77.23
2025-07-12,31.18,1.42,68.06,Delhi_ChandniChowk,28.656,77.23
2025-07-13,29.16,1.64,76.68,Delhi_ChandniChowk,28.656,77.23
2025-07-14,28.8,3.92,81.26,Delhi_ChandniChowk,28.656,77.23
2025-07-15,29.0,5.17,81.5,Delhi_ChandniChowk,28.656,77.23
2025-07-16,28.18,2.95,78.12,Delhi_ChandniChowk,28.656,77.23
2025-07-17,28.82,2.37,78.18,Delhi_ChandniChowk,28.656,77.23
2025-07-18,28.83,4.55,76.98,Delhi_ChandniChowk,28.656,77.23
2025-07-19,29.38,3.86,76.54,Delhi_ChandniChowk,28.656,77.23
2025-07-20,31.04,2.41,70.69,Delhi_ChandniChowk,28.656,77.23
2025-07-21,30.02,1.82,72.1,Delhi_ChandniChowk,28.656,77.23
2025-07-22,29.39,1.36,79.71,Delhi_ChandniChowk,28.656,77.23
2025-07-23,29.87,1.63,82.6,Delhi_ChandniChowk,28.656,77.23
2025-07-24,31.09,1.81,74.16,Delhi_ChandniChowk,28.656,77.23
2025-07-25,31.91,1.53,71.93,Delhi_ChandniChowk,28.656,77.23
2025-07-26,32.27,1.08,69.54,Delhi_ChandniChowk,28.656,77.23
2025-07-27,31.35,2.18,69.97,Delhi_ChandniChowk,28.656,77.23
2025-07-28,29.46,0.85,77.1,Delhi_ChandniChowk,28.656,77.23
2025-07-29,28.56,1.26,85.44,Delhi_ChandniChowk,28.656,77.23
2025-07-30,29.34,2.36,84.33,Delhi_ChandniChowk,28.656,77.23
2025-07-31,29.14,1.62,85.09,Delhi_ChandniChowk,28.656,77.23
2025-08-01,29.74,1.16,81.49,Delhi_ChandniChowk,28.656,77.23
2025-08-02,29.59,1.99,81.07,Delhi_ChandniChowk,28.656,77.23
2025-08-03,29.19,2.04,82.74,Delhi_ChandniChowk,28.656,77.23
2025-08-04,29.26,2.52,83.93,Delhi_ChandniChowk,28.656,77.23
2025-08-05,28.34,2.28,88.16,Delhi_ChandniChowk,28.656,77.23
2025-08-06,28.43,1.5,82.44,Delhi_ChandniChowk,28.656,77.23
2025-08-07,29.14,2.09,78.66,Delhi_ChandniChowk,28.656,77.23
2025-08-08,29.74,1.93,77.12,Delhi_ChandniChowk,28.656,77.23
2025-08-09,28.42,1.28,83.7,Delhi_ChandniChowk,28.656,77.23
2025-08-10,29.06,1.21,81.88,Delhi_ChandniChowk,28.656,77.23
2025-08-11,29.49,1.67,82.53,Delhi_ChandniChowk,28.656,77.23
2025-08-12,29.18,1.68,83.34,Delhi_ChandniChowk,28.656,77.23
2025-08-13,29.01,1.53,83.08,Delhi_ChandniChowk,28.656,77.23
2025-08-14,27.34,1.79,89.8,Delhi_ChandniChowk,28.656,77.23
2025-08-15,27.92,0.91,83.6,Delhi_ChandniChowk,28.656,77.23
2025-08-16,28.38,1.44,83.95,Delhi_ChandniChowk,28.656,77.23
2025-08-17,29.06,1.54,84.89,Delhi_ChandniChowk,28.656,77.23
2025-08-18,28.01,2.06,90.4,Delhi_ChandniChowk,28.656,77.23
2025-08-19,28.77,1.78,83.85,Delhi_ChandniChowk,28.656,77.23
2025-08-20,28.55,2.47,84.55,Delhi_ChandniChowk,28.656,77.23
2025-08-21,28.94,2.04,84.6,Delhi_ChandniChowk,28.656,77.23
2025-08-22,29.52,0.92,81.54,Delhi_ChandniChowk,28.656,77.23
2025-08-23,28.47,1.37,86.76,Delhi_ChandniChowk,28.656,77.23
2025-08-24,28.29,2.24,86.64,Delhi_ChandniChowk,28.656,77.23
2025-08-25,27.19,2.93,92.24,Delhi_ChandniChowk,28.656,77.23
2025-08-26,27.86,2.73,87.58,Delhi_ChandniChowk,28.656,77.23
2025-08-27,28.73,1.31,85.08,Delhi_ChandniChowk,28.656,77.23
2025-08-28,28.75,1.43,84.1,Delhi_ChandniChowk,28.656,77.23
2025-08-29,27.16,2.42,90.71,Delhi_ChandniChowk,28.656,77.23
2025-08-30,27.84,2.14,89.03,Delhi_ChandniChowk,28.656,77.23
2025-08-31,27.23,2.0,92.43,Delhi_ChandniChowk,28.656,77.23
2025-09-01,26.64,2.77,91.2,Delhi_ChandniChowk,28.656,77.23
2025-09-02,26.68,3.39,90.94,Delhi_ChandniChowk,28.656,77.23
2025-09-03,26.81,1.9,90.66,Delhi_ChandniChowk,28.656,77.23
2025-09-04,27.73,1.24,85.18,Delhi_ChandniChowk,28.656,77.23
2025-09-05,26.75,3.18,89.64,Delhi_ChandniChowk,28.656,77.23
2025-09-06,27.6,2.54,88.02,Delhi_ChandniChowk,28.656,77.23
2025-09-07,27.51,2.01,88.05,Delhi_ChandniChowk,28.656,77.23
2025-09-08,27.41,1.35,85.93,Delhi_ChandniChowk,28.656,77.23
2025-09-09,27.96,1.8,84.64,Delhi_ChandniChowk,28.656,77.23
2025-09-10,27.33,2.98,85.49,Delhi_ChandniChowk,28.656,77.23
2025-09-11,26.78,2.56,83.76,Delhi_ChandniChowk,28.656,77.23
2025-09-12,27.69,1.77,81.75,Delhi_ChandniChowk,28.656,77.23
2025-09-13,28.34,0.98,76.07,Delhi_ChandniChowk,28.656,77.23
2025-09-14,28.41,1.28,78.05,Delhi_ChandniChowk,28.656,77.23
2025-09-15,28.05,1.83,82.12,Delhi_ChandniChowk,28.656,77.23
2025-09-16,28.57,0.93,77.49,Delhi_ChandniChowk,28.656,77.23
2025-09-17,28.53,1.06,80.07,Delhi_ChandniChowk,28.656,77.23
2025-09-18,28.0,0.88,83.26,Delhi_ChandniChowk,28.656,77.23
2025-09-19,28.25,1.38,81.67,Delhi_ChandniChowk,28.656,77.23
2025-09-20,27.57,1.76,79.8,Delhi_ChandniChowk,28.656,77.23
2025-09-21,26.7,1.85,79.21,Delhi_ChandniChowk,28.656,77.23
2025-09-22,25.97,1.84,77.63,Delhi_ChandniChowk,28.656,77.23
2025-09-23,25.83,2.0,76.49,Delhi_ChandniChowk,28.656,77.23
2025-09-24,26.04,2.03,73.43,Delhi_ChandniChowk,28.656,77.23
2025-09-25,26.02,1.8,74.8,Delhi_ChandniChowk,28.656,77.23
2025-09-26,26.34,1.9,77.33,Delhi_ChandniChowk,28.656,77.23
2025-09-27,28.45,0.87,79.25,Delhi_ChandniChowk,28.656,77.23
2025-09-28,28.25,2.02,82.42,Delhi_ChandniChowk,28.656,77.23
2025-09-29,27.92,1.52,82.78,Delhi_ChandniChowk,28.656,77.23
2025-09-30,26.35,1.21,88.32,Delhi_ChandniChowk,28.656,77.23
2025-10-01,26.77,0.74,79.51,Delhi_ChandniChowk,28.656,77.23
2025-10-02,26.28,1.26,81.31,Delhi_ChandniChowk,28.656,77.23
2025-10-03,26.46,1.2,83.0,Delhi_ChandniChowk,28.656,77.23
2025-10-04,26.97,1.44,76.61,Delhi_ChandniChowk,28.656,77.23
2025-10-05,26.79,1.22,67.73,Delhi_ChandniChowk,28.656,77.23
2025-10-06,24.99,1.31,81.68,Delhi_ChandniChowk,28.656,77.23
2025-10-07,23.76,2.03,87.72,Delhi_ChandniChowk,28.656,77.23
2025-10-08,22.14,1.34,81.68,Delhi_ChandniChowk,28.656,77.23
2025-10-09,21.88,1.67,78.45,Delhi_ChandniChowk,28.656,77.23
2025-10-10,22.21,1.15,67.44,Delhi_ChandniChowk,28.656,77.23
2025-10-11,22.94,0.92,61.73,Delhi_ChandniChowk,28.656,77.23
2025-10-12,23.53,1.31,69.84,Delhi_ChandniChowk,28.656,77.23
2025-10-13,23.99,0.87,56.77,Delhi_ChandniChowk,28.656,77.23
2025-10-14,23.6,0.89,55.44,Delhi_ChandniChowk,28.656,77.23
2025-10-15,23.55,0.86,55.3,Delhi_ChandniChowk,28.656,77.23
2025-10-16,23.23,0.99,55.43,Delhi_ChandniChowk,28.656,77.23
2025-10-17,23.72,0.77,62.22,Delhi_ChandniChowk,28.656,77.23
2025-10-18,23.69,0.95,66.53,Delhi_ChandniChowk,28.656,77.23
2025-10-19,23.81,1.07,65.52,Delhi_ChandniChowk,28.656,77.23
2025-10-20,24.01,1.25,65.73,Delhi_ChandniChowk,28.656,77.23
2025-10-21,24.04,0.97,72.68,Delhi_ChandniChowk,28.656,77.23
2025-10-22,24.85,0.98,66.67,Delhi_ChandniChowk,28.656,77.23
2025-10-23,24.09,1.19,55.94,Delhi_ChandniChowk,28.656,77.23
2025-10-24,23.5,0.99,53.52,Delhi_ChandniChowk,28.656,77.23
2025-10-25,22.83,0.96,52.32,Delhi_ChandniChowk,28.656,77.23
2025-10-26,23.09,0.91,49.0,Delhi_ChandniChowk,28.656,77.23
2025-10-27,22.51,1.09,58.09,Delhi_ChandniChowk,28.656,77.23
2025-10-28,20.95,1.11,75.55,Delhi_ChandniChowk,28.656,77.23
2025-10-29,22.92,0.85,70.8,Delhi_ChandniChowk,28.656,77.23
2025-10-30,23.02,0.91,78.93,Delhi_ChandniChowk,28.656,77.23
2025-10-31,23.62,1.62,76.05,Delhi_ChandniChowk,28.656,77.23
2025-11-01,23.21,1.55,64.18,Delhi_ChandniChowk,28.656,77.23
2025-11-02,21.88,1.89,60.14,Delhi_ChandniChowk,28.656,77.23
2025-11-03,21.41,2.01,53.53,Delhi_ChandniChowk,28.656,77.23
2025-11-04,20.47,1.06,56.64,Delhi_ChandniChowk,28.656,77.23
2025-11-05,21.47,1.42,53.4,Delhi_ChandniChowk,28.656,77.23
2025-11-06,18.53,2.38,59.42,Delhi_ChandniChowk,28.656,77.23
2025-11-07,17.23,2.22,52.47,Delhi_ChandniChowk,28.656,77.23
2025-11-08,16.34,1.77,50.6,Delhi_ChandniChowk,28.656,77.23
2025-11-09,16.75,1.85,52.45,Delhi_ChandniChowk,28.656,77.23
2025-11-10,18.08,1.38,47.78,Delhi_ChandniChowk,28.656,77.23
2025-11-11,17.64,1.72,47.28,Delhi_ChandniChowk,28.656,77.23
2025-11-12,16.97,2.12,53.47,Delhi_ChandniChowk,28.656,77.23
2025-11-13,16.77,1.66,51.62,Delhi_ChandniChowk,28.656,77.23
2025-11-14,16.94,1.53,48.65,Delhi_ChandniChowk,28.656,77.23
2025-11-15,17.13,1.77,46.68,Delhi_ChandniChowk,28.656,77.23
2025-11-16,16.31,1.95,47.41,Delhi_ChandniChowk,28.656,77.23
2025-11-17,16.85,1.5,45.66,Delhi_ChandniChowk,28.656,77.23
2025-11-18,17.94,1.37,44.29,Delhi_ChandniChowk,28.656,77.23
2025-11-19,18.32,1.15,50.34,Delhi_ChandniChowk,28.656,77.23
2025-11-20,17.37,1.31,64.17,Delhi_ChandniChowk,28.656,77.23
2025-11-21,17.59,1.3,63.95,Delhi_ChandniChowk,28.656,77.23
2025-11-22,18.52,1.14,55.67,Delhi_ChandniChowk,28.656,77.23
2025-11-23,18.51,0.94,46.61,Delhi_ChandniChowk,28.656,77.23
2025-11-24,17.42,1.17,46.77,Delhi_ChandniChowk,28.656,77.23
2025-11-25,15.89,1.57,48.08,Delhi_ChandniChowk,28.656,77.23
2025-11-26,16.42,0.96,44.76,Delhi_ChandniChowk,28.656,77.23
2025-11-27,17.79,0.58,38.62,Delhi_ChandniChowk,28.656,77.23
2025-11-28,17.18,1.49,53.02,Delhi_ChandniChowk,28.656,77.23
2025-11-29,16.68,2.11,54.48,Delhi_ChandniChowk,28.656,77.23
2025-11-30,14.69,2.28,44.21,Delhi_ChandniChowk,28.656,77.23
2025-12-01,15.52,1.36,41.43,Delhi_ChandniChowk,28.656,77.23
2025-12-02,16.46,1.12,51.65,Delhi_ChandniChowk,28.656,77.23
2025-12-03,14.32,1.8,47.51,Delhi_ChandniChowk,28.656,77.23
2025-12-04,13.37,2.1,49.44,Delhi_ChandniChowk,28.656,77.23
2025-12-05,13.62,1.5,45.56,Delhi_ChandniChowk,28.656,77.23
2025-12-06,14.33,2.4,51.46,Delhi_ChandniChowk,28.656,77.23
2025-12-07,14.68,2.18,44.86,Delhi_ChandniChowk,28.656,77.23
2025-12-08,16.27,2.56,46.28,Delhi_ChandniChowk,28.656,77.23
2025-12-09,14.67,2.74,47.23,Delhi_ChandniChowk,28.656,77.23
2025-12-10,14.82,1.93,45.33,Delhi_ChandniChowk,28.656,77.23
2025-12-11,15.94,1.66,41.44,Delhi_ChandniChowk,28.656,77.23
2025-12-12,16.11,1.36,43.09,Delhi_ChandniChowk,28.656,77.23
2025-12-13,16.52,0.97,51.18,Delhi_ChandniChowk,28.656,77.23
2025-12-14,17.01,0.94,50.34,Delhi_ChandniChowk,28.656,77.23
2025-12-15,16.32,1.57,50.13,Delhi_ChandniChowk,28.656,77.23
2025-12-16,14.36,2.28,53.83,Delhi_ChandniChowk,28.656,77.23
2025-12-17,14.9,1.99,52.28,Delhi_ChandniChowk,28.656,77.23
2025-12-18,14.97,1.36,64.01,Delhi_ChandniChowk,28.656,77.23
2025-12-19,15.45,1.68,59.12,Delhi_ChandniChowk,28.656,77.23
2025-12-20,14.61,1.0,47.18,Delhi_ChandniChowk,28.656,77.23
2025-12-21,13.95,1.13,55.99,Delhi_ChandniChowk,28.656,77.23
2025-12-22,15.97,0.77,59.08,Delhi_ChandniChowk,28.656,77.23
2025-12-23,16.15,2.14,60.92,Delhi_ChandniChowk,28.656,77.23
2025-12-24,13.76,2.54,57.15,Delhi_ChandniChowk,28.656,77.23
2025-12-25,14.21,1.2,48.2,Delhi_ChandniChowk,28.656,77.23
2025-12-26,14.57,1.01,46.98,Delhi_ChandniChowk,28.656,77.23
2025-12-27,13.95,1.24,47.65,Delhi_ChandniChowk,28.656,77.23
2025-12-28,13.37,1.27,47.97,Delhi_ChandniChowk,28.656,77.23
2025-12-29,14.25,1.45,45.59,Delhi_ChandniChowk,28.656,77.23
2025-12-30,14.64,1.47,40.85,Delhi_ChandniChowk,28.656,77.23
2025-12-31,13.62,1.56,51.12,Delhi_ChandniChowk,28.656,77.23
2026-01-01,14.38,1.05,54.23,Delhi_ChandniChowk,28.656,77.23
2026-01-02,13.97,1.5,72.27,Delhi_ChandniChowk,28.656,77.23
2026-01-03,13.04,1.25,70.06,Delhi_ChandniChowk,28.656,77.23
2026-01-04,12.89,1.18,62.49,Delhi_ChandniChowk,28.656,77.23
2026-01-05,12.48,1.52,57.14,Delhi_ChandniChowk,28.656,77.23
2026-01-06,13.71,1.73,49.43,Delhi_ChandniChowk,28.656,77.23
2026-01-07,12.15,1.46,49.51,Delhi_ChandniChowk,28.656,77.23
2026-01-08,11.32,1.32,45.38,Delhi_ChandniChowk,28.656,77.23
2026-01-09,10.87,1.0,45.05,Delhi_ChandniChowk,28.656,77.23
2026-01-10,12.99,1.64,43.98,Delhi_ChandniChowk,28.656,77.23
2026-01-11,11.77,1.88,38.63,Delhi_ChandniChowk,28.656,77.23
2026-01-12,12.42,1.57,37.08,Delhi_ChandniChowk,28.656,77.23
2026-01-13,12.2,1.75,34.14,Delhi_ChandniChowk,28.656,77.23
2026-01-14,11.63,1.79,36.11,Delhi_ChandniChowk,28.656,77.23
2026-01-15,11.66,1.81,36.09,Delhi_ChandniChowk,28.656,77.23
2026-01-16,14.44,1.28,29.89,Delhi_ChandniChowk,28.656,77.23
2026-01-17,16.96,0.72,26.46,Delhi_ChandniChowk,28.656,77.23
2026-01-18,16.51,1.03,35.58,Delhi_ChandniChowk,28.656,77.23
2026-01-19,18.32,0.89,38.48,Delhi_ChandniChowk,28.656,77.23
2026-01-20,17.31,1.39,39.07,Delhi_ChandniChowk,28.656,77.23
2026-01-21,16.71,1.23,39.44,Delhi_ChandniChowk,28.656,77.23
2026-01-22,17.64,1.37,35.93,Delhi_ChandniChowk,28.656,77.23
2026-01-23,12.84,2.36,66.75,Delhi_ChandniChowk,28.656,77.23
2026-01-24,13.48,1.49,70.22,Delhi_ChandniChowk,28.656,77.23
2026-01-25,13.49,1.63,45.03,Delhi_ChandniChowk,28.656,77.23
2026-01-26,14.38,0.88,38.49,Delhi_ChandniChowk,28.656,77.23
2026-01-27,14.26,1.69,63.89,Delhi_ChandniChowk,28.656,77.23
2026-01-28,15.69,1.21,77.46,Delhi_ChandniChowk,28.656,77.23
2026-01-29,14.15,1.58,66.1,Delhi_ChandniChowk,28.656,77.23
2026-01-30,15.81,1.32,53.15,Delhi_ChandniChowk,28.656,77.23
2026-01-31,17.01,0.87,45.54,Delhi_ChandniChowk,28.656,77.23
2026-02-01,17.91,1.31,71.39,Delhi_ChandniChowk,28.656,77.23
2026-02-02,16.64,1.29,70.97,Delhi_ChandniChowk,28.656,77.23
2026-02-03,16.61,1.09,55.03,Delhi_ChandniChowk,28.656,77.23
2026-02-04,16.16,1.69,47.52,Delhi_ChandniChowk,28.656,77.23
2026-02-05,15.94,1.99,45.41,Delhi_ChandniChowk,28.656,77.23
2026-02-06,16.81,2.22,37.85,Delhi_ChandniChowk,28.656,77.23
2026-02-07,17.82,2.54,41.13,Delhi_ChandniChowk,28.656,77.23
2026-02-08,-999.0,-999.0,-999.0,Delhi_ChandniChowk,28.656,77.23
2026-02-09,-999.0,-999.0,-999.0,Delhi_ChandniChowk,28.656,77.23
2026-02-10,-999.0,-999.0,-999.0,Delhi_ChandniChowk,28.656,77.23
2026-02-11,20.34,1.61,35.45,Delhi_ChandniChowk,28.656,77.23
2026-02-12,19.03,2.01,37.88,Delhi_ChandniChowk,28.656,77.23
2026-02-13,18.99,1.59,31.9,Delhi_ChandniChowk,28.656,77.23
2026-02-14,19.67,1.47,30.25,Delhi_ChandniChowk,28.656,77.23
2026-02-15,-999.0,-999.0,-999.0,Delhi_ChandniChowk,28.656,77.23
2026-02-16,-999.0,-999.0,-999.0,Delhi_ChandniChowk,28.656,77.23
2026-02-17,-999.0,-999.0,-999.0,Delhi_ChandniChowk,28.656,77.23
2025-01-01,12.22,2.13,45.72,Delhi_AnandVihar,28.6469,77.3153
2025-01-02,13.24,2.31,47.31,Delhi_AnandVihar,28.6469,77.3153
2025-01-03,14.55,1.48,51.3,Delhi_AnandVihar,28.6469,77.3153
2025-01-04,15.22,1.3,51.49,Delhi_AnandVihar,28.6469,77.3153
2025-01-05,14.42,1.66,56.55,Delhi_AnandVihar,28.6469,77.3153
2025-01-06,14.03,1.2,61.57,Delhi_AnandVihar,28.6469,77.3153
2025-01-07,12.53,2.7,58.99,Delhi_AnandVihar,28.6469,77.3153
2025-01-08,11.72,2.56,41.82,Delhi_AnandVihar,28.6469,77.3153
2025-01-09,13.72,1.02,34.59,Delhi_AnandVihar,28.6469,77.3153
2025-01-10,13.74,0.83,32.88,Delhi_AnandVihar,28.6469,77.3153
2025-01-11,12.18,1.64,49.01,Delhi_AnandVihar,28.6469,77.3153
2025-01-12,12.42,1.35,74.62,Delhi_AnandVihar,28.6469,77.3153
2025-01-13,13.3,2.25,69.46,Delhi_AnandVihar,28.6469,77.3153
2025-01-14,13.24,1.58,48.98,Delhi_AnandVihar,28.6469,77.3153
2025-01-15,13.74,1.37,46.41,Delhi_AnandVihar,28.6469,77.3153
2025-01-16,13.22,1.0,78.08,Delhi_AnandVihar,28.6469,77.3153
2025-01-17,12.46,1.95,65.43,Delhi_AnandVihar,28.6469,77.3153
2025-01-18,13.15,1.28,44.93,Delhi_AnandVihar,28.6469,77.3153
2025-01-19,16.1,1.41,46.35,Delhi_AnandVihar,28.6469,77.3153
2025-01-20,15.84,2.41,46.96,Delhi_AnandVihar,28.6469,77.3153
2025-01-21,15.73,2.35,45.82,Delhi_AnandVihar,28.6469,77.3153
2025-01-22,16.37,1.38,50.48,Delhi_AnandVihar,28.6469,77.3153
2025-01-23,16.68,1.81,46.63,Delhi_AnandVihar,28.6469,77.3153
2025-01-24,14.34,2.69,44.5,Delhi_AnandVihar,28.6469,77.3153
2025-01-25,13.83,2.69,35.54,Delhi_AnandVihar,28.6469,77.3153
2025-01-26,13.03,2.02,32.29,Delhi_AnandVihar,28.6469,77.3153
2025-01-27,12.61,1.99,33.66,Delhi_AnandVihar,28.6469,77.3153
2025-01-28,14.52,1.6,30.52,Delhi_AnandVihar,28.6469,77.3153
2025-01-29,15.14,1.65,34.13,Delhi_AnandVihar,28.6469,77.3153
2025-01-30,15.7,1.5,38.91,Delhi_AnandVihar,28.6469,77.3153
2025-01-31,16.72,1.31,41.71,Delhi_AnandVihar,28.6469,77.3153
2025-02-01,17.76,1.33,39.68,Delhi_AnandVihar,28.6469,77.3153
2025-02-02,16.86,1.61,48.01,Delhi_AnandVihar,28.6469,77.3153
2025-02-03,17.31,1.64,42.49,Delhi_AnandVihar,28.6469,77.3153
2025-02-04,18.36,1.28,44.6,Delhi_AnandVihar,28.6469,77.3153
2025-02-05,15.06,2.48,44.38,Delhi_AnandVihar,28.6469,77.3153
2025-02-06,14.44,2.98,35.93,Delhi_AnandVihar,28.6469,77.3153
2025-02-07,14.4,3.15,37.24,Delhi_AnandVihar,28.6469,77.3153
2025-02-08,15.54,2.39,33.55,Delhi_AnandVihar,28.6469,77.3153
2025-02-09,17.53,1.53,30.48,Delhi_AnandVihar,28.6469,77.3153
2025-02-10,19.01,1.45,30.7,Delhi_AnandVihar,28.6469,77.3153
2025-02-11,19.49,1.43,33.14,Delhi_AnandVihar,28.6469,77.3153
2025-02-12,18.17,2.7,38.97,Delhi_AnandVihar,28.6469,77.3153
2025-02-13,16.98,3.61,30.39,Delhi_AnandVihar,28.6469,77.3153
2025-02-14,17.23,3.02,30.19,Delhi_AnandVihar,28.6469,77.3153
2025-02-15,18.74,1.85,34.76,Delhi_AnandVihar,28.6469,77.3153
2025-02-16,18.73,1.27,42.91,Delhi_AnandVihar,28.6469,77.3153
2025-02-17,20.86,1.18,35.99,Delhi_AnandVihar,28.6469,77.3153
2025-02-18,20.42,1.62,36.46,Delhi_AnandVihar,28.6469,77.3153
2025-02-19,20.55,1.36,34.88,Delhi_AnandVihar,28.6469,77.3153
2025-02-20,20.54,2.57,52.68,Delhi_AnandVihar,28.6469,77.3153
2025-02-21,19.68,1.6,51.58,Delhi_AnandVihar,28.6469,77.3153
2025-02-22,17.79,2.45,48.25,Delhi_AnandVihar,28.6469,77.3153
2025-02-23,18.57,1.56,44.16,Delhi_AnandVihar,28.6469,77.3153
2025-02-24,19.0,1.69,42.58,Delhi_AnandVihar,28.6469,77.3153
2025-02-25,20.52,1.34,40.05,Delhi_AnandVihar,28.6469,77.3153
2025-02-26,21.59,0.82,37.94,Delhi_AnandVihar,28.6469,77.3153
2025-02-27,20.7,1.67,52.51,Delhi_AnandVihar,28.6469,77.3153
2025-02-28,19.3,2.47,68.65,Delhi_AnandVihar,28.6469,77.3153
2025-03-01,20.62,2.22,63.49,Delhi_AnandVihar,28.6469,77.3153
2025-03-02,20.6,2.36,45.89,Delhi_AnandVihar,28.6469,77.3153
2025-03-03,20.77,1.31,33.78,Delhi_AnandVihar,28.6469,77.3153
2025-03-04,20.32,3.07,39.08,Delhi_AnandVihar,28.6469,77.3153
2025-03-05,17.4,4.79,29.95,Delhi_AnandVihar,28.6469,77.3153
2025-03-06,18.08,3.09,27.46,Delhi_AnandVihar,28.6469,77.3153
2025-03-07,19.71,1.89,29.36,Delhi_AnandVihar,28.6469,77.3153
2025-03-08,21.37,2.07,30.1,Delhi_AnandVihar,28.6469,77.3153
2025-03-09,23.17,1.56,28.32,Delhi_AnandVihar,28.6469,77.3153
2025-03-10,23.86,2.05,28.97,Delhi_AnandVihar,28.6469,77.3153
2025-03-11,24.95,1.37,31.41,Delhi_AnandVihar,28.6469,77.3153
2025-03-12,25.54,2.11,37.05,Delhi_AnandVihar,28.6469,77.3153
2025-03-13,27.48,1.25,38.0,Delhi_AnandVihar,28.6469,77.3153
2025-03-14,27.97,1.18,35.16,Delhi_AnandVihar,28.6469,77.3153
2025-03-15,26.17,2.05,34.74,Delhi_AnandVihar,28.6469,77.3153
2025-03-16,24.39,2.28,36.11,Delhi_AnandVihar,28.6469,77.3153
2025-03-17,23.08,1.99,37.59,Delhi_AnandVihar,28.6469,77.3153
2025-03-18,23.01,1.89,32.91,Delhi_AnandVihar,28.6469,77.3153
2025-03-19,24.59,1.85,26.63,Delhi_AnandVihar,28.6469,77.3153
2025-03-20,25.13,1.78,25.87,Delhi_AnandVihar,28.6469,77.3153
2025-03-21,24.86,2.56,26.81,Delhi_AnandVihar,28.6469,77.3153
2025-03-22,24.69,1.81,22.56,Delhi_AnandVihar,28.6469,77.3153
2025-03-23,25.11,1.16,20.84,Delhi_AnandVihar,28.6469,77.3153
2025-03-24,26.4,1.46,17.23,Delhi_AnandVihar,28.6469,77.3153
2025-03-25,27.38,1.55,19.38,Delhi_AnandVihar,28.6469,77.3153
2025-03-26,30.47,1.05,19.44,Delhi_AnandVihar,28.6469,77.3153
2025-03-27,29.66,2.05,19.25,Delhi_AnandVihar,28.6469,77.3153
2025-03-28,26.13,3.4,11.72,Delhi_AnandVihar,28.6469,77.3153
2025-03-29,22.34,3.19,10.3,Delhi_AnandVihar,28.6469,77.3153
2025-03-30,24.53,2.87,11.33,Delhi_AnandVihar,28.6469,77.3153
2025-03-31,25.55,2.33,12.65,Delhi_AnandVihar,28.6469,77.3153
2025-04-01,25.98,2.25,16.39,Delhi_AnandVihar,28.6469,77.3153
2025-04-02,28.07,1.4,13.08,Delhi_AnandVihar,28.6469,77.3153
2025-04-03,29.69,0.92,11.41,Delhi_AnandVihar,28.6469,77.3153
2025-04-04,29.37,1.78,14.3,Delhi_AnandVihar,28.6469,77.3153
2025-04-05,28.32,2.13,19.24,Delhi_AnandVihar,28.6469,77.3153
2025-04-06,30.31,1.78,16.07,Delhi_AnandVihar,28.6469,77.3153
2025-04-07,31.6,1.76,16.86,Delhi_AnandVihar,28.6469,77.3153
2025-04-08,31.5,2.75,16.94,Delhi_AnandVihar,28.6469,77.3153
2025-04-09,32.23,1.92,22.7,Delhi_AnandVihar,28.6469,77.3153
2025-04-10,32.64,1.38,26.03,Delhi_AnandVihar,28.6469,77.3153
2025-04-11,31.09,3.37,33.81,Delhi_AnandVihar,28.6469,77.3153
2025-04-12,29.21,1.67,37.59,Delhi_AnandVihar,28.6469,77.3153
2025-04-13,30.67,1.28,28.17,Delhi_AnandVihar,28.6469,77.3153
2025-04-14,30.47,2.07,25.88,Delhi_AnandVihar,28.6469,77.3153
2025-04-15,30.98,2.25,29.1,Delhi_AnandVihar,28.6469,77.3153
2025-04-16,32.04,2.07,27.42,Delhi_AnandVihar,28.6469,77.3153
2025-04-17,33.11,1.95,25.1,Delhi_AnandVihar,28.6469,77.3153
2025-04-18,33.37,2.13,25.63,Delhi_AnandVihar,28.6469,77.3153
2025-04-19,33.11,4.46,29.96,Delhi_AnandVihar,28.6469,77.3153
2025-04-20,33.06,3.11,27.35,Delhi_AnandVihar,28.6469,77.3153
2025-04-21,33.41,1.8,15.3,Delhi_AnandVihar,28.6469,77.3153
2025-04-22,31.49,2.25,8.6,Delhi_AnandVihar,28.6469,77.3153
2025-04-23,31.97,2.47,11.75,Delhi_AnandVihar,28.6469,77.3153
2025-04-24,33.22,1.51,6.93,Delhi_AnandVihar,28.6469,77.3153
2025-04-25,33.22,1.74,8.1,Delhi_AnandVihar,28.6469,77.3153
2025-04-26,34.22,1.56,9.49,Delhi_AnandVihar,28.6469,77.3153
2025-04-27,33.14,1.26,12.17,Delhi_AnandVihar,28.6469,77.3153
2025-04-28,32.68,2.86,15.72,Delhi_AnandVihar,28.6469,77.3153
2025-04-29,30.9,3.14,23.65,Delhi_AnandVihar,28.6469,77.3153
2025-04-30,31.55,3.21,30.42,Delhi_AnandVihar,28.6469,77.3153
2025-05-01,31.98,3.56,33.83,Delhi_AnandVihar,28.6469,77.3153
2025-05-02,28.81,2.34,51.26,Delhi_AnandVihar,28.6469,77.3153
2025-05-03,28.57,1.95,52.19,Delhi_AnandVihar,28.6469,77.3153
2025-05-04,29.66,3.57,47.06,Delhi_AnandVihar,28.6469,77.3153
2025-05-05,29.2,2.62,51.07,Delhi_AnandVihar,28.6469,77.3153
2025-05-06,29.33,2.25,41.23,Delhi_AnandVihar,28.6469,77.3153
2025-05-07,31.04,2.2,42.05,Delhi_AnandVihar,28.6469,77.3153
2025-05-08,31.12,2.45,43.49,Delhi_AnandVihar,28.6469,77.3153
2025-05-09,31.33,1.8,42.01,Delhi_AnandVihar,28.6469,77.3153
2025-05-10,32.01,1.43,44.7,Delhi_AnandVihar,28.6469,77.3153
2025-05-11,33.3,1.39,41.14,Delhi_AnandVihar,28.6469,77.3153
2025-05-12,34.0,2.06,32.25,Delhi_AnandVihar,28.6469,77.3153
2025-05-13,34.08,3.0,37.81,Delhi_AnandVihar,28.6469,77.3153
2025-05-14,33.9,1.66,37.71,Delhi_AnandVihar,28.6469,77.3153
2025-05-15,35.04,1.65,27.46,Delhi_AnandVihar,28.6469,77.3153
2025-05-16,36.41,2.47,25.4,Delhi_AnandVihar,28.6469,77.3153
2025-05-17,35.78,2.56,26.85,Delhi_AnandVihar,28.6469,77.3153
2025-05-18,35.87,2.26,27.74,Delhi_AnandVihar,28.6469,77.3153
2025-05-19,35.48,2.3,23.43,Delhi_AnandVihar,28.6469,77.3153
2025-05-20,36.28,2.48,25.06,Delhi_AnandVihar,28.6469,77.3153
2025-05-21,36.9,2.91,24.03,Delhi_AnandVihar,28.6469,77.3153
2025-05-22,31.36,3.26,44.63,Delhi_AnandVihar,28.6469,77.3153
2025-05-23,32.68,3.11,38.75,Delhi_AnandVihar,28.6469,77.3153
2025-05-24,33.54,3.77,37.73,Delhi_AnandVihar,28.6469,77.3153
2025-05-25,30.6,2.54,54.34,Delhi_AnandVihar,28.6469,77.3153
2025-05-26,31.97,2.34,48.46,Delhi_AnandVihar,28.6469,77.3153
2025-05-27,32.94,1.55,41.29,Delhi_AnandVihar,28.6469,77.3153
2025-05-28,33.92,1.51,45.99,Delhi_AnandVihar,28.6469,77.3153
2025-05-29,34.71,1.33,42.33,Delhi_AnandVihar,28.6469,77.3153
2025-05-30,34.38,1.09,42.26,Delhi_AnandVihar,28.6469,77.3153
2025-05-31,34.29,1.33,33.24,Delhi_AnandVihar,28.6469,77.3153
2025-06-01,32.98,3.45,40.29,Delhi_AnandVihar,28.6469,77.3153
2025-06-02,31.39,1.29,46.42,Delhi_AnandVihar,28.6469,77.3153
2025-06-03,30.76,1.21,39.17,Delhi_AnandVihar,28.6469,77.3153
2025-06-04,30.8,1.32,39.34,Delhi_AnandVihar,28.6469,77.3153
2025-06-05,32.28,1.0,38.34,Delhi_AnandVihar,28.6469,77.3153
2025-06-06,33.28,1.16,34.1,Delhi_AnandVihar,28.6469,77.3153
2025-06-07,34.66,1.34,31.95,Delhi_AnandVihar,28.6469,77.3153
2025-06-08,36.93,1.76,29.6,Delhi_AnandVihar,28.6469,77.3153
2025-06-09,37.85,1.85,24.42,Delhi_AnandVihar,28.6469,77.3153
2025-06-10,37.75,2.4,21.43,Delhi_AnandVihar,28.6469,77.3153
2025-06-11,37.93,1.68,22.58,Delhi_AnandVihar,28.6469,77.3153
2025-06-12,37.77,1.81,27.84,Delhi_AnandVihar,28.6469,77.3153
2025-06-13,37.99,2.62,33.0,Delhi_AnandVihar,28.6469,77.3153
2025-06-14,36.81,1.67,34.83,Delhi_AnandVihar,28.6469,77.3153
2025-06-15,35.63,2.69,38.54,Delhi_AnandVihar,28.6469,77.3153
2025-06-16,33.25,2.65,53.61,Delhi_AnandVihar,28.6469,77.3153
2025-06-17,32.52,2.14,58.95,Delhi_AnandVihar,28.6469,77.3153
2025-06-18,29.89,1.9,74.29,Delhi_AnandVihar,28.6469,77.3153
2025-06-19,32.24,2.85,60.04,Delhi_AnandVihar,28.6469,77.3153
2025-06-20,33.21,2.8,58.38,Delhi_AnandVihar,28.6469,77.3153
2025-06-21,34.39,2.54,51.18,Delhi_AnandVihar,28.6469,77.3153
2025-06-22,34.88,1.36,49.49,Delhi_AnandVihar,28.6469,77.3153
2025-06-23,34.15,2.09,53.1,Delhi_AnandVihar,28.6469,77.3153
2025-06-24,34.02,1.47,51.05,Delhi_AnandVihar,28.6469,77.3153
2025-06-25,34.03,3.15,51.69,Delhi_AnandVihar,28.6469,77.3153
2025-06-26,34.08,3.65,53.01,Delhi_AnandVihar,28.6469,77.3153
2025-06-27,34.7,3.3,49.95,Delhi_AnandVihar,28.6469,77.3153
2025-06-28,33.5,2.35,54.03,Delhi_AnandVihar,28.6469,77.3153
2025-06-29,32.06,1.91,64.5,Delhi_AnandVihar,28.6469,77.3153
2025-06-30,27.98,2.39,87.23,Delhi_AnandVihar,28.6469,77.3153
2025-07-01,30.61,2.21,65.92,Delhi_AnandVihar,28.6469,77.3153
2025-07-02,31.8,2.41,64.87,Delhi_AnandVihar,28.6469,77.3153
2025-07-03,32.16,2.82,64.38,Delhi_AnandVihar,28.6469,77.3153
2025-07-04,31.73,2.19,68.34,Delhi_AnandVihar,28.6469,77.3153
2025-07-05,32.46,1.79,64.19,Delhi_AnandVihar,28.6469,77.3153
2025-07-06,31.16,1.77,70.86,Delhi_AnandVihar,28.6469,77.3153
2025-07-07,32.05,1.27,67.35,Delhi_AnandVihar,28.6469,77.3153
2025-07-08,31.84,1.38,69.82,Delhi_AnandVihar,28.6469,77.3153
2025-07-09,30.84,1.79,71.74,Delhi_AnandVihar,28.6469,77.3153
2025-07-10,28.07,2.29,84.64,Delhi_AnandVihar,28.6469,77.3153
2025-07-11,30.23,1.15,71.62,Delhi_AnandVihar,28.6469,77.3153
2025-07-12,31.18,1.42,68.06,Delhi_AnandVihar,28.6469,77.3153
2025-07-13,29.16,1.64,76.68,Delhi_AnandVihar,28.6469,77.3153
2025-07-14,28.8,3.92,81.26,Delhi_AnandVihar,28.6469,77.3153
2025-07-15,29.0,5.17,81.5,Delhi_AnandVihar,28.6469,77.3153
2025-07-16,28.18,2.95,78.12,Delhi_AnandVihar,28.6469,77.3153
2025-07-17,28.82,2.37,78.18,Delhi_AnandVihar,28.6469,77.3153
2025-07-18,28.83,4.55,76.98,Delhi_AnandVihar,28.6469,77.3153
2025-07-19,29.38,3.86,76.54,Delhi_AnandVihar,28.6469,77.3153
2025-07-20,31.04,2.41,70.69,Delhi_AnandVihar,28.6469,77.3153
2025-07-21,30.02,1.82,72.1,Delhi_AnandVihar,28.6469,77.3153
2025-07-22,29.39,1.36,79.71,Delhi_AnandVihar,28.6469,77.3153
2025-07-23,29.87,1.63,82.6,Delhi_AnandVihar,28.6469,77.3153
2025-07-24,31.09,1.81,74.16,Delhi_AnandVihar,28.6469,77.3153
2025-07-25,31.91,1.53,71.93,Delhi_AnandVihar,28.6469,77.3153
2025-07-26,32.27,1.08,69.54,Delhi_AnandVihar,28.6469,77.3153
2025-07-27,31.35,2.18,69.97,Delhi_AnandVihar,28.6469,77.3153
2025-07-28,29.46,0.85,77.1,Delhi_AnandVihar,28.6469,77.3153
2025-07-29,28.56,1.26,85.44,Delhi_AnandVihar,28.6469,77.3153
2025-07-30,29.34,2.36,84.33,Delhi_AnandVihar,28.6469,77.3153
2025-07-31,29.14,1.62,85.09,Delhi_AnandVihar,28.6469,77.3153
2025-08-01,29.74,1.16,81.49,Delhi_AnandVihar,28.6469,77.3153
2025-08-02,29.59,1.99,81.07,Delhi_AnandVihar,28.6469,77.3153
2025-08-03,29.19,2.04,82.74,Delhi_AnandVihar,28.6469,77.3153
2025-08-04,29.26,2.52,83.93,Delhi_AnandVihar,28.6469,77.3153
2025-08-05,28.34,2.28,88.16,Delhi_AnandVihar,28.6469,77.3153
2025-08-06,28.43,1.5,82.44,Delhi_AnandVihar,28.6469,77.3153
2025-08-07,29.14,2.09,78.66,Delhi_AnandVihar,28.6469,77.3153
2025-08-08,29.74,1.93,77.12,Delhi_AnandVihar,28.6469,77.3153
2025-08-09,28.42,1.28,83.7,Delhi_AnandVihar,28.6469,77.3153
2025-08-10,29.06,1.21,81.88,Delhi_AnandVihar,28.6469,77.3153
2025-08-11,29.49,1.67,82.53,Delhi_AnandVihar,28.6469,77.3153
2025-08-12,29.18,1.68,83.34,Delhi_AnandVihar,28.6469,77.3153
2025-08-13,29.01,1.53,83.08,Delhi_AnandVihar,28.6469,77.3153
2025-08-14,27.34,1.79,89.8,Delhi_AnandVihar,28.6469,77.3153
2025-08-15,27.92,0.91,83.6,Delhi_AnandVihar,28.6469,77.3153
2025-08-16,28.38,1.44,83.95,Delhi_AnandVihar,28.6469,77.3153
2025-08-17,29.06,1.54,84.89,Delhi_AnandVihar,28.6469,77.3153
2025-08-18,28.01,2.06,90.4,Delhi_AnandVihar,28.6469,77.3153
2025-08-19,28.77,1.78,83.85,Delhi_AnandVihar,28.6469,77.3153
2025-08-20,28.55,2.47,84.55,Delhi_AnandVihar,28.6469,77.3153
2025-08-21,28.94,2.04,84.6,Delhi_AnandVihar,28.6469,77.3153
2025-08-22,29.52,0.92,81.54,Delhi_AnandVihar,28.6469,77.3153
2025-08-23,28.47,1.37,86.76,Delhi_AnandVihar,28.6469,77.3153
2025-08-24,28.29,2.24,86.64,Delhi_AnandVihar,28.6469,77.3153
2025-08-25,27.19,2.93,92.24,Delhi_AnandVihar,28.6469,77.3153
2025-08-26,27.86,2.73,87.58,Delhi_AnandVihar,28.6469,77.3153
2025-08-27,28.73,1.31,85.08,Delhi_AnandVihar,28.6469,77.3153
2025-08-28,28.75,1.43,84.1,Delhi_AnandVihar,28.6469,77.3153
2025-08-29,27.16,2.42,90.71,Delhi_AnandVihar,28.6469,77.3153
2025-08-30,27.84,2.14,89.03,Delhi_AnandVihar,28.6469,77.3153
2025-08-31,27.23,2.0,92.43,Delhi_AnandVihar,28.6469,77.3153
2025-09-01,26.64,2.77,91.2,Delhi_AnandVihar,28.6469,77.3153
2025-09-02,26.68,3.39,90.94,Delhi_AnandVihar,28.6469,77.3153
2025-09-03,26.81,1.9,90.66,Delhi_AnandVihar,28.6469,77.3153
2025-09-04,27.73,1.24,85.18,Delhi_AnandVihar,28.6469,77.3153
2025-09-05,26.75,3.18,89.64,Delhi_AnandVihar,28.6469,77.3153
2025-09-06,27.6,2.54,88.02,Delhi_AnandVihar,28.6469,77.3153
2025-09-07,27.51,2.01,88.05,Delhi_AnandVihar,28.6469,77.3153
2025-09-08,27.41,1.35,85.93,Delhi_AnandVihar,28.6469,77.3153
2025-09-09,27.96,1.8,84.64,Delhi_AnandVihar,28.6469,77.3153
2025-09-10,27.33,2.98,85.49,Delhi_AnandVihar,28.6469,77.3153
2025-09-11,26.78,2.56,83.76,Delhi_AnandVihar,28.6469,77.3153
2025-09-12,27.69,1.77,81.75,Delhi_AnandVihar,28.6469,77.3153
2025-09-13,28.34,0.98,76.07,Delhi_AnandVihar,28.6469,77.3153
2025-09-14,28.41,1.28,78.05,Delhi_AnandVihar,28.6469,77.3153
2025-09-15,28.05,1.83,82.12,Delhi_AnandVihar,28.6469,77.3153
2025-09-16,28.57,0.93,77.49,Delhi_AnandVihar,28.6469,77.3153
2025-09-17,28.53,1.06,80.07,Delhi_AnandVihar,28.6469,77.3153
2025-09-18,28.0,0.88,83.26,Delhi_AnandVihar,28.6469,77.3153
2025-09-19,28.25,1.38,81.67,Delhi_AnandVihar,28.6469,77.3153
2025-09-20,27.57,1.76,79.8,Delhi_AnandVihar,28.6469,77.3153
2025-09-21,26.7,1.85,79.21,Delhi_AnandVihar,28.6469,77.3153
2025-09-22,25.97,1.84,77.63,Delhi_AnandVihar,28.6469,77.3153
2025-09-23,25.83,2.0,76.49,Delhi_AnandVihar,28.6469,77.3153
2025-09-24,26.04,2.03,73.43,Delhi_AnandVihar,28.6469,77.3153
2025-09-25,26.02,1.8,74.8,Delhi_AnandVihar,28.6469,77.3153
2025-09-26,26.34,1.9,77.33,Delhi_AnandVihar,28.6469,77.3153
2025-09-27,28.45,0.87,79.25,Delhi_AnandVihar,28.6469,77.3153
2025-09-28,28.25,2.02,82.42,Delhi_AnandVihar,28.6469,77.3153
2025-09-29,27.92,1.52,82.78,Delhi_AnandVihar,28.6469,77.3153
2025-09-30,26.35,1.21,88.32,Delhi_AnandVihar,28.6469,77.3153
2025-10-01,26.77,0.74,79.51,Delhi_AnandVihar,28.6469,77.3153
2025-10-02,26.28,1.26,81.31,Delhi_AnandVihar,28.6469,77.3153
2025-10-03,26.46,1.2,83.0,Delhi_AnandVihar,28.6469,77.3153
2025-10-04,26.97,1.44,76.61,Delhi_AnandVihar,28.6469,77.3153
2025-10-05,26.79,1.22,67.73,Delhi_AnandVihar,28.6469,77.3153
2025-10-06,24.99,1.31,81.68,Delhi_AnandVihar,28.6469,77.3153
2025-10-07,23.76,2.03,87.72,Delhi_AnandVihar,28.6469,77.3153
2025-10-08,22.14,1.34,81.68,Delhi_AnandVihar,28.6469,77.3153
2025-10-09,21.88,1.67,78.45,Delhi_AnandVihar,28.6469,77.3153
2025-10-10,22.21,1.15,67.44,Delhi_AnandVihar,28.6469,77.3153
2025-10-11,22.94,0.92,61.73,Delhi_AnandVihar,28.6469,77.3153
2025-10-12,23.53,1.31,69.84,Delhi_AnandVihar,28.6469,77.3153
2025-10-13,23.99,0.87,56.77,Delhi_AnandVihar,28.6469,77.3153
2025-10-14,23.6,0.89,55.44,Delhi_AnandVihar,28.6469,77.3153
2025-10-15,23.55,0.86,55.3,Delhi_AnandVihar,28.6469,77.3153
2025-10-16,23.23,0.99,55.43,Delhi_AnandVihar,28.6469,77.3153
2025-10-17,23.72,0.77,62.22,Delhi_AnandVihar,28.6469,77.3153
2025-10-18,23.69,0.95,66.53,Delhi_AnandVihar,28.6469,77.3153
2025-10-19,23.81,1.07,65.52,Delhi_AnandVihar,28.6469,77.3153
2025-10-20,24.01,1.25,65.73,Delhi_AnandVihar,28.6469,77.3153
2025-10-21,24.04,0.97,72.68,Delhi_AnandVihar,28.6469,77.3153
2025-10-22,24.85,0.98,66.67,Delhi_AnandVihar,28.6469,77.3153
2025-10-23,24.09,1.19,55.94,Delhi_AnandVihar,28.6469,77.3153
2025-10-24,23.5,0.99,53.52,Delhi_AnandVihar,28.6469,77.3153
2025-10-25,22.83,0.96,52.32,Delhi_AnandVihar,28.6469,77.3153
2025-10-26,23.09,0.91,49.0,Delhi_AnandVihar,28.6469,77.3153
2025-10-27,22.51,1.09,58.09,Delhi_AnandVihar,28.6469,77.3153
2025-10-28,20.95,1.11,75.55,Delhi_AnandVihar,28.6469,77.3153
2025-10-29,22.92,0.85,70.8,Delhi_AnandVihar,28.6469,77.3153
2025-10-30,23.02,0.91,78.93,Delhi_AnandVihar,28.6469,77.3153
2025-10-31,23.62,1.62,76.05,Delhi_AnandVihar,28.6469,77.3153
2025-11-01,23.21,1.55,64.18,Delhi_AnandVihar,28.6469,77.3153
2025-11-02,21.88,1.89,60.14,Delhi_AnandVihar,28.6469,77.3153
2025-11-03,21.41,2.01,53.53,Delhi_AnandVihar,28.6469,77.3153
2025-11-04,20.47,1.06,56.64,Delhi_AnandVihar,28.6469,77.3153
2025-11-05,21.47,1.42,53.4,Delhi_AnandVihar,28.6469,77.3153
2025-11-06,18.53,2.38,59.42,Delhi_AnandVihar,28.6469,77.3153
2025-11-07,17.23,2.22,52.47,Delhi_AnandVihar,28.6469,77.3153
2025-11-08,16.34,1.77,50.6,Delhi_AnandVihar,28.6469,77.3153
2025-11-09,16.75,1.85,52.45,Delhi_AnandVihar,28.6469,77.3153
2025-11-10,18.08,1.38,47.78,Delhi_AnandVihar,28.6469,77.3153
2025-11-11,17.64,1.72,47.28,Delhi_AnandVihar,28.6469,77.3153
2025-11-12,16.97,2.12,53.47,Delhi_AnandVihar,28.6469,77.3153
2025-11-13,16.77,1.66,51.62,Delhi_AnandVihar,28.6469,77.3153
2025-11-14,16.94,1.53,48.65,Delhi_AnandVihar,28.6469,77.3153
2025-11-15,17.13,1.77,46.68,Delhi_AnandVihar,28.6469,77.3153
2025-11-16,16.31,1.95,47.41,Delhi_AnandVihar,28.6469,77.3153
2025-11-17,16.85,1.5,45.66,Delhi_AnandVihar,28.6469,77.3153
2025-11-18,17.94,1.37,44.29,Delhi_AnandVihar,28.6469,77.3153
2025-11-19,18.32,1.15,50.34,Delhi_AnandVihar,28.6469,77.3153
2025-11-20,17.37,1.31,64.17,Delhi_AnandVihar,28.6469,77.3153
2025-11-21,17.59,1.3,63.95,Delhi_AnandVihar,28.6469,77.3153
2025-11-22,18.52,1.14,55.67,Delhi_AnandVihar,28.6469,77.3153
2025-11-23,18.51,0.94,46.61,Delhi_AnandVihar,28.6469,77.3153
2025-11-24,17.42,1.17,46.77,Delhi_AnandVihar,28.6469,77.3153
2025-11-25,15.89,1.57,48.08,Delhi_AnandVihar,28.6469,77.3153
2025-11-26,16.42,0.96,44.76,Delhi_AnandVihar,28.6469,77.3153
2025-11-27,17.79,0.58,38.62,Delhi_AnandVihar,28.6469,77.3153
2025-11-28,17.18,1.49,53.02,Delhi_AnandVihar,28.6469,77.3153
2025-11-29,16.68,2.11,54.48,Delhi_AnandVihar,28.6469,77.3153
2025-11-30,14.69,2.28,44.21,Delhi_AnandVihar,28.6469,77.3153
2025-12-01,15.52,1.36,41.43,Delhi_AnandVihar,28.6469,77.3153
2025-12-02,16.46,1.12,51.65,Delhi_AnandVihar,28.6469,77.3153
2025-12-03,14.32,1.8,47.51,Delhi_AnandVihar,28.6469,77.3153
2025-12-04,13.37,2.1,49.44,Delhi_AnandVihar,28.6469,77.3153
2025-12-05,13.62,1.5,45.56,Delhi_AnandVihar,28.6469,77.3153
2025-12-06,14.33,2.4,51.46,Delhi_AnandVihar,28.6469,77.3153
2025-12-07,14.68,2.18,44.86,Delhi_AnandVihar,28.6469,77.3153
2025-12-08,16.27,2.56,46.28,Delhi_AnandVihar,28.6469,77.3153
2025-12-09,14.67,2.74,47.23,Delhi_AnandVihar,28.6469,77.3153
2025-12-10,14.82,1.93,45.33,Delhi_AnandVihar,28.6469,77.3153
2025-12-11,15.94,1.66,41.44,Delhi_AnandVihar,28.6469,77.3153
2025-12-12,16.11,1.36,43.09,Delhi_AnandVihar,28.6469,77.3153
2025-12-13,16.52,0.97,51.18,Delhi_AnandVihar,28.6469,77.3153
2025-12-14,17.01,0.94,50.34,Delhi_AnandVihar,28.6469,77.3153
2025-12-15,16.32,1.57,50.13,Delhi_AnandVihar,28.6469,77.3153
2025-12-16,14.36,2.28,53.83,Delhi_AnandVihar,28.6469,77.3153
2025-12-17,14.9,1.99,52.28,Delhi_AnandVihar,28.6469,77.3153
2025-12-18,14.97,1.36,64.01,Delhi_AnandVihar,28.6469,77.3153
2025-12-19,15.45,1.68,59.12,Delhi_AnandVihar,28.6469,77.3153
2025-12-20,14.61,1.0,47.18,Delhi_AnandVihar,28.6469,77.3153
2025-12-21,13.95,1.13,55.99,Delhi_AnandVihar,28.6469,77.3153
2025-12-22,15.97,0.77,59.08,Delhi_AnandVihar,28.6469,77.3153
2025-12-23,16.15,2.14,60.92,Delhi_AnandVihar,28.6469,77.3153
2025-12-24,13.76,2.54,57.15,Delhi_AnandVihar,28.6469,77.3153
2025-12-25,14.21,1.2,48.2,Delhi_AnandVihar,28.6469,77.3153
2025-12-26,14.57,1.01,46.98,Delhi_AnandVihar,28.6469,77.3153
2025-12-27,13.95,1.24,47.65,Delhi_AnandVihar,28.6469,77.3153
2025-12-28,13.37,1.27,47.97,Delhi_AnandVihar,28.6469,77.3153
2025-12-29,14.25,1.45,45.59,Delhi_AnandVihar,28.6469,77.3153
2025-12-30,14.64,1.47,40.85,Delhi_AnandVihar,28.6469,77.3153
2025-12-31,13.62,1.56,51.12,Delhi_AnandVihar,28.6469,77.3153
2026-01-01,14.38,1.05,54.23,Delhi_AnandVihar,28.6469,77.3153
2026-01-02,13.97,1.5,72.27,Delhi_AnandVihar,28.6469,77.3153
2026-01-03,13.04,1.25,70.06,Delhi_AnandVihar,28.6469,77.3153
2026-01-04,12.89,1.18,62.49,Delhi_AnandVihar,28.6469,77.3153
2026-01-05,12.48,1.52,57.14,Delhi_AnandVihar,28.6469,77.3153
2026-01-06,13.71,1.73,49.43,Delhi_AnandVihar,28.6469,77.3153
2026-01-07,12.15,1.46,49.51,Delhi_AnandVihar,28.6469,77.3153
2026-01-08,11.32,1.32,45.38,Delhi_AnandVihar,28.6469,77.3153
2026-01-09,10.87,1.0,45.05,Delhi_AnandVihar,28.6469,77.3153
2026-01-10,12.99,1.64,43.98,Delhi_AnandVihar,28.6469,77.3153
2026-01-11,11.77,1.88,38.63,Delhi_AnandVihar,28.6469,77.3153
2026-01-12,12.42,1.57,37.08,Delhi_AnandVihar,28.6469,77.3153
2026-01-13,12.2,1.75,34.14,Delhi_AnandVihar,28.6469,77.3153
2026-01-14,11.63,1.79,36.11,Delhi_AnandVihar,28.6469,77.3153
2026-01-15,11.66,1.81,36.09,Delhi_AnandVihar,28.6469,77.3153
2026-01-16,14.44,1.28,29.89,Delhi_AnandVihar,28.6469,77.3153
2026-01-17,16.96,0.72,26.46,Delhi_AnandVihar,28.6469,77.3153
2026-01-18,16.51,1.03,35.58,Delhi_AnandVihar,28.6469,77.3153
2026-01-19,18.32,0.89,38.48,Delhi_AnandVihar,28.6469,77.3153
2026-01-20,17.31,1.39,39.07,Delhi_AnandVihar,28.6469,77.3153
2026-01-21,16.71,1.23,39.44,Delhi_AnandVihar,28.6469,77.3153
2026-01-22,17.64,1.37,35.93,Delhi_AnandVihar,28.6469,77.3153
2026-01-23,12.84,2.36,66.75,Delhi_AnandVihar,28.6469,77.3153
2026-01-24,13.48,1.49,70.22,Delhi_AnandVihar,28.6469,77.3153
2026-01-25,13.49,1.63,45.03,Delhi_AnandVihar,28.6469,77.3153
2026-01-26,14.38,0.88,38.49,Delhi_AnandVihar,28.6469,77.3153
2026-01-27,14.26,1.69,63.89,Delhi_AnandVihar,28.6469,77.3153
2026-01-28,15.69,1.21,77.46,Delhi_AnandVihar,28.6469,77.3153
2026-01-29,14.15,1.58,66.1,Delhi_AnandVihar,28.6469,77.3153
2026-01-30,15.81,1.32,53.15,Delhi_AnandVihar,28.6469,77.3153
2026-01-31,17.01,0.87,45.54,Delhi_AnandVihar,28.6469,77.3153
2026-02-01,17.91,1.31,71.39,Delhi_AnandVihar,28.6469,77.3153
2026-02-02,16.64,1.29,70.97,Delhi_AnandVihar,28.6469,77.3153
2026-02-03,16.61,1.09,55.03,Delhi_AnandVihar,28.6469,77.3153
2026-02-04,16.16,1.69,47.52,Delhi_AnandVihar,28.6469,77.3153
2026-02-05,15.94,1.99,45.41,Delhi_AnandVihar,28.6469,77.3153
2026-02-06,16.81,2.22,37.85,Delhi_AnandVihar,28.6469,77.3153
2026-02-07,17.82,2.54,41.13,Delhi_AnandVihar,28.6469,77.3153
2026-02-08,-999.0,-999.0,-999.0,Delhi_AnandVihar,28.6469,77.3153
2026-02-09,-999.0,-999.0,-999.0,Delhi_AnandVihar,28.6469,77.3153
2026-02-10,-999.0,-999.0,-999.0,Delhi_AnandVihar,28.6469,77.3153
2026-02-11,20.34,1.61,35.45,Delhi_AnandVihar,28.6469,77.3153
2026-02-12,19.03,2.01,37.88,Delhi_AnandVihar,28.6469,77.3153
2026-02-13,18.99,1.59,31.9,Delhi_AnandVihar,28.6469,77.3153
2026-02-14,19.67,1.47,30.25,Delhi_AnandVihar,28.6469,77.3153
2026-02-15,-999.0,-999.0,-999.0,Delhi_AnandVihar,28.6469,77.3153
2026-02-16,-999.0,-999.0,-999.0,Delhi_AnandVihar,28.6469,77.3153
2026-02-17,-999.0,-999.0,-999.0,Delhi_AnandVihar,28.6469,77.3153
2025-01-01,15.15,1.67,62.43,Bhopal_TTNagar,23.2336,77.4009
2025-01-02,15.45,1.48,59.81,Bhopal_TTNagar,23.2336,77.4009
2025-01-03,16.53,1.59,58.58,Bhopal_TTNagar,23.2336,77.4009
2025-01-04,17.25,1.33,59.88,Bhopal_TTNagar,23.2336,77.4009
2025-01-05,17.49,1.4,60.02,Bhopal_TTNagar,23.2336,77.4009
2025-01-06,17.55,1.51,63.11,Bhopal_TTNagar,23.2336,77.4009
2025-01-07,14.84,2.07,64.89,Bhopal_TTNagar,23.2336,77.4009
2025-01-08,13.31,1.01,60.26,Bhopal_TTNagar,23.2336,77.4009
2025-01-09,14.45,1.68,55.33,Bhopal_TTNagar,23.2336,77.4009
2025-01-10,15.71,1.58,53.85,Bhopal_TTNagar,23.2336,77.4009
2025-01-11,17.78,1.68,65.78,Bhopal_TTNagar,23.2336,77.4009
2025-01-12,18.05,1.26,75.27,Bhopal_TTNagar,23.2336,77.4009
2025-01-13,14.54,1.73,62.85,Bhopal_TTNagar,23.2336,77.4009
2025-01-14,14.96,1.53,69.37,Bhopal_TTNagar,23.2336,77.4009
2025-01-15,18.59,1.95,67.58,Bhopal_TTNagar,23.2336,77.4009
2025-01-16,19.59,1.63,71.11,Bhopal_TTNagar,23.2336,77.4009
2025-01-17,17.83,1.97,74.09,Bhopal_TTNagar,23.2336,77.4009
2025-01-18,17.08,1.52,73.22,Bhopal_TTNagar,23.2336,77.4009
2025-01-19,18.49,1.23,61.11,Bhopal_TTNagar,23.2336,77.4009
2025-01-20,18.91,1.25,60.21,Bhopal_TTNagar,23.2336,77.4009
2025-01-21,20.17,0.82,59.09,Bhopal_TTNagar,23.2336,77.4009
2025-01-22,20.27,1.33,53.92,Bhopal_TTNagar,23.2336,77.4009
2025-01-23,19.78,1.67,56.0,Bhopal_TTNagar,23.2336,77.4009
2025-01-24,17.81,2.25,63.03,Bhopal_TTNagar,23.2336,77.4009
2025-01-25,17.73,1.56,58.15,Bhopal_TTNagar,23.2336,77.4009
2025-01-26,17.86,1.48,50.35,Bhopal_TTNagar,23.2336,77.4009
2025-01-27,18.08,1.54,44.93,Bhopal_TTNagar,23.2336,77.4009
2025-01-28,19.11,1.38,38.51,Bhopal_TTNagar,23.2336,77.4009
2025-01-29,22.25,1.34,35.65,Bhopal_TTNagar,23.2336,77.4009
2025-01-30,21.62,2.12,37.81,Bhopal_TTNagar,23.2336,77.4009
2025-01-31,20.51,2.18,39.05,Bhopal_TTNagar,23.2336,77.4009
2025-02-01,20.77,1.89,38.73,Bhopal_TTNagar,23.2336,77.4009
2025-02-02,21.65,1.52,37.13,Bhopal_TTNagar,23.2336,77.4009
2025-02-03,23.68,1.7,41.65,Bhopal_TTNagar,23.2336,77.4009
2025-02-04,24.56,1.97,41.55,Bhopal_TTNagar,23.2336,77.4009
2025-02-05,22.15,2.57,38.31,Bhopal_TTNagar,23.2336,77.4009
2025-02-06,19.53,2.54,32.88,Bhopal_TTNagar,23.2336,77.4009
2025-02-07,19.86,1.79,29.9,Bhopal_TTNagar,23.2336,77.4009
2025-02-08,20.74,1.54,25.6,Bhopal_TTNagar,23.2336,77.4009
2025-02-09,23.09,1.63,30.23,Bhopal_TTNagar,23.2336,77.4009
2025-02-10,24.34,1.96,37.29,Bhopal_TTNagar,23.2336,77.4009
2025-02-11,23.15,1.72,24.91,Bhopal_TTNagar,23.2336,77.4009
2025-02-12,21.71,2.23,27.09,Bhopal_TTNagar,23.2336,77.4009
2025-02-13,20.73,2.05,27.02,Bhopal_TTNagar,23.2336,77.4009
2025-02-14,22.11,1.55,22.13,Bhopal_TTNagar,23.2336,77.4009
2025-02-15,23.84,1.89,25.12,Bhopal_TTNagar,23.2336,77.4009
2025-02-16,24.26,1.88,27.62,Bhopal_TTNagar,23.2336,77.4009
2025-02-17,24.72,0.99,27.01,Bhopal_TTNagar,23.2336,77.4009
2025-02-18,24.93,1.44,31.01,Bhopal_TTNagar,23.2336,77.4009
2025-02-19,24.81,1.33,30.75,Bhopal_TTNagar,23.2336,77.4009
2025-02-20,24.72,1.41,29.0,Bhopal_TTNagar,23.2336,77.4009
2025-02-21,23.74,1.75,28.3,Bhopal_TTNagar,23.2336,77.4009
2025-02-22,23.25,1.99,30.51,Bhopal_TTNagar,23.2336,77.4009
2025-02-23,23.14,1.21,25.44,Bhopal_TTNagar,23.2336,77.4009
2025-02-24,22.87,1.71,27.3,Bhopal_TTNagar,23.2336,77.4009
2025-02-25,22.84,1.93,29.05,Bhopal_TTNagar,23.2336,77.4009
2025-02-26,23.72,2.18,29.34,Bhopal_TTNagar,23.2336,77.4009
2025-02-27,25.85,1.86,27.65,Bhopal_TTNagar,23.2336,77.4009
2025-02-28,26.35,2.96,26.22,Bhopal_TTNagar,23.2336,77.4009
2025-03-01,26.53,1.93,29.16,Bhopal_TTNagar,23.2336,77.4009
2025-03-02,26.09,2.27,28.84,Bhopal_TTNagar,23.2336,77.4009
2025-03-03,26.14,1.36,27.92,Bhopal_TTNagar,23.2336,77.4009
2025-03-04,25.59,2.89,24.39,Bhopal_TTNagar,23.2336,77.4009
2025-03-05,20.89,3.44,12.89,Bhopal_TTNagar,23.2336,77.4009
2025-03-06,22.21,2.09,11.31,Bhopal_TTNagar,23.2336,77.4009
2025-03-07,24.74,1.62,12.61,Bhopal_TTNagar,23.2336,77.4009
2025-03-08,25.87,1.71,18.05,Bhopal_TTNagar,23.2336,77.4009
2025-03-09,25.53,2.08,18.62,Bhopal_TTNagar,23.2336,77.4009
2025-03-10,26.31,2.4,21.33,Bhopal_TTNagar,23.2336,77.4009
2025-03-11,27.94,1.36,19.56,Bhopal_TTNagar,23.2336,77.4009
2025-03-12,28.75,2.43,19.85,Bhopal_TTNagar,23.2336,77.4009
2025-03-13,29.18,3.35,15.23,Bhopal_TTNagar,23.2336,77.4009
2025-03-14,28.99,2.78,16.12,Bhopal_TTNagar,23.2336,77.4009
2025-03-15,29.16,1.95,20.08,Bhopal_TTNagar,23.2336,77.4009
2025-03-16,29.7,2.51,22.2,Bhopal_TTNagar,23.2336,77.4009
2025-03-17,28.34,2.21,23.7,Bhopal_TTNagar,23.2336,77.4009
2025-03-18,27.45,1.82,24.06,Bhopal_TTNagar,23.2336,77.4009
2025-03-19,28.47,2.01,19.48,Bhopal_TTNagar,23.2336,77.4009
2025-03-20,28.82,2.06,19.91,Bhopal_TTNagar,23.2336,77.4009
2025-03-21,27.66,2.54,18.22,Bhopal_TTNagar,23.2336,77.4009
2025-03-22,27.23,1.45,21.52,Bhopal_TTNagar,23.2336,77.4009
2025-03-23,28.35,1.64,16.95,Bhopal_TTNagar,23.2336,77.4009
2025-03-24,26.81,1.98,14.86,Bhopal_TTNagar,23.2336,77.4009
2025-03-25,28.54,1.26,13.77,Bhopal_TTNagar,23.2336,77.4009
2025-03-26,30.3,1.49,14.49,Bhopal_TTNagar,23.2336,77.4009
2025-03-27,30.82,2.38,22.48,Bhopal_TTNagar,23.2336,77.4009
2025-03-28,29.96,3.09,18.74,Bhopal_TTNagar,23.2336,77.4009
2025-03-29,27.66,2.31,7.97,Bhopal_TTNagar,23.2336,77.4009
2025-03-30,28.36,1.85,9.31,Bhopal_TTNagar,23.2336,77.4009
2025-03-31,29.57,1.97,10.7,Bhopal_TTNagar,23.2336,77.4009
2025-04-01,29.79,1.62,12.28,Bhopal_TTNagar,23.2336,77.4009
2025-04-02,28.14,1.61,19.07,Bhopal_TTNagar,23.2336,77.4009
2025-04-03,29.42,1.84,34.68,Bhopal_TTNagar,23.2336,77.4009
2025-04-04,30.54,1.97,24.49,Bhopal_TTNagar,23.2336,77.4009
2025-04-05,30.62,2.56,15.16,Bhopal_TTNagar,23.2336,77.4009
2025-04-06,32.7,1.22,15.25,Bhopal_TTNagar,23.2336,77.4009
2025-04-07,33.35,1.35,13.61,Bhopal_TTNagar,23.2336,77.4009
2025-04-08,33.47,1.07,14.79,Bhopal_TTNagar,23.2336,77.4009
2025-04-09,33.32,1.48,17.19,Bhopal_TTNagar,23.2336,77.4009
2025-04-10,33.1,2.75,15.7,Bhopal_TTNagar,23.2336,77.4009
2025-04-11,32.66,4.03,14.59,Bhopal_TTNagar,23.2336,77.4009
2025-04-12,31.48,2.64,24.82,Bhopal_TTNagar,23.2336,77.4009
2025-04-13,32.2,2.17,22.55,Bhopal_TTNagar,23.2336,77.4009
2025-04-14,33.07,2.62,21.23,Bhopal_TTNagar,23.2336,77.4009
2025-04-15,32.48,3.05,24.34,Bhopal_TTNagar,23.2336,77.4009
2025-04-16,32.54,1.85,23.05,Bhopal_TTNagar,23.2336,77.4009
2025-04-17,34.11,1.49,22.11,Bhopal_TTNagar,23.2336,77.4009
2025-04-18,36.15,3.23,15.35,Bhopal_TTNagar,23.2336,77.4009
2025-04-19,35.08,3.97,15.36,Bhopal_TTNagar,23.2336,77.4009
2025-04-20,33.18,3.73,15.7,Bhopal_TTNagar,23.2336,77.4009
2025-04-21,32.96,2.89,14.4,Bhopal_TTNagar,23.2336,77.4009
2025-04-22,33.2,2.18,13.31,Bhopal_TTNagar,23.2336,77.4009
2025-04-23,33.45,2.71,8.59,Bhopal_TTNagar,23.2336,77.4009
2025-04-24,33.15,2.96,8.4,Bhopal_TTNagar,23.2336,77.4009
2025-04-25,34.2,3.54,13.72,Bhopal_TTNagar,23.2336,77.4009
2025-04-26,33.52,3.95,16.66,Bhopal_TTNagar,23.2336,77.4009
2025-04-27,33.45,1.82,16.95,Bhopal_TTNagar,23.2336,77.4009
2025-04-28,34.28,1.8,14.88,Bhopal_TTNagar,23.2336,77.4009
2025-04-29,35.58,3.43,15.65,Bhopal_TTNagar,23.2336,77.4009
2025-04-30,34.77,2.23,15.73,Bhopal_TTNagar,23.2336,77.4009
2025-05-01,34.4,1.95,16.75,Bhopal_TTNagar,23.2336,77.4009
2025-05-02,34.41,2.32,20.25,Bhopal_TTNagar,23.2336,77.4009
2025-05-03,34.78,2.16,20.17,Bhopal_TTNagar,23.2336,77.4009
2025-05-04,33.76,2.54,21.83,Bhopal_TTNagar,23.2336,77.4009
2025-05-05,32.47,2.72,35.1,Bhopal_TTNagar,23.2336,77.4009
2025-05-06,29.63,3.32,41.25,Bhopal_TTNagar,23.2336,77.4009
2025-05-07,27.34,4.05,50.9,Bhopal_TTNagar,23.2336,77.4009
2025-05-08,27.12,3.57,51.45,Bhopal_TTNagar,23.2336,77.4009
2025-05-09,29.96,2.79,47.6,Bhopal_TTNagar,23.2336,77.4009
2025-05-10,32.19,2.55,40.58,Bhopal_TTNagar,23.2336,77.4009
2025-05-11,32.72,2.66,41.99,Bhopal_TTNagar,23.2336,77.4009
2025-05-12,33.8,2.25,38.99,Bhopal_TTNagar,23.2336,77.4009
2025-05-13,34.19,3.37,36.57,Bhopal_TTNagar,23.2336,77.4009
2025-05-14,34.11,1.91,38.64,Bhopal_TTNagar,23.2336,77.4009
2025-05-15,33.97,2.07,37.54,Bhopal_TTNagar,23.2336,77.4009
2025-05-16,35.05,1.86,35.94,Bhopal_TTNagar,23.2336,77.4009
2025-05-17,36.15,2.5,34.09,Bhopal_TTNagar,23.2336,77.4009
2025-05-18,35.81,2.1,39.78,Bhopal_TTNagar,23.2336,77.4009
2025-05-19,35.63,2.65,42.02,Bhopal_TTNagar,23.2336,77.4009
2025-05-20,36.23,2.44,38.09,Bhopal_TTNagar,23.2336,77.4009
2025-05-21,35.91,2.83,36.56,Bhopal_TTNagar,23.2336,77.4009
2025-05-22,33.89,3.24,44.05,Bhopal_TTNagar,23.2336,77.4009
2025-05-23,33.55,1.82,44.19,Bhopal_TTNagar,23.2336,77.4009
2025-05-24,33.22,3.02,43.7,Bhopal_TTNagar,23.2336,77.4009
2025-05-25,32.94,3.35,45.02,Bhopal_TTNagar,23.2336,77.4009
2025-05-26,34.14,1.9,42.75,Bhopal_TTNagar,23.2336,77.4009
2025-05-27,35.94,1.69,37.68,Bhopal_TTNagar,23.2336,77.4009
2025-05-28,32.26,2.73,60.99,Bhopal_TTNagar,23.2336,77.4009
2025-05-29,32.92,2.9,53.77,Bhopal_TTNagar,23.2336,77.4009
2025-05-30,31.99,3.78,56.66,Bhopal_TTNagar,23.2336,77.4009
2025-05-31,31.18,4.67,50.58,Bhopal_TTNagar,23.2336,77.4009
2025-06-01,30.79,4.89,52.79,Bhopal_TTNagar,23.2336,77.4009
2025-06-02,30.31,4.34,54.72,Bhopal_TTNagar,23.2336,77.4009
2025-06-03,29.48,4.37,61.81,Bhopal_TTNagar,23.2336,77.4009
2025-06-04,30.04,1.52,56.28,Bhopal_TTNagar,23.2336,77.4009
2025-06-05,31.67,1.14,44.01,Bhopal_TTNagar,23.2336,77.4009
2025-06-06,31.53,1.66,45.91,Bhopal_TTNagar,23.2336,77.4009
2025-06-07,32.17,2.6,50.68,Bhopal_TTNagar,23.2336,77.4009
2025-06-08,33.23,4.28,40.76,Bhopal_TTNagar,23.2336,77.4009
2025-06-09,34.08,4.18,36.63,Bhopal_TTNagar,23.2336,77.4009
2025-06-10,35.06,4.23,30.04,Bhopal_TTNagar,23.2336,77.4009
2025-06-11,36.21,3.51,29.16,Bhopal_TTNagar,23.2336,77.4009
2025-06-12,35.67,2.63,42.82,Bhopal_TTNagar,23.2336,77.4009
2025-06-13,35.58,2.65,42.81,Bhopal_TTNagar,23.2336,77.4009
2025-06-14,33.21,2.16,55.41,Bhopal_TTNagar,23.2336,77.4009
2025-06-15,31.78,1.82,62.6,Bhopal_TTNagar,23.2336,77.4009
2025-06-16,31.32,3.9,62.15,Bhopal_TTNagar,23.2336,77.4009
2025-06-17,30.32,4.22,59.81,Bhopal_TTNagar,23.2336,77.4009
2025-06-18,29.95,4.79,65.68,Bhopal_TTNagar,23.2336,77.4009
2025-06-19,27.61,4.88,78.63,Bhopal_TTNagar,23.2336,77.4009
2025-06-20,27.85,4.51,73.15,Bhopal_TTNagar,23.2336,77.4009
2025-06-21,28.15,4.51,72.42,Bhopal_TTNagar,23.2336,77.4009
2025-06-22,26.02,5.43,80.35,Bhopal_TTNagar,23.2336,77.4009
2025-06-23,26.43,5.18,83.17,Bhopal_TTNagar,23.2336,77.4009
2025-06-24,26.76,3.67,84.34,Bhopal_TTNagar,23.2336,77.4009
2025-06-25,27.26,3.14,82.96,Bhopal_TTNagar,23.2336,77.4009
2025-06-26,27.35,1.72,84.55,Bhopal_TTNagar,23.2336,77.4009
2025-06-27,27.62,5.0,79.16,Bhopal_TTNagar,23.2336,77.4009
2025-06-28,26.69,3.87,79.33,Bhopal_TTNagar,23.2336,77.4009
2025-06-29,26.38,4.02,85.38,Bhopal_TTNagar,23.2336,77.4009
2025-06-30,27.03,4.94,81.6,Bhopal_TTNagar,23.2336,77.4009
2025-07-01,26.18,3.87,88.39,Bhopal_TTNagar,23.2336,77.4009
2025-07-02,25.84,4.04,85.21,Bhopal_TTNagar,23.2336,77.4009
2025-07-03,26.95,3.91,83.18,Bhopal_TTNagar,23.2336,77.4009
2025-07-04,25.89,3.92,88.99,Bhopal_TTNagar,23.2336,77.4009
2025-07-05,25.76,4.12,91.47,Bhopal_TTNagar,23.2336,77.4009
2025-07-06,26.5,3.75,86.81,Bhopal_TTNagar,23.2336,77.4009
2025-07-07,26.47,3.62,88.33,Bhopal_TTNagar,23.2336,77.4009
2025-07-08,26.08,4.03,88.87,Bhopal_TTNagar,23.2336,77.4009
2025-07-09,26.61,3.37,85.73,Bhopal_TTNagar,23.2336,77.4009
2025-07-10,26.61,2.87,84.33,Bhopal_TTNagar,23.2336,77.4009
2025-07-11,25.91,2.85,87.12,Bhopal_TTNagar,23.2336,77.4009
2025-07-12,25.39,3.51,90.03,Bhopal_TTNagar,23.2336,77.4009
2025-07-13,26.07,3.93,89.25,Bhopal_TTNagar,23.2336,77.4009
2025-07-14,25.89,4.9,88.73,Bhopal_TTNagar,23.2336,77.4009
2025-07-15,26.62,1.99,86.84,Bhopal_TTNagar,23.2336,77.4009
2025-07-16,26.58,1.98,86.33,Bhopal_TTNagar,23.2336,77.4009
2025-07-17,25.83,2.05,89.63,Bhopal_TTNagar,23.2336,77.4009
2025-07-18,24.36,3.34,90.43,Bhopal_TTNagar,23.2336,77.4009
2025-07-19,25.73,2.33,84.78,Bhopal_TTNagar,23.2336,77.4009
2025-07-20,26.6,1.95,82.02,Bhopal_TTNagar,23.2336,77.4009
2025-07-21,28.13,0.88,76.61,Bhopal_TTNagar,23.2336,77.4009
2025-07-22,27.37,1.75,86.2,Bhopal_TTNagar,23.2336,77.4009
2025-07-23,25.92,2.93,93.45,Bhopal_TTNagar,23.2336,77.4009
2025-07-24,26.48,3.3,89.33,Bhopal_TTNagar,23.2336,77.4009
2025-07-25,25.61,3.13,93.67,Bhopal_TTNagar,23.2336,77.4009
2025-07-26,26.64,2.84,90.23,Bhopal_TTNagar,23.2336,77.4009
2025-07-27,25.98,5.56,89.67,Bhopal_TTNagar,23.2336,77.4009
2025-07-28,25.8,5.43,92.79,Bhopal_TTNagar,23.2336,77.4009
2025-07-29,26.36,4.16,94.01,Bhopal_TTNagar,23.2336,77.4009
2025-07-30,24.43,4.03,93.77,Bhopal_TTNagar,23.2336,77.4009
2025-07-31,25.22,3.22,89.63,Bhopal_TTNagar,23.2336,77.4009
2025-08-01,25.38,3.09,88.96,Bhopal_TTNagar,23.2336,77.4009
2025-08-02,25.96,2.92,87.41,Bhopal_TTNagar,23.2336,77.4009
2025-08-03,26.02,2.44,87.33,Bhopal_TTNagar,23.2336,77.4009
2025-08-04,26.22,2.2,86.14,Bhopal_TTNagar,23.2336,77.4009
2025-08-05,25.77,2.23,85.91,Bhopal_TTNagar,23.2336,77.4009
2025-08-06,25.89,1.86,84.03,Bhopal_TTNagar,23.2336,77.4009
2025-08-07,26.03,2.09,84.91,Bhopal_TTNagar,23.2336,77.4009
2025-08-08,25.64,1.79,86.99,Bhopal_TTNagar,23.2336,77.4009
2025-08-09,25.84,0.95,84.81,Bhopal_TTNagar,23.2336,77.4009
2025-08-10,25.75,1.72,88.09,Bhopal_TTNagar,23.2336,77.4009
2025-08-11,26.13,2.51,86.9,Bhopal_TTNagar,23.2336,77.4009
2025-08-12,25.95,2.34,88.87,Bhopal_TTNagar,23.2336,77.4009
2025-08-13,25.7,1.84,88.54,Bhopal_TTNagar,23.2336,77.4009
2025-08-14,26.87,1.05,84.12,Bhopal_TTNagar,23.2336,77.4009
2025-08-15,26.83,1.11,85.31,Bhopal_TTNagar,23.2336,77.4009
2025-08-16,26.87,1.18,86.34,Bhopal_TTNagar,23.2336,77.4009
2025-08-17,27.09,2.03,87.1,Bhopal_TTNagar,23.2336,77.4009
2025-08-18,27.61,1.41,86.46,Bhopal_TTNagar,23.2336,77.4009
2025-08-19,27.36,1.76,88.84,Bhopal_TTNagar,23.2336,77.4009
2025-08-20,25.73,1.91,92.72,Bhopal_TTNagar,23.2336,77.4009
2025-08-21,25.06,3.89,92.11,Bhopal_TTNagar,23.2336,77.4009
2025-08-22,25.04,4.82,91.3,Bhopal_TTNagar,23.2336,77.4009
2025-08-23,24.34,5.78,92.7,Bhopal_TTNagar,23.2336,77.4009
2025-08-24,24.81,5.19,91.16,Bhopal_TTNagar,23.2336,77.4009
2025-08-25,25.35,4.04,89.59,Bhopal_TTNagar,23.2336,77.4009
2025-08-26,26.08,2.03,88.89,Bhopal_TTNagar,23.2336,77.4009
2025-08-27,27.63,1.31,84.04,Bhopal_TTNagar,23.2336,77.4009
2025-08-28,27.33,1.6,88.71,Bhopal_TTNagar,23.2336,77.4009
2025-08-29,27.3,1.89,87.6,Bhopal_TTNagar,23.2336,77.4009
2025-08-30,27.44,1.6,85.09,Bhopal_TTNagar,23.2336,77.4009
2025-08-31,26.45,2.3,90.08,Bhopal_TTNagar,23.2336,77.4009
2025-09-01,25.36,2.37,91.3,Bhopal_TTNagar,23.2336,77.4009
2025-09-02,25.92,1.57,89.08,Bhopal_TTNagar,23.2336,77.4009
2025-09-03,25.86,2.4,90.93,Bhopal_TTNagar,23.2336,77.4009
2025-09-04,26.41,1.51,88.63,Bhopal_TTNagar,23.2336,77.4009
2025-09-05,25.29,2.08,90.14,Bhopal_TTNagar,23.2336,77.4009
2025-09-06,25.75,2.74,91.16,Bhopal_TTNagar,23.2336,77.4009
2025-09-07,25.78,1.85,88.35,Bhopal_TTNagar,23.2336,77.4009
2025-09-08,25.52,1.5,87.24,Bhopal_TTNagar,23.2336,77.4009
2025-09-09,25.43,1.52,87.53,Bhopal_TTNagar,23.2336,77.4009
2025-09-10,24.73,1.88,88.79,Bhopal_TTNagar,23.2336,77.4009
2025-09-11,25.03,1.86,87.09,Bhopal_TTNagar,23.2336,77.4009
2025-09-12,25.63,1.51,85.4,Bhopal_TTNagar,23.2336,77.4009
2025-09-13,26.31,1.62,86.83,Bhopal_TTNagar,23.2336,77.4009
2025-09-14,26.54,1.42,89.11,Bhopal_TTNagar,23.2336,77.4009
2025-09-15,27.04,1.05,86.76,Bhopal_TTNagar,23.2336,77.4009
2025-09-16,26.81,0.77,85.56,Bhopal_TTNagar,23.2336,77.4009
2025-09-17,26.41,1.42,85.07,Bhopal_TTNagar,23.2336,77.4009
2025-09-18,26.97,0.53,81.2,Bhopal_TTNagar,23.2336,77.4009
2025-09-19,26.99,0.82,83.54,Bhopal_TTNagar,23.2336,77.4009
2025-09-20,26.04,1.25,89.94,Bhopal_TTNagar,23.2336,77.4009
2025-09-21,26.58,1.2,85.29,Bhopal_TTNagar,23.2336,77.4009
2025-09-22,26.65,1.39,83.75,Bhopal_TTNagar,23.2336,77.4009
2025-09-23,26.06,1.26,80.09,Bhopal_TTNagar,23.2336,77.4009
2025-09-24,25.85,2.26,85.17,Bhopal_TTNagar,23.2336,77.4009
2025-09-25,25.36,2.53,87.88,Bhopal_TTNagar,23.2336,77.4009
2025-09-26,25.69,2.44,83.95,Bhopal_TTNagar,23.2336,77.4009
2025-09-27,25.13,3.58,90.23,Bhopal_TTNagar,23.2336,77.4009
2025-09-28,26.11,3.08,90.48,Bhopal_TTNagar,23.2336,77.4009
2025-09-29,25.66,2.13,88.67,Bhopal_TTNagar,23.2336,77.4009
2025-09-30,25.11,1.85,87.8,Bhopal_TTNagar,23.2336,77.4009
2025-10-01,25.43,1.26,83.54,Bhopal_TTNagar,23.2336,77.4009
2025-10-02,25.83,0.98,84.03,Bhopal_TTNagar,23.2336,77.4009
2025-10-03,26.18,1.39,86.74,Bhopal_TTNagar,23.2336,77.4009
2025-10-04,25.8,2.16,87.77,Bhopal_TTNagar,23.2336,77.4009
2025-10-05,25.18,2.1,88.95,Bhopal_TTNagar,23.2336,77.4009
2025-10-06,24.18,2.16,87.85,Bhopal_TTNagar,23.2336,77.4009
2025-10-07,24.11,2.13,86.87,Bhopal_TTNagar,23.2336,77.4009
2025-10-08,22.74,1.67,80.21,Bhopal_TTNagar,23.2336,77.4009
2025-10-09,21.89,1.41,77.82,Bhopal_TTNagar,23.2336,77.4009
2025-10-10,21.06,1.27,74.91,Bhopal_TTNagar,23.2336,77.4009
2025-10-11,20.33,1.43,73.85,Bhopal_TTNagar,23.2336,77.4009
2025-10-12,20.96,1.27,69.83,Bhopal_TTNagar,23.2336,77.4009
2025-10-13,21.59,0.97,69.18,Bhopal_TTNagar,23.2336,77.4009
2025-10-14,21.57,1.55,81.13,Bhopal_TTNagar,23.2336,77.4009
2025-10-15,23.47,1.47,85.05,Bhopal_TTNagar,23.2336,77.4009
2025-10-16,24.24,1.07,83.74,Bhopal_TTNagar,23.2336,77.4009
2025-10-17,24.06,0.98,81.09,Bhopal_TTNagar,23.2336,77.4009
2025-10-18,23.59,0.96,79.04,Bhopal_TTNagar,23.2336,77.4009
2025-10-19,23.14,1.15,78.17,Bhopal_TTNagar,23.2336,77.4009
2025-10-20,22.46,1.55,80.21,Bhopal_TTNagar,23.2336,77.4009
2025-10-21,22.94,1.98,84.88,Bhopal_TTNagar,23.2336,77.4009
2025-10-22,24.01,1.78,85.52,Bhopal_TTNagar,23.2336,77.4009
2025-10-23,23.93,1.71,83.73,Bhopal_TTNagar,23.2336,77.4009
2025-10-24,23.64,1.47,83.2,Bhopal_TTNagar,23.2336,77.4009
2025-10-25,23.11,1.31,87.19,Bhopal_TTNagar,23.2336,77.4009
2025-10-26,21.32,2.26,94.09,Bhopal_TTNagar,23.2336,77.4009
2025-10-27,23.82,1.71,86.7,Bhopal_TTNagar,23.2336,77.4009
2025-10-28,24.4,2.11,85.93,Bhopal_TTNagar,23.2336,77.4009
2025-10-29,24.38,3.76,87.53,Bhopal_TTNagar,23.2336,77.4009
2025-10-30,24.19,3.24,89.14,Bhopal_TTNagar,23.2336,77.4009
2025-10-31,23.64,1.47,86.85,Bhopal_TTNagar,23.2336,77.4009
2025-11-01,24.68,1.03,84.81,Bhopal_TTNagar,23.2336,77.4009
2025-11-02,24.97,1.04,84.22,Bhopal_TTNagar,23.2336,77.4009
2025-11-03,24.59,0.98,81.66,Bhopal_TTNagar,23.2336,77.4009
2025-11-04,23.59,1.74,84.63,Bhopal_TTNagar,23.2336,77.4009
2025-11-05,22.54,1.54,77.87,Bhopal_TTNagar,23.2336,77.4009
2025-11-06,19.92,1.73,66.48,Bhopal_TTNagar,23.2336,77.4009
2025-11-07,17.48,1.37,64.12,Bhopal_TTNagar,23.2336,77.4009
2025-11-08,16.51,1.31,63.7,Bhopal_TTNagar,23.2336,77.4009
2025-11-09,17.14,1.1,57.7,Bhopal_TTNagar,23.2336,77.4009
2025-11-10,18.56,0.73,53.06,Bhopal_TTNagar,23.2336,77.4009
2025-11-11,19.06,0.71,53.01,Bhopal_TTNagar,23.2336,77.4009
2025-11-12,18.29,1.2,58.67,Bhopal_TTNagar,23.2336,77.4009
2025-11-13,17.7,1.2,61.2,Bhopal_TTNagar,23.2336,77.4009
2025-11-14,16.93,1.3,67.81,Bhopal_TTNagar,23.2336,77.4009
2025-11-15,16.19,1.43,67.31,Bhopal_TTNagar,23.2336,77.4009
2025-11-16,15.41,1.72,65.54,Bhopal_TTNagar,23.2336,77.4009
2025-11-17,14.22,1.8,72.95,Bhopal_TTNagar,23.2336,77.4009
2025-11-18,14.69,1.56,76.18,Bhopal_TTNagar,23.2336,77.4009
2025-11-19,15.49,1.19,75.74,Bhopal_TTNagar,23.2336,77.4009
2025-11-20,16.28,1.26,76.87,Bhopal_TTNagar,23.2336,77.4009
2025-11-21,17.38,0.96,73.24,Bhopal_TTNagar,23.2336,77.4009
2025-11-22,18.23,0.93,65.73,Bhopal_TTNagar,23.2336,77.4009
2025-11-23,18.48,1.11,68.46,Bhopal_TTNagar,23.2336,77.4009
2025-11-24,19.83,1.14,77.94,Bhopal_TTNagar,23.2336,77.4009
2025-11-25,20.41,1.04,81.67,Bhopal_TTNagar,23.2336,77.4009
2025-11-26,20.18,1.5,82.11,Bhopal_TTNagar,23.2336,77.4009
2025-11-27,20.26,1.74,80.46,Bhopal_TTNagar,23.2336,77.4009
2025-11-28,17.48,2.21,70.07,Bhopal_TTNagar,23.2336,77.4009
2025-11-29,16.4,1.73,69.36,Bhopal_TTNagar,23.2336,77.4009
2025-11-30,17.18,1.57,68.87,Bhopal_TTNagar,23.2336,77.4009
2025-12-01,17.71,1.37,73.72,Bhopal_TTNagar,23.2336,77.4009
2025-12-02,17.92,1.22,72.54,Bhopal_TTNagar,23.2336,77.4009
2025-12-03,17.8,1.75,72.17,Bhopal_TTNagar,23.2336,77.4009
2025-12-04,17.01,1.86,74.06,Bhopal_TTNagar,23.2336,77.4009
2025-12-05,15.93,1.62,68.24,Bhopal_TTNagar,23.2336,77.4009
2025-12-06,15.53,1.57,64.64,Bhopal_TTNagar,23.2336,77.4009
2025-12-07,16.79,1.31,53.14,Bhopal_TTNagar,23.2336,77.4009
2025-12-08,16.9,1.46,53.29,Bhopal_TTNagar,23.2336,77.4009
2025-12-09,16.45,1.73,57.22,Bhopal_TTNagar,23.2336,77.4009
2025-12-10,16.81,1.23,52.25,Bhopal_TTNagar,23.2336,77.4009
2025-12-11,16.56,1.25,53.67,Bhopal_TTNagar,23.2336,77.4009
2025-12-12,16.49,1.45,56.36,Bhopal_TTNagar,23.2336,77.4009
2025-12-13,16.63,1.67,59.49,Bhopal_TTNagar,23.2336,77.4009
2025-12-14,15.38,1.98,71.14,Bhopal_TTNagar,23.2336,77.4009
2025-12-15,14.87,1.65,72.37,Bhopal_TTNagar,23.2336,77.4009
2025-12-16,15.33,1.57,67.31,Bhopal_TTNagar,23.2336,77.4009
2025-12-17,16.02,1.25,63.04,Bhopal_TTNagar,23.2336,77.4009
2025-12-18,15.92,1.63,62.62,Bhopal_TTNagar,23.2336,77.4009
2025-12-19,15.22,1.88,66.23,Bhopal_TTNagar,23.2336,77.4009
2025-12-20,15.01,1.64,65.68,Bhopal_TTNagar,23.2336,77.4009
2025-12-21,15.1,1.67,63.08,Bhopal_TTNagar,23.2336,77.4009
2025-12-22,15.76,1.74,67.88,Bhopal_TTNagar,23.2336,77.4009
2025-12-23,16.58,1.72,66.85,Bhopal_TTNagar,23.2336,77.4009
2025-12-24,17.08,1.43,63.46,Bhopal_TTNagar,23.2336,77.4009
2025-12-25,15.54,1.43,66.33,Bhopal_TTNagar,23.2336,77.4009
2025-12-26,14.94,1.6,62.02,Bhopal_TTNagar,23.2336,77.4009
2025-12-27,14.72,1.3,61.52,Bhopal_TTNagar,23.2336,77.4009
2025-12-28,15.16,1.17,59.33,Bhopal_TTNagar,23.2336,77.4009
2025-12-29,15.3,1.26,55.27,Bhopal_TTNagar,23.2336,77.4009
2025-12-30,17.13,1.35,51.7,Bhopal_TTNagar,23.2336,77.4009
2025-12-31,17.93,1.27,52.44,Bhopal_TTNagar,23.2336,77.4009
2026-01-01,17.95,0.82,64.83,Bhopal_TTNagar,23.2336,77.4009
2026-01-02,18.03,1.0,71.61,Bhopal_TTNagar,23.2336,77.4009
2026-01-03,16.35,1.41,76.54,Bhopal_TTNagar,23.2336,77.4009
2026-01-04,15.56,1.35,72.43,Bhopal_TTNagar,23.2336,77.4009
2026-01-05,14.26,1.65,67.04,Bhopal_TTNagar,23.2336,77.4009
2026-01-06,14.74,1.27,62.5,Bhopal_TTNagar,23.2336,77.4009
2026-01-07,15.35,1.41,65.33,Bhopal_TTNagar,23.2336,77.4009
2026-01-08,15.86,1.42,64.15,Bhopal_TTNagar,23.2336,77.4009
2026-01-09,16.62,1.12,59.3,Bhopal_TTNagar,23.2336,77.4009
2026-01-10,17.13,0.98,55.19,Bhopal_TTNagar,23.2336,77.4009
2026-01-11,16.8,1.13,60.32,Bhopal_TTNagar,23.2336,77.4009
2026-01-12,16.45,1.37,67.66,Bhopal_TTNagar,23.2336,77.4009
2026-01-13,17.13,1.28,65.35,Bhopal_TTNagar,23.2336,77.4009
2026-01-14,17.75,1.27,66.62,Bhopal_TTNagar,23.2336,77.4009
2026-01-15,16.54,1.3,63.11,Bhopal_TTNagar,23.2336,77.4009
2026-01-16,16.75,1.03,54.4,Bhopal_TTNagar,23.2336,77.4009
2026-01-17,18.97,0.82,49.94,Bhopal_TTNagar,23.2336,77.4009
2026-01-18,19.9,1.29,58.57,Bhopal_TTNagar,23.2336,77.4009
2026-01-19,19.82,0.89,68.18,Bhopal_TTNagar,23.2336,77.4009
2026-01-20,18.9,1.39,67.18,Bhopal_TTNagar,23.2336,77.4009
2026-01-21,18.06,1.41,64.11,Bhopal_TTNagar,23.2336,77.4009
2026-01-22,20.34,0.94,58.01,Bhopal_TTNagar,23.2336,77.4009
2026-01-23,20.38,1.79,62.84,Bhopal_TTNagar,23.2336,77.4009
2026-01-24,19.12,1.89,71.23,Bhopal_TTNagar,23.2336,77.4009
2026-01-25,17.56,1.82,72.73,Bhopal_TTNagar,23.2336,77.4009
2026-01-26,19.51,1.34,65.11,Bhopal_TTNagar,23.2336,77.4009
2026-01-27,20.3,1.55,69.04,Bhopal_TTNagar,23.2336,77.4009
2026-01-28,19.1,1.52,71.73,Bhopal_TTNagar,23.2336,77.4009
2026-01-29,16.55,1.59,72.72,Bhopal_TTNagar,23.2336,77.4009
2026-01-30,18.0,1.44,67.02,Bhopal_TTNagar,23.2336,77.4009
2026-01-31,19.39,1.78,60.76,Bhopal_TTNagar,23.2336,77.4009
2026-02-01,20.22,1.0,64.45,Bhopal_TTNagar,23.2336,77.4009
2026-02-02,20.54,0.96,57.47,Bhopal_TTNagar,23.2336,77.4009
2026-02-03,19.41,1.8,70.64,Bhopal_TTNagar,23.2336,77.4009
2026-02-04,20.5,2.0,64.55,Bhopal_TTNagar,23.2336,77.4009
2026-02-05,19.49,1.62,64.88,Bhopal_TTNagar,23.2336,77.4009
2026-02-06,19.58,1.48,56.33,Bhopal_TTNagar,23.2336,77.4009
2026-02-07,19.56,1.24,50.43,Bhopal_TTNagar,23.2336,77.4009
2026-02-08,-999.0,-999.0,-999.0,Bhopal_TTNagar,23.2336,77.4009
2026-02-09,-999.0,-999.0,-999.0,Bhopal_TTNagar,23.2336,77.4009
2026-02-10,-999.0,-999.0,-999.0,Bhopal_TTNagar,23.2336,77.4009
2026-02-11,22.69,1.08,50.71,Bhopal_TTNagar,23.2336,77.4009
2026-02-12,22.07,1.5,54.44,Bhopal_TTNagar,23.2336,77.4009
2026-02-13,21.96,1.23,54.02,Bhopal_TTNagar,23.2336,77.4009
2026-02-14,21.84,1.32,51.36,Bhopal_TTNagar,23.2336,77.4009
2026-02-15,-999.0,-999.0,-999.0,Bhopal_TTNagar,23.2336,77.4009
2026-02-16,-999.0,-999.0,-999.0,Bhopal_TTNagar,23.2336,77.4009
2026-02-17,-999.0,-999.0,-999.0,Bhopal_TTNagar,23.2336,77.4009
2025-01-01,24.25,2.11,68.91,Mumbai_Sion,19.047,72.8746
2025-01-02,24.18,2.33,59.35,Mumbai_Sion,19.047,72.8746
2025-01-03,22.78,2.75,51.64,Mumbai_Sion,19.047,72.8746
2025-01-04,22.4,2.33,52.93,Mumbai_Sion,19.047,72.8746
2025-01-05,22.43,1.51,57.64,Mumbai_Sion,19.047,72.8746
2025-01-06,21.63,2.06,61.43,Mumbai_Sion,19.047,72.8746
2025-01-07,22.27,2.11,58.15,Mumbai_Sion,19.047,72.8746
2025-01-08,22.38,2.74,55.6,Mumbai_Sion,19.047,72.8746
2025-01-09,22.55,2.72,47.35,Mumbai_Sion,19.047,72.8746
2025-01-10,22.74,2.29,56.5,Mumbai_Sion,19.047,72.8746
2025-01-11,22.49,1.73,64.19,Mumbai_Sion,19.047,72.8746
2025-01-12,22.18,1.93,64.08,Mumbai_Sion,19.047,72.8746
2025-01-13,23.7,2.6,63.03,Mumbai_Sion,19.047,72.8746
2025-01-14,24.32,2.31,61.74,Mumbai_Sion,19.047,72.8746
2025-01-15,24.73,2.05,66.68,Mumbai_Sion,19.047,72.8746
2025-01-16,24.19,1.65,66.17,Mumbai_Sion,19.047,72.8746
2025-01-17,24.94,2.9,56.29,Mumbai_Sion,19.047,72.8746
2025-01-18,24.64,3.26,51.64,Mumbai_Sion,19.047,72.8746
2025-01-19,24.09,2.47,52.92,Mumbai_Sion,19.047,72.8746
2025-01-20,24.24,2.18,50.13,Mumbai_Sion,19.047,72.8746
2025-01-21,23.72,1.91,50.94,Mumbai_Sion,19.047,72.8746
2025-01-22,23.63,1.79,51.95,Mumbai_Sion,19.047,72.8746
2025-01-23,23.4,1.99,51.46,Mumbai_Sion,19.047,72.8746
2025-01-24,24.75,2.27,53.97,Mumbai_Sion,19.047,72.8746
2025-01-25,26.19,2.37,52.91,Mumbai_Sion,19.047,72.8746
2025-01-26,26.44,2.17,50.87,Mumbai_Sion,19.047,72.8746
2025-01-27,26.02,1.85,49.78,Mumbai_Sion,19.047,72.8746
2025-01-28,25.55,1.46,47.92,Mumbai_Sion,19.047,72.8746
2025-01-29,25.52,1.59,46.76,Mumbai_Sion,19.047,72.8746
2025-01-30,24.91,1.81,49.07,Mumbai_Sion,19.047,72.8746
2025-01-31,23.58,1.76,53.3,Mumbai_Sion,19.047,72.8746
2025-02-01,23.02,1.94,55.8,Mumbai_Sion,19.047,72.8746
2025-02-02,24.32,1.7,47.32,Mumbai_Sion,19.047,72.8746
2025-02-03,24.27,1.86,54.08,Mumbai_Sion,19.047,72.8746
2025-02-04,23.48,2.15,57.64,Mumbai_Sion,19.047,72.8746
2025-02-05,23.93,2.37,46.89,Mumbai_Sion,19.047,72.8746
2025-02-06,25.5,1.84,48.34,Mumbai_Sion,19.047,72.8746
2025-02-07,26.73,2.37,49.26,Mumbai_Sion,19.047,72.8746
2025-02-08,27.08,1.73,47.38,Mumbai_Sion,19.047,72.8746
2025-02-09,27.21,1.84,46.35,Mumbai_Sion,19.047,72.8746
2025-02-10,26.69,2.19,42.53,Mumbai_Sion,19.047,72.8746
2025-02-11,25.99,2.09,40.72,Mumbai_Sion,19.047,72.8746
2025-02-12,25.88,2.23,37.42,Mumbai_Sion,19.047,72.8746
2025-02-13,26.87,2.39,32.54,Mumbai_Sion,19.047,72.8746
2025-02-14,27.32,2.79,32.27,Mumbai_Sion,19.047,72.8746
2025-02-15,27.51,2.58,30.96,Mumbai_Sion,19.047,72.8746
2025-02-16,27.19,2.38,33.64,Mumbai_Sion,19.047,72.8746
2025-02-17,27.19,2.27,40.96,Mumbai_Sion,19.047,72.8746
2025-02-18,27.59,2.22,38.47,Mumbai_Sion,19.047,72.8746
2025-02-19,27.36,2.32,40.6,Mumbai_Sion,19.047,72.8746
2025-02-20,28.16,2.7,35.31,Mumbai_Sion,19.047,72.8746
2025-02-21,28.94,3.11,29.24,Mumbai_Sion,19.047,72.8746
2025-02-22,29.28,2.81,29.68,Mumbai_Sion,19.047,72.8746
2025-02-23,29.1,2.65,28.85,Mumbai_Sion,19.047,72.8746
2025-02-24,29.17,2.69,26.56,Mumbai_Sion,19.047,72.8746
2025-02-25,29.47,2.49,28.68,Mumbai_Sion,19.047,72.8746
2025-02-26,29.86,2.03,32.05,Mumbai_Sion,19.047,72.8746
2025-02-27,29.84,2.45,32.37,Mumbai_Sion,19.047,72.8746
2025-02-28,29.71,2.12,32.22,Mumbai_Sion,19.047,72.8746
2025-03-01,29.61,2.23,35.58,Mumbai_Sion,19.047,72.8746
2025-03-02,29.43,2.61,34.91,Mumbai_Sion,19.047,72.8746
2025-03-03,29.92,3.09,31.6,Mumbai_Sion,19.047,72.8746
2025-03-04,29.9,3.56,27.22,Mumbai_Sion,19.047,72.8746
2025-03-05,29.34,2.86,18.57,Mumbai_Sion,19.047,72.8746
2025-03-06,28.67,3.11,17.61,Mumbai_Sion,19.047,72.8746
2025-03-07,29.04,2.68,21.5,Mumbai_Sion,19.047,72.8746
2025-03-08,29.14,2.25,31.87,Mumbai_Sion,19.047,72.8746
2025-03-09,30.18,2.25,39.44,Mumbai_Sion,19.047,72.8746
2025-03-10,31.55,2.4,29.08,Mumbai_Sion,19.047,72.8746
2025-03-11,31.97,2.34,35.49,Mumbai_Sion,19.047,72.8746
2025-03-12,31.63,1.81,40.79,Mumbai_Sion,19.047,72.8746
2025-03-13,31.33,2.09,41.68,Mumbai_Sion,19.047,72.8746
2025-03-14,30.55,2.21,45.59,Mumbai_Sion,19.047,72.8746
2025-03-15,30.33,2.29,45.16,Mumbai_Sion,19.047,72.8746
2025-03-16,30.04,2.58,45.97,Mumbai_Sion,19.047,72.8746
2025-03-17,29.52,2.69,42.97,Mumbai_Sion,19.047,72.8746
2025-03-18,29.41,1.95,43.21,Mumbai_Sion,19.047,72.8746
2025-03-19,28.73,1.83,48.4,Mumbai_Sion,19.047,72.8746
2025-03-20,29.23,2.86,40.1,Mumbai_Sion,19.047,72.8746
2025-03-21,27.68,2.35,48.31,Mumbai_Sion,19.047,72.8746
2025-03-22,28.84,2.07,44.3,Mumbai_Sion,19.047,72.8746
2025-03-23,30.07,1.81,43.43,Mumbai_Sion,19.047,72.8746
2025-03-24,30.72,1.8,46.84,Mumbai_Sion,19.047,72.8746
2025-03-25,30.67,2.11,39.7,Mumbai_Sion,19.047,72.8746
2025-03-26,29.33,2.14,51.77,Mumbai_Sion,19.047,72.8746
2025-03-27,28.63,2.4,52.73,Mumbai_Sion,19.047,72.8746
2025-03-28,29.84,2.19,46.97,Mumbai_Sion,19.047,72.8746
2025-03-29,31.78,2.36,23.77,Mumbai_Sion,19.047,72.8746
2025-03-30,32.06,1.85,28.11,Mumbai_Sion,19.047,72.8746
2025-03-31,32.49,1.6,40.92,Mumbai_Sion,19.047,72.8746
2025-04-01,32.48,1.69,37.36,Mumbai_Sion,19.047,72.8746
2025-04-02,33.0,2.3,39.44,Mumbai_Sion,19.047,72.8746
2025-04-03,30.55,1.83,57.68,Mumbai_Sion,19.047,72.8746
2025-04-04,30.67,2.01,53.09,Mumbai_Sion,19.047,72.8746
2025-04-05,31.68,2.5,39.45,Mumbai_Sion,19.047,72.8746
2025-04-06,32.01,2.35,42.12,Mumbai_Sion,19.047,72.8746
2025-04-07,32.6,2.46,40.05,Mumbai_Sion,19.047,72.8746
2025-04-08,33.21,2.38,30.76,Mumbai_Sion,19.047,72.8746
2025-04-09,32.71,2.35,41.76,Mumbai_Sion,19.047,72.8746
2025-04-10,31.19,2.26,57.75,Mumbai_Sion,19.047,72.8746
2025-04-11,30.25,2.21,56.84,Mumbai_Sion,19.047,72.8746
2025-04-12,29.91,2.09,57.67,Mumbai_Sion,19.047,72.8746
2025-04-13,31.21,2.6,52.92,Mumbai_Sion,19.047,72.8746
2025-04-14,31.71,3.22,47.64,Mumbai_Sion,19.047,72.8746
2025-04-15,31.08,2.71,51.84,Mumbai_Sion,19.047,72.8746
2025-04-16,30.8,2.36,60.95,Mumbai_Sion,19.047,72.8746
2025-04-17,30.89,2.12,58.98,Mumbai_Sion,19.047,72.8746
2025-04-18,31.07,2.14,58.49,Mumbai_Sion,19.047,72.8746
2025-04-19,31.3,2.38,56.71,Mumbai_Sion,19.047,72.8746
2025-04-20,31.14,2.39,53.89,Mumbai_Sion,19.047,72.8746
2025-04-21,31.38,2.34,56.84,Mumbai_Sion,19.047,72.8746
2025-04-22,32.04,2.43,50.28,Mumbai_Sion,19.047,72.8746
2025-04-23,32.48,1.9,49.17,Mumbai_Sion,19.047,72.8746
2025-04-24,32.0,1.82,49.69,Mumbai_Sion,19.047,72.8746
2025-04-25,31.43,1.91,46.44,Mumbai_Sion,19.047,72.8746
2025-04-26,31.63,1.75,48.24,Mumbai_Sion,19.047,72.8746
2025-04-27,32.0,2.32,50.96,Mumbai_Sion,19.047,72.8746
2025-04-28,32.22,2.14,52.29,Mumbai_Sion,19.047,72.8746
2025-04-29,31.48,2.08,54.1,Mumbai_Sion,19.047,72.8746
2025-04-30,31.56,2.19,54.02,Mumbai_Sion,19.047,72.8746
2025-05-01,32.02,2.59,54.24,Mumbai_Sion,19.047,72.8746
2025-05-02,32.26,2.6,53.25,Mumbai_Sion,19.047,72.8746
2025-05-03,31.55,2.21,53.47,Mumbai_Sion,19.047,72.8746
2025-05-04,29.54,2.22,59.54,Mumbai_Sion,19.047,72.8746
2025-05-05,30.58,2.0,61.88,Mumbai_Sion,19.047,72.8746
2025-05-06,29.53,1.82,61.27,Mumbai_Sion,19.047,72.8746
2025-05-07,28.52,2.76,69.58,Mumbai_Sion,19.047,72.8746
2025-05-08,27.9,2.72,78.09,Mumbai_Sion,19.047,72.8746
2025-05-09,28.68,2.73,75.34,Mumbai_Sion,19.047,72.8746
2025-05-10,29.46,2.11,68.94,Mumbai_Sion,19.047,72.8746
2025-05-11,30.0,2.06,63.86,Mumbai_Sion,19.047,72.8746
2025-05-12,30.54,1.94,64.26,Mumbai_Sion,19.047,72.8746
2025-05-13,30.67,1.6,65.33,Mumbai_Sion,19.047,72.8746
2025-05-14,30.94,1.59,65.6,Mumbai_Sion,19.047,72.8746
2025-05-15,30.49,1.59,69.38,Mumbai_Sion,19.047,72.8746
2025-05-16,30.02,1.94,72.07,Mumbai_Sion,19.047,72.8746
2025-05-17,29.98,2.07,72.55,Mumbai_Sion,19.047,72.8746
2025-05-18,30.03,1.82,72.92,Mumbai_Sion,19.047,72.8746
2025-05-19,28.93,2.01,80.02,Mumbai_Sion,19.047,72.8746
2025-05-20,29.61,1.68,81.77,Mumbai_Sion,19.047,72.8746
2025-05-21,29.1,1.6,83.04,Mumbai_Sion,19.047,72.8746
2025-05-22,28.57,1.23,83.3,Mumbai_Sion,19.047,72.8746
2025-05-23,29.62,1.68,77.21,Mumbai_Sion,19.047,72.8746
2025-05-24,28.48,1.78,84.38,Mumbai_Sion,19.047,72.8746
2025-05-25,27.79,3.27,86.53,Mumbai_Sion,19.047,72.8746
2025-05-26,28.04,4.11,86.8,Mumbai_Sion,19.047,72.8746
2025-05-27,27.43,2.87,89.56,Mumbai_Sion,19.047,72.8746
2025-05-28,28.25,2.96,88.13,Mumbai_Sion,19.047,72.8746
2025-05-29,28.33,3.14,88.6,Mumbai_Sion,19.047,72.8746
2025-05-30,28.86,3.54,82.54,Mumbai_Sion,19.047,72.8746
2025-05-31,28.78,3.57,81.77,Mumbai_Sion,19.047,72.8746
2025-06-01,28.89,3.76,82.82,Mumbai_Sion,19.047,72.8746
2025-06-02,28.41,3.85,84.43,Mumbai_Sion,19.047,72.8746
2025-06-03,28.28,3.73,84.52,Mumbai_Sion,19.047,72.8746
2025-06-04,27.98,2.7,83.16,Mumbai_Sion,19.047,72.8746
2025-06-05,28.16,1.8,81.56,Mumbai_Sion,19.047,72.8746
2025-06-06,28.17,1.8,82.59,Mumbai_Sion,19.047,72.8746
2025-06-07,27.69,1.77,84.61,Mumbai_Sion,19.047,72.8746
2025-06-08,28.34,1.93,81.89,Mumbai_Sion,19.047,72.8746
2025-06-09,28.45,2.77,81.76,Mumbai_Sion,19.047,72.8746
2025-06-10,28.51,2.52,79.95,Mumbai_Sion,19.047,72.8746
2025-06-11,28.52,2.68,83.45,Mumbai_Sion,19.047,72.8746
2025-06-12,28.35,3.3,89.0,Mumbai_Sion,19.047,72.8746
2025-06-13,27.81,3.1,89.31,Mumbai_Sion,19.047,72.8746
2025-06-14,28.28,2.0,89.91,Mumbai_Sion,19.047,72.8746
2025-06-15,27.63,2.81,93.16,Mumbai_Sion,19.047,72.8746
2025-06-16,27.37,5.34,91.02,Mumbai_Sion,19.047,72.8746
2025-06-17,28.04,5.86,86.35,Mumbai_Sion,19.047,72.8746
2025-06-18,27.91,5.29,88.7,Mumbai_Sion,19.047,72.8746
2025-06-19,27.38,5.02,90.74,Mumbai_Sion,19.047,72.8746
2025-06-20,27.75,5.01,88.72,Mumbai_Sion,19.047,72.8746
2025-06-21,27.61,4.68,88.63,Mumbai_Sion,19.047,72.8746
2025-06-22,27.48,4.81,88.28,Mumbai_Sion,19.047,72.8746
2025-06-23,27.38,5.42,88.5,Mumbai_Sion,19.047,72.8746
2025-06-24,27.29,4.97,89.75,Mumbai_Sion,19.047,72.8746
2025-06-25,27.45,5.09,88.88,Mumbai_Sion,19.047,72.8746
2025-06-26,27.23,4.92,89.04,Mumbai_Sion,19.047,72.8746
2025-06-27,27.11,5.15,89.33,Mumbai_Sion,19.047,72.8746
2025-06-28,27.06,5.57,87.28,Mumbai_Sion,19.047,72.8746
2025-06-29,26.75,4.81,90.34,Mumbai_Sion,19.047,72.8746
2025-06-30,27.05,5.08,89.31,Mumbai_Sion,19.047,72.8746
2025-07-01,26.73,4.59,90.0,Mumbai_Sion,19.047,72.8746
2025-07-02,26.55,4.05,91.28,Mumbai_Sion,19.047,72.8746
2025-07-03,26.79,5.26,89.93,Mumbai_Sion,19.047,72.8746
2025-07-04,26.84,5.57,89.85,Mumbai_Sion,19.047,72.8746
2025-07-05,26.61,5.04,91.31,Mumbai_Sion,19.047,72.8746
2025-07-06,26.55,5.18,90.09,Mumbai_Sion,19.047,72.8746
2025-07-07,26.54,4.47,89.8,Mumbai_Sion,19.047,72.8746
2025-07-08,26.49,4.14,90.65,Mumbai_Sion,19.047,72.8746
2025-07-09,26.44,3.8,90.84,Mumbai_Sion,19.047,72.8746
2025-07-10,26.73,3.37,90.55,Mumbai_Sion,19.047,72.8746
2025-07-11,26.77,3.13,90.09,Mumbai_Sion,19.047,72.8746
2025-07-12,26.73,3.35,89.88,Mumbai_Sion,19.047,72.8746
2025-07-13,26.8,3.7,89.74,Mumbai_Sion,19.047,72.8746
2025-07-14,26.91,4.56,90.52,Mumbai_Sion,19.047,72.8746
2025-07-15,26.94,3.85,90.66,Mumbai_Sion,19.047,72.8746
2025-07-16,26.83,3.0,90.72,Mumbai_Sion,19.047,72.8746
2025-07-17,26.68,2.55,89.74,Mumbai_Sion,19.047,72.8746
2025-07-18,26.79,2.67,88.48,Mumbai_Sion,19.047,72.8746
2025-07-19,26.78,2.87,89.53,Mumbai_Sion,19.047,72.8746
2025-07-20,27.09,2.96,88.76,Mumbai_Sion,19.047,72.8746
2025-07-21,26.9,3.16,90.87,Mumbai_Sion,19.047,72.8746
2025-07-22,26.74,3.25,90.66,Mumbai_Sion,19.047,72.8746
2025-07-23,26.48,3.72,91.73,Mumbai_Sion,19.047,72.8746
2025-07-24,26.71,4.14,91.19,Mumbai_Sion,19.047,72.8746
2025-07-25,26.5,4.44,91.9,Mumbai_Sion,19.047,72.8746
2025-07-26,26.1,4.92,92.51,Mumbai_Sion,19.047,72.8746
2025-07-27,26.1,5.41,90.58,Mumbai_Sion,19.047,72.8746
2025-07-28,26.02,5.55,89.98,Mumbai_Sion,19.047,72.8746
2025-07-29,25.77,5.5,90.45,Mumbai_Sion,19.047,72.8746
2025-07-30,25.87,4.2,91.19,Mumbai_Sion,19.047,72.8746
2025-07-31,26.15,4.23,90.38,Mumbai_Sion,19.047,72.8746
2025-08-01,26.1,3.5,90.25,Mumbai_Sion,19.047,72.8746
2025-08-02,25.9,2.79,90.73,Mumbai_Sion,19.047,72.8746
2025-08-03,26.26,2.5,89.67,Mumbai_Sion,19.047,72.8746
2025-08-04,26.3,2.31,89.53,Mumbai_Sion,19.047,72.8746
2025-08-05,26.35,1.96,89.21,Mumbai_Sion,19.047,72.8746
2025-08-06,26.58,1.73,88.0,Mumbai_Sion,19.047,72.8746
2025-08-07,26.54,1.82,88.8,Mumbai_Sion,19.047,72.8746
2025-08-08,26.47,1.49,88.25,Mumbai_Sion,19.047,72.8746
2025-08-09,26.35,1.65,87.62,Mumbai_Sion,19.047,72.8746
2025-08-10,26.23,1.57,87.57,Mumbai_Sion,19.047,72.8746
2025-08-11,26.28,2.21,89.3,Mumbai_Sion,19.047,72.8746
2025-08-12,26.26,2.03,88.8,Mumbai_Sion,19.047,72.8746
2025-08-13,26.16,2.2,90.4,Mumbai_Sion,19.047,72.8746
2025-08-14,26.1,2.6,90.64,Mumbai_Sion,19.047,72.8746
2025-08-15,25.72,2.24,92.22,Mumbai_Sion,19.047,72.8746
2025-08-16,25.75,2.76,92.74,Mumbai_Sion,19.047,72.8746
2025-08-17,26.08,3.45,93.43,Mumbai_Sion,19.047,72.8746
2025-08-18,25.64,5.11,93.61,Mumbai_Sion,19.047,72.8746
2025-08-19,25.59,5.25,93.58,Mumbai_Sion,19.047,72.8746
2025-08-20,25.55,5.57,92.0,Mumbai_Sion,19.047,72.8746
2025-08-21,25.99,4.63,90.71,Mumbai_Sion,19.047,72.8746
2025-08-22,25.99,4.25,89.86,Mumbai_Sion,19.047,72.8746
2025-08-23,25.82,4.54,89.15,Mumbai_Sion,19.047,72.8746
2025-08-24,25.88,4.57,88.07,Mumbai_Sion,19.047,72.8746
2025-08-25,25.55,4.13,90.68,Mumbai_Sion,19.047,72.8746
2025-08-26,25.64,3.47,91.85,Mumbai_Sion,19.047,72.8746
2025-08-27,25.81,2.04,92.52,Mumbai_Sion,19.047,72.8746
2025-08-28,25.98,2.36,92.99,Mumbai_Sion,19.047,72.8746
2025-08-29,26.18,1.92,91.01,Mumbai_Sion,19.047,72.8746
2025-08-30,26.36,2.56,91.58,Mumbai_Sion,19.047,72.8746
2025-08-31,26.32,3.07,91.56,Mumbai_Sion,19.047,72.8746
2025-09-01,25.99,3.79,91.3,Mumbai_Sion,19.047,72.8746
2025-09-02,25.98,3.2,91.22,Mumbai_Sion,19.047,72.8746
2025-09-03,25.93,2.83,91.28,Mumbai_Sion,19.047,72.8746
2025-09-04,25.41,2.68,92.12,Mumbai_Sion,19.047,72.8746
2025-09-05,26.01,3.33,91.07,Mumbai_Sion,19.047,72.8746
2025-09-06,25.41,3.3,94.42,Mumbai_Sion,19.047,72.8746
2025-09-07,25.82,3.35,91.84,Mumbai_Sion,19.047,72.8746
2025-09-08,25.53,2.57,91.16,Mumbai_Sion,19.047,72.8746
2025-09-09,25.47,1.75,89.19,Mumbai_Sion,19.047,72.8746
2025-09-10,25.86,1.34,85.35,Mumbai_Sion,19.047,72.8746
2025-09-11,25.94,1.64,86.37,Mumbai_Sion,19.047,72.8746
2025-09-12,26.0,1.7,87.53,Mumbai_Sion,19.047,72.8746
2025-09-13,25.73,1.73,89.92,Mumbai_Sion,19.047,72.8746
2025-09-14,26.25,2.19,89.78,Mumbai_Sion,19.047,72.8746
2025-09-15,25.76,2.76,93.73,Mumbai_Sion,19.047,72.8746
2025-09-16,25.87,1.52,92.09,Mumbai_Sion,19.047,72.8746
2025-09-17,26.42,1.39,90.22,Mumbai_Sion,19.047,72.8746
2025-09-18,26.38,1.81,90.55,Mumbai_Sion,19.047,72.8746
2025-09-19,25.79,1.41,92.44,Mumbai_Sion,19.047,72.8746
2025-09-20,25.63,1.58,91.87,Mumbai_Sion,19.047,72.8746
2025-09-21,26.25,1.77,90.97,Mumbai_Sion,19.047,72.8746
2025-09-22,25.68,2.19,92.6,Mumbai_Sion,19.047,72.8746
2025-09-23,25.42,1.82,90.45,Mumbai_Sion,19.047,72.8746
2025-09-24,25.82,1.71,88.25,Mumbai_Sion,19.047,72.8746
2025-09-25,25.92,1.4,86.35,Mumbai_Sion,19.047,72.8746
2025-09-26,26.08,1.51,87.31,Mumbai_Sion,19.047,72.8746
2025-09-27,26.1,2.75,92.34,Mumbai_Sion,19.047,72.8746
2025-09-28,25.37,4.74,94.43,Mumbai_Sion,19.047,72.8746
2025-09-29,24.78,5.0,92.72,Mumbai_Sion,19.047,72.8746
2025-09-30,25.33,3.56,90.4,Mumbai_Sion,19.047,72.8746
2025-10-01,25.72,3.45,90.8,Mumbai_Sion,19.047,72.8746
2025-10-02,25.92,3.01,91.12,Mumbai_Sion,19.047,72.8746
2025-10-03,26.17,1.97,89.77,Mumbai_Sion,19.047,72.8746
2025-10-04,25.92,1.65,89.66,Mumbai_Sion,19.047,72.8746
2025-10-05,25.83,1.72,89.41,Mumbai_Sion,19.047,72.8746
2025-10-06,25.44,1.59,88.65,Mumbai_Sion,19.047,72.8746
2025-10-07,25.81,1.46,87.87,Mumbai_Sion,19.047,72.8746
2025-10-08,25.96,1.73,86.85,Mumbai_Sion,19.047,72.8746
2025-10-09,25.77,1.79,80.73,Mumbai_Sion,19.047,72.8746
2025-10-10,25.57,1.92,78.47,Mumbai_Sion,19.047,72.8746
2025-10-11,25.47,2.0,76.56,Mumbai_Sion,19.047,72.8746
2025-10-12,25.36,2.18,76.05,Mumbai_Sion,19.047,72.8746
2025-10-13,24.91,2.34,73.02,Mumbai_Sion,19.047,72.8746
2025-10-14,24.59,2.08,71.03,Mumbai_Sion,19.047,72.8746
2025-10-15,25.68,1.92,77.42,Mumbai_Sion,19.047,72.8746
2025-10-16,27.56,1.84,82.24,Mumbai_Sion,19.047,72.8746
2025-10-17,27.43,2.31,78.6,Mumbai_Sion,19.047,72.8746
2025-10-18,27.0,2.02,77.9,Mumbai_Sion,19.047,72.8746
2025-10-19,27.04,2.18,77.34,Mumbai_Sion,19.047,72.8746
2025-10-20,25.95,2.58,79.17,Mumbai_Sion,19.047,72.8746
2025-10-21,26.49,2.32,80.08,Mumbai_Sion,19.047,72.8746
2025-10-22,27.43,2.07,81.0,Mumbai_Sion,19.047,72.8746
2025-10-23,27.39,2.67,81.19,Mumbai_Sion,19.047,72.8746
2025-10-24,27.37,2.27,83.16,Mumbai_Sion,19.047,72.8746
2025-10-25,26.22,2.07,87.82,Mumbai_Sion,19.047,72.8746
2025-10-26,26.36,2.62,87.45,Mumbai_Sion,19.047,72.8746
2025-10-27,26.17,2.74,89.08,Mumbai_Sion,19.047,72.8746
2025-10-28,26.73,2.59,85.59,Mumbai_Sion,19.047,72.8746
2025-10-29,26.18,1.9,89.67,Mumbai_Sion,19.047,72.8746
2025-10-30,26.13,3.07,89.54,Mumbai_Sion,19.047,72.8746
2025-10-31,25.75,3.5,88.87,Mumbai_Sion,19.047,72.8746
2025-11-01,25.87,2.82,89.49,Mumbai_Sion,19.047,72.8746
2025-11-02,25.89,2.31,90.26,Mumbai_Sion,19.047,72.8746
2025-11-03,25.78,1.72,88.94,Mumbai_Sion,19.047,72.8746
2025-11-04,25.66,1.7,85.58,Mumbai_Sion,19.047,72.8746
2025-11-05,24.74,0.99,80.19,Mumbai_Sion,19.047,72.8746
2025-11-06,24.01,1.24,81.01,Mumbai_Sion,19.047,72.8746
2025-11-07,24.35,1.85,74.69,Mumbai_Sion,19.047,72.8746
2025-11-08,22.91,2.33,66.3,Mumbai_Sion,19.047,72.8746
2025-11-09,22.17,1.56,67.14,Mumbai_Sion,19.047,72.8746
2025-11-10,22.58,1.38,64.72,Mumbai_Sion,19.047,72.8746
2025-11-11,22.51,1.28,66.34,Mumbai_Sion,19.047,72.8746
2025-11-12,22.04,2.03,68.08,Mumbai_Sion,19.047,72.8746
2025-11-13,21.84,2.4,67.8,Mumbai_Sion,19.047,72.8746
2025-11-14,21.52,2.71,67.02,Mumbai_Sion,19.047,72.8746
2025-11-15,20.89,2.71,65.68,Mumbai_Sion,19.047,72.8746
2025-11-16,20.7,3.02,68.1,Mumbai_Sion,19.047,72.8746
2025-11-17,20.38,2.82,69.02,Mumbai_Sion,19.047,72.8746
2025-11-18,19.76,2.79,67.49,Mumbai_Sion,19.047,72.8746
2025-11-19,20.67,2.46,65.78,Mumbai_Sion,19.047,72.8746
2025-11-20,20.9,2.58,67.12,Mumbai_Sion,19.047,72.8746
2025-11-21,21.91,2.53,69.99,Mumbai_Sion,19.047,72.8746
2025-11-22,23.81,2.18,75.95,Mumbai_Sion,19.047,72.8746
2025-11-23,24.85,1.39,67.51,Mumbai_Sion,19.047,72.8746
2025-11-24,24.81,1.52,73.13,Mumbai_Sion,19.047,72.8746
2025-11-25,24.59,1.97,72.28,Mumbai_Sion,19.047,72.8746
2025-11-26,24.09,2.04,72.07,Mumbai_Sion,19.047,72.8746
2025-11-27,24.03,2.16,73.31,Mumbai_Sion,19.047,72.8746
2025-11-28,23.7,2.3,75.06,Mumbai_Sion,19.047,72.8746
2025-11-29,22.38,2.72,68.2,Mumbai_Sion,19.047,72.8746
2025-11-30,21.3,2.5,67.89,Mumbai_Sion,19.047,72.8746
2025-12-01,22.03,2.3,67.25,Mumbai_Sion,19.047,72.8746
2025-12-02,22.29,1.68,66.96,Mumbai_Sion,19.047,72.8746
2025-12-03,22.51,2.36,72.25,Mumbai_Sion,19.047,72.8746
2025-12-04,23.12,2.67,71.61,Mumbai_Sion,19.047,72.8746
2025-12-05,23.94,2.75,73.26,Mumbai_Sion,19.047,72.8746
2025-12-06,23.27,2.79,69.22,Mumbai_Sion,19.047,72.8746
2025-12-07,22.21,2.55,67.97,Mumbai_Sion,19.047,72.8746
2025-12-08,21.68,2.52,64.98,Mumbai_Sion,19.047,72.8746
2025-12-09,21.0,3.16,61.6,Mumbai_Sion,19.047,72.8746
2025-12-10,21.05,2.93,57.8,Mumbai_Sion,19.047,72.8746
2025-12-11,21.05,2.57,57.23,Mumbai_Sion,19.047,72.8746
2025-12-12,20.9,2.43,60.47,Mumbai_Sion,19.047,72.8746
2025-12-13,21.93,1.98,57.63,Mumbai_Sion,19.047,72.8746
2025-12-14,21.86,2.51,61.49,Mumbai_Sion,19.047,72.8746
2025-12-15,21.44,2.63,59.95,Mumbai_Sion,19.047,72.8746
2025-12-16,21.58,2.87,60.78,Mumbai_Sion,19.047,72.8746
2025-12-17,22.27,2.61,65.99,Mumbai_Sion,19.047,72.8746
2025-12-18,22.47,2.7,58.78,Mumbai_Sion,19.047,72.8746
2025-12-19,21.46,2.69,56.54,Mumbai_Sion,19.047,72.8746
2025-12-20,21.61,2.44,54.85,Mumbai_Sion,19.047,72.8746
2025-12-21,21.24,2.67,56.33,Mumbai_Sion,19.047,72.8746
2025-12-22,21.07,2.84,59.68,Mumbai_Sion,19.047,72.8746
2025-12-23,22.28,2.8,56.09,Mumbai_Sion,19.047,72.8746
2025-12-24,21.84,2.66,60.59,Mumbai_Sion,19.047,72.8746
2025-12-25,22.0,2.5,55.45,Mumbai_Sion,19.047,72.8746
2025-12-26,21.54,2.08,59.06,Mumbai_Sion,19.047,72.8746
2025-12-27,21.98,2.54,61.46,Mumbai_Sion,19.047,72.8746
2025-12-28,21.7,2.36,59.1,Mumbai_Sion,19.047,72.8746
2025-12-29,21.4,2.19,58.7,Mumbai_Sion,19.047,72.8746
2025-12-30,21.23,1.66,63.93,Mumbai_Sion,19.047,72.8746
2025-12-31,21.04,1.62,76.68,Mumbai_Sion,19.047,72.8746
2026-01-01,21.97,1.18,75.47,Mumbai_Sion,19.047,72.8746
2026-01-02,22.87,1.03,69.95,Mumbai_Sion,19.047,72.8746
2026-01-03,23.29,1.15,68.04,Mumbai_Sion,19.047,72.8746
2026-01-04,23.57,1.14,67.6,Mumbai_Sion,19.047,72.8746
2026-01-05,23.68,1.34,66.46,Mumbai_Sion,19.047,72.8746
2026-01-06,22.88,1.25,66.33,Mumbai_Sion,19.047,72.8746
2026-01-07,22.82,1.36,57.21,Mumbai_Sion,19.047,72.8746
2026-01-08,21.95,1.47,54.97,Mumbai_Sion,19.047,72.8746
2026-01-09,21.69,1.64,53.42,Mumbai_Sion,19.047,72.8746
2026-01-10,21.66,1.5,54.69,Mumbai_Sion,19.047,72.8746
2026-01-11,22.34,1.52,52.31,Mumbai_Sion,19.047,72.8746
2026-01-12,23.11,1.56,57.58,Mumbai_Sion,19.047,72.8746
2026-01-13,24.66,1.02,62.38,Mumbai_Sion,19.047,72.8746
2026-01-14,24.61,1.17,61.62,Mumbai_Sion,19.047,72.8746
2026-01-15,23.61,1.15,56.72,Mumbai_Sion,19.047,72.8746
2026-01-16,23.6,1.26,63.85,Mumbai_Sion,19.047,72.8746
2026-01-17,23.78,1.18,61.51,Mumbai_Sion,19.047,72.8746
2026-01-18,22.58,1.24,68.46,Mumbai_Sion,19.047,72.8746
2026-01-19,21.6,1.34,67.42,Mumbai_Sion,19.047,72.8746
2026-01-20,22.2,1.13,65.11,Mumbai_Sion,19.047,72.8746
2026-01-21,23.13,1.4,62.66,Mumbai_Sion,19.047,72.8746
2026-01-22,23.13,1.36,66.55,Mumbai_Sion,19.047,72.8746
2026-01-23,22.21,1.57,75.28,Mumbai_Sion,19.047,72.8746
2026-01-24,22.45,1.25,65.78,Mumbai_Sion,19.047,72.8746
2026-01-25,23.38,1.17,64.76,Mumbai_Sion,19.047,72.8746
2026-01-26,24.6,1.44,62.69,Mumbai_Sion,19.047,72.8746
2026-01-27,23.95,1.37,70.88,Mumbai_Sion,19.047,72.8746
2026-01-28,23.14,1.29,61.76,Mumbai_Sion,19.047,72.8746
2026-01-29,24.34,1.3,63.07,Mumbai_Sion,19.047,72.8746
2026-01-30,25.52,1.23,69.29,Mumbai_Sion,19.047,72.8746
2026-01-31,25.14,1.19,72.8,Mumbai_Sion,19.047,72.8746
2026-02-01,25.47,1.11,64.65,Mumbai_Sion,19.047,72.8746
2026-02-02,25.8,1.35,57.67,Mumbai_Sion,19.047,72.8746
2026-02-03,25.35,1.17,56.72,Mumbai_Sion,19.047,72.8746
2026-02-04,25.62,1.4,57.53,Mumbai_Sion,19.047,72.8746
2026-02-05,25.83,1.33,57.64,Mumbai_Sion,19.047,72.8746
2026-02-06,25.88,1.27,53.19,Mumbai_Sion,19.047,72.8746
2026-02-07,25.5,1.2,51.7,Mumbai_Sion,19.047,72.8746
2026-02-08,-999.0,-999.0,-999.0,Mumbai_Sion,19.047,72.8746
2026-02-09,-999.0,-999.0,-999.0,Mumbai_Sion,19.047,72.8746
2026-02-10,-999.0,-999.0,-999.0,Mumbai_Sion,19.047,72.8746
2026-02-11,26.03,1.3,46.63,Mumbai_Sion,19.047,72.8746
2026-02-12,26.25,1.52,48.55,Mumbai_Sion,19.047,72.8746
2026-02-13,26.64,1.31,48.14,Mumbai_Sion,19.047,72.8746
2026-02-14,27.26,1.22,47.69,Mumbai_Sion,19.047,72.8746
2026-02-15,-999.0,-999.0,-999.0,Mumbai_Sion,19.047,72.8746
2026-02-16,-999.0,-999.0,-999.0,Mumbai_Sion,19.047,72.8746
2026-02-17,-999.0,-999.0,-999.0,Mumbai_Sion,19.047,72.8746
2025-01-01,15.05,2.27,81.13,Kolkata_RabindraBharati,22.627,88.38
2025-01-02,14.46,2.25,77.02,Kolkata_RabindraBharati,22.627,88.38
2025-01-03,14.42,1.8,80.74,Kolkata_RabindraBharati,22.627,88.38
2025-01-04,15.71,1.71,84.53,Kolkata_RabindraBharati,22.627,88.38
2025-01-05,16.84,1.33,84.06,Kolkata_RabindraBharati,22.627,88.38
2025-01-06,18.55,1.05,78.88,Kolkata_RabindraBharati,22.627,88.38
2025-01-07,18.27,1.65,82.48,Kolkata_RabindraBharati,22.627,88.38
2025-01-08,15.76,2.13,78.0,Kolkata_RabindraBharati,22.627,88.38
2025-01-09,15.2,1.73,76.69,Kolkata_RabindraBharati,22.627,88.38
2025-01-10,14.83,1.75,74.63,Kolkata_RabindraBharati,22.627,88.38
2025-01-11,15.73,1.52,72.15,Kolkata_RabindraBharati,22.627,88.38
2025-01-12,17.84,1.1,67.88,Kolkata_RabindraBharati,22.627,88.38
2025-01-13,18.47,0.99,69.07,Kolkata_RabindraBharati,22.627,88.38
2025-01-14,18.61,1.84,75.35,Kolkata_RabindraBharati,22.627,88.38
2025-01-15,16.97,2.21,72.5,Kolkata_RabindraBharati,22.627,88.38
2025-01-16,16.77,1.81,74.4,Kolkata_RabindraBharati,22.627,88.38
2025-01-17,17.76,2.07,76.12,Kolkata_RabindraBharati,22.627,88.38
2025-01-18,17.98,1.87,74.9,Kolkata_RabindraBharati,22.627,88.38
2025-01-19,17.62,2.14,73.8,Kolkata_RabindraBharati,22.627,88.38
2025-01-20,17.11,1.73,67.27,Kolkata_RabindraBharati,22.627,88.38
2025-01-21,18.44,1.38,69.11,Kolkata_RabindraBharati,22.627,88.38
2025-01-22,19.39,1.3,68.49,Kolkata_RabindraBharati,22.627,88.38
2025-01-23,20.28,1.11,69.38,Kolkata_RabindraBharati,22.627,88.38
2025-01-24,20.52,1.23,78.43,Kolkata_RabindraBharati,22.627,88.38
2025-01-25,19.95,1.32,78.03,Kolkata_RabindraBharati,22.627,88.38
2025-01-26,17.71,1.87,66.01,Kolkata_RabindraBharati,22.627,88.38
2025-01-27,17.6,1.5,58.98,Kolkata_RabindraBharati,22.627,88.38
2025-01-28,18.86,0.77,56.82,Kolkata_RabindraBharati,22.627,88.38
2025-01-29,19.92,1.44,76.99,Kolkata_RabindraBharati,22.627,88.38
2025-01-30,21.95,2.65,83.52,Kolkata_RabindraBharati,22.627,88.38
2025-01-31,21.98,1.72,79.17,Kolkata_RabindraBharati,22.627,88.38
2025-02-01,23.51,1.3,78.5,Kolkata_RabindraBharati,22.627,88.38
2025-02-02,23.11,1.31,76.31,Kolkata_RabindraBharati,22.627,88.38
2025-02-03,22.45,1.52,64.11,Kolkata_RabindraBharati,22.627,88.38
2025-02-04,21.14,1.38,61.8,Kolkata_RabindraBharati,22.627,88.38
2025-02-05,22.73,1.34,69.89,Kolkata_RabindraBharati,22.627,88.38
2025-02-06,22.89,2.05,73.78,Kolkata_RabindraBharati,22.627,88.38
2025-02-07,19.73,2.03,52.83,Kolkata_RabindraBharati,22.627,88.38
2025-02-08,18.69,1.73,50.39,Kolkata_RabindraBharati,22.627,88.38
2025-02-09,19.28,1.48,50.91,Kolkata_RabindraBharati,22.627,88.38
2025-02-10,21.21,1.5,63.39,Kolkata_RabindraBharati,22.627,88.38
2025-02-11,22.23,1.87,69.66,Kolkata_RabindraBharati,22.627,88.38
2025-02-12,24.04,1.38,70.97,Kolkata_RabindraBharati,22.627,88.38
2025-02-13,23.9,1.76,68.66,Kolkata_RabindraBharati,22.627,88.38
2025-02-14,20.56,1.81,47.43,Kolkata_RabindraBharati,22.627,88.38
2025-02-15,21.55,1.34,47.51,Kolkata_RabindraBharati,22.627,88.38
2025-02-16,22.35,1.83,60.5,Kolkata_RabindraBharati,22.627,88.38
2025-02-17,23.71,1.91,71.59,Kolkata_RabindraBharati,22.627,88.38
2025-02-18,25.14,1.03,68.22,Kolkata_RabindraBharati,22.627,88.38
2025-02-19,24.78,1.02,72.05,Kolkata_RabindraBharati,22.627,88.38
2025-02-20,24.43,1.0,77.22,Kolkata_RabindraBharati,22.627,88.38
2025-02-21,24.53,1.13,73.85,Kolkata_RabindraBharati,22.627,88.38
2025-02-22,25.03,1.85,73.01,Kolkata_RabindraBharati,22.627,88.38
2025-02-23,24.67,1.5,72.89,Kolkata_RabindraBharati,22.627,88.38
2025-02-24,23.73,1.45,64.69,Kolkata_RabindraBharati,22.627,88.38
2025-02-25,23.92,1.26,58.55,Kolkata_RabindraBharati,22.627,88.38
2025-02-26,23.42,1.35,59.79,Kolkata_RabindraBharati,22.627,88.38
2025-02-27,24.28,1.15,61.1,Kolkata_RabindraBharati,22.627,88.38
2025-02-28,25.37,1.16,67.39,Kolkata_RabindraBharati,22.627,88.38
2025-03-01,26.05,2.6,70.14,Kolkata_RabindraBharati,22.627,88.38
2025-03-02,25.99,2.15,65.67,Kolkata_RabindraBharati,22.627,88.38
2025-03-03,27.37,1.53,64.3,Kolkata_RabindraBharati,22.627,88.38
2025-03-04,26.19,1.77,48.68,Kolkata_RabindraBharati,22.627,88.38
2025-03-05,25.53,1.98,49.25,Kolkata_RabindraBharati,22.627,88.38
2025-03-06,23.06,1.92,42.4,Kolkata_RabindraBharati,22.627,88.38
2025-03-07,22.78,1.76,39.5,Kolkata_RabindraBharati,22.627,88.38
2025-03-08,24.46,2.09,57.64,Kolkata_RabindraBharati,22.627,88.38
2025-03-09,26.06,1.67,66.89,Kolkata_RabindraBharati,22.627,88.38
2025-03-10,26.93,1.3,61.82,Kolkata_RabindraBharati,22.627,88.38
2025-03-11,26.76,2.56,59.67,Kolkata_RabindraBharati,22.627,88.38
2025-03-12,27.98,2.27,59.3,Kolkata_RabindraBharati,22.627,88.38
2025-03-13,28.98,2.82,57.75,Kolkata_RabindraBharati,22.627,88.38
2025-03-14,29.57,2.15,60.17,Kolkata_RabindraBharati,22.627,88.38
2025-03-15,30.23,2.24,58.5,Kolkata_RabindraBharati,22.627,88.38
2025-03-16,30.67,2.26,60.39,Kolkata_RabindraBharati,22.627,88.38
2025-03-17,29.16,2.37,67.08,Kolkata_RabindraBharati,22.627,88.38
2025-03-18,28.92,2.04,58.84,Kolkata_RabindraBharati,22.627,88.38
2025-03-19,28.88,1.64,60.83,Kolkata_RabindraBharati,22.627,88.38
2025-03-20,29.08,2.07,65.97,Kolkata_RabindraBharati,22.627,88.38
2025-03-21,28.01,1.5,64.55,Kolkata_RabindraBharati,22.627,88.38
2025-03-22,25.92,2.09,63.99,Kolkata_RabindraBharati,22.627,88.38
2025-03-23,27.14,0.87,57.77,Kolkata_RabindraBharati,22.627,88.38
2025-03-24,26.97,1.37,50.91,Kolkata_RabindraBharati,22.627,88.38
2025-03-25,27.55,1.57,49.71,Kolkata_RabindraBharati,22.627,88.38
2025-03-26,28.37,2.75,62.53,Kolkata_RabindraBharati,22.627,88.38
2025-03-27,29.37,2.18,56.7,Kolkata_RabindraBharati,22.627,88.38
2025-03-28,29.99,2.42,54.07,Kolkata_RabindraBharati,22.627,88.38
2025-03-29,30.83,2.14,58.04,Kolkata_RabindraBharati,22.627,88.38
2025-03-30,30.48,1.88,63.45,Kolkata_RabindraBharati,22.627,88.38
2025-03-31,30.31,2.61,64.97,Kolkata_RabindraBharati,22.627,88.38
2025-04-01,29.96,3.22,62.14,Kolkata_RabindraBharati,22.627,88.38
2025-04-02,30.26,2.51,60.93,Kolkata_RabindraBharati,22.627,88.38
2025-04-03,30.7,1.86,56.62,Kolkata_RabindraBharati,22.627,88.38
2025-04-04,31.86,2.46,50.03,Kolkata_RabindraBharati,22.627,88.38
2025-04-05,31.54,2.05,50.1,Kolkata_RabindraBharati,22.627,88.38
2025-04-06,31.43,3.46,58.52,Kolkata_RabindraBharati,22.627,88.38
2025-04-07,30.85,2.68,59.64,Kolkata_RabindraBharati,22.627,88.38
2025-04-08,29.37,2.3,67.35,Kolkata_RabindraBharati,22.627,88.38
2025-04-09,30.42,2.56,57.04,Kolkata_RabindraBharati,22.627,88.38
2025-04-10,29.95,2.69,56.57,Kolkata_RabindraBharati,22.627,88.38
2025-04-11,29.6,1.79,63.41,Kolkata_RabindraBharati,22.627,88.38
2025-04-12,29.7,2.23,64.85,Kolkata_RabindraBharati,22.627,88.38
2025-04-13,29.2,1.1,67.14,Kolkata_RabindraBharati,22.627,88.38
2025-04-14,29.63,1.23,62.96,Kolkata_RabindraBharati,22.627,88.38
2025-04-15,30.09,1.18,58.83,Kolkata_RabindraBharati,22.627,88.38
2025-04-16,30.17,2.58,59.94,Kolkata_RabindraBharati,22.627,88.38
2025-04-17,30.36,2.8,65.34,Kolkata_RabindraBharati,22.627,88.38
2025-04-18,29.29,2.19,72.63,Kolkata_RabindraBharati,22.627,88.38
2025-04-19,30.31,1.92,70.7,Kolkata_RabindraBharati,22.627,88.38
2025-04-20,31.57,2.83,69.0,Kolkata_RabindraBharati,22.627,88.38
2025-04-21,32.0,3.82,70.5,Kolkata_RabindraBharati,22.627,88.38
2025-04-22,32.56,3.74,67.82,Kolkata_RabindraBharati,22.627,88.38
2025-04-23,33.12,3.43,63.22,Kolkata_RabindraBharati,22.627,88.38
2025-04-24,32.81,3.84,66.01,Kolkata_RabindraBharati,22.627,88.38
2025-04-25,32.93,3.7,62.5,Kolkata_RabindraBharati,22.627,88.38
2025-04-26,32.57,4.43,63.26,Kolkata_RabindraBharati,22.627,88.38
2025-04-27,32.27,2.84,57.99,Kolkata_RabindraBharati,22.627,88.38
2025-04-28,30.87,1.1,61.16,Kolkata_RabindraBharati,22.627,88.38
2025-04-29,29.3,1.24,65.75,Kolkata_RabindraBharati,22.627,88.38
2025-04-30,29.53,1.04,64.91,Kolkata_RabindraBharati,22.627,88.38
2025-05-01,29.29,0.65,65.48,Kolkata_RabindraBharati,22.627,88.38
2025-05-02,29.41,1.11,61.51,Kolkata_RabindraBharati,22.627,88.38
2025-05-03,29.92,2.17,62.9,Kolkata_RabindraBharati,22.627,88.38
2025-05-04,30.19,2.05,63.9,Kolkata_RabindraBharati,22.627,88.38
2025-05-05,30.63,2.12,61.96,Kolkata_RabindraBharati,22.627,88.38
2025-05-06,31.37,2.11,60.97,Kolkata_RabindraBharati,22.627,88.38
2025-05-07,31.54,1.99,62.25,Kolkata_RabindraBharati,22.627,88.38
2025-05-08,32.39,2.64,61.05,Kolkata_RabindraBharati,22.627,88.38
2025-05-09,33.1,1.77,56.71,Kolkata_RabindraBharati,22.627,88.38
2025-05-10,33.95,2.24,53.21,Kolkata_RabindraBharati,22.627,88.38
2025-05-11,34.18,2.59,53.62,Kolkata_RabindraBharati,22.627,88.38
2025-05-12,34.44,3.21,55.79,Kolkata_RabindraBharati,22.627,88.38
2025-05-13,32.77,3.3,63.35,Kolkata_RabindraBharati,22.627,88.38
2025-05-14,33.42,3.79,61.14,Kolkata_RabindraBharati,22.627,88.38
2025-05-15,32.54,3.76,65.36,Kolkata_RabindraBharati,22.627,88.38
2025-05-16,32.01,3.64,69.08,Kolkata_RabindraBharati,22.627,88.38
2025-05-17,31.32,3.42,68.86,Kolkata_RabindraBharati,22.627,88.38
2025-05-18,30.82,3.09,71.17,Kolkata_RabindraBharati,22.627,88.38
2025-05-19,31.18,2.91,70.85,Kolkata_RabindraBharati,22.627,88.38
2025-05-20,31.12,3.3,73.35,Kolkata_RabindraBharati,22.627,88.38
2025-05-21,30.94,3.47,76.19,Kolkata_RabindraBharati,22.627,88.38
2025-05-22,29.64,1.26,73.18,Kolkata_RabindraBharati,22.627,88.38
2025-05-23,29.97,1.02,71.61,Kolkata_RabindraBharati,22.627,88.38
2025-05-24,29.81,0.97,72.85,Kolkata_RabindraBharati,22.627,88.38
2025-05-25,28.2,1.98,85.89,Kolkata_RabindraBharati,22.627,88.38
2025-05-26,29.36,2.18,81.12,Kolkata_RabindraBharati,22.627,88.38
2025-05-27,28.72,3.15,86.29,Kolkata_RabindraBharati,22.627,88.38
2025-05-28,29.02,2.33,84.39,Kolkata_RabindraBharati,22.627,88.38
2025-05-29,29.05,3.35,86.14,Kolkata_RabindraBharati,22.627,88.38
2025-05-30,30.71,4.16,78.14,Kolkata_RabindraBharati,22.627,88.38
2025-05-31,29.91,3.41,83.0,Kolkata_RabindraBharati,22.627,88.38
2025-06-01,31.56,3.24,75.59,Kolkata_RabindraBharati,22.627,88.38
2025-06-02,31.71,2.51,67.82,Kolkata_RabindraBharati,22.627,88.38
2025-06-03,31.73,3.02,70.77,Kolkata_RabindraBharati,22.627,88.38
2025-06-04,30.9,1.35,71.78,Kolkata_RabindraBharati,22.627,88.38
2025-06-05,30.63,1.55,70.52,Kolkata_RabindraBharati,22.627,88.38
2025-06-06,30.81,1.41,72.16,Kolkata_RabindraBharati,22.627,88.38
2025-06-07,30.86,1.57,71.46,Kolkata_RabindraBharati,22.627,88.38
2025-06-08,31.15,1.76,71.12,Kolkata_RabindraBharati,22.627,88.38
2025-06-09,31.18,1.6,70.47,Kolkata_RabindraBharati,22.627,88.38
2025-06-10,30.33,2.08,77.24,Kolkata_RabindraBharati,22.627,88.38
2025-06-11,29.71,1.89,78.8,Kolkata_RabindraBharati,22.627,88.38
2025-06-12,30.63,2.1,74.5,Kolkata_RabindraBharati,22.627,88.38
2025-06-13,30.84,2.41,73.7,Kolkata_RabindraBharati,22.627,88.38
2025-06-14,31.02,2.6,73.33,Kolkata_RabindraBharati,22.627,88.38
2025-06-15,29.65,1.52,80.91,Kolkata_RabindraBharati,22.627,88.38
2025-06-16,28.46,2.44,85.03,Kolkata_RabindraBharati,22.627,88.38
2025-06-17,28.3,4.06,89.12,Kolkata_RabindraBharati,22.627,88.38
2025-06-18,28.4,4.51,89.41,Kolkata_RabindraBharati,22.627,88.38
2025-06-19,28.12,6.08,85.69,Kolkata_RabindraBharati,22.627,88.38
2025-06-20,29.12,3.9,85.37,Kolkata_RabindraBharati,22.627,88.38
2025-06-21,30.13,2.95,79.9,Kolkata_RabindraBharati,22.627,88.38
2025-06-22,29.31,2.29,83.29,Kolkata_RabindraBharati,22.627,88.38
2025-06-23,28.78,2.07,89.07,Kolkata_RabindraBharati,22.627,88.38
2025-06-24,29.29,2.27,86.59,Kolkata_RabindraBharati,22.627,88.38
2025-06-25,29.18,3.49,86.43,Kolkata_RabindraBharati,22.627,88.38
2025-06-26,28.89,3.48,88.19,Kolkata_RabindraBharati,22.627,88.38
2025-06-27,29.23,3.25,85.0,Kolkata_RabindraBharati,22.627,88.38
2025-06-28,28.57,3.13,86.42,Kolkata_RabindraBharati,22.627,88.38
2025-06-29,29.26,1.02,84.54,Kolkata_RabindraBharati,22.627,88.38
2025-06-30,28.3,2.21,90.02,Kolkata_RabindraBharati,22.627,88.38
2025-07-01,29.01,2.66,85.68,Kolkata_RabindraBharati,22.627,88.38
2025-07-02,29.14,1.83,84.76,Kolkata_RabindraBharati,22.627,88.38
2025-07-03,29.04,2.66,85.88,Kolkata_RabindraBharati,22.627,88.38
2025-07-04,28.58,2.53,88.23,Kolkata_RabindraBharati,22.627,88.38
2025-07-05,28.7,3.48,85.26,Kolkata_RabindraBharati,22.627,88.38
2025-07-06,27.86,4.57,88.7,Kolkata_RabindraBharati,22.627,88.38
2025-07-07,28.02,3.42,88.69,Kolkata_RabindraBharati,22.627,88.38
2025-07-08,27.63,2.14,91.14,Kolkata_RabindraBharati,22.627,88.38
2025-07-09,27.45,3.3,91.46,Kolkata_RabindraBharati,22.627,88.38
2025-07-10,28.33,3.39,89.1,Kolkata_RabindraBharati,22.627,88.38
2025-07-11,28.59,1.93,88.85,Kolkata_RabindraBharati,22.627,88.38
2025-07-12,28.87,1.56,89.2,Kolkata_RabindraBharati,22.627,88.38
2025-07-13,28.98,1.43,87.91,Kolkata_RabindraBharati,22.627,88.38
2025-07-14,28.1,2.32,90.44,Kolkata_RabindraBharati,22.627,88.38
2025-07-15,28.48,4.48,89.38,Kolkata_RabindraBharati,22.627,88.38
2025-07-16,28.35,2.77,91.61,Kolkata_RabindraBharati,22.627,88.38
2025-07-17,28.33,2.05,89.19,Kolkata_RabindraBharati,22.627,88.38
2025-07-18,28.77,2.27,87.64,Kolkata_RabindraBharati,22.627,88.38
2025-07-19,28.96,2.21,87.45,Kolkata_RabindraBharati,22.627,88.38
2025-07-20,29.14,2.16,88.08,Kolkata_RabindraBharati,22.627,88.38
2025-07-21,29.09,1.11,84.15,Kolkata_RabindraBharati,22.627,88.38
2025-07-22,29.81,1.3,82.72,Kolkata_RabindraBharati,22.627,88.38
2025-07-23,30.34,1.28,82.87,Kolkata_RabindraBharati,22.627,88.38
2025-07-24,29.62,1.15,89.26,Kolkata_RabindraBharati,22.627,88.38
2025-07-25,28.46,4.61,91.49,Kolkata_RabindraBharati,22.627,88.38
2025-07-26,28.92,4.51,87.79,Kolkata_RabindraBharati,22.627,88.38
2025-07-27,29.01,3.35,87.25,Kolkata_RabindraBharati,22.627,88.38
2025-07-28,29.06,2.81,88.31,Kolkata_RabindraBharati,22.627,88.38
2025-07-29,28.09,2.68,90.42,Kolkata_RabindraBharati,22.627,88.38
2025-07-30,28.35,2.69,88.55,Kolkata_RabindraBharati,22.627,88.38
2025-07-31,28.17,2.76,90.12,Kolkata_RabindraBharati,22.627,88.38
2025-08-01,29.08,2.76,87.13,Kolkata_RabindraBharati,22.627,88.38
2025-08-02,28.67,2.74,90.23,Kolkata_RabindraBharati,22.627,88.38
2025-08-03,28.6,2.79,91.74,Kolkata_RabindraBharati,22.627,88.38
2025-08-04,28.39,2.26,92.72,Kolkata_RabindraBharati,22.627,88.38
2025-08-05,28.47,1.73,90.99,Kolkata_RabindraBharati,22.627,88.38
2025-08-06,28.07,2.29,90.87,Kolkata_RabindraBharati,22.627,88.38
2025-08-07,28.2,2.38,89.41,Kolkata_RabindraBharati,22.627,88.38
2025-08-08,27.34,3.54,89.98,Kolkata_RabindraBharati,22.627,88.38
2025-08-09,28.11,2.9,87.41,Kolkata_RabindraBharati,22.627,88.38
2025-08-10,28.36,2.58,88.99,Kolkata_RabindraBharati,22.627,88.38
2025-08-11,29.0,2.42,87.72,Kolkata_RabindraBharati,22.627,88.38
2025-08-12,29.24,1.89,89.01,Kolkata_RabindraBharati,22.627,88.38
2025-08-13,28.54,2.32,89.17,Kolkata_RabindraBharati,22.627,88.38
2025-08-14,27.7,2.44,91.52,Kolkata_RabindraBharati,22.627,88.38
2025-08-15,27.95,2.46,90.26,Kolkata_RabindraBharati,22.627,88.38
2025-08-16,28.12,1.89,88.26,Kolkata_RabindraBharati,22.627,88.38
2025-08-17,27.91,2.37,89.19,Kolkata_RabindraBharati,22.627,88.38
2025-08-18,27.63,3.59,92.29,Kolkata_RabindraBharati,22.627,88.38
2025-08-19,27.83,3.65,91.51,Kolkata_RabindraBharati,22.627,88.38
2025-08-20,27.78,2.46,92.85,Kolkata_RabindraBharati,22.627,88.38
2025-08-21,27.58,1.58,91.08,Kolkata_RabindraBharati,22.627,88.38
2025-08-22,27.73,2.63,92.14,Kolkata_RabindraBharati,22.627,88.38
2025-08-23,27.18,4.62,93.27,Kolkata_RabindraBharati,22.627,88.38
2025-08-24,27.82,3.11,90.02,Kolkata_RabindraBharati,22.627,88.38
2025-08-25,28.34,1.46,86.68,Kolkata_RabindraBharati,22.627,88.38
2025-08-26,27.8,1.9,87.9,Kolkata_RabindraBharati,22.627,88.38
2025-08-27,28.0,2.72,88.54,Kolkata_RabindraBharati,22.627,88.38
2025-08-28,28.25,3.19,88.78,Kolkata_RabindraBharati,22.627,88.38
2025-08-29,27.8,2.56,91.11,Kolkata_RabindraBharati,22.627,88.38
2025-08-30,27.92,1.67,89.42,Kolkata_RabindraBharati,22.627,88.38
2025-08-31,28.73,1.07,84.99,Kolkata_RabindraBharati,22.627,88.38
2025-09-01,28.72,1.07,85.26,Kolkata_RabindraBharati,22.627,88.38
2025-09-02,28.07,2.34,90.54,Kolkata_RabindraBharati,22.627,88.38
2025-09-03,27.87,3.9,90.57,Kolkata_RabindraBharati,22.627,88.38
2025-09-04,27.54,2.21,91.07,Kolkata_RabindraBharati,22.627,88.38
2025-09-05,27.22,1.42,90.2,Kolkata_RabindraBharati,22.627,88.38
2025-09-06,27.84,1.5,88.24,Kolkata_RabindraBharati,22.627,88.38
2025-09-07,28.34,1.36,86.49,Kolkata_RabindraBharati,22.627,88.38
2025-09-08,28.16,1.58,87.0,Kolkata_RabindraBharati,22.627,88.38
2025-09-09,28.34,1.58,86.88,Kolkata_RabindraBharati,22.627,88.38
2025-09-10,28.7,1.7,87.2,Kolkata_RabindraBharati,22.627,88.38
2025-09-11,28.37,1.35,89.04,Kolkata_RabindraBharati,22.627,88.38
2025-09-12,27.87,1.4,89.08,Kolkata_RabindraBharati,22.627,88.38
2025-09-13,27.74,1.63,91.18,Kolkata_RabindraBharati,22.627,88.38
2025-09-14,27.85,1.52,90.44,Kolkata_RabindraBharati,22.627,88.38
2025-09-15,27.26,1.7,90.9,Kolkata_RabindraBharati,22.627,88.38
2025-09-16,27.37,2.16,91.24,Kolkata_RabindraBharati,22.627,88.38
2025-09-17,27.71,1.84,88.84,Kolkata_RabindraBharati,22.627,88.38
2025-09-18,28.56,1.88,87.88,Kolkata_RabindraBharati,22.627,88.38
2025-09-19,28.03,1.27,92.38,Kolkata_RabindraBharati,22.627,88.38
2025-09-20,28.02,0.89,90.91,Kolkata_RabindraBharati,22.627,88.38
2025-09-21,28.18,0.76,88.35,Kolkata_RabindraBharati,22.627,88.38
2025-09-22,27.67,1.14,92.25,Kolkata_RabindraBharati,22.627,88.38
2025-09-23,26.53,2.84,94.35,Kolkata_RabindraBharati,22.627,88.38
2025-09-24,27.78,2.22,89.09,Kolkata_RabindraBharati,22.627,88.38
2025-09-25,28.12,1.37,87.5,Kolkata_RabindraBharati,22.627,88.38
2025-09-26,27.85,2.74,91.22,Kolkata_RabindraBharati,22.627,88.38
2025-09-27,28.07,2.83,90.42,Kolkata_RabindraBharati,22.627,88.38
2025-09-28,27.42,1.81,90.72,Kolkata_RabindraBharati,22.627,88.38
2025-09-29,28.47,0.85,84.54,Kolkata_RabindraBharati,22.627,88.38
2025-09-30,29.09,1.0,83.42,Kolkata_RabindraBharati,22.627,88.38
2025-10-01,28.57,1.39,88.96,Kolkata_RabindraBharati,22.627,88.38
2025-10-02,27.58,3.24,93.53,Kolkata_RabindraBharati,22.627,88.38
2025-10-03,27.63,3.25,91.88,Kolkata_RabindraBharati,22.627,88.38
2025-10-04,27.78,3.03,93.7,Kolkata_RabindraBharati,22.627,88.38
2025-10-05,27.41,1.61,92.35,Kolkata_RabindraBharati,22.627,88.38
2025-10-06,27.17,0.64,85.76,Kolkata_RabindraBharati,22.627,88.38
2025-10-07,27.12,0.96,87.29,Kolkata_RabindraBharati,22.627,88.38
2025-10-08,26.81,0.99,90.15,Kolkata_RabindraBharati,22.627,88.38
2025-10-09,27.13,1.11,87.27,Kolkata_RabindraBharati,22.627,88.38
2025-10-10,26.49,1.47,90.58,Kolkata_RabindraBharati,22.627,88.38
2025-10-11,26.24,1.7,88.03,Kolkata_RabindraBharati,22.627,88.38
2025-10-12,25.96,1.42,86.28,Kolkata_RabindraBharati,22.627,88.38
2025-10-13,25.8,1.67,87.04,Kolkata_RabindraBharati,22.627,88.38
2025-10-14,25.77,1.66,87.22,Kolkata_RabindraBharati,22.627,88.38
2025-10-15,24.85,1.71,85.65,Kolkata_RabindraBharati,22.627,88.38
2025-10-16,24.26,1.47,82.46,Kolkata_RabindraBharati,22.627,88.38
2025-10-17,24.92,1.02,80.25,Kolkata_RabindraBharati,22.627,88.38
2025-10-18,25.51,1.16,82.47,Kolkata_RabindraBharati,22.627,88.38
2025-10-19,26.43,1.47,83.83,Kolkata_RabindraBharati,22.627,88.38
2025-10-20,26.33,1.52,86.61,Kolkata_RabindraBharati,22.627,88.38
2025-10-21,25.78,1.63,84.21,Kolkata_RabindraBharati,22.627,88.38
2025-10-22,25.97,1.44,83.82,Kolkata_RabindraBharati,22.627,88.38
2025-10-23,26.41,1.1,80.73,Kolkata_RabindraBharati,22.627,88.38
2025-10-24,26.94,0.76,75.77,Kolkata_RabindraBharati,22.627,88.38
2025-10-25,26.93,0.92,76.4,Kolkata_RabindraBharati,22.627,88.38
2025-10-26,27.08,0.9,77.87,Kolkata_RabindraBharati,22.627,88.38
2025-10-27,27.0,1.29,82.23,Kolkata_RabindraBharati,22.627,88.38
2025-10-28,27.33,1.66,85.56,Kolkata_RabindraBharati,22.627,88.38
2025-10-29,26.99,1.88,90.31,Kolkata_RabindraBharati,22.627,88.38
2025-10-30,27.17,1.76,89.09,Kolkata_RabindraBharati,22.627,88.38
2025-10-31,27.24,2.16,88.02,Kolkata_RabindraBharati,22.627,88.38
2025-11-01,27.0,1.69,89.51,Kolkata_RabindraBharati,22.627,88.38
2025-11-02,25.36,2.24,89.27,Kolkata_RabindraBharati,22.627,88.38
2025-11-03,24.22,1.65,82.48,Kolkata_RabindraBharati,22.627,88.38
2025-11-04,23.11,1.81,84.09,Kolkata_RabindraBharati,22.627,88.38
2025-11-05,22.53,1.72,81.77,Kolkata_RabindraBharati,22.627,88.38
2025-11-06,23.88,1.35,80.0,Kolkata_RabindraBharati,22.627,88.38
2025-11-07,23.71,1.89,83.45,Kolkata_RabindraBharati,22.627,88.38
2025-11-08,21.04,2.45,80.5,Kolkata_RabindraBharati,22.627,88.38
2025-11-09,19.98,1.86,78.51,Kolkata_RabindraBharati,22.627,88.38
2025-11-10,20.14,1.65,81.11,Kolkata_RabindraBharati,22.627,88.38
2025-11-11,18.97,1.63,77.28,Kolkata_RabindraBharati,22.627,88.38
2025-11-12,18.67,1.56,75.64,Kolkata_RabindraBharati,22.627,88.38
2025-11-13,19.09,1.55,78.32,Kolkata_RabindraBharati,22.627,88.38
2025-11-14,19.18,1.62,80.36,Kolkata_RabindraBharati,22.627,88.38
2025-11-15,19.11,1.59,82.29,Kolkata_RabindraBharati,22.627,88.38
2025-11-16,19.04,1.73,82.96,Kolkata_RabindraBharati,22.627,88.38
2025-11-17,19.39,1.73,85.52,Kolkata_RabindraBharati,22.627,88.38
2025-11-18,19.84,1.54,82.49,Kolkata_RabindraBharati,22.627,88.38
2025-11-19,20.41,1.48,77.59,Kolkata_RabindraBharati,22.627,88.38
2025-11-20,20.43,1.57,79.28,Kolkata_RabindraBharati,22.627,88.38
2025-11-21,20.77,1.4,78.96,Kolkata_RabindraBharati,22.627,88.38
2025-11-22,20.89,1.14,78.94,Kolkata_RabindraBharati,22.627,88.38
2025-11-23,20.73,1.16,78.14,Kolkata_RabindraBharati,22.627,88.38
2025-11-24,19.07,1.81,82.35,Kolkata_RabindraBharati,22.627,88.38
2025-11-25,17.93,1.89,82.53,Kolkata_RabindraBharati,22.627,88.38
2025-11-26,17.69,1.79,81.97,Kolkata_RabindraBharati,22.627,88.38
2025-11-27,18.29,1.57,82.67,Kolkata_RabindraBharati,22.627,88.38
2025-11-28,19.01,1.46,83.84,Kolkata_RabindraBharati,22.627,88.38
2025-11-29,19.0,1.51,80.43,Kolkata_RabindraBharati,22.627,88.38
2025-11-30,19.35,1.3,78.79,Kolkata_RabindraBharati,22.627,88.38
2025-12-01,18.36,1.21,83.15,Kolkata_RabindraBharati,22.627,88.38
2025-12-02,19.48,1.48,79.55,Kolkata_RabindraBharati,22.627,88.38
2025-12-03,18.36,1.57,79.73,Kolkata_RabindraBharati,22.627,88.38
2025-12-04,17.0,1.8,81.54,Kolkata_RabindraBharati,22.627,88.38
2025-12-05,16.35,2.13,79.69,Kolkata_RabindraBharati,22.627,88.38
2025-12-06,15.49,1.85,75.74,Kolkata_RabindraBharati,22.627,88.38
2025-12-07,15.74,1.89,78.66,Kolkata_RabindraBharati,22.627,88.38
2025-12-08,16.02,1.52,78.51,Kolkata_RabindraBharati,22.627,88.38
2025-12-09,17.08,1.71,81.63,Kolkata_RabindraBharati,22.627,88.38
2025-12-10,17.16,1.87,82.31,Kolkata_RabindraBharati,22.627,88.38
2025-12-11,16.03,1.78,79.26,Kolkata_RabindraBharati,22.627,88.38
2025-12-12,16.24,1.59,77.76,Kolkata_RabindraBharati,22.627,88.38
2025-12-13,16.75,1.6,82.39,Kolkata_RabindraBharati,22.627,88.38
2025-12-14,17.0,1.7,81.65,Kolkata_RabindraBharati,22.627,88.38
2025-12-15,16.84,1.69,82.7,Kolkata_RabindraBharati,22.627,88.38
2025-12-16,17.09,1.72,81.97,Kolkata_RabindraBharati,22.627,88.38
2025-12-17,16.62,1.83,83.73,Kolkata_RabindraBharati,22.627,88.38
2025-12-18,16.79,1.77,84.68,Kolkata_RabindraBharati,22.627,88.38
2025-12-19,16.83,1.83,85.1,Kolkata_RabindraBharati,22.627,88.38
2025-12-20,16.32,2.1,83.98,Kolkata_RabindraBharati,22.627,88.38
2025-12-21,15.91,1.73,85.16,Kolkata_RabindraBharati,22.627,88.38
2025-12-22,16.24,1.86,84.81,Kolkata_RabindraBharati,22.627,88.38
2025-12-23,15.9,1.67,83.67,Kolkata_RabindraBharati,22.627,88.38
2025-12-24,15.47,1.57,83.58,Kolkata_RabindraBharati,22.627,88.38
2025-12-25,14.32,1.89,81.3,Kolkata_RabindraBharati,22.627,88.38
2025-12-26,14.04,1.92,81.17,Kolkata_RabindraBharati,22.627,88.38
2025-12-27,14.13,1.99,83.93,Kolkata_RabindraBharati,22.627,88.38
2025-12-28,14.21,1.93,81.23,Kolkata_RabindraBharati,22.627,88.38
2025-12-29,13.26,1.86,81.55,Kolkata_RabindraBharati,22.627,88.38
2025-12-30,13.27,1.86,81.44,Kolkata_RabindraBharati,22.627,88.38
2025-12-31,13.8,1.45,77.52,Kolkata_RabindraBharati,22.627,88.38
2026-01-01,17.23,1.2,58.02,Kolkata_RabindraBharati,22.627,88.38
2026-01-02,17.42,1.12,58.52,Kolkata_RabindraBharati,22.627,88.38
2026-01-03,17.74,1.21,65.83,Kolkata_RabindraBharati,22.627,88.38
2026-01-04,17.36,1.31,68.75,Kolkata_RabindraBharati,22.627,88.38
2026-01-05,16.07,1.76,68.5,Kolkata_RabindraBharati,22.627,88.38
2026-01-06,15.09,1.69,63.93,Kolkata_RabindraBharati,22.627,88.38
2026-01-07,15.51,1.68,59.21,Kolkata_RabindraBharati,22.627,88.38
2026-01-08,15.81,1.9,57.22,Kolkata_RabindraBharati,22.627,88.38
2026-01-09,15.41,1.81,54.26,Kolkata_RabindraBharati,22.627,88.38
2026-01-10,15.8,1.81,55.99,Kolkata_RabindraBharati,22.627,88.38
2026-01-11,17.41,1.84,54.33,Kolkata_RabindraBharati,22.627,88.38
2026-01-12,16.67,2.02,56.68,Kolkata_RabindraBharati,22.627,88.38
2026-01-13,16.46,1.75,56.55,Kolkata_RabindraBharati,22.627,88.38
2026-01-14,16.46,1.61,54.31,Kolkata_RabindraBharati,22.627,88.38
2026-01-15,16.16,1.75,51.42,Kolkata_RabindraBharati,22.627,88.38
2026-01-16,16.06,1.66,49.86,Kolkata_RabindraBharati,22.627,88.38
2026-01-17,16.9,1.51,54.11,Kolkata_RabindraBharati,22.627,88.38
2026-01-18,17.87,1.32,54.89,Kolkata_RabindraBharati,22.627,88.38
2026-01-19,19.22,1.17,51.79,Kolkata_RabindraBharati,22.627,88.38
2026-01-20,20.54,1.13,52.83,Kolkata_RabindraBharati,22.627,88.38
2026-01-21,20.56,1.1,51.79,Kolkata_RabindraBharati,22.627,88.38
2026-01-22,19.93,1.46,53.75,Kolkata_RabindraBharati,22.627,88.38
2026-01-23,19.53,1.22,45.84,Kolkata_RabindraBharati,22.627,88.38
2026-01-24,19.87,1.23,45.15,Kolkata_RabindraBharati,22.627,88.38
2026-01-25,20.03,1.27,49.53,Kolkata_RabindraBharati,22.627,88.38
2026-01-26,20.66,1.46,55.2,Kolkata_RabindraBharati,22.627,88.38
2026-01-27,20.72,1.39,59.63,Kolkata_RabindraBharati,22.627,88.38
2026-01-28,21.22,1.06,55.63,Kolkata_RabindraBharati,22.627,88.38
2026-01-29,22.13,1.08,58.52,Kolkata_RabindraBharati,22.627,88.38
2026-01-30,21.47,1.42,59.47,Kolkata_RabindraBharati,22.627,88.38
2026-01-31,20.89,1.43,52.03,Kolkata_RabindraBharati,22.627,88.38
2026-02-01,20.7,1.63,46.83,Kolkata_RabindraBharati,22.627,88.38
2026-02-02,20.47,1.47,45.74,Kolkata_RabindraBharati,22.627,88.38
2026-02-03,20.69,1.46,47.11,Kolkata_RabindraBharati,22.627,88.38
2026-02-04,21.46,1.57,50.73,Kolkata_RabindraBharati,22.627,88.38
2026-02-05,21.75,1.45,49.39,Kolkata_RabindraBharati,22.627,88.38
2026-02-06,20.9,1.54,43.68,Kolkata_RabindraBharati,22.627,88.38
2026-02-07,20.55,1.59,40.32,Kolkata_RabindraBharati,22.627,88.38
2026-02-08,-999.0,-999.0,-999.0,Kolkata_RabindraBharati,22.627,88.38
2026-02-09,-999.0,-999.0,-999.0,Kolkata_RabindraBharati,22.627,88.38
2026-02-10,-999.0,-999.0,-999.0,Kolkata_RabindraBharati,22.627,88.38
2026-02-11,22.16,1.26,39.06,Kolkata_RabindraBharati,22.627,88.38
2026-02-12,22.38,1.55,40.19,Kolkata_RabindraBharati,22.627,88.38
2026-02-13,21.97,1.6,38.97,Kolkata_RabindraBharati,22.627,88.38
2026-02-14,22.59,1.42,38.72,Kolkata_RabindraBharati,22.627,88.38
2026-02-15,-999.0,-999.0,-999.0,Kolkata_RabindraBharati,22.627,88.38
2026-02-16,-999.0,-999.0,-999.0,Kolkata_RabindraBharati,22.627,88.38
2026-02-17,-999.0,-999.0,-999.0,Kolkata_RabindraBharati,22.627,88.38
2025-01-01,19.97,2.84,76.49,Bengaluru_Peenya,13.028,77.518
2025-01-02,19.98,2.54,76.3,Bengaluru_Peenya,13.028,77.518
2025-01-03,19.71,2.51,76.25,Bengaluru_Peenya,13.028,77.518
2025-01-04,18.66,1.85,73.47,Bengaluru_Peenya,13.028,77.518
2025-01-05,18.93,2.01,71.28,Bengaluru_Peenya,13.028,77.518
2025-01-06,19.14,1.63,70.74,Bengaluru_Peenya,13.028,77.518
2025-01-07,19.56,1.52,72.92,Bengaluru_Peenya,13.028,77.518
2025-01-08,19.12,2.14,70.38,Bengaluru_Peenya,13.028,77.518
2025-01-09,19.51,3.01,72.39,Bengaluru_Peenya,13.028,77.518
2025-01-10,20.64,2.64,76.33,Bengaluru_Peenya,13.028,77.518
2025-01-11,21.98,2.74,74.31,Bengaluru_Peenya,13.028,77.518
2025-01-12,22.07,2.36,70.91,Bengaluru_Peenya,13.028,77.518
2025-01-13,22.46,2.65,79.46,Bengaluru_Peenya,13.028,77.518
2025-01-14,22.33,3.48,73.69,Bengaluru_Peenya,13.028,77.518
2025-01-15,21.27,3.81,69.13,Bengaluru_Peenya,13.028,77.518
2025-01-16,20.89,3.28,72.33,Bengaluru_Peenya,13.028,77.518
2025-01-17,20.98,3.12,73.87,Bengaluru_Peenya,13.028,77.518
2025-01-18,21.12,3.29,71.97,Bengaluru_Peenya,13.028,77.518
2025-01-19,21.37,3.1,81.52,Bengaluru_Peenya,13.028,77.518
2025-01-20,21.62,2.52,65.9,Bengaluru_Peenya,13.028,77.518
2025-01-21,20.79,2.42,63.68,Bengaluru_Peenya,13.028,77.518
2025-01-22,21.39,2.5,67.14,Bengaluru_Peenya,13.028,77.518
2025-01-23,21.83,2.7,67.83,Bengaluru_Peenya,13.028,77.518
2025-01-24,20.68,2.57,64.64,Bengaluru_Peenya,13.028,77.518
2025-01-25,20.52,2.61,61.31,Bengaluru_Peenya,13.028,77.518
2025-01-26,19.55,2.89,56.57,Bengaluru_Peenya,13.028,77.518
2025-01-27,20.38,2.32,62.12,Bengaluru_Peenya,13.028,77.518
2025-01-28,20.77,1.95,63.05,Bengaluru_Peenya,13.028,77.518
2025-01-29,20.87,2.5,62.0,Bengaluru_Peenya,13.028,77.518
2025-01-30,21.03,1.17,57.53,Bengaluru_Peenya,13.028,77.518
2025-01-31,23.45,1.94,68.96,Bengaluru_Peenya,13.028,77.518
2025-02-01,23.62,1.95,66.52,Bengaluru_Peenya,13.028,77.518
2025-02-02,22.72,2.15,58.33,Bengaluru_Peenya,13.028,77.518
2025-02-03,21.36,2.21,53.72,Bengaluru_Peenya,13.028,77.518
2025-02-04,21.88,2.4,48.09,Bengaluru_Peenya,13.028,77.518
2025-02-05,21.86,2.8,53.62,Bengaluru_Peenya,13.028,77.518
2025-02-06,21.48,2.9,57.69,Bengaluru_Peenya,13.028,77.518
2025-02-07,21.89,2.93,56.29,Bengaluru_Peenya,13.028,77.518
2025-02-08,22.34,2.71,57.45,Bengaluru_Peenya,13.028,77.518
2025-02-09,22.31,2.8,61.32,Bengaluru_Peenya,13.028,77.518
2025-02-10,22.09,2.4,61.09,Bengaluru_Peenya,13.028,77.518
2025-02-11,22.2,2.13,54.78,Bengaluru_Peenya,13.028,77.518
2025-02-12,22.66,2.29,50.88,Bengaluru_Peenya,13.028,77.518
2025-02-13,23.1,2.39,44.57,Bengaluru_Peenya,13.028,77.518
2025-02-14,23.47,1.69,42.46,Bengaluru_Peenya,13.028,77.518
2025-02-15,23.77,2.22,48.14,Bengaluru_Peenya,13.028,77.518
2025-02-16,23.36,2.53,53.45,Bengaluru_Peenya,13.028,77.518
2025-02-17,23.82,2.67,53.8,Bengaluru_Peenya,13.028,77.518
2025-02-18,24.01,2.59,51.76,Bengaluru_Peenya,13.028,77.518
2025-02-19,24.76,2.33,47.44,Bengaluru_Peenya,13.028,77.518
2025-02-20,25.16,2.63,51.09,Bengaluru_Peenya,13.028,77.518
2025-02-21,25.08,2.68,51.56,Bengaluru_Peenya,13.028,77.518
2025-02-22,25.03,2.94,50.28,Bengaluru_Peenya,13.028,77.518
2025-02-23,24.83,3.38,43.85,Bengaluru_Peenya,13.028,77.518
2025-02-24,24.37,3.66,40.92,Bengaluru_Peenya,13.028,77.518
2025-02-25,24.03,3.53,51.09,Bengaluru_Peenya,13.028,77.518
2025-02-26,24.69,4.1,48.77,Bengaluru_Peenya,13.028,77.518
2025-02-27,24.19,3.66,46.6,Bengaluru_Peenya,13.028,77.518
2025-02-28,24.5,3.36,44.55,Bengaluru_Peenya,13.028,77.518
2025-03-01,25.89,3.18,49.72,Bengaluru_Peenya,13.028,77.518
2025-03-02,26.14,2.74,46.45,Bengaluru_Peenya,13.028,77.518
2025-03-03,26.3,2.77,46.69,Bengaluru_Peenya,13.028,77.518
2025-03-04,26.63,3.4,37.31,Bengaluru_Peenya,13.028,77.518
2025-03-05,26.67,2.26,34.66,Bengaluru_Peenya,13.028,77.518
2025-03-06,26.76,2.09,32.23,Bengaluru_Peenya,13.028,77.518
2025-03-07,25.68,1.73,26.09,Bengaluru_Peenya,13.028,77.518
2025-03-08,25.61,2.23,37.28,Bengaluru_Peenya,13.028,77.518
2025-03-09,25.88,3.52,40.68,Bengaluru_Peenya,13.028,77.518
2025-03-10,24.95,3.69,46.68,Bengaluru_Peenya,13.028,77.518
2025-03-11,24.59,4.24,60.21,Bengaluru_Peenya,13.028,77.518
2025-03-12,26.77,3.4,60.48,Bengaluru_Peenya,13.028,77.518
2025-03-13,27.51,2.61,47.09,Bengaluru_Peenya,13.028,77.518
2025-03-14,27.52,2.96,39.41,Bengaluru_Peenya,13.028,77.518
2025-03-15,26.32,3.16,40.95,Bengaluru_Peenya,13.028,77.518
2025-03-16,26.8,2.5,45.31,Bengaluru_Peenya,13.028,77.518
2025-03-17,28.57,1.44,49.04,Bengaluru_Peenya,13.028,77.518
2025-03-18,28.93,2.78,45.46,Bengaluru_Peenya,13.028,77.518
2025-03-19,27.88,3.3,49.1,Bengaluru_Peenya,13.028,77.518
2025-03-20,27.87,3.51,48.26,Bengaluru_Peenya,13.028,77.518
2025-03-21,28.3,2.72,51.07,Bengaluru_Peenya,13.028,77.518
2025-03-22,27.38,2.59,56.8,Bengaluru_Peenya,13.028,77.518
2025-03-23,26.99,2.18,58.87,Bengaluru_Peenya,13.028,77.518
2025-03-24,28.38,2.78,49.56,Bengaluru_Peenya,13.028,77.518
2025-03-25,27.71,2.53,41.98,Bengaluru_Peenya,13.028,77.518
2025-03-26,28.25,2.19,34.72,Bengaluru_Peenya,13.028,77.518
2025-03-27,28.85,2.22,36.52,Bengaluru_Peenya,13.028,77.518
2025-03-28,28.94,2.84,34.88,Bengaluru_Peenya,13.028,77.518
2025-03-29,28.57,2.89,28.45,Bengaluru_Peenya,13.028,77.518
2025-03-30,28.23,3.28,28.04,Bengaluru_Peenya,13.028,77.518
2025-03-31,28.11,3.28,34.4,Bengaluru_Peenya,13.028,77.518
2025-04-01,27.21,2.62,42.57,Bengaluru_Peenya,13.028,77.518
2025-04-02,27.31,2.61,48.59,Bengaluru_Peenya,13.028,77.518
2025-04-03,26.2,2.11,60.22,Bengaluru_Peenya,13.028,77.518
2025-04-04,27.46,2.0,49.84,Bengaluru_Peenya,13.028,77.518
2025-04-05,25.98,1.68,59.61,Bengaluru_Peenya,13.028,77.518
2025-04-06,27.19,2.52,51.1,Bengaluru_Peenya,13.028,77.518
2025-04-07,28.38,3.05,49.1,Bengaluru_Peenya,13.028,77.518
2025-04-08,27.99,2.95,44.51,Bengaluru_Peenya,13.028,77.518
2025-04-09,27.84,2.2,44.01,Bengaluru_Peenya,13.028,77.518
2025-04-10,27.6,1.75,45.32,Bengaluru_Peenya,13.028,77.518
2025-04-11,28.7,2.39,49.54,Bengaluru_Peenya,13.028,77.518
2025-04-12,27.7,2.31,56.28,Bengaluru_Peenya,13.028,77.518
2025-04-13,27.14,1.73,58.1,Bengaluru_Peenya,13.028,77.518
2025-04-14,27.05,1.94,58.06,Bengaluru_Peenya,13.028,77.518
2025-04-15,27.57,1.91,53.58,Bengaluru_Peenya,13.028,77.518
2025-04-16,27.75,1.64,59.23,Bengaluru_Peenya,13.028,77.518
2025-04-17,28.92,1.04,54.17,Bengaluru_Peenya,13.028,77.518
2025-04-18,27.9,1.82,59.43,Bengaluru_Peenya,13.028,77.518
2025-04-19,28.69,1.87,56.3,Bengaluru_Peenya,13.028,77.518
2025-04-20,29.53,1.83,48.62,Bengaluru_Peenya,13.028,77.518
2025-04-21,28.55,2.38,50.01,Bengaluru_Peenya,13.028,77.518
2025-04-22,29.05,2.65,39.64,Bengaluru_Peenya,13.028,77.518
2025-04-23,29.52,2.41,35.75,Bengaluru_Peenya,13.028,77.518
2025-04-24,29.98,2.72,41.67,Bengaluru_Peenya,13.028,77.518
2025-04-25,29.96,2.83,41.72,Bengaluru_Peenya,13.028,77.518
2025-04-26,29.36,2.9,45.37,Bengaluru_Peenya,13.028,77.518
2025-04-27,29.29,2.37,47.97,Bengaluru_Peenya,13.028,77.518
2025-04-28,29.33,2.95,47.63,Bengaluru_Peenya,13.028,77.518
2025-04-29,30.11,2.84,43.32,Bengaluru_Peenya,13.028,77.518
2025-04-30,29.67,2.08,45.56,Bengaluru_Peenya,13.028,77.518
2025-05-01,28.54,1.37,59.22,Bengaluru_Peenya,13.028,77.518
2025-05-02,28.41,1.23,58.34,Bengaluru_Peenya,13.028,77.518
2025-05-03,27.51,1.27,60.94,Bengaluru_Peenya,13.028,77.518
2025-05-04,27.24,2.0,56.13,Bengaluru_Peenya,13.028,77.518
2025-05-05,28.24,1.12,48.87,Bengaluru_Peenya,13.028,77.518
2025-05-06,28.78,1.58,52.95,Bengaluru_Peenya,13.028,77.518
2025-05-07,28.03,2.44,53.63,Bengaluru_Peenya,13.028,77.518
2025-05-08,27.12,1.29,60.73,Bengaluru_Peenya,13.028,77.518
2025-05-09,27.63,1.57,58.63,Bengaluru_Peenya,13.028,77.518
2025-05-10,27.43,0.85,59.25,Bengaluru_Peenya,13.028,77.518
2025-05-11,28.39,1.12,54.1,Bengaluru_Peenya,13.028,77.518
2025-05-12,27.51,1.62,61.91,Bengaluru_Peenya,13.028,77.518
2025-05-13,27.0,1.48,68.53,Bengaluru_Peenya,13.028,77.518
2025-05-14,26.97,1.75,67.0,Bengaluru_Peenya,13.028,77.518
2025-05-15,24.96,1.25,78.97,Bengaluru_Peenya,13.028,77.518
2025-05-16,25.54,1.15,74.71,Bengaluru_Peenya,13.028,77.518
2025-05-17,26.22,1.64,71.53,Bengaluru_Peenya,13.028,77.518
2025-05-18,24.56,1.79,82.92,Bengaluru_Peenya,13.028,77.518
2025-05-19,24.7,1.42,83.26,Bengaluru_Peenya,13.028,77.518
2025-05-20,24.65,1.74,83.72,Bengaluru_Peenya,13.028,77.518
2025-05-21,23.76,4.96,82.76,Bengaluru_Peenya,13.028,77.518
2025-05-22,23.89,4.29,78.77,Bengaluru_Peenya,13.028,77.518
2025-05-23,25.03,4.37,78.24,Bengaluru_Peenya,13.028,77.518
2025-05-24,24.4,5.62,79.74,Bengaluru_Peenya,13.028,77.518
2025-05-25,24.02,5.71,82.01,Bengaluru_Peenya,13.028,77.518
2025-05-26,23.1,5.83,83.21,Bengaluru_Peenya,13.028,77.518
2025-05-27,24.46,6.29,74.95,Bengaluru_Peenya,13.028,77.518
2025-05-28,23.92,5.55,77.54,Bengaluru_Peenya,13.028,77.518
2025-05-29,23.52,5.39,78.47,Bengaluru_Peenya,13.028,77.518
2025-05-30,23.24,4.78,81.52,Bengaluru_Peenya,13.028,77.518
2025-05-31,24.13,4.24,74.21,Bengaluru_Peenya,13.028,77.518
2025-06-01,24.13,3.82,72.8,Bengaluru_Peenya,13.028,77.518
2025-06-02,24.41,3.74,73.57,Bengaluru_Peenya,13.028,77.518
2025-06-03,24.5,4.01,72.23,Bengaluru_Peenya,13.028,77.518
2025-06-04,24.77,3.47,70.77,Bengaluru_Peenya,13.028,77.518
2025-06-05,24.38,2.78,66.08,Bengaluru_Peenya,13.028,77.518
2025-06-06,25.36,2.17,66.79,Bengaluru_Peenya,13.028,77.518
2025-06-07,26.01,2.61,70.59,Bengaluru_Peenya,13.028,77.518
2025-06-08,24.99,3.03,75.63,Bengaluru_Peenya,13.028,77.518
2025-06-09,25.27,3.88,73.94,Bengaluru_Peenya,13.028,77.518
2025-06-10,24.61,3.84,80.38,Bengaluru_Peenya,13.028,77.518
2025-06-11,24.55,4.05,82.0,Bengaluru_Peenya,13.028,77.518
2025-06-12,23.63,3.95,83.08,Bengaluru_Peenya,13.028,77.518
2025-06-13,23.68,4.03,87.38,Bengaluru_Peenya,13.028,77.518
2025-06-14,23.71,4.95,83.1,Bengaluru_Peenya,13.028,77.518
2025-06-15,22.7,6.63,79.34,Bengaluru_Peenya,13.028,77.518
2025-06-16,22.49,6.48,76.88,Bengaluru_Peenya,13.028,77.518
2025-06-17,24.05,4.88,75.12,Bengaluru_Peenya,13.028,77.518
2025-06-18,24.81,4.37,75.18,Bengaluru_Peenya,13.028,77.518
2025-06-19,24.5,4.14,77.93,Bengaluru_Peenya,13.028,77.518
2025-06-20,25.0,4.09,74.33,Bengaluru_Peenya,13.028,77.518
2025-06-21,24.91,4.23,74.9,Bengaluru_Peenya,13.028,77.518
2025-06-22,24.43,4.65,76.83,Bengaluru_Peenya,13.028,77.518
2025-06-23,24.05,5.71,72.74,Bengaluru_Peenya,13.028,77.518
2025-06-24,22.63,5.49,72.32,Bengaluru_Peenya,13.028,77.518
2025-06-25,23.54,4.99,74.53,Bengaluru_Peenya,13.028,77.518
2025-06-26,23.65,4.78,74.0,Bengaluru_Peenya,13.028,77.518
2025-06-27,24.26,4.72,74.23,Bengaluru_Peenya,13.028,77.518
2025-06-28,24.82,4.16,73.83,Bengaluru_Peenya,13.028,77.518
2025-06-29,24.93,4.68,72.17,Bengaluru_Peenya,13.028,77.518
2025-06-30,24.14,4.43,74.51,Bengaluru_Peenya,13.028,77.518
2025-07-01,24.3,3.95,75.55,Bengaluru_Peenya,13.028,77.518
2025-07-02,24.08,5.03,74.77,Bengaluru_Peenya,13.028,77.518
2025-07-03,23.97,5.13,71.96,Bengaluru_Peenya,13.028,77.518
2025-07-04,24.18,5.04,71.49,Bengaluru_Peenya,13.028,77.518
2025-07-05,24.46,5.55,72.58,Bengaluru_Peenya,13.028,77.518
2025-07-06,24.58,5.68,73.48,Bengaluru_Peenya,13.028,77.518
2025-07-07,24.35,5.43,74.48,Bengaluru_Peenya,13.028,77.518
2025-07-08,25.17,5.09,70.87,Bengaluru_Peenya,13.028,77.518
2025-07-09,25.19,4.64,70.61,Bengaluru_Peenya,13.028,77.518
2025-07-10,24.93,3.95,73.26,Bengaluru_Peenya,13.028,77.518
2025-07-11,25.24,3.71,73.75,Bengaluru_Peenya,13.028,77.518
2025-07-12,24.94,4.04,73.59,Bengaluru_Peenya,13.028,77.518
2025-07-13,24.5,4.22,75.95,Bengaluru_Peenya,13.028,77.518
2025-07-14,23.98,4.69,77.29,Bengaluru_Peenya,13.028,77.518
2025-07-15,24.46,4.52,74.78,Bengaluru_Peenya,13.028,77.518
2025-07-16,24.58,3.28,77.5,Bengaluru_Peenya,13.028,77.518
2025-07-17,23.73,2.83,82.02,Bengaluru_Peenya,13.028,77.518
2025-07-18,23.95,2.76,78.1,Bengaluru_Peenya,13.028,77.518
2025-07-19,22.74,3.58,79.9,Bengaluru_Peenya,13.028,77.518
2025-07-20,23.48,4.09,78.51,Bengaluru_Peenya,13.028,77.518
2025-07-21,21.84,4.12,79.71,Bengaluru_Peenya,13.028,77.518
2025-07-22,22.44,4.95,72.5,Bengaluru_Peenya,13.028,77.518
2025-07-23,23.2,4.99,77.72,Bengaluru_Peenya,13.028,77.518
2025-07-24,23.13,5.24,77.42,Bengaluru_Peenya,13.028,77.518
2025-07-25,23.38,6.37,74.17,Bengaluru_Peenya,13.028,77.518
2025-07-26,23.3,6.36,76.27,Bengaluru_Peenya,13.028,77.518
2025-07-27,23.44,5.75,72.84,Bengaluru_Peenya,13.028,77.518
2025-07-28,23.55,5.46,72.62,Bengaluru_Peenya,13.028,77.518
2025-07-29,23.8,5.6,72.82,Bengaluru_Peenya,13.028,77.518
2025-07-30,24.57,5.13,71.63,Bengaluru_Peenya,13.028,77.518
2025-07-31,25.21,4.15,71.74,Bengaluru_Peenya,13.028,77.518
2025-08-01,25.09,3.52,71.88,Bengaluru_Peenya,13.028,77.518
2025-08-02,25.17,3.6,72.28,Bengaluru_Peenya,13.028,77.518
2025-08-03,24.08,2.3,80.74,Bengaluru_Peenya,13.028,77.518
2025-08-04,23.64,1.21,81.94,Bengaluru_Peenya,13.028,77.518
2025-08-05,24.75,1.35,79.16,Bengaluru_Peenya,13.028,77.518
2025-08-06,23.56,2.65,86.18,Bengaluru_Peenya,13.028,77.518
2025-08-07,23.62,2.24,85.08,Bengaluru_Peenya,13.028,77.518
2025-08-08,23.23,1.87,86.33,Bengaluru_Peenya,13.028,77.518
2025-08-09,23.62,1.72,82.92,Bengaluru_Peenya,13.028,77.518
2025-08-10,22.96,2.22,84.01,Bengaluru_Peenya,13.028,77.518
2025-08-11,21.9,3.41,83.74,Bengaluru_Peenya,13.028,77.518
2025-08-12,22.13,3.54,79.32,Bengaluru_Peenya,13.028,77.518
2025-08-13,21.7,3.76,80.8,Bengaluru_Peenya,13.028,77.518
2025-08-14,22.56,4.02,81.3,Bengaluru_Peenya,13.028,77.518
2025-08-15,22.73,4.32,80.74,Bengaluru_Peenya,13.028,77.518
2025-08-16,22.63,4.11,83.4,Bengaluru_Peenya,13.028,77.518
2025-08-17,22.82,4.34,83.62,Bengaluru_Peenya,13.028,77.518
2025-08-18,22.25,5.24,82.72,Bengaluru_Peenya,13.028,77.518
2025-08-19,22.72,5.91,78.43,Bengaluru_Peenya,13.028,77.518
2025-08-20,22.66,3.88,79.52,Bengaluru_Peenya,13.028,77.518
2025-08-21,23.46,2.33,80.28,Bengaluru_Peenya,13.028,77.518
2025-08-22,23.43,1.39,81.59,Bengaluru_Peenya,13.028,77.518
2025-08-23,23.63,2.43,81.29,Bengaluru_Peenya,13.028,77.518
2025-08-24,24.1,3.25,75.47,Bengaluru_Peenya,13.028,77.518
2025-08-25,23.23,3.06,76.71,Bengaluru_Peenya,13.028,77.518
2025-08-26,23.93,3.22,75.29,Bengaluru_Peenya,13.028,77.518
2025-08-27,23.23,3.77,81.2,Bengaluru_Peenya,13.028,77.518
2025-08-28,23.22,4.17,78.01,Bengaluru_Peenya,13.028,77.518
2025-08-29,22.47,4.11,79.38,Bengaluru_Peenya,13.028,77.518
2025-08-30,23.35,3.47,81.06,Bengaluru_Peenya,13.028,77.518
2025-08-31,23.79,3.45,80.88,Bengaluru_Peenya,13.028,77.518
2025-09-01,23.26,4.04,81.97,Bengaluru_Peenya,13.028,77.518
2025-09-02,23.14,3.95,82.47,Bengaluru_Peenya,13.028,77.518
2025-09-03,23.47,3.78,82.21,Bengaluru_Peenya,13.028,77.518
2025-09-04,23.73,3.02,79.97,Bengaluru_Peenya,13.028,77.518
2025-09-05,23.46,2.39,80.95,Bengaluru_Peenya,13.028,77.518
2025-09-06,24.08,2.42,78.84,Bengaluru_Peenya,13.028,77.518
2025-09-07,23.88,2.7,79.37,Bengaluru_Peenya,13.028,77.518
2025-09-08,23.79,2.33,76.29,Bengaluru_Peenya,13.028,77.518
2025-09-09,24.72,1.29,78.57,Bengaluru_Peenya,13.028,77.518
2025-09-10,23.92,1.3,81.88,Bengaluru_Peenya,13.028,77.518
2025-09-11,22.82,1.58,84.0,Bengaluru_Peenya,13.028,77.518
2025-09-12,23.56,2.02,79.01,Bengaluru_Peenya,13.028,77.518
2025-09-13,23.31,1.74,84.88,Bengaluru_Peenya,13.028,77.518
2025-09-14,23.26,1.95,83.01,Bengaluru_Peenya,13.028,77.518
2025-09-15,23.23,2.15,83.2,Bengaluru_Peenya,13.028,77.518
2025-09-16,23.58,1.46,84.11,Bengaluru_Peenya,13.028,77.518
2025-09-17,22.68,1.39,89.98,Bengaluru_Peenya,13.028,77.518
2025-09-18,23.36,1.7,85.77,Bengaluru_Peenya,13.028,77.518
2025-09-19,22.31,2.26,87.47,Bengaluru_Peenya,13.028,77.518
2025-09-20,22.3,2.66,88.42,Bengaluru_Peenya,13.028,77.518
2025-09-21,23.09,2.4,85.72,Bengaluru_Peenya,13.028,77.518
2025-09-22,22.89,2.57,85.19,Bengaluru_Peenya,13.028,77.518
2025-09-23,22.58,2.89,84.23,Bengaluru_Peenya,13.028,77.518
2025-09-24,22.68,3.1,82.99,Bengaluru_Peenya,13.028,77.518
2025-09-25,22.75,3.28,82.51,Bengaluru_Peenya,13.028,77.518
2025-09-26,22.72,3.68,81.32,Bengaluru_Peenya,13.028,77.518
2025-09-27,21.34,4.15,84.18,Bengaluru_Peenya,13.028,77.518
2025-09-28,22.68,3.72,81.61,Bengaluru_Peenya,13.028,77.518
2025-09-29,23.14,3.65,79.98,Bengaluru_Peenya,13.028,77.518
2025-09-30,22.33,2.92,82.39,Bengaluru_Peenya,13.028,77.518
2025-10-01,23.33,2.71,80.12,Bengaluru_Peenya,13.028,77.518
2025-10-02,23.61,2.42,81.54,Bengaluru_Peenya,13.028,77.518
2025-10-03,22.97,1.85,86.04,Bengaluru_Peenya,13.028,77.518
2025-10-04,23.75,1.75,79.65,Bengaluru_Peenya,13.028,77.518
2025-10-05,23.63,1.34,79.32,Bengaluru_Peenya,13.028,77.518
2025-10-06,22.98,1.49,84.18,Bengaluru_Peenya,13.028,77.518
2025-10-07,22.95,1.31,81.2,Bengaluru_Peenya,13.028,77.518
2025-10-08,23.56,1.19,81.32,Bengaluru_Peenya,13.028,77.518
2025-10-09,23.67,1.13,83.01,Bengaluru_Peenya,13.028,77.518
2025-10-10,23.63,1.65,85.88,Bengaluru_Peenya,13.028,77.518
2025-10-11,23.27,1.53,84.7,Bengaluru_Peenya,13.028,77.518
2025-10-12,23.36,1.75,86.1,Bengaluru_Peenya,13.028,77.518
2025-10-13,23.32,1.9,85.9,Bengaluru_Peenya,13.028,77.518
2025-10-14,23.42,2.44,85.06,Bengaluru_Peenya,13.028,77.518
2025-10-15,23.06,2.44,85.0,Bengaluru_Peenya,13.028,77.518
2025-10-16,23.05,3.05,86.66,Bengaluru_Peenya,13.028,77.518
2025-10-17,22.99,2.78,87.05,Bengaluru_Peenya,13.028,77.518
2025-10-18,23.01,2.66,86.46,Bengaluru_Peenya,13.028,77.518
2025-10-19,22.92,2.51,84.11,Bengaluru_Peenya,13.028,77.518
2025-10-20,22.42,2.44,86.47,Bengaluru_Peenya,13.028,77.518
2025-10-21,22.07,2.51,87.66,Bengaluru_Peenya,13.028,77.518
2025-10-22,21.73,3.07,91.68,Bengaluru_Peenya,13.028,77.518
2025-10-23,22.71,1.5,86.22,Bengaluru_Peenya,13.028,77.518
2025-10-24,21.93,1.56,85.77,Bengaluru_Peenya,13.028,77.518
2025-10-25,22.77,1.0,77.07,Bengaluru_Peenya,13.028,77.518
2025-10-26,22.92,1.03,83.19,Bengaluru_Peenya,13.028,77.518
2025-10-27,21.77,1.63,90.03,Bengaluru_Peenya,13.028,77.518
2025-10-28,21.65,3.42,85.06,Bengaluru_Peenya,13.028,77.518
2025-10-29,21.63,3.24,82.55,Bengaluru_Peenya,13.028,77.518
2025-10-30,22.34,2.43,84.04,Bengaluru_Peenya,13.028,77.518
2025-10-31,22.71,1.81,79.39,Bengaluru_Peenya,13.028,77.518
2025-11-01,22.88,0.93,79.17,Bengaluru_Peenya,13.028,77.518
2025-11-02,22.56,1.51,82.99,Bengaluru_Peenya,13.028,77.518
2025-11-03,22.45,1.94,82.4,Bengaluru_Peenya,13.028,77.518
2025-11-04,22.28,1.82,80.62,Bengaluru_Peenya,13.028,77.518
2025-11-05,22.78,1.59,85.33,Bengaluru_Peenya,13.028,77.518
2025-11-06,20.52,1.97,93.23,Bengaluru_Peenya,13.028,77.518
2025-11-07,21.81,1.33,83.37,Bengaluru_Peenya,13.028,77.518
2025-11-08,20.7,2.06,80.08,Bengaluru_Peenya,13.028,77.518
2025-11-09,18.73,1.85,71.36,Bengaluru_Peenya,13.028,77.518
2025-11-10,20.44,0.91,75.53,Bengaluru_Peenya,13.028,77.518
2025-11-11,22.02,1.36,80.07,Bengaluru_Peenya,13.028,77.518
2025-11-12,22.22,2.21,78.61,Bengaluru_Peenya,13.028,77.518
2025-11-13,22.5,2.34,81.1,Bengaluru_Peenya,13.028,77.518
2025-11-14,20.96,2.77,76.89,Bengaluru_Peenya,13.028,77.518
2025-11-15,19.82,2.39,74.83,Bengaluru_Peenya,13.028,77.518
2025-11-16,20.94,2.6,79.42,Bengaluru_Peenya,13.028,77.518
2025-11-17,20.62,2.88,77.47,Bengaluru_Peenya,13.028,77.518
2025-11-18,19.38,2.47,86.19,Bengaluru_Peenya,13.028,77.518
2025-11-19,21.75,2.29,80.27,Bengaluru_Peenya,13.028,77.518
2025-11-20,21.28,2.3,73.47,Bengaluru_Peenya,13.028,77.518
2025-11-21,21.98,2.48,84.36,Bengaluru_Peenya,13.028,77.518
2025-11-22,22.1,2.93,84.55,Bengaluru_Peenya,13.028,77.518
2025-11-23,21.83,2.71,83.49,Bengaluru_Peenya,13.028,77.518
2025-11-24,22.21,2.99,80.2,Bengaluru_Peenya,13.028,77.518
2025-11-25,20.7,2.72,79.35,Bengaluru_Peenya,13.028,77.518
2025-11-26,20.37,3.15,76.41,Bengaluru_Peenya,13.028,77.518
2025-11-27,20.56,3.08,75.76,Bengaluru_Peenya,13.028,77.518
2025-11-28,19.49,2.64,76.89,Bengaluru_Peenya,13.028,77.518
2025-11-29,19.24,2.6,84.92,Bengaluru_Peenya,13.028,77.518
2025-11-30,20.07,2.95,89.93,Bengaluru_Peenya,13.028,77.518
2025-12-01,21.47,2.85,81.05,Bengaluru_Peenya,13.028,77.518
2025-12-02,21.91,2.74,79.81,Bengaluru_Peenya,13.028,77.518
2025-12-03,23.12,3.78,80.62,Bengaluru_Peenya,13.028,77.518
2025-12-04,21.83,2.43,83.85,Bengaluru_Peenya,13.028,77.518
2025-12-05,21.84,3.5,79.65,Bengaluru_Peenya,13.028,77.518
2025-12-06,21.77,3.12,74.13,Bengaluru_Peenya,13.028,77.518
2025-12-07,21.27,2.68,74.56,Bengaluru_Peenya,13.028,77.518
2025-12-08,20.5,2.43,65.32,Bengaluru_Peenya,13.028,77.518
2025-12-09,20.42,2.66,71.86,Bengaluru_Peenya,13.028,77.518
2025-12-10,20.58,2.93,65.57,Bengaluru_Peenya,13.028,77.518
2025-12-11,19.82,3.07,69.24,Bengaluru_Peenya,13.028,77.518
2025-12-12,19.37,2.43,69.55,Bengaluru_Peenya,13.028,77.518
2025-12-13,18.73,2.11,61.77,Bengaluru_Peenya,13.028,77.518
2025-12-14,18.5,2.39,67.46,Bengaluru_Peenya,13.028,77.518
2025-12-15,18.81,2.71,65.55,Bengaluru_Peenya,13.028,77.518
2025-12-16,21.14,3.77,78.19,Bengaluru_Peenya,13.028,77.518
2025-12-17,21.95,3.14,69.23,Bengaluru_Peenya,13.028,77.518
2025-12-18,19.43,2.94,67.33,Bengaluru_Peenya,13.028,77.518
2025-12-19,18.87,2.15,67.54,Bengaluru_Peenya,13.028,77.518
2025-12-20,18.64,1.68,67.96,Bengaluru_Peenya,13.028,77.518
2025-12-21,19.06,2.18,69.05,Bengaluru_Peenya,13.028,77.518
2025-12-22,19.62,2.65,69.93,Bengaluru_Peenya,13.028,77.518
2025-12-23,19.61,2.06,69.04,Bengaluru_Peenya,13.028,77.518
2025-12-24,19.51,2.07,68.63,Bengaluru_Peenya,13.028,77.518
2025-12-25,19.52,2.28,67.32,Bengaluru_Peenya,13.028,77.518
2025-12-26,20.5,2.47,68.84,Bengaluru_Peenya,13.028,77.518
2025-12-27,19.42,2.33,67.2,Bengaluru_Peenya,13.028,77.518
2025-12-28,19.76,2.24,68.23,Bengaluru_Peenya,13.028,77.518
2025-12-29,21.04,2.07,68.91,Bengaluru_Peenya,13.028,77.518
2025-12-30,22.06,1.1,69.08,Bengaluru_Peenya,13.028,77.518
2025-12-31,23.02,1.63,71.0,Bengaluru_Peenya,13.028,77.518
2026-01-01,20.88,1.08,85.92,Bengaluru_Peenya,13.028,77.518
2026-01-02,20.31,1.66,83.4,Bengaluru_Peenya,13.028,77.518
2026-01-03,20.02,2.15,79.61,Bengaluru_Peenya,13.028,77.518
2026-01-04,18.74,2.29,77.11,Bengaluru_Peenya,13.028,77.518
2026-01-05,17.69,1.97,77.02,Bengaluru_Peenya,13.028,77.518
2026-01-06,18.21,2.21,80.5,Bengaluru_Peenya,13.028,77.518
2026-01-07,18.55,2.57,75.26,Bengaluru_Peenya,13.028,77.518
2026-01-08,17.43,2.54,77.06,Bengaluru_Peenya,13.028,77.518
2026-01-09,17.56,2.25,77.6,Bengaluru_Peenya,13.028,77.518
2026-01-10,19.01,2.77,80.38,Bengaluru_Peenya,13.028,77.518
2026-01-11,18.77,2.59,86.45,Bengaluru_Peenya,13.028,77.518
2026-01-12,19.79,2.44,85.99,Bengaluru_Peenya,13.028,77.518
2026-01-13,20.58,1.91,81.82,Bengaluru_Peenya,13.028,77.518
2026-01-14,20.84,1.2,79.31,Bengaluru_Peenya,13.028,77.518
2026-01-15,21.08,1.4,71.54,Bengaluru_Peenya,13.028,77.518
2026-01-16,19.57,1.63,72.03,Bengaluru_Peenya,13.028,77.518
2026-01-17,18.4,1.56,63.13,Bengaluru_Peenya,13.028,77.518
2026-01-18,18.42,1.17,64.84,Bengaluru_Peenya,13.028,77.518
2026-01-19,18.99,1.04,66.42,Bengaluru_Peenya,13.028,77.518
2026-01-20,18.87,1.49,61.83,Bengaluru_Peenya,13.028,77.518
2026-01-21,18.37,1.56,66.84,Bengaluru_Peenya,13.028,77.518
2026-01-22,18.07,1.89,66.69,Bengaluru_Peenya,13.028,77.518
2026-01-23,18.51,1.72,66.24,Bengaluru_Peenya,13.028,77.518
2026-01-24,19.77,2.31,84.02,Bengaluru_Peenya,13.028,77.518
2026-01-25,20.45,2.73,83.72,Bengaluru_Peenya,13.028,77.518
2026-01-26,20.42,2.59,85.01,Bengaluru_Peenya,13.028,77.518
2026-01-27,20.85,1.96,76.06,Bengaluru_Peenya,13.028,77.518
2026-01-28,21.05,1.82,71.64,Bengaluru_Peenya,13.028,77.518
2026-01-29,20.2,1.93,68.78,Bengaluru_Peenya,13.028,77.518
2026-01-30,19.87,1.81,64.83,Bengaluru_Peenya,13.028,77.518
2026-01-31,19.11,2.01,62.2,Bengaluru_Peenya,13.028,77.518
2026-02-01,19.98,2.09,68.85,Bengaluru_Peenya,13.028,77.518
2026-02-02,21.11,2.22,67.28,Bengaluru_Peenya,13.028,77.518
2026-02-03,20.35,2.01,66.71,Bengaluru_Peenya,13.028,77.518
2026-02-04,19.51,2.31,62.16,Bengaluru_Peenya,13.028,77.518
2026-02-05,19.69,2.04,63.21,Bengaluru_Peenya,13.028,77.518
2026-02-06,20.12,2.32,59.69,Bengaluru_Peenya,13.028,77.518
2026-02-07,20.3,1.97,60.23,Bengaluru_Peenya,13.028,77.518
2026-02-08,-999.0,-999.0,-999.0,Bengaluru_Peenya,13.028,77.518
2026-02-09,-999.0,-999.0,-999.0,Bengaluru_Peenya,13.028,77.518
2026-02-10,-999.0,-999.0,-999.0,Bengaluru_Peenya,13.028,77.518
2026-02-11,19.89,2.36,59.55,Bengaluru_Peenya,13.028,77.518
2026-02-12,19.7,1.93,59.48,Bengaluru_Peenya,13.028,77.518
2026-02-13,21.76,1.94,53.24,Bengaluru_Peenya,13.028,77.518
2026-02-14,21.18,2.0,46.81,Bengaluru_Peenya,13.028,77.518
2026-02-15,-999.0,-999.0,-999.0,Bengaluru_Peenya,13.028,77.518
2026-02-16,-999.0,-999.0,-999.0,Bengaluru_Peenya,13.028,77.518
2026-02-17,-999.0,-999.0,-999.0,Bengaluru_Peenya,13.028,77.518
2025-01-01,24.48,3.27,83.31,Chennai_Manali,13.166,80.258
2025-01-02,24.06,3.01,82.63,Chennai_Manali,13.166,80.258
2025-01-03,23.63,3.09,79.01,Chennai_Manali,13.166,80.258
2025-01-04,23.48,2.47,77.78,Chennai_Manali,13.166,80.258
2025-01-05,23.74,2.03,76.19,Chennai_Manali,13.166,80.258
2025-01-06,24.22,1.94,71.06,Chennai_Manali,13.166,80.258
2025-01-07,23.66,2.46,76.78,Chennai_Manali,13.166,80.258
2025-01-08,23.06,3.05,76.7,Chennai_Manali,13.166,80.258
2025-01-09,23.51,3.42,78.76,Chennai_Manali,13.166,80.258
2025-01-10,24.06,3.91,82.27,Chennai_Manali,13.166,80.258
2025-01-11,24.16,3.8,80.1,Chennai_Manali,13.166,80.258
2025-01-12,24.71,3.87,85.27,Chennai_Manali,13.166,80.258
2025-01-13,25.21,4.16,87.43,Chennai_Manali,13.166,80.258
2025-01-14,24.6,3.81,82.34,Chennai_Manali,13.166,80.258
2025-01-15,24.69,4.18,80.15,Chennai_Manali,13.166,80.258
2025-01-16,24.39,3.65,79.37,Chennai_Manali,13.166,80.258
2025-01-17,23.77,3.83,80.39,Chennai_Manali,13.166,80.258
2025-01-18,24.12,4.51,83.58,Chennai_Manali,13.166,80.258
2025-01-19,24.59,4.51,87.98,Chennai_Manali,13.166,80.258
2025-01-20,23.63,3.33,82.93,Chennai_Manali,13.166,80.258
2025-01-21,23.35,2.77,81.76,Chennai_Manali,13.166,80.258
2025-01-22,24.12,2.88,81.12,Chennai_Manali,13.166,80.258
2025-01-23,23.91,2.39,78.92,Chennai_Manali,13.166,80.258
2025-01-24,23.29,2.51,79.83,Chennai_Manali,13.166,80.258
2025-01-25,22.94,2.89,79.53,Chennai_Manali,13.166,80.258
2025-01-26,23.26,2.49,81.58,Chennai_Manali,13.166,80.258
2025-01-27,23.78,2.12,78.0,Chennai_Manali,13.166,80.258
2025-01-28,23.85,1.92,75.23,Chennai_Manali,13.166,80.258
2025-01-29,23.36,2.88,77.17,Chennai_Manali,13.166,80.258
2025-01-30,23.99,2.07,81.55,Chennai_Manali,13.166,80.258
2025-01-31,25.19,1.95,85.87,Chennai_Manali,13.166,80.258
2025-02-01,25.22,1.8,81.17,Chennai_Manali,13.166,80.258
2025-02-02,24.56,1.38,77.3,Chennai_Manali,13.166,80.258
2025-02-03,24.12,1.18,72.48,Chennai_Manali,13.166,80.258
2025-02-04,24.82,1.26,66.46,Chennai_Manali,13.166,80.258
2025-02-05,25.27,1.55,68.85,Chennai_Manali,13.166,80.258
2025-02-06,25.14,1.73,78.54,Chennai_Manali,13.166,80.258
2025-02-07,24.88,1.4,76.16,Chennai_Manali,13.166,80.258
2025-02-08,24.93,1.65,77.13,Chennai_Manali,13.166,80.258
2025-02-09,24.97,2.03,80.02,Chennai_Manali,13.166,80.258
2025-02-10,25.01,2.2,78.3,Chennai_Manali,13.166,80.258
2025-02-11,24.45,1.46,74.09,Chennai_Manali,13.166,80.258
2025-02-12,24.47,1.32,73.4,Chennai_Manali,13.166,80.258
2025-02-13,24.19,1.47,72.31,Chennai_Manali,13.166,80.258
2025-02-14,24.12,1.62,74.71,Chennai_Manali,13.166,80.258
2025-02-15,24.57,1.81,76.41,Chennai_Manali,13.166,80.258
2025-02-16,25.13,1.85,76.24,Chennai_Manali,13.166,80.258
2025-02-17,25.52,1.98,77.4,Chennai_Manali,13.166,80.258
2025-02-18,25.2,1.76,76.6,Chennai_Manali,13.166,80.258
2025-02-19,25.32,1.97,75.61,Chennai_Manali,13.166,80.258
2025-02-20,25.53,2.13,76.83,Chennai_Manali,13.166,80.258
2025-02-21,25.9,2.02,76.47,Chennai_Manali,13.166,80.258
2025-02-22,26.4,1.73,72.18,Chennai_Manali,13.166,80.258
2025-02-23,26.22,1.98,70.42,Chennai_Manali,13.166,80.258
2025-02-24,26.29,2.65,73.72,Chennai_Manali,13.166,80.258
2025-02-25,26.53,3.64,75.32,Chennai_Manali,13.166,80.258
2025-02-26,26.63,4.09,74.61,Chennai_Manali,13.166,80.258
2025-02-27,26.25,3.62,72.07,Chennai_Manali,13.166,80.258
2025-02-28,26.3,3.29,71.62,Chennai_Manali,13.166,80.258
2025-03-01,27.19,3.07,75.13,Chennai_Manali,13.166,80.258
2025-03-02,27.15,1.91,75.12,Chennai_Manali,13.166,80.258
2025-03-03,27.41,1.77,70.23,Chennai_Manali,13.166,80.258
2025-03-04,27.25,2.13,69.77,Chennai_Manali,13.166,80.258
2025-03-05,27.57,1.84,65.97,Chennai_Manali,13.166,80.258
2025-03-06,27.61,2.54,64.66,Chennai_Manali,13.166,80.258
2025-03-07,26.27,1.98,64.28,Chennai_Manali,13.166,80.258
2025-03-08,26.24,2.25,69.98,Chennai_Manali,13.166,80.258
2025-03-09,26.26,2.52,70.88,Chennai_Manali,13.166,80.258
2025-03-10,27.18,3.28,71.13,Chennai_Manali,13.166,80.258
2025-03-11,27.26,3.83,80.24,Chennai_Manali,13.166,80.258
2025-03-12,28.2,2.19,78.25,Chennai_Manali,13.166,80.258
2025-03-13,28.51,1.72,71.74,Chennai_Manali,13.166,80.258
2025-03-14,27.85,2.55,74.28,Chennai_Manali,13.166,80.258
2025-03-15,27.73,2.58,72.15,Chennai_Manali,13.166,80.258
2025-03-16,28.22,2.02,72.86,Chennai_Manali,13.166,80.258
2025-03-17,28.36,2.39,76.39,Chennai_Manali,13.166,80.258
2025-03-18,28.32,2.65,77.5,Chennai_Manali,13.166,80.258
2025-03-19,28.47,3.18,75.0,Chennai_Manali,13.166,80.258
2025-03-20,28.77,3.01,70.4,Chennai_Manali,13.166,80.258
2025-03-21,28.85,3.02,71.53,Chennai_Manali,13.166,80.258
2025-03-22,28.98,3.24,74.4,Chennai_Manali,13.166,80.258
2025-03-23,29.2,3.03,71.74,Chennai_Manali,13.166,80.258
2025-03-24,29.0,2.44,67.7,Chennai_Manali,13.166,80.258
2025-03-25,28.84,2.04,65.61,Chennai_Manali,13.166,80.258
2025-03-26,29.08,2.62,65.6,Chennai_Manali,13.166,80.258
2025-03-27,29.74,2.25,60.12,Chennai_Manali,13.166,80.258
2025-03-28,29.82,2.97,61.56,Chennai_Manali,13.166,80.258
2025-03-29,29.61,2.87,61.22,Chennai_Manali,13.166,80.258
2025-03-30,28.82,3.2,66.86,Chennai_Manali,13.166,80.258
2025-03-31,28.65,3.1,67.54,Chennai_Manali,13.166,80.258
2025-04-01,27.75,2.7,66.18,Chennai_Manali,13.166,80.258
2025-04-02,29.07,2.89,65.6,Chennai_Manali,13.166,80.258
2025-04-03,29.33,2.86,67.5,Chennai_Manali,13.166,80.258
2025-04-04,29.5,2.68,62.76,Chennai_Manali,13.166,80.258
2025-04-05,29.77,2.28,66.74,Chennai_Manali,13.166,80.258
2025-04-06,30.37,2.44,64.81,Chennai_Manali,13.166,80.258
2025-04-07,29.96,2.35,67.5,Chennai_Manali,13.166,80.258
2025-04-08,29.82,2.5,67.23,Chennai_Manali,13.166,80.258
2025-04-09,29.92,3.26,68.98,Chennai_Manali,13.166,80.258
2025-04-10,31.1,2.28,62.73,Chennai_Manali,13.166,80.258
2025-04-11,31.72,2.95,63.85,Chennai_Manali,13.166,80.258
2025-04-12,32.04,2.99,59.71,Chennai_Manali,13.166,80.258
2025-04-13,31.72,2.37,61.11,Chennai_Manali,13.166,80.258
2025-04-14,30.94,2.49,62.42,Chennai_Manali,13.166,80.258
2025-04-15,30.04,3.15,67.09,Chennai_Manali,13.166,80.258
2025-04-16,29.82,3.18,70.27,Chennai_Manali,13.166,80.258
2025-04-17,29.97,3.07,70.63,Chennai_Manali,13.166,80.258
2025-04-18,30.46,3.55,70.69,Chennai_Manali,13.166,80.258
2025-04-19,30.85,3.05,71.11,Chennai_Manali,13.166,80.258
2025-04-20,30.83,3.33,72.42,Chennai_Manali,13.166,80.258
2025-04-21,29.78,2.32,75.62,Chennai_Manali,13.166,80.258
2025-04-22,30.65,2.98,67.73,Chennai_Manali,13.166,80.258
2025-04-23,30.66,3.27,65.8,Chennai_Manali,13.166,80.258
2025-04-24,30.14,3.07,70.33,Chennai_Manali,13.166,80.258
2025-04-25,30.84,3.37,70.33,Chennai_Manali,13.166,80.258
2025-04-26,30.63,3.7,70.76,Chennai_Manali,13.166,80.258
2025-04-27,30.39,3.31,71.0,Chennai_Manali,13.166,80.258
2025-04-28,30.57,3.05,66.59,Chennai_Manali,13.166,80.258
2025-04-29,31.2,2.79,63.72,Chennai_Manali,13.166,80.258
2025-04-30,31.33,3.29,65.41,Chennai_Manali,13.166,80.258
2025-05-01,31.77,3.64,64.5,Chennai_Manali,13.166,80.258
2025-05-02,31.55,3.59,65.66,Chennai_Manali,13.166,80.258
2025-05-03,31.55,3.54,65.08,Chennai_Manali,13.166,80.258
2025-05-04,31.12,3.51,66.83,Chennai_Manali,13.166,80.258
2025-05-05,29.86,2.94,73.2,Chennai_Manali,13.166,80.258
2025-05-06,29.83,3.21,75.56,Chennai_Manali,13.166,80.258
2025-05-07,29.7,2.41,74.4,Chennai_Manali,13.166,80.258
2025-05-08,30.18,2.78,71.49,Chennai_Manali,13.166,80.258
2025-05-09,29.94,1.73,72.56,Chennai_Manali,13.166,80.258
2025-05-10,30.55,2.67,70.2,Chennai_Manali,13.166,80.258
2025-05-11,30.16,2.5,72.71,Chennai_Manali,13.166,80.258
2025-05-12,31.39,2.19,66.17,Chennai_Manali,13.166,80.258
2025-05-13,31.78,2.59,63.41,Chennai_Manali,13.166,80.258
2025-05-14,31.35,1.8,66.91,Chennai_Manali,13.166,80.258
2025-05-15,32.0,1.97,67.21,Chennai_Manali,13.166,80.258
2025-05-16,30.27,2.01,61.58,Chennai_Manali,13.166,80.258
2025-05-17,30.96,2.41,59.45,Chennai_Manali,13.166,80.258
2025-05-18,30.09,2.15,72.24,Chennai_Manali,13.166,80.258
2025-05-19,30.07,1.99,73.72,Chennai_Manali,13.166,80.258
2025-05-20,29.27,2.73,78.6,Chennai_Manali,13.166,80.258
2025-05-21,30.16,2.62,73.33,Chennai_Manali,13.166,80.258
2025-05-22,30.68,3.01,67.37,Chennai_Manali,13.166,80.258
2025-05-23,31.0,3.53,67.84,Chennai_Manali,13.166,80.258
2025-05-24,30.96,4.55,69.27,Chennai_Manali,13.166,80.258
2025-05-25,30.16,4.87,72.13,Chennai_Manali,13.166,80.258
2025-05-26,29.89,5.63,67.9,Chennai_Manali,13.166,80.258
2025-05-27,30.83,4.85,62.07,Chennai_Manali,13.166,80.258
2025-05-28,30.66,4.7,63.14,Chennai_Manali,13.166,80.258
2025-05-29,30.54,4.27,65.21,Chennai_Manali,13.166,80.258
2025-05-30,29.59,3.86,69.36,Chennai_Manali,13.166,80.258
2025-05-31,29.68,3.5,62.37,Chennai_Manali,13.166,80.258
2025-06-01,30.9,3.35,59.46,Chennai_Manali,13.166,80.258
2025-06-02,31.43,3.15,60.29,Chennai_Manali,13.166,80.258
2025-06-03,31.52,3.21,60.9,Chennai_Manali,13.166,80.258
2025-06-04,30.88,2.8,61.03,Chennai_Manali,13.166,80.258
2025-06-05,31.08,2.67,64.34,Chennai_Manali,13.166,80.258
2025-06-06,30.97,2.82,64.91,Chennai_Manali,13.166,80.258
2025-06-07,31.24,2.52,68.52,Chennai_Manali,13.166,80.258
2025-06-08,31.21,2.74,68.14,Chennai_Manali,13.166,80.258
2025-06-09,30.33,2.92,71.65,Chennai_Manali,13.166,80.258
2025-06-10,29.9,3.16,73.29,Chennai_Manali,13.166,80.258
2025-06-11,29.47,2.74,77.09,Chennai_Manali,13.166,80.258
2025-06-12,29.64,3.34,73.62,Chennai_Manali,13.166,80.258
2025-06-13,29.97,4.58,73.21,Chennai_Manali,13.166,80.258
2025-06-14,28.62,4.08,78.38,Chennai_Manali,13.166,80.258
2025-06-15,29.5,5.08,68.32,Chennai_Manali,13.166,80.258
2025-06-16,29.66,5.32,63.83,Chennai_Manali,13.166,80.258
2025-06-17,30.19,4.26,61.49,Chennai_Manali,13.166,80.258
2025-06-18,30.44,3.66,64.59,Chennai_Manali,13.166,80.258
2025-06-19,30.95,3.43,65.1,Chennai_Manali,13.166,80.258
2025-06-20,30.9,3.49,66.07,Chennai_Manali,13.166,80.258
2025-06-21,30.82,2.92,66.11,Chennai_Manali,13.166,80.258
2025-06-22,30.67,3.03,65.81,Chennai_Manali,13.166,80.258
2025-06-23,30.7,4.13,61.7,Chennai_Manali,13.166,80.258
2025-06-24,30.26,5.04,55.23,Chennai_Manali,13.166,80.258
2025-06-25,29.39,3.91,62.47,Chennai_Manali,13.166,80.258
2025-06-26,30.36,3.55,64.32,Chennai_Manali,13.166,80.258
2025-06-27,30.17,3.46,63.92,Chennai_Manali,13.166,80.258
2025-06-28,30.08,2.91,66.73,Chennai_Manali,13.166,80.258
2025-06-29,31.2,3.14,62.96,Chennai_Manali,13.166,80.258
2025-06-30,30.53,2.94,62.4,Chennai_Manali,13.166,80.258
2025-07-01,30.11,2.74,64.28,Chennai_Manali,13.166,80.258
2025-07-02,30.37,3.04,62.62,Chennai_Manali,13.166,80.258
2025-07-03,29.83,3.62,63.71,Chennai_Manali,13.166,80.258
2025-07-04,31.08,3.83,57.66,Chennai_Manali,13.166,80.258
2025-07-05,31.62,3.58,56.62,Chennai_Manali,13.166,80.258
2025-07-06,31.43,4.11,57.79,Chennai_Manali,13.166,80.258
2025-07-07,31.57,4.11,57.02,Chennai_Manali,13.166,80.258
2025-07-08,31.78,3.64,59.73,Chennai_Manali,13.166,80.258
2025-07-09,31.12,2.39,63.85,Chennai_Manali,13.166,80.258
2025-07-10,31.34,2.68,62.9,Chennai_Manali,13.166,80.258
2025-07-11,31.3,2.83,62.46,Chennai_Manali,13.166,80.258
2025-07-12,30.7,2.94,66.26,Chennai_Manali,13.166,80.258
2025-07-13,30.67,3.31,63.87,Chennai_Manali,13.166,80.258
2025-07-14,30.03,3.39,68.19,Chennai_Manali,13.166,80.258
2025-07-15,30.13,3.58,67.46,Chennai_Manali,13.166,80.258
2025-07-16,30.09,3.09,69.47,Chennai_Manali,13.166,80.258
2025-07-17,29.77,2.99,72.96,Chennai_Manali,13.166,80.258
2025-07-18,28.52,2.36,77.94,Chennai_Manali,13.166,80.258
2025-07-19,29.28,1.93,72.88,Chennai_Manali,13.166,80.258
2025-07-20,29.17,3.38,70.4,Chennai_Manali,13.166,80.258
2025-07-21,27.8,4.78,70.93,Chennai_Manali,13.166,80.258
2025-07-22,29.07,4.4,62.24,Chennai_Manali,13.166,80.258
2025-07-23,28.55,3.4,69.52,Chennai_Manali,13.166,80.258
2025-07-24,29.08,3.31,70.59,Chennai_Manali,13.166,80.258
2025-07-25,29.18,3.99,66.97,Chennai_Manali,13.166,80.258
2025-07-26,28.97,4.54,67.05,Chennai_Manali,13.166,80.258
2025-07-27,29.67,4.06,64.46,Chennai_Manali,13.166,80.258
2025-07-28,30.21,3.95,61.67,Chennai_Manali,13.166,80.258
2025-07-29,30.58,3.7,61.03,Chennai_Manali,13.166,80.258
2025-07-30,30.68,2.84,62.34,Chennai_Manali,13.166,80.258
2025-07-31,30.27,2.4,65.8,Chennai_Manali,13.166,80.258
2025-08-01,30.61,2.56,67.01,Chennai_Manali,13.166,80.258
2025-08-02,29.62,2.54,72.46,Chennai_Manali,13.166,80.258
2025-08-03,29.15,2.48,75.7,Chennai_Manali,13.166,80.258
2025-08-04,28.92,2.04,76.78,Chennai_Manali,13.166,80.258
2025-08-05,28.77,2.33,76.26,Chennai_Manali,13.166,80.258
2025-08-06,29.23,1.43,76.68,Chennai_Manali,13.166,80.258
2025-08-07,29.3,2.68,75.25,Chennai_Manali,13.166,80.258
2025-08-08,27.79,1.26,84.46,Chennai_Manali,13.166,80.258
2025-08-09,28.43,2.89,75.56,Chennai_Manali,13.166,80.258
2025-08-10,27.31,3.26,82.9,Chennai_Manali,13.166,80.258
2025-08-11,27.05,2.92,81.25,Chennai_Manali,13.166,80.258
2025-08-12,27.7,3.22,75.63,Chennai_Manali,13.166,80.258
2025-08-13,27.85,3.17,71.61,Chennai_Manali,13.166,80.258
2025-08-14,28.66,2.82,73.63,Chennai_Manali,13.166,80.258
2025-08-15,28.48,3.29,73.35,Chennai_Manali,13.166,80.258
2025-08-16,27.97,3.45,75.82,Chennai_Manali,13.166,80.258
2025-08-17,27.01,3.44,83.03,Chennai_Manali,13.166,80.258
2025-08-18,27.91,4.12,77.24,Chennai_Manali,13.166,80.258
2025-08-19,28.49,4.09,71.99,Chennai_Manali,13.166,80.258
2025-08-20,28.7,2.99,69.85,Chennai_Manali,13.166,80.258
2025-08-21,28.97,2.09,73.15,Chennai_Manali,13.166,80.258
2025-08-22,27.99,2.54,80.44,Chennai_Manali,13.166,80.258
2025-08-23,26.76,2.7,85.26,Chennai_Manali,13.166,80.258
2025-08-24,28.77,2.26,75.33,Chennai_Manali,13.166,80.258
2025-08-25,28.7,2.21,73.42,Chennai_Manali,13.166,80.258
2025-08-26,28.88,2.25,73.59,Chennai_Manali,13.166,80.258
2025-08-27,28.31,2.53,77.58,Chennai_Manali,13.166,80.258
2025-08-28,28.59,2.82,77.68,Chennai_Manali,13.166,80.258
2025-08-29,28.89,2.9,74.17,Chennai_Manali,13.166,80.258
2025-08-30,29.37,2.31,73.78,Chennai_Manali,13.166,80.258
2025-08-31,29.12,2.25,75.18,Chennai_Manali,13.166,80.258
2025-09-01,28.44,2.82,77.94,Chennai_Manali,13.166,80.258
2025-09-02,28.55,2.57,76.56,Chennai_Manali,13.166,80.258
2025-09-03,28.86,3.17,76.6,Chennai_Manali,13.166,80.258
2025-09-04,28.81,3.08,76.85,Chennai_Manali,13.166,80.258
2025-09-05,28.98,2.13,75.57,Chennai_Manali,13.166,80.258
2025-09-06,29.35,2.11,75.0,Chennai_Manali,13.166,80.258
2025-09-07,29.14,2.23,76.44,Chennai_Manali,13.166,80.258
2025-09-08,29.01,2.25,75.91,Chennai_Manali,13.166,80.258
2025-09-09,28.91,2.3,76.44,Chennai_Manali,13.166,80.258
2025-09-10,28.77,2.72,79.14,Chennai_Manali,13.166,80.258
2025-09-11,27.8,2.07,81.77,Chennai_Manali,13.166,80.258
2025-09-12,28.26,1.69,78.02,Chennai_Manali,13.166,80.258
2025-09-13,27.78,1.68,82.38,Chennai_Manali,13.166,80.258
2025-09-14,28.24,2.62,79.39,Chennai_Manali,13.166,80.258
2025-09-15,28.43,2.6,79.06,Chennai_Manali,13.166,80.258
2025-09-16,28.66,2.13,80.27,Chennai_Manali,13.166,80.258
2025-09-17,27.65,2.71,85.2,Chennai_Manali,13.166,80.258
2025-09-18,27.18,1.82,86.08,Chennai_Manali,13.166,80.258
2025-09-19,27.27,2.26,84.36,Chennai_Manali,13.166,80.258
2025-09-20,28.19,2.65,79.98,Chennai_Manali,13.166,80.258
2025-09-21,27.89,1.67,80.96,Chennai_Manali,13.166,80.258
2025-09-22,28.36,2.13,80.22,Chennai_Manali,13.166,80.258
2025-09-23,28.0,2.61,79.78,Chennai_Manali,13.166,80.258
2025-09-24,27.84,3.17,76.68,Chennai_Manali,13.166,80.258
2025-09-25,28.44,2.99,76.85,Chennai_Manali,13.166,80.258
2025-09-26,28.13,3.36,78.72,Chennai_Manali,13.166,80.258
2025-09-27,27.69,3.71,76.8,Chennai_Manali,13.166,80.258
2025-09-28,28.06,3.22,79.27,Chennai_Manali,13.166,80.258
2025-09-29,28.73,2.46,75.92,Chennai_Manali,13.166,80.258
2025-09-30,28.48,2.35,72.8,Chennai_Manali,13.166,80.258
2025-10-01,28.57,2.5,74.45,Chennai_Manali,13.166,80.258
2025-10-02,28.64,2.35,76.65,Chennai_Manali,13.166,80.258
2025-10-03,28.16,1.8,78.8,Chennai_Manali,13.166,80.258
2025-10-04,28.23,1.88,77.69,Chennai_Manali,13.166,80.258
2025-10-05,28.24,2.34,78.79,Chennai_Manali,13.166,80.258
2025-10-06,28.18,1.78,78.76,Chennai_Manali,13.166,80.258
2025-10-07,28.65,1.13,74.91,Chennai_Manali,13.166,80.258
2025-10-08,28.03,2.17,80.7,Chennai_Manali,13.166,80.258
2025-10-09,27.61,2.03,82.53,Chennai_Manali,13.166,80.258
2025-10-10,27.22,1.31,80.24,Chennai_Manali,13.166,80.258
2025-10-11,27.74,1.75,78.52,Chennai_Manali,13.166,80.258
2025-10-12,27.78,1.62,81.11,Chennai_Manali,13.166,80.258
2025-10-13,27.68,1.81,80.11,Chennai_Manali,13.166,80.258
2025-10-14,27.63,2.08,81.23,Chennai_Manali,13.166,80.258
2025-10-15,27.48,2.98,83.57,Chennai_Manali,13.166,80.258
2025-10-16,27.46,2.56,86.73,Chennai_Manali,13.166,80.258
2025-10-17,27.18,2.67,87.12,Chennai_Manali,13.166,80.258
2025-10-18,26.75,1.52,86.6,Chennai_Manali,13.166,80.258
2025-10-19,26.65,1.92,86.09,Chennai_Manali,13.166,80.258
2025-10-20,26.53,2.51,88.73,Chennai_Manali,13.166,80.258
2025-10-21,27.01,3.87,87.08,Chennai_Manali,13.166,80.258
2025-10-22,26.73,3.02,90.14,Chennai_Manali,13.166,80.258
2025-10-23,26.94,1.71,88.5,Chennai_Manali,13.166,80.258
2025-10-24,26.32,1.04,87.32,Chennai_Manali,13.166,80.258
2025-10-25,26.27,1.83,86.75,Chennai_Manali,13.166,80.258
2025-10-26,26.38,1.81,87.4,Chennai_Manali,13.166,80.258
2025-10-27,25.93,3.95,87.71,Chennai_Manali,13.166,80.258
2025-10-28,25.79,4.45,85.41,Chennai_Manali,13.166,80.258
2025-10-29,26.66,3.63,84.37,Chennai_Manali,13.166,80.258
2025-10-30,27.39,1.95,81.01,Chennai_Manali,13.166,80.258
2025-10-31,27.86,1.66,81.1,Chennai_Manali,13.166,80.258
2025-11-01,27.86,1.76,82.24,Chennai_Manali,13.166,80.258
2025-11-02,27.66,2.11,81.91,Chennai_Manali,13.166,80.258
2025-11-03,27.92,1.85,79.96,Chennai_Manali,13.166,80.258
2025-11-04,27.1,2.33,82.39,Chennai_Manali,13.166,80.258
2025-11-05,27.3,1.53,81.73,Chennai_Manali,13.166,80.258
2025-11-06,27.21,1.54,81.81,Chennai_Manali,13.166,80.258
2025-11-07,27.12,2.24,79.57,Chennai_Manali,13.166,80.258
2025-11-08,26.19,3.06,76.93,Chennai_Manali,13.166,80.258
2025-11-09,25.22,3.29,80.07,Chennai_Manali,13.166,80.258
2025-11-10,25.99,3.18,80.46,Chennai_Manali,13.166,80.258
2025-11-11,26.21,3.18,82.85,Chennai_Manali,13.166,80.258
2025-11-12,26.72,3.22,81.94,Chennai_Manali,13.166,80.258
2025-11-13,26.6,3.48,82.63,Chennai_Manali,13.166,80.258
2025-11-14,25.16,3.9,74.82,Chennai_Manali,13.166,80.258
2025-11-15,25.35,3.65,78.07,Chennai_Manali,13.166,80.258
2025-11-16,25.39,4.7,84.68,Chennai_Manali,13.166,80.258
2025-11-17,24.4,5.3,87.62,Chennai_Manali,13.166,80.258
2025-11-18,25.27,3.23,88.16,Chennai_Manali,13.166,80.258
2025-11-19,25.66,3.76,80.32,Chennai_Manali,13.166,80.258
2025-11-20,25.15,4.21,84.71,Chennai_Manali,13.166,80.258
2025-11-21,26.53,3.08,87.17,Chennai_Manali,13.166,80.258
2025-11-22,26.72,3.61,86.99,Chennai_Manali,13.166,80.258
2025-11-23,26.55,3.57,86.86,Chennai_Manali,13.166,80.258
2025-11-24,25.92,3.85,84.46,Chennai_Manali,13.166,80.258
2025-11-25,25.25,3.76,80.07,Chennai_Manali,13.166,80.258
2025-11-26,25.01,3.87,79.42,Chennai_Manali,13.166,80.258
2025-11-27,25.29,4.47,75.94,Chennai_Manali,13.166,80.258
2025-11-28,24.85,4.82,78.44,Chennai_Manali,13.166,80.258
2025-11-29,25.08,5.53,86.83,Chennai_Manali,13.166,80.258
2025-11-30,25.24,7.33,91.14,Chennai_Manali,13.166,80.258
2025-12-01,25.29,7.06,90.03,Chennai_Manali,13.166,80.258
2025-12-02,25.51,5.92,91.62,Chennai_Manali,13.166,80.258
2025-12-03,25.91,3.52,90.53,Chennai_Manali,13.166,80.258
2025-12-04,25.86,3.4,87.82,Chennai_Manali,13.166,80.258
2025-12-05,25.55,4.28,86.28,Chennai_Manali,13.166,80.258
2025-12-06,25.3,3.89,84.64,Chennai_Manali,13.166,80.258
2025-12-07,24.55,3.56,83.54,Chennai_Manali,13.166,80.258
2025-12-08,24.09,4.07,82.71,Chennai_Manali,13.166,80.258
2025-12-09,24.33,4.28,84.61,Chennai_Manali,13.166,80.258
2025-12-10,24.06,4.06,79.54,Chennai_Manali,13.166,80.258
2025-12-11,24.42,4.01,78.99,Chennai_Manali,13.166,80.258
2025-12-12,23.73,3.57,76.75,Chennai_Manali,13.166,80.258
2025-12-13,22.57,3.1,75.02,Chennai_Manali,13.166,80.258
2025-12-14,22.78,3.03,74.27,Chennai_Manali,13.166,80.258
2025-12-15,23.34,3.4,77.67,Chennai_Manali,13.166,80.258
2025-12-16,24.93,4.25,87.34,Chennai_Manali,13.166,80.258
2025-12-17,24.36,4.23,83.73,Chennai_Manali,13.166,80.258
2025-12-18,23.22,3.35,80.39,Chennai_Manali,13.166,80.258
2025-12-19,22.93,2.53,75.22,Chennai_Manali,13.166,80.258
2025-12-20,22.72,2.14,74.68,Chennai_Manali,13.166,80.258
2025-12-21,23.17,2.52,77.23,Chennai_Manali,13.166,80.258
2025-12-22,23.58,2.83,76.88,Chennai_Manali,13.166,80.258
2025-12-23,23.41,2.57,75.26,Chennai_Manali,13.166,80.258
2025-12-24,23.32,2.58,71.04,Chennai_Manali,13.166,80.258
2025-12-25,23.38,3.08,79.71,Chennai_Manali,13.166,80.258
2025-12-26,23.7,3.01,73.93,Chennai_Manali,13.166,80.258
2025-12-27,23.83,2.67,72.36,Chennai_Manali,13.166,80.258
2025-12-28,23.68,2.71,72.97,Chennai_Manali,13.166,80.258
2025-12-29,23.45,3.31,78.82,Chennai_Manali,13.166,80.258
2025-12-30,23.7,2.81,85.17,Chennai_Manali,13.166,80.258
2025-12-31,24.67,2.89,86.75,Chennai_Manali,13.166,80.258
2026-01-01,24.78,2.05,83.01,Chennai_Manali,13.166,80.258
2026-01-02,25.03,2.54,80.27,Chennai_Manali,13.166,80.258
2026-01-03,24.65,2.91,77.79,Chennai_Manali,13.166,80.258
2026-01-04,23.96,3.03,73.92,Chennai_Manali,13.166,80.258
2026-01-05,23.71,3.27,73.29,Chennai_Manali,13.166,80.258
2026-01-06,23.88,3.46,73.04,Chennai_Manali,13.166,80.258
2026-01-07,23.67,3.85,71.17,Chennai_Manali,13.166,80.258
2026-01-08,23.8,3.79,69.78,Chennai_Manali,13.166,80.258
2026-01-09,23.97,3.93,71.04,Chennai_Manali,13.166,80.258
2026-01-10,24.28,4.06,73.72,Chennai_Manali,13.166,80.258
2026-01-11,24.05,3.87,81.42,Chennai_Manali,13.166,80.258
2026-01-12,24.48,3.45,79.46,Chennai_Manali,13.166,80.258
2026-01-13,25.05,2.74,76.69,Chennai_Manali,13.166,80.258
2026-01-14,24.93,1.61,72.4,Chennai_Manali,13.166,80.258
2026-01-15,24.99,1.59,73.38,Chennai_Manali,13.166,80.258
2026-01-16,24.68,1.7,72.01,Chennai_Manali,13.166,80.258
2026-01-17,23.9,2.09,71.34,Chennai_Manali,13.166,80.258
2026-01-18,23.85,1.71,66.38,Chennai_Manali,13.166,80.258
2026-01-19,23.57,1.71,66.16,Chennai_Manali,13.166,80.258
2026-01-20,23.51,2.3,70.87,Chennai_Manali,13.166,80.258
2026-01-21,23.49,2.68,68.88,Chennai_Manali,13.166,80.258
2026-01-22,23.69,2.91,65.19,Chennai_Manali,13.166,80.258
2026-01-23,23.55,2.91,77.19,Chennai_Manali,13.166,80.258
2026-01-24,23.37,3.61,88.65,Chennai_Manali,13.166,80.258
2026-01-25,24.04,2.73,84.08,Chennai_Manali,13.166,80.258
2026-01-26,24.93,2.42,77.31,Chennai_Manali,13.166,80.258
2026-01-27,24.47,2.39,73.68,Chennai_Manali,13.166,80.258
2026-01-28,24.45,2.07,73.72,Chennai_Manali,13.166,80.258
2026-01-29,24.04,2.39,74.77,Chennai_Manali,13.166,80.258
2026-01-30,23.81,2.45,71.88,Chennai_Manali,13.166,80.258
2026-01-31,23.68,2.87,72.57,Chennai_Manali,13.166,80.258
2026-02-01,24.53,3.0,73.66,Chennai_Manali,13.166,80.258
2026-02-02,24.33,3.05,75.55,Chennai_Manali,13.166,80.258
2026-02-03,24.2,2.73,69.19,Chennai_Manali,13.166,80.258
2026-02-04,24.51,3.08,71.95,Chennai_Manali,13.166,80.258
2026-02-05,24.86,2.99,71.78,Chennai_Manali,13.166,80.258
2026-02-06,24.63,2.88,71.49,Chennai_Manali,13.166,80.258
2026-02-07,24.62,2.37,70.94,Chennai_Manali,13.166,80.258
2026-02-08,-999.0,-999.0,-999.0,Chennai_Manali,13.166,80.258
2026-02-09,-999.0,-999.0,-999.0,Chennai_Manali,13.166,80.258
2026-02-10,-999.0,-999.0,-999.0,Chennai_Manali,13.166,80.258
2026-02-11,24.31,2.86,65.95,Chennai_Manali,13.166,80.258
2026-02-12,24.43,2.7,69.62,Chennai_Manali,13.166,80.258
2026-02-13,24.9,2.73,67.88,Chennai_Manali,13.166,80.258
2026-02-14,24.88,2.33,70.65,Chennai_Manali,13.166,80.258
2026-02-15,-999.0,-999.0,-999.0,Chennai_Manali,13.166,80.258
2026-02-16,-999.0,-999.0,-999.0,Chennai_Manali,13.166,80.258
2026-02-17,-999.0,-999.0,-999.0,Chennai_Manali,13.166,80.258
2025-01-01,12.54,2.17,50.83,Lucknow_Talkatora,26.8467,80.9462
2025-01-02,12.64,2.0,51.57,Lucknow_Talkatora,26.8467,80.9462
2025-01-03,14.32,1.41,55.14,Lucknow_Talkatora,26.8467,80.9462
2025-01-04,15.8,1.1,55.96,Lucknow_Talkatora,26.8467,80.9462
2025-01-05,15.31,0.98,57.84,Lucknow_Talkatora,26.8467,80.9462
2025-01-06,15.79,1.32,63.65,Lucknow_Talkatora,26.8467,80.9462
2025-01-07,14.48,2.93,60.92,Lucknow_Talkatora,26.8467,80.9462
2025-01-08,12.51,2.41,51.41,Lucknow_Talkatora,26.8467,80.9462
2025-01-09,12.76,1.26,46.61,Lucknow_Talkatora,26.8467,80.9462
2025-01-10,14.47,0.78,40.02,Lucknow_Talkatora,26.8467,80.9462
2025-01-11,15.63,1.49,46.38,Lucknow_Talkatora,26.8467,80.9462
2025-01-12,14.66,1.48,61.64,Lucknow_Talkatora,26.8467,80.9462
2025-01-13,15.36,2.17,67.46,Lucknow_Talkatora,26.8467,80.9462
2025-01-14,15.51,1.49,62.2,Lucknow_Talkatora,26.8467,80.9462
2025-01-15,15.25,1.19,56.26,Lucknow_Talkatora,26.8467,80.9462
2025-01-16,15.6,1.22,56.01,Lucknow_Talkatora,26.8467,80.9462
2025-01-17,15.62,2.49,63.99,Lucknow_Talkatora,26.8467,80.9462
2025-01-18,14.84,2.14,57.75,Lucknow_Talkatora,26.8467,80.9462
2025-01-19,15.95,2.54,48.81,Lucknow_Talkatora,26.8467,80.9462
2025-01-20,17.59,3.24,56.07,Lucknow_Talkatora,26.8467,80.9462
2025-01-21,17.26,2.69,50.25,Lucknow_Talkatora,26.8467,80.9462
2025-01-22,17.72,1.81,50.25,Lucknow_Talkatora,26.8467,80.9462
2025-01-23,18.47,1.59,51.24,Lucknow_Talkatora,26.8467,80.9462
2025-01-24,17.03,2.61,43.42,Lucknow_Talkatora,26.8467,80.9462
2025-01-25,15.21,2.38,42.44,Lucknow_Talkatora,26.8467,80.9462
2025-01-26,15.38,1.34,35.55,Lucknow_Talkatora,26.8467,80.9462
2025-01-27,14.42,1.72,34.93,Lucknow_Talkatora,26.8467,80.9462
2025-01-28,15.23,1.53,33.05,Lucknow_Talkatora,26.8467,80.9462
2025-01-29,17.71,1.05,27.01,Lucknow_Talkatora,26.8467,80.9462
2025-01-30,18.68,0.99,27.37,Lucknow_Talkatora,26.8467,80.9462
2025-01-31,19.46,1.23,32.94,Lucknow_Talkatora,26.8467,80.9462
2025-02-01,20.38,1.03,35.29,Lucknow_Talkatora,26.8467,80.9462
2025-02-02,19.09,1.92,38.56,Lucknow_Talkatora,26.8467,80.9462
2025-02-03,18.51,2.42,43.67,Lucknow_Talkatora,26.8467,80.9462
2025-02-04,20.32,1.94,45.32,Lucknow_Talkatora,26.8467,80.9462
2025-02-05,20.25,2.8,48.59,Lucknow_Talkatora,26.8467,80.9462
2025-02-06,16.52,3.29,33.23,Lucknow_Talkatora,26.8467,80.9462
2025-02-07,15.74,3.24,35.08,Lucknow_Talkatora,26.8467,80.9462
2025-02-08,16.68,2.04,35.18,Lucknow_Talkatora,26.8467,80.9462
2025-02-09,17.62,1.98,34.47,Lucknow_Talkatora,26.8467,80.9462
2025-02-10,18.77,2.05,33.99,Lucknow_Talkatora,26.8467,80.9462
2025-02-11,19.83,2.49,34.51,Lucknow_Talkatora,26.8467,80.9462
2025-02-12,20.05,2.55,36.88,Lucknow_Talkatora,26.8467,80.9462
2025-02-13,18.24,3.52,30.42,Lucknow_Talkatora,26.8467,80.9462
2025-02-14,17.53,3.19,28.94,Lucknow_Talkatora,26.8467,80.9462
2025-02-15,18.77,1.53,34.57,Lucknow_Talkatora,26.8467,80.9462
2025-02-16,21.07,1.16,34.24,Lucknow_Talkatora,26.8467,80.9462
2025-02-17,21.33,1.21,37.17,Lucknow_Talkatora,26.8467,80.9462
2025-02-18,20.84,1.79,37.85,Lucknow_Talkatora,26.8467,80.9462
2025-02-19,21.07,1.34,36.75,Lucknow_Talkatora,26.8467,80.9462
2025-02-20,20.64,1.44,40.13,Lucknow_Talkatora,26.8467,80.9462
2025-02-21,21.85,1.37,40.9,Lucknow_Talkatora,26.8467,80.9462
2025-02-22,20.34,2.08,43.06,Lucknow_Talkatora,26.8467,80.9462
2025-02-23,19.76,1.76,42.24,Lucknow_Talkatora,26.8467,80.9462
2025-02-24,19.58,1.84,38.37,Lucknow_Talkatora,26.8467,80.9462
2025-02-25,20.17,1.49,37.53,Lucknow_Talkatora,26.8467,80.9462
2025-02-26,21.62,1.17,37.51,Lucknow_Talkatora,26.8467,80.9462
2025-02-27,22.94,2.02,41.0,Lucknow_Talkatora,26.8467,80.9462
2025-02-28,22.78,2.03,47.02,Lucknow_Talkatora,26.8467,80.9462
2025-03-01,23.51,1.47,45.79,Lucknow_Talkatora,26.8467,80.9462
2025-03-02,23.79,2.98,42.93,Lucknow_Talkatora,26.8467,80.9462
2025-03-03,22.86,3.06,29.91,Lucknow_Talkatora,26.8467,80.9462
2025-03-04,23.64,3.21,27.14,Lucknow_Talkatora,26.8467,80.9462
2025-03-05,20.51,4.28,27.37,Lucknow_Talkatora,26.8467,80.9462
2025-03-06,20.07,2.32,22.01,Lucknow_Talkatora,26.8467,80.9462
2025-03-07,21.69,1.71,22.04,Lucknow_Talkatora,26.8467,80.9462
2025-03-08,23.27,1.63,20.15,Lucknow_Talkatora,26.8467,80.9462
2025-03-09,23.82,0.94,20.32,Lucknow_Talkatora,26.8467,80.9462
2025-03-10,24.48,1.15,25.01,Lucknow_Talkatora,26.8467,80.9462
2025-03-11,25.97,1.89,24.67,Lucknow_Talkatora,26.8467,80.9462
2025-03-12,27.63,2.35,24.61,Lucknow_Talkatora,26.8467,80.9462
2025-03-13,28.53,2.32,30.38,Lucknow_Talkatora,26.8467,80.9462
2025-03-14,28.98,1.41,31.31,Lucknow_Talkatora,26.8467,80.9462
2025-03-15,29.5,1.17,24.94,Lucknow_Talkatora,26.8467,80.9462
2025-03-16,29.85,1.91,27.87,Lucknow_Talkatora,26.8467,80.9462
2025-03-17,27.55,4.05,29.03,Lucknow_Talkatora,26.8467,80.9462
2025-03-18,25.47,3.04,25.88,Lucknow_Talkatora,26.8467,80.9462
2025-03-19,25.78,2.26,20.63,Lucknow_Talkatora,26.8467,80.9462
2025-03-20,27.73,1.38,17.38,Lucknow_Talkatora,26.8467,80.9462
2025-03-21,26.81,1.88,18.59,Lucknow_Talkatora,26.8467,80.9462
2025-03-22,26.29,1.87,18.63,Lucknow_Talkatora,26.8467,80.9462
2025-03-23,25.84,1.18,22.08,Lucknow_Talkatora,26.8467,80.9462
2025-03-24,27.26,1.02,18.58,Lucknow_Talkatora,26.8467,80.9462
2025-03-25,28.17,1.41,16.11,Lucknow_Talkatora,26.8467,80.9462
2025-03-26,29.12,2.44,17.56,Lucknow_Talkatora,26.8467,80.9462
2025-03-27,30.93,3.08,17.27,Lucknow_Talkatora,26.8467,80.9462
2025-03-28,30.75,3.36,14.78,Lucknow_Talkatora,26.8467,80.9462
2025-03-29,27.21,3.53,8.3,Lucknow_Talkatora,26.8467,80.9462
2025-03-30,26.38,2.72,9.2,Lucknow_Talkatora,26.8467,80.9462
2025-03-31,27.51,2.61,10.57,Lucknow_Talkatora,26.8467,80.9462
2025-04-01,27.66,2.66,12.2,Lucknow_Talkatora,26.8467,80.9462
2025-04-02,28.29,2.25,12.15,Lucknow_Talkatora,26.8467,80.9462
2025-04-03,28.67,2.09,11.07,Lucknow_Talkatora,26.8467,80.9462
2025-04-04,29.82,2.63,10.88,Lucknow_Talkatora,26.8467,80.9462
2025-04-05,29.84,2.51,14.25,Lucknow_Talkatora,26.8467,80.9462
2025-04-06,31.27,1.42,14.57,Lucknow_Talkatora,26.8467,80.9462
2025-04-07,31.53,1.5,15.09,Lucknow_Talkatora,26.8467,80.9462
2025-04-08,30.88,2.55,29.19,Lucknow_Talkatora,26.8467,80.9462
2025-04-09,32.01,1.4,29.13,Lucknow_Talkatora,26.8467,80.9462
2025-04-10,29.09,1.69,46.62,Lucknow_Talkatora,26.8467,80.9462
2025-04-11,28.54,1.83,53.54,Lucknow_Talkatora,26.8467,80.9462
2025-04-12,28.94,1.71,40.52,Lucknow_Talkatora,26.8467,80.9462
2025-04-13,26.99,0.98,41.69,Lucknow_Talkatora,26.8467,80.9462
2025-04-14,27.92,1.73,41.94,Lucknow_Talkatora,26.8467,80.9462
2025-04-15,29.52,1.88,46.1,Lucknow_Talkatora,26.8467,80.9462
2025-04-16,30.68,1.47,38.57,Lucknow_Talkatora,26.8467,80.9462
2025-04-17,32.23,1.06,34.11,Lucknow_Talkatora,26.8467,80.9462
2025-04-18,32.07,2.34,37.89,Lucknow_Talkatora,26.8467,80.9462
2025-04-19,30.2,2.02,49.95,Lucknow_Talkatora,26.8467,80.9462
2025-04-20,32.42,1.9,40.13,Lucknow_Talkatora,26.8467,80.9462
2025-04-21,33.86,1.4,31.88,Lucknow_Talkatora,26.8467,80.9462
2025-04-22,32.95,2.24,22.08,Lucknow_Talkatora,26.8467,80.9462
2025-04-23,32.04,3.27,14.04,Lucknow_Talkatora,26.8467,80.9462
2025-04-24,32.33,2.65,13.83,Lucknow_Talkatora,26.8467,80.9462
2025-04-25,33.14,1.85,12.36,Lucknow_Talkatora,26.8467,80.9462
2025-04-26,34.06,1.95,11.7,Lucknow_Talkatora,26.8467,80.9462
2025-04-27,33.49,1.3,14.14,Lucknow_Talkatora,26.8467,80.9462
2025-04-28,31.65,3.44,25.04,Lucknow_Talkatora,26.8467,80.9462
2025-04-29,30.43,3.71,33.9,Lucknow_Talkatora,26.8467,80.9462
2025-04-30,30.91,4.09,40.76,Lucknow_Talkatora,26.8467,80.9462
2025-05-01,31.55,4.3,39.05,Lucknow_Talkatora,26.8467,80.9462
2025-05-02,31.1,2.78,37.93,Lucknow_Talkatora,26.8467,80.9462
2025-05-03,32.85,1.54,32.47,Lucknow_Talkatora,26.8467,80.9462
2025-05-04,33.98,3.15,30.61,Lucknow_Talkatora,26.8467,80.9462
2025-05-05,32.43,2.62,34.14,Lucknow_Talkatora,26.8467,80.9462
2025-05-06,31.91,2.7,37.19,Lucknow_Talkatora,26.8467,80.9462
2025-05-07,33.46,2.01,32.65,Lucknow_Talkatora,26.8467,80.9462
2025-05-08,34.04,1.83,35.34,Lucknow_Talkatora,26.8467,80.9462
2025-05-09,34.01,2.76,32.31,Lucknow_Talkatora,26.8467,80.9462
2025-05-10,35.32,2.65,31.63,Lucknow_Talkatora,26.8467,80.9462
2025-05-11,35.13,2.04,36.09,Lucknow_Talkatora,26.8467,80.9462
2025-05-12,34.52,2.72,30.9,Lucknow_Talkatora,26.8467,80.9462
2025-05-13,35.2,3.05,23.43,Lucknow_Talkatora,26.8467,80.9462
2025-05-14,35.88,2.9,26.05,Lucknow_Talkatora,26.8467,80.9462
2025-05-15,36.37,2.23,18.84,Lucknow_Talkatora,26.8467,80.9462
2025-05-16,36.81,1.7,17.8,Lucknow_Talkatora,26.8467,80.9462
2025-05-17,34.96,1.54,28.76,Lucknow_Talkatora,26.8467,80.9462
2025-05-18,34.77,2.32,29.49,Lucknow_Talkatora,26.8467,80.9462
2025-05-19,33.75,3.86,38.9,Lucknow_Talkatora,26.8467,80.9462
2025-05-20,35.07,2.56,38.37,Lucknow_Talkatora,26.8467,80.9462
2025-05-21,35.07,3.53,37.04,Lucknow_Talkatora,26.8467,80.9462
2025-05-22,31.88,3.25,51.03,Lucknow_Talkatora,26.8467,80.9462
2025-05-23,32.93,2.79,46.75,Lucknow_Talkatora,26.8467,80.9462
2025-05-24,33.76,3.78,43.91,Lucknow_Talkatora,26.8467,80.9462
2025-05-25,33.73,2.42,47.07,Lucknow_Talkatora,26.8467,80.9462
2025-05-26,34.06,2.75,43.83,Lucknow_Talkatora,26.8467,80.9462
2025-05-27,33.82,3.28,48.56,Lucknow_Talkatora,26.8467,80.9462
2025-05-28,35.42,2.0,44.45,Lucknow_Talkatora,26.8467,80.9462
2025-05-29,36.67,1.1,38.84,Lucknow_Talkatora,26.8467,80.9462
2025-05-30,37.08,1.45,32.77,Lucknow_Talkatora,26.8467,80.9462
2025-05-31,35.61,2.28,27.81,Lucknow_Talkatora,26.8467,80.9462
2025-06-01,35.68,2.92,21.49,Lucknow_Talkatora,26.8467,80.9462
2025-06-02,36.48,1.92,23.38,Lucknow_Talkatora,26.8467,80.9462
2025-06-03,33.82,2.51,30.95,Lucknow_Talkatora,26.8467,80.9462
2025-06-04,33.28,1.24,35.27,Lucknow_Talkatora,26.8467,80.9462
2025-06-05,33.63,1.83,36.85,Lucknow_Talkatora,26.8467,80.9462
2025-06-06,34.32,1.03,27.42,Lucknow_Talkatora,26.8467,80.9462
2025-06-07,35.91,1.04,22.5,Lucknow_Talkatora,26.8467,80.9462
2025-06-08,37.02,1.11,22.46,Lucknow_Talkatora,26.8467,80.9462
2025-06-09,37.85,1.66,25.69,Lucknow_Talkatora,26.8467,80.9462
2025-06-10,38.83,2.68,27.94,Lucknow_Talkatora,26.8467,80.9462
2025-06-11,38.06,3.36,34.02,Lucknow_Talkatora,26.8467,80.9462
2025-06-12,35.66,2.13,54.19,Lucknow_Talkatora,26.8467,80.9462
2025-06-13,36.35,2.5,45.37,Lucknow_Talkatora,26.8467,80.9462
2025-06-14,36.58,1.43,45.56,Lucknow_Talkatora,26.8467,80.9462
2025-06-15,36.11,1.23,47.9,Lucknow_Talkatora,26.8467,80.9462
2025-06-16,34.27,2.85,56.69,Lucknow_Talkatora,26.8467,80.9462
2025-06-17,33.48,2.39,58.78,Lucknow_Talkatora,26.8467,80.9462
2025-06-18,33.19,1.75,59.61,Lucknow_Talkatora,26.8467,80.9462
2025-06-19,32.82,2.3,61.62,Lucknow_Talkatora,26.8467,80.9462
2025-06-20,31.62,2.94,69.42,Lucknow_Talkatora,26.8467,80.9462
2025-06-21,33.18,2.49,62.15,Lucknow_Talkatora,26.8467,80.9462
2025-06-22,31.8,2.74,71.09,Lucknow_Talkatora,26.8467,80.9462
2025-06-23,31.58,2.78,70.7,Lucknow_Talkatora,26.8467,80.9462
2025-06-24,31.81,1.86,68.7,Lucknow_Talkatora,26.8467,80.9462
2025-06-25,31.84,3.22,67.16,Lucknow_Talkatora,26.8467,80.9462
2025-06-26,32.51,4.5,65.47,Lucknow_Talkatora,26.8467,80.9462
2025-06-27,32.64,3.51,63.48,Lucknow_Talkatora,26.8467,80.9462
2025-06-28,32.86,1.42,63.57,Lucknow_Talkatora,26.8467,80.9462
2025-06-29,30.31,1.12,75.19,Lucknow_Talkatora,26.8467,80.9462
2025-06-30,30.77,0.86,73.87,Lucknow_Talkatora,26.8467,80.9462
2025-07-01,31.07,2.19,73.68,Lucknow_Talkatora,26.8467,80.9462
2025-07-02,30.49,3.28,77.16,Lucknow_Talkatora,26.8467,80.9462
2025-07-03,31.11,3.71,74.31,Lucknow_Talkatora,26.8467,80.9462
2025-07-04,30.36,2.44,80.07,Lucknow_Talkatora,26.8467,80.9462
2025-07-05,30.79,1.62,75.56,Lucknow_Talkatora,26.8467,80.9462
2025-07-06,32.63,1.76,66.58,Lucknow_Talkatora,26.8467,80.9462
2025-07-07,33.12,1.98,63.68,Lucknow_Talkatora,26.8467,80.9462
2025-07-08,31.85,1.41,70.23,Lucknow_Talkatora,26.8467,80.9462
2025-07-09,30.43,1.18,74.88,Lucknow_Talkatora,26.8467,80.9462
2025-07-10,30.6,2.2,73.76,Lucknow_Talkatora,26.8467,80.9462
2025-07-11,31.12,1.82,70.86,Lucknow_Talkatora,26.8467,80.9462
2025-07-12,30.66,2.13,77.46,Lucknow_Talkatora,26.8467,80.9462
2025-07-13,29.67,2.28,83.73,Lucknow_Talkatora,26.8467,80.9462
2025-07-14,29.41,2.8,82.79,Lucknow_Talkatora,26.8467,80.9462
2025-07-15,29.28,1.14,80.1,Lucknow_Talkatora,26.8467,80.9462
2025-07-16,28.04,2.78,84.76,Lucknow_Talkatora,26.8467,80.9462
2025-07-17,27.98,6.65,85.07,Lucknow_Talkatora,26.8467,80.9462
2025-07-18,28.77,3.69,79.85,Lucknow_Talkatora,26.8467,80.9462
2025-07-19,29.68,2.68,75.59,Lucknow_Talkatora,26.8467,80.9462
2025-07-20,29.08,2.15,81.2,Lucknow_Talkatora,26.8467,80.9462
2025-07-21,30.38,1.13,74.6,Lucknow_Talkatora,26.8467,80.9462
2025-07-22,30.5,1.88,75.78,Lucknow_Talkatora,26.8467,80.9462
2025-07-23,31.0,1.89,76.72,Lucknow_Talkatora,26.8467,80.9462
2025-07-24,31.08,1.42,76.34,Lucknow_Talkatora,26.8467,80.9462
2025-07-25,31.59,1.07,75.88,Lucknow_Talkatora,26.8467,80.9462
2025-07-26,30.87,2.8,77.42,Lucknow_Talkatora,26.8467,80.9462
2025-07-27,30.59,3.61,77.28,Lucknow_Talkatora,26.8467,80.9462
2025-07-28,29.36,1.66,87.51,Lucknow_Talkatora,26.8467,80.9462
2025-07-29,29.9,2.74,82.35,Lucknow_Talkatora,26.8467,80.9462
2025-07-30,29.02,2.89,86.79,Lucknow_Talkatora,26.8467,80.9462
2025-07-31,29.47,2.46,85.05,Lucknow_Talkatora,26.8467,80.9462
2025-08-01,29.74,2.07,80.64,Lucknow_Talkatora,26.8467,80.9462
2025-08-02,29.58,2.12,84.98,Lucknow_Talkatora,26.8467,80.9462
2025-08-03,28.28,1.85,89.69,Lucknow_Talkatora,26.8467,80.9462
2025-08-04,28.08,3.0,90.53,Lucknow_Talkatora,26.8467,80.9462
2025-08-05,28.13,2.26,89.17,Lucknow_Talkatora,26.8467,80.9462
2025-08-06,27.93,2.36,87.51,Lucknow_Talkatora,26.8467,80.9462
2025-08-07,28.66,2.65,85.12,Lucknow_Talkatora,26.8467,80.9462
2025-08-08,28.44,2.21,89.47,Lucknow_Talkatora,26.8467,80.9462
2025-08-09,28.24,1.67,87.75,Lucknow_Talkatora,26.8467,80.9462
2025-08-10,28.69,1.75,86.23,Lucknow_Talkatora,26.8467,80.9462
2025-08-11,28.58,1.39,90.09,Lucknow_Talkatora,26.8467,80.9462
2025-08-12,29.55,2.62,85.91,Lucknow_Talkatora,26.8467,80.9462
2025-08-13,29.38,1.54,85.3,Lucknow_Talkatora,26.8467,80.9462
2025-08-14,28.79,2.11,86.23,Lucknow_Talkatora,26.8467,80.9462
2025-08-15,29.05,1.11,82.91,Lucknow_Talkatora,26.8467,80.9462
2025-08-16,29.14,1.62,85.01,Lucknow_Talkatora,26.8467,80.9462
2025-08-17,29.45,1.57,85.54,Lucknow_Talkatora,26.8467,80.9462
2025-08-18,29.02,2.53,87.04,Lucknow_Talkatora,26.8467,80.9462
2025-08-19,28.73,2.61,87.19,Lucknow_Talkatora,26.8467,80.9462
2025-08-20,28.58,3.35,86.86,Lucknow_Talkatora,26.8467,80.9462
2025-08-21,28.54,2.16,88.21,Lucknow_Talkatora,26.8467,80.9462
2025-08-22,28.38,1.57,87.98,Lucknow_Talkatora,26.8467,80.9462
2025-08-23,28.58,2.62,87.46,Lucknow_Talkatora,26.8467,80.9462
2025-08-24,28.31,3.62,90.32,Lucknow_Talkatora,26.8467,80.9462
2025-08-25,28.58,3.31,88.63,Lucknow_Talkatora,26.8467,80.9462
2025-08-26,29.1,1.8,86.13,Lucknow_Talkatora,26.8467,80.9462
2025-08-27,29.26,1.24,84.57,Lucknow_Talkatora,26.8467,80.9462
2025-08-28,27.95,2.35,89.77,Lucknow_Talkatora,26.8467,80.9462
2025-08-29,27.44,2.48,90.96,Lucknow_Talkatora,26.8467,80.9462
2025-08-30,28.05,2.21,89.68,Lucknow_Talkatora,26.8467,80.9462
2025-08-31,27.97,2.11,90.67,Lucknow_Talkatora,26.8467,80.9462
2025-09-01,27.59,1.71,93.32,Lucknow_Talkatora,26.8467,80.9462
2025-09-02,27.55,1.82,92.71,Lucknow_Talkatora,26.8467,80.9462
2025-09-03,27.52,2.31,90.75,Lucknow_Talkatora,26.8467,80.9462
2025-09-04,27.76,3.35,88.45,Lucknow_Talkatora,26.8467,80.9462
2025-09-05,27.83,2.83,87.47,Lucknow_Talkatora,26.8467,80.9462
2025-09-06,28.64,1.66,86.75,Lucknow_Talkatora,26.8467,80.9462
2025-09-07,29.0,1.05,84.57,Lucknow_Talkatora,26.8467,80.9462
2025-09-08,28.56,1.52,87.33,Lucknow_Talkatora,26.8467,80.9462
2025-09-09,27.99,1.96,88.91,Lucknow_Talkatora,26.8467,80.9462
2025-09-10,28.13,2.94,88.43,Lucknow_Talkatora,26.8467,80.9462
2025-09-11,27.1,1.99,88.32,Lucknow_Talkatora,26.8467,80.9462
2025-09-12,27.21,1.77,88.05,Lucknow_Talkatora,26.8467,80.9462
2025-09-13,27.97,1.7,84.47,Lucknow_Talkatora,26.8467,80.9462
2025-09-14,27.83,1.34,85.13,Lucknow_Talkatora,26.8467,80.9462
2025-09-15,28.3,1.2,85.47,Lucknow_Talkatora,26.8467,80.9462
2025-09-16,26.8,1.36,92.97,Lucknow_Talkatora,26.8467,80.9462
2025-09-17,27.37,0.84,89.44,Lucknow_Talkatora,26.8467,80.9462
2025-09-18,27.19,1.14,91.28,Lucknow_Talkatora,26.8467,80.9462
2025-09-19,27.14,1.03,91.43,Lucknow_Talkatora,26.8467,80.9462
2025-09-20,27.94,1.34,87.53,Lucknow_Talkatora,26.8467,80.9462
2025-09-21,27.42,2.01,85.89,Lucknow_Talkatora,26.8467,80.9462
2025-09-22,27.23,1.69,83.93,Lucknow_Talkatora,26.8467,80.9462
2025-09-23,27.45,1.13,82.25,Lucknow_Talkatora,26.8467,80.9462
2025-09-24,28.48,1.26,82.86,Lucknow_Talkatora,26.8467,80.9462
2025-09-25,27.97,1.34,84.84,Lucknow_Talkatora,26.8467,80.9462
2025-09-26,29.49,0.84,80.31,Lucknow_Talkatora,26.8467,80.9462
2025-09-27,28.14,2.12,92.24,Lucknow_Talkatora,26.8467,80.9462
2025-09-28,27.53,2.08,89.62,Lucknow_Talkatora,26.8467,80.9462
2025-09-29,28.51,0.97,82.47,Lucknow_Talkatora,26.8467,80.9462
2025-09-30,28.09,0.77,85.4,Lucknow_Talkatora,26.8467,80.9462
2025-10-01,27.43,0.99,85.41,Lucknow_Talkatora,26.8467,80.9462
2025-10-02,26.41,2.06,88.45,Lucknow_Talkatora,26.8467,80.9462
2025-10-03,26.31,2.81,90.97,Lucknow_Talkatora,26.8467,80.9462
2025-10-04,26.35,2.57,88.75,Lucknow_Talkatora,26.8467,80.9462
2025-10-05,26.41,2.03,85.06,Lucknow_Talkatora,26.8467,80.9462
2025-10-06,26.27,1.11,82.92,Lucknow_Talkatora,26.8467,80.9462
2025-10-07,26.46,0.89,83.65,Lucknow_Talkatora,26.8467,80.9462
2025-10-08,25.1,1.28,85.17,Lucknow_Talkatora,26.8467,80.9462
2025-10-09,23.19,2.15,83.0,Lucknow_Talkatora,26.8467,80.9462
2025-10-10,22.25,1.92,83.34,Lucknow_Talkatora,26.8467,80.9462
2025-10-11,21.17,1.92,78.39,Lucknow_Talkatora,26.8467,80.9462
2025-10-12,21.02,1.51,76.84,Lucknow_Talkatora,26.8467,80.9462
2025-10-13,21.96,1.2,75.32,Lucknow_Talkatora,26.8467,80.9462
2025-10-14,22.13,1.28,75.84,Lucknow_Talkatora,26.8467,80.9462
2025-10-15,22.66,1.32,77.58,Lucknow_Talkatora,26.8467,80.9462
2025-10-16,22.47,1.39,74.27,Lucknow_Talkatora,26.8467,80.9462
2025-10-17,22.2,1.16,73.55,Lucknow_Talkatora,26.8467,80.9462
2025-10-18,23.54,0.94,74.51,Lucknow_Talkatora,26.8467,80.9462
2025-10-19,25.03,0.75,72.43,Lucknow_Talkatora,26.8467,80.9462
2025-10-20,24.86,0.94,77.85,Lucknow_Talkatora,26.8467,80.9462
2025-10-21,24.63,1.05,79.56,Lucknow_Talkatora,26.8467,80.9462
2025-10-22,24.56,1.55,81.82,Lucknow_Talkatora,26.8467,80.9462
2025-10-23,24.38,1.55,80.23,Lucknow_Talkatora,26.8467,80.9462
2025-10-24,23.97,1.41,70.46,Lucknow_Talkatora,26.8467,80.9462
2025-10-25,23.4,1.19,68.92,Lucknow_Talkatora,26.8467,80.9462
2025-10-26,24.37,1.35,64.69,Lucknow_Talkatora,26.8467,80.9462
2025-10-27,23.88,1.04,68.86,Lucknow_Talkatora,26.8467,80.9462
2025-10-28,21.0,2.88,85.76,Lucknow_Talkatora,26.8467,80.9462
2025-10-29,23.23,1.48,79.62,Lucknow_Talkatora,26.8467,80.9462
2025-10-30,22.78,2.6,90.05,Lucknow_Talkatora,26.8467,80.9462
2025-10-31,22.91,2.1,88.98,Lucknow_Talkatora,26.8467,80.9462
2025-11-01,23.16,2.24,86.07,Lucknow_Talkatora,26.8467,80.9462
2025-11-02,21.93,2.35,80.91,Lucknow_Talkatora,26.8467,80.9462
2025-11-03,19.78,2.11,77.93,Lucknow_Talkatora,26.8467,80.9462
2025-11-04,20.71,1.47,72.7,Lucknow_Talkatora,26.8467,80.9462
2025-11-05,21.69,1.98,73.39,Lucknow_Talkatora,26.8467,80.9462
2025-11-06,20.16,2.55,74.59,Lucknow_Talkatora,26.8467,80.9462
2025-11-07,17.85,2.05,70.9,Lucknow_Talkatora,26.8467,80.9462
2025-11-08,17.41,2.05,70.57,Lucknow_Talkatora,26.8467,80.9462
2025-11-09,16.31,1.91,71.12,Lucknow_Talkatora,26.8467,80.9462
2025-11-10,16.6,1.71,70.98,Lucknow_Talkatora,26.8467,80.9462
2025-11-11,16.81,1.92,68.82,Lucknow_Talkatora,26.8467,80.9462
2025-11-12,16.26,1.97,69.67,Lucknow_Talkatora,26.8467,80.9462
2025-11-13,16.27,1.82,68.96,Lucknow_Talkatora,26.8467,80.9462
2025-11-14,16.18,1.81,66.66,Lucknow_Talkatora,26.8467,80.9462
2025-11-15,16.08,1.43,65.73,Lucknow_Talkatora,26.8467,80.9462
2025-11-16,16.96,1.37,68.06,Lucknow_Talkatora,26.8467,80.9462
2025-11-17,17.39,1.02,65.18,Lucknow_Talkatora,26.8467,80.9462
2025-11-18,17.51,1.31,69.45,Lucknow_Talkatora,26.8467,80.9462
2025-11-19,17.9,1.1,72.9,Lucknow_Talkatora,26.8467,80.9462
2025-11-20,17.84,1.26,77.75,Lucknow_Talkatora,26.8467,80.9462
2025-11-21,18.59,1.22,77.93,Lucknow_Talkatora,26.8467,80.9462
2025-11-22,17.81,1.55,76.89,Lucknow_Talkatora,26.8467,80.9462
2025-11-23,16.56,1.7,72.75,Lucknow_Talkatora,26.8467,80.9462
2025-11-24,16.12,1.48,69.04,Lucknow_Talkatora,26.8467,80.9462
2025-11-25,15.95,1.63,67.79,Lucknow_Talkatora,26.8467,80.9462
2025-11-26,16.12,1.32,56.7,Lucknow_Talkatora,26.8467,80.9462
2025-11-27,16.39,1.0,59.18,Lucknow_Talkatora,26.8467,80.9462
2025-11-28,16.1,1.67,64.91,Lucknow_Talkatora,26.8467,80.9462
2025-11-29,16.19,2.08,71.08,Lucknow_Talkatora,26.8467,80.9462
2025-11-30,16.32,2.22,68.77,Lucknow_Talkatora,26.8467,80.9462
2025-12-01,15.46,1.49,62.56,Lucknow_Talkatora,26.8467,80.9462
2025-12-02,16.19,1.61,60.44,Lucknow_Talkatora,26.8467,80.9462
2025-12-03,16.43,1.72,68.16,Lucknow_Talkatora,26.8467,80.9462
2025-12-04,13.87,1.93,60.36,Lucknow_Talkatora,26.8467,80.9462
2025-12-05,13.5,1.6,59.53,Lucknow_Talkatora,26.8467,80.9462
2025-12-06,13.17,1.77,65.75,Lucknow_Talkatora,26.8467,80.9462
2025-12-07,14.28,1.45,68.83,Lucknow_Talkatora,26.8467,80.9462
2025-12-08,14.16,1.71,66.76,Lucknow_Talkatora,26.8467,80.9462
2025-12-09,14.14,1.61,66.5,Lucknow_Talkatora,26.8467,80.9462
2025-12-10,13.9,1.37,62.44,Lucknow_Talkatora,26.8467,80.9462
2025-12-11,14.37,1.35,62.72,Lucknow_Talkatora,26.8467,80.9462
2025-12-12,16.23,0.8,55.35,Lucknow_Talkatora,26.8467,80.9462
2025-12-13,16.83,0.85,58.52,Lucknow_Talkatora,26.8467,80.9462
2025-12-14,16.45,1.14,67.41,Lucknow_Talkatora,26.8467,80.9462
2025-12-15,15.64,1.52,74.84,Lucknow_Talkatora,26.8467,80.9462
2025-12-16,14.56,1.76,73.39,Lucknow_Talkatora,26.8467,80.9462
2025-12-17,14.15,1.07,63.03,Lucknow_Talkatora,26.8467,80.9462
2025-12-18,14.44,0.84,63.88,Lucknow_Talkatora,26.8467,80.9462
2025-12-19,13.91,1.21,67.07,Lucknow_Talkatora,26.8467,80.9462
2025-12-20,13.26,0.83,72.95,Lucknow_Talkatora,26.8467,80.9462
2025-12-21,12.76,0.8,74.09,Lucknow_Talkatora,26.8467,80.9462
2025-12-22,14.12,0.9,71.95,Lucknow_Talkatora,26.8467,80.9462
2025-12-23,14.4,1.75,76.33,Lucknow_Talkatora,26.8467,80.9462
2025-12-24,13.78,1.84,70.48,Lucknow_Talkatora,26.8467,80.9462
2025-12-25,13.37,1.17,59.32,Lucknow_Talkatora,26.8467,80.9462
2025-12-26,13.0,1.17,61.33,Lucknow_Talkatora,26.8467,80.9462
2025-12-27,13.14,1.09,63.55,Lucknow_Talkatora,26.8467,80.9462
2025-12-28,12.55,1.27,67.38,Lucknow_Talkatora,26.8467,80.9462
2025-12-29,12.86,1.53,61.08,Lucknow_Talkatora,26.8467,80.9462
2025-12-30,12.57,2.0,60.91,Lucknow_Talkatora,26.8467,80.9462
2025-12-31,13.43,1.12,62.36,Lucknow_Talkatora,26.8467,80.9462
2026-01-01,15.18,0.88,54.05,Lucknow_Talkatora,26.8467,80.9462
2026-01-02,15.06,1.37,58.44,Lucknow_Talkatora,26.8467,80.9462
2026-01-03,14.7,1.46,63.86,Lucknow_Talkatora,26.8467,80.9462
2026-01-04,14.1,1.47,58.09,Lucknow_Talkatora,26.8467,80.9462
2026-01-05,13.41,1.49,60.1,Lucknow_Talkatora,26.8467,80.9462
2026-01-06,14.2,1.45,55.46,Lucknow_Talkatora,26.8467,80.9462
2026-01-07,14.31,1.64,49.55,Lucknow_Talkatora,26.8467,80.9462
2026-01-08,13.64,1.59,46.46,Lucknow_Talkatora,26.8467,80.9462
2026-01-09,13.92,1.62,41.11,Lucknow_Talkatora,26.8467,80.9462
2026-01-10,15.62,1.84,47.63,Lucknow_Talkatora,26.8467,80.9462
2026-01-11,15.38,2.0,52.3,Lucknow_Talkatora,26.8467,80.9462
2026-01-12,13.6,1.54,44.2,Lucknow_Talkatora,26.8467,80.9462
2026-01-13,13.72,1.96,40.31,Lucknow_Talkatora,26.8467,80.9462
2026-01-14,13.37,1.6,40.32,Lucknow_Talkatora,26.8467,80.9462
2026-01-15,13.51,1.59,40.96,Lucknow_Talkatora,26.8467,80.9462
2026-01-16,14.28,1.21,40.13,Lucknow_Talkatora,26.8467,80.9462
2026-01-17,15.88,1.23,36.04,Lucknow_Talkatora,26.8467,80.9462
2026-01-18,18.09,0.83,33.42,Lucknow_Talkatora,26.8467,80.9462
2026-01-19,18.25,0.82,41.18,Lucknow_Talkatora,26.8467,80.9462
2026-01-20,18.55,1.21,49.35,Lucknow_Talkatora,26.8467,80.9462
2026-01-21,17.82,1.97,40.71,Lucknow_Talkatora,26.8467,80.9462
2026-01-22,17.66,1.37,41.04,Lucknow_Talkatora,26.8467,80.9462
2026-01-23,17.29,2.0,42.87,Lucknow_Talkatora,26.8467,80.9462
2026-01-24,17.35,1.33,56.67,Lucknow_Talkatora,26.8467,80.9462
2026-01-25,17.78,1.71,55.58,Lucknow_Talkatora,26.8467,80.9462
2026-01-26,17.05,1.46,42.39,Lucknow_Talkatora,26.8467,80.9462
2026-01-27,19.29,0.78,40.38,Lucknow_Talkatora,26.8467,80.9462
2026-01-28,17.3,1.75,68.76,Lucknow_Talkatora,26.8467,80.9462
2026-01-29,16.76,1.72,64.69,Lucknow_Talkatora,26.8467,80.9462
2026-01-30,17.15,1.67,49.77,Lucknow_Talkatora,26.8467,80.9462
2026-01-31,18.18,0.81,38.84,Lucknow_Talkatora,26.8467,80.9462
2026-02-01,18.02,1.45,49.62,Lucknow_Talkatora,26.8467,80.9462
2026-02-02,19.71,1.58,64.41,Lucknow_Talkatora,26.8467,80.9462
2026-02-03,19.06,1.2,54.98,Lucknow_Talkatora,26.8467,80.9462
2026-02-04,18.72,1.98,43.98,Lucknow_Talkatora,26.8467,80.9462
2026-02-05,17.41,1.99,43.66,Lucknow_Talkatora,26.8467,80.9462
2026-02-06,17.43,1.94,40.89,Lucknow_Talkatora,26.8467,80.9462
2026-02-07,18.04,2.49,42.24,Lucknow_Talkatora,26.8467,80.9462
2026-02-08,-999.0,-999.0,-999.0,Lucknow_Talkatora,26.8467,80.9462
2026-02-09,-999.0,-999.0,-999.0,Lucknow_Talkatora,26.8467,80.9462
2026-02-10,-999.0,-999.0,-999.0,Lucknow_Talkatora,26.8467,80.9462
2026-02-11,20.19,1.66,36.83,Lucknow_Talkatora,26.8467,80.9462
2026-02-12,20.23,2.06,40.65,Lucknow_Talkatora,26.8467,80.9462
2026-02-13,19.2,1.76,33.99,Lucknow_Talkatora,26.8467,80.9462
2026-02-14,19.56,1.67,34.44,Lucknow_Talkatora,26.8467,80.9462
2026-02-15,-999.0,-999.0,-999.0,Lucknow_Talkatora,26.8467,80.9462
2026-02-16,-999.0,-999.0,-999.0,Lucknow_Talkatora,26.8467,80.9462
2026-02-17,-999.0,-999.0,-999.0,Lucknow_Talkatora,26.8467,80.9462
2025-01-01,20.4,1.94,65.44,Hyderabad_Bollaram,17.5416,78.484
2025-01-02,19.12,2.43,50.34,Hyderabad_Bollaram,17.5416,78.484
2025-01-03,18.88,1.96,50.64,Hyderabad_Bollaram,17.5416,78.484
2025-01-04,19.4,1.87,50.32,Hyderabad_Bollaram,17.5416,78.484
2025-01-05,20.1,1.39,65.42,Hyderabad_Bollaram,17.5416,78.484
2025-01-06,20.19,1.6,67.99,Hyderabad_Bollaram,17.5416,78.484
2025-01-07,20.29,1.67,62.79,Hyderabad_Bollaram,17.5416,78.484
2025-01-08,18.56,1.98,52.94,Hyderabad_Bollaram,17.5416,78.484
2025-01-09,18.39,1.79,57.63,Hyderabad_Bollaram,17.5416,78.484
2025-01-10,19.49,2.33,72.2,Hyderabad_Bollaram,17.5416,78.484
2025-01-11,20.37,2.53,69.87,Hyderabad_Bollaram,17.5416,78.484
2025-01-12,21.23,2.3,67.45,Hyderabad_Bollaram,17.5416,78.484
2025-01-13,21.51,1.55,68.78,Hyderabad_Bollaram,17.5416,78.484
2025-01-14,21.33,1.64,67.93,Hyderabad_Bollaram,17.5416,78.484
2025-01-15,21.34,1.99,73.41,Hyderabad_Bollaram,17.5416,78.484
2025-01-16,21.03,1.79,71.21,Hyderabad_Bollaram,17.5416,78.484
2025-01-17,20.69,1.87,62.44,Hyderabad_Bollaram,17.5416,78.484
2025-01-18,20.25,1.87,61.65,Hyderabad_Bollaram,17.5416,78.484
2025-01-19,20.78,1.73,50.14,Hyderabad_Bollaram,17.5416,78.484
2025-01-20,20.32,1.89,44.24,Hyderabad_Bollaram,17.5416,78.484
2025-01-21,21.4,1.77,39.94,Hyderabad_Bollaram,17.5416,78.484
2025-01-22,22.2,1.79,50.8,Hyderabad_Bollaram,17.5416,78.484
2025-01-23,22.11,2.22,64.0,Hyderabad_Bollaram,17.5416,78.484
2025-01-24,22.31,1.98,64.7,Hyderabad_Bollaram,17.5416,78.484
2025-01-25,22.68,1.56,54.93,Hyderabad_Bollaram,17.5416,78.484
2025-01-26,23.54,1.77,45.31,Hyderabad_Bollaram,17.5416,78.484
2025-01-27,23.39,1.33,44.12,Hyderabad_Bollaram,17.5416,78.484
2025-01-28,23.15,1.58,51.81,Hyderabad_Bollaram,17.5416,78.484
2025-01-29,22.81,2.09,61.83,Hyderabad_Bollaram,17.5416,78.484
2025-01-30,23.0,1.74,60.39,Hyderabad_Bollaram,17.5416,78.484
2025-01-31,24.0,1.57,46.06,Hyderabad_Bollaram,17.5416,78.484
2025-02-01,24.02,1.75,47.53,Hyderabad_Bollaram,17.5416,78.484
2025-02-02,24.14,1.93,48.24,Hyderabad_Bollaram,17.5416,78.484
2025-02-03,24.83,1.83,45.59,Hyderabad_Bollaram,17.5416,78.484
2025-02-04,25.81,1.48,38.94,Hyderabad_Bollaram,17.5416,78.484
2025-02-05,25.77,1.5,40.73,Hyderabad_Bollaram,17.5416,78.484
2025-02-06,25.37,1.73,45.62,Hyderabad_Bollaram,17.5416,78.484
2025-02-07,24.98,2.45,41.75,Hyderabad_Bollaram,17.5416,78.484
2025-02-08,24.9,2.25,36.86,Hyderabad_Bollaram,17.5416,78.484
2025-02-09,25.03,2.04,38.68,Hyderabad_Bollaram,17.5416,78.484
2025-02-10,25.01,1.54,49.92,Hyderabad_Bollaram,17.5416,78.484
2025-02-11,25.47,1.41,45.14,Hyderabad_Bollaram,17.5416,78.484
2025-02-12,26.75,1.33,35.89,Hyderabad_Bollaram,17.5416,78.484
2025-02-13,25.88,1.93,25.59,Hyderabad_Bollaram,17.5416,78.484
2025-02-14,24.15,2.43,22.06,Hyderabad_Bollaram,17.5416,78.484
2025-02-15,24.85,2.37,20.55,Hyderabad_Bollaram,17.5416,78.484
2025-02-16,25.37,1.53,25.48,Hyderabad_Bollaram,17.5416,78.484
2025-02-17,25.99,1.52,37.09,Hyderabad_Bollaram,17.5416,78.484
2025-02-18,26.97,1.42,37.56,Hyderabad_Bollaram,17.5416,78.484
2025-02-19,27.22,1.49,38.75,Hyderabad_Bollaram,17.5416,78.484
2025-02-20,27.04,1.17,44.27,Hyderabad_Bollaram,17.5416,78.484
2025-02-21,27.17,1.14,43.68,Hyderabad_Bollaram,17.5416,78.484
2025-02-22,27.29,1.62,30.64,Hyderabad_Bollaram,17.5416,78.484
2025-02-23,25.95,2.52,25.61,Hyderabad_Bollaram,17.5416,78.484
2025-02-24,25.19,2.17,27.34,Hyderabad_Bollaram,17.5416,78.484
2025-02-25,25.3,1.97,46.89,Hyderabad_Bollaram,17.5416,78.484
2025-02-26,25.91,2.09,39.07,Hyderabad_Bollaram,17.5416,78.484
2025-02-27,25.91,2.01,43.94,Hyderabad_Bollaram,17.5416,78.484
2025-02-28,26.25,2.18,47.99,Hyderabad_Bollaram,17.5416,78.484
2025-03-01,26.95,2.06,43.36,Hyderabad_Bollaram,17.5416,78.484
2025-03-02,28.17,1.7,35.62,Hyderabad_Bollaram,17.5416,78.484
2025-03-03,28.97,1.96,28.97,Hyderabad_Bollaram,17.5416,78.484
2025-03-04,29.57,2.24,22.18,Hyderabad_Bollaram,17.5416,78.484
2025-03-05,27.28,3.34,18.4,Hyderabad_Bollaram,17.5416,78.484
2025-03-06,24.73,3.2,8.07,Hyderabad_Bollaram,17.5416,78.484
2025-03-07,25.32,2.27,10.92,Hyderabad_Bollaram,17.5416,78.484
2025-03-08,27.74,1.65,11.92,Hyderabad_Bollaram,17.5416,78.484
2025-03-09,26.96,2.51,38.42,Hyderabad_Bollaram,17.5416,78.484
2025-03-10,26.9,2.82,49.06,Hyderabad_Bollaram,17.5416,78.484
2025-03-11,27.16,2.12,42.94,Hyderabad_Bollaram,17.5416,78.484
2025-03-12,28.8,1.59,33.81,Hyderabad_Bollaram,17.5416,78.484
2025-03-13,30.2,1.28,30.4,Hyderabad_Bollaram,17.5416,78.484
2025-03-14,30.55,1.41,27.89,Hyderabad_Bollaram,17.5416,78.484
2025-03-15,30.54,2.5,32.57,Hyderabad_Bollaram,17.5416,78.484
2025-03-16,30.42,3.12,30.21,Hyderabad_Bollaram,17.5416,78.484
2025-03-17,30.58,2.27,23.71,Hyderabad_Bollaram,17.5416,78.484
2025-03-18,30.76,2.46,31.15,Hyderabad_Bollaram,17.5416,78.484
2025-03-19,29.77,3.57,38.82,Hyderabad_Bollaram,17.5416,78.484
2025-03-20,28.69,3.47,47.63,Hyderabad_Bollaram,17.5416,78.484
2025-03-21,28.89,1.9,51.73,Hyderabad_Bollaram,17.5416,78.484
2025-03-22,27.96,2.47,60.64,Hyderabad_Bollaram,17.5416,78.484
2025-03-23,28.04,1.91,60.61,Hyderabad_Bollaram,17.5416,78.484
2025-03-24,28.62,1.72,53.17,Hyderabad_Bollaram,17.5416,78.484
2025-03-25,28.91,1.44,41.97,Hyderabad_Bollaram,17.5416,78.484
2025-03-26,29.36,1.56,33.1,Hyderabad_Bollaram,17.5416,78.484
2025-03-27,30.26,1.79,29.43,Hyderabad_Bollaram,17.5416,78.484
2025-03-28,31.05,1.44,24.25,Hyderabad_Bollaram,17.5416,78.484
2025-03-29,31.52,1.59,23.6,Hyderabad_Bollaram,17.5416,78.484
2025-03-30,31.42,2.01,27.53,Hyderabad_Bollaram,17.5416,78.484
2025-03-31,30.7,2.45,32.42,Hyderabad_Bollaram,17.5416,78.484
2025-04-01,29.17,3.2,46.82,Hyderabad_Bollaram,17.5416,78.484
2025-04-02,28.22,2.55,45.57,Hyderabad_Bollaram,17.5416,78.484
2025-04-03,28.66,1.82,54.61,Hyderabad_Bollaram,17.5416,78.484
2025-04-04,28.5,1.29,58.09,Hyderabad_Bollaram,17.5416,78.484
2025-04-05,30.07,1.47,48.32,Hyderabad_Bollaram,17.5416,78.484
2025-04-06,30.6,1.71,41.27,Hyderabad_Bollaram,17.5416,78.484
2025-04-07,30.66,2.01,39.78,Hyderabad_Bollaram,17.5416,78.484
2025-04-08,30.49,2.89,44.54,Hyderabad_Bollaram,17.5416,78.484
2025-04-09,30.31,2.51,46.43,Hyderabad_Bollaram,17.5416,78.484
2025-04-10,30.72,2.25,42.64,Hyderabad_Bollaram,17.5416,78.484
2025-04-11,31.05,2.48,32.38,Hyderabad_Bollaram,17.5416,78.484
2025-04-12,31.52,2.92,26.68,Hyderabad_Bollaram,17.5416,78.484
2025-04-13,31.98,1.42,26.72,Hyderabad_Bollaram,17.5416,78.484
2025-04-14,31.74,1.61,34.59,Hyderabad_Bollaram,17.5416,78.484
2025-04-15,32.09,2.27,35.58,Hyderabad_Bollaram,17.5416,78.484
2025-04-16,31.0,3.25,48.07,Hyderabad_Bollaram,17.5416,78.484
2025-04-17,31.82,2.63,47.18,Hyderabad_Bollaram,17.5416,78.484
2025-04-18,31.15,2.11,53.67,Hyderabad_Bollaram,17.5416,78.484
2025-04-19,30.83,1.99,57.11,Hyderabad_Bollaram,17.5416,78.484
2025-04-20,32.04,1.84,48.9,Hyderabad_Bollaram,17.5416,78.484
2025-04-21,32.26,2.24,47.73,Hyderabad_Bollaram,17.5416,78.484
2025-04-22,33.17,2.0,40.69,Hyderabad_Bollaram,17.5416,78.484
2025-04-23,33.49,2.12,35.7,Hyderabad_Bollaram,17.5416,78.484
2025-04-24,33.72,2.48,28.85,Hyderabad_Bollaram,17.5416,78.484
2025-04-25,33.89,2.41,37.16,Hyderabad_Bollaram,17.5416,78.484
2025-04-26,34.18,1.97,33.86,Hyderabad_Bollaram,17.5416,78.484
2025-04-27,32.04,2.82,39.65,Hyderabad_Bollaram,17.5416,78.484
2025-04-28,32.3,2.24,39.26,Hyderabad_Bollaram,17.5416,78.484
2025-04-29,33.07,2.36,38.06,Hyderabad_Bollaram,17.5416,78.484
2025-04-30,33.94,2.69,34.33,Hyderabad_Bollaram,17.5416,78.484
2025-05-01,33.11,2.99,41.32,Hyderabad_Bollaram,17.5416,78.484
2025-05-02,33.17,2.82,42.54,Hyderabad_Bollaram,17.5416,78.484
2025-05-03,33.76,2.73,37.41,Hyderabad_Bollaram,17.5416,78.484
2025-05-04,33.69,2.5,33.05,Hyderabad_Bollaram,17.5416,78.484
2025-05-05,32.81,2.33,39.36,Hyderabad_Bollaram,17.5416,78.484
2025-05-06,31.41,2.05,44.5,Hyderabad_Bollaram,17.5416,78.484
2025-05-07,31.3,1.82,37.47,Hyderabad_Bollaram,17.5416,78.484
2025-05-08,31.17,1.84,41.28,Hyderabad_Bollaram,17.5416,78.484
2025-05-09,31.55,1.85,45.61,Hyderabad_Bollaram,17.5416,78.484
2025-05-10,32.03,1.63,44.69,Hyderabad_Bollaram,17.5416,78.484
2025-05-11,33.85,1.5,37.07,Hyderabad_Bollaram,17.5416,78.484
2025-05-12,34.44,1.54,31.48,Hyderabad_Bollaram,17.5416,78.484
2025-05-13,34.67,1.04,32.06,Hyderabad_Bollaram,17.5416,78.484
2025-05-14,33.54,1.69,41.61,Hyderabad_Bollaram,17.5416,78.484
2025-05-15,30.69,1.46,58.82,Hyderabad_Bollaram,17.5416,78.484
2025-05-16,30.68,1.1,60.36,Hyderabad_Bollaram,17.5416,78.484
2025-05-17,31.38,2.12,53.93,Hyderabad_Bollaram,17.5416,78.484
2025-05-18,29.09,1.97,64.11,Hyderabad_Bollaram,17.5416,78.484
2025-05-19,29.2,2.53,61.74,Hyderabad_Bollaram,17.5416,78.484
2025-05-20,29.14,2.45,67.13,Hyderabad_Bollaram,17.5416,78.484
2025-05-21,27.91,2.44,76.9,Hyderabad_Bollaram,17.5416,78.484
2025-05-22,26.8,1.05,78.48,Hyderabad_Bollaram,17.5416,78.484
2025-05-23,28.16,3.35,73.21,Hyderabad_Bollaram,17.5416,78.484
2025-05-24,27.74,3.78,73.98,Hyderabad_Bollaram,17.5416,78.484
2025-05-25,27.83,3.68,72.88,Hyderabad_Bollaram,17.5416,78.484
2025-05-26,27.25,2.27,74.53,Hyderabad_Bollaram,17.5416,78.484
2025-05-27,26.71,2.68,80.44,Hyderabad_Bollaram,17.5416,78.484
2025-05-28,26.21,3.75,84.22,Hyderabad_Bollaram,17.5416,78.484
2025-05-29,26.74,3.84,80.67,Hyderabad_Bollaram,17.5416,78.484
2025-05-30,27.44,3.49,76.59,Hyderabad_Bollaram,17.5416,78.484
2025-05-31,28.58,5.28,65.23,Hyderabad_Bollaram,17.5416,78.484
2025-06-01,28.88,5.04,61.05,Hyderabad_Bollaram,17.5416,78.484
2025-06-02,28.57,4.73,64.03,Hyderabad_Bollaram,17.5416,78.484
2025-06-03,28.56,4.25,64.08,Hyderabad_Bollaram,17.5416,78.484
2025-06-04,29.08,3.98,58.9,Hyderabad_Bollaram,17.5416,78.484
2025-06-05,29.24,2.07,60.4,Hyderabad_Bollaram,17.5416,78.484
2025-06-06,30.77,0.91,55.29,Hyderabad_Bollaram,17.5416,78.484
2025-06-07,30.68,2.07,57.22,Hyderabad_Bollaram,17.5416,78.484
2025-06-08,29.92,3.9,60.54,Hyderabad_Bollaram,17.5416,78.484
2025-06-09,29.61,4.69,63.15,Hyderabad_Bollaram,17.5416,78.484
2025-06-10,29.74,4.76,64.62,Hyderabad_Bollaram,17.5416,78.484
2025-06-11,27.37,3.26,75.77,Hyderabad_Bollaram,17.5416,78.484
2025-06-12,26.52,2.04,82.8,Hyderabad_Bollaram,17.5416,78.484
2025-06-13,28.07,2.51,72.93,Hyderabad_Bollaram,17.5416,78.484
2025-06-14,28.31,2.12,72.69,Hyderabad_Bollaram,17.5416,78.484
2025-06-15,27.62,3.52,73.09,Hyderabad_Bollaram,17.5416,78.484
2025-06-16,26.37,5.0,74.8,Hyderabad_Bollaram,17.5416,78.484
2025-06-17,27.86,4.99,68.05,Hyderabad_Bollaram,17.5416,78.484
2025-06-18,28.98,5.72,62.94,Hyderabad_Bollaram,17.5416,78.484
2025-06-19,28.6,6.25,64.57,Hyderabad_Bollaram,17.5416,78.484
2025-06-20,28.4,5.44,65.89,Hyderabad_Bollaram,17.5416,78.484
2025-06-21,28.8,5.4,65.13,Hyderabad_Bollaram,17.5416,78.484
2025-06-22,28.0,5.27,65.37,Hyderabad_Bollaram,17.5416,78.484
2025-06-23,27.66,6.15,65.7,Hyderabad_Bollaram,17.5416,78.484
2025-06-24,26.99,6.1,70.88,Hyderabad_Bollaram,17.5416,78.484
2025-06-25,25.9,5.12,78.15,Hyderabad_Bollaram,17.5416,78.484
2025-06-26,25.83,4.55,78.03,Hyderabad_Bollaram,17.5416,78.484
2025-06-27,27.32,4.72,70.17,Hyderabad_Bollaram,17.5416,78.484
2025-06-28,28.1,5.1,65.65,Hyderabad_Bollaram,17.5416,78.484
2025-06-29,26.19,5.07,75.07,Hyderabad_Bollaram,17.5416,78.484
2025-06-30,25.3,5.45,79.09,Hyderabad_Bollaram,17.5416,78.484
2025-07-01,25.21,5.87,79.92,Hyderabad_Bollaram,17.5416,78.484
2025-07-02,25.73,5.35,78.44,Hyderabad_Bollaram,17.5416,78.484
2025-07-03,26.06,4.95,76.17,Hyderabad_Bollaram,17.5416,78.484
2025-07-04,26.55,5.45,74.3,Hyderabad_Bollaram,17.5416,78.484
2025-07-05,26.73,6.09,73.0,Hyderabad_Bollaram,17.5416,78.484
2025-07-06,26.82,5.97,72.21,Hyderabad_Bollaram,17.5416,78.484
2025-07-07,26.16,6.13,73.67,Hyderabad_Bollaram,17.5416,78.484
2025-07-08,26.45,5.76,72.16,Hyderabad_Bollaram,17.5416,78.484
2025-07-09,26.98,4.8,71.06,Hyderabad_Bollaram,17.5416,78.484
2025-07-10,27.16,3.73,70.57,Hyderabad_Bollaram,17.5416,78.484
2025-07-11,27.39,3.18,70.87,Hyderabad_Bollaram,17.5416,78.484
2025-07-12,28.12,3.94,67.29,Hyderabad_Bollaram,17.5416,78.484
2025-07-13,27.71,4.2,67.78,Hyderabad_Bollaram,17.5416,78.484
2025-07-14,28.55,4.31,64.59,Hyderabad_Bollaram,17.5416,78.484
2025-07-15,27.96,4.03,68.2,Hyderabad_Bollaram,17.5416,78.484
2025-07-16,27.99,3.53,70.06,Hyderabad_Bollaram,17.5416,78.484
2025-07-17,28.03,0.75,73.39,Hyderabad_Bollaram,17.5416,78.484
2025-07-18,26.55,0.68,83.05,Hyderabad_Bollaram,17.5416,78.484
2025-07-19,26.26,2.29,81.25,Hyderabad_Bollaram,17.5416,78.484
2025-07-20,26.29,2.71,76.08,Hyderabad_Bollaram,17.5416,78.484
2025-07-21,26.41,3.13,81.88,Hyderabad_Bollaram,17.5416,78.484
2025-07-22,26.2,4.07,83.74,Hyderabad_Bollaram,17.5416,78.484
2025-07-23,25.48,4.52,83.9,Hyderabad_Bollaram,17.5416,78.484
2025-07-24,24.69,4.88,85.39,Hyderabad_Bollaram,17.5416,78.484
2025-07-25,24.77,5.15,87.15,Hyderabad_Bollaram,17.5416,78.484
2025-07-26,24.61,5.97,85.76,Hyderabad_Bollaram,17.5416,78.484
2025-07-27,25.87,5.73,76.68,Hyderabad_Bollaram,17.5416,78.484
2025-07-28,26.06,5.8,74.62,Hyderabad_Bollaram,17.5416,78.484
2025-07-29,25.79,6.15,74.31,Hyderabad_Bollaram,17.5416,78.484
2025-07-30,25.69,4.76,78.4,Hyderabad_Bollaram,17.5416,78.484
2025-07-31,26.54,4.04,76.5,Hyderabad_Bollaram,17.5416,78.484
2025-08-01,26.67,3.57,75.5,Hyderabad_Bollaram,17.5416,78.484
2025-08-02,26.89,2.76,75.76,Hyderabad_Bollaram,17.5416,78.484
2025-08-03,26.62,1.59,79.05,Hyderabad_Bollaram,17.5416,78.484
2025-08-04,26.57,1.36,82.81,Hyderabad_Bollaram,17.5416,78.484
2025-08-05,26.77,0.82,84.08,Hyderabad_Bollaram,17.5416,78.484
2025-08-06,26.18,1.21,83.3,Hyderabad_Bollaram,17.5416,78.484
2025-08-07,25.99,0.73,84.54,Hyderabad_Bollaram,17.5416,78.484
2025-08-08,25.32,1.43,85.72,Hyderabad_Bollaram,17.5416,78.484
2025-08-09,25.72,1.06,81.85,Hyderabad_Bollaram,17.5416,78.484
2025-08-10,24.76,1.58,86.57,Hyderabad_Bollaram,17.5416,78.484
2025-08-11,25.39,2.89,84.71,Hyderabad_Bollaram,17.5416,78.484
2025-08-12,24.71,3.34,87.53,Hyderabad_Bollaram,17.5416,78.484
2025-08-13,24.24,3.56,90.8,Hyderabad_Bollaram,17.5416,78.484
2025-08-14,24.97,3.09,86.93,Hyderabad_Bollaram,17.5416,78.484
2025-08-15,23.97,3.42,90.9,Hyderabad_Bollaram,17.5416,78.484
2025-08-16,24.26,3.78,91.24,Hyderabad_Bollaram,17.5416,78.484
2025-08-17,25.01,3.62,86.96,Hyderabad_Bollaram,17.5416,78.484
2025-08-18,23.76,5.12,90.76,Hyderabad_Bollaram,17.5416,78.484
2025-08-19,24.47,5.05,88.21,Hyderabad_Bollaram,17.5416,78.484
2025-08-20,24.85,4.7,85.14,Hyderabad_Bollaram,17.5416,78.484
2025-08-21,25.33,3.81,84.12,Hyderabad_Bollaram,17.5416,78.484
2025-08-22,24.91,3.69,84.84,Hyderabad_Bollaram,17.5416,78.484
2025-08-23,24.96,4.21,83.59,Hyderabad_Bollaram,17.5416,78.484
2025-08-24,24.77,4.38,82.77,Hyderabad_Bollaram,17.5416,78.484
2025-08-25,24.85,3.82,82.4,Hyderabad_Bollaram,17.5416,78.484
2025-08-26,24.34,3.65,87.48,Hyderabad_Bollaram,17.5416,78.484
2025-08-27,23.88,4.0,92.53,Hyderabad_Bollaram,17.5416,78.484
2025-08-28,24.09,4.59,91.28,Hyderabad_Bollaram,17.5416,78.484
2025-08-29,25.12,3.32,86.56,Hyderabad_Bollaram,17.5416,78.484
2025-08-30,25.42,2.5,86.58,Hyderabad_Bollaram,17.5416,78.484
2025-08-31,24.92,3.04,88.86,Hyderabad_Bollaram,17.5416,78.484
2025-09-01,25.08,3.49,88.08,Hyderabad_Bollaram,17.5416,78.484
2025-09-02,24.3,3.69,89.81,Hyderabad_Bollaram,17.5416,78.484
2025-09-03,24.02,2.79,90.46,Hyderabad_Bollaram,17.5416,78.484
2025-09-04,24.8,2.98,85.34,Hyderabad_Bollaram,17.5416,78.484
2025-09-05,24.85,2.95,84.48,Hyderabad_Bollaram,17.5416,78.484
2025-09-06,24.94,2.18,85.3,Hyderabad_Bollaram,17.5416,78.484
2025-09-07,24.99,2.52,82.07,Hyderabad_Bollaram,17.5416,78.484
2025-09-08,24.97,2.6,85.43,Hyderabad_Bollaram,17.5416,78.484
2025-09-09,24.69,1.5,85.98,Hyderabad_Bollaram,17.5416,78.484
2025-09-10,25.05,1.63,87.79,Hyderabad_Bollaram,17.5416,78.484
2025-09-11,23.96,3.19,92.9,Hyderabad_Bollaram,17.5416,78.484
2025-09-12,23.71,3.18,92.65,Hyderabad_Bollaram,17.5416,78.484
2025-09-13,24.48,3.13,92.18,Hyderabad_Bollaram,17.5416,78.484
2025-09-14,25.56,1.27,89.14,Hyderabad_Bollaram,17.5416,78.484
2025-09-15,24.76,2.12,91.44,Hyderabad_Bollaram,17.5416,78.484
2025-09-16,25.41,1.13,88.06,Hyderabad_Bollaram,17.5416,78.484
2025-09-17,25.38,1.12,88.7,Hyderabad_Bollaram,17.5416,78.484
2025-09-18,25.77,1.17,87.08,Hyderabad_Bollaram,17.5416,78.484
2025-09-19,25.93,1.21,86.04,Hyderabad_Bollaram,17.5416,78.484
2025-09-20,25.61,1.79,88.34,Hyderabad_Bollaram,17.5416,78.484
2025-09-21,25.15,1.96,92.52,Hyderabad_Bollaram,17.5416,78.484
2025-09-22,24.76,2.43,91.16,Hyderabad_Bollaram,17.5416,78.484
2025-09-23,24.59,2.28,89.25,Hyderabad_Bollaram,17.5416,78.484
2025-09-24,24.27,3.47,90.63,Hyderabad_Bollaram,17.5416,78.484
2025-09-25,23.5,4.37,92.1,Hyderabad_Bollaram,17.5416,78.484
2025-09-26,24.42,3.49,91.87,Hyderabad_Bollaram,17.5416,78.484
2025-09-27,24.21,1.85,91.28,Hyderabad_Bollaram,17.5416,78.484
2025-09-28,23.88,3.32,90.1,Hyderabad_Bollaram,17.5416,78.484
2025-09-29,24.09,2.61,87.3,Hyderabad_Bollaram,17.5416,78.484
2025-09-30,23.97,2.8,87.74,Hyderabad_Bollaram,17.5416,78.484
2025-10-01,24.49,3.02,86.24,Hyderabad_Bollaram,17.5416,78.484
2025-10-02,23.74,3.03,89.79,Hyderabad_Bollaram,17.5416,78.484
2025-10-03,24.44,2.92,87.49,Hyderabad_Bollaram,17.5416,78.484
2025-10-04,24.07,2.56,89.48,Hyderabad_Bollaram,17.5416,78.484
2025-10-05,24.54,1.77,89.67,Hyderabad_Bollaram,17.5416,78.484
2025-10-06,24.39,1.33,89.53,Hyderabad_Bollaram,17.5416,78.484
2025-10-07,24.22,2.04,90.09,Hyderabad_Bollaram,17.5416,78.484
2025-10-08,24.41,1.34,89.01,Hyderabad_Bollaram,17.5416,78.484
2025-10-09,23.86,1.91,89.54,Hyderabad_Bollaram,17.5416,78.484
2025-10-10,23.07,2.04,84.87,Hyderabad_Bollaram,17.5416,78.484
2025-10-11,22.51,2.57,84.85,Hyderabad_Bollaram,17.5416,78.484
2025-10-12,23.01,2.02,88.86,Hyderabad_Bollaram,17.5416,78.484
2025-10-13,23.25,2.21,91.66,Hyderabad_Bollaram,17.5416,78.484
2025-10-14,24.01,1.86,90.12,Hyderabad_Bollaram,17.5416,78.484
2025-10-15,23.89,2.25,89.3,Hyderabad_Bollaram,17.5416,78.484
2025-10-16,23.56,1.76,87.19,Hyderabad_Bollaram,17.5416,78.484
2025-10-17,22.94,1.75,88.34,Hyderabad_Bollaram,17.5416,78.484
2025-10-18,22.69,1.66,85.57,Hyderabad_Bollaram,17.5416,78.484
2025-10-19,22.69,1.85,89.0,Hyderabad_Bollaram,17.5416,78.484
2025-10-20,23.44,1.39,88.85,Hyderabad_Bollaram,17.5416,78.484
2025-10-21,23.75,2.11,89.66,Hyderabad_Bollaram,17.5416,78.484
2025-10-22,23.95,2.53,90.36,Hyderabad_Bollaram,17.5416,78.484
2025-10-23,23.7,2.42,90.36,Hyderabad_Bollaram,17.5416,78.484
2025-10-24,23.42,1.94,90.92,Hyderabad_Bollaram,17.5416,78.484
2025-10-25,23.74,1.61,88.55,Hyderabad_Bollaram,17.5416,78.484
2025-10-26,23.88,1.66,87.39,Hyderabad_Bollaram,17.5416,78.484
2025-10-27,23.88,1.48,88.61,Hyderabad_Bollaram,17.5416,78.484
2025-10-28,23.44,3.62,93.45,Hyderabad_Bollaram,17.5416,78.484
2025-10-29,24.07,3.33,93.37,Hyderabad_Bollaram,17.5416,78.484
2025-10-30,24.38,3.49,88.18,Hyderabad_Bollaram,17.5416,78.484
2025-10-31,23.38,2.35,82.48,Hyderabad_Bollaram,17.5416,78.484
2025-11-01,24.48,1.46,84.05,Hyderabad_Bollaram,17.5416,78.484
2025-11-02,25.07,1.21,87.11,Hyderabad_Bollaram,17.5416,78.484
2025-11-03,24.84,2.28,88.04,Hyderabad_Bollaram,17.5416,78.484
2025-11-04,24.22,2.04,88.18,Hyderabad_Bollaram,17.5416,78.484
2025-11-05,23.08,2.08,87.76,Hyderabad_Bollaram,17.5416,78.484
2025-11-06,22.02,2.08,83.18,Hyderabad_Bollaram,17.5416,78.484
2025-11-07,20.83,2.07,79.75,Hyderabad_Bollaram,17.5416,78.484
2025-11-08,19.27,1.86,78.37,Hyderabad_Bollaram,17.5416,78.484
2025-11-09,18.07,1.8,80.07,Hyderabad_Bollaram,17.5416,78.484
2025-11-10,18.27,1.41,75.58,Hyderabad_Bollaram,17.5416,78.484
2025-11-11,18.5,1.78,75.94,Hyderabad_Bollaram,17.5416,78.484
2025-11-12,18.12,2.1,74.97,Hyderabad_Bollaram,17.5416,78.484
2025-11-13,16.86,1.89,74.42,Hyderabad_Bollaram,17.5416,78.484
2025-11-14,16.67,1.79,80.69,Hyderabad_Bollaram,17.5416,78.484
2025-11-15,16.96,1.51,78.58,Hyderabad_Bollaram,17.5416,78.484
2025-11-16,16.67,2.08,79.53,Hyderabad_Bollaram,17.5416,78.484
2025-11-17,15.37,2.15,80.57,Hyderabad_Bollaram,17.5416,78.484
2025-11-18,15.84,1.75,80.23,Hyderabad_Bollaram,17.5416,78.484
2025-11-19,16.39,1.45,77.48,Hyderabad_Bollaram,17.5416,78.484
2025-11-20,16.93,1.68,81.36,Hyderabad_Bollaram,17.5416,78.484
2025-11-21,19.5,1.43,84.99,Hyderabad_Bollaram,17.5416,78.484
2025-11-22,20.68,1.4,84.92,Hyderabad_Bollaram,17.5416,78.484
2025-11-23,20.75,1.42,81.62,Hyderabad_Bollaram,17.5416,78.484
2025-11-24,20.34,1.59,81.93,Hyderabad_Bollaram,17.5416,78.484
2025-11-25,20.26,1.48,87.45,Hyderabad_Bollaram,17.5416,78.484
2025-11-26,19.85,1.61,86.85,Hyderabad_Bollaram,17.5416,78.484
2025-11-27,19.11,1.58,86.06,Hyderabad_Bollaram,17.5416,78.484
2025-11-28,17.29,2.06,80.99,Hyderabad_Bollaram,17.5416,78.484
2025-11-29,18.18,1.7,81.83,Hyderabad_Bollaram,17.5416,78.484
2025-11-30,18.84,2.28,87.9,Hyderabad_Bollaram,17.5416,78.484
2025-12-01,19.68,1.84,86.24,Hyderabad_Bollaram,17.5416,78.484
2025-12-02,19.56,1.72,85.91,Hyderabad_Bollaram,17.5416,78.484
2025-12-03,19.85,1.76,84.8,Hyderabad_Bollaram,17.5416,78.484
2025-12-04,20.42,1.85,88.13,Hyderabad_Bollaram,17.5416,78.484
2025-12-05,18.36,2.05,81.76,Hyderabad_Bollaram,17.5416,78.484
2025-12-06,16.83,1.76,84.03,Hyderabad_Bollaram,17.5416,78.484
2025-12-07,17.37,1.7,75.51,Hyderabad_Bollaram,17.5416,78.484
2025-12-08,16.58,1.85,74.41,Hyderabad_Bollaram,17.5416,78.484
2025-12-09,15.79,2.06,71.77,Hyderabad_Bollaram,17.5416,78.484
2025-12-10,15.57,2.23,70.3,Hyderabad_Bollaram,17.5416,78.484
2025-12-11,15.3,1.93,66.99,Hyderabad_Bollaram,17.5416,78.484
2025-12-12,16.46,1.58,66.27,Hyderabad_Bollaram,17.5416,78.484
2025-12-13,17.97,1.17,63.73,Hyderabad_Bollaram,17.5416,78.484
2025-12-14,17.91,1.07,71.02,Hyderabad_Bollaram,17.5416,78.484
2025-12-15,17.37,1.26,73.74,Hyderabad_Bollaram,17.5416,78.484
2025-12-16,17.88,1.39,73.82,Hyderabad_Bollaram,17.5416,78.484
2025-12-17,17.57,1.58,76.82,Hyderabad_Bollaram,17.5416,78.484
2025-12-18,16.33,2.07,72.74,Hyderabad_Bollaram,17.5416,78.484
2025-12-19,15.49,2.2,68.91,Hyderabad_Bollaram,17.5416,78.484
2025-12-20,15.78,1.86,70.5,Hyderabad_Bollaram,17.5416,78.484
2025-12-21,17.35,1.5,74.44,Hyderabad_Bollaram,17.5416,78.484
2025-12-22,18.03,1.36,76.01,Hyderabad_Bollaram,17.5416,78.484
2025-12-23,17.02,1.66,73.09,Hyderabad_Bollaram,17.5416,78.484
2025-12-24,16.24,1.72,75.74,Hyderabad_Bollaram,17.5416,78.484
2025-12-25,17.25,1.17,67.51,Hyderabad_Bollaram,17.5416,78.484
2025-12-26,17.46,1.24,71.14,Hyderabad_Bollaram,17.5416,78.484
2025-12-27,17.78,0.88,71.11,Hyderabad_Bollaram,17.5416,78.484
2025-12-28,17.21,1.18,70.27,Hyderabad_Bollaram,17.5416,78.484
2025-12-29,17.61,1.28,65.76,Hyderabad_Bollaram,17.5416,78.484
2025-12-30,18.8,0.75,61.25,Hyderabad_Bollaram,17.5416,78.484
2025-12-31,19.01,1.01,68.81,Hyderabad_Bollaram,17.5416,78.484
2026-01-01,20.65,0.98,70.02,Hyderabad_Bollaram,17.5416,78.484
2026-01-02,20.72,1.26,66.09,Hyderabad_Bollaram,17.5416,78.484
2026-01-03,20.6,1.39,63.15,Hyderabad_Bollaram,17.5416,78.484
2026-01-04,20.04,1.37,72.43,Hyderabad_Bollaram,17.5416,78.484
2026-01-05,20.15,1.26,64.68,Hyderabad_Bollaram,17.5416,78.484
2026-01-06,18.85,1.94,62.43,Hyderabad_Bollaram,17.5416,78.484
2026-01-07,18.83,1.5,56.4,Hyderabad_Bollaram,17.5416,78.484
2026-01-08,18.56,1.54,52.02,Hyderabad_Bollaram,17.5416,78.484
2026-01-09,18.21,1.71,52.45,Hyderabad_Bollaram,17.5416,78.484
2026-01-10,18.36,1.76,49.93,Hyderabad_Bollaram,17.5416,78.484
2026-01-11,19.27,1.73,48.54,Hyderabad_Bollaram,17.5416,78.484
2026-01-12,20.92,1.46,52.51,Hyderabad_Bollaram,17.5416,78.484
2026-01-13,22.02,1.26,62.73,Hyderabad_Bollaram,17.5416,78.484
2026-01-14,22.8,0.91,61.21,Hyderabad_Bollaram,17.5416,78.484
2026-01-15,22.66,1.16,57.91,Hyderabad_Bollaram,17.5416,78.484
2026-01-16,20.7,1.52,55.73,Hyderabad_Bollaram,17.5416,78.484
2026-01-17,20.38,1.34,50.68,Hyderabad_Bollaram,17.5416,78.484
2026-01-18,21.39,1.2,44.8,Hyderabad_Bollaram,17.5416,78.484
2026-01-19,20.78,1.43,51.82,Hyderabad_Bollaram,17.5416,78.484
2026-01-20,20.99,1.73,60.55,Hyderabad_Bollaram,17.5416,78.484
2026-01-21,20.39,1.85,66.42,Hyderabad_Bollaram,17.5416,78.484
2026-01-22,20.19,1.72,65.55,Hyderabad_Bollaram,17.5416,78.484
2026-01-23,20.33,1.85,66.23,Hyderabad_Bollaram,17.5416,78.484
2026-01-24,20.7,1.93,74.97,Hyderabad_Bollaram,17.5416,78.484
2026-01-25,21.91,1.89,67.49,Hyderabad_Bollaram,17.5416,78.484
2026-01-26,22.22,2.0,67.64,Hyderabad_Bollaram,17.5416,78.484
2026-01-27,22.34,1.88,64.74,Hyderabad_Bollaram,17.5416,78.484
2026-01-28,22.96,1.61,66.74,Hyderabad_Bollaram,17.5416,78.484
2026-01-29,23.05,1.39,65.35,Hyderabad_Bollaram,17.5416,78.484
2026-01-30,22.37,1.68,67.06,Hyderabad_Bollaram,17.5416,78.484
2026-01-31,21.64,1.93,70.28,Hyderabad_Bollaram,17.5416,78.484
2026-02-01,21.99,1.67,69.8,Hyderabad_Bollaram,17.5416,78.484
2026-02-02,22.15,1.55,66.66,Hyderabad_Bollaram,17.5416,78.484
2026-02-03,22.01,1.9,67.22,Hyderabad_Bollaram,17.5416,78.484
2026-02-04,21.94,1.83,63.2,Hyderabad_Bollaram,17.5416,78.484
2026-02-05,22.11,1.53,59.82,Hyderabad_Bollaram,17.5416,78.484
2026-02-06,22.72,1.54,52.73,Hyderabad_Bollaram,17.5416,78.484
2026-02-07,22.72,1.79,46.63,Hyderabad_Bollaram,17.5416,78.484
2026-02-08,-999.0,-999.0,-999.0,Hyderabad_Bollaram,17.5416,78.484
2026-02-09,-999.0,-999.0,-999.0,Hyderabad_Bollaram,17.5416,78.484
2026-02-10,-999.0,-999.0,-999.0,Hyderabad_Bollaram,17.5416,78.484
2026-02-11,22.38,1.84,57.83,Hyderabad_Bollaram,17.5416,78.484
2026-02-12,22.85,1.81,53.49,Hyderabad_Bollaram,17.5416,78.484
2026-02-13,23.39,1.72,46.17,Hyderabad_Bollaram,17.5416,78.484
2026-02-14,23.86,1.53,43.87,Hyderabad_Bollaram,17.5416,78.484
2026-02-15,-999.0,-999.0,-999.0,Hyderabad_Bollaram,17.5416,78.484
2026-02-16,-999.0,-999.0,-999.0,Hyderabad_Bollaram,17.5416,78.484
2026-02-17,-999.0,-999.0,-999.0,Hyderabad_Bollaram,17.5416,78.484
2025-01-01,19.52,2.01,55.29,Ahmedabad_SAC_ISRO_IITM,23.03,72.54
2025-01-02,20.47,1.89,51.09,Ahmedabad_SAC_ISRO_IITM,23.03,72.54
2025-01-03,20.88,1.68,48.41,Ahmedabad_SAC_ISRO_IITM,23.03,72.54
2025-01-04,20.02,1.4,52.39,Ahmedabad_SAC_ISRO_IITM,23.03,72.54
2025-01-05,19.15,1.65,53.01,Ahmedabad_SAC_ISRO_IITM,23.03,72.54
2025-01-06,16.94,2.52,41.31,Ahmedabad_SAC_ISRO_IITM,23.03,72.54
2025-01-07,16.17,2.5,38.35,Ahmedabad_SAC_ISRO_IITM,23.03,72.54
2025-01-08,16.03,2.11,42.48,Ahmedabad_SAC_ISRO_IITM,23.03,72.54
2025-01-09,17.46,1.98,43.11,Ahmedabad_SAC_ISRO_IITM,23.03,72.54
2025-01-10,19.37,1.92,47.04,Ahmedabad_SAC_ISRO_IITM,23.03,72.54
2025-01-11,19.67,1.44,53.47,Ahmedabad_SAC_ISRO_IITM,23.03,72.54
2025-01-12,18.29,2.09,49.75,Ahmedabad_SAC_ISRO_IITM,23.03,72.54
2025-01-13,16.25,2.54,44.91,Ahmedabad_SAC_ISRO_IITM,23.03,72.54
2025-01-14,16.94,2.29,47.98,Ahmedabad_SAC_ISRO_IITM,23.03,72.54
2025-01-15,19.04,2.25,48.0,Ahmedabad_SAC_ISRO_IITM,23.03,72.54
2025-01-16,17.64,2.88,38.41,Ahmedabad_SAC_ISRO_IITM,23.03,72.54
2025-01-17,18.62,2.86,50.0,Ahmedabad_SAC_ISRO_IITM,23.03,72.54
2025-01-18,21.32,2.1,53.75,Ahmedabad_SAC_ISRO_IITM,23.03,72.54
2025-01-19,22.48,1.05,54.02,Ahmedabad_SAC_ISRO_IITM,23.03,72.54
2025-01-20,22.43,1.24,49.74,Ahmedabad_SAC_ISRO_IITM,23.03,72.54
2025-01-21,21.23,1.48,42.09,Ahmedabad_SAC_ISRO_IITM,23.03,72.54
2025-01-22,20.06,1.75,39.03,Ahmedabad_SAC_ISRO_IITM,23.03,72.54
2025-01-23,19.06,2.09,37.02,Ahmedabad_SAC_ISRO_IITM,23.03,72.54
2025-01-24,19.23,2.77,38.58,Ahmedabad_SAC_ISRO_IITM,23.03,72.54
2025-01-25,20.21,2.29,40.34,Ahmedabad_SAC_ISRO_IITM,23.03,72.54
2025-01-26,20.79,1.71,35.86,Ahmedabad_SAC_ISRO_IITM,23.03,72.54
2025-01-27,21.18,1.67,33.06,Ahmedabad_SAC_ISRO_IITM,23.03,72.54
2025-01-28,22.62,1.33,29.07,Ahmedabad_SAC_ISRO_IITM,23.03,72.54
2025-01-29,23.2,1.47,26.06,Ahmedabad_SAC_ISRO_IITM,23.03,72.54
2025-01-30,21.34,2.02,38.38,Ahmedabad_SAC_ISRO_IITM,23.03,72.54
2025-01-31,19.76,1.71,37.44,Ahmedabad_SAC_ISRO_IITM,23.03,72.54
2025-02-01,18.84,1.81,40.54,Ahmedabad_SAC_ISRO_IITM,23.03,72.54
2025-02-02,19.87,1.37,27.68,Ahmedabad_SAC_ISRO_IITM,23.03,72.54
2025-02-03,22.04,1.67,30.43,Ahmedabad_SAC_ISRO_IITM,23.03,72.54
2025-02-04,21.2,2.08,30.91,Ahmedabad_SAC_ISRO_IITM,23.03,72.54
2025-02-05,19.2,2.17,27.42,Ahmedabad_SAC_ISRO_IITM,23.03,72.54
2025-02-06,19.51,2.74,26.13,Ahmedabad_SAC_ISRO_IITM,23.03,72.54
2025-02-07,21.26,2.57,29.82,Ahmedabad_SAC_ISRO_IITM,23.03,72.54
2025-02-08,23.14,1.65,27.61,Ahmedabad_SAC_ISRO_IITM,23.03,72.54
2025-02-09,23.07,1.57,27.17,Ahmedabad_SAC_ISRO_IITM,23.03,72.54
2025-02-10,22.58,1.44,22.69,Ahmedabad_SAC_ISRO_IITM,23.03,72.54
2025-02-11,21.89,1.78,34.07,Ahmedabad_SAC_ISRO_IITM,23.03,72.54
2025-02-12,22.71,1.71,38.16,Ahmedabad_SAC_ISRO_IITM,23.03,72.54
2025-02-13,23.43,1.78,22.72,Ahmedabad_SAC_ISRO_IITM,23.03,72.54
2025-02-14,24.49,1.34,23.79,Ahmedabad_SAC_ISRO_IITM,23.03,72.54
2025-02-15,24.53,2.39,36.34,Ahmedabad_SAC_ISRO_IITM,23.03,72.54
2025-02-16,25.14,2.02,39.98,Ahmedabad_SAC_ISRO_IITM,23.03,72.54
2025-02-17,25.75,1.74,44.84,Ahmedabad_SAC_ISRO_IITM,23.03,72.54
2025-02-18,26.46,2.25,38.03,Ahmedabad_SAC_ISRO_IITM,23.03,72.54
2025-02-19,25.49,1.91,32.42,Ahmedabad_SAC_ISRO_IITM,23.03,72.54
2025-02-20,26.03,2.32,38.64,Ahmedabad_SAC_ISRO_IITM,23.03,72.54
2025-02-21,26.01,1.63,30.33,Ahmedabad_SAC_ISRO_IITM,23.03,72.54
2025-02-22,25.74,1.92,24.68,Ahmedabad_SAC_ISRO_IITM,23.03,72.54
2025-02-23,26.19,1.58,24.54,Ahmedabad_SAC_ISRO_IITM,23.03,72.54
2025-02-24,26.96,1.62,23.68,Ahmedabad_SAC_ISRO_IITM,23.03,72.54
2025-02-25,27.68,1.79,23.66,Ahmedabad_SAC_ISRO_IITM,23.03,72.54
2025-02-26,29.42,1.67,23.36,Ahmedabad_SAC_ISRO_IITM,23.03,72.54
2025-02-27,28.56,1.69,25.6,Ahmedabad_SAC_ISRO_IITM,23.03,72.54
2025-02-28,27.19,2.31,31.76,Ahmedabad_SAC_ISRO_IITM,23.03,72.54
2025-03-01,26.66,2.37,38.42,Ahmedabad_SAC_ISRO_IITM,23.03,72.54
2025-03-02,26.59,2.03,35.19,Ahmedabad_SAC_ISRO_IITM,23.03,72.54
2025-03-03,27.08,2.57,33.56,Ahmedabad_SAC_ISRO_IITM,23.03,72.54
2025-03-04,25.53,3.48,22.33,Ahmedabad_SAC_ISRO_IITM,23.03,72.54
2025-03-05,22.87,2.8,9.3,Ahmedabad_SAC_ISRO_IITM,23.03,72.54
2025-03-06,25.04,1.89,11.39,Ahmedabad_SAC_ISRO_IITM,23.03,72.54
2025-03-07,27.52,1.4,16.4,Ahmedabad_SAC_ISRO_IITM,23.03,72.54
2025-03-08,28.94,1.54,23.66,Ahmedabad_SAC_ISRO_IITM,23.03,72.54
2025-03-09,31.03,0.84,21.32,Ahmedabad_SAC_ISRO_IITM,23.03,72.54
2025-03-10,32.27,1.38,16.72,Ahmedabad_SAC_ISRO_IITM,23.03,72.54
2025-03-11,31.44,1.72,18.49,Ahmedabad_SAC_ISRO_IITM,23.03,72.54
2025-03-12,30.94,2.22,16.63,Ahmedabad_SAC_ISRO_IITM,23.03,72.54
2025-03-13,30.27,3.06,20.81,Ahmedabad_SAC_ISRO_IITM,23.03,72.54
2025-03-14,30.62,3.03,30.22,Ahmedabad_SAC_ISRO_IITM,23.03,72.54
2025-03-15,29.89,2.26,32.09,Ahmedabad_SAC_ISRO_IITM,23.03,72.54
2025-03-16,28.96,2.55,23.47,Ahmedabad_SAC_ISRO_IITM,23.03,72.54
2025-03-17,28.5,1.82,20.99,Ahmedabad_SAC_ISRO_IITM,23.03,72.54
2025-03-18,29.48,1.52,16.5,Ahmedabad_SAC_ISRO_IITM,23.03,72.54
2025-03-19,28.46,1.86,15.55,Ahmedabad_SAC_ISRO_IITM,23.03,72.54
2025-03-20,27.66,1.99,25.2,Ahmedabad_SAC_ISRO_IITM,23.03,72.54
2025-03-21,28.53,2.16,33.31,Ahmedabad_SAC_ISRO_IITM,23.03,72.54
2025-03-22,29.96,1.22,19.86,Ahmedabad_SAC_ISRO_IITM,23.03,72.54
2025-03-23,31.16,1.02,16.01,Ahmedabad_SAC_ISRO_IITM,23.03,72.54
2025-03-24,31.73,1.19,15.53,Ahmedabad_SAC_ISRO_IITM,23.03,72.54
2025-03-25,31.76,1.39,16.37,Ahmedabad_SAC_ISRO_IITM,23.03,72.54
2025-03-26,30.46,2.54,26.53,Ahmedabad_SAC_ISRO_IITM,23.03,72.54
2025-03-27,29.28,2.82,32.79,Ahmedabad_SAC_ISRO_IITM,23.03,72.54
2025-03-28,29.43,2.99,6.52,Ahmedabad_SAC_ISRO_IITM,23.03,72.54
2025-03-29,29.34,2.25,5.48,Ahmedabad_SAC_ISRO_IITM,23.03,72.54
2025-03-30,29.81,1.94,5.84,Ahmedabad_SAC_ISRO_IITM,23.03,72.54
2025-03-31,31.24,2.06,7.21,Ahmedabad_SAC_ISRO_IITM,23.03,72.54
2025-04-01,32.16,2.14,6.78,Ahmedabad_SAC_ISRO_IITM,23.03,72.54
2025-04-02,31.61,1.79,9.15,Ahmedabad_SAC_ISRO_IITM,23.03,72.54
2025-04-03,32.23,1.69,12.86,Ahmedabad_SAC_ISRO_IITM,23.03,72.54
2025-04-04,31.83,1.43,17.98,Ahmedabad_SAC_ISRO_IITM,23.03,72.54
2025-04-05,32.47,2.09,17.34,Ahmedabad_SAC_ISRO_IITM,23.03,72.54
2025-04-06,33.69,2.84,13.33,Ahmedabad_SAC_ISRO_IITM,23.03,72.54
2025-04-07,33.94,3.37,18.25,Ahmedabad_SAC_ISRO_IITM,23.03,72.54
2025-04-08,34.33,2.98,17.49,Ahmedabad_SAC_ISRO_IITM,23.03,72.54
2025-04-09,35.26,3.88,13.54,Ahmedabad_SAC_ISRO_IITM,23.03,72.54
2025-04-10,34.66,4.37,14.32,Ahmedabad_SAC_ISRO_IITM,23.03,72.54
2025-04-11,32.35,3.26,28.03,Ahmedabad_SAC_ISRO_IITM,23.03,72.54
2025-04-12,32.37,2.7,34.99,Ahmedabad_SAC_ISRO_IITM,23.03,72.54
2025-04-13,32.93,2.79,32.62,Ahmedabad_SAC_ISRO_IITM,23.03,72.54
2025-04-14,33.72,4.13,25.42,Ahmedabad_SAC_ISRO_IITM,23.03,72.54
2025-04-15,33.68,3.05,38.46,Ahmedabad_SAC_ISRO_IITM,23.03,72.54
2025-04-16,34.62,3.12,37.53,Ahmedabad_SAC_ISRO_IITM,23.03,72.54
2025-04-17,34.34,2.85,36.08,Ahmedabad_SAC_ISRO_IITM,23.03,72.54
2025-04-18,34.18,3.52,35.22,Ahmedabad_SAC_ISRO_IITM,23.03,72.54
2025-04-19,33.28,3.77,28.1,Ahmedabad_SAC_ISRO_IITM,23.03,72.54
2025-04-20,31.97,2.85,36.03,Ahmedabad_SAC_ISRO_IITM,23.03,72.54
2025-04-21,32.67,2.39,28.18,Ahmedabad_SAC_ISRO_IITM,23.03,72.54
2025-04-22,32.94,2.11,18.18,Ahmedabad_SAC_ISRO_IITM,23.03,72.54
2025-04-23,33.83,2.26,14.9,Ahmedabad_SAC_ISRO_IITM,23.03,72.54
2025-04-24,33.41,2.25,20.7,Ahmedabad_SAC_ISRO_IITM,23.03,72.54
2025-04-25,33.2,2.24,25.24,Ahmedabad_SAC_ISRO_IITM,23.03,72.54
2025-04-26,33.36,2.22,32.68,Ahmedabad_SAC_ISRO_IITM,23.03,72.54
2025-04-27,34.62,2.41,27.87,Ahmedabad_SAC_ISRO_IITM,23.03,72.54
2025-04-28,35.75,3.32,23.37,Ahmedabad_SAC_ISRO_IITM,23.03,72.54
2025-04-29,35.38,3.15,27.56,Ahmedabad_SAC_ISRO_IITM,23.03,72.54
2025-04-30,35.54,3.22,28.17,Ahmedabad_SAC_ISRO_IITM,23.03,72.54
2025-05-01,35.2,3.76,27.21,Ahmedabad_SAC_ISRO_IITM,23.03,72.54
2025-05-02,35.41,2.63,23.97,Ahmedabad_SAC_ISRO_IITM,23.03,72.54
2025-05-03,34.18,2.54,30.39,Ahmedabad_SAC_ISRO_IITM,23.03,72.54
2025-05-04,33.9,2.42,34.77,Ahmedabad_SAC_ISRO_IITM,23.03,72.54
2025-05-05,33.68,3.41,40.26,Ahmedabad_SAC_ISRO_IITM,23.03,72.54
2025-05-06,28.84,2.34,64.83,Ahmedabad_SAC_ISRO_IITM,23.03,72.54
2025-05-07,27.31,2.01,76.8,Ahmedabad_SAC_ISRO_IITM,23.03,72.54
2025-05-08,28.21,1.6,74.3,Ahmedabad_SAC_ISRO_IITM,23.03,72.54
2025-05-09,30.02,1.27,65.71,Ahmedabad_SAC_ISRO_IITM,23.03,72.54
2025-05-10,31.2,1.94,59.63,Ahmedabad_SAC_ISRO_IITM,23.03,72.54
2025-05-11,32.25,2.11,53.53,Ahmedabad_SAC_ISRO_IITM,23.03,72.54
2025-05-12,32.54,2.44,54.45,Ahmedabad_SAC_ISRO_IITM,23.03,72.54
2025-05-13,32.61,2.31,54.47,Ahmedabad_SAC_ISRO_IITM,23.03,72.54
2025-05-14,33.67,1.81,51.56,Ahmedabad_SAC_ISRO_IITM,23.03,72.54
2025-05-15,34.12,1.88,48.88,Ahmedabad_SAC_ISRO_IITM,23.03,72.54
2025-05-16,34.38,2.85,48.96,Ahmedabad_SAC_ISRO_IITM,23.03,72.54
2025-05-17,33.91,3.58,52.42,Ahmedabad_SAC_ISRO_IITM,23.03,72.54
2025-05-18,33.51,2.65,54.41,Ahmedabad_SAC_ISRO_IITM,23.03,72.54
2025-05-19,34.5,1.7,52.72,Ahmedabad_SAC_ISRO_IITM,23.03,72.54
2025-05-20,35.79,1.47,47.94,Ahmedabad_SAC_ISRO_IITM,23.03,72.54
2025-05-21,35.51,2.31,47.6,Ahmedabad_SAC_ISRO_IITM,23.03,72.54
2025-05-22,35.8,2.51,50.17,Ahmedabad_SAC_ISRO_IITM,23.03,72.54
2025-05-23,36.28,2.27,46.25,Ahmedabad_SAC_ISRO_IITM,23.03,72.54
2025-05-24,35.81,2.85,44.0,Ahmedabad_SAC_ISRO_IITM,23.03,72.54
2025-05-25,35.14,2.14,46.6,Ahmedabad_SAC_ISRO_IITM,23.03,72.54
2025-05-26,34.42,2.24,51.72,Ahmedabad_SAC_ISRO_IITM,23.03,72.54
2025-05-27,34.46,3.51,52.87,Ahmedabad_SAC_ISRO_IITM,23.03,72.54
2025-05-28,32.45,3.42,55.7,Ahmedabad_SAC_ISRO_IITM,23.03,72.54
2025-05-29,32.15,2.63,58.19,Ahmedabad_SAC_ISRO_IITM,23.03,72.54
2025-05-30,34.03,3.73,50.14,Ahmedabad_SAC_ISRO_IITM,23.03,72.54
2025-05-31,33.29,5.09,53.36,Ahmedabad_SAC_ISRO_IITM,23.03,72.54
2025-06-01,33.08,5.07,53.76,Ahmedabad_SAC_ISRO_IITM,23.03,72.54
2025-06-02,32.02,4.11,60.85,Ahmedabad_SAC_ISRO_IITM,23.03,72.54
2025-06-03,31.69,3.77,64.6,Ahmedabad_SAC_ISRO_IITM,23.03,72.54
2025-06-04,32.23,2.39,56.01,Ahmedabad_SAC_ISRO_IITM,23.03,72.54
2025-06-05,32.78,1.88,54.27,Ahmedabad_SAC_ISRO_IITM,23.03,72.54
2025-06-06,33.56,2.45,52.25,Ahmedabad_SAC_ISRO_IITM,23.03,72.54
2025-06-07,33.91,2.86,44.93,Ahmedabad_SAC_ISRO_IITM,23.03,72.54
2025-06-08,33.96,3.27,48.31,Ahmedabad_SAC_ISRO_IITM,23.03,72.54
2025-06-09,34.38,3.95,46.87,Ahmedabad_SAC_ISRO_IITM,23.03,72.54
2025-06-10,34.75,3.7,44.56,Ahmedabad_SAC_ISRO_IITM,23.03,72.54
2025-06-11,34.89,3.99,44.09,Ahmedabad_SAC_ISRO_IITM,23.03,72.54
2025-06-12,35.62,3.29,42.18,Ahmedabad_SAC_ISRO_IITM,23.03,72.54
2025-06-13,35.12,3.41,50.7,Ahmedabad_SAC_ISRO_IITM,23.03,72.54
2025-06-14,34.33,2.41,56.98,Ahmedabad_SAC_ISRO_IITM,23.03,72.54
2025-06-15,30.91,1.55,73.83,Ahmedabad_SAC_ISRO_IITM,23.03,72.54
2025-06-16,29.93,2.45,79.75,Ahmedabad_SAC_ISRO_IITM,23.03,72.54
2025-06-17,28.88,3.54,85.98,Ahmedabad_SAC_ISRO_IITM,23.03,72.54
2025-06-18,28.82,3.7,83.47,Ahmedabad_SAC_ISRO_IITM,23.03,72.54
2025-06-19,29.39,4.27,80.95,Ahmedabad_SAC_ISRO_IITM,23.03,72.54
2025-06-20,29.69,3.63,77.41,Ahmedabad_SAC_ISRO_IITM,23.03,72.54
2025-06-21,29.53,4.01,79.54,Ahmedabad_SAC_ISRO_IITM,23.03,72.54
2025-06-22,28.89,3.62,82.27,Ahmedabad_SAC_ISRO_IITM,23.03,72.54
2025-06-23,28.06,2.85,85.94,Ahmedabad_SAC_ISRO_IITM,23.03,72.54
2025-06-24,28.47,3.29,82.58,Ahmedabad_SAC_ISRO_IITM,23.03,72.54
2025-06-25,29.1,1.9,82.88,Ahmedabad_SAC_ISRO_IITM,23.03,72.54
2025-06-26,29.26,1.41,83.0,Ahmedabad_SAC_ISRO_IITM,23.03,72.54
2025-06-27,28.4,3.32,85.45,Ahmedabad_SAC_ISRO_IITM,23.03,72.54
2025-06-28,28.26,5.35,84.64,Ahmedabad_SAC_ISRO_IITM,23.03,72.54
2025-06-29,28.77,4.39,82.57,Ahmedabad_SAC_ISRO_IITM,23.03,72.54
2025-06-30,28.77,4.47,82.52,Ahmedabad_SAC_ISRO_IITM,23.03,72.54
2025-07-01,29.0,3.9,80.3,Ahmedabad_SAC_ISRO_IITM,23.03,72.54
2025-07-02,27.57,2.87,87.89,Ahmedabad_SAC_ISRO_IITM,23.03,72.54
2025-07-03,27.88,2.99,87.34,Ahmedabad_SAC_ISRO_IITM,23.03,72.54
2025-07-04,28.57,2.93,85.88,Ahmedabad_SAC_ISRO_IITM,23.03,72.54
2025-07-05,28.3,2.77,87.19,Ahmedabad_SAC_ISRO_IITM,23.03,72.54
2025-07-06,27.92,3.15,88.82,Ahmedabad_SAC_ISRO_IITM,23.03,72.54
2025-07-07,27.88,3.39,85.17,Ahmedabad_SAC_ISRO_IITM,23.03,72.54
2025-07-08,28.31,3.12,83.53,Ahmedabad_SAC_ISRO_IITM,23.03,72.54
2025-07-09,28.37,3.06,83.51,Ahmedabad_SAC_ISRO_IITM,23.03,72.54
2025-07-10,28.69,3.34,82.3,Ahmedabad_SAC_ISRO_IITM,23.03,72.54
2025-07-11,28.43,2.38,83.71,Ahmedabad_SAC_ISRO_IITM,23.03,72.54
2025-07-12,27.88,2.64,84.9,Ahmedabad_SAC_ISRO_IITM,23.03,72.54
2025-07-13,28.73,3.0,83.9,Ahmedabad_SAC_ISRO_IITM,23.03,72.54
2025-07-14,27.34,2.5,90.45,Ahmedabad_SAC_ISRO_IITM,23.03,72.54
2025-07-15,29.23,3.12,84.27,Ahmedabad_SAC_ISRO_IITM,23.03,72.54
2025-07-16,29.15,2.47,82.19,Ahmedabad_SAC_ISRO_IITM,23.03,72.54
2025-07-17,28.64,2.33,81.8,Ahmedabad_SAC_ISRO_IITM,23.03,72.54
2025-07-18,28.29,2.69,83.71,Ahmedabad_SAC_ISRO_IITM,23.03,72.54
2025-07-19,27.83,2.63,85.01,Ahmedabad_SAC_ISRO_IITM,23.03,72.54
2025-07-20,28.5,3.29,83.08,Ahmedabad_SAC_ISRO_IITM,23.03,72.54
2025-07-21,28.54,2.17,85.69,Ahmedabad_SAC_ISRO_IITM,23.03,72.54
2025-07-22,28.76,2.63,84.27,Ahmedabad_SAC_ISRO_IITM,23.03,72.54
2025-07-23,28.44,3.29,84.04,Ahmedabad_SAC_ISRO_IITM,23.03,72.54
2025-07-24,28.51,2.58,82.67,Ahmedabad_SAC_ISRO_IITM,23.03,72.54
2025-07-25,29.1,2.39,82.0,Ahmedabad_SAC_ISRO_IITM,23.03,72.54
2025-07-26,28.32,3.0,86.0,Ahmedabad_SAC_ISRO_IITM,23.03,72.54
2025-07-27,27.4,4.17,89.48,Ahmedabad_SAC_ISRO_IITM,23.03,72.54
2025-07-28,28.59,4.3,83.9,Ahmedabad_SAC_ISRO_IITM,23.03,72.54
2025-07-29,27.51,3.73,87.11,Ahmedabad_SAC_ISRO_IITM,23.03,72.54
2025-07-30,26.76,3.26,88.32,Ahmedabad_SAC_ISRO_IITM,23.03,72.54
2025-07-31,28.21,3.15,82.99,Ahmedabad_SAC_ISRO_IITM,23.03,72.54
2025-08-01,27.99,3.05,83.06,Ahmedabad_SAC_ISRO_IITM,23.03,72.54
2025-08-02,27.71,2.58,83.06,Ahmedabad_SAC_ISRO_IITM,23.03,72.54
2025-08-03,28.09,3.07,82.58,Ahmedabad_SAC_ISRO_IITM,23.03,72.54
2025-08-04,27.52,2.21,85.76,Ahmedabad_SAC_ISRO_IITM,23.03,72.54
2025-08-05,27.88,2.75,83.34,Ahmedabad_SAC_ISRO_IITM,23.03,72.54
2025-08-06,27.95,2.36,82.69,Ahmedabad_SAC_ISRO_IITM,23.03,72.54
2025-08-07,27.93,2.17,80.9,Ahmedabad_SAC_ISRO_IITM,23.03,72.54
2025-08-08,28.34,2.31,80.14,Ahmedabad_SAC_ISRO_IITM,23.03,72.54
2025-08-09,28.25,2.19,80.05,Ahmedabad_SAC_ISRO_IITM,23.03,72.54
2025-08-10,27.98,2.38,81.76,Ahmedabad_SAC_ISRO_IITM,23.03,72.54
2025-08-11,28.3,2.63,80.22,Ahmedabad_SAC_ISRO_IITM,23.03,72.54
2025-08-12,28.33,2.89,79.97,Ahmedabad_SAC_ISRO_IITM,23.03,72.54
2025-08-13,27.85,2.16,83.38,Ahmedabad_SAC_ISRO_IITM,23.03,72.54
2025-08-14,28.05,1.63,83.18,Ahmedabad_SAC_ISRO_IITM,23.03,72.54
2025-08-15,28.23,1.28,83.19,Ahmedabad_SAC_ISRO_IITM,23.03,72.54
2025-08-16,27.73,1.73,87.58,Ahmedabad_SAC_ISRO_IITM,23.03,72.54
2025-08-17,28.89,1.3,83.4,Ahmedabad_SAC_ISRO_IITM,23.03,72.54
2025-08-18,29.26,0.76,80.16,Ahmedabad_SAC_ISRO_IITM,23.03,72.54
2025-08-19,29.11,1.81,84.43,Ahmedabad_SAC_ISRO_IITM,23.03,72.54
2025-08-20,28.21,2.78,86.7,Ahmedabad_SAC_ISRO_IITM,23.03,72.54
2025-08-21,27.44,3.18,89.73,Ahmedabad_SAC_ISRO_IITM,23.03,72.54
2025-08-22,27.33,3.82,87.92,Ahmedabad_SAC_ISRO_IITM,23.03,72.54
2025-08-23,27.24,4.09,87.34,Ahmedabad_SAC_ISRO_IITM,23.03,72.54
2025-08-24,27.07,4.03,87.97,Ahmedabad_SAC_ISRO_IITM,23.03,72.54
2025-08-25,27.71,3.64,85.44,Ahmedabad_SAC_ISRO_IITM,23.03,72.54
2025-08-26,28.01,2.35,84.6,Ahmedabad_SAC_ISRO_IITM,23.03,72.54
2025-08-27,28.21,1.75,84.13,Ahmedabad_SAC_ISRO_IITM,23.03,72.54
2025-08-28,27.32,2.13,88.91,Ahmedabad_SAC_ISRO_IITM,23.03,72.54
2025-08-29,28.07,2.15,87.04,Ahmedabad_SAC_ISRO_IITM,23.03,72.54
2025-08-30,27.82,1.85,87.38,Ahmedabad_SAC_ISRO_IITM,23.03,72.54
2025-08-31,27.63,2.18,89.02,Ahmedabad_SAC_ISRO_IITM,23.03,72.54
2025-09-01,26.97,2.55,87.45,Ahmedabad_SAC_ISRO_IITM,23.03,72.54
2025-09-02,27.46,2.2,83.45,Ahmedabad_SAC_ISRO_IITM,23.03,72.54
2025-09-03,27.45,2.17,83.66,Ahmedabad_SAC_ISRO_IITM,23.03,72.54
2025-09-04,27.09,2.99,88.44,Ahmedabad_SAC_ISRO_IITM,23.03,72.54
2025-09-05,27.79,2.78,88.06,Ahmedabad_SAC_ISRO_IITM,23.03,72.54
2025-09-06,26.84,3.48,92.34,Ahmedabad_SAC_ISRO_IITM,23.03,72.54
2025-09-07,26.4,4.15,92.0,Ahmedabad_SAC_ISRO_IITM,23.03,72.54
2025-09-08,26.94,4.23,87.22,Ahmedabad_SAC_ISRO_IITM,23.03,72.54
2025-09-09,26.73,2.61,85.79,Ahmedabad_SAC_ISRO_IITM,23.03,72.54
2025-09-10,26.09,1.43,82.87,Ahmedabad_SAC_ISRO_IITM,23.03,72.54
2025-09-11,26.66,1.54,81.66,Ahmedabad_SAC_ISRO_IITM,23.03,72.54
2025-09-12,26.89,1.26,80.9,Ahmedabad_SAC_ISRO_IITM,23.03,72.54
2025-09-13,27.22,1.1,80.88,Ahmedabad_SAC_ISRO_IITM,23.03,72.54
2025-09-14,27.24,1.8,82.67,Ahmedabad_SAC_ISRO_IITM,23.03,72.54
2025-09-15,26.81,2.24,84.53,Ahmedabad_SAC_ISRO_IITM,23.03,72.54
2025-09-16,27.51,1.55,83.3,Ahmedabad_SAC_ISRO_IITM,23.03,72.54
2025-09-17,28.15,1.39,82.52,Ahmedabad_SAC_ISRO_IITM,23.03,72.54
2025-09-18,28.21,1.15,83.61,Ahmedabad_SAC_ISRO_IITM,23.03,72.54
2025-09-19,27.91,1.21,86.08,Ahmedabad_SAC_ISRO_IITM,23.03,72.54
2025-09-20,27.5,1.92,86.35,Ahmedabad_SAC_ISRO_IITM,23.03,72.54
2025-09-21,27.2,1.99,86.38,Ahmedabad_SAC_ISRO_IITM,23.03,72.54
2025-09-22,27.07,2.17,83.78,Ahmedabad_SAC_ISRO_IITM,23.03,72.54
2025-09-23,26.63,1.82,84.1,Ahmedabad_SAC_ISRO_IITM,23.03,72.54
2025-09-24,26.93,1.74,81.49,Ahmedabad_SAC_ISRO_IITM,23.03,72.54
2025-09-25,27.08,1.35,78.43,Ahmedabad_SAC_ISRO_IITM,23.03,72.54
2025-09-26,27.41,1.34,80.32,Ahmedabad_SAC_ISRO_IITM,23.03,72.54
2025-09-27,28.38,2.11,79.21,Ahmedabad_SAC_ISRO_IITM,23.03,72.54
2025-09-28,27.54,2.43,86.34,Ahmedabad_SAC_ISRO_IITM,23.03,72.54
2025-09-29,27.71,3.2,87.83,Ahmedabad_SAC_ISRO_IITM,23.03,72.54
2025-09-30,26.27,4.22,88.96,Ahmedabad_SAC_ISRO_IITM,23.03,72.54
2025-10-01,26.39,3.01,86.28,Ahmedabad_SAC_ISRO_IITM,23.03,72.54
2025-10-02,26.2,2.9,87.53,Ahmedabad_SAC_ISRO_IITM,23.03,72.54
2025-10-03,26.18,1.88,88.02,Ahmedabad_SAC_ISRO_IITM,23.03,72.54
2025-10-04,26.66,1.64,84.95,Ahmedabad_SAC_ISRO_IITM,23.03,72.54
2025-10-05,26.6,2.28,85.28,Ahmedabad_SAC_ISRO_IITM,23.03,72.54
2025-10-06,26.09,2.49,85.46,Ahmedabad_SAC_ISRO_IITM,23.03,72.54
2025-10-07,26.07,1.78,78.29,Ahmedabad_SAC_ISRO_IITM,23.03,72.54
2025-10-08,25.28,0.91,74.76,Ahmedabad_SAC_ISRO_IITM,23.03,72.54
2025-10-09,25.95,0.84,62.91,Ahmedabad_SAC_ISRO_IITM,23.03,72.54
2025-10-10,25.67,0.84,59.74,Ahmedabad_SAC_ISRO_IITM,23.03,72.54
2025-10-11,24.39,1.37,62.86,Ahmedabad_SAC_ISRO_IITM,23.03,72.54
2025-10-12,24.66,1.31,62.86,Ahmedabad_SAC_ISRO_IITM,23.03,72.54
2025-10-13,25.27,1.1,61.96,Ahmedabad_SAC_ISRO_IITM,23.03,72.54
2025-10-14,24.21,1.55,68.64,Ahmedabad_SAC_ISRO_IITM,23.03,72.54
2025-10-15,24.16,1.27,67.89,Ahmedabad_SAC_ISRO_IITM,23.03,72.54
2025-10-16,24.9,1.47,69.95,Ahmedabad_SAC_ISRO_IITM,23.03,72.54
2025-10-17,25.21,1.36,65.86,Ahmedabad_SAC_ISRO_IITM,23.03,72.54
2025-10-18,25.1,1.39,66.13,Ahmedabad_SAC_ISRO_IITM,23.03,72.54
2025-10-19,25.52,1.33,64.82,Ahmedabad_SAC_ISRO_IITM,23.03,72.54
2025-10-20,26.28,1.1,60.95,Ahmedabad_SAC_ISRO_IITM,23.03,72.54
2025-10-21,25.63,1.47,71.73,Ahmedabad_SAC_ISRO_IITM,23.03,72.54
2025-10-22,25.43,2.5,75.24,Ahmedabad_SAC_ISRO_IITM,23.03,72.54
2025-10-23,25.37,2.65,78.18,Ahmedabad_SAC_ISRO_IITM,23.03,72.54
2025-10-24,26.61,2.81,77.75,Ahmedabad_SAC_ISRO_IITM,23.03,72.54
2025-10-25,26.34,2.95,78.71,Ahmedabad_SAC_ISRO_IITM,23.03,72.54
2025-10-26,24.97,3.02,85.74,Ahmedabad_SAC_ISRO_IITM,23.03,72.54
2025-10-27,24.88,2.49,90.66,Ahmedabad_SAC_ISRO_IITM,23.03,72.54
2025-10-28,24.05,3.43,92.84,Ahmedabad_SAC_ISRO_IITM,23.03,72.54
2025-10-29,25.13,3.27,85.87,Ahmedabad_SAC_ISRO_IITM,23.03,72.54
2025-10-30,25.06,2.26,88.86,Ahmedabad_SAC_ISRO_IITM,23.03,72.54
2025-10-31,25.71,2.02,88.15,Ahmedabad_SAC_ISRO_IITM,23.03,72.54
2025-11-01,26.12,1.45,86.34,Ahmedabad_SAC_ISRO_IITM,23.03,72.54
2025-11-02,26.72,1.69,87.95,Ahmedabad_SAC_ISRO_IITM,23.03,72.54
2025-11-03,26.29,2.33,87.03,Ahmedabad_SAC_ISRO_IITM,23.03,72.54
2025-11-04,24.57,1.82,79.36,Ahmedabad_SAC_ISRO_IITM,23.03,72.54
2025-11-05,24.16,0.65,64.93,Ahmedabad_SAC_ISRO_IITM,23.03,72.54
2025-11-06,23.21,1.05,57.73,Ahmedabad_SAC_ISRO_IITM,23.03,72.54
2025-11-07,21.17,1.57,57.1,Ahmedabad_SAC_ISRO_IITM,23.03,72.54
2025-11-08,19.92,1.42,59.14,Ahmedabad_SAC_ISRO_IITM,23.03,72.54
2025-11-09,20.08,1.12,58.74,Ahmedabad_SAC_ISRO_IITM,23.03,72.54
2025-11-10,20.27,1.2,56.77,Ahmedabad_SAC_ISRO_IITM,23.03,72.54
2025-11-11,19.92,1.11,57.7,Ahmedabad_SAC_ISRO_IITM,23.03,72.54
2025-11-12,20.62,1.21,59.13,Ahmedabad_SAC_ISRO_IITM,23.03,72.54
2025-11-13,20.34,1.46,62.78,Ahmedabad_SAC_ISRO_IITM,23.03,72.54
2025-11-14,19.57,1.79,66.92,Ahmedabad_SAC_ISRO_IITM,23.03,72.54
2025-11-15,18.72,1.96,68.02,Ahmedabad_SAC_ISRO_IITM,23.03,72.54
2025-11-16,18.49,2.22,66.1,Ahmedabad_SAC_ISRO_IITM,23.03,72.54
2025-11-17,17.19,2.23,66.6,Ahmedabad_SAC_ISRO_IITM,23.03,72.54
2025-11-18,17.01,2.05,67.54,Ahmedabad_SAC_ISRO_IITM,23.03,72.54
2025-11-19,17.34,1.9,69.36,Ahmedabad_SAC_ISRO_IITM,23.03,72.54
2025-11-20,17.83,1.9,70.14,Ahmedabad_SAC_ISRO_IITM,23.03,72.54
2025-11-21,18.73,2.0,73.87,Ahmedabad_SAC_ISRO_IITM,23.03,72.54
2025-11-22,19.29,1.87,69.58,Ahmedabad_SAC_ISRO_IITM,23.03,72.54
2025-11-23,19.58,1.7,64.62,Ahmedabad_SAC_ISRO_IITM,23.03,72.54
2025-11-24,19.82,1.65,63.98,Ahmedabad_SAC_ISRO_IITM,23.03,72.54
2025-11-25,21.63,1.78,78.31,Ahmedabad_SAC_ISRO_IITM,23.03,72.54
2025-11-26,22.95,1.44,77.16,Ahmedabad_SAC_ISRO_IITM,23.03,72.54
2025-11-27,23.54,1.6,78.76,Ahmedabad_SAC_ISRO_IITM,23.03,72.54
2025-11-28,23.51,1.65,77.82,Ahmedabad_SAC_ISRO_IITM,23.03,72.54
2025-11-29,22.82,1.75,72.99,Ahmedabad_SAC_ISRO_IITM,23.03,72.54
2025-11-30,22.04,1.59,70.86,Ahmedabad_SAC_ISRO_IITM,23.03,72.54
2025-12-01,21.63,1.27,64.8,Ahmedabad_SAC_ISRO_IITM,23.03,72.54
2025-12-02,21.56,0.97,61.77,Ahmedabad_SAC_ISRO_IITM,23.03,72.54
2025-12-03,20.33,2.16,66.33,Ahmedabad_SAC_ISRO_IITM,23.03,72.54
2025-12-04,19.65,2.38,69.15,Ahmedabad_SAC_ISRO_IITM,23.03,72.54
2025-12-05,19.54,2.48,67.2,Ahmedabad_SAC_ISRO_IITM,23.03,72.54
2025-12-06,19.21,2.47,65.2,Ahmedabad_SAC_ISRO_IITM,23.03,72.54
2025-12-07,19.07,2.26,59.38,Ahmedabad_SAC_ISRO_IITM,23.03,72.54
2025-12-08,19.08,2.33,56.33,Ahmedabad_SAC_ISRO_IITM,23.03,72.54
2025-12-09,19.09,2.19,55.6,Ahmedabad_SAC_ISRO_IITM,23.03,72.54
2025-12-10,19.35,1.86,51.95,Ahmedabad_SAC_ISRO_IITM,23.03,72.54
2025-12-11,19.98,1.5,48.96,Ahmedabad_SAC_ISRO_IITM,23.03,72.54
2025-12-12,20.07,1.52,47.82,Ahmedabad_SAC_ISRO_IITM,23.03,72.54
2025-12-13,19.73,1.8,53.22,Ahmedabad_SAC_ISRO_IITM,23.03,72.54
2025-12-14,19.35,2.01,57.69,Ahmedabad_SAC_ISRO_IITM,23.03,72.54
2025-12-15,19.35,2.06,63.04,Ahmedabad_SAC_ISRO_IITM,23.03,72.54
2025-12-16,18.75,2.5,60.34,Ahmedabad_SAC_ISRO_IITM,23.03,72.54
2025-12-17,18.98,2.14,57.82,Ahmedabad_SAC_ISRO_IITM,23.03,72.54
2025-12-18,19.06,2.03,54.52,Ahmedabad_SAC_ISRO_IITM,23.03,72.54
2025-12-19,20.23,1.92,50.15,Ahmedabad_SAC_ISRO_IITM,23.03,72.54
2025-12-20,20.7,1.8,53.67,Ahmedabad_SAC_ISRO_IITM,23.03,72.54
2025-12-21,19.44,2.01,54.96,Ahmedabad_SAC_ISRO_IITM,23.03,72.54
2025-12-22,19.93,1.94,54.41,Ahmedabad_SAC_ISRO_IITM,23.03,72.54
2025-12-23,20.41,1.78,55.32,Ahmedabad_SAC_ISRO_IITM,23.03,72.54
2025-12-24,20.14,1.84,55.19,Ahmedabad_SAC_ISRO_IITM,23.03,72.54
2025-12-25,19.93,1.68,57.45,Ahmedabad_SAC_ISRO_IITM,23.03,72.54
2025-12-26,19.47,2.09,55.02,Ahmedabad_SAC_ISRO_IITM,23.03,72.54
2025-12-27,19.02,2.29,54.9,Ahmedabad_SAC_ISRO_IITM,23.03,72.54
2025-12-28,19.29,1.76,55.78,Ahmedabad_SAC_ISRO_IITM,23.03,72.54
2025-12-29,20.1,1.72,53.33,Ahmedabad_SAC_ISRO_IITM,23.03,72.54
2025-12-30,20.13,1.38,52.77,Ahmedabad_SAC_ISRO_IITM,23.03,72.54
2025-12-31,20.66,1.19,59.24,Ahmedabad_SAC_ISRO_IITM,23.03,72.54
2026-01-01,22.66,1.04,58.88,Ahmedabad_SAC_ISRO_IITM,23.03,72.54
2026-01-02,21.56,1.52,54.06,Ahmedabad_SAC_ISRO_IITM,23.03,72.54
2026-01-03,20.57,1.4,55.58,Ahmedabad_SAC_ISRO_IITM,23.03,72.54
2026-01-04,20.05,1.66,55.3,Ahmedabad_SAC_ISRO_IITM,23.03,72.54
2026-01-05,19.7,2.33,52.06,Ahmedabad_SAC_ISRO_IITM,23.03,72.54
2026-01-06,19.66,1.77,49.11,Ahmedabad_SAC_ISRO_IITM,23.03,72.54
2026-01-07,19.35,1.51,50.2,Ahmedabad_SAC_ISRO_IITM,23.03,72.54
2026-01-08,19.87,1.62,55.89,Ahmedabad_SAC_ISRO_IITM,23.03,72.54
2026-01-09,20.13,1.5,45.39,Ahmedabad_SAC_ISRO_IITM,23.03,72.54
2026-01-10,19.75,1.86,39.83,Ahmedabad_SAC_ISRO_IITM,23.03,72.54
2026-01-11,19.49,1.7,44.45,Ahmedabad_SAC_ISRO_IITM,23.03,72.54
2026-01-12,19.87,1.76,50.98,Ahmedabad_SAC_ISRO_IITM,23.03,72.54
2026-01-13,20.97,1.66,49.42,Ahmedabad_SAC_ISRO_IITM,23.03,72.54
2026-01-14,20.11,1.7,31.83,Ahmedabad_SAC_ISRO_IITM,23.03,72.54
2026-01-15,19.73,1.63,37.87,Ahmedabad_SAC_ISRO_IITM,23.03,72.54
2026-01-16,21.31,1.65,45.42,Ahmedabad_SAC_ISRO_IITM,23.03,72.54
2026-01-17,21.65,1.11,46.04,Ahmedabad_SAC_ISRO_IITM,23.03,72.54
2026-01-18,21.34,1.54,49.73,Ahmedabad_SAC_ISRO_IITM,23.03,72.54
2026-01-19,21.19,1.18,47.94,Ahmedabad_SAC_ISRO_IITM,23.03,72.54
2026-01-20,20.97,1.36,40.56,Ahmedabad_SAC_ISRO_IITM,23.03,72.54
2026-01-21,21.98,1.94,48.77,Ahmedabad_SAC_ISRO_IITM,23.03,72.54
2026-01-22,22.93,2.09,52.35,Ahmedabad_SAC_ISRO_IITM,23.03,72.54
2026-01-23,20.16,2.47,46.11,Ahmedabad_SAC_ISRO_IITM,23.03,72.54
2026-01-24,19.05,1.85,29.17,Ahmedabad_SAC_ISRO_IITM,23.03,72.54
2026-01-25,20.13,2.02,45.19,Ahmedabad_SAC_ISRO_IITM,23.03,72.54
2026-01-26,22.53,1.91,54.39,Ahmedabad_SAC_ISRO_IITM,23.03,72.54
2026-01-27,22.61,2.45,39.48,Ahmedabad_SAC_ISRO_IITM,23.03,72.54
2026-01-28,19.82,1.94,32.62,Ahmedabad_SAC_ISRO_IITM,23.03,72.54
2026-01-29,19.82,2.53,41.52,Ahmedabad_SAC_ISRO_IITM,23.03,72.54
2026-01-30,21.54,1.99,50.51,Ahmedabad_SAC_ISRO_IITM,23.03,72.54
2026-01-31,23.84,1.43,59.3,Ahmedabad_SAC_ISRO_IITM,23.03,72.54
2026-02-01,24.14,1.31,58.04,Ahmedabad_SAC_ISRO_IITM,23.03,72.54
2026-02-02,25.07,1.6,46.11,Ahmedabad_SAC_ISRO_IITM,23.03,72.54
2026-02-03,25.02,1.86,46.57,Ahmedabad_SAC_ISRO_IITM,23.03,72.54
2026-02-04,24.26,2.68,53.61,Ahmedabad_SAC_ISRO_IITM,23.03,72.54
2026-02-05,24.6,2.14,49.02,Ahmedabad_SAC_ISRO_IITM,23.03,72.54
2026-02-06,25.02,1.29,45.86,Ahmedabad_SAC_ISRO_IITM,23.03,72.54
2026-02-07,24.61,1.39,37.09,Ahmedabad_SAC_ISRO_IITM,23.03,72.54
2026-02-08,-999.0,-999.0,-999.0,Ahmedabad_SAC_ISRO_IITM,23.03,72.54
2026-02-09,-999.0,-999.0,-999.0,Ahmedabad_SAC_ISRO_IITM,23.03,72.54
2026-02-10,-999.0,-999.0,-999.0,Ahmedabad_SAC_ISRO_IITM,23.03,72.54
2026-02-11,25.96,1.07,31.09,Ahmedabad_SAC_ISRO_IITM,23.03,72.54
2026-02-12,25.27,1.65,38.65,Ahmedabad_SAC_ISRO_IITM,23.03,72.54
2026-02-13,26.48,1.34,40.85,Ahmedabad_SAC_ISRO_IITM,23.03,72.54
2026-02-14,26.01,1.47,33.38,Ahmedabad_SAC_ISRO_IITM,23.03,72.54
2026-02-15,-999.0,-999.0,-999.0,Ahmedabad_SAC_ISRO_IITM,23.03,72.54
2026-02-16,-999.0,-999.0,-999.0,Ahmedabad_SAC_ISRO_IITM,23.03,72.54
2026-02-17,-999.0,-999.0,-999.0,Ahmedabad_SAC_ISRO_IITM,23.03,72.54
