temperature,humidity,wind_speed,wind_direction,timestamp,city,latitude,longitude
26.3,82,5.8,30,2023-11-01 00:00:00,Chennai,13.0827,80.2707
27.4,82,10.0,60,2023-11-01 01:00:00,Chennai,13.0827,80.2707
27.9,78,12.2,62,2023-11-01 02:00:00,Chennai,13.0827,80.2707
28.9,74,11.4,62,2023-11-01 03:00:00,Chennai,13.0827,80.2707
29.6,70,17.9,56,2023-11-01 04:00:00,Chennai,13.0827,80.2707
29.9,70,17.8,58,2023-11-01 05:00:00,Chennai,13.0827,80.2707
30.4,69,15.8,55,2023-11-01 06:00:00,Chennai,13.0827,80.2707
28.4,78,21.8,56,2023-11-01 07:00:00,Chennai,13.0827,80.2707
29.1,75,18.9,55,2023-11-01 08:00:00,Chennai,13.0827,80.2707
28.6,75,18.3,58,2023-11-01 09:00:00,Chennai,13.0827,80.2707
28.0,79,16.1,56,2023-11-01 10:00:00,Chennai,13.0827,80.2707
26.1,85,16.6,39,2023-11-01 11:00:00,Chennai,13.0827,80.2707
26.1,88,11.6,26,2023-11-01 12:00:00,Chennai,13.0827,80.2707
26.0,87,13.8,39,2023-11-01 13:00:00,Chennai,13.0827,80.2707
26.4,87,12.9,36,2023-11-01 14:00:00,Chennai,13.0827,80.2707
26.5,87,10.2,45,2023-11-01 15:00:00,Chennai,13.0827,80.2707
26.5,86,10.5,52,2023-11-01 16:00:00,Chennai,13.0827,80.2707
25.1,93,9.7,45,2023-11-01 17:00:00,Chennai,13.0827,80.2707
25.2,94,9.2,51,2023-11-01 18:00:00,Chennai,13.0827,80.2707
25.5,92,6.1,45,2023-11-01 19:00:00,Chennai,13.0827,80.2707
25.3,92,9.7,63,2023-11-01 20:00:00,Chennai,13.0827,80.2707
25.5,92,6.0,57,2023-11-01 21:00:00,Chennai,13.0827,80.2707
25.3,94,4.1,38,2023-11-01 22:00:00,Chennai,13.0827,80.2707
25.1,94,4.0,10,2023-11-01 23:00:00,Chennai,13.0827,80.2707
25.1,95,2.7,67,2023-11-02 00:00:00,Chennai,13.0827,80.2707
24.2,96,8.3,5,2023-11-02 01:00:00,Chennai,13.0827,80.2707
25.1,91,8.1,45,2023-11-02 02:00:00,Chennai,13.0827,80.2707
26.5,86,11.6,30,2023-11-02 03:00:00,Chennai,13.0827,80.2707
27.6,82,9.7,42,2023-11-02 04:00:00,Chennai,13.0827,80.2707
28.4,77,12.6,53,2023-11-02 05:00:00,Chennai,13.0827,80.2707
29.0,74,12.2,62,2023-11-02 06:00:00,Chennai,13.0827,80.2707
29.2,75,13.0,56,2023-11-02 07:00:00,Chennai,13.0827,80.2707
29.0,74,12.5,57,2023-11-02 08:00:00,Chennai,13.0827,80.2707
29.1,74,15.8,60,2023-11-02 09:00:00,Chennai,13.0827,80.2707
28.9,74,15.5,65,2023-11-02 10:00:00,Chennai,13.0827,80.2707
28.2,76,14.3,72,2023-11-02 11:00:00,Chennai,13.0827,80.2707
27.6,79,12.4,64,2023-11-02 12:00:00,Chennai,13.0827,80.2707
26.5,86,13.2,64,2023-11-02 13:00:00,Chennai,13.0827,80.2707
25.8,90,12.8,38,2023-11-02 14:00:00,Chennai,13.0827,80.2707
25.9,90,10.2,45,2023-11-02 15:00:00,Chennai,13.0827,80.2707
26.1,90,7.7,53,2023-11-02 16:00:00,Chennai,13.0827,80.2707
24.6,95,9.4,58,2023-11-02 17:00:00,Chennai,13.0827,80.2707
25.1,93,5.5,11,2023-11-02 18:00:00,Chennai,13.0827,80.2707
24.9,95,6.2,350,2023-11-02 19:00:00,Chennai,13.0827,80.2707
24.9,96,5.8,360,2023-11-02 20:00:00,Chennai,13.0827,80.2707
24.8,94,7.6,5,2023-11-02 21:00:00,Chennai,13.0827,80.2707
24.5,96,4.0,360,2023-11-02 22:00:00,Chennai,13.0827,80.2707
24.5,96,7.1,345,2023-11-02 23:00:00,Chennai,13.0827,80.2707
24.6,96,6.3,336,2023-11-03 00:00:00,Chennai,13.0827,80.2707
25.5,93,6.9,28,2023-11-03 01:00:00,Chennai,13.0827,80.2707
24.2,96,12.0,344,2023-11-03 02:00:00,Chennai,13.0827,80.2707
25.5,89,9.0,16,2023-11-03 03:00:00,Chennai,13.0827,80.2707
27.5,80,11.3,37,2023-11-03 04:00:00,Chennai,13.0827,80.2707
28.0,78,14.3,47,2023-11-03 05:00:00,Chennai,13.0827,80.2707
28.7,74,13.9,53,2023-11-03 06:00:00,Chennai,13.0827,80.2707
29.0,74,13.0,71,2023-11-03 07:00:00,Chennai,13.0827,80.2707
28.4,77,16.3,65,2023-11-03 08:00:00,Chennai,13.0827,80.2707
28.1,79,16.5,67,2023-11-03 09:00:00,Chennai,13.0827,80.2707
28.1,78,15.7,74,2023-11-03 10:00:00,Chennai,13.0827,80.2707
28.0,78,14.5,76,2023-11-03 11:00:00,Chennai,13.0827,80.2707
27.4,80,12.5,78,2023-11-03 12:00:00,Chennai,13.0827,80.2707
27.3,80,10.0,75,2023-11-03 13:00:00,Chennai,13.0827,80.2707
26.7,84,11.0,79,2023-11-03 14:00:00,Chennai,13.0827,80.2707
25.6,91,9.9,71,2023-11-03 15:00:00,Chennai,13.0827,80.2707
25.5,94,6.2,111,2023-11-03 16:00:00,Chennai,13.0827,80.2707
25.2,94,7.8,68,2023-11-03 17:00:00,Chennai,13.0827,80.2707
25.0,93,3.9,124,2023-11-03 18:00:00,Chennai,13.0827,80.2707
25.1,94,4.1,128,2023-11-03 19:00:00,Chennai,13.0827,80.2707
25.0,94,4.8,167,2023-11-03 20:00:00,Chennai,13.0827,80.2707
25.0,95,1.1,180,2023-11-03 21:00:00,Chennai,13.0827,80.2707
24.9,96,2.2,279,2023-11-03 22:00:00,Chennai,13.0827,80.2707
24.7,96,3.7,259,2023-11-03 23:00:00,Chennai,13.0827,80.2707
24.8,91,3.2,270,2023-11-04 00:00:00,Chennai,13.0827,80.2707
25.0,91,2.3,219,2023-11-04 01:00:00,Chennai,13.0827,80.2707
25.1,93,4.0,297,2023-11-04 02:00:00,Chennai,13.0827,80.2707
25.5,88,8.2,322,2023-11-04 03:00:00,Chennai,13.0827,80.2707
26.2,87,7.8,347,2023-11-04 04:00:00,Chennai,13.0827,80.2707
27.5,81,6.3,77,2023-11-04 05:00:00,Chennai,13.0827,80.2707
26.4,86,10.1,92,2023-11-04 06:00:00,Chennai,13.0827,80.2707
27.5,80,12.3,87,2023-11-04 07:00:00,Chennai,13.0827,80.2707
27.6,79,13.8,81,2023-11-04 08:00:00,Chennai,13.0827,80.2707
26.6,82,14.5,71,2023-11-04 09:00:00,Chennai,13.0827,80.2707
26.5,83,10.9,81,2023-11-04 10:00:00,Chennai,13.0827,80.2707
26.2,83,11.7,72,2023-11-04 11:00:00,Chennai,13.0827,80.2707
25.9,88,8.8,81,2023-11-04 12:00:00,Chennai,13.0827,80.2707
25.9,90,7.2,63,2023-11-04 13:00:00,Chennai,13.0827,80.2707
25.1,94,4.1,75,2023-11-04 14:00:00,Chennai,13.0827,80.2707
25.1,92,6.2,54,2023-11-04 15:00:00,Chennai,13.0827,80.2707
25.0,94,4.8,63,2023-11-04 16:00:00,Chennai,13.0827,80.2707
25.1,93,6.3,114,2023-11-04 17:00:00,Chennai,13.0827,80.2707
25.2,93,3.8,139,2023-11-04 18:00:00,Chennai,13.0827,80.2707
25.0,95,3.0,166,2023-11-04 19:00:00,Chennai,13.0827,80.2707
25.1,94,6.6,193,2023-11-04 20:00:00,Chennai,13.0827,80.2707
24.8,96,5.7,235,2023-11-04 21:00:00,Chennai,13.0827,80.2707
24.5,97,5.9,256,2023-11-04 22:00:00,Chennai,13.0827,80.2707
24.4,98,6.1,298,2023-11-04 23:00:00,Chennai,13.0827,80.2707
24.4,97,4.7,274,2023-11-05 00:00:00,Chennai,13.0827,80.2707
24.6,96,3.8,311,2023-11-05 01:00:00,Chennai,13.0827,80.2707
25.0,96,7.2,354,2023-11-05 02:00:00,Chennai,13.0827,80.2707
25.7,91,7.6,352,2023-11-05 03:00:00,Chennai,13.0827,80.2707
26.6,87,9.5,11,2023-11-05 04:00:00,Chennai,13.0827,80.2707
27.8,83,7.5,35,2023-11-05 05:00:00,Chennai,13.0827,80.2707
28.8,79,7.3,57,2023-11-05 06:00:00,Chennai,13.0827,80.2707
28.4,79,10.4,92,2023-11-05 07:00:00,Chennai,13.0827,80.2707
26.6,84,11.1,77,2023-11-05 08:00:00,Chennai,13.0827,80.2707
26.4,85,9.8,114,2023-11-05 09:00:00,Chennai,13.0827,80.2707
26.5,85,10.9,124,2023-11-05 10:00:00,Chennai,13.0827,80.2707
26.6,84,9.3,118,2023-11-05 11:00:00,Chennai,13.0827,80.2707
26.5,85,6.7,126,2023-11-05 12:00:00,Chennai,13.0827,80.2707
26.0,92,9.9,109,2023-11-05 13:00:00,Chennai,13.0827,80.2707
24.9,95,7.2,180,2023-11-05 14:00:00,Chennai,13.0827,80.2707
24.8,95,7.5,253,2023-11-05 15:00:00,Chennai,13.0827,80.2707
24.9,95,4.8,243,2023-11-05 16:00:00,Chennai,13.0827,80.2707
24.3,97,8.2,293,2023-11-05 17:00:00,Chennai,13.0827,80.2707
23.9,98,8.3,268,2023-11-05 18:00:00,Chennai,13.0827,80.2707
23.9,98,8.0,297,2023-11-05 19:00:00,Chennai,13.0827,80.2707
24.0,98,5.4,307,2023-11-05 20:00:00,Chennai,13.0827,80.2707
24.0,97,7.0,305,2023-11-05 21:00:00,Chennai,13.0827,80.2707
24.0,96,5.6,310,2023-11-05 22:00:00,Chennai,13.0827,80.2707
23.9,97,6.8,295,2023-11-05 23:00:00,Chennai,13.0827,80.2707
23.8,97,4.5,284,2023-11-06 00:00:00,Chennai,13.0827,80.2707
25.1,97,6.0,303,2023-11-06 01:00:00,Chennai,13.0827,80.2707
25.6,91,5.2,344,2023-11-06 02:00:00,Chennai,13.0827,80.2707
26.5,89,5.7,342,2023-11-06 03:00:00,Chennai,13.0827,80.2707
27.4,86,8.7,343,2023-11-06 04:00:00,Chennai,13.0827,80.2707
28.3,80,9.5,29,2023-11-06 05:00:00,Chennai,13.0827,80.2707
28.8,77,8.9,43,2023-11-06 06:00:00,Chennai,13.0827,80.2707
29.0,76,9.6,56,2023-11-06 07:00:00,Chennai,13.0827,80.2707
28.0,80,10.4,56,2023-11-06 08:00:00,Chennai,13.0827,80.2707
28.4,78,10.3,65,2023-11-06 09:00:00,Chennai,13.0827,80.2707
28.0,80,14.4,58,2023-11-06 10:00:00,Chennai,13.0827,80.2707
27.6,80,15.5,65,2023-11-06 11:00:00,Chennai,13.0827,80.2707
27.2,81,11.3,68,2023-11-06 12:00:00,Chennai,13.0827,80.2707
26.4,88,13.0,34,2023-11-06 13:00:00,Chennai,13.0827,80.2707
25.6,91,12.9,27,2023-11-06 14:00:00,Chennai,13.0827,80.2707
25.4,93,6.1,45,2023-11-06 15:00:00,Chennai,13.0827,80.2707
25.0,94,3.8,343,2023-11-06 16:00:00,Chennai,13.0827,80.2707
25.0,96,5.5,349,2023-11-06 17:00:00,Chennai,13.0827,80.2707
25.0,96,1.4,360,2023-11-06 18:00:00,Chennai,13.0827,80.2707
24.7,96,6.5,326,2023-11-06 19:00:00,Chennai,13.0827,80.2707
24.4,98,7.1,294,2023-11-06 20:00:00,Chennai,13.0827,80.2707
24.1,97,8.9,313,2023-11-06 21:00:00,Chennai,13.0827,80.2707
24.2,96,6.9,309,2023-11-06 22:00:00,Chennai,13.0827,80.2707
24.2,96,7.0,305,2023-11-06 23:00:00,Chennai,13.0827,80.2707
24.1,97,6.4,308,2023-11-07 00:00:00,Chennai,13.0827,80.2707
24.7,94,8.6,345,2023-11-07 01:00:00,Chennai,13.0827,80.2707
25.6,90,10.2,350,2023-11-07 02:00:00,Chennai,13.0827,80.2707
26.9,84,12.0,16,2023-11-07 03:00:00,Chennai,13.0827,80.2707
27.8,81,13.2,29,2023-11-07 04:00:00,Chennai,13.0827,80.2707
27.5,81,12.2,71,2023-11-07 05:00:00,Chennai,13.0827,80.2707
28.0,78,14.2,69,2023-11-07 06:00:00,Chennai,13.0827,80.2707
28.5,76,15.2,68,2023-11-07 07:00:00,Chennai,13.0827,80.2707
28.9,74,15.7,70,2023-11-07 08:00:00,Chennai,13.0827,80.2707
28.5,77,16.6,72,2023-11-07 09:00:00,Chennai,13.0827,80.2707
28.2,77,15.6,82,2023-11-07 10:00:00,Chennai,13.0827,80.2707
28.0,74,14.6,74,2023-11-07 11:00:00,Chennai,13.0827,80.2707
26.5,86,8.3,85,2023-11-07 12:00:00,Chennai,13.0827,80.2707
25.8,93,4.3,66,2023-11-07 13:00:00,Chennai,13.0827,80.2707
26.0,93,5.5,67,2023-11-07 14:00:00,Chennai,13.0827,80.2707
25.6,93,10.5,74,2023-11-07 15:00:00,Chennai,13.0827,80.2707
25.5,93,6.1,62,2023-11-07 16:00:00,Chennai,13.0827,80.2707
25.1,95,1.8,307,2023-11-07 17:00:00,Chennai,13.0827,80.2707
24.7,96,4.0,10,2023-11-07 18:00:00,Chennai,13.0827,80.2707
24.8,94,1.6,333,2023-11-07 19:00:00,Chennai,13.0827,80.2707
24.5,96,5.4,356,2023-11-07 20:00:00,Chennai,13.0827,80.2707
24.5,96,2.4,117,2023-11-07 21:00:00,Chennai,13.0827,80.2707
24.9,95,2.5,8,2023-11-07 22:00:00,Chennai,13.0827,80.2707
24.8,96,4.4,261,2023-11-07 23:00:00,Chennai,13.0827,80.2707
24.5,97,6.8,295,2023-11-08 00:00:00,Chennai,13.0827,80.2707
25.1,97,4.4,279,2023-11-08 01:00:00,Chennai,13.0827,80.2707
25.8,93,8.7,5,2023-11-08 02:00:00,Chennai,13.0827,80.2707
26.8,88,11.3,27,2023-11-08 03:00:00,Chennai,13.0827,80.2707
28.0,83,10.0,41,2023-11-08 04:00:00,Chennai,13.0827,80.2707
28.8,78,11.5,44,2023-11-08 05:00:00,Chennai,13.0827,80.2707
28.0,80,10.8,60,2023-11-08 06:00:00,Chennai,13.0827,80.2707
26.9,82,17.2,57,2023-11-08 07:00:00,Chennai,13.0827,80.2707
26.5,83,12.5,44,2023-11-08 08:00:00,Chennai,13.0827,80.2707
27.5,81,10.9,46,2023-11-08 09:00:00,Chennai,13.0827,80.2707
27.9,77,12.6,53,2023-11-08 10:00:00,Chennai,13.0827,80.2707
27.8,78,12.8,58,2023-11-08 11:00:00,Chennai,13.0827,80.2707
27.1,82,10.9,56,2023-11-08 12:00:00,Chennai,13.0827,80.2707
26.4,87,6.6,81,2023-11-08 13:00:00,Chennai,13.0827,80.2707
25.3,92,9.7,48,2023-11-08 14:00:00,Chennai,13.0827,80.2707
25.0,93,7.1,75,2023-11-08 15:00:00,Chennai,13.0827,80.2707
25.0,93,4.2,110,2023-11-08 16:00:00,Chennai,13.0827,80.2707
24.6,94,2.6,254,2023-11-08 17:00:00,Chennai,13.0827,80.2707
24.3,95,6.2,234,2023-11-08 18:00:00,Chennai,13.0827,80.2707
24.3,95,2.9,263,2023-11-08 19:00:00,Chennai,13.0827,80.2707
24.0,98,3.5,294,2023-11-08 20:00:00,Chennai,13.0827,80.2707
23.6,98,7.2,357,2023-11-08 21:00:00,Chennai,13.0827,80.2707
23.5,97,8.1,328,2023-11-08 22:00:00,Chennai,13.0827,80.2707
23.6,96,4.6,309,2023-11-08 23:00:00,Chennai,13.0827,80.2707
23.5,96,8.3,304,2023-11-09 00:00:00,Chennai,13.0827,80.2707
24.7,91,1.9,22,2023-11-09 01:00:00,Chennai,13.0827,80.2707
25.3,89,5.1,45,2023-11-09 02:00:00,Chennai,13.0827,80.2707
26.1,86,7.3,20,2023-11-09 03:00:00,Chennai,13.0827,80.2707
27.1,82,7.1,41,2023-11-09 04:00:00,Chennai,13.0827,80.2707
28.0,80,5.8,68,2023-11-09 05:00:00,Chennai,13.0827,80.2707
28.5,78,6.9,81,2023-11-09 06:00:00,Chennai,13.0827,80.2707
26.7,83,15.7,101,2023-11-09 07:00:00,Chennai,13.0827,80.2707
26.9,83,8.4,97,2023-11-09 08:00:00,Chennai,13.0827,80.2707
27.4,81,7.6,98,2023-11-09 09:00:00,Chennai,13.0827,80.2707
27.2,80,11.5,90,2023-11-09 10:00:00,Chennai,13.0827,80.2707
26.9,82,9.1,83,2023-11-09 11:00:00,Chennai,13.0827,80.2707
26.5,84,8.0,72,2023-11-09 12:00:00,Chennai,13.0827,80.2707
25.5,90,8.7,60,2023-11-09 13:00:00,Chennai,13.0827,80.2707
25.5,91,6.7,36,2023-11-09 14:00:00,Chennai,13.0827,80.2707
25.6,92,7.5,35,2023-11-09 15:00:00,Chennai,13.0827,80.2707
25.5,91,6.1,40,2023-11-09 16:00:00,Chennai,13.0827,80.2707
24.9,93,6.9,47,2023-11-09 17:00:00,Chennai,13.0827,80.2707
25.0,93,2.8,310,2023-11-09 18:00:00,Chennai,13.0827,80.2707
24.5,96,4.7,238,2023-11-09 19:00:00,Chennai,13.0827,80.2707
24.0,98,7.2,252,2023-11-09 20:00:00,Chennai,13.0827,80.2707
24.0,98,5.8,240,2023-11-09 21:00:00,Chennai,13.0827,80.2707
23.8,98,6.6,229,2023-11-09 22:00:00,Chennai,13.0827,80.2707
23.5,98,7.5,253,2023-11-09 23:00:00,Chennai,13.0827,80.2707
23.3,99,7.6,262,2023-11-10 00:00:00,Chennai,13.0827,80.2707
26.4,83,5.4,53,2023-11-10 01:00:00,Chennai,13.0827,80.2707
28.0,78,10.5,59,2023-11-10 02:00:00,Chennai,13.0827,80.2707
29.0,69,14.0,72,2023-11-10 03:00:00,Chennai,13.0827,80.2707
29.7,67,15.8,69,2023-11-10 04:00:00,Chennai,13.0827,80.2707
29.9,68,16.5,67,2023-11-10 05:00:00,Chennai,13.0827,80.2707
30.0,68,17.0,69,2023-11-10 06:00:00,Chennai,13.0827,80.2707
30.0,69,17.4,63,2023-11-10 07:00:00,Chennai,13.0827,80.2707
29.8,71,17.6,59,2023-11-10 08:00:00,Chennai,13.0827,80.2707
29.6,70,17.7,57,2023-11-10 09:00:00,Chennai,13.0827,80.2707
29.2,71,18.7,52,2023-11-10 10:00:00,Chennai,13.0827,80.2707
28.5,73,18.8,47,2023-11-10 11:00:00,Chennai,13.0827,80.2707
27.7,77,15.6,40,2023-11-10 12:00:00,Chennai,13.0827,80.2707
27.8,76,14.7,28,2023-11-10 13:00:00,Chennai,13.0827,80.2707
27.5,77,13.9,31,2023-11-10 14:00:00,Chennai,13.0827,80.2707
27.2,77,12.8,32,2023-11-10 15:00:00,Chennai,13.0827,80.2707
27.0,78,12.4,36,2023-11-10 16:00:00,Chennai,13.0827,80.2707
27.0,77,12.0,39,2023-11-10 17:00:00,Chennai,13.0827,80.2707
26.9,77,10.7,40,2023-11-10 18:00:00,Chennai,13.0827,80.2707
26.6,78,9.9,44,2023-11-10 19:00:00,Chennai,13.0827,80.2707
26.5,79,9.4,43,2023-11-10 20:00:00,Chennai,13.0827,80.2707
26.2,79,9.8,36,2023-11-10 21:00:00,Chennai,13.0827,80.2707
25.8,81,8.3,34,2023-11-10 22:00:00,Chennai,13.0827,80.2707
25.6,83,8.2,23,2023-11-10 23:00:00,Chennai,13.0827,80.2707
25.3,84,7.4,23,2023-11-11 00:00:00,Chennai,13.0827,80.2707
26.3,81,11.9,29,2023-11-11 01:00:00,Chennai,13.0827,80.2707
27.8,76,14.8,39,2023-11-11 02:00:00,Chennai,13.0827,80.2707
28.5,72,20.4,46,2023-11-11 03:00:00,Chennai,13.0827,80.2707
29.1,69,19.6,47,2023-11-11 04:00:00,Chennai,13.0827,80.2707
29.7,67,20.4,49,2023-11-11 05:00:00,Chennai,13.0827,80.2707
30.0,65,21.2,50,2023-11-11 06:00:00,Chennai,13.0827,80.2707
29.9,65,21.4,48,2023-11-11 07:00:00,Chennai,13.0827,80.2707
29.8,64,21.9,46,2023-11-11 08:00:00,Chennai,13.0827,80.2707
29.5,64,21.1,43,2023-11-11 09:00:00,Chennai,13.0827,80.2707
29.0,65,19.9,42,2023-11-11 10:00:00,Chennai,13.0827,80.2707
28.4,67,17.8,42,2023-11-11 11:00:00,Chennai,13.0827,80.2707
27.7,70,15.8,41,2023-11-11 12:00:00,Chennai,13.0827,80.2707
27.9,64,15.1,40,2023-11-11 13:00:00,Chennai,13.0827,80.2707
27.6,66,13.5,42,2023-11-11 14:00:00,Chennai,13.0827,80.2707
27.5,65,13.5,44,2023-11-11 15:00:00,Chennai,13.0827,80.2707
27.2,66,14.3,47,2023-11-11 16:00:00,Chennai,13.0827,80.2707
27.0,68,13.0,51,2023-11-11 17:00:00,Chennai,13.0827,80.2707
26.9,68,12.9,54,2023-11-11 18:00:00,Chennai,13.0827,80.2707
26.6,69,13.1,53,2023-11-11 19:00:00,Chennai,13.0827,80.2707
26.5,71,12.0,49,2023-11-11 20:00:00,Chennai,13.0827,80.2707
26.2,72,11.2,45,2023-11-11 21:00:00,Chennai,13.0827,80.2707
25.8,75,10.4,34,2023-11-11 22:00:00,Chennai,13.0827,80.2707
25.3,79,11.1,25,2023-11-11 23:00:00,Chennai,13.0827,80.2707
25.3,78,11.8,31,2023-11-12 00:00:00,Chennai,13.0827,80.2707
26.2,77,12.3,21,2023-11-12 01:00:00,Chennai,13.0827,80.2707
27.5,76,13.4,24,2023-11-12 02:00:00,Chennai,13.0827,80.2707
28.8,66,19.6,43,2023-11-12 03:00:00,Chennai,13.0827,80.2707
29.3,64,20.4,42,2023-11-12 04:00:00,Chennai,13.0827,80.2707
29.6,63,21.4,42,2023-11-12 05:00:00,Chennai,13.0827,80.2707
29.9,62,21.7,43,2023-11-12 06:00:00,Chennai,13.0827,80.2707
29.9,61,21.2,40,2023-11-12 07:00:00,Chennai,13.0827,80.2707
29.8,61,20.7,39,2023-11-12 08:00:00,Chennai,13.0827,80.2707
29.5,61,20.0,38,2023-11-12 09:00:00,Chennai,13.0827,80.2707
29.2,62,19.5,38,2023-11-12 10:00:00,Chennai,13.0827,80.2707
28.5,65,17.3,31,2023-11-12 11:00:00,Chennai,13.0827,80.2707
27.5,69,15.8,30,2023-11-12 12:00:00,Chennai,13.0827,80.2707
27.5,70,12.0,21,2023-11-12 13:00:00,Chennai,13.0827,80.2707
27.3,71,12.4,26,2023-11-12 14:00:00,Chennai,13.0827,80.2707
27.4,70,13.7,30,2023-11-12 15:00:00,Chennai,13.0827,80.2707
27.5,68,15.0,35,2023-11-12 16:00:00,Chennai,13.0827,80.2707
27.4,68,15.2,36,2023-11-12 17:00:00,Chennai,13.0827,80.2707
27.1,70,14.2,36,2023-11-12 18:00:00,Chennai,13.0827,80.2707
27.0,71,14.0,35,2023-11-12 19:00:00,Chennai,13.0827,80.2707
26.7,73,13.7,30,2023-11-12 20:00:00,Chennai,13.0827,80.2707
26.5,73,12.1,27,2023-11-12 21:00:00,Chennai,13.0827,80.2707
26.4,74,11.8,27,2023-11-12 22:00:00,Chennai,13.0827,80.2707
26.0,76,12.1,23,2023-11-12 23:00:00,Chennai,13.0827,80.2707
25.6,77,11.5,20,2023-11-13 00:00:00,Chennai,13.0827,80.2707
26.4,82,14.8,23,2023-11-13 01:00:00,Chennai,13.0827,80.2707
27.5,77,18.7,34,2023-11-13 02:00:00,Chennai,13.0827,80.2707
28.6,69,23.7,43,2023-11-13 03:00:00,Chennai,13.0827,80.2707
29.2,67,22.7,43,2023-11-13 04:00:00,Chennai,13.0827,80.2707
29.6,66,22.7,42,2023-11-13 05:00:00,Chennai,13.0827,80.2707
29.9,64,22.4,42,2023-11-13 06:00:00,Chennai,13.0827,80.2707
29.9,64,20.9,45,2023-11-13 07:00:00,Chennai,13.0827,80.2707
29.5,65,19.9,44,2023-11-13 08:00:00,Chennai,13.0827,80.2707
29.1,65,19.2,38,2023-11-13 09:00:00,Chennai,13.0827,80.2707
28.6,66,18.8,32,2023-11-13 10:00:00,Chennai,13.0827,80.2707
28.0,69,18.3,20,2023-11-13 11:00:00,Chennai,13.0827,80.2707
27.6,70,16.6,24,2023-11-13 12:00:00,Chennai,13.0827,80.2707
26.6,80,19.2,34,2023-11-13 13:00:00,Chennai,13.0827,80.2707
25.2,87,20.0,39,2023-11-13 14:00:00,Chennai,13.0827,80.2707
25.4,87,14.1,32,2023-11-13 15:00:00,Chennai,13.0827,80.2707
25.5,88,14.1,50,2023-11-13 16:00:00,Chennai,13.0827,80.2707
25.1,92,13.5,44,2023-11-13 17:00:00,Chennai,13.0827,80.2707
24.9,91,14.8,47,2023-11-13 18:00:00,Chennai,13.0827,80.2707
24.7,91,14.7,31,2023-11-13 19:00:00,Chennai,13.0827,80.2707
25.0,91,15.5,48,2023-11-13 20:00:00,Chennai,13.0827,80.2707
25.5,89,16.1,42,2023-11-13 21:00:00,Chennai,13.0827,80.2707
25.2,90,17.9,38,2023-11-13 22:00:00,Chennai,13.0827,80.2707
25.1,91,14.2,21,2023-11-13 23:00:00,Chennai,13.0827,80.2707
25.0,91,11.2,40,2023-11-14 00:00:00,Chennai,13.0827,80.2707
25.0,88,8.0,5,2023-11-14 01:00:00,Chennai,13.0827,80.2707
25.3,89,8.9,14,2023-11-14 02:00:00,Chennai,13.0827,80.2707
26.1,90,9.4,7,2023-11-14 03:00:00,Chennai,13.0827,80.2707
27.6,80,14.4,32,2023-11-14 04:00:00,Chennai,13.0827,80.2707
27.7,79,16.1,39,2023-11-14 05:00:00,Chennai,13.0827,80.2707
27.6,77,19.2,34,2023-11-14 06:00:00,Chennai,13.0827,80.2707
27.4,77,22.9,37,2023-11-14 07:00:00,Chennai,13.0827,80.2707
26.8,82,20.8,30,2023-11-14 08:00:00,Chennai,13.0827,80.2707
25.5,89,18.9,35,2023-11-14 09:00:00,Chennai,13.0827,80.2707
25.3,88,18.3,43,2023-11-14 10:00:00,Chennai,13.0827,80.2707
25.5,88,13.6,32,2023-11-14 11:00:00,Chennai,13.0827,80.2707
25.5,84,17.7,29,2023-11-14 12:00:00,Chennai,13.0827,80.2707
23.7,82,24.3,12,2023-11-14 13:00:00,Chennai,13.0827,80.2707
22.5,86,10.5,329,2023-11-14 14:00:00,Chennai,13.0827,80.2707
24.1,89,19.1,12,2023-11-14 15:00:00,Chennai,13.0827,80.2707
25.0,90,18.5,27,2023-11-14 16:00:00,Chennai,13.0827,80.2707
25.2,90,13.8,51,2023-11-14 17:00:00,Chennai,13.0827,80.2707
24.9,88,15.3,45,2023-11-14 18:00:00,Chennai,13.0827,80.2707
24.9,92,15.0,21,2023-11-14 19:00:00,Chennai,13.0827,80.2707
24.9,92,13.0,24,2023-11-14 20:00:00,Chennai,13.0827,80.2707
25.0,90,16.3,25,2023-11-14 21:00:00,Chennai,13.0827,80.2707
25.0,91,17.8,14,2023-11-14 22:00:00,Chennai,13.0827,80.2707
24.4,92,12.6,360,2023-11-14 23:00:00,Chennai,13.0827,80.2707
24.3,91,14.8,26,2023-11-15 00:00:00,Chennai,13.0827,80.2707
24.7,86,18.7,38,2023-11-15 01:00:00,Chennai,13.0827,80.2707
24.1,88,20.5,28,2023-11-15 02:00:00,Chennai,13.0827,80.2707
24.4,88,19.8,19,2023-11-15 03:00:00,Chennai,13.0827,80.2707
24.4,91,15.1,28,2023-11-15 04:00:00,Chennai,13.0827,80.2707
25.0,88,17.7,33,2023-11-15 05:00:00,Chennai,13.0827,80.2707
24.4,89,22.6,9,2023-11-15 06:00:00,Chennai,13.0827,80.2707
23.8,91,19.7,351,2023-11-15 07:00:00,Chennai,13.0827,80.2707
23.9,92,20.4,352,2023-11-15 08:00:00,Chennai,13.0827,80.2707
23.5,89,19.4,349,2023-11-15 09:00:00,Chennai,13.0827,80.2707
24.0,83,21.4,347,2023-11-15 10:00:00,Chennai,13.0827,80.2707
23.9,87,21.7,6,2023-11-15 11:00:00,Chennai,13.0827,80.2707
23.8,86,19.3,9,2023-11-15 12:00:00,Chennai,13.0827,80.2707
24.1,91,16.9,11,2023-11-15 13:00:00,Chennai,13.0827,80.2707
23.8,92,16.4,9,2023-11-15 14:00:00,Chennai,13.0827,80.2707
23.4,95,7.9,330,2023-11-15 15:00:00,Chennai,13.0827,80.2707
23.9,94,6.1,28,2023-11-15 16:00:00,Chennai,13.0827,80.2707
24.2,94,9.0,2,2023-11-15 17:00:00,Chennai,13.0827,80.2707
23.6,95,8.4,7,2023-11-15 18:00:00,Chennai,13.0827,80.2707
24.0,94,9.2,31,2023-11-15 19:00:00,Chennai,13.0827,80.2707
24.2,93,10.5,31,2023-11-15 20:00:00,Chennai,13.0827,80.2707
24.2,94,6.9,9,2023-11-15 21:00:00,Chennai,13.0827,80.2707
23.6,96,4.6,315,2023-11-15 22:00:00,Chennai,13.0827,80.2707
23.3,96,9.2,291,2023-11-15 23:00:00,Chennai,13.0827,80.2707
23.2,97,8.8,289,2023-11-16 00:00:00,Chennai,13.0827,80.2707
24.7,93,10.7,346,2023-11-16 01:00:00,Chennai,13.0827,80.2707
25.2,89,12.1,343,2023-11-16 02:00:00,Chennai,13.0827,80.2707
26.1,86,12.1,343,2023-11-16 03:00:00,Chennai,13.0827,80.2707
27.8,78,15.6,7,2023-11-16 04:00:00,Chennai,13.0827,80.2707
28.9,71,18.9,24,2023-11-16 05:00:00,Chennai,13.0827,80.2707
29.1,69,19.2,26,2023-11-16 06:00:00,Chennai,13.0827,80.2707
29.1,71,19.3,33,2023-11-16 07:00:00,Chennai,13.0827,80.2707
29.4,71,18.9,42,2023-11-16 08:00:00,Chennai,13.0827,80.2707
28.5,74,17.6,43,2023-11-16 09:00:00,Chennai,13.0827,80.2707
28.3,75,15.0,46,2023-11-16 10:00:00,Chennai,13.0827,80.2707
27.9,78,12.9,54,2023-11-16 11:00:00,Chennai,13.0827,80.2707
27.0,82,9.7,59,2023-11-16 12:00:00,Chennai,13.0827,80.2707
27.3,82,14.8,34,2023-11-16 13:00:00,Chennai,13.0827,80.2707
27.2,82,15.8,43,2023-11-16 14:00:00,Chennai,13.0827,80.2707
27.2,81,14.8,47,2023-11-16 15:00:00,Chennai,13.0827,80.2707
27.1,81,14.3,45,2023-11-16 16:00:00,Chennai,13.0827,80.2707
26.9,82,13.0,42,2023-11-16 17:00:00,Chennai,13.0827,80.2707
26.6,84,11.2,42,2023-11-16 18:00:00,Chennai,13.0827,80.2707
26.4,86,9.2,45,2023-11-16 19:00:00,Chennai,13.0827,80.2707
26.0,89,6.1,45,2023-11-16 20:00:00,Chennai,13.0827,80.2707
25.3,92,5.7,35,2023-11-16 21:00:00,Chennai,13.0827,80.2707
25.1,92,6.2,353,2023-11-16 22:00:00,Chennai,13.0827,80.2707
24.8,94,6.6,338,2023-11-16 23:00:00,Chennai,13.0827,80.2707
24.3,95,5.9,322,2023-11-17 00:00:00,Chennai,13.0827,80.2707
25.5,91,8.7,5,2023-11-17 01:00:00,Chennai,13.0827,80.2707
26.6,90,9.5,9,2023-11-17 02:00:00,Chennai,13.0827,80.2707
28.1,81,12.8,32,2023-11-17 03:00:00,Chennai,13.0827,80.2707
28.7,75,17.8,45,2023-11-17 04:00:00,Chennai,13.0827,80.2707
29.1,74,20.4,45,2023-11-17 05:00:00,Chennai,13.0827,80.2707
29.4,73,20.9,49,2023-11-17 06:00:00,Chennai,13.0827,80.2707
29.5,73,21.2,55,2023-11-17 07:00:00,Chennai,13.0827,80.2707
29.4,74,19.6,54,2023-11-17 08:00:00,Chennai,13.0827,80.2707
29.2,74,19.7,55,2023-11-17 09:00:00,Chennai,13.0827,80.2707
28.7,76,18.4,51,2023-11-17 10:00:00,Chennai,13.0827,80.2707
28.2,78,17.1,48,2023-11-17 11:00:00,Chennai,13.0827,80.2707
27.6,80,14.5,48,2023-11-17 12:00:00,Chennai,13.0827,80.2707
27.9,76,17.6,49,2023-11-17 13:00:00,Chennai,13.0827,80.2707
27.6,77,17.6,47,2023-11-17 14:00:00,Chennai,13.0827,80.2707
27.5,78,17.3,47,2023-11-17 15:00:00,Chennai,13.0827,80.2707
27.5,78,16.8,47,2023-11-17 16:00:00,Chennai,13.0827,80.2707
27.3,80,15.0,46,2023-11-17 17:00:00,Chennai,13.0827,80.2707
27.0,83,14.8,41,2023-11-17 18:00:00,Chennai,13.0827,80.2707
26.6,86,12.3,40,2023-11-17 19:00:00,Chennai,13.0827,80.2707
26.4,87,11.0,38,2023-11-17 20:00:00,Chennai,13.0827,80.2707
25.9,90,11.5,32,2023-11-17 21:00:00,Chennai,13.0827,80.2707
25.6,92,11.3,27,2023-11-17 22:00:00,Chennai,13.0827,80.2707
25.4,93,10.6,24,2023-11-17 23:00:00,Chennai,13.0827,80.2707
25.4,93,10.3,25,2023-11-18 00:00:00,Chennai,13.0827,80.2707
26.0,91,11.5,14,2023-11-18 01:00:00,Chennai,13.0827,80.2707
27.3,83,14.3,18,2023-11-18 02:00:00,Chennai,13.0827,80.2707
28.2,79,16.0,23,2023-11-18 03:00:00,Chennai,13.0827,80.2707
28.9,75,16.4,29,2023-11-18 04:00:00,Chennai,13.0827,80.2707
29.5,71,18.4,31,2023-11-18 05:00:00,Chennai,13.0827,80.2707
29.6,71,19.1,32,2023-11-18 06:00:00,Chennai,13.0827,80.2707
29.6,71,20.6,33,2023-11-18 07:00:00,Chennai,13.0827,80.2707
29.7,70,20.8,34,2023-11-18 08:00:00,Chennai,13.0827,80.2707
29.4,70,21.0,39,2023-11-18 09:00:00,Chennai,13.0827,80.2707
28.9,72,20.5,38,2023-11-18 10:00:00,Chennai,13.0827,80.2707
28.2,74,20.5,38,2023-11-18 11:00:00,Chennai,13.0827,80.2707
27.4,79,17.3,36,2023-11-18 12:00:00,Chennai,13.0827,80.2707
26.9,84,17.5,37,2023-11-18 13:00:00,Chennai,13.0827,80.2707
27.2,82,18.4,42,2023-11-18 14:00:00,Chennai,13.0827,80.2707
27.1,82,17.3,45,2023-11-18 15:00:00,Chennai,13.0827,80.2707
26.9,84,16.1,48,2023-11-18 16:00:00,Chennai,13.0827,80.2707
26.8,86,16.6,49,2023-11-18 17:00:00,Chennai,13.0827,80.2707
26.9,85,16.6,51,2023-11-18 18:00:00,Chennai,13.0827,80.2707
26.8,85,15.5,46,2023-11-18 19:00:00,Chennai,13.0827,80.2707
26.4,87,13.7,45,2023-11-18 20:00:00,Chennai,13.0827,80.2707
26.1,88,11.7,45,2023-11-18 21:00:00,Chennai,13.0827,80.2707
25.9,88,9.7,39,2023-11-18 22:00:00,Chennai,13.0827,80.2707
25.5,90,8.7,30,2023-11-18 23:00:00,Chennai,13.0827,80.2707
25.2,91,8.1,21,2023-11-19 00:00:00,Chennai,13.0827,80.2707
25.7,91,11.3,22,2023-11-19 01:00:00,Chennai,13.0827,80.2707
27.0,84,13.3,33,2023-11-19 02:00:00,Chennai,13.0827,80.2707
28.3,77,17.8,42,2023-11-19 03:00:00,Chennai,13.0827,80.2707
29.0,74,18.8,43,2023-11-19 04:00:00,Chennai,13.0827,80.2707
29.3,71,19.6,47,2023-11-19 05:00:00,Chennai,13.0827,80.2707
29.5,69,18.8,45,2023-11-19 06:00:00,Chennai,13.0827,80.2707
29.7,68,18.7,38,2023-11-19 07:00:00,Chennai,13.0827,80.2707
29.5,69,19.7,40,2023-11-19 08:00:00,Chennai,13.0827,80.2707
29.1,70,19.2,38,2023-11-19 09:00:00,Chennai,13.0827,80.2707
28.8,71,18.3,36,2023-11-19 10:00:00,Chennai,13.0827,80.2707
28.0,73,18.0,37,2023-11-19 11:00:00,Chennai,13.0827,80.2707
27.2,77,15.2,31,2023-11-19 12:00:00,Chennai,13.0827,80.2707
26.7,79,14.1,19,2023-11-19 13:00:00,Chennai,13.0827,80.2707
26.5,80,14.8,26,2023-11-19 14:00:00,Chennai,13.0827,80.2707
26.5,80,14.2,30,2023-11-19 15:00:00,Chennai,13.0827,80.2707
26.4,81,14.5,35,2023-11-19 16:00:00,Chennai,13.0827,80.2707
26.5,78,14.1,38,2023-11-19 17:00:00,Chennai,13.0827,80.2707
26.2,78,14.0,29,2023-11-19 18:00:00,Chennai,13.0827,80.2707
25.9,80,13.9,31,2023-11-19 19:00:00,Chennai,13.0827,80.2707
25.6,81,13.2,35,2023-11-19 20:00:00,Chennai,13.0827,80.2707
25.5,82,13.5,29,2023-11-19 21:00:00,Chennai,13.0827,80.2707
25.4,85,13.0,28,2023-11-19 22:00:00,Chennai,13.0827,80.2707
25.2,86,10.8,21,2023-11-19 23:00:00,Chennai,13.0827,80.2707
25.2,87,10.8,358,2023-11-20 00:00:00,Chennai,13.0827,80.2707
25.9,89,14.9,20,2023-11-20 01:00:00,Chennai,13.0827,80.2707
26.0,89,13.6,11,2023-11-20 02:00:00,Chennai,13.0827,80.2707
26.3,89,17.6,31,2023-11-20 03:00:00,Chennai,13.0827,80.2707
26.0,89,16.7,14,2023-11-20 04:00:00,Chennai,13.0827,80.2707
26.5,86,19.2,8,2023-11-20 05:00:00,Chennai,13.0827,80.2707
27.1,84,19.4,11,2023-11-20 06:00:00,Chennai,13.0827,80.2707
26.2,85,20.7,13,2023-11-20 07:00:00,Chennai,13.0827,80.2707
25.8,92,19.2,6,2023-11-20 08:00:00,Chennai,13.0827,80.2707
25.7,92,19.7,8,2023-11-20 09:00:00,Chennai,13.0827,80.2707
25.5,91,21.2,10,2023-11-20 10:00:00,Chennai,13.0827,80.2707
25.2,92,19.0,15,2023-11-20 11:00:00,Chennai,13.0827,80.2707
24.9,94,17.7,24,2023-11-20 12:00:00,Chennai,13.0827,80.2707
25.0,93,12.8,11,2023-11-20 13:00:00,Chennai,13.0827,80.2707
25.2,93,12.6,24,2023-11-20 14:00:00,Chennai,13.0827,80.2707
25.0,94,10.0,13,2023-11-20 15:00:00,Chennai,13.0827,80.2707
24.8,96,7.2,360,2023-11-20 16:00:00,Chennai,13.0827,80.2707
24.9,96,6.5,326,2023-11-20 17:00:00,Chennai,13.0827,80.2707
24.8,96,3.7,11,2023-11-20 18:00:00,Chennai,13.0827,80.2707
24.9,96,2.2,81,2023-11-20 19:00:00,Chennai,13.0827,80.2707
25.1,96,2.5,90,2023-11-20 20:00:00,Chennai,13.0827,80.2707
25.0,96,2.6,16,2023-11-20 21:00:00,Chennai,13.0827,80.2707
24.7,96,2.9,30,2023-11-20 22:00:00,Chennai,13.0827,80.2707
24.5,96,4.7,337,2023-11-20 23:00:00,Chennai,13.0827,80.2707
24.1,97,7.7,332,2023-11-21 00:00:00,Chennai,13.0827,80.2707
24.4,98,7.2,354,2023-11-21 01:00:00,Chennai,13.0827,80.2707
25.1,96,3.8,17,2023-11-21 02:00:00,Chennai,13.0827,80.2707
26.1,93,2.3,39,2023-11-21 03:00:00,Chennai,13.0827,80.2707
26.4,93,3.6,354,2023-11-21 04:00:00,Chennai,13.0827,80.2707
27.0,89,7.9,90,2023-11-21 05:00:00,Chennai,13.0827,80.2707
27.5,85,6.9,81,2023-11-21 06:00:00,Chennai,13.0827,80.2707
27.4,83,9.0,92,2023-11-21 07:00:00,Chennai,13.0827,80.2707
26.6,85,13.7,63,2023-11-21 08:00:00,Chennai,13.0827,80.2707
26.5,85,13.2,68,2023-11-21 09:00:00,Chennai,13.0827,80.2707
26.6,84,12.7,75,2023-11-21 10:00:00,Chennai,13.0827,80.2707
26.4,85,13.7,76,2023-11-21 11:00:00,Chennai,13.0827,80.2707
26.0,86,12.1,80,2023-11-21 12:00:00,Chennai,13.0827,80.2707
25.2,93,12.7,75,2023-11-21 13:00:00,Chennai,13.0827,80.2707
25.1,93,14.8,94,2023-11-21 14:00:00,Chennai,13.0827,80.2707
25.0,93,9.5,101,2023-11-21 15:00:00,Chennai,13.0827,80.2707
24.7,94,10.1,117,2023-11-21 16:00:00,Chennai,13.0827,80.2707
24.6,95,2.8,220,2023-11-21 17:00:00,Chennai,13.0827,80.2707
24.2,96,3.4,302,2023-11-21 18:00:00,Chennai,13.0827,80.2707
24.1,97,3.3,354,2023-11-21 19:00:00,Chennai,13.0827,80.2707
24.1,97,3.4,328,2023-11-21 20:00:00,Chennai,13.0827,80.2707
24.2,97,5.1,321,2023-11-21 21:00:00,Chennai,13.0827,80.2707
24.0,98,4.7,337,2023-11-21 22:00:00,Chennai,13.0827,80.2707
23.9,97,4.2,290,2023-11-21 23:00:00,Chennai,13.0827,80.2707
23.8,97,3.3,311,2023-11-22 00:00:00,Chennai,13.0827,80.2707
24.5,97,3.4,252,2023-11-22 01:00:00,Chennai,13.0827,80.2707
25.0,96,5.2,335,2023-11-22 02:00:00,Chennai,13.0827,80.2707
26.2,88,3.8,73,2023-11-22 03:00:00,Chennai,13.0827,80.2707
26.8,88,7.7,143,2023-11-22 04:00:00,Chennai,13.0827,80.2707
27.1,85,5.4,98,2023-11-22 05:00:00,Chennai,13.0827,80.2707
28.0,83,7.6,121,2023-11-22 06:00:00,Chennai,13.0827,80.2707
28.2,81,9.0,113,2023-11-22 07:00:00,Chennai,13.0827,80.2707
28.1,81,8.6,105,2023-11-22 08:00:00,Chennai,13.0827,80.2707
28.0,81,8.6,88,2023-11-22 09:00:00,Chennai,13.0827,80.2707
27.9,82,10.5,96,2023-11-22 10:00:00,Chennai,13.0827,80.2707
27.5,79,11.6,95,2023-11-22 11:00:00,Chennai,13.0827,80.2707
26.8,85,6.3,103,2023-11-22 12:00:00,Chennai,13.0827,80.2707
26.4,87,5.9,47,2023-11-22 13:00:00,Chennai,13.0827,80.2707
26.0,89,4.8,48,2023-11-22 14:00:00,Chennai,13.0827,80.2707
25.4,93,7.0,35,2023-11-22 15:00:00,Chennai,13.0827,80.2707
25.5,91,7.4,67,2023-11-22 16:00:00,Chennai,13.0827,80.2707
25.5,88,6.5,56,2023-11-22 17:00:00,Chennai,13.0827,80.2707
26.0,85,6.8,58,2023-11-22 18:00:00,Chennai,13.0827,80.2707
26.2,84,8.1,77,2023-11-22 19:00:00,Chennai,13.0827,80.2707
25.5,88,5.4,86,2023-11-22 20:00:00,Chennai,13.0827,80.2707
25.4,88,4.7,58,2023-11-22 21:00:00,Chennai,13.0827,80.2707
25.1,90,4.7,58,2023-11-22 22:00:00,Chennai,13.0827,80.2707
25.0,91,5.5,32,2023-11-22 23:00:00,Chennai,13.0827,80.2707
24.8,93,5.9,38,2023-11-23 00:00:00,Chennai,13.0827,80.2707
24.6,95,4.5,61,2023-11-23 01:00:00,Chennai,13.0827,80.2707
25.1,93,6.8,90,2023-11-23 02:00:00,Chennai,13.0827,80.2707
25.6,90,5.6,75,2023-11-23 03:00:00,Chennai,13.0827,80.2707
25.3,90,7.8,124,2023-11-23 04:00:00,Chennai,13.0827,80.2707
26.1,85,3.3,84,2023-11-23 05:00:00,Chennai,13.0827,80.2707
26.5,85,4.6,51,2023-11-23 06:00:00,Chennai,13.0827,80.2707
26.5,84,7.2,84,2023-11-23 07:00:00,Chennai,13.0827,80.2707
26.5,80,12.1,78,2023-11-23 08:00:00,Chennai,13.0827,80.2707
25.9,85,6.5,96,2023-11-23 09:00:00,Chennai,13.0827,80.2707
26.0,83,5.4,86,2023-11-23 10:00:00,Chennai,13.0827,80.2707
26.0,83,8.0,72,2023-11-23 11:00:00,Chennai,13.0827,80.2707
25.9,85,4.3,90,2023-11-23 12:00:00,Chennai,13.0827,80.2707
26.2,85,8.2,49,2023-11-23 13:00:00,Chennai,13.0827,80.2707
26.1,87,10.3,54,2023-11-23 14:00:00,Chennai,13.0827,80.2707
26.0,88,9.1,56,2023-11-23 15:00:00,Chennai,13.0827,80.2707
26.0,87,9.0,61,2023-11-23 16:00:00,Chennai,13.0827,80.2707
25.9,88,8.1,58,2023-11-23 17:00:00,Chennai,13.0827,80.2707
25.8,88,7.6,59,2023-11-23 18:00:00,Chennai,13.0827,80.2707
25.9,87,9.3,54,2023-11-23 19:00:00,Chennai,13.0827,80.2707
25.9,87,10.1,55,2023-11-23 20:00:00,Chennai,13.0827,80.2707
25.6,88,8.9,63,2023-11-23 21:00:00,Chennai,13.0827,80.2707
25.1,92,6.4,47,2023-11-23 22:00:00,Chennai,13.0827,80.2707
25.3,91,7.2,63,2023-11-23 23:00:00,Chennai,13.0827,80.2707
25.2,92,8.0,54,2023-11-24 00:00:00,Chennai,13.0827,80.2707
25.8,91,11.0,41,2023-11-24 01:00:00,Chennai,13.0827,80.2707
25.7,90,10.8,64,2023-11-24 02:00:00,Chennai,13.0827,80.2707
26.0,85,13.3,57,2023-11-24 03:00:00,Chennai,13.0827,80.2707
26.5,84,7.5,73,2023-11-24 04:00:00,Chennai,13.0827,80.2707
26.4,85,8.4,50,2023-11-24 05:00:00,Chennai,13.0827,80.2707
27.0,82,9.4,88,2023-11-24 06:00:00,Chennai,13.0827,80.2707
27.8,80,7.9,60,2023-11-24 07:00:00,Chennai,13.0827,80.2707
28.0,80,9.4,67,2023-11-24 08:00:00,Chennai,13.0827,80.2707
27.2,82,11.6,74,2023-11-24 09:00:00,Chennai,13.0827,80.2707
26.8,83,16.2,77,2023-11-24 10:00:00,Chennai,13.0827,80.2707
26.1,84,11.0,71,2023-11-24 11:00:00,Chennai,13.0827,80.2707
25.9,85,9.6,56,2023-11-24 12:00:00,Chennai,13.0827,80.2707
25.1,94,11.3,27,2023-11-24 13:00:00,Chennai,13.0827,80.2707
24.2,96,8.8,19,2023-11-24 14:00:00,Chennai,13.0827,80.2707
24.6,94,5.0,30,2023-11-24 15:00:00,Chennai,13.0827,80.2707
24.1,95,5.3,28,2023-11-24 16:00:00,Chennai,13.0827,80.2707
24.2,96,5.5,58,2023-11-24 17:00:00,Chennai,13.0827,80.2707
24.5,95,4.5,61,2023-11-24 18:00:00,Chennai,13.0827,80.2707
24.5,96,3.7,11,2023-11-24 19:00:00,Chennai,13.0827,80.2707
24.3,96,6.2,10,2023-11-24 20:00:00,Chennai,13.0827,80.2707
23.9,98,7.7,49,2023-11-24 21:00:00,Chennai,13.0827,80.2707
24.0,94,6.6,41,2023-11-24 22:00:00,Chennai,13.0827,80.2707
23.9,95,6.8,18,2023-11-24 23:00:00,Chennai,13.0827,80.2707
23.9,95,6.1,3,2023-11-25 00:00:00,Chennai,13.0827,80.2707
25.0,92,11.3,31,2023-11-25 01:00:00,Chennai,13.0827,80.2707
25.9,90,14.0,35,2023-11-25 02:00:00,Chennai,13.0827,80.2707
26.7,85,16.9,50,2023-11-25 03:00:00,Chennai,13.0827,80.2707
28.0,81,14.8,51,2023-11-25 04:00:00,Chennai,13.0827,80.2707
28.5,78,16.7,53,2023-11-25 05:00:00,Chennai,13.0827,80.2707
27.5,79,19.4,50,2023-11-25 06:00:00,Chennai,13.0827,80.2707
27.6,82,16.5,58,2023-11-25 07:00:00,Chennai,13.0827,80.2707
28.5,79,14.8,49,2023-11-25 08:00:00,Chennai,13.0827,80.2707
26.5,85,11.0,58,2023-11-25 09:00:00,Chennai,13.0827,80.2707
27.9,81,11.5,58,2023-11-25 10:00:00,Chennai,13.0827,80.2707
27.8,80,15.6,61,2023-11-25 11:00:00,Chennai,13.0827,80.2707
27.6,79,16.8,55,2023-11-25 12:00:00,Chennai,13.0827,80.2707
27.4,78,17.1,42,2023-11-25 13:00:00,Chennai,13.0827,80.2707
27.2,79,17.1,42,2023-11-25 14:00:00,Chennai,13.0827,80.2707
27.0,80,16.3,43,2023-11-25 15:00:00,Chennai,13.0827,80.2707
27.1,80,16.3,41,2023-11-25 16:00:00,Chennai,13.0827,80.2707
27.0,80,16.3,43,2023-11-25 17:00:00,Chennai,13.0827,80.2707
26.8,82,16.5,44,2023-11-25 18:00:00,Chennai,13.0827,80.2707
26.6,83,16.9,50,2023-11-25 19:00:00,Chennai,13.0827,80.2707
26.4,83,16.1,51,2023-11-25 20:00:00,Chennai,13.0827,80.2707
25.7,85,15.2,59,2023-11-25 21:00:00,Chennai,13.0827,80.2707
25.9,84,12.2,45,2023-11-25 22:00:00,Chennai,13.0827,80.2707
25.0,87,15.0,66,2023-11-25 23:00:00,Chennai,13.0827,80.2707
23.4,92,11.7,101,2023-11-26 00:00:00,Chennai,13.0827,80.2707
25.0,86,16.5,67,2023-11-26 01:00:00,Chennai,13.0827,80.2707
26.0,86,12.7,61,2023-11-26 02:00:00,Chennai,13.0827,80.2707
27.3,81,15.6,61,2023-11-26 03:00:00,Chennai,13.0827,80.2707
27.8,78,17.4,63,2023-11-26 04:00:00,Chennai,13.0827,80.2707
28.7,77,18.9,59,2023-11-26 05:00:00,Chennai,13.0827,80.2707
28.5,79,20.8,56,2023-11-26 06:00:00,Chennai,13.0827,80.2707
29.0,76,21.3,56,2023-11-26 07:00:00,Chennai,13.0827,80.2707
29.0,76,22.4,60,2023-11-26 08:00:00,Chennai,13.0827,80.2707
28.4,77,22.7,61,2023-11-26 09:00:00,Chennai,13.0827,80.2707
28.5,74,21.5,59,2023-11-26 10:00:00,Chennai,13.0827,80.2707
27.7,79,19.1,58,2023-11-26 11:00:00,Chennai,13.0827,80.2707
26.4,83,18.2,65,2023-11-26 12:00:00,Chennai,13.0827,80.2707
24.0,94,8.7,17,2023-11-26 13:00:00,Chennai,13.0827,80.2707
24.6,93,14.5,48,2023-11-26 14:00:00,Chennai,13.0827,80.2707
25.3,90,10.0,60,2023-11-26 15:00:00,Chennai,13.0827,80.2707
25.8,89,13.5,65,2023-11-26 16:00:00,Chennai,13.0827,80.2707
25.2,91,7.7,62,2023-11-26 17:00:00,Chennai,13.0827,80.2707
24.7,93,11.5,32,2023-11-26 18:00:00,Chennai,13.0827,80.2707
24.3,93,13.0,62,2023-11-26 19:00:00,Chennai,13.0827,80.2707
24.0,94,8.0,85,2023-11-26 20:00:00,Chennai,13.0827,80.2707
24.5,92,6.6,81,2023-11-26 21:00:00,Chennai,13.0827,80.2707
24.5,93,5.9,52,2023-11-26 22:00:00,Chennai,13.0827,80.2707
24.6,91,5.6,63,2023-11-26 23:00:00,Chennai,13.0827,80.2707
25.2,85,5.2,65,2023-11-27 00:00:00,Chennai,13.0827,80.2707
25.9,89,8.0,108,2023-11-27 01:00:00,Chennai,13.0827,80.2707
26.7,89,5.6,40,2023-11-27 02:00:00,Chennai,13.0827,80.2707
27.5,86,5.1,82,2023-11-27 03:00:00,Chennai,13.0827,80.2707
28.7,77,9.5,81,2023-11-27 04:00:00,Chennai,13.0827,80.2707
29.2,72,13.4,96,2023-11-27 05:00:00,Chennai,13.0827,80.2707
29.1,72,15.2,97,2023-11-27 06:00:00,Chennai,13.0827,80.2707
29.6,70,16.2,87,2023-11-27 07:00:00,Chennai,13.0827,80.2707
29.5,71,16.9,88,2023-11-27 08:00:00,Chennai,13.0827,80.2707
29.2,71,16.6,88,2023-11-27 09:00:00,Chennai,13.0827,80.2707
28.9,72,15.4,79,2023-11-27 10:00:00,Chennai,13.0827,80.2707
28.3,74,14.6,74,2023-11-27 11:00:00,Chennai,13.0827,80.2707
27.4,78,11.6,74,2023-11-27 12:00:00,Chennai,13.0827,80.2707
26.5,84,14.4,58,2023-11-27 13:00:00,Chennai,13.0827,80.2707
26.6,86,12.5,51,2023-11-27 14:00:00,Chennai,13.0827,80.2707
26.4,87,12.6,59,2023-11-27 15:00:00,Chennai,13.0827,80.2707
25.6,89,13.3,52,2023-11-27 16:00:00,Chennai,13.0827,80.2707
25.5,89,8.6,33,2023-11-27 17:00:00,Chennai,13.0827,80.2707
25.2,91,8.8,35,2023-11-27 18:00:00,Chennai,13.0827,80.2707
24.8,92,10.4,34,2023-11-27 19:00:00,Chennai,13.0827,80.2707
24.2,95,6.2,339,2023-11-27 20:00:00,Chennai,13.0827,80.2707
23.8,97,3.7,299,2023-11-27 21:00:00,Chennai,13.0827,80.2707
23.2,98,7.2,6,2023-11-27 22:00:00,Chennai,13.0827,80.2707
23.6,96,4.1,52,2023-11-27 23:00:00,Chennai,13.0827,80.2707
23.8,95,7.2,72,2023-11-28 00:00:00,Chennai,13.0827,80.2707
25.4,89,7.1,66,2023-11-28 01:00:00,Chennai,13.0827,80.2707
26.7,88,8.6,57,2023-11-28 02:00:00,Chennai,13.0827,80.2707
28.0,79,11.3,53,2023-11-28 03:00:00,Chennai,13.0827,80.2707
27.9,77,15.3,63,2023-11-28 04:00:00,Chennai,13.0827,80.2707
28.0,79,12.7,65,2023-11-28 05:00:00,Chennai,13.0827,80.2707
28.9,74,14.7,68,2023-11-28 06:00:00,Chennai,13.0827,80.2707
27.4,80,16.6,63,2023-11-28 07:00:00,Chennai,13.0827,80.2707
28.2,77,14.0,61,2023-11-28 08:00:00,Chennai,13.0827,80.2707
26.4,83,18.7,60,2023-11-28 09:00:00,Chennai,13.0827,80.2707
26.5,82,13.0,66,2023-11-28 10:00:00,Chennai,13.0827,80.2707
26.3,83,9.2,51,2023-11-28 11:00:00,Chennai,13.0827,80.2707
25.8,86,12.2,71,2023-11-28 12:00:00,Chennai,13.0827,80.2707
25.4,86,17.7,77,2023-11-28 13:00:00,Chennai,13.0827,80.2707
24.0,93,19.2,84,2023-11-28 14:00:00,Chennai,13.0827,80.2707
25.0,88,14.0,67,2023-11-28 15:00:00,Chennai,13.0827,80.2707
24.5,92,11.5,58,2023-11-28 16:00:00,Chennai,13.0827,80.2707
24.8,91,6.9,28,2023-11-28 17:00:00,Chennai,13.0827,80.2707
24.3,94,5.6,27,2023-11-28 18:00:00,Chennai,13.0827,80.2707
24.1,96,7.0,21,2023-11-28 19:00:00,Chennai,13.0827,80.2707
23.7,96,7.0,348,2023-11-28 20:00:00,Chennai,13.0827,80.2707
23.1,96,8.6,360,2023-11-28 21:00:00,Chennai,13.0827,80.2707
23.1,94,5.6,333,2023-11-28 22:00:00,Chennai,13.0827,80.2707
23.4,95,6.5,360,2023-11-28 23:00:00,Chennai,13.0827,80.2707
23.7,95,4.7,9,2023-11-29 00:00:00,Chennai,13.0827,80.2707
24.1,93,8.1,21,2023-11-29 01:00:00,Chennai,13.0827,80.2707
25.2,90,8.9,43,2023-11-29 02:00:00,Chennai,13.0827,80.2707
26.5,83,12.9,67,2023-11-29 03:00:00,Chennai,13.0827,80.2707
27.5,78,13.0,71,2023-11-29 04:00:00,Chennai,13.0827,80.2707
26.4,80,19.2,67,2023-11-29 05:00:00,Chennai,13.0827,80.2707
26.0,84,15.4,57,2023-11-29 06:00:00,Chennai,13.0827,80.2707
25.8,86,12.9,63,2023-11-29 07:00:00,Chennai,13.0827,80.2707
25.8,86,13.6,68,2023-11-29 08:00:00,Chennai,13.0827,80.2707
25.9,85,13.5,56,2023-11-29 09:00:00,Chennai,13.0827,80.2707
25.8,84,12.6,70,2023-11-29 10:00:00,Chennai,13.0827,80.2707
25.7,83,11.7,45,2023-11-29 11:00:00,Chennai,13.0827,80.2707
25.5,87,7.9,47,2023-11-29 12:00:00,Chennai,13.0827,80.2707
24.5,94,8.5,54,2023-11-29 13:00:00,Chennai,13.0827,80.2707
24.8,93,7.4,39,2023-11-29 14:00:00,Chennai,13.0827,80.2707
24.7,92,11.1,65,2023-11-29 15:00:00,Chennai,13.0827,80.2707
24.9,92,9.3,62,2023-11-29 16:00:00,Chennai,13.0827,80.2707
25.0,91,6.2,36,2023-11-29 17:00:00,Chennai,13.0827,80.2707
24.8,92,8.3,18,2023-11-29 18:00:00,Chennai,13.0827,80.2707
24.4,95,6.9,351,2023-11-29 19:00:00,Chennai,13.0827,80.2707
24.0,97,7.1,336,2023-11-29 20:00:00,Chennai,13.0827,80.2707
23.9,97,7.5,343,2023-11-29 21:00:00,Chennai,13.0827,80.2707
24.0,96,3.4,32,2023-11-29 22:00:00,Chennai,13.0827,80.2707
24.2,95,4.5,14,2023-11-29 23:00:00,Chennai,13.0827,80.2707
24.3,95,7.9,43,2023-11-30 00:00:00,Chennai,13.0827,80.2707
24.7,92,7.2,3,2023-11-30 01:00:00,Chennai,13.0827,80.2707
24.8,91,10.1,35,2023-11-30 02:00:00,Chennai,13.0827,80.2707
25.6,87,13.0,42,2023-11-30 03:00:00,Chennai,13.0827,80.2707
26.1,86,11.3,22,2023-11-30 04:00:00,Chennai,13.0827,80.2707
26.0,86,12.5,49,2023-11-30 05:00:00,Chennai,13.0827,80.2707
25.9,86,12.2,56,2023-11-30 06:00:00,Chennai,13.0827,80.2707
26.2,84,14.5,55,2023-11-30 07:00:00,Chennai,13.0827,80.2707
26.3,84,13.1,37,2023-11-30 08:00:00,Chennai,13.0827,80.2707
26.5,82,15.0,44,2023-11-30 09:00:00,Chennai,13.0827,80.2707
26.6,82,13.8,43,2023-11-30 10:00:00,Chennai,13.0827,80.2707
26.6,81,14.5,46,2023-11-30 11:00:00,Chennai,13.0827,80.2707
26.0,85,13.0,46,2023-11-30 12:00:00,Chennai,13.0827,80.2707
24.4,94,11.3,59,2023-11-30 13:00:00,Chennai,13.0827,80.2707
24.8,92,7.4,39,2023-11-30 14:00:00,Chennai,13.0827,80.2707
24.5,94,8.9,43,2023-11-30 15:00:00,Chennai,13.0827,80.2707
24.8,93,8.0,27,2023-11-30 16:00:00,Chennai,13.0827,80.2707
24.6,93,6.1,45,2023-11-30 17:00:00,Chennai,13.0827,80.2707
24.3,96,3.9,56,2023-11-30 18:00:00,Chennai,13.0827,80.2707
24.5,94,7.3,9,2023-11-30 19:00:00,Chennai,13.0827,80.2707
24.4,94,10.9,17,2023-11-30 20:00:00,Chennai,13.0827,80.2707
24.0,95,11.0,341,2023-11-30 21:00:00,Chennai,13.0827,80.2707
23.6,95,9.5,335,2023-11-30 22:00:00,Chennai,13.0827,80.2707
23.4,96,13.9,339,2023-11-30 23:00:00,Chennai,13.0827,80.2707
23.5,96,13.1,339,2023-12-01 00:00:00,Chennai,13.0827,80.2707
24.4,92,14.3,18,2023-12-01 01:00:00,Chennai,13.0827,80.2707
25.6,89,11.8,20,2023-12-01 02:00:00,Chennai,13.0827,80.2707
26.4,86,15.8,30,2023-12-01 03:00:00,Chennai,13.0827,80.2707
27.6,83,16.0,31,2023-12-01 04:00:00,Chennai,13.0827,80.2707
28.2,80,19.2,26,2023-12-01 05:00:00,Chennai,13.0827,80.2707
29.0,74,19.9,44,2023-12-01 06:00:00,Chennai,13.0827,80.2707
29.1,71,22.1,46,2023-12-01 07:00:00,Chennai,13.0827,80.2707
29.4,70,24.2,46,2023-12-01 08:00:00,Chennai,13.0827,80.2707
29.0,72,23.7,41,2023-12-01 09:00:00,Chennai,13.0827,80.2707
28.5,73,23.1,37,2023-12-01 10:00:00,Chennai,13.0827,80.2707
28.0,75,21.1,43,2023-12-01 11:00:00,Chennai,13.0827,80.2707
27.3,78,19.2,40,2023-12-01 12:00:00,Chennai,13.0827,80.2707
27.0,79,20.6,25,2023-12-01 13:00:00,Chennai,13.0827,80.2707
26.9,80,19.7,28,2023-12-01 14:00:00,Chennai,13.0827,80.2707
26.8,79,19.5,25,2023-12-01 15:00:00,Chennai,13.0827,80.2707
26.6,80,19.3,24,2023-12-01 16:00:00,Chennai,13.0827,80.2707
26.5,78,19.5,25,2023-12-01 17:00:00,Chennai,13.0827,80.2707
26.2,79,18.0,26,2023-12-01 18:00:00,Chennai,13.0827,80.2707
25.0,88,15.6,52,2023-12-01 19:00:00,Chennai,13.0827,80.2707
25.3,86,12.7,15,2023-12-01 20:00:00,Chennai,13.0827,80.2707
25.7,83,16.2,12,2023-12-01 21:00:00,Chennai,13.0827,80.2707
25.4,86,16.1,29,2023-12-01 22:00:00,Chennai,13.0827,80.2707
25.3,86,15.7,11,2023-12-01 23:00:00,Chennai,13.0827,80.2707
25.6,86,15.8,360,2023-12-02 00:00:00,Chennai,13.0827,80.2707
25.1,87,21.9,23,2023-12-02 01:00:00,Chennai,13.0827,80.2707
25.0,90,19.7,28,2023-12-02 02:00:00,Chennai,13.0827,80.2707
26.1,85,24.0,26,2023-12-02 03:00:00,Chennai,13.0827,80.2707
26.2,84,21.1,17,2023-12-02 04:00:00,Chennai,13.0827,80.2707
26.9,83,23.7,30,2023-12-02 05:00:00,Chennai,13.0827,80.2707
25.5,89,18.8,36,2023-12-02 06:00:00,Chennai,13.0827,80.2707
26.6,84,24.6,38,2023-12-02 07:00:00,Chennai,13.0827,80.2707
26.8,83,27.5,32,2023-12-02 08:00:00,Chennai,13.0827,80.2707
27.1,80,26.0,22,2023-12-02 09:00:00,Chennai,13.0827,80.2707
26.1,86,24.2,25,2023-12-02 10:00:00,Chennai,13.0827,80.2707
24.6,93,22.9,16,2023-12-02 11:00:00,Chennai,13.0827,80.2707
24.7,92,22.0,21,2023-12-02 12:00:00,Chennai,13.0827,80.2707
24.7,92,20.9,32,2023-12-02 13:00:00,Chennai,13.0827,80.2707
25.2,90,24.5,26,2023-12-02 14:00:00,Chennai,13.0827,80.2707
24.4,93,20.9,32,2023-12-02 15:00:00,Chennai,13.0827,80.2707
24.6,92,20.8,34,2023-12-02 16:00:00,Chennai,13.0827,80.2707
24.8,92,21.6,33,2023-12-02 17:00:00,Chennai,13.0827,80.2707
24.9,91,23.1,31,2023-12-02 18:00:00,Chennai,13.0827,80.2707
24.5,93,20.3,25,2023-12-02 19:00:00,Chennai,13.0827,80.2707
24.5,92,18.7,30,2023-12-02 20:00:00,Chennai,13.0827,80.2707
24.8,93,18.8,29,2023-12-02 21:00:00,Chennai,13.0827,80.2707
24.2,93,19.1,16,2023-12-02 22:00:00,Chennai,13.0827,80.2707
24.2,94,18.0,2,2023-12-02 23:00:00,Chennai,13.0827,80.2707
24.1,94,16.6,5,2023-12-03 00:00:00,Chennai,13.0827,80.2707
24.6,92,19.4,22,2023-12-03 01:00:00,Chennai,13.0827,80.2707
24.9,90,21.0,16,2023-12-03 02:00:00,Chennai,13.0827,80.2707
25.5,89,23.8,10,2023-12-03 03:00:00,Chennai,13.0827,80.2707
25.3,91,21.2,1,2023-12-03 04:00:00,Chennai,13.0827,80.2707
25.2,92,24.2,11,2023-12-03 05:00:00,Chennai,13.0827,80.2707
25.1,90,24.8,360,2023-12-03 06:00:00,Chennai,13.0827,80.2707
26.0,89,31.8,16,2023-12-03 07:00:00,Chennai,13.0827,80.2707
25.6,90,29.4,11,2023-12-03 08:00:00,Chennai,13.0827,80.2707
25.0,92,27.8,10,2023-12-03 09:00:00,Chennai,13.0827,80.2707
25.2,90,26.3,356,2023-12-03 10:00:00,Chennai,13.0827,80.2707
25.5,90,29.6,356,2023-12-03 11:00:00,Chennai,13.0827,80.2707
24.6,93,25.6,357,2023-12-03 12:00:00,Chennai,13.0827,80.2707
24.8,92,28.5,350,2023-12-03 13:00:00,Chennai,13.0827,80.2707
24.9,92,30.1,349,2023-12-03 14:00:00,Chennai,13.0827,80.2707
24.5,91,31.4,342,2023-12-03 15:00:00,Chennai,13.0827,80.2707
25.0,91,34.4,353,2023-12-03 16:00:00,Chennai,13.0827,80.2707
24.8,93,30.8,346,2023-12-03 17:00:00,Chennai,13.0827,80.2707
24.2,93,33.4,342,2023-12-03 18:00:00,Chennai,13.0827,80.2707
24.5,92,32.1,344,2023-12-03 19:00:00,Chennai,13.0827,80.2707
24.2,92,35.5,336,2023-12-03 20:00:00,Chennai,13.0827,80.2707
24.0,92,34.9,334,2023-12-03 21:00:00,Chennai,13.0827,80.2707
24.2,92,35.6,328,2023-12-03 22:00:00,Chennai,13.0827,80.2707
24.2,93,38.3,336,2023-12-03 23:00:00,Chennai,13.0827,80.2707
24.2,93,34.2,327,2023-12-04 00:00:00,Chennai,13.0827,80.2707
24.1,92,44.7,307,2023-12-04 01:00:00,Chennai,13.0827,80.2707
24.1,92,46.1,317,2023-12-04 02:00:00,Chennai,13.0827,80.2707
24.1,92,50.1,315,2023-12-04 03:00:00,Chennai,13.0827,80.2707
24.6,94,41.3,318,2023-12-04 04:00:00,Chennai,13.0827,80.2707
25.1,93,40.1,330,2023-12-04 05:00:00,Chennai,13.0827,80.2707
25.0,93,48.5,324,2023-12-04 06:00:00,Chennai,13.0827,80.2707
24.3,93,44.9,304,2023-12-04 07:00:00,Chennai,13.0827,80.2707
24.5,90,42.6,289,2023-12-04 08:00:00,Chennai,13.0827,80.2707
24.8,89,41.7,280,2023-12-04 09:00:00,Chennai,13.0827,80.2707
24.6,87,42.1,270,2023-12-04 10:00:00,Chennai,13.0827,80.2707
24.8,87,42.2,266,2023-12-04 11:00:00,Chennai,13.0827,80.2707
24.8,88,41.6,265,2023-12-04 12:00:00,Chennai,13.0827,80.2707
24.0,89,38.8,233,2023-12-04 13:00:00,Chennai,13.0827,80.2707
24.1,87,38.7,225,2023-12-04 14:00:00,Chennai,13.0827,80.2707
24.1,86,38.7,223,2023-12-04 15:00:00,Chennai,13.0827,80.2707
24.0,86,37.7,222,2023-12-04 16:00:00,Chennai,13.0827,80.2707
24.0,85,35.2,228,2023-12-04 17:00:00,Chennai,13.0827,80.2707
23.8,84,32.0,231,2023-12-04 18:00:00,Chennai,13.0827,80.2707
24.0,85,26.0,221,2023-12-04 19:00:00,Chennai,13.0827,80.2707
23.5,87,23.1,217,2023-12-04 20:00:00,Chennai,13.0827,80.2707
23.5,89,19.5,208,2023-12-04 21:00:00,Chennai,13.0827,80.2707
24.0,86,20.1,201,2023-12-04 22:00:00,Chennai,13.0827,80.2707
24.6,85,20.7,203,2023-12-04 23:00:00,Chennai,13.0827,80.2707
24.6,87,19.8,207,2023-12-05 00:00:00,Chennai,13.0827,80.2707
25.8,78,21.3,217,2023-12-05 01:00:00,Chennai,13.0827,80.2707
26.1,77,20.8,217,2023-12-05 02:00:00,Chennai,13.0827,80.2707
26.9,75,19.9,228,2023-12-05 03:00:00,Chennai,13.0827,80.2707
27.5,72,17.1,229,2023-12-05 04:00:00,Chennai,13.0827,80.2707
28.2,71,15.2,234,2023-12-05 05:00:00,Chennai,13.0827,80.2707
29.5,65,17.4,232,2023-12-05 06:00:00,Chennai,13.0827,80.2707
30.1,65,16.1,246,2023-12-05 07:00:00,Chennai,13.0827,80.2707
30.1,65,11.6,248,2023-12-05 08:00:00,Chennai,13.0827,80.2707
31.0,62,10.9,253,2023-12-05 09:00:00,Chennai,13.0827,80.2707
31.0,62,7.6,180,2023-12-05 10:00:00,Chennai,13.0827,80.2707
28.8,84,15.4,147,2023-12-05 11:00:00,Chennai,13.0827,80.2707
27.5,85,15.6,157,2023-12-05 12:00:00,Chennai,13.0827,80.2707
26.2,89,13.5,155,2023-12-05 13:00:00,Chennai,13.0827,80.2707
25.6,91,11.2,174,2023-12-05 14:00:00,Chennai,13.0827,80.2707
25.1,91,10.5,186,2023-12-05 15:00:00,Chennai,13.0827,80.2707
24.5,93,4.7,203,2023-12-05 16:00:00,Chennai,13.0827,80.2707
24.6,93,11.2,182,2023-12-05 17:00:00,Chennai,13.0827,80.2707
24.6,94,9.8,188,2023-12-05 18:00:00,Chennai,13.0827,80.2707
24.0,93,10.4,200,2023-12-05 19:00:00,Chennai,13.0827,80.2707
24.3,89,15.6,209,2023-12-05 20:00:00,Chennai,13.0827,80.2707
24.5,89,14.2,201,2023-12-05 21:00:00,Chennai,13.0827,80.2707
24.5,90,10.5,196,2023-12-05 22:00:00,Chennai,13.0827,80.2707
24.3,92,11.8,203,2023-12-05 23:00:00,Chennai,13.0827,80.2707
24.2,94,9.7,195,2023-12-06 00:00:00,Chennai,13.0827,80.2707
24.1,92,6.0,245,2023-12-06 01:00:00,Chennai,13.0827,80.2707
25.0,93,3.8,343,2023-12-06 02:00:00,Chennai,13.0827,80.2707
25.6,91,7.0,348,2023-12-06 03:00:00,Chennai,13.0827,80.2707
26.7,87,5.4,352,2023-12-06 04:00:00,Chennai,13.0827,80.2707
27.7,83,1.8,37,2023-12-06 05:00:00,Chennai,13.0827,80.2707
29.1,78,4.1,165,2023-12-06 06:00:00,Chennai,13.0827,80.2707
29.8,77,4.5,151,2023-12-06 07:00:00,Chennai,13.0827,80.2707
30.0,78,5.9,137,2023-12-06 08:00:00,Chennai,13.0827,80.2707
29.1,81,9.2,132,2023-12-06 09:00:00,Chennai,13.0827,80.2707
27.3,88,7.6,175,2023-12-06 10:00:00,Chennai,13.0827,80.2707
27.8,84,6.1,135,2023-12-06 11:00:00,Chennai,13.0827,80.2707
27.0,92,2.4,153,2023-12-06 12:00:00,Chennai,13.0827,80.2707
27.0,90,1.9,202,2023-12-06 13:00:00,Chennai,13.0827,80.2707
23.1,97,9.9,316,2023-12-06 14:00:00,Chennai,13.0827,80.2707
24.1,95,1.8,217,2023-12-06 15:00:00,Chennai,13.0827,80.2707
24.2,93,6.4,128,2023-12-06 16:00:00,Chennai,13.0827,80.2707
24.9,93,8.6,147,2023-12-06 17:00:00,Chennai,13.0827,80.2707
25.1,93,7.9,156,2023-12-06 18:00:00,Chennai,13.0827,80.2707
25.1,93,6.9,152,2023-12-06 19:00:00,Chennai,13.0827,80.2707
24.3,96,7.6,177,2023-12-06 20:00:00,Chennai,13.0827,80.2707
24.2,96,5.1,231,2023-12-06 21:00:00,Chennai,13.0827,80.2707
24.2,97,12.3,265,2023-12-06 22:00:00,Chennai,13.0827,80.2707
23.6,98,8.6,270,2023-12-06 23:00:00,Chennai,13.0827,80.2707
23.5,98,5.4,266,2023-12-07 00:00:00,Chennai,13.0827,80.2707
23.6,100,9.8,287,2023-12-07 01:00:00,Chennai,13.0827,80.2707
23.8,94,7.3,303,2023-12-07 02:00:00,Chennai,13.0827,80.2707
24.9,91,1.3,304,2023-12-07 03:00:00,Chennai,13.0827,80.2707
26.1,87,0.7,360,2023-12-07 04:00:00,Chennai,13.0827,80.2707
27.7,81,2.1,31,2023-12-07 05:00:00,Chennai,13.0827,80.2707
28.6,78,4.3,48,2023-12-07 06:00:00,Chennai,13.0827,80.2707
28.9,79,8.3,72,2023-12-07 07:00:00,Chennai,13.0827,80.2707
28.2,81,10.3,78,2023-12-07 08:00:00,Chennai,13.0827,80.2707
27.8,83,10.2,72,2023-12-07 09:00:00,Chennai,13.0827,80.2707
27.6,81,11.9,65,2023-12-07 10:00:00,Chennai,13.0827,80.2707
27.4,83,11.8,67,2023-12-07 11:00:00,Chennai,13.0827,80.2707
26.8,86,8.9,58,2023-12-07 12:00:00,Chennai,13.0827,80.2707
25.3,96,6.7,344,2023-12-07 13:00:00,Chennai,13.0827,80.2707
24.4,95,13.4,6,2023-12-07 14:00:00,Chennai,13.0827,80.2707
24.2,95,5.6,333,2023-12-07 15:00:00,Chennai,13.0827,80.2707
24.2,94,7.3,11,2023-12-07 16:00:00,Chennai,13.0827,80.2707
24.2,95,4.3,355,2023-12-07 17:00:00,Chennai,13.0827,80.2707
24.0,96,6.1,315,2023-12-07 18:00:00,Chennai,13.0827,80.2707
23.8,97,3.5,336,2023-12-07 19:00:00,Chennai,13.0827,80.2707
24.1,96,6.4,43,2023-12-07 20:00:00,Chennai,13.0827,80.2707
23.9,97,3.4,18,2023-12-07 21:00:00,Chennai,13.0827,80.2707
23.6,96,4.4,351,2023-12-07 22:00:00,Chennai,13.0827,80.2707
23.8,97,6.4,344,2023-12-07 23:00:00,Chennai,13.0827,80.2707
23.9,98,6.8,342,2023-12-08 00:00:00,Chennai,13.0827,80.2707
24.6,93,9.7,358,2023-12-08 01:00:00,Chennai,13.0827,80.2707
25.5,89,10.1,4,2023-12-08 02:00:00,Chennai,13.0827,80.2707
26.7,84,10.5,22,2023-12-08 03:00:00,Chennai,13.0827,80.2707
27.8,82,9.8,36,2023-12-08 04:00:00,Chennai,13.0827,80.2707
28.5,78,10.5,41,2023-12-08 05:00:00,Chennai,13.0827,80.2707
28.7,76,11.1,54,2023-12-08 06:00:00,Chennai,13.0827,80.2707
28.4,79,12.1,63,2023-12-08 07:00:00,Chennai,13.0827,80.2707
28.4,78,14.4,68,2023-12-08 08:00:00,Chennai,13.0827,80.2707
27.8,77,13.3,57,2023-12-08 09:00:00,Chennai,13.0827,80.2707
27.8,79,12.7,61,2023-12-08 10:00:00,Chennai,13.0827,80.2707
27.0,81,12.7,55,2023-12-08 11:00:00,Chennai,13.0827,80.2707
26.5,84,9.9,57,2023-12-08 12:00:00,Chennai,13.0827,80.2707
26.7,81,11.5,39,2023-12-08 13:00:00,Chennai,13.0827,80.2707
26.5,82,10.7,45,2023-12-08 14:00:00,Chennai,13.0827,80.2707
26.4,83,9.2,48,2023-12-08 15:00:00,Chennai,13.0827,80.2707
26.3,82,8.0,54,2023-12-08 16:00:00,Chennai,13.0827,80.2707
26.1,83,7.9,51,2023-12-08 17:00:00,Chennai,13.0827,80.2707
25.8,86,6.0,57,2023-12-08 18:00:00,Chennai,13.0827,80.2707
25.5,87,6.8,58,2023-12-08 19:00:00,Chennai,13.0827,80.2707
25.0,91,5.6,45,2023-12-08 20:00:00,Chennai,13.0827,80.2707
25.0,91,6.5,19,2023-12-08 21:00:00,Chennai,13.0827,80.2707
24.6,92,5.2,56,2023-12-08 22:00:00,Chennai,13.0827,80.2707
24.5,93,6.0,25,2023-12-08 23:00:00,Chennai,13.0827,80.2707
24.2,93,9.2,59,2023-12-09 00:00:00,Chennai,13.0827,80.2707
24.7,91,7.6,31,2023-12-09 01:00:00,Chennai,13.0827,80.2707
25.8,89,7.8,13,2023-12-09 02:00:00,Chennai,13.0827,80.2707
27.1,83,9.6,20,2023-12-09 03:00:00,Chennai,13.0827,80.2707
28.3,79,12.2,28,2023-12-09 04:00:00,Chennai,13.0827,80.2707
29.1,75,14.4,37,2023-12-09 05:00:00,Chennai,13.0827,80.2707
29.4,73,14.8,39,2023-12-09 06:00:00,Chennai,13.0827,80.2707
29.5,72,15.8,43,2023-12-09 07:00:00,Chennai,13.0827,80.2707
29.3,71,17.3,42,2023-12-09 08:00:00,Chennai,13.0827,80.2707
29.0,73,17.1,42,2023-12-09 09:00:00,Chennai,13.0827,80.2707
28.4,74,17.1,41,2023-12-09 10:00:00,Chennai,13.0827,80.2707
27.8,78,15.8,41,2023-12-09 11:00:00,Chennai,13.0827,80.2707
27.0,82,12.5,39,2023-12-09 12:00:00,Chennai,13.0827,80.2707
26.9,81,13.9,37,2023-12-09 13:00:00,Chennai,13.0827,80.2707
26.6,82,13.7,35,2023-12-09 14:00:00,Chennai,13.0827,80.2707
26.4,83,13.1,37,2023-12-09 15:00:00,Chennai,13.0827,80.2707
26.2,83,12.5,39,2023-12-09 16:00:00,Chennai,13.0827,80.2707
26.2,82,11.6,36,2023-12-09 17:00:00,Chennai,13.0827,80.2707
26.0,83,11.1,36,2023-12-09 18:00:00,Chennai,13.0827,80.2707
25.8,85,11.6,36,2023-12-09 19:00:00,Chennai,13.0827,80.2707
25.6,85,9.8,36,2023-12-09 20:00:00,Chennai,13.0827,80.2707
25.3,86,8.6,22,2023-12-09 21:00:00,Chennai,13.0827,80.2707
25.1,87,9.7,15,2023-12-09 22:00:00,Chennai,13.0827,80.2707
24.8,89,8.7,7,2023-12-09 23:00:00,Chennai,13.0827,80.2707
24.5,90,8.0,10,2023-12-10 00:00:00,Chennai,13.0827,80.2707
25.2,88,8.5,12,2023-12-10 01:00:00,Chennai,13.0827,80.2707
26.2,86,9.9,10,2023-12-10 02:00:00,Chennai,13.0827,80.2707
27.6,75,13.7,30,2023-12-10 03:00:00,Chennai,13.0827,80.2707
28.4,70,16.3,41,2023-12-10 04:00:00,Chennai,13.0827,80.2707
28.8,69,17.6,43,2023-12-10 05:00:00,Chennai,13.0827,80.2707
28.9,69,18.6,43,2023-12-10 06:00:00,Chennai,13.0827,80.2707
29.0,69,18.6,43,2023-12-10 07:00:00,Chennai,13.0827,80.2707
28.8,70,18.9,40,2023-12-10 08:00:00,Chennai,13.0827,80.2707
28.5,70,18.8,43,2023-12-10 09:00:00,Chennai,13.0827,80.2707
28.0,72,18.3,45,2023-12-10 10:00:00,Chennai,13.0827,80.2707
27.4,74,17.3,42,2023-12-10 11:00:00,Chennai,13.0827,80.2707
26.6,77,14.4,37,2023-12-10 12:00:00,Chennai,13.0827,80.2707
26.2,78,10.5,31,2023-12-10 13:00:00,Chennai,13.0827,80.2707
26.3,78,11.1,36,2023-12-10 14:00:00,Chennai,13.0827,80.2707
26.3,78,11.5,44,2023-12-10 15:00:00,Chennai,13.0827,80.2707
26.2,78,10.5,49,2023-12-10 16:00:00,Chennai,13.0827,80.2707
26.1,79,10.6,55,2023-12-10 17:00:00,Chennai,13.0827,80.2707
26.1,79,10.9,56,2023-12-10 18:00:00,Chennai,13.0827,80.2707
26.0,79,10.0,52,2023-12-10 19:00:00,Chennai,13.0827,80.2707
25.8,80,10.3,54,2023-12-10 20:00:00,Chennai,13.0827,80.2707
25.5,81,9.5,53,2023-12-10 21:00:00,Chennai,13.0827,80.2707
25.0,83,9.2,51,2023-12-10 22:00:00,Chennai,13.0827,80.2707
25.0,84,9.6,56,2023-12-10 23:00:00,Chennai,13.0827,80.2707
25.0,84,9.2,48,2023-12-11 00:00:00,Chennai,13.0827,80.2707
25.3,83,11.5,44,2023-12-11 01:00:00,Chennai,13.0827,80.2707
26.2,82,12.2,45,2023-12-11 02:00:00,Chennai,13.0827,80.2707
27.0,75,16.5,54,2023-12-11 03:00:00,Chennai,13.0827,80.2707
27.4,74,16.6,56,2023-12-11 04:00:00,Chennai,13.0827,80.2707
27.7,74,15.4,53,2023-12-11 05:00:00,Chennai,13.0827,80.2707
27.9,73,16.3,49,2023-12-11 06:00:00,Chennai,13.0827,80.2707
28.2,70,16.1,50,2023-12-11 07:00:00,Chennai,13.0827,80.2707
28.0,71,17.1,49,2023-12-11 08:00:00,Chennai,13.0827,80.2707
27.9,71,16.6,51,2023-12-11 09:00:00,Chennai,13.0827,80.2707
27.5,72,16.8,48,2023-12-11 10:00:00,Chennai,13.0827,80.2707
27.0,73,16.8,45,2023-12-11 11:00:00,Chennai,13.0827,80.2707
26.2,77,13.8,43,2023-12-11 12:00:00,Chennai,13.0827,80.2707
26.0,76,12.5,39,2023-12-11 13:00:00,Chennai,13.0827,80.2707
25.9,76,12.8,38,2023-12-11 14:00:00,Chennai,13.0827,80.2707
25.8,76,12.8,38,2023-12-11 15:00:00,Chennai,13.0827,80.2707
25.7,76,12.5,41,2023-12-11 16:00:00,Chennai,13.0827,80.2707
25.6,75,12.7,47,2023-12-11 17:00:00,Chennai,13.0827,80.2707
25.5,75,12.2,56,2023-12-11 18:00:00,Chennai,13.0827,80.2707
25.2,75,11.8,59,2023-12-11 19:00:00,Chennai,13.0827,80.2707
25.1,76,12.4,54,2023-12-11 20:00:00,Chennai,13.0827,80.2707
25.1,76,12.0,57,2023-12-11 21:00:00,Chennai,13.0827,80.2707
25.0,76,10.9,56,2023-12-11 22:00:00,Chennai,13.0827,80.2707
25.0,77,10.0,49,2023-12-11 23:00:00,Chennai,13.0827,80.2707
24.7,78,9.2,45,2023-12-12 00:00:00,Chennai,13.0827,80.2707
23.6,87,6.5,357,2023-12-12 01:00:00,Chennai,13.0827,80.2707
24.6,87,7.6,341,2023-12-12 02:00:00,Chennai,13.0827,80.2707
25.8,83,8.0,355,2023-12-12 03:00:00,Chennai,13.0827,80.2707
26.7,76,12.9,30,2023-12-12 04:00:00,Chennai,13.0827,80.2707
27.4,71,15.6,40,2023-12-12 05:00:00,Chennai,13.0827,80.2707
27.7,70,16.8,45,2023-12-12 06:00:00,Chennai,13.0827,80.2707
28.1,66,18.2,51,2023-12-12 07:00:00,Chennai,13.0827,80.2707
27.8,64,17.6,49,2023-12-12 08:00:00,Chennai,13.0827,80.2707
27.8,64,16.9,52,2023-12-12 09:00:00,Chennai,13.0827,80.2707
27.5,65,15.8,55,2023-12-12 10:00:00,Chennai,13.0827,80.2707
26.8,68,14.9,58,2023-12-12 11:00:00,Chennai,13.0827,80.2707
26.0,71,11.3,59,2023-12-12 12:00:00,Chennai,13.0827,80.2707
25.4,71,8.3,56,2023-12-12 13:00:00,Chennai,13.0827,80.2707
24.0,81,7.6,31,2023-12-12 14:00:00,Chennai,13.0827,80.2707
23.7,83,5.9,14,2023-12-12 15:00:00,Chennai,13.0827,80.2707
23.6,83,6.2,36,2023-12-12 16:00:00,Chennai,13.0827,80.2707
23.9,80,6.3,59,2023-12-12 17:00:00,Chennai,13.0827,80.2707
23.5,81,6.1,45,2023-12-12 18:00:00,Chennai,13.0827,80.2707
22.6,85,8.5,36,2023-12-12 19:00:00,Chennai,13.0827,80.2707
22.5,85,7.9,16,2023-12-12 20:00:00,Chennai,13.0827,80.2707
22.4,86,5.6,345,2023-12-12 21:00:00,Chennai,13.0827,80.2707
22.4,85,7.0,339,2023-12-12 22:00:00,Chennai,13.0827,80.2707
22.8,83,8.4,350,2023-12-12 23:00:00,Chennai,13.0827,80.2707
22.8,86,8.7,353,2023-12-13 00:00:00,Chennai,13.0827,80.2707
23.0,87,6.0,335,2023-12-13 01:00:00,Chennai,13.0827,80.2707
24.3,85,8.1,347,2023-12-13 02:00:00,Chennai,13.0827,80.2707
25.8,80,10.8,2,2023-12-13 03:00:00,Chennai,13.0827,80.2707
26.6,71,16.1,34,2023-12-13 04:00:00,Chennai,13.0827,80.2707
27.1,68,17.7,38,2023-12-13 05:00:00,Chennai,13.0827,80.2707
27.5,66,18.8,45,2023-12-13 06:00:00,Chennai,13.0827,80.2707
27.5,65,20.0,52,2023-12-13 07:00:00,Chennai,13.0827,80.2707
27.4,66,19.9,55,2023-12-13 08:00:00,Chennai,13.0827,80.2707
27.2,65,19.7,59,2023-12-13 09:00:00,Chennai,13.0827,80.2707
27.1,64,19.8,57,2023-12-13 10:00:00,Chennai,13.0827,80.2707
26.6,66,17.9,56,2023-12-13 11:00:00,Chennai,13.0827,80.2707
26.0,66,15.7,58,2023-12-13 12:00:00,Chennai,13.0827,80.2707
25.9,69,15.5,46,2023-12-13 13:00:00,Chennai,13.0827,80.2707
25.8,68,15.8,49,2023-12-13 14:00:00,Chennai,13.0827,80.2707
25.6,69,15.1,52,2023-12-13 15:00:00,Chennai,13.0827,80.2707
25.4,69,13.9,53,2023-12-13 16:00:00,Chennai,13.0827,80.2707
25.2,69,13.4,54,2023-12-13 17:00:00,Chennai,13.0827,80.2707
25.0,69,12.9,54,2023-12-13 18:00:00,Chennai,13.0827,80.2707
25.0,69,13.3,49,2023-12-13 19:00:00,Chennai,13.0827,80.2707
24.9,70,13.3,41,2023-12-13 20:00:00,Chennai,13.0827,80.2707
24.5,70,12.6,31,2023-12-13 21:00:00,Chennai,13.0827,80.2707
24.1,72,11.0,23,2023-12-13 22:00:00,Chennai,13.0827,80.2707
23.9,73,9.1,18,2023-12-13 23:00:00,Chennai,13.0827,80.2707
24.0,72,9.9,19,2023-12-14 00:00:00,Chennai,13.0827,80.2707
25.0,69,14.8,29,2023-12-14 01:00:00,Chennai,13.0827,80.2707
25.5,72,14.5,35,2023-12-14 02:00:00,Chennai,13.0827,80.2707
26.9,65,18.2,39,2023-12-14 03:00:00,Chennai,13.0827,80.2707
27.5,60,22.2,40,2023-12-14 04:00:00,Chennai,13.0827,80.2707
27.7,60,22.1,34,2023-12-14 05:00:00,Chennai,13.0827,80.2707
28.2,58,20.5,28,2023-12-14 06:00:00,Chennai,13.0827,80.2707
28.9,56,17.4,30,2023-12-14 07:00:00,Chennai,13.0827,80.2707
29.0,56,18.7,38,2023-12-14 08:00:00,Chennai,13.0827,80.2707
28.0,61,20.5,34,2023-12-14 09:00:00,Chennai,13.0827,80.2707
27.9,61,15.3,30,2023-12-14 10:00:00,Chennai,13.0827,80.2707
27.3,66,14.5,30,2023-12-14 11:00:00,Chennai,13.0827,80.2707
26.8,67,15.6,23,2023-12-14 12:00:00,Chennai,13.0827,80.2707
26.3,72,16.5,32,2023-12-14 13:00:00,Chennai,13.0827,80.2707
25.6,78,14.8,29,2023-12-14 14:00:00,Chennai,13.0827,80.2707
25.6,79,13.4,20,2023-12-14 15:00:00,Chennai,13.0827,80.2707
25.5,78,12.1,17,2023-12-14 16:00:00,Chennai,13.0827,80.2707
25.4,78,11.8,27,2023-12-14 17:00:00,Chennai,13.0827,80.2707
25.5,78,12.6,24,2023-12-14 18:00:00,Chennai,13.0827,80.2707
25.9,76,13.4,20,2023-12-14 19:00:00,Chennai,13.0827,80.2707
25.6,76,13.0,19,2023-12-14 20:00:00,Chennai,13.0827,80.2707
25.4,78,12.2,14,2023-12-14 21:00:00,Chennai,13.0827,80.2707
25.3,80,11.9,14,2023-12-14 22:00:00,Chennai,13.0827,80.2707
25.0,84,10.1,4,2023-12-14 23:00:00,Chennai,13.0827,80.2707
24.7,88,10.8,356,2023-12-15 00:00:00,Chennai,13.0827,80.2707
25.7,80,13.0,14,2023-12-15 01:00:00,Chennai,13.0827,80.2707
25.6,83,13.9,25,2023-12-15 02:00:00,Chennai,13.0827,80.2707
26.4,79,15.1,28,2023-12-15 03:00:00,Chennai,13.0827,80.2707
26.1,81,21.4,42,2023-12-15 04:00:00,Chennai,13.0827,80.2707
26.0,83,22.1,44,2023-12-15 05:00:00,Chennai,13.0827,80.2707
26.0,84,21.9,45,2023-12-15 06:00:00,Chennai,13.0827,80.2707
26.0,83,22.9,44,2023-12-15 07:00:00,Chennai,13.0827,80.2707
26.0,84,23.4,43,2023-12-15 08:00:00,Chennai,13.0827,80.2707
25.2,90,20.0,39,2023-12-15 09:00:00,Chennai,13.0827,80.2707
25.7,87,21.4,36,2023-12-15 10:00:00,Chennai,13.0827,80.2707
26.0,84,21.3,37,2023-12-15 11:00:00,Chennai,13.0827,80.2707
25.6,85,19.5,39,2023-12-15 12:00:00,Chennai,13.0827,80.2707
25.6,84,18.3,47,2023-12-15 13:00:00,Chennai,13.0827,80.2707
25.5,86,17.9,38,2023-12-15 14:00:00,Chennai,13.0827,80.2707
25.1,86,16.8,45,2023-12-15 15:00:00,Chennai,13.0827,80.2707
25.4,86,19.1,47,2023-12-15 16:00:00,Chennai,13.0827,80.2707
25.0,89,16.6,42,2023-12-15 17:00:00,Chennai,13.0827,80.2707
24.6,91,13.8,43,2023-12-15 18:00:00,Chennai,13.0827,80.2707
25.0,88,12.3,50,2023-12-15 19:00:00,Chennai,13.0827,80.2707
24.9,88,14.0,64,2023-12-15 20:00:00,Chennai,13.0827,80.2707
24.7,89,12.0,44,2023-12-15 21:00:00,Chennai,13.0827,80.2707
24.3,92,10.4,46,2023-12-15 22:00:00,Chennai,13.0827,80.2707
24.4,93,10.9,46,2023-12-15 23:00:00,Chennai,13.0827,80.2707
24.8,91,14.9,53,2023-12-16 00:00:00,Chennai,13.0827,80.2707
24.8,91,13.2,45,2023-12-16 01:00:00,Chennai,13.0827,80.2707
25.3,88,13.6,50,2023-12-16 02:00:00,Chennai,13.0827,80.2707
26.2,82,16.6,56,2023-12-16 03:00:00,Chennai,13.0827,80.2707
26.6,81,16.7,53,2023-12-16 04:00:00,Chennai,13.0827,80.2707
27.5,77,20.1,54,2023-12-16 05:00:00,Chennai,13.0827,80.2707
28.3,74,22.4,60,2023-12-16 06:00:00,Chennai,13.0827,80.2707
28.3,74,22.4,60,2023-12-16 07:00:00,Chennai,13.0827,80.2707
28.2,73,22.1,62,2023-12-16 08:00:00,Chennai,13.0827,80.2707
28.2,72,22.6,59,2023-12-16 09:00:00,Chennai,13.0827,80.2707
28.0,72,22.4,60,2023-12-16 10:00:00,Chennai,13.0827,80.2707
27.5,74,21.2,58,2023-12-16 11:00:00,Chennai,13.0827,80.2707
26.9,76,18.5,53,2023-12-16 12:00:00,Chennai,13.0827,80.2707
26.4,78,15.6,50,2023-12-16 13:00:00,Chennai,13.0827,80.2707
26.3,78,16.1,48,2023-12-16 14:00:00,Chennai,13.0827,80.2707
26.2,79,17.3,48,2023-12-16 15:00:00,Chennai,13.0827,80.2707
26.0,81,16.9,50,2023-12-16 16:00:00,Chennai,13.0827,80.2707
25.5,82,17.3,45,2023-12-16 17:00:00,Chennai,13.0827,80.2707
24.9,86,15.0,46,2023-12-16 18:00:00,Chennai,13.0827,80.2707
24.4,89,13.1,58,2023-12-16 19:00:00,Chennai,13.0827,80.2707
24.9,87,16.3,47,2023-12-16 20:00:00,Chennai,13.0827,80.2707
24.8,87,16.2,53,2023-12-16 21:00:00,Chennai,13.0827,80.2707
24.3,89,14.7,59,2023-12-16 22:00:00,Chennai,13.0827,80.2707
25.0,87,16.1,56,2023-12-16 23:00:00,Chennai,13.0827,80.2707
25.0,87,14.6,52,2023-12-17 00:00:00,Chennai,13.0827,80.2707
25.3,87,16.6,56,2023-12-17 01:00:00,Chennai,13.0827,80.2707
26.0,84,19.2,56,2023-12-17 02:00:00,Chennai,13.0827,80.2707
26.4,82,21.1,60,2023-12-17 03:00:00,Chennai,13.0827,80.2707
27.1,79,23.6,59,2023-12-17 04:00:00,Chennai,13.0827,80.2707
27.8,75,23.0,58,2023-12-17 05:00:00,Chennai,13.0827,80.2707
28.0,74,23.9,59,2023-12-17 06:00:00,Chennai,13.0827,80.2707
28.0,73,23.1,56,2023-12-17 07:00:00,Chennai,13.0827,80.2707
28.0,74,23.3,55,2023-12-17 08:00:00,Chennai,13.0827,80.2707
27.8,75,23.0,55,2023-12-17 09:00:00,Chennai,13.0827,80.2707
27.1,76,22.6,56,2023-12-17 10:00:00,Chennai,13.0827,80.2707
26.6,79,20.1,57,2023-12-17 11:00:00,Chennai,13.0827,80.2707
26.1,80,17.8,58,2023-12-17 12:00:00,Chennai,13.0827,80.2707
26.5,80,17.6,47,2023-12-17 13:00:00,Chennai,13.0827,80.2707
26.4,78,19.3,57,2023-12-17 14:00:00,Chennai,13.0827,80.2707
26.2,79,20.6,61,2023-12-17 15:00:00,Chennai,13.0827,80.2707
26.1,80,21.1,60,2023-12-17 16:00:00,Chennai,13.0827,80.2707
26.0,82,19.5,60,2023-12-17 17:00:00,Chennai,13.0827,80.2707
25.8,83,18.3,58,2023-12-17 18:00:00,Chennai,13.0827,80.2707
25.6,83,17.5,53,2023-12-17 19:00:00,Chennai,13.0827,80.2707
25.4,83,17.1,48,2023-12-17 20:00:00,Chennai,13.0827,80.2707
25.2,84,16.8,45,2023-12-17 21:00:00,Chennai,13.0827,80.2707
25.2,84,15.8,43,2023-12-17 22:00:00,Chennai,13.0827,80.2707
25.1,84,14.5,42,2023-12-17 23:00:00,Chennai,13.0827,80.2707
25.1,83,14.0,42,2023-12-18 00:00:00,Chennai,13.0827,80.2707
25.5,79,18.8,43,2023-12-18 01:00:00,Chennai,13.0827,80.2707
25.7,80,18.1,41,2023-12-18 02:00:00,Chennai,13.0827,80.2707
26.5,74,21.2,42,2023-12-18 03:00:00,Chennai,13.0827,80.2707
27.0,72,23.2,44,2023-12-18 04:00:00,Chennai,13.0827,80.2707
27.5,69,23.7,47,2023-12-18 05:00:00,Chennai,13.0827,80.2707
27.4,69,23.4,47,2023-12-18 06:00:00,Chennai,13.0827,80.2707
27.5,69,24.8,49,2023-12-18 07:00:00,Chennai,13.0827,80.2707
27.3,69,24.5,50,2023-12-18 08:00:00,Chennai,13.0827,80.2707
27.0,70,24.0,47,2023-12-18 09:00:00,Chennai,13.0827,80.2707
26.5,71,21.4,48,2023-12-18 10:00:00,Chennai,13.0827,80.2707
26.1,73,19.9,49,2023-12-18 11:00:00,Chennai,13.0827,80.2707
25.5,75,16.3,43,2023-12-18 12:00:00,Chennai,13.0827,80.2707
25.6,76,16.6,42,2023-12-18 13:00:00,Chennai,13.0827,80.2707
25.5,77,17.8,48,2023-12-18 14:00:00,Chennai,13.0827,80.2707
25.4,78,19.2,52,2023-12-18 15:00:00,Chennai,13.0827,80.2707
25.4,77,18.9,48,2023-12-18 16:00:00,Chennai,13.0827,80.2707
25.2,76,19.4,43,2023-12-18 17:00:00,Chennai,13.0827,80.2707
24.9,77,18.9,35,2023-12-18 18:00:00,Chennai,13.0827,80.2707
24.6,76,17.8,36,2023-12-18 19:00:00,Chennai,13.0827,80.2707
24.5,74,17.8,36,2023-12-18 20:00:00,Chennai,13.0827,80.2707
24.5,73,17.2,33,2023-12-18 21:00:00,Chennai,13.0827,80.2707
24.3,73,15.8,30,2023-12-18 22:00:00,Chennai,13.0827,80.2707
24.0,74,14.7,31,2023-12-18 23:00:00,Chennai,13.0827,80.2707
23.8,76,12.8,32,2023-12-19 00:00:00,Chennai,13.0827,80.2707
24.8,72,15.0,21,2023-12-19 01:00:00,Chennai,13.0827,80.2707
25.4,73,16.5,20,2023-12-19 02:00:00,Chennai,13.0827,80.2707
26.5,67,20.9,24,2023-12-19 03:00:00,Chennai,13.0827,80.2707
27.0,65,23.0,27,2023-12-19 04:00:00,Chennai,13.0827,80.2707
27.5,64,22.4,28,2023-12-19 05:00:00,Chennai,13.0827,80.2707
27.6,62,22.1,26,2023-12-19 06:00:00,Chennai,13.0827,80.2707
27.8,61,22.1,26,2023-12-19 07:00:00,Chennai,13.0827,80.2707
27.8,61,21.7,29,2023-12-19 08:00:00,Chennai,13.0827,80.2707
27.5,62,20.8,30,2023-12-19 09:00:00,Chennai,13.0827,80.2707
27.2,62,20.0,30,2023-12-19 10:00:00,Chennai,13.0827,80.2707
26.8,64,17.8,32,2023-12-19 11:00:00,Chennai,13.0827,80.2707
26.1,66,14.4,32,2023-12-19 12:00:00,Chennai,13.0827,80.2707
26.2,68,15.8,30,2023-12-19 13:00:00,Chennai,13.0827,80.2707
26.5,68,17.2,33,2023-12-19 14:00:00,Chennai,13.0827,80.2707
26.6,67,16.8,35,2023-12-19 15:00:00,Chennai,13.0827,80.2707
26.6,67,16.4,33,2023-12-19 16:00:00,Chennai,13.0827,80.2707
26.4,67,17.0,32,2023-12-19 17:00:00,Chennai,13.0827,80.2707
26.0,69,15.7,32,2023-12-19 18:00:00,Chennai,13.0827,80.2707
25.9,70,16.9,29,2023-12-19 19:00:00,Chennai,13.0827,80.2707
25.4,76,19.3,27,2023-12-19 20:00:00,Chennai,13.0827,80.2707
25.0,78,19.7,24,2023-12-19 21:00:00,Chennai,13.0827,80.2707
24.8,80,19.1,22,2023-12-19 22:00:00,Chennai,13.0827,80.2707
24.9,79,19.3,27,2023-12-19 23:00:00,Chennai,13.0827,80.2707
24.8,80,18.4,31,2023-12-20 00:00:00,Chennai,13.0827,80.2707
25.5,76,18.0,29,2023-12-20 01:00:00,Chennai,13.0827,80.2707
25.6,76,18.5,29,2023-12-20 02:00:00,Chennai,13.0827,80.2707
26.2,73,20.4,32,2023-12-20 03:00:00,Chennai,13.0827,80.2707
27.1,70,21.7,32,2023-12-20 04:00:00,Chennai,13.0827,80.2707
27.6,68,21.3,34,2023-12-20 05:00:00,Chennai,13.0827,80.2707
27.9,67,21.1,37,2023-12-20 06:00:00,Chennai,13.0827,80.2707
28.0,66,20.7,39,2023-12-20 07:00:00,Chennai,13.0827,80.2707
27.9,65,20.2,40,2023-12-20 08:00:00,Chennai,13.0827,80.2707
27.5,65,19.9,35,2023-12-20 09:00:00,Chennai,13.0827,80.2707
27.4,65,19.5,34,2023-12-20 10:00:00,Chennai,13.0827,80.2707
26.9,67,18.4,31,2023-12-20 11:00:00,Chennai,13.0827,80.2707
26.1,69,14.8,29,2023-12-20 12:00:00,Chennai,13.0827,80.2707
26.5,69,16.6,27,2023-12-20 13:00:00,Chennai,13.0827,80.2707
26.2,71,15.8,27,2023-12-20 14:00:00,Chennai,13.0827,80.2707
25.9,73,15.0,24,2023-12-20 15:00:00,Chennai,13.0827,80.2707
25.6,75,15.0,24,2023-12-20 16:00:00,Chennai,13.0827,80.2707
25.4,77,16.6,27,2023-12-20 17:00:00,Chennai,13.0827,80.2707
25.1,80,15.5,28,2023-12-20 18:00:00,Chennai,13.0827,80.2707
24.9,80,13.9,31,2023-12-20 19:00:00,Chennai,13.0827,80.2707
24.6,80,13.4,31,2023-12-20 20:00:00,Chennai,13.0827,80.2707
24.4,81,14.5,30,2023-12-20 21:00:00,Chennai,13.0827,80.2707
24.3,81,16.2,32,2023-12-20 22:00:00,Chennai,13.0827,80.2707
24.2,80,15.0,30,2023-12-20 23:00:00,Chennai,13.0827,80.2707
24.1,80,14.2,27,2023-12-21 00:00:00,Chennai,13.0827,80.2707
25.8,74,17.4,30,2023-12-21 01:00:00,Chennai,13.0827,80.2707
25.9,76,17.2,29,2023-12-21 02:00:00,Chennai,13.0827,80.2707
26.5,72,19.8,29,2023-12-21 03:00:00,Chennai,13.0827,80.2707
27.1,71,18.7,34,2023-12-21 04:00:00,Chennai,13.0827,80.2707
27.7,68,19.7,38,2023-12-21 05:00:00,Chennai,13.0827,80.2707
28.0,66,20.2,40,2023-12-21 06:00:00,Chennai,13.0827,80.2707
28.1,65,20.1,43,2023-12-21 07:00:00,Chennai,13.0827,80.2707
27.9,65,19.6,44,2023-12-21 08:00:00,Chennai,13.0827,80.2707
27.4,67,19.3,45,2023-12-21 09:00:00,Chennai,13.0827,80.2707
27.0,68,18.3,45,2023-12-21 10:00:00,Chennai,13.0827,80.2707
26.4,69,17.4,38,2023-12-21 11:00:00,Chennai,13.0827,80.2707
25.6,72,15.1,33,2023-12-21 12:00:00,Chennai,13.0827,80.2707
25.7,75,14.8,34,2023-12-21 13:00:00,Chennai,13.0827,80.2707
25.2,77,13.9,37,2023-12-21 14:00:00,Chennai,13.0827,80.2707
24.9,79,12.9,36,2023-12-21 15:00:00,Chennai,13.0827,80.2707
24.7,79,12.7,35,2023-12-21 16:00:00,Chennai,13.0827,80.2707
24.5,80,11.8,31,2023-12-21 17:00:00,Chennai,13.0827,80.2707
24.2,81,10.7,33,2023-12-21 18:00:00,Chennai,13.0827,80.2707
24.0,83,9.8,36,2023-12-21 19:00:00,Chennai,13.0827,80.2707
23.7,85,9.1,34,2023-12-21 20:00:00,Chennai,13.0827,80.2707
23.5,87,8.4,31,2023-12-21 21:00:00,Chennai,13.0827,80.2707
23.3,87,9.0,29,2023-12-21 22:00:00,Chennai,13.0827,80.2707
23.1,88,9.4,23,2023-12-21 23:00:00,Chennai,13.0827,80.2707
22.9,89,8.2,15,2023-12-22 00:00:00,Chennai,13.0827,80.2707
23.4,87,9.8,8,2023-12-22 01:00:00,Chennai,13.0827,80.2707
24.4,85,11.2,4,2023-12-22 02:00:00,Chennai,13.0827,80.2707
25.9,76,14.3,18,2023-12-22 03:00:00,Chennai,13.0827,80.2707
26.8,71,15.9,25,2023-12-22 04:00:00,Chennai,13.0827,80.2707
27.4,68,16.3,25,2023-12-22 05:00:00,Chennai,13.0827,80.2707
27.7,66,17.6,26,2023-12-22 06:00:00,Chennai,13.0827,80.2707
27.8,64,17.9,25,2023-12-22 07:00:00,Chennai,13.0827,80.2707
27.5,60,17.1,28,2023-12-22 08:00:00,Chennai,13.0827,80.2707
27.2,61,16.5,32,2023-12-22 09:00:00,Chennai,13.0827,80.2707
26.7,64,15.3,34,2023-12-22 10:00:00,Chennai,13.0827,80.2707
26.0,67,13.4,36,2023-12-22 11:00:00,Chennai,13.0827,80.2707
24.9,73,10.8,37,2023-12-22 12:00:00,Chennai,13.0827,80.2707
24.0,76,9.1,34,2023-12-22 13:00:00,Chennai,13.0827,80.2707
23.6,78,8.5,36,2023-12-22 14:00:00,Chennai,13.0827,80.2707
23.4,80,8.4,40,2023-12-22 15:00:00,Chennai,13.0827,80.2707
23.4,81,8.7,38,2023-12-22 16:00:00,Chennai,13.0827,80.2707
23.2,81,8.6,33,2023-12-22 17:00:00,Chennai,13.0827,80.2707
22.8,83,8.2,23,2023-12-22 18:00:00,Chennai,13.0827,80.2707
22.5,85,7.6,19,2023-12-22 19:00:00,Chennai,13.0827,80.2707
22.5,84,8.4,20,2023-12-22 20:00:00,Chennai,13.0827,80.2707
22.2,85,7.7,11,2023-12-22 21:00:00,Chennai,13.0827,80.2707
21.5,88,5.8,360,2023-12-22 22:00:00,Chennai,13.0827,80.2707
21.2,89,5.8,353,2023-12-22 23:00:00,Chennai,13.0827,80.2707
20.9,90,6.0,343,2023-12-23 00:00:00,Chennai,13.0827,80.2707
21.0,91,6.1,320,2023-12-23 01:00:00,Chennai,13.0827,80.2707
22.1,88,8.9,320,2023-12-23 02:00:00,Chennai,13.0827,80.2707
24.1,83,6.8,335,2023-12-23 03:00:00,Chennai,13.0827,80.2707
26.0,72,7.1,24,2023-12-23 04:00:00,Chennai,13.0827,80.2707
27.1,59,10.4,56,2023-12-23 05:00:00,Chennai,13.0827,80.2707
27.6,57,11.5,58,2023-12-23 06:00:00,Chennai,13.0827,80.2707
27.7,59,12.2,56,2023-12-23 07:00:00,Chennai,13.0827,80.2707
27.4,62,13.6,50,2023-12-23 08:00:00,Chennai,13.0827,80.2707
26.9,65,14.3,45,2023-12-23 09:00:00,Chennai,13.0827,80.2707
26.3,67,14.8,43,2023-12-23 10:00:00,Chennai,13.0827,80.2707
25.9,68,14.3,41,2023-12-23 11:00:00,Chennai,13.0827,80.2707
25.2,71,12.1,37,2023-12-23 12:00:00,Chennai,13.0827,80.2707
24.8,73,11.8,23,2023-12-23 13:00:00,Chennai,13.0827,80.2707
24.5,75,11.3,27,2023-12-23 14:00:00,Chennai,13.0827,80.2707
24.4,75,10.6,24,2023-12-23 15:00:00,Chennai,13.0827,80.2707
24.1,77,10.5,16,2023-12-23 16:00:00,Chennai,13.0827,80.2707
23.7,79,10.9,8,2023-12-23 17:00:00,Chennai,13.0827,80.2707
23.5,79,11.5,358,2023-12-23 18:00:00,Chennai,13.0827,80.2707
23.4,79,10.1,6,2023-12-23 19:00:00,Chennai,13.0827,80.2707
23.2,79,9.8,6,2023-12-23 20:00:00,Chennai,13.0827,80.2707
22.9,81,7.6,3,2023-12-23 21:00:00,Chennai,13.0827,80.2707
22.5,84,6.6,347,2023-12-23 22:00:00,Chennai,13.0827,80.2707
22.2,86,10.6,332,2023-12-23 23:00:00,Chennai,13.0827,80.2707
21.6,89,13.3,327,2023-12-24 00:00:00,Chennai,13.0827,80.2707
22.5,82,16.2,343,2023-12-24 01:00:00,Chennai,13.0827,80.2707
23.4,81,13.6,348,2023-12-24 02:00:00,Chennai,13.0827,80.2707
25.1,79,15.2,346,2023-12-24 03:00:00,Chennai,13.0827,80.2707
26.6,77,16.9,358,2023-12-24 04:00:00,Chennai,13.0827,80.2707
28.0,70,23.2,30,2023-12-24 05:00:00,Chennai,13.0827,80.2707
28.3,67,23.5,36,2023-12-24 06:00:00,Chennai,13.0827,80.2707
28.2,66,24.4,34,2023-12-24 07:00:00,Chennai,13.0827,80.2707
28.4,65,24.7,37,2023-12-24 08:00:00,Chennai,13.0827,80.2707
27.4,72,22.5,39,2023-12-24 09:00:00,Chennai,13.0827,80.2707
27.3,72,21.5,35,2023-12-24 10:00:00,Chennai,13.0827,80.2707
27.1,73,20.5,38,2023-12-24 11:00:00,Chennai,13.0827,80.2707
26.5,75,17.0,36,2023-12-24 12:00:00,Chennai,13.0827,80.2707
26.1,75,14.8,13,2023-12-24 13:00:00,Chennai,13.0827,80.2707
25.8,78,15.5,13,2023-12-24 14:00:00,Chennai,13.0827,80.2707
25.8,79,15.7,16,2023-12-24 15:00:00,Chennai,13.0827,80.2707
26.1,77,14.5,23,2023-12-24 16:00:00,Chennai,13.0827,80.2707
26.2,78,17.6,31,2023-12-24 17:00:00,Chennai,13.0827,80.2707
25.7,83,17.1,46,2023-12-24 18:00:00,Chennai,13.0827,80.2707
25.1,86,15.8,60,2023-12-24 19:00:00,Chennai,13.0827,80.2707
25.0,88,13.5,48,2023-12-24 20:00:00,Chennai,13.0827,80.2707
24.4,91,13.4,59,2023-12-24 21:00:00,Chennai,13.0827,80.2707
24.3,91,15.0,44,2023-12-24 22:00:00,Chennai,13.0827,80.2707
24.0,93,13.5,48,2023-12-24 23:00:00,Chennai,13.0827,80.2707
24.3,91,12.4,30,2023-12-25 00:00:00,Chennai,13.0827,80.2707
24.0,94,13.4,6,2023-12-25 01:00:00,Chennai,13.0827,80.2707
24.6,91,14.0,23,2023-12-25 02:00:00,Chennai,13.0827,80.2707
25.2,87,14.6,38,2023-12-25 03:00:00,Chennai,13.0827,80.2707
26.2,85,16.6,30,2023-12-25 04:00:00,Chennai,13.0827,80.2707
26.8,80,17.3,42,2023-12-25 05:00:00,Chennai,13.0827,80.2707
27.0,80,19.1,43,2023-12-25 06:00:00,Chennai,13.0827,80.2707
27.6,77,22.2,43,2023-12-25 07:00:00,Chennai,13.0827,80.2707
28.0,74,23.4,46,2023-12-25 08:00:00,Chennai,13.0827,80.2707
28.0,74,23.4,47,2023-12-25 09:00:00,Chennai,13.0827,80.2707
27.4,76,21.9,46,2023-12-25 10:00:00,Chennai,13.0827,80.2707
26.9,78,21.1,44,2023-12-25 11:00:00,Chennai,13.0827,80.2707
26.0,82,17.9,40,2023-12-25 12:00:00,Chennai,13.0827,80.2707
25.2,84,13.8,33,2023-12-25 13:00:00,Chennai,13.0827,80.2707
24.8,87,13.2,29,2023-12-25 14:00:00,Chennai,13.0827,80.2707
24.7,88,14.4,32,2023-12-25 15:00:00,Chennai,13.0827,80.2707
24.6,88,15.3,34,2023-12-25 16:00:00,Chennai,13.0827,80.2707
24.6,88,14.4,37,2023-12-25 17:00:00,Chennai,13.0827,80.2707
24.4,88,12.3,38,2023-12-25 18:00:00,Chennai,13.0827,80.2707
24.0,89,11.3,37,2023-12-25 19:00:00,Chennai,13.0827,80.2707
23.5,89,9.0,29,2023-12-25 20:00:00,Chennai,13.0827,80.2707
22.9,90,7.2,18,2023-12-25 21:00:00,Chennai,13.0827,80.2707
22.5,91,6.9,6,2023-12-25 22:00:00,Chennai,13.0827,80.2707
22.2,92,7.0,348,2023-12-25 23:00:00,Chennai,13.0827,80.2707
22.1,92,8.3,326,2023-12-26 00:00:00,Chennai,13.0827,80.2707
21.2,95,11.5,316,2023-12-26 01:00:00,Chennai,13.0827,80.2707
22.1,93,12.5,319,2023-12-26 02:00:00,Chennai,13.0827,80.2707
24.1,84,12.4,324,2023-12-26 03:00:00,Chennai,13.0827,80.2707
26.0,78,13.7,3,2023-12-26 04:00:00,Chennai,13.0827,80.2707
27.0,73,18.4,28,2023-12-26 05:00:00,Chennai,13.0827,80.2707
27.5,69,21.9,33,2023-12-26 06:00:00,Chennai,13.0827,80.2707
27.8,69,23.1,34,2023-12-26 07:00:00,Chennai,13.0827,80.2707
27.9,68,22.7,36,2023-12-26 08:00:00,Chennai,13.0827,80.2707
27.9,67,20.8,34,2023-12-26 09:00:00,Chennai,13.0827,80.2707
27.4,67,19.7,35,2023-12-26 10:00:00,Chennai,13.0827,80.2707
26.7,70,18.9,35,2023-12-26 11:00:00,Chennai,13.0827,80.2707
25.8,74,14.8,34,2023-12-26 12:00:00,Chennai,13.0827,80.2707
25.4,78,13.0,28,2023-12-26 13:00:00,Chennai,13.0827,80.2707
24.9,79,11.9,29,2023-12-26 14:00:00,Chennai,13.0827,80.2707
24.6,79,11.2,33,2023-12-26 15:00:00,Chennai,13.0827,80.2707
24.7,78,10.0,26,2023-12-26 16:00:00,Chennai,13.0827,80.2707
25.1,76,12.6,31,2023-12-26 17:00:00,Chennai,13.0827,80.2707
25.0,76,13.8,41,2023-12-26 18:00:00,Chennai,13.0827,80.2707
25.1,77,13.6,37,2023-12-26 19:00:00,Chennai,13.0827,80.2707
24.9,79,14.1,38,2023-12-26 20:00:00,Chennai,13.0827,80.2707
24.5,83,13.8,41,2023-12-26 21:00:00,Chennai,13.0827,80.2707
24.2,85,12.3,38,2023-12-26 22:00:00,Chennai,13.0827,80.2707
24.1,85,11.3,31,2023-12-26 23:00:00,Chennai,13.0827,80.2707
23.9,86,10.2,18,2023-12-27 00:00:00,Chennai,13.0827,80.2707
23.4,86,9.5,9,2023-12-27 01:00:00,Chennai,13.0827,80.2707
24.3,84,11.5,4,2023-12-27 02:00:00,Chennai,13.0827,80.2707
25.9,78,14.0,12,2023-12-27 03:00:00,Chennai,13.0827,80.2707
27.1,70,20.6,29,2023-12-27 04:00:00,Chennai,13.0827,80.2707
27.9,64,22.2,32,2023-12-27 05:00:00,Chennai,13.0827,80.2707
28.1,62,22.9,33,2023-12-27 06:00:00,Chennai,13.0827,80.2707
28.1,62,21.6,30,2023-12-27 07:00:00,Chennai,13.0827,80.2707
28.0,62,21.9,30,2023-12-27 08:00:00,Chennai,13.0827,80.2707
27.6,63,22.2,29,2023-12-27 09:00:00,Chennai,13.0827,80.2707
27.0,65,22.6,31,2023-12-27 10:00:00,Chennai,13.0827,80.2707
26.4,66,22.4,37,2023-12-27 11:00:00,Chennai,13.0827,80.2707
25.8,69,17.4,40,2023-12-27 12:00:00,Chennai,13.0827,80.2707
26.1,72,17.9,30,2023-12-27 13:00:00,Chennai,13.0827,80.2707
26.0,73,16.9,27,2023-12-27 14:00:00,Chennai,13.0827,80.2707
25.6,75,16.5,23,2023-12-27 15:00:00,Chennai,13.0827,80.2707
25.9,75,15.8,30,2023-12-27 16:00:00,Chennai,13.0827,80.2707
26.2,75,17.3,23,2023-12-27 17:00:00,Chennai,13.0827,80.2707
25.5,79,14.3,34,2023-12-27 18:00:00,Chennai,13.0827,80.2707
25.5,80,14.7,28,2023-12-27 19:00:00,Chennai,13.0827,80.2707
25.6,80,15.5,28,2023-12-27 20:00:00,Chennai,13.0827,80.2707
25.4,82,14.3,28,2023-12-27 21:00:00,Chennai,13.0827,80.2707
24.9,84,12.6,31,2023-12-27 22:00:00,Chennai,13.0827,80.2707
24.5,87,11.9,29,2023-12-27 23:00:00,Chennai,13.0827,80.2707
24.3,89,12.1,23,2023-12-28 00:00:00,Chennai,13.0827,80.2707
24.2,91,14.2,27,2023-12-28 01:00:00,Chennai,13.0827,80.2707
24.8,89,16.1,27,2023-12-28 02:00:00,Chennai,13.0827,80.2707
25.6,84,19.2,30,2023-12-28 03:00:00,Chennai,13.0827,80.2707
26.3,82,20.6,33,2023-12-28 04:00:00,Chennai,13.0827,80.2707
27.1,77,20.9,42,2023-12-28 05:00:00,Chennai,13.0827,80.2707
28.0,73,22.2,47,2023-12-28 06:00:00,Chennai,13.0827,80.2707
28.4,71,22.7,46,2023-12-28 07:00:00,Chennai,13.0827,80.2707
28.4,70,21.9,46,2023-12-28 08:00:00,Chennai,13.0827,80.2707
28.1,71,20.4,48,2023-12-28 09:00:00,Chennai,13.0827,80.2707
27.7,71,20.4,45,2023-12-28 10:00:00,Chennai,13.0827,80.2707
27.0,73,20.2,41,2023-12-28 11:00:00,Chennai,13.0827,80.2707
26.4,76,17.5,37,2023-12-28 12:00:00,Chennai,13.0827,80.2707
26.0,76,14.8,26,2023-12-28 13:00:00,Chennai,13.0827,80.2707
25.8,78,14.5,27,2023-12-28 14:00:00,Chennai,13.0827,80.2707
25.5,80,14.0,26,2023-12-28 15:00:00,Chennai,13.0827,80.2707
25.5,80,13.6,22,2023-12-28 16:00:00,Chennai,13.0827,80.2707
25.2,81,14.5,27,2023-12-28 17:00:00,Chennai,13.0827,80.2707
25.1,82,13.6,32,2023-12-28 18:00:00,Chennai,13.0827,80.2707
25.2,82,15.1,28,2023-12-28 19:00:00,Chennai,13.0827,80.2707
24.8,84,14.2,27,2023-12-28 20:00:00,Chennai,13.0827,80.2707
24.8,84,13.2,26,2023-12-28 21:00:00,Chennai,13.0827,80.2707
24.5,86,12.4,30,2023-12-28 22:00:00,Chennai,13.0827,80.2707
24.4,87,11.8,23,2023-12-28 23:00:00,Chennai,13.0827,80.2707
24.2,88,11.6,22,2023-12-29 00:00:00,Chennai,13.0827,80.2707
24.5,90,13.9,21,2023-12-29 01:00:00,Chennai,13.0827,80.2707
24.9,90,15.5,28,2023-12-29 02:00:00,Chennai,13.0827,80.2707
26.1,83,17.7,38,2023-12-29 03:00:00,Chennai,13.0827,80.2707
27.0,78,20.6,44,2023-12-29 04:00:00,Chennai,13.0827,80.2707
27.8,74,22.8,51,2023-12-29 05:00:00,Chennai,13.0827,80.2707
28.2,71,23.9,56,2023-12-29 06:00:00,Chennai,13.0827,80.2707
28.4,71,22.8,59,2023-12-29 07:00:00,Chennai,13.0827,80.2707
28.2,71,23.0,58,2023-12-29 08:00:00,Chennai,13.0827,80.2707
27.8,73,22.2,54,2023-12-29 09:00:00,Chennai,13.0827,80.2707
27.5,74,21.4,54,2023-12-29 10:00:00,Chennai,13.0827,80.2707
26.8,76,20.2,49,2023-12-29 11:00:00,Chennai,13.0827,80.2707
26.2,78,18.3,45,2023-12-29 12:00:00,Chennai,13.0827,80.2707
25.6,80,16.1,42,2023-12-29 13:00:00,Chennai,13.0827,80.2707
25.4,81,15.8,41,2023-12-29 14:00:00,Chennai,13.0827,80.2707
25.2,82,15.5,36,2023-12-29 15:00:00,Chennai,13.0827,80.2707
25.0,83,14.2,36,2023-12-29 16:00:00,Chennai,13.0827,80.2707
24.8,84,12.7,35,2023-12-29 17:00:00,Chennai,13.0827,80.2707
24.6,85,12.9,36,2023-12-29 18:00:00,Chennai,13.0827,80.2707
24.5,86,13.0,39,2023-12-29 19:00:00,Chennai,13.0827,80.2707
24.3,87,12.9,36,2023-12-29 20:00:00,Chennai,13.0827,80.2707
24.2,88,12.9,30,2023-12-29 21:00:00,Chennai,13.0827,80.2707
24.0,89,12.8,32,2023-12-29 22:00:00,Chennai,13.0827,80.2707
24.0,88,13.5,29,2023-12-29 23:00:00,Chennai,13.0827,80.2707
23.9,88,14.3,25,2023-12-30 00:00:00,Chennai,13.0827,80.2707
24.1,86,12.1,27,2023-12-30 01:00:00,Chennai,13.0827,80.2707
25.0,83,13.9,25,2023-12-30 02:00:00,Chennai,13.0827,80.2707
26.2,77,18.8,36,2023-12-30 03:00:00,Chennai,13.0827,80.2707
27.0,73,17.9,40,2023-12-30 04:00:00,Chennai,13.0827,80.2707
27.7,70,17.6,41,2023-12-30 05:00:00,Chennai,13.0827,80.2707
28.2,67,17.8,42,2023-12-30 06:00:00,Chennai,13.0827,80.2707
28.3,66,17.3,43,2023-12-30 07:00:00,Chennai,13.0827,80.2707
28.2,65,17.3,42,2023-12-30 08:00:00,Chennai,13.0827,80.2707
28.0,64,17.6,41,2023-12-30 09:00:00,Chennai,13.0827,80.2707
27.5,66,18.2,39,2023-12-30 10:00:00,Chennai,13.0827,80.2707
26.8,68,17.8,36,2023-12-30 11:00:00,Chennai,13.0827,80.2707
25.9,72,15.3,39,2023-12-30 12:00:00,Chennai,13.0827,80.2707
25.0,78,14.0,35,2023-12-30 13:00:00,Chennai,13.0827,80.2707
24.8,79,13.6,40,2023-12-30 14:00:00,Chennai,13.0827,80.2707
24.6,79,12.2,45,2023-12-30 15:00:00,Chennai,13.0827,80.2707
24.5,79,10.7,50,2023-12-30 16:00:00,Chennai,13.0827,80.2707
24.5,80,10.5,49,2023-12-30 17:00:00,Chennai,13.0827,80.2707
24.4,80,10.9,46,2023-12-30 18:00:00,Chennai,13.0827,80.2707
24.1,81,9.9,46,2023-12-30 19:00:00,Chennai,13.0827,80.2707
23.8,83,9.9,44,2023-12-30 20:00:00,Chennai,13.0827,80.2707
23.7,83,10.2,39,2023-12-30 21:00:00,Chennai,13.0827,80.2707
23.4,84,9.5,37,2023-12-30 22:00:00,Chennai,13.0827,80.2707
23.3,84,9.1,34,2023-12-30 23:00:00,Chennai,13.0827,80.2707
23.2,84,8.9,32,2023-12-31 00:00:00,Chennai,13.0827,80.2707
24.0,85,9.4,32,2023-12-31 01:00:00,Chennai,13.0827,80.2707
24.8,84,10.1,27,2023-12-31 02:00:00,Chennai,13.0827,80.2707
26.0,76,13.3,41,2023-12-31 03:00:00,Chennai,13.0827,80.2707
27.0,71,16.4,50,2023-12-31 04:00:00,Chennai,13.0827,80.2707
27.6,67,16.3,47,2023-12-31 05:00:00,Chennai,13.0827,80.2707
27.9,66,17.6,46,2023-12-31 06:00:00,Chennai,13.0827,80.2707
28.1,64,17.1,48,2023-12-31 07:00:00,Chennai,13.0827,80.2707
28.0,63,17.1,49,2023-12-31 08:00:00,Chennai,13.0827,80.2707
27.6,63,17.1,49,2023-12-31 09:00:00,Chennai,13.0827,80.2707
27.1,64,16.6,48,2023-12-31 10:00:00,Chennai,13.0827,80.2707
26.6,65,17.1,46,2023-12-31 11:00:00,Chennai,13.0827,80.2707
25.8,69,14.3,45,2023-12-31 12:00:00,Chennai,13.0827,80.2707
25.5,72,13.3,41,2023-12-31 13:00:00,Chennai,13.0827,80.2707
25.1,75,13.0,44,2023-12-31 14:00:00,Chennai,13.0827,80.2707
25.0,75,12.0,49,2023-12-31 15:00:00,Chennai,13.0827,80.2707
24.8,76,11.2,50,2023-12-31 16:00:00,Chennai,13.0827,80.2707
24.6,76,10.8,53,2023-12-31 17:00:00,Chennai,13.0827,80.2707
24.2,78,10.0,49,2023-12-31 18:00:00,Chennai,13.0827,80.2707
24.1,79,9.4,50,2023-12-31 19:00:00,Chennai,13.0827,80.2707
23.8,81,8.9,47,2023-12-31 20:00:00,Chennai,13.0827,80.2707
23.6,81,8.7,42,2023-12-31 21:00:00,Chennai,13.0827,80.2707
23.7,81,9.2,31,2023-12-31 22:00:00,Chennai,13.0827,80.2707
23.5,82,9.8,24,2023-12-31 23:00:00,Chennai,13.0827,80.2707
22.9,85,8.6,15,2024-01-01 00:00:00,Chennai,13.0827,80.2707
23.1,84,7.9,344,2024-01-01 01:00:00,Chennai,13.0827,80.2707
23.9,83,9.3,344,2024-01-01 02:00:00,Chennai,13.0827,80.2707
25.6,77,9.7,358,2024-01-01 03:00:00,Chennai,13.0827,80.2707
27.2,63,10.2,32,2024-01-01 04:00:00,Chennai,13.0827,80.2707
28.0,60,11.5,46,2024-01-01 05:00:00,Chennai,13.0827,80.2707
28.5,58,12.3,52,2024-01-01 06:00:00,Chennai,13.0827,80.2707
28.7,57,14.0,48,2024-01-01 07:00:00,Chennai,13.0827,80.2707
28.4,58,16.6,49,2024-01-01 08:00:00,Chennai,13.0827,80.2707
28.0,60,17.1,48,2024-01-01 09:00:00,Chennai,13.0827,80.2707
27.4,61,16.1,50,2024-01-01 10:00:00,Chennai,13.0827,80.2707
26.6,62,15.9,51,2024-01-01 11:00:00,Chennai,13.0827,80.2707
25.6,65,12.0,51,2024-01-01 12:00:00,Chennai,13.0827,80.2707
25.4,70,12.5,51,2024-01-01 13:00:00,Chennai,13.0827,80.2707
25.2,71,13.0,51,2024-01-01 14:00:00,Chennai,13.0827,80.2707
25.0,72,12.8,52,2024-01-01 15:00:00,Chennai,13.0827,80.2707
24.9,72,10.5,49,2024-01-01 16:00:00,Chennai,13.0827,80.2707
24.5,74,8.9,47,2024-01-01 17:00:00,Chennai,13.0827,80.2707
24.5,74,10.7,48,2024-01-01 18:00:00,Chennai,13.0827,80.2707
24.4,74,10.0,49,2024-01-01 19:00:00,Chennai,13.0827,80.2707
24.0,76,9.4,47,2024-01-01 20:00:00,Chennai,13.0827,80.2707
23.9,77,9.2,39,2024-01-01 21:00:00,Chennai,13.0827,80.2707
23.5,79,8.5,36,2024-01-01 22:00:00,Chennai,13.0827,80.2707
23.5,79,8.1,32,2024-01-01 23:00:00,Chennai,13.0827,80.2707
23.1,81,7.2,27,2024-01-02 00:00:00,Chennai,13.0827,80.2707
23.0,82,6.5,360,2024-01-02 01:00:00,Chennai,13.0827,80.2707
24.2,78,7.6,360,2024-01-02 02:00:00,Chennai,13.0827,80.2707
26.0,73,6.9,28,2024-01-02 03:00:00,Chennai,13.0827,80.2707
27.5,62,11.8,52,2024-01-02 04:00:00,Chennai,13.0827,80.2707
27.2,62,13.9,59,2024-01-02 05:00:00,Chennai,13.0827,80.2707
27.4,63,13.6,58,2024-01-02 06:00:00,Chennai,13.0827,80.2707
27.8,61,13.1,53,2024-01-02 07:00:00,Chennai,13.0827,80.2707
27.8,60,13.8,57,2024-01-02 08:00:00,Chennai,13.0827,80.2707
26.8,63,16.5,58,2024-01-02 09:00:00,Chennai,13.0827,80.2707
26.7,65,15.3,56,2024-01-02 10:00:00,Chennai,13.0827,80.2707
26.6,65,14.3,51,2024-01-02 11:00:00,Chennai,13.0827,80.2707
26.0,66,11.0,52,2024-01-02 12:00:00,Chennai,13.0827,80.2707
25.9,67,10.7,45,2024-01-02 13:00:00,Chennai,13.0827,80.2707
25.5,71,12.2,47,2024-01-02 14:00:00,Chennai,13.0827,80.2707
25.2,72,8.9,43,2024-01-02 15:00:00,Chennai,13.0827,80.2707
25.6,70,11.2,50,2024-01-02 16:00:00,Chennai,13.0827,80.2707
25.8,69,12.4,54,2024-01-02 17:00:00,Chennai,13.0827,80.2707
25.7,69,12.3,50,2024-01-02 18:00:00,Chennai,13.0827,80.2707
25.6,69,11.5,51,2024-01-02 19:00:00,Chennai,13.0827,80.2707
25.0,72,11.5,51,2024-01-02 20:00:00,Chennai,13.0827,80.2707
24.6,74,10.4,46,2024-01-02 21:00:00,Chennai,13.0827,80.2707
24.1,76,7.9,43,2024-01-02 22:00:00,Chennai,13.0827,80.2707
23.8,78,6.9,43,2024-01-02 23:00:00,Chennai,13.0827,80.2707
23.8,78,7.0,55,2024-01-03 00:00:00,Chennai,13.0827,80.2707
23.6,79,6.1,3,2024-01-03 01:00:00,Chennai,13.0827,80.2707
25.0,76,7.4,39,2024-01-03 02:00:00,Chennai,13.0827,80.2707
26.6,66,13.1,58,2024-01-03 03:00:00,Chennai,13.0827,80.2707
26.9,66,15.9,62,2024-01-03 04:00:00,Chennai,13.0827,80.2707
27.2,66,15.8,66,2024-01-03 05:00:00,Chennai,13.0827,80.2707
27.2,65,15.0,63,2024-01-03 06:00:00,Chennai,13.0827,80.2707
28.0,61,15.6,64,2024-01-03 07:00:00,Chennai,13.0827,80.2707
28.0,61,16.6,66,2024-01-03 08:00:00,Chennai,13.0827,80.2707
28.2,59,16.9,66,2024-01-03 09:00:00,Chennai,13.0827,80.2707
27.8,60,16.4,64,2024-01-03 10:00:00,Chennai,13.0827,80.2707
27.2,61,16.4,64,2024-01-03 11:00:00,Chennai,13.0827,80.2707
26.6,63,13.7,60,2024-01-03 12:00:00,Chennai,13.0827,80.2707
26.5,69,14.0,72,2024-01-03 13:00:00,Chennai,13.0827,80.2707
26.3,70,14.7,79,2024-01-03 14:00:00,Chennai,13.0827,80.2707
26.2,70,14.6,81,2024-01-03 15:00:00,Chennai,13.0827,80.2707
25.9,72,13.9,80,2024-01-03 16:00:00,Chennai,13.0827,80.2707
25.8,73,13.2,79,2024-01-03 17:00:00,Chennai,13.0827,80.2707
25.6,73,12.0,74,2024-01-03 18:00:00,Chennai,13.0827,80.2707
25.3,75,10.6,72,2024-01-03 19:00:00,Chennai,13.0827,80.2707
25.5,74,10.2,82,2024-01-03 20:00:00,Chennai,13.0827,80.2707
25.0,77,8.6,90,2024-01-03 21:00:00,Chennai,13.0827,80.2707
25.0,78,7.6,82,2024-01-03 22:00:00,Chennai,13.0827,80.2707
24.9,78,9.1,72,2024-01-03 23:00:00,Chennai,13.0827,80.2707
24.7,78,8.8,55,2024-01-04 00:00:00,Chennai,13.0827,80.2707
25.1,79,7.1,66,2024-01-04 01:00:00,Chennai,13.0827,80.2707
25.9,77,9.7,63,2024-01-04 02:00:00,Chennai,13.0827,80.2707
27.1,69,11.1,65,2024-01-04 03:00:00,Chennai,13.0827,80.2707
28.0,63,13.1,69,2024-01-04 04:00:00,Chennai,13.0827,80.2707
28.8,60,17.0,73,2024-01-04 05:00:00,Chennai,13.0827,80.2707
29.0,59,18.0,74,2024-01-04 06:00:00,Chennai,13.0827,80.2707
28.6,60,19.4,72,2024-01-04 07:00:00,Chennai,13.0827,80.2707
27.6,67,18.2,76,2024-01-04 08:00:00,Chennai,13.0827,80.2707
27.5,67,18.4,64,2024-01-04 09:00:00,Chennai,13.0827,80.2707
26.5,71,16.5,58,2024-01-04 10:00:00,Chennai,13.0827,80.2707
26.4,70,18.7,60,2024-01-04 11:00:00,Chennai,13.0827,80.2707
26.1,70,17.4,60,2024-01-04 12:00:00,Chennai,13.0827,80.2707
25.5,75,12.7,61,2024-01-04 13:00:00,Chennai,13.0827,80.2707
25.8,73,13.6,73,2024-01-04 14:00:00,Chennai,13.0827,80.2707
26.0,72,12.9,72,2024-01-04 15:00:00,Chennai,13.0827,80.2707
26.1,70,12.4,68,2024-01-04 16:00:00,Chennai,13.0827,80.2707
25.9,72,10.8,69,2024-01-04 17:00:00,Chennai,13.0827,80.2707
25.9,72,9.8,66,2024-01-04 18:00:00,Chennai,13.0827,80.2707
25.7,72,8.2,67,2024-01-04 19:00:00,Chennai,13.0827,80.2707
25.5,73,6.9,62,2024-01-04 20:00:00,Chennai,13.0827,80.2707
25.5,72,9.1,72,2024-01-04 21:00:00,Chennai,13.0827,80.2707
25.0,75,5.6,63,2024-01-04 22:00:00,Chennai,13.0827,80.2707
24.5,78,5.4,42,2024-01-04 23:00:00,Chennai,13.0827,80.2707
24.5,78,5.6,50,2024-01-05 00:00:00,Chennai,13.0827,80.2707
25.0,83,8.1,21,2024-01-05 01:00:00,Chennai,13.0827,80.2707
25.0,86,8.0,5,2024-01-05 02:00:00,Chennai,13.0827,80.2707
25.6,85,6.9,354,2024-01-05 03:00:00,Chennai,13.0827,80.2707
26.5,76,9.5,9,2024-01-05 04:00:00,Chennai,13.0827,80.2707
27.3,68,13.7,30,2024-01-05 05:00:00,Chennai,13.0827,80.2707
28.1,63,15.5,44,2024-01-05 06:00:00,Chennai,13.0827,80.2707
29.0,58,15.3,49,2024-01-05 07:00:00,Chennai,13.0827,80.2707
29.0,55,15.6,52,2024-01-05 08:00:00,Chennai,13.0827,80.2707
28.9,56,15.8,55,2024-01-05 09:00:00,Chennai,13.0827,80.2707
28.5,58,16.9,50,2024-01-05 10:00:00,Chennai,13.0827,80.2707
28.1,58,14.6,50,2024-01-05 11:00:00,Chennai,13.0827,80.2707
27.2,65,15.5,48,2024-01-05 12:00:00,Chennai,13.0827,80.2707
26.5,69,13.0,44,2024-01-05 13:00:00,Chennai,13.0827,80.2707
26.4,71,12.5,41,2024-01-05 14:00:00,Chennai,13.0827,80.2707
26.1,74,11.7,43,2024-01-05 15:00:00,Chennai,13.0827,80.2707
26.0,75,11.9,55,2024-01-05 16:00:00,Chennai,13.0827,80.2707
25.9,75,12.9,54,2024-01-05 17:00:00,Chennai,13.0827,80.2707
25.5,79,15.0,44,2024-01-05 18:00:00,Chennai,13.0827,80.2707
25.0,82,12.8,38,2024-01-05 19:00:00,Chennai,13.0827,80.2707
24.9,83,13.0,46,2024-01-05 20:00:00,Chennai,13.0827,80.2707
24.9,83,11.0,41,2024-01-05 21:00:00,Chennai,13.0827,80.2707
24.6,85,9.3,28,2024-01-05 22:00:00,Chennai,13.0827,80.2707
24.1,88,5.6,45,2024-01-05 23:00:00,Chennai,13.0827,80.2707
24.0,89,7.6,45,2024-01-06 00:00:00,Chennai,13.0827,80.2707
24.5,91,12.5,33,2024-01-06 01:00:00,Chennai,13.0827,80.2707
24.8,89,16.7,33,2024-01-06 02:00:00,Chennai,13.0827,80.2707
25.5,82,19.5,38,2024-01-06 03:00:00,Chennai,13.0827,80.2707
26.1,79,19.3,45,2024-01-06 04:00:00,Chennai,13.0827,80.2707
27.6,73,21.5,55,2024-01-06 05:00:00,Chennai,13.0827,80.2707
28.0,72,22.3,59,2024-01-06 06:00:00,Chennai,13.0827,80.2707
28.1,71,22.4,60,2024-01-06 07:00:00,Chennai,13.0827,80.2707
28.3,70,22.8,55,2024-01-06 08:00:00,Chennai,13.0827,80.2707
28.1,71,23.4,53,2024-01-06 09:00:00,Chennai,13.0827,80.2707
27.6,71,23.0,50,2024-01-06 10:00:00,Chennai,13.0827,80.2707
27.1,73,21.9,48,2024-01-06 11:00:00,Chennai,13.0827,80.2707
26.8,74,20.4,45,2024-01-06 12:00:00,Chennai,13.0827,80.2707
26.1,75,14.7,36,2024-01-06 13:00:00,Chennai,13.0827,80.2707
26.0,76,14.5,42,2024-01-06 14:00:00,Chennai,13.0827,80.2707
26.0,76,12.5,46,2024-01-06 15:00:00,Chennai,13.0827,80.2707
26.1,76,12.5,41,2024-01-06 16:00:00,Chennai,13.0827,80.2707
26.3,75,12.8,38,2024-01-06 17:00:00,Chennai,13.0827,80.2707
26.3,75,14.1,32,2024-01-06 18:00:00,Chennai,13.0827,80.2707
26.2,74,14.5,23,2024-01-06 19:00:00,Chennai,13.0827,80.2707
26.1,74,14.8,29,2024-01-06 20:00:00,Chennai,13.0827,80.2707
26.0,75,12.7,25,2024-01-06 21:00:00,Chennai,13.0827,80.2707
25.5,78,13.2,11,2024-01-06 22:00:00,Chennai,13.0827,80.2707
25.2,80,13.7,18,2024-01-06 23:00:00,Chennai,13.0827,80.2707
25.1,79,11.5,14,2024-01-07 00:00:00,Chennai,13.0827,80.2707
25.2,81,11.0,23,2024-01-07 01:00:00,Chennai,13.0827,80.2707
25.3,82,11.0,23,2024-01-07 02:00:00,Chennai,13.0827,80.2707
25.4,83,15.1,33,2024-01-07 03:00:00,Chennai,13.0827,80.2707
25.5,84,17.8,47,2024-01-07 04:00:00,Chennai,13.0827,80.2707
25.9,82,17.5,53,2024-01-07 05:00:00,Chennai,13.0827,80.2707
26.5,79,23.8,51,2024-01-07 06:00:00,Chennai,13.0827,80.2707
26.5,76,21.3,51,2024-01-07 07:00:00,Chennai,13.0827,80.2707
26.6,81,18.9,50,2024-01-07 08:00:00,Chennai,13.0827,80.2707
25.5,83,18.7,62,2024-01-07 09:00:00,Chennai,13.0827,80.2707
26.0,84,17.4,52,2024-01-07 10:00:00,Chennai,13.0827,80.2707
25.4,86,19.7,62,2024-01-07 11:00:00,Chennai,13.0827,80.2707
25.1,87,16.6,49,2024-01-07 12:00:00,Chennai,13.0827,80.2707
24.0,92,17.5,37,2024-01-07 13:00:00,Chennai,13.0827,80.2707
24.2,91,17.1,41,2024-01-07 14:00:00,Chennai,13.0827,80.2707
24.1,92,19.9,45,2024-01-07 15:00:00,Chennai,13.0827,80.2707
24.4,91,17.7,51,2024-01-07 16:00:00,Chennai,13.0827,80.2707
24.3,91,16.7,57,2024-01-07 17:00:00,Chennai,13.0827,80.2707
24.1,92,14.8,61,2024-01-07 18:00:00,Chennai,13.0827,80.2707
24.0,92,13.9,65,2024-01-07 19:00:00,Chennai,13.0827,80.2707
24.4,91,11.6,64,2024-01-07 20:00:00,Chennai,13.0827,80.2707
24.0,92,12.8,68,2024-01-07 21:00:00,Chennai,13.0827,80.2707
24.1,92,13.2,73,2024-01-07 22:00:00,Chennai,13.0827,80.2707
24.4,91,11.4,66,2024-01-07 23:00:00,Chennai,13.0827,80.2707
24.0,92,11.5,58,2024-01-08 00:00:00,Chennai,13.0827,80.2707
24.6,89,16.8,48,2024-01-08 01:00:00,Chennai,13.0827,80.2707
24.5,91,21.4,46,2024-01-08 02:00:00,Chennai,13.0827,80.2707
24.5,91,19.6,44,2024-01-08 03:00:00,Chennai,13.0827,80.2707
24.8,89,22.8,59,2024-01-08 04:00:00,Chennai,13.0827,80.2707
25.5,86,23.7,62,2024-01-08 05:00:00,Chennai,13.0827,80.2707
25.5,86,19.5,62,2024-01-08 06:00:00,Chennai,13.0827,80.2707
25.7,87,15.6,61,2024-01-08 07:00:00,Chennai,13.0827,80.2707
25.5,87,16.0,67,2024-01-08 08:00:00,Chennai,13.0827,80.2707
25.1,89,14.3,56,2024-01-08 09:00:00,Chennai,13.0827,80.2707
25.6,88,14.3,47,2024-01-08 10:00:00,Chennai,13.0827,80.2707
25.5,85,15.3,47,2024-01-08 11:00:00,Chennai,13.0827,80.2707
25.6,83,15.3,47,2024-01-08 12:00:00,Chennai,13.0827,80.2707
26.5,74,17.9,50,2024-01-08 13:00:00,Chennai,13.0827,80.2707
26.8,73,18.3,54,2024-01-08 14:00:00,Chennai,13.0827,80.2707
26.6,75,18.9,55,2024-01-08 15:00:00,Chennai,13.0827,80.2707
26.3,78,17.6,59,2024-01-08 16:00:00,Chennai,13.0827,80.2707
26.3,78,17.1,62,2024-01-08 17:00:00,Chennai,13.0827,80.2707
26.1,78,16.7,65,2024-01-08 18:00:00,Chennai,13.0827,80.2707
25.9,80,14.7,68,2024-01-08 19:00:00,Chennai,13.0827,80.2707
25.8,79,14.0,64,2024-01-08 20:00:00,Chennai,13.0827,80.2707
25.5,80,13.0,62,2024-01-08 21:00:00,Chennai,13.0827,80.2707
25.4,80,13.4,66,2024-01-08 22:00:00,Chennai,13.0827,80.2707
25.5,78,13.7,67,2024-01-08 23:00:00,Chennai,13.0827,80.2707
25.8,76,13.8,62,2024-01-09 00:00:00,Chennai,13.0827,80.2707
25.5,83,15.3,43,2024-01-09 01:00:00,Chennai,13.0827,80.2707
26.0,82,15.1,40,2024-01-09 02:00:00,Chennai,13.0827,80.2707
26.9,76,18.4,50,2024-01-09 03:00:00,Chennai,13.0827,80.2707
27.0,75,20.6,54,2024-01-09 04:00:00,Chennai,13.0827,80.2707
27.5,71,20.7,55,2024-01-09 05:00:00,Chennai,13.0827,80.2707
28.4,68,19.9,55,2024-01-09 06:00:00,Chennai,13.0827,80.2707
28.3,68,20.0,56,2024-01-09 07:00:00,Chennai,13.0827,80.2707
28.2,67,19.5,60,2024-01-09 08:00:00,Chennai,13.0827,80.2707
28.0,67,18.9,59,2024-01-09 09:00:00,Chennai,13.0827,80.2707
27.6,67,20.1,61,2024-01-09 10:00:00,Chennai,13.0827,80.2707
27.1,70,18.8,61,2024-01-09 11:00:00,Chennai,13.0827,80.2707
26.4,73,14.2,60,2024-01-09 12:00:00,Chennai,13.0827,80.2707
26.0,79,16.9,50,2024-01-09 13:00:00,Chennai,13.0827,80.2707
26.0,78,16.1,48,2024-01-09 14:00:00,Chennai,13.0827,80.2707
25.7,79,16.5,46,2024-01-09 15:00:00,Chennai,13.0827,80.2707
25.6,78,15.8,43,2024-01-09 16:00:00,Chennai,13.0827,80.2707
25.5,78,14.8,41,2024-01-09 17:00:00,Chennai,13.0827,80.2707
25.6,76,15.5,48,2024-01-09 18:00:00,Chennai,13.0827,80.2707
25.5,76,15.1,52,2024-01-09 19:00:00,Chennai,13.0827,80.2707
25.1,77,13.6,53,2024-01-09 20:00:00,Chennai,13.0827,80.2707
25.0,78,13.0,48,2024-01-09 21:00:00,Chennai,13.0827,80.2707
24.8,79,12.0,46,2024-01-09 22:00:00,Chennai,13.0827,80.2707
24.9,78,11.2,42,2024-01-09 23:00:00,Chennai,13.0827,80.2707
24.6,79,11.5,39,2024-01-10 00:00:00,Chennai,13.0827,80.2707
25.1,82,13.2,43,2024-01-10 01:00:00,Chennai,13.0827,80.2707
25.8,81,14.1,40,2024-01-10 02:00:00,Chennai,13.0827,80.2707
26.2,79,14.5,48,2024-01-10 03:00:00,Chennai,13.0827,80.2707
27.1,73,18.3,58,2024-01-10 04:00:00,Chennai,13.0827,80.2707
27.9,71,17.2,61,2024-01-10 05:00:00,Chennai,13.0827,80.2707
28.1,69,16.6,63,2024-01-10 06:00:00,Chennai,13.0827,80.2707
27.9,71,14.7,62,2024-01-10 07:00:00,Chennai,13.0827,80.2707
28.0,71,13.9,59,2024-01-10 08:00:00,Chennai,13.0827,80.2707
27.8,71,13.8,62,2024-01-10 09:00:00,Chennai,13.0827,80.2707
27.5,72,14.2,60,2024-01-10 10:00:00,Chennai,13.0827,80.2707
27.0,73,14.4,58,2024-01-10 11:00:00,Chennai,13.0827,80.2707
26.2,77,10.8,53,2024-01-10 12:00:00,Chennai,13.0827,80.2707
26.0,81,11.7,45,2024-01-10 13:00:00,Chennai,13.0827,80.2707
25.7,84,11.0,49,2024-01-10 14:00:00,Chennai,13.0827,80.2707
25.2,87,10.2,45,2024-01-10 15:00:00,Chennai,13.0827,80.2707
25.0,88,9.9,44,2024-01-10 16:00:00,Chennai,13.0827,80.2707
25.0,88,10.7,48,2024-01-10 17:00:00,Chennai,13.0827,80.2707
25.0,87,9.4,50,2024-01-10 18:00:00,Chennai,13.0827,80.2707
25.0,85,9.7,51,2024-01-10 19:00:00,Chennai,13.0827,80.2707
25.0,84,8.4,50,2024-01-10 20:00:00,Chennai,13.0827,80.2707
24.4,85,7.7,49,2024-01-10 21:00:00,Chennai,13.0827,80.2707
24.2,85,8.9,47,2024-01-10 22:00:00,Chennai,13.0827,80.2707
24.1,85,10.2,42,2024-01-10 23:00:00,Chennai,13.0827,80.2707
23.9,86,9.0,29,2024-01-11 00:00:00,Chennai,13.0827,80.2707
25.0,84,9.1,34,2024-01-11 01:00:00,Chennai,13.0827,80.2707
25.5,83,11.2,33,2024-01-11 02:00:00,Chennai,13.0827,80.2707
26.9,72,14.8,51,2024-01-11 03:00:00,Chennai,13.0827,80.2707
27.5,70,14.0,46,2024-01-11 04:00:00,Chennai,13.0827,80.2707
28.0,69,14.5,46,2024-01-11 05:00:00,Chennai,13.0827,80.2707
28.1,69,15.8,41,2024-01-11 06:00:00,Chennai,13.0827,80.2707
28.2,68,16.3,41,2024-01-11 07:00:00,Chennai,13.0827,80.2707
28.1,67,15.5,44,2024-01-11 08:00:00,Chennai,13.0827,80.2707
27.8,69,15.8,43,2024-01-11 09:00:00,Chennai,13.0827,80.2707
27.5,71,16.3,43,2024-01-11 10:00:00,Chennai,13.0827,80.2707
26.9,73,16.4,40,2024-01-11 11:00:00,Chennai,13.0827,80.2707
26.0,77,12.5,41,2024-01-11 12:00:00,Chennai,13.0827,80.2707
25.4,77,10.9,34,2024-01-11 13:00:00,Chennai,13.0827,80.2707
25.0,79,10.5,38,2024-01-11 14:00:00,Chennai,13.0827,80.2707
25.0,79,11.2,42,2024-01-11 15:00:00,Chennai,13.0827,80.2707
24.9,80,10.5,38,2024-01-11 16:00:00,Chennai,13.0827,80.2707
24.6,81,9.7,39,2024-01-11 17:00:00,Chennai,13.0827,80.2707
24.4,82,8.4,40,2024-01-11 18:00:00,Chennai,13.0827,80.2707
24.0,84,7.9,47,2024-01-11 19:00:00,Chennai,13.0827,80.2707
23.8,86,7.7,49,2024-01-11 20:00:00,Chennai,13.0827,80.2707
23.6,86,7.6,45,2024-01-11 21:00:00,Chennai,13.0827,80.2707
23.6,86,7.4,51,2024-01-11 22:00:00,Chennai,13.0827,80.2707
23.6,86,6.7,54,2024-01-11 23:00:00,Chennai,13.0827,80.2707
23.4,86,6.4,47,2024-01-12 00:00:00,Chennai,13.0827,80.2707
24.2,86,7.4,39,2024-01-12 01:00:00,Chennai,13.0827,80.2707
25.2,84,9.2,45,2024-01-12 02:00:00,Chennai,13.0827,80.2707
26.8,76,12.0,57,2024-01-12 03:00:00,Chennai,13.0827,80.2707
27.6,72,14.5,67,2024-01-12 04:00:00,Chennai,13.0827,80.2707
28.0,72,13.8,70,2024-01-12 05:00:00,Chennai,13.0827,80.2707
28.2,70,12.7,65,2024-01-12 06:00:00,Chennai,13.0827,80.2707
28.4,70,14.0,64,2024-01-12 07:00:00,Chennai,13.0827,80.2707
28.2,71,13.5,61,2024-01-12 08:00:00,Chennai,13.0827,80.2707
28.1,69,13.1,58,2024-01-12 09:00:00,Chennai,13.0827,80.2707
27.8,71,13.5,56,2024-01-12 10:00:00,Chennai,13.0827,80.2707
27.2,72,13.3,52,2024-01-12 11:00:00,Chennai,13.0827,80.2707
26.4,77,11.0,49,2024-01-12 12:00:00,Chennai,13.0827,80.2707
25.5,82,9.7,42,2024-01-12 13:00:00,Chennai,13.0827,80.2707
25.2,84,10.2,42,2024-01-12 14:00:00,Chennai,13.0827,80.2707
25.0,85,7.9,43,2024-01-12 15:00:00,Chennai,13.0827,80.2707
25.0,86,8.4,43,2024-01-12 16:00:00,Chennai,13.0827,80.2707
24.7,87,7.9,47,2024-01-12 17:00:00,Chennai,13.0827,80.2707
24.4,89,6.6,49,2024-01-12 18:00:00,Chennai,13.0827,80.2707
23.5,93,6.2,36,2024-01-12 19:00:00,Chennai,13.0827,80.2707
22.9,95,7.6,19,2024-01-12 20:00:00,Chennai,13.0827,80.2707
22.7,95,6.1,360,2024-01-12 21:00:00,Chennai,13.0827,80.2707
22.0,97,6.8,335,2024-01-12 22:00:00,Chennai,13.0827,80.2707
22.5,96,4.8,333,2024-01-12 23:00:00,Chennai,13.0827,80.2707
22.6,96,6.0,335,2024-01-13 00:00:00,Chennai,13.0827,80.2707
23.4,96,6.1,332,2024-01-13 01:00:00,Chennai,13.0827,80.2707
24.1,94,9.2,339,2024-01-13 02:00:00,Chennai,13.0827,80.2707
26.0,86,7.9,3,2024-01-13 03:00:00,Chennai,13.0827,80.2707
27.3,76,12.5,39,2024-01-13 04:00:00,Chennai,13.0827,80.2707
28.0,73,14.0,42,2024-01-13 05:00:00,Chennai,13.0827,80.2707
28.4,70,14.2,54,2024-01-13 06:00:00,Chennai,13.0827,80.2707
28.5,69,14.7,59,2024-01-13 07:00:00,Chennai,13.0827,80.2707
28.4,70,14.2,60,2024-01-13 08:00:00,Chennai,13.0827,80.2707
28.1,70,14.5,60,2024-01-13 09:00:00,Chennai,13.0827,80.2707
27.7,72,14.5,63,2024-01-13 10:00:00,Chennai,13.0827,80.2707
27.1,74,13.5,65,2024-01-13 11:00:00,Chennai,13.0827,80.2707
26.2,79,10.1,63,2024-01-13 12:00:00,Chennai,13.0827,80.2707
25.2,83,7.0,55,2024-01-13 13:00:00,Chennai,13.0827,80.2707
24.8,86,5.6,45,2024-01-13 14:00:00,Chennai,13.0827,80.2707
24.4,88,5.6,45,2024-01-13 15:00:00,Chennai,13.0827,80.2707
24.0,90,5.4,37,2024-01-13 16:00:00,Chennai,13.0827,80.2707
23.5,92,6.4,43,2024-01-13 17:00:00,Chennai,13.0827,80.2707
23.0,92,8.0,80,2024-01-13 18:00:00,Chennai,13.0827,80.2707
23.0,91,6.9,118,2024-01-13 19:00:00,Chennai,13.0827,80.2707
22.4,92,8.9,117,2024-01-13 20:00:00,Chennai,13.0827,80.2707
22.5,91,7.5,125,2024-01-13 21:00:00,Chennai,13.0827,80.2707
24.0,86,1.8,281,2024-01-13 22:00:00,Chennai,13.0827,80.2707
21.6,96,2.6,286,2024-01-13 23:00:00,Chennai,13.0827,80.2707
20.7,98,3.6,276,2024-01-14 00:00:00,Chennai,13.0827,80.2707
22.5,99,6.8,288,2024-01-14 01:00:00,Chennai,13.0827,80.2707
23.0,99,6.9,298,2024-01-14 02:00:00,Chennai,13.0827,80.2707
24.4,93,6.4,308,2024-01-14 03:00:00,Chennai,13.0827,80.2707
26.2,85,4.4,9,2024-01-14 04:00:00,Chennai,13.0827,80.2707
27.5,76,7.5,55,2024-01-14 05:00:00,Chennai,13.0827,80.2707
28.1,73,10.0,64,2024-01-14 06:00:00,Chennai,13.0827,80.2707
28.4,71,11.0,67,2024-01-14 07:00:00,Chennai,13.0827,80.2707
28.3,69,11.8,67,2024-01-14 08:00:00,Chennai,13.0827,80.2707
28.0,71,12.6,66,2024-01-14 09:00:00,Chennai,13.0827,80.2707
27.5,73,11.6,74,2024-01-14 10:00:00,Chennai,13.0827,80.2707
26.9,75,10.7,78,2024-01-14 11:00:00,Chennai,13.0827,80.2707
26.1,79,8.8,71,2024-01-14 12:00:00,Chennai,13.0827,80.2707
25.0,78,8.2,49,2024-01-14 13:00:00,Chennai,13.0827,80.2707
24.5,81,7.1,60,2024-01-14 14:00:00,Chennai,13.0827,80.2707
24.1,81,6.9,62,2024-01-14 15:00:00,Chennai,13.0827,80.2707
23.5,85,6.8,72,2024-01-14 16:00:00,Chennai,13.0827,80.2707
22.9,89,7.6,82,2024-01-14 17:00:00,Chennai,13.0827,80.2707
22.3,90,9.4,92,2024-01-14 18:00:00,Chennai,13.0827,80.2707
22.0,90,9.7,105,2024-01-14 19:00:00,Chennai,13.0827,80.2707
22.2,89,8.9,104,2024-01-14 20:00:00,Chennai,13.0827,80.2707
22.9,86,7.2,87,2024-01-14 21:00:00,Chennai,13.0827,80.2707
24.0,82,5.9,76,2024-01-14 22:00:00,Chennai,13.0827,80.2707
23.5,84,3.9,68,2024-01-14 23:00:00,Chennai,13.0827,80.2707
22.8,88,1.6,243,2024-01-15 00:00:00,Chennai,13.0827,80.2707
23.8,87,2.8,320,2024-01-15 01:00:00,Chennai,13.0827,80.2707
23.8,89,3.8,319,2024-01-15 02:00:00,Chennai,13.0827,80.2707
25.8,83,2.6,326,2024-01-15 03:00:00,Chennai,13.0827,80.2707
27.3,71,5.3,62,2024-01-15 04:00:00,Chennai,13.0827,80.2707
28.1,65,8.2,75,2024-01-15 05:00:00,Chennai,13.0827,80.2707
28.4,62,9.5,81,2024-01-15 06:00:00,Chennai,13.0827,80.2707
28.4,62,10.1,86,2024-01-15 07:00:00,Chennai,13.0827,80.2707
28.2,63,10.5,96,2024-01-15 08:00:00,Chennai,13.0827,80.2707
27.9,64,11.3,99,2024-01-15 09:00:00,Chennai,13.0827,80.2707
27.5,65,11.7,99,2024-01-15 10:00:00,Chennai,13.0827,80.2707
26.9,66,10.7,102,2024-01-15 11:00:00,Chennai,13.0827,80.2707
26.0,69,7.3,101,2024-01-15 12:00:00,Chennai,13.0827,80.2707
24.3,76,6.2,80,2024-01-15 13:00:00,Chennai,13.0827,80.2707
23.0,83,9.2,69,2024-01-15 14:00:00,Chennai,13.0827,80.2707
22.7,84,8.9,50,2024-01-15 15:00:00,Chennai,13.0827,80.2707
22.3,84,8.9,40,2024-01-15 16:00:00,Chennai,13.0827,80.2707
21.7,85,9.3,28,2024-01-15 17:00:00,Chennai,13.0827,80.2707
21.5,85,8.9,27,2024-01-15 18:00:00,Chennai,13.0827,80.2707
21.9,82,7.5,35,2024-01-15 19:00:00,Chennai,13.0827,80.2707
23.0,78,6.6,45,2024-01-15 20:00:00,Chennai,13.0827,80.2707
23.3,78,7.3,81,2024-01-15 21:00:00,Chennai,13.0827,80.2707
20.5,87,10.1,117,2024-01-15 22:00:00,Chennai,13.0827,80.2707
21.2,85,8.4,130,2024-01-15 23:00:00,Chennai,13.0827,80.2707
21.6,82,8.5,144,2024-01-16 00:00:00,Chennai,13.0827,80.2707
21.5,87,9.8,118,2024-01-16 01:00:00,Chennai,13.0827,80.2707
24.1,79,4.8,132,2024-01-16 02:00:00,Chennai,13.0827,80.2707
25.9,70,4.1,135,2024-01-16 03:00:00,Chennai,13.0827,80.2707
26.9,65,5.6,130,2024-01-16 04:00:00,Chennai,13.0827,80.2707
27.5,61,6.8,122,2024-01-16 05:00:00,Chennai,13.0827,80.2707
28.0,58,7.9,106,2024-01-16 06:00:00,Chennai,13.0827,80.2707
28.1,57,9.4,97,2024-01-16 07:00:00,Chennai,13.0827,80.2707
28.0,55,9.4,97,2024-01-16 08:00:00,Chennai,13.0827,80.2707
27.8,53,8.9,104,2024-01-16 09:00:00,Chennai,13.0827,80.2707
27.4,52,8.6,112,2024-01-16 10:00:00,Chennai,13.0827,80.2707
26.6,53,7.3,110,2024-01-16 11:00:00,Chennai,13.0827,80.2707
24.8,73,4.0,100,2024-01-16 12:00:00,Chennai,13.0827,80.2707
22.9,78,7.6,65,2024-01-16 13:00:00,Chennai,13.0827,80.2707
23.2,76,6.3,66,2024-01-16 14:00:00,Chennai,13.0827,80.2707
24.0,72,5.6,75,2024-01-16 15:00:00,Chennai,13.0827,80.2707
21.6,84,8.5,78,2024-01-16 16:00:00,Chennai,13.0827,80.2707
21.1,86,9.5,81,2024-01-16 17:00:00,Chennai,13.0827,80.2707
21.6,86,7.2,87,2024-01-16 18:00:00,Chennai,13.0827,80.2707
21.7,87,7.2,90,2024-01-16 19:00:00,Chennai,13.0827,80.2707
21.2,87,8.0,98,2024-01-16 20:00:00,Chennai,13.0827,80.2707
20.5,88,10.3,115,2024-01-16 21:00:00,Chennai,13.0827,80.2707
21.2,85,8.2,131,2024-01-16 22:00:00,Chennai,13.0827,80.2707
22.1,82,6.0,163,2024-01-16 23:00:00,Chennai,13.0827,80.2707
21.0,89,5.3,208,2024-01-17 00:00:00,Chennai,13.0827,80.2707
21.2,92,4.8,228,2024-01-17 01:00:00,Chennai,13.0827,80.2707
22.3,90,5.8,274,2024-01-17 02:00:00,Chennai,13.0827,80.2707
24.5,84,5.2,282,2024-01-17 03:00:00,Chennai,13.0827,80.2707
26.0,77,0.8,27,2024-01-17 04:00:00,Chennai,13.0827,80.2707
27.0,71,4.4,81,2024-01-17 05:00:00,Chennai,13.0827,80.2707
27.7,68,5.5,67,2024-01-17 06:00:00,Chennai,13.0827,80.2707
28.1,63,7.8,68,2024-01-17 07:00:00,Chennai,13.0827,80.2707
28.1,62,10.4,70,2024-01-17 08:00:00,Chennai,13.0827,80.2707
27.8,63,12.2,66,2024-01-17 09:00:00,Chennai,13.0827,80.2707
27.2,63,13.2,68,2024-01-17 10:00:00,Chennai,13.0827,80.2707
26.5,62,12.9,72,2024-01-17 11:00:00,Chennai,13.0827,80.2707
25.5,68,10.7,76,2024-01-17 12:00:00,Chennai,13.0827,80.2707
24.5,71,7.6,90,2024-01-17 13:00:00,Chennai,13.0827,80.2707
23.9,74,6.9,99,2024-01-17 14:00:00,Chennai,13.0827,80.2707
23.8,75,7.9,106,2024-01-17 15:00:00,Chennai,13.0827,80.2707
23.3,79,7.4,104,2024-01-17 16:00:00,Chennai,13.0827,80.2707
23.1,81,7.3,101,2024-01-17 17:00:00,Chennai,13.0827,80.2707
22.5,86,7.6,95,2024-01-17 18:00:00,Chennai,13.0827,80.2707
22.1,87,8.7,97,2024-01-17 19:00:00,Chennai,13.0827,80.2707
21.6,88,9.7,94,2024-01-17 20:00:00,Chennai,13.0827,80.2707
21.5,88,9.4,88,2024-01-17 21:00:00,Chennai,13.0827,80.2707
22.2,85,7.6,98,2024-01-17 22:00:00,Chennai,13.0827,80.2707
24.1,78,5.4,90,2024-01-17 23:00:00,Chennai,13.0827,80.2707
23.4,81,2.9,360,2024-01-18 00:00:00,Chennai,13.0827,80.2707
20.5,96,4.4,305,2024-01-18 01:00:00,Chennai,13.0827,80.2707
22.3,91,4.7,293,2024-01-18 02:00:00,Chennai,13.0827,80.2707
24.9,84,3.1,291,2024-01-18 03:00:00,Chennai,13.0827,80.2707
26.8,74,4.0,85,2024-01-18 04:00:00,Chennai,13.0827,80.2707
27.8,68,8.0,95,2024-01-18 05:00:00,Chennai,13.0827,80.2707
28.2,65,8.3,95,2024-01-18 06:00:00,Chennai,13.0827,80.2707
28.5,64,8.6,90,2024-01-18 07:00:00,Chennai,13.0827,80.2707
28.4,64,9.5,79,2024-01-18 08:00:00,Chennai,13.0827,80.2707
28.2,65,10.2,80,2024-01-18 09:00:00,Chennai,13.0827,80.2707
27.6,67,10.8,86,2024-01-18 10:00:00,Chennai,13.0827,80.2707
27.0,70,11.6,83,2024-01-18 11:00:00,Chennai,13.0827,80.2707
26.1,74,10.0,75,2024-01-18 12:00:00,Chennai,13.0827,80.2707
25.7,77,9.8,54,2024-01-18 13:00:00,Chennai,13.0827,80.2707
25.2,81,8.4,65,2024-01-18 14:00:00,Chennai,13.0827,80.2707
24.8,84,7.6,65,2024-01-18 15:00:00,Chennai,13.0827,80.2707
24.5,86,7.8,68,2024-01-18 16:00:00,Chennai,13.0827,80.2707
24.0,89,7.3,81,2024-01-18 17:00:00,Chennai,13.0827,80.2707
23.8,90,6.5,84,2024-01-18 18:00:00,Chennai,13.0827,80.2707
23.5,90,6.5,90,2024-01-18 19:00:00,Chennai,13.0827,80.2707
22.9,92,6.9,62,2024-01-18 20:00:00,Chennai,13.0827,80.2707
22.2,93,8.4,40,2024-01-18 21:00:00,Chennai,13.0827,80.2707
22.2,93,7.5,35,2024-01-18 22:00:00,Chennai,13.0827,80.2707
22.3,93,6.3,24,2024-01-18 23:00:00,Chennai,13.0827,80.2707
22.3,94,5.4,360,2024-01-19 00:00:00,Chennai,13.0827,80.2707
22.9,94,5.4,340,2024-01-19 01:00:00,Chennai,13.0827,80.2707
23.9,91,9.2,339,2024-01-19 02:00:00,Chennai,13.0827,80.2707
26.0,85,8.1,13,2024-01-19 03:00:00,Chennai,13.0827,80.2707
27.6,75,13.2,55,2024-01-19 04:00:00,Chennai,13.0827,80.2707
28.1,73,13.2,64,2024-01-19 05:00:00,Chennai,13.0827,80.2707
28.5,71,13.1,69,2024-01-19 06:00:00,Chennai,13.0827,80.2707
28.6,70,13.7,72,2024-01-19 07:00:00,Chennai,13.0827,80.2707
28.5,69,13.8,75,2024-01-19 08:00:00,Chennai,13.0827,80.2707
28.4,70,12.9,77,2024-01-19 09:00:00,Chennai,13.0827,80.2707
28.0,71,12.2,76,2024-01-19 10:00:00,Chennai,13.0827,80.2707
27.5,72,11.6,83,2024-01-19 11:00:00,Chennai,13.0827,80.2707
26.7,76,9.7,86,2024-01-19 12:00:00,Chennai,13.0827,80.2707
24.9,84,5.8,60,2024-01-19 13:00:00,Chennai,13.0827,80.2707
24.5,85,6.5,56,2024-01-19 14:00:00,Chennai,13.0827,80.2707
24.3,86,6.4,47,2024-01-19 15:00:00,Chennai,13.0827,80.2707
24.3,86,7.1,45,2024-01-19 16:00:00,Chennai,13.0827,80.2707
24.5,86,9.8,54,2024-01-19 17:00:00,Chennai,13.0827,80.2707
24.6,84,10.6,62,2024-01-19 18:00:00,Chennai,13.0827,80.2707
24.6,83,10.1,63,2024-01-19 19:00:00,Chennai,13.0827,80.2707
24.5,83,9.3,62,2024-01-19 20:00:00,Chennai,13.0827,80.2707
24.5,84,9.4,72,2024-01-19 21:00:00,Chennai,13.0827,80.2707
24.3,84,8.9,76,2024-01-19 22:00:00,Chennai,13.0827,80.2707
24.3,84,7.3,81,2024-01-19 23:00:00,Chennai,13.0827,80.2707
24.5,83,6.5,90,2024-01-20 00:00:00,Chennai,13.0827,80.2707
23.9,88,5.8,60,2024-01-20 01:00:00,Chennai,13.0827,80.2707
25.2,84,7.4,47,2024-01-20 02:00:00,Chennai,13.0827,80.2707
27.0,75,9.7,59,2024-01-20 03:00:00,Chennai,13.0827,80.2707
27.7,71,11.9,65,2024-01-20 04:00:00,Chennai,13.0827,80.2707
28.2,68,12.9,67,2024-01-20 05:00:00,Chennai,13.0827,80.2707
28.6,65,13.6,73,2024-01-20 06:00:00,Chennai,13.0827,80.2707
28.6,65,14.6,74,2024-01-20 07:00:00,Chennai,13.0827,80.2707
28.5,67,14.3,78,2024-01-20 08:00:00,Chennai,13.0827,80.2707
28.2,69,13.4,82,2024-01-20 09:00:00,Chennai,13.0827,80.2707
28.0,70,12.6,77,2024-01-20 10:00:00,Chennai,13.0827,80.2707
27.4,72,11.5,76,2024-01-20 11:00:00,Chennai,13.0827,80.2707
26.5,76,10.0,75,2024-01-20 12:00:00,Chennai,13.0827,80.2707
25.5,82,7.7,53,2024-01-20 13:00:00,Chennai,13.0827,80.2707
24.8,85,6.6,45,2024-01-20 14:00:00,Chennai,13.0827,80.2707
24.6,86,7.7,53,2024-01-20 15:00:00,Chennai,13.0827,80.2707
24.6,86,9.2,59,2024-01-20 16:00:00,Chennai,13.0827,80.2707
24.5,86,8.6,57,2024-01-20 17:00:00,Chennai,13.0827,80.2707
24.4,85,9.8,66,2024-01-20 18:00:00,Chennai,13.0827,80.2707
24.3,85,9.8,73,2024-01-20 19:00:00,Chennai,13.0827,80.2707
24.0,86,8.7,73,2024-01-20 20:00:00,Chennai,13.0827,80.2707
23.7,87,7.6,71,2024-01-20 21:00:00,Chennai,13.0827,80.2707
22.9,90,6.4,74,2024-01-20 22:00:00,Chennai,13.0827,80.2707
22.2,91,8.9,69,2024-01-20 23:00:00,Chennai,13.0827,80.2707
22.4,90,8.1,69,2024-01-21 00:00:00,Chennai,13.0827,80.2707
23.2,91,6.5,90,2024-01-21 01:00:00,Chennai,13.0827,80.2707
25.0,86,6.1,93,2024-01-21 02:00:00,Chennai,13.0827,80.2707
26.8,78,8.2,105,2024-01-21 03:00:00,Chennai,13.0827,80.2707
27.6,71,10.4,104,2024-01-21 04:00:00,Chennai,13.0827,80.2707
28.2,67,10.0,105,2024-01-21 05:00:00,Chennai,13.0827,80.2707
28.7,64,10.0,111,2024-01-21 06:00:00,Chennai,13.0827,80.2707
29.0,62,11.1,119,2024-01-21 07:00:00,Chennai,13.0827,80.2707
29.0,64,12.6,117,2024-01-21 08:00:00,Chennai,13.0827,80.2707
28.6,65,12.2,118,2024-01-21 09:00:00,Chennai,13.0827,80.2707
28.2,65,11.9,119,2024-01-21 10:00:00,Chennai,13.0827,80.2707
27.5,68,12.1,120,2024-01-21 11:00:00,Chennai,13.0827,80.2707
26.6,74,9.4,122,2024-01-21 12:00:00,Chennai,13.0827,80.2707
24.8,83,5.2,106,2024-01-21 13:00:00,Chennai,13.0827,80.2707
23.8,89,7.6,109,2024-01-21 14:00:00,Chennai,13.0827,80.2707
23.5,90,8.0,95,2024-01-21 15:00:00,Chennai,13.0827,80.2707
23.8,88,6.8,87,2024-01-21 16:00:00,Chennai,13.0827,80.2707
22.9,91,8.0,72,2024-01-21 17:00:00,Chennai,13.0827,80.2707
22.5,93,8.2,49,2024-01-21 18:00:00,Chennai,13.0827,80.2707
22.7,93,6.4,38,2024-01-21 19:00:00,Chennai,13.0827,80.2707
22.2,94,7.4,47,2024-01-21 20:00:00,Chennai,13.0827,80.2707
22.1,93,7.7,62,2024-01-21 21:00:00,Chennai,13.0827,80.2707
22.0,92,8.3,88,2024-01-21 22:00:00,Chennai,13.0827,80.2707
22.5,90,6.6,112,2024-01-21 23:00:00,Chennai,13.0827,80.2707
22.3,90,6.8,122,2024-01-22 00:00:00,Chennai,13.0827,80.2707
22.4,98,0.7,270,2024-01-22 01:00:00,Chennai,13.0827,80.2707
23.2,94,1.5,284,2024-01-22 02:00:00,Chennai,13.0827,80.2707
24.8,92,1.1,180,2024-01-22 03:00:00,Chennai,13.0827,80.2707
27.1,74,8.6,123,2024-01-22 04:00:00,Chennai,13.0827,80.2707
28.0,66,11.1,119,2024-01-22 05:00:00,Chennai,13.0827,80.2707
28.4,65,11.8,117,2024-01-22 06:00:00,Chennai,13.0827,80.2707
28.5,64,12.7,119,2024-01-22 07:00:00,Chennai,13.0827,80.2707
28.5,64,12.9,120,2024-01-22 08:00:00,Chennai,13.0827,80.2707
28.4,63,12.3,122,2024-01-22 09:00:00,Chennai,13.0827,80.2707
28.0,64,12.3,122,2024-01-22 10:00:00,Chennai,13.0827,80.2707
27.2,70,12.4,126,2024-01-22 11:00:00,Chennai,13.0827,80.2707
26.4,73,10.7,130,2024-01-22 12:00:00,Chennai,13.0827,80.2707
25.8,77,6.1,118,2024-01-22 13:00:00,Chennai,13.0827,80.2707
24.2,85,6.5,124,2024-01-22 14:00:00,Chennai,13.0827,80.2707
23.8,85,7.1,120,2024-01-22 15:00:00,Chennai,13.0827,80.2707
25.1,78,5.0,120,2024-01-22 16:00:00,Chennai,13.0827,80.2707
23.5,85,6.6,99,2024-01-22 17:00:00,Chennai,13.0827,80.2707
22.2,90,9.1,97,2024-01-22 18:00:00,Chennai,13.0827,80.2707
22.5,90,7.6,85,2024-01-22 19:00:00,Chennai,13.0827,80.2707
22.9,90,6.2,80,2024-01-22 20:00:00,Chennai,13.0827,80.2707
23.1,87,7.2,96,2024-01-22 21:00:00,Chennai,13.0827,80.2707
23.8,85,9.7,112,2024-01-22 22:00:00,Chennai,13.0827,80.2707
24.2,82,11.8,121,2024-01-22 23:00:00,Chennai,13.0827,80.2707
24.4,82,12.0,134,2024-01-23 00:00:00,Chennai,13.0827,80.2707
25.1,82,8.4,121,2024-01-23 01:00:00,Chennai,13.0827,80.2707
26.0,80,7.4,113,2024-01-23 02:00:00,Chennai,13.0827,80.2707
27.4,71,9.7,112,2024-01-23 03:00:00,Chennai,13.0827,80.2707
28.1,68,13.4,110,2024-01-23 04:00:00,Chennai,13.0827,80.2707
28.5,65,14.6,110,2024-01-23 05:00:00,Chennai,13.0827,80.2707
28.9,62,15.3,109,2024-01-23 06:00:00,Chennai,13.0827,80.2707
29.0,63,14.7,112,2024-01-23 07:00:00,Chennai,13.0827,80.2707
29.0,62,14.5,117,2024-01-23 08:00:00,Chennai,13.0827,80.2707
28.8,62,14.8,124,2024-01-23 09:00:00,Chennai,13.0827,80.2707
28.4,62,15.1,130,2024-01-23 10:00:00,Chennai,13.0827,80.2707
27.8,65,14.3,137,2024-01-23 11:00:00,Chennai,13.0827,80.2707
26.9,69,11.8,140,2024-01-23 12:00:00,Chennai,13.0827,80.2707
25.6,75,7.3,147,2024-01-23 13:00:00,Chennai,13.0827,80.2707
24.8,79,6.0,147,2024-01-23 14:00:00,Chennai,13.0827,80.2707
24.2,82,6.4,153,2024-01-23 15:00:00,Chennai,13.0827,80.2707
23.9,83,6.5,161,2024-01-23 16:00:00,Chennai,13.0827,80.2707
23.5,85,6.6,171,2024-01-23 17:00:00,Chennai,13.0827,80.2707
23.2,88,6.8,180,2024-01-23 18:00:00,Chennai,13.0827,80.2707
22.6,90,8.0,185,2024-01-23 19:00:00,Chennai,13.0827,80.2707
22.5,91,6.5,177,2024-01-23 20:00:00,Chennai,13.0827,80.2707
22.8,92,6.2,170,2024-01-23 21:00:00,Chennai,13.0827,80.2707
23.0,90,7.0,159,2024-01-23 22:00:00,Chennai,13.0827,80.2707
23.0,89,7.1,156,2024-01-23 23:00:00,Chennai,13.0827,80.2707
23.2,87,7.9,156,2024-01-24 00:00:00,Chennai,13.0827,80.2707
22.3,94,5.6,225,2024-01-24 01:00:00,Chennai,13.0827,80.2707
24.0,89,6.9,231,2024-01-24 02:00:00,Chennai,13.0827,80.2707
26.1,82,6.9,208,2024-01-24 03:00:00,Chennai,13.0827,80.2707
28.1,66,12.6,167,2024-01-24 04:00:00,Chennai,13.0827,80.2707
29.0,60,15.5,152,2024-01-24 05:00:00,Chennai,13.0827,80.2707
29.2,60,16.6,150,2024-01-24 06:00:00,Chennai,13.0827,80.2707
29.4,59,16.6,150,2024-01-24 07:00:00,Chennai,13.0827,80.2707
29.4,57,16.8,149,2024-01-24 08:00:00,Chennai,13.0827,80.2707
29.3,56,16.9,151,2024-01-24 09:00:00,Chennai,13.0827,80.2707
28.9,57,16.6,150,2024-01-24 10:00:00,Chennai,13.0827,80.2707
28.1,58,15.5,152,2024-01-24 11:00:00,Chennai,13.0827,80.2707
27.1,63,12.6,153,2024-01-24 12:00:00,Chennai,13.0827,80.2707
25.9,75,9.3,152,2024-01-24 13:00:00,Chennai,13.0827,80.2707
25.4,79,9.8,152,2024-01-24 14:00:00,Chennai,13.0827,80.2707
25.0,81,9.5,155,2024-01-24 15:00:00,Chennai,13.0827,80.2707
24.8,82,10.3,144,2024-01-24 16:00:00,Chennai,13.0827,80.2707
25.0,79,13.5,136,2024-01-24 17:00:00,Chennai,13.0827,80.2707
25.0,79,13.8,133,2024-01-24 18:00:00,Chennai,13.0827,80.2707
24.8,81,10.7,138,2024-01-24 19:00:00,Chennai,13.0827,80.2707
24.0,85,7.0,145,2024-01-24 20:00:00,Chennai,13.0827,80.2707
23.1,89,6.3,167,2024-01-24 21:00:00,Chennai,13.0827,80.2707
22.2,92,7.6,188,2024-01-24 22:00:00,Chennai,13.0827,80.2707
22.0,93,6.4,218,2024-01-24 23:00:00,Chennai,13.0827,80.2707
21.3,95,6.5,251,2024-01-25 00:00:00,Chennai,13.0827,80.2707
21.9,94,5.0,240,2024-01-25 01:00:00,Chennai,13.0827,80.2707
23.6,89,3.7,241,2024-01-25 02:00:00,Chennai,13.0827,80.2707
26.4,81,5.4,160,2024-01-25 03:00:00,Chennai,13.0827,80.2707
28.2,67,12.8,140,2024-01-25 04:00:00,Chennai,13.0827,80.2707
28.8,65,14.3,135,2024-01-25 05:00:00,Chennai,13.0827,80.2707
29.0,63,14.3,131,2024-01-25 06:00:00,Chennai,13.0827,80.2707
29.1,61,14.3,129,2024-01-25 07:00:00,Chennai,13.0827,80.2707
29.1,62,14.6,130,2024-01-25 08:00:00,Chennai,13.0827,80.2707
28.9,61,15.3,131,2024-01-25 09:00:00,Chennai,13.0827,80.2707
28.4,62,14.5,134,2024-01-25 10:00:00,Chennai,13.0827,80.2707
27.8,66,12.7,135,2024-01-25 11:00:00,Chennai,13.0827,80.2707
26.9,70,10.2,129,2024-01-25 12:00:00,Chennai,13.0827,80.2707
25.1,78,6.2,97,2024-01-25 13:00:00,Chennai,13.0827,80.2707
24.8,80,6.8,87,2024-01-25 14:00:00,Chennai,13.0827,80.2707
24.8,81,7.9,90,2024-01-25 15:00:00,Chennai,13.0827,80.2707
24.7,82,8.1,103,2024-01-25 16:00:00,Chennai,13.0827,80.2707
24.4,84,7.2,108,2024-01-25 17:00:00,Chennai,13.0827,80.2707
23.4,89,6.9,99,2024-01-25 18:00:00,Chennai,13.0827,80.2707
23.4,88,6.2,97,2024-01-25 19:00:00,Chennai,13.0827,80.2707
23.2,88,6.2,100,2024-01-25 20:00:00,Chennai,13.0827,80.2707
22.9,89,6.6,103,2024-01-25 21:00:00,Chennai,13.0827,80.2707
22.5,90,8.2,105,2024-01-25 22:00:00,Chennai,13.0827,80.2707
22.7,88,6.7,106,2024-01-25 23:00:00,Chennai,13.0827,80.2707
22.0,90,9.4,92,2024-01-26 00:00:00,Chennai,13.0827,80.2707
23.2,93,5.8,7,2024-01-26 01:00:00,Chennai,13.0827,80.2707
24.4,90,6.1,332,2024-01-26 02:00:00,Chennai,13.0827,80.2707
25.5,81,4.8,48,2024-01-26 03:00:00,Chennai,13.0827,80.2707
26.3,71,1.5,104,2024-01-26 04:00:00,Chennai,13.0827,80.2707
27.8,65,8.0,82,2024-01-26 05:00:00,Chennai,13.0827,80.2707
28.6,63,10.8,86,2024-01-26 06:00:00,Chennai,13.0827,80.2707
29.0,62,12.8,79,2024-01-26 07:00:00,Chennai,13.0827,80.2707
29.0,60,12.8,74,2024-01-26 08:00:00,Chennai,13.0827,80.2707
29.0,60,12.9,67,2024-01-26 09:00:00,Chennai,13.0827,80.2707
28.5,62,13.4,63,2024-01-26 10:00:00,Chennai,13.0827,80.2707
27.8,66,14.8,56,2024-01-26 11:00:00,Chennai,13.0827,80.2707
26.8,71,14.1,50,2024-01-26 12:00:00,Chennai,13.0827,80.2707
26.0,73,12.2,43,2024-01-26 13:00:00,Chennai,13.0827,80.2707
25.6,76,11.8,40,2024-01-26 14:00:00,Chennai,13.0827,80.2707
25.4,78,11.0,41,2024-01-26 15:00:00,Chennai,13.0827,80.2707
25.1,79,10.4,46,2024-01-26 16:00:00,Chennai,13.0827,80.2707
25.0,80,11.0,49,2024-01-26 17:00:00,Chennai,13.0827,80.2707
25.0,79,11.1,54,2024-01-26 18:00:00,Chennai,13.0827,80.2707
24.9,79,11.1,61,2024-01-26 19:00:00,Chennai,13.0827,80.2707
24.8,80,10.8,64,2024-01-26 20:00:00,Chennai,13.0827,80.2707
24.5,80,10.2,58,2024-01-26 21:00:00,Chennai,13.0827,80.2707
24.2,81,9.3,54,2024-01-26 22:00:00,Chennai,13.0827,80.2707
24.2,81,9.3,54,2024-01-26 23:00:00,Chennai,13.0827,80.2707
24.2,81,9.6,56,2024-01-27 00:00:00,Chennai,13.0827,80.2707
24.0,83,6.9,28,2024-01-27 01:00:00,Chennai,13.0827,80.2707
25.0,81,8.7,24,2024-01-27 02:00:00,Chennai,13.0827,80.2707
26.8,72,9.7,63,2024-01-27 03:00:00,Chennai,13.0827,80.2707
28.0,66,10.1,73,2024-01-27 04:00:00,Chennai,13.0827,80.2707
28.6,64,11.4,55,2024-01-27 05:00:00,Chennai,13.0827,80.2707
29.1,60,13.0,51,2024-01-27 06:00:00,Chennai,13.0827,80.2707
29.3,59,14.8,51,2024-01-27 07:00:00,Chennai,13.0827,80.2707
29.3,60,15.9,51,2024-01-27 08:00:00,Chennai,13.0827,80.2707
28.9,62,16.4,50,2024-01-27 09:00:00,Chennai,13.0827,80.2707
28.4,63,16.6,49,2024-01-27 10:00:00,Chennai,13.0827,80.2707
27.6,67,16.1,50,2024-01-27 11:00:00,Chennai,13.0827,80.2707
26.8,72,14.3,51,2024-01-27 12:00:00,Chennai,13.0827,80.2707
26.0,79,10.4,46,2024-01-27 13:00:00,Chennai,13.0827,80.2707
25.5,82,10.7,48,2024-01-27 14:00:00,Chennai,13.0827,80.2707
25.6,81,10.5,49,2024-01-27 15:00:00,Chennai,13.0827,80.2707
25.2,83,10.4,56,2024-01-27 16:00:00,Chennai,13.0827,80.2707
24.9,82,10.1,55,2024-01-27 17:00:00,Chennai,13.0827,80.2707
24.8,81,8.2,61,2024-01-27 18:00:00,Chennai,13.0827,80.2707
24.8,81,8.4,65,2024-01-27 19:00:00,Chennai,13.0827,80.2707
24.6,82,7.4,61,2024-01-27 20:00:00,Chennai,13.0827,80.2707
24.2,83,6.7,74,2024-01-27 21:00:00,Chennai,13.0827,80.2707
23.8,84,6.1,62,2024-01-27 22:00:00,Chennai,13.0827,80.2707
23.4,86,6.0,57,2024-01-27 23:00:00,Chennai,13.0827,80.2707
23.3,87,5.8,60,2024-01-28 00:00:00,Chennai,13.0827,80.2707
23.9,85,5.2,34,2024-01-28 01:00:00,Chennai,13.0827,80.2707
25.1,81,8.3,56,2024-01-28 02:00:00,Chennai,13.0827,80.2707
27.0,71,13.2,68,2024-01-28 03:00:00,Chennai,13.0827,80.2707
27.8,66,16.9,74,2024-01-28 04:00:00,Chennai,13.0827,80.2707
28.2,65,17.0,77,2024-01-28 05:00:00,Chennai,13.0827,80.2707
28.7,62,16.7,76,2024-01-28 06:00:00,Chennai,13.0827,80.2707
28.9,61,16.3,72,2024-01-28 07:00:00,Chennai,13.0827,80.2707
28.9,61,16.1,70,2024-01-28 08:00:00,Chennai,13.0827,80.2707
28.5,62,15.8,69,2024-01-28 09:00:00,Chennai,13.0827,80.2707
28.1,63,15.4,69,2024-01-28 10:00:00,Chennai,13.0827,80.2707
27.5,64,14.7,65,2024-01-28 11:00:00,Chennai,13.0827,80.2707
26.8,67,13.2,64,2024-01-28 12:00:00,Chennai,13.0827,80.2707
26.1,74,9.9,46,2024-01-28 13:00:00,Chennai,13.0827,80.2707
25.6,76,10.2,45,2024-01-28 14:00:00,Chennai,13.0827,80.2707
25.5,76,11.2,45,2024-01-28 15:00:00,Chennai,13.0827,80.2707
25.2,77,12.0,46,2024-01-28 16:00:00,Chennai,13.0827,80.2707
25.0,78,12.5,46,2024-01-28 17:00:00,Chennai,13.0827,80.2707
24.9,78,12.0,49,2024-01-28 18:00:00,Chennai,13.0827,80.2707
24.6,80,12.0,49,2024-01-28 19:00:00,Chennai,13.0827,80.2707
24.4,80,11.4,55,2024-01-28 20:00:00,Chennai,13.0827,80.2707
24.2,81,10.8,53,2024-01-28 21:00:00,Chennai,13.0827,80.2707
24.0,82,10.0,49,2024-01-28 22:00:00,Chennai,13.0827,80.2707
23.8,82,9.2,48,2024-01-28 23:00:00,Chennai,13.0827,80.2707
23.5,81,8.2,49,2024-01-29 00:00:00,Chennai,13.0827,80.2707
24.2,78,9.9,44,2024-01-29 01:00:00,Chennai,13.0827,80.2707
25.2,74,12.2,45,2024-01-29 02:00:00,Chennai,13.0827,80.2707
26.7,63,15.2,54,2024-01-29 03:00:00,Chennai,13.0827,80.2707
27.5,57,14.8,56,2024-01-29 04:00:00,Chennai,13.0827,80.2707
28.0,54,14.9,53,2024-01-29 05:00:00,Chennai,13.0827,80.2707
28.5,52,15.6,50,2024-01-29 06:00:00,Chennai,13.0827,80.2707
28.6,51,16.2,53,2024-01-29 07:00:00,Chennai,13.0827,80.2707
28.5,51,16.8,55,2024-01-29 08:00:00,Chennai,13.0827,80.2707
28.1,51,16.8,55,2024-01-29 09:00:00,Chennai,13.0827,80.2707
27.6,53,16.9,50,2024-01-29 10:00:00,Chennai,13.0827,80.2707
26.9,56,16.1,48,2024-01-29 11:00:00,Chennai,13.0827,80.2707
25.9,62,14.1,50,2024-01-29 12:00:00,Chennai,13.0827,80.2707
25.1,65,10.5,38,2024-01-29 13:00:00,Chennai,13.0827,80.2707
24.5,68,8.4,25,2024-01-29 14:00:00,Chennai,13.0827,80.2707
24.0,71,7.9,16,2024-01-29 15:00:00,Chennai,13.0827,80.2707
23.4,75,6.7,16,2024-01-29 16:00:00,Chennai,13.0827,80.2707
22.9,78,6.3,24,2024-01-29 17:00:00,Chennai,13.0827,80.2707
23.0,77,6.9,28,2024-01-29 18:00:00,Chennai,13.0827,80.2707
23.0,78,6.6,29,2024-01-29 19:00:00,Chennai,13.0827,80.2707
22.2,82,6.6,22,2024-01-29 20:00:00,Chennai,13.0827,80.2707
21.8,84,6.8,360,2024-01-29 21:00:00,Chennai,13.0827,80.2707
21.0,88,6.1,332,2024-01-29 22:00:00,Chennai,13.0827,80.2707
20.9,88,5.6,310,2024-01-29 23:00:00,Chennai,13.0827,80.2707
20.5,89,6.9,309,2024-01-30 00:00:00,Chennai,13.0827,80.2707
21.7,85,7.9,313,2024-01-30 01:00:00,Chennai,13.0827,80.2707
22.5,83,10.0,308,2024-01-30 02:00:00,Chennai,13.0827,80.2707
24.6,75,10.2,321,2024-01-30 03:00:00,Chennai,13.0827,80.2707
26.8,68,8.7,355,2024-01-30 04:00:00,Chennai,13.0827,80.2707
28.4,60,9.9,46,2024-01-30 05:00:00,Chennai,13.0827,80.2707
29.1,57,10.4,56,2024-01-30 06:00:00,Chennai,13.0827,80.2707
29.8,55,11.3,68,2024-01-30 07:00:00,Chennai,13.0827,80.2707
29.5,55,13.4,76,2024-01-30 08:00:00,Chennai,13.0827,80.2707
28.3,59,18.8,78,2024-01-30 09:00:00,Chennai,13.0827,80.2707
28.0,60,17.2,70,2024-01-30 10:00:00,Chennai,13.0827,80.2707
27.5,63,17.1,62,2024-01-30 11:00:00,Chennai,13.0827,80.2707
26.6,66,16.1,61,2024-01-30 12:00:00,Chennai,13.0827,80.2707
26.0,70,16.4,57,2024-01-30 13:00:00,Chennai,13.0827,80.2707
25.8,72,15.6,64,2024-01-30 14:00:00,Chennai,13.0827,80.2707
25.6,73,14.2,74,2024-01-30 15:00:00,Chennai,13.0827,80.2707
25.5,74,13.3,77,2024-01-30 16:00:00,Chennai,13.0827,80.2707
25.4,75,12.4,73,2024-01-30 17:00:00,Chennai,13.0827,80.2707
25.0,76,10.1,63,2024-01-30 18:00:00,Chennai,13.0827,80.2707
24.6,79,8.2,52,2024-01-30 19:00:00,Chennai,13.0827,80.2707
24.2,82,7.3,57,2024-01-30 20:00:00,Chennai,13.0827,80.2707
23.4,87,6.6,61,2024-01-30 21:00:00,Chennai,13.0827,80.2707
22.7,90,8.8,55,2024-01-30 22:00:00,Chennai,13.0827,80.2707
22.5,90,7.4,23,2024-01-30 23:00:00,Chennai,13.0827,80.2707
22.1,91,6.2,350,2024-01-31 00:00:00,Chennai,13.0827,80.2707
23.1,89,4.6,342,2024-01-31 01:00:00,Chennai,13.0827,80.2707
24.5,84,6.0,335,2024-01-31 02:00:00,Chennai,13.0827,80.2707
26.5,77,4.0,10,2024-01-31 03:00:00,Chennai,13.0827,80.2707
28.1,68,8.8,71,2024-01-31 04:00:00,Chennai,13.0827,80.2707
28.8,65,9.4,83,2024-01-31 05:00:00,Chennai,13.0827,80.2707
29.2,63,9.7,88,2024-01-31 06:00:00,Chennai,13.0827,80.2707
29.4,61,10.5,82,2024-01-31 07:00:00,Chennai,13.0827,80.2707
29.4,60,13.1,82,2024-01-31 08:00:00,Chennai,13.0827,80.2707
28.9,59,13.8,81,2024-01-31 09:00:00,Chennai,13.0827,80.2707
28.6,62,13.2,79,2024-01-31 10:00:00,Chennai,13.0827,80.2707
28.0,66,12.0,81,2024-01-31 11:00:00,Chennai,13.0827,80.2707
27.2,69,11.5,92,2024-01-31 12:00:00,Chennai,13.0827,80.2707
26.8,70,10.1,107,2024-01-31 13:00:00,Chennai,13.0827,80.2707
26.5,72,11.3,97,2024-01-31 14:00:00,Chennai,13.0827,80.2707
26.4,74,12.3,97,2024-01-31 15:00:00,Chennai,13.0827,80.2707
26.3,76,12.8,100,2024-01-31 16:00:00,Chennai,13.0827,80.2707
26.1,78,11.5,92,2024-01-31 17:00:00,Chennai,13.0827,80.2707
26.0,79,11.3,97,2024-01-31 18:00:00,Chennai,13.0827,80.2707
25.8,80,10.2,98,2024-01-31 19:00:00,Chennai,13.0827,80.2707
25.5,82,10.1,107,2024-01-31 20:00:00,Chennai,13.0827,80.2707
25.0,86,6.6,119,2024-01-31 21:00:00,Chennai,13.0827,80.2707
24.5,89,6.1,130,2024-01-31 22:00:00,Chennai,13.0827,80.2707
23.9,92,6.9,141,2024-01-31 23:00:00,Chennai,13.0827,80.2707
24.0,92,6.3,156,2024-02-01 00:00:00,Chennai,13.0827,80.2707
24.6,92,3.9,214,2024-02-01 01:00:00,Chennai,13.0827,80.2707
25.5,90,3.8,229,2024-02-01 02:00:00,Chennai,13.0827,80.2707
26.8,83,4.2,250,2024-02-01 03:00:00,Chennai,13.0827,80.2707
27.2,82,3.3,131,2024-02-01 04:00:00,Chennai,13.0827,80.2707
28.5,75,6.5,90,2024-02-01 05:00:00,Chennai,13.0827,80.2707
29.2,70,11.6,83,2024-02-01 06:00:00,Chennai,13.0827,80.2707
29.1,68,13.0,95,2024-02-01 07:00:00,Chennai,13.0827,80.2707
29.0,70,13.7,95,2024-02-01 08:00:00,Chennai,13.0827,80.2707
28.8,72,13.8,97,2024-02-01 09:00:00,Chennai,13.0827,80.2707
28.6,72,14.4,103,2024-02-01 10:00:00,Chennai,13.0827,80.2707
28.0,76,13.6,112,2024-02-01 11:00:00,Chennai,13.0827,80.2707
27.4,78,12.9,117,2024-02-01 12:00:00,Chennai,13.0827,80.2707
27.0,84,11.3,117,2024-02-01 13:00:00,Chennai,13.0827,80.2707
26.8,85,10.8,120,2024-02-01 14:00:00,Chennai,13.0827,80.2707
26.4,87,9.2,121,2024-02-01 15:00:00,Chennai,13.0827,80.2707
26.1,88,10.6,118,2024-02-01 16:00:00,Chennai,13.0827,80.2707
25.9,90,9.7,121,2024-02-01 17:00:00,Chennai,13.0827,80.2707
25.6,91,8.1,122,2024-02-01 18:00:00,Chennai,13.0827,80.2707
25.4,92,7.5,125,2024-02-01 19:00:00,Chennai,13.0827,80.2707
24.9,94,5.1,129,2024-02-01 20:00:00,Chennai,13.0827,80.2707
24.0,96,6.6,139,2024-02-01 21:00:00,Chennai,13.0827,80.2707
23.9,96,6.9,152,2024-02-01 22:00:00,Chennai,13.0827,80.2707
23.5,97,7.2,162,2024-02-01 23:00:00,Chennai,13.0827,80.2707
23.5,97,5.4,180,2024-02-02 00:00:00,Chennai,13.0827,80.2707
24.6,89,4.6,162,2024-02-02 01:00:00,Chennai,13.0827,80.2707
26.0,84,6.8,155,2024-02-02 02:00:00,Chennai,13.0827,80.2707
27.6,76,5.1,184,2024-02-02 03:00:00,Chennai,13.0827,80.2707
28.9,71,7.0,159,2024-02-02 04:00:00,Chennai,13.0827,80.2707
29.6,66,8.4,133,2024-02-02 05:00:00,Chennai,13.0827,80.2707
29.8,66,12.2,124,2024-02-02 06:00:00,Chennai,13.0827,80.2707
29.9,67,14.1,128,2024-02-02 07:00:00,Chennai,13.0827,80.2707
29.8,66,14.6,128,2024-02-02 08:00:00,Chennai,13.0827,80.2707
29.5,67,15.0,132,2024-02-02 09:00:00,Chennai,13.0827,80.2707
29.4,66,14.0,136,2024-02-02 10:00:00,Chennai,13.0827,80.2707
28.8,68,13.5,136,2024-02-02 11:00:00,Chennai,13.0827,80.2707
27.8,72,12.0,136,2024-02-02 12:00:00,Chennai,13.0827,80.2707
26.9,81,9.2,116,2024-02-02 13:00:00,Chennai,13.0827,80.2707
26.3,84,7.1,105,2024-02-02 14:00:00,Chennai,13.0827,80.2707
26.0,85,9.2,101,2024-02-02 15:00:00,Chennai,13.0827,80.2707
25.8,86,10.0,103,2024-02-02 16:00:00,Chennai,13.0827,80.2707
25.4,88,9.1,99,2024-02-02 17:00:00,Chennai,13.0827,80.2707
25.2,90,10.1,96,2024-02-02 18:00:00,Chennai,13.0827,80.2707
25.0,92,9.6,103,2024-02-02 19:00:00,Chennai,13.0827,80.2707
24.9,93,9.2,111,2024-02-02 20:00:00,Chennai,13.0827,80.2707
24.6,93,6.8,122,2024-02-02 21:00:00,Chennai,13.0827,80.2707
24.2,93,5.9,133,2024-02-02 22:00:00,Chennai,13.0827,80.2707
23.7,94,5.9,137,2024-02-02 23:00:00,Chennai,13.0827,80.2707
23.5,95,6.8,162,2024-02-03 00:00:00,Chennai,13.0827,80.2707
23.9,91,6.5,161,2024-02-03 01:00:00,Chennai,13.0827,80.2707
25.3,87,2.3,162,2024-02-03 02:00:00,Chennai,13.0827,80.2707
27.0,79,3.1,111,2024-02-03 03:00:00,Chennai,13.0827,80.2707
28.5,69,8.8,109,2024-02-03 04:00:00,Chennai,13.0827,80.2707
29.1,64,10.3,102,2024-02-03 05:00:00,Chennai,13.0827,80.2707
29.5,61,11.2,96,2024-02-03 06:00:00,Chennai,13.0827,80.2707
29.7,61,11.9,92,2024-02-03 07:00:00,Chennai,13.0827,80.2707
29.8,60,12.6,93,2024-02-03 08:00:00,Chennai,13.0827,80.2707
29.4,62,12.2,90,2024-02-03 09:00:00,Chennai,13.0827,80.2707
29.0,65,11.7,81,2024-02-03 10:00:00,Chennai,13.0827,80.2707
28.4,68,10.0,75,2024-02-03 11:00:00,Chennai,13.0827,80.2707
27.4,71,9.4,67,2024-02-03 12:00:00,Chennai,13.0827,80.2707
26.1,77,6.8,65,2024-02-03 13:00:00,Chennai,13.0827,80.2707
25.6,81,6.1,62,2024-02-03 14:00:00,Chennai,13.0827,80.2707
25.1,83,6.1,50,2024-02-03 15:00:00,Chennai,13.0827,80.2707
24.4,88,5.4,42,2024-02-03 16:00:00,Chennai,13.0827,80.2707
24.0,90,5.6,45,2024-02-03 17:00:00,Chennai,13.0827,80.2707
24.1,89,6.7,54,2024-02-03 18:00:00,Chennai,13.0827,80.2707
24.2,88,7.2,63,2024-02-03 19:00:00,Chennai,13.0827,80.2707
24.0,89,6.5,71,2024-02-03 20:00:00,Chennai,13.0827,80.2707
23.5,90,5.8,86,2024-02-03 21:00:00,Chennai,13.0827,80.2707
23.6,90,7.0,111,2024-02-03 22:00:00,Chennai,13.0827,80.2707
23.9,89,6.9,118,2024-02-03 23:00:00,Chennai,13.0827,80.2707
22.6,93,8.4,115,2024-02-04 00:00:00,Chennai,13.0827,80.2707
23.8,91,5.9,38,2024-02-04 01:00:00,Chennai,13.0827,80.2707
25.2,86,4.0,360,2024-02-04 02:00:00,Chennai,13.0827,80.2707
27.0,76,3.8,41,2024-02-04 03:00:00,Chennai,13.0827,80.2707
28.2,67,5.6,75,2024-02-04 04:00:00,Chennai,13.0827,80.2707
29.3,61,7.7,79,2024-02-04 05:00:00,Chennai,13.0827,80.2707
29.9,57,10.0,77,2024-02-04 06:00:00,Chennai,13.0827,80.2707
30.0,57,12.7,75,2024-02-04 07:00:00,Chennai,13.0827,80.2707
29.9,58,13.4,76,2024-02-04 08:00:00,Chennai,13.0827,80.2707
29.5,60,13.1,69,2024-02-04 09:00:00,Chennai,13.0827,80.2707
29.0,60,12.9,67,2024-02-04 10:00:00,Chennai,13.0827,80.2707
28.2,65,12.3,69,2024-02-04 11:00:00,Chennai,13.0827,80.2707
27.1,72,11.6,68,2024-02-04 12:00:00,Chennai,13.0827,80.2707
26.0,79,9.2,64,2024-02-04 13:00:00,Chennai,13.0827,80.2707
25.5,84,8.4,65,2024-02-04 14:00:00,Chennai,13.0827,80.2707
25.2,85,9.0,61,2024-02-04 15:00:00,Chennai,13.0827,80.2707
25.0,85,9.2,59,2024-02-04 16:00:00,Chennai,13.0827,80.2707
24.8,87,8.0,63,2024-02-04 17:00:00,Chennai,13.0827,80.2707
24.4,89,7.6,71,2024-02-04 18:00:00,Chennai,13.0827,80.2707
24.0,91,6.8,72,2024-02-04 19:00:00,Chennai,13.0827,80.2707
23.5,92,6.0,65,2024-02-04 20:00:00,Chennai,13.0827,80.2707
23.2,93,5.5,67,2024-02-04 21:00:00,Chennai,13.0827,80.2707
22.4,94,8.1,58,2024-02-04 22:00:00,Chennai,13.0827,80.2707
22.2,95,7.1,30,2024-02-04 23:00:00,Chennai,13.0827,80.2707
22.0,98,5.4,352,2024-02-05 00:00:00,Chennai,13.0827,80.2707
22.9,96,4.0,333,2024-02-05 01:00:00,Chennai,13.0827,80.2707
24.0,92,5.6,320,2024-02-05 02:00:00,Chennai,13.0827,80.2707
26.2,82,5.1,356,2024-02-05 03:00:00,Chennai,13.0827,80.2707
28.0,70,8.4,50,2024-02-05 04:00:00,Chennai,13.0827,80.2707
29.0,62,9.7,59,2024-02-05 05:00:00,Chennai,13.0827,80.2707
29.5,59,10.8,69,2024-02-05 06:00:00,Chennai,13.0827,80.2707
29.8,57,12.4,73,2024-02-05 07:00:00,Chennai,13.0827,80.2707
29.7,56,13.6,78,2024-02-05 08:00:00,Chennai,13.0827,80.2707
29.4,55,13.5,81,2024-02-05 09:00:00,Chennai,13.0827,80.2707
28.8,59,12.7,83,2024-02-05 10:00:00,Chennai,13.0827,80.2707
28.0,64,13.0,88,2024-02-05 11:00:00,Chennai,13.0827,80.2707
26.9,69,12.2,90,2024-02-05 12:00:00,Chennai,13.0827,80.2707
25.9,76,9.5,81,2024-02-05 13:00:00,Chennai,13.0827,80.2707
25.5,80,9.4,88,2024-02-05 14:00:00,Chennai,13.0827,80.2707
25.2,81,9.7,92,2024-02-05 15:00:00,Chennai,13.0827,80.2707
25.0,82,9.1,99,2024-02-05 16:00:00,Chennai,13.0827,80.2707
24.8,81,8.2,105,2024-02-05 17:00:00,Chennai,13.0827,80.2707
24.2,83,6.8,108,2024-02-05 18:00:00,Chennai,13.0827,80.2707
23.5,87,6.2,111,2024-02-05 19:00:00,Chennai,13.0827,80.2707
22.9,90,7.1,105,2024-02-05 20:00:00,Chennai,13.0827,80.2707
22.7,90,7.3,110,2024-02-05 21:00:00,Chennai,13.0827,80.2707
24.4,83,2.6,164,2024-02-05 22:00:00,Chennai,13.0827,80.2707
21.5,95,4.6,309,2024-02-05 23:00:00,Chennai,13.0827,80.2707
21.6,95,6.3,301,2024-02-06 00:00:00,Chennai,13.0827,80.2707
22.1,98,7.9,294,2024-02-06 01:00:00,Chennai,13.0827,80.2707
23.0,95,8.6,292,2024-02-06 02:00:00,Chennai,13.0827,80.2707
25.8,83,6.2,306,2024-02-06 03:00:00,Chennai,13.0827,80.2707
27.9,71,5.1,39,2024-02-06 04:00:00,Chennai,13.0827,80.2707
29.0,65,8.7,66,2024-02-06 05:00:00,Chennai,13.0827,80.2707
29.5,62,10.9,73,2024-02-06 06:00:00,Chennai,13.0827,80.2707
29.8,60,13.0,76,2024-02-06 07:00:00,Chennai,13.0827,80.2707
29.7,60,13.7,76,2024-02-06 08:00:00,Chennai,13.0827,80.2707
29.4,60,13.3,77,2024-02-06 09:00:00,Chennai,13.0827,80.2707
28.8,63,13.0,84,2024-02-06 10:00:00,Chennai,13.0827,80.2707
28.0,67,12.6,92,2024-02-06 11:00:00,Chennai,13.0827,80.2707
27.0,72,11.2,96,2024-02-06 12:00:00,Chennai,13.0827,80.2707
26.3,76,8.6,75,2024-02-06 13:00:00,Chennai,13.0827,80.2707
25.8,79,6.9,81,2024-02-06 14:00:00,Chennai,13.0827,80.2707
25.3,81,6.5,87,2024-02-06 15:00:00,Chennai,13.0827,80.2707
24.6,85,5.8,94,2024-02-06 16:00:00,Chennai,13.0827,80.2707
23.5,90,8.1,103,2024-02-06 17:00:00,Chennai,13.0827,80.2707
24.1,86,6.2,100,2024-02-06 18:00:00,Chennai,13.0827,80.2707
24.6,84,2.9,30,2024-02-06 19:00:00,Chennai,13.0827,80.2707
22.2,94,3.4,302,2024-02-06 20:00:00,Chennai,13.0827,80.2707
21.8,97,4.7,293,2024-02-06 21:00:00,Chennai,13.0827,80.2707
21.7,97,7.3,290,2024-02-06 22:00:00,Chennai,13.0827,80.2707
21.5,98,7.0,282,2024-02-06 23:00:00,Chennai,13.0827,80.2707
21.5,98,6.5,276,2024-02-07 00:00:00,Chennai,13.0827,80.2707
21.9,98,6.4,286,2024-02-07 01:00:00,Chennai,13.0827,80.2707
22.4,98,6.6,292,2024-02-07 02:00:00,Chennai,13.0827,80.2707
24.4,91,5.0,291,2024-02-07 03:00:00,Chennai,13.0827,80.2707
27.0,77,4.0,27,2024-02-07 04:00:00,Chennai,13.0827,80.2707
28.5,68,5.9,52,2024-02-07 05:00:00,Chennai,13.0827,80.2707
29.7,61,8.7,66,2024-02-07 06:00:00,Chennai,13.0827,80.2707
30.3,57,10.7,70,2024-02-07 07:00:00,Chennai,13.0827,80.2707
30.3,58,12.4,73,2024-02-07 08:00:00,Chennai,13.0827,80.2707
29.9,58,12.8,79,2024-02-07 09:00:00,Chennai,13.0827,80.2707
29.3,58,12.3,85,2024-02-07 10:00:00,Chennai,13.0827,80.2707
28.4,63,10.8,92,2024-02-07 11:00:00,Chennai,13.0827,80.2707
27.0,73,9.8,98,2024-02-07 12:00:00,Chennai,13.0827,80.2707
25.0,79,5.4,98,2024-02-07 13:00:00,Chennai,13.0827,80.2707
23.5,90,8.7,95,2024-02-07 14:00:00,Chennai,13.0827,80.2707
23.5,89,7.6,93,2024-02-07 15:00:00,Chennai,13.0827,80.2707
23.0,91,8.5,102,2024-02-07 16:00:00,Chennai,13.0827,80.2707
22.8,92,8.6,123,2024-02-07 17:00:00,Chennai,13.0827,80.2707
22.9,91,7.7,143,2024-02-07 18:00:00,Chennai,13.0827,80.2707
22.8,92,7.4,157,2024-02-07 19:00:00,Chennai,13.0827,80.2707
22.1,94,6.4,196,2024-02-07 20:00:00,Chennai,13.0827,80.2707
21.2,97,5.2,245,2024-02-07 21:00:00,Chennai,13.0827,80.2707
21.4,97,5.6,255,2024-02-07 22:00:00,Chennai,13.0827,80.2707
21.1,97,6.1,267,2024-02-07 23:00:00,Chennai,13.0827,80.2707
21.0,98,6.9,279,2024-02-08 00:00:00,Chennai,13.0827,80.2707
21.1,97,7.9,286,2024-02-08 01:00:00,Chennai,13.0827,80.2707
22.0,91,8.8,279,2024-02-08 02:00:00,Chennai,13.0827,80.2707
24.5,80,5.8,270,2024-02-08 03:00:00,Chennai,13.0827,80.2707
27.2,70,2.9,263,2024-02-08 04:00:00,Chennai,13.0827,80.2707
29.1,62,2.3,72,2024-02-08 05:00:00,Chennai,13.0827,80.2707
30.5,56,6.9,81,2024-02-08 06:00:00,Chennai,13.0827,80.2707
31.0,53,10.5,84,2024-02-08 07:00:00,Chennai,13.0827,80.2707
30.8,53,12.3,85,2024-02-08 08:00:00,Chennai,13.0827,80.2707
30.2,55,11.9,88,2024-02-08 09:00:00,Chennai,13.0827,80.2707
29.6,58,10.9,96,2024-02-08 10:00:00,Chennai,13.0827,80.2707
28.6,66,10.7,102,2024-02-08 11:00:00,Chennai,13.0827,80.2707
27.2,78,8.9,111,2024-02-08 12:00:00,Chennai,13.0827,80.2707
25.8,85,6.0,123,2024-02-08 13:00:00,Chennai,13.0827,80.2707
24.9,91,5.9,133,2024-02-08 14:00:00,Chennai,13.0827,80.2707
24.9,91,7.2,143,2024-02-08 15:00:00,Chennai,13.0827,80.2707
24.4,91,6.1,140,2024-02-08 16:00:00,Chennai,13.0827,80.2707
23.1,94,8.8,125,2024-02-08 17:00:00,Chennai,13.0827,80.2707
22.8,95,8.9,137,2024-02-08 18:00:00,Chennai,13.0827,80.2707
23.0,95,7.4,151,2024-02-08 19:00:00,Chennai,13.0827,80.2707
22.8,96,6.5,186,2024-02-08 20:00:00,Chennai,13.0827,80.2707
22.2,99,5.0,201,2024-02-08 21:00:00,Chennai,13.0827,80.2707
22.2,98,4.4,215,2024-02-08 22:00:00,Chennai,13.0827,80.2707
22.7,97,3.1,249,2024-02-08 23:00:00,Chennai,13.0827,80.2707
22.7,96,5.0,291,2024-02-09 00:00:00,Chennai,13.0827,80.2707
23.8,94,2.7,247,2024-02-09 01:00:00,Chennai,13.0827,80.2707
24.5,92,3.4,252,2024-02-09 02:00:00,Chennai,13.0827,80.2707
25.5,91,1.1,180,2024-02-09 03:00:00,Chennai,13.0827,80.2707
28.0,75,7.0,111,2024-02-09 04:00:00,Chennai,13.0827,80.2707
29.2,67,9.3,106,2024-02-09 05:00:00,Chennai,13.0827,80.2707
29.7,64,10.7,104,2024-02-09 06:00:00,Chennai,13.0827,80.2707
30.0,61,11.8,102,2024-02-09 07:00:00,Chennai,13.0827,80.2707
30.0,61,13.1,99,2024-02-09 08:00:00,Chennai,13.0827,80.2707
29.5,63,14.2,99,2024-02-09 09:00:00,Chennai,13.0827,80.2707
28.9,66,14.4,94,2024-02-09 10:00:00,Chennai,13.0827,80.2707
28.2,69,14.1,93,2024-02-09 11:00:00,Chennai,13.0827,80.2707
27.7,71,13.0,88,2024-02-09 12:00:00,Chennai,13.0827,80.2707
27.0,70,9.4,72,2024-02-09 13:00:00,Chennai,13.0827,80.2707
26.5,75,8.8,71,2024-02-09 14:00:00,Chennai,13.0827,80.2707
26.1,78,8.8,71,2024-02-09 15:00:00,Chennai,13.0827,80.2707
26.0,79,9.7,75,2024-02-09 16:00:00,Chennai,13.0827,80.2707
26.0,79,10.7,78,2024-02-09 17:00:00,Chennai,13.0827,80.2707
25.7,81,10.8,75,2024-02-09 18:00:00,Chennai,13.0827,80.2707
25.5,82,9.8,73,2024-02-09 19:00:00,Chennai,13.0827,80.2707
25.4,82,8.8,81,2024-02-09 20:00:00,Chennai,13.0827,80.2707
25.2,83,7.6,87,2024-02-09 21:00:00,Chennai,13.0827,80.2707
25.0,84,6.6,99,2024-02-09 22:00:00,Chennai,13.0827,80.2707
24.8,84,6.0,107,2024-02-09 23:00:00,Chennai,13.0827,80.2707
24.4,87,5.0,111,2024-02-10 00:00:00,Chennai,13.0827,80.2707
25.5,79,6.4,142,2024-02-10 01:00:00,Chennai,13.0827,80.2707
26.7,74,0.8,63,2024-02-10 02:00:00,Chennai,13.0827,80.2707
28.2,69,3.3,96,2024-02-10 03:00:00,Chennai,13.0827,80.2707
29.5,63,12.3,95,2024-02-10 04:00:00,Chennai,13.0827,80.2707
30.3,59,15.5,94,2024-02-10 05:00:00,Chennai,13.0827,80.2707
30.8,57,15.1,90,2024-02-10 06:00:00,Chennai,13.0827,80.2707
30.9,57,15.5,85,2024-02-10 07:00:00,Chennai,13.0827,80.2707
30.6,58,16.2,86,2024-02-10 08:00:00,Chennai,13.0827,80.2707
30.2,59,16.2,89,2024-02-10 09:00:00,Chennai,13.0827,80.2707
29.8,61,15.5,90,2024-02-10 10:00:00,Chennai,13.0827,80.2707
29.1,64,15.5,90,2024-02-10 11:00:00,Chennai,13.0827,80.2707
28.3,67,14.4,93,2024-02-10 12:00:00,Chennai,13.0827,80.2707
27.7,69,11.5,88,2024-02-10 13:00:00,Chennai,13.0827,80.2707
27.2,71,10.9,82,2024-02-10 14:00:00,Chennai,13.0827,80.2707
27.0,73,10.5,86,2024-02-10 15:00:00,Chennai,13.0827,80.2707
26.6,75,10.1,86,2024-02-10 16:00:00,Chennai,13.0827,80.2707
26.4,76,10.9,84,2024-02-10 17:00:00,Chennai,13.0827,80.2707
26.0,77,10.9,73,2024-02-10 18:00:00,Chennai,13.0827,80.2707
25.6,79,10.4,70,2024-02-10 19:00:00,Chennai,13.0827,80.2707
25.5,80,10.7,78,2024-02-10 20:00:00,Chennai,13.0827,80.2707
25.3,82,10.1,88,2024-02-10 21:00:00,Chennai,13.0827,80.2707
24.9,84,9.0,88,2024-02-10 22:00:00,Chennai,13.0827,80.2707
24.8,84,8.2,75,2024-02-10 23:00:00,Chennai,13.0827,80.2707
24.6,83,7.6,59,2024-02-11 00:00:00,Chennai,13.0827,80.2707
25.6,74,7.9,60,2024-02-11 01:00:00,Chennai,13.0827,80.2707
27.0,69,11.4,55,2024-02-11 02:00:00,Chennai,13.0827,80.2707
28.2,62,15.8,55,2024-02-11 03:00:00,Chennai,13.0827,80.2707
29.0,60,17.6,55,2024-02-11 04:00:00,Chennai,13.0827,80.2707
29.6,58,18.4,59,2024-02-11 05:00:00,Chennai,13.0827,80.2707
30.0,57,19.2,64,2024-02-11 06:00:00,Chennai,13.0827,80.2707
30.0,58,19.1,68,2024-02-11 07:00:00,Chennai,13.0827,80.2707
29.8,58,18.1,69,2024-02-11 08:00:00,Chennai,13.0827,80.2707
29.4,59,16.4,75,2024-02-11 09:00:00,Chennai,13.0827,80.2707
28.9,60,15.0,80,2024-02-11 10:00:00,Chennai,13.0827,80.2707
28.1,64,13.8,81,2024-02-11 11:00:00,Chennai,13.0827,80.2707
27.2,68,11.5,76,2024-02-11 12:00:00,Chennai,13.0827,80.2707
26.5,72,9.5,79,2024-02-11 13:00:00,Chennai,13.0827,80.2707
26.0,75,9.2,64,2024-02-11 14:00:00,Chennai,13.0827,80.2707
25.5,78,8.5,62,2024-02-11 15:00:00,Chennai,13.0827,80.2707
25.0,80,6.9,62,2024-02-11 16:00:00,Chennai,13.0827,80.2707
24.5,81,6.5,71,2024-02-11 17:00:00,Chennai,13.0827,80.2707
24.0,83,5.9,76,2024-02-11 18:00:00,Chennai,13.0827,80.2707
23.3,86,6.3,66,2024-02-11 19:00:00,Chennai,13.0827,80.2707
22.5,90,7.1,41,2024-02-11 20:00:00,Chennai,13.0827,80.2707
22.1,92,7.3,20,2024-02-11 21:00:00,Chennai,13.0827,80.2707
22.5,91,5.9,11,2024-02-11 22:00:00,Chennai,13.0827,80.2707
23.0,89,7.0,12,2024-02-11 23:00:00,Chennai,13.0827,80.2707
22.6,91,6.7,16,2024-02-12 00:00:00,Chennai,13.0827,80.2707
24.0,82,7.7,37,2024-02-12 01:00:00,Chennai,13.0827,80.2707
25.8,73,10.7,50,2024-02-12 02:00:00,Chennai,13.0827,80.2707
27.6,63,15.3,63,2024-02-12 03:00:00,Chennai,13.0827,80.2707
28.5,59,16.6,68,2024-02-12 04:00:00,Chennai,13.0827,80.2707
29.1,57,17.2,70,2024-02-12 05:00:00,Chennai,13.0827,80.2707
29.5,55,17.1,72,2024-02-12 06:00:00,Chennai,13.0827,80.2707
29.5,57,16.3,72,2024-02-12 07:00:00,Chennai,13.0827,80.2707
29.5,57,15.7,70,2024-02-12 08:00:00,Chennai,13.0827,80.2707
29.1,58,15.0,69,2024-02-12 09:00:00,Chennai,13.0827,80.2707
28.9,58,15.1,72,2024-02-12 10:00:00,Chennai,13.0827,80.2707
28.4,59,14.5,76,2024-02-12 11:00:00,Chennai,13.0827,80.2707
27.5,62,13.9,73,2024-02-12 12:00:00,Chennai,13.0827,80.2707
26.3,69,9.3,77,2024-02-12 13:00:00,Chennai,13.0827,80.2707
26.0,70,10.3,78,2024-02-12 14:00:00,Chennai,13.0827,80.2707
26.1,69,9.7,90,2024-02-12 15:00:00,Chennai,13.0827,80.2707
26.5,66,10.8,90,2024-02-12 16:00:00,Chennai,13.0827,80.2707
26.6,66,11.9,87,2024-02-12 17:00:00,Chennai,13.0827,80.2707
26.2,68,9.7,88,2024-02-12 18:00:00,Chennai,13.0827,80.2707
25.6,70,8.3,90,2024-02-12 19:00:00,Chennai,13.0827,80.2707
25.6,71,7.2,84,2024-02-12 20:00:00,Chennai,13.0827,80.2707
25.5,72,6.3,77,2024-02-12 21:00:00,Chennai,13.0827,80.2707
24.6,77,5.6,63,2024-02-12 22:00:00,Chennai,13.0827,80.2707
24.4,78,5.4,53,2024-02-12 23:00:00,Chennai,13.0827,80.2707
24.0,80,5.9,52,2024-02-13 00:00:00,Chennai,13.0827,80.2707
24.1,85,6.0,343,2024-02-13 01:00:00,Chennai,13.0827,80.2707
24.8,86,3.6,84,2024-02-13 02:00:00,Chennai,13.0827,80.2707
26.1,81,4.7,328,2024-02-13 03:00:00,Chennai,13.0827,80.2707
28.1,70,11.2,40,2024-02-13 04:00:00,Chennai,13.0827,80.2707
29.5,63,16.8,59,2024-02-13 05:00:00,Chennai,13.0827,80.2707
30.0,62,19.0,63,2024-02-13 06:00:00,Chennai,13.0827,80.2707
30.1,62,19.5,65,2024-02-13 07:00:00,Chennai,13.0827,80.2707
30.1,63,19.6,64,2024-02-13 08:00:00,Chennai,13.0827,80.2707
29.9,64,19.1,68,2024-02-13 09:00:00,Chennai,13.0827,80.2707
29.5,66,18.9,69,2024-02-13 10:00:00,Chennai,13.0827,80.2707
28.9,67,19.2,64,2024-02-13 11:00:00,Chennai,13.0827,80.2707
28.0,71,17.9,62,2024-02-13 12:00:00,Chennai,13.0827,80.2707
27.5,74,17.1,46,2024-02-13 13:00:00,Chennai,13.0827,80.2707
26.8,77,14.5,55,2024-02-13 14:00:00,Chennai,13.0827,80.2707
27.0,78,15.3,47,2024-02-13 15:00:00,Chennai,13.0827,80.2707
26.8,78,15.3,51,2024-02-13 16:00:00,Chennai,13.0827,80.2707
26.5,79,15.1,57,2024-02-13 17:00:00,Chennai,13.0827,80.2707
26.4,81,14.9,58,2024-02-13 18:00:00,Chennai,13.0827,80.2707
26.1,83,14.0,61,2024-02-13 19:00:00,Chennai,13.0827,80.2707
25.8,85,13.7,63,2024-02-13 20:00:00,Chennai,13.0827,80.2707
25.6,85,12.7,61,2024-02-13 21:00:00,Chennai,13.0827,80.2707
25.5,86,11.1,61,2024-02-13 22:00:00,Chennai,13.0827,80.2707
25.1,88,8.8,55,2024-02-13 23:00:00,Chennai,13.0827,80.2707
24.5,91,6.6,45,2024-02-14 00:00:00,Chennai,13.0827,80.2707
25.5,89,9.3,54,2024-02-14 01:00:00,Chennai,13.0827,80.2707
26.6,84,11.0,58,2024-02-14 02:00:00,Chennai,13.0827,80.2707
28.0,76,14.4,68,2024-02-14 03:00:00,Chennai,13.0827,80.2707
28.9,70,15.4,74,2024-02-14 04:00:00,Chennai,13.0827,80.2707
29.8,62,15.6,71,2024-02-14 05:00:00,Chennai,13.0827,80.2707
30.0,59,15.8,69,2024-02-14 06:00:00,Chennai,13.0827,80.2707
30.5,56,16.6,68,2024-02-14 07:00:00,Chennai,13.0827,80.2707
30.4,57,16.6,66,2024-02-14 08:00:00,Chennai,13.0827,80.2707
30.0,58,16.8,67,2024-02-14 09:00:00,Chennai,13.0827,80.2707
29.5,60,16.6,66,2024-02-14 10:00:00,Chennai,13.0827,80.2707
28.7,64,15.8,63,2024-02-14 11:00:00,Chennai,13.0827,80.2707
27.6,72,15.0,60,2024-02-14 12:00:00,Chennai,13.0827,80.2707
26.5,76,12.5,49,2024-02-14 13:00:00,Chennai,13.0827,80.2707
26.0,81,12.9,54,2024-02-14 14:00:00,Chennai,13.0827,80.2707
25.8,85,11.9,61,2024-02-14 15:00:00,Chennai,13.0827,80.2707
25.5,88,10.8,64,2024-02-14 16:00:00,Chennai,13.0827,80.2707
25.1,90,9.5,65,2024-02-14 17:00:00,Chennai,13.0827,80.2707
24.9,91,8.0,63,2024-02-14 18:00:00,Chennai,13.0827,80.2707
24.4,92,6.2,54,2024-02-14 19:00:00,Chennai,13.0827,80.2707
23.9,94,4.8,42,2024-02-14 20:00:00,Chennai,13.0827,80.2707
23.1,95,6.2,36,2024-02-14 21:00:00,Chennai,13.0827,80.2707
22.9,96,5.2,16,2024-02-14 22:00:00,Chennai,13.0827,80.2707
23.0,97,5.1,8,2024-02-14 23:00:00,Chennai,13.0827,80.2707
23.1,96,5.4,360,2024-02-15 00:00:00,Chennai,13.0827,80.2707
23.9,92,7.3,20,2024-02-15 01:00:00,Chennai,13.0827,80.2707
25.6,85,10.2,39,2024-02-15 02:00:00,Chennai,13.0827,80.2707
27.5,74,14.4,53,2024-02-15 03:00:00,Chennai,13.0827,80.2707
28.4,67,15.8,60,2024-02-15 04:00:00,Chennai,13.0827,80.2707
29.2,62,15.6,61,2024-02-15 05:00:00,Chennai,13.0827,80.2707
29.6,60,15.5,65,2024-02-15 06:00:00,Chennai,13.0827,80.2707
29.8,58,15.0,69,2024-02-15 07:00:00,Chennai,13.0827,80.2707
29.7,59,15.3,71,2024-02-15 08:00:00,Chennai,13.0827,80.2707
29.5,57,15.0,69,2024-02-15 09:00:00,Chennai,13.0827,80.2707
29.0,60,15.0,69,2024-02-15 10:00:00,Chennai,13.0827,80.2707
28.2,65,14.7,65,2024-02-15 11:00:00,Chennai,13.0827,80.2707
27.3,70,13.7,63,2024-02-15 12:00:00,Chennai,13.0827,80.2707
26.7,77,12.6,59,2024-02-15 13:00:00,Chennai,13.0827,80.2707
26.4,79,10.6,62,2024-02-15 14:00:00,Chennai,13.0827,80.2707
26.0,81,10.0,64,2024-02-15 15:00:00,Chennai,13.0827,80.2707
25.7,81,9.7,63,2024-02-15 16:00:00,Chennai,13.0827,80.2707
25.4,83,8.9,58,2024-02-15 17:00:00,Chennai,13.0827,80.2707
25.0,85,8.7,52,2024-02-15 18:00:00,Chennai,13.0827,80.2707
24.7,85,8.2,52,2024-02-15 19:00:00,Chennai,13.0827,80.2707
24.5,85,7.5,55,2024-02-15 20:00:00,Chennai,13.0827,80.2707
24.1,86,6.2,54,2024-02-15 21:00:00,Chennai,13.0827,80.2707
23.7,88,5.4,48,2024-02-15 22:00:00,Chennai,13.0827,80.2707
23.6,88,5.6,45,2024-02-15 23:00:00,Chennai,13.0827,80.2707
23.8,88,5.9,47,2024-02-16 00:00:00,Chennai,13.0827,80.2707
25.0,84,8.4,43,2024-02-16 01:00:00,Chennai,13.0827,80.2707
26.5,78,10.2,48,2024-02-16 02:00:00,Chennai,13.0827,80.2707
28.1,70,13.4,54,2024-02-16 03:00:00,Chennai,13.0827,80.2707
29.0,65,14.1,58,2024-02-16 04:00:00,Chennai,13.0827,80.2707
29.8,61,15.0,60,2024-02-16 05:00:00,Chennai,13.0827,80.2707
30.1,59,16.0,59,2024-02-16 06:00:00,Chennai,13.0827,80.2707
30.5,56,16.8,59,2024-02-16 07:00:00,Chennai,13.0827,80.2707
30.5,56,16.9,61,2024-02-16 08:00:00,Chennai,13.0827,80.2707
30.1,57,17.1,60,2024-02-16 09:00:00,Chennai,13.0827,80.2707
29.5,59,17.4,56,2024-02-16 10:00:00,Chennai,13.0827,80.2707
28.8,63,16.4,52,2024-02-16 11:00:00,Chennai,13.0827,80.2707
27.7,68,14.8,51,2024-02-16 12:00:00,Chennai,13.0827,80.2707
26.8,78,11.0,49,2024-02-16 13:00:00,Chennai,13.0827,80.2707
26.2,82,9.7,45,2024-02-16 14:00:00,Chennai,13.0827,80.2707
25.9,84,9.7,42,2024-02-16 15:00:00,Chennai,13.0827,80.2707
25.6,85,9.2,42,2024-02-16 16:00:00,Chennai,13.0827,80.2707
25.2,87,8.0,36,2024-02-16 17:00:00,Chennai,13.0827,80.2707
24.9,90,8.1,32,2024-02-16 18:00:00,Chennai,13.0827,80.2707
24.4,92,7.3,33,2024-02-16 19:00:00,Chennai,13.0827,80.2707
24.1,92,6.6,29,2024-02-16 20:00:00,Chennai,13.0827,80.2707
23.8,94,6.2,21,2024-02-16 21:00:00,Chennai,13.0827,80.2707
23.4,94,5.9,11,2024-02-16 22:00:00,Chennai,13.0827,80.2707
22.6,96,5.8,4,2024-02-16 23:00:00,Chennai,13.0827,80.2707
22.4,96,5.5,349,2024-02-17 00:00:00,Chennai,13.0827,80.2707
23.5,95,6.6,338,2024-02-17 01:00:00,Chennai,13.0827,80.2707
24.9,90,8.4,340,2024-02-17 02:00:00,Chennai,13.0827,80.2707
27.0,81,9.4,2,2024-02-17 03:00:00,Chennai,13.0827,80.2707
29.0,67,12.8,38,2024-02-17 04:00:00,Chennai,13.0827,80.2707
30.0,58,14.3,49,2024-02-17 05:00:00,Chennai,13.0827,80.2707
30.6,52,15.0,55,2024-02-17 06:00:00,Chennai,13.0827,80.2707
31.0,49,15.8,55,2024-02-17 07:00:00,Chennai,13.0827,80.2707
31.0,47,16.0,59,2024-02-17 08:00:00,Chennai,13.0827,80.2707
30.6,49,15.9,62,2024-02-17 09:00:00,Chennai,13.0827,80.2707
30.0,53,16.1,61,2024-02-17 10:00:00,Chennai,13.0827,80.2707
28.9,60,16.0,59,2024-02-17 11:00:00,Chennai,13.0827,80.2707
27.6,68,14.3,56,2024-02-17 12:00:00,Chennai,13.0827,80.2707
26.6,81,12.6,37,2024-02-17 13:00:00,Chennai,13.0827,80.2707
26.0,87,10.7,45,2024-02-17 14:00:00,Chennai,13.0827,80.2707
25.6,89,9.3,54,2024-02-17 15:00:00,Chennai,13.0827,80.2707
25.1,91,7.1,60,2024-02-17 16:00:00,Chennai,13.0827,80.2707
24.5,93,5.8,60,2024-02-17 17:00:00,Chennai,13.0827,80.2707
23.5,94,7.1,66,2024-02-17 18:00:00,Chennai,13.0827,80.2707
23.0,95,7.6,45,2024-02-17 19:00:00,Chennai,13.0827,80.2707
22.6,97,6.6,22,2024-02-17 20:00:00,Chennai,13.0827,80.2707
21.9,99,5.9,349,2024-02-17 21:00:00,Chennai,13.0827,80.2707
22.4,98,3.9,338,2024-02-17 22:00:00,Chennai,13.0827,80.2707
22.3,98,4.1,345,2024-02-17 23:00:00,Chennai,13.0827,80.2707
22.3,97,3.7,331,2024-02-18 00:00:00,Chennai,13.0827,80.2707
22.5,98,4.3,294,2024-02-18 01:00:00,Chennai,13.0827,80.2707
23.1,98,5.8,300,2024-02-18 02:00:00,Chennai,13.0827,80.2707
24.8,91,4.3,318,2024-02-18 03:00:00,Chennai,13.0827,80.2707
27.3,79,5.4,70,2024-02-18 04:00:00,Chennai,13.0827,80.2707
28.8,68,7.6,90,2024-02-18 05:00:00,Chennai,13.0827,80.2707
30.0,60,9.7,92,2024-02-18 06:00:00,Chennai,13.0827,80.2707
30.5,55,11.6,95,2024-02-18 07:00:00,Chennai,13.0827,80.2707
30.5,55,13.1,98,2024-02-18 08:00:00,Chennai,13.0827,80.2707
30.1,57,14.9,105,2024-02-18 09:00:00,Chennai,13.0827,80.2707
29.5,61,15.1,102,2024-02-18 10:00:00,Chennai,13.0827,80.2707
28.6,64,14.7,101,2024-02-18 11:00:00,Chennai,13.0827,80.2707
27.5,69,13.1,99,2024-02-18 12:00:00,Chennai,13.0827,80.2707
26.5,79,10.1,96,2024-02-18 13:00:00,Chennai,13.0827,80.2707
25.6,85,5.8,83,2024-02-18 14:00:00,Chennai,13.0827,80.2707
24.9,91,5.6,75,2024-02-18 15:00:00,Chennai,13.0827,80.2707
24.8,92,5.8,86,2024-02-18 16:00:00,Chennai,13.0827,80.2707
25.0,91,7.7,101,2024-02-18 17:00:00,Chennai,13.0827,80.2707
25.0,91,10.5,112,2024-02-18 18:00:00,Chennai,13.0827,80.2707
25.0,90,11.3,112,2024-02-18 19:00:00,Chennai,13.0827,80.2707
24.8,90,10.8,116,2024-02-18 20:00:00,Chennai,13.0827,80.2707
24.3,92,6.5,124,2024-02-18 21:00:00,Chennai,13.0827,80.2707
23.3,93,7.4,137,2024-02-18 22:00:00,Chennai,13.0827,80.2707
24.7,90,5.1,172,2024-02-18 23:00:00,Chennai,13.0827,80.2707
23.9,94,3.3,229,2024-02-19 00:00:00,Chennai,13.0827,80.2707
22.0,98,4.1,285,2024-02-19 01:00:00,Chennai,13.0827,80.2707
23.8,95,5.5,302,2024-02-19 02:00:00,Chennai,13.0827,80.2707
26.1,86,3.1,315,2024-02-19 03:00:00,Chennai,13.0827,80.2707
28.4,74,6.9,129,2024-02-19 04:00:00,Chennai,13.0827,80.2707
30.0,62,9.9,136,2024-02-19 05:00:00,Chennai,13.0827,80.2707
31.0,53,13.0,138,2024-02-19 06:00:00,Chennai,13.0827,80.2707
31.6,47,15.9,142,2024-02-19 07:00:00,Chennai,13.0827,80.2707
31.5,48,16.3,131,2024-02-19 08:00:00,Chennai,13.0827,80.2707
30.9,52,17.4,130,2024-02-19 09:00:00,Chennai,13.0827,80.2707
30.1,56,18.4,132,2024-02-19 10:00:00,Chennai,13.0827,80.2707
29.1,62,16.3,135,2024-02-19 11:00:00,Chennai,13.0827,80.2707
28.1,68,14.3,129,2024-02-19 12:00:00,Chennai,13.0827,80.2707
27.1,75,9.2,138,2024-02-19 13:00:00,Chennai,13.0827,80.2707
26.4,80,9.7,135,2024-02-19 14:00:00,Chennai,13.0827,80.2707
26.0,83,9.7,129,2024-02-19 15:00:00,Chennai,13.0827,80.2707
25.8,84,8.9,130,2024-02-19 16:00:00,Chennai,13.0827,80.2707
25.4,86,8.9,130,2024-02-19 17:00:00,Chennai,13.0827,80.2707
25.1,88,9.4,130,2024-02-19 18:00:00,Chennai,13.0827,80.2707
25.0,90,9.3,126,2024-02-19 19:00:00,Chennai,13.0827,80.2707
24.8,91,8.9,122,2024-02-19 20:00:00,Chennai,13.0827,80.2707
24.5,92,7.1,120,2024-02-19 21:00:00,Chennai,13.0827,80.2707
23.5,94,7.4,119,2024-02-19 22:00:00,Chennai,13.0827,80.2707
23.4,93,7.1,131,2024-02-19 23:00:00,Chennai,13.0827,80.2707
23.2,94,6.2,173,2024-02-20 00:00:00,Chennai,13.0827,80.2707
23.4,97,6.1,270,2024-02-20 01:00:00,Chennai,13.0827,80.2707
24.1,94,7.2,270,2024-02-20 02:00:00,Chennai,13.0827,80.2707
26.6,84,4.0,260,2024-02-20 03:00:00,Chennai,13.0827,80.2707
28.6,72,7.7,152,2024-02-20 04:00:00,Chennai,13.0827,80.2707
30.0,62,12.0,134,2024-02-20 05:00:00,Chennai,13.0827,80.2707
30.5,60,14.1,128,2024-02-20 06:00:00,Chennai,13.0827,80.2707
30.8,57,15.5,126,2024-02-20 07:00:00,Chennai,13.0827,80.2707
30.9,52,16.3,131,2024-02-20 08:00:00,Chennai,13.0827,80.2707
30.6,51,16.5,136,2024-02-20 09:00:00,Chennai,13.0827,80.2707
30.2,54,16.8,138,2024-02-20 10:00:00,Chennai,13.0827,80.2707
29.2,61,16.6,146,2024-02-20 11:00:00,Chennai,13.0827,80.2707
28.0,70,14.5,150,2024-02-20 12:00:00,Chennai,13.0827,80.2707
26.6,81,12.2,156,2024-02-20 13:00:00,Chennai,13.0827,80.2707
26.1,84,11.4,162,2024-02-20 14:00:00,Chennai,13.0827,80.2707
25.8,84,12.0,159,2024-02-20 15:00:00,Chennai,13.0827,80.2707
25.4,87,10.9,153,2024-02-20 16:00:00,Chennai,13.0827,80.2707
25.1,88,10.5,142,2024-02-20 17:00:00,Chennai,13.0827,80.2707
25.1,89,11.7,133,2024-02-20 18:00:00,Chennai,13.0827,80.2707
25.0,91,12.5,134,2024-02-20 19:00:00,Chennai,13.0827,80.2707
24.9,92,11.3,158,2024-02-20 20:00:00,Chennai,13.0827,80.2707
24.5,94,9.0,175,2024-02-20 21:00:00,Chennai,13.0827,80.2707
24.1,95,7.4,203,2024-02-20 22:00:00,Chennai,13.0827,80.2707
23.9,96,6.7,216,2024-02-20 23:00:00,Chennai,13.0827,80.2707
23.8,96,6.6,229,2024-02-21 00:00:00,Chennai,13.0827,80.2707
23.2,97,7.2,233,2024-02-21 01:00:00,Chennai,13.0827,80.2707
24.4,93,8.9,243,2024-02-21 02:00:00,Chennai,13.0827,80.2707
26.8,83,9.9,226,2024-02-21 03:00:00,Chennai,13.0827,80.2707
28.9,69,13.6,197,2024-02-21 04:00:00,Chennai,13.0827,80.2707
30.6,59,14.1,186,2024-02-21 05:00:00,Chennai,13.0827,80.2707
31.9,52,13.5,171,2024-02-21 06:00:00,Chennai,13.0827,80.2707
32.2,53,15.9,152,2024-02-21 07:00:00,Chennai,13.0827,80.2707
31.5,60,20.0,146,2024-02-21 08:00:00,Chennai,13.0827,80.2707
31.2,59,20.6,147,2024-02-21 09:00:00,Chennai,13.0827,80.2707
30.6,59,20.8,150,2024-02-21 10:00:00,Chennai,13.0827,80.2707
30.0,59,19.6,160,2024-02-21 11:00:00,Chennai,13.0827,80.2707
28.9,68,18.4,163,2024-02-21 12:00:00,Chennai,13.0827,80.2707
27.0,87,20.3,143,2024-02-21 13:00:00,Chennai,13.0827,80.2707
26.6,90,14.5,153,2024-02-21 14:00:00,Chennai,13.0827,80.2707
26.4,89,11.2,159,2024-02-21 15:00:00,Chennai,13.0827,80.2707
26.1,89,11.8,149,2024-02-21 16:00:00,Chennai,13.0827,80.2707
25.9,91,12.9,150,2024-02-21 17:00:00,Chennai,13.0827,80.2707
25.7,91,12.6,153,2024-02-21 18:00:00,Chennai,13.0827,80.2707
25.5,92,13.7,153,2024-02-21 19:00:00,Chennai,13.0827,80.2707
25.3,93,11.9,166,2024-02-21 20:00:00,Chennai,13.0827,80.2707
25.1,94,11.9,183,2024-02-21 21:00:00,Chennai,13.0827,80.2707
24.9,94,11.7,191,2024-02-21 22:00:00,Chennai,13.0827,80.2707
24.7,95,10.0,195,2024-02-21 23:00:00,Chennai,13.0827,80.2707
24.8,95,9.2,211,2024-02-22 00:00:00,Chennai,13.0827,80.2707
24.0,97,7.3,250,2024-02-22 01:00:00,Chennai,13.0827,80.2707
25.4,91,9.0,241,2024-02-22 02:00:00,Chennai,13.0827,80.2707
27.5,82,11.4,204,2024-02-22 03:00:00,Chennai,13.0827,80.2707
29.4,70,12.7,187,2024-02-22 04:00:00,Chennai,13.0827,80.2707
31.0,61,13.4,172,2024-02-22 05:00:00,Chennai,13.0827,80.2707
31.9,60,14.8,157,2024-02-22 06:00:00,Chennai,13.0827,80.2707
31.8,61,19.5,155,2024-02-22 07:00:00,Chennai,13.0827,80.2707
30.6,69,22.9,156,2024-02-22 08:00:00,Chennai,13.0827,80.2707
30.7,66,23.8,160,2024-02-22 09:00:00,Chennai,13.0827,80.2707
30.4,68,22.1,161,2024-02-22 10:00:00,Chennai,13.0827,80.2707
29.7,71,22.9,164,2024-02-22 11:00:00,Chennai,13.0827,80.2707
28.5,77,22.9,161,2024-02-22 12:00:00,Chennai,13.0827,80.2707
27.5,82,17.9,155,2024-02-22 13:00:00,Chennai,13.0827,80.2707
27.2,84,18.5,153,2024-02-22 14:00:00,Chennai,13.0827,80.2707
27.1,84,18.4,149,2024-02-22 15:00:00,Chennai,13.0827,80.2707
27.0,85,19.6,148,2024-02-22 16:00:00,Chennai,13.0827,80.2707
26.8,86,18.5,151,2024-02-22 17:00:00,Chennai,13.0827,80.2707
26.6,88,17.7,156,2024-02-22 18:00:00,Chennai,13.0827,80.2707
26.4,89,16.6,162,2024-02-22 19:00:00,Chennai,13.0827,80.2707
26.1,90,14.5,174,2024-02-22 20:00:00,Chennai,13.0827,80.2707
25.9,91,13.6,191,2024-02-22 21:00:00,Chennai,13.0827,80.2707
25.7,92,12.9,193,2024-02-22 22:00:00,Chennai,13.0827,80.2707
25.5,91,13.0,199,2024-02-22 23:00:00,Chennai,13.0827,80.2707
25.5,91,13.4,204,2024-02-23 00:00:00,Chennai,13.0827,80.2707
26.3,91,11.8,207,2024-02-23 01:00:00,Chennai,13.0827,80.2707
27.5,85,14.5,207,2024-02-23 02:00:00,Chennai,13.0827,80.2707
29.0,77,15.2,202,2024-02-23 03:00:00,Chennai,13.0827,80.2707
31.2,62,17.0,193,2024-02-23 04:00:00,Chennai,13.0827,80.2707
32.7,51,17.3,185,2024-02-23 05:00:00,Chennai,13.0827,80.2707
33.4,48,16.5,170,2024-02-23 06:00:00,Chennai,13.0827,80.2707
32.7,56,18.9,159,2024-02-23 07:00:00,Chennai,13.0827,80.2707
31.4,67,23.8,148,2024-02-23 08:00:00,Chennai,13.0827,80.2707
31.1,65,24.5,154,2024-02-23 09:00:00,Chennai,13.0827,80.2707
30.4,69,25.6,154,2024-02-23 10:00:00,Chennai,13.0827,80.2707
29.5,74,24.7,149,2024-02-23 11:00:00,Chennai,13.0827,80.2707
28.8,77,22.7,155,2024-02-23 12:00:00,Chennai,13.0827,80.2707
28.1,83,18.1,149,2024-02-23 13:00:00,Chennai,13.0827,80.2707
27.9,82,19.7,145,2024-02-23 14:00:00,Chennai,13.0827,80.2707
27.6,84,20.8,143,2024-02-23 15:00:00,Chennai,13.0827,80.2707
27.4,85,20.5,141,2024-02-23 16:00:00,Chennai,13.0827,80.2707
27.2,85,17.2,143,2024-02-23 17:00:00,Chennai,13.0827,80.2707
27.0,87,15.4,147,2024-02-23 18:00:00,Chennai,13.0827,80.2707
26.8,88,13.5,151,2024-02-23 19:00:00,Chennai,13.0827,80.2707
26.5,89,13.0,161,2024-02-23 20:00:00,Chennai,13.0827,80.2707
26.4,89,12.8,169,2024-02-23 21:00:00,Chennai,13.0827,80.2707
26.3,89,12.6,167,2024-02-23 22:00:00,Chennai,13.0827,80.2707
26.2,89,10.9,172,2024-02-23 23:00:00,Chennai,13.0827,80.2707
26.0,91,9.7,178,2024-02-24 00:00:00,Chennai,13.0827,80.2707
26.6,88,7.7,152,2024-02-24 01:00:00,Chennai,13.0827,80.2707
27.8,82,13.6,148,2024-02-24 02:00:00,Chennai,13.0827,80.2707
28.9,75,16.5,148,2024-02-24 03:00:00,Chennai,13.0827,80.2707
29.6,70,17.7,156,2024-02-24 04:00:00,Chennai,13.0827,80.2707
29.8,68,17.6,157,2024-02-24 05:00:00,Chennai,13.0827,80.2707
30.0,67,17.9,158,2024-02-24 06:00:00,Chennai,13.0827,80.2707
30.6,62,18.2,153,2024-02-24 07:00:00,Chennai,13.0827,80.2707
30.8,63,21.4,144,2024-02-24 08:00:00,Chennai,13.0827,80.2707
30.5,63,20.4,144,2024-02-24 09:00:00,Chennai,13.0827,80.2707
30.1,63,20.7,141,2024-02-24 10:00:00,Chennai,13.0827,80.2707
29.4,65,20.4,139,2024-02-24 11:00:00,Chennai,13.0827,80.2707
28.5,70,18.6,137,2024-02-24 12:00:00,Chennai,13.0827,80.2707
27.7,64,15.3,129,2024-02-24 13:00:00,Chennai,13.0827,80.2707
27.6,63,13.5,138,2024-02-24 14:00:00,Chennai,13.0827,80.2707
27.2,67,13.8,137,2024-02-24 15:00:00,Chennai,13.0827,80.2707
26.9,73,15.0,136,2024-02-24 16:00:00,Chennai,13.0827,80.2707
26.8,75,16.3,131,2024-02-24 17:00:00,Chennai,13.0827,80.2707
26.5,77,14.5,132,2024-02-24 18:00:00,Chennai,13.0827,80.2707
26.4,78,13.0,132,2024-02-24 19:00:00,Chennai,13.0827,80.2707
26.2,79,12.5,134,2024-02-24 20:00:00,Chennai,13.0827,80.2707
26.0,81,10.5,142,2024-02-24 21:00:00,Chennai,13.0827,80.2707
25.8,82,9.3,152,2024-02-24 22:00:00,Chennai,13.0827,80.2707
25.5,83,7.8,146,2024-02-24 23:00:00,Chennai,13.0827,80.2707
25.5,83,8.0,144,2024-02-25 00:00:00,Chennai,13.0827,80.2707
26.5,76,8.4,137,2024-02-25 01:00:00,Chennai,13.0827,80.2707
27.7,72,11.2,135,2024-02-25 02:00:00,Chennai,13.0827,80.2707
29.0,65,14.3,131,2024-02-25 03:00:00,Chennai,13.0827,80.2707
29.8,62,13.4,126,2024-02-25 04:00:00,Chennai,13.0827,80.2707
30.3,59,14.4,122,2024-02-25 05:00:00,Chennai,13.0827,80.2707
30.7,57,15.5,118,2024-02-25 06:00:00,Chennai,13.0827,80.2707
30.6,57,16.2,111,2024-02-25 07:00:00,Chennai,13.0827,80.2707
30.4,58,15.8,107,2024-02-25 08:00:00,Chennai,13.0827,80.2707
30.2,58,16.1,100,2024-02-25 09:00:00,Chennai,13.0827,80.2707
29.8,60,16.2,102,2024-02-25 10:00:00,Chennai,13.0827,80.2707
29.1,62,15.7,106,2024-02-25 11:00:00,Chennai,13.0827,80.2707
28.5,65,14.5,104,2024-02-25 12:00:00,Chennai,13.0827,80.2707
28.2,68,11.9,90,2024-02-25 13:00:00,Chennai,13.0827,80.2707
27.9,69,10.1,94,2024-02-25 14:00:00,Chennai,13.0827,80.2707
27.7,68,10.8,90,2024-02-25 15:00:00,Chennai,13.0827,80.2707
27.5,68,12.6,92,2024-02-25 16:00:00,Chennai,13.0827,80.2707
27.1,70,10.5,86,2024-02-25 17:00:00,Chennai,13.0827,80.2707
26.8,71,9.0,85,2024-02-25 18:00:00,Chennai,13.0827,80.2707
26.8,70,9.1,97,2024-02-25 19:00:00,Chennai,13.0827,80.2707
26.9,70,10.4,90,2024-02-25 20:00:00,Chennai,13.0827,80.2707
26.9,70,12.2,90,2024-02-25 21:00:00,Chennai,13.0827,80.2707
26.5,71,12.3,93,2024-02-25 22:00:00,Chennai,13.0827,80.2707
26.0,70,10.4,92,2024-02-25 23:00:00,Chennai,13.0827,80.2707
25.8,69,9.0,88,2024-02-26 00:00:00,Chennai,13.0827,80.2707
27.1,73,12.1,78,2024-02-26 01:00:00,Chennai,13.0827,80.2707
28.2,66,16.3,85,2024-02-26 02:00:00,Chennai,13.0827,80.2707
29.2,60,20.3,84,2024-02-26 03:00:00,Chennai,13.0827,80.2707
29.5,60,19.5,88,2024-02-26 04:00:00,Chennai,13.0827,80.2707
30.2,58,20.2,90,2024-02-26 05:00:00,Chennai,13.0827,80.2707
30.9,57,18.8,87,2024-02-26 06:00:00,Chennai,13.0827,80.2707
30.0,62,20.0,83,2024-02-26 07:00:00,Chennai,13.0827,80.2707
30.0,63,19.5,85,2024-02-26 08:00:00,Chennai,13.0827,80.2707
30.4,60,19.6,83,2024-02-26 09:00:00,Chennai,13.0827,80.2707
30.3,59,20.5,89,2024-02-26 10:00:00,Chennai,13.0827,80.2707
29.7,61,18.4,86,2024-02-26 11:00:00,Chennai,13.0827,80.2707
28.7,64,18.7,79,2024-02-26 12:00:00,Chennai,13.0827,80.2707
27.5,72,15.0,60,2024-02-26 13:00:00,Chennai,13.0827,80.2707
27.3,72,14.0,61,2024-02-26 14:00:00,Chennai,13.0827,80.2707
27.1,73,14.0,67,2024-02-26 15:00:00,Chennai,13.0827,80.2707
26.9,75,13.9,69,2024-02-26 16:00:00,Chennai,13.0827,80.2707
26.6,76,12.8,74,2024-02-26 17:00:00,Chennai,13.0827,80.2707
26.4,76,12.4,73,2024-02-26 18:00:00,Chennai,13.0827,80.2707
26.1,77,11.2,69,2024-02-26 19:00:00,Chennai,13.0827,80.2707
25.9,79,10.8,64,2024-02-26 20:00:00,Chennai,13.0827,80.2707
25.6,80,9.8,62,2024-02-26 21:00:00,Chennai,13.0827,80.2707
25.5,81,9.8,62,2024-02-26 22:00:00,Chennai,13.0827,80.2707
25.4,81,9.4,58,2024-02-26 23:00:00,Chennai,13.0827,80.2707
25.2,82,9.6,56,2024-02-27 00:00:00,Chennai,13.0827,80.2707
26.2,81,9.8,36,2024-02-27 01:00:00,Chennai,13.0827,80.2707
27.6,75,13.8,41,2024-02-27 02:00:00,Chennai,13.0827,80.2707
28.8,69,18.6,49,2024-02-27 03:00:00,Chennai,13.0827,80.2707
29.5,65,19.4,55,2024-02-27 04:00:00,Chennai,13.0827,80.2707
30.0,64,19.5,60,2024-02-27 05:00:00,Chennai,13.0827,80.2707
30.5,61,18.2,63,2024-02-27 06:00:00,Chennai,13.0827,80.2707
30.8,59,17.9,68,2024-02-27 07:00:00,Chennai,13.0827,80.2707
30.9,58,18.1,67,2024-02-27 08:00:00,Chennai,13.0827,80.2707
30.7,58,17.1,68,2024-02-27 09:00:00,Chennai,13.0827,80.2707
30.2,61,16.2,69,2024-02-27 10:00:00,Chennai,13.0827,80.2707
29.4,68,15.6,71,2024-02-27 11:00:00,Chennai,13.0827,80.2707
28.1,75,13.7,72,2024-02-27 12:00:00,Chennai,13.0827,80.2707
27.2,83,10.5,59,2024-02-27 13:00:00,Chennai,13.0827,80.2707
26.7,88,7.4,61,2024-02-27 14:00:00,Chennai,13.0827,80.2707
26.1,91,5.1,45,2024-02-27 15:00:00,Chennai,13.0827,80.2707
25.5,94,4.8,42,2024-02-27 16:00:00,Chennai,13.0827,80.2707
25.6,93,5.4,48,2024-02-27 17:00:00,Chennai,13.0827,80.2707
25.1,94,5.1,51,2024-02-27 18:00:00,Chennai,13.0827,80.2707
24.8,95,6.1,40,2024-02-27 19:00:00,Chennai,13.0827,80.2707
24.1,96,6.9,6,2024-02-27 20:00:00,Chennai,13.0827,80.2707
23.8,97,5.4,352,2024-02-27 21:00:00,Chennai,13.0827,80.2707
24.1,98,4.8,347,2024-02-27 22:00:00,Chennai,13.0827,80.2707
24.1,97,5.9,346,2024-02-27 23:00:00,Chennai,13.0827,80.2707
24.2,96,6.4,344,2024-02-28 00:00:00,Chennai,13.0827,80.2707
24.1,96,6.5,341,2024-02-28 01:00:00,Chennai,13.0827,80.2707
25.5,90,8.0,352,2024-02-28 02:00:00,Chennai,13.0827,80.2707
27.8,74,11.9,25,2024-02-28 03:00:00,Chennai,13.0827,80.2707
29.2,64,13.3,38,2024-02-28 04:00:00,Chennai,13.0827,80.2707
30.2,58,14.8,47,2024-02-28 05:00:00,Chennai,13.0827,80.2707
30.9,53,14.8,56,2024-02-28 06:00:00,Chennai,13.0827,80.2707
31.4,49,13.7,63,2024-02-28 07:00:00,Chennai,13.0827,80.2707
31.5,45,14.2,69,2024-02-28 08:00:00,Chennai,13.0827,80.2707
31.0,48,16.3,65,2024-02-28 09:00:00,Chennai,13.0827,80.2707
30.0,57,16.3,62,2024-02-28 10:00:00,Chennai,13.0827,80.2707
29.0,65,15.5,59,2024-02-28 11:00:00,Chennai,13.0827,80.2707
27.8,71,14.5,55,2024-02-28 12:00:00,Chennai,13.0827,80.2707
26.7,81,10.5,59,2024-02-28 13:00:00,Chennai,13.0827,80.2707
26.1,83,9.9,57,2024-02-28 14:00:00,Chennai,13.0827,80.2707
25.6,85,8.2,61,2024-02-28 15:00:00,Chennai,13.0827,80.2707
25.3,86,7.9,60,2024-02-28 16:00:00,Chennai,13.0827,80.2707
25.0,89,7.3,57,2024-02-28 17:00:00,Chennai,13.0827,80.2707
24.4,92,5.7,55,2024-02-28 18:00:00,Chennai,13.0827,80.2707
23.7,94,6.4,38,2024-02-28 19:00:00,Chennai,13.0827,80.2707
23.0,95,8.1,21,2024-02-28 20:00:00,Chennai,13.0827,80.2707
22.5,97,7.2,6,2024-02-28 21:00:00,Chennai,13.0827,80.2707
22.1,98,7.0,339,2024-02-28 22:00:00,Chennai,13.0827,80.2707
22.4,97,4.1,308,2024-02-28 23:00:00,Chennai,13.0827,80.2707
22.4,98,5.3,298,2024-02-29 00:00:00,Chennai,13.0827,80.2707
23.2,96,5.1,309,2024-02-29 01:00:00,Chennai,13.0827,80.2707
24.6,91,6.7,306,2024-02-29 02:00:00,Chennai,13.0827,80.2707
27.0,81,5.8,330,2024-02-29 03:00:00,Chennai,13.0827,80.2707
29.1,72,6.9,51,2024-02-29 04:00:00,Chennai,13.0827,80.2707
30.6,61,10.0,77,2024-02-29 05:00:00,Chennai,13.0827,80.2707
31.4,56,11.6,83,2024-02-29 06:00:00,Chennai,13.0827,80.2707
31.9,51,13.0,84,2024-02-29 07:00:00,Chennai,13.0827,80.2707
32.0,50,13.7,87,2024-02-29 08:00:00,Chennai,13.0827,80.2707
31.8,51,14.1,87,2024-02-29 09:00:00,Chennai,13.0827,80.2707
31.0,56,14.2,83,2024-02-29 10:00:00,Chennai,13.0827,80.2707
29.9,64,13.7,76,2024-02-29 11:00:00,Chennai,13.0827,80.2707
28.7,72,11.9,76,2024-02-29 12:00:00,Chennai,13.0827,80.2707
27.8,77,9.0,67,2024-02-29 13:00:00,Chennai,13.0827,80.2707
27.1,81,9.7,68,2024-02-29 14:00:00,Chennai,13.0827,80.2707
27.0,83,11.6,68,2024-02-29 15:00:00,Chennai,13.0827,80.2707
26.8,85,9.7,75,2024-02-29 16:00:00,Chennai,13.0827,80.2707
26.2,89,7.3,79,2024-02-29 17:00:00,Chennai,13.0827,80.2707
25.8,92,6.6,81,2024-02-29 18:00:00,Chennai,13.0827,80.2707
25.5,93,6.3,66,2024-02-29 19:00:00,Chennai,13.0827,80.2707
25.2,94,5.6,50,2024-02-29 20:00:00,Chennai,13.0827,80.2707
24.0,96,7.4,47,2024-02-29 21:00:00,Chennai,13.0827,80.2707
23.6,97,6.9,28,2024-02-29 22:00:00,Chennai,13.0827,80.2707
23.6,99,5.1,4,2024-02-29 23:00:00,Chennai,13.0827,80.2707
19.1,86,6.3,156,2023-11-01 00:00:00,Delhi,28.6139,77.209
20.1,81,5.1,129,2023-11-01 01:00:00,Delhi,28.6139,77.209
20.2,82,2.1,31,2023-11-01 02:00:00,Delhi,28.6139,77.209
22.6,74,1.9,22,2023-11-01 03:00:00,Delhi,28.6139,77.209
25.2,63,2.4,27,2023-11-01 04:00:00,Delhi,28.6139,77.209
27.4,54,2.8,40,2023-11-01 05:00:00,Delhi,28.6139,77.209
28.9,48,4.2,20,2023-11-01 06:00:00,Delhi,28.6139,77.209
29.8,44,6.2,7,2023-11-01 07:00:00,Delhi,28.6139,77.209
30.3,41,7.6,357,2023-11-01 08:00:00,Delhi,28.6139,77.209
30.5,39,8.7,353,2023-11-01 09:00:00,Delhi,28.6139,77.209
30.1,39,8.3,342,2023-11-01 10:00:00,Delhi,28.6139,77.209
29.4,42,8.0,333,2023-11-01 11:00:00,Delhi,28.6139,77.209
26.5,52,6.6,338,2023-11-01 12:00:00,Delhi,28.6139,77.209
25.8,55,7.6,8,2023-11-01 13:00:00,Delhi,28.6139,77.209
24.0,64,10.2,10,2023-11-01 14:00:00,Delhi,28.6139,77.209
23.0,69,10.8,26,2023-11-01 15:00:00,Delhi,28.6139,77.209
22.0,74,10.4,44,2023-11-01 16:00:00,Delhi,28.6139,77.209
21.0,78,9.5,53,2023-11-01 17:00:00,Delhi,28.6139,77.209
20.4,82,9.7,63,2023-11-01 18:00:00,Delhi,28.6139,77.209
20.0,84,9.4,83,2023-11-01 19:00:00,Delhi,28.6139,77.209
20.0,83,8.6,90,2023-11-01 20:00:00,Delhi,28.6139,77.209
21.6,74,5.9,104,2023-11-01 21:00:00,Delhi,28.6139,77.209
21.3,75,5.1,135,2023-11-01 22:00:00,Delhi,28.6139,77.209
21.6,72,2.5,188,2023-11-01 23:00:00,Delhi,28.6139,77.209
19.0,84,4.3,246,2023-11-02 00:00:00,Delhi,28.6139,77.209
19.0,85,5.4,274,2023-11-02 01:00:00,Delhi,28.6139,77.209
19.8,82,9.0,270,2023-11-02 02:00:00,Delhi,28.6139,77.209
22.6,73,6.1,273,2023-11-02 03:00:00,Delhi,28.6139,77.209
25.5,61,5.9,281,2023-11-02 04:00:00,Delhi,28.6139,77.209
27.7,53,5.6,285,2023-11-02 05:00:00,Delhi,28.6139,77.209
29.0,47,6.8,302,2023-11-02 06:00:00,Delhi,28.6139,77.209
29.7,44,8.9,313,2023-11-02 07:00:00,Delhi,28.6139,77.209
30.1,42,9.4,320,2023-11-02 08:00:00,Delhi,28.6139,77.209
30.2,40,9.5,323,2023-11-02 09:00:00,Delhi,28.6139,77.209
30.1,38,8.4,320,2023-11-02 10:00:00,Delhi,28.6139,77.209
29.5,39,6.1,320,2023-11-02 11:00:00,Delhi,28.6139,77.209
26.3,51,7.1,319,2023-11-02 12:00:00,Delhi,28.6139,77.209
24.6,64,8.7,355,2023-11-02 13:00:00,Delhi,28.6139,77.209
23.4,71,8.8,12,2023-11-02 14:00:00,Delhi,28.6139,77.209
22.5,75,6.8,342,2023-11-02 15:00:00,Delhi,28.6139,77.209
21.6,78,9.3,332,2023-11-02 16:00:00,Delhi,28.6139,77.209
21.2,78,10.5,354,2023-11-02 17:00:00,Delhi,28.6139,77.209
21.2,77,8.6,358,2023-11-02 18:00:00,Delhi,28.6139,77.209
19.8,84,9.3,324,2023-11-02 19:00:00,Delhi,28.6139,77.209
19.5,86,6.4,317,2023-11-02 20:00:00,Delhi,28.6139,77.209
18.6,90,6.6,292,2023-11-02 21:00:00,Delhi,28.6139,77.209
18.5,90,6.5,267,2023-11-02 22:00:00,Delhi,28.6139,77.209
18.1,92,8.6,255,2023-11-02 23:00:00,Delhi,28.6139,77.209
17.8,93,8.8,261,2023-11-03 00:00:00,Delhi,28.6139,77.209
17.9,97,6.2,291,2023-11-03 01:00:00,Delhi,28.6139,77.209
18.9,93,7.6,295,2023-11-03 02:00:00,Delhi,28.6139,77.209
21.5,80,6.3,301,2023-11-03 03:00:00,Delhi,28.6139,77.209
24.4,68,5.4,290,2023-11-03 04:00:00,Delhi,28.6139,77.209
26.8,57,7.2,276,2023-11-03 05:00:00,Delhi,28.6139,77.209
28.2,49,10.4,284,2023-11-03 06:00:00,Delhi,28.6139,77.209
27.0,52,16.8,293,2023-11-03 07:00:00,Delhi,28.6139,77.209
27.8,45,11.2,312,2023-11-03 08:00:00,Delhi,28.6139,77.209
28.5,44,8.1,302,2023-11-03 09:00:00,Delhi,28.6139,77.209
28.4,44,5.8,277,2023-11-03 10:00:00,Delhi,28.6139,77.209
27.6,48,5.9,256,2023-11-03 11:00:00,Delhi,28.6139,77.209
25.1,59,6.6,241,2023-11-03 12:00:00,Delhi,28.6139,77.209
22.6,66,8.5,324,2023-11-03 13:00:00,Delhi,28.6139,77.209
22.2,66,8.6,303,2023-11-03 14:00:00,Delhi,28.6139,77.209
21.2,70,9.7,312,2023-11-03 15:00:00,Delhi,28.6139,77.209
20.8,70,10.7,315,2023-11-03 16:00:00,Delhi,28.6139,77.209
20.2,70,8.4,313,2023-11-03 17:00:00,Delhi,28.6139,77.209
18.6,77,6.2,21,2023-11-03 18:00:00,Delhi,28.6139,77.209
17.5,81,9.0,16,2023-11-03 19:00:00,Delhi,28.6139,77.209
17.0,83,9.4,23,2023-11-03 20:00:00,Delhi,28.6139,77.209
16.7,83,9.4,2,2023-11-03 21:00:00,Delhi,28.6139,77.209
17.2,79,2.4,243,2023-11-03 22:00:00,Delhi,28.6139,77.209
16.5,82,4.1,225,2023-11-03 23:00:00,Delhi,28.6139,77.209
15.9,85,8.9,238,2023-11-04 00:00:00,Delhi,28.6139,77.209
17.5,91,3.7,241,2023-11-04 01:00:00,Delhi,28.6139,77.209
18.8,86,6.1,273,2023-11-04 02:00:00,Delhi,28.6139,77.209
21.4,75,5.8,292,2023-11-04 03:00:00,Delhi,28.6139,77.209
23.8,66,5.4,307,2023-11-04 04:00:00,Delhi,28.6139,77.209
25.9,59,5.5,328,2023-11-04 05:00:00,Delhi,28.6139,77.209
27.6,51,6.1,332,2023-11-04 06:00:00,Delhi,28.6139,77.209
28.7,46,8.0,333,2023-11-04 07:00:00,Delhi,28.6139,77.209
29.4,42,9.4,328,2023-11-04 08:00:00,Delhi,28.6139,77.209
29.6,41,11.7,313,2023-11-04 09:00:00,Delhi,28.6139,77.209
29.4,37,16.0,306,2023-11-04 10:00:00,Delhi,28.6139,77.209
28.5,37,11.4,294,2023-11-04 11:00:00,Delhi,28.6139,77.209
25.9,45,7.6,265,2023-11-04 12:00:00,Delhi,28.6139,77.209
23.5,65,7.2,276,2023-11-04 13:00:00,Delhi,28.6139,77.209
22.5,70,6.4,308,2023-11-04 14:00:00,Delhi,28.6139,77.209
21.8,75,8.6,303,2023-11-04 15:00:00,Delhi,28.6139,77.209
23.9,62,6.6,347,2023-11-04 16:00:00,Delhi,28.6139,77.209
21.1,72,9.1,353,2023-11-04 17:00:00,Delhi,28.6139,77.209
19.6,77,9.7,4,2023-11-04 18:00:00,Delhi,28.6139,77.209
19.2,78,9.4,356,2023-11-04 19:00:00,Delhi,28.6139,77.209
20.0,73,7.4,309,2023-11-04 20:00:00,Delhi,28.6139,77.209
17.5,84,8.4,280,2023-11-04 21:00:00,Delhi,28.6139,77.209
17.3,86,5.6,255,2023-11-04 22:00:00,Delhi,28.6139,77.209
16.9,88,8.6,255,2023-11-04 23:00:00,Delhi,28.6139,77.209
16.8,89,9.1,252,2023-11-05 00:00:00,Delhi,28.6139,77.209
17.8,96,6.8,267,2023-11-05 01:00:00,Delhi,28.6139,77.209
18.8,94,6.6,279,2023-11-05 02:00:00,Delhi,28.6139,77.209
21.3,84,4.3,294,2023-11-05 03:00:00,Delhi,28.6139,77.209
24.6,69,3.4,302,2023-11-05 04:00:00,Delhi,28.6139,77.209
27.4,45,4.7,302,2023-11-05 05:00:00,Delhi,28.6139,77.209
28.6,34,7.3,303,2023-11-05 06:00:00,Delhi,28.6139,77.209
29.3,32,8.4,310,2023-11-05 07:00:00,Delhi,28.6139,77.209
29.6,32,8.7,318,2023-11-05 08:00:00,Delhi,28.6139,77.209
29.6,32,8.6,327,2023-11-05 09:00:00,Delhi,28.6139,77.209
29.4,32,8.3,326,2023-11-05 10:00:00,Delhi,28.6139,77.209
28.0,39,5.2,335,2023-11-05 11:00:00,Delhi,28.6139,77.209
24.4,52,8.4,335,2023-11-05 12:00:00,Delhi,28.6139,77.209
22.0,62,9.9,19,2023-11-05 13:00:00,Delhi,28.6139,77.209
21.1,64,9.2,26,2023-11-05 14:00:00,Delhi,28.6139,77.209
21.2,59,9.7,22,2023-11-05 15:00:00,Delhi,28.6139,77.209
21.0,57,11.3,27,2023-11-05 16:00:00,Delhi,28.6139,77.209
22.0,51,2.9,173,2023-11-05 17:00:00,Delhi,28.6139,77.209
22.1,50,4.7,67,2023-11-05 18:00:00,Delhi,28.6139,77.209
18.3,64,4.3,204,2023-11-05 19:00:00,Delhi,28.6139,77.209
16.8,72,6.5,214,2023-11-05 20:00:00,Delhi,28.6139,77.209
19.6,59,2.2,261,2023-11-05 21:00:00,Delhi,28.6139,77.209
19.2,60,2.7,293,2023-11-05 22:00:00,Delhi,28.6139,77.209
19.0,61,5.1,321,2023-11-05 23:00:00,Delhi,28.6139,77.209
15.1,81,8.0,352,2023-11-06 00:00:00,Delhi,28.6139,77.209
15.8,90,9.4,18,2023-11-06 01:00:00,Delhi,28.6139,77.209
17.7,84,4.4,35,2023-11-06 02:00:00,Delhi,28.6139,77.209
21.1,72,5.1,45,2023-11-06 03:00:00,Delhi,28.6139,77.209
24.4,60,3.8,41,2023-11-06 04:00:00,Delhi,28.6139,77.209
26.8,48,5.4,42,2023-11-06 05:00:00,Delhi,28.6139,77.209
28.0,40,3.6,37,2023-11-06 06:00:00,Delhi,28.6139,77.209
28.8,37,2.7,23,2023-11-06 07:00:00,Delhi,28.6139,77.209
29.2,34,2.9,353,2023-11-06 08:00:00,Delhi,28.6139,77.209
29.5,32,3.9,326,2023-11-06 09:00:00,Delhi,28.6139,77.209
29.3,30,5.1,315,2023-11-06 10:00:00,Delhi,28.6139,77.209
27.7,43,4.4,325,2023-11-06 11:00:00,Delhi,28.6139,77.209
23.5,54,9.5,331,2023-11-06 12:00:00,Delhi,28.6139,77.209
23.3,60,8.3,18,2023-11-06 13:00:00,Delhi,28.6139,77.209
22.8,61,7.0,69,2023-11-06 14:00:00,Delhi,28.6139,77.209
20.3,70,9.4,88,2023-11-06 15:00:00,Delhi,28.6139,77.209
19.6,73,8.1,58,2023-11-06 16:00:00,Delhi,28.6139,77.209
18.2,79,11.4,66,2023-11-06 17:00:00,Delhi,28.6139,77.209
18.2,78,9.7,94,2023-11-06 18:00:00,Delhi,28.6139,77.209
17.4,82,9.5,101,2023-11-06 19:00:00,Delhi,28.6139,77.209
17.5,81,8.3,85,2023-11-06 20:00:00,Delhi,28.6139,77.209
17.4,81,8.9,63,2023-11-06 21:00:00,Delhi,28.6139,77.209
18.0,77,8.0,54,2023-11-06 22:00:00,Delhi,28.6139,77.209
16.4,84,8.7,30,2023-11-06 23:00:00,Delhi,28.6139,77.209
18.3,74,3.7,331,2023-11-07 00:00:00,Delhi,28.6139,77.209
16.3,89,6.1,177,2023-11-07 01:00:00,Delhi,28.6139,77.209
18.5,81,3.9,202,2023-11-07 02:00:00,Delhi,28.6139,77.209
21.9,72,4.1,218,2023-11-07 03:00:00,Delhi,28.6139,77.209
25.0,60,3.6,217,2023-11-07 04:00:00,Delhi,28.6139,77.209
27.1,50,5.6,220,2023-11-07 05:00:00,Delhi,28.6139,77.209
28.5,41,5.8,240,2023-11-07 06:00:00,Delhi,28.6139,77.209
29.5,35,6.1,270,2023-11-07 07:00:00,Delhi,28.6139,77.209
30.0,32,7.2,288,2023-11-07 08:00:00,Delhi,28.6139,77.209
30.1,32,7.8,304,2023-11-07 09:00:00,Delhi,28.6139,77.209
29.6,33,7.7,311,2023-11-07 10:00:00,Delhi,28.6139,77.209
28.0,45,4.8,312,2023-11-07 11:00:00,Delhi,28.6139,77.209
24.3,57,8.7,308,2023-11-07 12:00:00,Delhi,28.6139,77.209
22.8,66,9.4,18,2023-11-07 13:00:00,Delhi,28.6139,77.209
22.0,67,8.6,33,2023-11-07 14:00:00,Delhi,28.6139,77.209
20.9,69,10.9,34,2023-11-07 15:00:00,Delhi,28.6139,77.209
20.4,70,11.0,19,2023-11-07 16:00:00,Delhi,28.6139,77.209
19.9,73,10.4,20,2023-11-07 17:00:00,Delhi,28.6139,77.209
19.0,78,11.4,11,2023-11-07 18:00:00,Delhi,28.6139,77.209
20.5,70,6.2,291,2023-11-07 19:00:00,Delhi,28.6139,77.209
19.9,72,3.7,259,2023-11-07 20:00:00,Delhi,28.6139,77.209
19.1,76,7.0,348,2023-11-07 21:00:00,Delhi,28.6139,77.209
17.2,86,8.9,346,2023-11-07 22:00:00,Delhi,28.6139,77.209
16.8,89,7.2,354,2023-11-07 23:00:00,Delhi,28.6139,77.209
18.0,80,5.7,342,2023-11-08 00:00:00,Delhi,28.6139,77.209
18.4,82,5.9,11,2023-11-08 01:00:00,Delhi,28.6139,77.209
18.2,90,3.3,13,2023-11-08 02:00:00,Delhi,28.6139,77.209
20.9,76,3.3,347,2023-11-08 03:00:00,Delhi,28.6139,77.209
23.6,66,6.3,347,2023-11-08 04:00:00,Delhi,28.6139,77.209
25.8,58,6.0,343,2023-11-08 05:00:00,Delhi,28.6139,77.209
27.3,51,5.4,323,2023-11-08 06:00:00,Delhi,28.6139,77.209
28.5,45,6.1,310,2023-11-08 07:00:00,Delhi,28.6139,77.209
29.2,40,7.4,299,2023-11-08 08:00:00,Delhi,28.6139,77.209
29.5,38,8.7,300,2023-11-08 09:00:00,Delhi,28.6139,77.209
29.2,37,9.2,309,2023-11-08 10:00:00,Delhi,28.6139,77.209
27.5,48,5.1,278,2023-11-08 11:00:00,Delhi,28.6139,77.209
24.2,58,6.6,248,2023-11-08 12:00:00,Delhi,28.6139,77.209
24.1,59,10.3,241,2023-11-08 13:00:00,Delhi,28.6139,77.209
22.8,58,7.9,273,2023-11-08 14:00:00,Delhi,28.6139,77.209
22.6,60,10.2,293,2023-11-08 15:00:00,Delhi,28.6139,77.209
21.6,66,8.4,295,2023-11-08 16:00:00,Delhi,28.6139,77.209
20.2,73,7.1,300,2023-11-08 17:00:00,Delhi,28.6139,77.209
19.6,77,9.2,301,2023-11-08 18:00:00,Delhi,28.6139,77.209
22.6,61,5.4,312,2023-11-08 19:00:00,Delhi,28.6139,77.209
20.4,70,7.2,6,2023-11-08 20:00:00,Delhi,28.6139,77.209
17.6,85,8.4,353,2023-11-08 21:00:00,Delhi,28.6139,77.209
17.0,87,7.2,288,2023-11-08 22:00:00,Delhi,28.6139,77.209
17.4,86,6.7,254,2023-11-08 23:00:00,Delhi,28.6139,77.209
17.1,85,7.2,276,2023-11-09 00:00:00,Delhi,28.6139,77.209
16.9,90,5.8,263,2023-11-09 01:00:00,Delhi,28.6139,77.209
18.0,85,8.3,270,2023-11-09 02:00:00,Delhi,28.6139,77.209
20.8,74,6.2,249,2023-11-09 03:00:00,Delhi,28.6139,77.209
23.8,66,5.3,242,2023-11-09 04:00:00,Delhi,28.6139,77.209
26.1,55,5.7,252,2023-11-09 05:00:00,Delhi,28.6139,77.209
27.6,50,6.9,264,2023-11-09 06:00:00,Delhi,28.6139,77.209
28.5,47,8.0,280,2023-11-09 07:00:00,Delhi,28.6139,77.209
29.1,43,8.9,291,2023-11-09 08:00:00,Delhi,28.6139,77.209
29.2,40,10.3,295,2023-11-09 09:00:00,Delhi,28.6139,77.209
29.0,38,10.3,295,2023-11-09 10:00:00,Delhi,28.6139,77.209
27.5,47,6.3,294,2023-11-09 11:00:00,Delhi,28.6139,77.209
24.2,55,8.0,297,2023-11-09 12:00:00,Delhi,28.6139,77.209
24.0,59,6.8,360,2023-11-09 13:00:00,Delhi,28.6139,77.209
23.0,64,8.1,347,2023-11-09 14:00:00,Delhi,28.6139,77.209
24.7,52,3.2,243,2023-11-09 15:00:00,Delhi,28.6139,77.209
20.9,69,5.9,259,2023-11-09 16:00:00,Delhi,28.6139,77.209
20.0,73,8.6,292,2023-11-09 17:00:00,Delhi,28.6139,77.209
19.4,76,9.8,8,2023-11-09 18:00:00,Delhi,28.6139,77.209
18.6,79,8.7,48,2023-11-09 19:00:00,Delhi,28.6139,77.209
18.5,78,4.0,175,2023-11-09 20:00:00,Delhi,28.6139,77.209
19.0,76,5.0,150,2023-11-09 21:00:00,Delhi,28.6139,77.209
19.6,71,4.0,355,2023-11-09 22:00:00,Delhi,28.6139,77.209
17.6,80,9.2,59,2023-11-09 23:00:00,Delhi,28.6139,77.209
17.4,81,4.6,198,2023-11-10 00:00:00,Delhi,28.6139,77.209
18.2,88,11.6,95,2023-11-10 01:00:00,Delhi,28.6139,77.209
19.2,83,7.1,66,2023-11-10 02:00:00,Delhi,28.6139,77.209
20.5,79,7.1,114,2023-11-10 03:00:00,Delhi,28.6139,77.209
22.9,71,8.3,72,2023-11-10 04:00:00,Delhi,28.6139,77.209
24.2,62,13.7,92,2023-11-10 05:00:00,Delhi,28.6139,77.209
26.4,52,11.6,106,2023-11-10 06:00:00,Delhi,28.6139,77.209
24.1,60,19.5,355,2023-11-10 07:00:00,Delhi,28.6139,77.209
23.5,63,17.1,42,2023-11-10 08:00:00,Delhi,28.6139,77.209
24.8,61,10.5,31,2023-11-10 09:00:00,Delhi,28.6139,77.209
24.2,62,11.5,76,2023-11-10 10:00:00,Delhi,28.6139,77.209
23.5,64,9.7,92,2023-11-10 11:00:00,Delhi,28.6139,77.209
22.1,71,8.2,61,2023-11-10 12:00:00,Delhi,28.6139,77.209
19.4,88,16.3,55,2023-11-10 13:00:00,Delhi,28.6139,77.209
18.7,88,11.1,61,2023-11-10 14:00:00,Delhi,28.6139,77.209
17.8,90,2.3,309,2023-11-10 15:00:00,Delhi,28.6139,77.209
17.8,88,10.0,75,2023-11-10 16:00:00,Delhi,28.6139,77.209
16.8,93,5.0,90,2023-11-10 17:00:00,Delhi,28.6139,77.209
16.1,94,5.8,90,2023-11-10 18:00:00,Delhi,28.6139,77.209
15.7,96,5.8,83,2023-11-10 19:00:00,Delhi,28.6139,77.209
16.6,92,1.1,270,2023-11-10 20:00:00,Delhi,28.6139,77.209
15.2,97,5.2,286,2023-11-10 21:00:00,Delhi,28.6139,77.209
15.1,97,7.7,311,2023-11-10 22:00:00,Delhi,28.6139,77.209
14.9,97,7.7,323,2023-11-10 23:00:00,Delhi,28.6139,77.209
14.9,96,8.6,327,2023-11-11 00:00:00,Delhi,28.6139,77.209
15.8,94,8.5,306,2023-11-11 01:00:00,Delhi,28.6139,77.209
16.2,93,10.1,305,2023-11-11 02:00:00,Delhi,28.6139,77.209
17.8,88,8.6,303,2023-11-11 03:00:00,Delhi,28.6139,77.209
19.9,78,9.4,317,2023-11-11 04:00:00,Delhi,28.6139,77.209
22.0,67,10.0,322,2023-11-11 05:00:00,Delhi,28.6139,77.209
23.5,57,10.9,333,2023-11-11 06:00:00,Delhi,28.6139,77.209
24.5,52,11.6,334,2023-11-11 07:00:00,Delhi,28.6139,77.209
25.1,48,11.6,338,2023-11-11 08:00:00,Delhi,28.6139,77.209
25.2,47,11.0,337,2023-11-11 09:00:00,Delhi,28.6139,77.209
25.0,48,10.5,333,2023-11-11 10:00:00,Delhi,28.6139,77.209
24.1,52,7.4,331,2023-11-11 11:00:00,Delhi,28.6139,77.209
20.9,67,7.7,319,2023-11-11 12:00:00,Delhi,28.6139,77.209
20.3,71,7.4,313,2023-11-11 13:00:00,Delhi,28.6139,77.209
19.4,73,7.7,319,2023-11-11 14:00:00,Delhi,28.6139,77.209
18.5,74,7.1,315,2023-11-11 15:00:00,Delhi,28.6139,77.209
17.7,76,7.0,305,2023-11-11 16:00:00,Delhi,28.6139,77.209
17.0,79,7.3,303,2023-11-11 17:00:00,Delhi,28.6139,77.209
16.4,82,7.1,300,2023-11-11 18:00:00,Delhi,28.6139,77.209
15.9,85,6.9,298,2023-11-11 19:00:00,Delhi,28.6139,77.209
15.2,88,6.1,298,2023-11-11 20:00:00,Delhi,28.6139,77.209
14.7,90,6.0,303,2023-11-11 21:00:00,Delhi,28.6139,77.209
14.4,91,6.3,301,2023-11-11 22:00:00,Delhi,28.6139,77.209
14.1,92,6.5,289,2023-11-11 23:00:00,Delhi,28.6139,77.209
13.9,92,7.3,279,2023-11-12 00:00:00,Delhi,28.6139,77.209
14.2,93,7.9,286,2023-11-12 01:00:00,Delhi,28.6139,77.209
14.9,90,10.0,283,2023-11-12 02:00:00,Delhi,28.6139,77.209
17.0,81,8.4,277,2023-11-12 03:00:00,Delhi,28.6139,77.209
19.5,72,8.2,285,2023-11-12 04:00:00,Delhi,28.6139,77.209
21.7,64,9.4,293,2023-11-12 05:00:00,Delhi,28.6139,77.209
23.4,55,11.4,298,2023-11-12 06:00:00,Delhi,28.6139,77.209
24.4,50,11.4,305,2023-11-12 07:00:00,Delhi,28.6139,77.209
25.0,48,10.9,304,2023-11-12 08:00:00,Delhi,28.6139,77.209
25.1,48,10.5,311,2023-11-12 09:00:00,Delhi,28.6139,77.209
25.0,47,10.2,309,2023-11-12 10:00:00,Delhi,28.6139,77.209
24.0,53,7.6,301,2023-11-12 11:00:00,Delhi,28.6139,77.209
20.9,66,6.6,279,2023-11-12 12:00:00,Delhi,28.6139,77.209
20.5,67,8.2,285,2023-11-12 13:00:00,Delhi,28.6139,77.209
19.2,72,7.2,288,2023-11-12 14:00:00,Delhi,28.6139,77.209
17.9,78,6.7,286,2023-11-12 15:00:00,Delhi,28.6139,77.209
17.2,80,6.3,283,2023-11-12 16:00:00,Delhi,28.6139,77.209
16.9,81,6.6,292,2023-11-12 17:00:00,Delhi,28.6139,77.209
16.4,83,7.0,291,2023-11-12 18:00:00,Delhi,28.6139,77.209
15.9,84,7.2,288,2023-11-12 19:00:00,Delhi,28.6139,77.209
15.3,86,7.0,291,2023-11-12 20:00:00,Delhi,28.6139,77.209
14.5,89,5.8,292,2023-11-12 21:00:00,Delhi,28.6139,77.209
13.7,92,6.4,286,2023-11-12 22:00:00,Delhi,28.6139,77.209
13.4,92,5.4,278,2023-11-12 23:00:00,Delhi,28.6139,77.209
13.2,92,4.7,279,2023-11-13 00:00:00,Delhi,28.6139,77.209
13.5,94,5.0,291,2023-11-13 01:00:00,Delhi,28.6139,77.209
14.6,90,6.4,297,2023-11-13 02:00:00,Delhi,28.6139,77.209
17.2,81,5.1,309,2023-11-13 03:00:00,Delhi,28.6139,77.209
20.0,71,4.5,331,2023-11-13 04:00:00,Delhi,28.6139,77.209
22.5,62,5.8,353,2023-11-13 05:00:00,Delhi,28.6139,77.209
24.1,52,6.1,357,2023-11-13 06:00:00,Delhi,28.6139,77.209
25.0,48,5.4,340,2023-11-13 07:00:00,Delhi,28.6139,77.209
25.5,46,5.8,338,2023-11-13 08:00:00,Delhi,28.6139,77.209
25.5,45,6.5,341,2023-11-13 09:00:00,Delhi,28.6139,77.209
25.2,46,6.7,344,2023-11-13 10:00:00,Delhi,28.6139,77.209
24.2,52,4.6,342,2023-11-13 11:00:00,Delhi,28.6139,77.209
22.5,57,5.6,320,2023-11-13 12:00:00,Delhi,28.6139,77.209
20.4,72,7.9,330,2023-11-13 13:00:00,Delhi,28.6139,77.209
19.5,77,7.0,325,2023-11-13 14:00:00,Delhi,28.6139,77.209
18.5,80,7.9,309,2023-11-13 15:00:00,Delhi,28.6139,77.209
18.0,81,7.1,315,2023-11-13 16:00:00,Delhi,28.6139,77.209
16.9,85,9.8,324,2023-11-13 17:00:00,Delhi,28.6139,77.209
16.2,87,9.3,344,2023-11-13 18:00:00,Delhi,28.6139,77.209
15.9,87,9.3,344,2023-11-13 19:00:00,Delhi,28.6139,77.209
16.0,85,7.6,357,2023-11-13 20:00:00,Delhi,28.6139,77.209
15.6,86,8.7,355,2023-11-13 21:00:00,Delhi,28.6139,77.209
15.7,83,8.0,342,2023-11-13 22:00:00,Delhi,28.6139,77.209
15.2,84,7.9,330,2023-11-13 23:00:00,Delhi,28.6139,77.209
14.1,89,8.9,320,2023-11-14 00:00:00,Delhi,28.6139,77.209
14.2,91,8.4,317,2023-11-14 01:00:00,Delhi,28.6139,77.209
15.8,84,5.0,291,2023-11-14 02:00:00,Delhi,28.6139,77.209
18.0,76,6.0,287,2023-11-14 03:00:00,Delhi,28.6139,77.209
20.3,68,5.8,300,2023-11-14 04:00:00,Delhi,28.6139,77.209
22.5,62,5.6,310,2023-11-14 05:00:00,Delhi,28.6139,77.209
24.0,52,5.7,305,2023-11-14 06:00:00,Delhi,28.6139,77.209
24.8,45,6.9,298,2023-11-14 07:00:00,Delhi,28.6139,77.209
25.1,43,8.4,301,2023-11-14 08:00:00,Delhi,28.6139,77.209
25.2,43,8.5,306,2023-11-14 09:00:00,Delhi,28.6139,77.209
25.0,44,8.9,310,2023-11-14 10:00:00,Delhi,28.6139,77.209
23.9,50,6.2,306,2023-11-14 11:00:00,Delhi,28.6139,77.209
20.4,64,7.6,295,2023-11-14 12:00:00,Delhi,28.6139,77.209
19.0,71,8.2,311,2023-11-14 13:00:00,Delhi,28.6139,77.209
18.1,76,8.2,331,2023-11-14 14:00:00,Delhi,28.6139,77.209
17.5,76,9.1,326,2023-11-14 15:00:00,Delhi,28.6139,77.209
16.6,78,9.8,306,2023-11-14 16:00:00,Delhi,28.6139,77.209
15.9,79,9.2,291,2023-11-14 17:00:00,Delhi,28.6139,77.209
15.8,79,6.7,286,2023-11-14 18:00:00,Delhi,28.6139,77.209
15.1,82,6.2,280,2023-11-14 19:00:00,Delhi,28.6139,77.209
14.2,87,6.1,270,2023-11-14 20:00:00,Delhi,28.6139,77.209
14.0,87,5.9,259,2023-11-14 21:00:00,Delhi,28.6139,77.209
13.7,88,6.5,264,2023-11-14 22:00:00,Delhi,28.6139,77.209
13.4,89,7.2,264,2023-11-14 23:00:00,Delhi,28.6139,77.209
13.1,91,7.6,267,2023-11-15 00:00:00,Delhi,28.6139,77.209
13.4,91,6.9,276,2023-11-15 01:00:00,Delhi,28.6139,77.209
14.1,88,9.0,270,2023-11-15 02:00:00,Delhi,28.6139,77.209
16.7,79,8.8,279,2023-11-15 03:00:00,Delhi,28.6139,77.209
19.5,70,7.4,293,2023-11-15 04:00:00,Delhi,28.6139,77.209
22.0,62,8.3,304,2023-11-15 05:00:00,Delhi,28.6139,77.209
23.9,54,9.9,314,2023-11-15 06:00:00,Delhi,28.6139,77.209
24.9,48,10.2,315,2023-11-15 07:00:00,Delhi,28.6139,77.209
25.5,44,8.9,317,2023-11-15 08:00:00,Delhi,28.6139,77.209
25.7,42,8.1,315,2023-11-15 09:00:00,Delhi,28.6139,77.209
25.4,42,7.9,317,2023-11-15 10:00:00,Delhi,28.6139,77.209
24.2,49,5.4,312,2023-11-15 11:00:00,Delhi,28.6139,77.209
20.1,65,9.5,295,2023-11-15 12:00:00,Delhi,28.6139,77.209
19.7,71,7.7,307,2023-11-15 13:00:00,Delhi,28.6139,77.209
18.5,76,7.7,281,2023-11-15 14:00:00,Delhi,28.6139,77.209
17.6,77,7.6,275,2023-11-15 15:00:00,Delhi,28.6139,77.209
17.1,78,6.5,276,2023-11-15 16:00:00,Delhi,28.6139,77.209
16.1,82,7.7,281,2023-11-15 17:00:00,Delhi,28.6139,77.209
15.4,84,8.5,282,2023-11-15 18:00:00,Delhi,28.6139,77.209
15.1,84,8.3,288,2023-11-15 19:00:00,Delhi,28.6139,77.209
14.6,86,8.1,283,2023-11-15 20:00:00,Delhi,28.6139,77.209
14.1,88,7.6,278,2023-11-15 21:00:00,Delhi,28.6139,77.209
13.8,89,7.6,289,2023-11-15 22:00:00,Delhi,28.6139,77.209
13.1,92,8.6,303,2023-11-15 23:00:00,Delhi,28.6139,77.209
13.0,91,8.1,302,2023-11-16 00:00:00,Delhi,28.6139,77.209
13.1,91,7.5,305,2023-11-16 01:00:00,Delhi,28.6139,77.209
14.4,86,4.2,290,2023-11-16 02:00:00,Delhi,28.6139,77.209
17.1,76,4.5,299,2023-11-16 03:00:00,Delhi,28.6139,77.209
20.1,66,3.3,319,2023-11-16 04:00:00,Delhi,28.6139,77.209
22.7,57,3.9,338,2023-11-16 05:00:00,Delhi,28.6139,77.209
24.4,53,3.6,360,2023-11-16 06:00:00,Delhi,28.6139,77.209
25.4,48,3.3,41,2023-11-16 07:00:00,Delhi,28.6139,77.209
26.0,44,4.2,59,2023-11-16 08:00:00,Delhi,28.6139,77.209
26.2,42,5.3,62,2023-11-16 09:00:00,Delhi,28.6139,77.209
26.0,42,6.4,63,2023-11-16 10:00:00,Delhi,28.6139,77.209
24.9,49,4.6,72,2023-11-16 11:00:00,Delhi,28.6139,77.209
21.9,60,7.9,90,2023-11-16 12:00:00,Delhi,28.6139,77.209
23.1,58,3.5,24,2023-11-16 13:00:00,Delhi,28.6139,77.209
21.7,66,4.3,360,2023-11-16 14:00:00,Delhi,28.6139,77.209
21.6,67,6.2,21,2023-11-16 15:00:00,Delhi,28.6139,77.209
21.6,65,6.5,56,2023-11-16 16:00:00,Delhi,28.6139,77.209
21.1,66,4.3,138,2023-11-16 17:00:00,Delhi,28.6139,77.209
18.1,79,7.2,96,2023-11-16 18:00:00,Delhi,28.6139,77.209
16.0,89,9.2,59,2023-11-16 19:00:00,Delhi,28.6139,77.209
17.1,83,7.3,57,2023-11-16 20:00:00,Delhi,28.6139,77.209
17.4,82,5.2,25,2023-11-16 21:00:00,Delhi,28.6139,77.209
16.1,87,4.8,333,2023-11-16 22:00:00,Delhi,28.6139,77.209
15.0,91,4.7,302,2023-11-16 23:00:00,Delhi,28.6139,77.209
14.5,93,4.7,293,2023-11-17 00:00:00,Delhi,28.6139,77.209
14.3,94,6.9,317,2023-11-17 01:00:00,Delhi,28.6139,77.209
15.4,94,3.9,292,2023-11-17 02:00:00,Delhi,28.6139,77.209
18.4,82,2.1,301,2023-11-17 03:00:00,Delhi,28.6139,77.209
21.5,72,2.5,360,2023-11-17 04:00:00,Delhi,28.6139,77.209
24.0,63,4.1,15,2023-11-17 05:00:00,Delhi,28.6139,77.209
25.5,54,4.6,39,2023-11-17 06:00:00,Delhi,28.6139,77.209
26.3,47,5.7,72,2023-11-17 07:00:00,Delhi,28.6139,77.209
26.8,44,7.2,84,2023-11-17 08:00:00,Delhi,28.6139,77.209
26.8,44,6.9,84,2023-11-17 09:00:00,Delhi,28.6139,77.209
26.5,44,6.4,63,2023-11-17 10:00:00,Delhi,28.6139,77.209
25.5,50,5.1,45,2023-11-17 11:00:00,Delhi,28.6139,77.209
22.5,62,7.6,25,2023-11-17 12:00:00,Delhi,28.6139,77.209
24.0,55,5.0,69,2023-11-17 13:00:00,Delhi,28.6139,77.209
21.1,68,7.9,74,2023-11-17 14:00:00,Delhi,28.6139,77.209
19.7,72,9.9,109,2023-11-17 15:00:00,Delhi,28.6139,77.209
19.7,70,8.3,108,2023-11-17 16:00:00,Delhi,28.6139,77.209
18.3,78,8.0,85,2023-11-17 17:00:00,Delhi,28.6139,77.209
18.2,79,6.4,133,2023-11-17 18:00:00,Delhi,28.6139,77.209
16.8,85,5.7,215,2023-11-17 19:00:00,Delhi,28.6139,77.209
16.9,82,5.9,227,2023-11-17 20:00:00,Delhi,28.6139,77.209
16.2,85,6.6,248,2023-11-17 21:00:00,Delhi,28.6139,77.209
15.6,88,6.0,245,2023-11-17 22:00:00,Delhi,28.6139,77.209
15.5,89,7.1,255,2023-11-17 23:00:00,Delhi,28.6139,77.209
14.8,93,6.5,267,2023-11-18 00:00:00,Delhi,28.6139,77.209
14.6,94,5.9,281,2023-11-18 01:00:00,Delhi,28.6139,77.209
15.1,93,6.6,261,2023-11-18 02:00:00,Delhi,28.6139,77.209
17.6,83,4.2,250,2023-11-18 03:00:00,Delhi,28.6139,77.209
21.0,72,1.5,284,2023-11-18 04:00:00,Delhi,28.6139,77.209
23.6,60,1.6,333,2023-11-18 05:00:00,Delhi,28.6139,77.209
25.0,51,1.6,117,2023-11-18 06:00:00,Delhi,28.6139,77.209
25.9,47,5.8,112,2023-11-18 07:00:00,Delhi,28.6139,77.209
26.2,44,7.6,109,2023-11-18 08:00:00,Delhi,28.6139,77.209
26.1,44,8.0,108,2023-11-18 09:00:00,Delhi,28.6139,77.209
25.8,43,7.7,101,2023-11-18 10:00:00,Delhi,28.6139,77.209
24.8,48,6.5,96,2023-11-18 11:00:00,Delhi,28.6139,77.209
21.5,60,8.0,98,2023-11-18 12:00:00,Delhi,28.6139,77.209
20.5,67,8.0,162,2023-11-18 13:00:00,Delhi,28.6139,77.209
21.1,62,4.5,194,2023-11-18 14:00:00,Delhi,28.6139,77.209
19.2,70,3.7,241,2023-11-18 15:00:00,Delhi,28.6139,77.209
18.9,72,4.6,219,2023-11-18 16:00:00,Delhi,28.6139,77.209
18.1,75,7.0,201,2023-11-18 17:00:00,Delhi,28.6139,77.209
17.0,79,6.9,219,2023-11-18 18:00:00,Delhi,28.6139,77.209
16.5,80,6.8,238,2023-11-18 19:00:00,Delhi,28.6139,77.209
16.0,81,6.1,230,2023-11-18 20:00:00,Delhi,28.6139,77.209
15.8,82,6.2,234,2023-11-18 21:00:00,Delhi,28.6139,77.209
15.4,84,6.3,257,2023-11-18 22:00:00,Delhi,28.6139,77.209
14.6,88,6.2,260,2023-11-18 23:00:00,Delhi,28.6139,77.209
13.9,91,7.7,242,2023-11-19 00:00:00,Delhi,28.6139,77.209
14.1,92,4.8,222,2023-11-19 01:00:00,Delhi,28.6139,77.209
15.4,90,2.5,225,2023-11-19 02:00:00,Delhi,28.6139,77.209
18.6,78,1.0,225,2023-11-19 03:00:00,Delhi,28.6139,77.209
21.8,64,1.1,72,2023-11-19 04:00:00,Delhi,28.6139,77.209
23.8,55,2.9,90,2023-11-19 05:00:00,Delhi,28.6139,77.209
25.0,50,9.6,110,2023-11-19 06:00:00,Delhi,28.6139,77.209
25.5,47,10.5,112,2023-11-19 07:00:00,Delhi,28.6139,77.209
25.6,46,10.4,110,2023-11-19 08:00:00,Delhi,28.6139,77.209
25.6,45,9.3,103,2023-11-19 09:00:00,Delhi,28.6139,77.209
25.4,46,8.0,95,2023-11-19 10:00:00,Delhi,28.6139,77.209
24.5,50,5.1,82,2023-11-19 11:00:00,Delhi,28.6139,77.209
21.4,63,8.0,63,2023-11-19 12:00:00,Delhi,28.6139,77.209
20.9,58,7.1,45,2023-11-19 13:00:00,Delhi,28.6139,77.209
22.0,51,2.8,130,2023-11-19 14:00:00,Delhi,28.6139,77.209
20.6,57,2.0,225,2023-11-19 15:00:00,Delhi,28.6139,77.209
20.2,60,1.6,207,2023-11-19 16:00:00,Delhi,28.6139,77.209
19.8,61,2.2,171,2023-11-19 17:00:00,Delhi,28.6139,77.209
19.7,59,2.6,146,2023-11-19 18:00:00,Delhi,28.6139,77.209
19.9,56,3.4,58,2023-11-19 19:00:00,Delhi,28.6139,77.209
20.0,54,2.7,157,2023-11-19 20:00:00,Delhi,28.6139,77.209
19.6,55,1.8,180,2023-11-19 21:00:00,Delhi,28.6139,77.209
16.6,67,4.0,265,2023-11-19 22:00:00,Delhi,28.6139,77.209
14.5,80,5.8,277,2023-11-19 23:00:00,Delhi,28.6139,77.209
13.4,89,7.2,273,2023-11-20 00:00:00,Delhi,28.6139,77.209
13.6,92,6.1,270,2023-11-20 01:00:00,Delhi,28.6139,77.209
14.6,90,4.3,294,2023-11-20 02:00:00,Delhi,28.6139,77.209
17.4,78,5.0,300,2023-11-20 03:00:00,Delhi,28.6139,77.209
20.5,67,3.6,307,2023-11-20 04:00:00,Delhi,28.6139,77.209
22.9,56,4.3,318,2023-11-20 05:00:00,Delhi,28.6139,77.209
24.4,47,6.4,313,2023-11-20 06:00:00,Delhi,28.6139,77.209
25.1,43,8.4,317,2023-11-20 07:00:00,Delhi,28.6139,77.209
25.5,42,9.4,317,2023-11-20 08:00:00,Delhi,28.6139,77.209
25.5,42,9.9,314,2023-11-20 09:00:00,Delhi,28.6139,77.209
25.1,43,10.2,312,2023-11-20 10:00:00,Delhi,28.6139,77.209
24.2,47,7.1,319,2023-11-20 11:00:00,Delhi,28.6139,77.209
20.3,64,9.2,318,2023-11-20 12:00:00,Delhi,28.6139,77.209
19.2,71,9.0,307,2023-11-20 13:00:00,Delhi,28.6139,77.209
18.4,75,9.2,312,2023-11-20 14:00:00,Delhi,28.6139,77.209
18.2,75,8.2,311,2023-11-20 15:00:00,Delhi,28.6139,77.209
18.0,75,7.8,292,2023-11-20 16:00:00,Delhi,28.6139,77.209
17.0,78,8.5,282,2023-11-20 17:00:00,Delhi,28.6139,77.209
16.4,81,8.9,284,2023-11-20 18:00:00,Delhi,28.6139,77.209
15.6,85,8.6,292,2023-11-20 19:00:00,Delhi,28.6139,77.209
14.8,89,7.7,298,2023-11-20 20:00:00,Delhi,28.6139,77.209
13.9,91,8.1,283,2023-11-20 21:00:00,Delhi,28.6139,77.209
13.9,90,5.1,262,2023-11-20 22:00:00,Delhi,28.6139,77.209
13.8,91,6.1,267,2023-11-20 23:00:00,Delhi,28.6139,77.209
13.5,92,6.5,267,2023-11-21 00:00:00,Delhi,28.6139,77.209
13.6,92,5.4,274,2023-11-21 01:00:00,Delhi,28.6139,77.209
14.1,90,7.7,259,2023-11-21 02:00:00,Delhi,28.6139,77.209
16.7,80,9.0,265,2023-11-21 03:00:00,Delhi,28.6139,77.209
19.4,68,6.9,276,2023-11-21 04:00:00,Delhi,28.6139,77.209
21.9,60,7.3,290,2023-11-21 05:00:00,Delhi,28.6139,77.209
23.9,52,9.2,296,2023-11-21 06:00:00,Delhi,28.6139,77.209
24.9,45,13.2,299,2023-11-21 07:00:00,Delhi,28.6139,77.209
25.2,43,15.5,292,2023-11-21 08:00:00,Delhi,28.6139,77.209
25.2,42,16.3,295,2023-11-21 09:00:00,Delhi,28.6139,77.209
24.8,43,16.1,297,2023-11-21 10:00:00,Delhi,28.6139,77.209
23.8,48,13.1,291,2023-11-21 11:00:00,Delhi,28.6139,77.209
21.2,57,10.7,284,2023-11-21 12:00:00,Delhi,28.6139,77.209
20.4,66,11.7,288,2023-11-21 13:00:00,Delhi,28.6139,77.209
19.5,69,12.7,295,2023-11-21 14:00:00,Delhi,28.6139,77.209
18.8,68,12.8,292,2023-11-21 15:00:00,Delhi,28.6139,77.209
18.1,67,12.3,291,2023-11-21 16:00:00,Delhi,28.6139,77.209
17.4,69,12.1,287,2023-11-21 17:00:00,Delhi,28.6139,77.209
16.7,71,12.7,285,2023-11-21 18:00:00,Delhi,28.6139,77.209
16.2,71,12.9,288,2023-11-21 19:00:00,Delhi,28.6139,77.209
15.6,71,12.3,291,2023-11-21 20:00:00,Delhi,28.6139,77.209
15.0,72,11.7,288,2023-11-21 21:00:00,Delhi,28.6139,77.209
14.4,73,11.5,284,2023-11-21 22:00:00,Delhi,28.6139,77.209
14.0,74,11.0,281,2023-11-21 23:00:00,Delhi,28.6139,77.209
13.6,76,10.9,279,2023-11-22 00:00:00,Delhi,28.6139,77.209
13.1,80,11.4,281,2023-11-22 01:00:00,Delhi,28.6139,77.209
13.4,79,12.3,273,2023-11-22 02:00:00,Delhi,28.6139,77.209
15.6,71,12.6,268,2023-11-22 03:00:00,Delhi,28.6139,77.209
18.3,62,11.5,270,2023-11-22 04:00:00,Delhi,28.6139,77.209
20.8,55,12.0,277,2023-11-22 05:00:00,Delhi,28.6139,77.209
22.8,49,13.0,284,2023-11-22 06:00:00,Delhi,28.6139,77.209
24.0,44,13.8,290,2023-11-22 07:00:00,Delhi,28.6139,77.209
24.6,43,13.6,287,2023-11-22 08:00:00,Delhi,28.6139,77.209
24.8,42,13.4,284,2023-11-22 09:00:00,Delhi,28.6139,77.209
24.4,43,13.5,279,2023-11-22 10:00:00,Delhi,28.6139,77.209
23.2,48,10.5,274,2023-11-22 11:00:00,Delhi,28.6139,77.209
20.4,58,7.9,270,2023-11-22 12:00:00,Delhi,28.6139,77.209
19.3,63,7.2,273,2023-11-22 13:00:00,Delhi,28.6139,77.209
17.8,70,8.1,283,2023-11-22 14:00:00,Delhi,28.6139,77.209
16.4,77,9.5,299,2023-11-22 15:00:00,Delhi,28.6139,77.209
15.6,81,10.5,311,2023-11-22 16:00:00,Delhi,28.6139,77.209
15.7,78,9.5,299,2023-11-22 17:00:00,Delhi,28.6139,77.209
15.6,77,8.4,280,2023-11-22 18:00:00,Delhi,28.6139,77.209
15.4,76,7.2,270,2023-11-22 19:00:00,Delhi,28.6139,77.209
15.6,75,6.1,267,2023-11-22 20:00:00,Delhi,28.6139,77.209
14.9,77,6.2,280,2023-11-22 21:00:00,Delhi,28.6139,77.209
13.1,85,7.6,275,2023-11-22 22:00:00,Delhi,28.6139,77.209
12.8,86,6.8,270,2023-11-22 23:00:00,Delhi,28.6139,77.209
11.6,91,7.6,265,2023-11-23 00:00:00,Delhi,28.6139,77.209
11.3,95,5.2,282,2023-11-23 01:00:00,Delhi,28.6139,77.209
11.9,95,5.2,254,2023-11-23 02:00:00,Delhi,28.6139,77.209
14.9,83,3.7,259,2023-11-23 03:00:00,Delhi,28.6139,77.209
18.6,69,1.1,270,2023-11-23 04:00:00,Delhi,28.6139,77.209
21.2,58,1.6,117,2023-11-23 05:00:00,Delhi,28.6139,77.209
23.0,50,3.7,119,2023-11-23 06:00:00,Delhi,28.6139,77.209
24.0,46,2.5,135,2023-11-23 07:00:00,Delhi,28.6139,77.209
24.5,44,1.6,153,2023-11-23 08:00:00,Delhi,28.6139,77.209
24.8,43,0.7,180,2023-11-23 09:00:00,Delhi,28.6139,77.209
24.5,43,0.0,270,2023-11-23 10:00:00,Delhi,28.6139,77.209
23.9,45,1.1,360,2023-11-23 11:00:00,Delhi,28.6139,77.209
22.6,50,3.4,32,2023-11-23 12:00:00,Delhi,28.6139,77.209
19.1,68,7.7,139,2023-11-23 13:00:00,Delhi,28.6139,77.209
19.5,65,6.3,114,2023-11-23 14:00:00,Delhi,28.6139,77.209
17.8,71,7.9,87,2023-11-23 15:00:00,Delhi,28.6139,77.209
17.2,71,8.4,97,2023-11-23 16:00:00,Delhi,28.6139,77.209
15.4,78,9.0,119,2023-11-23 17:00:00,Delhi,28.6139,77.209
15.4,77,8.0,126,2023-11-23 18:00:00,Delhi,28.6139,77.209
14.8,80,9.8,126,2023-11-23 19:00:00,Delhi,28.6139,77.209
14.1,84,10.0,120,2023-11-23 20:00:00,Delhi,28.6139,77.209
13.4,87,8.9,137,2023-11-23 21:00:00,Delhi,28.6139,77.209
13.4,87,7.4,157,2023-11-23 22:00:00,Delhi,28.6139,77.209
15.1,78,5.6,153,2023-11-23 23:00:00,Delhi,28.6139,77.209
15.6,76,4.9,163,2023-11-24 00:00:00,Delhi,28.6139,77.209
15.1,77,3.4,72,2023-11-24 01:00:00,Delhi,28.6139,77.209
14.9,78,2.5,82,2023-11-24 02:00:00,Delhi,28.6139,77.209
16.3,75,1.6,207,2023-11-24 03:00:00,Delhi,28.6139,77.209
19.7,64,0.5,135,2023-11-24 04:00:00,Delhi,28.6139,77.209
22.3,55,0.0,270,2023-11-24 05:00:00,Delhi,28.6139,77.209
23.8,49,1.3,326,2023-11-24 06:00:00,Delhi,28.6139,77.209
24.6,46,4.5,331,2023-11-24 07:00:00,Delhi,28.6139,77.209
25.0,45,6.8,328,2023-11-24 08:00:00,Delhi,28.6139,77.209
25.1,44,7.9,330,2023-11-24 09:00:00,Delhi,28.6139,77.209
24.8,44,7.4,331,2023-11-24 10:00:00,Delhi,28.6139,77.209
23.5,53,4.2,329,2023-11-24 11:00:00,Delhi,28.6139,77.209
20.0,66,7.4,293,2023-11-24 12:00:00,Delhi,28.6139,77.209
20.0,67,6.6,338,2023-11-24 13:00:00,Delhi,28.6139,77.209
18.3,75,7.4,321,2023-11-24 14:00:00,Delhi,28.6139,77.209
17.0,82,7.9,309,2023-11-24 15:00:00,Delhi,28.6139,77.209
16.5,82,8.4,310,2023-11-24 16:00:00,Delhi,28.6139,77.209
15.9,81,8.7,308,2023-11-24 17:00:00,Delhi,28.6139,77.209
14.9,83,9.7,309,2023-11-24 18:00:00,Delhi,28.6139,77.209
14.0,86,10.0,296,2023-11-24 19:00:00,Delhi,28.6139,77.209
13.5,86,9.7,285,2023-11-24 20:00:00,Delhi,28.6139,77.209
13.4,87,7.3,279,2023-11-24 21:00:00,Delhi,28.6139,77.209
13.2,89,6.9,276,2023-11-24 22:00:00,Delhi,28.6139,77.209
12.9,91,6.5,267,2023-11-24 23:00:00,Delhi,28.6139,77.209
12.6,92,6.5,270,2023-11-25 00:00:00,Delhi,28.6139,77.209
12.4,94,5.9,281,2023-11-25 01:00:00,Delhi,28.6139,77.209
12.6,94,5.8,274,2023-11-25 02:00:00,Delhi,28.6139,77.209
15.2,83,6.8,270,2023-11-25 03:00:00,Delhi,28.6139,77.209
18.5,71,5.8,270,2023-11-25 04:00:00,Delhi,28.6139,77.209
21.5,60,5.9,281,2023-11-25 05:00:00,Delhi,28.6139,77.209
23.5,51,6.4,286,2023-11-25 06:00:00,Delhi,28.6139,77.209
24.6,44,7.0,291,2023-11-25 07:00:00,Delhi,28.6139,77.209
25.1,41,6.7,306,2023-11-25 08:00:00,Delhi,28.6139,77.209
25.2,40,6.9,317,2023-11-25 09:00:00,Delhi,28.6139,77.209
24.9,40,6.6,315,2023-11-25 10:00:00,Delhi,28.6139,77.209
23.4,52,3.8,319,2023-11-25 11:00:00,Delhi,28.6139,77.209
20.6,58,6.6,311,2023-11-25 12:00:00,Delhi,28.6139,77.209
21.1,59,4.8,297,2023-11-25 13:00:00,Delhi,28.6139,77.209
20.4,62,4.0,275,2023-11-25 14:00:00,Delhi,28.6139,77.209
20.5,60,3.6,264,2023-11-25 15:00:00,Delhi,28.6139,77.209
19.9,62,1.3,236,2023-11-25 16:00:00,Delhi,28.6139,77.209
19.4,64,3.8,131,2023-11-25 17:00:00,Delhi,28.6139,77.209
16.3,77,6.4,128,2023-11-25 18:00:00,Delhi,28.6139,77.209
15.4,82,7.6,109,2023-11-25 19:00:00,Delhi,28.6139,77.209
15.9,80,6.4,128,2023-11-25 20:00:00,Delhi,28.6139,77.209
16.2,78,6.4,128,2023-11-25 21:00:00,Delhi,28.6139,77.209
15.2,84,7.1,131,2023-11-25 22:00:00,Delhi,28.6139,77.209
14.2,90,8.1,135,2023-11-25 23:00:00,Delhi,28.6139,77.209
14.2,90,7.4,137,2023-11-26 00:00:00,Delhi,28.6139,77.209
14.2,89,6.5,161,2023-11-26 01:00:00,Delhi,28.6139,77.209
14.9,85,7.4,157,2023-11-26 02:00:00,Delhi,28.6139,77.209
17.2,74,9.6,146,2023-11-26 03:00:00,Delhi,28.6139,77.209
20.0,65,8.3,124,2023-11-26 04:00:00,Delhi,28.6139,77.209
22.1,58,8.7,128,2023-11-26 05:00:00,Delhi,28.6139,77.209
23.8,50,8.4,130,2023-11-26 06:00:00,Delhi,28.6139,77.209
24.8,45,7.5,125,2023-11-26 07:00:00,Delhi,28.6139,77.209
25.2,41,7.1,114,2023-11-26 08:00:00,Delhi,28.6139,77.209
25.5,40,8.6,105,2023-11-26 09:00:00,Delhi,28.6139,77.209
25.0,41,11.2,92,2023-11-26 10:00:00,Delhi,28.6139,77.209
23.8,47,7.8,77,2023-11-26 11:00:00,Delhi,28.6139,77.209
21.2,57,7.0,55,2023-11-26 12:00:00,Delhi,28.6139,77.209
20.2,66,7.4,47,2023-11-26 13:00:00,Delhi,28.6139,77.209
19.1,72,7.4,51,2023-11-26 14:00:00,Delhi,28.6139,77.209
18.7,73,7.9,60,2023-11-26 15:00:00,Delhi,28.6139,77.209
18.4,73,8.3,72,2023-11-26 16:00:00,Delhi,28.6139,77.209
18.0,74,7.8,77,2023-11-26 17:00:00,Delhi,28.6139,77.209
17.2,77,6.2,100,2023-11-26 18:00:00,Delhi,28.6139,77.209
17.0,77,7.0,111,2023-11-26 19:00:00,Delhi,28.6139,77.209
16.2,81,5.7,162,2023-11-26 20:00:00,Delhi,28.6139,77.209
16.1,82,5.8,180,2023-11-26 21:00:00,Delhi,28.6139,77.209
16.1,82,5.7,198,2023-11-26 22:00:00,Delhi,28.6139,77.209
15.9,85,5.8,202,2023-11-26 23:00:00,Delhi,28.6139,77.209
17.0,79,4.4,189,2023-11-27 00:00:00,Delhi,28.6139,77.209
16.5,83,6.6,99,2023-11-27 01:00:00,Delhi,28.6139,77.209
16.7,83,7.7,101,2023-11-27 02:00:00,Delhi,28.6139,77.209
17.7,79,10.0,105,2023-11-27 03:00:00,Delhi,28.6139,77.209
18.8,76,7.9,106,2023-11-27 04:00:00,Delhi,28.6139,77.209
19.6,72,8.7,107,2023-11-27 05:00:00,Delhi,28.6139,77.209
20.0,73,8.3,88,2023-11-27 06:00:00,Delhi,28.6139,77.209
22.4,64,9.8,84,2023-11-27 07:00:00,Delhi,28.6139,77.209
23.9,47,18.0,102,2023-11-27 08:00:00,Delhi,28.6139,77.209
24.0,43,23.2,120,2023-11-27 09:00:00,Delhi,28.6139,77.209
23.4,46,22.3,129,2023-11-27 10:00:00,Delhi,28.6139,77.209
22.0,54,15.8,131,2023-11-27 11:00:00,Delhi,28.6139,77.209
19.4,70,7.9,137,2023-11-27 12:00:00,Delhi,28.6139,77.209
18.0,82,16.6,236,2023-11-27 13:00:00,Delhi,28.6139,77.209
17.4,90,5.2,245,2023-11-27 14:00:00,Delhi,28.6139,77.209
17.1,92,6.1,177,2023-11-27 15:00:00,Delhi,28.6139,77.209
16.7,90,15.8,159,2023-11-27 16:00:00,Delhi,28.6139,77.209
17.0,86,16.6,153,2023-11-27 17:00:00,Delhi,28.6139,77.209
15.6,93,7.4,104,2023-11-27 18:00:00,Delhi,28.6139,77.209
15.8,93,5.7,125,2023-11-27 19:00:00,Delhi,28.6139,77.209
15.8,93,7.1,150,2023-11-27 20:00:00,Delhi,28.6139,77.209
15.4,95,5.5,122,2023-11-27 21:00:00,Delhi,28.6139,77.209
15.1,96,5.3,118,2023-11-27 22:00:00,Delhi,28.6139,77.209
15.1,96,4.9,126,2023-11-27 23:00:00,Delhi,28.6139,77.209
15.9,95,5.2,124,2023-11-28 00:00:00,Delhi,28.6139,77.209
15.6,94,4.6,72,2023-11-28 01:00:00,Delhi,28.6139,77.209
15.3,97,2.9,150,2023-11-28 02:00:00,Delhi,28.6139,77.209
17.0,88,4.2,110,2023-11-28 03:00:00,Delhi,28.6139,77.209
18.5,80,6.4,117,2023-11-28 04:00:00,Delhi,28.6139,77.209
20.1,67,10.2,141,2023-11-28 05:00:00,Delhi,28.6139,77.209
19.5,72,8.0,144,2023-11-28 06:00:00,Delhi,28.6139,77.209
18.4,86,6.2,144,2023-11-28 07:00:00,Delhi,28.6139,77.209
18.8,83,3.4,18,2023-11-28 08:00:00,Delhi,28.6139,77.209
19.6,78,5.4,356,2023-11-28 09:00:00,Delhi,28.6139,77.209
20.5,72,4.4,351,2023-11-28 10:00:00,Delhi,28.6139,77.209
20.1,74,5.4,8,2023-11-28 11:00:00,Delhi,28.6139,77.209
17.9,88,6.0,17,2023-11-28 12:00:00,Delhi,28.6139,77.209
18.0,90,6.5,357,2023-11-28 13:00:00,Delhi,28.6139,77.209
17.8,92,5.5,11,2023-11-28 14:00:00,Delhi,28.6139,77.209
17.6,94,7.1,15,2023-11-28 15:00:00,Delhi,28.6139,77.209
17.2,96,8.1,21,2023-11-28 16:00:00,Delhi,28.6139,77.209
16.7,96,7.0,35,2023-11-28 17:00:00,Delhi,28.6139,77.209
15.9,97,5.7,35,2023-11-28 18:00:00,Delhi,28.6139,77.209
15.1,98,7.2,27,2023-11-28 19:00:00,Delhi,28.6139,77.209
14.7,98,7.3,33,2023-11-28 20:00:00,Delhi,28.6139,77.209
14.3,98,7.4,39,2023-11-28 21:00:00,Delhi,28.6139,77.209
13.9,98,8.7,42,2023-11-28 22:00:00,Delhi,28.6139,77.209
13.7,98,7.7,37,2023-11-28 23:00:00,Delhi,28.6139,77.209
13.4,98,8.4,40,2023-11-29 00:00:00,Delhi,28.6139,77.209
13.9,97,8.2,49,2023-11-29 01:00:00,Delhi,28.6139,77.209
14.1,98,6.9,62,2023-11-29 02:00:00,Delhi,28.6139,77.209
16.5,90,6.6,81,2023-11-29 03:00:00,Delhi,28.6139,77.209
19.0,80,5.4,94,2023-11-29 04:00:00,Delhi,28.6139,77.209
21.5,68,6.2,100,2023-11-29 05:00:00,Delhi,28.6139,77.209
23.3,58,7.4,113,2023-11-29 06:00:00,Delhi,28.6139,77.209
24.2,53,7.9,137,2023-11-29 07:00:00,Delhi,28.6139,77.209
24.4,52,8.7,142,2023-11-29 08:00:00,Delhi,28.6139,77.209
24.3,52,7.9,141,2023-11-29 09:00:00,Delhi,28.6139,77.209
24.0,52,6.4,128,2023-11-29 10:00:00,Delhi,28.6139,77.209
23.3,57,3.5,114,2023-11-29 11:00:00,Delhi,28.6139,77.209
22.4,58,4.9,163,2023-11-29 12:00:00,Delhi,28.6139,77.209
19.0,82,5.5,122,2023-11-29 13:00:00,Delhi,28.6139,77.209
18.1,87,4.2,250,2023-11-29 14:00:00,Delhi,28.6139,77.209
17.6,88,2.5,278,2023-11-29 15:00:00,Delhi,28.6139,77.209
18.3,84,0.8,297,2023-11-29 16:00:00,Delhi,28.6139,77.209
18.3,83,3.6,143,2023-11-29 17:00:00,Delhi,28.6139,77.209
16.1,91,8.1,77,2023-11-29 18:00:00,Delhi,28.6139,77.209
17.6,84,3.3,41,2023-11-29 19:00:00,Delhi,28.6139,77.209
17.5,85,3.6,127,2023-11-29 20:00:00,Delhi,28.6139,77.209
16.4,90,5.4,86,2023-11-29 21:00:00,Delhi,28.6139,77.209
14.9,94,7.2,117,2023-11-29 22:00:00,Delhi,28.6139,77.209
14.1,96,8.0,126,2023-11-29 23:00:00,Delhi,28.6139,77.209
14.1,96,6.5,56,2023-11-30 00:00:00,Delhi,28.6139,77.209
15.9,94,1.8,307,2023-11-30 01:00:00,Delhi,28.6139,77.209
15.6,90,7.6,341,2023-11-30 02:00:00,Delhi,28.6139,77.209
17.0,89,8.7,48,2023-11-30 03:00:00,Delhi,28.6139,77.209
18.1,84,13.3,327,2023-11-30 04:00:00,Delhi,28.6139,77.209
19.2,74,8.6,15,2023-11-30 05:00:00,Delhi,28.6139,77.209
20.9,69,9.4,40,2023-11-30 06:00:00,Delhi,28.6139,77.209
21.2,68,9.7,39,2023-11-30 07:00:00,Delhi,28.6139,77.209
21.6,66,10.4,44,2023-11-30 08:00:00,Delhi,28.6139,77.209
21.6,66,11.0,41,2023-11-30 09:00:00,Delhi,28.6139,77.209
21.4,66,11.5,44,2023-11-30 10:00:00,Delhi,28.6139,77.209
20.9,68,10.8,37,2023-11-30 11:00:00,Delhi,28.6139,77.209
19.2,77,8.7,45,2023-11-30 12:00:00,Delhi,28.6139,77.209
18.5,84,7.3,327,2023-11-30 13:00:00,Delhi,28.6139,77.209
17.5,91,4.8,13,2023-11-30 14:00:00,Delhi,28.6139,77.209
16.4,95,6.1,360,2023-11-30 15:00:00,Delhi,28.6139,77.209
16.3,95,5.5,11,2023-11-30 16:00:00,Delhi,28.6139,77.209
15.9,95,6.3,13,2023-11-30 17:00:00,Delhi,28.6139,77.209
14.9,97,7.5,35,2023-11-30 18:00:00,Delhi,28.6139,77.209
14.9,97,6.1,45,2023-11-30 19:00:00,Delhi,28.6139,77.209
14.8,97,5.3,28,2023-11-30 20:00:00,Delhi,28.6139,77.209
14.4,97,6.1,28,2023-11-30 21:00:00,Delhi,28.6139,77.209
14.4,97,5.8,22,2023-11-30 22:00:00,Delhi,28.6139,77.209
14.0,97,6.3,24,2023-11-30 23:00:00,Delhi,28.6139,77.209
13.8,97,7.1,30,2023-12-01 00:00:00,Delhi,28.6139,77.209
15.8,96,5.4,356,2023-12-01 01:00:00,Delhi,28.6139,77.209
15.9,94,3.4,288,2023-12-01 02:00:00,Delhi,28.6139,77.209
17.3,89,6.0,213,2023-12-01 03:00:00,Delhi,28.6139,77.209
18.7,82,2.4,27,2023-12-01 04:00:00,Delhi,28.6139,77.209
20.6,74,6.4,297,2023-12-01 05:00:00,Delhi,28.6139,77.209
22.2,68,6.8,328,2023-12-01 06:00:00,Delhi,28.6139,77.209
23.2,63,7.2,354,2023-12-01 07:00:00,Delhi,28.6139,77.209
24.0,58,7.7,11,2023-12-01 08:00:00,Delhi,28.6139,77.209
24.1,55,7.3,11,2023-12-01 09:00:00,Delhi,28.6139,77.209
23.9,54,7.2,3,2023-12-01 10:00:00,Delhi,28.6139,77.209
23.0,58,5.8,353,2023-12-01 11:00:00,Delhi,28.6139,77.209
20.1,71,8.0,342,2023-12-01 12:00:00,Delhi,28.6139,77.209
19.2,82,7.1,319,2023-12-01 13:00:00,Delhi,28.6139,77.209
18.8,82,6.7,306,2023-12-01 14:00:00,Delhi,28.6139,77.209
18.1,85,5.9,313,2023-12-01 15:00:00,Delhi,28.6139,77.209
17.7,86,7.4,317,2023-12-01 16:00:00,Delhi,28.6139,77.209
16.9,88,7.0,325,2023-12-01 17:00:00,Delhi,28.6139,77.209
16.2,90,6.7,324,2023-12-01 18:00:00,Delhi,28.6139,77.209
15.6,92,6.3,329,2023-12-01 19:00:00,Delhi,28.6139,77.209
14.8,94,7.4,337,2023-12-01 20:00:00,Delhi,28.6139,77.209
14.2,95,8.2,337,2023-12-01 21:00:00,Delhi,28.6139,77.209
13.9,96,8.4,340,2023-12-01 22:00:00,Delhi,28.6139,77.209
13.6,96,8.7,336,2023-12-01 23:00:00,Delhi,28.6139,77.209
13.2,96,8.5,324,2023-12-02 00:00:00,Delhi,28.6139,77.209
14.1,97,5.4,318,2023-12-02 01:00:00,Delhi,28.6139,77.209
14.6,97,5.1,315,2023-12-02 02:00:00,Delhi,28.6139,77.209
16.4,91,6.4,313,2023-12-02 03:00:00,Delhi,28.6139,77.209
18.9,81,5.2,326,2023-12-02 04:00:00,Delhi,28.6139,77.209
21.4,70,6.8,342,2023-12-02 05:00:00,Delhi,28.6139,77.209
23.0,61,7.8,347,2023-12-02 06:00:00,Delhi,28.6139,77.209
23.8,55,6.9,354,2023-12-02 07:00:00,Delhi,28.6139,77.209
24.1,51,6.1,357,2023-12-02 08:00:00,Delhi,28.6139,77.209
24.2,50,6.1,357,2023-12-02 09:00:00,Delhi,28.6139,77.209
24.0,50,6.8,360,2023-12-02 10:00:00,Delhi,28.6139,77.209
23.0,56,4.7,360,2023-12-02 11:00:00,Delhi,28.6139,77.209
20.0,68,8.0,350,2023-12-02 12:00:00,Delhi,28.6139,77.209
19.0,74,8.1,347,2023-12-02 13:00:00,Delhi,28.6139,77.209
18.0,78,7.8,347,2023-12-02 14:00:00,Delhi,28.6139,77.209
16.9,83,8.6,338,2023-12-02 15:00:00,Delhi,28.6139,77.209
16.1,85,7.6,329,2023-12-02 16:00:00,Delhi,28.6139,77.209
15.4,88,7.4,321,2023-12-02 17:00:00,Delhi,28.6139,77.209
14.8,89,7.4,321,2023-12-02 18:00:00,Delhi,28.6139,77.209
14.0,91,8.8,325,2023-12-02 19:00:00,Delhi,28.6139,77.209
13.4,92,10.2,337,2023-12-02 20:00:00,Delhi,28.6139,77.209
13.1,92,9.5,351,2023-12-02 21:00:00,Delhi,28.6139,77.209
12.4,93,10.4,360,2023-12-02 22:00:00,Delhi,28.6139,77.209
12.1,94,10.1,2,2023-12-02 23:00:00,Delhi,28.6139,77.209
12.4,93,8.4,10,2023-12-03 00:00:00,Delhi,28.6139,77.209
13.1,95,7.2,3,2023-12-03 01:00:00,Delhi,28.6139,77.209
12.8,97,6.5,357,2023-12-03 02:00:00,Delhi,28.6139,77.209
15.4,89,7.0,12,2023-12-03 03:00:00,Delhi,28.6139,77.209
18.2,79,4.2,20,2023-12-03 04:00:00,Delhi,28.6139,77.209
20.9,68,5.9,14,2023-12-03 05:00:00,Delhi,28.6139,77.209
22.6,58,7.6,3,2023-12-03 06:00:00,Delhi,28.6139,77.209
23.8,49,7.2,3,2023-12-03 07:00:00,Delhi,28.6139,77.209
24.4,45,6.8,360,2023-12-03 08:00:00,Delhi,28.6139,77.209
24.5,42,6.9,354,2023-12-03 09:00:00,Delhi,28.6139,77.209
24.1,43,7.6,352,2023-12-03 10:00:00,Delhi,28.6139,77.209
22.9,52,4.7,351,2023-12-03 11:00:00,Delhi,28.6139,77.209
19.9,63,7.6,341,2023-12-03 12:00:00,Delhi,28.6139,77.209
20.1,68,5.5,349,2023-12-03 13:00:00,Delhi,28.6139,77.209
20.5,63,2.9,60,2023-12-03 14:00:00,Delhi,28.6139,77.209
19.0,72,3.0,256,2023-12-03 15:00:00,Delhi,28.6139,77.209
18.1,80,5.7,288,2023-12-03 16:00:00,Delhi,28.6139,77.209
17.7,84,5.4,318,2023-12-03 17:00:00,Delhi,28.6139,77.209
17.1,85,4.7,302,2023-12-03 18:00:00,Delhi,28.6139,77.209
16.6,85,6.7,344,2023-12-03 19:00:00,Delhi,28.6139,77.209
15.9,85,7.3,9,2023-12-03 20:00:00,Delhi,28.6139,77.209
15.5,84,6.5,357,2023-12-03 21:00:00,Delhi,28.6139,77.209
14.4,88,7.9,360,2023-12-03 22:00:00,Delhi,28.6139,77.209
13.7,89,8.7,322,2023-12-03 23:00:00,Delhi,28.6139,77.209
14.2,85,7.3,290,2023-12-04 00:00:00,Delhi,28.6139,77.209
14.7,94,3.9,292,2023-12-04 01:00:00,Delhi,28.6139,77.209
14.8,94,6.3,294,2023-12-04 02:00:00,Delhi,28.6139,77.209
16.4,87,8.7,300,2023-12-04 03:00:00,Delhi,28.6139,77.209
18.2,75,7.4,309,2023-12-04 04:00:00,Delhi,28.6139,77.209
19.8,65,7.0,339,2023-12-04 05:00:00,Delhi,28.6139,77.209
21.4,53,11.3,343,2023-12-04 06:00:00,Delhi,28.6139,77.209
22.3,47,10.9,343,2023-12-04 07:00:00,Delhi,28.6139,77.209
22.8,46,10.2,342,2023-12-04 08:00:00,Delhi,28.6139,77.209
22.9,45,9.7,338,2023-12-04 09:00:00,Delhi,28.6139,77.209
22.6,46,10.0,339,2023-12-04 10:00:00,Delhi,28.6139,77.209
21.8,50,7.4,346,2023-12-04 11:00:00,Delhi,28.6139,77.209
19.5,59,8.7,343,2023-12-04 12:00:00,Delhi,28.6139,77.209
19.4,64,4.6,18,2023-12-04 13:00:00,Delhi,28.6139,77.209
20.0,58,6.1,3,2023-12-04 14:00:00,Delhi,28.6139,77.209
16.6,74,8.1,347,2023-12-04 15:00:00,Delhi,28.6139,77.209
15.0,86,8.9,328,2023-12-04 16:00:00,Delhi,28.6139,77.209
14.3,90,7.4,313,2023-12-04 17:00:00,Delhi,28.6139,77.209
13.7,91,7.7,319,2023-12-04 18:00:00,Delhi,28.6139,77.209
12.9,92,9.3,332,2023-12-04 19:00:00,Delhi,28.6139,77.209
12.8,90,9.7,345,2023-12-04 20:00:00,Delhi,28.6139,77.209
12.4,90,9.5,349,2023-12-04 21:00:00,Delhi,28.6139,77.209
12.2,91,8.2,337,2023-12-04 22:00:00,Delhi,28.6139,77.209
11.4,92,9.9,327,2023-12-04 23:00:00,Delhi,28.6139,77.209
11.9,90,7.2,323,2023-12-05 00:00:00,Delhi,28.6139,77.209
11.9,95,7.1,319,2023-12-05 01:00:00,Delhi,28.6139,77.209
12.6,93,5.9,308,2023-12-05 02:00:00,Delhi,28.6139,77.209
14.8,85,6.6,315,2023-12-05 03:00:00,Delhi,28.6139,77.209
17.2,77,4.3,336,2023-12-05 04:00:00,Delhi,28.6139,77.209
19.5,68,7.5,343,2023-12-05 05:00:00,Delhi,28.6139,77.209
21.4,57,9.7,338,2023-12-05 06:00:00,Delhi,28.6139,77.209
22.5,48,10.9,333,2023-12-05 07:00:00,Delhi,28.6139,77.209
23.1,44,11.4,332,2023-12-05 08:00:00,Delhi,28.6139,77.209
23.2,42,12.4,334,2023-12-05 09:00:00,Delhi,28.6139,77.209
22.9,43,12.4,334,2023-12-05 10:00:00,Delhi,28.6139,77.209
21.5,49,9.0,331,2023-12-05 11:00:00,Delhi,28.6139,77.209
18.4,61,7.4,321,2023-12-05 12:00:00,Delhi,28.6139,77.209
17.8,66,7.4,317,2023-12-05 13:00:00,Delhi,28.6139,77.209
16.8,69,7.1,300,2023-12-05 14:00:00,Delhi,28.6139,77.209
15.9,73,7.0,291,2023-12-05 15:00:00,Delhi,28.6139,77.209
15.1,76,6.6,283,2023-12-05 16:00:00,Delhi,28.6139,77.209
14.6,77,6.1,267,2023-12-05 17:00:00,Delhi,28.6139,77.209
14.3,79,7.9,270,2023-12-05 18:00:00,Delhi,28.6139,77.209
13.8,81,8.3,275,2023-12-05 19:00:00,Delhi,28.6139,77.209
13.3,83,8.0,275,2023-12-05 20:00:00,Delhi,28.6139,77.209
12.8,85,8.0,265,2023-12-05 21:00:00,Delhi,28.6139,77.209
12.4,87,8.0,262,2023-12-05 22:00:00,Delhi,28.6139,77.209
12.1,88,8.6,270,2023-12-05 23:00:00,Delhi,28.6139,77.209
11.9,90,11.3,297,2023-12-06 00:00:00,Delhi,28.6139,77.209
11.7,94,6.4,308,2023-12-06 01:00:00,Delhi,28.6139,77.209
11.6,95,5.2,304,2023-12-06 02:00:00,Delhi,28.6139,77.209
13.9,88,6.5,304,2023-12-06 03:00:00,Delhi,28.6139,77.209
16.5,80,6.0,303,2023-12-06 04:00:00,Delhi,28.6139,77.209
18.8,72,4.9,306,2023-12-06 05:00:00,Delhi,28.6139,77.209
20.9,64,5.2,304,2023-12-06 06:00:00,Delhi,28.6139,77.209
22.4,56,5.5,302,2023-12-06 07:00:00,Delhi,28.6139,77.209
23.3,47,4.7,293,2023-12-06 08:00:00,Delhi,28.6139,77.209
23.5,45,4.9,287,2023-12-06 09:00:00,Delhi,28.6139,77.209
23.3,45,4.8,297,2023-12-06 10:00:00,Delhi,28.6139,77.209
21.8,57,4.3,294,2023-12-06 11:00:00,Delhi,28.6139,77.209
17.9,69,9.0,286,2023-12-06 12:00:00,Delhi,28.6139,77.209
17.4,74,8.5,282,2023-12-06 13:00:00,Delhi,28.6139,77.209
16.5,77,8.0,278,2023-12-06 14:00:00,Delhi,28.6139,77.209
15.4,82,9.2,281,2023-12-06 15:00:00,Delhi,28.6139,77.209
14.6,86,8.2,285,2023-12-06 16:00:00,Delhi,28.6139,77.209
14.2,87,6.7,286,2023-12-06 17:00:00,Delhi,28.6139,77.209
13.9,88,7.4,299,2023-12-06 18:00:00,Delhi,28.6139,77.209
13.1,90,9.7,318,2023-12-06 19:00:00,Delhi,28.6139,77.209
12.5,91,9.7,329,2023-12-06 20:00:00,Delhi,28.6139,77.209
12.1,92,9.2,315,2023-12-06 21:00:00,Delhi,28.6139,77.209
11.9,93,8.5,306,2023-12-06 22:00:00,Delhi,28.6139,77.209
11.6,94,8.0,297,2023-12-06 23:00:00,Delhi,28.6139,77.209
11.6,94,5.9,284,2023-12-07 00:00:00,Delhi,28.6139,77.209
11.6,97,5.2,286,2023-12-07 01:00:00,Delhi,28.6139,77.209
11.9,97,5.4,278,2023-12-07 02:00:00,Delhi,28.6139,77.209
14.2,91,7.4,284,2023-12-07 03:00:00,Delhi,28.6139,77.209
17.1,82,6.5,289,2023-12-07 04:00:00,Delhi,28.6139,77.209
19.7,72,8.2,293,2023-12-07 05:00:00,Delhi,28.6139,77.209
21.7,63,8.6,292,2023-12-07 06:00:00,Delhi,28.6139,77.209
23.1,55,8.9,291,2023-12-07 07:00:00,Delhi,28.6139,77.209
23.9,49,9.0,293,2023-12-07 08:00:00,Delhi,28.6139,77.209
24.1,46,9.8,294,2023-12-07 09:00:00,Delhi,28.6139,77.209
23.7,46,10.2,293,2023-12-07 10:00:00,Delhi,28.6139,77.209
22.3,53,7.6,289,2023-12-07 11:00:00,Delhi,28.6139,77.209
19.0,65,7.5,287,2023-12-07 12:00:00,Delhi,28.6139,77.209
18.6,67,9.6,290,2023-12-07 13:00:00,Delhi,28.6139,77.209
17.5,70,9.4,288,2023-12-07 14:00:00,Delhi,28.6139,77.209
16.3,75,7.9,286,2023-12-07 15:00:00,Delhi,28.6139,77.209
15.1,81,6.8,288,2023-12-07 16:00:00,Delhi,28.6139,77.209
14.1,86,6.7,286,2023-12-07 17:00:00,Delhi,28.6139,77.209
13.5,88,7.1,285,2023-12-07 18:00:00,Delhi,28.6139,77.209
13.1,88,6.7,286,2023-12-07 19:00:00,Delhi,28.6139,77.209
12.8,89,6.7,286,2023-12-07 20:00:00,Delhi,28.6139,77.209
12.3,91,6.5,276,2023-12-07 21:00:00,Delhi,28.6139,77.209
11.9,91,6.5,270,2023-12-07 22:00:00,Delhi,28.6139,77.209
11.7,92,7.6,262,2023-12-07 23:00:00,Delhi,28.6139,77.209
11.4,92,8.0,260,2023-12-08 00:00:00,Delhi,28.6139,77.209
11.7,94,7.2,273,2023-12-08 01:00:00,Delhi,28.6139,77.209
11.9,94,7.9,270,2023-12-08 02:00:00,Delhi,28.6139,77.209
14.0,85,9.5,279,2023-12-08 03:00:00,Delhi,28.6139,77.209
16.8,76,7.5,287,2023-12-08 04:00:00,Delhi,28.6139,77.209
19.3,69,8.7,300,2023-12-08 05:00:00,Delhi,28.6139,77.209
21.4,61,10.1,305,2023-12-08 06:00:00,Delhi,28.6139,77.209
22.7,53,10.1,297,2023-12-08 07:00:00,Delhi,28.6139,77.209
23.5,47,10.0,296,2023-12-08 08:00:00,Delhi,28.6139,77.209
23.8,43,12.7,299,2023-12-08 09:00:00,Delhi,28.6139,77.209
23.5,43,13.3,303,2023-12-08 10:00:00,Delhi,28.6139,77.209
22.1,49,9.8,306,2023-12-08 11:00:00,Delhi,28.6139,77.209
18.9,61,8.0,297,2023-12-08 12:00:00,Delhi,28.6139,77.209
18.2,65,7.7,323,2023-12-08 13:00:00,Delhi,28.6139,77.209
16.6,72,8.2,322,2023-12-08 14:00:00,Delhi,28.6139,77.209
15.3,78,9.5,307,2023-12-08 15:00:00,Delhi,28.6139,77.209
14.8,80,8.2,299,2023-12-08 16:00:00,Delhi,28.6139,77.209
14.1,82,7.2,288,2023-12-08 17:00:00,Delhi,28.6139,77.209
13.1,86,7.8,292,2023-12-08 18:00:00,Delhi,28.6139,77.209
12.6,87,7.2,307,2023-12-08 19:00:00,Delhi,28.6139,77.209
11.4,90,9.2,318,2023-12-08 20:00:00,Delhi,28.6139,77.209
11.3,89,7.1,294,2023-12-08 21:00:00,Delhi,28.6139,77.209
11.1,90,8.4,260,2023-12-08 22:00:00,Delhi,28.6139,77.209
10.9,90,8.6,268,2023-12-08 23:00:00,Delhi,28.6139,77.209
10.7,90,9.0,268,2023-12-09 00:00:00,Delhi,28.6139,77.209
10.8,91,9.4,277,2023-12-09 01:00:00,Delhi,28.6139,77.209
10.8,91,10.8,270,2023-12-09 02:00:00,Delhi,28.6139,77.209
13.2,81,13.0,273,2023-12-09 03:00:00,Delhi,28.6139,77.209
16.2,72,10.9,278,2023-12-09 04:00:00,Delhi,28.6139,77.209
19.0,61,10.9,287,2023-12-09 05:00:00,Delhi,28.6139,77.209
21.0,53,11.8,297,2023-12-09 06:00:00,Delhi,28.6139,77.209
22.4,47,12.6,301,2023-12-09 07:00:00,Delhi,28.6139,77.209
23.1,43,12.6,301,2023-12-09 08:00:00,Delhi,28.6139,77.209
23.4,40,13.3,303,2023-12-09 09:00:00,Delhi,28.6139,77.209
23.0,40,13.3,303,2023-12-09 10:00:00,Delhi,28.6139,77.209
21.6,46,8.9,297,2023-12-09 11:00:00,Delhi,28.6139,77.209
18.0,59,7.8,283,2023-12-09 12:00:00,Delhi,28.6139,77.209
17.5,62,7.7,298,2023-12-09 13:00:00,Delhi,28.6139,77.209
16.5,65,8.1,302,2023-12-09 14:00:00,Delhi,28.6139,77.209
15.4,70,8.0,297,2023-12-09 15:00:00,Delhi,28.6139,77.209
14.5,73,8.2,293,2023-12-09 16:00:00,Delhi,28.6139,77.209
13.8,76,8.4,295,2023-12-09 17:00:00,Delhi,28.6139,77.209
13.0,80,8.4,295,2023-12-09 18:00:00,Delhi,28.6139,77.209
12.6,82,8.7,294,2023-12-09 19:00:00,Delhi,28.6139,77.209
12.1,84,9.4,293,2023-12-09 20:00:00,Delhi,28.6139,77.209
11.9,84,9.1,288,2023-12-09 21:00:00,Delhi,28.6139,77.209
11.6,83,9.9,289,2023-12-09 22:00:00,Delhi,28.6139,77.209
11.4,82,10.6,288,2023-12-09 23:00:00,Delhi,28.6139,77.209
11.2,82,11.2,285,2023-12-10 00:00:00,Delhi,28.6139,77.209
10.8,86,12.0,277,2023-12-10 01:00:00,Delhi,28.6139,77.209
10.8,86,14.1,264,2023-12-10 02:00:00,Delhi,28.6139,77.209
12.8,78,14.8,264,2023-12-10 03:00:00,Delhi,28.6139,77.209
15.6,68,11.9,272,2023-12-10 04:00:00,Delhi,28.6139,77.209
18.2,60,12.8,281,2023-12-10 05:00:00,Delhi,28.6139,77.209
20.2,53,15.3,294,2023-12-10 06:00:00,Delhi,28.6139,77.209
21.6,45,17.7,299,2023-12-10 07:00:00,Delhi,28.6139,77.209
22.3,41,18.0,299,2023-12-10 08:00:00,Delhi,28.6139,77.209
22.5,39,17.1,295,2023-12-10 09:00:00,Delhi,28.6139,77.209
22.1,40,16.1,290,2023-12-10 10:00:00,Delhi,28.6139,77.209
20.8,46,11.4,283,2023-12-10 11:00:00,Delhi,28.6139,77.209
17.8,58,9.7,270,2023-12-10 12:00:00,Delhi,28.6139,77.209
16.8,64,9.1,279,2023-12-10 13:00:00,Delhi,28.6139,77.209
15.6,69,9.2,281,2023-12-10 14:00:00,Delhi,28.6139,77.209
14.9,72,9.8,278,2023-12-10 15:00:00,Delhi,28.6139,77.209
13.9,76,8.5,282,2023-12-10 16:00:00,Delhi,28.6139,77.209
13.2,79,8.1,291,2023-12-10 17:00:00,Delhi,28.6139,77.209
12.4,82,7.3,290,2023-12-10 18:00:00,Delhi,28.6139,77.209
11.4,86,8.5,298,2023-12-10 19:00:00,Delhi,28.6139,77.209
10.4,89,10.1,297,2023-12-10 20:00:00,Delhi,28.6139,77.209
10.1,89,8.3,268,2023-12-10 21:00:00,Delhi,28.6139,77.209
9.8,89,6.7,254,2023-12-10 22:00:00,Delhi,28.6139,77.209
10.0,89,5.4,250,2023-12-10 23:00:00,Delhi,28.6139,77.209
9.9,90,5.7,252,2023-12-11 00:00:00,Delhi,28.6139,77.209
9.1,95,4.8,257,2023-12-11 01:00:00,Delhi,28.6139,77.209
9.1,95,5.8,240,2023-12-11 02:00:00,Delhi,28.6139,77.209
11.9,86,7.7,242,2023-12-11 03:00:00,Delhi,28.6139,77.209
15.6,74,4.0,260,2023-12-11 04:00:00,Delhi,28.6139,77.209
18.4,63,2.9,263,2023-12-11 05:00:00,Delhi,28.6139,77.209
20.2,53,2.6,286,2023-12-11 06:00:00,Delhi,28.6139,77.209
21.4,47,3.9,304,2023-12-11 07:00:00,Delhi,28.6139,77.209
22.0,43,5.4,312,2023-12-11 08:00:00,Delhi,28.6139,77.209
22.2,40,6.9,309,2023-12-11 09:00:00,Delhi,28.6139,77.209
21.9,40,7.7,311,2023-12-11 10:00:00,Delhi,28.6139,77.209
20.4,56,3.8,311,2023-12-11 11:00:00,Delhi,28.6139,77.209
20.0,47,3.9,292,2023-12-11 12:00:00,Delhi,28.6139,77.209
19.5,48,4.1,285,2023-12-11 13:00:00,Delhi,28.6139,77.209
18.4,53,4.7,328,2023-12-11 14:00:00,Delhi,28.6139,77.209
16.6,61,6.5,34,2023-12-11 15:00:00,Delhi,28.6139,77.209
13.6,74,9.0,85,2023-12-11 16:00:00,Delhi,28.6139,77.209
12.2,78,10.1,92,2023-12-11 17:00:00,Delhi,28.6139,77.209
11.6,80,9.8,82,2023-12-11 18:00:00,Delhi,28.6139,77.209
10.8,83,11.4,79,2023-12-11 19:00:00,Delhi,28.6139,77.209
10.4,85,10.5,86,2023-12-11 20:00:00,Delhi,28.6139,77.209
10.3,86,7.0,111,2023-12-11 21:00:00,Delhi,28.6139,77.209
9.9,87,7.3,123,2023-12-11 22:00:00,Delhi,28.6139,77.209
9.9,87,7.2,117,2023-12-11 23:00:00,Delhi,28.6139,77.209
9.6,89,7.2,127,2023-12-12 00:00:00,Delhi,28.6139,77.209
9.2,91,8.7,142,2023-12-12 01:00:00,Delhi,28.6139,77.209
9.4,92,7.9,137,2023-12-12 02:00:00,Delhi,28.6139,77.209
12.6,81,6.7,126,2023-12-12 03:00:00,Delhi,28.6139,77.209
15.8,71,4.7,94,2023-12-12 04:00:00,Delhi,28.6139,77.209
18.5,62,6.2,97,2023-12-12 05:00:00,Delhi,28.6139,77.209
20.5,56,6.3,114,2023-12-12 06:00:00,Delhi,28.6139,77.209
21.6,52,5.6,130,2023-12-12 07:00:00,Delhi,28.6139,77.209
22.3,49,3.5,156,2023-12-12 08:00:00,Delhi,28.6139,77.209
22.8,44,2.4,207,2023-12-12 09:00:00,Delhi,28.6139,77.209
22.8,42,3.3,264,2023-12-12 10:00:00,Delhi,28.6139,77.209
21.4,68,4.0,280,2023-12-12 11:00:00,Delhi,28.6139,77.209
20.6,51,4.0,333,2023-12-12 12:00:00,Delhi,28.6139,77.209
19.4,52,2.3,129,2023-12-12 13:00:00,Delhi,28.6139,77.209
18.5,55,2.4,27,2023-12-12 14:00:00,Delhi,28.6139,77.209
17.7,59,6.0,57,2023-12-12 15:00:00,Delhi,28.6139,77.209
13.5,79,9.5,61,2023-12-12 16:00:00,Delhi,28.6139,77.209
12.6,84,10.0,69,2023-12-12 17:00:00,Delhi,28.6139,77.209
13.9,76,7.8,77,2023-12-12 18:00:00,Delhi,28.6139,77.209
13.3,77,7.6,45,2023-12-12 19:00:00,Delhi,28.6139,77.209
12.9,77,7.1,49,2023-12-12 20:00:00,Delhi,28.6139,77.209
12.1,81,7.2,63,2023-12-12 21:00:00,Delhi,28.6139,77.209
11.4,83,7.2,63,2023-12-12 22:00:00,Delhi,28.6139,77.209
11.4,82,7.4,47,2023-12-12 23:00:00,Delhi,28.6139,77.209
12.5,77,5.6,45,2023-12-13 00:00:00,Delhi,28.6139,77.209
12.3,84,3.0,284,2023-12-13 01:00:00,Delhi,28.6139,77.209
10.4,90,4.7,270,2023-12-13 02:00:00,Delhi,28.6139,77.209
13.1,83,6.3,283,2023-12-13 03:00:00,Delhi,28.6139,77.209
16.3,73,3.6,307,2023-12-13 04:00:00,Delhi,28.6139,77.209
18.9,64,2.7,337,2023-12-13 05:00:00,Delhi,28.6139,77.209
20.8,55,3.7,349,2023-12-13 06:00:00,Delhi,28.6139,77.209
21.9,49,4.7,328,2023-12-13 07:00:00,Delhi,28.6139,77.209
22.6,44,7.1,311,2023-12-13 08:00:00,Delhi,28.6139,77.209
22.8,41,9.8,306,2023-12-13 09:00:00,Delhi,28.6139,77.209
22.5,41,10.3,306,2023-12-13 10:00:00,Delhi,28.6139,77.209
21.3,46,6.9,317,2023-12-13 11:00:00,Delhi,28.6139,77.209
17.4,61,8.7,330,2023-12-13 12:00:00,Delhi,28.6139,77.209
17.2,55,8.3,342,2023-12-13 13:00:00,Delhi,28.6139,77.209
16.1,58,7.9,336,2023-12-13 14:00:00,Delhi,28.6139,77.209
14.9,64,7.7,332,2023-12-13 15:00:00,Delhi,28.6139,77.209
13.9,67,9.0,337,2023-12-13 16:00:00,Delhi,28.6139,77.209
13.1,71,9.2,334,2023-12-13 17:00:00,Delhi,28.6139,77.209
12.4,75,8.9,333,2023-12-13 18:00:00,Delhi,28.6139,77.209
11.6,80,8.9,339,2023-12-13 19:00:00,Delhi,28.6139,77.209
10.6,85,10.0,322,2023-12-13 20:00:00,Delhi,28.6139,77.209
10.4,86,8.1,302,2023-12-13 21:00:00,Delhi,28.6139,77.209
10.1,87,6.8,295,2023-12-13 22:00:00,Delhi,28.6139,77.209
9.9,88,7.2,288,2023-12-13 23:00:00,Delhi,28.6139,77.209
9.7,89,7.9,273,2023-12-14 00:00:00,Delhi,28.6139,77.209
9.9,90,10.2,280,2023-12-14 01:00:00,Delhi,28.6139,77.209
9.9,90,10.5,276,2023-12-14 02:00:00,Delhi,28.6139,77.209
12.1,82,13.3,273,2023-12-14 03:00:00,Delhi,28.6139,77.209
14.9,72,11.2,274,2023-12-14 04:00:00,Delhi,28.6139,77.209
17.5,62,12.3,277,2023-12-14 05:00:00,Delhi,28.6139,77.209
19.6,53,14.6,279,2023-12-14 06:00:00,Delhi,28.6139,77.209
21.1,45,15.6,278,2023-12-14 07:00:00,Delhi,28.6139,77.209
21.9,41,16.1,280,2023-12-14 08:00:00,Delhi,28.6139,77.209
22.1,40,16.0,284,2023-12-14 09:00:00,Delhi,28.6139,77.209
21.8,41,15.6,285,2023-12-14 10:00:00,Delhi,28.6139,77.209
20.5,48,11.2,285,2023-12-14 11:00:00,Delhi,28.6139,77.209
17.4,60,8.4,280,2023-12-14 12:00:00,Delhi,28.6139,77.209
16.0,67,7.3,290,2023-12-14 13:00:00,Delhi,28.6139,77.209
14.5,74,7.4,284,2023-12-14 14:00:00,Delhi,28.6139,77.209
13.6,77,6.8,273,2023-12-14 15:00:00,Delhi,28.6139,77.209
12.9,80,7.2,276,2023-12-14 16:00:00,Delhi,28.6139,77.209
12.4,81,6.8,267,2023-12-14 17:00:00,Delhi,28.6139,77.209
11.9,83,7.2,273,2023-12-14 18:00:00,Delhi,28.6139,77.209
10.8,88,8.2,311,2023-12-14 19:00:00,Delhi,28.6139,77.209
9.6,91,9.8,343,2023-12-14 20:00:00,Delhi,28.6139,77.209
9.3,91,9.4,310,2023-12-14 21:00:00,Delhi,28.6139,77.209
9.1,92,7.3,281,2023-12-14 22:00:00,Delhi,28.6139,77.209
8.9,92,7.2,288,2023-12-14 23:00:00,Delhi,28.6139,77.209
8.6,93,6.6,283,2023-12-15 00:00:00,Delhi,28.6139,77.209
7.4,93,6.5,273,2023-12-15 01:00:00,Delhi,28.6139,77.209
7.7,94,4.7,266,2023-12-15 02:00:00,Delhi,28.6139,77.209
10.5,85,7.0,258,2023-12-15 03:00:00,Delhi,28.6139,77.209
14.2,71,4.3,270,2023-12-15 04:00:00,Delhi,28.6139,77.209
17.2,60,3.3,283,2023-12-15 05:00:00,Delhi,28.6139,77.209
19.5,49,3.1,291,2023-12-15 06:00:00,Delhi,28.6139,77.209
21.0,42,4.8,297,2023-12-15 07:00:00,Delhi,28.6139,77.209
21.8,39,6.6,299,2023-12-15 08:00:00,Delhi,28.6139,77.209
22.0,39,7.4,309,2023-12-15 09:00:00,Delhi,28.6139,77.209
21.8,40,8.1,315,2023-12-15 10:00:00,Delhi,28.6139,77.209
20.2,49,4.6,321,2023-12-15 11:00:00,Delhi,28.6139,77.209
17.2,59,7.6,315,2023-12-15 12:00:00,Delhi,28.6139,77.209
17.6,58,5.3,298,2023-12-15 13:00:00,Delhi,28.6139,77.209
14.9,70,7.6,289,2023-12-15 14:00:00,Delhi,28.6139,77.209
13.4,76,10.2,312,2023-12-15 15:00:00,Delhi,28.6139,77.209
12.4,80,9.4,320,2023-12-15 16:00:00,Delhi,28.6139,77.209
12.8,75,7.9,321,2023-12-15 17:00:00,Delhi,28.6139,77.209
12.1,75,8.3,342,2023-12-15 18:00:00,Delhi,28.6139,77.209
10.9,79,9.6,347,2023-12-15 19:00:00,Delhi,28.6139,77.209
10.4,80,9.7,356,2023-12-15 20:00:00,Delhi,28.6139,77.209
9.9,82,9.4,358,2023-12-15 21:00:00,Delhi,28.6139,77.209
9.9,82,8.1,347,2023-12-15 22:00:00,Delhi,28.6139,77.209
9.2,85,6.6,299,2023-12-15 23:00:00,Delhi,28.6139,77.209
8.1,89,5.8,277,2023-12-16 00:00:00,Delhi,28.6139,77.209
7.7,92,6.2,277,2023-12-16 01:00:00,Delhi,28.6139,77.209
7.8,93,4.7,270,2023-12-16 02:00:00,Delhi,28.6139,77.209
10.9,83,5.8,274,2023-12-16 03:00:00,Delhi,28.6139,77.209
14.8,71,3.4,288,2023-12-16 04:00:00,Delhi,28.6139,77.209
18.1,58,3.4,288,2023-12-16 05:00:00,Delhi,28.6139,77.209
20.4,46,6.3,283,2023-12-16 06:00:00,Delhi,28.6139,77.209
21.5,42,9.3,283,2023-12-16 07:00:00,Delhi,28.6139,77.209
22.1,41,11.4,288,2023-12-16 08:00:00,Delhi,28.6139,77.209
22.3,39,11.8,297,2023-12-16 09:00:00,Delhi,28.6139,77.209
22.0,38,12.1,307,2023-12-16 10:00:00,Delhi,28.6139,77.209
20.6,43,6.8,302,2023-12-16 11:00:00,Delhi,28.6139,77.209
16.3,60,10.0,283,2023-12-16 12:00:00,Delhi,28.6139,77.209
17.4,53,5.9,313,2023-12-16 13:00:00,Delhi,28.6139,77.209
15.1,63,7.7,332,2023-12-16 14:00:00,Delhi,28.6139,77.209
15.1,63,8.2,345,2023-12-16 15:00:00,Delhi,28.6139,77.209
14.1,66,8.3,5,2023-12-16 16:00:00,Delhi,28.6139,77.209
12.0,75,9.6,20,2023-12-16 17:00:00,Delhi,28.6139,77.209
10.9,78,10.4,20,2023-12-16 18:00:00,Delhi,28.6139,77.209
10.3,80,10.6,18,2023-12-16 19:00:00,Delhi,28.6139,77.209
10.3,79,9.8,17,2023-12-16 20:00:00,Delhi,28.6139,77.209
12.1,70,7.8,22,2023-12-16 21:00:00,Delhi,28.6139,77.209
12.2,70,6.6,9,2023-12-16 22:00:00,Delhi,28.6139,77.209
11.9,71,4.4,325,2023-12-16 23:00:00,Delhi,28.6139,77.209
11.8,72,2.5,262,2023-12-17 00:00:00,Delhi,28.6139,77.209
9.4,86,5.4,217,2023-12-17 01:00:00,Delhi,28.6139,77.209
9.4,87,5.4,233,2023-12-17 02:00:00,Delhi,28.6139,77.209
12.1,77,9.2,244,2023-12-17 03:00:00,Delhi,28.6139,77.209
16.1,64,7.3,261,2023-12-17 04:00:00,Delhi,28.6139,77.209
19.0,55,7.6,273,2023-12-17 05:00:00,Delhi,28.6139,77.209
20.9,46,9.3,286,2023-12-17 06:00:00,Delhi,28.6139,77.209
22.0,42,11.2,303,2023-12-17 07:00:00,Delhi,28.6139,77.209
22.5,40,12.2,317,2023-12-17 08:00:00,Delhi,28.6139,77.209
22.5,39,12.6,323,2023-12-17 09:00:00,Delhi,28.6139,77.209
22.2,39,12.6,323,2023-12-17 10:00:00,Delhi,28.6139,77.209
21.0,44,8.5,332,2023-12-17 11:00:00,Delhi,28.6139,77.209
17.2,60,7.3,351,2023-12-17 12:00:00,Delhi,28.6139,77.209
16.8,59,9.0,16,2023-12-17 13:00:00,Delhi,28.6139,77.209
15.7,63,8.7,17,2023-12-17 14:00:00,Delhi,28.6139,77.209
14.4,67,7.8,13,2023-12-17 15:00:00,Delhi,28.6139,77.209
13.9,69,8.6,2,2023-12-17 16:00:00,Delhi,28.6139,77.209
12.9,73,7.7,349,2023-12-17 17:00:00,Delhi,28.6139,77.209
11.6,80,8.1,328,2023-12-17 18:00:00,Delhi,28.6139,77.209
11.1,84,6.4,286,2023-12-17 19:00:00,Delhi,28.6139,77.209
11.0,84,6.9,279,2023-12-17 20:00:00,Delhi,28.6139,77.209
10.5,86,8.0,278,2023-12-17 21:00:00,Delhi,28.6139,77.209
9.9,89,9.0,265,2023-12-17 22:00:00,Delhi,28.6139,77.209
9.5,90,10.1,264,2023-12-17 23:00:00,Delhi,28.6139,77.209
9.2,91,10.5,264,2023-12-18 00:00:00,Delhi,28.6139,77.209
9.1,93,10.1,274,2023-12-18 01:00:00,Delhi,28.6139,77.209
9.1,93,11.2,276,2023-12-18 02:00:00,Delhi,28.6139,77.209
11.1,84,13.6,282,2023-12-18 03:00:00,Delhi,28.6139,77.209
13.7,74,12.2,284,2023-12-18 04:00:00,Delhi,28.6139,77.209
16.4,64,13.3,289,2023-12-18 05:00:00,Delhi,28.6139,77.209
18.6,55,15.5,295,2023-12-18 06:00:00,Delhi,28.6139,77.209
20.3,47,18.1,301,2023-12-18 07:00:00,Delhi,28.6139,77.209
21.2,40,19.9,305,2023-12-18 08:00:00,Delhi,28.6139,77.209
21.5,36,20.1,306,2023-12-18 09:00:00,Delhi,28.6139,77.209
21.2,34,19.9,305,2023-12-18 10:00:00,Delhi,28.6139,77.209
20.1,38,15.7,302,2023-12-18 11:00:00,Delhi,28.6139,77.209
17.5,48,11.8,293,2023-12-18 12:00:00,Delhi,28.6139,77.209
15.9,56,10.9,287,2023-12-18 13:00:00,Delhi,28.6139,77.209
14.9,60,12.3,285,2023-12-18 14:00:00,Delhi,28.6139,77.209
14.1,61,12.9,288,2023-12-18 15:00:00,Delhi,28.6139,77.209
13.4,63,12.5,288,2023-12-18 16:00:00,Delhi,28.6139,77.209
12.6,65,12.3,285,2023-12-18 17:00:00,Delhi,28.6139,77.209
11.9,68,12.6,283,2023-12-18 18:00:00,Delhi,28.6139,77.209
11.6,69,13.6,282,2023-12-18 19:00:00,Delhi,28.6139,77.209
11.1,71,13.3,283,2023-12-18 20:00:00,Delhi,28.6139,77.209
10.8,72,13.1,286,2023-12-18 21:00:00,Delhi,28.6139,77.209
10.4,73,13.0,289,2023-12-18 22:00:00,Delhi,28.6139,77.209
9.9,75,12.7,285,2023-12-18 23:00:00,Delhi,28.6139,77.209
9.4,77,12.8,281,2023-12-19 00:00:00,Delhi,28.6139,77.209
8.6,87,12.7,278,2023-12-19 01:00:00,Delhi,28.6139,77.209
8.6,87,13.1,278,2023-12-19 02:00:00,Delhi,28.6139,77.209
10.4,79,14.5,276,2023-12-19 03:00:00,Delhi,28.6139,77.209
13.2,69,12.7,278,2023-12-19 04:00:00,Delhi,28.6139,77.209
15.9,60,13.5,279,2023-12-19 05:00:00,Delhi,28.6139,77.209
18.2,54,15.5,283,2023-12-19 06:00:00,Delhi,28.6139,77.209
20.0,48,16.5,293,2023-12-19 07:00:00,Delhi,28.6139,77.209
21.0,43,17.1,298,2023-12-19 08:00:00,Delhi,28.6139,77.209
21.5,40,16.7,295,2023-12-19 09:00:00,Delhi,28.6139,77.209
21.1,41,16.8,293,2023-12-19 10:00:00,Delhi,28.6139,77.209
20.0,46,13.7,288,2023-12-19 11:00:00,Delhi,28.6139,77.209
17.1,57,11.4,283,2023-12-19 12:00:00,Delhi,28.6139,77.209
15.8,61,9.8,276,2023-12-19 13:00:00,Delhi,28.6139,77.209
14.7,64,10.5,264,2023-12-19 14:00:00,Delhi,28.6139,77.209
14.0,66,11.5,266,2023-12-19 15:00:00,Delhi,28.6139,77.209
13.4,67,11.6,277,2023-12-19 16:00:00,Delhi,28.6139,77.209
12.7,69,11.3,277,2023-12-19 17:00:00,Delhi,28.6139,77.209
12.0,71,10.7,284,2023-12-19 18:00:00,Delhi,28.6139,77.209
11.4,74,10.4,284,2023-12-19 19:00:00,Delhi,28.6139,77.209
10.8,76,10.1,276,2023-12-19 20:00:00,Delhi,28.6139,77.209
10.2,78,9.8,278,2023-12-19 21:00:00,Delhi,28.6139,77.209
10.0,79,10.5,274,2023-12-19 22:00:00,Delhi,28.6139,77.209
9.7,80,10.4,272,2023-12-19 23:00:00,Delhi,28.6139,77.209
9.1,84,9.1,277,2023-12-20 00:00:00,Delhi,28.6139,77.209
7.9,90,7.9,267,2023-12-20 01:00:00,Delhi,28.6139,77.209
7.9,89,9.0,275,2023-12-20 02:00:00,Delhi,28.6139,77.209
9.9,80,10.3,282,2023-12-20 03:00:00,Delhi,28.6139,77.209
12.8,70,7.6,295,2023-12-20 04:00:00,Delhi,28.6139,77.209
15.4,61,7.9,300,2023-12-20 05:00:00,Delhi,28.6139,77.209
17.7,54,9.4,313,2023-12-20 06:00:00,Delhi,28.6139,77.209
19.2,49,10.1,305,2023-12-20 07:00:00,Delhi,28.6139,77.209
20.1,46,11.2,315,2023-12-20 08:00:00,Delhi,28.6139,77.209
20.4,45,10.8,291,2023-12-20 09:00:00,Delhi,28.6139,77.209
20.2,46,11.8,293,2023-12-20 10:00:00,Delhi,28.6139,77.209
19.2,50,8.7,287,2023-12-20 11:00:00,Delhi,28.6139,77.209
16.1,63,6.9,276,2023-12-20 12:00:00,Delhi,28.6139,77.209
15.4,67,6.9,298,2023-12-20 13:00:00,Delhi,28.6139,77.209
14.2,74,7.1,294,2023-12-20 14:00:00,Delhi,28.6139,77.209
13.2,78,6.6,283,2023-12-20 15:00:00,Delhi,28.6139,77.209
12.9,80,5.8,274,2023-12-20 16:00:00,Delhi,28.6139,77.209
11.9,85,6.8,288,2023-12-20 17:00:00,Delhi,28.6139,77.209
11.6,85,6.6,292,2023-12-20 18:00:00,Delhi,28.6139,77.209
11.1,86,6.6,279,2023-12-20 19:00:00,Delhi,28.6139,77.209
10.7,87,7.2,297,2023-12-20 20:00:00,Delhi,28.6139,77.209
9.6,91,7.6,295,2023-12-20 21:00:00,Delhi,28.6139,77.209
9.2,91,6.5,304,2023-12-20 22:00:00,Delhi,28.6139,77.209
9.1,92,6.6,311,2023-12-20 23:00:00,Delhi,28.6139,77.209
8.9,92,7.4,309,2023-12-21 00:00:00,Delhi,28.6139,77.209
8.1,95,6.8,295,2023-12-21 01:00:00,Delhi,28.6139,77.209
8.5,94,6.4,286,2023-12-21 02:00:00,Delhi,28.6139,77.209
10.6,86,9.2,291,2023-12-21 03:00:00,Delhi,28.6139,77.209
13.1,76,6.3,283,2023-12-21 04:00:00,Delhi,28.6139,77.209
15.9,67,7.2,297,2023-12-21 05:00:00,Delhi,28.6139,77.209
18.5,57,9.7,309,2023-12-21 06:00:00,Delhi,28.6139,77.209
20.2,50,11.2,315,2023-12-21 07:00:00,Delhi,28.6139,77.209
21.1,47,12.5,314,2023-12-21 08:00:00,Delhi,28.6139,77.209
21.5,45,13.3,311,2023-12-21 09:00:00,Delhi,28.6139,77.209
21.3,44,13.3,308,2023-12-21 10:00:00,Delhi,28.6139,77.209
20.1,49,10.7,310,2023-12-21 11:00:00,Delhi,28.6139,77.209
17.0,60,8.4,295,2023-12-21 12:00:00,Delhi,28.6139,77.209
16.2,65,9.1,304,2023-12-21 13:00:00,Delhi,28.6139,77.209
15.1,70,8.2,308,2023-12-21 14:00:00,Delhi,28.6139,77.209
13.9,76,7.2,307,2023-12-21 15:00:00,Delhi,28.6139,77.209
12.4,83,7.8,304,2023-12-21 16:00:00,Delhi,28.6139,77.209
11.4,88,7.8,292,2023-12-21 17:00:00,Delhi,28.6139,77.209
10.8,89,7.0,282,2023-12-21 18:00:00,Delhi,28.6139,77.209
10.1,91,6.5,276,2023-12-21 19:00:00,Delhi,28.6139,77.209
9.6,92,6.9,279,2023-12-21 20:00:00,Delhi,28.6139,77.209
8.9,93,7.8,283,2023-12-21 21:00:00,Delhi,28.6139,77.209
8.6,94,7.4,293,2023-12-21 22:00:00,Delhi,28.6139,77.209
8.0,95,7.8,292,2023-12-21 23:00:00,Delhi,28.6139,77.209
8.1,95,5.7,288,2023-12-22 00:00:00,Delhi,28.6139,77.209
7.4,96,5.8,300,2023-12-22 01:00:00,Delhi,28.6139,77.209
7.1,97,5.5,281,2023-12-22 02:00:00,Delhi,28.6139,77.209
9.8,90,5.8,274,2023-12-22 03:00:00,Delhi,28.6139,77.209
13.0,79,3.4,288,2023-12-22 04:00:00,Delhi,28.6139,77.209
15.9,69,3.1,306,2023-12-22 05:00:00,Delhi,28.6139,77.209
18.3,59,2.7,337,2023-12-22 06:00:00,Delhi,28.6139,77.209
19.9,50,1.8,360,2023-12-22 07:00:00,Delhi,28.6139,77.209
20.9,45,3.0,14,2023-12-22 08:00:00,Delhi,28.6139,77.209
21.4,44,3.2,27,2023-12-22 09:00:00,Delhi,28.6139,77.209
21.5,44,1.8,360,2023-12-22 10:00:00,Delhi,28.6139,77.209
20.4,52,3.4,302,2023-12-22 11:00:00,Delhi,28.6139,77.209
16.6,66,7.6,301,2023-12-22 12:00:00,Delhi,28.6139,77.209
16.5,69,6.7,306,2023-12-22 13:00:00,Delhi,28.6139,77.209
15.1,75,7.7,323,2023-12-22 14:00:00,Delhi,28.6139,77.209
13.8,83,9.7,358,2023-12-22 15:00:00,Delhi,28.6139,77.209
14.2,80,7.8,347,2023-12-22 16:00:00,Delhi,28.6139,77.209
15.1,76,6.2,339,2023-12-22 17:00:00,Delhi,28.6139,77.209
12.2,87,6.9,309,2023-12-22 18:00:00,Delhi,28.6139,77.209
11.4,90,7.3,327,2023-12-22 19:00:00,Delhi,28.6139,77.209
11.1,91,5.7,305,2023-12-22 20:00:00,Delhi,28.6139,77.209
11.1,92,4.3,265,2023-12-22 21:00:00,Delhi,28.6139,77.209
11.2,91,8.7,42,2023-12-22 22:00:00,Delhi,28.6139,77.209
12.6,85,9.4,90,2023-12-22 23:00:00,Delhi,28.6139,77.209
11.9,91,5.4,180,2023-12-23 00:00:00,Delhi,28.6139,77.209
12.2,88,8.4,149,2023-12-23 01:00:00,Delhi,28.6139,77.209
11.5,88,7.9,150,2023-12-23 02:00:00,Delhi,28.6139,77.209
13.2,84,8.5,168,2023-12-23 03:00:00,Delhi,28.6139,77.209
15.9,75,5.2,155,2023-12-23 04:00:00,Delhi,28.6139,77.209
18.3,67,4.9,126,2023-12-23 05:00:00,Delhi,28.6139,77.209
19.9,59,4.3,114,2023-12-23 06:00:00,Delhi,28.6139,77.209
21.0,53,4.9,126,2023-12-23 07:00:00,Delhi,28.6139,77.209
21.7,48,4.8,103,2023-12-23 08:00:00,Delhi,28.6139,77.209
22.0,46,6.9,96,2023-12-23 09:00:00,Delhi,28.6139,77.209
21.9,45,7.3,99,2023-12-23 10:00:00,Delhi,28.6139,77.209
21.0,50,5.8,112,2023-12-23 11:00:00,Delhi,28.6139,77.209
16.8,68,9.0,127,2023-12-23 12:00:00,Delhi,28.6139,77.209
17.3,68,6.8,162,2023-12-23 13:00:00,Delhi,28.6139,77.209
19.1,60,2.8,130,2023-12-23 14:00:00,Delhi,28.6139,77.209
18.2,64,4.2,31,2023-12-23 15:00:00,Delhi,28.6139,77.209
16.0,74,6.4,63,2023-12-23 16:00:00,Delhi,28.6139,77.209
15.5,77,6.6,103,2023-12-23 17:00:00,Delhi,28.6139,77.209
15.3,77,4.9,163,2023-12-23 18:00:00,Delhi,28.6139,77.209
15.1,78,2.4,63,2023-12-23 19:00:00,Delhi,28.6139,77.209
11.0,94,7.5,17,2023-12-23 20:00:00,Delhi,28.6139,77.209
10.6,95,8.8,19,2023-12-23 21:00:00,Delhi,28.6139,77.209
12.6,89,5.8,7,2023-12-23 22:00:00,Delhi,28.6139,77.209
12.7,88,5.6,15,2023-12-23 23:00:00,Delhi,28.6139,77.209
12.4,88,4.1,315,2023-12-24 00:00:00,Delhi,28.6139,77.209
11.1,92,3.0,256,2023-12-24 01:00:00,Delhi,28.6139,77.209
9.6,95,4.0,270,2023-12-24 02:00:00,Delhi,28.6139,77.209
11.9,92,5.8,266,2023-12-24 03:00:00,Delhi,28.6139,77.209
15.1,81,2.2,270,2023-12-24 04:00:00,Delhi,28.6139,77.209
18.5,68,2.4,297,2023-12-24 05:00:00,Delhi,28.6139,77.209
20.6,58,1.5,315,2023-12-24 06:00:00,Delhi,28.6139,77.209
21.9,52,3.3,347,2023-12-24 07:00:00,Delhi,28.6139,77.209
22.6,48,5.1,352,2023-12-24 08:00:00,Delhi,28.6139,77.209
22.9,46,6.7,344,2023-12-24 09:00:00,Delhi,28.6139,77.209
22.7,46,8.7,343,2023-12-24 10:00:00,Delhi,28.6139,77.209
21.6,51,7.4,337,2023-12-24 11:00:00,Delhi,28.6139,77.209
17.5,69,9.2,321,2023-12-24 12:00:00,Delhi,28.6139,77.209
17.2,74,8.8,341,2023-12-24 13:00:00,Delhi,28.6139,77.209
16.5,78,6.8,328,2023-12-24 14:00:00,Delhi,28.6139,77.209
15.6,82,7.5,325,2023-12-24 15:00:00,Delhi,28.6139,77.209
14.6,86,7.4,321,2023-12-24 16:00:00,Delhi,28.6139,77.209
13.3,90,7.9,309,2023-12-24 17:00:00,Delhi,28.6139,77.209
12.2,92,8.0,278,2023-12-24 18:00:00,Delhi,28.6139,77.209
12.1,91,5.8,263,2023-12-24 19:00:00,Delhi,28.6139,77.209
11.9,92,6.8,270,2023-12-24 20:00:00,Delhi,28.6139,77.209
11.4,93,7.6,275,2023-12-24 21:00:00,Delhi,28.6139,77.209
11.2,94,7.6,289,2023-12-24 22:00:00,Delhi,28.6139,77.209
11.0,94,7.6,289,2023-12-24 23:00:00,Delhi,28.6139,77.209
10.9,94,8.4,290,2023-12-25 00:00:00,Delhi,28.6139,77.209
10.7,95,8.9,284,2023-12-25 01:00:00,Delhi,28.6139,77.209
10.7,95,10.1,272,2023-12-25 02:00:00,Delhi,28.6139,77.209
12.4,90,12.2,270,2023-12-25 03:00:00,Delhi,28.6139,77.209
15.0,81,9.4,268,2023-12-25 04:00:00,Delhi,28.6139,77.209
17.6,71,9.1,277,2023-12-25 05:00:00,Delhi,28.6139,77.209
19.9,61,9.5,295,2023-12-25 06:00:00,Delhi,28.6139,77.209
21.5,54,10.0,308,2023-12-25 07:00:00,Delhi,28.6139,77.209
22.4,50,9.7,315,2023-12-25 08:00:00,Delhi,28.6139,77.209
22.9,48,9.2,315,2023-12-25 09:00:00,Delhi,28.6139,77.209
22.8,47,8.7,312,2023-12-25 10:00:00,Delhi,28.6139,77.209
21.9,51,6.5,304,2023-12-25 11:00:00,Delhi,28.6139,77.209
17.6,70,9.1,277,2023-12-25 12:00:00,Delhi,28.6139,77.209
16.9,75,7.4,256,2023-12-25 13:00:00,Delhi,28.6139,77.209
15.8,79,8.0,252,2023-12-25 14:00:00,Delhi,28.6139,77.209
14.9,84,8.3,252,2023-12-25 15:00:00,Delhi,28.6139,77.209
14.0,87,8.2,255,2023-12-25 16:00:00,Delhi,28.6139,77.209
13.2,89,7.2,264,2023-12-25 17:00:00,Delhi,28.6139,77.209
12.4,90,6.9,276,2023-12-25 18:00:00,Delhi,28.6139,77.209
11.8,92,6.5,289,2023-12-25 19:00:00,Delhi,28.6139,77.209
11.3,93,6.3,294,2023-12-25 20:00:00,Delhi,28.6139,77.209
10.8,94,6.6,299,2023-12-25 21:00:00,Delhi,28.6139,77.209
10.1,94,7.7,311,2023-12-25 22:00:00,Delhi,28.6139,77.209
9.5,95,8.0,306,2023-12-25 23:00:00,Delhi,28.6139,77.209
9.6,95,5.8,277,2023-12-26 00:00:00,Delhi,28.6139,77.209
9.9,94,6.1,270,2023-12-26 01:00:00,Delhi,28.6139,77.209
9.7,95,5.8,263,2023-12-26 02:00:00,Delhi,28.6139,77.209
11.8,89,7.2,264,2023-12-26 03:00:00,Delhi,28.6139,77.209
14.9,78,4.7,270,2023-12-26 04:00:00,Delhi,28.6139,77.209
17.6,67,4.6,288,2023-12-26 05:00:00,Delhi,28.6139,77.209
19.9,58,5.3,298,2023-12-26 06:00:00,Delhi,28.6139,77.209
21.4,52,5.6,310,2023-12-26 07:00:00,Delhi,28.6139,77.209
22.3,47,5.4,312,2023-12-26 08:00:00,Delhi,28.6139,77.209
22.7,44,5.9,322,2023-12-26 09:00:00,Delhi,28.6139,77.209
22.5,45,6.5,326,2023-12-26 10:00:00,Delhi,28.6139,77.209
21.5,52,4.2,329,2023-12-26 11:00:00,Delhi,28.6139,77.209
18.4,64,7.1,330,2023-12-26 12:00:00,Delhi,28.6139,77.209
16.6,73,8.2,319,2023-12-26 13:00:00,Delhi,28.6139,77.209
17.0,71,6.7,324,2023-12-26 14:00:00,Delhi,28.6139,77.209
16.4,73,6.3,329,2023-12-26 15:00:00,Delhi,28.6139,77.209
15.4,77,6.7,344,2023-12-26 16:00:00,Delhi,28.6139,77.209
14.2,80,7.6,360,2023-12-26 17:00:00,Delhi,28.6139,77.209
13.2,83,8.0,10,2023-12-26 18:00:00,Delhi,28.6139,77.209
11.1,90,10.1,360,2023-12-26 19:00:00,Delhi,28.6139,77.209
10.9,90,9.5,351,2023-12-26 20:00:00,Delhi,28.6139,77.209
12.4,84,7.1,345,2023-12-26 21:00:00,Delhi,28.6139,77.209
10.4,90,7.7,323,2023-12-26 22:00:00,Delhi,28.6139,77.209
9.6,93,7.7,311,2023-12-26 23:00:00,Delhi,28.6139,77.209
9.1,93,6.7,286,2023-12-27 00:00:00,Delhi,28.6139,77.209
8.4,95,6.1,273,2023-12-27 01:00:00,Delhi,28.6139,77.209
8.7,96,5.0,270,2023-12-27 02:00:00,Delhi,28.6139,77.209
10.9,92,8.0,275,2023-12-27 03:00:00,Delhi,28.6139,77.209
14.2,80,5.7,288,2023-12-27 04:00:00,Delhi,28.6139,77.209
17.0,69,5.2,304,2023-12-27 05:00:00,Delhi,28.6139,77.209
19.0,61,5.6,310,2023-12-27 06:00:00,Delhi,28.6139,77.209
20.4,56,6.4,317,2023-12-27 07:00:00,Delhi,28.6139,77.209
21.2,53,6.9,321,2023-12-27 08:00:00,Delhi,28.6139,77.209
21.6,51,7.8,326,2023-12-27 09:00:00,Delhi,28.6139,77.209
21.5,52,8.5,332,2023-12-27 10:00:00,Delhi,28.6139,77.209
20.8,55,6.8,335,2023-12-27 11:00:00,Delhi,28.6139,77.209
16.5,74,9.8,332,2023-12-27 12:00:00,Delhi,28.6139,77.209
14.6,86,9.0,299,2023-12-27 13:00:00,Delhi,28.6139,77.209
13.9,88,8.9,297,2023-12-27 14:00:00,Delhi,28.6139,77.209
13.6,89,6.6,292,2023-12-27 15:00:00,Delhi,28.6139,77.209
12.9,91,6.6,292,2023-12-27 16:00:00,Delhi,28.6139,77.209
12.4,92,7.1,311,2023-12-27 17:00:00,Delhi,28.6139,77.209
12.2,92,7.4,317,2023-12-27 18:00:00,Delhi,28.6139,77.209
11.9,93,7.1,315,2023-12-27 19:00:00,Delhi,28.6139,77.209
11.6,94,7.2,307,2023-12-27 20:00:00,Delhi,28.6139,77.209
11.2,95,7.3,303,2023-12-27 21:00:00,Delhi,28.6139,77.209
10.8,96,7.1,294,2023-12-27 22:00:00,Delhi,28.6139,77.209
10.2,97,6.7,286,2023-12-27 23:00:00,Delhi,28.6139,77.209
9.8,98,6.5,276,2023-12-28 00:00:00,Delhi,28.6139,77.209
9.9,99,7.2,273,2023-12-28 01:00:00,Delhi,28.6139,77.209
9.7,99,6.9,276,2023-12-28 02:00:00,Delhi,28.6139,77.209
10.6,98,7.3,290,2023-12-28 03:00:00,Delhi,28.6139,77.209
11.8,96,6.9,298,2023-12-28 04:00:00,Delhi,28.6139,77.209
14.4,85,6.0,287,2023-12-28 05:00:00,Delhi,28.6139,77.209
17.1,74,5.7,288,2023-12-28 06:00:00,Delhi,28.6139,77.209
19.0,64,5.5,302,2023-12-28 07:00:00,Delhi,28.6139,77.209
20.3,57,5.7,305,2023-12-28 08:00:00,Delhi,28.6139,77.209
20.9,55,5.9,308,2023-12-28 09:00:00,Delhi,28.6139,77.209
20.8,55,6.7,306,2023-12-28 10:00:00,Delhi,28.6139,77.209
20.0,61,6.9,309,2023-12-28 11:00:00,Delhi,28.6139,77.209
16.1,81,8.9,302,2023-12-28 12:00:00,Delhi,28.6139,77.209
13.4,89,9.0,358,2023-12-28 13:00:00,Delhi,28.6139,77.209
12.4,92,10.3,12,2023-12-28 14:00:00,Delhi,28.6139,77.209
12.9,89,8.7,17,2023-12-28 15:00:00,Delhi,28.6139,77.209
14.2,85,6.5,19,2023-12-28 16:00:00,Delhi,28.6139,77.209
13.4,88,6.3,24,2023-12-28 17:00:00,Delhi,28.6139,77.209
12.5,92,5.5,23,2023-12-28 18:00:00,Delhi,28.6139,77.209
11.9,95,3.9,34,2023-12-28 19:00:00,Delhi,28.6139,77.209
11.4,99,2.5,315,2023-12-28 20:00:00,Delhi,28.6139,77.209
10.7,100,3.2,333,2023-12-28 21:00:00,Delhi,28.6139,77.209
8.9,100,4.6,342,2023-12-28 22:00:00,Delhi,28.6139,77.209
8.2,100,4.7,337,2023-12-28 23:00:00,Delhi,28.6139,77.209
8.2,99,2.3,342,2023-12-29 00:00:00,Delhi,28.6139,77.209
9.0,97,0.4,270,2023-12-29 01:00:00,Delhi,28.6139,77.209
9.2,99,0.4,270,2023-12-29 02:00:00,Delhi,28.6139,77.209
10.3,98,0.7,360,2023-12-29 03:00:00,Delhi,28.6139,77.209
11.5,95,1.6,27,2023-12-29 04:00:00,Delhi,28.6139,77.209
13.4,95,2.3,39,2023-12-29 05:00:00,Delhi,28.6139,77.209
16.1,82,1.5,45,2023-12-29 06:00:00,Delhi,28.6139,77.209
18.1,73,2.5,98,2023-12-29 07:00:00,Delhi,28.6139,77.209
19.4,66,1.9,112,2023-12-29 08:00:00,Delhi,28.6139,77.209
20.0,62,1.5,104,2023-12-29 09:00:00,Delhi,28.6139,77.209
20.2,61,2.1,59,2023-12-29 10:00:00,Delhi,28.6139,77.209
19.7,63,3.3,41,2023-12-29 11:00:00,Delhi,28.6139,77.209
17.2,75,5.2,12,2023-12-29 12:00:00,Delhi,28.6139,77.209
15.5,79,5.8,120,2023-12-29 13:00:00,Delhi,28.6139,77.209
15.4,79,0.8,243,2023-12-29 14:00:00,Delhi,28.6139,77.209
13.9,85,3.4,328,2023-12-29 15:00:00,Delhi,28.6139,77.209
11.6,94,4.3,318,2023-12-29 16:00:00,Delhi,28.6139,77.209
10.7,98,4.5,299,2023-12-29 17:00:00,Delhi,28.6139,77.209
9.3,100,6.4,297,2023-12-29 18:00:00,Delhi,28.6139,77.209
9.0,100,6.9,313,2023-12-29 19:00:00,Delhi,28.6139,77.209
9.0,100,7.0,325,2023-12-29 20:00:00,Delhi,28.6139,77.209
8.9,100,7.5,325,2023-12-29 21:00:00,Delhi,28.6139,77.209
9.1,100,6.0,303,2023-12-29 22:00:00,Delhi,28.6139,77.209
9.1,100,4.7,279,2023-12-29 23:00:00,Delhi,28.6139,77.209
9.5,100,3.8,287,2023-12-30 00:00:00,Delhi,28.6139,77.209
9.5,99,3.3,264,2023-12-30 01:00:00,Delhi,28.6139,77.209
9.7,99,3.0,256,2023-12-30 02:00:00,Delhi,28.6139,77.209
10.4,98,2.2,279,2023-12-30 03:00:00,Delhi,28.6139,77.209
11.4,97,1.5,256,2023-12-30 04:00:00,Delhi,28.6139,77.209
13.1,92,1.3,214,2023-12-30 05:00:00,Delhi,28.6139,77.209
16.0,80,1.1,162,2023-12-30 06:00:00,Delhi,28.6139,77.209
17.7,72,0.8,297,2023-12-30 07:00:00,Delhi,28.6139,77.209
18.5,69,2.6,326,2023-12-30 08:00:00,Delhi,28.6139,77.209
19.0,67,4.5,331,2023-12-30 09:00:00,Delhi,28.6139,77.209
18.7,68,6.0,343,2023-12-30 10:00:00,Delhi,28.6139,77.209
18.0,70,7.0,348,2023-12-30 11:00:00,Delhi,28.6139,77.209
15.9,82,5.4,340,2023-12-30 12:00:00,Delhi,28.6139,77.209
13.1,92,6.5,3,2023-12-30 13:00:00,Delhi,28.6139,77.209
12.2,95,7.2,6,2023-12-30 14:00:00,Delhi,28.6139,77.209
11.7,95,7.6,355,2023-12-30 15:00:00,Delhi,28.6139,77.209
11.1,96,7.8,338,2023-12-30 16:00:00,Delhi,28.6139,77.209
10.1,98,9.3,332,2023-12-30 17:00:00,Delhi,28.6139,77.209
10.1,98,7.1,330,2023-12-30 18:00:00,Delhi,28.6139,77.209
9.4,100,6.2,324,2023-12-30 19:00:00,Delhi,28.6139,77.209
8.9,100,6.4,317,2023-12-30 20:00:00,Delhi,28.6139,77.209
8.9,100,5.6,315,2023-12-30 21:00:00,Delhi,28.6139,77.209
9.9,99,3.1,306,2023-12-30 22:00:00,Delhi,28.6139,77.209
9.7,100,3.6,307,2023-12-30 23:00:00,Delhi,28.6139,77.209
9.5,100,3.1,291,2023-12-31 00:00:00,Delhi,28.6139,77.209
11.6,92,3.5,336,2023-12-31 01:00:00,Delhi,28.6139,77.209
12.0,91,2.5,352,2023-12-31 02:00:00,Delhi,28.6139,77.209
12.9,88,1.9,22,2023-12-31 03:00:00,Delhi,28.6139,77.209
14.0,77,3.1,69,2023-12-31 04:00:00,Delhi,28.6139,77.209
15.1,72,3.6,84,2023-12-31 05:00:00,Delhi,28.6139,77.209
16.2,68,3.0,76,2023-12-31 06:00:00,Delhi,28.6139,77.209
17.5,63,3.1,69,2023-12-31 07:00:00,Delhi,28.6139,77.209
18.2,60,2.7,67,2023-12-31 08:00:00,Delhi,28.6139,77.209
18.6,59,2.3,51,2023-12-31 09:00:00,Delhi,28.6139,77.209
18.6,58,2.6,34,2023-12-31 10:00:00,Delhi,28.6139,77.209
18.1,60,4.0,5,2023-12-31 11:00:00,Delhi,28.6139,77.209
14.8,80,8.0,352,2023-12-31 12:00:00,Delhi,28.6139,77.209
13.7,76,4.1,38,2023-12-31 13:00:00,Delhi,28.6139,77.209
11.1,88,6.8,32,2023-12-31 14:00:00,Delhi,28.6139,77.209
10.2,91,6.6,41,2023-12-31 15:00:00,Delhi,28.6139,77.209
9.3,94,7.0,35,2023-12-31 16:00:00,Delhi,28.6139,77.209
8.4,96,7.2,18,2023-12-31 17:00:00,Delhi,28.6139,77.209
7.6,98,7.2,360,2023-12-31 18:00:00,Delhi,28.6139,77.209
7.0,99,6.9,354,2023-12-31 19:00:00,Delhi,28.6139,77.209
6.8,100,6.9,354,2023-12-31 20:00:00,Delhi,28.6139,77.209
6.8,100,5.2,326,2023-12-31 21:00:00,Delhi,28.6139,77.209
5.9,100,4.6,288,2023-12-31 22:00:00,Delhi,28.6139,77.209
6.4,99,3.3,283,2023-12-31 23:00:00,Delhi,28.6139,77.209
6.4,100,3.8,287,2024-01-01 00:00:00,Delhi,28.6139,77.209
10.1,88,4.0,355,2024-01-01 01:00:00,Delhi,28.6139,77.209
10.4,87,4.0,360,2024-01-01 02:00:00,Delhi,28.6139,77.209
11.1,85,5.8,4,2024-01-01 03:00:00,Delhi,28.6139,77.209
11.8,80,5.8,360,2024-01-01 04:00:00,Delhi,28.6139,77.209
12.8,72,4.7,360,2024-01-01 05:00:00,Delhi,28.6139,77.209
13.6,70,3.3,347,2024-01-01 06:00:00,Delhi,28.6139,77.209
14.8,67,3.4,328,2024-01-01 07:00:00,Delhi,28.6139,77.209
15.6,62,4.8,318,2024-01-01 08:00:00,Delhi,28.6139,77.209
16.0,62,6.4,322,2024-01-01 09:00:00,Delhi,28.6139,77.209
16.1,62,7.7,319,2024-01-01 10:00:00,Delhi,28.6139,77.209
15.6,66,8.2,319,2024-01-01 11:00:00,Delhi,28.6139,77.209
13.1,80,5.6,310,2024-01-01 12:00:00,Delhi,28.6139,77.209
10.5,90,6.1,310,2024-01-01 13:00:00,Delhi,28.6139,77.209
9.6,93,5.9,308,2024-01-01 14:00:00,Delhi,28.6139,77.209
8.9,93,6.0,303,2024-01-01 15:00:00,Delhi,28.6139,77.209
7.9,95,5.7,305,2024-01-01 16:00:00,Delhi,28.6139,77.209
7.1,96,6.5,304,2024-01-01 17:00:00,Delhi,28.6139,77.209
6.4,97,7.0,305,2024-01-01 18:00:00,Delhi,28.6139,77.209
5.7,98,8.2,308,2024-01-01 19:00:00,Delhi,28.6139,77.209
5.4,99,7.9,309,2024-01-01 20:00:00,Delhi,28.6139,77.209
4.8,100,7.7,298,2024-01-01 21:00:00,Delhi,28.6139,77.209
4.6,100,6.4,286,2024-01-01 22:00:00,Delhi,28.6139,77.209
4.7,100,4.9,287,2024-01-01 23:00:00,Delhi,28.6139,77.209
4.7,100,4.3,294,2024-01-02 00:00:00,Delhi,28.6139,77.209
7.6,93,6.1,332,2024-01-02 01:00:00,Delhi,28.6139,77.209
7.8,93,5.3,332,2024-01-02 02:00:00,Delhi,28.6139,77.209
8.8,90,5.5,337,2024-01-02 03:00:00,Delhi,28.6139,77.209
9.9,82,4.0,350,2024-01-02 04:00:00,Delhi,28.6139,77.209
11.2,73,1.1,342,2024-01-02 05:00:00,Delhi,28.6139,77.209
12.3,69,1.1,342,2024-01-02 06:00:00,Delhi,28.6139,77.209
13.4,66,2.2,351,2024-01-02 07:00:00,Delhi,28.6139,77.209
14.6,63,3.3,347,2024-01-02 08:00:00,Delhi,28.6139,77.209
15.2,63,4.0,333,2024-01-02 09:00:00,Delhi,28.6139,77.209
15.3,64,5.6,333,2024-01-02 10:00:00,Delhi,28.6139,77.209
14.7,66,6.8,335,2024-01-02 11:00:00,Delhi,28.6139,77.209
11.6,82,7.9,336,2024-01-02 12:00:00,Delhi,28.6139,77.209
9.6,90,6.4,344,2024-01-02 13:00:00,Delhi,28.6139,77.209
8.8,92,6.9,332,2024-01-02 14:00:00,Delhi,28.6139,77.209
7.8,93,6.6,331,2024-01-02 15:00:00,Delhi,28.6139,77.209
6.8,95,8.2,308,2024-01-02 16:00:00,Delhi,28.6139,77.209
6.5,95,7.2,297,2024-01-02 17:00:00,Delhi,28.6139,77.209
6.2,96,6.5,304,2024-01-02 18:00:00,Delhi,28.6139,77.209
6.0,96,6.1,315,2024-01-02 19:00:00,Delhi,28.6139,77.209
5.1,99,6.9,332,2024-01-02 20:00:00,Delhi,28.6139,77.209
4.8,100,7.8,347,2024-01-02 21:00:00,Delhi,28.6139,77.209
5.2,100,6.8,360,2024-01-02 22:00:00,Delhi,28.6139,77.209
5.7,100,5.4,356,2024-01-02 23:00:00,Delhi,28.6139,77.209
5.2,100,2.6,344,2024-01-03 00:00:00,Delhi,28.6139,77.209
6.2,99,4.2,340,2024-01-03 01:00:00,Delhi,28.6139,77.209
6.7,100,3.8,17,2024-01-03 02:00:00,Delhi,28.6139,77.209
7.7,98,3.1,54,2024-01-03 03:00:00,Delhi,28.6139,77.209
8.9,98,3.6,96,2024-01-03 04:00:00,Delhi,28.6139,77.209
10.2,92,3.1,135,2024-01-03 05:00:00,Delhi,28.6139,77.209
12.7,81,2.9,173,2024-01-03 06:00:00,Delhi,28.6139,77.209
14.6,69,0.8,153,2024-01-03 07:00:00,Delhi,28.6139,77.209
15.5,66,4.2,340,2024-01-03 08:00:00,Delhi,28.6139,77.209
15.9,65,6.8,342,2024-01-03 09:00:00,Delhi,28.6139,77.209
15.8,66,7.1,345,2024-01-03 10:00:00,Delhi,28.6139,77.209
15.1,68,7.0,339,2024-01-03 11:00:00,Delhi,28.6139,77.209
12.4,83,8.2,337,2024-01-03 12:00:00,Delhi,28.6139,77.209
11.6,81,10.4,346,2024-01-03 13:00:00,Delhi,28.6139,77.209
10.1,87,8.7,343,2024-01-03 14:00:00,Delhi,28.6139,77.209
9.1,93,6.8,342,2024-01-03 15:00:00,Delhi,28.6139,77.209
8.3,94,5.3,332,2024-01-03 16:00:00,Delhi,28.6139,77.209
7.6,96,5.4,307,2024-01-03 17:00:00,Delhi,28.6139,77.209
7.6,96,5.2,304,2024-01-03 18:00:00,Delhi,28.6139,77.209
7.2,96,5.5,302,2024-01-03 19:00:00,Delhi,28.6139,77.209
6.6,97,6.6,299,2024-01-03 20:00:00,Delhi,28.6139,77.209
6.2,97,6.2,291,2024-01-03 21:00:00,Delhi,28.6139,77.209
5.8,99,5.4,290,2024-01-03 22:00:00,Delhi,28.6139,77.209
5.3,100,4.6,288,2024-01-03 23:00:00,Delhi,28.6139,77.209
5.2,100,4.2,290,2024-01-04 00:00:00,Delhi,28.6139,77.209
8.8,90,5.8,292,2024-01-04 01:00:00,Delhi,28.6139,77.209
9.0,89,5.0,291,2024-01-04 02:00:00,Delhi,28.6139,77.209
9.8,86,6.2,291,2024-01-04 03:00:00,Delhi,28.6139,77.209
11.6,80,7.2,288,2024-01-04 04:00:00,Delhi,28.6139,77.209
13.7,73,7.3,290,2024-01-04 05:00:00,Delhi,28.6139,77.209
15.4,68,7.4,299,2024-01-04 06:00:00,Delhi,28.6139,77.209
16.7,64,3.4,302,2024-01-04 07:00:00,Delhi,28.6139,77.209
17.5,60,2.9,330,2024-01-04 08:00:00,Delhi,28.6139,77.209
17.8,58,3.3,347,2024-01-04 09:00:00,Delhi,28.6139,77.209
17.9,57,3.3,347,2024-01-04 10:00:00,Delhi,28.6139,77.209
17.6,58,4.9,343,2024-01-04 11:00:00,Delhi,28.6139,77.209
15.8,67,7.7,332,2024-01-04 12:00:00,Delhi,28.6139,77.209
13.6,80,8.3,355,2024-01-04 13:00:00,Delhi,28.6139,77.209
13.1,82,9.3,347,2024-01-04 14:00:00,Delhi,28.6139,77.209
12.4,85,10.2,342,2024-01-04 15:00:00,Delhi,28.6139,77.209
10.8,93,9.3,347,2024-01-04 16:00:00,Delhi,28.6139,77.209
9.8,95,7.4,346,2024-01-04 17:00:00,Delhi,28.6139,77.209
8.9,97,6.0,335,2024-01-04 18:00:00,Delhi,28.6139,77.209
8.6,97,5.9,313,2024-01-04 19:00:00,Delhi,28.6139,77.209
8.4,98,5.3,298,2024-01-04 20:00:00,Delhi,28.6139,77.209
8.5,98,5.2,295,2024-01-04 21:00:00,Delhi,28.6139,77.209
9.1,97,6.3,294,2024-01-04 22:00:00,Delhi,28.6139,77.209
9.6,95,7.9,309,2024-01-04 23:00:00,Delhi,28.6139,77.209
9.2,97,6.6,319,2024-01-05 00:00:00,Delhi,28.6139,77.209
10.4,92,6.1,332,2024-01-05 01:00:00,Delhi,28.6139,77.209
10.4,93,5.2,326,2024-01-05 02:00:00,Delhi,28.6139,77.209
10.9,90,4.4,351,2024-01-05 03:00:00,Delhi,28.6139,77.209
11.8,87,4.0,5,2024-01-05 04:00:00,Delhi,28.6139,77.209
12.9,82,4.4,351,2024-01-05 05:00:00,Delhi,28.6139,77.209
14.9,75,4.0,355,2024-01-05 06:00:00,Delhi,28.6139,77.209
16.6,67,3.6,53,2024-01-05 07:00:00,Delhi,28.6139,77.209
16.8,65,4.8,77,2024-01-05 08:00:00,Delhi,28.6139,77.209
17.0,63,3.4,72,2024-01-05 09:00:00,Delhi,28.6139,77.209
17.2,61,2.6,16,2024-01-05 10:00:00,Delhi,28.6139,77.209
17.1,60,5.0,330,2024-01-05 11:00:00,Delhi,28.6139,77.209
16.1,65,6.1,320,2024-01-05 12:00:00,Delhi,28.6139,77.209
11.1,90,6.6,338,2024-01-05 13:00:00,Delhi,28.6139,77.209
10.4,92,7.6,335,2024-01-05 14:00:00,Delhi,28.6139,77.209
9.7,94,6.8,342,2024-01-05 15:00:00,Delhi,28.6139,77.209
9.1,95,6.6,347,2024-01-05 16:00:00,Delhi,28.6139,77.209
8.4,96,7.3,351,2024-01-05 17:00:00,Delhi,28.6139,77.209
7.3,97,9.7,345,2024-01-05 18:00:00,Delhi,28.6139,77.209
7.2,97,9.0,331,2024-01-05 19:00:00,Delhi,28.6139,77.209
7.6,98,6.6,311,2024-01-05 20:00:00,Delhi,28.6139,77.209
6.6,99,7.1,311,2024-01-05 21:00:00,Delhi,28.6139,77.209
6.3,100,5.7,305,2024-01-05 22:00:00,Delhi,28.6139,77.209
6.6,100,4.7,293,2024-01-05 23:00:00,Delhi,28.6139,77.209
7.2,100,4.6,288,2024-01-06 00:00:00,Delhi,28.6139,77.209
9.1,96,6.2,339,2024-01-06 01:00:00,Delhi,28.6139,77.209
9.6,95,6.2,350,2024-01-06 02:00:00,Delhi,28.6139,77.209
10.8,90,4.2,340,2024-01-06 03:00:00,Delhi,28.6139,77.209
12.3,84,5.8,360,2024-01-06 04:00:00,Delhi,28.6139,77.209
13.6,77,7.4,14,2024-01-06 05:00:00,Delhi,28.6139,77.209
14.9,67,7.3,57,2024-01-06 06:00:00,Delhi,28.6139,77.209
15.6,62,7.3,70,2024-01-06 07:00:00,Delhi,28.6139,77.209
16.3,59,5.6,63,2024-01-06 08:00:00,Delhi,28.6139,77.209
16.8,58,4.3,24,2024-01-06 09:00:00,Delhi,28.6139,77.209
16.9,58,4.3,360,2024-01-06 10:00:00,Delhi,28.6139,77.209
16.5,59,3.9,338,2024-01-06 11:00:00,Delhi,28.6139,77.209
13.6,75,6.1,273,2024-01-06 12:00:00,Delhi,28.6139,77.209
12.5,79,4.0,350,2024-01-06 13:00:00,Delhi,28.6139,77.209
12.8,79,4.0,297,2024-01-06 14:00:00,Delhi,28.6139,77.209
12.6,78,6.2,277,2024-01-06 15:00:00,Delhi,28.6139,77.209
12.1,79,6.1,270,2024-01-06 16:00:00,Delhi,28.6139,77.209
11.0,84,5.0,291,2024-01-06 17:00:00,Delhi,28.6139,77.209
11.0,84,6.9,313,2024-01-06 18:00:00,Delhi,28.6139,77.209
10.6,85,6.4,313,2024-01-06 19:00:00,Delhi,28.6139,77.209
10.1,86,5.5,302,2024-01-06 20:00:00,Delhi,28.6139,77.209
9.8,88,5.2,304,2024-01-06 21:00:00,Delhi,28.6139,77.209
9.1,93,6.4,322,2024-01-06 22:00:00,Delhi,28.6139,77.209
9.0,93,6.5,326,2024-01-06 23:00:00,Delhi,28.6139,77.209
9.4,93,5.6,333,2024-01-07 00:00:00,Delhi,28.6139,77.209
6.2,96,6.5,270,2024-01-07 01:00:00,Delhi,28.6139,77.209
6.1,95,5.4,266,2024-01-07 02:00:00,Delhi,28.6139,77.209
8.6,89,6.1,270,2024-01-07 03:00:00,Delhi,28.6139,77.209
11.4,80,3.4,288,2024-01-07 04:00:00,Delhi,28.6139,77.209
13.7,72,3.3,319,2024-01-07 05:00:00,Delhi,28.6139,77.209
15.1,66,2.9,7,2024-01-07 06:00:00,Delhi,28.6139,77.209
16.1,62,4.1,45,2024-01-07 07:00:00,Delhi,28.6139,77.209
16.9,60,4.7,58,2024-01-07 08:00:00,Delhi,28.6139,77.209
17.4,58,4.2,70,2024-01-07 09:00:00,Delhi,28.6139,77.209
17.5,58,3.4,72,2024-01-07 10:00:00,Delhi,28.6139,77.209
17.0,59,2.2,81,2024-01-07 11:00:00,Delhi,28.6139,77.209
16.4,61,2.6,124,2024-01-07 12:00:00,Delhi,28.6139,77.209
11.1,82,4.3,270,2024-01-07 13:00:00,Delhi,28.6139,77.209
9.6,89,5.2,245,2024-01-07 14:00:00,Delhi,28.6139,77.209
9.1,91,6.1,225,2024-01-07 15:00:00,Delhi,28.6139,77.209
8.6,92,7.1,229,2024-01-07 16:00:00,Delhi,28.6139,77.209
8.1,93,6.9,242,2024-01-07 17:00:00,Delhi,28.6139,77.209
7.6,93,6.2,260,2024-01-07 18:00:00,Delhi,28.6139,77.209
6.8,95,6.8,288,2024-01-07 19:00:00,Delhi,28.6139,77.209
6.6,95,6.9,313,2024-01-07 20:00:00,Delhi,28.6139,77.209
6.8,95,6.6,319,2024-01-07 21:00:00,Delhi,28.6139,77.209
6.2,96,7.9,309,2024-01-07 22:00:00,Delhi,28.6139,77.209
6.0,97,7.9,300,2024-01-07 23:00:00,Delhi,28.6139,77.209
5.5,98,8.9,297,2024-01-08 00:00:00,Delhi,28.6139,77.209
5.9,98,8.0,324,2024-01-08 01:00:00,Delhi,28.6139,77.209
6.4,98,7.5,343,2024-01-08 02:00:00,Delhi,28.6139,77.209
8.4,98,5.0,21,2024-01-08 03:00:00,Delhi,28.6139,77.209
10.8,94,4.4,35,2024-01-08 04:00:00,Delhi,28.6139,77.209
13.5,85,4.1,45,2024-01-08 05:00:00,Delhi,28.6139,77.209
15.8,72,3.6,96,2024-01-08 06:00:00,Delhi,28.6139,77.209
17.0,67,3.7,119,2024-01-08 07:00:00,Delhi,28.6139,77.209
17.9,64,3.2,117,2024-01-08 08:00:00,Delhi,28.6139,77.209
18.4,63,3.1,126,2024-01-08 09:00:00,Delhi,28.6139,77.209
18.4,63,2.7,113,2024-01-08 10:00:00,Delhi,28.6139,77.209
18.0,64,2.5,98,2024-01-08 11:00:00,Delhi,28.6139,77.209
16.5,71,4.7,94,2024-01-08 12:00:00,Delhi,28.6139,77.209
11.4,88,8.6,358,2024-01-08 13:00:00,Delhi,28.6139,77.209
10.6,91,8.4,335,2024-01-08 14:00:00,Delhi,28.6139,77.209
9.4,94,8.7,312,2024-01-08 15:00:00,Delhi,28.6139,77.209
8.8,96,8.4,301,2024-01-08 16:00:00,Delhi,28.6139,77.209
8.1,97,8.2,308,2024-01-08 17:00:00,Delhi,28.6139,77.209
7.8,98,6.4,333,2024-01-08 18:00:00,Delhi,28.6139,77.209
7.3,99,6.2,339,2024-01-08 19:00:00,Delhi,28.6139,77.209
6.9,100,6.6,338,2024-01-08 20:00:00,Delhi,28.6139,77.209
6.9,100,6.3,347,2024-01-08 21:00:00,Delhi,28.6139,77.209
7.2,98,7.4,346,2024-01-08 22:00:00,Delhi,28.6139,77.209
6.7,98,6.0,343,2024-01-08 23:00:00,Delhi,28.6139,77.209
6.2,98,7.2,342,2024-01-09 00:00:00,Delhi,28.6139,77.209
7.2,98,5.1,352,2024-01-09 01:00:00,Delhi,28.6139,77.209
6.8,99,4.5,14,2024-01-09 02:00:00,Delhi,28.6139,77.209
8.5,93,5.8,338,2024-01-09 03:00:00,Delhi,28.6139,77.209
10.9,86,4.2,301,2024-01-09 04:00:00,Delhi,28.6139,77.209
13.8,76,5.8,300,2024-01-09 05:00:00,Delhi,28.6139,77.209
15.9,71,11.4,298,2024-01-09 06:00:00,Delhi,28.6139,77.209
17.0,68,13.2,292,2024-01-09 07:00:00,Delhi,28.6139,77.209
17.6,65,13.9,291,2024-01-09 08:00:00,Delhi,28.6139,77.209
18.0,63,13.0,294,2024-01-09 09:00:00,Delhi,28.6139,77.209
18.0,62,11.8,293,2024-01-09 10:00:00,Delhi,28.6139,77.209
17.4,66,12.1,297,2024-01-09 11:00:00,Delhi,28.6139,77.209
15.3,77,9.8,298,2024-01-09 12:00:00,Delhi,28.6139,77.209
10.6,88,10.8,323,2024-01-09 13:00:00,Delhi,28.6139,77.209
9.6,92,9.6,326,2024-01-09 14:00:00,Delhi,28.6139,77.209
8.8,93,10.9,326,2024-01-09 15:00:00,Delhi,28.6139,77.209
8.0,94,11.2,327,2024-01-09 16:00:00,Delhi,28.6139,77.209
7.2,95,11.0,319,2024-01-09 17:00:00,Delhi,28.6139,77.209
6.7,95,10.1,305,2024-01-09 18:00:00,Delhi,28.6139,77.209
6.2,95,12.1,293,2024-01-09 19:00:00,Delhi,28.6139,77.209
5.8,95,13.2,296,2024-01-09 20:00:00,Delhi,28.6139,77.209
5.3,95,12.9,297,2024-01-09 21:00:00,Delhi,28.6139,77.209
4.9,95,12.2,294,2024-01-09 22:00:00,Delhi,28.6139,77.209
4.7,95,11.9,295,2024-01-09 23:00:00,Delhi,28.6139,77.209
4.6,95,13.1,291,2024-01-10 00:00:00,Delhi,28.6139,77.209
5.3,97,13.9,301,2024-01-10 01:00:00,Delhi,28.6139,77.209
5.4,96,14.8,296,2024-01-10 02:00:00,Delhi,28.6139,77.209
6.6,90,15.0,294,2024-01-10 03:00:00,Delhi,28.6139,77.209
8.4,83,14.8,296,2024-01-10 04:00:00,Delhi,28.6139,77.209
10.4,78,14.2,297,2024-01-10 05:00:00,Delhi,28.6139,77.209
12.2,73,13.4,294,2024-01-10 06:00:00,Delhi,28.6139,77.209
13.8,69,14.1,289,2024-01-10 07:00:00,Delhi,28.6139,77.209
14.9,64,14.5,289,2024-01-10 08:00:00,Delhi,28.6139,77.209
15.6,62,14.3,288,2024-01-10 09:00:00,Delhi,28.6139,77.209
15.8,62,14.1,283,2024-01-10 10:00:00,Delhi,28.6139,77.209
15.2,65,13.5,279,2024-01-10 11:00:00,Delhi,28.6139,77.209
13.2,75,11.2,276,2024-01-10 12:00:00,Delhi,28.6139,77.209
10.1,87,11.3,287,2024-01-10 13:00:00,Delhi,28.6139,77.209
9.6,89,12.9,288,2024-01-10 14:00:00,Delhi,28.6139,77.209
9.1,91,12.9,297,2024-01-10 15:00:00,Delhi,28.6139,77.209
8.5,92,11.9,299,2024-01-10 16:00:00,Delhi,28.6139,77.209
7.8,92,9.8,298,2024-01-10 17:00:00,Delhi,28.6139,77.209
7.2,93,8.3,288,2024-01-10 18:00:00,Delhi,28.6139,77.209
6.8,94,9.1,279,2024-01-10 19:00:00,Delhi,28.6139,77.209
6.5,94,10.1,272,2024-01-10 20:00:00,Delhi,28.6139,77.209
6.2,94,11.2,268,2024-01-10 21:00:00,Delhi,28.6139,77.209
5.9,95,11.9,270,2024-01-10 22:00:00,Delhi,28.6139,77.209
5.8,95,11.9,273,2024-01-10 23:00:00,Delhi,28.6139,77.209
5.6,95,10.8,274,2024-01-11 00:00:00,Delhi,28.6139,77.209
6.2,100,10.4,290,2024-01-11 01:00:00,Delhi,28.6139,77.209
6.4,99,11.3,297,2024-01-11 02:00:00,Delhi,28.6139,77.209
6.8,99,12.0,303,2024-01-11 03:00:00,Delhi,28.6139,77.209
7.5,97,11.5,309,2024-01-11 04:00:00,Delhi,28.6139,77.209
9.2,88,9.7,315,2024-01-11 05:00:00,Delhi,28.6139,77.209
11.2,79,9.4,317,2024-01-11 06:00:00,Delhi,28.6139,77.209
13.1,74,9.2,318,2024-01-11 07:00:00,Delhi,28.6139,77.209
14.4,70,9.7,315,2024-01-11 08:00:00,Delhi,28.6139,77.209
15.2,68,10.2,309,2024-01-11 09:00:00,Delhi,28.6139,77.209
15.4,67,11.4,305,2024-01-11 10:00:00,Delhi,28.6139,77.209
14.9,69,11.5,302,2024-01-11 11:00:00,Delhi,28.6139,77.209
12.7,81,7.9,300,2024-01-11 12:00:00,Delhi,28.6139,77.209
11.0,85,9.6,304,2024-01-11 13:00:00,Delhi,28.6139,77.209
10.0,89,9.2,309,2024-01-11 14:00:00,Delhi,28.6139,77.209
9.1,91,8.4,317,2024-01-11 15:00:00,Delhi,28.6139,77.209
8.3,93,7.6,315,2024-01-11 16:00:00,Delhi,28.6139,77.209
7.7,94,7.4,309,2024-01-11 17:00:00,Delhi,28.6139,77.209
7.4,95,8.2,293,2024-01-11 18:00:00,Delhi,28.6139,77.209
7.4,94,11.1,283,2024-01-11 19:00:00,Delhi,28.6139,77.209
7.2,94,9.5,279,2024-01-11 20:00:00,Delhi,28.6139,77.209
6.8,95,9.4,277,2024-01-11 21:00:00,Delhi,28.6139,77.209
6.5,96,10.4,272,2024-01-11 22:00:00,Delhi,28.6139,77.209
6.2,96,10.1,268,2024-01-11 23:00:00,Delhi,28.6139,77.209
6.1,96,10.8,266,2024-01-12 00:00:00,Delhi,28.6139,77.209
5.8,98,11.2,264,2024-01-12 01:00:00,Delhi,28.6139,77.209
5.6,99,11.6,265,2024-01-12 02:00:00,Delhi,28.6139,77.209
6.6,98,12.2,272,2024-01-12 03:00:00,Delhi,28.6139,77.209
7.9,97,12.4,280,2024-01-12 04:00:00,Delhi,28.6139,77.209
9.8,91,11.4,281,2024-01-12 05:00:00,Delhi,28.6139,77.209
12.6,79,10.8,285,2024-01-12 06:00:00,Delhi,28.6139,77.209
14.8,69,8.8,289,2024-01-12 07:00:00,Delhi,28.6139,77.209
16.4,60,9.0,293,2024-01-12 08:00:00,Delhi,28.6139,77.209
17.3,57,9.8,294,2024-01-12 09:00:00,Delhi,28.6139,77.209
17.4,58,10.0,291,2024-01-12 10:00:00,Delhi,28.6139,77.209
16.8,61,9.0,286,2024-01-12 11:00:00,Delhi,28.6139,77.209
13.6,79,7.0,282,2024-01-12 12:00:00,Delhi,28.6139,77.209
11.6,85,7.7,319,2024-01-12 13:00:00,Delhi,28.6139,77.209
10.6,88,7.6,329,2024-01-12 14:00:00,Delhi,28.6139,77.209
9.4,91,7.3,349,2024-01-12 15:00:00,Delhi,28.6139,77.209
8.4,94,8.3,360,2024-01-12 16:00:00,Delhi,28.6139,77.209
7.4,95,9.9,10,2024-01-12 17:00:00,Delhi,28.6139,77.209
9.3,93,6.2,339,2024-01-12 18:00:00,Delhi,28.6139,77.209
8.9,95,3.8,287,2024-01-12 19:00:00,Delhi,28.6139,77.209
6.1,99,4.9,253,2024-01-12 20:00:00,Delhi,28.6139,77.209
6.0,99,5.0,249,2024-01-12 21:00:00,Delhi,28.6139,77.209
5.8,100,5.9,256,2024-01-12 22:00:00,Delhi,28.6139,77.209
6.1,100,4.4,279,2024-01-12 23:00:00,Delhi,28.6139,77.209
6.2,99,5.1,315,2024-01-13 00:00:00,Delhi,28.6139,77.209
5.8,99,3.6,307,2024-01-13 01:00:00,Delhi,28.6139,77.209
6.1,96,4.3,318,2024-01-13 02:00:00,Delhi,28.6139,77.209
6.9,95,4.1,308,2024-01-13 03:00:00,Delhi,28.6139,77.209
7.9,96,2.9,277,2024-01-13 04:00:00,Delhi,28.6139,77.209
9.9,93,3.0,256,2024-01-13 05:00:00,Delhi,28.6139,77.209
12.6,80,2.6,286,2024-01-13 06:00:00,Delhi,28.6139,77.209
15.2,65,2.2,279,2024-01-13 07:00:00,Delhi,28.6139,77.209
17.0,55,2.9,300,2024-01-13 08:00:00,Delhi,28.6139,77.209
17.9,51,2.8,310,2024-01-13 09:00:00,Delhi,28.6139,77.209
18.1,50,2.3,342,2024-01-13 10:00:00,Delhi,28.6139,77.209
17.5,59,1.8,360,2024-01-13 11:00:00,Delhi,28.6139,77.209
14.8,68,6.1,360,2024-01-13 12:00:00,Delhi,28.6139,77.209
11.6,87,7.2,18,2024-01-13 13:00:00,Delhi,28.6139,77.209
9.9,89,9.2,11,2024-01-13 14:00:00,Delhi,28.6139,77.209
8.7,91,10.2,10,2024-01-13 15:00:00,Delhi,28.6139,77.209
9.4,88,7.6,5,2024-01-13 16:00:00,Delhi,28.6139,77.209
10.1,86,5.2,16,2024-01-13 17:00:00,Delhi,28.6139,77.209
9.6,88,3.2,27,2024-01-13 18:00:00,Delhi,28.6139,77.209
9.2,91,3.3,354,2024-01-13 19:00:00,Delhi,28.6139,77.209
8.6,93,4.4,325,2024-01-13 20:00:00,Delhi,28.6139,77.209
5.6,100,5.5,302,2024-01-13 21:00:00,Delhi,28.6139,77.209
4.8,99,4.5,284,2024-01-13 22:00:00,Delhi,28.6139,77.209
5.3,100,5.8,274,2024-01-13 23:00:00,Delhi,28.6139,77.209
5.1,100,6.5,273,2024-01-14 00:00:00,Delhi,28.6139,77.209
5.2,100,6.0,303,2024-01-14 01:00:00,Delhi,28.6139,77.209
5.1,99,5.6,315,2024-01-14 02:00:00,Delhi,28.6139,77.209
5.4,98,5.9,317,2024-01-14 03:00:00,Delhi,28.6139,77.209
6.8,94,6.9,317,2024-01-14 04:00:00,Delhi,28.6139,77.209
8.9,92,6.9,317,2024-01-14 05:00:00,Delhi,28.6139,77.209
12.0,79,6.9,313,2024-01-14 06:00:00,Delhi,28.6139,77.209
14.9,67,7.1,319,2024-01-14 07:00:00,Delhi,28.6139,77.209
16.6,58,6.9,321,2024-01-14 08:00:00,Delhi,28.6139,77.209
17.7,54,6.9,321,2024-01-14 09:00:00,Delhi,28.6139,77.209
18.0,52,7.1,315,2024-01-14 10:00:00,Delhi,28.6139,77.209
17.2,56,7.4,309,2024-01-14 11:00:00,Delhi,28.6139,77.209
13.6,75,7.4,299,2024-01-14 12:00:00,Delhi,28.6139,77.209
10.8,86,8.8,305,2024-01-14 13:00:00,Delhi,28.6139,77.209
9.6,89,10.0,308,2024-01-14 14:00:00,Delhi,28.6139,77.209
8.8,91,9.7,321,2024-01-14 15:00:00,Delhi,28.6139,77.209
8.2,93,8.4,329,2024-01-14 16:00:00,Delhi,28.6139,77.209
7.7,94,7.7,332,2024-01-14 17:00:00,Delhi,28.6139,77.209
7.2,94,7.6,329,2024-01-14 18:00:00,Delhi,28.6139,77.209
6.7,96,7.4,321,2024-01-14 19:00:00,Delhi,28.6139,77.209
5.9,97,7.1,311,2024-01-14 20:00:00,Delhi,28.6139,77.209
5.2,98,7.1,300,2024-01-14 21:00:00,Delhi,28.6139,77.209
5.1,99,6.6,292,2024-01-14 22:00:00,Delhi,28.6139,77.209
5.0,99,7.6,289,2024-01-14 23:00:00,Delhi,28.6139,77.209
4.9,100,8.5,282,2024-01-15 00:00:00,Delhi,28.6139,77.209
5.3,100,8.7,300,2024-01-15 01:00:00,Delhi,28.6139,77.209
5.7,99,8.2,293,2024-01-15 02:00:00,Delhi,28.6139,77.209
6.0,98,7.9,286,2024-01-15 03:00:00,Delhi,28.6139,77.209
7.0,97,8.8,279,2024-01-15 04:00:00,Delhi,28.6139,77.209
8.9,88,7.9,294,2024-01-15 05:00:00,Delhi,28.6139,77.209
11.3,78,7.1,300,2024-01-15 06:00:00,Delhi,28.6139,77.209
13.4,70,7.0,305,2024-01-15 07:00:00,Delhi,28.6139,77.209
14.9,61,7.0,305,2024-01-15 08:00:00,Delhi,28.6139,77.209
15.9,57,7.9,300,2024-01-15 09:00:00,Delhi,28.6139,77.209
16.0,56,8.0,297,2024-01-15 10:00:00,Delhi,28.6139,77.209
15.5,59,6.8,295,2024-01-15 11:00:00,Delhi,28.6139,77.209
12.1,79,8.4,295,2024-01-15 12:00:00,Delhi,28.6139,77.209
11.4,75,6.1,315,2024-01-15 13:00:00,Delhi,28.6139,77.209
9.8,82,7.0,339,2024-01-15 14:00:00,Delhi,28.6139,77.209
7.8,90,9.0,5,2024-01-15 15:00:00,Delhi,28.6139,77.209
7.2,91,8.6,2,2024-01-15 16:00:00,Delhi,28.6139,77.209
7.1,91,7.9,16,2024-01-15 17:00:00,Delhi,28.6139,77.209
6.6,93,6.8,18,2024-01-15 18:00:00,Delhi,28.6139,77.209
5.2,97,7.6,25,2024-01-15 19:00:00,Delhi,28.6139,77.209
4.6,99,8.3,34,2024-01-15 20:00:00,Delhi,28.6139,77.209
6.2,98,6.1,28,2024-01-15 21:00:00,Delhi,28.6139,77.209
5.8,99,4.1,345,2024-01-15 22:00:00,Delhi,28.6139,77.209
3.8,100,3.1,291,2024-01-15 23:00:00,Delhi,28.6139,77.209
4.2,98,2.5,278,2024-01-16 00:00:00,Delhi,28.6139,77.209
4.6,99,1.9,292,2024-01-16 01:00:00,Delhi,28.6139,77.209
4.8,99,3.2,270,2024-01-16 02:00:00,Delhi,28.6139,77.209
5.3,98,2.7,337,2024-01-16 03:00:00,Delhi,28.6139,77.209
6.7,96,2.9,360,2024-01-16 04:00:00,Delhi,28.6139,77.209
8.4,91,2.0,45,2024-01-16 05:00:00,Delhi,28.6139,77.209
11.6,82,3.0,76,2024-01-16 06:00:00,Delhi,28.6139,77.209
14.4,67,3.3,84,2024-01-16 07:00:00,Delhi,28.6139,77.209
16.2,60,3.3,84,2024-01-16 08:00:00,Delhi,28.6139,77.209
17.2,55,3.6,84,2024-01-16 09:00:00,Delhi,28.6139,77.209
17.5,53,4.7,86,2024-01-16 10:00:00,Delhi,28.6139,77.209
17.0,55,5.1,82,2024-01-16 11:00:00,Delhi,28.6139,77.209
13.1,74,8.1,77,2024-01-16 12:00:00,Delhi,28.6139,77.209
10.5,84,8.0,98,2024-01-16 13:00:00,Delhi,28.6139,77.209
9.1,87,10.3,115,2024-01-16 14:00:00,Delhi,28.6139,77.209
8.1,88,11.0,109,2024-01-16 15:00:00,Delhi,28.6139,77.209
7.3,90,10.6,100,2024-01-16 16:00:00,Delhi,28.6139,77.209
6.7,91,9.0,119,2024-01-16 17:00:00,Delhi,28.6139,77.209
6.3,92,7.4,129,2024-01-16 18:00:00,Delhi,28.6139,77.209
5.9,94,7.0,125,2024-01-16 19:00:00,Delhi,28.6139,77.209
5.7,95,6.9,129,2024-01-16 20:00:00,Delhi,28.6139,77.209
5.4,96,7.1,135,2024-01-16 21:00:00,Delhi,28.6139,77.209
5.1,96,7.1,139,2024-01-16 22:00:00,Delhi,28.6139,77.209
4.8,97,7.9,150,2024-01-16 23:00:00,Delhi,28.6139,77.209
4.4,97,8.6,158,2024-01-17 00:00:00,Delhi,28.6139,77.209
4.0,99,9.2,141,2024-01-17 01:00:00,Delhi,28.6139,77.209
4.1,100,8.1,148,2024-01-17 02:00:00,Delhi,28.6139,77.209
7.3,95,9.3,152,2024-01-17 03:00:00,Delhi,28.6139,77.209
10.9,85,6.6,139,2024-01-17 04:00:00,Delhi,28.6139,77.209
13.4,75,8.4,137,2024-01-17 05:00:00,Delhi,28.6139,77.209
15.0,66,8.4,137,2024-01-17 06:00:00,Delhi,28.6139,77.209
16.3,60,8.2,131,2024-01-17 07:00:00,Delhi,28.6139,77.209
17.2,56,7.7,127,2024-01-17 08:00:00,Delhi,28.6139,77.209
17.7,55,7.0,125,2024-01-17 09:00:00,Delhi,28.6139,77.209
17.8,56,6.4,117,2024-01-17 10:00:00,Delhi,28.6139,77.209
17.2,59,6.4,106,2024-01-17 11:00:00,Delhi,28.6139,77.209
13.9,77,6.9,96,2024-01-17 12:00:00,Delhi,28.6139,77.209
10.6,87,8.3,108,2024-01-17 13:00:00,Delhi,28.6139,77.209
9.5,90,8.9,130,2024-01-17 14:00:00,Delhi,28.6139,77.209
8.7,92,8.8,145,2024-01-17 15:00:00,Delhi,28.6139,77.209
7.8,94,10.7,140,2024-01-17 16:00:00,Delhi,28.6139,77.209
7.3,96,10.7,140,2024-01-17 17:00:00,Delhi,28.6139,77.209
6.9,97,10.1,145,2024-01-17 18:00:00,Delhi,28.6139,77.209
7.1,98,7.2,143,2024-01-17 19:00:00,Delhi,28.6139,77.209
6.8,99,6.9,152,2024-01-17 20:00:00,Delhi,28.6139,77.209
6.3,100,8.0,170,2024-01-17 21:00:00,Delhi,28.6139,77.209
6.7,100,5.8,180,2024-01-17 22:00:00,Delhi,28.6139,77.209
7.0,99,5.5,191,2024-01-17 23:00:00,Delhi,28.6139,77.209
6.8,100,5.7,198,2024-01-18 00:00:00,Delhi,28.6139,77.209
6.0,99,2.4,207,2024-01-18 01:00:00,Delhi,28.6139,77.209
6.1,99,1.0,315,2024-01-18 02:00:00,Delhi,28.6139,77.209
7.1,98,1.1,342,2024-01-18 03:00:00,Delhi,28.6139,77.209
8.2,94,1.5,14,2024-01-18 04:00:00,Delhi,28.6139,77.209
10.4,90,0.8,63,2024-01-18 05:00:00,Delhi,28.6139,77.209
12.7,86,1.1,72,2024-01-18 06:00:00,Delhi,28.6139,77.209
15.4,75,2.2,90,2024-01-18 07:00:00,Delhi,28.6139,77.209
17.1,66,4.5,104,2024-01-18 08:00:00,Delhi,28.6139,77.209
17.4,65,3.6,96,2024-01-18 09:00:00,Delhi,28.6139,77.209
17.5,64,3.3,96,2024-01-18 10:00:00,Delhi,28.6139,77.209
17.0,65,1.8,101,2024-01-18 11:00:00,Delhi,28.6139,77.209
16.4,68,2.3,141,2024-01-18 12:00:00,Delhi,28.6139,77.209
14.0,75,3.8,139,2024-01-18 13:00:00,Delhi,28.6139,77.209
12.9,79,2.5,188,2024-01-18 14:00:00,Delhi,28.6139,77.209
11.0,86,2.3,231,2024-01-18 15:00:00,Delhi,28.6139,77.209
11.4,86,2.1,239,2024-01-18 16:00:00,Delhi,28.6139,77.209
11.2,87,0.8,207,2024-01-18 17:00:00,Delhi,28.6139,77.209
11.1,87,2.6,254,2024-01-18 18:00:00,Delhi,28.6139,77.209
10.9,89,3.4,302,2024-01-18 19:00:00,Delhi,28.6139,77.209
10.5,91,2.2,270,2024-01-18 20:00:00,Delhi,28.6139,77.209
8.5,96,2.7,247,2024-01-18 21:00:00,Delhi,28.6139,77.209
6.2,100,3.9,248,2024-01-18 22:00:00,Delhi,28.6139,77.209
6.3,99,4.6,252,2024-01-18 23:00:00,Delhi,28.6139,77.209
6.4,100,6.0,253,2024-01-19 00:00:00,Delhi,28.6139,77.209
6.4,100,4.2,239,2024-01-19 01:00:00,Delhi,28.6139,77.209
6.7,100,5.4,228,2024-01-19 02:00:00,Delhi,28.6139,77.209
7.8,97,6.1,225,2024-01-19 03:00:00,Delhi,28.6139,77.209
9.0,93,3.6,225,2024-01-19 04:00:00,Delhi,28.6139,77.209
10.6,91,2.6,196,2024-01-19 05:00:00,Delhi,28.6139,77.209
12.9,84,1.8,127,2024-01-19 06:00:00,Delhi,28.6139,77.209
14.9,74,2.5,82,2024-01-19 07:00:00,Delhi,28.6139,77.209
16.0,70,4.2,70,2024-01-19 08:00:00,Delhi,28.6139,77.209
16.6,67,5.5,79,2024-01-19 09:00:00,Delhi,28.6139,77.209
16.8,65,5.4,86,2024-01-19 10:00:00,Delhi,28.6139,77.209
16.4,66,4.9,107,2024-01-19 11:00:00,Delhi,28.6139,77.209
13.6,82,7.4,104,2024-01-19 12:00:00,Delhi,28.6139,77.209
10.1,89,6.6,119,2024-01-19 13:00:00,Delhi,28.6139,77.209
8.7,93,7.6,135,2024-01-19 14:00:00,Delhi,28.6139,77.209
7.8,95,8.8,161,2024-01-19 15:00:00,Delhi,28.6139,77.209
7.3,96,8.8,161,2024-01-19 16:00:00,Delhi,28.6139,77.209
6.9,96,9.2,149,2024-01-19 17:00:00,Delhi,28.6139,77.209
6.7,97,8.4,137,2024-01-19 18:00:00,Delhi,28.6139,77.209
6.2,98,8.9,137,2024-01-19 19:00:00,Delhi,28.6139,77.209
5.7,99,10.3,144,2024-01-19 20:00:00,Delhi,28.6139,77.209
6.2,98,7.0,159,2024-01-19 21:00:00,Delhi,28.6139,77.209
6.2,97,7.6,175,2024-01-19 22:00:00,Delhi,28.6139,77.209
6.2,96,7.2,186,2024-01-19 23:00:00,Delhi,28.6139,77.209
5.1,98,8.0,198,2024-01-20 00:00:00,Delhi,28.6139,77.209
5.9,100,3.8,163,2024-01-20 01:00:00,Delhi,28.6139,77.209
6.2,99,4.3,175,2024-01-20 02:00:00,Delhi,28.6139,77.209
7.2,98,4.3,185,2024-01-20 03:00:00,Delhi,28.6139,77.209
8.6,97,2.9,187,2024-01-20 04:00:00,Delhi,28.6139,77.209
11.1,86,1.8,169,2024-01-20 05:00:00,Delhi,28.6139,77.209
13.4,74,1.6,27,2024-01-20 06:00:00,Delhi,28.6139,77.209
14.5,70,5.1,8,2024-01-20 07:00:00,Delhi,28.6139,77.209
15.2,67,5.1,8,2024-01-20 08:00:00,Delhi,28.6139,77.209
15.9,65,3.6,354,2024-01-20 09:00:00,Delhi,28.6139,77.209
16.0,63,4.6,342,2024-01-20 10:00:00,Delhi,28.6139,77.209
15.6,65,5.4,340,2024-01-20 11:00:00,Delhi,28.6139,77.209
13.1,81,6.6,338,2024-01-20 12:00:00,Delhi,28.6139,77.209
10.4,91,8.8,351,2024-01-20 13:00:00,Delhi,28.6139,77.209
9.9,92,8.0,352,2024-01-20 14:00:00,Delhi,28.6139,77.209
8.9,93,8.8,341,2024-01-20 15:00:00,Delhi,28.6139,77.209
8.0,95,9.3,332,2024-01-20 16:00:00,Delhi,28.6139,77.209
7.7,97,7.0,339,2024-01-20 17:00:00,Delhi,28.6139,77.209
6.3,99,9.1,342,2024-01-20 18:00:00,Delhi,28.6139,77.209
5.9,100,8.7,330,2024-01-20 19:00:00,Delhi,28.6139,77.209
5.7,100,8.2,311,2024-01-20 20:00:00,Delhi,28.6139,77.209
5.2,100,7.8,292,2024-01-20 21:00:00,Delhi,28.6139,77.209
5.3,100,5.9,281,2024-01-20 22:00:00,Delhi,28.6139,77.209
5.7,100,8.0,275,2024-01-20 23:00:00,Delhi,28.6139,77.209
5.7,99,9.8,264,2024-01-21 00:00:00,Delhi,28.6139,77.209
5.3,99,8.6,268,2024-01-21 01:00:00,Delhi,28.6139,77.209
5.4,99,9.7,266,2024-01-21 02:00:00,Delhi,28.6139,77.209
6.2,98,10.7,290,2024-01-21 03:00:00,Delhi,28.6139,77.209
7.4,97,12.0,303,2024-01-21 04:00:00,Delhi,28.6139,77.209
8.6,96,12.8,308,2024-01-21 05:00:00,Delhi,28.6139,77.209
11.2,82,14.1,310,2024-01-21 06:00:00,Delhi,28.6139,77.209
13.3,74,12.8,302,2024-01-21 07:00:00,Delhi,28.6139,77.209
14.8,69,12.1,293,2024-01-21 08:00:00,Delhi,28.6139,77.209
15.7,65,12.9,288,2024-01-21 09:00:00,Delhi,28.6139,77.209
16.0,63,13.1,286,2024-01-21 10:00:00,Delhi,28.6139,77.209
15.6,64,12.5,282,2024-01-21 11:00:00,Delhi,28.6139,77.209
13.5,74,9.0,275,2024-01-21 12:00:00,Delhi,28.6139,77.209
10.6,89,8.4,295,2024-01-21 13:00:00,Delhi,28.6139,77.209
9.9,91,8.5,306,2024-01-21 14:00:00,Delhi,28.6139,77.209
8.9,94,7.7,311,2024-01-21 15:00:00,Delhi,28.6139,77.209
7.8,96,7.1,311,2024-01-21 16:00:00,Delhi,28.6139,77.209
6.8,97,7.9,309,2024-01-21 17:00:00,Delhi,28.6139,77.209
5.9,99,8.6,303,2024-01-21 18:00:00,Delhi,28.6139,77.209
5.2,100,8.7,300,2024-01-21 19:00:00,Delhi,28.6139,77.209
5.0,100,6.8,295,2024-01-21 20:00:00,Delhi,28.6139,77.209
5.4,100,4.0,280,2024-01-21 21:00:00,Delhi,28.6139,77.209
5.2,100,4.9,253,2024-01-21 22:00:00,Delhi,28.6139,77.209
5.5,100,4.0,243,2024-01-21 23:00:00,Delhi,28.6139,77.209
5.4,97,4.2,250,2024-01-22 00:00:00,Delhi,28.6139,77.209
5.6,97,2.7,293,2024-01-22 01:00:00,Delhi,28.6139,77.209
6.1,93,2.5,278,2024-01-22 02:00:00,Delhi,28.6139,77.209
6.8,91,3.2,270,2024-01-22 03:00:00,Delhi,28.6139,77.209
7.6,93,1.0,315,2024-01-22 04:00:00,Delhi,28.6139,77.209
8.6,94,0.8,63,2024-01-22 05:00:00,Delhi,28.6139,77.209
11.4,82,0.8,117,2024-01-22 06:00:00,Delhi,28.6139,77.209
13.8,71,0.7,90,2024-01-22 07:00:00,Delhi,28.6139,77.209
15.4,62,1.3,146,2024-01-22 08:00:00,Delhi,28.6139,77.209
16.4,58,2.2,171,2024-01-22 09:00:00,Delhi,28.6139,77.209
16.9,56,2.2,189,2024-01-22 10:00:00,Delhi,28.6139,77.209
16.6,57,2.2,189,2024-01-22 11:00:00,Delhi,28.6139,77.209
15.8,61,2.1,121,2024-01-22 12:00:00,Delhi,28.6139,77.209
10.9,86,7.2,93,2024-01-22 13:00:00,Delhi,28.6139,77.209
9.9,89,7.2,90,2024-01-22 14:00:00,Delhi,28.6139,77.209
8.2,92,9.7,75,2024-01-22 15:00:00,Delhi,28.6139,77.209
7.2,94,10.6,72,2024-01-22 16:00:00,Delhi,28.6139,77.209
6.7,96,9.8,82,2024-01-22 17:00:00,Delhi,28.6139,77.209
6.2,97,8.5,102,2024-01-22 18:00:00,Delhi,28.6139,77.209
5.8,98,8.0,126,2024-01-22 19:00:00,Delhi,28.6139,77.209
5.7,99,7.1,131,2024-01-22 20:00:00,Delhi,28.6139,77.209
5.4,99,7.5,145,2024-01-22 21:00:00,Delhi,28.6139,77.209
5.2,99,8.0,153,2024-01-22 22:00:00,Delhi,28.6139,77.209
5.0,99,8.9,166,2024-01-22 23:00:00,Delhi,28.6139,77.209
4.8,100,8.2,165,2024-01-23 00:00:00,Delhi,28.6139,77.209
4.9,100,6.1,135,2024-01-23 01:00:00,Delhi,28.6139,77.209
5.8,99,5.4,176,2024-01-23 02:00:00,Delhi,28.6139,77.209
6.8,99,6.6,193,2024-01-23 03:00:00,Delhi,28.6139,77.209
8.4,97,5.0,210,2024-01-23 04:00:00,Delhi,28.6139,77.209
10.7,89,2.1,239,2024-01-23 05:00:00,Delhi,28.6139,77.209
13.2,82,2.8,320,2024-01-23 06:00:00,Delhi,28.6139,77.209
14.9,77,4.8,283,2024-01-23 07:00:00,Delhi,28.6139,77.209
16.2,72,6.6,283,2024-01-23 08:00:00,Delhi,28.6139,77.209
17.0,68,5.5,293,2024-01-23 09:00:00,Delhi,28.6139,77.209
17.3,66,4.6,309,2024-01-23 10:00:00,Delhi,28.6139,77.209
17.0,66,3.9,338,2024-01-23 11:00:00,Delhi,28.6139,77.209
16.2,70,4.0,360,2024-01-23 12:00:00,Delhi,28.6139,77.209
12.9,87,6.0,33,2024-01-23 13:00:00,Delhi,28.6139,77.209
13.2,84,4.9,17,2024-01-23 14:00:00,Delhi,28.6139,77.209
12.6,86,4.7,302,2024-01-23 15:00:00,Delhi,28.6139,77.209
11.6,89,6.2,339,2024-01-23 16:00:00,Delhi,28.6139,77.209
10.4,93,6.9,354,2024-01-23 17:00:00,Delhi,28.6139,77.209
9.0,96,8.0,355,2024-01-23 18:00:00,Delhi,28.6139,77.209
9.2,95,8.3,355,2024-01-23 19:00:00,Delhi,28.6139,77.209
10.1,92,5.5,11,2024-01-23 20:00:00,Delhi,28.6139,77.209
10.3,90,4.7,356,2024-01-23 21:00:00,Delhi,28.6139,77.209
8.5,97,6.1,315,2024-01-23 22:00:00,Delhi,28.6139,77.209
7.4,99,6.7,306,2024-01-23 23:00:00,Delhi,28.6139,77.209
6.5,100,7.1,300,2024-01-24 00:00:00,Delhi,28.6139,77.209
6.4,100,6.2,280,2024-01-24 01:00:00,Delhi,28.6139,77.209
6.3,100,6.9,309,2024-01-24 02:00:00,Delhi,28.6139,77.209
8.4,97,6.8,335,2024-01-24 03:00:00,Delhi,28.6139,77.209
10.2,93,4.8,318,2024-01-24 04:00:00,Delhi,28.6139,77.209
12.6,84,5.4,312,2024-01-24 05:00:00,Delhi,28.6139,77.209
14.6,74,5.6,320,2024-01-24 06:00:00,Delhi,28.6139,77.209
16.4,62,5.9,317,2024-01-24 07:00:00,Delhi,28.6139,77.209
17.5,54,5.9,313,2024-01-24 08:00:00,Delhi,28.6139,77.209
18.0,52,5.9,308,2024-01-24 09:00:00,Delhi,28.6139,77.209
18.1,53,6.7,306,2024-01-24 10:00:00,Delhi,28.6139,77.209
17.6,56,7.6,301,2024-01-24 11:00:00,Delhi,28.6139,77.209
15.1,72,6.2,291,2024-01-24 12:00:00,Delhi,28.6139,77.209
11.4,85,8.3,326,2024-01-24 13:00:00,Delhi,28.6139,77.209
10.8,88,7.1,319,2024-01-24 14:00:00,Delhi,28.6139,77.209
9.9,91,7.3,340,2024-01-24 15:00:00,Delhi,28.6139,77.209
9.3,93,7.3,351,2024-01-24 16:00:00,Delhi,28.6139,77.209
8.5,95,6.9,354,2024-01-24 17:00:00,Delhi,28.6139,77.209
7.3,98,8.3,358,2024-01-24 18:00:00,Delhi,28.6139,77.209
6.5,99,9.4,2,2024-01-24 19:00:00,Delhi,28.6139,77.209
6.3,100,8.6,358,2024-01-24 20:00:00,Delhi,28.6139,77.209
6.1,100,6.9,313,2024-01-24 21:00:00,Delhi,28.6139,77.209
5.6,100,5.4,290,2024-01-24 22:00:00,Delhi,28.6139,77.209
6.2,100,5.8,274,2024-01-24 23:00:00,Delhi,28.6139,77.209
6.1,100,6.8,267,2024-01-25 00:00:00,Delhi,28.6139,77.209
6.1,100,5.8,300,2024-01-25 01:00:00,Delhi,28.6139,77.209
6.1,99,5.6,297,2024-01-25 02:00:00,Delhi,28.6139,77.209
6.5,98,4.4,279,2024-01-25 03:00:00,Delhi,28.6139,77.209
7.5,94,4.2,250,2024-01-25 04:00:00,Delhi,28.6139,77.209
10.4,88,1.8,259,2024-01-25 05:00:00,Delhi,28.6139,77.209
13.4,77,1.4,270,2024-01-25 06:00:00,Delhi,28.6139,77.209
15.5,69,1.3,304,2024-01-25 07:00:00,Delhi,28.6139,77.209
16.5,65,1.1,360,2024-01-25 08:00:00,Delhi,28.6139,77.209
17.2,63,2.0,315,2024-01-25 09:00:00,Delhi,28.6139,77.209
17.5,62,4.7,293,2024-01-25 10:00:00,Delhi,28.6139,77.209
16.9,65,7.7,307,2024-01-25 11:00:00,Delhi,28.6139,77.209
15.5,72,5.6,320,2024-01-25 12:00:00,Delhi,28.6139,77.209
11.9,89,6.4,333,2024-01-25 13:00:00,Delhi,28.6139,77.209
10.9,92,7.1,345,2024-01-25 14:00:00,Delhi,28.6139,77.209
10.4,93,7.2,6,2024-01-25 15:00:00,Delhi,28.6139,77.209
9.3,95,8.7,30,2024-01-25 16:00:00,Delhi,28.6139,77.209
8.0,96,10.4,56,2024-01-25 17:00:00,Delhi,28.6139,77.209
8.5,94,7.3,101,2024-01-25 18:00:00,Delhi,28.6139,77.209
8.1,94,6.6,135,2024-01-25 19:00:00,Delhi,28.6139,77.209
8.1,94,6.0,155,2024-01-25 20:00:00,Delhi,28.6139,77.209
7.6,94,6.2,173,2024-01-25 21:00:00,Delhi,28.6139,77.209
7.8,90,6.4,196,2024-01-25 22:00:00,Delhi,28.6139,77.209
7.4,91,6.1,230,2024-01-25 23:00:00,Delhi,28.6139,77.209
6.5,97,4.8,257,2024-01-26 00:00:00,Delhi,28.6139,77.209
6.5,97,6.1,230,2024-01-26 01:00:00,Delhi,28.6139,77.209
6.0,99,5.2,254,2024-01-26 02:00:00,Delhi,28.6139,77.209
7.8,99,5.1,266,2024-01-26 03:00:00,Delhi,28.6139,77.209
9.9,95,2.3,342,2024-01-26 04:00:00,Delhi,28.6139,77.209
12.3,88,1.8,349,2024-01-26 05:00:00,Delhi,28.6139,77.209
14.9,79,2.5,352,2024-01-26 06:00:00,Delhi,28.6139,77.209
16.5,71,3.1,339,2024-01-26 07:00:00,Delhi,28.6139,77.209
17.5,65,3.6,315,2024-01-26 08:00:00,Delhi,28.6139,77.209
18.3,61,4.5,299,2024-01-26 09:00:00,Delhi,28.6139,77.209
18.5,58,5.2,304,2024-01-26 10:00:00,Delhi,28.6139,77.209
18.0,57,4.8,312,2024-01-26 11:00:00,Delhi,28.6139,77.209
15.2,74,6.3,301,2024-01-26 12:00:00,Delhi,28.6139,77.209
15.8,66,5.9,317,2024-01-26 13:00:00,Delhi,28.6139,77.209
12.9,79,6.9,317,2024-01-26 14:00:00,Delhi,28.6139,77.209
10.6,90,9.2,315,2024-01-26 15:00:00,Delhi,28.6139,77.209
10.4,91,8.1,315,2024-01-26 16:00:00,Delhi,28.6139,77.209
9.4,92,11.3,333,2024-01-26 17:00:00,Delhi,28.6139,77.209
8.6,92,10.5,333,2024-01-26 18:00:00,Delhi,28.6139,77.209
7.8,93,10.2,337,2024-01-26 19:00:00,Delhi,28.6139,77.209
7.2,94,9.9,316,2024-01-26 20:00:00,Delhi,28.6139,77.209
7.2,94,6.2,277,2024-01-26 21:00:00,Delhi,28.6139,77.209
7.4,94,7.6,267,2024-01-26 22:00:00,Delhi,28.6139,77.209
7.2,94,9.4,272,2024-01-26 23:00:00,Delhi,28.6139,77.209
7.1,95,10.1,270,2024-01-27 00:00:00,Delhi,28.6139,77.209
6.9,94,11.7,259,2024-01-27 01:00:00,Delhi,28.6139,77.209
7.1,93,13.1,261,2024-01-27 02:00:00,Delhi,28.6139,77.209
9.0,87,15.2,263,2024-01-27 03:00:00,Delhi,28.6139,77.209
11.9,80,12.6,268,2024-01-27 04:00:00,Delhi,28.6139,77.209
14.9,71,13.7,273,2024-01-27 05:00:00,Delhi,28.6139,77.209
17.5,60,15.0,280,2024-01-27 06:00:00,Delhi,28.6139,77.209
19.1,53,16.1,286,2024-01-27 07:00:00,Delhi,28.6139,77.209
20.1,48,16.4,289,2024-01-27 08:00:00,Delhi,28.6139,77.209
20.5,46,16.8,293,2024-01-27 09:00:00,Delhi,28.6139,77.209
20.4,47,16.1,294,2024-01-27 10:00:00,Delhi,28.6139,77.209
19.5,52,13.7,293,2024-01-27 11:00:00,Delhi,28.6139,77.209
17.1,63,9.6,290,2024-01-27 12:00:00,Delhi,28.6139,77.209
14.2,72,8.2,299,2024-01-27 13:00:00,Delhi,28.6139,77.209
13.2,76,8.5,306,2024-01-27 14:00:00,Delhi,28.6139,77.209
11.9,82,10.0,308,2024-01-27 15:00:00,Delhi,28.6139,77.209
11.1,84,10.7,315,2024-01-27 16:00:00,Delhi,28.6139,77.209
10.5,85,11.5,321,2024-01-27 17:00:00,Delhi,28.6139,77.209
10.4,83,10.9,316,2024-01-27 18:00:00,Delhi,28.6139,77.209
11.2,79,7.5,287,2024-01-27 19:00:00,Delhi,28.6139,77.209
8.9,88,8.3,270,2024-01-27 20:00:00,Delhi,28.6139,77.209
8.9,88,6.5,270,2024-01-27 21:00:00,Delhi,28.6139,77.209
8.7,88,4.9,253,2024-01-27 22:00:00,Delhi,28.6139,77.209
8.3,89,5.8,274,2024-01-27 23:00:00,Delhi,28.6139,77.209
6.9,93,7.2,270,2024-01-28 00:00:00,Delhi,28.6139,77.209
10.1,87,2.3,252,2024-01-28 01:00:00,Delhi,28.6139,77.209
10.2,86,1.3,236,2024-01-28 02:00:00,Delhi,28.6139,77.209
11.2,84,1.1,270,2024-01-28 03:00:00,Delhi,28.6139,77.209
14.2,79,1.8,53,2024-01-28 04:00:00,Delhi,28.6139,77.209
16.5,71,5.4,94,2024-01-28 05:00:00,Delhi,28.6139,77.209
18.1,65,8.1,103,2024-01-28 06:00:00,Delhi,28.6139,77.209
19.3,60,8.6,112,2024-01-28 07:00:00,Delhi,28.6139,77.209
20.1,56,8.7,114,2024-01-28 08:00:00,Delhi,28.6139,77.209
20.2,56,9.8,107,2024-01-28 09:00:00,Delhi,28.6139,77.209
20.1,58,10.6,108,2024-01-28 10:00:00,Delhi,28.6139,77.209
19.3,63,10.7,104,2024-01-28 11:00:00,Delhi,28.6139,77.209
17.6,71,8.9,104,2024-01-28 12:00:00,Delhi,28.6139,77.209
15.0,82,11.3,107,2024-01-28 13:00:00,Delhi,28.6139,77.209
14.2,87,13.0,109,2024-01-28 14:00:00,Delhi,28.6139,77.209
13.7,89,13.8,110,2024-01-28 15:00:00,Delhi,28.6139,77.209
13.2,92,13.3,109,2024-01-28 16:00:00,Delhi,28.6139,77.209
12.8,93,12.8,106,2024-01-28 17:00:00,Delhi,28.6139,77.209
12.4,94,12.3,105,2024-01-28 18:00:00,Delhi,28.6139,77.209
12.1,95,12.2,109,2024-01-28 19:00:00,Delhi,28.6139,77.209
11.6,95,11.2,105,2024-01-28 20:00:00,Delhi,28.6139,77.209
11.2,96,10.3,102,2024-01-28 21:00:00,Delhi,28.6139,77.209
10.9,97,11.0,109,2024-01-28 22:00:00,Delhi,28.6139,77.209
10.7,97,11.1,115,2024-01-28 23:00:00,Delhi,28.6139,77.209
10.6,98,11.1,119,2024-01-29 00:00:00,Delhi,28.6139,77.209
9.6,96,9.2,116,2024-01-29 01:00:00,Delhi,28.6139,77.209
9.4,97,8.0,117,2024-01-29 02:00:00,Delhi,28.6139,77.209
10.9,94,9.4,108,2024-01-29 03:00:00,Delhi,28.6139,77.209
13.2,87,8.2,119,2024-01-29 04:00:00,Delhi,28.6139,77.209
15.8,80,8.7,128,2024-01-29 05:00:00,Delhi,28.6139,77.209
18.0,73,8.5,126,2024-01-29 06:00:00,Delhi,28.6139,77.209
19.5,68,7.0,125,2024-01-29 07:00:00,Delhi,28.6139,77.209
20.5,65,5.9,133,2024-01-29 08:00:00,Delhi,28.6139,77.209
21.1,62,4.8,132,2024-01-29 09:00:00,Delhi,28.6139,77.209
21.3,61,3.6,127,2024-01-29 10:00:00,Delhi,28.6139,77.209
20.9,63,3.2,117,2024-01-29 11:00:00,Delhi,28.6139,77.209
19.1,75,4.5,104,2024-01-29 12:00:00,Delhi,28.6139,77.209
17.8,76,5.9,322,2024-01-29 13:00:00,Delhi,28.6139,77.209
14.4,90,9.4,310,2024-01-29 14:00:00,Delhi,28.6139,77.209
13.7,92,8.4,320,2024-01-29 15:00:00,Delhi,28.6139,77.209
12.8,95,9.4,310,2024-01-29 16:00:00,Delhi,28.6139,77.209
12.1,96,10.0,319,2024-01-29 17:00:00,Delhi,28.6139,77.209
11.8,97,8.2,337,2024-01-29 18:00:00,Delhi,28.6139,77.209
11.3,98,8.2,337,2024-01-29 19:00:00,Delhi,28.6139,77.209
10.7,99,9.2,334,2024-01-29 20:00:00,Delhi,28.6139,77.209
10.4,100,7.1,300,2024-01-29 21:00:00,Delhi,28.6139,77.209
10.2,100,5.1,278,2024-01-29 22:00:00,Delhi,28.6139,77.209
10.6,99,4.7,266,2024-01-29 23:00:00,Delhi,28.6139,77.209
10.6,100,5.9,256,2024-01-30 00:00:00,Delhi,28.6139,77.209
10.1,100,6.2,260,2024-01-30 01:00:00,Delhi,28.6139,77.209
10.0,99,7.2,264,2024-01-30 02:00:00,Delhi,28.6139,77.209
10.8,97,7.0,282,2024-01-30 03:00:00,Delhi,28.6139,77.209
12.1,97,6.2,306,2024-01-30 04:00:00,Delhi,28.6139,77.209
13.4,97,6.9,332,2024-01-30 05:00:00,Delhi,28.6139,77.209
16.9,81,6.7,344,2024-01-30 06:00:00,Delhi,28.6139,77.209
18.4,76,5.0,339,2024-01-30 07:00:00,Delhi,28.6139,77.209
19.5,71,3.9,338,2024-01-30 08:00:00,Delhi,28.6139,77.209
20.2,65,3.5,336,2024-01-30 09:00:00,Delhi,28.6139,77.209
20.5,61,2.8,320,2024-01-30 10:00:00,Delhi,28.6139,77.209
20.2,60,3.4,302,2024-01-30 11:00:00,Delhi,28.6139,77.209
17.6,79,6.4,308,2024-01-30 12:00:00,Delhi,28.6139,77.209
14.9,88,8.4,310,2024-01-30 13:00:00,Delhi,28.6139,77.209
13.6,92,9.4,317,2024-01-30 14:00:00,Delhi,28.6139,77.209
13.4,94,8.4,353,2024-01-30 15:00:00,Delhi,28.6139,77.209
12.5,97,8.2,38,2024-01-30 16:00:00,Delhi,28.6139,77.209
11.8,98,8.1,77,2024-01-30 17:00:00,Delhi,28.6139,77.209
11.6,99,8.1,103,2024-01-30 18:00:00,Delhi,28.6139,77.209
11.4,99,8.5,102,2024-01-30 19:00:00,Delhi,28.6139,77.209
10.4,100,9.4,92,2024-01-30 20:00:00,Delhi,28.6139,77.209
9.9,100,8.7,95,2024-01-30 21:00:00,Delhi,28.6139,77.209
10.1,100,7.1,120,2024-01-30 22:00:00,Delhi,28.6139,77.209
10.8,99,5.2,124,2024-01-30 23:00:00,Delhi,28.6139,77.209
10.6,99,6.7,126,2024-01-31 00:00:00,Delhi,28.6139,77.209
10.4,98,6.6,135,2024-01-31 01:00:00,Delhi,28.6139,77.209
10.8,98,7.4,151,2024-01-31 02:00:00,Delhi,28.6139,77.209
11.7,98,8.4,149,2024-01-31 03:00:00,Delhi,28.6139,77.209
13.4,97,11.0,157,2024-01-31 04:00:00,Delhi,28.6139,77.209
14.9,91,8.9,137,2024-01-31 05:00:00,Delhi,28.6139,77.209
17.4,82,9.0,151,2024-01-31 06:00:00,Delhi,28.6139,77.209
18.7,78,8.9,159,2024-01-31 07:00:00,Delhi,28.6139,77.209
20.0,71,10.5,149,2024-01-31 08:00:00,Delhi,28.6139,77.209
20.1,69,5.8,150,2024-01-31 09:00:00,Delhi,28.6139,77.209
20.0,70,8.2,75,2024-01-31 10:00:00,Delhi,28.6139,77.209
17.3,86,13.7,23,2024-01-31 11:00:00,Delhi,28.6139,77.209
16.4,89,2.0,135,2024-01-31 12:00:00,Delhi,28.6139,77.209
13.4,96,6.1,140,2024-01-31 13:00:00,Delhi,28.6139,77.209
14.0,97,4.4,99,2024-01-31 14:00:00,Delhi,28.6139,77.209
13.8,97,6.3,121,2024-01-31 15:00:00,Delhi,28.6139,77.209
13.9,97,12.1,127,2024-01-31 16:00:00,Delhi,28.6139,77.209
13.8,97,14.5,134,2024-01-31 17:00:00,Delhi,28.6139,77.209
13.6,95,8.2,105,2024-01-31 18:00:00,Delhi,28.6139,77.209
13.2,95,12.8,106,2024-01-31 19:00:00,Delhi,28.6139,77.209
13.1,93,12.9,120,2024-01-31 20:00:00,Delhi,28.6139,77.209
12.7,93,13.5,119,2024-01-31 21:00:00,Delhi,28.6139,77.209
12.4,94,14.0,119,2024-01-31 22:00:00,Delhi,28.6139,77.209
12.3,95,16.4,119,2024-01-31 23:00:00,Delhi,28.6139,77.209
12.6,94,14.3,124,2024-02-01 00:00:00,Delhi,28.6139,77.209
13.6,92,15.1,108,2024-02-01 01:00:00,Delhi,28.6139,77.209
13.6,92,12.3,105,2024-02-01 02:00:00,Delhi,28.6139,77.209
14.2,91,13.1,81,2024-02-01 03:00:00,Delhi,28.6139,77.209
15.3,87,18.3,110,2024-02-01 04:00:00,Delhi,28.6139,77.209
16.2,85,20.5,128,2024-02-01 05:00:00,Delhi,28.6139,77.209
17.9,78,21.5,142,2024-02-01 06:00:00,Delhi,28.6139,77.209
19.1,73,17.4,153,2024-02-01 07:00:00,Delhi,28.6139,77.209
20.2,68,10.8,159,2024-02-01 08:00:00,Delhi,28.6139,77.209
21.0,64,8.5,144,2024-02-01 09:00:00,Delhi,28.6139,77.209
21.2,63,7.9,120,2024-02-01 10:00:00,Delhi,28.6139,77.209
20.5,66,9.6,103,2024-02-01 11:00:00,Delhi,28.6139,77.209
18.5,77,10.0,77,2024-02-01 12:00:00,Delhi,28.6139,77.209
15.1,90,13.3,90,2024-02-01 13:00:00,Delhi,28.6139,77.209
14.1,94,13.0,96,2024-02-01 14:00:00,Delhi,28.6139,77.209
13.6,95,11.6,95,2024-02-01 15:00:00,Delhi,28.6139,77.209
13.1,96,11.5,94,2024-02-01 16:00:00,Delhi,28.6139,77.209
12.8,97,10.1,107,2024-02-01 17:00:00,Delhi,28.6139,77.209
12.2,97,8.5,102,2024-02-01 18:00:00,Delhi,28.6139,77.209
11.5,98,6.8,108,2024-02-01 19:00:00,Delhi,28.6139,77.209
10.2,99,7.8,103,2024-02-01 20:00:00,Delhi,28.6139,77.209
9.4,100,6.7,54,2024-02-01 21:00:00,Delhi,28.6139,77.209
8.5,100,8.9,32,2024-02-01 22:00:00,Delhi,28.6139,77.209
9.4,100,5.6,15,2024-02-01 23:00:00,Delhi,28.6139,77.209
9.5,99,2.3,288,2024-02-02 00:00:00,Delhi,28.6139,77.209
9.6,99,7.2,3,2024-02-02 01:00:00,Delhi,28.6139,77.209
9.6,100,7.2,6,2024-02-02 02:00:00,Delhi,28.6139,77.209
10.4,99,6.6,331,2024-02-02 03:00:00,Delhi,28.6139,77.209
11.9,95,7.7,323,2024-02-02 04:00:00,Delhi,28.6139,77.209
13.8,92,8.5,324,2024-02-02 05:00:00,Delhi,28.6139,77.209
16.5,80,10.0,308,2024-02-02 06:00:00,Delhi,28.6139,77.209
18.0,65,12.8,302,2024-02-02 07:00:00,Delhi,28.6139,77.209
19.0,56,13.9,301,2024-02-02 08:00:00,Delhi,28.6139,77.209
19.3,53,14.9,302,2024-02-02 09:00:00,Delhi,28.6139,77.209
19.1,52,15.5,306,2024-02-02 10:00:00,Delhi,28.6139,77.209
18.5,53,15.1,310,2024-02-02 11:00:00,Delhi,28.6139,77.209
16.5,63,10.9,304,2024-02-02 12:00:00,Delhi,28.6139,77.209
13.7,82,9.7,301,2024-02-02 13:00:00,Delhi,28.6139,77.209
12.8,84,10.6,298,2024-02-02 14:00:00,Delhi,28.6139,77.209
12.1,85,11.9,295,2024-02-02 15:00:00,Delhi,28.6139,77.209
11.4,87,12.7,295,2024-02-02 16:00:00,Delhi,28.6139,77.209
10.8,87,12.1,300,2024-02-02 17:00:00,Delhi,28.6139,77.209
10.1,88,10.9,297,2024-02-02 18:00:00,Delhi,28.6139,77.209
9.7,86,11.5,302,2024-02-02 19:00:00,Delhi,28.6139,77.209
9.3,82,10.2,302,2024-02-02 20:00:00,Delhi,28.6139,77.209
8.8,81,9.5,299,2024-02-02 21:00:00,Delhi,28.6139,77.209
8.6,78,9.7,301,2024-02-02 22:00:00,Delhi,28.6139,77.209
8.4,76,9.7,297,2024-02-02 23:00:00,Delhi,28.6139,77.209
8.2,74,9.2,296,2024-02-03 00:00:00,Delhi,28.6139,77.209
8.9,84,8.4,310,2024-02-03 01:00:00,Delhi,28.6139,77.209
8.9,82,8.1,291,2024-02-03 02:00:00,Delhi,28.6139,77.209
10.9,77,10.8,266,2024-02-03 03:00:00,Delhi,28.6139,77.209
13.4,70,10.4,270,2024-02-03 04:00:00,Delhi,28.6139,77.209
15.6,62,10.4,284,2024-02-03 05:00:00,Delhi,28.6139,77.209
17.6,57,9.3,298,2024-02-03 06:00:00,Delhi,28.6139,77.209
19.2,53,7.9,300,2024-02-03 07:00:00,Delhi,28.6139,77.209
20.5,47,5.2,295,2024-02-03 08:00:00,Delhi,28.6139,77.209
20.6,46,3.8,311,2024-02-03 09:00:00,Delhi,28.6139,77.209
20.5,47,2.6,344,2024-02-03 10:00:00,Delhi,28.6139,77.209
20.4,50,2.4,333,2024-02-03 11:00:00,Delhi,28.6139,77.209
19.0,61,3.8,319,2024-02-03 12:00:00,Delhi,28.6139,77.209
15.2,77,8.9,302,2024-02-03 13:00:00,Delhi,28.6139,77.209
15.1,76,7.6,301,2024-02-03 14:00:00,Delhi,28.6139,77.209
15.2,76,7.9,357,2024-02-03 15:00:00,Delhi,28.6139,77.209
15.2,77,6.4,16,2024-02-03 16:00:00,Delhi,28.6139,77.209
13.5,85,9.5,37,2024-02-03 17:00:00,Delhi,28.6139,77.209
15.1,75,6.1,87,2024-02-03 18:00:00,Delhi,28.6139,77.209
14.2,78,5.4,127,2024-02-03 19:00:00,Delhi,28.6139,77.209
13.9,79,6.0,147,2024-02-03 20:00:00,Delhi,28.6139,77.209
13.6,82,6.6,225,2024-02-03 21:00:00,Delhi,28.6139,77.209
13.9,79,5.1,82,2024-02-03 22:00:00,Delhi,28.6139,77.209
12.9,88,4.3,66,2024-02-03 23:00:00,Delhi,28.6139,77.209
12.9,89,6.2,80,2024-02-04 00:00:00,Delhi,28.6139,77.209
14.1,87,2.1,59,2024-02-04 01:00:00,Delhi,28.6139,77.209
13.5,89,5.8,173,2024-02-04 02:00:00,Delhi,28.6139,77.209
14.9,84,8.3,162,2024-02-04 03:00:00,Delhi,28.6139,77.209
16.2,84,7.6,109,2024-02-04 04:00:00,Delhi,28.6139,77.209
17.7,80,9.2,121,2024-02-04 05:00:00,Delhi,28.6139,77.209
19.2,76,7.1,139,2024-02-04 06:00:00,Delhi,28.6139,77.209
20.5,70,8.7,163,2024-02-04 07:00:00,Delhi,28.6139,77.209
20.7,70,16.2,180,2024-02-04 08:00:00,Delhi,28.6139,77.209
19.5,78,14.9,172,2024-02-04 09:00:00,Delhi,28.6139,77.209
18.6,84,14.2,189,2024-02-04 10:00:00,Delhi,28.6139,77.209
17.8,87,8.4,205,2024-02-04 11:00:00,Delhi,28.6139,77.209
17.3,90,5.8,180,2024-02-04 12:00:00,Delhi,28.6139,77.209
16.5,91,7.7,139,2024-02-04 13:00:00,Delhi,28.6139,77.209
16.1,93,8.9,153,2024-02-04 14:00:00,Delhi,28.6139,77.209
15.8,93,8.0,175,2024-02-04 15:00:00,Delhi,28.6139,77.209
15.2,94,7.4,151,2024-02-04 16:00:00,Delhi,28.6139,77.209
14.6,95,7.9,150,2024-02-04 17:00:00,Delhi,28.6139,77.209
14.3,96,10.2,141,2024-02-04 18:00:00,Delhi,28.6139,77.209
13.8,98,6.2,126,2024-02-04 19:00:00,Delhi,28.6139,77.209
13.4,98,7.4,133,2024-02-04 20:00:00,Delhi,28.6139,77.209
13.9,98,9.9,147,2024-02-04 21:00:00,Delhi,28.6139,77.209
14.2,97,7.6,183,2024-02-04 22:00:00,Delhi,28.6139,77.209
13.8,99,12.2,315,2024-02-04 23:00:00,Delhi,28.6139,77.209
13.5,96,5.5,349,2024-02-05 00:00:00,Delhi,28.6139,77.209
14.1,99,8.7,355,2024-02-05 01:00:00,Delhi,28.6139,77.209
14.3,97,9.0,5,2024-02-05 02:00:00,Delhi,28.6139,77.209
14.7,95,9.7,358,2024-02-05 03:00:00,Delhi,28.6139,77.209
15.6,90,11.2,358,2024-02-05 04:00:00,Delhi,28.6139,77.209
16.9,79,10.6,342,2024-02-05 05:00:00,Delhi,28.6139,77.209
18.0,72,8.2,337,2024-02-05 06:00:00,Delhi,28.6139,77.209
18.9,66,7.0,325,2024-02-05 07:00:00,Delhi,28.6139,77.209
19.5,61,8.4,317,2024-02-05 08:00:00,Delhi,28.6139,77.209
19.8,54,9.5,307,2024-02-05 09:00:00,Delhi,28.6139,77.209
19.6,51,10.0,308,2024-02-05 10:00:00,Delhi,28.6139,77.209
19.0,53,10.2,309,2024-02-05 11:00:00,Delhi,28.6139,77.209
17.1,65,6.9,309,2024-02-05 12:00:00,Delhi,28.6139,77.209
14.6,78,8.4,317,2024-02-05 13:00:00,Delhi,28.6139,77.209
13.4,84,9.0,323,2024-02-05 14:00:00,Delhi,28.6139,77.209
12.5,86,9.3,324,2024-02-05 15:00:00,Delhi,28.6139,77.209
11.6,88,8.7,322,2024-02-05 16:00:00,Delhi,28.6139,77.209
10.9,90,9.0,323,2024-02-05 17:00:00,Delhi,28.6139,77.209
10.3,91,8.7,318,2024-02-05 18:00:00,Delhi,28.6139,77.209
9.7,93,8.4,317,2024-02-05 19:00:00,Delhi,28.6139,77.209
9.2,94,8.4,317,2024-02-05 20:00:00,Delhi,28.6139,77.209
8.8,94,9.3,324,2024-02-05 21:00:00,Delhi,28.6139,77.209
8.4,94,9.7,329,2024-02-05 22:00:00,Delhi,28.6139,77.209
8.0,94,8.7,322,2024-02-05 23:00:00,Delhi,28.6139,77.209
7.4,94,7.4,309,2024-02-06 00:00:00,Delhi,28.6139,77.209
8.1,96,7.1,300,2024-02-06 01:00:00,Delhi,28.6139,77.209
7.9,95,8.0,297,2024-02-06 02:00:00,Delhi,28.6139,77.209
9.8,90,9.9,289,2024-02-06 03:00:00,Delhi,28.6139,77.209
12.2,81,8.5,298,2024-02-06 04:00:00,Delhi,28.6139,77.209
14.6,71,9.5,299,2024-02-06 05:00:00,Delhi,28.6139,77.209
16.5,59,10.9,304,2024-02-06 06:00:00,Delhi,28.6139,77.209
17.8,48,12.9,306,2024-02-06 07:00:00,Delhi,28.6139,77.209
18.5,41,14.4,307,2024-02-06 08:00:00,Delhi,28.6139,77.209
18.6,39,15.6,308,2024-02-06 09:00:00,Delhi,28.6139,77.209
18.4,41,15.6,308,2024-02-06 10:00:00,Delhi,28.6139,77.209
17.7,44,14.3,309,2024-02-06 11:00:00,Delhi,28.6139,77.209
15.9,55,9.7,301,2024-02-06 12:00:00,Delhi,28.6139,77.209
13.0,68,7.4,309,2024-02-06 13:00:00,Delhi,28.6139,77.209
11.7,75,7.1,311,2024-02-06 14:00:00,Delhi,28.6139,77.209
10.9,80,7.4,313,2024-02-06 15:00:00,Delhi,28.6139,77.209
10.2,82,7.9,317,2024-02-06 16:00:00,Delhi,28.6139,77.209
9.5,85,8.2,308,2024-02-06 17:00:00,Delhi,28.6139,77.209
9.1,86,9.4,302,2024-02-06 18:00:00,Delhi,28.6139,77.209
9.2,81,11.0,311,2024-02-06 19:00:00,Delhi,28.6139,77.209
9.6,75,11.7,317,2024-02-06 20:00:00,Delhi,28.6139,77.209
9.6,74,9.9,314,2024-02-06 21:00:00,Delhi,28.6139,77.209
9.1,76,8.7,308,2024-02-06 22:00:00,Delhi,28.6139,77.209
8.5,78,8.3,304,2024-02-06 23:00:00,Delhi,28.6139,77.209
7.9,80,8.2,311,2024-02-07 00:00:00,Delhi,28.6139,77.209
8.1,86,7.1,319,2024-02-07 01:00:00,Delhi,28.6139,77.209
8.1,85,7.6,315,2024-02-07 02:00:00,Delhi,28.6139,77.209
10.4,77,11.6,306,2024-02-07 03:00:00,Delhi,28.6139,77.209
12.9,69,11.3,301,2024-02-07 04:00:00,Delhi,28.6139,77.209
15.1,61,12.8,302,2024-02-07 05:00:00,Delhi,28.6139,77.209
16.9,54,16.5,306,2024-02-07 06:00:00,Delhi,28.6139,77.209
17.9,48,19.7,310,2024-02-07 07:00:00,Delhi,28.6139,77.209
18.4,44,21.6,307,2024-02-07 08:00:00,Delhi,28.6139,77.209
18.1,46,23.7,303,2024-02-07 09:00:00,Delhi,28.6139,77.209
17.6,47,22.8,308,2024-02-07 10:00:00,Delhi,28.6139,77.209
17.0,45,20.4,306,2024-02-07 11:00:00,Delhi,28.6139,77.209
15.5,54,15.4,307,2024-02-07 12:00:00,Delhi,28.6139,77.209
13.6,56,14.6,303,2024-02-07 13:00:00,Delhi,28.6139,77.209
12.6,62,14.0,296,2024-02-07 14:00:00,Delhi,28.6139,77.209
11.8,68,14.2,291,2024-02-07 15:00:00,Delhi,28.6139,77.209
11.3,69,14.5,289,2024-02-07 16:00:00,Delhi,28.6139,77.209
10.8,69,14.4,283,2024-02-07 17:00:00,Delhi,28.6139,77.209
10.2,71,14.6,279,2024-02-07 18:00:00,Delhi,28.6139,77.209
9.8,73,16.0,279,2024-02-07 19:00:00,Delhi,28.6139,77.209
9.4,74,16.2,283,2024-02-07 20:00:00,Delhi,28.6139,77.209
9.1,76,16.6,283,2024-02-07 21:00:00,Delhi,28.6139,77.209
8.8,75,17.7,276,2024-02-07 22:00:00,Delhi,28.6139,77.209
8.6,74,17.6,281,2024-02-07 23:00:00,Delhi,28.6139,77.209
8.1,75,17.7,282,2024-02-08 00:00:00,Delhi,28.6139,77.209
8.9,83,19.3,279,2024-02-08 01:00:00,Delhi,28.6139,77.209
9.0,81,20.1,285,2024-02-08 02:00:00,Delhi,28.6139,77.209
10.8,76,21.9,284,2024-02-08 03:00:00,Delhi,28.6139,77.209
13.1,69,22.3,293,2024-02-08 04:00:00,Delhi,28.6139,77.209
15.2,63,24.3,297,2024-02-08 05:00:00,Delhi,28.6139,77.209
16.9,56,25.9,297,2024-02-08 06:00:00,Delhi,28.6139,77.209
18.1,49,27.3,301,2024-02-08 07:00:00,Delhi,28.6139,77.209
18.9,46,27.4,303,2024-02-08 08:00:00,Delhi,28.6139,77.209
19.0,44,26.6,303,2024-02-08 09:00:00,Delhi,28.6139,77.209
19.0,44,25.1,299,2024-02-08 10:00:00,Delhi,28.6139,77.209
18.3,48,22.2,295,2024-02-08 11:00:00,Delhi,28.6139,77.209
16.6,53,19.0,289,2024-02-08 12:00:00,Delhi,28.6139,77.209
14.8,53,15.3,285,2024-02-08 13:00:00,Delhi,28.6139,77.209
13.3,59,14.5,277,2024-02-08 14:00:00,Delhi,28.6139,77.209
12.7,62,15.7,281,2024-02-08 15:00:00,Delhi,28.6139,77.209
12.3,63,16.1,286,2024-02-08 16:00:00,Delhi,28.6139,77.209
11.8,66,15.8,287,2024-02-08 17:00:00,Delhi,28.6139,77.209
11.2,67,15.5,282,2024-02-08 18:00:00,Delhi,28.6139,77.209
10.9,68,15.7,281,2024-02-08 19:00:00,Delhi,28.6139,77.209
10.6,67,15.7,279,2024-02-08 20:00:00,Delhi,28.6139,77.209
10.1,67,15.5,282,2024-02-08 21:00:00,Delhi,28.6139,77.209
9.7,69,15.0,287,2024-02-08 22:00:00,Delhi,28.6139,77.209
9.3,71,14.5,289,2024-02-08 23:00:00,Delhi,28.6139,77.209
8.8,74,12.9,288,2024-02-09 00:00:00,Delhi,28.6139,77.209
8.4,79,11.6,275,2024-02-09 01:00:00,Delhi,28.6139,77.209
8.1,82,10.1,272,2024-02-09 02:00:00,Delhi,28.6139,77.209
10.3,76,10.5,278,2024-02-09 03:00:00,Delhi,28.6139,77.209
13.0,70,7.6,278,2024-02-09 04:00:00,Delhi,28.6139,77.209
15.6,63,7.0,282,2024-02-09 05:00:00,Delhi,28.6139,77.209
17.6,57,7.0,291,2024-02-09 06:00:00,Delhi,28.6139,77.209
19.1,51,8.1,302,2024-02-09 07:00:00,Delhi,28.6139,77.209
20.0,46,9.1,304,2024-02-09 08:00:00,Delhi,28.6139,77.209
20.5,43,9.4,302,2024-02-09 09:00:00,Delhi,28.6139,77.209
20.5,42,8.6,303,2024-02-09 10:00:00,Delhi,28.6139,77.209
20.0,44,7.7,307,2024-02-09 11:00:00,Delhi,28.6139,77.209
17.2,68,7.1,319,2024-02-09 12:00:00,Delhi,28.6139,77.209
15.1,61,9.0,337,2024-02-09 13:00:00,Delhi,28.6139,77.209
13.8,67,9.3,347,2024-02-09 14:00:00,Delhi,28.6139,77.209
11.7,76,11.5,358,2024-02-09 15:00:00,Delhi,28.6139,77.209
10.8,78,11.3,7,2024-02-09 16:00:00,Delhi,28.6139,77.209
10.1,81,11.0,23,2024-02-09 17:00:00,Delhi,28.6139,77.209
9.4,83,11.5,32,2024-02-09 18:00:00,Delhi,28.6139,77.209
8.9,82,11.8,52,2024-02-09 19:00:00,Delhi,28.6139,77.209
9.6,77,9.1,72,2024-02-09 20:00:00,Delhi,28.6139,77.209
9.1,78,9.1,81,2024-02-09 21:00:00,Delhi,28.6139,77.209
9.7,75,8.0,82,2024-02-09 22:00:00,Delhi,28.6139,77.209
9.3,77,7.6,71,2024-02-09 23:00:00,Delhi,28.6139,77.209
9.7,76,6.5,56,2024-02-10 00:00:00,Delhi,28.6139,77.209
7.2,99,8.7,17,2024-02-10 01:00:00,Delhi,28.6139,77.209
8.1,100,5.1,356,2024-02-10 02:00:00,Delhi,28.6139,77.209
9.8,98,1.9,338,2024-02-10 03:00:00,Delhi,28.6139,77.209
11.9,96,2.2,360,2024-02-10 04:00:00,Delhi,28.6139,77.209
13.9,92,2.9,7,2024-02-10 05:00:00,Delhi,28.6139,77.209
16.8,81,4.0,360,2024-02-10 06:00:00,Delhi,28.6139,77.209
18.6,58,6.6,347,2024-02-10 07:00:00,Delhi,28.6139,77.209
19.4,51,8.6,338,2024-02-10 08:00:00,Delhi,28.6139,77.209
19.6,51,9.2,334,2024-02-10 09:00:00,Delhi,28.6139,77.209
19.7,52,9.5,331,2024-02-10 10:00:00,Delhi,28.6139,77.209
19.3,55,9.2,329,2024-02-10 11:00:00,Delhi,28.6139,77.209
17.5,67,5.5,337,2024-02-10 12:00:00,Delhi,28.6139,77.209
14.9,75,8.6,345,2024-02-10 13:00:00,Delhi,28.6139,77.209
13.7,79,10.1,343,2024-02-10 14:00:00,Delhi,28.6139,77.209
12.9,83,9.0,331,2024-02-10 15:00:00,Delhi,28.6139,77.209
12.6,86,7.9,330,2024-02-10 16:00:00,Delhi,28.6139,77.209
12.0,89,7.9,344,2024-02-10 17:00:00,Delhi,28.6139,77.209
11.3,91,7.2,342,2024-02-10 18:00:00,Delhi,28.6139,77.209
10.5,92,8.0,342,2024-02-10 19:00:00,Delhi,28.6139,77.209
9.9,93,8.7,330,2024-02-10 20:00:00,Delhi,28.6139,77.209
9.4,93,8.1,315,2024-02-10 21:00:00,Delhi,28.6139,77.209
8.8,95,7.1,300,2024-02-10 22:00:00,Delhi,28.6139,77.209
8.6,95,5.8,292,2024-02-10 23:00:00,Delhi,28.6139,77.209
8.1,96,5.8,292,2024-02-11 00:00:00,Delhi,28.6139,77.209
8.7,97,5.8,292,2024-02-11 01:00:00,Delhi,28.6139,77.209
8.9,97,7.7,281,2024-02-11 02:00:00,Delhi,28.6139,77.209
11.1,90,8.1,283,2024-02-11 03:00:00,Delhi,28.6139,77.209
14.0,81,6.0,287,2024-02-11 04:00:00,Delhi,28.6139,77.209
16.8,70,6.7,306,2024-02-11 05:00:00,Delhi,28.6139,77.209
19.1,59,7.6,329,2024-02-11 06:00:00,Delhi,28.6139,77.209
20.4,52,8.8,341,2024-02-11 07:00:00,Delhi,28.6139,77.209
21.0,49,8.6,345,2024-02-11 08:00:00,Delhi,28.6139,77.209
21.5,46,8.4,350,2024-02-11 09:00:00,Delhi,28.6139,77.209
21.5,46,8.0,350,2024-02-11 10:00:00,Delhi,28.6139,77.209
21.0,47,7.7,349,2024-02-11 11:00:00,Delhi,28.6139,77.209
18.6,66,5.6,333,2024-02-11 12:00:00,Delhi,28.6139,77.209
15.9,63,8.0,324,2024-02-11 13:00:00,Delhi,28.6139,77.209
15.2,67,9.2,318,2024-02-11 14:00:00,Delhi,28.6139,77.209
14.2,70,9.7,329,2024-02-11 15:00:00,Delhi,28.6139,77.209
13.1,74,8.5,332,2024-02-11 16:00:00,Delhi,28.6139,77.209
11.9,79,7.8,326,2024-02-11 17:00:00,Delhi,28.6139,77.209
10.9,84,8.2,319,2024-02-11 18:00:00,Delhi,28.6139,77.209
10.2,86,7.9,309,2024-02-11 19:00:00,Delhi,28.6139,77.209
9.6,88,7.7,298,2024-02-11 20:00:00,Delhi,28.6139,77.209
9.1,89,7.4,293,2024-02-11 21:00:00,Delhi,28.6139,77.209
8.4,91,8.1,291,2024-02-11 22:00:00,Delhi,28.6139,77.209
7.8,92,9.2,291,2024-02-11 23:00:00,Delhi,28.6139,77.209
7.7,92,9.0,307,2024-02-12 00:00:00,Delhi,28.6139,77.209
7.9,96,6.3,283,2024-02-12 01:00:00,Delhi,28.6139,77.209
8.4,96,4.8,283,2024-02-12 02:00:00,Delhi,28.6139,77.209
11.2,89,5.6,285,2024-02-12 03:00:00,Delhi,28.6139,77.209
14.2,81,4.7,293,2024-02-12 04:00:00,Delhi,28.6139,77.209
16.6,74,3.8,319,2024-02-12 05:00:00,Delhi,28.6139,77.209
19.2,63,5.9,11,2024-02-12 06:00:00,Delhi,28.6139,77.209
20.8,52,6.2,36,2024-02-12 07:00:00,Delhi,28.6139,77.209
21.4,48,5.2,74,2024-02-12 08:00:00,Delhi,28.6139,77.209
21.5,46,5.9,76,2024-02-12 09:00:00,Delhi,28.6139,77.209
21.4,45,5.4,90,2024-02-12 10:00:00,Delhi,28.6139,77.209
20.8,46,6.1,87,2024-02-12 11:00:00,Delhi,28.6139,77.209
19.0,60,4.7,99,2024-02-12 12:00:00,Delhi,28.6139,77.209
16.5,69,8.4,350,2024-02-12 13:00:00,Delhi,28.6139,77.209
15.6,75,8.2,345,2024-02-12 14:00:00,Delhi,28.6139,77.209
15.6,73,6.9,351,2024-02-12 15:00:00,Delhi,28.6139,77.209
14.4,77,7.1,336,2024-02-12 16:00:00,Delhi,28.6139,77.209
13.6,81,6.6,319,2024-02-12 17:00:00,Delhi,28.6139,77.209
12.1,88,9.7,4,2024-02-12 18:00:00,Delhi,28.6139,77.209
11.5,88,8.0,333,2024-02-12 19:00:00,Delhi,28.6139,77.209
10.4,92,10.0,339,2024-02-12 20:00:00,Delhi,28.6139,77.209
9.7,93,10.1,2,2024-02-12 21:00:00,Delhi,28.6139,77.209
9.1,95,9.5,9,2024-02-12 22:00:00,Delhi,28.6139,77.209
9.5,93,7.5,17,2024-02-12 23:00:00,Delhi,28.6139,77.209
8.4,96,9.0,29,2024-02-13 00:00:00,Delhi,28.6139,77.209
9.4,98,8.0,355,2024-02-13 01:00:00,Delhi,28.6139,77.209
9.9,98,6.5,354,2024-02-13 02:00:00,Delhi,28.6139,77.209
12.4,91,2.6,326,2024-02-13 03:00:00,Delhi,28.6139,77.209
15.6,81,1.8,360,2024-02-13 04:00:00,Delhi,28.6139,77.209
18.5,69,3.2,360,2024-02-13 05:00:00,Delhi,28.6139,77.209
20.1,53,3.3,347,2024-02-13 06:00:00,Delhi,28.6139,77.209
20.7,50,2.6,344,2024-02-13 07:00:00,Delhi,28.6139,77.209
21.0,49,3.6,315,2024-02-13 08:00:00,Delhi,28.6139,77.209
21.1,48,3.9,304,2024-02-13 09:00:00,Delhi,28.6139,77.209
21.0,50,5.2,295,2024-02-13 10:00:00,Delhi,28.6139,77.209
20.8,51,6.0,295,2024-02-13 11:00:00,Delhi,28.6139,77.209
19.1,64,4.5,299,2024-02-13 12:00:00,Delhi,28.6139,77.209
15.8,66,10.1,360,2024-02-13 13:00:00,Delhi,28.6139,77.209
15.1,66,10.5,356,2024-02-13 14:00:00,Delhi,28.6139,77.209
17.1,52,5.2,304,2024-02-13 15:00:00,Delhi,28.6139,77.209
14.6,63,5.8,277,2024-02-13 16:00:00,Delhi,28.6139,77.209
14.1,69,6.3,294,2024-02-13 17:00:00,Delhi,28.6139,77.209
13.1,78,6.9,313,2024-02-13 18:00:00,Delhi,28.6139,77.209
12.2,84,6.9,317,2024-02-13 19:00:00,Delhi,28.6139,77.209
11.4,89,7.0,325,2024-02-13 20:00:00,Delhi,28.6139,77.209
11.0,90,6.9,332,2024-02-13 21:00:00,Delhi,28.6139,77.209
10.6,90,6.4,313,2024-02-13 22:00:00,Delhi,28.6139,77.209
10.1,92,6.4,308,2024-02-13 23:00:00,Delhi,28.6139,77.209
9.6,93,6.1,298,2024-02-14 00:00:00,Delhi,28.6139,77.209
10.1,96,5.2,282,2024-02-14 01:00:00,Delhi,28.6139,77.209
10.2,96,7.9,286,2024-02-14 02:00:00,Delhi,28.6139,77.209
12.6,88,8.4,290,2024-02-14 03:00:00,Delhi,28.6139,77.209
15.9,77,6.8,295,2024-02-14 04:00:00,Delhi,28.6139,77.209
19.0,66,9.3,306,2024-02-14 05:00:00,Delhi,28.6139,77.209
21.0,56,12.6,307,2024-02-14 06:00:00,Delhi,28.6139,77.209
22.0,48,13.6,310,2024-02-14 07:00:00,Delhi,28.6139,77.209
22.5,46,12.5,311,2024-02-14 08:00:00,Delhi,28.6139,77.209
22.6,46,12.5,311,2024-02-14 09:00:00,Delhi,28.6139,77.209
22.5,46,12.0,309,2024-02-14 10:00:00,Delhi,28.6139,77.209
22.0,48,12.0,309,2024-02-14 11:00:00,Delhi,28.6139,77.209
20.5,56,8.0,306,2024-02-14 12:00:00,Delhi,28.6139,77.209
18.0,68,8.4,295,2024-02-14 13:00:00,Delhi,28.6139,77.209
16.9,74,9.4,293,2024-02-14 14:00:00,Delhi,28.6139,77.209
15.9,79,9.3,298,2024-02-14 15:00:00,Delhi,28.6139,77.209
15.1,81,8.9,310,2024-02-14 16:00:00,Delhi,28.6139,77.209
14.4,82,8.2,322,2024-02-14 17:00:00,Delhi,28.6139,77.209
12.9,87,7.4,321,2024-02-14 18:00:00,Delhi,28.6139,77.209
12.1,88,6.9,309,2024-02-14 19:00:00,Delhi,28.6139,77.209
11.4,89,6.9,298,2024-02-14 20:00:00,Delhi,28.6139,77.209
10.9,90,6.8,288,2024-02-14 21:00:00,Delhi,28.6139,77.209
10.2,90,6.3,283,2024-02-14 22:00:00,Delhi,28.6139,77.209
10.0,90,7.3,279,2024-02-14 23:00:00,Delhi,28.6139,77.209
9.7,91,8.3,272,2024-02-15 00:00:00,Delhi,28.6139,77.209
10.1,93,7.8,283,2024-02-15 01:00:00,Delhi,28.6139,77.209
10.4,93,8.7,287,2024-02-15 02:00:00,Delhi,28.6139,77.209
13.1,82,9.7,292,2024-02-15 03:00:00,Delhi,28.6139,77.209
16.2,72,7.8,292,2024-02-15 04:00:00,Delhi,28.6139,77.209
19.0,61,8.6,303,2024-02-15 05:00:00,Delhi,28.6139,77.209
21.0,52,9.7,312,2024-02-15 06:00:00,Delhi,28.6139,77.209
22.4,45,10.9,314,2024-02-15 07:00:00,Delhi,28.6139,77.209
23.2,42,12.7,315,2024-02-15 08:00:00,Delhi,28.6139,77.209
23.6,41,14.5,316,2024-02-15 09:00:00,Delhi,28.6139,77.209
23.5,39,15.0,316,2024-02-15 10:00:00,Delhi,28.6139,77.209
23.0,38,14.5,316,2024-02-15 11:00:00,Delhi,28.6139,77.209
21.1,46,10.5,308,2024-02-15 12:00:00,Delhi,28.6139,77.209
18.0,56,8.5,298,2024-02-15 13:00:00,Delhi,28.6139,77.209
16.9,59,10.4,304,2024-02-15 14:00:00,Delhi,28.6139,77.209
15.6,63,9.2,309,2024-02-15 15:00:00,Delhi,28.6139,77.209
14.1,70,7.9,313,2024-02-15 16:00:00,Delhi,28.6139,77.209
12.9,76,8.2,319,2024-02-15 17:00:00,Delhi,28.6139,77.209
11.6,83,11.0,319,2024-02-15 18:00:00,Delhi,28.6139,77.209
10.9,85,10.4,314,2024-02-15 19:00:00,Delhi,28.6139,77.209
10.4,86,9.2,309,2024-02-15 20:00:00,Delhi,28.6139,77.209
9.9,88,8.4,301,2024-02-15 21:00:00,Delhi,28.6139,77.209
9.6,88,7.9,300,2024-02-15 22:00:00,Delhi,28.6139,77.209
9.0,89,7.7,298,2024-02-15 23:00:00,Delhi,28.6139,77.209
8.6,90,7.0,291,2024-02-16 00:00:00,Delhi,28.6139,77.209
9.1,93,6.4,286,2024-02-16 01:00:00,Delhi,28.6139,77.209
9.6,93,5.8,274,2024-02-16 02:00:00,Delhi,28.6139,77.209
12.5,82,7.3,281,2024-02-16 03:00:00,Delhi,28.6139,77.209
16.0,70,5.0,300,2024-02-16 04:00:00,Delhi,28.6139,77.209
19.1,59,6.1,320,2024-02-16 05:00:00,Delhi,28.6139,77.209
21.5,47,7.8,326,2024-02-16 06:00:00,Delhi,28.6139,77.209
23.2,37,9.9,327,2024-02-16 07:00:00,Delhi,28.6139,77.209
24.1,31,11.6,324,2024-02-16 08:00:00,Delhi,28.6139,77.209
24.5,30,12.5,321,2024-02-16 09:00:00,Delhi,28.6139,77.209
24.2,29,12.8,322,2024-02-16 10:00:00,Delhi,28.6139,77.209
23.6,30,11.8,322,2024-02-16 11:00:00,Delhi,28.6139,77.209
21.1,43,6.1,320,2024-02-16 12:00:00,Delhi,28.6139,77.209
17.1,54,11.0,311,2024-02-16 13:00:00,Delhi,28.6139,77.209
15.9,59,10.8,300,2024-02-16 14:00:00,Delhi,28.6139,77.209
15.1,62,9.5,307,2024-02-16 15:00:00,Delhi,28.6139,77.209
14.4,63,8.4,320,2024-02-16 16:00:00,Delhi,28.6139,77.209
13.8,62,8.9,328,2024-02-16 17:00:00,Delhi,28.6139,77.209
12.6,66,8.9,339,2024-02-16 18:00:00,Delhi,28.6139,77.209
11.1,74,11.1,335,2024-02-16 19:00:00,Delhi,28.6139,77.209
10.4,78,11.1,324,2024-02-16 20:00:00,Delhi,28.6139,77.209
11.4,72,7.4,293,2024-02-16 21:00:00,Delhi,28.6139,77.209
9.8,78,7.6,267,2024-02-16 22:00:00,Delhi,28.6139,77.209
10.1,76,8.4,260,2024-02-16 23:00:00,Delhi,28.6139,77.209
9.7,79,11.0,259,2024-02-17 00:00:00,Delhi,28.6139,77.209
9.6,88,9.6,257,2024-02-17 01:00:00,Delhi,28.6139,77.209
9.9,86,10.8,255,2024-02-17 02:00:00,Delhi,28.6139,77.209
13.1,73,12.0,261,2024-02-17 03:00:00,Delhi,28.6139,77.209
16.8,63,9.7,272,2024-02-17 04:00:00,Delhi,28.6139,77.209
20.0,50,11.4,281,2024-02-17 05:00:00,Delhi,28.6139,77.209
22.1,39,13.4,290,2024-02-17 06:00:00,Delhi,28.6139,77.209
23.4,34,14.1,289,2024-02-17 07:00:00,Delhi,28.6139,77.209
24.2,30,14.6,290,2024-02-17 08:00:00,Delhi,28.6139,77.209
24.5,29,14.6,290,2024-02-17 09:00:00,Delhi,28.6139,77.209
24.5,30,14.9,290,2024-02-17 10:00:00,Delhi,28.6139,77.209
23.8,32,14.7,292,2024-02-17 11:00:00,Delhi,28.6139,77.209
22.0,40,9.9,289,2024-02-17 12:00:00,Delhi,28.6139,77.209
18.4,56,9.4,288,2024-02-17 13:00:00,Delhi,28.6139,77.209
16.9,63,10.5,286,2024-02-17 14:00:00,Delhi,28.6139,77.209
15.6,70,10.6,305,2024-02-17 15:00:00,Delhi,28.6139,77.209
14.3,76,12.0,311,2024-02-17 16:00:00,Delhi,28.6139,77.209
13.8,74,12.2,304,2024-02-17 17:00:00,Delhi,28.6139,77.209
13.2,73,11.5,328,2024-02-17 18:00:00,Delhi,28.6139,77.209
12.4,77,11.8,337,2024-02-17 19:00:00,Delhi,28.6139,77.209
13.4,72,7.1,300,2024-02-17 20:00:00,Delhi,28.6139,77.209
10.9,83,5.4,250,2024-02-17 21:00:00,Delhi,28.6139,77.209
10.9,84,5.4,228,2024-02-17 22:00:00,Delhi,28.6139,77.209
9.9,86,6.4,223,2024-02-17 23:00:00,Delhi,28.6139,77.209
11.6,76,4.2,211,2024-02-18 00:00:00,Delhi,28.6139,77.209
10.9,80,6.9,186,2024-02-18 01:00:00,Delhi,28.6139,77.209
11.9,78,7.5,163,2024-02-18 02:00:00,Delhi,28.6139,77.209
16.1,64,7.4,133,2024-02-18 03:00:00,Delhi,28.6139,77.209
20.2,53,5.9,128,2024-02-18 04:00:00,Delhi,28.6139,77.209
22.9,43,8.1,135,2024-02-18 05:00:00,Delhi,28.6139,77.209
24.7,36,11.1,151,2024-02-18 06:00:00,Delhi,28.6139,77.209
25.8,33,13.2,158,2024-02-18 07:00:00,Delhi,28.6139,77.209
26.6,32,13.1,164,2024-02-18 08:00:00,Delhi,28.6139,77.209
27.1,30,11.9,166,2024-02-18 09:00:00,Delhi,28.6139,77.209
27.0,30,11.7,162,2024-02-18 10:00:00,Delhi,28.6139,77.209
26.0,35,12.2,156,2024-02-18 11:00:00,Delhi,28.6139,77.209
24.1,44,8.5,144,2024-02-18 12:00:00,Delhi,28.6139,77.209
21.2,53,8.9,137,2024-02-18 13:00:00,Delhi,28.6139,77.209
20.0,58,10.2,132,2024-02-18 14:00:00,Delhi,28.6139,77.209
19.0,64,12.0,129,2024-02-18 15:00:00,Delhi,28.6139,77.209
18.4,65,14.6,130,2024-02-18 16:00:00,Delhi,28.6139,77.209
18.2,65,15.9,128,2024-02-18 17:00:00,Delhi,28.6139,77.209
17.5,68,15.9,129,2024-02-18 18:00:00,Delhi,28.6139,77.209
17.0,69,16.3,135,2024-02-18 19:00:00,Delhi,28.6139,77.209
16.4,70,15.8,135,2024-02-18 20:00:00,Delhi,28.6139,77.209
16.0,71,16.6,131,2024-02-18 21:00:00,Delhi,28.6139,77.209
15.5,71,16.9,128,2024-02-18 22:00:00,Delhi,28.6139,77.209
15.1,72,18.9,145,2024-02-18 23:00:00,Delhi,28.6139,77.209
14.7,73,18.9,138,2024-02-19 00:00:00,Delhi,28.6139,77.209
15.1,73,19.0,127,2024-02-19 01:00:00,Delhi,28.6139,77.209
15.3,72,19.9,131,2024-02-19 02:00:00,Delhi,28.6139,77.209
17.2,66,20.9,132,2024-02-19 03:00:00,Delhi,28.6139,77.209
19.6,57,24.2,133,2024-02-19 04:00:00,Delhi,28.6139,77.209
21.9,52,26.2,136,2024-02-19 05:00:00,Delhi,28.6139,77.209
23.8,49,28.3,137,2024-02-19 06:00:00,Delhi,28.6139,77.209
25.2,46,28.5,137,2024-02-19 07:00:00,Delhi,28.6139,77.209
26.2,44,27.8,138,2024-02-19 08:00:00,Delhi,28.6139,77.209
26.8,44,27.1,140,2024-02-19 09:00:00,Delhi,28.6139,77.209
26.6,44,26.4,145,2024-02-19 10:00:00,Delhi,28.6139,77.209
26.1,47,24.6,141,2024-02-19 11:00:00,Delhi,28.6139,77.209
25.2,52,18.9,140,2024-02-19 12:00:00,Delhi,28.6139,77.209
23.0,58,16.1,114,2024-02-19 13:00:00,Delhi,28.6139,77.209
22.0,62,18.1,107,2024-02-19 14:00:00,Delhi,28.6139,77.209
21.1,63,16.3,108,2024-02-19 15:00:00,Delhi,28.6139,77.209
20.2,66,14.4,103,2024-02-19 16:00:00,Delhi,28.6139,77.209
19.2,71,13.0,92,2024-02-19 17:00:00,Delhi,28.6139,77.209
19.0,71,17.4,108,2024-02-19 18:00:00,Delhi,28.6139,77.209
18.5,72,20.0,124,2024-02-19 19:00:00,Delhi,28.6139,77.209
18.0,73,16.1,138,2024-02-19 20:00:00,Delhi,28.6139,77.209
17.0,79,13.5,146,2024-02-19 21:00:00,Delhi,28.6139,77.209
16.5,83,10.5,149,2024-02-19 22:00:00,Delhi,28.6139,77.209
16.1,87,8.2,157,2024-02-19 23:00:00,Delhi,28.6139,77.209
15.2,90,5.4,42,2024-02-20 00:00:00,Delhi,28.6139,77.209
15.9,87,8.7,97,2024-02-20 01:00:00,Delhi,28.6139,77.209
15.9,88,8.5,78,2024-02-20 02:00:00,Delhi,28.6139,77.209
17.6,80,8.8,78,2024-02-20 03:00:00,Delhi,28.6139,77.209
20.0,71,11.9,92,2024-02-20 04:00:00,Delhi,28.6139,77.209
21.4,65,13.2,112,2024-02-20 05:00:00,Delhi,28.6139,77.209
24.0,56,11.2,123,2024-02-20 06:00:00,Delhi,28.6139,77.209
25.6,48,7.9,150,2024-02-20 07:00:00,Delhi,28.6139,77.209
26.9,33,7.2,217,2024-02-20 08:00:00,Delhi,28.6139,77.209
27.3,26,9.6,250,2024-02-20 09:00:00,Delhi,28.6139,77.209
27.0,23,13.7,267,2024-02-20 10:00:00,Delhi,28.6139,77.209
26.4,26,9.7,266,2024-02-20 11:00:00,Delhi,28.6139,77.209
24.8,47,4.0,270,2024-02-20 12:00:00,Delhi,28.6139,77.209
21.6,55,10.1,55,2024-02-20 13:00:00,Delhi,28.6139,77.209
19.9,69,12.6,92,2024-02-20 14:00:00,Delhi,28.6139,77.209
18.6,78,11.5,92,2024-02-20 15:00:00,Delhi,28.6139,77.209
16.9,85,9.0,106,2024-02-20 16:00:00,Delhi,28.6139,77.209
17.0,83,6.6,22,2024-02-20 17:00:00,Delhi,28.6139,77.209
16.4,84,5.7,55,2024-02-20 18:00:00,Delhi,28.6139,77.209
14.6,92,7.9,66,2024-02-20 19:00:00,Delhi,28.6139,77.209
14.6,91,6.5,109,2024-02-20 20:00:00,Delhi,28.6139,77.209
13.5,94,5.1,356,2024-02-20 21:00:00,Delhi,28.6139,77.209
12.9,96,6.4,63,2024-02-20 22:00:00,Delhi,28.6139,77.209
12.4,97,7.2,63,2024-02-20 23:00:00,Delhi,28.6139,77.209
12.1,97,7.4,51,2024-02-21 00:00:00,Delhi,28.6139,77.209
13.2,93,7.6,3,2024-02-21 01:00:00,Delhi,28.6139,77.209
13.6,92,6.4,322,2024-02-21 02:00:00,Delhi,28.6139,77.209
16.0,83,9.4,313,2024-02-21 03:00:00,Delhi,28.6139,77.209
18.9,70,8.5,324,2024-02-21 04:00:00,Delhi,28.6139,77.209
21.8,56,7.1,315,2024-02-21 05:00:00,Delhi,28.6139,77.209
23.8,39,7.9,309,2024-02-21 06:00:00,Delhi,28.6139,77.209
25.0,28,8.7,300,2024-02-21 07:00:00,Delhi,28.6139,77.209
25.7,20,11.2,285,2024-02-21 08:00:00,Delhi,28.6139,77.209
25.9,18,13.0,284,2024-02-21 09:00:00,Delhi,28.6139,77.209
25.6,17,12.4,292,2024-02-21 10:00:00,Delhi,28.6139,77.209
25.0,18,12.4,287,2024-02-21 11:00:00,Delhi,28.6139,77.209
23.1,25,8.5,282,2024-02-21 12:00:00,Delhi,28.6139,77.209
19.6,37,8.7,315,2024-02-21 13:00:00,Delhi,28.6139,77.209
18.7,41,12.5,342,2024-02-21 14:00:00,Delhi,28.6139,77.209
17.8,43,17.3,359,2024-02-21 15:00:00,Delhi,28.6139,77.209
16.9,46,16.0,8,2024-02-21 16:00:00,Delhi,28.6139,77.209
16.2,46,16.7,14,2024-02-21 17:00:00,Delhi,28.6139,77.209
15.9,52,15.5,18,2024-02-21 18:00:00,Delhi,28.6139,77.209
15.9,60,16.3,14,2024-02-21 19:00:00,Delhi,28.6139,77.209
15.6,61,16.7,19,2024-02-21 20:00:00,Delhi,28.6139,77.209
15.1,63,14.3,18,2024-02-21 21:00:00,Delhi,28.6139,77.209
15.0,62,5.8,83,2024-02-21 22:00:00,Delhi,28.6139,77.209
12.7,73,7.4,241,2024-02-21 23:00:00,Delhi,28.6139,77.209
10.9,83,5.2,254,2024-02-22 00:00:00,Delhi,28.6139,77.209
11.9,87,2.8,220,2024-02-22 01:00:00,Delhi,28.6139,77.209
12.4,84,10.1,215,2024-02-22 02:00:00,Delhi,28.6139,77.209
15.3,74,9.4,288,2024-02-22 03:00:00,Delhi,28.6139,77.209
17.5,64,11.0,308,2024-02-22 04:00:00,Delhi,28.6139,77.209
19.7,53,11.1,306,2024-02-22 05:00:00,Delhi,28.6139,77.209
21.8,42,12.0,311,2024-02-22 06:00:00,Delhi,28.6139,77.209
23.0,31,14.5,314,2024-02-22 07:00:00,Delhi,28.6139,77.209
24.0,22,12.7,305,2024-02-22 08:00:00,Delhi,28.6139,77.209
23.9,22,14.3,311,2024-02-22 09:00:00,Delhi,28.6139,77.209
23.5,21,13.5,314,2024-02-22 10:00:00,Delhi,28.6139,77.209
23.1,21,13.2,313,2024-02-22 11:00:00,Delhi,28.6139,77.209
21.6,25,11.2,312,2024-02-22 12:00:00,Delhi,28.6139,77.209
19.4,34,11.4,325,2024-02-22 13:00:00,Delhi,28.6139,77.209
17.6,42,10.8,334,2024-02-22 14:00:00,Delhi,28.6139,77.209
16.1,46,9.7,333,2024-02-22 15:00:00,Delhi,28.6139,77.209
14.9,50,8.5,332,2024-02-22 16:00:00,Delhi,28.6139,77.209
13.8,55,8.1,339,2024-02-22 17:00:00,Delhi,28.6139,77.209
12.9,58,8.0,342,2024-02-22 18:00:00,Delhi,28.6139,77.209
12.1,59,8.0,342,2024-02-22 19:00:00,Delhi,28.6139,77.209
12.1,56,8.9,339,2024-02-22 20:00:00,Delhi,28.6139,77.209
11.4,57,8.6,345,2024-02-22 21:00:00,Delhi,28.6139,77.209
10.4,61,8.0,355,2024-02-22 22:00:00,Delhi,28.6139,77.209
9.6,63,8.3,342,2024-02-22 23:00:00,Delhi,28.6139,77.209
8.5,68,11.4,336,2024-02-23 00:00:00,Delhi,28.6139,77.209
9.4,77,9.1,326,2024-02-23 01:00:00,Delhi,28.6139,77.209
10.6,71,6.7,306,2024-02-23 02:00:00,Delhi,28.6139,77.209
13.6,61,7.3,290,2024-02-23 03:00:00,Delhi,28.6139,77.209
16.6,51,6.2,291,2024-02-23 04:00:00,Delhi,28.6139,77.209
19.0,43,7.6,295,2024-02-23 05:00:00,Delhi,28.6139,77.209
21.0,33,10.5,311,2024-02-23 06:00:00,Delhi,28.6139,77.209
22.0,28,13.5,312,2024-02-23 07:00:00,Delhi,28.6139,77.209
22.6,26,14.8,311,2024-02-23 08:00:00,Delhi,28.6139,77.209
22.8,24,15.1,308,2024-02-23 09:00:00,Delhi,28.6139,77.209
22.5,24,15.2,306,2024-02-23 10:00:00,Delhi,28.6139,77.209
22.0,25,14.5,300,2024-02-23 11:00:00,Delhi,28.6139,77.209
20.6,29,10.8,291,2024-02-23 12:00:00,Delhi,28.6139,77.209
17.0,40,8.3,304,2024-02-23 13:00:00,Delhi,28.6139,77.209
15.4,47,8.4,310,2024-02-23 14:00:00,Delhi,28.6139,77.209
14.7,51,7.5,325,2024-02-23 15:00:00,Delhi,28.6139,77.209
13.6,53,8.7,336,2024-02-23 16:00:00,Delhi,28.6139,77.209
13.8,50,11.1,347,2024-02-23 17:00:00,Delhi,28.6139,77.209
13.4,49,10.9,351,2024-02-23 18:00:00,Delhi,28.6139,77.209
12.7,48,9.3,16,2024-02-23 19:00:00,Delhi,28.6139,77.209
10.6,58,8.6,75,2024-02-23 20:00:00,Delhi,28.6139,77.209
10.8,58,7.4,137,2024-02-23 21:00:00,Delhi,28.6139,77.209
9.3,65,10.2,129,2024-02-23 22:00:00,Delhi,28.6139,77.209
9.4,63,8.7,150,2024-02-23 23:00:00,Delhi,28.6139,77.209
11.8,52,6.5,146,2024-02-24 00:00:00,Delhi,28.6139,77.209
11.6,69,7.4,76,2024-02-24 01:00:00,Delhi,28.6139,77.209
12.4,66,6.5,84,2024-02-24 02:00:00,Delhi,28.6139,77.209
14.2,62,3.3,174,2024-02-24 03:00:00,Delhi,28.6139,77.209
17.3,51,2.2,171,2024-02-24 04:00:00,Delhi,28.6139,77.209
19.6,42,5.1,356,2024-02-24 05:00:00,Delhi,28.6139,77.209
20.5,36,6.1,357,2024-02-24 06:00:00,Delhi,28.6139,77.209
22.3,29,5.8,353,2024-02-24 07:00:00,Delhi,28.6139,77.209
23.4,23,6.6,351,2024-02-24 08:00:00,Delhi,28.6139,77.209
22.6,25,10.5,239,2024-02-24 09:00:00,Delhi,28.6139,77.209
22.0,29,12.1,260,2024-02-24 10:00:00,Delhi,28.6139,77.209
22.0,28,6.9,279,2024-02-24 11:00:00,Delhi,28.6139,77.209
20.8,36,3.2,243,2024-02-24 12:00:00,Delhi,28.6139,77.209
18.0,34,7.2,307,2024-02-24 13:00:00,Delhi,28.6139,77.209
16.5,41,8.5,282,2024-02-24 14:00:00,Delhi,28.6139,77.209
15.9,43,3.3,174,2024-02-24 15:00:00,Delhi,28.6139,77.209
17.0,38,4.8,132,2024-02-24 16:00:00,Delhi,28.6139,77.209
14.3,46,8.1,32,2024-02-24 17:00:00,Delhi,28.6139,77.209
13.6,45,11.5,46,2024-02-24 18:00:00,Delhi,28.6139,77.209
13.1,42,10.1,55,2024-02-24 19:00:00,Delhi,28.6139,77.209
11.1,48,8.6,88,2024-02-24 20:00:00,Delhi,28.6139,77.209
10.6,51,9.0,113,2024-02-24 21:00:00,Delhi,28.6139,77.209
10.4,50,9.3,103,2024-02-24 22:00:00,Delhi,28.6139,77.209
10.8,48,8.4,97,2024-02-24 23:00:00,Delhi,28.6139,77.209
12.3,42,5.8,86,2024-02-25 00:00:00,Delhi,28.6139,77.209
11.4,71,8.6,57,2024-02-25 01:00:00,Delhi,28.6139,77.209
12.1,69,4.8,48,2024-02-25 02:00:00,Delhi,28.6139,77.209
14.7,60,4.8,48,2024-02-25 03:00:00,Delhi,28.6139,77.209
18.0,49,3.1,69,2024-02-25 04:00:00,Delhi,28.6139,77.209
21.1,37,5.0,69,2024-02-25 05:00:00,Delhi,28.6139,77.209
23.2,25,7.3,70,2024-02-25 06:00:00,Delhi,28.6139,77.209
24.1,21,6.0,65,2024-02-25 07:00:00,Delhi,28.6139,77.209
24.6,19,4.6,51,2024-02-25 08:00:00,Delhi,28.6139,77.209
25.0,18,5.3,28,2024-02-25 09:00:00,Delhi,28.6139,77.209
24.6,18,10.1,356,2024-02-25 10:00:00,Delhi,28.6139,77.209
23.7,19,17.7,348,2024-02-25 11:00:00,Delhi,28.6139,77.209
22.5,18,14.8,346,2024-02-25 12:00:00,Delhi,28.6139,77.209
19.9,27,13.7,5,2024-02-25 13:00:00,Delhi,28.6139,77.209
19.0,31,10.6,10,2024-02-25 14:00:00,Delhi,28.6139,77.209
16.5,38,7.6,8,2024-02-25 15:00:00,Delhi,28.6139,77.209
15.7,42,8.0,8,2024-02-25 16:00:00,Delhi,28.6139,77.209
15.4,44,9.0,5,2024-02-25 17:00:00,Delhi,28.6139,77.209
15.4,47,11.4,11,2024-02-25 18:00:00,Delhi,28.6139,77.209
14.6,50,12.0,16,2024-02-25 19:00:00,Delhi,28.6139,77.209
14.1,51,11.0,19,2024-02-25 20:00:00,Delhi,28.6139,77.209
13.4,53,9.8,28,2024-02-25 21:00:00,Delhi,28.6139,77.209
13.1,53,9.1,34,2024-02-25 22:00:00,Delhi,28.6139,77.209
11.7,58,7.3,20,2024-02-25 23:00:00,Delhi,28.6139,77.209
11.1,60,8.3,18,2024-02-26 00:00:00,Delhi,28.6139,77.209
12.6,67,7.1,41,2024-02-26 01:00:00,Delhi,28.6139,77.209
13.3,75,4.7,4,2024-02-26 02:00:00,Delhi,28.6139,77.209
14.9,60,0.4,270,2024-02-26 03:00:00,Delhi,28.6139,77.209
17.6,52,2.5,8,2024-02-26 04:00:00,Delhi,28.6139,77.209
21.0,40,5.9,11,2024-02-26 05:00:00,Delhi,28.6139,77.209
23.3,27,9.8,8,2024-02-26 06:00:00,Delhi,28.6139,77.209
24.2,25,8.7,353,2024-02-26 07:00:00,Delhi,28.6139,77.209
24.6,25,7.9,321,2024-02-26 08:00:00,Delhi,28.6139,77.209
24.1,26,8.1,315,2024-02-26 09:00:00,Delhi,28.6139,77.209
23.8,28,7.7,319,2024-02-26 10:00:00,Delhi,28.6139,77.209
23.5,28,7.2,323,2024-02-26 11:00:00,Delhi,28.6139,77.209
22.0,40,3.8,311,2024-02-26 12:00:00,Delhi,28.6139,77.209
18.8,37,8.2,337,2024-02-26 13:00:00,Delhi,28.6139,77.209
17.0,46,9.9,327,2024-02-26 14:00:00,Delhi,28.6139,77.209
17.2,45,6.6,331,2024-02-26 15:00:00,Delhi,28.6139,77.209
15.6,49,8.4,353,2024-02-26 16:00:00,Delhi,28.6139,77.209
15.0,52,9.4,358,2024-02-26 17:00:00,Delhi,28.6139,77.209
14.9,50,7.3,351,2024-02-26 18:00:00,Delhi,28.6139,77.209
15.1,48,5.4,360,2024-02-26 19:00:00,Delhi,28.6139,77.209
14.7,52,6.5,3,2024-02-26 20:00:00,Delhi,28.6139,77.209
14.4,52,5.6,310,2024-02-26 21:00:00,Delhi,28.6139,77.209
15.0,50,7.1,300,2024-02-26 22:00:00,Delhi,28.6139,77.209
15.0,53,11.8,290,2024-02-26 23:00:00,Delhi,28.6139,77.209
14.3,62,10.3,324,2024-02-27 00:00:00,Delhi,28.6139,77.209
15.4,55,9.6,304,2024-02-27 01:00:00,Delhi,28.6139,77.209
15.1,60,9.0,265,2024-02-27 02:00:00,Delhi,28.6139,77.209
16.1,59,9.1,279,2024-02-27 03:00:00,Delhi,28.6139,77.209
17.5,51,11.0,319,2024-02-27 04:00:00,Delhi,28.6139,77.209
19.3,47,13.0,332,2024-02-27 05:00:00,Delhi,28.6139,77.209
22.3,35,16.0,346,2024-02-27 06:00:00,Delhi,28.6139,77.209
23.5,30,15.5,1,2024-02-27 07:00:00,Delhi,28.6139,77.209
24.1,28,11.9,2,2024-02-27 08:00:00,Delhi,28.6139,77.209
24.5,27,10.1,354,2024-02-27 09:00:00,Delhi,28.6139,77.209
24.1,27,13.0,346,2024-02-27 10:00:00,Delhi,28.6139,77.209
23.5,28,13.2,343,2024-02-27 11:00:00,Delhi,28.6139,77.209
22.2,29,13.4,340,2024-02-27 12:00:00,Delhi,28.6139,77.209
18.3,43,6.4,322,2024-02-27 13:00:00,Delhi,28.6139,77.209
17.6,48,10.2,309,2024-02-27 14:00:00,Delhi,28.6139,77.209
16.6,51,12.0,311,2024-02-27 15:00:00,Delhi,28.6139,77.209
15.6,53,8.4,301,2024-02-27 16:00:00,Delhi,28.6139,77.209
14.5,57,7.5,287,2024-02-27 17:00:00,Delhi,28.6139,77.209
14.1,60,10.5,297,2024-02-27 18:00:00,Delhi,28.6139,77.209
13.9,65,11.2,310,2024-02-27 19:00:00,Delhi,28.6139,77.209
13.2,70,9.5,307,2024-02-27 20:00:00,Delhi,28.6139,77.209
12.6,75,9.7,301,2024-02-27 21:00:00,Delhi,28.6139,77.209
12.1,76,10.0,300,2024-02-27 22:00:00,Delhi,28.6139,77.209
11.8,78,9.5,299,2024-02-27 23:00:00,Delhi,28.6139,77.209
11.4,79,9.8,298,2024-02-28 00:00:00,Delhi,28.6139,77.209
11.6,78,10.0,296,2024-02-28 01:00:00,Delhi,28.6139,77.209
12.0,76,12.1,282,2024-02-28 02:00:00,Delhi,28.6139,77.209
14.4,67,12.0,279,2024-02-28 03:00:00,Delhi,28.6139,77.209
17.1,57,13.5,286,2024-02-28 04:00:00,Delhi,28.6139,77.209
19.8,48,15.6,296,2024-02-28 05:00:00,Delhi,28.6139,77.209
21.9,40,17.9,304,2024-02-28 06:00:00,Delhi,28.6139,77.209
23.1,35,20.1,303,2024-02-28 07:00:00,Delhi,28.6139,77.209
23.8,33,20.2,301,2024-02-28 08:00:00,Delhi,28.6139,77.209
24.0,33,20.7,305,2024-02-28 09:00:00,Delhi,28.6139,77.209
23.8,34,20.4,311,2024-02-28 10:00:00,Delhi,28.6139,77.209
23.3,36,18.3,313,2024-02-28 11:00:00,Delhi,28.6139,77.209
22.5,38,15.8,311,2024-02-28 12:00:00,Delhi,28.6139,77.209
20.0,47,10.5,319,2024-02-28 13:00:00,Delhi,28.6139,77.209
18.5,54,10.0,311,2024-02-28 14:00:00,Delhi,28.6139,77.209
17.5,57,9.4,310,2024-02-28 15:00:00,Delhi,28.6139,77.209
16.4,61,9.4,302,2024-02-28 16:00:00,Delhi,28.6139,77.209
15.6,65,10.2,302,2024-02-28 17:00:00,Delhi,28.6139,77.209
14.9,67,10.9,304,2024-02-28 18:00:00,Delhi,28.6139,77.209
14.4,68,11.0,302,2024-02-28 19:00:00,Delhi,28.6139,77.209
13.9,69,11.1,295,2024-02-28 20:00:00,Delhi,28.6139,77.209
13.4,71,11.6,292,2024-02-28 21:00:00,Delhi,28.6139,77.209
12.9,74,11.5,290,2024-02-28 22:00:00,Delhi,28.6139,77.209
12.4,76,12.1,293,2024-02-28 23:00:00,Delhi,28.6139,77.209
12.0,77,11.8,290,2024-02-29 00:00:00,Delhi,28.6139,77.209
12.4,79,11.5,284,2024-02-29 01:00:00,Delhi,28.6139,77.209
12.9,77,12.8,280,2024-02-29 02:00:00,Delhi,28.6139,77.209
15.6,68,11.6,275,2024-02-29 03:00:00,Delhi,28.6139,77.209
18.7,57,11.4,281,2024-02-29 04:00:00,Delhi,28.6139,77.209
21.4,46,13.2,296,2024-02-29 05:00:00,Delhi,28.6139,77.209
23.3,38,13.0,304,2024-02-29 06:00:00,Delhi,28.6139,77.209
24.7,34,12.9,306,2024-02-29 07:00:00,Delhi,28.6139,77.209
25.6,31,12.0,309,2024-02-29 08:00:00,Delhi,28.6139,77.209
26.2,29,11.3,307,2024-02-29 09:00:00,Delhi,28.6139,77.209
26.2,28,11.1,306,2024-02-29 10:00:00,Delhi,28.6139,77.209
25.8,28,11.6,306,2024-02-29 11:00:00,Delhi,28.6139,77.209
24.4,33,8.3,304,2024-02-29 12:00:00,Delhi,28.6139,77.209
19.9,51,10.1,305,2024-02-29 13:00:00,Delhi,28.6139,77.209
18.8,57,9.7,301,2024-02-29 14:00:00,Delhi,28.6139,77.209
17.5,64,9.3,286,2024-02-29 15:00:00,Delhi,28.6139,77.209
17.5,63,8.7,294,2024-02-29 16:00:00,Delhi,28.6139,77.209
15.9,67,10.2,302,2024-02-29 17:00:00,Delhi,28.6139,77.209
15.1,69,10.3,331,2024-02-29 18:00:00,Delhi,28.6139,77.209
14.4,72,9.2,349,2024-02-29 19:00:00,Delhi,28.6139,77.209
13.9,74,10.0,339,2024-02-29 20:00:00,Delhi,28.6139,77.209
15.9,64,4.7,302,2024-02-29 21:00:00,Delhi,28.6139,77.209
16.1,63,3.3,77,2024-02-29 22:00:00,Delhi,28.6139,77.209
15.7,65,5.3,62,2024-02-29 23:00:00,Delhi,28.6139,77.209
20.1,86,6.2,100,2023-11-01 00:00:00,Hyderabad,17.385,78.4867
20.8,88,6.8,90,2023-11-01 01:00:00,Hyderabad,17.385,78.4867
22.5,82,6.6,99,2023-11-01 02:00:00,Hyderabad,17.385,78.4867
24.6,76,7.1,120,2023-11-01 03:00:00,Hyderabad,17.385,78.4867
26.8,64,8.4,115,2023-11-01 04:00:00,Hyderabad,17.385,78.4867
28.3,56,5.8,86,2023-11-01 05:00:00,Hyderabad,17.385,78.4867
29.2,51,4.8,48,2023-11-01 06:00:00,Hyderabad,17.385,78.4867
30.0,47,4.8,42,2023-11-01 07:00:00,Hyderabad,17.385,78.4867
30.4,45,5.3,28,2023-11-01 08:00:00,Hyderabad,17.385,78.4867
30.7,43,7.1,45,2023-11-01 09:00:00,Hyderabad,17.385,78.4867
30.5,42,8.7,52,2023-11-01 10:00:00,Hyderabad,17.385,78.4867
29.6,43,8.9,47,2023-11-01 11:00:00,Hyderabad,17.385,78.4867
27.5,53,6.0,25,2023-11-01 12:00:00,Hyderabad,17.385,78.4867
24.9,72,7.1,49,2023-11-01 13:00:00,Hyderabad,17.385,78.4867
24.2,72,5.4,20,2023-11-01 14:00:00,Hyderabad,17.385,78.4867
23.7,75,5.5,23,2023-11-01 15:00:00,Hyderabad,17.385,78.4867
23.4,74,6.9,28,2023-11-01 16:00:00,Hyderabad,17.385,78.4867
23.0,72,7.5,35,2023-11-01 17:00:00,Hyderabad,17.385,78.4867
22.0,78,6.2,36,2023-11-01 18:00:00,Hyderabad,17.385,78.4867
21.2,83,7.4,39,2023-11-01 19:00:00,Hyderabad,17.385,78.4867
21.5,81,8.0,117,2023-11-01 20:00:00,Hyderabad,17.385,78.4867
20.8,84,5.1,98,2023-11-01 21:00:00,Hyderabad,17.385,78.4867
20.5,85,5.3,118,2023-11-01 22:00:00,Hyderabad,17.385,78.4867
20.2,89,5.3,118,2023-11-01 23:00:00,Hyderabad,17.385,78.4867
19.9,95,5.4,127,2023-11-02 00:00:00,Hyderabad,17.385,78.4867
21.2,98,4.9,107,2023-11-02 01:00:00,Hyderabad,17.385,78.4867
23.1,89,11.1,115,2023-11-02 02:00:00,Hyderabad,17.385,78.4867
25.0,76,10.9,107,2023-11-02 03:00:00,Hyderabad,17.385,78.4867
26.6,68,9.2,101,2023-11-02 04:00:00,Hyderabad,17.385,78.4867
27.9,62,6.6,103,2023-11-02 05:00:00,Hyderabad,17.385,78.4867
28.9,57,4.7,90,2023-11-02 06:00:00,Hyderabad,17.385,78.4867
29.7,52,3.8,41,2023-11-02 07:00:00,Hyderabad,17.385,78.4867
30.3,49,4.5,29,2023-11-02 08:00:00,Hyderabad,17.385,78.4867
30.5,48,4.0,360,2023-11-02 09:00:00,Hyderabad,17.385,78.4867
30.1,48,5.7,35,2023-11-02 10:00:00,Hyderabad,17.385,78.4867
29.2,51,8.7,73,2023-11-02 11:00:00,Hyderabad,17.385,78.4867
27.0,61,18.4,102,2023-11-02 12:00:00,Hyderabad,17.385,78.4867
23.1,86,10.7,76,2023-11-02 13:00:00,Hyderabad,17.385,78.4867
22.8,88,1.5,104,2023-11-02 14:00:00,Hyderabad,17.385,78.4867
22.6,90,4.5,104,2023-11-02 15:00:00,Hyderabad,17.385,78.4867
22.2,90,5.6,105,2023-11-02 16:00:00,Hyderabad,17.385,78.4867
22.1,88,5.8,86,2023-11-02 17:00:00,Hyderabad,17.385,78.4867
22.3,88,5.8,97,2023-11-02 18:00:00,Hyderabad,17.385,78.4867
22.0,90,5.8,97,2023-11-02 19:00:00,Hyderabad,17.385,78.4867
21.6,92,6.3,114,2023-11-02 20:00:00,Hyderabad,17.385,78.4867
21.1,95,4.9,107,2023-11-02 21:00:00,Hyderabad,17.385,78.4867
20.6,96,5.4,94,2023-11-02 22:00:00,Hyderabad,17.385,78.4867
20.7,97,5.1,86,2023-11-02 23:00:00,Hyderabad,17.385,78.4867
20.4,98,5.0,60,2023-11-03 00:00:00,Hyderabad,17.385,78.4867
21.4,98,5.4,82,2023-11-03 01:00:00,Hyderabad,17.385,78.4867
23.1,93,4.5,61,2023-11-03 02:00:00,Hyderabad,17.385,78.4867
25.0,81,7.9,106,2023-11-03 03:00:00,Hyderabad,17.385,78.4867
26.8,72,9.5,99,2023-11-03 04:00:00,Hyderabad,17.385,78.4867
28.4,62,10.5,98,2023-11-03 05:00:00,Hyderabad,17.385,78.4867
29.4,58,9.8,96,2023-11-03 06:00:00,Hyderabad,17.385,78.4867
30.4,55,8.7,83,2023-11-03 07:00:00,Hyderabad,17.385,78.4867
30.8,52,8.1,77,2023-11-03 08:00:00,Hyderabad,17.385,78.4867
28.3,62,11.8,67,2023-11-03 09:00:00,Hyderabad,17.385,78.4867
28.2,61,9.6,70,2023-11-03 10:00:00,Hyderabad,17.385,78.4867
28.3,60,9.8,73,2023-11-03 11:00:00,Hyderabad,17.385,78.4867
26.7,68,5.7,55,2023-11-03 12:00:00,Hyderabad,17.385,78.4867
24.1,86,3.6,53,2023-11-03 13:00:00,Hyderabad,17.385,78.4867
23.7,88,3.1,159,2023-11-03 14:00:00,Hyderabad,17.385,78.4867
23.1,90,1.0,225,2023-11-03 15:00:00,Hyderabad,17.385,78.4867
22.6,94,3.9,292,2023-11-03 16:00:00,Hyderabad,17.385,78.4867
22.8,96,2.5,278,2023-11-03 17:00:00,Hyderabad,17.385,78.4867
22.4,94,4.4,35,2023-11-03 18:00:00,Hyderabad,17.385,78.4867
22.9,89,4.8,48,2023-11-03 19:00:00,Hyderabad,17.385,78.4867
21.6,94,6.2,97,2023-11-03 20:00:00,Hyderabad,17.385,78.4867
21.8,95,5.5,113,2023-11-03 21:00:00,Hyderabad,17.385,78.4867
21.2,96,5.0,111,2023-11-03 22:00:00,Hyderabad,17.385,78.4867
20.8,97,6.3,103,2023-11-03 23:00:00,Hyderabad,17.385,78.4867
20.4,98,6.3,114,2023-11-04 00:00:00,Hyderabad,17.385,78.4867
21.5,99,4.8,117,2023-11-04 01:00:00,Hyderabad,17.385,78.4867
23.3,92,5.9,133,2023-11-04 02:00:00,Hyderabad,17.385,78.4867
25.1,81,5.2,106,2023-11-04 03:00:00,Hyderabad,17.385,78.4867
26.4,76,7.1,75,2023-11-04 04:00:00,Hyderabad,17.385,78.4867
27.5,69,7.6,71,2023-11-04 05:00:00,Hyderabad,17.385,78.4867
28.2,64,9.7,68,2023-11-04 06:00:00,Hyderabad,17.385,78.4867
29.4,59,10.6,72,2023-11-04 07:00:00,Hyderabad,17.385,78.4867
30.0,57,11.6,60,2023-11-04 08:00:00,Hyderabad,17.385,78.4867
30.0,56,12.2,56,2023-11-04 09:00:00,Hyderabad,17.385,78.4867
29.2,57,12.7,65,2023-11-04 10:00:00,Hyderabad,17.385,78.4867
27.8,62,5.5,101,2023-11-04 11:00:00,Hyderabad,17.385,78.4867
26.7,67,9.2,26,2023-11-04 12:00:00,Hyderabad,17.385,78.4867
25.8,70,6.2,54,2023-11-04 13:00:00,Hyderabad,17.385,78.4867
25.2,71,7.1,49,2023-11-04 14:00:00,Hyderabad,17.385,78.4867
24.8,73,7.4,61,2023-11-04 15:00:00,Hyderabad,17.385,78.4867
24.5,74,8.2,67,2023-11-04 16:00:00,Hyderabad,17.385,78.4867
23.9,78,8.4,100,2023-11-04 17:00:00,Hyderabad,17.385,78.4867
22.9,82,10.1,125,2023-11-04 18:00:00,Hyderabad,17.385,78.4867
22.1,88,7.1,120,2023-11-04 19:00:00,Hyderabad,17.385,78.4867
21.5,93,5.7,125,2023-11-04 20:00:00,Hyderabad,17.385,78.4867
21.0,96,4.8,117,2023-11-04 21:00:00,Hyderabad,17.385,78.4867
20.5,98,5.8,94,2023-11-04 22:00:00,Hyderabad,17.385,78.4867
20.4,99,4.4,99,2023-11-04 23:00:00,Hyderabad,17.385,78.4867
20.0,100,5.0,90,2023-11-05 00:00:00,Hyderabad,17.385,78.4867
21.3,99,3.3,103,2023-11-05 01:00:00,Hyderabad,17.385,78.4867
22.8,94,4.8,117,2023-11-05 02:00:00,Hyderabad,17.385,78.4867
24.6,83,5.0,90,2023-11-05 03:00:00,Hyderabad,17.385,78.4867
26.5,71,7.5,73,2023-11-05 04:00:00,Hyderabad,17.385,78.4867
28.2,61,9.7,68,2023-11-05 05:00:00,Hyderabad,17.385,78.4867
29.1,56,10.2,72,2023-11-05 06:00:00,Hyderabad,17.385,78.4867
29.9,52,10.6,72,2023-11-05 07:00:00,Hyderabad,17.385,78.4867
30.0,52,10.8,64,2023-11-05 08:00:00,Hyderabad,17.385,78.4867
30.0,51,10.6,66,2023-11-05 09:00:00,Hyderabad,17.385,78.4867
29.9,50,11.3,68,2023-11-05 10:00:00,Hyderabad,17.385,78.4867
29.0,51,11.0,79,2023-11-05 11:00:00,Hyderabad,17.385,78.4867
27.5,57,8.3,92,2023-11-05 12:00:00,Hyderabad,17.385,78.4867
26.2,59,9.5,99,2023-11-05 13:00:00,Hyderabad,17.385,78.4867
25.6,64,10.1,96,2023-11-05 14:00:00,Hyderabad,17.385,78.4867
25.0,68,12.8,106,2023-11-05 15:00:00,Hyderabad,17.385,78.4867
23.9,75,11.4,103,2023-11-05 16:00:00,Hyderabad,17.385,78.4867
23.0,81,10.1,107,2023-11-05 17:00:00,Hyderabad,17.385,78.4867
22.3,87,7.6,109,2023-11-05 18:00:00,Hyderabad,17.385,78.4867
21.6,94,5.4,110,2023-11-05 19:00:00,Hyderabad,17.385,78.4867
21.5,96,5.0,90,2023-11-05 20:00:00,Hyderabad,17.385,78.4867
21.3,97,6.4,106,2023-11-05 21:00:00,Hyderabad,17.385,78.4867
21.4,98,6.2,111,2023-11-05 22:00:00,Hyderabad,17.385,78.4867
22.1,96,8.4,121,2023-11-05 23:00:00,Hyderabad,17.385,78.4867
22.5,93,10.5,117,2023-11-06 00:00:00,Hyderabad,17.385,78.4867
22.5,97,7.6,87,2023-11-06 01:00:00,Hyderabad,17.385,78.4867
23.2,91,9.5,99,2023-11-06 02:00:00,Hyderabad,17.385,78.4867
25.0,80,10.8,105,2023-11-06 03:00:00,Hyderabad,17.385,78.4867
26.2,74,12.5,102,2023-11-06 04:00:00,Hyderabad,17.385,78.4867
27.7,66,12.9,103,2023-11-06 05:00:00,Hyderabad,17.385,78.4867
28.9,60,13.8,105,2023-11-06 06:00:00,Hyderabad,17.385,78.4867
29.6,57,12.3,97,2023-11-06 07:00:00,Hyderabad,17.385,78.4867
30.1,55,13.4,95,2023-11-06 08:00:00,Hyderabad,17.385,78.4867
27.0,69,13.8,118,2023-11-06 09:00:00,Hyderabad,17.385,78.4867
27.2,68,9.3,126,2023-11-06 10:00:00,Hyderabad,17.385,78.4867
26.6,69,11.4,114,2023-11-06 11:00:00,Hyderabad,17.385,78.4867
25.9,74,7.6,115,2023-11-06 12:00:00,Hyderabad,17.385,78.4867
24.9,79,6.9,81,2023-11-06 13:00:00,Hyderabad,17.385,78.4867
23.6,87,11.3,81,2023-11-06 14:00:00,Hyderabad,17.385,78.4867
22.9,91,9.0,95,2023-11-06 15:00:00,Hyderabad,17.385,78.4867
22.4,93,9.6,77,2023-11-06 16:00:00,Hyderabad,17.385,78.4867
22.3,94,3.6,84,2023-11-06 17:00:00,Hyderabad,17.385,78.4867
21.8,97,4.6,51,2023-11-06 18:00:00,Hyderabad,17.385,78.4867
21.5,97,3.6,96,2023-11-06 19:00:00,Hyderabad,17.385,78.4867
21.3,97,7.1,131,2023-11-06 20:00:00,Hyderabad,17.385,78.4867
21.6,96,8.1,103,2023-11-06 21:00:00,Hyderabad,17.385,78.4867
21.5,97,7.6,109,2023-11-06 22:00:00,Hyderabad,17.385,78.4867
21.0,99,6.1,118,2023-11-06 23:00:00,Hyderabad,17.385,78.4867
21.0,98,4.8,117,2023-11-07 00:00:00,Hyderabad,17.385,78.4867
21.4,98,4.5,104,2023-11-07 01:00:00,Hyderabad,17.385,78.4867
22.5,92,5.4,86,2023-11-07 02:00:00,Hyderabad,17.385,78.4867
24.3,81,9.2,101,2023-11-07 03:00:00,Hyderabad,17.385,78.4867
26.3,69,11.9,93,2023-11-07 04:00:00,Hyderabad,17.385,78.4867
27.6,63,13.3,93,2023-11-07 05:00:00,Hyderabad,17.385,78.4867
28.0,61,12.6,92,2023-11-07 06:00:00,Hyderabad,17.385,78.4867
29.2,56,11.5,92,2023-11-07 07:00:00,Hyderabad,17.385,78.4867
29.5,56,10.9,81,2023-11-07 08:00:00,Hyderabad,17.385,78.4867
29.0,57,12.5,78,2023-11-07 09:00:00,Hyderabad,17.385,78.4867
26.6,70,10.6,66,2023-11-07 10:00:00,Hyderabad,17.385,78.4867
26.6,67,6.9,62,2023-11-07 11:00:00,Hyderabad,17.385,78.4867
24.5,79,14.2,81,2023-11-07 12:00:00,Hyderabad,17.385,78.4867
23.1,92,2.6,106,2023-11-07 13:00:00,Hyderabad,17.385,78.4867
23.1,92,6.1,130,2023-11-07 14:00:00,Hyderabad,17.385,78.4867
22.3,96,3.9,68,2023-11-07 15:00:00,Hyderabad,17.385,78.4867
21.9,97,4.0,90,2023-11-07 16:00:00,Hyderabad,17.385,78.4867
21.6,97,4.1,105,2023-11-07 17:00:00,Hyderabad,17.385,78.4867
21.5,96,4.2,110,2023-11-07 18:00:00,Hyderabad,17.385,78.4867
21.2,96,4.7,99,2023-11-07 19:00:00,Hyderabad,17.385,78.4867
21.3,96,5.2,115,2023-11-07 20:00:00,Hyderabad,17.385,78.4867
21.1,97,5.0,120,2023-11-07 21:00:00,Hyderabad,17.385,78.4867
21.3,97,5.9,128,2023-11-07 22:00:00,Hyderabad,17.385,78.4867
21.5,98,6.8,108,2023-11-07 23:00:00,Hyderabad,17.385,78.4867
21.6,97,8.1,111,2023-11-08 00:00:00,Hyderabad,17.385,78.4867
22.4,98,5.8,90,2023-11-08 01:00:00,Hyderabad,17.385,78.4867
23.0,94,10.0,120,2023-11-08 02:00:00,Hyderabad,17.385,78.4867
24.3,87,10.8,127,2023-11-08 03:00:00,Hyderabad,17.385,78.4867
25.1,81,9.5,119,2023-11-08 04:00:00,Hyderabad,17.385,78.4867
26.8,75,6.4,106,2023-11-08 05:00:00,Hyderabad,17.385,78.4867
27.9,69,6.2,97,2023-11-08 06:00:00,Hyderabad,17.385,78.4867
28.7,65,8.1,103,2023-11-08 07:00:00,Hyderabad,17.385,78.4867
29.0,62,8.8,102,2023-11-08 08:00:00,Hyderabad,17.385,78.4867
29.5,59,8.9,104,2023-11-08 09:00:00,Hyderabad,17.385,78.4867
28.9,59,8.7,95,2023-11-08 10:00:00,Hyderabad,17.385,78.4867
25.5,74,11.2,94,2023-11-08 11:00:00,Hyderabad,17.385,78.4867
24.2,88,7.8,34,2023-11-08 12:00:00,Hyderabad,17.385,78.4867
23.0,94,4.0,260,2023-11-08 13:00:00,Hyderabad,17.385,78.4867
22.9,95,4.5,104,2023-11-08 14:00:00,Hyderabad,17.385,78.4867
22.6,95,3.8,73,2023-11-08 15:00:00,Hyderabad,17.385,78.4867
22.5,96,3.3,139,2023-11-08 16:00:00,Hyderabad,17.385,78.4867
21.9,96,3.5,156,2023-11-08 17:00:00,Hyderabad,17.385,78.4867
22.1,96,2.8,140,2023-11-08 18:00:00,Hyderabad,17.385,78.4867
21.6,97,5.2,124,2023-11-08 19:00:00,Hyderabad,17.385,78.4867
21.2,97,4.1,105,2023-11-08 20:00:00,Hyderabad,17.385,78.4867
21.3,98,3.4,72,2023-11-08 21:00:00,Hyderabad,17.385,78.4867
21.0,98,4.0,90,2023-11-08 22:00:00,Hyderabad,17.385,78.4867
21.3,98,3.9,124,2023-11-08 23:00:00,Hyderabad,17.385,78.4867
20.9,99,3.9,124,2023-11-09 00:00:00,Hyderabad,17.385,78.4867
21.0,98,4.7,94,2023-11-09 01:00:00,Hyderabad,17.385,78.4867
22.5,92,3.0,104,2023-11-09 02:00:00,Hyderabad,17.385,78.4867
23.6,86,3.4,108,2023-11-09 03:00:00,Hyderabad,17.385,78.4867
24.9,78,6.5,124,2023-11-09 04:00:00,Hyderabad,17.385,78.4867
26.0,69,10.4,124,2023-11-09 05:00:00,Hyderabad,17.385,78.4867
27.0,63,10.3,119,2023-11-09 06:00:00,Hyderabad,17.385,78.4867
28.2,56,11.3,112,2023-11-09 07:00:00,Hyderabad,17.385,78.4867
28.8,52,11.0,101,2023-11-09 08:00:00,Hyderabad,17.385,78.4867
28.9,50,10.4,90,2023-11-09 09:00:00,Hyderabad,17.385,78.4867
28.7,51,10.9,96,2023-11-09 10:00:00,Hyderabad,17.385,78.4867
28.0,54,10.3,102,2023-11-09 11:00:00,Hyderabad,17.385,78.4867
25.9,64,6.2,111,2023-11-09 12:00:00,Hyderabad,17.385,78.4867
24.8,60,9.4,43,2023-11-09 13:00:00,Hyderabad,17.385,78.4867
23.2,69,6.6,81,2023-11-09 14:00:00,Hyderabad,17.385,78.4867
24.2,63,3.9,158,2023-11-09 15:00:00,Hyderabad,17.385,78.4867
23.2,73,4.9,197,2023-11-09 16:00:00,Hyderabad,17.385,78.4867
23.0,74,1.5,284,2023-11-09 17:00:00,Hyderabad,17.385,78.4867
23.6,68,2.9,240,2023-11-09 18:00:00,Hyderabad,17.385,78.4867
21.9,78,3.3,257,2023-11-09 19:00:00,Hyderabad,17.385,78.4867
22.5,75,4.9,197,2023-11-09 20:00:00,Hyderabad,17.385,78.4867
22.0,78,5.9,166,2023-11-09 21:00:00,Hyderabad,17.385,78.4867
21.5,82,6.2,173,2023-11-09 22:00:00,Hyderabad,17.385,78.4867
20.6,85,7.4,119,2023-11-09 23:00:00,Hyderabad,17.385,78.4867
21.4,79,4.6,45,2023-11-10 00:00:00,Hyderabad,17.385,78.4867
21.1,81,7.9,66,2023-11-10 01:00:00,Hyderabad,17.385,78.4867
22.2,79,10.1,84,2023-11-10 02:00:00,Hyderabad,17.385,78.4867
23.7,77,10.5,98,2023-11-10 03:00:00,Hyderabad,17.385,78.4867
25.6,72,11.1,115,2023-11-10 04:00:00,Hyderabad,17.385,78.4867
27.0,63,10.8,111,2023-11-10 05:00:00,Hyderabad,17.385,78.4867
28.1,56,10.3,119,2023-11-10 06:00:00,Hyderabad,17.385,78.4867
29.0,50,10.5,117,2023-11-10 07:00:00,Hyderabad,17.385,78.4867
29.4,47,10.4,104,2023-11-10 08:00:00,Hyderabad,17.385,78.4867
29.4,47,10.1,96,2023-11-10 09:00:00,Hyderabad,17.385,78.4867
29.1,49,9.4,90,2023-11-10 10:00:00,Hyderabad,17.385,78.4867
28.3,52,9.7,90,2023-11-10 11:00:00,Hyderabad,17.385,78.4867
26.1,62,6.2,100,2023-11-10 12:00:00,Hyderabad,17.385,78.4867
25.0,64,6.5,96,2023-11-10 13:00:00,Hyderabad,17.385,78.4867
24.4,66,7.4,119,2023-11-10 14:00:00,Hyderabad,17.385,78.4867
23.4,69,6.0,123,2023-11-10 15:00:00,Hyderabad,17.385,78.4867
22.4,75,7.6,90,2023-11-10 16:00:00,Hyderabad,17.385,78.4867
21.9,77,5.4,48,2023-11-10 17:00:00,Hyderabad,17.385,78.4867
21.2,82,7.1,60,2023-11-10 18:00:00,Hyderabad,17.385,78.4867
21.0,82,7.6,95,2023-11-10 19:00:00,Hyderabad,17.385,78.4867
21.8,76,6.5,90,2023-11-10 20:00:00,Hyderabad,17.385,78.4867
20.1,86,7.4,137,2023-11-10 21:00:00,Hyderabad,17.385,78.4867
19.8,87,7.7,139,2023-11-10 22:00:00,Hyderabad,17.385,78.4867
20.5,83,5.4,90,2023-11-10 23:00:00,Hyderabad,17.385,78.4867
19.0,90,6.2,80,2023-11-11 00:00:00,Hyderabad,17.385,78.4867
20.1,90,4.9,73,2023-11-11 01:00:00,Hyderabad,17.385,78.4867
22.1,83,3.6,84,2023-11-11 02:00:00,Hyderabad,17.385,78.4867
24.5,69,4.7,122,2023-11-11 03:00:00,Hyderabad,17.385,78.4867
26.2,57,6.8,115,2023-11-11 04:00:00,Hyderabad,17.385,78.4867
27.7,48,8.1,103,2023-11-11 05:00:00,Hyderabad,17.385,78.4867
28.7,44,9.0,88,2023-11-11 06:00:00,Hyderabad,17.385,78.4867
29.2,42,10.1,84,2023-11-11 07:00:00,Hyderabad,17.385,78.4867
29.6,40,10.5,82,2023-11-11 08:00:00,Hyderabad,17.385,78.4867
29.6,41,10.5,82,2023-11-11 09:00:00,Hyderabad,17.385,78.4867
29.3,42,10.2,80,2023-11-11 10:00:00,Hyderabad,17.385,78.4867
28.4,47,8.7,95,2023-11-11 11:00:00,Hyderabad,17.385,78.4867
26.0,55,6.8,122,2023-11-11 12:00:00,Hyderabad,17.385,78.4867
24.6,56,7.1,114,2023-11-11 13:00:00,Hyderabad,17.385,78.4867
23.1,65,6.9,96,2023-11-11 14:00:00,Hyderabad,17.385,78.4867
21.9,74,8.0,85,2023-11-11 15:00:00,Hyderabad,17.385,78.4867
22.5,70,6.0,65,2023-11-11 16:00:00,Hyderabad,17.385,78.4867
23.1,67,2.5,8,2023-11-11 17:00:00,Hyderabad,17.385,78.4867
22.5,70,0.4,270,2023-11-11 18:00:00,Hyderabad,17.385,78.4867
21.3,77,1.3,304,2023-11-11 19:00:00,Hyderabad,17.385,78.4867
20.1,82,2.9,300,2023-11-11 20:00:00,Hyderabad,17.385,78.4867
20.6,80,2.3,288,2023-11-11 21:00:00,Hyderabad,17.385,78.4867
21.4,78,1.9,248,2023-11-11 22:00:00,Hyderabad,17.385,78.4867
21.1,82,4.0,207,2023-11-11 23:00:00,Hyderabad,17.385,78.4867
20.7,85,5.3,152,2023-11-12 00:00:00,Hyderabad,17.385,78.4867
19.9,87,6.1,118,2023-11-12 01:00:00,Hyderabad,17.385,78.4867
22.2,78,7.0,111,2023-11-12 02:00:00,Hyderabad,17.385,78.4867
24.4,74,5.2,115,2023-11-12 03:00:00,Hyderabad,17.385,78.4867
26.5,64,4.8,103,2023-11-12 04:00:00,Hyderabad,17.385,78.4867
28.1,54,7.6,90,2023-11-12 05:00:00,Hyderabad,17.385,78.4867
29.4,48,9.1,81,2023-11-12 06:00:00,Hyderabad,17.385,78.4867
30.2,43,10.5,68,2023-11-12 07:00:00,Hyderabad,17.385,78.4867
30.6,42,11.8,59,2023-11-12 08:00:00,Hyderabad,17.385,78.4867
30.7,42,10.6,62,2023-11-12 09:00:00,Hyderabad,17.385,78.4867
30.5,42,10.0,69,2023-11-12 10:00:00,Hyderabad,17.385,78.4867
29.7,46,8.4,70,2023-11-12 11:00:00,Hyderabad,17.385,78.4867
26.6,60,6.6,68,2023-11-12 12:00:00,Hyderabad,17.385,78.4867
25.2,58,7.4,67,2023-11-12 13:00:00,Hyderabad,17.385,78.4867
24.1,61,8.2,52,2023-11-12 14:00:00,Hyderabad,17.385,78.4867
23.8,60,10.5,49,2023-11-12 15:00:00,Hyderabad,17.385,78.4867
23.3,61,10.0,41,2023-11-12 16:00:00,Hyderabad,17.385,78.4867
22.6,64,8.3,34,2023-11-12 17:00:00,Hyderabad,17.385,78.4867
21.6,68,7.3,33,2023-11-12 18:00:00,Hyderabad,17.385,78.4867
20.7,73,9.2,39,2023-11-12 19:00:00,Hyderabad,17.385,78.4867
20.2,74,9.4,32,2023-11-12 20:00:00,Hyderabad,17.385,78.4867
20.0,75,8.7,38,2023-11-12 21:00:00,Hyderabad,17.385,78.4867
20.2,71,7.3,70,2023-11-12 22:00:00,Hyderabad,17.385,78.4867
19.3,76,6.8,90,2023-11-12 23:00:00,Hyderabad,17.385,78.4867
18.8,79,6.8,65,2023-11-13 00:00:00,Hyderabad,17.385,78.4867
19.1,89,6.5,56,2023-11-13 01:00:00,Hyderabad,17.385,78.4867
21.7,78,6.0,107,2023-11-13 02:00:00,Hyderabad,17.385,78.4867
24.2,69,5.3,118,2023-11-13 03:00:00,Hyderabad,17.385,78.4867
26.1,63,7.2,117,2023-11-13 04:00:00,Hyderabad,17.385,78.4867
27.8,52,9.0,92,2023-11-13 05:00:00,Hyderabad,17.385,78.4867
28.8,47,9.3,77,2023-11-13 06:00:00,Hyderabad,17.385,78.4867
29.5,45,8.7,73,2023-11-13 07:00:00,Hyderabad,17.385,78.4867
30.0,43,7.8,68,2023-11-13 08:00:00,Hyderabad,17.385,78.4867
30.0,41,7.0,55,2023-11-13 09:00:00,Hyderabad,17.385,78.4867
29.7,40,6.9,47,2023-11-13 10:00:00,Hyderabad,17.385,78.4867
29.0,45,4.4,55,2023-11-13 11:00:00,Hyderabad,17.385,78.4867
28.5,46,3.7,79,2023-11-13 12:00:00,Hyderabad,17.385,78.4867
24.1,66,7.8,112,2023-11-13 13:00:00,Hyderabad,17.385,78.4867
24.5,66,4.4,81,2023-11-13 14:00:00,Hyderabad,17.385,78.4867
24.2,68,3.9,56,2023-11-13 15:00:00,Hyderabad,17.385,78.4867
24.0,70,4.0,80,2023-11-13 16:00:00,Hyderabad,17.385,78.4867
23.1,73,4.8,63,2023-11-13 17:00:00,Hyderabad,17.385,78.4867
21.5,80,6.4,52,2023-11-13 18:00:00,Hyderabad,17.385,78.4867
21.0,83,6.9,28,2023-11-13 19:00:00,Hyderabad,17.385,78.4867
20.2,85,6.5,360,2023-11-13 20:00:00,Hyderabad,17.385,78.4867
20.5,82,6.2,7,2023-11-13 21:00:00,Hyderabad,17.385,78.4867
20.5,82,7.4,119,2023-11-13 22:00:00,Hyderabad,17.385,78.4867
20.0,84,5.1,86,2023-11-13 23:00:00,Hyderabad,17.385,78.4867
19.2,90,4.9,73,2023-11-14 00:00:00,Hyderabad,17.385,78.4867
19.6,93,6.2,97,2023-11-14 01:00:00,Hyderabad,17.385,78.4867
21.8,85,3.2,90,2023-11-14 02:00:00,Hyderabad,17.385,78.4867
23.4,79,4.1,128,2023-11-14 03:00:00,Hyderabad,17.385,78.4867
25.5,66,5.2,115,2023-11-14 04:00:00,Hyderabad,17.385,78.4867
27.0,57,6.6,81,2023-11-14 05:00:00,Hyderabad,17.385,78.4867
28.1,52,7.9,74,2023-11-14 06:00:00,Hyderabad,17.385,78.4867
28.9,48,8.0,72,2023-11-14 07:00:00,Hyderabad,17.385,78.4867
29.6,45,7.3,70,2023-11-14 08:00:00,Hyderabad,17.385,78.4867
29.7,43,5.9,79,2023-11-14 09:00:00,Hyderabad,17.385,78.4867
29.5,42,5.2,74,2023-11-14 10:00:00,Hyderabad,17.385,78.4867
28.8,46,4.1,52,2023-11-14 11:00:00,Hyderabad,17.385,78.4867
27.0,59,5.4,53,2023-11-14 12:00:00,Hyderabad,17.385,78.4867
24.6,63,6.2,36,2023-11-14 13:00:00,Hyderabad,17.385,78.4867
25.1,58,9.6,56,2023-11-14 14:00:00,Hyderabad,17.385,78.4867
24.8,62,9.7,86,2023-11-14 15:00:00,Hyderabad,17.385,78.4867
23.4,72,7.6,87,2023-11-14 16:00:00,Hyderabad,17.385,78.4867
22.4,78,6.2,83,2023-11-14 17:00:00,Hyderabad,17.385,78.4867
21.4,82,5.7,72,2023-11-14 18:00:00,Hyderabad,17.385,78.4867
20.2,86,8.4,47,2023-11-14 19:00:00,Hyderabad,17.385,78.4867
19.7,85,7.1,30,2023-11-14 20:00:00,Hyderabad,17.385,78.4867
19.6,82,7.9,43,2023-11-14 21:00:00,Hyderabad,17.385,78.4867
21.0,74,5.2,65,2023-11-14 22:00:00,Hyderabad,17.385,78.4867
19.0,84,6.0,17,2023-11-14 23:00:00,Hyderabad,17.385,78.4867
18.9,83,6.6,29,2023-11-15 00:00:00,Hyderabad,17.385,78.4867
18.5,91,6.8,357,2023-11-15 01:00:00,Hyderabad,17.385,78.4867
21.1,79,5.7,35,2023-11-15 02:00:00,Hyderabad,17.385,78.4867
23.7,67,6.4,52,2023-11-15 03:00:00,Hyderabad,17.385,78.4867
25.6,58,8.3,56,2023-11-15 04:00:00,Hyderabad,17.385,78.4867
26.9,53,9.6,56,2023-11-15 05:00:00,Hyderabad,17.385,78.4867
27.8,50,8.5,54,2023-11-15 06:00:00,Hyderabad,17.385,78.4867
28.5,47,7.8,56,2023-11-15 07:00:00,Hyderabad,17.385,78.4867
29.0,45,7.8,56,2023-11-15 08:00:00,Hyderabad,17.385,78.4867
29.4,43,6.9,47,2023-11-15 09:00:00,Hyderabad,17.385,78.4867
29.4,42,6.8,32,2023-11-15 10:00:00,Hyderabad,17.385,78.4867
28.8,43,6.2,36,2023-11-15 11:00:00,Hyderabad,17.385,78.4867
26.1,56,6.2,36,2023-11-15 12:00:00,Hyderabad,17.385,78.4867
24.8,56,11.0,38,2023-11-15 13:00:00,Hyderabad,17.385,78.4867
24.0,58,11.3,37,2023-11-15 14:00:00,Hyderabad,17.385,78.4867
23.2,60,11.1,36,2023-11-15 15:00:00,Hyderabad,17.385,78.4867
22.5,62,10.0,38,2023-11-15 16:00:00,Hyderabad,17.385,78.4867
21.8,64,8.1,32,2023-11-15 17:00:00,Hyderabad,17.385,78.4867
21.2,65,7.9,16,2023-11-15 18:00:00,Hyderabad,17.385,78.4867
20.4,68,7.3,9,2023-11-15 19:00:00,Hyderabad,17.385,78.4867
19.6,71,7.2,3,2023-11-15 20:00:00,Hyderabad,17.385,78.4867
19.5,70,7.7,11,2023-11-15 21:00:00,Hyderabad,17.385,78.4867
19.4,70,8.0,8,2023-11-15 22:00:00,Hyderabad,17.385,78.4867
19.6,70,9.4,4,2023-11-15 23:00:00,Hyderabad,17.385,78.4867
19.4,71,9.6,13,2023-11-16 00:00:00,Hyderabad,17.385,78.4867
18.8,78,7.5,17,2023-11-16 01:00:00,Hyderabad,17.385,78.4867
20.7,72,9.9,10,2023-11-16 02:00:00,Hyderabad,17.385,78.4867
23.4,63,8.2,23,2023-11-16 03:00:00,Hyderabad,17.385,78.4867
25.9,52,10.2,39,2023-11-16 04:00:00,Hyderabad,17.385,78.4867
27.5,43,10.7,50,2023-11-16 05:00:00,Hyderabad,17.385,78.4867
28.4,40,9.2,42,2023-11-16 06:00:00,Hyderabad,17.385,78.4867
29.0,40,8.5,36,2023-11-16 07:00:00,Hyderabad,17.385,78.4867
29.4,40,8.3,34,2023-11-16 08:00:00,Hyderabad,17.385,78.4867
29.5,40,8.9,27,2023-11-16 09:00:00,Hyderabad,17.385,78.4867
29.1,40,9.5,25,2023-11-16 10:00:00,Hyderabad,17.385,78.4867
28.2,43,8.8,19,2023-11-16 11:00:00,Hyderabad,17.385,78.4867
25.1,56,6.8,18,2023-11-16 12:00:00,Hyderabad,17.385,78.4867
23.9,63,6.8,32,2023-11-16 13:00:00,Hyderabad,17.385,78.4867
23.5,63,7.8,34,2023-11-16 14:00:00,Hyderabad,17.385,78.4867
22.7,64,8.0,36,2023-11-16 15:00:00,Hyderabad,17.385,78.4867
22.0,65,7.8,34,2023-11-16 16:00:00,Hyderabad,17.385,78.4867
21.4,68,7.2,27,2023-11-16 17:00:00,Hyderabad,17.385,78.4867
20.4,72,7.1,24,2023-11-16 18:00:00,Hyderabad,17.385,78.4867
19.8,76,8.4,7,2023-11-16 19:00:00,Hyderabad,17.385,78.4867
19.2,79,9.4,4,2023-11-16 20:00:00,Hyderabad,17.385,78.4867
18.6,81,9.5,349,2023-11-16 21:00:00,Hyderabad,17.385,78.4867
18.5,80,8.5,348,2023-11-16 22:00:00,Hyderabad,17.385,78.4867
19.1,75,7.6,360,2023-11-16 23:00:00,Hyderabad,17.385,78.4867
19.0,75,7.6,360,2023-11-17 00:00:00,Hyderabad,17.385,78.4867
18.1,84,7.6,355,2023-11-17 01:00:00,Hyderabad,17.385,78.4867
20.9,74,6.2,350,2023-11-17 02:00:00,Hyderabad,17.385,78.4867
23.4,65,3.5,24,2023-11-17 03:00:00,Hyderabad,17.385,78.4867
25.7,57,5.3,62,2023-11-17 04:00:00,Hyderabad,17.385,78.4867
27.2,50,5.4,70,2023-11-17 05:00:00,Hyderabad,17.385,78.4867
28.3,47,4.5,76,2023-11-17 06:00:00,Hyderabad,17.385,78.4867
29.1,44,4.3,90,2023-11-17 07:00:00,Hyderabad,17.385,78.4867
29.6,44,4.3,95,2023-11-17 08:00:00,Hyderabad,17.385,78.4867
29.8,43,4.4,99,2023-11-17 09:00:00,Hyderabad,17.385,78.4867
29.6,44,4.4,99,2023-11-17 10:00:00,Hyderabad,17.385,78.4867
29.0,45,5.2,106,2023-11-17 11:00:00,Hyderabad,17.385,78.4867
26.0,61,7.6,115,2023-11-17 12:00:00,Hyderabad,17.385,78.4867
24.9,60,7.0,111,2023-11-17 13:00:00,Hyderabad,17.385,78.4867
23.4,66,6.4,117,2023-11-17 14:00:00,Hyderabad,17.385,78.4867
22.5,70,6.5,124,2023-11-17 15:00:00,Hyderabad,17.385,78.4867
22.0,72,6.7,126,2023-11-17 16:00:00,Hyderabad,17.385,78.4867
21.0,79,9.6,124,2023-11-17 17:00:00,Hyderabad,17.385,78.4867
21.6,76,5.8,60,2023-11-17 18:00:00,Hyderabad,17.385,78.4867
20.0,85,6.0,25,2023-11-17 19:00:00,Hyderabad,17.385,78.4867
19.6,87,7.8,34,2023-11-17 20:00:00,Hyderabad,17.385,78.4867
19.9,86,6.8,18,2023-11-17 21:00:00,Hyderabad,17.385,78.4867
19.9,86,7.2,63,2023-11-17 22:00:00,Hyderabad,17.385,78.4867
18.8,91,7.6,95,2023-11-17 23:00:00,Hyderabad,17.385,78.4867
18.5,92,6.9,81,2023-11-18 00:00:00,Hyderabad,17.385,78.4867
18.6,92,6.6,77,2023-11-18 01:00:00,Hyderabad,17.385,78.4867
21.2,82,6.6,77,2023-11-18 02:00:00,Hyderabad,17.385,78.4867
23.7,74,6.9,99,2023-11-18 03:00:00,Hyderabad,17.385,78.4867
25.6,69,10.0,105,2023-11-18 04:00:00,Hyderabad,17.385,78.4867
27.0,62,10.7,104,2023-11-18 05:00:00,Hyderabad,17.385,78.4867
28.3,54,10.2,108,2023-11-18 06:00:00,Hyderabad,17.385,78.4867
29.1,49,8.8,109,2023-11-18 07:00:00,Hyderabad,17.385,78.4867
29.6,47,7.8,103,2023-11-18 08:00:00,Hyderabad,17.385,78.4867
29.7,46,7.2,96,2023-11-18 09:00:00,Hyderabad,17.385,78.4867
29.5,46,7.2,87,2023-11-18 10:00:00,Hyderabad,17.385,78.4867
28.8,47,6.9,81,2023-11-18 11:00:00,Hyderabad,17.385,78.4867
26.0,61,6.8,90,2023-11-18 12:00:00,Hyderabad,17.385,78.4867
25.1,64,6.6,112,2023-11-18 13:00:00,Hyderabad,17.385,78.4867
24.9,64,9.5,115,2023-11-18 14:00:00,Hyderabad,17.385,78.4867
24.1,68,8.0,117,2023-11-18 15:00:00,Hyderabad,17.385,78.4867
23.4,71,8.0,117,2023-11-18 16:00:00,Hyderabad,17.385,78.4867
22.7,74,7.6,90,2023-11-18 17:00:00,Hyderabad,17.385,78.4867
22.0,78,7.2,87,2023-11-18 18:00:00,Hyderabad,17.385,78.4867
21.4,81,6.9,96,2023-11-18 19:00:00,Hyderabad,17.385,78.4867
20.5,85,6.5,109,2023-11-18 20:00:00,Hyderabad,17.385,78.4867
20.1,86,6.5,109,2023-11-18 21:00:00,Hyderabad,17.385,78.4867
20.1,85,6.2,97,2023-11-18 22:00:00,Hyderabad,17.385,78.4867
19.4,90,5.8,90,2023-11-18 23:00:00,Hyderabad,17.385,78.4867
18.9,93,5.4,82,2023-11-19 00:00:00,Hyderabad,17.385,78.4867
19.5,97,5.4,94,2023-11-19 01:00:00,Hyderabad,17.385,78.4867
21.3,93,9.8,118,2023-11-19 02:00:00,Hyderabad,17.385,78.4867
23.3,82,12.9,117,2023-11-19 03:00:00,Hyderabad,17.385,78.4867
25.4,71,13.4,114,2023-11-19 04:00:00,Hyderabad,17.385,78.4867
27.0,61,13.1,111,2023-11-19 05:00:00,Hyderabad,17.385,78.4867
28.4,53,12.9,103,2023-11-19 06:00:00,Hyderabad,17.385,78.4867
29.3,47,13.2,101,2023-11-19 07:00:00,Hyderabad,17.385,78.4867
29.6,44,12.8,100,2023-11-19 08:00:00,Hyderabad,17.385,78.4867
29.8,43,11.7,99,2023-11-19 09:00:00,Hyderabad,17.385,78.4867
29.4,44,10.9,99,2023-11-19 10:00:00,Hyderabad,17.385,78.4867
28.5,46,10.3,102,2023-11-19 11:00:00,Hyderabad,17.385,78.4867
26.2,54,6.6,103,2023-11-19 12:00:00,Hyderabad,17.385,78.4867
24.6,63,6.6,112,2023-11-19 13:00:00,Hyderabad,17.385,78.4867
23.9,65,7.6,115,2023-11-19 14:00:00,Hyderabad,17.385,78.4867
23.4,68,6.8,108,2023-11-19 15:00:00,Hyderabad,17.385,78.4867
23.6,68,5.8,90,2023-11-19 16:00:00,Hyderabad,17.385,78.4867
22.5,75,5.4,70,2023-11-19 17:00:00,Hyderabad,17.385,78.4867
20.8,82,5.7,35,2023-11-19 18:00:00,Hyderabad,17.385,78.4867
20.3,79,6.3,31,2023-11-19 19:00:00,Hyderabad,17.385,78.4867
19.5,78,7.7,28,2023-11-19 20:00:00,Hyderabad,17.385,78.4867
19.4,79,8.7,42,2023-11-19 21:00:00,Hyderabad,17.385,78.4867
20.5,74,6.5,87,2023-11-19 22:00:00,Hyderabad,17.385,78.4867
18.5,86,7.8,124,2023-11-19 23:00:00,Hyderabad,17.385,78.4867
18.6,88,7.6,115,2023-11-20 00:00:00,Hyderabad,17.385,78.4867
19.9,87,4.0,63,2023-11-20 01:00:00,Hyderabad,17.385,78.4867
20.6,86,4.4,35,2023-11-20 02:00:00,Hyderabad,17.385,78.4867
23.0,78,2.3,72,2023-11-20 03:00:00,Hyderabad,17.385,78.4867
25.6,63,6.6,61,2023-11-20 04:00:00,Hyderabad,17.385,78.4867
27.4,51,10.7,48,2023-11-20 05:00:00,Hyderabad,17.385,78.4867
28.4,46,10.5,52,2023-11-20 06:00:00,Hyderabad,17.385,78.4867
29.1,43,9.4,47,2023-11-20 07:00:00,Hyderabad,17.385,78.4867
29.7,42,7.7,41,2023-11-20 08:00:00,Hyderabad,17.385,78.4867
29.9,40,7.4,29,2023-11-20 09:00:00,Hyderabad,17.385,78.4867
29.8,39,8.9,21,2023-11-20 10:00:00,Hyderabad,17.385,78.4867
28.9,41,10.0,15,2023-11-20 11:00:00,Hyderabad,17.385,78.4867
27.1,46,10.0,15,2023-11-20 12:00:00,Hyderabad,17.385,78.4867
25.1,56,9.4,43,2023-11-20 13:00:00,Hyderabad,17.385,78.4867
24.4,59,9.2,42,2023-11-20 14:00:00,Hyderabad,17.385,78.4867
23.8,62,10.0,38,2023-11-20 15:00:00,Hyderabad,17.385,78.4867
23.1,66,8.7,42,2023-11-20 16:00:00,Hyderabad,17.385,78.4867
22.5,69,6.7,36,2023-11-20 17:00:00,Hyderabad,17.385,78.4867
21.6,75,5.8,68,2023-11-20 18:00:00,Hyderabad,17.385,78.4867
21.4,77,5.4,110,2023-11-20 19:00:00,Hyderabad,17.385,78.4867
20.7,83,6.8,108,2023-11-20 20:00:00,Hyderabad,17.385,78.4867
20.6,87,5.1,98,2023-11-20 21:00:00,Hyderabad,17.385,78.4867
20.3,93,4.7,99,2023-11-20 22:00:00,Hyderabad,17.385,78.4867
19.9,96,4.7,99,2023-11-20 23:00:00,Hyderabad,17.385,78.4867
19.5,97,5.7,72,2023-11-21 00:00:00,Hyderabad,17.385,78.4867
20.6,92,4.8,42,2023-11-21 01:00:00,Hyderabad,17.385,78.4867
22.7,84,7.1,75,2023-11-21 02:00:00,Hyderabad,17.385,78.4867
24.6,74,9.0,95,2023-11-21 03:00:00,Hyderabad,17.385,78.4867
25.8,69,12.0,83,2023-11-21 04:00:00,Hyderabad,17.385,78.4867
26.1,68,12.9,63,2023-11-21 05:00:00,Hyderabad,17.385,78.4867
27.0,63,11.6,60,2023-11-21 06:00:00,Hyderabad,17.385,78.4867
28.0,59,10.4,56,2023-11-21 07:00:00,Hyderabad,17.385,78.4867
28.5,56,10.9,56,2023-11-21 08:00:00,Hyderabad,17.385,78.4867
28.7,55,10.3,54,2023-11-21 09:00:00,Hyderabad,17.385,78.4867
28.8,54,10.1,63,2023-11-21 10:00:00,Hyderabad,17.385,78.4867
28.1,56,11.2,75,2023-11-21 11:00:00,Hyderabad,17.385,78.4867
26.8,60,8.4,80,2023-11-21 12:00:00,Hyderabad,17.385,78.4867
25.6,67,8.3,90,2023-11-21 13:00:00,Hyderabad,17.385,78.4867
24.9,69,10.4,104,2023-11-21 14:00:00,Hyderabad,17.385,78.4867
24.1,73,9.2,111,2023-11-21 15:00:00,Hyderabad,17.385,78.4867
23.6,75,11.6,106,2023-11-21 16:00:00,Hyderabad,17.385,78.4867
22.9,80,11.4,101,2023-11-21 17:00:00,Hyderabad,17.385,78.4867
22.0,87,9.3,118,2023-11-21 18:00:00,Hyderabad,17.385,78.4867
21.5,93,8.1,122,2023-11-21 19:00:00,Hyderabad,17.385,78.4867
21.0,97,6.7,126,2023-11-21 20:00:00,Hyderabad,17.385,78.4867
20.6,98,6.0,115,2023-11-21 21:00:00,Hyderabad,17.385,78.4867
20.4,98,5.7,108,2023-11-21 22:00:00,Hyderabad,17.385,78.4867
19.5,100,6.5,96,2023-11-21 23:00:00,Hyderabad,17.385,78.4867
19.6,100,4.3,90,2023-11-22 00:00:00,Hyderabad,17.385,78.4867
21.7,95,6.1,93,2023-11-22 01:00:00,Hyderabad,17.385,78.4867
22.4,92,8.0,98,2023-11-22 02:00:00,Hyderabad,17.385,78.4867
23.5,85,8.8,109,2023-11-22 03:00:00,Hyderabad,17.385,78.4867
25.5,73,9.1,99,2023-11-22 04:00:00,Hyderabad,17.385,78.4867
27.2,65,10.5,94,2023-11-22 05:00:00,Hyderabad,17.385,78.4867
28.2,59,11.6,97,2023-11-22 06:00:00,Hyderabad,17.385,78.4867
28.8,56,11.3,99,2023-11-22 07:00:00,Hyderabad,17.385,78.4867
29.0,56,10.6,108,2023-11-22 08:00:00,Hyderabad,17.385,78.4867
28.5,57,10.1,107,2023-11-22 09:00:00,Hyderabad,17.385,78.4867
28.0,60,9.4,97,2023-11-22 10:00:00,Hyderabad,17.385,78.4867
27.6,62,8.3,95,2023-11-22 11:00:00,Hyderabad,17.385,78.4867
26.2,67,8.9,69,2023-11-22 12:00:00,Hyderabad,17.385,78.4867
25.3,71,6.8,93,2023-11-22 13:00:00,Hyderabad,17.385,78.4867
24.5,75,6.5,87,2023-11-22 14:00:00,Hyderabad,17.385,78.4867
24.0,77,7.3,79,2023-11-22 15:00:00,Hyderabad,17.385,78.4867
23.2,83,6.2,97,2023-11-22 16:00:00,Hyderabad,17.385,78.4867
22.5,87,4.7,67,2023-11-22 17:00:00,Hyderabad,17.385,78.4867
22.0,91,4.8,63,2023-11-22 18:00:00,Hyderabad,17.385,78.4867
21.2,95,4.3,90,2023-11-22 19:00:00,Hyderabad,17.385,78.4867
20.9,97,4.5,76,2023-11-22 20:00:00,Hyderabad,17.385,78.4867
20.5,98,4.4,81,2023-11-22 21:00:00,Hyderabad,17.385,78.4867
20.2,99,4.6,108,2023-11-22 22:00:00,Hyderabad,17.385,78.4867
20.7,99,5.2,115,2023-11-22 23:00:00,Hyderabad,17.385,78.4867
21.5,97,8.4,130,2023-11-23 00:00:00,Hyderabad,17.385,78.4867
21.8,98,7.0,102,2023-11-23 01:00:00,Hyderabad,17.385,78.4867
22.5,93,10.3,102,2023-11-23 02:00:00,Hyderabad,17.385,78.4867
23.0,89,13.6,101,2023-11-23 03:00:00,Hyderabad,17.385,78.4867
24.5,80,13.4,110,2023-11-23 04:00:00,Hyderabad,17.385,78.4867
25.4,74,12.6,103,2023-11-23 05:00:00,Hyderabad,17.385,78.4867
26.6,69,13.2,119,2023-11-23 06:00:00,Hyderabad,17.385,78.4867
26.3,68,13.1,122,2023-11-23 07:00:00,Hyderabad,17.385,78.4867
26.6,69,13.1,106,2023-11-23 08:00:00,Hyderabad,17.385,78.4867
27.5,63,14.7,112,2023-11-23 09:00:00,Hyderabad,17.385,78.4867
27.6,62,13.4,110,2023-11-23 10:00:00,Hyderabad,17.385,78.4867
26.5,65,17.7,114,2023-11-23 11:00:00,Hyderabad,17.385,78.4867
24.2,78,10.5,131,2023-11-23 12:00:00,Hyderabad,17.385,78.4867
22.7,89,10.9,82,2023-11-23 13:00:00,Hyderabad,17.385,78.4867
22.4,92,9.7,90,2023-11-23 14:00:00,Hyderabad,17.385,78.4867
21.9,94,7.8,77,2023-11-23 15:00:00,Hyderabad,17.385,78.4867
21.4,96,6.6,68,2023-11-23 16:00:00,Hyderabad,17.385,78.4867
21.0,97,4.6,72,2023-11-23 17:00:00,Hyderabad,17.385,78.4867
21.0,97,5.9,79,2023-11-23 18:00:00,Hyderabad,17.385,78.4867
21.0,97,7.6,87,2023-11-23 19:00:00,Hyderabad,17.385,78.4867
21.4,95,11.1,103,2023-11-23 20:00:00,Hyderabad,17.385,78.4867
21.5,97,12.6,114,2023-11-23 21:00:00,Hyderabad,17.385,78.4867
21.2,97,10.8,116,2023-11-23 22:00:00,Hyderabad,17.385,78.4867
21.4,96,11.6,116,2023-11-23 23:00:00,Hyderabad,17.385,78.4867
21.4,97,11.9,115,2023-11-24 00:00:00,Hyderabad,17.385,78.4867
21.5,94,13.7,120,2023-11-24 01:00:00,Hyderabad,17.385,78.4867
22.0,93,14.7,121,2023-11-24 02:00:00,Hyderabad,17.385,78.4867
23.4,86,15.2,121,2023-11-24 03:00:00,Hyderabad,17.385,78.4867
24.7,79,16.4,116,2023-11-24 04:00:00,Hyderabad,17.385,78.4867
25.6,74,16.3,115,2023-11-24 05:00:00,Hyderabad,17.385,78.4867
26.7,70,16.4,123,2023-11-24 06:00:00,Hyderabad,17.385,78.4867
27.0,65,12.5,123,2023-11-24 07:00:00,Hyderabad,17.385,78.4867
26.6,67,11.8,128,2023-11-24 08:00:00,Hyderabad,17.385,78.4867
27.1,66,12.8,122,2023-11-24 09:00:00,Hyderabad,17.385,78.4867
26.2,71,10.7,135,2023-11-24 10:00:00,Hyderabad,17.385,78.4867
24.7,75,16.2,127,2023-11-24 11:00:00,Hyderabad,17.385,78.4867
23.2,83,6.2,126,2023-11-24 12:00:00,Hyderabad,17.385,78.4867
21.2,91,4.5,76,2023-11-24 13:00:00,Hyderabad,17.385,78.4867
20.7,94,1.3,326,2023-11-24 14:00:00,Hyderabad,17.385,78.4867
21.0,96,8.1,69,2023-11-24 15:00:00,Hyderabad,17.385,78.4867
20.9,97,7.3,57,2023-11-24 16:00:00,Hyderabad,17.385,78.4867
20.6,96,9.4,92,2023-11-24 17:00:00,Hyderabad,17.385,78.4867
20.5,96,8.6,90,2023-11-24 18:00:00,Hyderabad,17.385,78.4867
20.2,98,7.6,95,2023-11-24 19:00:00,Hyderabad,17.385,78.4867
20.0,98,7.6,98,2023-11-24 20:00:00,Hyderabad,17.385,78.4867
19.9,98,8.5,102,2023-11-24 21:00:00,Hyderabad,17.385,78.4867
19.8,98,7.0,111,2023-11-24 22:00:00,Hyderabad,17.385,78.4867
20.2,97,7.9,106,2023-11-24 23:00:00,Hyderabad,17.385,78.4867
20.2,98,8.0,98,2023-11-25 00:00:00,Hyderabad,17.385,78.4867
20.6,98,9.5,99,2023-11-25 01:00:00,Hyderabad,17.385,78.4867
21.3,94,14.7,107,2023-11-25 02:00:00,Hyderabad,17.385,78.4867
23.1,80,17.1,112,2023-11-25 03:00:00,Hyderabad,17.385,78.4867
24.8,71,16.5,113,2023-11-25 04:00:00,Hyderabad,17.385,78.4867
26.1,64,16.5,110,2023-11-25 05:00:00,Hyderabad,17.385,78.4867
27.1,58,15.4,106,2023-11-25 06:00:00,Hyderabad,17.385,78.4867
27.9,55,14.1,105,2023-11-25 07:00:00,Hyderabad,17.385,78.4867
28.5,53,13.9,107,2023-11-25 08:00:00,Hyderabad,17.385,78.4867
28.4,53,12.9,103,2023-11-25 09:00:00,Hyderabad,17.385,78.4867
28.3,54,12.7,105,2023-11-25 10:00:00,Hyderabad,17.385,78.4867
27.6,56,13.0,104,2023-11-25 11:00:00,Hyderabad,17.385,78.4867
26.0,61,9.5,99,2023-11-25 12:00:00,Hyderabad,17.385,78.4867
24.0,71,7.6,85,2023-11-25 13:00:00,Hyderabad,17.385,78.4867
23.4,74,8.0,98,2023-11-25 14:00:00,Hyderabad,17.385,78.4867
22.5,79,5.8,90,2023-11-25 15:00:00,Hyderabad,17.385,78.4867
22.1,82,5.8,86,2023-11-25 16:00:00,Hyderabad,17.385,78.4867
21.6,85,5.9,101,2023-11-25 17:00:00,Hyderabad,17.385,78.4867
21.5,85,6.1,93,2023-11-25 18:00:00,Hyderabad,17.385,78.4867
21.0,87,7.2,87,2023-11-25 19:00:00,Hyderabad,17.385,78.4867
21.0,87,12.3,95,2023-11-25 20:00:00,Hyderabad,17.385,78.4867
20.6,91,11.4,103,2023-11-25 21:00:00,Hyderabad,17.385,78.4867
20.6,93,11.0,122,2023-11-25 22:00:00,Hyderabad,17.385,78.4867
21.1,90,13.1,127,2023-11-25 23:00:00,Hyderabad,17.385,78.4867
20.9,91,10.8,120,2023-11-26 00:00:00,Hyderabad,17.385,78.4867
21.0,94,8.3,92,2023-11-26 01:00:00,Hyderabad,17.385,78.4867
21.6,92,10.9,117,2023-11-26 02:00:00,Hyderabad,17.385,78.4867
23.0,85,14.0,119,2023-11-26 03:00:00,Hyderabad,17.385,78.4867
24.6,75,14.8,113,2023-11-26 04:00:00,Hyderabad,17.385,78.4867
26.0,67,16.0,113,2023-11-26 05:00:00,Hyderabad,17.385,78.4867
27.2,61,15.5,115,2023-11-26 06:00:00,Hyderabad,17.385,78.4867
28.0,57,14.0,116,2023-11-26 07:00:00,Hyderabad,17.385,78.4867
28.4,56,13.4,110,2023-11-26 08:00:00,Hyderabad,17.385,78.4867
28.2,57,12.7,105,2023-11-26 09:00:00,Hyderabad,17.385,78.4867
28.1,57,13.2,107,2023-11-26 10:00:00,Hyderabad,17.385,78.4867
27.4,59,14.2,111,2023-11-26 11:00:00,Hyderabad,17.385,78.4867
26.0,66,11.7,108,2023-11-26 12:00:00,Hyderabad,17.385,78.4867
24.6,74,9.3,106,2023-11-26 13:00:00,Hyderabad,17.385,78.4867
24.0,77,10.7,110,2023-11-26 14:00:00,Hyderabad,17.385,78.4867
23.5,80,10.6,114,2023-11-26 15:00:00,Hyderabad,17.385,78.4867
23.1,82,10.3,119,2023-11-26 16:00:00,Hyderabad,17.385,78.4867
22.5,84,9.7,141,2023-11-26 17:00:00,Hyderabad,17.385,78.4867
21.9,89,9.6,146,2023-11-26 18:00:00,Hyderabad,17.385,78.4867
21.5,92,10.0,150,2023-11-26 19:00:00,Hyderabad,17.385,78.4867
21.4,93,12.3,148,2023-11-26 20:00:00,Hyderabad,17.385,78.4867
21.0,93,12.8,142,2023-11-26 21:00:00,Hyderabad,17.385,78.4867
20.5,93,10.2,132,2023-11-26 22:00:00,Hyderabad,17.385,78.4867
19.9,95,7.6,115,2023-11-26 23:00:00,Hyderabad,17.385,78.4867
19.6,96,9.7,121,2023-11-27 00:00:00,Hyderabad,17.385,78.4867
19.8,97,7.8,124,2023-11-27 01:00:00,Hyderabad,17.385,78.4867
21.2,84,13.2,125,2023-11-27 02:00:00,Hyderabad,17.385,78.4867
22.8,77,12.8,122,2023-11-27 03:00:00,Hyderabad,17.385,78.4867
24.5,66,13.5,124,2023-11-27 04:00:00,Hyderabad,17.385,78.4867
26.0,59,13.3,123,2023-11-27 05:00:00,Hyderabad,17.385,78.4867
27.1,57,13.1,122,2023-11-27 06:00:00,Hyderabad,17.385,78.4867
28.0,54,13.8,131,2023-11-27 07:00:00,Hyderabad,17.385,78.4867
28.6,50,13.5,138,2023-11-27 08:00:00,Hyderabad,17.385,78.4867
29.0,47,13.3,139,2023-11-27 09:00:00,Hyderabad,17.385,78.4867
28.8,47,13.5,138,2023-11-27 10:00:00,Hyderabad,17.385,78.4867
28.0,49,12.0,131,2023-11-27 11:00:00,Hyderabad,17.385,78.4867
26.1,55,7.1,114,2023-11-27 12:00:00,Hyderabad,17.385,78.4867
24.8,59,6.2,111,2023-11-27 13:00:00,Hyderabad,17.385,78.4867
23.7,66,5.6,105,2023-11-27 14:00:00,Hyderabad,17.385,78.4867
23.0,69,6.3,103,2023-11-27 15:00:00,Hyderabad,17.385,78.4867
22.5,71,9.0,119,2023-11-27 16:00:00,Hyderabad,17.385,78.4867
22.4,74,9.2,132,2023-11-27 17:00:00,Hyderabad,17.385,78.4867
22.1,76,9.2,141,2023-11-27 18:00:00,Hyderabad,17.385,78.4867
21.8,81,9.9,147,2023-11-27 19:00:00,Hyderabad,17.385,78.4867
21.2,87,9.0,143,2023-11-27 20:00:00,Hyderabad,17.385,78.4867
20.9,91,11.2,147,2023-11-27 21:00:00,Hyderabad,17.385,78.4867
20.5,94,10.3,144,2023-11-27 22:00:00,Hyderabad,17.385,78.4867
20.1,95,7.9,133,2023-11-27 23:00:00,Hyderabad,17.385,78.4867
20.1,96,9.0,127,2023-11-28 00:00:00,Hyderabad,17.385,78.4867
20.4,96,10.9,134,2023-11-28 01:00:00,Hyderabad,17.385,78.4867
21.5,89,12.7,135,2023-11-28 02:00:00,Hyderabad,17.385,78.4867
23.1,80,13.0,134,2023-11-28 03:00:00,Hyderabad,17.385,78.4867
25.1,69,13.0,132,2023-11-28 04:00:00,Hyderabad,17.385,78.4867
26.7,60,14.1,130,2023-11-28 05:00:00,Hyderabad,17.385,78.4867
28.0,55,13.2,133,2023-11-28 06:00:00,Hyderabad,17.385,78.4867
28.8,52,12.0,139,2023-11-28 07:00:00,Hyderabad,17.385,78.4867
29.4,51,10.7,138,2023-11-28 08:00:00,Hyderabad,17.385,78.4867
29.5,49,11.5,134,2023-11-28 09:00:00,Hyderabad,17.385,78.4867
27.3,57,10.6,145,2023-11-28 10:00:00,Hyderabad,17.385,78.4867
26.4,59,2.7,337,2023-11-28 11:00:00,Hyderabad,17.385,78.4867
21.0,90,5.1,266,2023-11-28 12:00:00,Hyderabad,17.385,78.4867
24.1,77,3.5,246,2023-11-28 13:00:00,Hyderabad,17.385,78.4867
22.7,83,13.5,318,2023-11-28 14:00:00,Hyderabad,17.385,78.4867
21.8,84,3.1,324,2023-11-28 15:00:00,Hyderabad,17.385,78.4867
21.0,90,1.5,315,2023-11-28 16:00:00,Hyderabad,17.385,78.4867
20.4,94,4.4,9,2023-11-28 17:00:00,Hyderabad,17.385,78.4867
21.6,86,8.7,60,2023-11-28 18:00:00,Hyderabad,17.385,78.4867
21.4,84,9.7,75,2023-11-28 19:00:00,Hyderabad,17.385,78.4867
20.9,86,6.8,87,2023-11-28 20:00:00,Hyderabad,17.385,78.4867
21.0,88,11.3,117,2023-11-28 21:00:00,Hyderabad,17.385,78.4867
20.6,95,9.5,115,2023-11-28 22:00:00,Hyderabad,17.385,78.4867
20.9,95,7.3,110,2023-11-28 23:00:00,Hyderabad,17.385,78.4867
21.1,95,8.4,110,2023-11-29 00:00:00,Hyderabad,17.385,78.4867
20.0,99,8.2,105,2023-11-29 01:00:00,Hyderabad,17.385,78.4867
21.1,91,12.9,120,2023-11-29 02:00:00,Hyderabad,17.385,78.4867
23.1,77,15.5,121,2023-11-29 03:00:00,Hyderabad,17.385,78.4867
24.5,70,13.8,118,2023-11-29 04:00:00,Hyderabad,17.385,78.4867
26.0,63,13.5,115,2023-11-29 05:00:00,Hyderabad,17.385,78.4867
27.0,57,13.2,116,2023-11-29 06:00:00,Hyderabad,17.385,78.4867
28.0,52,12.1,117,2023-11-29 07:00:00,Hyderabad,17.385,78.4867
28.5,48,12.2,118,2023-11-29 08:00:00,Hyderabad,17.385,78.4867
28.9,45,12.3,111,2023-11-29 09:00:00,Hyderabad,17.385,78.4867
28.4,45,12.9,108,2023-11-29 10:00:00,Hyderabad,17.385,78.4867
27.6,46,12.6,103,2023-11-29 11:00:00,Hyderabad,17.385,78.4867
25.5,53,9.1,99,2023-11-29 12:00:00,Hyderabad,17.385,78.4867
24.8,59,10.1,94,2023-11-29 13:00:00,Hyderabad,17.385,78.4867
24.0,62,9.7,105,2023-11-29 14:00:00,Hyderabad,17.385,78.4867
23.5,65,10.0,116,2023-11-29 15:00:00,Hyderabad,17.385,78.4867
22.9,71,12.5,131,2023-11-29 16:00:00,Hyderabad,17.385,78.4867
22.4,80,12.5,134,2023-11-29 17:00:00,Hyderabad,17.385,78.4867
21.9,87,12.5,136,2023-11-29 18:00:00,Hyderabad,17.385,78.4867
21.3,92,12.0,131,2023-11-29 19:00:00,Hyderabad,17.385,78.4867
20.8,96,10.2,132,2023-11-29 20:00:00,Hyderabad,17.385,78.4867
20.5,97,10.9,134,2023-11-29 21:00:00,Hyderabad,17.385,78.4867
20.3,97,9.7,132,2023-11-29 22:00:00,Hyderabad,17.385,78.4867
20.2,97,8.7,128,2023-11-29 23:00:00,Hyderabad,17.385,78.4867
20.9,94,12.7,133,2023-11-30 00:00:00,Hyderabad,17.385,78.4867
21.4,92,11.4,125,2023-11-30 01:00:00,Hyderabad,17.385,78.4867
22.0,88,12.5,131,2023-11-30 02:00:00,Hyderabad,17.385,78.4867
23.5,79,13.2,135,2023-11-30 03:00:00,Hyderabad,17.385,78.4867
25.5,67,14.3,131,2023-11-30 04:00:00,Hyderabad,17.385,78.4867
27.2,60,15.6,128,2023-11-30 05:00:00,Hyderabad,17.385,78.4867
28.2,55,15.0,125,2023-11-30 06:00:00,Hyderabad,17.385,78.4867
28.9,52,13.6,122,2023-11-30 07:00:00,Hyderabad,17.385,78.4867
29.3,47,13.3,123,2023-11-30 08:00:00,Hyderabad,17.385,78.4867
29.3,46,12.9,117,2023-11-30 09:00:00,Hyderabad,17.385,78.4867
29.0,45,12.6,110,2023-11-30 10:00:00,Hyderabad,17.385,78.4867
28.0,48,12.4,107,2023-11-30 11:00:00,Hyderabad,17.385,78.4867
25.9,56,8.3,108,2023-11-30 12:00:00,Hyderabad,17.385,78.4867
24.9,64,9.8,96,2023-11-30 13:00:00,Hyderabad,17.385,78.4867
24.2,66,10.6,100,2023-11-30 14:00:00,Hyderabad,17.385,78.4867
23.5,68,8.3,95,2023-11-30 15:00:00,Hyderabad,17.385,78.4867
22.5,71,8.8,102,2023-11-30 16:00:00,Hyderabad,17.385,78.4867
21.4,78,6.1,140,2023-11-30 17:00:00,Hyderabad,17.385,78.4867
20.5,91,6.5,146,2023-11-30 18:00:00,Hyderabad,17.385,78.4867
20.2,94,6.4,137,2023-11-30 19:00:00,Hyderabad,17.385,78.4867
20.4,93,7.8,124,2023-11-30 20:00:00,Hyderabad,17.385,78.4867
20.1,93,6.3,121,2023-11-30 21:00:00,Hyderabad,17.385,78.4867
19.6,95,5.2,115,2023-11-30 22:00:00,Hyderabad,17.385,78.4867
19.5,96,5.8,112,2023-11-30 23:00:00,Hyderabad,17.385,78.4867
19.2,97,6.0,115,2023-12-01 00:00:00,Hyderabad,17.385,78.4867
19.2,97,5.5,122,2023-12-01 01:00:00,Hyderabad,17.385,78.4867
20.5,92,6.8,122,2023-12-01 02:00:00,Hyderabad,17.385,78.4867
22.7,74,6.3,121,2023-12-01 03:00:00,Hyderabad,17.385,78.4867
24.9,58,7.9,114,2023-12-01 04:00:00,Hyderabad,17.385,78.4867
26.7,48,10.5,112,2023-12-01 05:00:00,Hyderabad,17.385,78.4867
28.0,40,12.9,113,2023-12-01 06:00:00,Hyderabad,17.385,78.4867
28.8,36,14.4,112,2023-12-01 07:00:00,Hyderabad,17.385,78.4867
29.2,35,13.1,106,2023-12-01 08:00:00,Hyderabad,17.385,78.4867
29.1,36,12.2,104,2023-12-01 09:00:00,Hyderabad,17.385,78.4867
28.8,37,10.9,99,2023-12-01 10:00:00,Hyderabad,17.385,78.4867
28.0,41,8.3,88,2023-12-01 11:00:00,Hyderabad,17.385,78.4867
25.0,53,6.1,87,2023-12-01 12:00:00,Hyderabad,17.385,78.4867
23.9,56,8.0,95,2023-12-01 13:00:00,Hyderabad,17.385,78.4867
23.2,56,8.6,112,2023-12-01 14:00:00,Hyderabad,17.385,78.4867
22.5,59,7.6,121,2023-12-01 15:00:00,Hyderabad,17.385,78.4867
21.6,63,7.0,111,2023-12-01 16:00:00,Hyderabad,17.385,78.4867
21.1,65,7.0,102,2023-12-01 17:00:00,Hyderabad,17.385,78.4867
20.6,69,6.8,87,2023-12-01 18:00:00,Hyderabad,17.385,78.4867
20.1,73,6.4,74,2023-12-01 19:00:00,Hyderabad,17.385,78.4867
19.8,76,6.9,81,2023-12-01 20:00:00,Hyderabad,17.385,78.4867
20.2,75,10.7,104,2023-12-01 21:00:00,Hyderabad,17.385,78.4867
19.8,76,8.8,102,2023-12-01 22:00:00,Hyderabad,17.385,78.4867
18.9,84,6.9,99,2023-12-01 23:00:00,Hyderabad,17.385,78.4867
17.9,92,6.5,93,2023-12-02 00:00:00,Hyderabad,17.385,78.4867
18.1,94,6.8,93,2023-12-02 01:00:00,Hyderabad,17.385,78.4867
20.2,88,4.1,52,2023-12-02 02:00:00,Hyderabad,17.385,78.4867
22.8,79,4.3,90,2023-12-02 03:00:00,Hyderabad,17.385,78.4867
25.0,69,10.0,103,2023-12-02 04:00:00,Hyderabad,17.385,78.4867
26.9,57,11.6,95,2023-12-02 05:00:00,Hyderabad,17.385,78.4867
28.2,48,13.4,84,2023-12-02 06:00:00,Hyderabad,17.385,78.4867
29.0,43,13.8,83,2023-12-02 07:00:00,Hyderabad,17.385,78.4867
29.5,42,14.8,89,2023-12-02 08:00:00,Hyderabad,17.385,78.4867
29.6,40,14.4,90,2023-12-02 09:00:00,Hyderabad,17.385,78.4867
29.2,42,14.4,93,2023-12-02 10:00:00,Hyderabad,17.385,78.4867
28.5,44,13.0,90,2023-12-02 11:00:00,Hyderabad,17.385,78.4867
26.5,51,9.6,103,2023-12-02 12:00:00,Hyderabad,17.385,78.4867
25.2,54,8.7,107,2023-12-02 13:00:00,Hyderabad,17.385,78.4867
23.6,62,6.2,80,2023-12-02 14:00:00,Hyderabad,17.385,78.4867
22.5,68,6.6,77,2023-12-02 15:00:00,Hyderabad,17.385,78.4867
22.5,68,7.4,67,2023-12-02 16:00:00,Hyderabad,17.385,78.4867
22.1,69,7.4,76,2023-12-02 17:00:00,Hyderabad,17.385,78.4867
21.6,71,8.0,108,2023-12-02 18:00:00,Hyderabad,17.385,78.4867
20.2,81,7.8,103,2023-12-02 19:00:00,Hyderabad,17.385,78.4867
21.5,73,3.6,37,2023-12-02 20:00:00,Hyderabad,17.385,78.4867
19.4,86,7.9,120,2023-12-02 21:00:00,Hyderabad,17.385,78.4867
21.0,78,5.6,153,2023-12-02 22:00:00,Hyderabad,17.385,78.4867
20.9,82,5.9,128,2023-12-02 23:00:00,Hyderabad,17.385,78.4867
20.3,85,5.9,76,2023-12-03 00:00:00,Hyderabad,17.385,78.4867
19.5,92,5.4,70,2023-12-03 01:00:00,Hyderabad,17.385,78.4867
21.2,85,7.1,45,2023-12-03 02:00:00,Hyderabad,17.385,78.4867
23.6,73,6.7,54,2023-12-03 03:00:00,Hyderabad,17.385,78.4867
25.8,61,11.8,67,2023-12-03 04:00:00,Hyderabad,17.385,78.4867
27.5,53,13.7,63,2023-12-03 05:00:00,Hyderabad,17.385,78.4867
28.9,48,14.8,67,2023-12-03 06:00:00,Hyderabad,17.385,78.4867
29.6,45,16.1,66,2023-12-03 07:00:00,Hyderabad,17.385,78.4867
30.2,44,16.5,70,2023-12-03 08:00:00,Hyderabad,17.385,78.4867
29.9,44,15.5,72,2023-12-03 09:00:00,Hyderabad,17.385,78.4867
29.9,43,16.3,76,2023-12-03 10:00:00,Hyderabad,17.385,78.4867
29.1,46,15.5,77,2023-12-03 11:00:00,Hyderabad,17.385,78.4867
27.4,50,8.9,69,2023-12-03 12:00:00,Hyderabad,17.385,78.4867
25.5,60,8.2,61,2023-12-03 13:00:00,Hyderabad,17.385,78.4867
24.5,65,7.4,51,2023-12-03 14:00:00,Hyderabad,17.385,78.4867
24.1,67,8.2,67,2023-12-03 15:00:00,Hyderabad,17.385,78.4867
23.4,70,7.8,56,2023-12-03 16:00:00,Hyderabad,17.385,78.4867
22.6,74,6.4,63,2023-12-03 17:00:00,Hyderabad,17.385,78.4867
21.3,81,7.6,45,2023-12-03 18:00:00,Hyderabad,17.385,78.4867
21.2,81,5.4,8,2023-12-03 19:00:00,Hyderabad,17.385,78.4867
20.8,83,5.8,22,2023-12-03 20:00:00,Hyderabad,17.385,78.4867
21.0,81,6.6,13,2023-12-03 21:00:00,Hyderabad,17.385,78.4867
20.8,81,6.7,36,2023-12-03 22:00:00,Hyderabad,17.385,78.4867
20.9,80,8.0,36,2023-12-03 23:00:00,Hyderabad,17.385,78.4867
20.9,79,8.9,47,2023-12-04 00:00:00,Hyderabad,17.385,78.4867
21.9,75,10.5,49,2023-12-04 01:00:00,Hyderabad,17.385,78.4867
23.0,72,11.0,58,2023-12-04 02:00:00,Hyderabad,17.385,78.4867
23.9,69,10.6,55,2023-12-04 03:00:00,Hyderabad,17.385,78.4867
25.6,60,13.9,53,2023-12-04 04:00:00,Hyderabad,17.385,78.4867
26.9,55,15.2,59,2023-12-04 05:00:00,Hyderabad,17.385,78.4867
27.4,55,15.6,64,2023-12-04 06:00:00,Hyderabad,17.385,78.4867
27.1,56,16.3,65,2023-12-04 07:00:00,Hyderabad,17.385,78.4867
28.0,53,18.2,65,2023-12-04 08:00:00,Hyderabad,17.385,78.4867
26.5,61,18.1,83,2023-12-04 09:00:00,Hyderabad,17.385,78.4867
26.0,65,14.0,67,2023-12-04 10:00:00,Hyderabad,17.385,78.4867
26.0,63,13.8,62,2023-12-04 11:00:00,Hyderabad,17.385,78.4867
25.1,65,12.9,77,2023-12-04 12:00:00,Hyderabad,17.385,78.4867
23.8,74,10.0,64,2023-12-04 13:00:00,Hyderabad,17.385,78.4867
23.2,76,8.9,63,2023-12-04 14:00:00,Hyderabad,17.385,78.4867
23.0,77,9.8,36,2023-12-04 15:00:00,Hyderabad,17.385,78.4867
22.9,78,10.8,37,2023-12-04 16:00:00,Hyderabad,17.385,78.4867
22.6,80,10.8,53,2023-12-04 17:00:00,Hyderabad,17.385,78.4867
22.1,85,12.9,36,2023-12-04 18:00:00,Hyderabad,17.385,78.4867
21.5,90,11.1,25,2023-12-04 19:00:00,Hyderabad,17.385,78.4867
21.4,90,13.7,14,2023-12-04 20:00:00,Hyderabad,17.385,78.4867
21.6,88,15.3,19,2023-12-04 21:00:00,Hyderabad,17.385,78.4867
21.5,88,16.3,31,2023-12-04 22:00:00,Hyderabad,17.385,78.4867
21.3,89,17.1,28,2023-12-04 23:00:00,Hyderabad,17.385,78.4867
21.4,88,17.3,23,2023-12-05 00:00:00,Hyderabad,17.385,78.4867
21.1,91,15.9,25,2023-12-05 01:00:00,Hyderabad,17.385,78.4867
21.3,89,18.0,16,2023-12-05 02:00:00,Hyderabad,17.385,78.4867
22.0,88,15.6,8,2023-12-05 03:00:00,Hyderabad,17.385,78.4867
22.4,86,16.6,2,2023-12-05 04:00:00,Hyderabad,17.385,78.4867
23.9,78,17.5,8,2023-12-05 05:00:00,Hyderabad,17.385,78.4867
23.2,82,18.3,20,2023-12-05 06:00:00,Hyderabad,17.385,78.4867
24.9,74,20.4,26,2023-12-05 07:00:00,Hyderabad,17.385,78.4867
25.5,68,24.2,33,2023-12-05 08:00:00,Hyderabad,17.385,78.4867
24.0,76,21.6,28,2023-12-05 09:00:00,Hyderabad,17.385,78.4867
23.8,78,20.0,28,2023-12-05 10:00:00,Hyderabad,17.385,78.4867
23.8,79,19.1,32,2023-12-05 11:00:00,Hyderabad,17.385,78.4867
22.9,85,15.8,17,2023-12-05 12:00:00,Hyderabad,17.385,78.4867
21.6,88,17.7,6,2023-12-05 13:00:00,Hyderabad,17.385,78.4867
21.5,89,17.7,6,2023-12-05 14:00:00,Hyderabad,17.385,78.4867
21.0,92,17.7,2,2023-12-05 15:00:00,Hyderabad,17.385,78.4867
20.9,93,17.6,1,2023-12-05 16:00:00,Hyderabad,17.385,78.4867
20.6,93,17.3,358,2023-12-05 17:00:00,Hyderabad,17.385,78.4867
20.6,93,17.1,353,2023-12-05 18:00:00,Hyderabad,17.385,78.4867
20.4,92,15.9,342,2023-12-05 19:00:00,Hyderabad,17.385,78.4867
20.1,93,15.6,337,2023-12-05 20:00:00,Hyderabad,17.385,78.4867
19.9,93,15.5,338,2023-12-05 21:00:00,Hyderabad,17.385,78.4867
19.7,95,15.8,325,2023-12-05 22:00:00,Hyderabad,17.385,78.4867
19.5,95,14.4,328,2023-12-05 23:00:00,Hyderabad,17.385,78.4867
19.5,95,14.3,326,2023-12-06 00:00:00,Hyderabad,17.385,78.4867
19.6,94,14.0,325,2023-12-06 01:00:00,Hyderabad,17.385,78.4867
19.9,92,13.0,321,2023-12-06 02:00:00,Hyderabad,17.385,78.4867
20.9,87,16.8,345,2023-12-06 03:00:00,Hyderabad,17.385,78.4867
22.5,79,17.7,356,2023-12-06 04:00:00,Hyderabad,17.385,78.4867
25.0,69,15.4,344,2023-12-06 05:00:00,Hyderabad,17.385,78.4867
26.5,65,12.2,336,2023-12-06 06:00:00,Hyderabad,17.385,78.4867
28.0,58,14.3,342,2023-12-06 07:00:00,Hyderabad,17.385,78.4867
28.8,54,13.2,325,2023-12-06 08:00:00,Hyderabad,17.385,78.4867
28.2,55,14.6,322,2023-12-06 09:00:00,Hyderabad,17.385,78.4867
27.6,57,14.3,315,2023-12-06 10:00:00,Hyderabad,17.385,78.4867
27.0,59,13.8,311,2023-12-06 11:00:00,Hyderabad,17.385,78.4867
25.3,66,10.4,316,2023-12-06 12:00:00,Hyderabad,17.385,78.4867
22.4,84,8.9,320,2023-12-06 13:00:00,Hyderabad,17.385,78.4867
21.9,88,8.0,350,2023-12-06 14:00:00,Hyderabad,17.385,78.4867
21.2,92,6.5,354,2023-12-06 15:00:00,Hyderabad,17.385,78.4867
20.6,95,4.8,347,2023-12-06 16:00:00,Hyderabad,17.385,78.4867
20.1,97,5.2,348,2023-12-06 17:00:00,Hyderabad,17.385,78.4867
20.6,95,3.8,343,2023-12-06 18:00:00,Hyderabad,17.385,78.4867
20.4,98,2.5,45,2023-12-06 19:00:00,Hyderabad,17.385,78.4867
20.0,100,2.1,31,2023-12-06 20:00:00,Hyderabad,17.385,78.4867
18.8,100,4.5,14,2023-12-06 21:00:00,Hyderabad,17.385,78.4867
19.8,100,3.1,36,2023-12-06 22:00:00,Hyderabad,17.385,78.4867
19.5,100,2.3,51,2023-12-06 23:00:00,Hyderabad,17.385,78.4867
19.5,99,3.1,54,2023-12-07 00:00:00,Hyderabad,17.385,78.4867
19.1,99,2.5,8,2023-12-07 01:00:00,Hyderabad,17.385,78.4867
19.5,98,3.4,328,2023-12-07 02:00:00,Hyderabad,17.385,78.4867
20.9,90,4.2,329,2023-12-07 03:00:00,Hyderabad,17.385,78.4867
23.0,78,5.9,308,2023-12-07 04:00:00,Hyderabad,17.385,78.4867
25.4,66,8.1,291,2023-12-07 05:00:00,Hyderabad,17.385,78.4867
26.5,62,9.4,288,2023-12-07 06:00:00,Hyderabad,17.385,78.4867
27.5,57,11.4,294,2023-12-07 07:00:00,Hyderabad,17.385,78.4867
27.9,54,11.2,303,2023-12-07 08:00:00,Hyderabad,17.385,78.4867
27.8,53,10.1,305,2023-12-07 09:00:00,Hyderabad,17.385,78.4867
27.4,52,8.9,310,2023-12-07 10:00:00,Hyderabad,17.385,78.4867
27.1,53,8.4,320,2023-12-07 11:00:00,Hyderabad,17.385,78.4867
24.8,64,5.6,310,2023-12-07 12:00:00,Hyderabad,17.385,78.4867
21.4,84,6.8,335,2023-12-07 13:00:00,Hyderabad,17.385,78.4867
20.8,86,6.1,360,2023-12-07 14:00:00,Hyderabad,17.385,78.4867
20.2,89,6.7,16,2023-12-07 15:00:00,Hyderabad,17.385,78.4867
19.6,92,6.3,31,2023-12-07 16:00:00,Hyderabad,17.385,78.4867
19.5,92,6.0,33,2023-12-07 17:00:00,Hyderabad,17.385,78.4867
18.6,95,6.3,66,2023-12-07 18:00:00,Hyderabad,17.385,78.4867
18.4,95,5.1,86,2023-12-07 19:00:00,Hyderabad,17.385,78.4867
18.0,96,4.9,73,2023-12-07 20:00:00,Hyderabad,17.385,78.4867
17.4,98,6.2,54,2023-12-07 21:00:00,Hyderabad,17.385,78.4867
18.4,97,4.6,45,2023-12-07 22:00:00,Hyderabad,17.385,78.4867
17.8,99,4.7,32,2023-12-07 23:00:00,Hyderabad,17.385,78.4867
16.7,100,6.6,61,2023-12-08 00:00:00,Hyderabad,17.385,78.4867
17.2,100,3.9,34,2023-12-08 01:00:00,Hyderabad,17.385,78.4867
18.2,98,5.6,40,2023-12-08 02:00:00,Hyderabad,17.385,78.4867
21.0,86,4.0,63,2023-12-08 03:00:00,Hyderabad,17.385,78.4867
23.4,74,4.8,77,2023-12-08 04:00:00,Hyderabad,17.385,78.4867
25.0,65,3.1,69,2023-12-08 05:00:00,Hyderabad,17.385,78.4867
26.4,58,2.1,31,2023-12-08 06:00:00,Hyderabad,17.385,78.4867
27.4,52,3.1,324,2023-12-08 07:00:00,Hyderabad,17.385,78.4867
28.2,48,7.8,283,2023-12-08 08:00:00,Hyderabad,17.385,78.4867
28.1,47,8.9,284,2023-12-08 09:00:00,Hyderabad,17.385,78.4867
27.9,46,8.9,291,2023-12-08 10:00:00,Hyderabad,17.385,78.4867
27.2,49,7.9,309,2023-12-08 11:00:00,Hyderabad,17.385,78.4867
25.1,56,7.3,327,2023-12-08 12:00:00,Hyderabad,17.385,78.4867
23.4,64,5.4,323,2023-12-08 13:00:00,Hyderabad,17.385,78.4867
21.9,73,6.8,360,2023-12-08 14:00:00,Hyderabad,17.385,78.4867
22.0,73,5.7,35,2023-12-08 15:00:00,Hyderabad,17.385,78.4867
22.2,69,11.3,81,2023-12-08 16:00:00,Hyderabad,17.385,78.4867
21.1,77,9.5,81,2023-12-08 17:00:00,Hyderabad,17.385,78.4867
20.0,84,6.9,81,2023-12-08 18:00:00,Hyderabad,17.385,78.4867
19.2,89,6.3,59,2023-12-08 19:00:00,Hyderabad,17.385,78.4867
18.8,92,6.0,65,2023-12-08 20:00:00,Hyderabad,17.385,78.4867
18.4,93,5.8,68,2023-12-08 21:00:00,Hyderabad,17.385,78.4867
17.7,95,5.9,101,2023-12-08 22:00:00,Hyderabad,17.385,78.4867
17.3,96,7.3,123,2023-12-08 23:00:00,Hyderabad,17.385,78.4867
17.2,96,7.1,66,2023-12-09 00:00:00,Hyderabad,17.385,78.4867
17.5,96,5.0,30,2023-12-09 01:00:00,Hyderabad,17.385,78.4867
19.5,87,7.1,41,2023-12-09 02:00:00,Hyderabad,17.385,78.4867
22.2,74,6.4,47,2023-12-09 03:00:00,Hyderabad,17.385,78.4867
24.5,62,8.9,58,2023-12-09 04:00:00,Hyderabad,17.385,78.4867
26.0,56,9.0,53,2023-12-09 05:00:00,Hyderabad,17.385,78.4867
27.0,53,7.6,45,2023-12-09 06:00:00,Hyderabad,17.385,78.4867
28.1,48,7.2,3,2023-12-09 07:00:00,Hyderabad,17.385,78.4867
28.3,47,7.6,352,2023-12-09 08:00:00,Hyderabad,17.385,78.4867
28.6,45,8.1,339,2023-12-09 09:00:00,Hyderabad,17.385,78.4867
28.1,44,8.8,341,2023-12-09 10:00:00,Hyderabad,17.385,78.4867
27.5,46,8.4,353,2023-12-09 11:00:00,Hyderabad,17.385,78.4867
24.4,60,7.1,15,2023-12-09 12:00:00,Hyderabad,17.385,78.4867
23.6,60,6.6,49,2023-12-09 13:00:00,Hyderabad,17.385,78.4867
23.0,61,7.2,37,2023-12-09 14:00:00,Hyderabad,17.385,78.4867
22.5,63,8.4,50,2023-12-09 15:00:00,Hyderabad,17.385,78.4867
21.9,66,5.9,79,2023-12-09 16:00:00,Hyderabad,17.385,78.4867
21.4,70,4.9,107,2023-12-09 17:00:00,Hyderabad,17.385,78.4867
21.0,72,4.5,104,2023-12-09 18:00:00,Hyderabad,17.385,78.4867
20.0,78,5.2,78,2023-12-09 19:00:00,Hyderabad,17.385,78.4867
18.5,85,7.2,63,2023-12-09 20:00:00,Hyderabad,17.385,78.4867
17.9,88,7.8,56,2023-12-09 21:00:00,Hyderabad,17.385,78.4867
17.5,88,6.9,47,2023-12-09 22:00:00,Hyderabad,17.385,78.4867
17.1,89,7.5,55,2023-12-09 23:00:00,Hyderabad,17.385,78.4867
16.8,88,7.6,65,2023-12-10 00:00:00,Hyderabad,17.385,78.4867
17.2,88,6.0,57,2023-12-10 01:00:00,Hyderabad,17.385,78.4867
19.0,78,8.3,56,2023-12-10 02:00:00,Hyderabad,17.385,78.4867
21.6,68,6.9,62,2023-12-10 03:00:00,Hyderabad,17.385,78.4867
24.0,56,9.8,73,2023-12-10 04:00:00,Hyderabad,17.385,78.4867
25.5,48,10.5,74,2023-12-10 05:00:00,Hyderabad,17.385,78.4867
26.6,44,8.4,47,2023-12-10 06:00:00,Hyderabad,17.385,78.4867
27.5,42,7.1,15,2023-12-10 07:00:00,Hyderabad,17.385,78.4867
28.0,39,5.4,356,2023-12-10 08:00:00,Hyderabad,17.385,78.4867
28.4,37,6.6,347,2023-12-10 09:00:00,Hyderabad,17.385,78.4867
28.1,36,8.6,345,2023-12-10 10:00:00,Hyderabad,17.385,78.4867
27.2,39,9.4,358,2023-12-10 11:00:00,Hyderabad,17.385,78.4867
24.8,48,8.1,32,2023-12-10 12:00:00,Hyderabad,17.385,78.4867
23.0,57,7.6,45,2023-12-10 13:00:00,Hyderabad,17.385,78.4867
22.1,58,8.7,48,2023-12-10 14:00:00,Hyderabad,17.385,78.4867
21.3,61,9.6,77,2023-12-10 15:00:00,Hyderabad,17.385,78.4867
20.8,63,7.5,73,2023-12-10 16:00:00,Hyderabad,17.385,78.4867
19.1,72,5.6,63,2023-12-10 17:00:00,Hyderabad,17.385,78.4867
18.5,76,6.4,74,2023-12-10 18:00:00,Hyderabad,17.385,78.4867
17.8,79,6.8,87,2023-12-10 19:00:00,Hyderabad,17.385,78.4867
17.9,77,7.2,84,2023-12-10 20:00:00,Hyderabad,17.385,78.4867
17.4,78,7.1,66,2023-12-10 21:00:00,Hyderabad,17.385,78.4867
16.7,80,6.6,49,2023-12-10 22:00:00,Hyderabad,17.385,78.4867
16.3,82,7.9,74,2023-12-10 23:00:00,Hyderabad,17.385,78.4867
16.2,81,6.9,99,2023-12-11 00:00:00,Hyderabad,17.385,78.4867
16.6,85,7.3,99,2023-12-11 01:00:00,Hyderabad,17.385,78.4867
18.3,79,6.1,87,2023-12-11 02:00:00,Hyderabad,17.385,78.4867
21.0,66,5.4,94,2023-12-11 03:00:00,Hyderabad,17.385,78.4867
23.4,53,9.2,101,2023-12-11 04:00:00,Hyderabad,17.385,78.4867
25.0,46,10.1,90,2023-12-11 05:00:00,Hyderabad,17.385,78.4867
26.1,43,8.4,83,2023-12-11 06:00:00,Hyderabad,17.385,78.4867
26.9,42,6.8,65,2023-12-11 07:00:00,Hyderabad,17.385,78.4867
27.4,40,6.4,52,2023-12-11 08:00:00,Hyderabad,17.385,78.4867
27.6,39,4.8,63,2023-12-11 09:00:00,Hyderabad,17.385,78.4867
27.5,39,4.9,73,2023-12-11 10:00:00,Hyderabad,17.385,78.4867
27.0,40,5.5,67,2023-12-11 11:00:00,Hyderabad,17.385,78.4867
25.4,49,4.5,61,2023-12-11 12:00:00,Hyderabad,17.385,78.4867
22.8,56,6.4,47,2023-12-11 13:00:00,Hyderabad,17.385,78.4867
20.8,66,9.1,83,2023-12-11 14:00:00,Hyderabad,17.385,78.4867
20.7,68,8.0,85,2023-12-11 15:00:00,Hyderabad,17.385,78.4867
20.6,67,5.2,74,2023-12-11 16:00:00,Hyderabad,17.385,78.4867
18.9,77,6.1,62,2023-12-11 17:00:00,Hyderabad,17.385,78.4867
18.0,81,6.9,51,2023-12-11 18:00:00,Hyderabad,17.385,78.4867
17.5,83,8.0,63,2023-12-11 19:00:00,Hyderabad,17.385,78.4867
17.0,85,8.4,80,2023-12-11 20:00:00,Hyderabad,17.385,78.4867
16.4,87,9.0,88,2023-12-11 21:00:00,Hyderabad,17.385,78.4867
15.9,87,9.0,85,2023-12-11 22:00:00,Hyderabad,17.385,78.4867
15.9,85,7.9,74,2023-12-11 23:00:00,Hyderabad,17.385,78.4867
15.6,85,7.8,77,2023-12-12 00:00:00,Hyderabad,17.385,78.4867
15.8,88,7.5,73,2023-12-12 01:00:00,Hyderabad,17.385,78.4867
18.1,77,8.8,71,2023-12-12 02:00:00,Hyderabad,17.385,78.4867
20.9,65,7.9,90,2023-12-12 03:00:00,Hyderabad,17.385,78.4867
23.0,57,8.8,99,2023-12-12 04:00:00,Hyderabad,17.385,78.4867
24.9,48,9.7,92,2023-12-12 05:00:00,Hyderabad,17.385,78.4867
26.1,44,8.5,62,2023-12-12 06:00:00,Hyderabad,17.385,78.4867
26.9,40,8.1,45,2023-12-12 07:00:00,Hyderabad,17.385,78.4867
27.4,39,7.1,41,2023-12-12 08:00:00,Hyderabad,17.385,78.4867
27.5,38,6.1,45,2023-12-12 09:00:00,Hyderabad,17.385,78.4867
27.3,38,6.5,56,2023-12-12 10:00:00,Hyderabad,17.385,78.4867
26.5,41,7.2,72,2023-12-12 11:00:00,Hyderabad,17.385,78.4867
23.8,52,6.5,90,2023-12-12 12:00:00,Hyderabad,17.385,78.4867
22.5,56,8.0,108,2023-12-12 13:00:00,Hyderabad,17.385,78.4867
21.7,59,7.6,121,2023-12-12 14:00:00,Hyderabad,17.385,78.4867
20.8,64,7.2,143,2023-12-12 15:00:00,Hyderabad,17.385,78.4867
19.2,73,8.2,131,2023-12-12 16:00:00,Hyderabad,17.385,78.4867
18.4,78,8.0,95,2023-12-12 17:00:00,Hyderabad,17.385,78.4867
19.6,71,5.8,97,2023-12-12 18:00:00,Hyderabad,17.385,78.4867
19.5,74,4.8,77,2023-12-12 19:00:00,Hyderabad,17.385,78.4867
17.4,86,4.8,42,2023-12-12 20:00:00,Hyderabad,17.385,78.4867
16.5,91,6.1,45,2023-12-12 21:00:00,Hyderabad,17.385,78.4867
16.9,87,6.0,65,2023-12-12 22:00:00,Hyderabad,17.385,78.4867
17.6,84,5.6,75,2023-12-12 23:00:00,Hyderabad,17.385,78.4867
17.9,83,3.8,41,2023-12-13 00:00:00,Hyderabad,17.385,78.4867
15.6,90,8.1,77,2023-12-13 01:00:00,Hyderabad,17.385,78.4867
17.6,82,8.7,97,2023-12-13 02:00:00,Hyderabad,17.385,78.4867
20.3,72,7.4,104,2023-12-13 03:00:00,Hyderabad,17.385,78.4867
23.1,59,10.0,111,2023-12-13 04:00:00,Hyderabad,17.385,78.4867
25.1,47,11.2,96,2023-12-13 05:00:00,Hyderabad,17.385,78.4867
26.2,43,10.2,80,2023-12-13 06:00:00,Hyderabad,17.385,78.4867
26.9,42,10.4,76,2023-12-13 07:00:00,Hyderabad,17.385,78.4867
27.2,41,10.2,80,2023-12-13 08:00:00,Hyderabad,17.385,78.4867
27.3,41,10.3,78,2023-12-13 09:00:00,Hyderabad,17.385,78.4867
27.0,41,10.6,72,2023-12-13 10:00:00,Hyderabad,17.385,78.4867
26.4,43,10.7,76,2023-12-13 11:00:00,Hyderabad,17.385,78.4867
24.0,50,6.8,93,2023-12-13 12:00:00,Hyderabad,17.385,78.4867
21.9,58,7.8,103,2023-12-13 13:00:00,Hyderabad,17.385,78.4867
21.0,62,8.4,110,2023-12-13 14:00:00,Hyderabad,17.385,78.4867
19.6,68,6.8,108,2023-12-13 15:00:00,Hyderabad,17.385,78.4867
18.4,75,7.9,87,2023-12-13 16:00:00,Hyderabad,17.385,78.4867
18.0,77,6.4,63,2023-12-13 17:00:00,Hyderabad,17.385,78.4867
17.7,78,6.8,93,2023-12-13 18:00:00,Hyderabad,17.385,78.4867
16.7,84,7.4,104,2023-12-13 19:00:00,Hyderabad,17.385,78.4867
16.0,89,7.6,87,2023-12-13 20:00:00,Hyderabad,17.385,78.4867
16.2,87,7.2,72,2023-12-13 21:00:00,Hyderabad,17.385,78.4867
17.3,83,3.8,41,2023-12-13 22:00:00,Hyderabad,17.385,78.4867
17.1,85,2.8,230,2023-12-13 23:00:00,Hyderabad,17.385,78.4867
16.8,88,4.6,231,2023-12-14 00:00:00,Hyderabad,17.385,78.4867
17.3,86,5.5,113,2023-12-14 01:00:00,Hyderabad,17.385,78.4867
17.5,87,4.8,103,2023-12-14 02:00:00,Hyderabad,17.385,78.4867
20.0,75,4.7,99,2023-12-14 03:00:00,Hyderabad,17.385,78.4867
22.4,63,6.5,124,2023-12-14 04:00:00,Hyderabad,17.385,78.4867
24.1,48,10.2,100,2023-12-14 05:00:00,Hyderabad,17.385,78.4867
25.1,46,11.2,96,2023-12-14 06:00:00,Hyderabad,17.385,78.4867
25.8,45,11.6,97,2023-12-14 07:00:00,Hyderabad,17.385,78.4867
26.2,44,10.7,104,2023-12-14 08:00:00,Hyderabad,17.385,78.4867
26.4,43,10.8,105,2023-12-14 09:00:00,Hyderabad,17.385,78.4867
26.2,42,11.5,104,2023-12-14 10:00:00,Hyderabad,17.385,78.4867
25.5,43,12.0,99,2023-12-14 11:00:00,Hyderabad,17.385,78.4867
23.5,50,7.8,103,2023-12-14 12:00:00,Hyderabad,17.385,78.4867
21.4,63,6.4,128,2023-12-14 13:00:00,Hyderabad,17.385,78.4867
20.6,66,6.1,130,2023-12-14 14:00:00,Hyderabad,17.385,78.4867
19.5,71,6.4,142,2023-12-14 15:00:00,Hyderabad,17.385,78.4867
18.9,74,6.6,135,2023-12-14 16:00:00,Hyderabad,17.385,78.4867
19.1,74,8.2,165,2023-12-14 17:00:00,Hyderabad,17.385,78.4867
18.3,79,6.8,177,2023-12-14 18:00:00,Hyderabad,17.385,78.4867
17.9,81,6.8,177,2023-12-14 19:00:00,Hyderabad,17.385,78.4867
18.8,78,7.1,156,2023-12-14 20:00:00,Hyderabad,17.385,78.4867
19.0,76,2.4,27,2023-12-14 21:00:00,Hyderabad,17.385,78.4867
16.2,90,5.1,4,2023-12-14 22:00:00,Hyderabad,17.385,78.4867
17.6,84,3.6,6,2023-12-14 23:00:00,Hyderabad,17.385,78.4867
16.6,89,6.4,74,2023-12-15 00:00:00,Hyderabad,17.385,78.4867
15.9,83,7.3,101,2023-12-15 01:00:00,Hyderabad,17.385,78.4867
16.9,82,4.2,59,2023-12-15 02:00:00,Hyderabad,17.385,78.4867
19.5,76,3.3,84,2023-12-15 03:00:00,Hyderabad,17.385,78.4867
22.0,67,5.2,106,2023-12-15 04:00:00,Hyderabad,17.385,78.4867
23.8,52,8.5,102,2023-12-15 05:00:00,Hyderabad,17.385,78.4867
25.1,49,9.9,109,2023-12-15 06:00:00,Hyderabad,17.385,78.4867
26.0,46,9.4,108,2023-12-15 07:00:00,Hyderabad,17.385,78.4867
26.5,45,9.3,106,2023-12-15 08:00:00,Hyderabad,17.385,78.4867
26.6,45,9.8,107,2023-12-15 09:00:00,Hyderabad,17.385,78.4867
26.4,46,9.6,110,2023-12-15 10:00:00,Hyderabad,17.385,78.4867
25.8,47,8.9,111,2023-12-15 11:00:00,Hyderabad,17.385,78.4867
23.0,60,6.8,108,2023-12-15 12:00:00,Hyderabad,17.385,78.4867
22.1,69,8.0,100,2023-12-15 13:00:00,Hyderabad,17.385,78.4867
23.0,63,7.6,109,2023-12-15 14:00:00,Hyderabad,17.385,78.4867
22.5,65,8.8,125,2023-12-15 15:00:00,Hyderabad,17.385,78.4867
21.0,72,8.9,133,2023-12-15 16:00:00,Hyderabad,17.385,78.4867
20.0,79,8.1,135,2023-12-15 17:00:00,Hyderabad,17.385,78.4867
19.0,86,6.4,133,2023-12-15 18:00:00,Hyderabad,17.385,78.4867
18.4,92,6.4,133,2023-12-15 19:00:00,Hyderabad,17.385,78.4867
18.8,90,6.6,135,2023-12-15 20:00:00,Hyderabad,17.385,78.4867
19.0,89,6.9,129,2023-12-15 21:00:00,Hyderabad,17.385,78.4867
18.1,91,7.3,101,2023-12-15 22:00:00,Hyderabad,17.385,78.4867
18.1,93,5.4,82,2023-12-15 23:00:00,Hyderabad,17.385,78.4867
17.9,94,5.8,86,2023-12-16 00:00:00,Hyderabad,17.385,78.4867
17.1,97,5.9,76,2023-12-16 01:00:00,Hyderabad,17.385,78.4867
18.6,93,6.2,80,2023-12-16 02:00:00,Hyderabad,17.385,78.4867
21.0,82,5.8,90,2023-12-16 03:00:00,Hyderabad,17.385,78.4867
23.4,70,8.4,100,2023-12-16 04:00:00,Hyderabad,17.385,78.4867
24.0,66,5.8,94,2023-12-16 05:00:00,Hyderabad,17.385,78.4867
24.5,64,3.7,79,2023-12-16 06:00:00,Hyderabad,17.385,78.4867
25.4,59,2.3,51,2023-12-16 07:00:00,Hyderabad,17.385,78.4867
26.0,57,1.8,11,2023-12-16 08:00:00,Hyderabad,17.385,78.4867
26.5,55,1.0,315,2023-12-16 09:00:00,Hyderabad,17.385,78.4867
26.5,55,1.6,27,2023-12-16 10:00:00,Hyderabad,17.385,78.4867
26.2,56,3.6,53,2023-12-16 11:00:00,Hyderabad,17.385,78.4867
24.3,66,5.1,86,2023-12-16 12:00:00,Hyderabad,17.385,78.4867
24.3,62,8.1,103,2023-12-16 13:00:00,Hyderabad,17.385,78.4867
23.7,64,10.3,126,2023-12-16 14:00:00,Hyderabad,17.385,78.4867
22.6,72,5.4,143,2023-12-16 15:00:00,Hyderabad,17.385,78.4867
22.2,77,5.1,135,2023-12-16 16:00:00,Hyderabad,17.385,78.4867
21.9,81,3.6,96,2023-12-16 17:00:00,Hyderabad,17.385,78.4867
21.5,82,3.8,49,2023-12-16 18:00:00,Hyderabad,17.385,78.4867
19.4,92,6.4,43,2023-12-16 19:00:00,Hyderabad,17.385,78.4867
19.5,91,5.2,78,2023-12-16 20:00:00,Hyderabad,17.385,78.4867
20.0,87,4.2,110,2023-12-16 21:00:00,Hyderabad,17.385,78.4867
19.9,87,3.7,101,2023-12-16 22:00:00,Hyderabad,17.385,78.4867
19.0,91,4.7,86,2023-12-16 23:00:00,Hyderabad,17.385,78.4867
19.0,87,5.9,43,2023-12-17 00:00:00,Hyderabad,17.385,78.4867
17.6,87,6.3,59,2023-12-17 01:00:00,Hyderabad,17.385,78.4867
18.8,76,9.2,59,2023-12-17 02:00:00,Hyderabad,17.385,78.4867
21.1,62,8.4,70,2023-12-17 03:00:00,Hyderabad,17.385,78.4867
23.5,50,12.7,83,2023-12-17 04:00:00,Hyderabad,17.385,78.4867
24.9,45,15.2,83,2023-12-17 05:00:00,Hyderabad,17.385,78.4867
25.9,44,15.3,81,2023-12-17 06:00:00,Hyderabad,17.385,78.4867
26.7,43,14.1,87,2023-12-17 07:00:00,Hyderabad,17.385,78.4867
27.1,42,12.6,90,2023-12-17 08:00:00,Hyderabad,17.385,78.4867
27.2,42,10.1,88,2023-12-17 09:00:00,Hyderabad,17.385,78.4867
27.3,42,9.0,90,2023-12-17 10:00:00,Hyderabad,17.385,78.4867
26.6,44,9.4,88,2023-12-17 11:00:00,Hyderabad,17.385,78.4867
24.5,50,5.8,90,2023-12-17 12:00:00,Hyderabad,17.385,78.4867
24.2,52,6.9,96,2023-12-17 13:00:00,Hyderabad,17.385,78.4867
23.6,54,7.7,79,2023-12-17 14:00:00,Hyderabad,17.385,78.4867
22.6,58,8.2,67,2023-12-17 15:00:00,Hyderabad,17.385,78.4867
21.0,64,7.3,79,2023-12-17 16:00:00,Hyderabad,17.385,78.4867
20.0,68,6.8,87,2023-12-17 17:00:00,Hyderabad,17.385,78.4867
19.2,71,6.3,77,2023-12-17 18:00:00,Hyderabad,17.385,78.4867
19.0,71,6.3,59,2023-12-17 19:00:00,Hyderabad,17.385,78.4867
18.4,72,6.3,59,2023-12-17 20:00:00,Hyderabad,17.385,78.4867
17.9,72,6.4,63,2023-12-17 21:00:00,Hyderabad,17.385,78.4867
17.6,71,6.2,54,2023-12-17 22:00:00,Hyderabad,17.385,78.4867
17.5,69,6.9,62,2023-12-17 23:00:00,Hyderabad,17.385,78.4867
17.1,68,6.4,63,2023-12-18 00:00:00,Hyderabad,17.385,78.4867
17.2,74,6.0,65,2023-12-18 01:00:00,Hyderabad,17.385,78.4867
18.5,68,9.7,63,2023-12-18 02:00:00,Hyderabad,17.385,78.4867
20.5,61,9.8,84,2023-12-18 03:00:00,Hyderabad,17.385,78.4867
22.1,55,11.3,81,2023-12-18 04:00:00,Hyderabad,17.385,78.4867
23.5,50,13.0,66,2023-12-18 05:00:00,Hyderabad,17.385,78.4867
25.3,44,14.2,63,2023-12-18 06:00:00,Hyderabad,17.385,78.4867
26.4,43,13.2,61,2023-12-18 07:00:00,Hyderabad,17.385,78.4867
27.0,42,12.7,61,2023-12-18 08:00:00,Hyderabad,17.385,78.4867
27.1,41,12.6,63,2023-12-18 09:00:00,Hyderabad,17.385,78.4867
26.9,42,11.8,67,2023-12-18 10:00:00,Hyderabad,17.385,78.4867
26.2,43,10.9,63,2023-12-18 11:00:00,Hyderabad,17.385,78.4867
24.4,49,7.4,61,2023-12-18 12:00:00,Hyderabad,17.385,78.4867
22.5,56,7.4,61,2023-12-18 13:00:00,Hyderabad,17.385,78.4867
22.1,57,8.1,58,2023-12-18 14:00:00,Hyderabad,17.385,78.4867
21.4,60,8.1,58,2023-12-18 15:00:00,Hyderabad,17.385,78.4867
20.5,63,7.1,60,2023-12-18 16:00:00,Hyderabad,17.385,78.4867
20.0,64,7.0,55,2023-12-18 17:00:00,Hyderabad,17.385,78.4867
19.6,64,6.6,49,2023-12-18 18:00:00,Hyderabad,17.385,78.4867
19.0,66,7.1,45,2023-12-18 19:00:00,Hyderabad,17.385,78.4867
18.2,67,7.9,30,2023-12-18 20:00:00,Hyderabad,17.385,78.4867
18.2,66,10.3,25,2023-12-18 21:00:00,Hyderabad,17.385,78.4867
17.9,67,10.2,32,2023-12-18 22:00:00,Hyderabad,17.385,78.4867
17.2,70,9.1,34,2023-12-18 23:00:00,Hyderabad,17.385,78.4867
16.8,70,8.3,34,2023-12-19 00:00:00,Hyderabad,17.385,78.4867
17.2,69,7.6,31,2023-12-19 01:00:00,Hyderabad,17.385,78.4867
17.8,64,10.1,35,2023-12-19 02:00:00,Hyderabad,17.385,78.4867
20.0,57,8.9,40,2023-12-19 03:00:00,Hyderabad,17.385,78.4867
22.4,51,9.9,46,2023-12-19 04:00:00,Hyderabad,17.385,78.4867
23.9,47,12.0,57,2023-12-19 05:00:00,Hyderabad,17.385,78.4867
25.2,44,11.8,63,2023-12-19 06:00:00,Hyderabad,17.385,78.4867
26.0,43,11.4,62,2023-12-19 07:00:00,Hyderabad,17.385,78.4867
26.6,41,11.6,64,2023-12-19 08:00:00,Hyderabad,17.385,78.4867
26.8,41,11.1,65,2023-12-19 09:00:00,Hyderabad,17.385,78.4867
26.6,42,11.1,61,2023-12-19 10:00:00,Hyderabad,17.385,78.4867
25.9,44,11.4,62,2023-12-19 11:00:00,Hyderabad,17.385,78.4867
24.0,50,7.4,61,2023-12-19 12:00:00,Hyderabad,17.385,78.4867
21.9,58,7.7,53,2023-12-19 13:00:00,Hyderabad,17.385,78.4867
21.0,61,8.7,45,2023-12-19 14:00:00,Hyderabad,17.385,78.4867
20.2,64,8.5,54,2023-12-19 15:00:00,Hyderabad,17.385,78.4867
19.5,68,8.1,58,2023-12-19 16:00:00,Hyderabad,17.385,78.4867
18.6,71,6.9,47,2023-12-19 17:00:00,Hyderabad,17.385,78.4867
17.9,70,6.8,25,2023-12-19 18:00:00,Hyderabad,17.385,78.4867
17.2,70,6.3,24,2023-12-19 19:00:00,Hyderabad,17.385,78.4867
16.9,69,6.6,29,2023-12-19 20:00:00,Hyderabad,17.385,78.4867
16.6,68,6.4,52,2023-12-19 21:00:00,Hyderabad,17.385,78.4867
16.0,70,7.2,37,2023-12-19 22:00:00,Hyderabad,17.385,78.4867
16.1,66,6.5,34,2023-12-19 23:00:00,Hyderabad,17.385,78.4867
15.9,64,7.1,24,2023-12-20 00:00:00,Hyderabad,17.385,78.4867
16.0,65,7.1,24,2023-12-20 01:00:00,Hyderabad,17.385,78.4867
17.1,61,8.7,42,2023-12-20 02:00:00,Hyderabad,17.385,78.4867
19.5,54,6.1,62,2023-12-20 03:00:00,Hyderabad,17.385,78.4867
21.8,48,6.8,72,2023-12-20 04:00:00,Hyderabad,17.385,78.4867
23.8,43,9.2,79,2023-12-20 05:00:00,Hyderabad,17.385,78.4867
25.0,41,10.1,88,2023-12-20 06:00:00,Hyderabad,17.385,78.4867
25.9,40,9.1,83,2023-12-20 07:00:00,Hyderabad,17.385,78.4867
26.5,39,7.6,82,2023-12-20 08:00:00,Hyderabad,17.385,78.4867
26.9,38,7.6,85,2023-12-20 09:00:00,Hyderabad,17.385,78.4867
26.8,38,8.1,77,2023-12-20 10:00:00,Hyderabad,17.385,78.4867
26.1,40,8.1,77,2023-12-20 11:00:00,Hyderabad,17.385,78.4867
23.2,54,6.8,90,2023-12-20 12:00:00,Hyderabad,17.385,78.4867
21.2,56,6.6,68,2023-12-20 13:00:00,Hyderabad,17.385,78.4867
20.5,58,7.1,66,2023-12-20 14:00:00,Hyderabad,17.385,78.4867
19.1,63,6.6,61,2023-12-20 15:00:00,Hyderabad,17.385,78.4867
18.0,67,8.4,70,2023-12-20 16:00:00,Hyderabad,17.385,78.4867
17.2,70,8.6,75,2023-12-20 17:00:00,Hyderabad,17.385,78.4867
17.7,67,7.1,66,2023-12-20 18:00:00,Hyderabad,17.385,78.4867
18.2,63,5.6,40,2023-12-20 19:00:00,Hyderabad,17.385,78.4867
16.8,68,4.3,5,2023-12-20 20:00:00,Hyderabad,17.385,78.4867
15.6,72,5.6,15,2023-12-20 21:00:00,Hyderabad,17.385,78.4867
14.5,76,6.9,9,2023-12-20 22:00:00,Hyderabad,17.385,78.4867
13.9,77,8.5,12,2023-12-20 23:00:00,Hyderabad,17.385,78.4867
13.8,74,9.0,16,2023-12-21 00:00:00,Hyderabad,17.385,78.4867
13.9,80,8.7,24,2023-12-21 01:00:00,Hyderabad,17.385,78.4867
16.1,69,6.4,27,2023-12-21 02:00:00,Hyderabad,17.385,78.4867
19.4,57,6.7,36,2023-12-21 03:00:00,Hyderabad,17.385,78.4867
22.5,44,8.2,61,2023-12-21 04:00:00,Hyderabad,17.385,78.4867
24.3,41,9.1,72,2023-12-21 05:00:00,Hyderabad,17.385,78.4867
25.6,38,8.0,72,2023-12-21 06:00:00,Hyderabad,17.385,78.4867
26.7,35,7.5,73,2023-12-21 07:00:00,Hyderabad,17.385,78.4867
27.5,33,6.5,71,2023-12-21 08:00:00,Hyderabad,17.385,78.4867
27.9,32,6.3,66,2023-12-21 09:00:00,Hyderabad,17.385,78.4867
27.8,31,6.3,66,2023-12-21 10:00:00,Hyderabad,17.385,78.4867
27.0,33,6.3,66,2023-12-21 11:00:00,Hyderabad,17.385,78.4867
23.1,50,8.8,71,2023-12-21 12:00:00,Hyderabad,17.385,78.4867
21.2,50,8.2,75,2023-12-21 13:00:00,Hyderabad,17.385,78.4867
19.5,57,9.2,79,2023-12-21 14:00:00,Hyderabad,17.385,78.4867
18.2,63,9.4,97,2023-12-21 15:00:00,Hyderabad,17.385,78.4867
17.8,68,8.6,123,2023-12-21 16:00:00,Hyderabad,17.385,78.4867
19.2,63,3.4,72,2023-12-21 17:00:00,Hyderabad,17.385,78.4867
18.6,64,2.9,353,2023-12-21 18:00:00,Hyderabad,17.385,78.4867
18.1,66,2.3,162,2023-12-21 19:00:00,Hyderabad,17.385,78.4867
17.4,76,2.6,254,2023-12-21 20:00:00,Hyderabad,17.385,78.4867
14.9,89,4.6,252,2023-12-21 21:00:00,Hyderabad,17.385,78.4867
14.1,96,4.7,261,2023-12-21 22:00:00,Hyderabad,17.385,78.4867
13.2,99,3.9,292,2023-12-21 23:00:00,Hyderabad,17.385,78.4867
13.8,95,3.7,299,2023-12-22 00:00:00,Hyderabad,17.385,78.4867
14.1,98,2.9,300,2023-12-22 01:00:00,Hyderabad,17.385,78.4867
15.4,95,2.8,310,2023-12-22 02:00:00,Hyderabad,17.385,78.4867
19.0,79,2.5,315,2023-12-22 03:00:00,Hyderabad,17.385,78.4867
22.4,58,3.7,61,2023-12-22 04:00:00,Hyderabad,17.385,78.4867
24.5,42,6.6,81,2023-12-22 05:00:00,Hyderabad,17.385,78.4867
26.0,35,6.5,84,2023-12-22 06:00:00,Hyderabad,17.385,78.4867
27.0,32,5.9,79,2023-12-22 07:00:00,Hyderabad,17.385,78.4867
27.8,30,4.8,77,2023-12-22 08:00:00,Hyderabad,17.385,78.4867
28.1,28,4.9,73,2023-12-22 09:00:00,Hyderabad,17.385,78.4867
27.9,28,5.1,82,2023-12-22 10:00:00,Hyderabad,17.385,78.4867
27.2,30,5.4,82,2023-12-22 11:00:00,Hyderabad,17.385,78.4867
24.1,40,6.5,90,2023-12-22 12:00:00,Hyderabad,17.385,78.4867
21.6,46,9.1,99,2023-12-22 13:00:00,Hyderabad,17.385,78.4867
20.1,54,10.1,96,2023-12-22 14:00:00,Hyderabad,17.385,78.4867
20.8,52,6.9,99,2023-12-22 15:00:00,Hyderabad,17.385,78.4867
18.6,62,7.5,55,2023-12-22 16:00:00,Hyderabad,17.385,78.4867
18.5,64,8.7,83,2023-12-22 17:00:00,Hyderabad,17.385,78.4867
17.9,66,8.5,118,2023-12-22 18:00:00,Hyderabad,17.385,78.4867
17.0,72,8.9,137,2023-12-22 19:00:00,Hyderabad,17.385,78.4867
18.5,66,6.7,164,2023-12-22 20:00:00,Hyderabad,17.385,78.4867
18.3,70,3.6,225,2023-12-22 21:00:00,Hyderabad,17.385,78.4867
18.0,74,2.5,270,2023-12-22 22:00:00,Hyderabad,17.385,78.4867
17.6,79,3.0,256,2023-12-22 23:00:00,Hyderabad,17.385,78.4867
17.2,83,4.3,228,2023-12-23 00:00:00,Hyderabad,17.385,78.4867
16.5,87,5.1,231,2023-12-23 01:00:00,Hyderabad,17.385,78.4867
16.5,92,3.1,249,2023-12-23 02:00:00,Hyderabad,17.385,78.4867
19.5,78,1.3,34,2023-12-23 03:00:00,Hyderabad,17.385,78.4867
22.4,66,3.6,84,2023-12-23 04:00:00,Hyderabad,17.385,78.4867
24.6,53,6.8,93,2023-12-23 05:00:00,Hyderabad,17.385,78.4867
26.2,45,8.4,83,2023-12-23 06:00:00,Hyderabad,17.385,78.4867
27.4,40,9.7,86,2023-12-23 07:00:00,Hyderabad,17.385,78.4867
28.0,38,11.2,86,2023-12-23 08:00:00,Hyderabad,17.385,78.4867
28.1,38,11.9,90,2023-12-23 09:00:00,Hyderabad,17.385,78.4867
27.8,40,12.7,98,2023-12-23 10:00:00,Hyderabad,17.385,78.4867
26.9,43,13.0,104,2023-12-23 11:00:00,Hyderabad,17.385,78.4867
24.9,52,9.4,113,2023-12-23 12:00:00,Hyderabad,17.385,78.4867
21.6,59,6.8,115,2023-12-23 13:00:00,Hyderabad,17.385,78.4867
20.1,70,7.1,131,2023-12-23 14:00:00,Hyderabad,17.385,78.4867
19.1,78,7.4,141,2023-12-23 15:00:00,Hyderabad,17.385,78.4867
18.1,84,8.7,142,2023-12-23 16:00:00,Hyderabad,17.385,78.4867
17.4,88,9.3,144,2023-12-23 17:00:00,Hyderabad,17.385,78.4867
19.4,78,6.4,133,2023-12-23 18:00:00,Hyderabad,17.385,78.4867
18.9,81,2.5,8,2023-12-23 19:00:00,Hyderabad,17.385,78.4867
18.5,84,2.2,351,2023-12-23 20:00:00,Hyderabad,17.385,78.4867
18.2,85,2.2,351,2023-12-23 21:00:00,Hyderabad,17.385,78.4867
18.0,86,0.8,333,2023-12-23 22:00:00,Hyderabad,17.385,78.4867
17.9,87,0.0,270,2023-12-23 23:00:00,Hyderabad,17.385,78.4867
17.5,89,2.6,16,2023-12-24 00:00:00,Hyderabad,17.385,78.4867
16.0,94,6.4,106,2023-12-24 01:00:00,Hyderabad,17.385,78.4867
16.5,95,5.0,120,2023-12-24 02:00:00,Hyderabad,17.385,78.4867
19.5,81,4.7,122,2023-12-24 03:00:00,Hyderabad,17.385,78.4867
22.0,73,7.3,123,2023-12-24 04:00:00,Hyderabad,17.385,78.4867
24.0,61,9.3,118,2023-12-24 05:00:00,Hyderabad,17.385,78.4867
25.9,49,9.8,114,2023-12-24 06:00:00,Hyderabad,17.385,78.4867
27.2,41,10.6,108,2023-12-24 07:00:00,Hyderabad,17.385,78.4867
28.0,36,11.3,107,2023-12-24 08:00:00,Hyderabad,17.385,78.4867
28.4,34,11.2,105,2023-12-24 09:00:00,Hyderabad,17.385,78.4867
28.1,35,10.7,102,2023-12-24 10:00:00,Hyderabad,17.385,78.4867
27.2,38,9.6,103,2023-12-24 11:00:00,Hyderabad,17.385,78.4867
24.0,51,6.5,109,2023-12-24 12:00:00,Hyderabad,17.385,78.4867
21.3,62,7.6,90,2023-12-24 13:00:00,Hyderabad,17.385,78.4867
20.5,67,6.8,93,2023-12-24 14:00:00,Hyderabad,17.385,78.4867
19.1,73,7.4,104,2023-12-24 15:00:00,Hyderabad,17.385,78.4867
18.4,79,7.4,104,2023-12-24 16:00:00,Hyderabad,17.385,78.4867
17.5,86,7.9,106,2023-12-24 17:00:00,Hyderabad,17.385,78.4867
16.8,90,9.3,106,2023-12-24 18:00:00,Hyderabad,17.385,78.4867
17.0,89,8.8,109,2023-12-24 19:00:00,Hyderabad,17.385,78.4867
18.7,84,5.9,104,2023-12-24 20:00:00,Hyderabad,17.385,78.4867
18.5,86,2.2,9,2023-12-24 21:00:00,Hyderabad,17.385,78.4867
18.1,88,0.5,315,2023-12-24 22:00:00,Hyderabad,17.385,78.4867
16.4,93,2.6,286,2023-12-24 23:00:00,Hyderabad,17.385,78.4867
16.5,95,3.4,252,2023-12-25 00:00:00,Hyderabad,17.385,78.4867
17.2,94,1.0,315,2023-12-25 01:00:00,Hyderabad,17.385,78.4867
16.5,97,1.8,349,2023-12-25 02:00:00,Hyderabad,17.385,78.4867
19.6,83,2.5,90,2023-12-25 03:00:00,Hyderabad,17.385,78.4867
22.1,75,5.0,111,2023-12-25 04:00:00,Hyderabad,17.385,78.4867
24.1,65,6.6,99,2023-12-25 05:00:00,Hyderabad,17.385,78.4867
25.8,56,8.3,95,2023-12-25 06:00:00,Hyderabad,17.385,78.4867
27.0,50,8.7,95,2023-12-25 07:00:00,Hyderabad,17.385,78.4867
27.8,48,8.8,99,2023-12-25 08:00:00,Hyderabad,17.385,78.4867
28.3,44,8.8,99,2023-12-25 09:00:00,Hyderabad,17.385,78.4867
28.2,45,9.5,99,2023-12-25 10:00:00,Hyderabad,17.385,78.4867
27.5,47,9.5,99,2023-12-25 11:00:00,Hyderabad,17.385,78.4867
24.9,58,5.9,101,2023-12-25 12:00:00,Hyderabad,17.385,78.4867
21.9,66,7.8,103,2023-12-25 13:00:00,Hyderabad,17.385,78.4867
21.0,70,6.9,118,2023-12-25 14:00:00,Hyderabad,17.385,78.4867
19.8,77,7.7,127,2023-12-25 15:00:00,Hyderabad,17.385,78.4867
18.5,85,9.7,129,2023-12-25 16:00:00,Hyderabad,17.385,78.4867
17.9,88,9.2,135,2023-12-25 17:00:00,Hyderabad,17.385,78.4867
18.5,85,7.6,135,2023-12-25 18:00:00,Hyderabad,17.385,78.4867
18.0,87,7.3,147,2023-12-25 19:00:00,Hyderabad,17.385,78.4867
17.5,89,7.2,180,2023-12-25 20:00:00,Hyderabad,17.385,78.4867
16.6,91,7.8,193,2023-12-25 21:00:00,Hyderabad,17.385,78.4867
16.7,91,7.1,210,2023-12-25 22:00:00,Hyderabad,17.385,78.4867
17.4,90,5.6,220,2023-12-25 23:00:00,Hyderabad,17.385,78.4867
16.9,92,5.1,231,2023-12-26 00:00:00,Hyderabad,17.385,78.4867
17.5,89,5.0,240,2023-12-26 01:00:00,Hyderabad,17.385,78.4867
17.2,91,2.9,263,2023-12-26 02:00:00,Hyderabad,17.385,78.4867
20.0,77,3.1,135,2023-12-26 03:00:00,Hyderabad,17.385,78.4867
22.8,64,5.3,118,2023-12-26 04:00:00,Hyderabad,17.385,78.4867
24.8,56,5.9,104,2023-12-26 05:00:00,Hyderabad,17.385,78.4867
26.6,48,7.2,93,2023-12-26 06:00:00,Hyderabad,17.385,78.4867
28.0,41,8.3,95,2023-12-26 07:00:00,Hyderabad,17.385,78.4867
28.9,36,8.7,97,2023-12-26 08:00:00,Hyderabad,17.385,78.4867
29.2,34,8.6,92,2023-12-26 09:00:00,Hyderabad,17.385,78.4867
29.1,34,8.6,88,2023-12-26 10:00:00,Hyderabad,17.385,78.4867
28.4,36,8.7,83,2023-12-26 11:00:00,Hyderabad,17.385,78.4867
25.0,49,6.8,87,2023-12-26 12:00:00,Hyderabad,17.385,78.4867
22.5,54,7.4,113,2023-12-26 13:00:00,Hyderabad,17.385,78.4867
21.8,61,7.9,129,2023-12-26 14:00:00,Hyderabad,17.385,78.4867
20.1,70,6.9,129,2023-12-26 15:00:00,Hyderabad,17.385,78.4867
18.9,78,8.9,117,2023-12-26 16:00:00,Hyderabad,17.385,78.4867
18.1,82,8.4,100,2023-12-26 17:00:00,Hyderabad,17.385,78.4867
17.5,87,8.8,102,2023-12-26 18:00:00,Hyderabad,17.385,78.4867
17.1,88,9.2,141,2023-12-26 19:00:00,Hyderabad,17.385,78.4867
17.2,88,8.6,158,2023-12-26 20:00:00,Hyderabad,17.385,78.4867
18.8,82,6.4,164,2023-12-26 21:00:00,Hyderabad,17.385,78.4867
18.6,83,4.3,204,2023-12-26 22:00:00,Hyderabad,17.385,78.4867
18.4,84,4.9,216,2023-12-26 23:00:00,Hyderabad,17.385,78.4867
18.0,86,5.8,187,2023-12-27 00:00:00,Hyderabad,17.385,78.4867
17.7,82,5.5,169,2023-12-27 01:00:00,Hyderabad,17.385,78.4867
16.9,90,5.9,133,2023-12-27 02:00:00,Hyderabad,17.385,78.4867
20.1,72,3.9,112,2023-12-27 03:00:00,Hyderabad,17.385,78.4867
22.8,64,5.5,122,2023-12-27 04:00:00,Hyderabad,17.385,78.4867
25.0,55,7.0,111,2023-12-27 05:00:00,Hyderabad,17.385,78.4867
26.5,47,9.1,97,2023-12-27 06:00:00,Hyderabad,17.385,78.4867
27.5,43,10.1,96,2023-12-27 07:00:00,Hyderabad,17.385,78.4867
28.0,40,10.9,96,2023-12-27 08:00:00,Hyderabad,17.385,78.4867
28.2,39,10.8,92,2023-12-27 09:00:00,Hyderabad,17.385,78.4867
28.1,38,10.9,82,2023-12-27 10:00:00,Hyderabad,17.385,78.4867
27.4,40,10.2,80,2023-12-27 11:00:00,Hyderabad,17.385,78.4867
25.0,49,6.8,93,2023-12-27 12:00:00,Hyderabad,17.385,78.4867
22.5,60,8.2,105,2023-12-27 13:00:00,Hyderabad,17.385,78.4867
21.7,64,8.3,108,2023-12-27 14:00:00,Hyderabad,17.385,78.4867
20.5,71,8.0,117,2023-12-27 15:00:00,Hyderabad,17.385,78.4867
19.7,77,7.6,115,2023-12-27 16:00:00,Hyderabad,17.385,78.4867
18.6,85,6.6,119,2023-12-27 17:00:00,Hyderabad,17.385,78.4867
17.5,91,8.7,120,2023-12-27 18:00:00,Hyderabad,17.385,78.4867
17.2,91,9.2,132,2023-12-27 19:00:00,Hyderabad,17.385,78.4867
16.4,94,9.8,152,2023-12-27 20:00:00,Hyderabad,17.385,78.4867
16.5,93,9.0,157,2023-12-27 21:00:00,Hyderabad,17.385,78.4867
16.9,91,8.0,170,2023-12-27 22:00:00,Hyderabad,17.385,78.4867
18.5,87,6.1,152,2023-12-27 23:00:00,Hyderabad,17.385,78.4867
18.1,89,5.6,153,2023-12-28 00:00:00,Hyderabad,17.385,78.4867
15.4,96,9.0,151,2023-12-28 01:00:00,Hyderabad,17.385,78.4867
17.0,94,4.6,135,2023-12-28 02:00:00,Hyderabad,17.385,78.4867
19.9,82,3.9,146,2023-12-28 03:00:00,Hyderabad,17.385,78.4867
22.5,73,5.0,150,2023-12-28 04:00:00,Hyderabad,17.385,78.4867
24.4,63,7.1,120,2023-12-28 05:00:00,Hyderabad,17.385,78.4867
25.8,57,8.8,102,2023-12-28 06:00:00,Hyderabad,17.385,78.4867
26.7,53,10.9,98,2023-12-28 07:00:00,Hyderabad,17.385,78.4867
27.1,49,12.1,100,2023-12-28 08:00:00,Hyderabad,17.385,78.4867
27.5,47,12.4,107,2023-12-28 09:00:00,Hyderabad,17.385,78.4867
27.2,47,12.1,107,2023-12-28 10:00:00,Hyderabad,17.385,78.4867
26.5,49,11.7,108,2023-12-28 11:00:00,Hyderabad,17.385,78.4867
24.8,56,8.7,107,2023-12-28 12:00:00,Hyderabad,17.385,78.4867
22.5,64,9.4,122,2023-12-28 13:00:00,Hyderabad,17.385,78.4867
21.5,69,9.6,124,2023-12-28 14:00:00,Hyderabad,17.385,78.4867
20.5,74,8.4,121,2023-12-28 15:00:00,Hyderabad,17.385,78.4867
19.1,81,6.6,119,2023-12-28 16:00:00,Hyderabad,17.385,78.4867
18.9,82,8.5,126,2023-12-28 17:00:00,Hyderabad,17.385,78.4867
19.9,77,5.4,98,2023-12-28 18:00:00,Hyderabad,17.385,78.4867
19.4,80,5.5,79,2023-12-28 19:00:00,Hyderabad,17.385,78.4867
19.0,82,5.4,98,2023-12-28 20:00:00,Hyderabad,17.385,78.4867
15.8,93,9.7,138,2023-12-28 21:00:00,Hyderabad,17.385,78.4867
15.4,94,9.8,126,2023-12-28 22:00:00,Hyderabad,17.385,78.4867
14.8,96,9.1,99,2023-12-28 23:00:00,Hyderabad,17.385,78.4867
14.3,98,8.9,104,2023-12-29 00:00:00,Hyderabad,17.385,78.4867
14.4,99,8.5,118,2023-12-29 01:00:00,Hyderabad,17.385,78.4867
16.2,99,5.6,117,2023-12-29 02:00:00,Hyderabad,17.385,78.4867
19.2,86,6.5,124,2023-12-29 03:00:00,Hyderabad,17.385,78.4867
22.0,72,10.1,125,2023-12-29 04:00:00,Hyderabad,17.385,78.4867
24.1,62,11.6,120,2023-12-29 05:00:00,Hyderabad,17.385,78.4867
25.6,55,11.1,115,2023-12-29 06:00:00,Hyderabad,17.385,78.4867
26.6,49,11.8,117,2023-12-29 07:00:00,Hyderabad,17.385,78.4867
27.3,45,11.5,122,2023-12-29 08:00:00,Hyderabad,17.385,78.4867
27.5,44,10.8,127,2023-12-29 09:00:00,Hyderabad,17.385,78.4867
27.4,43,9.5,127,2023-12-29 10:00:00,Hyderabad,17.385,78.4867
26.6,45,9.2,116,2023-12-29 11:00:00,Hyderabad,17.385,78.4867
24.5,53,6.7,106,2023-12-29 12:00:00,Hyderabad,17.385,78.4867
21.5,62,7.3,101,2023-12-29 13:00:00,Hyderabad,17.385,78.4867
20.5,67,7.4,119,2023-12-29 14:00:00,Hyderabad,17.385,78.4867
19.8,73,8.7,135,2023-12-29 15:00:00,Hyderabad,17.385,78.4867
19.0,79,8.4,140,2023-12-29 16:00:00,Hyderabad,17.385,78.4867
18.0,85,6.9,137,2023-12-29 17:00:00,Hyderabad,17.385,78.4867
17.0,88,9.2,138,2023-12-29 18:00:00,Hyderabad,17.385,78.4867
17.4,86,8.2,131,2023-12-29 19:00:00,Hyderabad,17.385,78.4867
18.5,82,5.8,112,2023-12-29 20:00:00,Hyderabad,17.385,78.4867
18.4,84,5.5,157,2023-12-29 21:00:00,Hyderabad,17.385,78.4867
18.0,85,7.3,147,2023-12-29 22:00:00,Hyderabad,17.385,78.4867
16.2,91,7.9,114,2023-12-29 23:00:00,Hyderabad,17.385,78.4867
14.6,96,9.0,113,2023-12-30 00:00:00,Hyderabad,17.385,78.4867
14.9,99,9.1,124,2023-12-30 01:00:00,Hyderabad,17.385,78.4867
16.9,99,5.8,120,2023-12-30 02:00:00,Hyderabad,17.385,78.4867
19.1,90,7.1,131,2023-12-30 03:00:00,Hyderabad,17.385,78.4867
21.4,77,6.4,117,2023-12-30 04:00:00,Hyderabad,17.385,78.4867
23.9,60,6.0,115,2023-12-30 05:00:00,Hyderabad,17.385,78.4867
25.6,50,4.7,90,2023-12-30 06:00:00,Hyderabad,17.385,78.4867
26.9,42,5.2,74,2023-12-30 07:00:00,Hyderabad,17.385,78.4867
27.6,37,5.2,78,2023-12-30 08:00:00,Hyderabad,17.385,78.4867
28.0,36,5.1,86,2023-12-30 09:00:00,Hyderabad,17.385,78.4867
27.9,35,5.8,86,2023-12-30 10:00:00,Hyderabad,17.385,78.4867
27.2,35,8.0,82,2023-12-30 11:00:00,Hyderabad,17.385,78.4867
24.4,43,6.8,90,2023-12-30 12:00:00,Hyderabad,17.385,78.4867
23.3,47,10.8,111,2023-12-30 13:00:00,Hyderabad,17.385,78.4867
22.0,55,10.2,122,2023-12-30 14:00:00,Hyderabad,17.385,78.4867
20.8,61,8.7,132,2023-12-30 15:00:00,Hyderabad,17.385,78.4867
19.6,66,8.0,126,2023-12-30 16:00:00,Hyderabad,17.385,78.4867
18.9,74,7.8,124,2023-12-30 17:00:00,Hyderabad,17.385,78.4867
18.1,82,7.1,120,2023-12-30 18:00:00,Hyderabad,17.385,78.4867
17.3,88,7.4,119,2023-12-30 19:00:00,Hyderabad,17.385,78.4867
17.0,89,7.4,104,2023-12-30 20:00:00,Hyderabad,17.385,78.4867
16.2,90,8.6,105,2023-12-30 21:00:00,Hyderabad,17.385,78.4867
16.1,91,7.0,125,2023-12-30 22:00:00,Hyderabad,17.385,78.4867
15.1,93,9.8,126,2023-12-30 23:00:00,Hyderabad,17.385,78.4867
15.2,94,8.9,111,2023-12-31 00:00:00,Hyderabad,17.385,78.4867
15.4,94,8.8,109,2023-12-31 01:00:00,Hyderabad,17.385,78.4867
16.6,94,3.7,101,2023-12-31 02:00:00,Hyderabad,17.385,78.4867
19.9,79,4.1,105,2023-12-31 03:00:00,Hyderabad,17.385,78.4867
22.8,63,7.2,108,2023-12-31 04:00:00,Hyderabad,17.385,78.4867
24.8,51,8.8,99,2023-12-31 05:00:00,Hyderabad,17.385,78.4867
26.1,44,9.0,90,2023-12-31 06:00:00,Hyderabad,17.385,78.4867
27.1,41,8.6,92,2023-12-31 07:00:00,Hyderabad,17.385,78.4867
27.7,39,8.7,95,2023-12-31 08:00:00,Hyderabad,17.385,78.4867
27.9,39,9.1,99,2023-12-31 09:00:00,Hyderabad,17.385,78.4867
27.6,41,9.1,99,2023-12-31 10:00:00,Hyderabad,17.385,78.4867
26.9,44,10.0,103,2023-12-31 11:00:00,Hyderabad,17.385,78.4867
24.8,51,7.8,103,2023-12-31 12:00:00,Hyderabad,17.385,78.4867
22.0,60,8.7,107,2023-12-31 13:00:00,Hyderabad,17.385,78.4867
20.9,66,8.4,115,2023-12-31 14:00:00,Hyderabad,17.385,78.4867
19.6,74,7.3,123,2023-12-31 15:00:00,Hyderabad,17.385,78.4867
18.5,81,7.2,127,2023-12-31 16:00:00,Hyderabad,17.385,78.4867
17.5,88,8.9,133,2023-12-31 17:00:00,Hyderabad,17.385,78.4867
16.8,91,9.9,136,2023-12-31 18:00:00,Hyderabad,17.385,78.4867
17.2,88,8.6,123,2023-12-31 19:00:00,Hyderabad,17.385,78.4867
16.5,91,7.2,127,2023-12-31 20:00:00,Hyderabad,17.385,78.4867
15.7,94,9.7,135,2023-12-31 21:00:00,Hyderabad,17.385,78.4867
15.4,95,8.6,123,2023-12-31 22:00:00,Hyderabad,17.385,78.4867
15.2,96,8.0,98,2023-12-31 23:00:00,Hyderabad,17.385,78.4867
14.6,98,7.6,87,2024-01-01 00:00:00,Hyderabad,17.385,78.4867
14.8,98,7.9,114,2024-01-01 01:00:00,Hyderabad,17.385,78.4867
16.5,96,5.8,120,2024-01-01 02:00:00,Hyderabad,17.385,78.4867
19.4,84,6.9,133,2024-01-01 03:00:00,Hyderabad,17.385,78.4867
22.1,72,8.9,133,2024-01-01 04:00:00,Hyderabad,17.385,78.4867
24.1,61,8.4,130,2024-01-01 05:00:00,Hyderabad,17.385,78.4867
25.6,52,6.5,124,2024-01-01 06:00:00,Hyderabad,17.385,78.4867
26.7,47,5.8,112,2024-01-01 07:00:00,Hyderabad,17.385,78.4867
27.4,44,6.5,109,2024-01-01 08:00:00,Hyderabad,17.385,78.4867
27.7,43,7.1,105,2024-01-01 09:00:00,Hyderabad,17.385,78.4867
27.6,43,7.6,98,2024-01-01 10:00:00,Hyderabad,17.385,78.4867
26.8,44,9.0,95,2024-01-01 11:00:00,Hyderabad,17.385,78.4867
24.9,50,7.2,87,2024-01-01 12:00:00,Hyderabad,17.385,78.4867
22.8,59,9.1,99,2024-01-01 13:00:00,Hyderabad,17.385,78.4867
21.9,64,11.1,115,2024-01-01 14:00:00,Hyderabad,17.385,78.4867
21.2,68,11.4,125,2024-01-01 15:00:00,Hyderabad,17.385,78.4867
20.4,73,8.8,125,2024-01-01 16:00:00,Hyderabad,17.385,78.4867
19.6,76,7.8,124,2024-01-01 17:00:00,Hyderabad,17.385,78.4867
18.5,81,7.5,125,2024-01-01 18:00:00,Hyderabad,17.385,78.4867
17.4,87,9.0,127,2024-01-01 19:00:00,Hyderabad,17.385,78.4867
17.5,84,6.8,122,2024-01-01 20:00:00,Hyderabad,17.385,78.4867
16.5,89,7.1,114,2024-01-01 21:00:00,Hyderabad,17.385,78.4867
16.0,93,7.2,117,2024-01-01 22:00:00,Hyderabad,17.385,78.4867
15.9,96,6.6,112,2024-01-01 23:00:00,Hyderabad,17.385,78.4867
15.6,98,6.6,99,2024-01-02 00:00:00,Hyderabad,17.385,78.4867
14.6,100,8.3,95,2024-01-02 01:00:00,Hyderabad,17.385,78.4867
16.6,99,8.0,82,2024-01-02 02:00:00,Hyderabad,17.385,78.4867
19.0,90,11.4,114,2024-01-02 03:00:00,Hyderabad,17.385,78.4867
21.1,78,11.9,115,2024-01-02 04:00:00,Hyderabad,17.385,78.4867
23.0,69,12.1,107,2024-01-02 05:00:00,Hyderabad,17.385,78.4867
24.7,59,11.4,108,2024-01-02 06:00:00,Hyderabad,17.385,78.4867
26.0,51,10.4,110,2024-01-02 07:00:00,Hyderabad,17.385,78.4867
26.9,46,10.0,105,2024-01-02 08:00:00,Hyderabad,17.385,78.4867
27.2,43,9.9,100,2024-01-02 09:00:00,Hyderabad,17.385,78.4867
27.2,42,9.9,109,2024-01-02 10:00:00,Hyderabad,17.385,78.4867
26.5,45,10.8,116,2024-01-02 11:00:00,Hyderabad,17.385,78.4867
24.6,53,8.5,118,2024-01-02 12:00:00,Hyderabad,17.385,78.4867
21.4,59,7.5,107,2024-01-02 13:00:00,Hyderabad,17.385,78.4867
20.8,64,8.4,121,2024-01-02 14:00:00,Hyderabad,17.385,78.4867
19.6,72,7.0,125,2024-01-02 15:00:00,Hyderabad,17.385,78.4867
18.5,80,7.2,117,2024-01-02 16:00:00,Hyderabad,17.385,78.4867
17.7,85,8.6,123,2024-01-02 17:00:00,Hyderabad,17.385,78.4867
17.8,85,7.1,131,2024-01-02 18:00:00,Hyderabad,17.385,78.4867
18.4,82,9.4,137,2024-01-02 19:00:00,Hyderabad,17.385,78.4867
17.9,88,9.7,132,2024-01-02 20:00:00,Hyderabad,17.385,78.4867
17.4,94,8.5,126,2024-01-02 21:00:00,Hyderabad,17.385,78.4867
17.2,96,7.9,120,2024-01-02 22:00:00,Hyderabad,17.385,78.4867
17.1,97,7.4,113,2024-01-02 23:00:00,Hyderabad,17.385,78.4867
17.1,98,8.3,108,2024-01-03 00:00:00,Hyderabad,17.385,78.4867
18.4,96,12.1,117,2024-01-03 01:00:00,Hyderabad,17.385,78.4867
18.5,95,13.0,124,2024-01-03 02:00:00,Hyderabad,17.385,78.4867
19.5,88,14.7,126,2024-01-03 03:00:00,Hyderabad,17.385,78.4867
21.6,74,14.0,125,2024-01-03 04:00:00,Hyderabad,17.385,78.4867
23.4,64,11.7,124,2024-01-03 05:00:00,Hyderabad,17.385,78.4867
24.9,58,11.5,122,2024-01-03 06:00:00,Hyderabad,17.385,78.4867
26.0,53,11.8,121,2024-01-03 07:00:00,Hyderabad,17.385,78.4867
26.9,48,11.9,125,2024-01-03 08:00:00,Hyderabad,17.385,78.4867
27.1,46,11.4,125,2024-01-03 09:00:00,Hyderabad,17.385,78.4867
27.0,45,10.8,127,2024-01-03 10:00:00,Hyderabad,17.385,78.4867
26.3,45,11.4,125,2024-01-03 11:00:00,Hyderabad,17.385,78.4867
24.7,50,9.2,121,2024-01-03 12:00:00,Hyderabad,17.385,78.4867
22.7,43,11.6,120,2024-01-03 13:00:00,Hyderabad,17.385,78.4867
21.8,52,13.0,124,2024-01-03 14:00:00,Hyderabad,17.385,78.4867
21.0,61,11.4,125,2024-01-03 15:00:00,Hyderabad,17.385,78.4867
20.2,67,9.2,116,2024-01-03 16:00:00,Hyderabad,17.385,78.4867
19.9,70,9.7,117,2024-01-03 17:00:00,Hyderabad,17.385,78.4867
19.7,75,11.5,134,2024-01-03 18:00:00,Hyderabad,17.385,78.4867
19.1,87,11.5,141,2024-01-03 19:00:00,Hyderabad,17.385,78.4867
18.6,94,11.5,139,2024-01-03 20:00:00,Hyderabad,17.385,78.4867
18.4,96,12.5,136,2024-01-03 21:00:00,Hyderabad,17.385,78.4867
18.2,97,12.7,133,2024-01-03 22:00:00,Hyderabad,17.385,78.4867
18.2,98,13.1,127,2024-01-03 23:00:00,Hyderabad,17.385,78.4867
18.6,96,11.3,117,2024-01-04 00:00:00,Hyderabad,17.385,78.4867
19.0,97,11.2,123,2024-01-04 01:00:00,Hyderabad,17.385,78.4867
19.5,93,14.0,125,2024-01-04 02:00:00,Hyderabad,17.385,78.4867
20.5,85,16.6,124,2024-01-04 03:00:00,Hyderabad,17.385,78.4867
22.5,72,16.2,122,2024-01-04 04:00:00,Hyderabad,17.385,78.4867
24.1,64,14.5,120,2024-01-04 05:00:00,Hyderabad,17.385,78.4867
25.3,58,14.3,118,2024-01-04 06:00:00,Hyderabad,17.385,78.4867
26.5,51,13.9,121,2024-01-04 07:00:00,Hyderabad,17.385,78.4867
27.2,43,13.9,127,2024-01-04 08:00:00,Hyderabad,17.385,78.4867
27.6,38,12.9,126,2024-01-04 09:00:00,Hyderabad,17.385,78.4867
27.5,36,12.8,122,2024-01-04 10:00:00,Hyderabad,17.385,78.4867
26.8,37,12.3,122,2024-01-04 11:00:00,Hyderabad,17.385,78.4867
24.9,44,9.3,118,2024-01-04 12:00:00,Hyderabad,17.385,78.4867
22.1,54,7.6,109,2024-01-04 13:00:00,Hyderabad,17.385,78.4867
21.5,57,9.0,106,2024-01-04 14:00:00,Hyderabad,17.385,78.4867
20.9,61,9.7,117,2024-01-04 15:00:00,Hyderabad,17.385,78.4867
20.1,67,8.7,120,2024-01-04 16:00:00,Hyderabad,17.385,78.4867
19.5,73,7.9,120,2024-01-04 17:00:00,Hyderabad,17.385,78.4867
19.5,75,10.5,142,2024-01-04 18:00:00,Hyderabad,17.385,78.4867
19.2,81,11.3,153,2024-01-04 19:00:00,Hyderabad,17.385,78.4867
18.6,88,10.5,139,2024-01-04 20:00:00,Hyderabad,17.385,78.4867
18.0,92,10.7,135,2024-01-04 21:00:00,Hyderabad,17.385,78.4867
17.7,92,11.2,132,2024-01-04 22:00:00,Hyderabad,17.385,78.4867
17.3,94,10.2,132,2024-01-04 23:00:00,Hyderabad,17.385,78.4867
17.0,95,8.7,128,2024-01-05 00:00:00,Hyderabad,17.385,78.4867
17.5,97,9.7,132,2024-01-05 01:00:00,Hyderabad,17.385,78.4867
17.9,97,12.0,139,2024-01-05 02:00:00,Hyderabad,17.385,78.4867
19.4,85,12.7,137,2024-01-05 03:00:00,Hyderabad,17.385,78.4867
21.5,70,13.0,129,2024-01-05 04:00:00,Hyderabad,17.385,78.4867
23.8,54,14.7,126,2024-01-05 05:00:00,Hyderabad,17.385,78.4867
25.5,45,15.5,126,2024-01-05 06:00:00,Hyderabad,17.385,78.4867
26.6,40,15.6,128,2024-01-05 07:00:00,Hyderabad,17.385,78.4867
27.3,38,15.6,130,2024-01-05 08:00:00,Hyderabad,17.385,78.4867
27.5,37,14.8,129,2024-01-05 09:00:00,Hyderabad,17.385,78.4867
27.4,37,13.5,124,2024-01-05 10:00:00,Hyderabad,17.385,78.4867
26.7,39,13.0,124,2024-01-05 11:00:00,Hyderabad,17.385,78.4867
24.7,47,9.2,121,2024-01-05 12:00:00,Hyderabad,17.385,78.4867
21.6,56,8.7,120,2024-01-05 13:00:00,Hyderabad,17.385,78.4867
20.6,62,7.6,115,2024-01-05 14:00:00,Hyderabad,17.385,78.4867
19.8,66,6.8,122,2024-01-05 15:00:00,Hyderabad,17.385,78.4867
18.8,70,6.4,128,2024-01-05 16:00:00,Hyderabad,17.385,78.4867
17.9,75,8.0,126,2024-01-05 17:00:00,Hyderabad,17.385,78.4867
18.1,72,7.6,135,2024-01-05 18:00:00,Hyderabad,17.385,78.4867
18.6,73,12.9,150,2024-01-05 19:00:00,Hyderabad,17.385,78.4867
18.1,86,11.2,147,2024-01-05 20:00:00,Hyderabad,17.385,78.4867
17.5,93,10.2,132,2024-01-05 21:00:00,Hyderabad,17.385,78.4867
17.0,95,10.0,131,2024-01-05 22:00:00,Hyderabad,17.385,78.4867
16.9,97,9.5,127,2024-01-05 23:00:00,Hyderabad,17.385,78.4867
16.9,99,7.9,106,2024-01-06 00:00:00,Hyderabad,17.385,78.4867
18.4,95,16.1,119,2024-01-06 01:00:00,Hyderabad,17.385,78.4867
18.2,95,15.6,116,2024-01-06 02:00:00,Hyderabad,17.385,78.4867
19.0,87,18.1,113,2024-01-06 03:00:00,Hyderabad,17.385,78.4867
21.0,75,17.7,110,2024-01-06 04:00:00,Hyderabad,17.385,78.4867
22.9,67,17.6,113,2024-01-06 05:00:00,Hyderabad,17.385,78.4867
25.0,53,16.8,125,2024-01-06 06:00:00,Hyderabad,17.385,78.4867
26.7,45,15.5,126,2024-01-06 07:00:00,Hyderabad,17.385,78.4867
27.5,41,15.1,123,2024-01-06 08:00:00,Hyderabad,17.385,78.4867
27.9,39,14.1,122,2024-01-06 09:00:00,Hyderabad,17.385,78.4867
27.6,39,13.4,121,2024-01-06 10:00:00,Hyderabad,17.385,78.4867
26.9,41,12.4,116,2024-01-06 11:00:00,Hyderabad,17.385,78.4867
24.9,48,7.6,95,2024-01-06 12:00:00,Hyderabad,17.385,78.4867
21.6,58,7.7,79,2024-01-06 13:00:00,Hyderabad,17.385,78.4867
20.9,62,8.7,95,2024-01-06 14:00:00,Hyderabad,17.385,78.4867
20.0,67,7.8,103,2024-01-06 15:00:00,Hyderabad,17.385,78.4867
19.2,72,7.2,87,2024-01-06 16:00:00,Hyderabad,17.385,78.4867
18.8,75,7.2,90,2024-01-06 17:00:00,Hyderabad,17.385,78.4867
18.1,80,7.2,90,2024-01-06 18:00:00,Hyderabad,17.385,78.4867
17.8,82,7.5,107,2024-01-06 19:00:00,Hyderabad,17.385,78.4867
18.2,81,8.4,115,2024-01-06 20:00:00,Hyderabad,17.385,78.4867
17.5,91,7.4,129,2024-01-06 21:00:00,Hyderabad,17.385,78.4867
17.6,96,8.5,126,2024-01-06 22:00:00,Hyderabad,17.385,78.4867
18.0,98,10.4,124,2024-01-06 23:00:00,Hyderabad,17.385,78.4867
18.1,97,11.8,121,2024-01-07 00:00:00,Hyderabad,17.385,78.4867
17.9,93,12.6,117,2024-01-07 01:00:00,Hyderabad,17.385,78.4867
17.6,95,13.5,115,2024-01-07 02:00:00,Hyderabad,17.385,78.4867
19.4,83,14.8,124,2024-01-07 03:00:00,Hyderabad,17.385,78.4867
21.1,73,14.7,126,2024-01-07 04:00:00,Hyderabad,17.385,78.4867
22.9,62,15.2,121,2024-01-07 05:00:00,Hyderabad,17.385,78.4867
24.7,53,15.6,113,2024-01-07 06:00:00,Hyderabad,17.385,78.4867
25.9,47,16.6,112,2024-01-07 07:00:00,Hyderabad,17.385,78.4867
26.3,44,16.5,110,2024-01-07 08:00:00,Hyderabad,17.385,78.4867
27.0,40,16.9,110,2024-01-07 09:00:00,Hyderabad,17.385,78.4867
26.7,40,17.1,108,2024-01-07 10:00:00,Hyderabad,17.385,78.4867
26.0,42,16.2,111,2024-01-07 11:00:00,Hyderabad,17.385,78.4867
24.4,49,11.8,110,2024-01-07 12:00:00,Hyderabad,17.385,78.4867
21.5,62,7.6,85,2024-01-07 13:00:00,Hyderabad,17.385,78.4867
20.5,65,7.6,87,2024-01-07 14:00:00,Hyderabad,17.385,78.4867
19.6,69,6.8,93,2024-01-07 15:00:00,Hyderabad,17.385,78.4867
18.5,75,7.8,103,2024-01-07 16:00:00,Hyderabad,17.385,78.4867
18.2,78,7.2,108,2024-01-07 17:00:00,Hyderabad,17.385,78.4867
18.5,77,7.9,106,2024-01-07 18:00:00,Hyderabad,17.385,78.4867
18.8,77,12.0,111,2024-01-07 19:00:00,Hyderabad,17.385,78.4867
18.6,82,12.6,121,2024-01-07 20:00:00,Hyderabad,17.385,78.4867
18.0,86,12.1,120,2024-01-07 21:00:00,Hyderabad,17.385,78.4867
17.3,89,11.0,122,2024-01-07 22:00:00,Hyderabad,17.385,78.4867
17.0,87,10.5,117,2024-01-07 23:00:00,Hyderabad,17.385,78.4867
16.6,86,9.8,114,2024-01-08 00:00:00,Hyderabad,17.385,78.4867
16.5,94,8.5,102,2024-01-08 01:00:00,Hyderabad,17.385,78.4867
17.1,92,10.4,104,2024-01-08 02:00:00,Hyderabad,17.385,78.4867
19.4,81,10.6,108,2024-01-08 03:00:00,Hyderabad,17.385,78.4867
21.6,68,13.9,111,2024-01-08 04:00:00,Hyderabad,17.385,78.4867
23.8,57,16.1,114,2024-01-08 05:00:00,Hyderabad,17.385,78.4867
25.4,48,18.5,114,2024-01-08 06:00:00,Hyderabad,17.385,78.4867
26.4,44,18.1,113,2024-01-08 07:00:00,Hyderabad,17.385,78.4867
27.1,42,17.9,115,2024-01-08 08:00:00,Hyderabad,17.385,78.4867
27.4,40,17.2,119,2024-01-08 09:00:00,Hyderabad,17.385,78.4867
27.1,41,17.4,117,2024-01-08 10:00:00,Hyderabad,17.385,78.4867
26.5,43,16.6,120,2024-01-08 11:00:00,Hyderabad,17.385,78.4867
25.1,48,12.1,117,2024-01-08 12:00:00,Hyderabad,17.385,78.4867
23.1,54,10.1,96,2024-01-08 13:00:00,Hyderabad,17.385,78.4867
22.5,56,11.0,101,2024-01-08 14:00:00,Hyderabad,17.385,78.4867
21.7,60,9.3,103,2024-01-08 15:00:00,Hyderabad,17.385,78.4867
21.0,62,11.4,125,2024-01-08 16:00:00,Hyderabad,17.385,78.4867
20.2,75,11.1,144,2024-01-08 17:00:00,Hyderabad,17.385,78.4867
19.5,75,9.3,144,2024-01-08 18:00:00,Hyderabad,17.385,78.4867
18.8,70,8.4,137,2024-01-08 19:00:00,Hyderabad,17.385,78.4867
18.5,64,8.1,135,2024-01-08 20:00:00,Hyderabad,17.385,78.4867
17.9,64,6.6,135,2024-01-08 21:00:00,Hyderabad,17.385,78.4867
17.2,68,8.2,139,2024-01-08 22:00:00,Hyderabad,17.385,78.4867
17.0,68,8.0,153,2024-01-08 23:00:00,Hyderabad,17.385,78.4867
17.1,66,6.3,149,2024-01-09 00:00:00,Hyderabad,17.385,78.4867
17.5,75,7.4,119,2024-01-09 01:00:00,Hyderabad,17.385,78.4867
18.4,73,10.6,118,2024-01-09 02:00:00,Hyderabad,17.385,78.4867
20.5,71,10.8,120,2024-01-09 03:00:00,Hyderabad,17.385,78.4867
22.7,65,13.8,110,2024-01-09 04:00:00,Hyderabad,17.385,78.4867
24.5,57,15.7,110,2024-01-09 05:00:00,Hyderabad,17.385,78.4867
26.0,48,17.6,113,2024-01-09 06:00:00,Hyderabad,17.385,78.4867
27.2,40,17.9,118,2024-01-09 07:00:00,Hyderabad,17.385,78.4867
28.0,36,18.5,123,2024-01-09 08:00:00,Hyderabad,17.385,78.4867
28.2,32,19.4,125,2024-01-09 09:00:00,Hyderabad,17.385,78.4867
28.0,32,18.7,124,2024-01-09 10:00:00,Hyderabad,17.385,78.4867
27.2,36,16.8,121,2024-01-09 11:00:00,Hyderabad,17.385,78.4867
25.6,42,12.4,120,2024-01-09 12:00:00,Hyderabad,17.385,78.4867
22.6,65,8.1,122,2024-01-09 13:00:00,Hyderabad,17.385,78.4867
21.8,73,8.2,119,2024-01-09 14:00:00,Hyderabad,17.385,78.4867
21.2,78,7.6,115,2024-01-09 15:00:00,Hyderabad,17.385,78.4867
20.8,82,6.3,121,2024-01-09 16:00:00,Hyderabad,17.385,78.4867
20.6,85,5.2,102,2024-01-09 17:00:00,Hyderabad,17.385,78.4867
19.6,89,6.3,114,2024-01-09 18:00:00,Hyderabad,17.385,78.4867
19.0,92,6.4,117,2024-01-09 19:00:00,Hyderabad,17.385,78.4867
18.9,93,5.6,117,2024-01-09 20:00:00,Hyderabad,17.385,78.4867
18.5,93,5.4,132,2024-01-09 21:00:00,Hyderabad,17.385,78.4867
18.0,93,5.7,125,2024-01-09 22:00:00,Hyderabad,17.385,78.4867
18.0,90,5.4,110,2024-01-09 23:00:00,Hyderabad,17.385,78.4867
17.6,90,6.7,106,2024-01-10 00:00:00,Hyderabad,17.385,78.4867
17.6,90,6.1,118,2024-01-10 01:00:00,Hyderabad,17.385,78.4867
19.0,82,7.3,110,2024-01-10 02:00:00,Hyderabad,17.385,78.4867
20.9,71,6.4,106,2024-01-10 03:00:00,Hyderabad,17.385,78.4867
22.5,62,7.2,108,2024-01-10 04:00:00,Hyderabad,17.385,78.4867
23.5,57,9.5,115,2024-01-10 05:00:00,Hyderabad,17.385,78.4867
24.5,52,11.4,125,2024-01-10 06:00:00,Hyderabad,17.385,78.4867
24.3,53,10.2,132,2024-01-10 07:00:00,Hyderabad,17.385,78.4867
24.7,53,9.2,129,2024-01-10 08:00:00,Hyderabad,17.385,78.4867
25.8,50,10.3,126,2024-01-10 09:00:00,Hyderabad,17.385,78.4867
26.0,48,10.6,125,2024-01-10 10:00:00,Hyderabad,17.385,78.4867
25.8,47,9.6,124,2024-01-10 11:00:00,Hyderabad,17.385,78.4867
24.5,52,5.9,128,2024-01-10 12:00:00,Hyderabad,17.385,78.4867
24.1,54,8.1,69,2024-01-10 13:00:00,Hyderabad,17.385,78.4867
23.4,57,7.1,75,2024-01-10 14:00:00,Hyderabad,17.385,78.4867
22.4,62,5.5,101,2024-01-10 15:00:00,Hyderabad,17.385,78.4867
21.7,70,5.8,83,2024-01-10 16:00:00,Hyderabad,17.385,78.4867
21.0,72,5.5,58,2024-01-10 17:00:00,Hyderabad,17.385,78.4867
20.5,75,4.5,29,2024-01-10 18:00:00,Hyderabad,17.385,78.4867
19.8,83,3.2,333,2024-01-10 19:00:00,Hyderabad,17.385,78.4867
20.4,79,2.9,360,2024-01-10 20:00:00,Hyderabad,17.385,78.4867
20.2,78,4.5,76,2024-01-10 21:00:00,Hyderabad,17.385,78.4867
18.0,88,7.9,74,2024-01-10 22:00:00,Hyderabad,17.385,78.4867
18.2,87,6.8,72,2024-01-10 23:00:00,Hyderabad,17.385,78.4867
17.7,88,7.2,90,2024-01-11 00:00:00,Hyderabad,17.385,78.4867
18.9,81,4.3,48,2024-01-11 01:00:00,Hyderabad,17.385,78.4867
19.0,88,2.5,98,2024-01-11 02:00:00,Hyderabad,17.385,78.4867
21.8,73,2.8,130,2024-01-11 03:00:00,Hyderabad,17.385,78.4867
24.5,57,4.7,113,2024-01-11 04:00:00,Hyderabad,17.385,78.4867
26.4,50,9.2,116,2024-01-11 05:00:00,Hyderabad,17.385,78.4867
27.7,44,11.0,113,2024-01-11 06:00:00,Hyderabad,17.385,78.4867
28.6,41,10.5,112,2024-01-11 07:00:00,Hyderabad,17.385,78.4867
29.2,39,10.0,111,2024-01-11 08:00:00,Hyderabad,17.385,78.4867
29.5,38,8.7,107,2024-01-11 09:00:00,Hyderabad,17.385,78.4867
29.3,39,8.1,103,2024-01-11 10:00:00,Hyderabad,17.385,78.4867
28.8,41,7.8,103,2024-01-11 11:00:00,Hyderabad,17.385,78.4867
26.5,53,4.9,107,2024-01-11 12:00:00,Hyderabad,17.385,78.4867
23.9,51,7.1,120,2024-01-11 13:00:00,Hyderabad,17.385,78.4867
23.5,53,8.2,128,2024-01-11 14:00:00,Hyderabad,17.385,78.4867
22.5,58,7.7,131,2024-01-11 15:00:00,Hyderabad,17.385,78.4867
21.9,62,8.0,144,2024-01-11 16:00:00,Hyderabad,17.385,78.4867
21.1,66,7.3,160,2024-01-11 17:00:00,Hyderabad,17.385,78.4867
20.7,69,7.2,177,2024-01-11 18:00:00,Hyderabad,17.385,78.4867
19.8,75,7.9,180,2024-01-11 19:00:00,Hyderabad,17.385,78.4867
19.2,79,9.0,180,2024-01-11 20:00:00,Hyderabad,17.385,78.4867
18.8,82,9.7,176,2024-01-11 21:00:00,Hyderabad,17.385,78.4867
18.6,83,9.0,178,2024-01-11 22:00:00,Hyderabad,17.385,78.4867
19.8,77,6.7,196,2024-01-11 23:00:00,Hyderabad,17.385,78.4867
20.3,75,4.5,166,2024-01-12 00:00:00,Hyderabad,17.385,78.4867
20.3,82,4.3,185,2024-01-12 01:00:00,Hyderabad,17.385,78.4867
20.1,83,4.4,171,2024-01-12 02:00:00,Hyderabad,17.385,78.4867
22.4,75,3.2,117,2024-01-12 03:00:00,Hyderabad,17.385,78.4867
24.9,63,6.4,117,2024-01-12 04:00:00,Hyderabad,17.385,78.4867
26.9,55,8.7,114,2024-01-12 05:00:00,Hyderabad,17.385,78.4867
28.3,49,9.8,107,2024-01-12 06:00:00,Hyderabad,17.385,78.4867
29.2,44,10.0,103,2024-01-12 07:00:00,Hyderabad,17.385,78.4867
29.8,41,9.4,97,2024-01-12 08:00:00,Hyderabad,17.385,78.4867
30.0,39,8.7,85,2024-01-12 09:00:00,Hyderabad,17.385,78.4867
29.8,38,8.5,78,2024-01-12 10:00:00,Hyderabad,17.385,78.4867
29.1,40,7.9,74,2024-01-12 11:00:00,Hyderabad,17.385,78.4867
26.6,58,6.3,77,2024-01-12 12:00:00,Hyderabad,17.385,78.4867
23.5,59,7.0,102,2024-01-12 13:00:00,Hyderabad,17.385,78.4867
23.0,61,8.3,124,2024-01-12 14:00:00,Hyderabad,17.385,78.4867
22.5,68,9.2,135,2024-01-12 15:00:00,Hyderabad,17.385,78.4867
21.8,74,8.4,130,2024-01-12 16:00:00,Hyderabad,17.385,78.4867
20.6,81,6.5,124,2024-01-12 17:00:00,Hyderabad,17.385,78.4867
19.6,88,7.9,137,2024-01-12 18:00:00,Hyderabad,17.385,78.4867
18.9,91,9.4,133,2024-01-12 19:00:00,Hyderabad,17.385,78.4867
18.7,91,8.5,118,2024-01-12 20:00:00,Hyderabad,17.385,78.4867
18.1,94,8.4,149,2024-01-12 21:00:00,Hyderabad,17.385,78.4867
17.8,96,8.0,188,2024-01-12 22:00:00,Hyderabad,17.385,78.4867
17.5,97,7.6,225,2024-01-12 23:00:00,Hyderabad,17.385,78.4867
17.7,97,6.5,236,2024-01-13 00:00:00,Hyderabad,17.385,78.4867
18.3,96,6.0,253,2024-01-13 01:00:00,Hyderabad,17.385,78.4867
19.1,94,7.8,257,2024-01-13 02:00:00,Hyderabad,17.385,78.4867
21.8,83,6.1,273,2024-01-13 03:00:00,Hyderabad,17.385,78.4867
24.5,72,5.1,262,2024-01-13 04:00:00,Hyderabad,17.385,78.4867
26.8,57,2.6,214,2024-01-13 05:00:00,Hyderabad,17.385,78.4867
28.1,49,3.2,117,2024-01-13 06:00:00,Hyderabad,17.385,78.4867
29.3,44,4.7,23,2024-01-13 07:00:00,Hyderabad,17.385,78.4867
29.7,42,5.1,356,2024-01-13 08:00:00,Hyderabad,17.385,78.4867
30.0,39,5.6,345,2024-01-13 09:00:00,Hyderabad,17.385,78.4867
29.8,38,5.8,353,2024-01-13 10:00:00,Hyderabad,17.385,78.4867
29.4,40,4.8,13,2024-01-13 11:00:00,Hyderabad,17.385,78.4867
28.0,62,3.4,32,2024-01-13 12:00:00,Hyderabad,17.385,78.4867
26.0,49,4.6,309,2024-01-13 13:00:00,Hyderabad,17.385,78.4867
23.5,58,6.9,279,2024-01-13 14:00:00,Hyderabad,17.385,78.4867
23.4,59,6.8,357,2024-01-13 15:00:00,Hyderabad,17.385,78.4867
23.3,60,7.6,71,2024-01-13 16:00:00,Hyderabad,17.385,78.4867
21.7,69,8.0,80,2024-01-13 17:00:00,Hyderabad,17.385,78.4867
20.6,72,8.6,88,2024-01-13 18:00:00,Hyderabad,17.385,78.4867
21.3,68,6.1,90,2024-01-13 19:00:00,Hyderabad,17.385,78.4867
21.4,68,3.0,14,2024-01-13 20:00:00,Hyderabad,17.385,78.4867
19.6,76,5.8,187,2024-01-13 21:00:00,Hyderabad,17.385,78.4867
18.6,81,7.9,156,2024-01-13 22:00:00,Hyderabad,17.385,78.4867
20.1,73,2.2,261,2024-01-13 23:00:00,Hyderabad,17.385,78.4867
17.6,88,3.4,288,2024-01-14 00:00:00,Hyderabad,17.385,78.4867
18.3,88,1.3,304,2024-01-14 01:00:00,Hyderabad,17.385,78.4867
19.1,87,1.1,270,2024-01-14 02:00:00,Hyderabad,17.385,78.4867
22.5,74,2.8,230,2024-01-14 03:00:00,Hyderabad,17.385,78.4867
25.8,58,2.2,99,2024-01-14 04:00:00,Hyderabad,17.385,78.4867
27.6,45,5.0,60,2024-01-14 05:00:00,Hyderabad,17.385,78.4867
28.8,41,6.4,27,2024-01-14 06:00:00,Hyderabad,17.385,78.4867
29.5,39,6.0,17,2024-01-14 07:00:00,Hyderabad,17.385,78.4867
30.0,37,6.5,357,2024-01-14 08:00:00,Hyderabad,17.385,78.4867
30.3,35,6.6,347,2024-01-14 09:00:00,Hyderabad,17.385,78.4867
30.3,34,6.6,351,2024-01-14 10:00:00,Hyderabad,17.385,78.4867
29.8,35,6.5,3,2024-01-14 11:00:00,Hyderabad,17.385,78.4867
27.4,59,5.7,18,2024-01-14 12:00:00,Hyderabad,17.385,78.4867
24.0,53,8.0,342,2024-01-14 13:00:00,Hyderabad,17.385,78.4867
22.5,55,6.5,326,2024-01-14 14:00:00,Hyderabad,17.385,78.4867
22.0,57,7.2,3,2024-01-14 15:00:00,Hyderabad,17.385,78.4867
21.1,62,7.0,55,2024-01-14 16:00:00,Hyderabad,17.385,78.4867
20.0,65,8.4,40,2024-01-14 17:00:00,Hyderabad,17.385,78.4867
19.1,70,8.1,21,2024-01-14 18:00:00,Hyderabad,17.385,78.4867
21.9,56,5.1,45,2024-01-14 19:00:00,Hyderabad,17.385,78.4867
21.4,59,4.9,126,2024-01-14 20:00:00,Hyderabad,17.385,78.4867
20.9,62,3.4,58,2024-01-14 21:00:00,Hyderabad,17.385,78.4867
18.1,74,3.6,315,2024-01-14 22:00:00,Hyderabad,17.385,78.4867
17.5,75,5.0,300,2024-01-14 23:00:00,Hyderabad,17.385,78.4867
18.5,69,9.0,331,2024-01-15 00:00:00,Hyderabad,17.385,78.4867
17.2,84,7.1,315,2024-01-15 01:00:00,Hyderabad,17.385,78.4867
18.6,80,6.1,315,2024-01-15 02:00:00,Hyderabad,17.385,78.4867
21.5,71,3.7,281,2024-01-15 03:00:00,Hyderabad,17.385,78.4867
24.2,61,1.8,281,2024-01-15 04:00:00,Hyderabad,17.385,78.4867
26.4,54,0.8,117,2024-01-15 05:00:00,Hyderabad,17.385,78.4867
27.8,46,2.3,129,2024-01-15 06:00:00,Hyderabad,17.385,78.4867
28.7,42,2.3,252,2024-01-15 07:00:00,Hyderabad,17.385,78.4867
29.1,40,5.1,278,2024-01-15 08:00:00,Hyderabad,17.385,78.4867
29.2,38,5.6,285,2024-01-15 09:00:00,Hyderabad,17.385,78.4867
29.1,36,3.2,297,2024-01-15 10:00:00,Hyderabad,17.385,78.4867
28.8,34,0.5,315,2024-01-15 11:00:00,Hyderabad,17.385,78.4867
27.7,37,2.5,8,2024-01-15 12:00:00,Hyderabad,17.385,78.4867
24.4,56,7.3,110,2024-01-15 13:00:00,Hyderabad,17.385,78.4867
22.9,61,7.4,51,2024-01-15 14:00:00,Hyderabad,17.385,78.4867
22.4,65,7.9,51,2024-01-15 15:00:00,Hyderabad,17.385,78.4867
24.4,55,2.2,99,2024-01-15 16:00:00,Hyderabad,17.385,78.4867
21.8,68,6.0,163,2024-01-15 17:00:00,Hyderabad,17.385,78.4867
21.0,72,7.3,79,2024-01-15 18:00:00,Hyderabad,17.385,78.4867
21.2,69,5.4,82,2024-01-15 19:00:00,Hyderabad,17.385,78.4867
20.1,74,5.9,128,2024-01-15 20:00:00,Hyderabad,17.385,78.4867
18.8,82,7.4,119,2024-01-15 21:00:00,Hyderabad,17.385,78.4867
18.3,88,8.7,132,2024-01-15 22:00:00,Hyderabad,17.385,78.4867
20.0,80,5.9,169,2024-01-15 23:00:00,Hyderabad,17.385,78.4867
18.6,87,7.0,192,2024-01-16 00:00:00,Hyderabad,17.385,78.4867
19.0,90,5.3,118,2024-01-16 01:00:00,Hyderabad,17.385,78.4867
18.9,93,3.1,111,2024-01-16 02:00:00,Hyderabad,17.385,78.4867
21.3,81,5.1,135,2024-01-16 03:00:00,Hyderabad,17.385,78.4867
24.0,70,6.6,131,2024-01-16 04:00:00,Hyderabad,17.385,78.4867
26.5,56,10.4,134,2024-01-16 05:00:00,Hyderabad,17.385,78.4867
28.0,48,8.4,140,2024-01-16 06:00:00,Hyderabad,17.385,78.4867
28.9,43,5.9,142,2024-01-16 07:00:00,Hyderabad,17.385,78.4867
29.5,41,4.6,129,2024-01-16 08:00:00,Hyderabad,17.385,78.4867
29.7,39,5.2,102,2024-01-16 09:00:00,Hyderabad,17.385,78.4867
29.8,38,6.5,93,2024-01-16 10:00:00,Hyderabad,17.385,78.4867
29.4,39,8.4,97,2024-01-16 11:00:00,Hyderabad,17.385,78.4867
27.8,44,8.0,85,2024-01-16 12:00:00,Hyderabad,17.385,78.4867
25.0,49,7.6,98,2024-01-16 13:00:00,Hyderabad,17.385,78.4867
24.9,50,11.3,107,2024-01-16 14:00:00,Hyderabad,17.385,78.4867
24.4,53,8.7,114,2024-01-16 15:00:00,Hyderabad,17.385,78.4867
22.0,63,6.4,117,2024-01-16 16:00:00,Hyderabad,17.385,78.4867
21.7,65,6.9,118,2024-01-16 17:00:00,Hyderabad,17.385,78.4867
21.5,66,10.7,130,2024-01-16 18:00:00,Hyderabad,17.385,78.4867
20.8,79,10.7,135,2024-01-16 19:00:00,Hyderabad,17.385,78.4867
20.0,85,9.4,137,2024-01-16 20:00:00,Hyderabad,17.385,78.4867
19.4,87,8.4,133,2024-01-16 21:00:00,Hyderabad,17.385,78.4867
18.9,87,7.9,137,2024-01-16 22:00:00,Hyderabad,17.385,78.4867
18.1,87,6.6,151,2024-01-16 23:00:00,Hyderabad,17.385,78.4867
17.7,87,6.7,164,2024-01-17 00:00:00,Hyderabad,17.385,78.4867
17.9,90,7.7,127,2024-01-17 01:00:00,Hyderabad,17.385,78.4867
18.9,87,4.6,108,2024-01-17 02:00:00,Hyderabad,17.385,78.4867
21.6,72,6.7,106,2024-01-17 03:00:00,Hyderabad,17.385,78.4867
24.5,60,8.6,123,2024-01-17 04:00:00,Hyderabad,17.385,78.4867
27.0,49,13.3,139,2024-01-17 05:00:00,Hyderabad,17.385,78.4867
28.2,43,13.0,156,2024-01-17 06:00:00,Hyderabad,17.385,78.4867
29.0,40,11.2,165,2024-01-17 07:00:00,Hyderabad,17.385,78.4867
29.7,38,10.2,170,2024-01-17 08:00:00,Hyderabad,17.385,78.4867
29.8,37,10.3,168,2024-01-17 09:00:00,Hyderabad,17.385,78.4867
29.6,37,11.3,171,2024-01-17 10:00:00,Hyderabad,17.385,78.4867
28.9,39,10.4,166,2024-01-17 11:00:00,Hyderabad,17.385,78.4867
27.1,46,5.8,158,2024-01-17 12:00:00,Hyderabad,17.385,78.4867
24.5,52,7.9,129,2024-01-17 13:00:00,Hyderabad,17.385,78.4867
23.6,58,14.0,116,2024-01-17 14:00:00,Hyderabad,17.385,78.4867
23.6,59,13.5,124,2024-01-17 15:00:00,Hyderabad,17.385,78.4867
23.4,60,9.5,127,2024-01-17 16:00:00,Hyderabad,17.385,78.4867
22.0,66,6.6,119,2024-01-17 17:00:00,Hyderabad,17.385,78.4867
21.5,68,10.7,132,2024-01-17 18:00:00,Hyderabad,17.385,78.4867
20.5,73,10.0,128,2024-01-17 19:00:00,Hyderabad,17.385,78.4867
19.8,77,12.4,116,2024-01-17 20:00:00,Hyderabad,17.385,78.4867
19.2,80,12.7,125,2024-01-17 21:00:00,Hyderabad,17.385,78.4867
18.8,79,10.5,128,2024-01-17 22:00:00,Hyderabad,17.385,78.4867
18.3,81,7.8,112,2024-01-17 23:00:00,Hyderabad,17.385,78.4867
18.0,82,8.6,112,2024-01-18 00:00:00,Hyderabad,17.385,78.4867
18.4,80,7.9,120,2024-01-18 01:00:00,Hyderabad,17.385,78.4867
19.2,77,5.7,145,2024-01-18 02:00:00,Hyderabad,17.385,78.4867
20.9,69,6.5,270,2024-01-18 03:00:00,Hyderabad,17.385,78.4867
22.6,60,7.0,192,2024-01-18 04:00:00,Hyderabad,17.385,78.4867
24.6,52,8.8,171,2024-01-18 05:00:00,Hyderabad,17.385,78.4867
26.5,47,10.1,174,2024-01-18 06:00:00,Hyderabad,17.385,78.4867
27.5,43,9.7,184,2024-01-18 07:00:00,Hyderabad,17.385,78.4867
28.5,40,10.2,203,2024-01-18 08:00:00,Hyderabad,17.385,78.4867
28.4,40,9.2,211,2024-01-18 09:00:00,Hyderabad,17.385,78.4867
28.5,39,7.5,215,2024-01-18 10:00:00,Hyderabad,17.385,78.4867
28.2,38,6.1,225,2024-01-18 11:00:00,Hyderabad,17.385,78.4867
26.5,59,4.1,225,2024-01-18 12:00:00,Hyderabad,17.385,78.4867
24.0,54,6.5,183,2024-01-18 13:00:00,Hyderabad,17.385,78.4867
24.2,52,8.7,175,2024-01-18 14:00:00,Hyderabad,17.385,78.4867
21.9,61,6.6,135,2024-01-18 15:00:00,Hyderabad,17.385,78.4867
21.8,63,9.7,129,2024-01-18 16:00:00,Hyderabad,17.385,78.4867
21.2,67,7.3,147,2024-01-18 17:00:00,Hyderabad,17.385,78.4867
20.2,72,6.9,133,2024-01-18 18:00:00,Hyderabad,17.385,78.4867
20.1,72,7.4,119,2024-01-18 19:00:00,Hyderabad,17.385,78.4867
19.2,79,6.1,118,2024-01-18 20:00:00,Hyderabad,17.385,78.4867
18.8,84,6.4,117,2024-01-18 21:00:00,Hyderabad,17.385,78.4867
19.5,83,8.2,119,2024-01-18 22:00:00,Hyderabad,17.385,78.4867
20.0,81,6.4,128,2024-01-18 23:00:00,Hyderabad,17.385,78.4867
20.2,80,6.9,118,2024-01-19 00:00:00,Hyderabad,17.385,78.4867
17.0,94,8.4,140,2024-01-19 01:00:00,Hyderabad,17.385,78.4867
18.4,92,4.6,135,2024-01-19 02:00:00,Hyderabad,17.385,78.4867
21.2,79,3.1,144,2024-01-19 03:00:00,Hyderabad,17.385,78.4867
24.1,67,5.0,120,2024-01-19 04:00:00,Hyderabad,17.385,78.4867
26.5,57,6.9,133,2024-01-19 05:00:00,Hyderabad,17.385,78.4867
28.5,42,6.4,128,2024-01-19 06:00:00,Hyderabad,17.385,78.4867
29.2,38,4.1,128,2024-01-19 07:00:00,Hyderabad,17.385,78.4867
29.6,37,4.3,138,2024-01-19 08:00:00,Hyderabad,17.385,78.4867
29.9,35,4.7,157,2024-01-19 09:00:00,Hyderabad,17.385,78.4867
29.8,35,4.7,171,2024-01-19 10:00:00,Hyderabad,17.385,78.4867
29.3,35,4.6,162,2024-01-19 11:00:00,Hyderabad,17.385,78.4867
27.5,41,7.2,117,2024-01-19 12:00:00,Hyderabad,17.385,78.4867
26.4,39,13.9,111,2024-01-19 13:00:00,Hyderabad,17.385,78.4867
24.6,45,13.0,109,2024-01-19 14:00:00,Hyderabad,17.385,78.4867
24.1,48,12.1,113,2024-01-19 15:00:00,Hyderabad,17.385,78.4867
22.6,55,9.3,118,2024-01-19 16:00:00,Hyderabad,17.385,78.4867
22.4,57,11.1,119,2024-01-19 17:00:00,Hyderabad,17.385,78.4867
21.3,62,8.7,120,2024-01-19 18:00:00,Hyderabad,17.385,78.4867
21.0,63,10.1,125,2024-01-19 19:00:00,Hyderabad,17.385,78.4867
20.3,68,9.7,129,2024-01-19 20:00:00,Hyderabad,17.385,78.4867
19.9,70,9.3,126,2024-01-19 21:00:00,Hyderabad,17.385,78.4867
19.2,70,7.7,127,2024-01-19 22:00:00,Hyderabad,17.385,78.4867
18.9,70,8.2,113,2024-01-19 23:00:00,Hyderabad,17.385,78.4867
19.8,67,10.9,107,2024-01-20 00:00:00,Hyderabad,17.385,78.4867
19.7,70,8.8,99,2024-01-20 01:00:00,Hyderabad,17.385,78.4867
20.0,74,10.4,92,2024-01-20 02:00:00,Hyderabad,17.385,78.4867
21.3,75,10.5,98,2024-01-20 03:00:00,Hyderabad,17.385,78.4867
23.3,70,12.8,112,2024-01-20 04:00:00,Hyderabad,17.385,78.4867
24.9,66,14.0,119,2024-01-20 05:00:00,Hyderabad,17.385,78.4867
26.4,58,14.0,134,2024-01-20 06:00:00,Hyderabad,17.385,78.4867
27.9,50,13.7,145,2024-01-20 07:00:00,Hyderabad,17.385,78.4867
28.9,44,11.0,157,2024-01-20 08:00:00,Hyderabad,17.385,78.4867
29.0,42,9.7,176,2024-01-20 09:00:00,Hyderabad,17.385,78.4867
28.5,42,9.6,167,2024-01-20 10:00:00,Hyderabad,17.385,78.4867
28.1,43,8.4,137,2024-01-20 11:00:00,Hyderabad,17.385,78.4867
26.9,49,9.3,103,2024-01-20 12:00:00,Hyderabad,17.385,78.4867
25.0,53,12.9,103,2024-01-20 13:00:00,Hyderabad,17.385,78.4867
24.4,57,12.5,123,2024-01-20 14:00:00,Hyderabad,17.385,78.4867
23.4,61,11.5,122,2024-01-20 15:00:00,Hyderabad,17.385,78.4867
22.7,64,11.0,131,2024-01-20 16:00:00,Hyderabad,17.385,78.4867
22.2,67,10.7,138,2024-01-20 17:00:00,Hyderabad,17.385,78.4867
21.7,69,9.2,135,2024-01-20 18:00:00,Hyderabad,17.385,78.4867
21.1,71,8.2,139,2024-01-20 19:00:00,Hyderabad,17.385,78.4867
20.6,72,7.9,150,2024-01-20 20:00:00,Hyderabad,17.385,78.4867
19.7,75,6.6,131,2024-01-20 21:00:00,Hyderabad,17.385,78.4867
20.9,66,7.0,125,2024-01-20 22:00:00,Hyderabad,17.385,78.4867
20.9,63,5.0,120,2024-01-20 23:00:00,Hyderabad,17.385,78.4867
20.8,63,6.0,107,2024-01-21 00:00:00,Hyderabad,17.385,78.4867
18.1,83,6.6,99,2024-01-21 01:00:00,Hyderabad,17.385,78.4867
19.3,88,2.9,83,2024-01-21 02:00:00,Hyderabad,17.385,78.4867
21.5,68,6.9,309,2024-01-21 03:00:00,Hyderabad,17.385,78.4867
23.8,60,4.7,302,2024-01-21 04:00:00,Hyderabad,17.385,78.4867
25.5,54,2.5,262,2024-01-21 05:00:00,Hyderabad,17.385,78.4867
27.0,50,3.1,225,2024-01-21 06:00:00,Hyderabad,17.385,78.4867
28.2,46,5.5,212,2024-01-21 07:00:00,Hyderabad,17.385,78.4867
29.5,41,6.6,229,2024-01-21 08:00:00,Hyderabad,17.385,78.4867
30.0,39,6.3,246,2024-01-21 09:00:00,Hyderabad,17.385,78.4867
30.1,37,7.9,240,2024-01-21 10:00:00,Hyderabad,17.385,78.4867
29.6,37,9.4,220,2024-01-21 11:00:00,Hyderabad,17.385,78.4867
28.0,42,7.2,183,2024-01-21 12:00:00,Hyderabad,17.385,78.4867
24.9,55,7.6,185,2024-01-21 13:00:00,Hyderabad,17.385,78.4867
24.1,55,6.9,137,2024-01-21 14:00:00,Hyderabad,17.385,78.4867
23.5,62,13.4,114,2024-01-21 15:00:00,Hyderabad,17.385,78.4867
23.0,67,10.8,127,2024-01-21 16:00:00,Hyderabad,17.385,78.4867
22.0,72,7.1,131,2024-01-21 17:00:00,Hyderabad,17.385,78.4867
21.6,73,6.9,129,2024-01-21 18:00:00,Hyderabad,17.385,78.4867
21.3,73,7.9,106,2024-01-21 19:00:00,Hyderabad,17.385,78.4867
20.2,79,5.8,86,2024-01-21 20:00:00,Hyderabad,17.385,78.4867
20.5,79,4.3,90,2024-01-21 21:00:00,Hyderabad,17.385,78.4867
21.0,77,5.4,86,2024-01-21 22:00:00,Hyderabad,17.385,78.4867
20.9,77,6.7,74,2024-01-21 23:00:00,Hyderabad,17.385,78.4867
21.0,76,7.6,90,2024-01-22 00:00:00,Hyderabad,17.385,78.4867
20.6,79,5.0,90,2024-01-22 01:00:00,Hyderabad,17.385,78.4867
20.9,79,5.6,130,2024-01-22 02:00:00,Hyderabad,17.385,78.4867
22.5,71,3.0,194,2024-01-22 03:00:00,Hyderabad,17.385,78.4867
24.3,63,4.0,190,2024-01-22 04:00:00,Hyderabad,17.385,78.4867
26.1,57,5.3,208,2024-01-22 05:00:00,Hyderabad,17.385,78.4867
28.3,49,6.4,207,2024-01-22 06:00:00,Hyderabad,17.385,78.4867
29.8,42,8.3,198,2024-01-22 07:00:00,Hyderabad,17.385,78.4867
30.6,38,9.2,206,2024-01-22 08:00:00,Hyderabad,17.385,78.4867
30.8,37,8.4,220,2024-01-22 09:00:00,Hyderabad,17.385,78.4867
31.0,35,8.9,227,2024-01-22 10:00:00,Hyderabad,17.385,78.4867
30.4,36,9.7,231,2024-01-22 11:00:00,Hyderabad,17.385,78.4867
28.5,43,6.0,237,2024-01-22 12:00:00,Hyderabad,17.385,78.4867
25.3,54,6.7,164,2024-01-22 13:00:00,Hyderabad,17.385,78.4867
24.4,54,7.3,123,2024-01-22 14:00:00,Hyderabad,17.385,78.4867
23.7,61,12.0,129,2024-01-22 15:00:00,Hyderabad,17.385,78.4867
22.8,67,10.0,128,2024-01-22 16:00:00,Hyderabad,17.385,78.4867
22.7,69,13.1,127,2024-01-22 17:00:00,Hyderabad,17.385,78.4867
22.3,73,11.8,128,2024-01-22 18:00:00,Hyderabad,17.385,78.4867
21.6,77,11.7,133,2024-01-22 19:00:00,Hyderabad,17.385,78.4867
21.0,81,10.2,135,2024-01-22 20:00:00,Hyderabad,17.385,78.4867
21.3,81,8.7,132,2024-01-22 21:00:00,Hyderabad,17.385,78.4867
21.1,85,8.9,117,2024-01-22 22:00:00,Hyderabad,17.385,78.4867
20.8,89,8.7,135,2024-01-22 23:00:00,Hyderabad,17.385,78.4867
20.0,94,5.8,187,2024-01-23 00:00:00,Hyderabad,17.385,78.4867
19.0,95,6.3,239,2024-01-23 01:00:00,Hyderabad,17.385,78.4867
20.1,89,6.4,207,2024-01-23 02:00:00,Hyderabad,17.385,78.4867
22.4,78,7.5,197,2024-01-23 03:00:00,Hyderabad,17.385,78.4867
25.1,65,12.6,207,2024-01-23 04:00:00,Hyderabad,17.385,78.4867
27.3,50,15.5,202,2024-01-23 05:00:00,Hyderabad,17.385,78.4867
28.8,43,17.4,207,2024-01-23 06:00:00,Hyderabad,17.385,78.4867
29.8,39,17.0,216,2024-01-23 07:00:00,Hyderabad,17.385,78.4867
30.0,38,16.1,220,2024-01-23 08:00:00,Hyderabad,17.385,78.4867
30.7,35,15.3,225,2024-01-23 09:00:00,Hyderabad,17.385,78.4867
30.4,35,13.8,227,2024-01-23 10:00:00,Hyderabad,17.385,78.4867
30.0,35,11.2,230,2024-01-23 11:00:00,Hyderabad,17.385,78.4867
28.1,44,5.2,214,2024-01-23 12:00:00,Hyderabad,17.385,78.4867
26.1,46,7.9,183,2024-01-23 13:00:00,Hyderabad,17.385,78.4867
24.9,49,8.4,160,2024-01-23 14:00:00,Hyderabad,17.385,78.4867
24.8,50,9.4,157,2024-01-23 15:00:00,Hyderabad,17.385,78.4867
23.9,52,9.7,141,2024-01-23 16:00:00,Hyderabad,17.385,78.4867
23.2,59,10.9,136,2024-01-23 17:00:00,Hyderabad,17.385,78.4867
22.6,69,11.2,140,2024-01-23 18:00:00,Hyderabad,17.385,78.4867
21.8,77,6.1,130,2024-01-23 19:00:00,Hyderabad,17.385,78.4867
22.0,79,5.1,98,2024-01-23 20:00:00,Hyderabad,17.385,78.4867
21.7,82,4.1,345,2024-01-23 21:00:00,Hyderabad,17.385,78.4867
20.7,88,3.6,37,2024-01-23 22:00:00,Hyderabad,17.385,78.4867
19.4,95,6.0,33,2024-01-23 23:00:00,Hyderabad,17.385,78.4867
19.1,96,5.1,82,2024-01-24 00:00:00,Hyderabad,17.385,78.4867
19.6,90,4.5,241,2024-01-24 01:00:00,Hyderabad,17.385,78.4867
20.5,78,9.0,286,2024-01-24 02:00:00,Hyderabad,17.385,78.4867
21.9,73,7.3,303,2024-01-24 03:00:00,Hyderabad,17.385,78.4867
24.0,66,7.5,287,2024-01-24 04:00:00,Hyderabad,17.385,78.4867
26.3,58,13.5,222,2024-01-24 05:00:00,Hyderabad,17.385,78.4867
27.5,52,11.5,224,2024-01-24 06:00:00,Hyderabad,17.385,78.4867
28.4,49,11.2,230,2024-01-24 07:00:00,Hyderabad,17.385,78.4867
29.0,46,8.8,261,2024-01-24 08:00:00,Hyderabad,17.385,78.4867
29.6,43,8.6,285,2024-01-24 09:00:00,Hyderabad,17.385,78.4867
29.5,42,8.9,291,2024-01-24 10:00:00,Hyderabad,17.385,78.4867
29.1,41,7.1,300,2024-01-24 11:00:00,Hyderabad,17.385,78.4867
28.0,50,3.3,347,2024-01-24 12:00:00,Hyderabad,17.385,78.4867
27.5,46,1.1,342,2024-01-24 13:00:00,Hyderabad,17.385,78.4867
25.2,54,7.1,66,2024-01-24 14:00:00,Hyderabad,17.385,78.4867
24.6,59,12.7,82,2024-01-24 15:00:00,Hyderabad,17.385,78.4867
23.6,64,5.2,56,2024-01-24 16:00:00,Hyderabad,17.385,78.4867
23.1,66,8.4,31,2024-01-24 17:00:00,Hyderabad,17.385,78.4867
22.4,69,9.3,28,2024-01-24 18:00:00,Hyderabad,17.385,78.4867
21.3,76,12.3,52,2024-01-24 19:00:00,Hyderabad,17.385,78.4867
20.9,80,9.2,51,2024-01-24 20:00:00,Hyderabad,17.385,78.4867
19.8,85,7.3,70,2024-01-24 21:00:00,Hyderabad,17.385,78.4867
19.2,89,7.7,79,2024-01-24 22:00:00,Hyderabad,17.385,78.4867
18.6,92,6.7,74,2024-01-24 23:00:00,Hyderabad,17.385,78.4867
18.0,94,5.1,98,2024-01-25 00:00:00,Hyderabad,17.385,78.4867
18.4,95,5.1,45,2024-01-25 01:00:00,Hyderabad,17.385,78.4867
19.1,92,8.9,47,2024-01-25 02:00:00,Hyderabad,17.385,78.4867
21.0,82,8.4,47,2024-01-25 03:00:00,Hyderabad,17.385,78.4867
23.1,70,9.8,62,2024-01-25 04:00:00,Hyderabad,17.385,78.4867
24.6,63,10.4,90,2024-01-25 05:00:00,Hyderabad,17.385,78.4867
25.3,60,8.6,92,2024-01-25 06:00:00,Hyderabad,17.385,78.4867
26.7,55,5.4,82,2024-01-25 07:00:00,Hyderabad,17.385,78.4867
27.6,50,2.6,56,2024-01-25 08:00:00,Hyderabad,17.385,78.4867
28.3,47,2.5,352,2024-01-25 09:00:00,Hyderabad,17.385,78.4867
28.3,45,3.1,339,2024-01-25 10:00:00,Hyderabad,17.385,78.4867
28.0,45,3.3,347,2024-01-25 11:00:00,Hyderabad,17.385,78.4867
27.0,49,2.9,353,2024-01-25 12:00:00,Hyderabad,17.385,78.4867
24.9,54,5.4,86,2024-01-25 13:00:00,Hyderabad,17.385,78.4867
22.8,62,8.1,103,2024-01-25 14:00:00,Hyderabad,17.385,78.4867
22.8,61,8.9,117,2024-01-25 15:00:00,Hyderabad,17.385,78.4867
21.0,71,6.6,119,2024-01-25 16:00:00,Hyderabad,17.385,78.4867
20.0,77,7.1,131,2024-01-25 17:00:00,Hyderabad,17.385,78.4867
19.0,82,8.4,137,2024-01-25 18:00:00,Hyderabad,17.385,78.4867
19.3,81,7.9,120,2024-01-25 19:00:00,Hyderabad,17.385,78.4867
18.9,84,7.6,90,2024-01-25 20:00:00,Hyderabad,17.385,78.4867
18.4,85,6.5,96,2024-01-25 21:00:00,Hyderabad,17.385,78.4867
18.2,86,7.6,59,2024-01-25 22:00:00,Hyderabad,17.385,78.4867
18.0,90,7.9,74,2024-01-25 23:00:00,Hyderabad,17.385,78.4867
17.8,93,8.0,82,2024-01-26 00:00:00,Hyderabad,17.385,78.4867
18.2,99,5.4,82,2024-01-26 01:00:00,Hyderabad,17.385,78.4867
19.0,98,9.4,86,2024-01-26 02:00:00,Hyderabad,17.385,78.4867
20.8,91,10.9,98,2024-01-26 03:00:00,Hyderabad,17.385,78.4867
22.9,78,9.7,105,2024-01-26 04:00:00,Hyderabad,17.385,78.4867
25.4,63,8.0,95,2024-01-26 05:00:00,Hyderabad,17.385,78.4867
27.4,51,7.3,99,2024-01-26 06:00:00,Hyderabad,17.385,78.4867
28.6,45,5.2,102,2024-01-26 07:00:00,Hyderabad,17.385,78.4867
29.2,41,4.9,107,2024-01-26 08:00:00,Hyderabad,17.385,78.4867
29.5,39,4.7,113,2024-01-26 09:00:00,Hyderabad,17.385,78.4867
29.6,37,4.6,108,2024-01-26 10:00:00,Hyderabad,17.385,78.4867
29.3,36,6.5,96,2024-01-26 11:00:00,Hyderabad,17.385,78.4867
28.2,38,8.7,95,2024-01-26 12:00:00,Hyderabad,17.385,78.4867
25.7,48,9.3,106,2024-01-26 13:00:00,Hyderabad,17.385,78.4867
24.5,51,9.9,100,2024-01-26 14:00:00,Hyderabad,17.385,78.4867
23.1,57,9.8,107,2024-01-26 15:00:00,Hyderabad,17.385,78.4867
21.9,63,7.3,101,2024-01-26 16:00:00,Hyderabad,17.385,78.4867
21.0,69,6.9,99,2024-01-26 17:00:00,Hyderabad,17.385,78.4867
20.2,73,6.5,93,2024-01-26 18:00:00,Hyderabad,17.385,78.4867
19.9,75,7.2,84,2024-01-26 19:00:00,Hyderabad,17.385,78.4867
19.5,77,7.4,104,2024-01-26 20:00:00,Hyderabad,17.385,78.4867
18.9,81,6.5,96,2024-01-26 21:00:00,Hyderabad,17.385,78.4867
18.5,85,6.5,96,2024-01-26 22:00:00,Hyderabad,17.385,78.4867
18.1,88,6.5,87,2024-01-26 23:00:00,Hyderabad,17.385,78.4867
17.5,93,6.2,97,2024-01-27 00:00:00,Hyderabad,17.385,78.4867
17.9,97,5.2,106,2024-01-27 01:00:00,Hyderabad,17.385,78.4867
18.8,96,8.3,90,2024-01-27 02:00:00,Hyderabad,17.385,78.4867
20.9,89,11.9,119,2024-01-27 03:00:00,Hyderabad,17.385,78.4867
23.1,74,12.6,114,2024-01-27 04:00:00,Hyderabad,17.385,78.4867
25.2,62,11.2,105,2024-01-27 05:00:00,Hyderabad,17.385,78.4867
26.7,54,10.1,90,2024-01-27 06:00:00,Hyderabad,17.385,78.4867
27.9,48,9.1,72,2024-01-27 07:00:00,Hyderabad,17.385,78.4867
28.5,43,8.0,63,2024-01-27 08:00:00,Hyderabad,17.385,78.4867
28.9,41,7.8,68,2024-01-27 09:00:00,Hyderabad,17.385,78.4867
29.0,39,8.2,75,2024-01-27 10:00:00,Hyderabad,17.385,78.4867
28.5,40,10.1,84,2024-01-27 11:00:00,Hyderabad,17.385,78.4867
27.5,42,9.9,100,2024-01-27 12:00:00,Hyderabad,17.385,78.4867
24.2,53,7.3,101,2024-01-27 13:00:00,Hyderabad,17.385,78.4867
23.2,59,8.4,121,2024-01-27 14:00:00,Hyderabad,17.385,78.4867
22.0,68,7.7,131,2024-01-27 15:00:00,Hyderabad,17.385,78.4867
21.1,73,6.9,133,2024-01-27 16:00:00,Hyderabad,17.385,78.4867
20.0,78,6.5,124,2024-01-27 17:00:00,Hyderabad,17.385,78.4867
19.3,81,7.1,120,2024-01-27 18:00:00,Hyderabad,17.385,78.4867
18.3,86,8.8,102,2024-01-27 19:00:00,Hyderabad,17.385,78.4867
17.8,89,7.9,93,2024-01-27 20:00:00,Hyderabad,17.385,78.4867
17.2,91,7.9,90,2024-01-27 21:00:00,Hyderabad,17.385,78.4867
17.6,88,7.9,93,2024-01-27 22:00:00,Hyderabad,17.385,78.4867
16.6,91,8.4,110,2024-01-27 23:00:00,Hyderabad,17.385,78.4867
16.4,91,9.2,101,2024-01-28 00:00:00,Hyderabad,17.385,78.4867
16.5,92,8.8,102,2024-01-28 01:00:00,Hyderabad,17.385,78.4867
18.1,86,5.7,108,2024-01-28 02:00:00,Hyderabad,17.385,78.4867
21.6,68,8.3,124,2024-01-28 03:00:00,Hyderabad,17.385,78.4867
24.2,55,10.1,117,2024-01-28 04:00:00,Hyderabad,17.385,78.4867
26.0,42,10.9,107,2024-01-28 05:00:00,Hyderabad,17.385,78.4867
27.4,37,10.5,106,2024-01-28 06:00:00,Hyderabad,17.385,78.4867
28.2,33,9.7,105,2024-01-28 07:00:00,Hyderabad,17.385,78.4867
28.8,30,9.1,108,2024-01-28 08:00:00,Hyderabad,17.385,78.4867
29.0,30,8.3,108,2024-01-28 09:00:00,Hyderabad,17.385,78.4867
29.0,30,7.8,112,2024-01-28 10:00:00,Hyderabad,17.385,78.4867
28.4,33,8.6,112,2024-01-28 11:00:00,Hyderabad,17.385,78.4867
26.9,39,7.1,105,2024-01-28 12:00:00,Hyderabad,17.385,78.4867
23.7,41,9.0,90,2024-01-28 13:00:00,Hyderabad,17.385,78.4867
22.9,43,10.9,99,2024-01-28 14:00:00,Hyderabad,17.385,78.4867
22.0,50,9.3,106,2024-01-28 15:00:00,Hyderabad,17.385,78.4867
21.0,59,8.6,112,2024-01-28 16:00:00,Hyderabad,17.385,78.4867
19.8,67,7.6,95,2024-01-28 17:00:00,Hyderabad,17.385,78.4867
19.1,71,7.4,104,2024-01-28 18:00:00,Hyderabad,17.385,78.4867
18.0,76,7.6,109,2024-01-28 19:00:00,Hyderabad,17.385,78.4867
17.5,79,8.7,107,2024-01-28 20:00:00,Hyderabad,17.385,78.4867
17.9,76,7.9,133,2024-01-28 21:00:00,Hyderabad,17.385,78.4867
16.9,83,7.4,141,2024-01-28 22:00:00,Hyderabad,17.385,78.4867
16.4,91,7.9,137,2024-01-28 23:00:00,Hyderabad,17.385,78.4867
15.9,95,8.6,123,2024-01-29 00:00:00,Hyderabad,17.385,78.4867
16.1,96,8.0,117,2024-01-29 01:00:00,Hyderabad,17.385,78.4867
17.5,96,4.1,105,2024-01-29 02:00:00,Hyderabad,17.385,78.4867
20.2,84,5.8,112,2024-01-29 03:00:00,Hyderabad,17.385,78.4867
23.1,71,8.9,117,2024-01-29 04:00:00,Hyderabad,17.385,78.4867
25.3,57,11.0,113,2024-01-29 05:00:00,Hyderabad,17.385,78.4867
26.8,47,10.1,107,2024-01-29 06:00:00,Hyderabad,17.385,78.4867
28.0,39,8.3,92,2024-01-29 07:00:00,Hyderabad,17.385,78.4867
28.7,36,6.2,80,2024-01-29 08:00:00,Hyderabad,17.385,78.4867
29.1,35,6.6,61,2024-01-29 09:00:00,Hyderabad,17.385,78.4867
29.1,33,7.7,53,2024-01-29 10:00:00,Hyderabad,17.385,78.4867
28.7,33,8.4,59,2024-01-29 11:00:00,Hyderabad,17.385,78.4867
27.3,39,5.9,76,2024-01-29 12:00:00,Hyderabad,17.385,78.4867
24.2,50,8.0,108,2024-01-29 13:00:00,Hyderabad,17.385,78.4867
23.4,52,11.1,115,2024-01-29 14:00:00,Hyderabad,17.385,78.4867
22.0,58,9.4,113,2024-01-29 15:00:00,Hyderabad,17.385,78.4867
21.2,63,9.2,116,2024-01-29 16:00:00,Hyderabad,17.385,78.4867
20.5,69,8.1,111,2024-01-29 17:00:00,Hyderabad,17.385,78.4867
19.4,75,6.6,119,2024-01-29 18:00:00,Hyderabad,17.385,78.4867
18.5,81,6.9,118,2024-01-29 19:00:00,Hyderabad,17.385,78.4867
17.7,86,8.6,112,2024-01-29 20:00:00,Hyderabad,17.385,78.4867
17.8,86,7.1,131,2024-01-29 21:00:00,Hyderabad,17.385,78.4867
17.2,90,7.7,139,2024-01-29 22:00:00,Hyderabad,17.385,78.4867
17.0,91,7.1,131,2024-01-29 23:00:00,Hyderabad,17.385,78.4867
16.9,93,6.0,115,2024-01-30 00:00:00,Hyderabad,17.385,78.4867
16.5,94,5.6,117,2024-01-30 01:00:00,Hyderabad,17.385,78.4867
17.6,92,6.6,112,2024-01-30 02:00:00,Hyderabad,17.385,78.4867
20.3,80,6.6,131,2024-01-30 03:00:00,Hyderabad,17.385,78.4867
23.2,66,8.1,135,2024-01-30 04:00:00,Hyderabad,17.385,78.4867
25.7,53,9.7,129,2024-01-30 05:00:00,Hyderabad,17.385,78.4867
27.4,46,8.9,117,2024-01-30 06:00:00,Hyderabad,17.385,78.4867
28.5,41,8.2,105,2024-01-30 07:00:00,Hyderabad,17.385,78.4867
29.0,38,7.6,98,2024-01-30 08:00:00,Hyderabad,17.385,78.4867
29.2,37,7.3,99,2024-01-30 09:00:00,Hyderabad,17.385,78.4867
29.2,37,7.2,108,2024-01-30 10:00:00,Hyderabad,17.385,78.4867
28.8,37,7.4,113,2024-01-30 11:00:00,Hyderabad,17.385,78.4867
27.5,42,7.5,107,2024-01-30 12:00:00,Hyderabad,17.385,78.4867
24.6,42,11.5,88,2024-01-30 13:00:00,Hyderabad,17.385,78.4867
23.5,46,13.2,107,2024-01-30 14:00:00,Hyderabad,17.385,78.4867
22.4,51,11.5,110,2024-01-30 15:00:00,Hyderabad,17.385,78.4867
21.5,55,10.5,117,2024-01-30 16:00:00,Hyderabad,17.385,78.4867
20.8,59,9.4,97,2024-01-30 17:00:00,Hyderabad,17.385,78.4867
19.9,63,7.8,103,2024-01-30 18:00:00,Hyderabad,17.385,78.4867
19.0,66,6.7,126,2024-01-30 19:00:00,Hyderabad,17.385,78.4867
18.8,66,7.1,120,2024-01-30 20:00:00,Hyderabad,17.385,78.4867
18.4,66,6.9,118,2024-01-30 21:00:00,Hyderabad,17.385,78.4867
17.4,73,6.3,114,2024-01-30 22:00:00,Hyderabad,17.385,78.4867
17.3,80,6.7,106,2024-01-30 23:00:00,Hyderabad,17.385,78.4867
17.0,84,6.5,109,2024-01-31 00:00:00,Hyderabad,17.385,78.4867
16.8,91,6.6,119,2024-01-31 01:00:00,Hyderabad,17.385,78.4867
18.2,82,7.1,105,2024-01-31 02:00:00,Hyderabad,17.385,78.4867
21.0,66,7.3,123,2024-01-31 03:00:00,Hyderabad,17.385,78.4867
24.1,51,9.9,136,2024-01-31 04:00:00,Hyderabad,17.385,78.4867
26.7,41,10.8,143,2024-01-31 05:00:00,Hyderabad,17.385,78.4867
28.3,36,9.7,158,2024-01-31 06:00:00,Hyderabad,17.385,78.4867
29.5,33,8.3,178,2024-01-31 07:00:00,Hyderabad,17.385,78.4867
30.3,32,7.2,207,2024-01-31 08:00:00,Hyderabad,17.385,78.4867
30.8,30,7.7,221,2024-01-31 09:00:00,Hyderabad,17.385,78.4867
30.5,30,9.1,236,2024-01-31 10:00:00,Hyderabad,17.385,78.4867
29.7,31,9.9,251,2024-01-31 11:00:00,Hyderabad,17.385,78.4867
28.3,37,5.4,262,2024-01-31 12:00:00,Hyderabad,17.385,78.4867
25.1,41,7.4,133,2024-01-31 13:00:00,Hyderabad,17.385,78.4867
24.0,43,12.9,117,2024-01-31 14:00:00,Hyderabad,17.385,78.4867
22.7,49,10.0,120,2024-01-31 15:00:00,Hyderabad,17.385,78.4867
21.5,57,7.4,113,2024-01-31 16:00:00,Hyderabad,17.385,78.4867
20.5,64,6.7,106,2024-01-31 17:00:00,Hyderabad,17.385,78.4867
19.5,71,6.6,103,2024-01-31 18:00:00,Hyderabad,17.385,78.4867
19.9,71,7.6,109,2024-01-31 19:00:00,Hyderabad,17.385,78.4867
19.6,77,7.3,110,2024-01-31 20:00:00,Hyderabad,17.385,78.4867
19.4,84,8.9,111,2024-01-31 21:00:00,Hyderabad,17.385,78.4867
18.8,90,7.1,120,2024-01-31 22:00:00,Hyderabad,17.385,78.4867
18.5,92,7.2,127,2024-01-31 23:00:00,Hyderabad,17.385,78.4867
18.2,92,7.0,145,2024-02-01 00:00:00,Hyderabad,17.385,78.4867
18.4,98,6.1,177,2024-02-01 01:00:00,Hyderabad,17.385,78.4867
19.7,95,4.8,153,2024-02-01 02:00:00,Hyderabad,17.385,78.4867
21.9,81,6.3,167,2024-02-01 03:00:00,Hyderabad,17.385,78.4867
24.2,69,8.3,185,2024-02-01 04:00:00,Hyderabad,17.385,78.4867
27.0,57,13.2,191,2024-02-01 05:00:00,Hyderabad,17.385,78.4867
29.0,45,14.3,198,2024-02-01 06:00:00,Hyderabad,17.385,78.4867
30.2,37,13.8,213,2024-02-01 07:00:00,Hyderabad,17.385,78.4867
30.9,33,14.3,223,2024-02-01 08:00:00,Hyderabad,17.385,78.4867
31.0,31,14.0,226,2024-02-01 09:00:00,Hyderabad,17.385,78.4867
31.0,29,13.8,227,2024-02-01 10:00:00,Hyderabad,17.385,78.4867
30.4,28,13.6,230,2024-02-01 11:00:00,Hyderabad,17.385,78.4867
28.8,33,7.4,223,2024-02-01 12:00:00,Hyderabad,17.385,78.4867
23.9,39,10.9,224,2024-02-01 13:00:00,Hyderabad,17.385,78.4867
23.6,36,8.7,232,2024-02-01 14:00:00,Hyderabad,17.385,78.4867
23.5,34,10.6,246,2024-02-01 15:00:00,Hyderabad,17.385,78.4867
22.6,37,9.4,247,2024-02-01 16:00:00,Hyderabad,17.385,78.4867
21.9,40,8.7,253,2024-02-01 17:00:00,Hyderabad,17.385,78.4867
21.4,44,8.6,255,2024-02-01 18:00:00,Hyderabad,17.385,78.4867
19.9,53,9.1,263,2024-02-01 19:00:00,Hyderabad,17.385,78.4867
21.8,47,3.3,41,2024-02-01 20:00:00,Hyderabad,17.385,78.4867
18.7,63,9.2,101,2024-02-01 21:00:00,Hyderabad,17.385,78.4867
17.1,88,6.0,57,2024-02-01 22:00:00,Hyderabad,17.385,78.4867
17.1,97,7.9,66,2024-02-01 23:00:00,Hyderabad,17.385,78.4867
18.9,98,3.3,41,2024-02-02 00:00:00,Hyderabad,17.385,78.4867
19.6,99,4.5,194,2024-02-02 01:00:00,Hyderabad,17.385,78.4867
19.5,99,5.6,243,2024-02-02 02:00:00,Hyderabad,17.385,78.4867
20.4,92,3.6,217,2024-02-02 03:00:00,Hyderabad,17.385,78.4867
23.3,74,5.6,230,2024-02-02 04:00:00,Hyderabad,17.385,78.4867
26.0,64,9.3,234,2024-02-02 05:00:00,Hyderabad,17.385,78.4867
28.0,51,7.0,235,2024-02-02 06:00:00,Hyderabad,17.385,78.4867
29.5,42,5.5,247,2024-02-02 07:00:00,Hyderabad,17.385,78.4867
30.5,37,6.6,257,2024-02-02 08:00:00,Hyderabad,17.385,78.4867
30.8,35,6.9,261,2024-02-02 09:00:00,Hyderabad,17.385,78.4867
30.8,35,5.4,250,2024-02-02 10:00:00,Hyderabad,17.385,78.4867
30.4,35,3.6,225,2024-02-02 11:00:00,Hyderabad,17.385,78.4867
29.7,38,0.4,180,2024-02-02 12:00:00,Hyderabad,17.385,78.4867
28.2,41,3.8,343,2024-02-02 13:00:00,Hyderabad,17.385,78.4867
25.3,49,6.5,341,2024-02-02 14:00:00,Hyderabad,17.385,78.4867
24.3,51,5.2,295,2024-02-02 15:00:00,Hyderabad,17.385,78.4867
23.1,56,7.4,317,2024-02-02 16:00:00,Hyderabad,17.385,78.4867
23.2,50,6.9,6,2024-02-02 17:00:00,Hyderabad,17.385,78.4867
22.9,51,6.9,51,2024-02-02 18:00:00,Hyderabad,17.385,78.4867
22.4,65,11.1,77,2024-02-02 19:00:00,Hyderabad,17.385,78.4867
21.6,73,10.5,68,2024-02-02 20:00:00,Hyderabad,17.385,78.4867
20.6,84,10.9,56,2024-02-02 21:00:00,Hyderabad,17.385,78.4867
20.4,87,12.1,67,2024-02-02 22:00:00,Hyderabad,17.385,78.4867
19.8,91,10.0,64,2024-02-02 23:00:00,Hyderabad,17.385,78.4867
19.4,93,8.7,66,2024-02-03 00:00:00,Hyderabad,17.385,78.4867
20.2,92,7.2,63,2024-02-03 01:00:00,Hyderabad,17.385,78.4867
21.0,88,8.5,78,2024-02-03 02:00:00,Hyderabad,17.385,78.4867
23.4,77,8.0,95,2024-02-03 03:00:00,Hyderabad,17.385,78.4867
25.5,69,13.0,104,2024-02-03 04:00:00,Hyderabad,17.385,78.4867
26.8,62,12.2,104,2024-02-03 05:00:00,Hyderabad,17.385,78.4867
28.1,55,10.3,102,2024-02-03 06:00:00,Hyderabad,17.385,78.4867
29.0,51,8.8,99,2024-02-03 07:00:00,Hyderabad,17.385,78.4867
29.9,47,7.6,93,2024-02-03 08:00:00,Hyderabad,17.385,78.4867
29.9,46,6.6,81,2024-02-03 09:00:00,Hyderabad,17.385,78.4867
29.2,48,6.9,84,2024-02-03 10:00:00,Hyderabad,17.385,78.4867
28.9,48,8.7,97,2024-02-03 11:00:00,Hyderabad,17.385,78.4867
28.1,50,9.0,106,2024-02-03 12:00:00,Hyderabad,17.385,78.4867
26.3,50,9.4,97,2024-02-03 13:00:00,Hyderabad,17.385,78.4867
25.2,54,10.2,113,2024-02-03 14:00:00,Hyderabad,17.385,78.4867
24.3,61,11.5,104,2024-02-03 15:00:00,Hyderabad,17.385,78.4867
23.4,67,7.8,112,2024-02-03 16:00:00,Hyderabad,17.385,78.4867
22.1,73,5.9,133,2024-02-03 17:00:00,Hyderabad,17.385,78.4867
21.2,78,6.6,131,2024-02-03 18:00:00,Hyderabad,17.385,78.4867
20.9,80,5.9,128,2024-02-03 19:00:00,Hyderabad,17.385,78.4867
20.4,84,7.1,114,2024-02-03 20:00:00,Hyderabad,17.385,78.4867
21.4,78,4.5,104,2024-02-03 21:00:00,Hyderabad,17.385,78.4867
21.1,80,5.1,188,2024-02-03 22:00:00,Hyderabad,17.385,78.4867
21.0,80,4.1,195,2024-02-03 23:00:00,Hyderabad,17.385,78.4867
20.9,81,2.4,297,2024-02-04 00:00:00,Hyderabad,17.385,78.4867
20.8,93,2.3,231,2024-02-04 01:00:00,Hyderabad,17.385,78.4867
20.5,95,1.6,243,2024-02-04 02:00:00,Hyderabad,17.385,78.4867
23.6,80,1.3,146,2024-02-04 03:00:00,Hyderabad,17.385,78.4867
26.7,58,6.6,112,2024-02-04 04:00:00,Hyderabad,17.385,78.4867
28.5,46,10.8,105,2024-02-04 05:00:00,Hyderabad,17.385,78.4867
29.6,43,10.4,104,2024-02-04 06:00:00,Hyderabad,17.385,78.4867
30.5,40,10.7,110,2024-02-04 07:00:00,Hyderabad,17.385,78.4867
31.0,38,10.5,112,2024-02-04 08:00:00,Hyderabad,17.385,78.4867
31.2,36,10.2,108,2024-02-04 09:00:00,Hyderabad,17.385,78.4867
31.2,36,9.5,99,2024-02-04 10:00:00,Hyderabad,17.385,78.4867
30.8,36,9.2,101,2024-02-04 11:00:00,Hyderabad,17.385,78.4867
29.6,39,9.2,116,2024-02-04 12:00:00,Hyderabad,17.385,78.4867
26.8,46,7.9,114,2024-02-04 13:00:00,Hyderabad,17.385,78.4867
25.9,50,10.8,120,2024-02-04 14:00:00,Hyderabad,17.385,78.4867
24.8,54,8.6,123,2024-02-04 15:00:00,Hyderabad,17.385,78.4867
23.7,57,8.7,120,2024-02-04 16:00:00,Hyderabad,17.385,78.4867
23.0,60,8.3,124,2024-02-04 17:00:00,Hyderabad,17.385,78.4867
22.1,66,7.5,125,2024-02-04 18:00:00,Hyderabad,17.385,78.4867
22.1,69,8.4,130,2024-02-04 19:00:00,Hyderabad,17.385,78.4867
21.4,76,7.1,139,2024-02-04 20:00:00,Hyderabad,17.385,78.4867
20.5,83,6.4,133,2024-02-04 21:00:00,Hyderabad,17.385,78.4867
19.4,90,7.9,120,2024-02-04 22:00:00,Hyderabad,17.385,78.4867
19.3,91,7.4,166,2024-02-04 23:00:00,Hyderabad,17.385,78.4867
19.5,90,7.3,169,2024-02-05 00:00:00,Hyderabad,17.385,78.4867
19.0,94,7.9,177,2024-02-05 01:00:00,Hyderabad,17.385,78.4867
20.5,90,5.8,184,2024-02-05 02:00:00,Hyderabad,17.385,78.4867
23.4,76,4.1,165,2024-02-05 03:00:00,Hyderabad,17.385,78.4867
26.5,61,7.0,159,2024-02-05 04:00:00,Hyderabad,17.385,78.4867
29.0,48,7.3,160,2024-02-05 05:00:00,Hyderabad,17.385,78.4867
30.5,40,4.5,166,2024-02-05 06:00:00,Hyderabad,17.385,78.4867
31.5,37,0.5,225,2024-02-05 07:00:00,Hyderabad,17.385,78.4867
32.2,34,1.5,315,2024-02-05 08:00:00,Hyderabad,17.385,78.4867
32.3,33,1.4,270,2024-02-05 09:00:00,Hyderabad,17.385,78.4867
32.3,31,2.4,243,2024-02-05 10:00:00,Hyderabad,17.385,78.4867
32.1,31,5.2,245,2024-02-05 11:00:00,Hyderabad,17.385,78.4867
30.8,35,6.9,242,2024-02-05 12:00:00,Hyderabad,17.385,78.4867
28.6,44,9.6,146,2024-02-05 13:00:00,Hyderabad,17.385,78.4867
27.5,47,7.5,145,2024-02-05 14:00:00,Hyderabad,17.385,78.4867
26.8,49,8.7,138,2024-02-05 15:00:00,Hyderabad,17.385,78.4867
25.9,52,7.9,150,2024-02-05 16:00:00,Hyderabad,17.385,78.4867
24.4,58,6.0,155,2024-02-05 17:00:00,Hyderabad,17.385,78.4867
23.1,64,6.6,202,2024-02-05 18:00:00,Hyderabad,17.385,78.4867
22.6,67,7.9,204,2024-02-05 19:00:00,Hyderabad,17.385,78.4867
22.6,65,6.4,153,2024-02-05 20:00:00,Hyderabad,17.385,78.4867
22.1,67,6.5,161,2024-02-05 21:00:00,Hyderabad,17.385,78.4867
21.2,72,6.9,174,2024-02-05 22:00:00,Hyderabad,17.385,78.4867
20.8,76,8.3,182,2024-02-05 23:00:00,Hyderabad,17.385,78.4867
20.9,75,7.5,163,2024-02-06 00:00:00,Hyderabad,17.385,78.4867
20.1,89,8.1,193,2024-02-06 01:00:00,Hyderabad,17.385,78.4867
21.8,80,6.6,202,2024-02-06 02:00:00,Hyderabad,17.385,78.4867
24.2,68,7.8,193,2024-02-06 03:00:00,Hyderabad,17.385,78.4867
27.1,59,7.2,198,2024-02-06 04:00:00,Hyderabad,17.385,78.4867
29.6,48,7.9,204,2024-02-06 05:00:00,Hyderabad,17.385,78.4867
31.4,40,6.0,237,2024-02-06 06:00:00,Hyderabad,17.385,78.4867
32.0,36,5.1,262,2024-02-06 07:00:00,Hyderabad,17.385,78.4867
32.5,34,4.0,260,2024-02-06 08:00:00,Hyderabad,17.385,78.4867
32.8,33,2.7,247,2024-02-06 09:00:00,Hyderabad,17.385,78.4867
32.7,33,1.9,248,2024-02-06 10:00:00,Hyderabad,17.385,78.4867
32.3,33,3.0,284,2024-02-06 11:00:00,Hyderabad,17.385,78.4867
31.1,40,3.6,307,2024-02-06 12:00:00,Hyderabad,17.385,78.4867
28.4,39,6.3,246,2024-02-06 13:00:00,Hyderabad,17.385,78.4867
29.5,34,4.6,252,2024-02-06 14:00:00,Hyderabad,17.385,78.4867
26.2,44,7.6,87,2024-02-06 15:00:00,Hyderabad,17.385,78.4867
25.8,48,10.8,116,2024-02-06 16:00:00,Hyderabad,17.385,78.4867
25.0,56,7.2,108,2024-02-06 17:00:00,Hyderabad,17.385,78.4867
24.0,66,6.1,87,2024-02-06 18:00:00,Hyderabad,17.385,78.4867
22.5,75,8.0,98,2024-02-06 19:00:00,Hyderabad,17.385,78.4867
21.9,80,8.7,132,2024-02-06 20:00:00,Hyderabad,17.385,78.4867
21.6,80,8.6,178,2024-02-06 21:00:00,Hyderabad,17.385,78.4867
21.1,81,8.9,194,2024-02-06 22:00:00,Hyderabad,17.385,78.4867
20.5,84,8.9,194,2024-02-06 23:00:00,Hyderabad,17.385,78.4867
20.2,86,7.1,225,2024-02-07 00:00:00,Hyderabad,17.385,78.4867
21.2,82,7.2,174,2024-02-07 01:00:00,Hyderabad,17.385,78.4867
21.9,81,4.4,215,2024-02-07 02:00:00,Hyderabad,17.385,78.4867
25.0,68,2.7,203,2024-02-07 03:00:00,Hyderabad,17.385,78.4867
28.1,54,4.0,185,2024-02-07 04:00:00,Hyderabad,17.385,78.4867
30.6,43,4.5,194,2024-02-07 05:00:00,Hyderabad,17.385,78.4867
32.2,35,3.7,281,2024-02-07 06:00:00,Hyderabad,17.385,78.4867
32.8,32,3.8,287,2024-02-07 07:00:00,Hyderabad,17.385,78.4867
33.3,30,4.2,290,2024-02-07 08:00:00,Hyderabad,17.385,78.4867
33.3,29,4.8,283,2024-02-07 09:00:00,Hyderabad,17.385,78.4867
33.3,28,5.1,262,2024-02-07 10:00:00,Hyderabad,17.385,78.4867
32.8,29,5.6,255,2024-02-07 11:00:00,Hyderabad,17.385,78.4867
31.4,41,3.5,246,2024-02-07 12:00:00,Hyderabad,17.385,78.4867
28.0,40,8.9,243,2024-02-07 13:00:00,Hyderabad,17.385,78.4867
29.8,32,2.6,74,2024-02-07 14:00:00,Hyderabad,17.385,78.4867
26.1,43,8.2,105,2024-02-07 15:00:00,Hyderabad,17.385,78.4867
24.8,50,7.9,150,2024-02-07 16:00:00,Hyderabad,17.385,78.4867
23.9,56,9.2,138,2024-02-07 17:00:00,Hyderabad,17.385,78.4867
25.8,48,4.6,45,2024-02-07 18:00:00,Hyderabad,17.385,78.4867
25.6,49,4.8,138,2024-02-07 19:00:00,Hyderabad,17.385,78.4867
23.0,60,6.1,180,2024-02-07 20:00:00,Hyderabad,17.385,78.4867
23.6,58,5.8,150,2024-02-07 21:00:00,Hyderabad,17.385,78.4867
23.4,59,1.9,292,2024-02-07 22:00:00,Hyderabad,17.385,78.4867
20.9,70,8.8,351,2024-02-07 23:00:00,Hyderabad,17.385,78.4867
20.9,71,6.2,10,2024-02-08 00:00:00,Hyderabad,17.385,78.4867
20.5,85,5.9,317,2024-02-08 01:00:00,Hyderabad,17.385,78.4867
21.5,80,9.9,316,2024-02-08 02:00:00,Hyderabad,17.385,78.4867
24.6,66,5.1,315,2024-02-08 03:00:00,Hyderabad,17.385,78.4867
27.5,55,5.4,340,2024-02-08 04:00:00,Hyderabad,17.385,78.4867
29.4,48,4.8,333,2024-02-08 05:00:00,Hyderabad,17.385,78.4867
30.8,43,4.8,318,2024-02-08 06:00:00,Hyderabad,17.385,78.4867
31.7,38,5.0,300,2024-02-08 07:00:00,Hyderabad,17.385,78.4867
32.7,34,5.9,281,2024-02-08 08:00:00,Hyderabad,17.385,78.4867
33.1,30,6.6,279,2024-02-08 09:00:00,Hyderabad,17.385,78.4867
33.1,29,7.9,286,2024-02-08 10:00:00,Hyderabad,17.385,78.4867
32.6,29,8.4,301,2024-02-08 11:00:00,Hyderabad,17.385,78.4867
31.2,33,7.4,313,2024-02-08 12:00:00,Hyderabad,17.385,78.4867
27.9,46,6.3,347,2024-02-08 13:00:00,Hyderabad,17.385,78.4867
26.8,50,6.5,3,2024-02-08 14:00:00,Hyderabad,17.385,78.4867
26.4,50,7.9,30,2024-02-08 15:00:00,Hyderabad,17.385,78.4867
25.5,53,7.9,60,2024-02-08 16:00:00,Hyderabad,17.385,78.4867
24.5,59,7.3,20,2024-02-08 17:00:00,Hyderabad,17.385,78.4867
23.5,61,6.4,47,2024-02-08 18:00:00,Hyderabad,17.385,78.4867
23.4,58,8.8,55,2024-02-08 19:00:00,Hyderabad,17.385,78.4867
22.6,55,8.6,57,2024-02-08 20:00:00,Hyderabad,17.385,78.4867
21.9,55,8.0,54,2024-02-08 21:00:00,Hyderabad,17.385,78.4867
20.8,59,5.9,76,2024-02-08 22:00:00,Hyderabad,17.385,78.4867
20.1,62,6.1,93,2024-02-08 23:00:00,Hyderabad,17.385,78.4867
19.7,63,6.5,93,2024-02-09 00:00:00,Hyderabad,17.385,78.4867
19.3,70,5.8,86,2024-02-09 01:00:00,Hyderabad,17.385,78.4867
20.5,66,7.0,69,2024-02-09 02:00:00,Hyderabad,17.385,78.4867
23.1,53,7.2,72,2024-02-09 03:00:00,Hyderabad,17.385,78.4867
25.9,44,10.9,84,2024-02-09 04:00:00,Hyderabad,17.385,78.4867
27.9,39,12.3,93,2024-02-09 05:00:00,Hyderabad,17.385,78.4867
29.6,36,10.8,105,2024-02-09 06:00:00,Hyderabad,17.385,78.4867
30.9,34,9.2,121,2024-02-09 07:00:00,Hyderabad,17.385,78.4867
31.8,33,7.2,127,2024-02-09 08:00:00,Hyderabad,17.385,78.4867
32.3,30,3.1,126,2024-02-09 09:00:00,Hyderabad,17.385,78.4867
32.3,28,0.5,45,2024-02-09 10:00:00,Hyderabad,17.385,78.4867
32.1,27,1.9,22,2024-02-09 11:00:00,Hyderabad,17.385,78.4867
30.6,40,3.0,76,2024-02-09 12:00:00,Hyderabad,17.385,78.4867
28.1,39,15.5,112,2024-02-09 13:00:00,Hyderabad,17.385,78.4867
26.5,49,14.3,115,2024-02-09 14:00:00,Hyderabad,17.385,78.4867
25.6,54,13.5,119,2024-02-09 15:00:00,Hyderabad,17.385,78.4867
24.9,58,10.5,117,2024-02-09 16:00:00,Hyderabad,17.385,78.4867
24.0,63,10.6,100,2024-02-09 17:00:00,Hyderabad,17.385,78.4867
23.5,68,11.8,102,2024-02-09 18:00:00,Hyderabad,17.385,78.4867
23.2,73,12.6,114,2024-02-09 19:00:00,Hyderabad,17.385,78.4867
22.5,81,12.0,123,2024-02-09 20:00:00,Hyderabad,17.385,78.4867
21.8,88,12.6,127,2024-02-09 21:00:00,Hyderabad,17.385,78.4867
21.2,91,12.8,122,2024-02-09 22:00:00,Hyderabad,17.385,78.4867
20.6,95,12.4,116,2024-02-09 23:00:00,Hyderabad,17.385,78.4867
20.5,97,11.2,123,2024-02-10 00:00:00,Hyderabad,17.385,78.4867
22.1,93,16.0,136,2024-02-10 01:00:00,Hyderabad,17.385,78.4867
22.6,90,16.3,137,2024-02-10 02:00:00,Hyderabad,17.385,78.4867
23.6,82,16.2,143,2024-02-10 03:00:00,Hyderabad,17.385,78.4867
26.1,67,17.9,146,2024-02-10 04:00:00,Hyderabad,17.385,78.4867
28.2,56,15.2,144,2024-02-10 05:00:00,Hyderabad,17.385,78.4867
29.6,49,12.9,150,2024-02-10 06:00:00,Hyderabad,17.385,78.4867
30.6,44,11.8,153,2024-02-10 07:00:00,Hyderabad,17.385,78.4867
31.8,38,9.5,155,2024-02-10 08:00:00,Hyderabad,17.385,78.4867
32.2,34,6.8,155,2024-02-10 09:00:00,Hyderabad,17.385,78.4867
32.2,32,5.5,148,2024-02-10 10:00:00,Hyderabad,17.385,78.4867
31.9,32,8.4,130,2024-02-10 11:00:00,Hyderabad,17.385,78.4867
30.8,35,11.4,125,2024-02-10 12:00:00,Hyderabad,17.385,78.4867
27.1,36,10.8,120,2024-02-10 13:00:00,Hyderabad,17.385,78.4867
25.6,44,12.3,111,2024-02-10 14:00:00,Hyderabad,17.385,78.4867
24.8,50,12.1,117,2024-02-10 15:00:00,Hyderabad,17.385,78.4867
23.8,55,10.3,119,2024-02-10 16:00:00,Hyderabad,17.385,78.4867
23.2,61,11.0,122,2024-02-10 17:00:00,Hyderabad,17.385,78.4867
23.0,66,14.1,130,2024-02-10 18:00:00,Hyderabad,17.385,78.4867
22.6,74,13.0,136,2024-02-10 19:00:00,Hyderabad,17.385,78.4867
21.8,83,14.8,137,2024-02-10 20:00:00,Hyderabad,17.385,78.4867
20.9,91,11.6,144,2024-02-10 21:00:00,Hyderabad,17.385,78.4867
20.4,94,8.9,140,2024-02-10 22:00:00,Hyderabad,17.385,78.4867
20.0,95,8.4,121,2024-02-10 23:00:00,Hyderabad,17.385,78.4867
19.8,95,7.8,124,2024-02-11 00:00:00,Hyderabad,17.385,78.4867
20.4,95,8.4,121,2024-02-11 01:00:00,Hyderabad,17.385,78.4867
21.2,92,15.3,133,2024-02-11 02:00:00,Hyderabad,17.385,78.4867
23.2,81,12.6,127,2024-02-11 03:00:00,Hyderabad,17.385,78.4867
25.6,68,13.6,130,2024-02-11 04:00:00,Hyderabad,17.385,78.4867
28.3,52,14.9,143,2024-02-11 05:00:00,Hyderabad,17.385,78.4867
30.4,39,13.1,159,2024-02-11 06:00:00,Hyderabad,17.385,78.4867
31.5,35,10.9,163,2024-02-11 07:00:00,Hyderabad,17.385,78.4867
32.3,31,10.7,160,2024-02-11 08:00:00,Hyderabad,17.385,78.4867
32.6,29,10.6,162,2024-02-11 09:00:00,Hyderabad,17.385,78.4867
32.7,27,8.5,152,2024-02-11 10:00:00,Hyderabad,17.385,78.4867
32.3,28,9.9,136,2024-02-11 11:00:00,Hyderabad,17.385,78.4867
31.0,30,10.2,129,2024-02-11 12:00:00,Hyderabad,17.385,78.4867
27.9,39,18.2,108,2024-02-11 13:00:00,Hyderabad,17.385,78.4867
26.9,42,15.0,107,2024-02-11 14:00:00,Hyderabad,17.385,78.4867
25.9,48,11.9,125,2024-02-11 15:00:00,Hyderabad,17.385,78.4867
25.5,54,16.6,132,2024-02-11 16:00:00,Hyderabad,17.385,78.4867
24.0,67,16.6,131,2024-02-11 17:00:00,Hyderabad,17.385,78.4867
22.9,73,16.1,129,2024-02-11 18:00:00,Hyderabad,17.385,78.4867
22.0,75,14.8,129,2024-02-11 19:00:00,Hyderabad,17.385,78.4867
21.4,75,12.5,134,2024-02-11 20:00:00,Hyderabad,17.385,78.4867
20.7,75,10.6,125,2024-02-11 21:00:00,Hyderabad,17.385,78.4867
20.0,80,9.0,119,2024-02-11 22:00:00,Hyderabad,17.385,78.4867
19.3,88,8.1,111,2024-02-11 23:00:00,Hyderabad,17.385,78.4867
19.0,95,10.0,105,2024-02-12 00:00:00,Hyderabad,17.385,78.4867
19.7,96,10.5,112,2024-02-12 01:00:00,Hyderabad,17.385,78.4867
20.1,94,10.5,121,2024-02-12 02:00:00,Hyderabad,17.385,78.4867
22.1,80,12.0,129,2024-02-12 03:00:00,Hyderabad,17.385,78.4867
24.8,64,13.3,131,2024-02-12 04:00:00,Hyderabad,17.385,78.4867
27.2,51,13.0,136,2024-02-12 05:00:00,Hyderabad,17.385,78.4867
29.2,41,10.6,145,2024-02-12 06:00:00,Hyderabad,17.385,78.4867
30.8,32,12.3,140,2024-02-12 07:00:00,Hyderabad,17.385,78.4867
31.7,28,13.8,137,2024-02-12 08:00:00,Hyderabad,17.385,78.4867
32.0,26,14.3,137,2024-02-12 09:00:00,Hyderabad,17.385,78.4867
31.7,26,14.3,139,2024-02-12 10:00:00,Hyderabad,17.385,78.4867
31.0,27,14.5,138,2024-02-12 11:00:00,Hyderabad,17.385,78.4867
29.6,30,13.5,132,2024-02-12 12:00:00,Hyderabad,17.385,78.4867
26.9,37,12.6,114,2024-02-12 13:00:00,Hyderabad,17.385,78.4867
25.8,44,12.9,117,2024-02-12 14:00:00,Hyderabad,17.385,78.4867
24.7,51,10.6,114,2024-02-12 15:00:00,Hyderabad,17.385,78.4867
23.6,57,9.9,109,2024-02-12 16:00:00,Hyderabad,17.385,78.4867
23.1,59,11.0,128,2024-02-12 17:00:00,Hyderabad,17.385,78.4867
22.5,56,12.0,129,2024-02-12 18:00:00,Hyderabad,17.385,78.4867
21.7,58,14.6,123,2024-02-12 19:00:00,Hyderabad,17.385,78.4867
20.5,68,14.7,126,2024-02-12 20:00:00,Hyderabad,17.385,78.4867
19.7,79,12.4,126,2024-02-12 21:00:00,Hyderabad,17.385,78.4867
18.8,86,11.3,127,2024-02-12 22:00:00,Hyderabad,17.385,78.4867
18.2,93,12.0,131,2024-02-12 23:00:00,Hyderabad,17.385,78.4867
18.0,96,11.4,125,2024-02-13 00:00:00,Hyderabad,17.385,78.4867
18.1,97,11.6,126,2024-02-13 01:00:00,Hyderabad,17.385,78.4867
18.4,95,10.9,124,2024-02-13 02:00:00,Hyderabad,17.385,78.4867
20.8,79,11.0,128,2024-02-13 03:00:00,Hyderabad,17.385,78.4867
23.7,61,12.5,131,2024-02-13 04:00:00,Hyderabad,17.385,78.4867
26.5,47,14.0,138,2024-02-13 05:00:00,Hyderabad,17.385,78.4867
29.2,31,12.1,153,2024-02-13 06:00:00,Hyderabad,17.385,78.4867
30.9,23,9.9,170,2024-02-13 07:00:00,Hyderabad,17.385,78.4867
32.0,19,12.3,165,2024-02-13 08:00:00,Hyderabad,17.385,78.4867
32.3,20,12.5,168,2024-02-13 09:00:00,Hyderabad,17.385,78.4867
32.1,22,10.3,168,2024-02-13 10:00:00,Hyderabad,17.385,78.4867
31.5,24,8.6,158,2024-02-13 11:00:00,Hyderabad,17.385,78.4867
30.2,28,8.1,122,2024-02-13 12:00:00,Hyderabad,17.385,78.4867
27.1,38,12.3,105,2024-02-13 13:00:00,Hyderabad,17.385,78.4867
26.0,43,13.4,114,2024-02-13 14:00:00,Hyderabad,17.385,78.4867
25.0,46,10.6,118,2024-02-13 15:00:00,Hyderabad,17.385,78.4867
24.0,48,8.2,131,2024-02-13 16:00:00,Hyderabad,17.385,78.4867
23.5,51,8.4,137,2024-02-13 17:00:00,Hyderabad,17.385,78.4867
23.1,55,10.9,136,2024-02-13 18:00:00,Hyderabad,17.385,78.4867
22.3,64,11.0,148,2024-02-13 19:00:00,Hyderabad,17.385,78.4867
21.5,73,10.9,134,2024-02-13 20:00:00,Hyderabad,17.385,78.4867
20.6,81,10.4,124,2024-02-13 21:00:00,Hyderabad,17.385,78.4867
19.8,89,9.3,118,2024-02-13 22:00:00,Hyderabad,17.385,78.4867
19.1,94,8.6,112,2024-02-13 23:00:00,Hyderabad,17.385,78.4867
18.9,94,9.0,119,2024-02-14 00:00:00,Hyderabad,17.385,78.4867
19.1,98,9.0,119,2024-02-14 01:00:00,Hyderabad,17.385,78.4867
19.6,96,10.3,126,2024-02-14 02:00:00,Hyderabad,17.385,78.4867
21.5,84,9.3,126,2024-02-14 03:00:00,Hyderabad,17.385,78.4867
24.4,68,9.2,129,2024-02-14 04:00:00,Hyderabad,17.385,78.4867
27.6,50,11.2,138,2024-02-14 05:00:00,Hyderabad,17.385,78.4867
30.4,32,13.3,142,2024-02-14 06:00:00,Hyderabad,17.385,78.4867
31.8,26,12.5,141,2024-02-14 07:00:00,Hyderabad,17.385,78.4867
32.3,24,10.4,134,2024-02-14 08:00:00,Hyderabad,17.385,78.4867
32.5,23,9.5,115,2024-02-14 09:00:00,Hyderabad,17.385,78.4867
32.4,23,10.9,107,2024-02-14 10:00:00,Hyderabad,17.385,78.4867
31.8,24,11.9,104,2024-02-14 11:00:00,Hyderabad,17.385,78.4867
30.5,26,10.4,104,2024-02-14 12:00:00,Hyderabad,17.385,78.4867
26.7,28,10.5,106,2024-02-14 13:00:00,Hyderabad,17.385,78.4867
25.4,30,11.4,108,2024-02-14 14:00:00,Hyderabad,17.385,78.4867
24.5,32,11.7,124,2024-02-14 15:00:00,Hyderabad,17.385,78.4867
23.6,34,10.0,131,2024-02-14 16:00:00,Hyderabad,17.385,78.4867
22.2,39,7.7,131,2024-02-14 17:00:00,Hyderabad,17.385,78.4867
20.9,45,7.1,135,2024-02-14 18:00:00,Hyderabad,17.385,78.4867
21.0,47,7.1,135,2024-02-14 19:00:00,Hyderabad,17.385,78.4867
20.9,59,8.9,137,2024-02-14 20:00:00,Hyderabad,17.385,78.4867
20.0,70,7.7,127,2024-02-14 21:00:00,Hyderabad,17.385,78.4867
19.7,71,7.7,131,2024-02-14 22:00:00,Hyderabad,17.385,78.4867
18.8,72,7.4,129,2024-02-14 23:00:00,Hyderabad,17.385,78.4867
18.2,72,7.3,110,2024-02-15 00:00:00,Hyderabad,17.385,78.4867
18.9,81,6.1,135,2024-02-15 01:00:00,Hyderabad,17.385,78.4867
20.1,71,9.3,118,2024-02-15 02:00:00,Hyderabad,17.385,78.4867
22.7,59,9.6,110,2024-02-15 03:00:00,Hyderabad,17.385,78.4867
25.5,48,11.1,119,2024-02-15 04:00:00,Hyderabad,17.385,78.4867
28.0,41,13.1,127,2024-02-15 05:00:00,Hyderabad,17.385,78.4867
30.1,31,14.0,138,2024-02-15 06:00:00,Hyderabad,17.385,78.4867
31.5,25,13.8,141,2024-02-15 07:00:00,Hyderabad,17.385,78.4867
32.1,23,13.5,134,2024-02-15 08:00:00,Hyderabad,17.385,78.4867
32.2,24,13.7,125,2024-02-15 09:00:00,Hyderabad,17.385,78.4867
31.9,25,14.3,124,2024-02-15 10:00:00,Hyderabad,17.385,78.4867
31.1,25,14.1,122,2024-02-15 11:00:00,Hyderabad,17.385,78.4867
29.8,28,13.0,114,2024-02-15 12:00:00,Hyderabad,17.385,78.4867
26.9,37,10.7,110,2024-02-15 13:00:00,Hyderabad,17.385,78.4867
25.5,42,12.1,107,2024-02-15 14:00:00,Hyderabad,17.385,78.4867
24.1,49,10.9,107,2024-02-15 15:00:00,Hyderabad,17.385,78.4867
22.9,56,9.9,109,2024-02-15 16:00:00,Hyderabad,17.385,78.4867
22.0,59,8.7,107,2024-02-15 17:00:00,Hyderabad,17.385,78.4867
21.0,62,6.9,118,2024-02-15 18:00:00,Hyderabad,17.385,78.4867
20.3,63,7.7,118,2024-02-15 19:00:00,Hyderabad,17.385,78.4867
19.8,62,7.8,124,2024-02-15 20:00:00,Hyderabad,17.385,78.4867
19.3,61,8.2,128,2024-02-15 21:00:00,Hyderabad,17.385,78.4867
18.9,59,8.4,133,2024-02-15 22:00:00,Hyderabad,17.385,78.4867
17.9,61,7.2,127,2024-02-15 23:00:00,Hyderabad,17.385,78.4867
16.6,65,7.5,125,2024-02-16 00:00:00,Hyderabad,17.385,78.4867
16.9,81,6.9,129,2024-02-16 01:00:00,Hyderabad,17.385,78.4867
18.4,74,8.1,122,2024-02-16 02:00:00,Hyderabad,17.385,78.4867
21.9,60,7.3,101,2024-02-16 03:00:00,Hyderabad,17.385,78.4867
25.4,43,9.8,114,2024-02-16 04:00:00,Hyderabad,17.385,78.4867
28.4,27,13.1,127,2024-02-16 05:00:00,Hyderabad,17.385,78.4867
30.4,19,14.8,131,2024-02-16 06:00:00,Hyderabad,17.385,78.4867
31.5,16,16.4,130,2024-02-16 07:00:00,Hyderabad,17.385,78.4867
31.9,16,16.7,127,2024-02-16 08:00:00,Hyderabad,17.385,78.4867
32.0,18,16.3,125,2024-02-16 09:00:00,Hyderabad,17.385,78.4867
31.6,19,15.5,121,2024-02-16 10:00:00,Hyderabad,17.385,78.4867
30.9,21,14.8,116,2024-02-16 11:00:00,Hyderabad,17.385,78.4867
29.2,26,12.9,108,2024-02-16 12:00:00,Hyderabad,17.385,78.4867
25.5,30,8.3,95,2024-02-16 13:00:00,Hyderabad,17.385,78.4867
24.0,36,8.3,88,2024-02-16 14:00:00,Hyderabad,17.385,78.4867
22.5,42,7.1,66,2024-02-16 15:00:00,Hyderabad,17.385,78.4867
21.8,44,7.8,56,2024-02-16 16:00:00,Hyderabad,17.385,78.4867
20.5,49,9.8,62,2024-02-16 17:00:00,Hyderabad,17.385,78.4867
21.0,48,9.8,96,2024-02-16 18:00:00,Hyderabad,17.385,78.4867
19.0,56,9.8,156,2024-02-16 19:00:00,Hyderabad,17.385,78.4867
18.7,56,8.2,165,2024-02-16 20:00:00,Hyderabad,17.385,78.4867
18.2,55,9.1,162,2024-02-16 21:00:00,Hyderabad,17.385,78.4867
17.2,58,11.4,167,2024-02-16 22:00:00,Hyderabad,17.385,78.4867
17.4,56,10.8,176,2024-02-16 23:00:00,Hyderabad,17.385,78.4867
18.6,50,8.8,192,2024-02-17 00:00:00,Hyderabad,17.385,78.4867
17.5,65,9.7,195,2024-02-17 01:00:00,Hyderabad,17.385,78.4867
19.2,63,4.9,197,2024-02-17 02:00:00,Hyderabad,17.385,78.4867
22.9,48,2.5,135,2024-02-17 03:00:00,Hyderabad,17.385,78.4867
26.5,35,3.9,124,2024-02-17 04:00:00,Hyderabad,17.385,78.4867
29.5,21,6.9,137,2024-02-17 05:00:00,Hyderabad,17.385,78.4867
31.4,16,7.0,125,2024-02-17 06:00:00,Hyderabad,17.385,78.4867
32.3,15,8.0,117,2024-02-17 07:00:00,Hyderabad,17.385,78.4867
32.8,14,7.2,117,2024-02-17 08:00:00,Hyderabad,17.385,78.4867
33.0,13,6.5,109,2024-02-17 09:00:00,Hyderabad,17.385,78.4867
32.8,13,6.7,106,2024-02-17 10:00:00,Hyderabad,17.385,78.4867
32.1,14,8.9,104,2024-02-17 11:00:00,Hyderabad,17.385,78.4867
30.5,18,12.6,114,2024-02-17 12:00:00,Hyderabad,17.385,78.4867
27.2,18,14.6,106,2024-02-17 13:00:00,Hyderabad,17.385,78.4867
25.6,24,12.3,105,2024-02-17 14:00:00,Hyderabad,17.385,78.4867
24.1,30,10.4,104,2024-02-17 15:00:00,Hyderabad,17.385,78.4867
22.7,35,9.1,97,2024-02-17 16:00:00,Hyderabad,17.385,78.4867
21.4,39,8.2,113,2024-02-17 17:00:00,Hyderabad,17.385,78.4867
20.8,40,8.2,139,2024-02-17 18:00:00,Hyderabad,17.385,78.4867
19.6,43,10.2,138,2024-02-17 19:00:00,Hyderabad,17.385,78.4867
21.3,40,8.0,126,2024-02-17 20:00:00,Hyderabad,17.385,78.4867
19.6,48,9.5,155,2024-02-17 21:00:00,Hyderabad,17.385,78.4867
18.1,55,10.4,182,2024-02-17 22:00:00,Hyderabad,17.385,78.4867
18.4,52,8.3,185,2024-02-17 23:00:00,Hyderabad,17.385,78.4867
17.7,51,9.8,186,2024-02-18 00:00:00,Hyderabad,17.385,78.4867
17.8,68,10.4,194,2024-02-18 01:00:00,Hyderabad,17.385,78.4867
20.6,57,8.1,201,2024-02-18 02:00:00,Hyderabad,17.385,78.4867
25.0,43,8.4,205,2024-02-18 03:00:00,Hyderabad,17.385,78.4867
29.3,27,10.0,193,2024-02-18 04:00:00,Hyderabad,17.385,78.4867
31.7,16,9.1,173,2024-02-18 05:00:00,Hyderabad,17.385,78.4867
32.6,15,4.8,153,2024-02-18 06:00:00,Hyderabad,17.385,78.4867
33.1,15,3.1,135,2024-02-18 07:00:00,Hyderabad,17.385,78.4867
33.5,15,2.3,129,2024-02-18 08:00:00,Hyderabad,17.385,78.4867
33.5,15,1.6,153,2024-02-18 09:00:00,Hyderabad,17.385,78.4867
33.3,15,1.8,191,2024-02-18 10:00:00,Hyderabad,17.385,78.4867
32.8,16,1.1,162,2024-02-18 11:00:00,Hyderabad,17.385,78.4867
31.0,28,3.6,84,2024-02-18 12:00:00,Hyderabad,17.385,78.4867
27.9,19,19.1,89,2024-02-18 13:00:00,Hyderabad,17.385,78.4867
26.5,22,19.5,94,2024-02-18 14:00:00,Hyderabad,17.385,78.4867
25.4,25,14.3,108,2024-02-18 15:00:00,Hyderabad,17.385,78.4867
24.2,28,12.3,105,2024-02-18 16:00:00,Hyderabad,17.385,78.4867
23.2,31,11.4,118,2024-02-18 17:00:00,Hyderabad,17.385,78.4867
22.4,35,8.5,118,2024-02-18 18:00:00,Hyderabad,17.385,78.4867
20.8,46,7.7,118,2024-02-18 19:00:00,Hyderabad,17.385,78.4867
19.9,53,8.4,155,2024-02-18 20:00:00,Hyderabad,17.385,78.4867
19.6,54,7.5,145,2024-02-18 21:00:00,Hyderabad,17.385,78.4867
18.8,57,8.2,131,2024-02-18 22:00:00,Hyderabad,17.385,78.4867
18.5,58,9.0,143,2024-02-18 23:00:00,Hyderabad,17.385,78.4867
18.5,57,8.9,159,2024-02-19 00:00:00,Hyderabad,17.385,78.4867
21.0,61,7.3,169,2024-02-19 01:00:00,Hyderabad,17.385,78.4867
20.6,68,4.1,218,2024-02-19 02:00:00,Hyderabad,17.385,78.4867
24.6,46,6.6,167,2024-02-19 03:00:00,Hyderabad,17.385,78.4867
28.9,29,9.7,149,2024-02-19 04:00:00,Hyderabad,17.385,78.4867
31.6,19,14.1,148,2024-02-19 05:00:00,Hyderabad,17.385,78.4867
32.7,18,12.6,160,2024-02-19 06:00:00,Hyderabad,17.385,78.4867
33.2,18,10.6,170,2024-02-19 07:00:00,Hyderabad,17.385,78.4867
33.5,18,9.4,180,2024-02-19 08:00:00,Hyderabad,17.385,78.4867
33.5,18,6.6,189,2024-02-19 09:00:00,Hyderabad,17.385,78.4867
33.5,18,3.1,201,2024-02-19 10:00:00,Hyderabad,17.385,78.4867
33.2,18,2.7,23,2024-02-19 11:00:00,Hyderabad,17.385,78.4867
31.7,23,4.0,10,2024-02-19 12:00:00,Hyderabad,17.385,78.4867
28.5,29,16.2,94,2024-02-19 13:00:00,Hyderabad,17.385,78.4867
27.0,35,15.5,90,2024-02-19 14:00:00,Hyderabad,17.385,78.4867
25.6,38,11.0,101,2024-02-19 15:00:00,Hyderabad,17.385,78.4867
24.6,40,10.2,108,2024-02-19 16:00:00,Hyderabad,17.385,78.4867
24.1,40,11.2,123,2024-02-19 17:00:00,Hyderabad,17.385,78.4867
23.5,40,9.3,126,2024-02-19 18:00:00,Hyderabad,17.385,78.4867
22.6,41,9.0,113,2024-02-19 19:00:00,Hyderabad,17.385,78.4867
22.0,42,9.0,119,2024-02-19 20:00:00,Hyderabad,17.385,78.4867
21.6,44,10.4,134,2024-02-19 21:00:00,Hyderabad,17.385,78.4867
21.1,49,9.8,144,2024-02-19 22:00:00,Hyderabad,17.385,78.4867
20.4,56,8.4,160,2024-02-19 23:00:00,Hyderabad,17.385,78.4867
20.4,57,8.4,160,2024-02-20 00:00:00,Hyderabad,17.385,78.4867
19.7,65,10.6,198,2024-02-20 01:00:00,Hyderabad,17.385,78.4867
22.0,61,4.7,176,2024-02-20 02:00:00,Hyderabad,17.385,78.4867
25.6,44,10.0,255,2024-02-20 03:00:00,Hyderabad,17.385,78.4867
27.0,45,12.7,241,2024-02-20 04:00:00,Hyderabad,17.385,78.4867
29.4,40,12.0,226,2024-02-20 05:00:00,Hyderabad,17.385,78.4867
31.4,32,9.7,219,2024-02-20 06:00:00,Hyderabad,17.385,78.4867
32.5,27,7.5,235,2024-02-20 07:00:00,Hyderabad,17.385,78.4867
33.3,25,6.4,254,2024-02-20 08:00:00,Hyderabad,17.385,78.4867
33.2,24,5.5,247,2024-02-20 09:00:00,Hyderabad,17.385,78.4867
32.9,24,4.4,235,2024-02-20 10:00:00,Hyderabad,17.385,78.4867
32.7,24,5.6,243,2024-02-20 11:00:00,Hyderabad,17.385,78.4867
31.8,28,4.2,250,2024-02-20 12:00:00,Hyderabad,17.385,78.4867
28.9,36,5.9,101,2024-02-20 13:00:00,Hyderabad,17.385,78.4867
27.1,37,6.5,93,2024-02-20 14:00:00,Hyderabad,17.385,78.4867
27.7,30,7.6,121,2024-02-20 15:00:00,Hyderabad,17.385,78.4867
27.2,34,11.2,132,2024-02-20 16:00:00,Hyderabad,17.385,78.4867
25.5,41,12.1,143,2024-02-20 17:00:00,Hyderabad,17.385,78.4867
24.4,46,9.5,127,2024-02-20 18:00:00,Hyderabad,17.385,78.4867
24.2,47,11.4,162,2024-02-20 19:00:00,Hyderabad,17.385,78.4867
23.7,49,9.5,169,2024-02-20 20:00:00,Hyderabad,17.385,78.4867
22.8,49,8.7,173,2024-02-20 21:00:00,Hyderabad,17.385,78.4867
20.8,55,7.2,273,2024-02-20 22:00:00,Hyderabad,17.385,78.4867
20.1,62,7.9,286,2024-02-20 23:00:00,Hyderabad,17.385,78.4867
20.0,62,6.9,208,2024-02-21 00:00:00,Hyderabad,17.385,78.4867
19.9,69,8.3,236,2024-02-21 01:00:00,Hyderabad,17.385,78.4867
22.1,60,9.4,247,2024-02-21 02:00:00,Hyderabad,17.385,78.4867
25.6,47,15.5,288,2024-02-21 03:00:00,Hyderabad,17.385,78.4867
28.6,34,13.4,262,2024-02-21 04:00:00,Hyderabad,17.385,78.4867
30.5,31,14.9,255,2024-02-21 05:00:00,Hyderabad,17.385,78.4867
31.7,28,13.1,262,2024-02-21 06:00:00,Hyderabad,17.385,78.4867
32.7,25,10.4,270,2024-02-21 07:00:00,Hyderabad,17.385,78.4867
33.2,23,9.1,279,2024-02-21 08:00:00,Hyderabad,17.385,78.4867
33.3,23,8.9,291,2024-02-21 09:00:00,Hyderabad,17.385,78.4867
33.2,23,8.4,313,2024-02-21 10:00:00,Hyderabad,17.385,78.4867
33.1,23,7.1,336,2024-02-21 11:00:00,Hyderabad,17.385,78.4867
32.2,24,4.6,342,2024-02-21 12:00:00,Hyderabad,17.385,78.4867
29.4,26,12.2,346,2024-02-21 13:00:00,Hyderabad,17.385,78.4867
27.5,30,7.8,326,2024-02-21 14:00:00,Hyderabad,17.385,78.4867
25.7,35,7.7,281,2024-02-21 15:00:00,Hyderabad,17.385,78.4867
25.1,35,8.0,288,2024-02-21 16:00:00,Hyderabad,17.385,78.4867
23.8,39,8.0,275,2024-02-21 17:00:00,Hyderabad,17.385,78.4867
23.4,42,7.6,239,2024-02-21 18:00:00,Hyderabad,17.385,78.4867
21.1,49,7.4,51,2024-02-21 19:00:00,Hyderabad,17.385,78.4867
20.6,52,10.4,70,2024-02-21 20:00:00,Hyderabad,17.385,78.4867
23.1,43,1.4,270,2024-02-21 21:00:00,Hyderabad,17.385,78.4867
21.9,49,0.8,297,2024-02-21 22:00:00,Hyderabad,17.385,78.4867
21.0,53,1.8,349,2024-02-21 23:00:00,Hyderabad,17.385,78.4867
19.0,60,8.0,306,2024-02-22 00:00:00,Hyderabad,17.385,78.4867
19.5,59,12.8,310,2024-02-22 01:00:00,Hyderabad,17.385,78.4867
20.8,55,10.0,300,2024-02-22 02:00:00,Hyderabad,17.385,78.4867
23.8,46,6.9,317,2024-02-22 03:00:00,Hyderabad,17.385,78.4867
27.0,40,10.5,338,2024-02-22 04:00:00,Hyderabad,17.385,78.4867
29.5,34,12.8,350,2024-02-22 05:00:00,Hyderabad,17.385,78.4867
31.1,29,10.4,358,2024-02-22 06:00:00,Hyderabad,17.385,78.4867
32.3,25,6.4,344,2024-02-22 07:00:00,Hyderabad,17.385,78.4867
33.0,22,6.8,288,2024-02-22 08:00:00,Hyderabad,17.385,78.4867
33.0,23,10.8,274,2024-02-22 09:00:00,Hyderabad,17.385,78.4867
32.4,25,9.5,279,2024-02-22 10:00:00,Hyderabad,17.385,78.4867
32.0,25,6.2,324,2024-02-22 11:00:00,Hyderabad,17.385,78.4867
31.5,26,6.6,29,2024-02-22 12:00:00,Hyderabad,17.385,78.4867
28.1,29,6.2,36,2024-02-22 13:00:00,Hyderabad,17.385,78.4867
25.8,37,8.5,62,2024-02-22 14:00:00,Hyderabad,17.385,78.4867
25.6,35,7.9,93,2024-02-22 15:00:00,Hyderabad,17.385,78.4867
23.6,42,7.6,45,2024-02-22 16:00:00,Hyderabad,17.385,78.4867
23.5,43,7.8,77,2024-02-22 17:00:00,Hyderabad,17.385,78.4867
22.8,45,8.7,120,2024-02-22 18:00:00,Hyderabad,17.385,78.4867
22.0,48,7.8,112,2024-02-22 19:00:00,Hyderabad,17.385,78.4867
20.3,55,9.7,92,2024-02-22 20:00:00,Hyderabad,17.385,78.4867
19.9,58,8.7,85,2024-02-22 21:00:00,Hyderabad,17.385,78.4867
20.2,57,6.6,81,2024-02-22 22:00:00,Hyderabad,17.385,78.4867
19.5,62,6.4,74,2024-02-22 23:00:00,Hyderabad,17.385,78.4867
19.3,70,6.5,3,2024-02-23 00:00:00,Hyderabad,17.385,78.4867
20.0,68,8.8,325,2024-02-23 01:00:00,Hyderabad,17.385,78.4867
21.0,54,10.9,333,2024-02-23 02:00:00,Hyderabad,17.385,78.4867
23.6,43,9.8,336,2024-02-23 03:00:00,Hyderabad,17.385,78.4867
26.5,35,12.3,3,2024-02-23 04:00:00,Hyderabad,17.385,78.4867
28.7,30,14.2,21,2024-02-23 05:00:00,Hyderabad,17.385,78.4867
30.1,28,12.9,23,2024-02-23 06:00:00,Hyderabad,17.385,78.4867
31.3,26,10.6,24,2024-02-23 07:00:00,Hyderabad,17.385,78.4867
32.1,24,7.8,22,2024-02-23 08:00:00,Hyderabad,17.385,78.4867
32.5,23,5.1,8,2024-02-23 09:00:00,Hyderabad,17.385,78.4867
32.5,23,4.1,345,2024-02-23 10:00:00,Hyderabad,17.385,78.4867
32.2,23,4.7,328,2024-02-23 11:00:00,Hyderabad,17.385,78.4867
31.2,25,5.9,322,2024-02-23 12:00:00,Hyderabad,17.385,78.4867
28.6,31,10.4,316,2024-02-23 13:00:00,Hyderabad,17.385,78.4867
26.9,34,7.8,338,2024-02-23 14:00:00,Hyderabad,17.385,78.4867
25.1,39,6.5,84,2024-02-23 15:00:00,Hyderabad,17.385,78.4867
24.0,53,7.6,59,2024-02-23 16:00:00,Hyderabad,17.385,78.4867
23.1,57,7.4,14,2024-02-23 17:00:00,Hyderabad,17.385,78.4867
24.4,51,3.1,201,2024-02-23 18:00:00,Hyderabad,17.385,78.4867
23.5,55,0.8,297,2024-02-23 19:00:00,Hyderabad,17.385,78.4867
22.8,58,5.2,74,2024-02-23 20:00:00,Hyderabad,17.385,78.4867
21.2,71,7.2,117,2024-02-23 21:00:00,Hyderabad,17.385,78.4867
19.8,82,6.8,93,2024-02-23 22:00:00,Hyderabad,17.385,78.4867
20.0,84,7.3,99,2024-02-23 23:00:00,Hyderabad,17.385,78.4867
18.7,93,7.6,59,2024-02-24 00:00:00,Hyderabad,17.385,78.4867
21.8,99,7.5,125,2024-02-24 01:00:00,Hyderabad,17.385,78.4867
22.7,96,7.6,135,2024-02-24 02:00:00,Hyderabad,17.385,78.4867
24.1,85,4.4,125,2024-02-24 03:00:00,Hyderabad,17.385,78.4867
26.8,70,4.1,105,2024-02-24 04:00:00,Hyderabad,17.385,78.4867
29.2,57,6.4,133,2024-02-24 05:00:00,Hyderabad,17.385,78.4867
30.8,44,5.5,157,2024-02-24 06:00:00,Hyderabad,17.385,78.4867
32.0,38,4.1,225,2024-02-24 07:00:00,Hyderabad,17.385,78.4867
33.0,34,7.6,267,2024-02-24 08:00:00,Hyderabad,17.385,78.4867
33.6,32,9.7,274,2024-02-24 09:00:00,Hyderabad,17.385,78.4867
33.7,31,12.0,261,2024-02-24 10:00:00,Hyderabad,17.385,78.4867
33.3,28,13.0,242,2024-02-24 11:00:00,Hyderabad,17.385,78.4867
32.5,27,10.2,222,2024-02-24 12:00:00,Hyderabad,17.385,78.4867
30.2,37,6.6,77,2024-02-24 13:00:00,Hyderabad,17.385,78.4867
28.0,46,20.2,101,2024-02-24 14:00:00,Hyderabad,17.385,78.4867
28.0,46,14.9,122,2024-02-24 15:00:00,Hyderabad,17.385,78.4867
27.2,54,20.7,130,2024-02-24 16:00:00,Hyderabad,17.385,78.4867
25.4,70,17.3,135,2024-02-24 17:00:00,Hyderabad,17.385,78.4867
24.4,79,13.8,133,2024-02-24 18:00:00,Hyderabad,17.385,78.4867
23.5,86,11.8,110,2024-02-24 19:00:00,Hyderabad,17.385,78.4867
22.8,91,12.4,100,2024-02-24 20:00:00,Hyderabad,17.385,78.4867
22.6,92,15.9,103,2024-02-24 21:00:00,Hyderabad,17.385,78.4867
22.3,93,14.9,105,2024-02-24 22:00:00,Hyderabad,17.385,78.4867
22.6,88,12.9,117,2024-02-24 23:00:00,Hyderabad,17.385,78.4867
22.8,86,13.9,127,2024-02-25 00:00:00,Hyderabad,17.385,78.4867
23.0,88,6.5,183,2024-02-25 01:00:00,Hyderabad,17.385,78.4867
23.3,86,4.3,204,2024-02-25 02:00:00,Hyderabad,17.385,78.4867
24.6,78,7.2,207,2024-02-25 03:00:00,Hyderabad,17.385,78.4867
26.1,70,7.4,194,2024-02-25 04:00:00,Hyderabad,17.385,78.4867
26.9,66,10.2,170,2024-02-25 05:00:00,Hyderabad,17.385,78.4867
29.1,56,9.7,165,2024-02-25 06:00:00,Hyderabad,17.385,78.4867
30.4,50,9.7,165,2024-02-25 07:00:00,Hyderabad,17.385,78.4867
30.9,47,9.8,156,2024-02-25 08:00:00,Hyderabad,17.385,78.4867
31.6,44,10.0,150,2024-02-25 09:00:00,Hyderabad,17.385,78.4867
32.0,41,12.4,150,2024-02-25 10:00:00,Hyderabad,17.385,78.4867
31.9,40,10.7,135,2024-02-25 11:00:00,Hyderabad,17.385,78.4867
30.8,42,11.6,126,2024-02-25 12:00:00,Hyderabad,17.385,78.4867
27.2,55,14.5,125,2024-02-25 13:00:00,Hyderabad,17.385,78.4867
26.5,58,13.7,113,2024-02-25 14:00:00,Hyderabad,17.385,78.4867
25.9,62,11.6,116,2024-02-25 15:00:00,Hyderabad,17.385,78.4867
25.4,64,10.5,106,2024-02-25 16:00:00,Hyderabad,17.385,78.4867
25.0,62,12.1,113,2024-02-25 17:00:00,Hyderabad,17.385,78.4867
24.3,63,14.1,109,2024-02-25 18:00:00,Hyderabad,17.385,78.4867
23.4,68,14.5,117,2024-02-25 19:00:00,Hyderabad,17.385,78.4867
22.5,74,14.3,118,2024-02-25 20:00:00,Hyderabad,17.385,78.4867
21.8,78,14.8,116,2024-02-25 21:00:00,Hyderabad,17.385,78.4867
21.1,85,15.3,114,2024-02-25 22:00:00,Hyderabad,17.385,78.4867
20.7,90,14.8,116,2024-02-25 23:00:00,Hyderabad,17.385,78.4867
21.1,92,17.7,123,2024-02-26 00:00:00,Hyderabad,17.385,78.4867
22.0,93,16.1,129,2024-02-26 01:00:00,Hyderabad,17.385,78.4867
22.6,89,19.6,133,2024-02-26 02:00:00,Hyderabad,17.385,78.4867
24.2,79,18.3,133,2024-02-26 03:00:00,Hyderabad,17.385,78.4867
26.4,65,18.6,131,2024-02-26 04:00:00,Hyderabad,17.385,78.4867
28.5,54,19.6,133,2024-02-26 05:00:00,Hyderabad,17.385,78.4867
30.2,45,19.9,135,2024-02-26 06:00:00,Hyderabad,17.385,78.4867
31.1,40,19.1,133,2024-02-26 07:00:00,Hyderabad,17.385,78.4867
32.0,36,17.8,133,2024-02-26 08:00:00,Hyderabad,17.385,78.4867
32.3,33,17.6,134,2024-02-26 09:00:00,Hyderabad,17.385,78.4867
32.3,33,18.1,133,2024-02-26 10:00:00,Hyderabad,17.385,78.4867
31.7,33,17.9,128,2024-02-26 11:00:00,Hyderabad,17.385,78.4867
30.7,36,16.4,128,2024-02-26 12:00:00,Hyderabad,17.385,78.4867
27.7,46,10.6,114,2024-02-26 13:00:00,Hyderabad,17.385,78.4867
26.4,51,9.0,113,2024-02-26 14:00:00,Hyderabad,17.385,78.4867
25.4,55,9.0,119,2024-02-26 15:00:00,Hyderabad,17.385,78.4867
24.6,59,9.0,113,2024-02-26 16:00:00,Hyderabad,17.385,78.4867
24.0,61,10.2,132,2024-02-26 17:00:00,Hyderabad,17.385,78.4867
23.5,67,10.5,149,2024-02-26 18:00:00,Hyderabad,17.385,78.4867
22.7,73,11.2,140,2024-02-26 19:00:00,Hyderabad,17.385,78.4867
21.9,79,11.5,134,2024-02-26 20:00:00,Hyderabad,17.385,78.4867
21.0,86,10.6,125,2024-02-26 21:00:00,Hyderabad,17.385,78.4867
20.2,91,11.4,125,2024-02-26 22:00:00,Hyderabad,17.385,78.4867
19.5,96,11.6,126,2024-02-26 23:00:00,Hyderabad,17.385,78.4867
19.6,98,12.3,130,2024-02-27 00:00:00,Hyderabad,17.385,78.4867
20.6,96,11.0,131,2024-02-27 01:00:00,Hyderabad,17.385,78.4867
21.4,91,14.3,139,2024-02-27 02:00:00,Hyderabad,17.385,78.4867
23.5,77,13.0,134,2024-02-27 03:00:00,Hyderabad,17.385,78.4867
26.1,60,13.8,141,2024-02-27 04:00:00,Hyderabad,17.385,78.4867
28.7,42,14.5,153,2024-02-27 05:00:00,Hyderabad,17.385,78.4867
30.6,33,14.6,160,2024-02-27 06:00:00,Hyderabad,17.385,78.4867
32.0,28,12.3,159,2024-02-27 07:00:00,Hyderabad,17.385,78.4867
32.9,26,10.1,153,2024-02-27 08:00:00,Hyderabad,17.385,78.4867
33.3,24,8.9,153,2024-02-27 09:00:00,Hyderabad,17.385,78.4867
33.2,24,6.9,152,2024-02-27 10:00:00,Hyderabad,17.385,78.4867
32.8,25,6.6,151,2024-02-27 11:00:00,Hyderabad,17.385,78.4867
31.8,27,6.8,122,2024-02-27 12:00:00,Hyderabad,17.385,78.4867
28.5,37,11.7,101,2024-02-27 13:00:00,Hyderabad,17.385,78.4867
27.3,41,12.5,108,2024-02-27 14:00:00,Hyderabad,17.385,78.4867
26.0,44,11.8,110,2024-02-27 15:00:00,Hyderabad,17.385,78.4867
25.1,47,10.3,115,2024-02-27 16:00:00,Hyderabad,17.385,78.4867
23.8,53,7.4,104,2024-02-27 17:00:00,Hyderabad,17.385,78.4867
23.5,55,8.8,109,2024-02-27 18:00:00,Hyderabad,17.385,78.4867
22.8,58,8.3,124,2024-02-27 19:00:00,Hyderabad,17.385,78.4867
22.5,60,8.7,114,2024-02-27 20:00:00,Hyderabad,17.385,78.4867
21.6,67,7.0,111,2024-02-27 21:00:00,Hyderabad,17.385,78.4867
20.9,75,6.0,115,2024-02-27 22:00:00,Hyderabad,17.385,78.4867
20.4,80,6.2,111,2024-02-27 23:00:00,Hyderabad,17.385,78.4867
21.1,77,5.6,140,2024-02-28 00:00:00,Hyderabad,17.385,78.4867
20.2,82,5.1,141,2024-02-28 01:00:00,Hyderabad,17.385,78.4867
21.5,78,5.4,94,2024-02-28 02:00:00,Hyderabad,17.385,78.4867
23.9,69,6.0,107,2024-02-28 03:00:00,Hyderabad,17.385,78.4867
26.5,58,7.0,111,2024-02-28 04:00:00,Hyderabad,17.385,78.4867
28.8,49,8.8,109,2024-02-28 05:00:00,Hyderabad,17.385,78.4867
30.5,41,9.1,97,2024-02-28 06:00:00,Hyderabad,17.385,78.4867
31.5,34,9.4,94,2024-02-28 07:00:00,Hyderabad,17.385,78.4867
32.4,28,10.1,94,2024-02-28 08:00:00,Hyderabad,17.385,78.4867
32.9,24,10.9,98,2024-02-28 09:00:00,Hyderabad,17.385,78.4867
32.8,23,12.1,102,2024-02-28 10:00:00,Hyderabad,17.385,78.4867
32.0,25,12.8,106,2024-02-28 11:00:00,Hyderabad,17.385,78.4867
30.9,29,12.2,109,2024-02-28 12:00:00,Hyderabad,17.385,78.4867
26.8,25,7.6,93,2024-02-28 13:00:00,Hyderabad,17.385,78.4867
25.9,24,8.0,95,2024-02-28 14:00:00,Hyderabad,17.385,78.4867
24.0,28,7.3,101,2024-02-28 15:00:00,Hyderabad,17.385,78.4867
22.9,34,7.2,87,2024-02-28 16:00:00,Hyderabad,17.385,78.4867
21.8,43,7.2,87,2024-02-28 17:00:00,Hyderabad,17.385,78.4867
21.1,50,7.1,114,2024-02-28 18:00:00,Hyderabad,17.385,78.4867
20.5,58,9.7,112,2024-02-28 19:00:00,Hyderabad,17.385,78.4867
20.5,60,9.1,124,2024-02-28 20:00:00,Hyderabad,17.385,78.4867
20.1,62,8.7,135,2024-02-28 21:00:00,Hyderabad,17.385,78.4867
19.6,67,10.1,153,2024-02-28 22:00:00,Hyderabad,17.385,78.4867
19.8,68,9.8,156,2024-02-28 23:00:00,Hyderabad,17.385,78.4867
20.0,66,9.0,143,2024-02-29 00:00:00,Hyderabad,17.385,78.4867
21.5,68,6.9,152,2024-02-29 01:00:00,Hyderabad,17.385,78.4867
22.8,64,4.2,110,2024-02-29 02:00:00,Hyderabad,17.385,78.4867
25.5,51,3.1,111,2024-02-29 03:00:00,Hyderabad,17.385,78.4867
28.6,36,4.9,144,2024-02-29 04:00:00,Hyderabad,17.385,78.4867
31.0,28,7.4,137,2024-02-29 05:00:00,Hyderabad,17.385,78.4867
32.4,27,8.6,112,2024-02-29 06:00:00,Hyderabad,17.385,78.4867
33.3,27,10.7,102,2024-02-29 07:00:00,Hyderabad,17.385,78.4867
33.7,26,13.3,93,2024-02-29 08:00:00,Hyderabad,17.385,78.4867
33.3,27,13.3,90,2024-02-29 09:00:00,Hyderabad,17.385,78.4867
32.5,29,7.7,101,2024-02-29 10:00:00,Hyderabad,17.385,78.4867
32.2,29,9.2,101,2024-02-29 11:00:00,Hyderabad,17.385,78.4867
31.0,31,12.4,100,2024-02-29 12:00:00,Hyderabad,17.385,78.4867
28.3,31,13.4,84,2024-02-29 13:00:00,Hyderabad,17.385,78.4867
26.8,34,10.5,84,2024-02-29 14:00:00,Hyderabad,17.385,78.4867
25.4,39,8.3,90,2024-02-29 15:00:00,Hyderabad,17.385,78.4867
24.0,44,6.7,126,2024-02-29 16:00:00,Hyderabad,17.385,78.4867
22.4,52,8.9,130,2024-02-29 17:00:00,Hyderabad,17.385,78.4867
22.0,54,7.4,113,2024-02-29 18:00:00,Hyderabad,17.385,78.4867
22.0,54,7.2,93,2024-02-29 19:00:00,Hyderabad,17.385,78.4867
22.2,54,8.5,126,2024-02-29 20:00:00,Hyderabad,17.385,78.4867
21.5,58,6.9,141,2024-02-29 21:00:00,Hyderabad,17.385,78.4867
20.2,65,9.6,160,2024-02-29 22:00:00,Hyderabad,17.385,78.4867
20.4,65,9.5,169,2024-02-29 23:00:00,Hyderabad,17.385,78.4867
22.0,93,5.9,14,2023-11-01 00:00:00,Kolkata,22.5726,88.3639
24.1,86,6.8,3,2023-11-01 01:00:00,Kolkata,22.5726,88.3639
26.2,80,4.3,5,2023-11-01 02:00:00,Kolkata,22.5726,88.3639
28.7,69,5.8,22,2023-11-01 03:00:00,Kolkata,22.5726,88.3639
30.3,61,5.6,27,2023-11-01 04:00:00,Kolkata,22.5726,88.3639
31.1,56,4.7,23,2023-11-01 05:00:00,Kolkata,22.5726,88.3639
31.5,53,4.1,15,2023-11-01 06:00:00,Kolkata,22.5726,88.3639
31.9,52,3.2,360,2023-11-01 07:00:00,Kolkata,22.5726,88.3639
32.0,52,2.6,344,2023-11-01 08:00:00,Kolkata,22.5726,88.3639
32.0,52,1.8,360,2023-11-01 09:00:00,Kolkata,22.5726,88.3639
31.6,53,3.0,346,2023-11-01 10:00:00,Kolkata,22.5726,88.3639
30.2,70,2.3,321,2023-11-01 11:00:00,Kolkata,22.5726,88.3639
28.3,74,5.4,323,2023-11-01 12:00:00,Kolkata,22.5726,88.3639
29.3,66,2.9,330,2023-11-01 13:00:00,Kolkata,22.5726,88.3639
27.2,78,5.1,321,2023-11-01 14:00:00,Kolkata,22.5726,88.3639
26.2,81,6.2,324,2023-11-01 15:00:00,Kolkata,22.5726,88.3639
25.6,84,7.5,325,2023-11-01 16:00:00,Kolkata,22.5726,88.3639
26.1,81,5.5,328,2023-11-01 17:00:00,Kolkata,22.5726,88.3639
25.0,86,6.3,336,2023-11-01 18:00:00,Kolkata,22.5726,88.3639
25.0,86,6.0,343,2023-11-01 19:00:00,Kolkata,22.5726,88.3639
25.6,81,4.5,14,2023-11-01 20:00:00,Kolkata,22.5726,88.3639
24.3,90,4.5,61,2023-11-01 21:00:00,Kolkata,22.5726,88.3639
23.5,95,5.6,63,2023-11-01 22:00:00,Kolkata,22.5726,88.3639
23.4,95,5.9,52,2023-11-01 23:00:00,Kolkata,22.5726,88.3639
23.5,94,5.9,52,2023-11-02 00:00:00,Kolkata,22.5726,88.3639
24.8,89,5.2,34,2023-11-02 01:00:00,Kolkata,22.5726,88.3639
26.5,82,1.8,11,2023-11-02 02:00:00,Kolkata,22.5726,88.3639
28.4,73,3.1,21,2023-11-02 03:00:00,Kolkata,22.5726,88.3639
30.0,65,4.2,31,2023-11-02 04:00:00,Kolkata,22.5726,88.3639
31.0,60,4.4,9,2023-11-02 05:00:00,Kolkata,22.5726,88.3639
31.6,58,4.7,351,2023-11-02 06:00:00,Kolkata,22.5726,88.3639
31.9,57,5.8,338,2023-11-02 07:00:00,Kolkata,22.5726,88.3639
31.9,56,5.3,332,2023-11-02 08:00:00,Kolkata,22.5726,88.3639
31.8,56,4.8,318,2023-11-02 09:00:00,Kolkata,22.5726,88.3639
31.3,56,5.8,330,2023-11-02 10:00:00,Kolkata,22.5726,88.3639
29.9,74,3.3,311,2023-11-02 11:00:00,Kolkata,22.5726,88.3639
28.3,74,5.1,262,2023-11-02 12:00:00,Kolkata,22.5726,88.3639
27.1,80,4.3,185,2023-11-02 13:00:00,Kolkata,22.5726,88.3639
26.3,84,5.7,198,2023-11-02 14:00:00,Kolkata,22.5726,88.3639
25.7,87,6.8,162,2023-11-02 15:00:00,Kolkata,22.5726,88.3639
25.4,87,6.3,167,2023-11-02 16:00:00,Kolkata,22.5726,88.3639
25.0,88,6.8,212,2023-11-02 17:00:00,Kolkata,22.5726,88.3639
24.6,91,7.2,217,2023-11-02 18:00:00,Kolkata,22.5726,88.3639
24.1,93,7.1,210,2023-11-02 19:00:00,Kolkata,22.5726,88.3639
24.0,92,6.8,212,2023-11-02 20:00:00,Kolkata,22.5726,88.3639
24.3,89,5.8,202,2023-11-02 21:00:00,Kolkata,22.5726,88.3639
24.0,91,6.0,197,2023-11-02 22:00:00,Kolkata,22.5726,88.3639
23.6,92,5.6,195,2023-11-02 23:00:00,Kolkata,22.5726,88.3639
23.9,91,4.7,184,2023-11-03 00:00:00,Kolkata,22.5726,88.3639
24.3,87,9.7,15,2023-11-03 01:00:00,Kolkata,22.5726,88.3639
25.9,82,4.1,75,2023-11-03 02:00:00,Kolkata,22.5726,88.3639
27.5,75,7.4,346,2023-11-03 03:00:00,Kolkata,22.5726,88.3639
26.9,76,5.4,356,2023-11-03 04:00:00,Kolkata,22.5726,88.3639
27.9,73,2.9,83,2023-11-03 05:00:00,Kolkata,22.5726,88.3639
29.6,68,3.7,29,2023-11-03 06:00:00,Kolkata,22.5726,88.3639
30.2,65,5.4,352,2023-11-03 07:00:00,Kolkata,22.5726,88.3639
30.0,64,8.4,320,2023-11-03 08:00:00,Kolkata,22.5726,88.3639
29.9,61,8.9,328,2023-11-03 09:00:00,Kolkata,22.5726,88.3639
29.3,63,8.7,355,2023-11-03 10:00:00,Kolkata,22.5726,88.3639
28.3,71,3.6,354,2023-11-03 11:00:00,Kolkata,22.5726,88.3639
27.9,70,3.5,24,2023-11-03 12:00:00,Kolkata,22.5726,88.3639
27.1,69,5.3,28,2023-11-03 13:00:00,Kolkata,22.5726,88.3639
26.2,76,6.8,65,2023-11-03 14:00:00,Kolkata,22.5726,88.3639
25.5,82,7.0,69,2023-11-03 15:00:00,Kolkata,22.5726,88.3639
26.0,78,4.5,119,2023-11-03 16:00:00,Kolkata,22.5726,88.3639
25.5,82,6.0,115,2023-11-03 17:00:00,Kolkata,22.5726,88.3639
26.0,79,1.8,11,2023-11-03 18:00:00,Kolkata,22.5726,88.3639
23.8,91,4.7,356,2023-11-03 19:00:00,Kolkata,22.5726,88.3639
23.5,91,4.5,14,2023-11-03 20:00:00,Kolkata,22.5726,88.3639
23.0,93,5.3,28,2023-11-03 21:00:00,Kolkata,22.5726,88.3639
22.6,94,6.0,33,2023-11-03 22:00:00,Kolkata,22.5726,88.3639
22.4,95,5.2,12,2023-11-03 23:00:00,Kolkata,22.5726,88.3639
22.5,94,5.8,353,2023-11-04 00:00:00,Kolkata,22.5726,88.3639
24.1,90,10.9,354,2023-11-04 01:00:00,Kolkata,22.5726,88.3639
25.5,81,10.2,10,2023-11-04 02:00:00,Kolkata,22.5726,88.3639
24.8,77,12.1,37,2023-11-04 03:00:00,Kolkata,22.5726,88.3639
26.7,72,5.1,4,2023-11-04 04:00:00,Kolkata,22.5726,88.3639
28.5,66,5.2,335,2023-11-04 05:00:00,Kolkata,22.5726,88.3639
29.6,64,2.3,342,2023-11-04 06:00:00,Kolkata,22.5726,88.3639
30.4,62,4.0,350,2023-11-04 07:00:00,Kolkata,22.5726,88.3639
30.6,61,4.2,340,2023-11-04 08:00:00,Kolkata,22.5726,88.3639
29.7,64,4.3,360,2023-11-04 09:00:00,Kolkata,22.5726,88.3639
26.5,75,9.8,332,2023-11-04 10:00:00,Kolkata,22.5726,88.3639
25.8,75,2.1,301,2023-11-04 11:00:00,Kolkata,22.5726,88.3639
25.2,82,8.2,203,2023-11-04 12:00:00,Kolkata,22.5726,88.3639
24.2,91,6.3,121,2023-11-04 13:00:00,Kolkata,22.5726,88.3639
24.0,94,3.6,143,2023-11-04 14:00:00,Kolkata,22.5726,88.3639
24.2,93,2.9,83,2023-11-04 15:00:00,Kolkata,22.5726,88.3639
23.4,96,4.0,63,2023-11-04 16:00:00,Kolkata,22.5726,88.3639
24.2,91,2.4,207,2023-11-04 17:00:00,Kolkata,22.5726,88.3639
22.9,97,4.6,252,2023-11-04 18:00:00,Kolkata,22.5726,88.3639
22.6,98,5.2,254,2023-11-04 19:00:00,Kolkata,22.5726,88.3639
22.5,97,4.6,321,2023-11-04 20:00:00,Kolkata,22.5726,88.3639
22.7,96,4.8,297,2023-11-04 21:00:00,Kolkata,22.5726,88.3639
22.9,92,1.6,243,2023-11-04 22:00:00,Kolkata,22.5726,88.3639
22.0,97,4.5,346,2023-11-04 23:00:00,Kolkata,22.5726,88.3639
23.0,92,3.1,339,2023-11-05 00:00:00,Kolkata,22.5726,88.3639
23.5,91,8.0,8,2023-11-05 01:00:00,Kolkata,22.5726,88.3639
24.9,87,6.6,41,2023-11-05 02:00:00,Kolkata,22.5726,88.3639
25.2,84,6.9,223,2023-11-05 03:00:00,Kolkata,22.5726,88.3639
24.1,85,7.1,139,2023-11-05 04:00:00,Kolkata,22.5726,88.3639
26.9,76,2.3,342,2023-11-05 05:00:00,Kolkata,22.5726,88.3639
28.5,67,3.8,49,2023-11-05 06:00:00,Kolkata,22.5726,88.3639
29.5,64,3.7,11,2023-11-05 07:00:00,Kolkata,22.5726,88.3639
29.7,61,4.8,42,2023-11-05 08:00:00,Kolkata,22.5726,88.3639
30.0,58,2.8,40,2023-11-05 09:00:00,Kolkata,22.5726,88.3639
29.8,57,2.9,60,2023-11-05 10:00:00,Kolkata,22.5726,88.3639
28.5,73,3.1,21,2023-11-05 11:00:00,Kolkata,22.5726,88.3639
27.0,72,4.7,356,2023-11-05 12:00:00,Kolkata,22.5726,88.3639
24.5,89,4.5,331,2023-11-05 13:00:00,Kolkata,22.5726,88.3639
23.8,95,2.4,207,2023-11-05 14:00:00,Kolkata,22.5726,88.3639
24.4,91,1.1,108,2023-11-05 15:00:00,Kolkata,22.5726,88.3639
23.9,92,3.7,349,2023-11-05 16:00:00,Kolkata,22.5726,88.3639
23.5,94,4.5,331,2023-11-05 17:00:00,Kolkata,22.5726,88.3639
23.2,94,5.1,352,2023-11-05 18:00:00,Kolkata,22.5726,88.3639
23.0,95,5.9,11,2023-11-05 19:00:00,Kolkata,22.5726,88.3639
22.4,97,6.7,16,2023-11-05 20:00:00,Kolkata,22.5726,88.3639
22.0,98,6.6,13,2023-11-05 21:00:00,Kolkata,22.5726,88.3639
22.0,97,5.1,8,2023-11-05 22:00:00,Kolkata,22.5726,88.3639
21.9,97,5.4,4,2023-11-05 23:00:00,Kolkata,22.5726,88.3639
21.5,97,5.1,4,2023-11-06 00:00:00,Kolkata,22.5726,88.3639
23.8,89,6.9,39,2023-11-06 01:00:00,Kolkata,22.5726,88.3639
25.1,83,5.4,48,2023-11-06 02:00:00,Kolkata,22.5726,88.3639
27.0,72,5.6,40,2023-11-06 03:00:00,Kolkata,22.5726,88.3639
29.0,56,7.3,33,2023-11-06 04:00:00,Kolkata,22.5726,88.3639
30.4,44,10.2,8,2023-11-06 05:00:00,Kolkata,22.5726,88.3639
31.0,39,12.7,353,2023-11-06 06:00:00,Kolkata,22.5726,88.3639
31.2,37,12.8,349,2023-11-06 07:00:00,Kolkata,22.5726,88.3639
31.1,36,12.9,342,2023-11-06 08:00:00,Kolkata,22.5726,88.3639
30.8,35,12.6,340,2023-11-06 09:00:00,Kolkata,22.5726,88.3639
29.9,40,10.0,339,2023-11-06 10:00:00,Kolkata,22.5726,88.3639
27.1,57,6.0,343,2023-11-06 11:00:00,Kolkata,22.5726,88.3639
25.2,62,7.9,16,2023-11-06 12:00:00,Kolkata,22.5726,88.3639
23.9,72,7.9,30,2023-11-06 13:00:00,Kolkata,22.5726,88.3639
24.0,69,7.4,67,2023-11-06 14:00:00,Kolkata,22.5726,88.3639
23.6,70,5.0,330,2023-11-06 15:00:00,Kolkata,22.5726,88.3639
21.9,78,7.9,313,2023-11-06 16:00:00,Kolkata,22.5726,88.3639
21.5,77,8.0,10,2023-11-06 17:00:00,Kolkata,22.5726,88.3639
21.7,75,6.8,18,2023-11-06 18:00:00,Kolkata,22.5726,88.3639
20.8,80,9.3,36,2023-11-06 19:00:00,Kolkata,22.5726,88.3639
20.2,84,9.1,34,2023-11-06 20:00:00,Kolkata,22.5726,88.3639
20.0,85,8.2,41,2023-11-06 21:00:00,Kolkata,22.5726,88.3639
19.4,88,8.0,54,2023-11-06 22:00:00,Kolkata,22.5726,88.3639
19.2,89,8.4,43,2023-11-06 23:00:00,Kolkata,22.5726,88.3639
19.4,87,4.8,312,2023-11-07 00:00:00,Kolkata,22.5726,88.3639
21.4,82,5.6,320,2023-11-07 01:00:00,Kolkata,22.5726,88.3639
23.4,75,4.3,336,2023-11-07 02:00:00,Kolkata,22.5726,88.3639
25.7,67,4.4,351,2023-11-07 03:00:00,Kolkata,22.5726,88.3639
27.8,59,4.5,14,2023-11-07 04:00:00,Kolkata,22.5726,88.3639
29.0,51,4.3,5,2023-11-07 05:00:00,Kolkata,22.5726,88.3639
29.9,46,5.6,333,2023-11-07 06:00:00,Kolkata,22.5726,88.3639
30.4,43,8.0,324,2023-11-07 07:00:00,Kolkata,22.5726,88.3639
30.5,42,10.6,325,2023-11-07 08:00:00,Kolkata,22.5726,88.3639
30.0,41,11.4,325,2023-11-07 09:00:00,Kolkata,22.5726,88.3639
29.5,45,9.3,324,2023-11-07 10:00:00,Kolkata,22.5726,88.3639
27.2,64,5.4,318,2023-11-07 11:00:00,Kolkata,22.5726,88.3639
25.2,67,6.4,297,2023-11-07 12:00:00,Kolkata,22.5726,88.3639
24.4,73,6.8,245,2023-11-07 13:00:00,Kolkata,22.5726,88.3639
23.5,77,7.8,257,2023-11-07 14:00:00,Kolkata,22.5726,88.3639
25.1,66,5.4,312,2023-11-07 15:00:00,Kolkata,22.5726,88.3639
24.5,68,4.2,290,2023-11-07 16:00:00,Kolkata,22.5726,88.3639
21.5,83,7.2,276,2023-11-07 17:00:00,Kolkata,22.5726,88.3639
21.4,79,6.3,301,2023-11-07 18:00:00,Kolkata,22.5726,88.3639
21.2,75,6.6,319,2023-11-07 19:00:00,Kolkata,22.5726,88.3639
20.3,79,5.8,338,2023-11-07 20:00:00,Kolkata,22.5726,88.3639
19.7,85,6.0,327,2023-11-07 21:00:00,Kolkata,22.5726,88.3639
19.1,88,5.2,304,2023-11-07 22:00:00,Kolkata,22.5726,88.3639
19.0,90,5.4,312,2023-11-07 23:00:00,Kolkata,22.5726,88.3639
18.8,92,6.5,326,2023-11-08 00:00:00,Kolkata,22.5726,88.3639
20.8,88,3.4,342,2023-11-08 01:00:00,Kolkata,22.5726,88.3639
23.7,80,1.8,37,2023-11-08 02:00:00,Kolkata,22.5726,88.3639
26.4,70,1.5,45,2023-11-08 03:00:00,Kolkata,22.5726,88.3639
28.1,60,2.5,360,2023-11-08 04:00:00,Kolkata,22.5726,88.3639
29.3,50,5.4,340,2023-11-08 05:00:00,Kolkata,22.5726,88.3639
30.0,46,7.9,330,2023-11-08 06:00:00,Kolkata,22.5726,88.3639
30.2,43,9.1,326,2023-11-08 07:00:00,Kolkata,22.5726,88.3639
30.1,42,10.3,324,2023-11-08 08:00:00,Kolkata,22.5726,88.3639
29.9,42,10.8,323,2023-11-08 09:00:00,Kolkata,22.5726,88.3639
29.1,45,9.8,324,2023-11-08 10:00:00,Kolkata,22.5726,88.3639
26.8,60,5.2,326,2023-11-08 11:00:00,Kolkata,22.5726,88.3639
24.4,69,8.0,352,2023-11-08 12:00:00,Kolkata,22.5726,88.3639
23.8,67,8.3,2,2023-11-08 13:00:00,Kolkata,22.5726,88.3639
24.1,64,5.6,50,2023-11-08 14:00:00,Kolkata,22.5726,88.3639
24.3,65,5.1,86,2023-11-08 15:00:00,Kolkata,22.5726,88.3639
23.9,67,0.8,243,2023-11-08 16:00:00,Kolkata,22.5726,88.3639
20.5,83,6.0,287,2023-11-08 17:00:00,Kolkata,22.5726,88.3639
21.1,75,7.1,319,2023-11-08 18:00:00,Kolkata,22.5726,88.3639
23.4,62,1.1,90,2023-11-08 19:00:00,Kolkata,22.5726,88.3639
22.8,68,1.6,63,2023-11-08 20:00:00,Kolkata,22.5726,88.3639
21.9,74,3.3,347,2023-11-08 21:00:00,Kolkata,22.5726,88.3639
21.5,75,2.9,7,2023-11-08 22:00:00,Kolkata,22.5726,88.3639
21.5,75,0.4,270,2023-11-08 23:00:00,Kolkata,22.5726,88.3639
18.4,90,6.2,263,2023-11-09 00:00:00,Kolkata,22.5726,88.3639
21.5,87,3.3,319,2023-11-09 01:00:00,Kolkata,22.5726,88.3639
23.3,78,1.8,307,2023-11-09 02:00:00,Kolkata,22.5726,88.3639
25.6,68,2.1,301,2023-11-09 03:00:00,Kolkata,22.5726,88.3639
27.5,60,2.1,301,2023-11-09 04:00:00,Kolkata,22.5726,88.3639
29.0,53,3.9,326,2023-11-09 05:00:00,Kolkata,22.5726,88.3639
30.0,48,7.0,339,2023-11-09 06:00:00,Kolkata,22.5726,88.3639
30.5,44,8.2,345,2023-11-09 07:00:00,Kolkata,22.5726,88.3639
30.5,42,8.9,339,2023-11-09 08:00:00,Kolkata,22.5726,88.3639
30.3,43,9.0,337,2023-11-09 09:00:00,Kolkata,22.5726,88.3639
29.6,46,7.6,341,2023-11-09 10:00:00,Kolkata,22.5726,88.3639
27.1,68,6.4,344,2023-11-09 11:00:00,Kolkata,22.5726,88.3639
25.9,64,6.3,13,2023-11-09 12:00:00,Kolkata,22.5726,88.3639
24.9,68,5.8,83,2023-11-09 13:00:00,Kolkata,22.5726,88.3639
24.5,67,5.8,112,2023-11-09 14:00:00,Kolkata,22.5726,88.3639
25.5,61,5.0,120,2023-11-09 15:00:00,Kolkata,22.5726,88.3639
25.5,61,1.5,256,2023-11-09 16:00:00,Kolkata,22.5726,88.3639
22.0,81,5.2,286,2023-11-09 17:00:00,Kolkata,22.5726,88.3639
23.4,76,3.3,311,2023-11-09 18:00:00,Kolkata,22.5726,88.3639
22.5,80,3.9,326,2023-11-09 19:00:00,Kolkata,22.5726,88.3639
22.2,81,3.3,347,2023-11-09 20:00:00,Kolkata,22.5726,88.3639
22.2,80,2.8,40,2023-11-09 21:00:00,Kolkata,22.5726,88.3639
20.0,89,5.9,38,2023-11-09 22:00:00,Kolkata,22.5726,88.3639
18.8,94,8.4,25,2023-11-09 23:00:00,Kolkata,22.5726,88.3639
18.3,94,8.9,14,2023-11-10 00:00:00,Kolkata,22.5726,88.3639
21.0,88,5.8,4,2023-11-10 01:00:00,Kolkata,22.5726,88.3639
23.2,82,3.8,17,2023-11-10 02:00:00,Kolkata,22.5726,88.3639
25.8,73,3.9,22,2023-11-10 03:00:00,Kolkata,22.5726,88.3639
28.0,62,5.6,15,2023-11-10 04:00:00,Kolkata,22.5726,88.3639
29.4,51,9.0,2,2023-11-10 05:00:00,Kolkata,22.5726,88.3639
30.1,47,10.9,354,2023-11-10 06:00:00,Kolkata,22.5726,88.3639
30.5,44,12.0,351,2023-11-10 07:00:00,Kolkata,22.5726,88.3639
30.5,43,12.5,348,2023-11-10 08:00:00,Kolkata,22.5726,88.3639
30.2,43,12.1,348,2023-11-10 09:00:00,Kolkata,22.5726,88.3639
29.5,47,9.6,347,2023-11-10 10:00:00,Kolkata,22.5726,88.3639
27.1,65,5.9,349,2023-11-10 11:00:00,Kolkata,22.5726,88.3639
27.5,57,3.5,66,2023-11-10 12:00:00,Kolkata,22.5726,88.3639
24.4,69,9.3,103,2023-11-10 13:00:00,Kolkata,22.5726,88.3639
25.1,61,7.6,82,2023-11-10 14:00:00,Kolkata,22.5726,88.3639
23.9,67,7.5,73,2023-11-10 15:00:00,Kolkata,22.5726,88.3639
23.6,70,6.6,68,2023-11-10 16:00:00,Kolkata,22.5726,88.3639
24.4,66,4.8,42,2023-11-10 17:00:00,Kolkata,22.5726,88.3639
23.6,72,4.2,31,2023-11-10 18:00:00,Kolkata,22.5726,88.3639
22.9,77,4.0,355,2023-11-10 19:00:00,Kolkata,22.5726,88.3639
21.0,86,5.2,348,2023-11-10 20:00:00,Kolkata,22.5726,88.3639
19.8,91,7.1,345,2023-11-10 21:00:00,Kolkata,22.5726,88.3639
19.5,90,6.9,332,2023-11-10 22:00:00,Kolkata,22.5726,88.3639
19.2,90,7.0,339,2023-11-10 23:00:00,Kolkata,22.5726,88.3639
19.2,91,6.5,341,2023-11-11 00:00:00,Kolkata,22.5726,88.3639
21.1,87,6.9,354,2023-11-11 01:00:00,Kolkata,22.5726,88.3639
23.4,79,5.1,356,2023-11-11 02:00:00,Kolkata,22.5726,88.3639
26.0,69,5.4,4,2023-11-11 03:00:00,Kolkata,22.5726,88.3639
28.2,56,6.8,3,2023-11-11 04:00:00,Kolkata,22.5726,88.3639
29.5,50,9.4,360,2023-11-11 05:00:00,Kolkata,22.5726,88.3639
30.0,48,10.5,354,2023-11-11 06:00:00,Kolkata,22.5726,88.3639
30.4,47,10.6,350,2023-11-11 07:00:00,Kolkata,22.5726,88.3639
30.5,46,10.3,348,2023-11-11 08:00:00,Kolkata,22.5726,88.3639
30.3,47,10.0,347,2023-11-11 09:00:00,Kolkata,22.5726,88.3639
29.6,49,9.2,349,2023-11-11 10:00:00,Kolkata,22.5726,88.3639
27.4,64,5.2,348,2023-11-11 11:00:00,Kolkata,22.5726,88.3639
25.5,71,6.7,16,2023-11-11 12:00:00,Kolkata,22.5726,88.3639
24.6,75,7.1,60,2023-11-11 13:00:00,Kolkata,22.5726,88.3639
24.2,76,8.1,58,2023-11-11 14:00:00,Kolkata,22.5726,88.3639
23.6,78,8.2,41,2023-11-11 15:00:00,Kolkata,22.5726,88.3639
22.5,84,8.2,49,2023-11-11 16:00:00,Kolkata,22.5726,88.3639
22.0,88,7.4,39,2023-11-11 17:00:00,Kolkata,22.5726,88.3639
21.2,91,8.4,31,2023-11-11 18:00:00,Kolkata,22.5726,88.3639
20.7,93,8.2,23,2023-11-11 19:00:00,Kolkata,22.5726,88.3639
20.7,92,6.6,9,2023-11-11 20:00:00,Kolkata,22.5726,88.3639
20.4,92,7.2,360,2023-11-11 21:00:00,Kolkata,22.5726,88.3639
20.2,92,6.2,353,2023-11-11 22:00:00,Kolkata,22.5726,88.3639
20.0,92,6.1,357,2023-11-11 23:00:00,Kolkata,22.5726,88.3639
19.8,92,6.2,7,2023-11-12 00:00:00,Kolkata,22.5726,88.3639
21.5,89,6.5,3,2023-11-12 01:00:00,Kolkata,22.5726,88.3639
23.5,83,3.3,347,2023-11-12 02:00:00,Kolkata,22.5726,88.3639
25.9,72,3.3,6,2023-11-12 03:00:00,Kolkata,22.5726,88.3639
28.0,60,5.6,15,2023-11-12 04:00:00,Kolkata,22.5726,88.3639
29.2,54,8.0,10,2023-11-12 05:00:00,Kolkata,22.5726,88.3639
30.0,50,9.7,4,2023-11-12 06:00:00,Kolkata,22.5726,88.3639
30.4,49,11.5,356,2023-11-12 07:00:00,Kolkata,22.5726,88.3639
30.7,47,12.3,353,2023-11-12 08:00:00,Kolkata,22.5726,88.3639
30.5,47,12.3,355,2023-11-12 09:00:00,Kolkata,22.5726,88.3639
29.8,49,10.8,356,2023-11-12 10:00:00,Kolkata,22.5726,88.3639
27.6,59,6.9,351,2023-11-12 11:00:00,Kolkata,22.5726,88.3639
25.5,67,6.6,9,2023-11-12 12:00:00,Kolkata,22.5726,88.3639
26.2,62,10.3,29,2023-11-12 13:00:00,Kolkata,22.5726,88.3639
24.8,68,8.4,40,2023-11-12 14:00:00,Kolkata,22.5726,88.3639
23.8,73,7.7,37,2023-11-12 15:00:00,Kolkata,22.5726,88.3639
23.0,75,6.8,18,2023-11-12 16:00:00,Kolkata,22.5726,88.3639
22.2,78,6.5,6,2023-11-12 17:00:00,Kolkata,22.5726,88.3639
21.7,80,6.8,3,2023-11-12 18:00:00,Kolkata,22.5726,88.3639
21.2,82,7.1,15,2023-11-12 19:00:00,Kolkata,22.5726,88.3639
21.0,83,7.4,23,2023-11-12 20:00:00,Kolkata,22.5726,88.3639
20.5,85,7.1,24,2023-11-12 21:00:00,Kolkata,22.5726,88.3639
20.2,86,7.5,17,2023-11-12 22:00:00,Kolkata,22.5726,88.3639
19.8,87,6.9,9,2023-11-12 23:00:00,Kolkata,22.5726,88.3639
19.5,88,7.3,349,2023-11-13 00:00:00,Kolkata,22.5726,88.3639
21.0,86,9.5,351,2023-11-13 01:00:00,Kolkata,22.5726,88.3639
23.0,80,8.1,347,2023-11-13 02:00:00,Kolkata,22.5726,88.3639
25.2,73,7.9,3,2023-11-13 03:00:00,Kolkata,22.5726,88.3639
27.2,64,10.2,8,2023-11-13 04:00:00,Kolkata,22.5726,88.3639
28.7,55,12.0,7,2023-11-13 05:00:00,Kolkata,22.5726,88.3639
29.5,52,12.3,5,2023-11-13 06:00:00,Kolkata,22.5726,88.3639
30.0,49,12.2,358,2023-11-13 07:00:00,Kolkata,22.5726,88.3639
30.2,46,12.7,353,2023-11-13 08:00:00,Kolkata,22.5726,88.3639
30.0,45,13.1,352,2023-11-13 09:00:00,Kolkata,22.5726,88.3639
29.2,49,10.9,354,2023-11-13 10:00:00,Kolkata,22.5726,88.3639
27.0,60,5.8,356,2023-11-13 11:00:00,Kolkata,22.5726,88.3639
24.4,71,8.6,2,2023-11-13 12:00:00,Kolkata,22.5726,88.3639
24.8,70,6.6,22,2023-11-13 13:00:00,Kolkata,22.5726,88.3639
24.0,70,7.3,33,2023-11-13 14:00:00,Kolkata,22.5726,88.3639
24.0,69,8.1,45,2023-11-13 15:00:00,Kolkata,22.5726,88.3639
22.7,76,6.5,19,2023-11-13 16:00:00,Kolkata,22.5726,88.3639
21.7,81,6.3,329,2023-11-13 17:00:00,Kolkata,22.5726,88.3639
20.5,87,7.9,336,2023-11-13 18:00:00,Kolkata,22.5726,88.3639
20.1,89,7.2,354,2023-11-13 19:00:00,Kolkata,22.5726,88.3639
20.2,87,6.5,357,2023-11-13 20:00:00,Kolkata,22.5726,88.3639
20.2,85,8.1,347,2023-11-13 21:00:00,Kolkata,22.5726,88.3639
20.0,84,8.6,345,2023-11-13 22:00:00,Kolkata,22.5726,88.3639
19.6,85,8.0,355,2023-11-13 23:00:00,Kolkata,22.5726,88.3639
19.2,87,7.2,357,2023-11-14 00:00:00,Kolkata,22.5726,88.3639
20.2,87,8.4,7,2023-11-14 01:00:00,Kolkata,22.5726,88.3639
22.4,80,6.9,6,2023-11-14 02:00:00,Kolkata,22.5726,88.3639
24.9,73,7.6,5,2023-11-14 03:00:00,Kolkata,22.5726,88.3639
27.2,65,9.6,13,2023-11-14 04:00:00,Kolkata,22.5726,88.3639
28.8,56,11.3,17,2023-11-14 05:00:00,Kolkata,22.5726,88.3639
29.5,51,11.1,13,2023-11-14 06:00:00,Kolkata,22.5726,88.3639
30.0,48,10.5,8,2023-11-14 07:00:00,Kolkata,22.5726,88.3639
30.1,46,10.2,8,2023-11-14 08:00:00,Kolkata,22.5726,88.3639
30.0,46,9.8,8,2023-11-14 09:00:00,Kolkata,22.5726,88.3639
29.3,48,8.0,10,2023-11-14 10:00:00,Kolkata,22.5726,88.3639
26.9,67,6.0,343,2023-11-14 11:00:00,Kolkata,22.5726,88.3639
24.8,70,7.7,323,2023-11-14 12:00:00,Kolkata,22.5726,88.3639
23.5,73,7.8,338,2023-11-14 13:00:00,Kolkata,22.5726,88.3639
22.8,75,7.2,342,2023-11-14 14:00:00,Kolkata,22.5726,88.3639
22.2,76,7.3,340,2023-11-14 15:00:00,Kolkata,22.5726,88.3639
22.0,76,6.6,347,2023-11-14 16:00:00,Kolkata,22.5726,88.3639
21.1,81,7.3,349,2023-11-14 17:00:00,Kolkata,22.5726,88.3639
21.0,79,7.3,11,2023-11-14 18:00:00,Kolkata,22.5726,88.3639
21.1,77,7.6,360,2023-11-14 19:00:00,Kolkata,22.5726,88.3639
20.5,79,8.5,348,2023-11-14 20:00:00,Kolkata,22.5726,88.3639
20.6,78,9.0,358,2023-11-14 21:00:00,Kolkata,22.5726,88.3639
20.0,82,6.2,7,2023-11-14 22:00:00,Kolkata,22.5726,88.3639
19.9,83,6.6,9,2023-11-14 23:00:00,Kolkata,22.5726,88.3639
20.0,84,7.6,5,2023-11-15 00:00:00,Kolkata,22.5726,88.3639
21.2,83,10.4,14,2023-11-15 01:00:00,Kolkata,22.5726,88.3639
23.1,79,8.2,15,2023-11-15 02:00:00,Kolkata,22.5726,88.3639
25.5,72,8.6,15,2023-11-15 03:00:00,Kolkata,22.5726,88.3639
27.5,63,10.4,20,2023-11-15 04:00:00,Kolkata,22.5726,88.3639
29.0,54,13.2,22,2023-11-15 05:00:00,Kolkata,22.5726,88.3639
29.6,50,13.1,21,2023-11-15 06:00:00,Kolkata,22.5726,88.3639
30.1,47,11.5,20,2023-11-15 07:00:00,Kolkata,22.5726,88.3639
30.3,46,10.4,20,2023-11-15 08:00:00,Kolkata,22.5726,88.3639
30.1,46,10.4,14,2023-11-15 09:00:00,Kolkata,22.5726,88.3639
29.4,51,9.0,16,2023-11-15 10:00:00,Kolkata,22.5726,88.3639
27.4,65,5.1,4,2023-11-15 11:00:00,Kolkata,22.5726,88.3639
25.7,71,7.4,14,2023-11-15 12:00:00,Kolkata,22.5726,88.3639
25.6,66,6.0,17,2023-11-15 13:00:00,Kolkata,22.5726,88.3639
24.8,71,5.6,15,2023-11-15 14:00:00,Kolkata,22.5726,88.3639
24.2,74,5.5,23,2023-11-15 15:00:00,Kolkata,22.5726,88.3639
24.0,74,5.8,30,2023-11-15 16:00:00,Kolkata,22.5726,88.3639
23.6,76,5.6,27,2023-11-15 17:00:00,Kolkata,22.5726,88.3639
23.4,76,6.8,32,2023-11-15 18:00:00,Kolkata,22.5726,88.3639
23.5,73,7.3,33,2023-11-15 19:00:00,Kolkata,22.5726,88.3639
23.2,74,6.5,34,2023-11-15 20:00:00,Kolkata,22.5726,88.3639
23.4,72,8.5,28,2023-11-15 21:00:00,Kolkata,22.5726,88.3639
23.3,71,8.9,21,2023-11-15 22:00:00,Kolkata,22.5726,88.3639
23.2,71,8.4,31,2023-11-15 23:00:00,Kolkata,22.5726,88.3639
23.2,70,7.7,53,2023-11-16 00:00:00,Kolkata,22.5726,88.3639
23.6,72,15.5,36,2023-11-16 01:00:00,Kolkata,22.5726,88.3639
24.1,75,12.8,38,2023-11-16 02:00:00,Kolkata,22.5726,88.3639
25.1,76,13.0,46,2023-11-16 03:00:00,Kolkata,22.5726,88.3639
25.9,71,14.5,44,2023-11-16 04:00:00,Kolkata,22.5726,88.3639
26.6,67,13.3,52,2023-11-16 05:00:00,Kolkata,22.5726,88.3639
27.5,64,13.2,43,2023-11-16 06:00:00,Kolkata,22.5726,88.3639
25.7,77,6.5,71,2023-11-16 07:00:00,Kolkata,22.5726,88.3639
24.0,91,9.4,2,2023-11-16 08:00:00,Kolkata,22.5726,88.3639
23.6,94,11.5,356,2023-11-16 09:00:00,Kolkata,22.5726,88.3639
24.2,92,10.8,21,2023-11-16 10:00:00,Kolkata,22.5726,88.3639
23.9,92,11.6,22,2023-11-16 11:00:00,Kolkata,22.5726,88.3639
23.5,92,11.2,33,2023-11-16 12:00:00,Kolkata,22.5726,88.3639
23.8,84,13.9,59,2023-11-16 13:00:00,Kolkata,22.5726,88.3639
23.2,87,13.2,61,2023-11-16 14:00:00,Kolkata,22.5726,88.3639
23.0,90,12.1,63,2023-11-16 15:00:00,Kolkata,22.5726,88.3639
22.8,92,12.8,58,2023-11-16 16:00:00,Kolkata,22.5726,88.3639
22.7,93,13.4,63,2023-11-16 17:00:00,Kolkata,22.5726,88.3639
22.9,92,12.7,65,2023-11-16 18:00:00,Kolkata,22.5726,88.3639
22.6,93,13.8,57,2023-11-16 19:00:00,Kolkata,22.5726,88.3639
22.5,94,14.6,57,2023-11-16 20:00:00,Kolkata,22.5726,88.3639
22.4,94,15.9,39,2023-11-16 21:00:00,Kolkata,22.5726,88.3639
22.4,92,16.8,47,2023-11-16 22:00:00,Kolkata,22.5726,88.3639
22.0,94,19.4,48,2023-11-16 23:00:00,Kolkata,22.5726,88.3639
21.8,94,20.7,50,2023-11-17 00:00:00,Kolkata,22.5726,88.3639
23.4,85,20.8,37,2023-11-17 01:00:00,Kolkata,22.5726,88.3639
24.3,81,18.2,27,2023-11-17 02:00:00,Kolkata,22.5726,88.3639
25.5,76,20.3,25,2023-11-17 03:00:00,Kolkata,22.5726,88.3639
26.8,71,20.3,23,2023-11-17 04:00:00,Kolkata,22.5726,88.3639
28.7,60,27.1,23,2023-11-17 05:00:00,Kolkata,22.5726,88.3639
29.5,55,29.2,24,2023-11-17 06:00:00,Kolkata,22.5726,88.3639
29.8,54,29.2,24,2023-11-17 07:00:00,Kolkata,22.5726,88.3639
29.7,54,24.9,18,2023-11-17 08:00:00,Kolkata,22.5726,88.3639
29.2,56,22.5,13,2023-11-17 09:00:00,Kolkata,22.5726,88.3639
28.6,58,19.2,17,2023-11-17 10:00:00,Kolkata,22.5726,88.3639
27.5,63,14.1,13,2023-11-17 11:00:00,Kolkata,22.5726,88.3639
26.1,67,13.7,14,2023-11-17 12:00:00,Kolkata,22.5726,88.3639
24.5,78,9.4,40,2023-11-17 13:00:00,Kolkata,22.5726,88.3639
23.7,78,10.9,46,2023-11-17 14:00:00,Kolkata,22.5726,88.3639
22.8,79,9.7,51,2023-11-17 15:00:00,Kolkata,22.5726,88.3639
21.7,84,6.0,33,2023-11-17 16:00:00,Kolkata,22.5726,88.3639
21.0,87,5.8,7,2023-11-17 17:00:00,Kolkata,22.5726,88.3639
20.6,89,6.1,357,2023-11-17 18:00:00,Kolkata,22.5726,88.3639
20.2,90,6.1,360,2023-11-17 19:00:00,Kolkata,22.5726,88.3639
19.9,91,5.8,4,2023-11-17 20:00:00,Kolkata,22.5726,88.3639
19.1,94,6.1,3,2023-11-17 21:00:00,Kolkata,22.5726,88.3639
18.9,94,6.3,13,2023-11-17 22:00:00,Kolkata,22.5726,88.3639
19.0,94,5.6,27,2023-11-17 23:00:00,Kolkata,22.5726,88.3639
18.8,94,5.5,32,2023-11-18 00:00:00,Kolkata,22.5726,88.3639
21.0,93,6.8,32,2023-11-18 01:00:00,Kolkata,22.5726,88.3639
22.5,87,6.4,47,2023-11-18 02:00:00,Kolkata,22.5726,88.3639
24.1,79,7.9,51,2023-11-18 03:00:00,Kolkata,22.5726,88.3639
25.5,72,8.9,40,2023-11-18 04:00:00,Kolkata,22.5726,88.3639
26.8,68,9.0,29,2023-11-18 05:00:00,Kolkata,22.5726,88.3639
27.9,62,8.6,33,2023-11-18 06:00:00,Kolkata,22.5726,88.3639
28.7,58,8.7,30,2023-11-18 07:00:00,Kolkata,22.5726,88.3639
28.9,56,9.2,21,2023-11-18 08:00:00,Kolkata,22.5726,88.3639
28.8,54,9.0,16,2023-11-18 09:00:00,Kolkata,22.5726,88.3639
28.3,57,7.9,24,2023-11-18 10:00:00,Kolkata,22.5726,88.3639
26.6,67,4.8,42,2023-11-18 11:00:00,Kolkata,22.5726,88.3639
24.1,78,7.4,43,2023-11-18 12:00:00,Kolkata,22.5726,88.3639
23.9,80,6.0,57,2023-11-18 13:00:00,Kolkata,22.5726,88.3639
23.4,81,6.6,61,2023-11-18 14:00:00,Kolkata,22.5726,88.3639
23.0,81,6.6,68,2023-11-18 15:00:00,Kolkata,22.5726,88.3639
22.0,85,8.4,83,2023-11-18 16:00:00,Kolkata,22.5726,88.3639
21.6,88,8.1,77,2023-11-18 17:00:00,Kolkata,22.5726,88.3639
21.6,88,6.2,54,2023-11-18 18:00:00,Kolkata,22.5726,88.3639
21.2,90,7.0,55,2023-11-18 19:00:00,Kolkata,22.5726,88.3639
20.9,92,6.1,50,2023-11-18 20:00:00,Kolkata,22.5726,88.3639
20.6,93,6.0,33,2023-11-18 21:00:00,Kolkata,22.5726,88.3639
20.2,94,5.7,35,2023-11-18 22:00:00,Kolkata,22.5726,88.3639
19.8,95,5.6,40,2023-11-18 23:00:00,Kolkata,22.5726,88.3639
19.4,96,6.3,31,2023-11-19 00:00:00,Kolkata,22.5726,88.3639
21.1,92,7.6,25,2023-11-19 01:00:00,Kolkata,22.5726,88.3639
23.0,85,7.0,12,2023-11-19 02:00:00,Kolkata,22.5726,88.3639
25.0,78,8.3,18,2023-11-19 03:00:00,Kolkata,22.5726,88.3639
26.6,70,10.0,21,2023-11-19 04:00:00,Kolkata,22.5726,88.3639
27.9,63,10.9,27,2023-11-19 05:00:00,Kolkata,22.5726,88.3639
28.5,60,11.2,21,2023-11-19 06:00:00,Kolkata,22.5726,88.3639
29.1,56,10.9,17,2023-11-19 07:00:00,Kolkata,22.5726,88.3639
29.4,54,10.0,21,2023-11-19 08:00:00,Kolkata,22.5726,88.3639
29.2,54,8.7,24,2023-11-19 09:00:00,Kolkata,22.5726,88.3639
28.8,55,7.9,24,2023-11-19 10:00:00,Kolkata,22.5726,88.3639
26.5,76,6.3,24,2023-11-19 11:00:00,Kolkata,22.5726,88.3639
25.5,73,5.6,15,2023-11-19 12:00:00,Kolkata,22.5726,88.3639
23.8,77,7.1,41,2023-11-19 13:00:00,Kolkata,22.5726,88.3639
22.8,80,8.4,31,2023-11-19 14:00:00,Kolkata,22.5726,88.3639
21.8,83,10.6,28,2023-11-19 15:00:00,Kolkata,22.5726,88.3639
21.2,84,10.5,31,2023-11-19 16:00:00,Kolkata,22.5726,88.3639
20.6,87,9.8,28,2023-11-19 17:00:00,Kolkata,22.5726,88.3639
20.2,89,8.2,38,2023-11-19 18:00:00,Kolkata,22.5726,88.3639
19.7,91,8.1,58,2023-11-19 19:00:00,Kolkata,22.5726,88.3639
19.8,91,6.3,24,2023-11-19 20:00:00,Kolkata,22.5726,88.3639
19.5,91,6.2,350,2023-11-19 21:00:00,Kolkata,22.5726,88.3639
18.8,92,8.6,360,2023-11-19 22:00:00,Kolkata,22.5726,88.3639
18.8,92,7.6,355,2023-11-19 23:00:00,Kolkata,22.5726,88.3639
19.1,91,6.9,351,2023-11-20 00:00:00,Kolkata,22.5726,88.3639
20.6,82,9.1,9,2023-11-20 01:00:00,Kolkata,22.5726,88.3639
22.9,77,7.4,14,2023-11-20 02:00:00,Kolkata,22.5726,88.3639
25.1,71,6.3,13,2023-11-20 03:00:00,Kolkata,22.5726,88.3639
27.2,62,7.8,22,2023-11-20 04:00:00,Kolkata,22.5726,88.3639
28.6,46,9.2,21,2023-11-20 05:00:00,Kolkata,22.5726,88.3639
29.1,46,9.4,18,2023-11-20 06:00:00,Kolkata,22.5726,88.3639
29.4,46,9.6,20,2023-11-20 07:00:00,Kolkata,22.5726,88.3639
29.5,45,8.6,15,2023-11-20 08:00:00,Kolkata,22.5726,88.3639
29.1,47,7.8,13,2023-11-20 09:00:00,Kolkata,22.5726,88.3639
28.5,52,5.4,8,2023-11-20 10:00:00,Kolkata,22.5726,88.3639
26.3,70,6.5,360,2023-11-20 11:00:00,Kolkata,22.5726,88.3639
26.4,60,5.0,30,2023-11-20 12:00:00,Kolkata,22.5726,88.3639
23.9,72,7.3,351,2023-11-20 13:00:00,Kolkata,22.5726,88.3639
24.8,66,3.1,54,2023-11-20 14:00:00,Kolkata,22.5726,88.3639
21.8,83,6.4,133,2023-11-20 15:00:00,Kolkata,22.5726,88.3639
21.8,84,7.6,161,2023-11-20 16:00:00,Kolkata,22.5726,88.3639
21.5,85,7.9,183,2023-11-20 17:00:00,Kolkata,22.5726,88.3639
23.1,78,3.3,174,2023-11-20 18:00:00,Kolkata,22.5726,88.3639
21.8,87,6.1,220,2023-11-20 19:00:00,Kolkata,22.5726,88.3639
21.8,86,5.2,196,2023-11-20 20:00:00,Kolkata,22.5726,88.3639
21.1,89,5.4,250,2023-11-20 21:00:00,Kolkata,22.5726,88.3639
21.5,86,4.6,288,2023-11-20 22:00:00,Kolkata,22.5726,88.3639
21.0,86,6.6,315,2023-11-20 23:00:00,Kolkata,22.5726,88.3639
20.7,84,5.4,312,2023-11-21 00:00:00,Kolkata,22.5726,88.3639
21.6,84,6.2,339,2023-11-21 01:00:00,Kolkata,22.5726,88.3639
22.9,80,6.4,333,2023-11-21 02:00:00,Kolkata,22.5726,88.3639
24.9,73,5.2,348,2023-11-21 03:00:00,Kolkata,22.5726,88.3639
27.0,64,6.6,351,2023-11-21 04:00:00,Kolkata,22.5726,88.3639
28.4,56,9.8,354,2023-11-21 05:00:00,Kolkata,22.5726,88.3639
29.2,52,9.0,360,2023-11-21 06:00:00,Kolkata,22.5726,88.3639
29.7,51,7.6,355,2023-11-21 07:00:00,Kolkata,22.5726,88.3639
29.9,49,8.2,337,2023-11-21 08:00:00,Kolkata,22.5726,88.3639
29.6,50,8.9,333,2023-11-21 09:00:00,Kolkata,22.5726,88.3639
28.9,52,7.9,330,2023-11-21 10:00:00,Kolkata,22.5726,88.3639
26.5,66,5.6,315,2023-11-21 11:00:00,Kolkata,22.5726,88.3639
24.2,72,7.9,313,2023-11-21 12:00:00,Kolkata,22.5726,88.3639
24.6,64,4.7,360,2023-11-21 13:00:00,Kolkata,22.5726,88.3639
24.8,63,2.3,72,2023-11-21 14:00:00,Kolkata,22.5726,88.3639
24.5,64,1.3,304,2023-11-21 15:00:00,Kolkata,22.5726,88.3639
20.9,81,6.8,288,2023-11-21 16:00:00,Kolkata,22.5726,88.3639
21.8,73,6.4,317,2023-11-21 17:00:00,Kolkata,22.5726,88.3639
23.1,66,3.9,326,2023-11-21 18:00:00,Kolkata,22.5726,88.3639
20.8,79,4.2,211,2023-11-21 19:00:00,Kolkata,22.5726,88.3639
19.6,89,6.6,221,2023-11-21 20:00:00,Kolkata,22.5726,88.3639
19.6,90,6.5,270,2023-11-21 21:00:00,Kolkata,22.5726,88.3639
18.5,94,6.8,295,2023-11-21 22:00:00,Kolkata,22.5726,88.3639
18.1,93,6.6,299,2023-11-21 23:00:00,Kolkata,22.5726,88.3639
18.5,85,7.2,323,2023-11-22 00:00:00,Kolkata,22.5726,88.3639
19.9,91,3.3,6,2023-11-22 01:00:00,Kolkata,22.5726,88.3639
21.9,82,1.8,11,2023-11-22 02:00:00,Kolkata,22.5726,88.3639
24.1,72,1.8,37,2023-11-22 03:00:00,Kolkata,22.5726,88.3639
26.2,63,2.9,30,2023-11-22 04:00:00,Kolkata,22.5726,88.3639
27.8,52,5.0,21,2023-11-22 05:00:00,Kolkata,22.5726,88.3639
28.5,49,7.2,342,2023-11-22 06:00:00,Kolkata,22.5726,88.3639
28.8,48,8.9,328,2023-11-22 07:00:00,Kolkata,22.5726,88.3639
28.9,48,9.4,328,2023-11-22 08:00:00,Kolkata,22.5726,88.3639
28.6,49,9.6,326,2023-11-22 09:00:00,Kolkata,22.5726,88.3639
28.0,51,8.5,324,2023-11-22 10:00:00,Kolkata,22.5726,88.3639
25.5,66,5.9,322,2023-11-22 11:00:00,Kolkata,22.5726,88.3639
23.1,74,8.3,326,2023-11-22 12:00:00,Kolkata,22.5726,88.3639
22.5,74,7.0,348,2023-11-22 13:00:00,Kolkata,22.5726,88.3639
21.6,76,8.1,328,2023-11-22 14:00:00,Kolkata,22.5726,88.3639
21.4,72,7.4,317,2023-11-22 15:00:00,Kolkata,22.5726,88.3639
21.0,70,7.7,323,2023-11-22 16:00:00,Kolkata,22.5726,88.3639
20.4,71,7.6,329,2023-11-22 17:00:00,Kolkata,22.5726,88.3639
19.5,75,6.8,342,2023-11-22 18:00:00,Kolkata,22.5726,88.3639
18.9,79,6.8,360,2023-11-22 19:00:00,Kolkata,22.5726,88.3639
18.0,84,7.8,22,2023-11-22 20:00:00,Kolkata,22.5726,88.3639
17.5,88,7.7,28,2023-11-22 21:00:00,Kolkata,22.5726,88.3639
17.2,89,7.1,15,2023-11-22 22:00:00,Kolkata,22.5726,88.3639
16.9,90,8.3,18,2023-11-22 23:00:00,Kolkata,22.5726,88.3639
16.7,91,8.6,15,2023-11-23 00:00:00,Kolkata,22.5726,88.3639
18.8,92,4.7,356,2023-11-23 01:00:00,Kolkata,22.5726,88.3639
20.9,83,4.7,328,2023-11-23 02:00:00,Kolkata,22.5726,88.3639
23.5,71,5.2,344,2023-11-23 03:00:00,Kolkata,22.5726,88.3639
25.5,60,7.6,355,2023-11-23 04:00:00,Kolkata,22.5726,88.3639
26.8,53,9.7,360,2023-11-23 05:00:00,Kolkata,22.5726,88.3639
27.5,49,10.2,352,2023-11-23 06:00:00,Kolkata,22.5726,88.3639
27.9,49,10.1,343,2023-11-23 07:00:00,Kolkata,22.5726,88.3639
28.0,49,9.6,340,2023-11-23 08:00:00,Kolkata,22.5726,88.3639
27.8,49,9.0,344,2023-11-23 09:00:00,Kolkata,22.5726,88.3639
27.1,53,8.1,347,2023-11-23 10:00:00,Kolkata,22.5726,88.3639
24.5,71,6.7,344,2023-11-23 11:00:00,Kolkata,22.5726,88.3639
22.1,76,9.6,340,2023-11-23 12:00:00,Kolkata,22.5726,88.3639
21.6,76,8.0,355,2023-11-23 13:00:00,Kolkata,22.5726,88.3639
21.4,76,7.4,14,2023-11-23 14:00:00,Kolkata,22.5726,88.3639
21.8,74,5.5,58,2023-11-23 15:00:00,Kolkata,22.5726,88.3639
21.4,77,5.4,70,2023-11-23 16:00:00,Kolkata,22.5726,88.3639
19.2,88,7.9,47,2023-11-23 17:00:00,Kolkata,22.5726,88.3639
19.0,88,7.7,41,2023-11-23 18:00:00,Kolkata,22.5726,88.3639
20.6,81,4.1,52,2023-11-23 19:00:00,Kolkata,22.5726,88.3639
20.3,83,3.3,6,2023-11-23 20:00:00,Kolkata,22.5726,88.3639
20.1,84,3.7,29,2023-11-23 21:00:00,Kolkata,22.5726,88.3639
19.4,85,5.4,8,2023-11-23 22:00:00,Kolkata,22.5726,88.3639
18.9,87,5.4,4,2023-11-23 23:00:00,Kolkata,22.5726,88.3639
16.6,93,7.4,337,2023-11-24 00:00:00,Kolkata,22.5726,88.3639
18.9,89,6.1,357,2023-11-24 01:00:00,Kolkata,22.5726,88.3639
21.2,80,5.8,356,2023-11-24 02:00:00,Kolkata,22.5726,88.3639
24.0,66,5.1,352,2023-11-24 03:00:00,Kolkata,22.5726,88.3639
26.1,56,6.8,357,2023-11-24 04:00:00,Kolkata,22.5726,88.3639
27.2,51,9.4,360,2023-11-24 05:00:00,Kolkata,22.5726,88.3639
27.9,47,9.7,356,2023-11-24 06:00:00,Kolkata,22.5726,88.3639
28.2,45,9.9,350,2023-11-24 07:00:00,Kolkata,22.5726,88.3639
28.3,45,9.5,349,2023-11-24 08:00:00,Kolkata,22.5726,88.3639
28.0,46,9.1,351,2023-11-24 09:00:00,Kolkata,22.5726,88.3639
27.4,50,8.0,352,2023-11-24 10:00:00,Kolkata,22.5726,88.3639
24.7,67,7.2,342,2023-11-24 11:00:00,Kolkata,22.5726,88.3639
22.5,72,8.8,325,2023-11-24 12:00:00,Kolkata,22.5726,88.3639
22.0,73,8.2,331,2023-11-24 13:00:00,Kolkata,22.5726,88.3639
21.6,73,8.0,333,2023-11-24 14:00:00,Kolkata,22.5726,88.3639
23.9,60,5.8,353,2023-11-24 15:00:00,Kolkata,22.5726,88.3639
23.8,60,3.4,328,2023-11-24 16:00:00,Kolkata,22.5726,88.3639
23.2,62,2.2,261,2023-11-24 17:00:00,Kolkata,22.5726,88.3639
19.8,79,6.5,264,2023-11-24 18:00:00,Kolkata,22.5726,88.3639
18.4,87,9.1,279,2023-11-24 19:00:00,Kolkata,22.5726,88.3639
17.9,88,6.3,336,2023-11-24 20:00:00,Kolkata,22.5726,88.3639
18.2,83,7.6,360,2023-11-24 21:00:00,Kolkata,22.5726,88.3639
18.0,84,6.8,360,2023-11-24 22:00:00,Kolkata,22.5726,88.3639
18.5,82,7.8,13,2023-11-24 23:00:00,Kolkata,22.5726,88.3639
18.1,87,6.6,13,2023-11-25 00:00:00,Kolkata,22.5726,88.3639
19.5,88,6.8,25,2023-11-25 01:00:00,Kolkata,22.5726,88.3639
21.8,82,7.1,30,2023-11-25 02:00:00,Kolkata,22.5726,88.3639
24.4,73,5.6,40,2023-11-25 03:00:00,Kolkata,22.5726,88.3639
26.4,63,8.7,30,2023-11-25 04:00:00,Kolkata,22.5726,88.3639
27.6,56,10.4,20,2023-11-25 05:00:00,Kolkata,22.5726,88.3639
28.4,51,11.8,12,2023-11-25 06:00:00,Kolkata,22.5726,88.3639
28.6,48,12.1,12,2023-11-25 07:00:00,Kolkata,22.5726,88.3639
28.6,47,11.9,14,2023-11-25 08:00:00,Kolkata,22.5726,88.3639
28.4,45,10.9,17,2023-11-25 09:00:00,Kolkata,22.5726,88.3639
27.6,50,8.2,23,2023-11-25 10:00:00,Kolkata,22.5726,88.3639
24.8,68,7.2,18,2023-11-25 11:00:00,Kolkata,22.5726,88.3639
23.0,70,7.9,360,2023-11-25 12:00:00,Kolkata,22.5726,88.3639
22.6,69,7.1,345,2023-11-25 13:00:00,Kolkata,22.5726,88.3639
21.8,71,7.9,3,2023-11-25 14:00:00,Kolkata,22.5726,88.3639
20.6,79,9.5,9,2023-11-25 15:00:00,Kolkata,22.5726,88.3639
20.5,79,8.4,353,2023-11-25 16:00:00,Kolkata,22.5726,88.3639
19.6,82,9.7,356,2023-11-25 17:00:00,Kolkata,22.5726,88.3639
20.0,79,6.3,347,2023-11-25 18:00:00,Kolkata,22.5726,88.3639
19.2,83,6.8,328,2023-11-25 19:00:00,Kolkata,22.5726,88.3639
18.4,88,8.0,342,2023-11-25 20:00:00,Kolkata,22.5726,88.3639
18.5,86,6.2,353,2023-11-25 21:00:00,Kolkata,22.5726,88.3639
18.3,85,7.5,343,2023-11-25 22:00:00,Kolkata,22.5726,88.3639
18.1,86,8.0,355,2023-11-25 23:00:00,Kolkata,22.5726,88.3639
18.0,88,8.0,352,2023-11-26 00:00:00,Kolkata,22.5726,88.3639
19.4,85,9.0,2,2023-11-26 01:00:00,Kolkata,22.5726,88.3639
21.3,79,7.9,357,2023-11-26 02:00:00,Kolkata,22.5726,88.3639
23.5,72,7.9,360,2023-11-26 03:00:00,Kolkata,22.5726,88.3639
25.7,64,8.8,12,2023-11-26 04:00:00,Kolkata,22.5726,88.3639
27.2,57,9.4,18,2023-11-26 05:00:00,Kolkata,22.5726,88.3639
28.1,51,11.5,14,2023-11-26 06:00:00,Kolkata,22.5726,88.3639
28.5,49,12.4,10,2023-11-26 07:00:00,Kolkata,22.5726,88.3639
28.6,49,12.0,7,2023-11-26 08:00:00,Kolkata,22.5726,88.3639
28.5,50,11.3,7,2023-11-26 09:00:00,Kolkata,22.5726,88.3639
27.9,52,9.0,5,2023-11-26 10:00:00,Kolkata,22.5726,88.3639
25.4,66,6.2,353,2023-11-26 11:00:00,Kolkata,22.5726,88.3639
23.2,71,8.4,353,2023-11-26 12:00:00,Kolkata,22.5726,88.3639
23.0,71,7.6,5,2023-11-26 13:00:00,Kolkata,22.5726,88.3639
22.1,76,7.1,30,2023-11-26 14:00:00,Kolkata,22.5726,88.3639
21.3,81,8.2,38,2023-11-26 15:00:00,Kolkata,22.5726,88.3639
21.5,80,6.4,27,2023-11-26 16:00:00,Kolkata,22.5726,88.3639
20.2,88,7.0,69,2023-11-26 17:00:00,Kolkata,22.5726,88.3639
19.9,90,6.8,93,2023-11-26 18:00:00,Kolkata,22.5726,88.3639
19.8,91,6.2,97,2023-11-26 19:00:00,Kolkata,22.5726,88.3639
20.4,90,5.5,122,2023-11-26 20:00:00,Kolkata,22.5726,88.3639
20.1,91,3.7,259,2023-11-26 21:00:00,Kolkata,22.5726,88.3639
17.6,96,6.6,299,2023-11-26 22:00:00,Kolkata,22.5726,88.3639
17.1,96,7.1,336,2023-11-26 23:00:00,Kolkata,22.5726,88.3639
16.5,97,7.5,343,2023-11-27 00:00:00,Kolkata,22.5726,88.3639
18.6,94,3.4,18,2023-11-27 01:00:00,Kolkata,22.5726,88.3639
21.0,82,3.3,41,2023-11-27 02:00:00,Kolkata,22.5726,88.3639
23.6,73,2.5,45,2023-11-27 03:00:00,Kolkata,22.5726,88.3639
25.8,61,3.9,56,2023-11-27 04:00:00,Kolkata,22.5726,88.3639
27.1,54,4.1,45,2023-11-27 05:00:00,Kolkata,22.5726,88.3639
27.9,51,3.6,45,2023-11-27 06:00:00,Kolkata,22.5726,88.3639
28.5,49,2.6,34,2023-11-27 07:00:00,Kolkata,22.5726,88.3639
28.8,48,2.5,8,2023-11-27 08:00:00,Kolkata,22.5726,88.3639
28.8,47,2.2,351,2023-11-27 09:00:00,Kolkata,22.5726,88.3639
28.1,51,3.8,319,2023-11-27 10:00:00,Kolkata,22.5726,88.3639
25.8,70,6.5,304,2023-11-27 11:00:00,Kolkata,22.5726,88.3639
24.0,71,7.9,313,2023-11-27 12:00:00,Kolkata,22.5726,88.3639
23.5,68,7.8,347,2023-11-27 13:00:00,Kolkata,22.5726,88.3639
23.2,69,7.0,35,2023-11-27 14:00:00,Kolkata,22.5726,88.3639
22.2,75,5.8,97,2023-11-27 15:00:00,Kolkata,22.5726,88.3639
22.0,80,5.2,168,2023-11-27 16:00:00,Kolkata,22.5726,88.3639
21.3,85,6.1,208,2023-11-27 17:00:00,Kolkata,22.5726,88.3639
21.6,82,4.8,228,2023-11-27 18:00:00,Kolkata,22.5726,88.3639
20.5,88,4.7,279,2023-11-27 19:00:00,Kolkata,22.5726,88.3639
19.1,92,7.0,305,2023-11-27 20:00:00,Kolkata,22.5726,88.3639
20.4,84,4.8,318,2023-11-27 21:00:00,Kolkata,22.5726,88.3639
20.4,83,3.6,307,2023-11-27 22:00:00,Kolkata,22.5726,88.3639
18.1,90,7.9,300,2023-11-27 23:00:00,Kolkata,22.5726,88.3639
18.9,84,6.9,313,2023-11-28 00:00:00,Kolkata,22.5726,88.3639
19.2,92,3.8,311,2023-11-28 01:00:00,Kolkata,22.5726,88.3639
21.9,77,4.9,324,2023-11-28 02:00:00,Kolkata,22.5726,88.3639
24.4,65,6.0,327,2023-11-28 03:00:00,Kolkata,22.5726,88.3639
26.4,57,5.6,345,2023-11-28 04:00:00,Kolkata,22.5726,88.3639
27.9,50,5.9,349,2023-11-28 05:00:00,Kolkata,22.5726,88.3639
28.8,46,5.8,330,2023-11-28 06:00:00,Kolkata,22.5726,88.3639
29.1,44,5.1,321,2023-11-28 07:00:00,Kolkata,22.5726,88.3639
29.3,43,3.9,304,2023-11-28 08:00:00,Kolkata,22.5726,88.3639
29.1,44,4.6,288,2023-11-28 09:00:00,Kolkata,22.5726,88.3639
28.5,46,4.6,288,2023-11-28 10:00:00,Kolkata,22.5726,88.3639
26.1,67,5.6,297,2023-11-28 11:00:00,Kolkata,22.5726,88.3639
23.6,68,8.7,315,2023-11-28 12:00:00,Kolkata,22.5726,88.3639
24.2,64,6.2,324,2023-11-28 13:00:00,Kolkata,22.5726,88.3639
23.7,65,6.6,319,2023-11-28 14:00:00,Kolkata,22.5726,88.3639
23.8,64,8.1,315,2023-11-28 15:00:00,Kolkata,22.5726,88.3639
23.2,66,2.9,173,2023-11-28 16:00:00,Kolkata,22.5726,88.3639
21.5,79,5.6,153,2023-11-28 17:00:00,Kolkata,22.5726,88.3639
20.5,84,9.8,172,2023-11-28 18:00:00,Kolkata,22.5726,88.3639
20.7,84,8.3,198,2023-11-28 19:00:00,Kolkata,22.5726,88.3639
19.9,89,9.1,187,2023-11-28 20:00:00,Kolkata,22.5726,88.3639
19.9,89,8.2,218,2023-11-28 21:00:00,Kolkata,22.5726,88.3639
19.9,89,6.8,252,2023-11-28 22:00:00,Kolkata,22.5726,88.3639
19.5,92,5.8,300,2023-11-28 23:00:00,Kolkata,22.5726,88.3639
18.9,92,5.1,315,2023-11-29 00:00:00,Kolkata,22.5726,88.3639
19.6,91,4.7,279,2023-11-29 01:00:00,Kolkata,22.5726,88.3639
22.0,81,6.3,294,2023-11-29 02:00:00,Kolkata,22.5726,88.3639
24.5,72,5.4,318,2023-11-29 03:00:00,Kolkata,22.5726,88.3639
26.5,65,4.7,337,2023-11-29 04:00:00,Kolkata,22.5726,88.3639
27.8,58,4.0,333,2023-11-29 05:00:00,Kolkata,22.5726,88.3639
28.7,53,4.6,321,2023-11-29 06:00:00,Kolkata,22.5726,88.3639
29.1,51,5.9,317,2023-11-29 07:00:00,Kolkata,22.5726,88.3639
29.5,49,6.4,322,2023-11-29 08:00:00,Kolkata,22.5726,88.3639
29.6,48,7.0,325,2023-11-29 09:00:00,Kolkata,22.5726,88.3639
29.0,51,5.9,317,2023-11-29 10:00:00,Kolkata,22.5726,88.3639
26.5,70,6.6,292,2023-11-29 11:00:00,Kolkata,22.5726,88.3639
24.5,73,7.9,317,2023-11-29 12:00:00,Kolkata,22.5726,88.3639
23.8,79,7.4,39,2023-11-29 13:00:00,Kolkata,22.5726,88.3639
22.9,83,7.3,101,2023-11-29 14:00:00,Kolkata,22.5726,88.3639
22.5,86,6.7,126,2023-11-29 15:00:00,Kolkata,22.5726,88.3639
21.9,89,7.4,137,2023-11-29 16:00:00,Kolkata,22.5726,88.3639
23.0,83,5.2,155,2023-11-29 17:00:00,Kolkata,22.5726,88.3639
21.2,90,3.8,287,2023-11-29 18:00:00,Kolkata,22.5726,88.3639
20.4,93,5.4,323,2023-11-29 19:00:00,Kolkata,22.5726,88.3639
20.0,92,6.9,354,2023-11-29 20:00:00,Kolkata,22.5726,88.3639
20.0,92,5.9,11,2023-11-29 21:00:00,Kolkata,22.5726,88.3639
20.0,92,6.4,16,2023-11-29 22:00:00,Kolkata,22.5726,88.3639
19.9,93,7.2,18,2023-11-29 23:00:00,Kolkata,22.5726,88.3639
19.7,92,7.0,12,2023-11-30 00:00:00,Kolkata,22.5726,88.3639
20.5,92,5.8,22,2023-11-30 01:00:00,Kolkata,22.5726,88.3639
22.5,84,6.5,6,2023-11-30 02:00:00,Kolkata,22.5726,88.3639
24.7,75,6.6,13,2023-11-30 03:00:00,Kolkata,22.5726,88.3639
26.8,67,6.9,28,2023-11-30 04:00:00,Kolkata,22.5726,88.3639
28.2,58,8.4,40,2023-11-30 05:00:00,Kolkata,22.5726,88.3639
29.0,53,9.7,45,2023-11-30 06:00:00,Kolkata,22.5726,88.3639
29.5,52,9.2,48,2023-11-30 07:00:00,Kolkata,22.5726,88.3639
29.6,51,7.4,51,2023-11-30 08:00:00,Kolkata,22.5726,88.3639
29.5,51,6.4,43,2023-11-30 09:00:00,Kolkata,22.5726,88.3639
28.9,53,6.6,41,2023-11-30 10:00:00,Kolkata,22.5726,88.3639
26.4,70,5.7,55,2023-11-30 11:00:00,Kolkata,22.5726,88.3639
24.1,77,7.3,70,2023-11-30 12:00:00,Kolkata,22.5726,88.3639
23.5,80,7.2,37,2023-11-30 13:00:00,Kolkata,22.5726,88.3639
22.6,82,6.8,18,2023-11-30 14:00:00,Kolkata,22.5726,88.3639
22.4,81,6.6,22,2023-11-30 15:00:00,Kolkata,22.5726,88.3639
21.8,82,7.1,30,2023-11-30 16:00:00,Kolkata,22.5726,88.3639
21.3,82,7.5,17,2023-11-30 17:00:00,Kolkata,22.5726,88.3639
21.0,82,7.2,18,2023-11-30 18:00:00,Kolkata,22.5726,88.3639
20.9,82,6.8,18,2023-11-30 19:00:00,Kolkata,22.5726,88.3639
20.2,85,6.4,16,2023-11-30 20:00:00,Kolkata,22.5726,88.3639
19.6,88,6.1,28,2023-11-30 21:00:00,Kolkata,22.5726,88.3639
19.5,89,6.4,27,2023-11-30 22:00:00,Kolkata,22.5726,88.3639
19.0,90,6.1,28,2023-11-30 23:00:00,Kolkata,22.5726,88.3639
19.0,88,6.9,28,2023-12-01 00:00:00,Kolkata,22.5726,88.3639
20.2,82,9.1,34,2023-12-01 01:00:00,Kolkata,22.5726,88.3639
22.0,75,9.4,23,2023-12-01 02:00:00,Kolkata,22.5726,88.3639
24.5,67,8.2,15,2023-12-01 03:00:00,Kolkata,22.5726,88.3639
26.7,57,11.1,13,2023-12-01 04:00:00,Kolkata,22.5726,88.3639
28.2,51,14.1,15,2023-12-01 05:00:00,Kolkata,22.5726,88.3639
29.2,47,13.2,17,2023-12-01 06:00:00,Kolkata,22.5726,88.3639
29.9,45,11.8,20,2023-12-01 07:00:00,Kolkata,22.5726,88.3639
30.2,43,11.5,20,2023-12-01 08:00:00,Kolkata,22.5726,88.3639
30.1,43,10.7,20,2023-12-01 09:00:00,Kolkata,22.5726,88.3639
29.4,47,8.4,20,2023-12-01 10:00:00,Kolkata,22.5726,88.3639
26.5,63,7.2,27,2023-12-01 11:00:00,Kolkata,22.5726,88.3639
24.6,67,7.7,37,2023-12-01 12:00:00,Kolkata,22.5726,88.3639
24.0,70,7.0,55,2023-12-01 13:00:00,Kolkata,22.5726,88.3639
22.8,76,8.2,49,2023-12-01 14:00:00,Kolkata,22.5726,88.3639
22.5,75,6.4,27,2023-12-01 15:00:00,Kolkata,22.5726,88.3639
22.4,73,7.2,27,2023-12-01 16:00:00,Kolkata,22.5726,88.3639
22.2,69,8.6,22,2023-12-01 17:00:00,Kolkata,22.5726,88.3639
21.9,68,9.3,13,2023-12-01 18:00:00,Kolkata,22.5726,88.3639
21.5,68,8.6,22,2023-12-01 19:00:00,Kolkata,22.5726,88.3639
20.0,75,7.9,47,2023-12-01 20:00:00,Kolkata,22.5726,88.3639
19.8,77,6.8,25,2023-12-01 21:00:00,Kolkata,22.5726,88.3639
20.3,76,10.2,8,2023-12-01 22:00:00,Kolkata,22.5726,88.3639
20.2,80,10.7,12,2023-12-01 23:00:00,Kolkata,22.5726,88.3639
20.2,83,11.8,12,2023-12-02 00:00:00,Kolkata,22.5726,88.3639
20.6,85,12.6,13,2023-12-02 01:00:00,Kolkata,22.5726,88.3639
22.3,80,9.9,19,2023-12-02 02:00:00,Kolkata,22.5726,88.3639
24.4,73,10.5,16,2023-12-02 03:00:00,Kolkata,22.5726,88.3639
26.2,66,10.6,28,2023-12-02 04:00:00,Kolkata,22.5726,88.3639
27.7,60,9.4,50,2023-12-02 05:00:00,Kolkata,22.5726,88.3639
28.8,55,8.9,50,2023-12-02 06:00:00,Kolkata,22.5726,88.3639
29.5,52,8.7,52,2023-12-02 07:00:00,Kolkata,22.5726,88.3639
29.8,51,8.7,42,2023-12-02 08:00:00,Kolkata,22.5726,88.3639
29.8,50,7.7,41,2023-12-02 09:00:00,Kolkata,22.5726,88.3639
29.3,52,5.9,52,2023-12-02 10:00:00,Kolkata,22.5726,88.3639
26.9,66,5.1,51,2023-12-02 11:00:00,Kolkata,22.5726,88.3639
24.5,76,7.1,60,2023-12-02 12:00:00,Kolkata,22.5726,88.3639
23.9,74,5.6,50,2023-12-02 13:00:00,Kolkata,22.5726,88.3639
22.6,80,7.4,43,2023-12-02 14:00:00,Kolkata,22.5726,88.3639
22.4,81,6.1,40,2023-12-02 15:00:00,Kolkata,22.5726,88.3639
22.0,82,6.1,40,2023-12-02 16:00:00,Kolkata,22.5726,88.3639
21.8,81,6.7,36,2023-12-02 17:00:00,Kolkata,22.5726,88.3639
21.3,82,6.4,47,2023-12-02 18:00:00,Kolkata,22.5726,88.3639
20.6,85,6.0,65,2023-12-02 19:00:00,Kolkata,22.5726,88.3639
20.3,86,6.4,47,2023-12-02 20:00:00,Kolkata,22.5726,88.3639
20.2,84,7.9,30,2023-12-02 21:00:00,Kolkata,22.5726,88.3639
19.9,85,6.7,36,2023-12-02 22:00:00,Kolkata,22.5726,88.3639
19.4,88,6.1,28,2023-12-02 23:00:00,Kolkata,22.5726,88.3639
19.8,86,7.4,14,2023-12-03 00:00:00,Kolkata,22.5726,88.3639
20.8,86,9.8,17,2023-12-03 01:00:00,Kolkata,22.5726,88.3639
22.4,80,9.5,9,2023-12-03 02:00:00,Kolkata,22.5726,88.3639
24.5,73,9.1,9,2023-12-03 03:00:00,Kolkata,22.5726,88.3639
26.6,65,10.5,16,2023-12-03 04:00:00,Kolkata,22.5726,88.3639
28.1,58,10.6,24,2023-12-03 05:00:00,Kolkata,22.5726,88.3639
29.1,53,9.7,27,2023-12-03 06:00:00,Kolkata,22.5726,88.3639
29.9,50,10.5,22,2023-12-03 07:00:00,Kolkata,22.5726,88.3639
30.1,50,9.4,23,2023-12-03 08:00:00,Kolkata,22.5726,88.3639
30.0,50,8.6,22,2023-12-03 09:00:00,Kolkata,22.5726,88.3639
29.6,52,6.4,27,2023-12-03 10:00:00,Kolkata,22.5726,88.3639
27.4,70,5.6,45,2023-12-03 11:00:00,Kolkata,22.5726,88.3639
27.5,61,2.2,81,2023-12-03 12:00:00,Kolkata,22.5726,88.3639
24.1,71,6.5,360,2023-12-03 13:00:00,Kolkata,22.5726,88.3639
23.6,73,6.4,16,2023-12-03 14:00:00,Kolkata,22.5726,88.3639
23.0,76,6.6,29,2023-12-03 15:00:00,Kolkata,22.5726,88.3639
23.3,75,6.4,38,2023-12-03 16:00:00,Kolkata,22.5726,88.3639
22.1,80,6.9,39,2023-12-03 17:00:00,Kolkata,22.5726,88.3639
22.2,80,8.6,33,2023-12-03 18:00:00,Kolkata,22.5726,88.3639
22.4,78,8.3,34,2023-12-03 19:00:00,Kolkata,22.5726,88.3639
22.5,77,7.4,39,2023-12-03 20:00:00,Kolkata,22.5726,88.3639
21.6,82,8.3,34,2023-12-03 21:00:00,Kolkata,22.5726,88.3639
21.0,84,8.0,27,2023-12-03 22:00:00,Kolkata,22.5726,88.3639
20.6,85,6.9,28,2023-12-03 23:00:00,Kolkata,22.5726,88.3639
20.4,86,7.5,35,2023-12-04 00:00:00,Kolkata,22.5726,88.3639
22.2,78,9.8,36,2023-12-04 01:00:00,Kolkata,22.5726,88.3639
23.1,75,8.0,27,2023-12-04 02:00:00,Kolkata,22.5726,88.3639
23.9,73,8.9,32,2023-12-04 03:00:00,Kolkata,22.5726,88.3639
25.0,69,10.7,33,2023-12-04 04:00:00,Kolkata,22.5726,88.3639
26.2,64,12.3,32,2023-12-04 05:00:00,Kolkata,22.5726,88.3639
27.4,59,12.3,38,2023-12-04 06:00:00,Kolkata,22.5726,88.3639
27.2,59,9.4,43,2023-12-04 07:00:00,Kolkata,22.5726,88.3639
27.6,57,7.9,51,2023-12-04 08:00:00,Kolkata,22.5726,88.3639
27.3,58,6.2,54,2023-12-04 09:00:00,Kolkata,22.5726,88.3639
26.7,64,3.8,41,2023-12-04 10:00:00,Kolkata,22.5726,88.3639
25.5,74,4.7,32,2023-12-04 11:00:00,Kolkata,22.5726,88.3639
24.7,76,4.9,36,2023-12-04 12:00:00,Kolkata,22.5726,88.3639
24.3,72,6.6,9,2023-12-04 13:00:00,Kolkata,22.5726,88.3639
23.9,72,5.9,38,2023-12-04 14:00:00,Kolkata,22.5726,88.3639
23.1,78,6.8,65,2023-12-04 15:00:00,Kolkata,22.5726,88.3639
23.1,76,5.4,86,2023-12-04 16:00:00,Kolkata,22.5726,88.3639
22.9,80,4.6,129,2023-12-04 17:00:00,Kolkata,22.5726,88.3639
23.2,77,3.1,144,2023-12-04 18:00:00,Kolkata,22.5726,88.3639
23.8,72,2.9,60,2023-12-04 19:00:00,Kolkata,22.5726,88.3639
23.5,74,1.9,158,2023-12-04 20:00:00,Kolkata,22.5726,88.3639
22.7,78,4.2,20,2023-12-04 21:00:00,Kolkata,22.5726,88.3639
22.9,76,8.2,29,2023-12-04 22:00:00,Kolkata,22.5726,88.3639
23.0,74,9.0,29,2023-12-04 23:00:00,Kolkata,22.5726,88.3639
23.5,62,12.7,25,2023-12-05 00:00:00,Kolkata,22.5726,88.3639
23.1,73,12.6,27,2023-12-05 01:00:00,Kolkata,22.5726,88.3639
23.4,69,10.6,28,2023-12-05 02:00:00,Kolkata,22.5726,88.3639
24.0,65,8.2,29,2023-12-05 03:00:00,Kolkata,22.5726,88.3639
24.6,63,10.3,12,2023-12-05 04:00:00,Kolkata,22.5726,88.3639
25.4,59,13.0,355,2023-12-05 05:00:00,Kolkata,22.5726,88.3639
24.9,60,13.0,360,2023-12-05 06:00:00,Kolkata,22.5726,88.3639
25.2,61,13.7,3,2023-12-05 07:00:00,Kolkata,22.5726,88.3639
25.6,58,14.4,13,2023-12-05 08:00:00,Kolkata,22.5726,88.3639
25.1,57,12.7,25,2023-12-05 09:00:00,Kolkata,22.5726,88.3639
24.2,60,8.7,45,2023-12-05 10:00:00,Kolkata,22.5726,88.3639
23.8,63,7.9,43,2023-12-05 11:00:00,Kolkata,22.5726,88.3639
23.1,66,8.7,24,2023-12-05 12:00:00,Kolkata,22.5726,88.3639
23.3,71,9.0,16,2023-12-05 13:00:00,Kolkata,22.5726,88.3639
23.0,70,9.7,22,2023-12-05 14:00:00,Kolkata,22.5726,88.3639
22.7,69,9.5,11,2023-12-05 15:00:00,Kolkata,22.5726,88.3639
22.5,69,9.4,18,2023-12-05 16:00:00,Kolkata,22.5726,88.3639
21.9,71,8.4,25,2023-12-05 17:00:00,Kolkata,22.5726,88.3639
21.9,71,9.8,24,2023-12-05 18:00:00,Kolkata,22.5726,88.3639
21.9,72,8.9,14,2023-12-05 19:00:00,Kolkata,22.5726,88.3639
21.8,72,11.4,11,2023-12-05 20:00:00,Kolkata,22.5726,88.3639
21.5,73,11.6,5,2023-12-05 21:00:00,Kolkata,22.5726,88.3639
21.4,74,13.4,8,2023-12-05 22:00:00,Kolkata,22.5726,88.3639
21.0,76,14.6,9,2023-12-05 23:00:00,Kolkata,22.5726,88.3639
20.7,76,12.6,27,2023-12-06 00:00:00,Kolkata,22.5726,88.3639
22.2,80,15.0,35,2023-12-06 01:00:00,Kolkata,22.5726,88.3639
22.5,81,11.5,32,2023-12-06 02:00:00,Kolkata,22.5726,88.3639
23.6,75,13.0,42,2023-12-06 03:00:00,Kolkata,22.5726,88.3639
25.2,67,15.8,43,2023-12-06 04:00:00,Kolkata,22.5726,88.3639
26.4,62,15.3,45,2023-12-06 05:00:00,Kolkata,22.5726,88.3639
27.0,56,14.5,42,2023-12-06 06:00:00,Kolkata,22.5726,88.3639
27.4,52,14.8,39,2023-12-06 07:00:00,Kolkata,22.5726,88.3639
27.7,49,14.3,41,2023-12-06 08:00:00,Kolkata,22.5726,88.3639
27.4,48,12.2,45,2023-12-06 09:00:00,Kolkata,22.5726,88.3639
26.8,49,9.2,45,2023-12-06 10:00:00,Kolkata,22.5726,88.3639
25.5,56,8.3,34,2023-12-06 11:00:00,Kolkata,22.5726,88.3639
23.9,64,4.7,4,2023-12-06 12:00:00,Kolkata,22.5726,88.3639
21.2,89,13.1,16,2023-12-06 13:00:00,Kolkata,22.5726,88.3639
21.2,89,13.4,31,2023-12-06 14:00:00,Kolkata,22.5726,88.3639
21.1,91,11.1,25,2023-12-06 15:00:00,Kolkata,22.5726,88.3639
21.2,93,10.4,20,2023-12-06 16:00:00,Kolkata,22.5726,88.3639
21.0,92,12.3,21,2023-12-06 17:00:00,Kolkata,22.5726,88.3639
20.6,93,11.3,27,2023-12-06 18:00:00,Kolkata,22.5726,88.3639
20.4,92,14.0,18,2023-12-06 19:00:00,Kolkata,22.5726,88.3639
19.7,91,14.5,19,2023-12-06 20:00:00,Kolkata,22.5726,88.3639
19.4,88,16.7,37,2023-12-06 21:00:00,Kolkata,22.5726,88.3639
19.2,89,13.8,43,2023-12-06 22:00:00,Kolkata,22.5726,88.3639
19.0,92,12.2,34,2023-12-06 23:00:00,Kolkata,22.5726,88.3639
18.8,93,11.4,28,2023-12-07 00:00:00,Kolkata,22.5726,88.3639
19.3,93,11.2,48,2023-12-07 01:00:00,Kolkata,22.5726,88.3639
19.8,93,7.9,51,2023-12-07 02:00:00,Kolkata,22.5726,88.3639
20.0,92,12.9,54,2023-12-07 03:00:00,Kolkata,22.5726,88.3639
20.2,91,13.5,48,2023-12-07 04:00:00,Kolkata,22.5726,88.3639
20.8,89,12.6,53,2023-12-07 05:00:00,Kolkata,22.5726,88.3639
21.7,84,10.8,53,2023-12-07 06:00:00,Kolkata,22.5726,88.3639
21.4,86,10.2,48,2023-12-07 07:00:00,Kolkata,22.5726,88.3639
21.0,89,8.7,38,2023-12-07 08:00:00,Kolkata,22.5726,88.3639
21.0,91,9.0,37,2023-12-07 09:00:00,Kolkata,22.5726,88.3639
21.2,90,11.0,41,2023-12-07 10:00:00,Kolkata,22.5726,88.3639
20.8,91,9.9,33,2023-12-07 11:00:00,Kolkata,22.5726,88.3639
20.4,93,6.5,34,2023-12-07 12:00:00,Kolkata,22.5726,88.3639
19.9,94,9.2,11,2023-12-07 13:00:00,Kolkata,22.5726,88.3639
19.8,95,12.7,335,2023-12-07 14:00:00,Kolkata,22.5726,88.3639
19.8,95,11.5,360,2023-12-07 15:00:00,Kolkata,22.5726,88.3639
19.9,95,10.7,12,2023-12-07 16:00:00,Kolkata,22.5726,88.3639
19.9,95,10.2,18,2023-12-07 17:00:00,Kolkata,22.5726,88.3639
19.8,95,7.7,11,2023-12-07 18:00:00,Kolkata,22.5726,88.3639
19.2,97,5.0,21,2023-12-07 19:00:00,Kolkata,22.5726,88.3639
18.6,98,5.4,48,2023-12-07 20:00:00,Kolkata,22.5726,88.3639
18.5,98,4.0,355,2023-12-07 21:00:00,Kolkata,22.5726,88.3639
18.9,98,8.4,329,2023-12-07 22:00:00,Kolkata,22.5726,88.3639
18.6,98,12.2,326,2023-12-07 23:00:00,Kolkata,22.5726,88.3639
18.7,96,13.4,333,2023-12-08 00:00:00,Kolkata,22.5726,88.3639
19.2,93,10.4,340,2023-12-08 01:00:00,Kolkata,22.5726,88.3639
19.5,90,11.0,341,2023-12-08 02:00:00,Kolkata,22.5726,88.3639
20.4,85,7.0,348,2023-12-08 03:00:00,Kolkata,22.5726,88.3639
21.9,80,6.6,351,2023-12-08 04:00:00,Kolkata,22.5726,88.3639
23.9,69,10.4,346,2023-12-08 05:00:00,Kolkata,22.5726,88.3639
24.8,64,12.1,330,2023-12-08 06:00:00,Kolkata,22.5726,88.3639
25.1,62,12.8,328,2023-12-08 07:00:00,Kolkata,22.5726,88.3639
24.8,64,12.3,328,2023-12-08 08:00:00,Kolkata,22.5726,88.3639
25.0,64,11.5,321,2023-12-08 09:00:00,Kolkata,22.5726,88.3639
24.9,65,9.4,313,2023-12-08 10:00:00,Kolkata,22.5726,88.3639
23.7,71,5.9,313,2023-12-08 11:00:00,Kolkata,22.5726,88.3639
21.1,83,7.4,313,2023-12-08 12:00:00,Kolkata,22.5726,88.3639
20.0,87,7.6,335,2023-12-08 13:00:00,Kolkata,22.5726,88.3639
19.9,88,6.7,324,2023-12-08 14:00:00,Kolkata,22.5726,88.3639
19.2,92,7.6,301,2023-12-08 15:00:00,Kolkata,22.5726,88.3639
19.2,90,7.1,315,2023-12-08 16:00:00,Kolkata,22.5726,88.3639
18.8,92,7.9,336,2023-12-08 17:00:00,Kolkata,22.5726,88.3639
18.0,93,7.4,331,2023-12-08 18:00:00,Kolkata,22.5726,88.3639
17.5,94,7.3,327,2023-12-08 19:00:00,Kolkata,22.5726,88.3639
17.0,94,8.5,324,2023-12-08 20:00:00,Kolkata,22.5726,88.3639
16.6,95,7.7,323,2023-12-08 21:00:00,Kolkata,22.5726,88.3639
17.2,94,7.7,323,2023-12-08 22:00:00,Kolkata,22.5726,88.3639
17.2,94,9.0,323,2023-12-08 23:00:00,Kolkata,22.5726,88.3639
17.0,94,9.0,323,2023-12-09 00:00:00,Kolkata,22.5726,88.3639
18.2,94,9.3,332,2023-12-09 01:00:00,Kolkata,22.5726,88.3639
19.5,89,9.0,331,2023-12-09 02:00:00,Kolkata,22.5726,88.3639
21.4,81,10.2,337,2023-12-09 03:00:00,Kolkata,22.5726,88.3639
23.1,75,10.9,343,2023-12-09 04:00:00,Kolkata,22.5726,88.3639
24.6,68,12.1,350,2023-12-09 05:00:00,Kolkata,22.5726,88.3639
25.5,62,12.7,352,2023-12-09 06:00:00,Kolkata,22.5726,88.3639
26.0,59,12.2,346,2023-12-09 07:00:00,Kolkata,22.5726,88.3639
26.2,56,11.2,339,2023-12-09 08:00:00,Kolkata,22.5726,88.3639
26.1,54,10.3,331,2023-12-09 09:00:00,Kolkata,22.5726,88.3639
25.5,59,8.7,322,2023-12-09 10:00:00,Kolkata,22.5726,88.3639
23.1,70,5.9,308,2023-12-09 11:00:00,Kolkata,22.5726,88.3639
20.9,78,7.2,297,2023-12-09 12:00:00,Kolkata,22.5726,88.3639
19.5,83,9.2,312,2023-12-09 13:00:00,Kolkata,22.5726,88.3639
19.1,85,8.7,315,2023-12-09 14:00:00,Kolkata,22.5726,88.3639
19.9,81,6.0,327,2023-12-09 15:00:00,Kolkata,22.5726,88.3639
18.5,86,9.0,5,2023-12-09 16:00:00,Kolkata,22.5726,88.3639
18.0,88,8.0,72,2023-12-09 17:00:00,Kolkata,22.5726,88.3639
17.4,92,7.3,81,2023-12-09 18:00:00,Kolkata,22.5726,88.3639
17.2,92,6.8,32,2023-12-09 19:00:00,Kolkata,22.5726,88.3639
17.1,93,5.0,339,2023-12-09 20:00:00,Kolkata,22.5726,88.3639
15.8,97,6.6,315,2023-12-09 21:00:00,Kolkata,22.5726,88.3639
15.4,96,8.1,315,2023-12-09 22:00:00,Kolkata,22.5726,88.3639
15.1,96,7.7,307,2023-12-09 23:00:00,Kolkata,22.5726,88.3639
14.9,96,7.3,303,2023-12-10 00:00:00,Kolkata,22.5726,88.3639
16.0,93,4.3,294,2023-12-10 01:00:00,Kolkata,22.5726,88.3639
18.0,85,5.7,288,2023-12-10 02:00:00,Kolkata,22.5726,88.3639
20.3,77,5.0,300,2023-12-10 03:00:00,Kolkata,22.5726,88.3639
22.5,69,6.1,310,2023-12-10 04:00:00,Kolkata,22.5726,88.3639
24.1,61,6.4,317,2023-12-10 05:00:00,Kolkata,22.5726,88.3639
25.4,45,9.5,323,2023-12-10 06:00:00,Kolkata,22.5726,88.3639
25.6,40,11.3,323,2023-12-10 07:00:00,Kolkata,22.5726,88.3639
25.6,39,12.0,316,2023-12-10 08:00:00,Kolkata,22.5726,88.3639
25.4,39,11.8,310,2023-12-10 09:00:00,Kolkata,22.5726,88.3639
24.3,46,8.3,304,2023-12-10 10:00:00,Kolkata,22.5726,88.3639
21.0,62,8.2,293,2023-12-10 11:00:00,Kolkata,22.5726,88.3639
18.9,64,9.8,287,2023-12-10 12:00:00,Kolkata,22.5726,88.3639
18.1,69,11.3,297,2023-12-10 13:00:00,Kolkata,22.5726,88.3639
17.1,72,11.8,308,2023-12-10 14:00:00,Kolkata,22.5726,88.3639
16.7,71,9.7,329,2023-12-10 15:00:00,Kolkata,22.5726,88.3639
15.9,76,9.5,349,2023-12-10 16:00:00,Kolkata,22.5726,88.3639
15.9,75,7.8,347,2023-12-10 17:00:00,Kolkata,22.5726,88.3639
16.2,71,8.4,350,2023-12-10 18:00:00,Kolkata,22.5726,88.3639
15.5,74,8.1,347,2023-12-10 19:00:00,Kolkata,22.5726,88.3639
15.0,74,8.0,350,2023-12-10 20:00:00,Kolkata,22.5726,88.3639
14.8,74,7.8,347,2023-12-10 21:00:00,Kolkata,22.5726,88.3639
14.2,77,7.4,346,2023-12-10 22:00:00,Kolkata,22.5726,88.3639
13.4,82,8.3,342,2023-12-10 23:00:00,Kolkata,22.5726,88.3639
13.2,84,7.2,333,2023-12-11 00:00:00,Kolkata,22.5726,88.3639
14.7,84,6.3,336,2023-12-11 01:00:00,Kolkata,22.5726,88.3639
16.8,78,8.8,325,2023-12-11 02:00:00,Kolkata,22.5726,88.3639
19.1,72,7.7,323,2023-12-11 03:00:00,Kolkata,22.5726,88.3639
21.6,66,8.7,330,2023-12-11 04:00:00,Kolkata,22.5726,88.3639
23.5,56,10.6,336,2023-12-11 05:00:00,Kolkata,22.5726,88.3639
24.4,48,13.4,340,2023-12-11 06:00:00,Kolkata,22.5726,88.3639
24.8,46,14.0,337,2023-12-11 07:00:00,Kolkata,22.5726,88.3639
24.9,45,14.0,337,2023-12-11 08:00:00,Kolkata,22.5726,88.3639
24.5,46,13.9,339,2023-12-11 09:00:00,Kolkata,22.5726,88.3639
23.8,51,10.4,340,2023-12-11 10:00:00,Kolkata,22.5726,88.3639
20.6,69,8.3,342,2023-12-11 11:00:00,Kolkata,22.5726,88.3639
19.2,70,8.4,350,2023-12-11 12:00:00,Kolkata,22.5726,88.3639
18.0,74,9.7,22,2023-12-11 13:00:00,Kolkata,22.5726,88.3639
17.5,76,9.2,21,2023-12-11 14:00:00,Kolkata,22.5726,88.3639
16.8,79,8.7,353,2023-12-11 15:00:00,Kolkata,22.5726,88.3639
15.6,85,8.5,324,2023-12-11 16:00:00,Kolkata,22.5726,88.3639
14.9,87,9.5,331,2023-12-11 17:00:00,Kolkata,22.5726,88.3639
14.5,88,9.2,329,2023-12-11 18:00:00,Kolkata,22.5726,88.3639
14.3,89,8.1,328,2023-12-11 19:00:00,Kolkata,22.5726,88.3639
14.1,90,7.4,331,2023-12-11 20:00:00,Kolkata,22.5726,88.3639
14.0,90,6.5,326,2023-12-11 21:00:00,Kolkata,22.5726,88.3639
13.9,91,6.7,324,2023-12-11 22:00:00,Kolkata,22.5726,88.3639
13.6,91,7.0,325,2023-12-11 23:00:00,Kolkata,22.5726,88.3639
13.2,91,6.5,326,2023-12-12 00:00:00,Kolkata,22.5726,88.3639
14.4,91,6.8,335,2023-12-12 01:00:00,Kolkata,22.5726,88.3639
16.0,84,6.7,324,2023-12-12 02:00:00,Kolkata,22.5726,88.3639
18.2,77,6.3,329,2023-12-12 03:00:00,Kolkata,22.5726,88.3639
20.5,69,7.1,336,2023-12-12 04:00:00,Kolkata,22.5726,88.3639
22.4,64,8.2,345,2023-12-12 05:00:00,Kolkata,22.5726,88.3639
23.6,61,8.1,347,2023-12-12 06:00:00,Kolkata,22.5726,88.3639
24.2,58,7.9,344,2023-12-12 07:00:00,Kolkata,22.5726,88.3639
24.5,55,7.0,339,2023-12-12 08:00:00,Kolkata,22.5726,88.3639
24.5,54,6.3,329,2023-12-12 09:00:00,Kolkata,22.5726,88.3639
24.0,57,5.6,320,2023-12-12 10:00:00,Kolkata,22.5726,88.3639
21.4,75,7.0,305,2023-12-12 11:00:00,Kolkata,22.5726,88.3639
19.0,79,8.5,306,2023-12-12 12:00:00,Kolkata,22.5726,88.3639
18.8,80,8.8,305,2023-12-12 13:00:00,Kolkata,22.5726,88.3639
19.0,77,6.4,286,2023-12-12 14:00:00,Kolkata,22.5726,88.3639
17.6,83,6.6,261,2023-12-12 15:00:00,Kolkata,22.5726,88.3639
16.8,85,7.6,270,2023-12-12 16:00:00,Kolkata,22.5726,88.3639
15.8,88,8.6,285,2023-12-12 17:00:00,Kolkata,22.5726,88.3639
15.3,88,6.9,298,2023-12-12 18:00:00,Kolkata,22.5726,88.3639
14.8,87,6.6,311,2023-12-12 19:00:00,Kolkata,22.5726,88.3639
14.1,88,7.9,317,2023-12-12 20:00:00,Kolkata,22.5726,88.3639
13.4,89,8.5,332,2023-12-12 21:00:00,Kolkata,22.5726,88.3639
14.1,81,7.9,336,2023-12-12 22:00:00,Kolkata,22.5726,88.3639
13.9,78,7.6,335,2023-12-12 23:00:00,Kolkata,22.5726,88.3639
13.4,81,7.2,342,2023-12-13 00:00:00,Kolkata,22.5726,88.3639
13.8,83,6.3,336,2023-12-13 01:00:00,Kolkata,22.5726,88.3639
15.8,79,6.3,336,2023-12-13 02:00:00,Kolkata,22.5726,88.3639
18.2,75,4.7,328,2023-12-13 03:00:00,Kolkata,22.5726,88.3639
20.9,69,4.2,340,2023-12-13 04:00:00,Kolkata,22.5726,88.3639
23.0,60,5.4,340,2023-12-13 05:00:00,Kolkata,22.5726,88.3639
24.2,52,7.4,331,2023-12-13 06:00:00,Kolkata,22.5726,88.3639
24.9,44,8.2,319,2023-12-13 07:00:00,Kolkata,22.5726,88.3639
25.1,41,9.0,307,2023-12-13 08:00:00,Kolkata,22.5726,88.3639
24.9,42,9.9,303,2023-12-13 09:00:00,Kolkata,22.5726,88.3639
24.0,50,7.2,307,2023-12-13 10:00:00,Kolkata,22.5726,88.3639
20.7,71,9.2,296,2023-12-13 11:00:00,Kolkata,22.5726,88.3639
19.1,68,9.4,272,2023-12-13 12:00:00,Kolkata,22.5726,88.3639
20.1,59,6.8,267,2023-12-13 13:00:00,Kolkata,22.5726,88.3639
18.5,68,7.3,250,2023-12-13 14:00:00,Kolkata,22.5726,88.3639
19.7,63,6.5,270,2023-12-13 15:00:00,Kolkata,22.5726,88.3639
19.3,65,2.1,149,2023-12-13 16:00:00,Kolkata,22.5726,88.3639
16.8,79,4.0,175,2023-12-13 17:00:00,Kolkata,22.5726,88.3639
16.5,81,6.1,177,2023-12-13 18:00:00,Kolkata,22.5726,88.3639
18.6,69,4.5,151,2023-12-13 19:00:00,Kolkata,22.5726,88.3639
14.9,87,6.8,328,2023-12-13 20:00:00,Kolkata,22.5726,88.3639
13.8,90,8.9,320,2023-12-13 21:00:00,Kolkata,22.5726,88.3639
13.2,91,8.4,310,2023-12-13 22:00:00,Kolkata,22.5726,88.3639
12.8,92,7.9,294,2023-12-13 23:00:00,Kolkata,22.5726,88.3639
12.8,91,7.4,317,2023-12-14 00:00:00,Kolkata,22.5726,88.3639
13.8,89,5.4,323,2023-12-14 01:00:00,Kolkata,22.5726,88.3639
16.3,79,6.8,335,2023-12-14 02:00:00,Kolkata,22.5726,88.3639
18.9,73,5.4,340,2023-12-14 03:00:00,Kolkata,22.5726,88.3639
21.4,65,5.9,349,2023-12-14 04:00:00,Kolkata,22.5726,88.3639
23.3,58,5.4,352,2023-12-14 05:00:00,Kolkata,22.5726,88.3639
24.4,50,6.2,350,2023-12-14 06:00:00,Kolkata,22.5726,88.3639
25.0,47,7.1,330,2023-12-14 07:00:00,Kolkata,22.5726,88.3639
25.1,47,8.7,322,2023-12-14 08:00:00,Kolkata,22.5726,88.3639
24.9,46,8.4,317,2023-12-14 09:00:00,Kolkata,22.5726,88.3639
24.1,53,7.1,315,2023-12-14 10:00:00,Kolkata,22.5726,88.3639
21.0,69,7.1,319,2023-12-14 11:00:00,Kolkata,22.5726,88.3639
18.2,78,9.6,326,2023-12-14 12:00:00,Kolkata,22.5726,88.3639
17.9,75,9.4,4,2023-12-14 13:00:00,Kolkata,22.5726,88.3639
19.9,63,5.5,11,2023-12-14 14:00:00,Kolkata,22.5726,88.3639
18.7,69,5.8,360,2023-12-14 15:00:00,Kolkata,22.5726,88.3639
15.4,84,8.9,346,2023-12-14 16:00:00,Kolkata,22.5726,88.3639
14.8,86,7.6,357,2023-12-14 17:00:00,Kolkata,22.5726,88.3639
14.4,84,7.3,9,2023-12-14 18:00:00,Kolkata,22.5726,88.3639
13.8,87,7.4,23,2023-12-14 19:00:00,Kolkata,22.5726,88.3639
13.6,88,8.4,25,2023-12-14 20:00:00,Kolkata,22.5726,88.3639
13.1,89,10.5,27,2023-12-14 21:00:00,Kolkata,22.5726,88.3639
12.9,90,9.9,10,2023-12-14 22:00:00,Kolkata,22.5726,88.3639
12.9,90,7.2,6,2023-12-14 23:00:00,Kolkata,22.5726,88.3639
12.5,91,7.6,360,2023-12-15 00:00:00,Kolkata,22.5726,88.3639
13.5,91,5.4,352,2023-12-15 01:00:00,Kolkata,22.5726,88.3639
15.7,82,7.4,346,2023-12-15 02:00:00,Kolkata,22.5726,88.3639
18.2,74,5.9,346,2023-12-15 03:00:00,Kolkata,22.5726,88.3639
20.9,67,7.1,345,2023-12-15 04:00:00,Kolkata,22.5726,88.3639
22.6,58,10.3,348,2023-12-15 05:00:00,Kolkata,22.5726,88.3639
23.5,50,12.9,342,2023-12-15 06:00:00,Kolkata,22.5726,88.3639
24.0,48,12.9,342,2023-12-15 07:00:00,Kolkata,22.5726,88.3639
24.2,45,12.3,339,2023-12-15 08:00:00,Kolkata,22.5726,88.3639
24.1,46,11.7,342,2023-12-15 09:00:00,Kolkata,22.5726,88.3639
23.4,52,9.6,347,2023-12-15 10:00:00,Kolkata,22.5726,88.3639
20.5,65,6.5,354,2023-12-15 11:00:00,Kolkata,22.5726,88.3639
17.7,75,10.1,6,2023-12-15 12:00:00,Kolkata,22.5726,88.3639
17.6,73,9.4,4,2023-12-15 13:00:00,Kolkata,22.5726,88.3639
17.9,70,8.7,17,2023-12-15 14:00:00,Kolkata,22.5726,88.3639
18.8,64,6.9,9,2023-12-15 15:00:00,Kolkata,22.5726,88.3639
17.2,72,5.4,323,2023-12-15 16:00:00,Kolkata,22.5726,88.3639
14.2,87,7.6,301,2023-12-15 17:00:00,Kolkata,22.5726,88.3639
14.3,85,8.7,312,2023-12-15 18:00:00,Kolkata,22.5726,88.3639
13.3,89,9.7,315,2023-12-15 19:00:00,Kolkata,22.5726,88.3639
12.9,91,9.7,315,2023-12-15 20:00:00,Kolkata,22.5726,88.3639
12.4,91,10.0,319,2023-12-15 21:00:00,Kolkata,22.5726,88.3639
12.9,90,6.8,328,2023-12-15 22:00:00,Kolkata,22.5726,88.3639
12.8,90,6.7,324,2023-12-15 23:00:00,Kolkata,22.5726,88.3639
12.4,91,6.7,324,2023-12-16 00:00:00,Kolkata,22.5726,88.3639
13.4,91,6.6,331,2023-12-16 01:00:00,Kolkata,22.5726,88.3639
15.6,84,8.4,329,2023-12-16 02:00:00,Kolkata,22.5726,88.3639
18.2,76,6.4,333,2023-12-16 03:00:00,Kolkata,22.5726,88.3639
20.8,67,7.4,337,2023-12-16 04:00:00,Kolkata,22.5726,88.3639
22.7,55,9.0,344,2023-12-16 05:00:00,Kolkata,22.5726,88.3639
23.8,46,10.4,346,2023-12-16 06:00:00,Kolkata,22.5726,88.3639
24.4,43,9.8,343,2023-12-16 07:00:00,Kolkata,22.5726,88.3639
24.6,42,8.4,340,2023-12-16 08:00:00,Kolkata,22.5726,88.3639
24.5,43,7.9,344,2023-12-16 09:00:00,Kolkata,22.5726,88.3639
23.8,51,5.2,344,2023-12-16 10:00:00,Kolkata,22.5726,88.3639
20.8,68,7.6,341,2023-12-16 11:00:00,Kolkata,22.5726,88.3639
19.2,67,7.6,357,2023-12-16 12:00:00,Kolkata,22.5726,88.3639
18.8,66,7.0,21,2023-12-16 13:00:00,Kolkata,22.5726,88.3639
18.9,63,7.2,37,2023-12-16 14:00:00,Kolkata,22.5726,88.3639
19.4,58,5.1,45,2023-12-16 15:00:00,Kolkata,22.5726,88.3639
18.9,60,2.5,315,2023-12-16 16:00:00,Kolkata,22.5726,88.3639
15.4,77,5.6,310,2023-12-16 17:00:00,Kolkata,22.5726,88.3639
13.9,84,9.0,323,2023-12-16 18:00:00,Kolkata,22.5726,88.3639
13.1,87,9.7,333,2023-12-16 19:00:00,Kolkata,22.5726,88.3639
12.9,87,9.2,329,2023-12-16 20:00:00,Kolkata,22.5726,88.3639
12.2,90,9.0,323,2023-12-16 21:00:00,Kolkata,22.5726,88.3639
12.3,91,6.9,321,2023-12-16 22:00:00,Kolkata,22.5726,88.3639
12.0,91,7.0,325,2023-12-16 23:00:00,Kolkata,22.5726,88.3639
11.6,91,7.2,333,2023-12-17 00:00:00,Kolkata,22.5726,88.3639
12.9,92,5.9,346,2023-12-17 01:00:00,Kolkata,22.5726,88.3639
15.2,84,7.4,346,2023-12-17 02:00:00,Kolkata,22.5726,88.3639
18.0,77,4.1,345,2023-12-17 03:00:00,Kolkata,22.5726,88.3639
20.8,68,4.5,346,2023-12-17 04:00:00,Kolkata,22.5726,88.3639
23.0,57,5.9,346,2023-12-17 05:00:00,Kolkata,22.5726,88.3639
24.0,46,8.1,339,2023-12-17 06:00:00,Kolkata,22.5726,88.3639
24.5,43,8.2,337,2023-12-17 07:00:00,Kolkata,22.5726,88.3639
24.6,43,7.6,335,2023-12-17 08:00:00,Kolkata,22.5726,88.3639
24.5,44,6.6,331,2023-12-17 09:00:00,Kolkata,22.5726,88.3639
23.7,51,5.2,326,2023-12-17 10:00:00,Kolkata,22.5726,88.3639
20.5,72,7.7,319,2023-12-17 11:00:00,Kolkata,22.5726,88.3639
18.5,71,7.8,326,2023-12-17 12:00:00,Kolkata,22.5726,88.3639
17.5,73,8.4,335,2023-12-17 13:00:00,Kolkata,22.5726,88.3639
17.2,74,7.2,357,2023-12-17 14:00:00,Kolkata,22.5726,88.3639
18.7,68,5.7,18,2023-12-17 15:00:00,Kolkata,22.5726,88.3639
18.2,70,3.3,319,2023-12-17 16:00:00,Kolkata,22.5726,88.3639
15.6,81,6.2,291,2023-12-17 17:00:00,Kolkata,22.5726,88.3639
13.8,87,9.2,296,2023-12-17 18:00:00,Kolkata,22.5726,88.3639
13.9,83,8.4,301,2023-12-17 19:00:00,Kolkata,22.5726,88.3639
13.2,85,8.3,326,2023-12-17 20:00:00,Kolkata,22.5726,88.3639
12.1,89,9.6,326,2023-12-17 21:00:00,Kolkata,22.5726,88.3639
12.3,88,6.9,321,2023-12-17 22:00:00,Kolkata,22.5726,88.3639
12.6,87,7.3,340,2023-12-17 23:00:00,Kolkata,22.5726,88.3639
12.4,89,7.0,339,2023-12-18 00:00:00,Kolkata,22.5726,88.3639
13.3,89,6.6,347,2023-12-18 01:00:00,Kolkata,22.5726,88.3639
15.5,82,8.9,339,2023-12-18 02:00:00,Kolkata,22.5726,88.3639
18.1,74,7.2,342,2023-12-18 03:00:00,Kolkata,22.5726,88.3639
20.7,65,7.9,344,2023-12-18 04:00:00,Kolkata,22.5726,88.3639
22.7,58,8.2,345,2023-12-18 05:00:00,Kolkata,22.5726,88.3639
24.0,51,9.7,345,2023-12-18 06:00:00,Kolkata,22.5726,88.3639
24.5,47,9.9,341,2023-12-18 07:00:00,Kolkata,22.5726,88.3639
24.7,46,10.3,335,2023-12-18 08:00:00,Kolkata,22.5726,88.3639
24.5,46,9.3,332,2023-12-18 09:00:00,Kolkata,22.5726,88.3639
23.9,51,7.3,327,2023-12-18 10:00:00,Kolkata,22.5726,88.3639
20.7,70,7.7,319,2023-12-18 11:00:00,Kolkata,22.5726,88.3639
18.0,76,9.3,324,2023-12-18 12:00:00,Kolkata,22.5726,88.3639
17.5,78,9.2,318,2023-12-18 13:00:00,Kolkata,22.5726,88.3639
17.1,80,8.3,326,2023-12-18 14:00:00,Kolkata,22.5726,88.3639
16.1,83,8.7,312,2023-12-18 15:00:00,Kolkata,22.5726,88.3639
15.4,84,8.7,322,2023-12-18 16:00:00,Kolkata,22.5726,88.3639
15.4,81,7.3,327,2023-12-18 17:00:00,Kolkata,22.5726,88.3639
15.1,80,7.6,335,2023-12-18 18:00:00,Kolkata,22.5726,88.3639
15.1,77,8.7,336,2023-12-18 19:00:00,Kolkata,22.5726,88.3639
14.6,78,8.0,342,2023-12-18 20:00:00,Kolkata,22.5726,88.3639
14.3,77,8.9,346,2023-12-18 21:00:00,Kolkata,22.5726,88.3639
14.2,75,10.4,346,2023-12-18 22:00:00,Kolkata,22.5726,88.3639
13.9,76,9.6,347,2023-12-18 23:00:00,Kolkata,22.5726,88.3639
13.4,78,8.4,350,2023-12-19 00:00:00,Kolkata,22.5726,88.3639
13.6,81,8.4,350,2023-12-19 01:00:00,Kolkata,22.5726,88.3639
15.2,77,9.7,338,2023-12-19 02:00:00,Kolkata,22.5726,88.3639
17.5,68,7.8,338,2023-12-19 03:00:00,Kolkata,22.5726,88.3639
20.0,61,8.0,333,2023-12-19 04:00:00,Kolkata,22.5726,88.3639
22.0,55,9.0,337,2023-12-19 05:00:00,Kolkata,22.5726,88.3639
23.3,47,8.8,341,2023-12-19 06:00:00,Kolkata,22.5726,88.3639
23.9,44,8.4,335,2023-12-19 07:00:00,Kolkata,22.5726,88.3639
24.1,42,8.7,330,2023-12-19 08:00:00,Kolkata,22.5726,88.3639
23.9,43,8.9,328,2023-12-19 09:00:00,Kolkata,22.5726,88.3639
23.1,48,7.9,330,2023-12-19 10:00:00,Kolkata,22.5726,88.3639
20.1,64,6.8,328,2023-12-19 11:00:00,Kolkata,22.5726,88.3639
17.3,73,10.0,330,2023-12-19 12:00:00,Kolkata,22.5726,88.3639
16.8,75,9.5,335,2023-12-19 13:00:00,Kolkata,22.5726,88.3639
15.8,78,10.0,330,2023-12-19 14:00:00,Kolkata,22.5726,88.3639
15.1,80,10.5,333,2023-12-19 15:00:00,Kolkata,22.5726,88.3639
14.9,79,7.9,321,2023-12-19 16:00:00,Kolkata,22.5726,88.3639
14.9,77,7.2,323,2023-12-19 17:00:00,Kolkata,22.5726,88.3639
14.5,78,7.4,331,2023-12-19 18:00:00,Kolkata,22.5726,88.3639
14.2,79,7.4,337,2023-12-19 19:00:00,Kolkata,22.5726,88.3639
14.0,80,8.0,342,2023-12-19 20:00:00,Kolkata,22.5726,88.3639
13.9,81,9.4,337,2023-12-19 21:00:00,Kolkata,22.5726,88.3639
13.8,82,10.0,339,2023-12-19 22:00:00,Kolkata,22.5726,88.3639
13.4,84,9.5,335,2023-12-19 23:00:00,Kolkata,22.5726,88.3639
13.2,85,9.8,332,2023-12-20 00:00:00,Kolkata,22.5726,88.3639
13.8,85,8.8,341,2023-12-20 01:00:00,Kolkata,22.5726,88.3639
15.4,80,9.3,332,2023-12-20 02:00:00,Kolkata,22.5726,88.3639
17.6,73,8.9,333,2023-12-20 03:00:00,Kolkata,22.5726,88.3639
20.0,67,9.2,334,2023-12-20 04:00:00,Kolkata,22.5726,88.3639
22.0,61,9.8,336,2023-12-20 05:00:00,Kolkata,22.5726,88.3639
23.5,57,10.6,342,2023-12-20 06:00:00,Kolkata,22.5726,88.3639
24.3,52,11.4,349,2023-12-20 07:00:00,Kolkata,22.5726,88.3639
24.6,49,11.4,349,2023-12-20 08:00:00,Kolkata,22.5726,88.3639
24.5,49,11.1,347,2023-12-20 09:00:00,Kolkata,22.5726,88.3639
23.9,52,8.9,346,2023-12-20 10:00:00,Kolkata,22.5726,88.3639
21.0,67,7.0,339,2023-12-20 11:00:00,Kolkata,22.5726,88.3639
18.4,75,9.8,332,2023-12-20 12:00:00,Kolkata,22.5726,88.3639
18.2,78,9.2,329,2023-12-20 13:00:00,Kolkata,22.5726,88.3639
17.2,83,8.6,327,2023-12-20 14:00:00,Kolkata,22.5726,88.3639
16.6,86,7.1,311,2023-12-20 15:00:00,Kolkata,22.5726,88.3639
16.1,88,6.4,322,2023-12-20 16:00:00,Kolkata,22.5726,88.3639
16.2,86,8.2,345,2023-12-20 17:00:00,Kolkata,22.5726,88.3639
16.1,84,9.2,349,2023-12-20 18:00:00,Kolkata,22.5726,88.3639
15.8,84,9.1,351,2023-12-20 19:00:00,Kolkata,22.5726,88.3639
15.3,85,9.2,339,2023-12-20 20:00:00,Kolkata,22.5726,88.3639
14.7,87,8.4,335,2023-12-20 21:00:00,Kolkata,22.5726,88.3639
14.2,87,8.5,332,2023-12-20 22:00:00,Kolkata,22.5726,88.3639
13.8,88,7.7,332,2023-12-20 23:00:00,Kolkata,22.5726,88.3639
13.5,88,8.1,328,2023-12-21 00:00:00,Kolkata,22.5726,88.3639
14.0,86,7.7,332,2023-12-21 01:00:00,Kolkata,22.5726,88.3639
15.6,80,9.0,323,2023-12-21 02:00:00,Kolkata,22.5726,88.3639
17.7,71,8.6,327,2023-12-21 03:00:00,Kolkata,22.5726,88.3639
19.9,64,9.0,337,2023-12-21 04:00:00,Kolkata,22.5726,88.3639
21.8,59,9.2,339,2023-12-21 05:00:00,Kolkata,22.5726,88.3639
23.1,56,9.3,344,2023-12-21 06:00:00,Kolkata,22.5726,88.3639
24.0,54,8.8,348,2023-12-21 07:00:00,Kolkata,22.5726,88.3639
24.5,51,8.9,346,2023-12-21 08:00:00,Kolkata,22.5726,88.3639
24.4,51,8.8,348,2023-12-21 09:00:00,Kolkata,22.5726,88.3639
23.9,53,6.9,351,2023-12-21 10:00:00,Kolkata,22.5726,88.3639
21.2,73,7.0,348,2023-12-21 11:00:00,Kolkata,22.5726,88.3639
18.8,78,8.8,351,2023-12-21 12:00:00,Kolkata,22.5726,88.3639
18.4,79,9.2,339,2023-12-21 13:00:00,Kolkata,22.5726,88.3639
18.1,80,6.9,317,2023-12-21 14:00:00,Kolkata,22.5726,88.3639
17.5,83,7.0,325,2023-12-21 15:00:00,Kolkata,22.5726,88.3639
16.4,88,7.9,336,2023-12-21 16:00:00,Kolkata,22.5726,88.3639
16.2,89,6.5,326,2023-12-21 17:00:00,Kolkata,22.5726,88.3639
15.9,90,6.8,335,2023-12-21 18:00:00,Kolkata,22.5726,88.3639
15.5,90,6.5,341,2023-12-21 19:00:00,Kolkata,22.5726,88.3639
15.4,91,8.2,331,2023-12-21 20:00:00,Kolkata,22.5726,88.3639
15.2,91,8.6,338,2023-12-21 21:00:00,Kolkata,22.5726,88.3639
14.8,92,7.5,343,2023-12-21 22:00:00,Kolkata,22.5726,88.3639
14.3,93,6.8,342,2023-12-21 23:00:00,Kolkata,22.5726,88.3639
14.0,94,6.8,342,2023-12-22 00:00:00,Kolkata,22.5726,88.3639
14.8,94,7.2,342,2023-12-22 01:00:00,Kolkata,22.5726,88.3639
16.4,88,7.1,336,2023-12-22 02:00:00,Kolkata,22.5726,88.3639
18.7,79,5.8,338,2023-12-22 03:00:00,Kolkata,22.5726,88.3639
21.0,71,6.3,347,2023-12-22 04:00:00,Kolkata,22.5726,88.3639
23.0,66,5.0,360,2023-12-22 05:00:00,Kolkata,22.5726,88.3639
24.5,61,4.2,20,2023-12-22 06:00:00,Kolkata,22.5726,88.3639
25.4,55,4.5,29,2023-12-22 07:00:00,Kolkata,22.5726,88.3639
25.6,52,4.7,23,2023-12-22 08:00:00,Kolkata,22.5726,88.3639
25.6,52,5.2,16,2023-12-22 09:00:00,Kolkata,22.5726,88.3639
25.4,52,4.6,39,2023-12-22 10:00:00,Kolkata,22.5726,88.3639
24.1,62,3.8,73,2023-12-22 11:00:00,Kolkata,22.5726,88.3639
23.2,62,3.9,22,2023-12-22 12:00:00,Kolkata,22.5726,88.3639
19.5,79,8.7,336,2023-12-22 13:00:00,Kolkata,22.5726,88.3639
19.4,77,7.6,357,2023-12-22 14:00:00,Kolkata,22.5726,88.3639
19.0,79,5.6,50,2023-12-22 15:00:00,Kolkata,22.5726,88.3639
17.6,86,8.1,13,2023-12-22 16:00:00,Kolkata,22.5726,88.3639
17.0,88,8.6,358,2023-12-22 17:00:00,Kolkata,22.5726,88.3639
16.5,91,7.8,347,2023-12-22 18:00:00,Kolkata,22.5726,88.3639
16.1,92,7.4,346,2023-12-22 19:00:00,Kolkata,22.5726,88.3639
15.6,93,8.4,353,2023-12-22 20:00:00,Kolkata,22.5726,88.3639
15.7,93,6.0,343,2023-12-22 21:00:00,Kolkata,22.5726,88.3639
15.2,94,6.3,347,2023-12-22 22:00:00,Kolkata,22.5726,88.3639
14.6,95,7.3,351,2023-12-22 23:00:00,Kolkata,22.5726,88.3639
14.4,95,6.6,347,2023-12-23 00:00:00,Kolkata,22.5726,88.3639
15.8,95,5.8,4,2023-12-23 01:00:00,Kolkata,22.5726,88.3639
17.6,89,6.3,13,2023-12-23 02:00:00,Kolkata,22.5726,88.3639
20.1,80,4.5,14,2023-12-23 03:00:00,Kolkata,22.5726,88.3639
22.6,70,6.2,21,2023-12-23 04:00:00,Kolkata,22.5726,88.3639
24.5,62,7.0,35,2023-12-23 05:00:00,Kolkata,22.5726,88.3639
25.6,55,6.9,47,2023-12-23 06:00:00,Kolkata,22.5726,88.3639
26.0,52,6.6,45,2023-12-23 07:00:00,Kolkata,22.5726,88.3639
26.2,50,5.9,43,2023-12-23 08:00:00,Kolkata,22.5726,88.3639
26.2,49,5.4,37,2023-12-23 09:00:00,Kolkata,22.5726,88.3639
25.5,54,4.6,39,2023-12-23 10:00:00,Kolkata,22.5726,88.3639
23.3,73,5.5,23,2023-12-23 11:00:00,Kolkata,22.5726,88.3639
21.8,70,7.6,341,2023-12-23 12:00:00,Kolkata,22.5726,88.3639
21.0,76,6.3,13,2023-12-23 13:00:00,Kolkata,22.5726,88.3639
19.8,83,6.1,3,2023-12-23 14:00:00,Kolkata,22.5726,88.3639
18.6,89,6.8,18,2023-12-23 15:00:00,Kolkata,22.5726,88.3639
18.3,90,6.2,21,2023-12-23 16:00:00,Kolkata,22.5726,88.3639
17.7,92,6.9,28,2023-12-23 17:00:00,Kolkata,22.5726,88.3639
17.2,94,6.5,19,2023-12-23 18:00:00,Kolkata,22.5726,88.3639
16.6,95,7.7,11,2023-12-23 19:00:00,Kolkata,22.5726,88.3639
16.0,97,8.4,350,2023-12-23 20:00:00,Kolkata,22.5726,88.3639
16.8,96,5.5,328,2023-12-23 21:00:00,Kolkata,22.5726,88.3639
16.9,97,4.3,318,2023-12-23 22:00:00,Kolkata,22.5726,88.3639
16.4,98,4.1,308,2023-12-23 23:00:00,Kolkata,22.5726,88.3639
15.2,100,4.6,288,2023-12-24 00:00:00,Kolkata,22.5726,88.3639
15.6,100,5.2,295,2023-12-24 01:00:00,Kolkata,22.5726,88.3639
16.2,99,4.2,301,2023-12-24 02:00:00,Kolkata,22.5726,88.3639
18.0,97,4.9,306,2023-12-24 03:00:00,Kolkata,22.5726,88.3639
20.9,85,5.1,309,2023-12-24 04:00:00,Kolkata,22.5726,88.3639
23.1,71,6.1,310,2023-12-24 05:00:00,Kolkata,22.5726,88.3639
24.3,63,7.3,303,2023-12-24 06:00:00,Kolkata,22.5726,88.3639
25.0,59,8.2,311,2023-12-24 07:00:00,Kolkata,22.5726,88.3639
25.4,57,9.2,321,2023-12-24 08:00:00,Kolkata,22.5726,88.3639
25.4,55,8.7,330,2023-12-24 09:00:00,Kolkata,22.5726,88.3639
25.0,56,8.1,339,2023-12-24 10:00:00,Kolkata,22.5726,88.3639
22.7,72,5.6,345,2023-12-24 11:00:00,Kolkata,22.5726,88.3639
20.4,77,7.3,351,2023-12-24 12:00:00,Kolkata,22.5726,88.3639
20.5,79,7.2,354,2023-12-24 13:00:00,Kolkata,22.5726,88.3639
19.6,81,7.8,13,2023-12-24 14:00:00,Kolkata,22.5726,88.3639
18.9,84,8.4,20,2023-12-24 15:00:00,Kolkata,22.5726,88.3639
18.2,86,7.9,16,2023-12-24 16:00:00,Kolkata,22.5726,88.3639
17.3,89,7.6,8,2023-12-24 17:00:00,Kolkata,22.5726,88.3639
17.1,90,7.3,11,2023-12-24 18:00:00,Kolkata,22.5726,88.3639
16.5,92,8.2,15,2023-12-24 19:00:00,Kolkata,22.5726,88.3639
17.0,90,6.6,9,2023-12-24 20:00:00,Kolkata,22.5726,88.3639
16.7,92,5.5,349,2023-12-24 21:00:00,Kolkata,22.5726,88.3639
15.6,94,7.0,348,2023-12-24 22:00:00,Kolkata,22.5726,88.3639
14.9,96,8.0,352,2023-12-24 23:00:00,Kolkata,22.5726,88.3639
14.6,96,8.6,358,2023-12-25 00:00:00,Kolkata,22.5726,88.3639
14.8,97,7.2,357,2023-12-25 01:00:00,Kolkata,22.5726,88.3639
17.1,92,5.8,356,2023-12-25 02:00:00,Kolkata,22.5726,88.3639
19.7,83,4.1,345,2023-12-25 03:00:00,Kolkata,22.5726,88.3639
22.3,70,5.1,352,2023-12-25 04:00:00,Kolkata,22.5726,88.3639
24.0,61,5.5,11,2023-12-25 05:00:00,Kolkata,22.5726,88.3639
25.1,55,6.2,7,2023-12-25 06:00:00,Kolkata,22.5726,88.3639
25.6,53,6.8,360,2023-12-25 07:00:00,Kolkata,22.5726,88.3639
25.9,52,8.0,352,2023-12-25 08:00:00,Kolkata,22.5726,88.3639
25.8,52,8.4,350,2023-12-25 09:00:00,Kolkata,22.5726,88.3639
25.3,54,7.6,352,2023-12-25 10:00:00,Kolkata,22.5726,88.3639
23.1,68,5.4,360,2023-12-25 11:00:00,Kolkata,22.5726,88.3639
21.1,73,6.8,360,2023-12-25 12:00:00,Kolkata,22.5726,88.3639
20.6,74,5.8,360,2023-12-25 13:00:00,Kolkata,22.5726,88.3639
21.3,70,3.1,36,2023-12-25 14:00:00,Kolkata,22.5726,88.3639
20.9,70,4.5,104,2023-12-25 15:00:00,Kolkata,22.5726,88.3639
20.9,69,3.8,131,2023-12-25 16:00:00,Kolkata,22.5726,88.3639
20.5,70,1.3,326,2023-12-25 17:00:00,Kolkata,22.5726,88.3639
19.5,74,1.5,346,2023-12-25 18:00:00,Kolkata,22.5726,88.3639
18.8,78,1.0,45,2023-12-25 19:00:00,Kolkata,22.5726,88.3639
18.4,81,1.1,108,2023-12-25 20:00:00,Kolkata,22.5726,88.3639
18.0,83,2.5,360,2023-12-25 21:00:00,Kolkata,22.5726,88.3639
16.1,89,5.8,330,2023-12-25 22:00:00,Kolkata,22.5726,88.3639
15.3,91,6.9,317,2023-12-25 23:00:00,Kolkata,22.5726,88.3639
14.6,93,6.9,9,2023-12-26 00:00:00,Kolkata,22.5726,88.3639
14.4,95,8.2,345,2023-12-26 01:00:00,Kolkata,22.5726,88.3639
17.5,86,6.8,335,2023-12-26 02:00:00,Kolkata,22.5726,88.3639
20.4,78,4.4,351,2023-12-26 03:00:00,Kolkata,22.5726,88.3639
22.8,68,5.1,356,2023-12-26 04:00:00,Kolkata,22.5726,88.3639
24.5,61,6.1,357,2023-12-26 05:00:00,Kolkata,22.5726,88.3639
25.7,55,8.0,8,2023-12-26 06:00:00,Kolkata,22.5726,88.3639
26.1,52,8.4,7,2023-12-26 07:00:00,Kolkata,22.5726,88.3639
26.5,50,9.0,358,2023-12-26 08:00:00,Kolkata,22.5726,88.3639
26.3,48,9.4,356,2023-12-26 09:00:00,Kolkata,22.5726,88.3639
25.8,49,8.3,360,2023-12-26 10:00:00,Kolkata,22.5726,88.3639
23.5,62,5.4,360,2023-12-26 11:00:00,Kolkata,22.5726,88.3639
20.7,72,8.3,358,2023-12-26 12:00:00,Kolkata,22.5726,88.3639
19.5,79,8.5,332,2023-12-26 13:00:00,Kolkata,22.5726,88.3639
18.6,83,9.0,344,2023-12-26 14:00:00,Kolkata,22.5726,88.3639
18.1,85,9.4,2,2023-12-26 15:00:00,Kolkata,22.5726,88.3639
17.5,88,9.2,11,2023-12-26 16:00:00,Kolkata,22.5726,88.3639
17.0,90,8.3,358,2023-12-26 17:00:00,Kolkata,22.5726,88.3639
16.8,91,7.2,354,2023-12-26 18:00:00,Kolkata,22.5726,88.3639
16.1,92,9.1,9,2023-12-26 19:00:00,Kolkata,22.5726,88.3639
15.8,93,8.8,19,2023-12-26 20:00:00,Kolkata,22.5726,88.3639
15.6,93,8.4,20,2023-12-26 21:00:00,Kolkata,22.5726,88.3639
15.2,94,8.8,12,2023-12-26 22:00:00,Kolkata,22.5726,88.3639
14.9,95,9.0,360,2023-12-26 23:00:00,Kolkata,22.5726,88.3639
14.8,95,7.8,347,2023-12-27 00:00:00,Kolkata,22.5726,88.3639
15.5,95,5.2,335,2023-12-27 01:00:00,Kolkata,22.5726,88.3639
17.6,88,7.3,340,2023-12-27 02:00:00,Kolkata,22.5726,88.3639
20.2,80,5.4,340,2023-12-27 03:00:00,Kolkata,22.5726,88.3639
22.9,69,5.5,349,2023-12-27 04:00:00,Kolkata,22.5726,88.3639
24.8,62,4.8,347,2023-12-27 05:00:00,Kolkata,22.5726,88.3639
26.0,55,6.3,347,2023-12-27 06:00:00,Kolkata,22.5726,88.3639
26.4,52,7.9,344,2023-12-27 07:00:00,Kolkata,22.5726,88.3639
26.5,50,9.5,335,2023-12-27 08:00:00,Kolkata,22.5726,88.3639
26.2,49,10.0,334,2023-12-27 09:00:00,Kolkata,22.5726,88.3639
25.7,52,8.8,341,2023-12-27 10:00:00,Kolkata,22.5726,88.3639
23.8,64,5.2,348,2023-12-27 11:00:00,Kolkata,22.5726,88.3639
21.5,72,8.3,358,2023-12-27 12:00:00,Kolkata,22.5726,88.3639
22.5,69,5.0,330,2023-12-27 13:00:00,Kolkata,22.5726,88.3639
21.1,77,5.1,4,2023-12-27 14:00:00,Kolkata,22.5726,88.3639
20.5,81,6.6,29,2023-12-27 15:00:00,Kolkata,22.5726,88.3639
20.0,83,7.3,33,2023-12-27 16:00:00,Kolkata,22.5726,88.3639
19.6,82,6.6,29,2023-12-27 17:00:00,Kolkata,22.5726,88.3639
17.8,89,7.5,17,2023-12-27 18:00:00,Kolkata,22.5726,88.3639
17.2,90,7.9,3,2023-12-27 19:00:00,Kolkata,22.5726,88.3639
16.6,92,8.4,10,2023-12-27 20:00:00,Kolkata,22.5726,88.3639
16.3,93,8.3,18,2023-12-27 21:00:00,Kolkata,22.5726,88.3639
15.9,94,8.0,18,2023-12-27 22:00:00,Kolkata,22.5726,88.3639
15.4,95,8.6,2,2023-12-27 23:00:00,Kolkata,22.5726,88.3639
15.5,95,6.8,357,2023-12-28 00:00:00,Kolkata,22.5726,88.3639
16.5,95,5.4,360,2023-12-28 01:00:00,Kolkata,22.5726,88.3639
18.1,89,7.2,354,2023-12-28 02:00:00,Kolkata,22.5726,88.3639
20.4,82,5.1,356,2023-12-28 03:00:00,Kolkata,22.5726,88.3639
22.9,72,5.4,8,2023-12-28 04:00:00,Kolkata,22.5726,88.3639
24.7,64,6.7,16,2023-12-28 05:00:00,Kolkata,22.5726,88.3639
25.9,56,7.2,6,2023-12-28 06:00:00,Kolkata,22.5726,88.3639
26.5,52,8.0,352,2023-12-28 07:00:00,Kolkata,22.5726,88.3639
26.6,51,9.0,344,2023-12-28 08:00:00,Kolkata,22.5726,88.3639
26.5,50,9.2,334,2023-12-28 09:00:00,Kolkata,22.5726,88.3639
25.9,51,7.7,332,2023-12-28 10:00:00,Kolkata,22.5726,88.3639
23.7,63,5.0,339,2023-12-28 11:00:00,Kolkata,22.5726,88.3639
21.5,69,6.7,344,2023-12-28 12:00:00,Kolkata,22.5726,88.3639
20.5,77,6.3,347,2023-12-28 13:00:00,Kolkata,22.5726,88.3639
19.1,84,7.6,329,2023-12-28 14:00:00,Kolkata,22.5726,88.3639
18.4,87,9.2,349,2023-12-28 15:00:00,Kolkata,22.5726,88.3639
17.9,89,8.1,13,2023-12-28 16:00:00,Kolkata,22.5726,88.3639
17.2,91,8.4,20,2023-12-28 17:00:00,Kolkata,22.5726,88.3639
16.7,92,9.3,16,2023-12-28 18:00:00,Kolkata,22.5726,88.3639
16.2,92,9.4,4,2023-12-28 19:00:00,Kolkata,22.5726,88.3639
15.8,92,9.7,2,2023-12-28 20:00:00,Kolkata,22.5726,88.3639
15.3,93,9.7,358,2023-12-28 21:00:00,Kolkata,22.5726,88.3639
15.1,93,8.6,360,2023-12-28 22:00:00,Kolkata,22.5726,88.3639
15.3,92,6.5,357,2023-12-28 23:00:00,Kolkata,22.5726,88.3639
14.8,93,6.6,351,2023-12-29 00:00:00,Kolkata,22.5726,88.3639
15.9,94,5.5,349,2023-12-29 01:00:00,Kolkata,22.5726,88.3639
17.8,88,7.1,345,2023-12-29 02:00:00,Kolkata,22.5726,88.3639
20.2,80,5.6,345,2023-12-29 03:00:00,Kolkata,22.5726,88.3639
22.9,71,7.2,354,2023-12-29 04:00:00,Kolkata,22.5726,88.3639
25.0,61,9.4,2,2023-12-29 05:00:00,Kolkata,22.5726,88.3639
26.0,52,10.4,360,2023-12-29 06:00:00,Kolkata,22.5726,88.3639
26.5,49,10.5,356,2023-12-29 07:00:00,Kolkata,22.5726,88.3639
26.7,47,11.5,356,2023-12-29 08:00:00,Kolkata,22.5726,88.3639
26.5,47,12.2,360,2023-12-29 09:00:00,Kolkata,22.5726,88.3639
25.9,51,10.8,2,2023-12-29 10:00:00,Kolkata,22.5726,88.3639
23.6,61,6.1,360,2023-12-29 11:00:00,Kolkata,22.5726,88.3639
20.6,72,7.9,344,2023-12-29 12:00:00,Kolkata,22.5726,88.3639
20.0,76,7.1,336,2023-12-29 13:00:00,Kolkata,22.5726,88.3639
18.8,81,10.1,354,2023-12-29 14:00:00,Kolkata,22.5726,88.3639
19.0,77,9.5,11,2023-12-29 15:00:00,Kolkata,22.5726,88.3639
18.5,79,9.0,2,2023-12-29 16:00:00,Kolkata,22.5726,88.3639
17.5,84,6.6,331,2023-12-29 17:00:00,Kolkata,22.5726,88.3639
16.9,87,6.3,329,2023-12-29 18:00:00,Kolkata,22.5726,88.3639
16.1,91,7.9,336,2023-12-29 19:00:00,Kolkata,22.5726,88.3639
15.9,91,7.2,342,2023-12-29 20:00:00,Kolkata,22.5726,88.3639
16.0,91,6.7,344,2023-12-29 21:00:00,Kolkata,22.5726,88.3639
15.8,93,6.3,347,2023-12-29 22:00:00,Kolkata,22.5726,88.3639
15.5,93,6.2,350,2023-12-29 23:00:00,Kolkata,22.5726,88.3639
15.3,94,5.9,349,2023-12-30 00:00:00,Kolkata,22.5726,88.3639
16.1,94,7.1,345,2023-12-30 01:00:00,Kolkata,22.5726,88.3639
17.7,88,9.0,337,2023-12-30 02:00:00,Kolkata,22.5726,88.3639
19.9,79,7.8,338,2023-12-30 03:00:00,Kolkata,22.5726,88.3639
22.2,71,8.2,337,2023-12-30 04:00:00,Kolkata,22.5726,88.3639
24.3,64,10.0,339,2023-12-30 05:00:00,Kolkata,22.5726,88.3639
25.6,55,11.7,342,2023-12-30 06:00:00,Kolkata,22.5726,88.3639
26.3,48,12.6,340,2023-12-30 07:00:00,Kolkata,22.5726,88.3639
26.5,46,13.1,339,2023-12-30 08:00:00,Kolkata,22.5726,88.3639
26.2,46,13.0,341,2023-12-30 09:00:00,Kolkata,22.5726,88.3639
25.6,48,11.6,338,2023-12-30 10:00:00,Kolkata,22.5726,88.3639
23.5,58,6.4,333,2023-12-30 11:00:00,Kolkata,22.5726,88.3639
20.2,71,9.2,339,2023-12-30 12:00:00,Kolkata,22.5726,88.3639
20.1,74,6.9,354,2023-12-30 13:00:00,Kolkata,22.5726,88.3639
19.0,80,6.5,357,2023-12-30 14:00:00,Kolkata,22.5726,88.3639
18.0,85,6.2,339,2023-12-30 15:00:00,Kolkata,22.5726,88.3639
17.4,87,6.3,336,2023-12-30 16:00:00,Kolkata,22.5726,88.3639
16.6,89,7.2,342,2023-12-30 17:00:00,Kolkata,22.5726,88.3639
16.1,90,7.3,349,2023-12-30 18:00:00,Kolkata,22.5726,88.3639
15.4,92,8.6,345,2023-12-30 19:00:00,Kolkata,22.5726,88.3639
14.9,93,8.9,346,2023-12-30 20:00:00,Kolkata,22.5726,88.3639
15.6,92,7.0,348,2023-12-30 21:00:00,Kolkata,22.5726,88.3639
15.4,93,7.4,346,2023-12-30 22:00:00,Kolkata,22.5726,88.3639
15.2,94,7.2,342,2023-12-30 23:00:00,Kolkata,22.5726,88.3639
15.0,94,6.7,344,2023-12-31 00:00:00,Kolkata,22.5726,88.3639
15.4,96,7.8,347,2023-12-31 01:00:00,Kolkata,22.5726,88.3639
16.8,92,9.5,351,2023-12-31 02:00:00,Kolkata,22.5726,88.3639
18.9,84,8.7,355,2023-12-31 03:00:00,Kolkata,22.5726,88.3639
21.4,74,10.1,360,2023-12-31 04:00:00,Kolkata,22.5726,88.3639
23.3,66,10.1,360,2023-12-31 05:00:00,Kolkata,22.5726,88.3639
24.6,57,10.8,358,2023-12-31 06:00:00,Kolkata,22.5726,88.3639
25.5,51,11.2,358,2023-12-31 07:00:00,Kolkata,22.5726,88.3639
25.8,48,10.8,360,2023-12-31 08:00:00,Kolkata,22.5726,88.3639
25.7,47,9.7,360,2023-12-31 09:00:00,Kolkata,22.5726,88.3639
25.1,48,9.0,360,2023-12-31 10:00:00,Kolkata,22.5726,88.3639
22.7,65,6.2,353,2023-12-31 11:00:00,Kolkata,22.5726,88.3639
19.6,73,9.4,353,2023-12-31 12:00:00,Kolkata,22.5726,88.3639
18.5,81,8.9,21,2023-12-31 13:00:00,Kolkata,22.5726,88.3639
17.6,86,10.3,25,2023-12-31 14:00:00,Kolkata,22.5726,88.3639
17.4,84,10.5,31,2023-12-31 15:00:00,Kolkata,22.5726,88.3639
16.9,85,10.2,32,2023-12-31 16:00:00,Kolkata,22.5726,88.3639
15.9,89,9.4,360,2023-12-31 17:00:00,Kolkata,22.5726,88.3639
15.6,91,7.6,341,2023-12-31 18:00:00,Kolkata,22.5726,88.3639
15.1,92,7.2,357,2023-12-31 19:00:00,Kolkata,22.5726,88.3639
15.0,93,6.2,10,2023-12-31 20:00:00,Kolkata,22.5726,88.3639
15.1,94,6.5,3,2023-12-31 21:00:00,Kolkata,22.5726,88.3639
15.2,94,8.3,358,2023-12-31 22:00:00,Kolkata,22.5726,88.3639
15.1,95,8.3,358,2023-12-31 23:00:00,Kolkata,22.5726,88.3639
14.8,96,7.2,360,2024-01-01 00:00:00,Kolkata,22.5726,88.3639
14.6,97,6.8,3,2024-01-01 01:00:00,Kolkata,22.5726,88.3639
15.9,93,9.0,355,2024-01-01 02:00:00,Kolkata,22.5726,88.3639
17.8,84,8.7,355,2024-01-01 03:00:00,Kolkata,22.5726,88.3639
20.1,75,8.7,353,2024-01-01 04:00:00,Kolkata,22.5726,88.3639
22.2,65,9.7,356,2024-01-01 05:00:00,Kolkata,22.5726,88.3639
23.7,58,10.2,352,2024-01-01 06:00:00,Kolkata,22.5726,88.3639
24.6,54,10.4,346,2024-01-01 07:00:00,Kolkata,22.5726,88.3639
25.0,52,10.8,345,2024-01-01 08:00:00,Kolkata,22.5726,88.3639
25.0,52,10.6,342,2024-01-01 09:00:00,Kolkata,22.5726,88.3639
24.4,54,9.7,338,2024-01-01 10:00:00,Kolkata,22.5726,88.3639
22.4,67,5.0,330,2024-01-01 11:00:00,Kolkata,22.5726,88.3639
19.1,79,9.2,334,2024-01-01 12:00:00,Kolkata,22.5726,88.3639
17.7,87,9.7,2,2024-01-01 13:00:00,Kolkata,22.5726,88.3639
18.0,84,7.4,14,2024-01-01 14:00:00,Kolkata,22.5726,88.3639
18.2,82,6.6,61,2024-01-01 15:00:00,Kolkata,22.5726,88.3639
17.9,83,6.9,81,2024-01-01 16:00:00,Kolkata,22.5726,88.3639
18.0,83,6.1,90,2024-01-01 17:00:00,Kolkata,22.5726,88.3639
16.8,88,6.0,57,2024-01-01 18:00:00,Kolkata,22.5726,88.3639
14.7,95,8.2,23,2024-01-01 19:00:00,Kolkata,22.5726,88.3639
14.9,95,6.3,13,2024-01-01 20:00:00,Kolkata,22.5726,88.3639
15.0,95,6.5,3,2024-01-01 21:00:00,Kolkata,22.5726,88.3639
14.8,95,7.2,357,2024-01-01 22:00:00,Kolkata,22.5726,88.3639
14.5,96,7.9,357,2024-01-01 23:00:00,Kolkata,22.5726,88.3639
14.1,96,7.9,360,2024-01-02 00:00:00,Kolkata,22.5726,88.3639
13.4,96,7.2,6,2024-01-02 01:00:00,Kolkata,22.5726,88.3639
14.6,92,7.9,3,2024-01-02 02:00:00,Kolkata,22.5726,88.3639
16.4,84,7.6,360,2024-01-02 03:00:00,Kolkata,22.5726,88.3639
18.8,73,8.0,355,2024-01-02 04:00:00,Kolkata,22.5726,88.3639
20.9,63,8.5,348,2024-01-02 05:00:00,Kolkata,22.5726,88.3639
22.2,53,7.9,330,2024-01-02 06:00:00,Kolkata,22.5726,88.3639
23.1,45,8.5,324,2024-01-02 07:00:00,Kolkata,22.5726,88.3639
23.5,41,9.5,331,2024-01-02 08:00:00,Kolkata,22.5726,88.3639
23.3,40,9.8,336,2024-01-02 09:00:00,Kolkata,22.5726,88.3639
22.5,44,8.9,339,2024-01-02 10:00:00,Kolkata,22.5726,88.3639
20.1,62,5.5,337,2024-01-02 11:00:00,Kolkata,22.5726,88.3639
16.9,72,9.4,353,2024-01-02 12:00:00,Kolkata,22.5726,88.3639
17.0,74,6.8,3,2024-01-02 13:00:00,Kolkata,22.5726,88.3639
16.0,79,7.6,3,2024-01-02 14:00:00,Kolkata,22.5726,88.3639
15.6,82,6.9,9,2024-01-02 15:00:00,Kolkata,22.5726,88.3639
14.7,87,8.0,10,2024-01-02 16:00:00,Kolkata,22.5726,88.3639
14.2,88,8.2,15,2024-01-02 17:00:00,Kolkata,22.5726,88.3639
13.9,89,7.8,22,2024-01-02 18:00:00,Kolkata,22.5726,88.3639
13.8,91,7.2,27,2024-01-02 19:00:00,Kolkata,22.5726,88.3639
13.2,92,7.6,25,2024-01-02 20:00:00,Kolkata,22.5726,88.3639
12.8,93,8.2,15,2024-01-02 21:00:00,Kolkata,22.5726,88.3639
12.5,94,8.0,5,2024-01-02 22:00:00,Kolkata,22.5726,88.3639
12.9,94,6.8,360,2024-01-02 23:00:00,Kolkata,22.5726,88.3639
12.9,93,7.9,357,2024-01-03 00:00:00,Kolkata,22.5726,88.3639
13.5,94,8.3,2,2024-01-03 01:00:00,Kolkata,22.5726,88.3639
14.9,91,9.7,4,2024-01-03 02:00:00,Kolkata,22.5726,88.3639
17.1,82,7.7,11,2024-01-03 03:00:00,Kolkata,22.5726,88.3639
19.5,73,9.0,16,2024-01-03 04:00:00,Kolkata,22.5726,88.3639
21.3,65,9.8,24,2024-01-03 05:00:00,Kolkata,22.5726,88.3639
22.8,57,9.2,26,2024-01-03 06:00:00,Kolkata,22.5726,88.3639
23.8,53,8.1,21,2024-01-03 07:00:00,Kolkata,22.5726,88.3639
24.4,50,7.0,12,2024-01-03 08:00:00,Kolkata,22.5726,88.3639
24.5,49,6.8,3,2024-01-03 09:00:00,Kolkata,22.5726,88.3639
24.0,51,6.1,357,2024-01-03 10:00:00,Kolkata,22.5726,88.3639
21.8,72,5.8,338,2024-01-03 11:00:00,Kolkata,22.5726,88.3639
18.9,75,7.6,329,2024-01-03 12:00:00,Kolkata,22.5726,88.3639
17.5,87,9.7,2,2024-01-03 13:00:00,Kolkata,22.5726,88.3639
17.1,87,9.7,356,2024-01-03 14:00:00,Kolkata,22.5726,88.3639
17.6,84,7.1,24,2024-01-03 15:00:00,Kolkata,22.5726,88.3639
17.0,87,6.4,43,2024-01-03 16:00:00,Kolkata,22.5726,88.3639
15.1,94,8.5,28,2024-01-03 17:00:00,Kolkata,22.5726,88.3639
15.3,95,7.4,61,2024-01-03 18:00:00,Kolkata,22.5726,88.3639
15.4,95,7.0,55,2024-01-03 19:00:00,Kolkata,22.5726,88.3639
13.9,97,8.2,41,2024-01-03 20:00:00,Kolkata,22.5726,88.3639
12.9,100,9.2,31,2024-01-03 21:00:00,Kolkata,22.5726,88.3639
12.8,100,8.7,30,2024-01-03 22:00:00,Kolkata,22.5726,88.3639
12.8,100,6.9,84,2024-01-03 23:00:00,Kolkata,22.5726,88.3639
13.4,100,4.5,76,2024-01-04 00:00:00,Kolkata,22.5726,88.3639
13.9,100,6.6,41,2024-01-04 01:00:00,Kolkata,22.5726,88.3639
14.7,98,5.0,60,2024-01-04 02:00:00,Kolkata,22.5726,88.3639
15.9,97,3.1,36,2024-01-04 03:00:00,Kolkata,22.5726,88.3639
19.2,83,3.1,45,2024-01-04 04:00:00,Kolkata,22.5726,88.3639
22.0,70,4.9,36,2024-01-04 05:00:00,Kolkata,22.5726,88.3639
23.8,60,7.2,18,2024-01-04 06:00:00,Kolkata,22.5726,88.3639
24.9,53,7.6,5,2024-01-04 07:00:00,Kolkata,22.5726,88.3639
25.4,51,7.6,360,2024-01-04 08:00:00,Kolkata,22.5726,88.3639
25.4,50,7.2,360,2024-01-04 09:00:00,Kolkata,22.5726,88.3639
25.0,51,6.9,354,2024-01-04 10:00:00,Kolkata,22.5726,88.3639
22.6,70,5.9,346,2024-01-04 11:00:00,Kolkata,22.5726,88.3639
20.2,72,7.3,349,2024-01-04 12:00:00,Kolkata,22.5726,88.3639
19.7,75,5.8,360,2024-01-04 13:00:00,Kolkata,22.5726,88.3639
20.0,72,4.3,355,2024-01-04 14:00:00,Kolkata,22.5726,88.3639
19.6,75,4.0,360,2024-01-04 15:00:00,Kolkata,22.5726,88.3639
19.2,76,2.8,50,2024-01-04 16:00:00,Kolkata,22.5726,88.3639
18.8,79,2.9,120,2024-01-04 17:00:00,Kolkata,22.5726,88.3639
18.0,83,2.8,130,2024-01-04 18:00:00,Kolkata,22.5726,88.3639
17.6,85,2.6,56,2024-01-04 19:00:00,Kolkata,22.5726,88.3639
17.1,87,4.8,48,2024-01-04 20:00:00,Kolkata,22.5726,88.3639
16.8,89,5.4,37,2024-01-04 21:00:00,Kolkata,22.5726,88.3639
15.8,91,6.3,13,2024-01-04 22:00:00,Kolkata,22.5726,88.3639
13.6,95,8.8,19,2024-01-04 23:00:00,Kolkata,22.5726,88.3639
14.1,94,6.4,27,2024-01-05 00:00:00,Kolkata,22.5726,88.3639
14.4,93,6.2,36,2024-01-05 01:00:00,Kolkata,22.5726,88.3639
16.1,85,8.4,25,2024-01-05 02:00:00,Kolkata,22.5726,88.3639
18.7,76,5.8,30,2024-01-05 03:00:00,Kolkata,22.5726,88.3639
21.3,65,7.0,35,2024-01-05 04:00:00,Kolkata,22.5726,88.3639
23.2,55,8.5,36,2024-01-05 05:00:00,Kolkata,22.5726,88.3639
24.5,51,7.9,30,2024-01-05 06:00:00,Kolkata,22.5726,88.3639
25.3,49,7.6,19,2024-01-05 07:00:00,Kolkata,22.5726,88.3639
25.8,48,7.4,14,2024-01-05 08:00:00,Kolkata,22.5726,88.3639
25.8,47,7.4,14,2024-01-05 09:00:00,Kolkata,22.5726,88.3639
25.4,49,7.2,18,2024-01-05 10:00:00,Kolkata,22.5726,88.3639
22.9,69,6.3,13,2024-01-05 11:00:00,Kolkata,22.5726,88.3639
20.0,73,8.7,5,2024-01-05 12:00:00,Kolkata,22.5726,88.3639
19.1,78,8.4,7,2024-01-05 13:00:00,Kolkata,22.5726,88.3639
17.9,83,8.6,15,2024-01-05 14:00:00,Kolkata,22.5726,88.3639
17.8,83,7.6,31,2024-01-05 15:00:00,Kolkata,22.5726,88.3639
17.9,82,6.8,32,2024-01-05 16:00:00,Kolkata,22.5726,88.3639
18.5,80,5.7,35,2024-01-05 17:00:00,Kolkata,22.5726,88.3639
18.3,81,5.2,25,2024-01-05 18:00:00,Kolkata,22.5726,88.3639
17.3,84,6.4,43,2024-01-05 19:00:00,Kolkata,22.5726,88.3639
15.1,91,8.7,48,2024-01-05 20:00:00,Kolkata,22.5726,88.3639
14.8,93,7.6,45,2024-01-05 21:00:00,Kolkata,22.5726,88.3639
14.9,93,6.4,43,2024-01-05 22:00:00,Kolkata,22.5726,88.3639
14.6,92,6.2,54,2024-01-05 23:00:00,Kolkata,22.5726,88.3639
14.4,91,6.4,47,2024-01-06 00:00:00,Kolkata,22.5726,88.3639
14.6,91,6.2,54,2024-01-06 01:00:00,Kolkata,22.5726,88.3639
16.8,82,6.1,50,2024-01-06 02:00:00,Kolkata,22.5726,88.3639
19.5,73,4.2,20,2024-01-06 03:00:00,Kolkata,22.5726,88.3639
22.1,62,5.5,11,2024-01-06 04:00:00,Kolkata,22.5726,88.3639
24.1,54,6.6,13,2024-01-06 05:00:00,Kolkata,22.5726,88.3639
25.5,50,7.9,3,2024-01-06 06:00:00,Kolkata,22.5726,88.3639
26.2,48,8.6,360,2024-01-06 07:00:00,Kolkata,22.5726,88.3639
26.7,47,9.7,356,2024-01-06 08:00:00,Kolkata,22.5726,88.3639
26.6,47,10.9,354,2024-01-06 09:00:00,Kolkata,22.5726,88.3639
26.0,49,10.5,356,2024-01-06 10:00:00,Kolkata,22.5726,88.3639
24.0,60,6.1,360,2024-01-06 11:00:00,Kolkata,22.5726,88.3639
20.7,73,8.8,12,2024-01-06 12:00:00,Kolkata,22.5726,88.3639
19.4,77,8.7,30,2024-01-06 13:00:00,Kolkata,22.5726,88.3639
19.3,75,8.2,38,2024-01-06 14:00:00,Kolkata,22.5726,88.3639
18.2,80,8.5,36,2024-01-06 15:00:00,Kolkata,22.5726,88.3639
18.2,80,7.2,37,2024-01-06 16:00:00,Kolkata,22.5726,88.3639
17.5,82,7.1,30,2024-01-06 17:00:00,Kolkata,22.5726,88.3639
16.8,84,6.6,9,2024-01-06 18:00:00,Kolkata,22.5726,88.3639
16.5,85,6.7,16,2024-01-06 19:00:00,Kolkata,22.5726,88.3639
16.2,85,7.9,30,2024-01-06 20:00:00,Kolkata,22.5726,88.3639
16.0,86,7.0,21,2024-01-06 21:00:00,Kolkata,22.5726,88.3639
15.9,87,6.7,16,2024-01-06 22:00:00,Kolkata,22.5726,88.3639
15.6,89,7.3,20,2024-01-06 23:00:00,Kolkata,22.5726,88.3639
15.4,91,7.6,25,2024-01-07 00:00:00,Kolkata,22.5726,88.3639
16.5,86,7.2,27,2024-01-07 01:00:00,Kolkata,22.5726,88.3639
17.5,83,8.3,18,2024-01-07 02:00:00,Kolkata,22.5726,88.3639
19.5,76,7.4,14,2024-01-07 03:00:00,Kolkata,22.5726,88.3639
22.0,67,8.6,15,2024-01-07 04:00:00,Kolkata,22.5726,88.3639
23.9,59,10.0,13,2024-01-07 05:00:00,Kolkata,22.5726,88.3639
25.1,54,10.1,6,2024-01-07 06:00:00,Kolkata,22.5726,88.3639
25.9,51,10.4,2,2024-01-07 07:00:00,Kolkata,22.5726,88.3639
26.2,50,10.4,358,2024-01-07 08:00:00,Kolkata,22.5726,88.3639
26.2,50,10.1,356,2024-01-07 09:00:00,Kolkata,22.5726,88.3639
25.7,51,10.5,356,2024-01-07 10:00:00,Kolkata,22.5726,88.3639
24.0,60,6.6,351,2024-01-07 11:00:00,Kolkata,22.5726,88.3639
20.8,74,7.2,342,2024-01-07 12:00:00,Kolkata,22.5726,88.3639
19.8,83,7.6,341,2024-01-07 13:00:00,Kolkata,22.5726,88.3639
18.8,87,9.0,2,2024-01-07 14:00:00,Kolkata,22.5726,88.3639
18.9,85,7.6,8,2024-01-07 15:00:00,Kolkata,22.5726,88.3639
17.8,88,7.6,352,2024-01-07 16:00:00,Kolkata,22.5726,88.3639
16.8,91,8.6,345,2024-01-07 17:00:00,Kolkata,22.5726,88.3639
16.1,93,8.8,341,2024-01-07 18:00:00,Kolkata,22.5726,88.3639
15.6,94,8.8,341,2024-01-07 19:00:00,Kolkata,22.5726,88.3639
15.6,94,7.3,349,2024-01-07 20:00:00,Kolkata,22.5726,88.3639
15.8,94,6.5,354,2024-01-07 21:00:00,Kolkata,22.5726,88.3639
16.0,93,8.3,5,2024-01-07 22:00:00,Kolkata,22.5726,88.3639
16.0,94,10.1,6,2024-01-07 23:00:00,Kolkata,22.5726,88.3639
15.9,94,9.5,11,2024-01-08 00:00:00,Kolkata,22.5726,88.3639
15.8,96,9.4,23,2024-01-08 01:00:00,Kolkata,22.5726,88.3639
17.0,93,9.7,15,2024-01-08 02:00:00,Kolkata,22.5726,88.3639
19.0,84,8.8,12,2024-01-08 03:00:00,Kolkata,22.5726,88.3639
21.4,74,10.5,16,2024-01-08 04:00:00,Kolkata,22.5726,88.3639
23.4,66,12.7,15,2024-01-08 05:00:00,Kolkata,22.5726,88.3639
24.6,60,12.4,10,2024-01-08 06:00:00,Kolkata,22.5726,88.3639
25.5,57,11.5,4,2024-01-08 07:00:00,Kolkata,22.5726,88.3639
25.9,55,10.9,354,2024-01-08 08:00:00,Kolkata,22.5726,88.3639
25.9,54,11.6,344,2024-01-08 09:00:00,Kolkata,22.5726,88.3639
25.1,57,12.6,336,2024-01-08 10:00:00,Kolkata,22.5726,88.3639
23.8,63,6.4,333,2024-01-08 11:00:00,Kolkata,22.5726,88.3639
21.0,75,7.2,360,2024-01-08 12:00:00,Kolkata,22.5726,88.3639
19.0,80,8.6,360,2024-01-08 13:00:00,Kolkata,22.5726,88.3639
18.7,81,7.2,354,2024-01-08 14:00:00,Kolkata,22.5726,88.3639
17.1,89,9.6,340,2024-01-08 15:00:00,Kolkata,22.5726,88.3639
16.9,88,8.0,342,2024-01-08 16:00:00,Kolkata,22.5726,88.3639
16.1,90,8.3,360,2024-01-08 17:00:00,Kolkata,22.5726,88.3639
15.5,91,9.4,2,2024-01-08 18:00:00,Kolkata,22.5726,88.3639
15.3,91,7.2,354,2024-01-08 19:00:00,Kolkata,22.5726,88.3639
15.1,91,6.9,9,2024-01-08 20:00:00,Kolkata,22.5726,88.3639
14.3,93,7.6,25,2024-01-08 21:00:00,Kolkata,22.5726,88.3639
14.7,94,6.4,27,2024-01-08 22:00:00,Kolkata,22.5726,88.3639
14.6,94,7.1,24,2024-01-08 23:00:00,Kolkata,22.5726,88.3639
14.3,94,6.5,19,2024-01-09 00:00:00,Kolkata,22.5726,88.3639
14.6,96,6.1,28,2024-01-09 01:00:00,Kolkata,22.5726,88.3639
16.2,91,7.2,27,2024-01-09 02:00:00,Kolkata,22.5726,88.3639
18.2,83,5.6,27,2024-01-09 03:00:00,Kolkata,22.5726,88.3639
20.6,73,8.2,23,2024-01-09 04:00:00,Kolkata,22.5726,88.3639
22.5,63,10.1,6,2024-01-09 05:00:00,Kolkata,22.5726,88.3639
23.8,57,9.3,347,2024-01-09 06:00:00,Kolkata,22.5726,88.3639
24.6,53,8.7,336,2024-01-09 07:00:00,Kolkata,22.5726,88.3639
25.2,50,9.2,329,2024-01-09 08:00:00,Kolkata,22.5726,88.3639
25.4,49,9.4,328,2024-01-09 09:00:00,Kolkata,22.5726,88.3639
24.9,50,9.4,328,2024-01-09 10:00:00,Kolkata,22.5726,88.3639
22.8,70,5.7,325,2024-01-09 11:00:00,Kolkata,22.5726,88.3639
21.6,66,6.0,335,2024-01-09 12:00:00,Kolkata,22.5726,88.3639
18.7,81,7.2,27,2024-01-09 13:00:00,Kolkata,22.5726,88.3639
17.6,85,7.8,68,2024-01-09 14:00:00,Kolkata,22.5726,88.3639
17.2,85,7.6,82,2024-01-09 15:00:00,Kolkata,22.5726,88.3639
17.5,83,7.1,75,2024-01-09 16:00:00,Kolkata,22.5726,88.3639
17.4,83,6.1,93,2024-01-09 17:00:00,Kolkata,22.5726,88.3639
17.6,84,4.2,121,2024-01-09 18:00:00,Kolkata,22.5726,88.3639
17.4,86,3.0,104,2024-01-09 19:00:00,Kolkata,22.5726,88.3639
17.1,87,3.6,90,2024-01-09 20:00:00,Kolkata,22.5726,88.3639
16.9,89,3.2,90,2024-01-09 21:00:00,Kolkata,22.5726,88.3639
16.6,91,0.5,315,2024-01-09 22:00:00,Kolkata,22.5726,88.3639
15.6,96,3.1,339,2024-01-09 23:00:00,Kolkata,22.5726,88.3639
13.8,100,4.5,14,2024-01-10 00:00:00,Kolkata,22.5726,88.3639
13.6,99,3.0,346,2024-01-10 01:00:00,Kolkata,22.5726,88.3639
14.6,99,2.3,342,2024-01-10 02:00:00,Kolkata,22.5726,88.3639
16.5,95,1.8,79,2024-01-10 03:00:00,Kolkata,22.5726,88.3639
20.4,77,1.1,72,2024-01-10 04:00:00,Kolkata,22.5726,88.3639
22.8,67,2.6,16,2024-01-10 05:00:00,Kolkata,22.5726,88.3639
24.4,59,3.9,326,2024-01-10 06:00:00,Kolkata,22.5726,88.3639
25.4,52,5.3,332,2024-01-10 07:00:00,Kolkata,22.5726,88.3639
26.0,48,4.7,328,2024-01-10 08:00:00,Kolkata,22.5726,88.3639
26.0,46,3.6,315,2024-01-10 09:00:00,Kolkata,22.5726,88.3639
25.7,47,3.9,304,2024-01-10 10:00:00,Kolkata,22.5726,88.3639
23.8,70,4.6,288,2024-01-10 11:00:00,Kolkata,22.5726,88.3639
22.5,61,5.6,297,2024-01-10 12:00:00,Kolkata,22.5726,88.3639
20.4,74,5.6,50,2024-01-10 13:00:00,Kolkata,22.5726,88.3639
19.1,80,6.6,77,2024-01-10 14:00:00,Kolkata,22.5726,88.3639
19.1,78,5.8,94,2024-01-10 15:00:00,Kolkata,22.5726,88.3639
18.1,82,6.6,81,2024-01-10 16:00:00,Kolkata,22.5726,88.3639
17.4,85,7.9,74,2024-01-10 17:00:00,Kolkata,22.5726,88.3639
17.4,84,7.6,82,2024-01-10 18:00:00,Kolkata,22.5726,88.3639
17.7,82,5.8,94,2024-01-10 19:00:00,Kolkata,22.5726,88.3639
17.2,85,4.8,42,2024-01-10 20:00:00,Kolkata,22.5726,88.3639
16.2,91,5.5,11,2024-01-10 21:00:00,Kolkata,22.5726,88.3639
15.8,91,6.8,342,2024-01-10 22:00:00,Kolkata,22.5726,88.3639
15.2,92,5.5,349,2024-01-10 23:00:00,Kolkata,22.5726,88.3639
15.1,92,5.8,356,2024-01-11 00:00:00,Kolkata,22.5726,88.3639
15.1,93,5.7,18,2024-01-11 01:00:00,Kolkata,22.5726,88.3639
16.8,87,7.0,12,2024-01-11 02:00:00,Kolkata,22.5726,88.3639
18.8,79,6.7,16,2024-01-11 03:00:00,Kolkata,22.5726,88.3639
21.2,71,7.9,16,2024-01-11 04:00:00,Kolkata,22.5726,88.3639
23.1,62,9.8,8,2024-01-11 05:00:00,Kolkata,22.5726,88.3639
24.1,58,10.8,358,2024-01-11 06:00:00,Kolkata,22.5726,88.3639
24.9,56,10.8,345,2024-01-11 07:00:00,Kolkata,22.5726,88.3639
25.1,55,10.9,333,2024-01-11 08:00:00,Kolkata,22.5726,88.3639
25.1,55,11.8,329,2024-01-11 09:00:00,Kolkata,22.5726,88.3639
24.6,54,11.5,328,2024-01-11 10:00:00,Kolkata,22.5726,88.3639
23.3,59,7.3,327,2024-01-11 11:00:00,Kolkata,22.5726,88.3639
19.9,73,7.9,330,2024-01-11 12:00:00,Kolkata,22.5726,88.3639
19.0,77,6.9,9,2024-01-11 13:00:00,Kolkata,22.5726,88.3639
17.9,83,7.3,20,2024-01-11 14:00:00,Kolkata,22.5726,88.3639
17.1,84,7.7,28,2024-01-11 15:00:00,Kolkata,22.5726,88.3639
16.1,83,7.4,39,2024-01-11 16:00:00,Kolkata,22.5726,88.3639
15.1,86,6.5,34,2024-01-11 17:00:00,Kolkata,22.5726,88.3639
14.2,89,6.7,16,2024-01-11 18:00:00,Kolkata,22.5726,88.3639
13.9,89,7.2,3,2024-01-11 19:00:00,Kolkata,22.5726,88.3639
13.4,89,7.6,3,2024-01-11 20:00:00,Kolkata,22.5726,88.3639
13.0,91,7.9,3,2024-01-11 21:00:00,Kolkata,22.5726,88.3639
12.6,92,7.9,3,2024-01-11 22:00:00,Kolkata,22.5726,88.3639
12.2,93,7.6,357,2024-01-11 23:00:00,Kolkata,22.5726,88.3639
11.6,94,6.2,350,2024-01-12 00:00:00,Kolkata,22.5726,88.3639
12.1,97,5.4,352,2024-01-12 01:00:00,Kolkata,22.5726,88.3639
13.8,91,7.5,343,2024-01-12 02:00:00,Kolkata,22.5726,88.3639
15.9,82,7.0,339,2024-01-12 03:00:00,Kolkata,22.5726,88.3639
18.3,66,9.7,338,2024-01-12 04:00:00,Kolkata,22.5726,88.3639
20.0,56,12.3,339,2024-01-12 05:00:00,Kolkata,22.5726,88.3639
21.4,53,13.2,334,2024-01-12 06:00:00,Kolkata,22.5726,88.3639
22.5,49,13.9,329,2024-01-12 07:00:00,Kolkata,22.5726,88.3639
23.1,46,14.8,331,2024-01-12 08:00:00,Kolkata,22.5726,88.3639
23.1,46,14.3,332,2024-01-12 09:00:00,Kolkata,22.5726,88.3639
22.6,48,13.5,335,2024-01-12 10:00:00,Kolkata,22.5726,88.3639
21.2,54,9.5,335,2024-01-12 11:00:00,Kolkata,22.5726,88.3639
18.1,67,7.2,342,2024-01-12 12:00:00,Kolkata,22.5726,88.3639
16.8,74,7.6,19,2024-01-12 13:00:00,Kolkata,22.5726,88.3639
15.9,80,7.6,31,2024-01-12 14:00:00,Kolkata,22.5726,88.3639
15.1,84,7.4,29,2024-01-12 15:00:00,Kolkata,22.5726,88.3639
14.4,88,7.2,18,2024-01-12 16:00:00,Kolkata,22.5726,88.3639
14.1,89,7.9,360,2024-01-12 17:00:00,Kolkata,22.5726,88.3639
13.9,89,9.4,353,2024-01-12 18:00:00,Kolkata,22.5726,88.3639
13.6,90,9.1,353,2024-01-12 19:00:00,Kolkata,22.5726,88.3639
13.1,91,8.0,352,2024-01-12 20:00:00,Kolkata,22.5726,88.3639
12.1,93,7.0,348,2024-01-12 21:00:00,Kolkata,22.5726,88.3639
11.2,95,8.2,345,2024-01-12 22:00:00,Kolkata,22.5726,88.3639
10.5,95,9.2,339,2024-01-12 23:00:00,Kolkata,22.5726,88.3639
11.2,94,7.4,337,2024-01-13 00:00:00,Kolkata,22.5726,88.3639
11.1,97,6.5,6,2024-01-13 01:00:00,Kolkata,22.5726,88.3639
13.1,91,5.2,348,2024-01-13 02:00:00,Kolkata,22.5726,88.3639
15.2,80,5.8,360,2024-01-13 03:00:00,Kolkata,22.5726,88.3639
17.6,68,8.3,358,2024-01-13 04:00:00,Kolkata,22.5726,88.3639
19.6,58,10.5,352,2024-01-13 05:00:00,Kolkata,22.5726,88.3639
21.0,54,11.1,347,2024-01-13 06:00:00,Kolkata,22.5726,88.3639
22.0,50,10.9,343,2024-01-13 07:00:00,Kolkata,22.5726,88.3639
22.7,45,11.1,335,2024-01-13 08:00:00,Kolkata,22.5726,88.3639
22.6,45,11.2,327,2024-01-13 09:00:00,Kolkata,22.5726,88.3639
22.0,49,10.1,325,2024-01-13 10:00:00,Kolkata,22.5726,88.3639
20.5,59,5.6,320,2024-01-13 11:00:00,Kolkata,22.5726,88.3639
17.4,73,8.4,320,2024-01-13 12:00:00,Kolkata,22.5726,88.3639
17.1,69,7.0,348,2024-01-13 13:00:00,Kolkata,22.5726,88.3639
17.8,66,5.4,20,2024-01-13 14:00:00,Kolkata,22.5726,88.3639
15.4,77,7.4,23,2024-01-13 15:00:00,Kolkata,22.5726,88.3639
13.6,86,8.9,21,2024-01-13 16:00:00,Kolkata,22.5726,88.3639
13.6,86,7.3,20,2024-01-13 17:00:00,Kolkata,22.5726,88.3639
13.4,87,7.9,24,2024-01-13 18:00:00,Kolkata,22.5726,88.3639
13.1,89,7.6,19,2024-01-13 19:00:00,Kolkata,22.5726,88.3639
12.4,91,7.0,12,2024-01-13 20:00:00,Kolkata,22.5726,88.3639
12.1,92,6.5,354,2024-01-13 21:00:00,Kolkata,22.5726,88.3639
11.7,94,6.5,341,2024-01-13 22:00:00,Kolkata,22.5726,88.3639
11.1,95,6.1,332,2024-01-13 23:00:00,Kolkata,22.5726,88.3639
10.4,96,6.2,324,2024-01-14 00:00:00,Kolkata,22.5726,88.3639
10.5,97,6.6,351,2024-01-14 01:00:00,Kolkata,22.5726,88.3639
12.6,91,4.0,350,2024-01-14 02:00:00,Kolkata,22.5726,88.3639
14.7,84,3.8,343,2024-01-14 03:00:00,Kolkata,22.5726,88.3639
17.1,74,5.4,340,2024-01-14 04:00:00,Kolkata,22.5726,88.3639
19.1,62,7.0,325,2024-01-14 05:00:00,Kolkata,22.5726,88.3639
20.5,55,7.4,321,2024-01-14 06:00:00,Kolkata,22.5726,88.3639
21.5,51,8.1,315,2024-01-14 07:00:00,Kolkata,22.5726,88.3639
22.2,48,8.7,315,2024-01-14 08:00:00,Kolkata,22.5726,88.3639
22.4,46,8.7,315,2024-01-14 09:00:00,Kolkata,22.5726,88.3639
21.9,48,8.2,322,2024-01-14 10:00:00,Kolkata,22.5726,88.3639
20.1,61,4.4,325,2024-01-14 11:00:00,Kolkata,22.5726,88.3639
16.6,74,9.6,326,2024-01-14 12:00:00,Kolkata,22.5726,88.3639
16.0,79,7.2,27,2024-01-14 13:00:00,Kolkata,22.5726,88.3639
15.3,80,6.9,39,2024-01-14 14:00:00,Kolkata,22.5726,88.3639
14.6,83,7.4,51,2024-01-14 15:00:00,Kolkata,22.5726,88.3639
14.5,84,7.9,43,2024-01-14 16:00:00,Kolkata,22.5726,88.3639
13.8,90,7.2,37,2024-01-14 17:00:00,Kolkata,22.5726,88.3639
12.6,94,7.2,37,2024-01-14 18:00:00,Kolkata,22.5726,88.3639
12.3,95,8.0,18,2024-01-14 19:00:00,Kolkata,22.5726,88.3639
12.2,95,7.2,6,2024-01-14 20:00:00,Kolkata,22.5726,88.3639
11.8,97,7.6,360,2024-01-14 21:00:00,Kolkata,22.5726,88.3639
11.1,98,8.0,355,2024-01-14 22:00:00,Kolkata,22.5726,88.3639
10.6,98,8.4,350,2024-01-14 23:00:00,Kolkata,22.5726,88.3639
10.3,99,7.8,338,2024-01-15 00:00:00,Kolkata,22.5726,88.3639
11.4,98,4.6,342,2024-01-15 01:00:00,Kolkata,22.5726,88.3639
13.0,96,4.3,336,2024-01-15 02:00:00,Kolkata,22.5726,88.3639
14.8,89,3.8,343,2024-01-15 03:00:00,Kolkata,22.5726,88.3639
17.4,78,4.8,347,2024-01-15 04:00:00,Kolkata,22.5726,88.3639
19.1,71,5.3,332,2024-01-15 05:00:00,Kolkata,22.5726,88.3639
20.5,64,7.0,325,2024-01-15 06:00:00,Kolkata,22.5726,88.3639
21.5,57,7.9,321,2024-01-15 07:00:00,Kolkata,22.5726,88.3639
22.0,52,8.7,318,2024-01-15 08:00:00,Kolkata,22.5726,88.3639
22.1,51,9.4,320,2024-01-15 09:00:00,Kolkata,22.5726,88.3639
21.7,52,8.8,325,2024-01-15 10:00:00,Kolkata,22.5726,88.3639
20.3,63,4.3,336,2024-01-15 11:00:00,Kolkata,22.5726,88.3639
17.2,75,8.0,355,2024-01-15 12:00:00,Kolkata,22.5726,88.3639
14.4,80,9.7,39,2024-01-15 13:00:00,Kolkata,22.5726,88.3639
14.4,82,6.9,62,2024-01-15 14:00:00,Kolkata,22.5726,88.3639
13.7,84,8.1,69,2024-01-15 15:00:00,Kolkata,22.5726,88.3639
12.8,88,9.2,79,2024-01-15 16:00:00,Kolkata,22.5726,88.3639
12.6,88,8.3,90,2024-01-15 17:00:00,Kolkata,22.5726,88.3639
12.2,91,8.1,77,2024-01-15 18:00:00,Kolkata,22.5726,88.3639
11.9,91,7.2,53,2024-01-15 19:00:00,Kolkata,22.5726,88.3639
11.2,94,8.2,52,2024-01-15 20:00:00,Kolkata,22.5726,88.3639
11.9,92,7.2,63,2024-01-15 21:00:00,Kolkata,22.5726,88.3639
12.6,89,6.6,61,2024-01-15 22:00:00,Kolkata,22.5726,88.3639
12.9,89,5.9,43,2024-01-15 23:00:00,Kolkata,22.5726,88.3639
12.7,90,5.4,20,2024-01-16 00:00:00,Kolkata,22.5726,88.3639
11.9,98,4.7,32,2024-01-16 01:00:00,Kolkata,22.5726,88.3639
13.6,94,5.7,35,2024-01-16 02:00:00,Kolkata,22.5726,88.3639
16.5,82,4.8,42,2024-01-16 03:00:00,Kolkata,22.5726,88.3639
18.8,68,7.4,29,2024-01-16 04:00:00,Kolkata,22.5726,88.3639
20.2,62,7.2,27,2024-01-16 05:00:00,Kolkata,22.5726,88.3639
21.4,59,6.5,19,2024-01-16 06:00:00,Kolkata,22.5726,88.3639
22.1,55,6.2,7,2024-01-16 07:00:00,Kolkata,22.5726,88.3639
22.6,52,6.5,3,2024-01-16 08:00:00,Kolkata,22.5726,88.3639
22.7,51,6.5,3,2024-01-16 09:00:00,Kolkata,22.5726,88.3639
22.2,53,4.9,17,2024-01-16 10:00:00,Kolkata,22.5726,88.3639
20.8,72,3.6,37,2024-01-16 11:00:00,Kolkata,22.5726,88.3639
17.8,76,7.9,24,2024-01-16 12:00:00,Kolkata,22.5726,88.3639
16.9,76,7.9,47,2024-01-16 13:00:00,Kolkata,22.5726,88.3639
16.3,78,8.8,55,2024-01-16 14:00:00,Kolkata,22.5726,88.3639
15.1,83,6.6,61,2024-01-16 15:00:00,Kolkata,22.5726,88.3639
14.9,84,7.4,67,2024-01-16 16:00:00,Kolkata,22.5726,88.3639
14.6,84,9.4,58,2024-01-16 17:00:00,Kolkata,22.5726,88.3639
14.1,87,7.8,68,2024-01-16 18:00:00,Kolkata,22.5726,88.3639
13.4,90,6.7,74,2024-01-16 19:00:00,Kolkata,22.5726,88.3639
13.2,90,6.5,71,2024-01-16 20:00:00,Kolkata,22.5726,88.3639
12.6,92,5.9,79,2024-01-16 21:00:00,Kolkata,22.5726,88.3639
12.4,92,5.6,75,2024-01-16 22:00:00,Kolkata,22.5726,88.3639
12.1,93,5.7,72,2024-01-16 23:00:00,Kolkata,22.5726,88.3639
11.6,94,6.8,72,2024-01-17 00:00:00,Kolkata,22.5726,88.3639
12.4,96,4.8,77,2024-01-17 01:00:00,Kolkata,22.5726,88.3639
14.1,90,6.8,72,2024-01-17 02:00:00,Kolkata,22.5726,88.3639
16.6,81,6.2,69,2024-01-17 03:00:00,Kolkata,22.5726,88.3639
19.0,70,7.4,67,2024-01-17 04:00:00,Kolkata,22.5726,88.3639
20.8,63,5.6,63,2024-01-17 05:00:00,Kolkata,22.5726,88.3639
22.0,60,4.9,54,2024-01-17 06:00:00,Kolkata,22.5726,88.3639
23.0,58,3.6,45,2024-01-17 07:00:00,Kolkata,22.5726,88.3639
23.5,58,2.6,56,2024-01-17 08:00:00,Kolkata,22.5726,88.3639
24.0,57,3.2,207,2024-01-17 09:00:00,Kolkata,22.5726,88.3639
23.8,57,2.9,187,2024-01-17 10:00:00,Kolkata,22.5726,88.3639
22.9,71,1.4,90,2024-01-17 11:00:00,Kolkata,22.5726,88.3639
20.5,71,6.1,93,2024-01-17 12:00:00,Kolkata,22.5726,88.3639
18.3,80,9.4,58,2024-01-17 13:00:00,Kolkata,22.5726,88.3639
17.5,83,10.1,55,2024-01-17 14:00:00,Kolkata,22.5726,88.3639
17.3,83,9.1,72,2024-01-17 15:00:00,Kolkata,22.5726,88.3639
17.1,84,9.8,84,2024-01-17 16:00:00,Kolkata,22.5726,88.3639
16.8,86,10.1,96,2024-01-17 17:00:00,Kolkata,22.5726,88.3639
16.5,88,9.4,92,2024-01-17 18:00:00,Kolkata,22.5726,88.3639
16.1,90,8.8,99,2024-01-17 19:00:00,Kolkata,22.5726,88.3639
16.4,89,8.3,95,2024-01-17 20:00:00,Kolkata,22.5726,88.3639
16.0,91,8.0,85,2024-01-17 21:00:00,Kolkata,22.5726,88.3639
16.3,91,9.4,83,2024-01-17 22:00:00,Kolkata,22.5726,88.3639
16.0,93,11.3,81,2024-01-17 23:00:00,Kolkata,22.5726,88.3639
15.8,92,10.0,60,2024-01-18 00:00:00,Kolkata,22.5726,88.3639
15.4,94,7.3,70,2024-01-18 01:00:00,Kolkata,22.5726,88.3639
16.4,88,8.4,70,2024-01-18 02:00:00,Kolkata,22.5726,88.3639
17.2,83,9.4,72,2024-01-18 03:00:00,Kolkata,22.5726,88.3639
16.9,86,12.6,59,2024-01-18 04:00:00,Kolkata,22.5726,88.3639
17.5,89,9.6,70,2024-01-18 05:00:00,Kolkata,22.5726,88.3639
17.0,91,6.4,74,2024-01-18 06:00:00,Kolkata,22.5726,88.3639
18.4,85,8.6,90,2024-01-18 07:00:00,Kolkata,22.5726,88.3639
19.4,83,8.0,95,2024-01-18 08:00:00,Kolkata,22.5726,88.3639
19.5,83,5.4,98,2024-01-18 09:00:00,Kolkata,22.5726,88.3639
19.5,84,8.4,83,2024-01-18 10:00:00,Kolkata,22.5726,88.3639
19.1,86,9.8,114,2024-01-18 11:00:00,Kolkata,22.5726,88.3639
18.1,91,6.8,108,2024-01-18 12:00:00,Kolkata,22.5726,88.3639
17.2,95,7.2,84,2024-01-18 13:00:00,Kolkata,22.5726,88.3639
17.1,96,7.2,90,2024-01-18 14:00:00,Kolkata,22.5726,88.3639
16.9,97,3.8,107,2024-01-18 15:00:00,Kolkata,22.5726,88.3639
17.0,96,4.3,24,2024-01-18 16:00:00,Kolkata,22.5726,88.3639
16.5,97,4.4,9,2024-01-18 17:00:00,Kolkata,22.5726,88.3639
16.1,98,5.1,8,2024-01-18 18:00:00,Kolkata,22.5726,88.3639
15.7,98,4.4,9,2024-01-18 19:00:00,Kolkata,22.5726,88.3639
16.4,95,7.3,11,2024-01-18 20:00:00,Kolkata,22.5726,88.3639
16.6,93,6.5,19,2024-01-18 21:00:00,Kolkata,22.5726,88.3639
16.8,93,6.6,22,2024-01-18 22:00:00,Kolkata,22.5726,88.3639
16.9,93,7.4,23,2024-01-18 23:00:00,Kolkata,22.5726,88.3639
17.0,93,7.6,25,2024-01-19 00:00:00,Kolkata,22.5726,88.3639
16.2,96,7.1,24,2024-01-19 01:00:00,Kolkata,22.5726,88.3639
16.9,94,9.3,28,2024-01-19 02:00:00,Kolkata,22.5726,88.3639
18.2,89,8.2,23,2024-01-19 03:00:00,Kolkata,22.5726,88.3639
19.9,80,8.9,21,2024-01-19 04:00:00,Kolkata,22.5726,88.3639
20.9,74,9.9,19,2024-01-19 05:00:00,Kolkata,22.5726,88.3639
21.0,72,9.4,18,2024-01-19 06:00:00,Kolkata,22.5726,88.3639
21.4,71,8.8,19,2024-01-19 07:00:00,Kolkata,22.5726,88.3639
22.6,67,8.7,5,2024-01-19 08:00:00,Kolkata,22.5726,88.3639
23.2,63,8.8,348,2024-01-19 09:00:00,Kolkata,22.5726,88.3639
22.8,62,9.0,344,2024-01-19 10:00:00,Kolkata,22.5726,88.3639
21.8,68,7.3,340,2024-01-19 11:00:00,Kolkata,22.5726,88.3639
18.5,83,8.1,339,2024-01-19 12:00:00,Kolkata,22.5726,88.3639
17.7,87,6.6,338,2024-01-19 13:00:00,Kolkata,22.5726,88.3639
16.3,91,7.1,345,2024-01-19 14:00:00,Kolkata,22.5726,88.3639
15.8,92,6.3,347,2024-01-19 15:00:00,Kolkata,22.5726,88.3639
14.9,93,9.8,352,2024-01-19 16:00:00,Kolkata,22.5726,88.3639
15.1,93,7.0,12,2024-01-19 17:00:00,Kolkata,22.5726,88.3639
15.2,92,7.4,29,2024-01-19 18:00:00,Kolkata,22.5726,88.3639
14.1,93,7.0,35,2024-01-19 19:00:00,Kolkata,22.5726,88.3639
13.9,94,6.1,28,2024-01-19 20:00:00,Kolkata,22.5726,88.3639
13.9,94,7.0,21,2024-01-19 21:00:00,Kolkata,22.5726,88.3639
13.6,94,6.5,19,2024-01-19 22:00:00,Kolkata,22.5726,88.3639
13.5,95,6.3,24,2024-01-19 23:00:00,Kolkata,22.5726,88.3639
14.1,92,7.6,19,2024-01-20 00:00:00,Kolkata,22.5726,88.3639
13.1,97,5.9,11,2024-01-20 01:00:00,Kolkata,22.5726,88.3639
14.4,93,6.8,357,2024-01-20 02:00:00,Kolkata,22.5726,88.3639
16.2,87,5.7,342,2024-01-20 03:00:00,Kolkata,22.5726,88.3639
18.4,79,6.4,333,2024-01-20 04:00:00,Kolkata,22.5726,88.3639
20.2,69,7.6,335,2024-01-20 05:00:00,Kolkata,22.5726,88.3639
21.5,62,7.6,335,2024-01-20 06:00:00,Kolkata,22.5726,88.3639
22.3,59,7.4,337,2024-01-20 07:00:00,Kolkata,22.5726,88.3639
22.8,56,7.2,342,2024-01-20 08:00:00,Kolkata,22.5726,88.3639
22.9,55,7.4,346,2024-01-20 09:00:00,Kolkata,22.5726,88.3639
22.5,58,7.3,351,2024-01-20 10:00:00,Kolkata,22.5726,88.3639
21.2,70,3.8,343,2024-01-20 11:00:00,Kolkata,22.5726,88.3639
18.1,81,7.6,329,2024-01-20 12:00:00,Kolkata,22.5726,88.3639
19.1,73,1.8,360,2024-01-20 13:00:00,Kolkata,22.5726,88.3639
18.3,77,0.5,45,2024-01-20 14:00:00,Kolkata,22.5726,88.3639
17.5,81,2.8,40,2024-01-20 15:00:00,Kolkata,22.5726,88.3639
16.5,85,4.6,72,2024-01-20 16:00:00,Kolkata,22.5726,88.3639
16.0,87,5.5,58,2024-01-20 17:00:00,Kolkata,22.5726,88.3639
16.0,87,5.4,48,2024-01-20 18:00:00,Kolkata,22.5726,88.3639
15.4,89,5.4,70,2024-01-20 19:00:00,Kolkata,22.5726,88.3639
14.8,93,5.9,52,2024-01-20 20:00:00,Kolkata,22.5726,88.3639
14.4,94,7.7,53,2024-01-20 21:00:00,Kolkata,22.5726,88.3639
15.6,91,1.8,169,2024-01-20 22:00:00,Kolkata,22.5726,88.3639
15.8,91,3.1,69,2024-01-20 23:00:00,Kolkata,22.5726,88.3639
15.9,90,2.7,23,2024-01-21 00:00:00,Kolkata,22.5726,88.3639
16.1,86,3.1,21,2024-01-21 01:00:00,Kolkata,22.5726,88.3639
16.5,87,4.6,321,2024-01-21 02:00:00,Kolkata,22.5726,88.3639
18.2,78,5.5,337,2024-01-21 03:00:00,Kolkata,22.5726,88.3639
18.5,76,6.4,344,2024-01-21 04:00:00,Kolkata,22.5726,88.3639
18.8,75,5.6,345,2024-01-21 05:00:00,Kolkata,22.5726,88.3639
18.9,76,4.7,351,2024-01-21 06:00:00,Kolkata,22.5726,88.3639
19.1,77,2.6,16,2024-01-21 07:00:00,Kolkata,22.5726,88.3639
20.2,73,1.8,53,2024-01-21 08:00:00,Kolkata,22.5726,88.3639
19.9,75,3.1,126,2024-01-21 09:00:00,Kolkata,22.5726,88.3639
20.5,74,6.1,152,2024-01-21 10:00:00,Kolkata,22.5726,88.3639
19.5,78,7.2,174,2024-01-21 11:00:00,Kolkata,22.5726,88.3639
18.4,83,5.8,173,2024-01-21 12:00:00,Kolkata,22.5726,88.3639
19.0,80,7.6,185,2024-01-21 13:00:00,Kolkata,22.5726,88.3639
17.0,91,6.0,163,2024-01-21 14:00:00,Kolkata,22.5726,88.3639
15.8,94,6.6,167,2024-01-21 15:00:00,Kolkata,22.5726,88.3639
15.1,96,8.7,173,2024-01-21 16:00:00,Kolkata,22.5726,88.3639
15.1,95,7.6,185,2024-01-21 17:00:00,Kolkata,22.5726,88.3639
16.4,94,5.5,191,2024-01-21 18:00:00,Kolkata,22.5726,88.3639
14.1,98,3.7,349,2024-01-21 19:00:00,Kolkata,22.5726,88.3639
14.4,99,9.7,345,2024-01-21 20:00:00,Kolkata,22.5726,88.3639
13.7,98,7.6,352,2024-01-21 21:00:00,Kolkata,22.5726,88.3639
12.9,96,8.3,2,2024-01-21 22:00:00,Kolkata,22.5726,88.3639
12.4,94,7.2,3,2024-01-21 23:00:00,Kolkata,22.5726,88.3639
11.9,94,6.5,360,2024-01-22 00:00:00,Kolkata,22.5726,88.3639
11.3,94,7.3,9,2024-01-22 01:00:00,Kolkata,22.5726,88.3639
12.6,89,9.4,2,2024-01-22 02:00:00,Kolkata,22.5726,88.3639
14.5,82,9.4,7,2024-01-22 03:00:00,Kolkata,22.5726,88.3639
16.7,73,10.9,8,2024-01-22 04:00:00,Kolkata,22.5726,88.3639
18.5,65,11.5,2,2024-01-22 05:00:00,Kolkata,22.5726,88.3639
19.9,59,10.1,356,2024-01-22 06:00:00,Kolkata,22.5726,88.3639
20.8,54,9.3,347,2024-01-22 07:00:00,Kolkata,22.5726,88.3639
21.5,49,9.7,333,2024-01-22 08:00:00,Kolkata,22.5726,88.3639
21.6,47,10.0,330,2024-01-22 09:00:00,Kolkata,22.5726,88.3639
21.1,51,9.0,331,2024-01-22 10:00:00,Kolkata,22.5726,88.3639
19.7,62,6.0,335,2024-01-22 11:00:00,Kolkata,22.5726,88.3639
15.6,80,9.9,341,2024-01-22 12:00:00,Kolkata,22.5726,88.3639
15.1,79,8.0,5,2024-01-22 13:00:00,Kolkata,22.5726,88.3639
13.8,86,8.6,33,2024-01-22 14:00:00,Kolkata,22.5726,88.3639
13.7,86,7.6,45,2024-01-22 15:00:00,Kolkata,22.5726,88.3639
12.6,90,8.4,47,2024-01-22 16:00:00,Kolkata,22.5726,88.3639
11.9,92,8.6,33,2024-01-22 17:00:00,Kolkata,22.5726,88.3639
11.9,92,7.4,29,2024-01-22 18:00:00,Kolkata,22.5726,88.3639
12.3,89,8.2,29,2024-01-22 19:00:00,Kolkata,22.5726,88.3639
12.6,88,10.1,27,2024-01-22 20:00:00,Kolkata,22.5726,88.3639
12.2,89,9.7,27,2024-01-22 21:00:00,Kolkata,22.5726,88.3639
11.4,91,7.0,21,2024-01-22 22:00:00,Kolkata,22.5726,88.3639
11.4,90,7.3,20,2024-01-22 23:00:00,Kolkata,22.5726,88.3639
12.3,88,5.3,28,2024-01-23 00:00:00,Kolkata,22.5726,88.3639
10.5,97,7.2,360,2024-01-23 01:00:00,Kolkata,22.5726,88.3639
13.0,92,5.8,356,2024-01-23 02:00:00,Kolkata,22.5726,88.3639
15.0,85,3.4,18,2024-01-23 03:00:00,Kolkata,22.5726,88.3639
17.3,77,4.5,29,2024-01-23 04:00:00,Kolkata,22.5726,88.3639
19.3,68,5.6,27,2024-01-23 05:00:00,Kolkata,22.5726,88.3639
20.9,60,7.3,33,2024-01-23 06:00:00,Kolkata,22.5726,88.3639
22.0,53,5.1,8,2024-01-23 07:00:00,Kolkata,22.5726,88.3639
22.5,49,4.6,342,2024-01-23 08:00:00,Kolkata,22.5726,88.3639
22.8,47,5.9,322,2024-01-23 09:00:00,Kolkata,22.5726,88.3639
22.5,47,6.1,332,2024-01-23 10:00:00,Kolkata,22.5726,88.3639
20.9,66,3.6,354,2024-01-23 11:00:00,Kolkata,22.5726,88.3639
18.1,69,6.9,9,2024-01-23 12:00:00,Kolkata,22.5726,88.3639
16.7,78,8.8,19,2024-01-23 13:00:00,Kolkata,22.5726,88.3639
16.0,82,8.0,36,2024-01-23 14:00:00,Kolkata,22.5726,88.3639
15.6,86,8.1,45,2024-01-23 15:00:00,Kolkata,22.5726,88.3639
15.3,85,7.7,53,2024-01-23 16:00:00,Kolkata,22.5726,88.3639
16.2,83,6.1,93,2024-01-23 17:00:00,Kolkata,22.5726,88.3639
16.9,81,3.9,112,2024-01-23 18:00:00,Kolkata,22.5726,88.3639
16.5,83,4.8,63,2024-01-23 19:00:00,Kolkata,22.5726,88.3639
15.4,85,6.2,83,2024-01-23 20:00:00,Kolkata,22.5726,88.3639
14.6,90,7.2,90,2024-01-23 21:00:00,Kolkata,22.5726,88.3639
16.3,83,4.2,59,2024-01-23 22:00:00,Kolkata,22.5726,88.3639
16.0,83,4.0,355,2024-01-23 23:00:00,Kolkata,22.5726,88.3639
16.1,79,4.7,32,2024-01-24 00:00:00,Kolkata,22.5726,88.3639
14.9,87,6.3,77,2024-01-24 01:00:00,Kolkata,22.5726,88.3639
16.8,80,7.4,43,2024-01-24 02:00:00,Kolkata,22.5726,88.3639
18.5,71,7.3,57,2024-01-24 03:00:00,Kolkata,22.5726,88.3639
20.1,66,9.1,72,2024-01-24 04:00:00,Kolkata,22.5726,88.3639
20.8,63,8.6,75,2024-01-24 05:00:00,Kolkata,22.5726,88.3639
21.5,58,8.4,70,2024-01-24 06:00:00,Kolkata,22.5726,88.3639
21.0,60,5.9,104,2024-01-24 07:00:00,Kolkata,22.5726,88.3639
21.1,59,4.2,121,2024-01-24 08:00:00,Kolkata,22.5726,88.3639
19.8,71,2.6,146,2024-01-24 09:00:00,Kolkata,22.5726,88.3639
19.0,81,3.7,79,2024-01-24 10:00:00,Kolkata,22.5726,88.3639
18.5,88,3.1,135,2024-01-24 11:00:00,Kolkata,22.5726,88.3639
18.0,91,3.1,126,2024-01-24 12:00:00,Kolkata,22.5726,88.3639
17.7,88,0.8,333,2024-01-24 13:00:00,Kolkata,22.5726,88.3639
17.2,89,2.6,34,2024-01-24 14:00:00,Kolkata,22.5726,88.3639
17.5,83,1.3,146,2024-01-24 15:00:00,Kolkata,22.5726,88.3639
16.2,92,4.6,141,2024-01-24 16:00:00,Kolkata,22.5726,88.3639
15.4,94,4.8,153,2024-01-24 17:00:00,Kolkata,22.5726,88.3639
15.4,93,3.6,135,2024-01-24 18:00:00,Kolkata,22.5726,88.3639
15.0,93,3.6,135,2024-01-24 19:00:00,Kolkata,22.5726,88.3639
15.4,90,2.9,120,2024-01-24 20:00:00,Kolkata,22.5726,88.3639
14.0,96,4.3,5,2024-01-24 21:00:00,Kolkata,22.5726,88.3639
13.7,98,5.0,339,2024-01-24 22:00:00,Kolkata,22.5726,88.3639
13.4,99,4.0,333,2024-01-24 23:00:00,Kolkata,22.5726,88.3639
13.2,100,6.9,354,2024-01-25 00:00:00,Kolkata,22.5726,88.3639
14.4,98,6.4,16,2024-01-25 01:00:00,Kolkata,22.5726,88.3639
15.4,94,7.9,30,2024-01-25 02:00:00,Kolkata,22.5726,88.3639
17.1,91,7.7,37,2024-01-25 03:00:00,Kolkata,22.5726,88.3639
18.9,82,7.8,34,2024-01-25 04:00:00,Kolkata,22.5726,88.3639
20.5,72,7.0,35,2024-01-25 05:00:00,Kolkata,22.5726,88.3639
21.8,64,6.1,28,2024-01-25 06:00:00,Kolkata,22.5726,88.3639
22.6,59,4.9,17,2024-01-25 07:00:00,Kolkata,22.5726,88.3639
22.7,58,3.6,354,2024-01-25 08:00:00,Kolkata,22.5726,88.3639
22.6,59,5.1,315,2024-01-25 09:00:00,Kolkata,22.5726,88.3639
22.5,60,6.9,313,2024-01-25 10:00:00,Kolkata,22.5726,88.3639
21.4,66,6.4,317,2024-01-25 11:00:00,Kolkata,22.5726,88.3639
18.5,80,5.9,313,2024-01-25 12:00:00,Kolkata,22.5726,88.3639
17.6,84,6.2,339,2024-01-25 13:00:00,Kolkata,22.5726,88.3639
17.7,83,6.0,343,2024-01-25 14:00:00,Kolkata,22.5726,88.3639
17.1,86,6.8,335,2024-01-25 15:00:00,Kolkata,22.5726,88.3639
15.6,91,6.3,347,2024-01-25 16:00:00,Kolkata,22.5726,88.3639
15.0,92,6.9,354,2024-01-25 17:00:00,Kolkata,22.5726,88.3639
14.6,92,6.6,351,2024-01-25 18:00:00,Kolkata,22.5726,88.3639
14.4,93,6.9,354,2024-01-25 19:00:00,Kolkata,22.5726,88.3639
14.2,93,7.4,14,2024-01-25 20:00:00,Kolkata,22.5726,88.3639
14.0,94,8.1,13,2024-01-25 21:00:00,Kolkata,22.5726,88.3639
13.6,95,7.5,17,2024-01-25 22:00:00,Kolkata,22.5726,88.3639
12.9,96,6.0,17,2024-01-25 23:00:00,Kolkata,22.5726,88.3639
12.3,97,5.8,4,2024-01-26 00:00:00,Kolkata,22.5726,88.3639
12.4,97,5.8,356,2024-01-26 01:00:00,Kolkata,22.5726,88.3639
14.1,93,7.6,352,2024-01-26 02:00:00,Kolkata,22.5726,88.3639
15.9,87,6.5,354,2024-01-26 03:00:00,Kolkata,22.5726,88.3639
18.3,77,6.5,357,2024-01-26 04:00:00,Kolkata,22.5726,88.3639
20.4,69,6.9,354,2024-01-26 05:00:00,Kolkata,22.5726,88.3639
22.0,59,8.1,339,2024-01-26 06:00:00,Kolkata,22.5726,88.3639
22.8,48,10.0,330,2024-01-26 07:00:00,Kolkata,22.5726,88.3639
23.0,43,11.9,325,2024-01-26 08:00:00,Kolkata,22.5726,88.3639
22.9,42,12.7,325,2024-01-26 09:00:00,Kolkata,22.5726,88.3639
22.3,44,11.4,325,2024-01-26 10:00:00,Kolkata,22.5726,88.3639
20.7,56,6.4,322,2024-01-26 11:00:00,Kolkata,22.5726,88.3639
16.8,72,9.7,321,2024-01-26 12:00:00,Kolkata,22.5726,88.3639
15.9,72,9.4,342,2024-01-26 13:00:00,Kolkata,22.5726,88.3639
17.6,61,6.3,347,2024-01-26 14:00:00,Kolkata,22.5726,88.3639
17.4,62,3.2,27,2024-01-26 15:00:00,Kolkata,22.5726,88.3639
17.0,64,2.4,63,2024-01-26 16:00:00,Kolkata,22.5726,88.3639
16.5,67,2.9,30,2024-01-26 17:00:00,Kolkata,22.5726,88.3639
15.9,71,5.2,25,2024-01-26 18:00:00,Kolkata,22.5726,88.3639
11.9,88,9.5,9,2024-01-26 19:00:00,Kolkata,22.5726,88.3639
12.0,85,7.2,354,2024-01-26 20:00:00,Kolkata,22.5726,88.3639
11.8,82,6.8,357,2024-01-26 21:00:00,Kolkata,22.5726,88.3639
11.5,84,7.2,360,2024-01-26 22:00:00,Kolkata,22.5726,88.3639
11.4,86,8.0,355,2024-01-26 23:00:00,Kolkata,22.5726,88.3639
12.9,79,5.1,352,2024-01-27 00:00:00,Kolkata,22.5726,88.3639
11.6,88,6.3,347,2024-01-27 01:00:00,Kolkata,22.5726,88.3639
13.4,80,5.4,340,2024-01-27 02:00:00,Kolkata,22.5726,88.3639
15.3,78,4.3,336,2024-01-27 03:00:00,Kolkata,22.5726,88.3639
17.6,72,5.6,333,2024-01-27 04:00:00,Kolkata,22.5726,88.3639
19.5,65,6.3,329,2024-01-27 05:00:00,Kolkata,22.5726,88.3639
21.3,54,9.0,323,2024-01-27 06:00:00,Kolkata,22.5726,88.3639
22.5,44,11.0,328,2024-01-27 07:00:00,Kolkata,22.5726,88.3639
22.9,43,11.8,333,2024-01-27 08:00:00,Kolkata,22.5726,88.3639
23.0,44,12.4,334,2024-01-27 09:00:00,Kolkata,22.5726,88.3639
22.4,46,11.4,336,2024-01-27 10:00:00,Kolkata,22.5726,88.3639
20.9,57,7.6,335,2024-01-27 11:00:00,Kolkata,22.5726,88.3639
17.0,73,9.7,333,2024-01-27 12:00:00,Kolkata,22.5726,88.3639
16.5,73,8.3,2,2024-01-27 13:00:00,Kolkata,22.5726,88.3639
15.8,77,7.7,41,2024-01-27 14:00:00,Kolkata,22.5726,88.3639
15.7,76,7.8,68,2024-01-27 15:00:00,Kolkata,22.5726,88.3639
15.1,77,7.5,73,2024-01-27 16:00:00,Kolkata,22.5726,88.3639
13.6,82,8.8,78,2024-01-27 17:00:00,Kolkata,22.5726,88.3639
12.8,84,9.5,65,2024-01-27 18:00:00,Kolkata,22.5726,88.3639
11.9,88,10.0,69,2024-01-27 19:00:00,Kolkata,22.5726,88.3639
11.8,88,8.7,60,2024-01-27 20:00:00,Kolkata,22.5726,88.3639
11.8,87,7.6,45,2024-01-27 21:00:00,Kolkata,22.5726,88.3639
11.6,87,6.8,32,2024-01-27 22:00:00,Kolkata,22.5726,88.3639
11.2,89,6.5,19,2024-01-27 23:00:00,Kolkata,22.5726,88.3639
10.2,92,9.1,9,2024-01-28 00:00:00,Kolkata,22.5726,88.3639
10.8,91,7.6,352,2024-01-28 01:00:00,Kolkata,22.5726,88.3639
13.4,83,4.8,347,2024-01-28 02:00:00,Kolkata,22.5726,88.3639
15.9,75,2.5,360,2024-01-28 03:00:00,Kolkata,22.5726,88.3639
18.5,67,2.4,27,2024-01-28 04:00:00,Kolkata,22.5726,88.3639
20.6,60,3.1,36,2024-01-28 05:00:00,Kolkata,22.5726,88.3639
22.1,53,4.0,5,2024-01-28 06:00:00,Kolkata,22.5726,88.3639
23.0,50,4.8,347,2024-01-28 07:00:00,Kolkata,22.5726,88.3639
23.5,48,4.8,333,2024-01-28 08:00:00,Kolkata,22.5726,88.3639
23.6,48,3.9,338,2024-01-28 09:00:00,Kolkata,22.5726,88.3639
23.3,49,3.3,319,2024-01-28 10:00:00,Kolkata,22.5726,88.3639
22.0,72,2.3,321,2024-01-28 11:00:00,Kolkata,22.5726,88.3639
21.2,60,4.8,333,2024-01-28 12:00:00,Kolkata,22.5726,88.3639
16.8,79,8.3,5,2024-01-28 13:00:00,Kolkata,22.5726,88.3639
15.8,85,7.9,16,2024-01-28 14:00:00,Kolkata,22.5726,88.3639
15.1,84,8.4,31,2024-01-28 15:00:00,Kolkata,22.5726,88.3639
14.6,84,9.2,42,2024-01-28 16:00:00,Kolkata,22.5726,88.3639
14.0,86,10.1,63,2024-01-28 17:00:00,Kolkata,22.5726,88.3639
15.6,79,7.3,79,2024-01-28 18:00:00,Kolkata,22.5726,88.3639
14.9,82,6.8,87,2024-01-28 19:00:00,Kolkata,22.5726,88.3639
13.2,89,8.3,72,2024-01-28 20:00:00,Kolkata,22.5726,88.3639
12.9,91,6.4,52,2024-01-28 21:00:00,Kolkata,22.5726,88.3639
12.8,91,6.6,49,2024-01-28 22:00:00,Kolkata,22.5726,88.3639
12.6,91,6.9,51,2024-01-28 23:00:00,Kolkata,22.5726,88.3639
11.6,93,8.4,70,2024-01-29 00:00:00,Kolkata,22.5726,88.3639
13.4,86,5.9,52,2024-01-29 01:00:00,Kolkata,22.5726,88.3639
14.4,84,4.0,27,2024-01-29 02:00:00,Kolkata,22.5726,88.3639
17.0,77,1.8,37,2024-01-29 03:00:00,Kolkata,22.5726,88.3639
19.9,66,1.8,101,2024-01-29 04:00:00,Kolkata,22.5726,88.3639
22.0,56,2.8,130,2024-01-29 05:00:00,Kolkata,22.5726,88.3639
23.4,52,1.1,162,2024-01-29 06:00:00,Kolkata,22.5726,88.3639
24.1,50,1.8,233,2024-01-29 07:00:00,Kolkata,22.5726,88.3639
24.6,50,2.3,252,2024-01-29 08:00:00,Kolkata,22.5726,88.3639
24.8,51,3.1,234,2024-01-29 09:00:00,Kolkata,22.5726,88.3639
24.5,52,3.4,212,2024-01-29 10:00:00,Kolkata,22.5726,88.3639
23.4,69,1.8,169,2024-01-29 11:00:00,Kolkata,22.5726,88.3639
22.4,60,3.6,84,2024-01-29 12:00:00,Kolkata,22.5726,88.3639
18.9,73,7.1,139,2024-01-29 13:00:00,Kolkata,22.5726,88.3639
18.4,76,8.8,168,2024-01-29 14:00:00,Kolkata,22.5726,88.3639
16.9,80,6.4,164,2024-01-29 15:00:00,Kolkata,22.5726,88.3639
15.6,86,7.0,159,2024-01-29 16:00:00,Kolkata,22.5726,88.3639
15.0,90,7.9,156,2024-01-29 17:00:00,Kolkata,22.5726,88.3639
14.8,89,8.0,153,2024-01-29 18:00:00,Kolkata,22.5726,88.3639
14.1,92,8.5,152,2024-01-29 19:00:00,Kolkata,22.5726,88.3639
13.8,93,7.9,137,2024-01-29 20:00:00,Kolkata,22.5726,88.3639
13.4,95,8.7,135,2024-01-29 21:00:00,Kolkata,22.5726,88.3639
13.4,95,8.7,135,2024-01-29 22:00:00,Kolkata,22.5726,88.3639
13.8,94,6.6,139,2024-01-29 23:00:00,Kolkata,22.5726,88.3639
13.8,94,6.9,129,2024-01-30 00:00:00,Kolkata,22.5726,88.3639
14.9,93,6.1,140,2024-01-30 01:00:00,Kolkata,22.5726,88.3639
17.0,87,8.2,142,2024-01-30 02:00:00,Kolkata,22.5726,88.3639
19.9,79,6.4,142,2024-01-30 03:00:00,Kolkata,22.5726,88.3639
22.6,71,8.6,158,2024-01-30 04:00:00,Kolkata,22.5726,88.3639
24.4,68,10.1,180,2024-01-30 05:00:00,Kolkata,22.5726,88.3639
25.6,66,10.0,195,2024-01-30 06:00:00,Kolkata,22.5726,88.3639
26.4,64,8.9,212,2024-01-30 07:00:00,Kolkata,22.5726,88.3639
26.8,60,8.9,220,2024-01-30 08:00:00,Kolkata,22.5726,88.3639
26.8,57,7.8,214,2024-01-30 09:00:00,Kolkata,22.5726,88.3639
24.9,67,11.6,185,2024-01-30 10:00:00,Kolkata,22.5726,88.3639
23.6,77,4.7,157,2024-01-30 11:00:00,Kolkata,22.5726,88.3639
21.0,87,6.1,118,2024-01-30 12:00:00,Kolkata,22.5726,88.3639
21.7,81,1.3,56,2024-01-30 13:00:00,Kolkata,22.5726,88.3639
19.5,85,11.8,50,2024-01-30 14:00:00,Kolkata,22.5726,88.3639
19.0,87,7.5,125,2024-01-30 15:00:00,Kolkata,22.5726,88.3639
18.0,94,5.8,97,2024-01-30 16:00:00,Kolkata,22.5726,88.3639
18.0,95,6.4,117,2024-01-30 17:00:00,Kolkata,22.5726,88.3639
17.9,95,7.1,114,2024-01-30 18:00:00,Kolkata,22.5726,88.3639
17.8,95,5.9,104,2024-01-30 19:00:00,Kolkata,22.5726,88.3639
17.9,96,2.9,60,2024-01-30 20:00:00,Kolkata,22.5726,88.3639
18.0,97,5.7,35,2024-01-30 21:00:00,Kolkata,22.5726,88.3639
17.7,98,9.2,309,2024-01-30 22:00:00,Kolkata,22.5726,88.3639
17.9,95,9.3,144,2024-01-30 23:00:00,Kolkata,22.5726,88.3639
17.5,97,6.1,140,2024-01-31 00:00:00,Kolkata,22.5726,88.3639
18.1,96,12.4,107,2024-01-31 01:00:00,Kolkata,22.5726,88.3639
18.9,94,11.6,112,2024-01-31 02:00:00,Kolkata,22.5726,88.3639
20.2,89,11.1,126,2024-01-31 03:00:00,Kolkata,22.5726,88.3639
22.2,80,10.9,146,2024-01-31 04:00:00,Kolkata,22.5726,88.3639
23.1,76,9.8,172,2024-01-31 05:00:00,Kolkata,22.5726,88.3639
23.6,74,9.0,178,2024-01-31 06:00:00,Kolkata,22.5726,88.3639
24.0,72,8.0,190,2024-01-31 07:00:00,Kolkata,22.5726,88.3639
25.0,68,6.3,204,2024-01-31 08:00:00,Kolkata,22.5726,88.3639
25.5,67,5.2,192,2024-01-31 09:00:00,Kolkata,22.5726,88.3639
24.3,72,10.5,174,2024-01-31 10:00:00,Kolkata,22.5726,88.3639
22.6,82,5.1,141,2024-01-31 11:00:00,Kolkata,22.5726,88.3639
20.9,91,5.4,143,2024-01-31 12:00:00,Kolkata,22.5726,88.3639
19.0,95,8.2,319,2024-01-31 13:00:00,Kolkata,22.5726,88.3639
19.1,93,5.8,356,2024-01-31 14:00:00,Kolkata,22.5726,88.3639
18.6,95,2.1,121,2024-01-31 15:00:00,Kolkata,22.5726,88.3639
18.1,97,6.8,148,2024-01-31 16:00:00,Kolkata,22.5726,88.3639
17.8,97,5.2,164,2024-01-31 17:00:00,Kolkata,22.5726,88.3639
17.8,98,7.0,159,2024-01-31 18:00:00,Kolkata,22.5726,88.3639
17.5,99,4.2,121,2024-01-31 19:00:00,Kolkata,22.5726,88.3639
16.9,100,4.3,85,2024-01-31 20:00:00,Kolkata,22.5726,88.3639
17.0,100,4.6,72,2024-01-31 21:00:00,Kolkata,22.5726,88.3639
17.1,100,3.8,107,2024-01-31 22:00:00,Kolkata,22.5726,88.3639
17.4,99,2.6,74,2024-01-31 23:00:00,Kolkata,22.5726,88.3639
17.4,99,2.8,50,2024-02-01 00:00:00,Kolkata,22.5726,88.3639
18.0,99,3.4,58,2024-02-01 01:00:00,Kolkata,22.5726,88.3639
18.8,98,5.2,65,2024-02-01 02:00:00,Kolkata,22.5726,88.3639
20.9,91,6.5,96,2024-02-01 03:00:00,Kolkata,22.5726,88.3639
21.9,90,5.1,135,2024-02-01 04:00:00,Kolkata,22.5726,88.3639
24.3,82,5.4,176,2024-02-01 05:00:00,Kolkata,22.5726,88.3639
25.0,76,10.3,216,2024-02-01 06:00:00,Kolkata,22.5726,88.3639
23.9,80,10.5,248,2024-02-01 07:00:00,Kolkata,22.5726,88.3639
24.3,78,9.3,234,2024-02-01 08:00:00,Kolkata,22.5726,88.3639
24.5,76,7.4,219,2024-02-01 09:00:00,Kolkata,22.5726,88.3639
25.0,73,5.9,218,2024-02-01 10:00:00,Kolkata,22.5726,88.3639
24.0,77,2.8,310,2024-02-01 11:00:00,Kolkata,22.5726,88.3639
20.8,95,4.3,246,2024-02-01 12:00:00,Kolkata,22.5726,88.3639
20.4,91,7.7,221,2024-02-01 13:00:00,Kolkata,22.5726,88.3639
19.6,95,3.6,276,2024-02-01 14:00:00,Kolkata,22.5726,88.3639
19.1,95,4.0,190,2024-02-01 15:00:00,Kolkata,22.5726,88.3639
18.4,97,5.7,162,2024-02-01 16:00:00,Kolkata,22.5726,88.3639
19.2,95,2.9,187,2024-02-01 17:00:00,Kolkata,22.5726,88.3639
18.8,97,5.1,315,2024-02-01 18:00:00,Kolkata,22.5726,88.3639
19.0,96,8.5,216,2024-02-01 19:00:00,Kolkata,22.5726,88.3639
18.6,96,4.7,238,2024-02-01 20:00:00,Kolkata,22.5726,88.3639
18.0,98,4.3,204,2024-02-01 21:00:00,Kolkata,22.5726,88.3639
17.5,98,3.4,122,2024-02-01 22:00:00,Kolkata,22.5726,88.3639
18.0,99,2.9,210,2024-02-01 23:00:00,Kolkata,22.5726,88.3639
17.2,100,4.5,194,2024-02-02 00:00:00,Kolkata,22.5726,88.3639
18.5,98,2.1,149,2024-02-02 01:00:00,Kolkata,22.5726,88.3639
19.1,97,9.0,151,2024-02-02 02:00:00,Kolkata,22.5726,88.3639
20.0,93,8.0,162,2024-02-02 03:00:00,Kolkata,22.5726,88.3639
21.5,87,4.0,190,2024-02-02 04:00:00,Kolkata,22.5726,88.3639
22.7,82,4.3,246,2024-02-02 05:00:00,Kolkata,22.5726,88.3639
24.0,75,4.9,253,2024-02-02 06:00:00,Kolkata,22.5726,88.3639
25.2,69,4.4,235,2024-02-02 07:00:00,Kolkata,22.5726,88.3639
26.2,63,3.9,236,2024-02-02 08:00:00,Kolkata,22.5726,88.3639
26.6,55,4.3,275,2024-02-02 09:00:00,Kolkata,22.5726,88.3639
26.2,50,8.9,313,2024-02-02 10:00:00,Kolkata,22.5726,88.3639
24.6,62,7.4,313,2024-02-02 11:00:00,Kolkata,22.5726,88.3639
21.1,77,8.9,238,2024-02-02 12:00:00,Kolkata,22.5726,88.3639
20.8,74,8.4,245,2024-02-02 13:00:00,Kolkata,22.5726,88.3639
19.4,82,7.2,198,2024-02-02 14:00:00,Kolkata,22.5726,88.3639
18.8,90,5.8,173,2024-02-02 15:00:00,Kolkata,22.5726,88.3639
17.8,94,9.4,184,2024-02-02 16:00:00,Kolkata,22.5726,88.3639
18.2,93,7.1,195,2024-02-02 17:00:00,Kolkata,22.5726,88.3639
18.2,94,8.2,203,2024-02-02 18:00:00,Kolkata,22.5726,88.3639
17.8,96,6.4,227,2024-02-02 19:00:00,Kolkata,22.5726,88.3639
16.5,99,8.7,263,2024-02-02 20:00:00,Kolkata,22.5726,88.3639
17.1,98,6.9,298,2024-02-02 21:00:00,Kolkata,22.5726,88.3639
16.6,97,5.7,325,2024-02-02 22:00:00,Kolkata,22.5726,88.3639
17.2,93,4.1,255,2024-02-02 23:00:00,Kolkata,22.5726,88.3639
16.6,96,5.4,266,2024-02-03 00:00:00,Kolkata,22.5726,88.3639
17.2,91,1.5,166,2024-02-03 01:00:00,Kolkata,22.5726,88.3639
18.2,88,3.9,326,2024-02-03 02:00:00,Kolkata,22.5726,88.3639
20.9,77,3.6,6,2024-02-03 03:00:00,Kolkata,22.5726,88.3639
22.9,65,11.9,358,2024-02-03 04:00:00,Kolkata,22.5726,88.3639
23.9,54,12.0,344,2024-02-03 05:00:00,Kolkata,22.5726,88.3639
24.9,50,8.9,328,2024-02-03 06:00:00,Kolkata,22.5726,88.3639
25.5,46,7.3,303,2024-02-03 07:00:00,Kolkata,22.5726,88.3639
26.0,44,8.4,280,2024-02-03 08:00:00,Kolkata,22.5726,88.3639
26.0,44,9.5,259,2024-02-03 09:00:00,Kolkata,22.5726,88.3639
25.5,46,9.4,247,2024-02-03 10:00:00,Kolkata,22.5726,88.3639
23.9,58,5.3,242,2024-02-03 11:00:00,Kolkata,22.5726,88.3639
20.5,67,9.4,263,2024-02-03 12:00:00,Kolkata,22.5726,88.3639
22.5,56,6.3,294,2024-02-03 13:00:00,Kolkata,22.5726,88.3639
21.6,58,2.6,164,2024-02-03 14:00:00,Kolkata,22.5726,88.3639
17.2,81,7.6,155,2024-02-03 15:00:00,Kolkata,22.5726,88.3639
16.9,85,8.6,165,2024-02-03 16:00:00,Kolkata,22.5726,88.3639
16.6,84,9.0,175,2024-02-03 17:00:00,Kolkata,22.5726,88.3639
16.4,87,7.6,188,2024-02-03 18:00:00,Kolkata,22.5726,88.3639
16.2,93,6.6,229,2024-02-03 19:00:00,Kolkata,22.5726,88.3639
15.8,94,7.2,267,2024-02-03 20:00:00,Kolkata,22.5726,88.3639
15.1,95,6.4,243,2024-02-03 21:00:00,Kolkata,22.5726,88.3639
14.3,97,9.3,257,2024-02-03 22:00:00,Kolkata,22.5726,88.3639
14.1,96,6.9,309,2024-02-03 23:00:00,Kolkata,22.5726,88.3639
13.8,94,7.2,307,2024-02-04 00:00:00,Kolkata,22.5726,88.3639
14.9,95,5.8,274,2024-02-04 01:00:00,Kolkata,22.5726,88.3639
17.2,86,6.2,280,2024-02-04 02:00:00,Kolkata,22.5726,88.3639
19.9,79,4.3,270,2024-02-04 03:00:00,Kolkata,22.5726,88.3639
22.7,69,5.8,263,2024-02-04 04:00:00,Kolkata,22.5726,88.3639
24.5,65,9.3,283,2024-02-04 05:00:00,Kolkata,22.5726,88.3639
25.7,52,10.7,290,2024-02-04 06:00:00,Kolkata,22.5726,88.3639
26.4,41,10.6,294,2024-02-04 07:00:00,Kolkata,22.5726,88.3639
26.6,37,9.4,288,2024-02-04 08:00:00,Kolkata,22.5726,88.3639
26.5,37,8.6,285,2024-02-04 09:00:00,Kolkata,22.5726,88.3639
26.0,39,6.1,270,2024-02-04 10:00:00,Kolkata,22.5726,88.3639
24.4,60,3.6,270,2024-02-04 11:00:00,Kolkata,22.5726,88.3639
21.6,59,7.4,313,2024-02-04 12:00:00,Kolkata,22.5726,88.3639
19.6,68,8.8,351,2024-02-04 13:00:00,Kolkata,22.5726,88.3639
18.9,70,7.3,33,2024-02-04 14:00:00,Kolkata,22.5726,88.3639
18.5,70,5.2,65,2024-02-04 15:00:00,Kolkata,22.5726,88.3639
17.6,76,5.6,130,2024-02-04 16:00:00,Kolkata,22.5726,88.3639
17.2,78,5.8,173,2024-02-04 17:00:00,Kolkata,22.5726,88.3639
17.1,75,7.6,177,2024-02-04 18:00:00,Kolkata,22.5726,88.3639
16.5,82,9.3,193,2024-02-04 19:00:00,Kolkata,22.5726,88.3639
16.9,90,6.6,209,2024-02-04 20:00:00,Kolkata,22.5726,88.3639
16.1,96,8.2,247,2024-02-04 21:00:00,Kolkata,22.5726,88.3639
15.7,99,8.7,263,2024-02-04 22:00:00,Kolkata,22.5726,88.3639
15.9,100,7.0,291,2024-02-04 23:00:00,Kolkata,22.5726,88.3639
15.4,100,6.6,315,2024-02-05 00:00:00,Kolkata,22.5726,88.3639
15.7,96,6.9,321,2024-02-05 01:00:00,Kolkata,22.5726,88.3639
18.2,87,3.1,324,2024-02-05 02:00:00,Kolkata,22.5726,88.3639
20.9,77,2.5,8,2024-02-05 03:00:00,Kolkata,22.5726,88.3639
23.0,64,5.0,360,2024-02-05 04:00:00,Kolkata,22.5726,88.3639
24.7,55,5.6,15,2024-02-05 05:00:00,Kolkata,22.5726,88.3639
26.0,51,3.2,27,2024-02-05 06:00:00,Kolkata,22.5726,88.3639
26.8,51,0.5,225,2024-02-05 07:00:00,Kolkata,22.5726,88.3639
27.1,52,2.5,262,2024-02-05 08:00:00,Kolkata,22.5726,88.3639
27.1,52,2.7,293,2024-02-05 09:00:00,Kolkata,22.5726,88.3639
26.9,54,3.1,315,2024-02-05 10:00:00,Kolkata,22.5726,88.3639
25.9,69,1.8,323,2024-02-05 11:00:00,Kolkata,22.5726,88.3639
23.1,74,5.9,313,2024-02-05 12:00:00,Kolkata,22.5726,88.3639
21.3,77,6.1,40,2024-02-05 13:00:00,Kolkata,22.5726,88.3639
20.0,81,9.1,83,2024-02-05 14:00:00,Kolkata,22.5726,88.3639
20.5,78,7.3,123,2024-02-05 15:00:00,Kolkata,22.5726,88.3639
20.5,87,7.7,169,2024-02-05 16:00:00,Kolkata,22.5726,88.3639
20.1,94,6.3,193,2024-02-05 17:00:00,Kolkata,22.5726,88.3639
19.6,97,6.0,197,2024-02-05 18:00:00,Kolkata,22.5726,88.3639
19.6,97,8.2,203,2024-02-05 19:00:00,Kolkata,22.5726,88.3639
19.5,98,8.0,207,2024-02-05 20:00:00,Kolkata,22.5726,88.3639
18.8,98,5.7,215,2024-02-05 21:00:00,Kolkata,22.5726,88.3639
18.7,99,5.2,196,2024-02-05 22:00:00,Kolkata,22.5726,88.3639
19.5,99,5.9,194,2024-02-05 23:00:00,Kolkata,22.5726,88.3639
19.8,99,3.7,119,2024-02-06 00:00:00,Kolkata,22.5726,88.3639
20.7,98,5.5,122,2024-02-06 01:00:00,Kolkata,22.5726,88.3639
21.8,95,4.3,95,2024-02-06 02:00:00,Kolkata,22.5726,88.3639
22.6,93,4.6,141,2024-02-06 03:00:00,Kolkata,22.5726,88.3639
24.0,85,7.7,229,2024-02-06 04:00:00,Kolkata,22.5726,88.3639
26.3,72,11.4,252,2024-02-06 05:00:00,Kolkata,22.5726,88.3639
26.8,71,12.2,268,2024-02-06 06:00:00,Kolkata,22.5726,88.3639
27.7,68,10.4,268,2024-02-06 07:00:00,Kolkata,22.5726,88.3639
28.0,65,7.6,270,2024-02-06 08:00:00,Kolkata,22.5726,88.3639
28.2,63,7.3,281,2024-02-06 09:00:00,Kolkata,22.5726,88.3639
27.3,66,7.3,327,2024-02-06 10:00:00,Kolkata,22.5726,88.3639
26.5,72,8.4,10,2024-02-06 11:00:00,Kolkata,22.5726,88.3639
24.7,81,10.6,18,2024-02-06 12:00:00,Kolkata,22.5726,88.3639
23.0,89,7.2,96,2024-02-06 13:00:00,Kolkata,22.5726,88.3639
21.6,93,4.6,162,2024-02-06 14:00:00,Kolkata,22.5726,88.3639
22.0,94,3.4,162,2024-02-06 15:00:00,Kolkata,22.5726,88.3639
21.1,96,4.7,184,2024-02-06 16:00:00,Kolkata,22.5726,88.3639
20.5,98,3.6,174,2024-02-06 17:00:00,Kolkata,22.5726,88.3639
20.2,98,4.7,184,2024-02-06 18:00:00,Kolkata,22.5726,88.3639
20.2,98,3.3,264,2024-02-06 19:00:00,Kolkata,22.5726,88.3639
19.7,99,4.1,315,2024-02-06 20:00:00,Kolkata,22.5726,88.3639
19.6,99,8.4,340,2024-02-06 21:00:00,Kolkata,22.5726,88.3639
19.7,99,11.5,346,2024-02-06 22:00:00,Kolkata,22.5726,88.3639
19.3,96,12.4,350,2024-02-06 23:00:00,Kolkata,22.5726,88.3639
18.5,91,10.8,356,2024-02-07 00:00:00,Kolkata,22.5726,88.3639
18.8,89,10.8,2,2024-02-07 01:00:00,Kolkata,22.5726,88.3639
19.7,85,10.4,358,2024-02-07 02:00:00,Kolkata,22.5726,88.3639
21.1,75,13.0,2,2024-02-07 03:00:00,Kolkata,22.5726,88.3639
22.5,69,11.9,2,2024-02-07 04:00:00,Kolkata,22.5726,88.3639
23.6,65,11.9,357,2024-02-07 05:00:00,Kolkata,22.5726,88.3639
24.6,62,11.7,351,2024-02-07 06:00:00,Kolkata,22.5726,88.3639
25.4,60,10.5,344,2024-02-07 07:00:00,Kolkata,22.5726,88.3639
26.0,57,10.0,330,2024-02-07 08:00:00,Kolkata,22.5726,88.3639
26.0,55,9.9,316,2024-02-07 09:00:00,Kolkata,22.5726,88.3639
25.7,54,8.8,305,2024-02-07 10:00:00,Kolkata,22.5726,88.3639
24.8,60,5.5,302,2024-02-07 11:00:00,Kolkata,22.5726,88.3639
21.9,73,7.4,331,2024-02-07 12:00:00,Kolkata,22.5726,88.3639
20.4,76,7.6,8,2024-02-07 13:00:00,Kolkata,22.5726,88.3639
19.7,79,6.1,62,2024-02-07 14:00:00,Kolkata,22.5726,88.3639
19.0,84,5.7,72,2024-02-07 15:00:00,Kolkata,22.5726,88.3639
18.2,87,7.7,62,2024-02-07 16:00:00,Kolkata,22.5726,88.3639
18.4,83,7.4,61,2024-02-07 17:00:00,Kolkata,22.5726,88.3639
20.0,72,4.1,75,2024-02-07 18:00:00,Kolkata,22.5726,88.3639
19.7,72,3.3,6,2024-02-07 19:00:00,Kolkata,22.5726,88.3639
17.0,86,5.4,340,2024-02-07 20:00:00,Kolkata,22.5726,88.3639
17.4,75,9.8,336,2024-02-07 21:00:00,Kolkata,22.5726,88.3639
16.8,71,9.7,338,2024-02-07 22:00:00,Kolkata,22.5726,88.3639
16.0,71,10.0,347,2024-02-07 23:00:00,Kolkata,22.5726,88.3639
15.4,69,9.4,356,2024-02-08 00:00:00,Kolkata,22.5726,88.3639
15.5,77,8.3,2,2024-02-08 01:00:00,Kolkata,22.5726,88.3639
16.9,74,9.4,2,2024-02-08 02:00:00,Kolkata,22.5726,88.3639
19.2,60,7.9,360,2024-02-08 03:00:00,Kolkata,22.5726,88.3639
21.2,44,10.0,339,2024-02-08 04:00:00,Kolkata,22.5726,88.3639
22.4,40,11.3,329,2024-02-08 05:00:00,Kolkata,22.5726,88.3639
23.3,40,11.2,327,2024-02-08 06:00:00,Kolkata,22.5726,88.3639
24.1,38,10.9,326,2024-02-08 07:00:00,Kolkata,22.5726,88.3639
24.7,37,10.6,325,2024-02-08 08:00:00,Kolkata,22.5726,88.3639
24.8,37,9.0,323,2024-02-08 09:00:00,Kolkata,22.5726,88.3639
24.4,39,6.7,324,2024-02-08 10:00:00,Kolkata,22.5726,88.3639
23.2,58,2.1,301,2024-02-08 11:00:00,Kolkata,22.5726,88.3639
21.4,53,4.0,185,2024-02-08 12:00:00,Kolkata,22.5726,88.3639
18.8,62,6.2,126,2024-02-08 13:00:00,Kolkata,22.5726,88.3639
17.7,68,7.3,123,2024-02-08 14:00:00,Kolkata,22.5726,88.3639
16.7,75,7.8,103,2024-02-08 15:00:00,Kolkata,22.5726,88.3639
16.1,78,8.2,113,2024-02-08 16:00:00,Kolkata,22.5726,88.3639
16.3,77,6.2,144,2024-02-08 17:00:00,Kolkata,22.5726,88.3639
15.1,84,9.3,152,2024-02-08 18:00:00,Kolkata,22.5726,88.3639
17.5,72,3.1,234,2024-02-08 19:00:00,Kolkata,22.5726,88.3639
14.6,88,6.8,342,2024-02-08 20:00:00,Kolkata,22.5726,88.3639
13.9,88,6.6,338,2024-02-08 21:00:00,Kolkata,22.5726,88.3639
13.4,88,9.9,350,2024-02-08 22:00:00,Kolkata,22.5726,88.3639
13.9,81,13.1,8,2024-02-08 23:00:00,Kolkata,22.5726,88.3639
13.9,75,11.4,13,2024-02-09 00:00:00,Kolkata,22.5726,88.3639
13.9,74,9.3,13,2024-02-09 01:00:00,Kolkata,22.5726,88.3639
15.4,69,10.1,360,2024-02-09 02:00:00,Kolkata,22.5726,88.3639
17.8,61,8.3,355,2024-02-09 03:00:00,Kolkata,22.5726,88.3639
20.0,52,10.8,356,2024-02-09 04:00:00,Kolkata,22.5726,88.3639
21.5,43,11.7,342,2024-02-09 05:00:00,Kolkata,22.5726,88.3639
22.5,40,11.3,333,2024-02-09 06:00:00,Kolkata,22.5726,88.3639
23.0,40,10.9,333,2024-02-09 07:00:00,Kolkata,22.5726,88.3639
23.4,40,10.8,334,2024-02-09 08:00:00,Kolkata,22.5726,88.3639
23.3,43,10.6,336,2024-02-09 09:00:00,Kolkata,22.5726,88.3639
22.9,45,10.2,337,2024-02-09 10:00:00,Kolkata,22.5726,88.3639
21.8,53,6.6,338,2024-02-09 11:00:00,Kolkata,22.5726,88.3639
18.5,68,8.1,347,2024-02-09 12:00:00,Kolkata,22.5726,88.3639
20.1,55,5.2,12,2024-02-09 13:00:00,Kolkata,22.5726,88.3639
19.4,58,3.2,63,2024-02-09 14:00:00,Kolkata,22.5726,88.3639
18.5,64,5.4,48,2024-02-09 15:00:00,Kolkata,22.5726,88.3639
15.9,76,7.6,3,2024-02-09 16:00:00,Kolkata,22.5726,88.3639
13.9,86,9.7,358,2024-02-09 17:00:00,Kolkata,22.5726,88.3639
14.6,80,8.0,18,2024-02-09 18:00:00,Kolkata,22.5726,88.3639
14.1,79,7.6,25,2024-02-09 19:00:00,Kolkata,22.5726,88.3639
12.9,86,8.7,30,2024-02-09 20:00:00,Kolkata,22.5726,88.3639
12.8,87,8.0,18,2024-02-09 21:00:00,Kolkata,22.5726,88.3639
12.9,86,6.8,3,2024-02-09 22:00:00,Kolkata,22.5726,88.3639
12.8,83,8.4,350,2024-02-09 23:00:00,Kolkata,22.5726,88.3639
12.4,83,8.4,353,2024-02-10 00:00:00,Kolkata,22.5726,88.3639
13.3,83,7.7,349,2024-02-10 01:00:00,Kolkata,22.5726,88.3639
15.0,80,7.9,336,2024-02-10 02:00:00,Kolkata,22.5726,88.3639
17.6,72,6.1,332,2024-02-10 03:00:00,Kolkata,22.5726,88.3639
20.5,64,8.0,333,2024-02-10 04:00:00,Kolkata,22.5726,88.3639
22.7,51,10.2,337,2024-02-10 05:00:00,Kolkata,22.5726,88.3639
23.9,44,12.2,332,2024-02-10 06:00:00,Kolkata,22.5726,88.3639
24.5,43,12.6,323,2024-02-10 07:00:00,Kolkata,22.5726,88.3639
24.8,42,11.5,316,2024-02-10 08:00:00,Kolkata,22.5726,88.3639
24.7,42,11.2,315,2024-02-10 09:00:00,Kolkata,22.5726,88.3639
24.2,43,10.2,315,2024-02-10 10:00:00,Kolkata,22.5726,88.3639
23.0,51,6.4,313,2024-02-10 11:00:00,Kolkata,22.5726,88.3639
19.1,67,9.2,318,2024-02-10 12:00:00,Kolkata,22.5726,88.3639
21.4,54,2.9,300,2024-02-10 13:00:00,Kolkata,22.5726,88.3639
20.6,57,2.9,30,2024-02-10 14:00:00,Kolkata,22.5726,88.3639
19.7,61,5.4,37,2024-02-10 15:00:00,Kolkata,22.5726,88.3639
16.9,74,8.2,29,2024-02-10 16:00:00,Kolkata,22.5726,88.3639
15.6,79,9.6,34,2024-02-10 17:00:00,Kolkata,22.5726,88.3639
15.1,80,10.2,32,2024-02-10 18:00:00,Kolkata,22.5726,88.3639
13.9,83,11.2,33,2024-02-10 19:00:00,Kolkata,22.5726,88.3639
13.4,83,10.7,42,2024-02-10 20:00:00,Kolkata,22.5726,88.3639
13.8,81,8.7,24,2024-02-10 21:00:00,Kolkata,22.5726,88.3639
12.8,87,9.7,360,2024-02-10 22:00:00,Kolkata,22.5726,88.3639
13.1,87,6.9,351,2024-02-10 23:00:00,Kolkata,22.5726,88.3639
12.4,89,7.7,349,2024-02-11 00:00:00,Kolkata,22.5726,88.3639
13.6,88,6.5,357,2024-02-11 01:00:00,Kolkata,22.5726,88.3639
16.3,78,6.1,357,2024-02-11 02:00:00,Kolkata,22.5726,88.3639
19.4,72,4.0,350,2024-02-11 03:00:00,Kolkata,22.5726,88.3639
22.4,62,4.7,9,2024-02-11 04:00:00,Kolkata,22.5726,88.3639
24.4,52,3.8,17,2024-02-11 05:00:00,Kolkata,22.5726,88.3639
25.7,45,3.6,360,2024-02-11 06:00:00,Kolkata,22.5726,88.3639
26.5,42,5.7,342,2024-02-11 07:00:00,Kolkata,22.5726,88.3639
26.9,40,7.6,335,2024-02-11 08:00:00,Kolkata,22.5726,88.3639
26.8,40,9.1,342,2024-02-11 09:00:00,Kolkata,22.5726,88.3639
26.2,44,8.0,352,2024-02-11 10:00:00,Kolkata,22.5726,88.3639
25.0,56,4.0,5,2024-02-11 11:00:00,Kolkata,22.5726,88.3639
22.2,63,6.8,3,2024-02-11 12:00:00,Kolkata,22.5726,88.3639
22.4,60,5.2,344,2024-02-11 13:00:00,Kolkata,22.5726,88.3639
21.8,61,3.5,66,2024-02-11 14:00:00,Kolkata,22.5726,88.3639
21.4,60,5.4,90,2024-02-11 15:00:00,Kolkata,22.5726,88.3639
21.1,58,4.1,128,2024-02-11 16:00:00,Kolkata,22.5726,88.3639
19.8,64,4.0,180,2024-02-11 17:00:00,Kolkata,22.5726,88.3639
18.8,70,5.6,165,2024-02-11 18:00:00,Kolkata,22.5726,88.3639
20.2,60,5.4,127,2024-02-11 19:00:00,Kolkata,22.5726,88.3639
18.8,63,5.5,58,2024-02-11 20:00:00,Kolkata,22.5726,88.3639
16.5,75,6.8,32,2024-02-11 21:00:00,Kolkata,22.5726,88.3639
15.4,83,7.8,34,2024-02-11 22:00:00,Kolkata,22.5726,88.3639
15.0,83,8.3,18,2024-02-11 23:00:00,Kolkata,22.5726,88.3639
15.9,77,6.6,338,2024-02-12 00:00:00,Kolkata,22.5726,88.3639
16.5,89,3.1,315,2024-02-12 01:00:00,Kolkata,22.5726,88.3639
18.4,80,3.7,331,2024-02-12 02:00:00,Kolkata,22.5726,88.3639
20.7,65,3.3,354,2024-02-12 03:00:00,Kolkata,22.5726,88.3639
23.0,54,2.6,34,2024-02-12 04:00:00,Kolkata,22.5726,88.3639
24.9,48,4.1,52,2024-02-12 05:00:00,Kolkata,22.5726,88.3639
26.2,44,4.5,61,2024-02-12 06:00:00,Kolkata,22.5726,88.3639
27.0,43,3.1,69,2024-02-12 07:00:00,Kolkata,22.5726,88.3639
27.5,42,3.1,69,2024-02-12 08:00:00,Kolkata,22.5726,88.3639
27.6,41,3.5,66,2024-02-12 09:00:00,Kolkata,22.5726,88.3639
27.4,42,5.0,60,2024-02-12 10:00:00,Kolkata,22.5726,88.3639
26.2,54,3.7,61,2024-02-12 11:00:00,Kolkata,22.5726,88.3639
22.6,66,8.5,54,2024-02-12 12:00:00,Kolkata,22.5726,88.3639
21.2,70,9.0,90,2024-02-12 13:00:00,Kolkata,22.5726,88.3639
20.4,72,8.4,110,2024-02-12 14:00:00,Kolkata,22.5726,88.3639
19.6,75,8.2,105,2024-02-12 15:00:00,Kolkata,22.5726,88.3639
19.5,74,6.8,122,2024-02-12 16:00:00,Kolkata,22.5726,88.3639
18.8,77,9.2,129,2024-02-12 17:00:00,Kolkata,22.5726,88.3639
18.6,76,6.6,158,2024-02-12 18:00:00,Kolkata,22.5726,88.3639
17.5,82,8.8,171,2024-02-12 19:00:00,Kolkata,22.5726,88.3639
17.2,84,7.9,196,2024-02-12 20:00:00,Kolkata,22.5726,88.3639
19.2,74,5.4,180,2024-02-12 21:00:00,Kolkata,22.5726,88.3639
18.5,78,5.7,198,2024-02-12 22:00:00,Kolkata,22.5726,88.3639
18.5,79,5.1,225,2024-02-12 23:00:00,Kolkata,22.5726,88.3639
18.7,79,5.0,201,2024-02-13 00:00:00,Kolkata,22.5726,88.3639
17.8,91,5.4,127,2024-02-13 01:00:00,Kolkata,22.5726,88.3639
20.3,83,5.7,125,2024-02-13 02:00:00,Kolkata,22.5726,88.3639
23.0,74,4.2,121,2024-02-13 03:00:00,Kolkata,22.5726,88.3639
25.4,63,4.5,119,2024-02-13 04:00:00,Kolkata,22.5726,88.3639
27.0,55,3.6,96,2024-02-13 05:00:00,Kolkata,22.5726,88.3639
28.0,49,1.9,68,2024-02-13 06:00:00,Kolkata,22.5726,88.3639
28.6,47,3.2,117,2024-02-13 07:00:00,Kolkata,22.5726,88.3639
29.0,46,1.6,153,2024-02-13 08:00:00,Kolkata,22.5726,88.3639
29.1,46,2.9,353,2024-02-13 09:00:00,Kolkata,22.5726,88.3639
28.8,48,8.3,355,2024-02-13 10:00:00,Kolkata,22.5726,88.3639
27.5,58,5.8,7,2024-02-13 11:00:00,Kolkata,22.5726,88.3639
24.9,68,6.8,3,2024-02-13 12:00:00,Kolkata,22.5726,88.3639
21.2,78,5.1,45,2024-02-13 13:00:00,Kolkata,22.5726,88.3639
20.2,83,4.6,135,2024-02-13 14:00:00,Kolkata,22.5726,88.3639
19.8,86,6.6,135,2024-02-13 15:00:00,Kolkata,22.5726,88.3639
19.2,87,6.4,47,2024-02-13 16:00:00,Kolkata,22.5726,88.3639
19.2,87,5.9,43,2024-02-13 17:00:00,Kolkata,22.5726,88.3639
18.1,92,8.4,80,2024-02-13 18:00:00,Kolkata,22.5726,88.3639
17.9,93,7.3,99,2024-02-13 19:00:00,Kolkata,22.5726,88.3639
17.4,94,8.3,92,2024-02-13 20:00:00,Kolkata,22.5726,88.3639
17.1,95,7.6,85,2024-02-13 21:00:00,Kolkata,22.5726,88.3639
16.9,97,7.6,93,2024-02-13 22:00:00,Kolkata,22.5726,88.3639
16.5,97,6.4,43,2024-02-13 23:00:00,Kolkata,22.5726,88.3639
16.5,97,6.6,45,2024-02-14 00:00:00,Kolkata,22.5726,88.3639
17.0,98,4.1,38,2024-02-14 01:00:00,Kolkata,22.5726,88.3639
19.1,90,5.2,25,2024-02-14 02:00:00,Kolkata,22.5726,88.3639
21.8,79,4.5,29,2024-02-14 03:00:00,Kolkata,22.5726,88.3639
24.1,66,4.7,67,2024-02-14 04:00:00,Kolkata,22.5726,88.3639
25.5,59,5.6,63,2024-02-14 05:00:00,Kolkata,22.5726,88.3639
26.9,53,4.4,81,2024-02-14 06:00:00,Kolkata,22.5726,88.3639
27.9,50,4.4,125,2024-02-14 07:00:00,Kolkata,22.5726,88.3639
28.4,49,3.3,131,2024-02-14 08:00:00,Kolkata,22.5726,88.3639
28.6,48,3.3,139,2024-02-14 09:00:00,Kolkata,22.5726,88.3639
28.5,49,3.8,131,2024-02-14 10:00:00,Kolkata,22.5726,88.3639
27.6,57,4.0,117,2024-02-14 11:00:00,Kolkata,22.5726,88.3639
24.7,65,6.6,99,2024-02-14 12:00:00,Kolkata,22.5726,88.3639
23.6,69,5.8,68,2024-02-14 13:00:00,Kolkata,22.5726,88.3639
22.6,70,6.6,81,2024-02-14 14:00:00,Kolkata,22.5726,88.3639
21.3,75,7.2,84,2024-02-14 15:00:00,Kolkata,22.5726,88.3639
20.2,80,6.5,161,2024-02-14 16:00:00,Kolkata,22.5726,88.3639
19.8,84,8.4,173,2024-02-14 17:00:00,Kolkata,22.5726,88.3639
21.2,76,6.2,170,2024-02-14 18:00:00,Kolkata,22.5726,88.3639
19.3,86,8.4,173,2024-02-14 19:00:00,Kolkata,22.5726,88.3639
19.2,87,7.1,195,2024-02-14 20:00:00,Kolkata,22.5726,88.3639
18.5,90,8.8,215,2024-02-14 21:00:00,Kolkata,22.5726,88.3639
18.2,91,7.4,256,2024-02-14 22:00:00,Kolkata,22.5726,88.3639
17.9,91,6.5,289,2024-02-14 23:00:00,Kolkata,22.5726,88.3639
17.1,93,7.0,325,2024-02-15 00:00:00,Kolkata,22.5726,88.3639
19.8,86,4.9,287,2024-02-15 01:00:00,Kolkata,22.5726,88.3639
20.8,81,22.9,344,2024-02-15 02:00:00,Kolkata,22.5726,88.3639
21.8,78,15.2,31,2024-02-15 03:00:00,Kolkata,22.5726,88.3639
23.5,72,10.4,70,2024-02-15 04:00:00,Kolkata,22.5726,88.3639
26.0,63,6.3,31,2024-02-15 05:00:00,Kolkata,22.5726,88.3639
26.9,59,6.4,16,2024-02-15 06:00:00,Kolkata,22.5726,88.3639
28.0,55,8.3,326,2024-02-15 07:00:00,Kolkata,22.5726,88.3639
27.0,58,4.3,318,2024-02-15 08:00:00,Kolkata,22.5726,88.3639
27.6,55,1.1,180,2024-02-15 09:00:00,Kolkata,22.5726,88.3639
27.5,57,3.7,331,2024-02-15 10:00:00,Kolkata,22.5726,88.3639
26.9,61,5.0,339,2024-02-15 11:00:00,Kolkata,22.5726,88.3639
24.4,70,6.5,326,2024-02-15 12:00:00,Kolkata,22.5726,88.3639
23.3,74,9.7,45,2024-02-15 13:00:00,Kolkata,22.5726,88.3639
21.6,82,12.7,35,2024-02-15 14:00:00,Kolkata,22.5726,88.3639
20.5,87,9.9,33,2024-02-15 15:00:00,Kolkata,22.5726,88.3639
20.1,90,7.0,35,2024-02-15 16:00:00,Kolkata,22.5726,88.3639
19.2,93,5.4,37,2024-02-15 17:00:00,Kolkata,22.5726,88.3639
19.0,95,5.8,30,2024-02-15 18:00:00,Kolkata,22.5726,88.3639
18.2,96,7.1,45,2024-02-15 19:00:00,Kolkata,22.5726,88.3639
18.0,96,6.8,25,2024-02-15 20:00:00,Kolkata,22.5726,88.3639
18.1,96,5.4,4,2024-02-15 21:00:00,Kolkata,22.5726,88.3639
18.0,96,5.8,360,2024-02-15 22:00:00,Kolkata,22.5726,88.3639
17.8,97,5.8,7,2024-02-15 23:00:00,Kolkata,22.5726,88.3639
17.8,96,6.7,16,2024-02-16 00:00:00,Kolkata,22.5726,88.3639
18.7,96,7.3,11,2024-02-16 01:00:00,Kolkata,22.5726,88.3639
20.2,92,6.9,6,2024-02-16 02:00:00,Kolkata,22.5726,88.3639
22.5,82,6.9,9,2024-02-16 03:00:00,Kolkata,22.5726,88.3639
25.0,70,9.8,17,2024-02-16 04:00:00,Kolkata,22.5726,88.3639
26.7,61,10.3,25,2024-02-16 05:00:00,Kolkata,22.5726,88.3639
27.8,57,9.8,24,2024-02-16 06:00:00,Kolkata,22.5726,88.3639
28.5,53,9.4,7,2024-02-16 07:00:00,Kolkata,22.5726,88.3639
28.9,51,10.4,346,2024-02-16 08:00:00,Kolkata,22.5726,88.3639
28.4,52,11.0,337,2024-02-16 09:00:00,Kolkata,22.5726,88.3639
28.0,52,10.7,327,2024-02-16 10:00:00,Kolkata,22.5726,88.3639
27.2,55,8.7,322,2024-02-16 11:00:00,Kolkata,22.5726,88.3639
26.1,59,4.4,261,2024-02-16 12:00:00,Kolkata,22.5726,88.3639
25.0,61,1.5,104,2024-02-16 13:00:00,Kolkata,22.5726,88.3639
24.1,65,0.8,207,2024-02-16 14:00:00,Kolkata,22.5726,88.3639
23.3,68,2.3,219,2024-02-16 15:00:00,Kolkata,22.5726,88.3639
22.2,72,0.8,333,2024-02-16 16:00:00,Kolkata,22.5726,88.3639
18.7,88,5.2,348,2024-02-16 17:00:00,Kolkata,22.5726,88.3639
17.6,93,8.0,18,2024-02-16 18:00:00,Kolkata,22.5726,88.3639
17.5,91,8.9,43,2024-02-16 19:00:00,Kolkata,22.5726,88.3639
17.2,90,7.9,39,2024-02-16 20:00:00,Kolkata,22.5726,88.3639
17.2,87,7.6,25,2024-02-16 21:00:00,Kolkata,22.5726,88.3639
16.7,89,5.8,338,2024-02-16 22:00:00,Kolkata,22.5726,88.3639
15.1,94,8.4,335,2024-02-16 23:00:00,Kolkata,22.5726,88.3639
15.4,93,6.2,339,2024-02-17 00:00:00,Kolkata,22.5726,88.3639
16.9,97,5.5,337,2024-02-17 01:00:00,Kolkata,22.5726,88.3639
19.0,88,5.7,342,2024-02-17 02:00:00,Kolkata,22.5726,88.3639
21.8,77,5.8,4,2024-02-17 03:00:00,Kolkata,22.5726,88.3639
24.1,67,7.7,11,2024-02-17 04:00:00,Kolkata,22.5726,88.3639
25.7,61,5.0,360,2024-02-17 05:00:00,Kolkata,22.5726,88.3639
26.9,55,4.4,325,2024-02-17 06:00:00,Kolkata,22.5726,88.3639
27.7,51,6.3,301,2024-02-17 07:00:00,Kolkata,22.5726,88.3639
28.1,50,8.1,283,2024-02-17 08:00:00,Kolkata,22.5726,88.3639
28.1,49,10.0,285,2024-02-17 09:00:00,Kolkata,22.5726,88.3639
27.6,50,9.9,289,2024-02-17 10:00:00,Kolkata,22.5726,88.3639
26.9,52,7.9,294,2024-02-17 11:00:00,Kolkata,22.5726,88.3639
23.5,67,8.1,302,2024-02-17 12:00:00,Kolkata,22.5726,88.3639
21.1,69,7.9,357,2024-02-17 13:00:00,Kolkata,22.5726,88.3639
19.9,74,8.9,32,2024-02-17 14:00:00,Kolkata,22.5726,88.3639
20.5,68,7.3,57,2024-02-17 15:00:00,Kolkata,22.5726,88.3639
18.7,76,6.5,146,2024-02-17 16:00:00,Kolkata,22.5726,88.3639
19.2,73,7.7,191,2024-02-17 17:00:00,Kolkata,22.5726,88.3639
18.6,78,8.0,188,2024-02-17 18:00:00,Kolkata,22.5726,88.3639
17.4,86,8.5,192,2024-02-17 19:00:00,Kolkata,22.5726,88.3639
18.2,82,7.2,183,2024-02-17 20:00:00,Kolkata,22.5726,88.3639
17.2,87,7.9,219,2024-02-17 21:00:00,Kolkata,22.5726,88.3639
19.0,83,3.4,252,2024-02-17 22:00:00,Kolkata,22.5726,88.3639
17.0,90,4.0,360,2024-02-17 23:00:00,Kolkata,22.5726,88.3639
16.4,93,4.7,360,2024-02-18 00:00:00,Kolkata,22.5726,88.3639
18.5,94,3.7,281,2024-02-18 01:00:00,Kolkata,22.5726,88.3639
20.0,91,1.5,135,2024-02-18 02:00:00,Kolkata,22.5726,88.3639
22.6,83,1.1,180,2024-02-18 03:00:00,Kolkata,22.5726,88.3639
24.8,78,2.4,243,2024-02-18 04:00:00,Kolkata,22.5726,88.3639
26.5,67,4.9,234,2024-02-18 05:00:00,Kolkata,22.5726,88.3639
27.4,60,6.0,253,2024-02-18 06:00:00,Kolkata,22.5726,88.3639
28.4,55,5.9,284,2024-02-18 07:00:00,Kolkata,22.5726,88.3639
29.1,47,7.4,293,2024-02-18 08:00:00,Kolkata,22.5726,88.3639
29.4,42,9.1,288,2024-02-18 09:00:00,Kolkata,22.5726,88.3639
29.2,40,9.4,288,2024-02-18 10:00:00,Kolkata,22.5726,88.3639
27.9,49,6.1,298,2024-02-18 11:00:00,Kolkata,22.5726,88.3639
23.8,66,8.4,329,2024-02-18 12:00:00,Kolkata,22.5726,88.3639
25.5,58,4.7,23,2024-02-18 13:00:00,Kolkata,22.5726,88.3639
21.4,78,6.6,131,2024-02-18 14:00:00,Kolkata,22.5726,88.3639
21.8,79,9.2,154,2024-02-18 15:00:00,Kolkata,22.5726,88.3639
21.2,89,9.3,167,2024-02-18 16:00:00,Kolkata,22.5726,88.3639
20.6,95,8.7,156,2024-02-18 17:00:00,Kolkata,22.5726,88.3639
20.4,96,7.3,160,2024-02-18 18:00:00,Kolkata,22.5726,88.3639
20.1,97,6.5,174,2024-02-18 19:00:00,Kolkata,22.5726,88.3639
19.4,98,5.8,180,2024-02-18 20:00:00,Kolkata,22.5726,88.3639
19.2,98,5.8,187,2024-02-18 21:00:00,Kolkata,22.5726,88.3639
19.5,99,5.1,188,2024-02-18 22:00:00,Kolkata,22.5726,88.3639
19.5,100,4.8,193,2024-02-18 23:00:00,Kolkata,22.5726,88.3639
19.6,99,4.0,185,2024-02-19 00:00:00,Kolkata,22.5726,88.3639
20.7,100,5.5,157,2024-02-19 01:00:00,Kolkata,22.5726,88.3639
21.4,98,6.0,163,2024-02-19 02:00:00,Kolkata,22.5726,88.3639
22.6,94,6.2,159,2024-02-19 03:00:00,Kolkata,22.5726,88.3639
25.5,79,8.1,193,2024-02-19 04:00:00,Kolkata,22.5726,88.3639
27.3,72,6.6,202,2024-02-19 05:00:00,Kolkata,22.5726,88.3639
28.7,66,5.8,210,2024-02-19 06:00:00,Kolkata,22.5726,88.3639
29.6,61,5.4,228,2024-02-19 07:00:00,Kolkata,22.5726,88.3639
30.1,56,4.2,239,2024-02-19 08:00:00,Kolkata,22.5726,88.3639
29.9,55,3.6,264,2024-02-19 09:00:00,Kolkata,22.5726,88.3639
30.0,49,5.5,302,2024-02-19 10:00:00,Kolkata,22.5726,88.3639
29.1,54,3.6,276,2024-02-19 11:00:00,Kolkata,22.5726,88.3639
26.7,64,7.0,201,2024-02-19 12:00:00,Kolkata,22.5726,88.3639
24.8,74,8.6,195,2024-02-19 13:00:00,Kolkata,22.5726,88.3639
24.4,80,12.1,192,2024-02-19 14:00:00,Kolkata,22.5726,88.3639
23.4,86,10.2,188,2024-02-19 15:00:00,Kolkata,22.5726,88.3639
22.6,91,11.0,191,2024-02-19 16:00:00,Kolkata,22.5726,88.3639
22.2,94,10.9,188,2024-02-19 17:00:00,Kolkata,22.5726,88.3639
22.0,96,11.4,191,2024-02-19 18:00:00,Kolkata,22.5726,88.3639
21.9,97,11.1,193,2024-02-19 19:00:00,Kolkata,22.5726,88.3639
21.7,98,9.6,193,2024-02-19 20:00:00,Kolkata,22.5726,88.3639
21.6,98,9.3,196,2024-02-19 21:00:00,Kolkata,22.5726,88.3639
21.6,98,10.0,193,2024-02-19 22:00:00,Kolkata,22.5726,88.3639
22.0,98,9.9,190,2024-02-19 23:00:00,Kolkata,22.5726,88.3639
22.4,98,9.2,191,2024-02-20 00:00:00,Kolkata,22.5726,88.3639
23.5,96,12.8,196,2024-02-20 01:00:00,Kolkata,22.5726,88.3639
24.4,90,12.9,198,2024-02-20 02:00:00,Kolkata,22.5726,88.3639
25.9,81,13.4,200,2024-02-20 03:00:00,Kolkata,22.5726,88.3639
27.8,73,12.1,197,2024-02-20 04:00:00,Kolkata,22.5726,88.3639
29.4,66,11.5,200,2024-02-20 05:00:00,Kolkata,22.5726,88.3639
30.5,61,10.0,206,2024-02-20 06:00:00,Kolkata,22.5726,88.3639
31.3,56,9.3,216,2024-02-20 07:00:00,Kolkata,22.5726,88.3639
31.6,55,7.7,229,2024-02-20 08:00:00,Kolkata,22.5726,88.3639
31.6,54,4.9,234,2024-02-20 09:00:00,Kolkata,22.5726,88.3639
29.3,63,15.7,196,2024-02-20 10:00:00,Kolkata,22.5726,88.3639
27.6,68,0.5,45,2024-02-20 11:00:00,Kolkata,22.5726,88.3639
25.1,80,9.3,77,2024-02-20 12:00:00,Kolkata,22.5726,88.3639
23.0,84,9.2,138,2024-02-20 13:00:00,Kolkata,22.5726,88.3639
22.7,81,8.6,165,2024-02-20 14:00:00,Kolkata,22.5726,88.3639
23.0,78,11.7,162,2024-02-20 15:00:00,Kolkata,22.5726,88.3639
23.0,89,12.4,163,2024-02-20 16:00:00,Kolkata,22.5726,88.3639
22.8,96,9.8,172,2024-02-20 17:00:00,Kolkata,22.5726,88.3639
22.7,97,10.4,178,2024-02-20 18:00:00,Kolkata,22.5726,88.3639
22.5,97,8.7,187,2024-02-20 19:00:00,Kolkata,22.5726,88.3639
21.5,99,6.2,170,2024-02-20 20:00:00,Kolkata,22.5726,88.3639
21.1,99,6.9,174,2024-02-20 21:00:00,Kolkata,22.5726,88.3639
21.2,99,6.5,183,2024-02-20 22:00:00,Kolkata,22.5726,88.3639
21.4,100,6.1,230,2024-02-20 23:00:00,Kolkata,22.5726,88.3639
20.7,100,6.2,187,2024-02-21 00:00:00,Kolkata,22.5726,88.3639
22.1,99,5.4,172,2024-02-21 01:00:00,Kolkata,22.5726,88.3639
23.7,96,5.8,173,2024-02-21 02:00:00,Kolkata,22.5726,88.3639
26.1,88,5.0,180,2024-02-21 03:00:00,Kolkata,22.5726,88.3639
29.0,70,7.6,185,2024-02-21 04:00:00,Kolkata,22.5726,88.3639
31.2,48,6.5,174,2024-02-21 05:00:00,Kolkata,22.5726,88.3639
32.4,38,2.5,180,2024-02-21 06:00:00,Kolkata,22.5726,88.3639
32.9,35,3.6,233,2024-02-21 07:00:00,Kolkata,22.5726,88.3639
31.6,38,9.1,198,2024-02-21 08:00:00,Kolkata,22.5726,88.3639
31.4,39,6.8,342,2024-02-21 09:00:00,Kolkata,22.5726,88.3639
28.4,48,6.8,183,2024-02-21 10:00:00,Kolkata,22.5726,88.3639
26.5,62,10.8,111,2024-02-21 11:00:00,Kolkata,22.5726,88.3639
25.0,68,9.9,100,2024-02-21 12:00:00,Kolkata,22.5726,88.3639
23.1,77,7.8,77,2024-02-21 13:00:00,Kolkata,22.5726,88.3639
22.1,84,6.3,121,2024-02-21 14:00:00,Kolkata,22.5726,88.3639
22.4,86,7.7,143,2024-02-21 15:00:00,Kolkata,22.5726,88.3639
22.2,84,7.7,127,2024-02-21 16:00:00,Kolkata,22.5726,88.3639
22.1,81,8.9,137,2024-02-21 17:00:00,Kolkata,22.5726,88.3639
21.6,86,7.7,143,2024-02-21 18:00:00,Kolkata,22.5726,88.3639
21.3,93,7.6,121,2024-02-21 19:00:00,Kolkata,22.5726,88.3639
21.4,97,10.9,146,2024-02-21 20:00:00,Kolkata,22.5726,88.3639
21.8,99,8.9,140,2024-02-21 21:00:00,Kolkata,22.5726,88.3639
22.0,98,10.0,150,2024-02-21 22:00:00,Kolkata,22.5726,88.3639
22.0,96,6.9,152,2024-02-21 23:00:00,Kolkata,22.5726,88.3639
21.1,95,7.2,143,2024-02-22 00:00:00,Kolkata,22.5726,88.3639
22.7,96,10.2,170,2024-02-22 01:00:00,Kolkata,22.5726,88.3639
24.4,89,11.2,182,2024-02-22 02:00:00,Kolkata,22.5726,88.3639
26.6,78,13.0,199,2024-02-22 03:00:00,Kolkata,22.5726,88.3639
28.8,68,14.0,228,2024-02-22 04:00:00,Kolkata,22.5726,88.3639
28.5,66,7.4,284,2024-02-22 05:00:00,Kolkata,22.5726,88.3639
30.0,63,11.2,268,2024-02-22 06:00:00,Kolkata,22.5726,88.3639
29.6,66,9.7,315,2024-02-22 07:00:00,Kolkata,22.5726,88.3639
29.0,68,5.0,300,2024-02-22 08:00:00,Kolkata,22.5726,88.3639
29.5,65,6.2,260,2024-02-22 09:00:00,Kolkata,22.5726,88.3639
29.4,65,5.2,258,2024-02-22 10:00:00,Kolkata,22.5726,88.3639
29.0,67,2.0,135,2024-02-22 11:00:00,Kolkata,22.5726,88.3639
28.0,69,2.6,146,2024-02-22 12:00:00,Kolkata,22.5726,88.3639
22.4,85,3.3,139,2024-02-22 13:00:00,Kolkata,22.5726,88.3639
22.5,88,5.7,35,2024-02-22 14:00:00,Kolkata,22.5726,88.3639
22.0,91,7.6,95,2024-02-22 15:00:00,Kolkata,22.5726,88.3639
21.6,94,5.8,60,2024-02-22 16:00:00,Kolkata,22.5726,88.3639
21.6,95,5.5,32,2024-02-22 17:00:00,Kolkata,22.5726,88.3639
21.5,94,8.3,90,2024-02-22 18:00:00,Kolkata,22.5726,88.3639
20.8,96,6.3,66,2024-02-22 19:00:00,Kolkata,22.5726,88.3639
20.3,97,5.9,14,2024-02-22 20:00:00,Kolkata,22.5726,88.3639
20.4,95,14.4,357,2024-02-22 21:00:00,Kolkata,22.5726,88.3639
20.3,86,17.0,6,2024-02-22 22:00:00,Kolkata,22.5726,88.3639
19.8,83,17.3,2,2024-02-22 23:00:00,Kolkata,22.5726,88.3639
19.5,86,14.3,18,2024-02-23 00:00:00,Kolkata,22.5726,88.3639
20.5,91,8.7,42,2024-02-23 01:00:00,Kolkata,22.5726,88.3639
21.4,86,10.4,44,2024-02-23 02:00:00,Kolkata,22.5726,88.3639
22.5,79,10.5,59,2024-02-23 03:00:00,Kolkata,22.5726,88.3639
24.6,68,11.2,45,2024-02-23 04:00:00,Kolkata,22.5726,88.3639
26.2,58,11.0,52,2024-02-23 05:00:00,Kolkata,22.5726,88.3639
27.5,52,9.0,67,2024-02-23 06:00:00,Kolkata,22.5726,88.3639
28.2,50,6.1,62,2024-02-23 07:00:00,Kolkata,22.5726,88.3639
28.5,49,4.1,52,2024-02-23 08:00:00,Kolkata,22.5726,88.3639
28.8,49,2.1,31,2024-02-23 09:00:00,Kolkata,22.5726,88.3639
28.1,50,3.9,326,2024-02-23 10:00:00,Kolkata,22.5726,88.3639
26.9,59,4.7,23,2024-02-23 11:00:00,Kolkata,22.5726,88.3639
24.8,69,8.2,337,2024-02-23 12:00:00,Kolkata,22.5726,88.3639
22.6,74,8.2,29,2024-02-23 13:00:00,Kolkata,22.5726,88.3639
21.9,78,7.9,60,2024-02-23 14:00:00,Kolkata,22.5726,88.3639
21.2,81,8.4,83,2024-02-23 15:00:00,Kolkata,22.5726,88.3639
21.4,81,6.8,108,2024-02-23 16:00:00,Kolkata,22.5726,88.3639
20.8,83,6.5,93,2024-02-23 17:00:00,Kolkata,22.5726,88.3639
19.9,89,5.9,76,2024-02-23 18:00:00,Kolkata,22.5726,88.3639
19.6,92,5.8,68,2024-02-23 19:00:00,Kolkata,22.5726,88.3639
19.3,92,5.8,68,2024-02-23 20:00:00,Kolkata,22.5726,88.3639
18.6,93,5.6,50,2024-02-23 21:00:00,Kolkata,22.5726,88.3639
18.5,92,6.6,13,2024-02-23 22:00:00,Kolkata,22.5726,88.3639
18.0,92,7.3,20,2024-02-23 23:00:00,Kolkata,22.5726,88.3639
17.7,93,7.6,19,2024-02-24 00:00:00,Kolkata,22.5726,88.3639
19.0,84,9.7,27,2024-02-24 01:00:00,Kolkata,22.5726,88.3639
20.5,77,9.1,34,2024-02-24 02:00:00,Kolkata,22.5726,88.3639
22.7,69,10.3,29,2024-02-24 03:00:00,Kolkata,22.5726,88.3639
24.9,63,14.1,38,2024-02-24 04:00:00,Kolkata,22.5726,88.3639
26.5,56,15.0,46,2024-02-24 05:00:00,Kolkata,22.5726,88.3639
27.6,52,13.2,55,2024-02-24 06:00:00,Kolkata,22.5726,88.3639
27.9,50,10.2,67,2024-02-24 07:00:00,Kolkata,22.5726,88.3639
28.0,50,8.3,92,2024-02-24 08:00:00,Kolkata,22.5726,88.3639
27.3,53,8.1,111,2024-02-24 09:00:00,Kolkata,22.5726,88.3639
27.3,53,7.6,98,2024-02-24 10:00:00,Kolkata,22.5726,88.3639
26.8,58,6.5,84,2024-02-24 11:00:00,Kolkata,22.5726,88.3639
24.6,67,5.9,79,2024-02-24 12:00:00,Kolkata,22.5726,88.3639
24.5,64,5.2,74,2024-02-24 13:00:00,Kolkata,22.5726,88.3639
23.2,71,6.3,59,2024-02-24 14:00:00,Kolkata,22.5726,88.3639
22.5,74,7.8,68,2024-02-24 15:00:00,Kolkata,22.5726,88.3639
21.8,76,6.9,43,2024-02-24 16:00:00,Kolkata,22.5726,88.3639
21.3,75,9.4,358,2024-02-24 17:00:00,Kolkata,22.5726,88.3639
21.2,66,9.3,28,2024-02-24 18:00:00,Kolkata,22.5726,88.3639
21.6,62,10.2,32,2024-02-24 19:00:00,Kolkata,22.5726,88.3639
21.4,61,11.2,33,2024-02-24 20:00:00,Kolkata,22.5726,88.3639
20.1,65,8.8,35,2024-02-24 21:00:00,Kolkata,22.5726,88.3639
19.8,66,9.8,36,2024-02-24 22:00:00,Kolkata,22.5726,88.3639
19.4,66,11.2,40,2024-02-24 23:00:00,Kolkata,22.5726,88.3639
19.1,68,10.8,21,2024-02-25 00:00:00,Kolkata,22.5726,88.3639
19.7,62,17.2,33,2024-02-25 01:00:00,Kolkata,22.5726,88.3639
20.0,65,18.9,39,2024-02-25 02:00:00,Kolkata,22.5726,88.3639
21.5,66,17.1,30,2024-02-25 03:00:00,Kolkata,22.5726,88.3639
22.4,62,15.5,44,2024-02-25 04:00:00,Kolkata,22.5726,88.3639
24.0,57,14.6,40,2024-02-25 05:00:00,Kolkata,22.5726,88.3639
24.9,53,14.8,41,2024-02-25 06:00:00,Kolkata,22.5726,88.3639
24.0,57,10.0,60,2024-02-25 07:00:00,Kolkata,22.5726,88.3639
23.6,61,9.4,90,2024-02-25 08:00:00,Kolkata,22.5726,88.3639
21.9,79,9.2,111,2024-02-25 09:00:00,Kolkata,22.5726,88.3639
22.1,75,8.0,108,2024-02-25 10:00:00,Kolkata,22.5726,88.3639
22.4,72,6.5,124,2024-02-25 11:00:00,Kolkata,22.5726,88.3639
20.9,85,5.8,112,2024-02-25 12:00:00,Kolkata,22.5726,88.3639
21.3,72,6.6,68,2024-02-25 13:00:00,Kolkata,22.5726,88.3639
20.5,76,7.9,66,2024-02-25 14:00:00,Kolkata,22.5726,88.3639
20.0,79,7.1,41,2024-02-25 15:00:00,Kolkata,22.5726,88.3639
19.5,82,5.9,47,2024-02-25 16:00:00,Kolkata,22.5726,88.3639
18.6,85,6.9,28,2024-02-25 17:00:00,Kolkata,22.5726,88.3639
18.4,83,5.8,30,2024-02-25 18:00:00,Kolkata,22.5726,88.3639
18.2,80,6.5,34,2024-02-25 19:00:00,Kolkata,22.5726,88.3639
18.2,77,8.7,38,2024-02-25 20:00:00,Kolkata,22.5726,88.3639
18.1,75,10.9,34,2024-02-25 21:00:00,Kolkata,22.5726,88.3639
18.0,75,11.4,35,2024-02-25 22:00:00,Kolkata,22.5726,88.3639
17.8,78,10.7,40,2024-02-25 23:00:00,Kolkata,22.5726,88.3639
17.5,82,9.7,39,2024-02-26 00:00:00,Kolkata,22.5726,88.3639
18.2,82,9.2,42,2024-02-26 01:00:00,Kolkata,22.5726,88.3639
19.9,77,7.9,47,2024-02-26 02:00:00,Kolkata,22.5726,88.3639
22.1,67,7.2,53,2024-02-26 03:00:00,Kolkata,22.5726,88.3639
24.5,56,6.4,52,2024-02-26 04:00:00,Kolkata,22.5726,88.3639
26.3,49,8.7,48,2024-02-26 05:00:00,Kolkata,22.5726,88.3639
27.4,46,10.4,46,2024-02-26 06:00:00,Kolkata,22.5726,88.3639
28.0,45,9.7,42,2024-02-26 07:00:00,Kolkata,22.5726,88.3639
28.4,44,8.0,36,2024-02-26 08:00:00,Kolkata,22.5726,88.3639
28.5,45,8.4,10,2024-02-26 09:00:00,Kolkata,22.5726,88.3639
28.0,46,9.7,358,2024-02-26 10:00:00,Kolkata,22.5726,88.3639
27.1,51,8.4,7,2024-02-26 11:00:00,Kolkata,22.5726,88.3639
24.1,63,7.3,11,2024-02-26 12:00:00,Kolkata,22.5726,88.3639
22.0,66,7.9,360,2024-02-26 13:00:00,Kolkata,22.5726,88.3639
21.4,68,6.9,28,2024-02-26 14:00:00,Kolkata,22.5726,88.3639
20.9,69,6.9,47,2024-02-26 15:00:00,Kolkata,22.5726,88.3639
20.5,71,7.9,43,2024-02-26 16:00:00,Kolkata,22.5726,88.3639
19.9,71,7.4,39,2024-02-26 17:00:00,Kolkata,22.5726,88.3639
19.4,71,7.7,49,2024-02-26 18:00:00,Kolkata,22.5726,88.3639
18.8,72,7.2,53,2024-02-26 19:00:00,Kolkata,22.5726,88.3639
18.0,76,6.4,52,2024-02-26 20:00:00,Kolkata,22.5726,88.3639
18.2,75,7.4,47,2024-02-26 21:00:00,Kolkata,22.5726,88.3639
18.4,74,6.7,36,2024-02-26 22:00:00,Kolkata,22.5726,88.3639
18.2,76,6.2,36,2024-02-26 23:00:00,Kolkata,22.5726,88.3639
18.0,77,5.8,30,2024-02-27 00:00:00,Kolkata,22.5726,88.3639
18.5,78,4.9,36,2024-02-27 01:00:00,Kolkata,22.5726,88.3639
20.2,73,4.5,29,2024-02-27 02:00:00,Kolkata,22.5726,88.3639
22.6,65,5.2,25,2024-02-27 03:00:00,Kolkata,22.5726,88.3639
24.8,57,4.3,24,2024-02-27 04:00:00,Kolkata,22.5726,88.3639
26.5,49,6.3,13,2024-02-27 05:00:00,Kolkata,22.5726,88.3639
27.8,46,6.8,357,2024-02-27 06:00:00,Kolkata,22.5726,88.3639
28.5,46,5.9,349,2024-02-27 07:00:00,Kolkata,22.5726,88.3639
29.0,46,5.2,348,2024-02-27 08:00:00,Kolkata,22.5726,88.3639
29.0,47,7.1,345,2024-02-27 09:00:00,Kolkata,22.5726,88.3639
28.6,48,7.2,357,2024-02-27 10:00:00,Kolkata,22.5726,88.3639
27.8,52,5.9,14,2024-02-27 11:00:00,Kolkata,22.5726,88.3639
25.6,58,6.5,34,2024-02-27 12:00:00,Kolkata,22.5726,88.3639
23.1,61,7.1,45,2024-02-27 13:00:00,Kolkata,22.5726,88.3639
22.0,66,7.7,49,2024-02-27 14:00:00,Kolkata,22.5726,88.3639
21.5,70,6.5,71,2024-02-27 15:00:00,Kolkata,22.5726,88.3639
21.8,70,6.2,97,2024-02-27 16:00:00,Kolkata,22.5726,88.3639
20.9,79,7.2,108,2024-02-27 17:00:00,Kolkata,22.5726,88.3639
21.0,77,6.0,147,2024-02-27 18:00:00,Kolkata,22.5726,88.3639
21.4,77,3.2,243,2024-02-27 19:00:00,Kolkata,22.5726,88.3639
20.8,82,4.5,209,2024-02-27 20:00:00,Kolkata,22.5726,88.3639
19.5,89,6.4,243,2024-02-27 21:00:00,Kolkata,22.5726,88.3639
18.8,92,6.4,254,2024-02-27 22:00:00,Kolkata,22.5726,88.3639
18.5,92,6.8,295,2024-02-27 23:00:00,Kolkata,22.5726,88.3639
19.6,85,4.2,340,2024-02-28 00:00:00,Kolkata,22.5726,88.3639
20.1,89,2.3,231,2024-02-28 01:00:00,Kolkata,22.5726,88.3639
21.8,82,2.6,196,2024-02-28 02:00:00,Kolkata,22.5726,88.3639
24.1,68,2.4,243,2024-02-28 03:00:00,Kolkata,22.5726,88.3639
25.9,63,5.2,286,2024-02-28 04:00:00,Kolkata,22.5726,88.3639
27.1,59,7.1,285,2024-02-28 05:00:00,Kolkata,22.5726,88.3639
28.2,56,9.4,293,2024-02-28 06:00:00,Kolkata,22.5726,88.3639
28.9,54,9.9,289,2024-02-28 07:00:00,Kolkata,22.5726,88.3639
29.4,52,11.1,283,2024-02-28 08:00:00,Kolkata,22.5726,88.3639
29.4,51,11.7,288,2024-02-28 09:00:00,Kolkata,22.5726,88.3639
29.1,51,10.6,294,2024-02-28 10:00:00,Kolkata,22.5726,88.3639
28.4,53,8.4,301,2024-02-28 11:00:00,Kolkata,22.5726,88.3639
25.4,70,7.9,317,2024-02-28 12:00:00,Kolkata,22.5726,88.3639
24.4,65,5.9,11,2024-02-28 13:00:00,Kolkata,22.5726,88.3639
23.0,73,7.8,34,2024-02-28 14:00:00,Kolkata,22.5726,88.3639
22.5,74,6.8,58,2024-02-28 15:00:00,Kolkata,22.5726,88.3639
21.9,78,6.1,87,2024-02-28 16:00:00,Kolkata,22.5726,88.3639
21.1,83,6.2,126,2024-02-28 17:00:00,Kolkata,22.5726,88.3639
20.9,84,7.0,159,2024-02-28 18:00:00,Kolkata,22.5726,88.3639
20.1,88,5.7,198,2024-02-28 19:00:00,Kolkata,22.5726,88.3639
20.2,88,8.3,214,2024-02-28 20:00:00,Kolkata,22.5726,88.3639
19.8,91,4.5,346,2024-02-28 21:00:00,Kolkata,22.5726,88.3639
18.8,93,7.2,342,2024-02-28 22:00:00,Kolkata,22.5726,88.3639
18.9,92,6.1,360,2024-02-28 23:00:00,Kolkata,22.5726,88.3639
18.7,90,6.8,18,2024-02-29 00:00:00,Kolkata,22.5726,88.3639
20.0,84,7.9,30,2024-02-29 01:00:00,Kolkata,22.5726,88.3639
22.0,75,6.0,33,2024-02-29 02:00:00,Kolkata,22.5726,88.3639
24.4,62,7.1,30,2024-02-29 03:00:00,Kolkata,22.5726,88.3639
26.6,50,8.4,20,2024-02-29 04:00:00,Kolkata,22.5726,88.3639
28.1,44,9.0,5,2024-02-29 05:00:00,Kolkata,22.5726,88.3639
29.0,42,9.4,356,2024-02-29 06:00:00,Kolkata,22.5726,88.3639
29.5,41,8.3,342,2024-02-29 07:00:00,Kolkata,22.5726,88.3639
29.9,41,8.2,322,2024-02-29 08:00:00,Kolkata,22.5726,88.3639
30.0,40,8.0,306,2024-02-29 09:00:00,Kolkata,22.5726,88.3639
29.5,41,8.2,299,2024-02-29 10:00:00,Kolkata,22.5726,88.3639
28.6,46,5.7,288,2024-02-29 11:00:00,Kolkata,22.5726,88.3639
26.1,56,7.3,279,2024-02-29 12:00:00,Kolkata,22.5726,88.3639
27.1,47,4.1,315,2024-02-29 13:00:00,Kolkata,22.5726,88.3639
23.4,63,4.6,51,2024-02-29 14:00:00,Kolkata,22.5726,88.3639
21.4,73,7.7,79,2024-02-29 15:00:00,Kolkata,22.5726,88.3639
21.0,76,5.8,94,2024-02-29 16:00:00,Kolkata,22.5726,88.3639
20.9,77,7.9,141,2024-02-29 17:00:00,Kolkata,22.5726,88.3639
20.5,76,7.9,156,2024-02-29 18:00:00,Kolkata,22.5726,88.3639
19.0,84,8.9,159,2024-02-29 19:00:00,Kolkata,22.5726,88.3639
20.6,76,6.4,196,2024-02-29 20:00:00,Kolkata,22.5726,88.3639
18.2,89,4.9,324,2024-02-29 21:00:00,Kolkata,22.5726,88.3639
19.1,84,4.1,322,2024-02-29 22:00:00,Kolkata,22.5726,88.3639
17.8,90,5.7,342,2024-02-29 23:00:00,Kolkata,22.5726,88.3639
22.2,59,7.7,62,2023-11-01 00:00:00,Mumbai,19.076,72.8777
22.4,66,8.0,63,2023-11-01 01:00:00,Mumbai,19.076,72.8777
23.2,63,9.2,59,2023-11-01 02:00:00,Mumbai,19.076,72.8777
25.8,60,9.9,57,2023-11-01 03:00:00,Mumbai,19.076,72.8777
28.8,51,7.3,70,2023-11-01 04:00:00,Mumbai,19.076,72.8777
31.2,44,5.9,79,2023-11-01 05:00:00,Mumbai,19.076,72.8777
32.8,39,6.1,87,2023-11-01 06:00:00,Mumbai,19.076,72.8777
33.8,33,3.6,53,2023-11-01 07:00:00,Mumbai,19.076,72.8777
34.0,31,4.7,337,2023-11-01 08:00:00,Mumbai,19.076,72.8777
33.6,37,6.6,283,2023-11-01 09:00:00,Mumbai,19.076,72.8777
32.6,47,10.2,278,2023-11-01 10:00:00,Mumbai,19.076,72.8777
31.2,53,14.8,293,2023-11-01 11:00:00,Mumbai,19.076,72.8777
29.8,59,12.3,308,2023-11-01 12:00:00,Mumbai,19.076,72.8777
28.4,68,13.8,313,2023-11-01 13:00:00,Mumbai,19.076,72.8777
27.9,68,12.9,333,2023-11-01 14:00:00,Mumbai,19.076,72.8777
27.5,70,13.8,332,2023-11-01 15:00:00,Mumbai,19.076,72.8777
26.9,70,11.7,342,2023-11-01 16:00:00,Mumbai,19.076,72.8777
26.5,65,11.6,344,2023-11-01 17:00:00,Mumbai,19.076,72.8777
25.5,65,6.3,13,2023-11-01 18:00:00,Mumbai,19.076,72.8777
23.6,74,8.4,47,2023-11-01 19:00:00,Mumbai,19.076,72.8777
23.2,73,6.2,80,2023-11-01 20:00:00,Mumbai,19.076,72.8777
22.5,72,6.3,59,2023-11-01 21:00:00,Mumbai,19.076,72.8777
22.8,64,7.4,47,2023-11-01 22:00:00,Mumbai,19.076,72.8777
22.9,61,8.7,45,2023-11-01 23:00:00,Mumbai,19.076,72.8777
22.5,62,7.1,60,2023-11-02 00:00:00,Mumbai,19.076,72.8777
21.9,72,6.8,65,2023-11-02 01:00:00,Mumbai,19.076,72.8777
22.8,69,9.2,45,2023-11-02 02:00:00,Mumbai,19.076,72.8777
25.8,63,8.7,45,2023-11-02 03:00:00,Mumbai,19.076,72.8777
29.2,54,7.8,56,2023-11-02 04:00:00,Mumbai,19.076,72.8777
31.7,43,8.1,69,2023-11-02 05:00:00,Mumbai,19.076,72.8777
33.0,39,5.8,60,2023-11-02 06:00:00,Mumbai,19.076,72.8777
33.8,34,5.0,360,2023-11-02 07:00:00,Mumbai,19.076,72.8777
34.0,33,6.9,332,2023-11-02 08:00:00,Mumbai,19.076,72.8777
33.4,38,10.7,312,2023-11-02 09:00:00,Mumbai,19.076,72.8777
32.5,43,12.8,308,2023-11-02 10:00:00,Mumbai,19.076,72.8777
30.9,50,14.5,312,2023-11-02 11:00:00,Mumbai,19.076,72.8777
29.3,60,14.9,328,2023-11-02 12:00:00,Mumbai,19.076,72.8777
28.0,67,16.1,331,2023-11-02 13:00:00,Mumbai,19.076,72.8777
27.9,67,17.2,334,2023-11-02 14:00:00,Mumbai,19.076,72.8777
27.8,65,15.3,341,2023-11-02 15:00:00,Mumbai,19.076,72.8777
27.5,62,14.8,346,2023-11-02 16:00:00,Mumbai,19.076,72.8777
27.0,61,9.7,360,2023-11-02 17:00:00,Mumbai,19.076,72.8777
25.5,67,6.5,19,2023-11-02 18:00:00,Mumbai,19.076,72.8777
24.1,70,7.0,55,2023-11-02 19:00:00,Mumbai,19.076,72.8777
24.0,69,6.4,63,2023-11-02 20:00:00,Mumbai,19.076,72.8777
22.6,75,8.1,58,2023-11-02 21:00:00,Mumbai,19.076,72.8777
22.9,73,6.4,52,2023-11-02 22:00:00,Mumbai,19.076,72.8777
22.8,71,7.8,56,2023-11-02 23:00:00,Mumbai,19.076,72.8777
22.6,69,8.6,57,2023-11-03 00:00:00,Mumbai,19.076,72.8777
23.0,70,9.3,54,2023-11-03 01:00:00,Mumbai,19.076,72.8777
23.8,67,10.9,56,2023-11-03 02:00:00,Mumbai,19.076,72.8777
26.3,62,11.0,58,2023-11-03 03:00:00,Mumbai,19.076,72.8777
29.4,53,9.8,62,2023-11-03 04:00:00,Mumbai,19.076,72.8777
32.1,45,9.7,68,2023-11-03 05:00:00,Mumbai,19.076,72.8777
33.9,38,9.6,77,2023-11-03 06:00:00,Mumbai,19.076,72.8777
34.5,32,6.5,34,2023-11-03 07:00:00,Mumbai,19.076,72.8777
34.5,32,6.8,342,2023-11-03 08:00:00,Mumbai,19.076,72.8777
33.2,48,12.5,314,2023-11-03 09:00:00,Mumbai,19.076,72.8777
32.5,47,16.3,319,2023-11-03 10:00:00,Mumbai,19.076,72.8777
31.2,49,15.3,321,2023-11-03 11:00:00,Mumbai,19.076,72.8777
29.6,62,15.9,332,2023-11-03 12:00:00,Mumbai,19.076,72.8777
29.0,58,18.5,339,2023-11-03 13:00:00,Mumbai,19.076,72.8777
28.7,53,19.9,340,2023-11-03 14:00:00,Mumbai,19.076,72.8777
28.5,50,19.6,346,2023-11-03 15:00:00,Mumbai,19.076,72.8777
28.0,54,16.8,351,2023-11-03 16:00:00,Mumbai,19.076,72.8777
27.1,56,10.9,6,2023-11-03 17:00:00,Mumbai,19.076,72.8777
25.3,61,7.2,27,2023-11-03 18:00:00,Mumbai,19.076,72.8777
24.3,63,7.4,51,2023-11-03 19:00:00,Mumbai,19.076,72.8777
23.9,63,6.5,71,2023-11-03 20:00:00,Mumbai,19.076,72.8777
24.1,61,7.7,53,2023-11-03 21:00:00,Mumbai,19.076,72.8777
24.0,61,7.8,56,2023-11-03 22:00:00,Mumbai,19.076,72.8777
23.8,60,8.4,50,2023-11-03 23:00:00,Mumbai,19.076,72.8777
23.6,57,9.2,48,2023-11-04 00:00:00,Mumbai,19.076,72.8777
23.9,64,9.5,53,2023-11-04 01:00:00,Mumbai,19.076,72.8777
24.7,59,11.6,60,2023-11-04 02:00:00,Mumbai,19.076,72.8777
26.8,56,10.2,72,2023-11-04 03:00:00,Mumbai,19.076,72.8777
29.4,52,9.1,81,2023-11-04 04:00:00,Mumbai,19.076,72.8777
32.2,44,7.9,90,2023-11-04 05:00:00,Mumbai,19.076,72.8777
34.2,36,10.1,94,2023-11-04 06:00:00,Mumbai,19.076,72.8777
35.0,33,8.3,95,2023-11-04 07:00:00,Mumbai,19.076,72.8777
35.3,32,5.3,62,2023-11-04 08:00:00,Mumbai,19.076,72.8777
35.3,32,6.4,16,2023-11-04 09:00:00,Mumbai,19.076,72.8777
35.0,33,7.3,351,2023-11-04 10:00:00,Mumbai,19.076,72.8777
32.6,54,12.2,317,2023-11-04 11:00:00,Mumbai,19.076,72.8777
30.3,61,14.6,320,2023-11-04 12:00:00,Mumbai,19.076,72.8777
29.1,61,9.2,329,2023-11-04 13:00:00,Mumbai,19.076,72.8777
28.2,70,9.5,323,2023-11-04 14:00:00,Mumbai,19.076,72.8777
28.1,61,9.5,331,2023-11-04 15:00:00,Mumbai,19.076,72.8777
27.8,60,9.9,341,2023-11-04 16:00:00,Mumbai,19.076,72.8777
27.0,60,7.3,349,2023-11-04 17:00:00,Mumbai,19.076,72.8777
25.5,67,7.1,45,2023-11-04 18:00:00,Mumbai,19.076,72.8777
24.8,70,6.5,109,2023-11-04 19:00:00,Mumbai,19.076,72.8777
24.5,70,6.8,87,2023-11-04 20:00:00,Mumbai,19.076,72.8777
25.5,63,5.4,70,2023-11-04 21:00:00,Mumbai,19.076,72.8777
23.5,72,6.8,58,2023-11-04 22:00:00,Mumbai,19.076,72.8777
22.8,73,6.9,39,2023-11-04 23:00:00,Mumbai,19.076,72.8777
22.8,71,5.6,40,2023-11-05 00:00:00,Mumbai,19.076,72.8777
24.3,68,8.9,69,2023-11-05 01:00:00,Mumbai,19.076,72.8777
25.5,64,10.8,69,2023-11-05 02:00:00,Mumbai,19.076,72.8777
27.7,59,10.7,78,2023-11-05 03:00:00,Mumbai,19.076,72.8777
30.6,51,7.6,95,2023-11-05 04:00:00,Mumbai,19.076,72.8777
32.8,42,9.5,115,2023-11-05 05:00:00,Mumbai,19.076,72.8777
33.8,40,8.3,124,2023-11-05 06:00:00,Mumbai,19.076,72.8777
34.8,35,5.9,137,2023-11-05 07:00:00,Mumbai,19.076,72.8777
35.1,33,1.3,146,2023-11-05 08:00:00,Mumbai,19.076,72.8777
35.0,34,5.1,315,2023-11-05 09:00:00,Mumbai,19.076,72.8777
33.7,44,11.0,293,2023-11-05 10:00:00,Mumbai,19.076,72.8777
32.5,52,11.2,291,2023-11-05 11:00:00,Mumbai,19.076,72.8777
30.6,67,12.4,292,2023-11-05 12:00:00,Mumbai,19.076,72.8777
29.4,67,12.5,321,2023-11-05 13:00:00,Mumbai,19.076,72.8777
28.9,69,14.2,333,2023-11-05 14:00:00,Mumbai,19.076,72.8777
28.6,72,15.5,338,2023-11-05 15:00:00,Mumbai,19.076,72.8777
28.0,76,15.2,346,2023-11-05 16:00:00,Mumbai,19.076,72.8777
27.9,66,14.4,357,2023-11-05 17:00:00,Mumbai,19.076,72.8777
27.1,61,8.0,18,2023-11-05 18:00:00,Mumbai,19.076,72.8777
25.2,69,7.6,82,2023-11-05 19:00:00,Mumbai,19.076,72.8777
25.3,70,6.5,87,2023-11-05 20:00:00,Mumbai,19.076,72.8777
24.1,76,6.9,81,2023-11-05 21:00:00,Mumbai,19.076,72.8777
23.3,78,7.2,72,2023-11-05 22:00:00,Mumbai,19.076,72.8777
23.1,73,6.1,50,2023-11-05 23:00:00,Mumbai,19.076,72.8777
22.9,71,6.6,49,2023-11-06 00:00:00,Mumbai,19.076,72.8777
23.0,75,7.7,53,2023-11-06 01:00:00,Mumbai,19.076,72.8777
24.0,70,9.7,51,2023-11-06 02:00:00,Mumbai,19.076,72.8777
26.8,60,9.7,63,2023-11-06 03:00:00,Mumbai,19.076,72.8777
30.1,49,7.8,68,2023-11-06 04:00:00,Mumbai,19.076,72.8777
32.5,41,10.1,84,2023-11-06 05:00:00,Mumbai,19.076,72.8777
33.8,39,11.1,103,2023-11-06 06:00:00,Mumbai,19.076,72.8777
35.0,32,8.4,110,2023-11-06 07:00:00,Mumbai,19.076,72.8777
35.3,28,4.8,48,2023-11-06 08:00:00,Mumbai,19.076,72.8777
35.0,31,7.4,331,2023-11-06 09:00:00,Mumbai,19.076,72.8777
34.2,38,8.1,302,2023-11-06 10:00:00,Mumbai,19.076,72.8777
32.7,52,10.0,285,2023-11-06 11:00:00,Mumbai,19.076,72.8777
30.6,71,12.4,300,2023-11-06 12:00:00,Mumbai,19.076,72.8777
28.9,63,17.1,338,2023-11-06 13:00:00,Mumbai,19.076,72.8777
28.5,59,14.8,337,2023-11-06 14:00:00,Mumbai,19.076,72.8777
28.0,56,15.2,346,2023-11-06 15:00:00,Mumbai,19.076,72.8777
27.7,49,12.6,357,2023-11-06 16:00:00,Mumbai,19.076,72.8777
27.0,50,10.8,358,2023-11-06 17:00:00,Mumbai,19.076,72.8777
26.6,50,11.2,358,2023-11-06 18:00:00,Mumbai,19.076,72.8777
25.8,54,8.7,7,2023-11-06 19:00:00,Mumbai,19.076,72.8777
24.0,63,6.0,33,2023-11-06 20:00:00,Mumbai,19.076,72.8777
22.8,69,6.8,65,2023-11-06 21:00:00,Mumbai,19.076,72.8777
22.2,69,6.5,56,2023-11-06 22:00:00,Mumbai,19.076,72.8777
22.5,61,7.6,65,2023-11-06 23:00:00,Mumbai,19.076,72.8777
22.5,56,8.2,61,2023-11-07 00:00:00,Mumbai,19.076,72.8777
22.1,61,7.6,65,2023-11-07 01:00:00,Mumbai,19.076,72.8777
23.0,61,6.8,72,2023-11-07 02:00:00,Mumbai,19.076,72.8777
25.5,58,6.5,87,2023-11-07 03:00:00,Mumbai,19.076,72.8777
28.7,49,6.0,65,2023-11-07 04:00:00,Mumbai,19.076,72.8777
31.4,43,5.6,63,2023-11-07 05:00:00,Mumbai,19.076,72.8777
33.0,43,5.5,67,2023-11-07 06:00:00,Mumbai,19.076,72.8777
33.9,37,1.6,63,2023-11-07 07:00:00,Mumbai,19.076,72.8777
34.2,33,5.0,300,2023-11-07 08:00:00,Mumbai,19.076,72.8777
33.0,45,12.4,287,2023-11-07 09:00:00,Mumbai,19.076,72.8777
32.2,50,13.7,288,2023-11-07 10:00:00,Mumbai,19.076,72.8777
31.0,56,15.6,304,2023-11-07 11:00:00,Mumbai,19.076,72.8777
29.2,62,17.6,332,2023-11-07 12:00:00,Mumbai,19.076,72.8777
28.5,67,18.5,331,2023-11-07 13:00:00,Mumbai,19.076,72.8777
28.2,62,19.1,338,2023-11-07 14:00:00,Mumbai,19.076,72.8777
28.1,62,16.5,340,2023-11-07 15:00:00,Mumbai,19.076,72.8777
28.0,58,14.1,345,2023-11-07 16:00:00,Mumbai,19.076,72.8777
26.2,60,7.9,47,2023-11-07 17:00:00,Mumbai,19.076,72.8777
26.1,56,7.1,45,2023-11-07 18:00:00,Mumbai,19.076,72.8777
26.6,52,5.3,28,2023-11-07 19:00:00,Mumbai,19.076,72.8777
24.8,62,6.6,81,2023-11-07 20:00:00,Mumbai,19.076,72.8777
24.4,63,5.8,68,2023-11-07 21:00:00,Mumbai,19.076,72.8777
24.5,60,5.5,101,2023-11-07 22:00:00,Mumbai,19.076,72.8777
24.0,68,5.7,108,2023-11-07 23:00:00,Mumbai,19.076,72.8777
23.7,76,7.7,118,2023-11-08 00:00:00,Mumbai,19.076,72.8777
25.4,69,8.4,155,2023-11-08 01:00:00,Mumbai,19.076,72.8777
27.3,75,19.1,168,2023-11-08 02:00:00,Mumbai,19.076,72.8777
28.3,70,20.2,176,2023-11-08 03:00:00,Mumbai,19.076,72.8777
29.5,64,16.5,170,2023-11-08 04:00:00,Mumbai,19.076,72.8777
30.9,59,11.9,180,2023-11-08 05:00:00,Mumbai,19.076,72.8777
31.5,59,12.0,201,2023-11-08 06:00:00,Mumbai,19.076,72.8777
32.0,57,8.7,204,2023-11-08 07:00:00,Mumbai,19.076,72.8777
32.7,55,7.0,235,2023-11-08 08:00:00,Mumbai,19.076,72.8777
32.2,57,12.1,253,2023-11-08 09:00:00,Mumbai,19.076,72.8777
30.9,62,10.7,237,2023-11-08 10:00:00,Mumbai,19.076,72.8777
30.1,69,12.5,226,2023-11-08 11:00:00,Mumbai,19.076,72.8777
28.8,74,11.2,249,2023-11-08 12:00:00,Mumbai,19.076,72.8777
28.1,79,9.8,264,2023-11-08 13:00:00,Mumbai,19.076,72.8777
27.6,81,5.2,254,2023-11-08 14:00:00,Mumbai,19.076,72.8777
27.1,84,3.6,270,2023-11-08 15:00:00,Mumbai,19.076,72.8777
26.8,87,5.0,291,2023-11-08 16:00:00,Mumbai,19.076,72.8777
27.4,81,1.1,252,2023-11-08 17:00:00,Mumbai,19.076,72.8777
26.0,89,3.6,37,2023-11-08 18:00:00,Mumbai,19.076,72.8777
26.4,87,1.8,360,2023-11-08 19:00:00,Mumbai,19.076,72.8777
25.8,90,2.8,50,2023-11-08 20:00:00,Mumbai,19.076,72.8777
24.9,95,3.9,56,2023-11-08 21:00:00,Mumbai,19.076,72.8777
25.1,93,3.1,69,2023-11-08 22:00:00,Mumbai,19.076,72.8777
24.5,96,3.6,96,2023-11-08 23:00:00,Mumbai,19.076,72.8777
24.0,97,4.6,72,2023-11-09 00:00:00,Mumbai,19.076,72.8777
24.7,96,3.4,72,2023-11-09 01:00:00,Mumbai,19.076,72.8777
25.5,92,5.4,53,2023-11-09 02:00:00,Mumbai,19.076,72.8777
27.6,83,5.2,56,2023-11-09 03:00:00,Mumbai,19.076,72.8777
30.0,69,5.9,79,2023-11-09 04:00:00,Mumbai,19.076,72.8777
32.1,53,6.2,111,2023-11-09 05:00:00,Mumbai,19.076,72.8777
33.0,49,4.4,145,2023-11-09 06:00:00,Mumbai,19.076,72.8777
33.3,48,2.5,188,2023-11-09 07:00:00,Mumbai,19.076,72.8777
33.5,49,5.2,286,2023-11-09 08:00:00,Mumbai,19.076,72.8777
32.6,58,13.7,293,2023-11-09 09:00:00,Mumbai,19.076,72.8777
31.4,62,13.2,287,2023-11-09 10:00:00,Mumbai,19.076,72.8777
31.0,64,12.5,319,2023-11-09 11:00:00,Mumbai,19.076,72.8777
30.0,67,10.0,319,2023-11-09 12:00:00,Mumbai,19.076,72.8777
28.8,79,11.1,331,2023-11-09 13:00:00,Mumbai,19.076,72.8777
28.6,76,9.0,358,2023-11-09 14:00:00,Mumbai,19.076,72.8777
27.8,78,3.0,166,2023-11-09 15:00:00,Mumbai,19.076,72.8777
27.5,81,8.6,270,2023-11-09 16:00:00,Mumbai,19.076,72.8777
27.0,84,3.3,276,2023-11-09 17:00:00,Mumbai,19.076,72.8777
26.9,84,2.0,315,2023-11-09 18:00:00,Mumbai,19.076,72.8777
26.6,85,1.8,37,2023-11-09 19:00:00,Mumbai,19.076,72.8777
25.7,90,2.3,51,2023-11-09 20:00:00,Mumbai,19.076,72.8777
25.5,90,5.8,68,2023-11-09 21:00:00,Mumbai,19.076,72.8777
24.9,89,5.8,60,2023-11-09 22:00:00,Mumbai,19.076,72.8777
24.8,82,6.5,56,2023-11-09 23:00:00,Mumbai,19.076,72.8777
25.2,76,7.1,49,2023-11-10 00:00:00,Mumbai,19.076,72.8777
25.4,86,5.3,62,2023-11-10 01:00:00,Mumbai,19.076,72.8777
26.1,83,7.0,69,2023-11-10 02:00:00,Mumbai,19.076,72.8777
28.0,75,5.4,98,2023-11-10 03:00:00,Mumbai,19.076,72.8777
30.4,63,7.4,113,2023-11-10 04:00:00,Mumbai,19.076,72.8777
32.1,54,9.2,121,2023-11-10 05:00:00,Mumbai,19.076,72.8777
33.0,50,9.1,162,2023-11-10 06:00:00,Mumbai,19.076,72.8777
31.0,57,3.5,204,2023-11-10 07:00:00,Mumbai,19.076,72.8777
32.6,52,8.0,297,2023-11-10 08:00:00,Mumbai,19.076,72.8777
31.6,58,13.8,285,2023-11-10 09:00:00,Mumbai,19.076,72.8777
31.1,59,11.5,314,2023-11-10 10:00:00,Mumbai,19.076,72.8777
30.7,62,11.7,326,2023-11-10 11:00:00,Mumbai,19.076,72.8777
28.9,69,10.3,61,2023-11-10 12:00:00,Mumbai,19.076,72.8777
29.0,79,4.7,360,2023-11-10 13:00:00,Mumbai,19.076,72.8777
29.3,68,11.0,122,2023-11-10 14:00:00,Mumbai,19.076,72.8777
26.8,76,8.3,162,2023-11-10 15:00:00,Mumbai,19.076,72.8777
26.6,77,5.4,176,2023-11-10 16:00:00,Mumbai,19.076,72.8777
26.4,79,5.7,162,2023-11-10 17:00:00,Mumbai,19.076,72.8777
25.7,86,4.7,157,2023-11-10 18:00:00,Mumbai,19.076,72.8777
25.2,88,2.5,82,2023-11-10 19:00:00,Mumbai,19.076,72.8777
24.9,89,4.0,85,2023-11-10 20:00:00,Mumbai,19.076,72.8777
24.4,91,5.4,48,2023-11-10 21:00:00,Mumbai,19.076,72.8777
24.1,90,6.1,40,2023-11-10 22:00:00,Mumbai,19.076,72.8777
24.1,87,7.3,57,2023-11-10 23:00:00,Mumbai,19.076,72.8777
24.0,88,7.7,62,2023-11-11 00:00:00,Mumbai,19.076,72.8777
24.8,84,8.4,59,2023-11-11 01:00:00,Mumbai,19.076,72.8777
25.5,81,10.1,55,2023-11-11 02:00:00,Mumbai,19.076,72.8777
27.6,74,8.7,60,2023-11-11 03:00:00,Mumbai,19.076,72.8777
30.2,63,9.0,53,2023-11-11 04:00:00,Mumbai,19.076,72.8777
32.7,51,9.7,48,2023-11-11 05:00:00,Mumbai,19.076,72.8777
34.1,42,7.1,45,2023-11-11 06:00:00,Mumbai,19.076,72.8777
34.8,38,6.4,47,2023-11-11 07:00:00,Mumbai,19.076,72.8777
35.0,37,5.9,47,2023-11-11 08:00:00,Mumbai,19.076,72.8777
35.0,37,6.2,7,2023-11-11 09:00:00,Mumbai,19.076,72.8777
34.0,46,11.4,336,2023-11-11 10:00:00,Mumbai,19.076,72.8777
32.3,57,16.8,325,2023-11-11 11:00:00,Mumbai,19.076,72.8777
30.8,58,18.5,333,2023-11-11 12:00:00,Mumbai,19.076,72.8777
30.1,55,15.3,341,2023-11-11 13:00:00,Mumbai,19.076,72.8777
29.6,60,14.7,329,2023-11-11 14:00:00,Mumbai,19.076,72.8777
29.4,58,16.3,335,2023-11-11 15:00:00,Mumbai,19.076,72.8777
29.0,59,13.4,336,2023-11-11 16:00:00,Mumbai,19.076,72.8777
28.5,56,11.6,344,2023-11-11 17:00:00,Mumbai,19.076,72.8777
28.1,51,7.8,13,2023-11-11 18:00:00,Mumbai,19.076,72.8777
26.2,58,7.9,60,2023-11-11 19:00:00,Mumbai,19.076,72.8777
26.0,54,6.5,34,2023-11-11 20:00:00,Mumbai,19.076,72.8777
25.9,53,7.1,49,2023-11-11 21:00:00,Mumbai,19.076,72.8777
25.6,55,9.2,45,2023-11-11 22:00:00,Mumbai,19.076,72.8777
25.5,53,9.7,48,2023-11-11 23:00:00,Mumbai,19.076,72.8777
25.3,53,9.2,51,2023-11-12 00:00:00,Mumbai,19.076,72.8777
26.0,58,9.8,82,2023-11-12 01:00:00,Mumbai,19.076,72.8777
25.8,63,10.1,90,2023-11-12 02:00:00,Mumbai,19.076,72.8777
27.9,61,8.4,40,2023-11-12 03:00:00,Mumbai,19.076,72.8777
30.9,54,7.4,61,2023-11-12 04:00:00,Mumbai,19.076,72.8777
33.0,48,8.3,72,2023-11-12 05:00:00,Mumbai,19.076,72.8777
34.2,45,6.9,81,2023-11-12 06:00:00,Mumbai,19.076,72.8777
34.8,43,3.6,96,2023-11-12 07:00:00,Mumbai,19.076,72.8777
35.2,40,0.4,270,2023-11-12 08:00:00,Mumbai,19.076,72.8777
35.0,38,4.6,309,2023-11-12 09:00:00,Mumbai,19.076,72.8777
33.7,50,10.2,315,2023-11-12 10:00:00,Mumbai,19.076,72.8777
32.2,61,14.1,320,2023-11-12 11:00:00,Mumbai,19.076,72.8777
30.8,56,14.3,335,2023-11-12 12:00:00,Mumbai,19.076,72.8777
29.2,59,18.8,340,2023-11-12 13:00:00,Mumbai,19.076,72.8777
29.1,55,18.9,339,2023-11-12 14:00:00,Mumbai,19.076,72.8777
28.8,54,16.5,349,2023-11-12 15:00:00,Mumbai,19.076,72.8777
28.6,46,13.8,351,2023-11-12 16:00:00,Mumbai,19.076,72.8777
28.3,45,14.4,3,2023-11-12 17:00:00,Mumbai,19.076,72.8777
27.5,47,9.7,22,2023-11-12 18:00:00,Mumbai,19.076,72.8777
26.6,49,7.8,13,2023-11-12 19:00:00,Mumbai,19.076,72.8777
25.4,52,7.1,49,2023-11-12 20:00:00,Mumbai,19.076,72.8777
25.1,50,7.7,37,2023-11-12 21:00:00,Mumbai,19.076,72.8777
24.8,51,8.4,50,2023-11-12 22:00:00,Mumbai,19.076,72.8777
24.0,55,7.1,49,2023-11-12 23:00:00,Mumbai,19.076,72.8777
23.6,58,7.4,39,2023-11-13 00:00:00,Mumbai,19.076,72.8777
23.8,59,10.1,55,2023-11-13 01:00:00,Mumbai,19.076,72.8777
24.4,58,10.2,58,2023-11-13 02:00:00,Mumbai,19.076,72.8777
26.4,58,9.5,61,2023-11-13 03:00:00,Mumbai,19.076,72.8777
29.0,52,7.1,66,2023-11-13 04:00:00,Mumbai,19.076,72.8777
31.5,45,5.8,68,2023-11-13 05:00:00,Mumbai,19.076,72.8777
33.2,42,4.1,75,2023-11-13 06:00:00,Mumbai,19.076,72.8777
34.2,40,0.8,207,2023-11-13 07:00:00,Mumbai,19.076,72.8777
34.4,39,5.4,278,2023-11-13 08:00:00,Mumbai,19.076,72.8777
33.7,45,11.7,279,2023-11-13 09:00:00,Mumbai,19.076,72.8777
32.5,52,14.6,279,2023-11-13 10:00:00,Mumbai,19.076,72.8777
31.1,57,14.5,293,2023-11-13 11:00:00,Mumbai,19.076,72.8777
29.6,66,14.5,316,2023-11-13 12:00:00,Mumbai,19.076,72.8777
28.4,66,15.0,325,2023-11-13 13:00:00,Mumbai,19.076,72.8777
28.0,70,16.1,331,2023-11-13 14:00:00,Mumbai,19.076,72.8777
27.9,66,15.1,342,2023-11-13 15:00:00,Mumbai,19.076,72.8777
26.7,67,5.2,34,2023-11-13 16:00:00,Mumbai,19.076,72.8777
25.5,72,4.9,126,2023-11-13 17:00:00,Mumbai,19.076,72.8777
27.0,65,1.8,37,2023-11-13 18:00:00,Mumbai,19.076,72.8777
24.1,75,6.2,353,2023-11-13 19:00:00,Mumbai,19.076,72.8777
24.0,72,6.4,344,2023-11-13 20:00:00,Mumbai,19.076,72.8777
23.3,74,7.2,360,2023-11-13 21:00:00,Mumbai,19.076,72.8777
22.9,76,6.5,3,2023-11-13 22:00:00,Mumbai,19.076,72.8777
22.5,75,5.9,43,2023-11-13 23:00:00,Mumbai,19.076,72.8777
22.0,76,6.1,62,2023-11-14 00:00:00,Mumbai,19.076,72.8777
22.2,77,5.8,60,2023-11-14 01:00:00,Mumbai,19.076,72.8777
23.0,73,7.7,49,2023-11-14 02:00:00,Mumbai,19.076,72.8777
25.9,65,6.4,63,2023-11-14 03:00:00,Mumbai,19.076,72.8777
29.3,55,5.7,72,2023-11-14 04:00:00,Mumbai,19.076,72.8777
31.7,45,5.5,101,2023-11-14 05:00:00,Mumbai,19.076,72.8777
33.0,41,6.3,149,2023-11-14 06:00:00,Mumbai,19.076,72.8777
33.8,36,5.7,198,2023-11-14 07:00:00,Mumbai,19.076,72.8777
33.8,36,7.4,241,2023-11-14 08:00:00,Mumbai,19.076,72.8777
33.5,38,11.5,256,2023-11-14 09:00:00,Mumbai,19.076,72.8777
32.5,43,14.8,267,2023-11-14 10:00:00,Mumbai,19.076,72.8777
31.1,49,14.6,280,2023-11-14 11:00:00,Mumbai,19.076,72.8777
29.4,64,12.7,299,2023-11-14 12:00:00,Mumbai,19.076,72.8777
28.1,71,11.5,311,2023-11-14 13:00:00,Mumbai,19.076,72.8777
27.8,72,11.0,311,2023-11-14 14:00:00,Mumbai,19.076,72.8777
27.3,75,12.0,344,2023-11-14 15:00:00,Mumbai,19.076,72.8777
26.2,72,8.3,34,2023-11-14 16:00:00,Mumbai,19.076,72.8777
24.5,77,6.9,81,2023-11-14 17:00:00,Mumbai,19.076,72.8777
24.0,78,6.9,47,2023-11-14 18:00:00,Mumbai,19.076,72.8777
25.4,68,4.4,9,2023-11-14 19:00:00,Mumbai,19.076,72.8777
23.6,76,5.4,8,2023-11-14 20:00:00,Mumbai,19.076,72.8777
22.5,80,6.2,21,2023-11-14 21:00:00,Mumbai,19.076,72.8777
22.9,78,5.2,348,2023-11-14 22:00:00,Mumbai,19.076,72.8777
21.9,85,6.9,6,2023-11-14 23:00:00,Mumbai,19.076,72.8777
21.4,88,5.5,67,2023-11-15 00:00:00,Mumbai,19.076,72.8777
21.6,86,3.9,22,2023-11-15 01:00:00,Mumbai,19.076,72.8777
22.9,79,6.6,49,2023-11-15 02:00:00,Mumbai,19.076,72.8777
25.4,71,8.8,71,2023-11-15 03:00:00,Mumbai,19.076,72.8777
28.6,57,6.6,81,2023-11-15 04:00:00,Mumbai,19.076,72.8777
31.5,41,8.3,108,2023-11-15 05:00:00,Mumbai,19.076,72.8777
33.0,33,8.5,118,2023-11-15 06:00:00,Mumbai,19.076,72.8777
33.8,30,5.1,135,2023-11-15 07:00:00,Mumbai,19.076,72.8777
33.9,28,2.4,243,2023-11-15 08:00:00,Mumbai,19.076,72.8777
32.9,39,11.9,270,2023-11-15 09:00:00,Mumbai,19.076,72.8777
31.7,48,15.6,277,2023-11-15 10:00:00,Mumbai,19.076,72.8777
30.6,50,14.7,281,2023-11-15 11:00:00,Mumbai,19.076,72.8777
29.2,61,13.0,298,2023-11-15 12:00:00,Mumbai,19.076,72.8777
27.8,68,13.7,325,2023-11-15 13:00:00,Mumbai,19.076,72.8777
27.2,73,15.3,330,2023-11-15 14:00:00,Mumbai,19.076,72.8777
27.0,73,14.8,331,2023-11-15 15:00:00,Mumbai,19.076,72.8777
26.5,67,9.0,5,2023-11-15 16:00:00,Mumbai,19.076,72.8777
24.5,71,5.1,98,2023-11-15 17:00:00,Mumbai,19.076,72.8777
23.5,79,7.5,73,2023-11-15 18:00:00,Mumbai,19.076,72.8777
23.5,75,6.2,7,2023-11-15 19:00:00,Mumbai,19.076,72.8777
22.8,78,5.8,94,2023-11-15 20:00:00,Mumbai,19.076,72.8777
23.0,77,5.1,94,2023-11-15 21:00:00,Mumbai,19.076,72.8777
23.6,72,3.2,63,2023-11-15 22:00:00,Mumbai,19.076,72.8777
22.1,79,4.3,42,2023-11-15 23:00:00,Mumbai,19.076,72.8777
20.8,86,6.0,25,2023-11-16 00:00:00,Mumbai,19.076,72.8777
21.4,80,5.6,45,2023-11-16 01:00:00,Mumbai,19.076,72.8777
21.9,77,6.3,24,2023-11-16 02:00:00,Mumbai,19.076,72.8777
24.5,68,5.6,45,2023-11-16 03:00:00,Mumbai,19.076,72.8777
27.8,53,5.7,72,2023-11-16 04:00:00,Mumbai,19.076,72.8777
30.5,42,6.5,87,2023-11-16 05:00:00,Mumbai,19.076,72.8777
32.3,37,6.6,99,2023-11-16 06:00:00,Mumbai,19.076,72.8777
33.7,30,5.1,129,2023-11-16 07:00:00,Mumbai,19.076,72.8777
34.0,27,1.8,233,2023-11-16 08:00:00,Mumbai,19.076,72.8777
33.7,30,8.0,275,2023-11-16 09:00:00,Mumbai,19.076,72.8777
32.3,43,12.4,280,2023-11-16 10:00:00,Mumbai,19.076,72.8777
31.2,48,11.9,284,2023-11-16 11:00:00,Mumbai,19.076,72.8777
29.6,57,11.1,295,2023-11-16 12:00:00,Mumbai,19.076,72.8777
27.7,67,13.4,333,2023-11-16 13:00:00,Mumbai,19.076,72.8777
27.2,69,14.2,330,2023-11-16 14:00:00,Mumbai,19.076,72.8777
26.9,69,15.6,341,2023-11-16 15:00:00,Mumbai,19.076,72.8777
26.3,70,13.5,351,2023-11-16 16:00:00,Mumbai,19.076,72.8777
26.0,68,12.6,358,2023-11-16 17:00:00,Mumbai,19.076,72.8777
25.5,67,11.2,2,2023-11-16 18:00:00,Mumbai,19.076,72.8777
24.5,69,6.2,21,2023-11-16 19:00:00,Mumbai,19.076,72.8777
23.8,72,6.4,63,2023-11-16 20:00:00,Mumbai,19.076,72.8777
22.6,77,7.2,72,2023-11-16 21:00:00,Mumbai,19.076,72.8777
22.0,79,6.9,51,2023-11-16 22:00:00,Mumbai,19.076,72.8777
21.7,78,5.3,62,2023-11-16 23:00:00,Mumbai,19.076,72.8777
21.5,77,6.3,66,2023-11-17 00:00:00,Mumbai,19.076,72.8777
21.5,72,7.1,60,2023-11-17 01:00:00,Mumbai,19.076,72.8777
22.1,69,9.9,57,2023-11-17 02:00:00,Mumbai,19.076,72.8777
24.8,62,11.6,60,2023-11-17 03:00:00,Mumbai,19.076,72.8777
28.1,51,10.0,69,2023-11-17 04:00:00,Mumbai,19.076,72.8777
30.6,43,11.6,83,2023-11-17 05:00:00,Mumbai,19.076,72.8777
32.5,37,11.5,94,2023-11-17 06:00:00,Mumbai,19.076,72.8777
33.5,32,6.9,81,2023-11-17 07:00:00,Mumbai,19.076,72.8777
33.7,30,2.9,360,2023-11-17 08:00:00,Mumbai,19.076,72.8777
33.5,31,5.2,304,2023-11-17 09:00:00,Mumbai,19.076,72.8777
32.8,36,9.3,286,2023-11-17 10:00:00,Mumbai,19.076,72.8777
31.1,49,11.7,304,2023-11-17 11:00:00,Mumbai,19.076,72.8777
29.0,63,15.5,332,2023-11-17 12:00:00,Mumbai,19.076,72.8777
27.6,68,17.6,332,2023-11-17 13:00:00,Mumbai,19.076,72.8777
27.2,71,17.2,340,2023-11-17 14:00:00,Mumbai,19.076,72.8777
27.0,73,17.4,338,2023-11-17 15:00:00,Mumbai,19.076,72.8777
26.9,66,16.6,347,2023-11-17 16:00:00,Mumbai,19.076,72.8777
26.2,63,13.0,357,2023-11-17 17:00:00,Mumbai,19.076,72.8777
25.1,63,6.2,10,2023-11-17 18:00:00,Mumbai,19.076,72.8777
24.0,67,5.9,79,2023-11-17 19:00:00,Mumbai,19.076,72.8777
24.2,67,5.0,60,2023-11-17 20:00:00,Mumbai,19.076,72.8777
22.4,76,7.2,90,2023-11-17 21:00:00,Mumbai,19.076,72.8777
22.8,73,5.2,78,2023-11-17 22:00:00,Mumbai,19.076,72.8777
21.3,78,5.6,45,2023-11-17 23:00:00,Mumbai,19.076,72.8777
21.1,77,6.1,40,2023-11-18 00:00:00,Mumbai,19.076,72.8777
21.2,76,6.4,47,2023-11-18 01:00:00,Mumbai,19.076,72.8777
21.8,73,8.8,55,2023-11-18 02:00:00,Mumbai,19.076,72.8777
24.3,65,8.3,56,2023-11-18 03:00:00,Mumbai,19.076,72.8777
27.5,53,7.1,60,2023-11-18 04:00:00,Mumbai,19.076,72.8777
30.7,42,7.4,67,2023-11-18 05:00:00,Mumbai,19.076,72.8777
32.5,37,6.6,81,2023-11-18 06:00:00,Mumbai,19.076,72.8777
33.5,32,2.9,120,2023-11-18 07:00:00,Mumbai,19.076,72.8777
33.7,31,4.8,228,2023-11-18 08:00:00,Mumbai,19.076,72.8777
33.0,37,11.0,251,2023-11-18 09:00:00,Mumbai,19.076,72.8777
31.5,49,13.3,268,2023-11-18 10:00:00,Mumbai,19.076,72.8777
30.3,53,13.8,290,2023-11-18 11:00:00,Mumbai,19.076,72.8777
29.0,59,12.5,303,2023-11-18 12:00:00,Mumbai,19.076,72.8777
27.4,69,11.6,324,2023-11-18 13:00:00,Mumbai,19.076,72.8777
26.9,73,11.5,328,2023-11-18 14:00:00,Mumbai,19.076,72.8777
26.5,77,11.3,333,2023-11-18 15:00:00,Mumbai,19.076,72.8777
26.0,79,10.8,345,2023-11-18 16:00:00,Mumbai,19.076,72.8777
25.1,76,7.3,11,2023-11-18 17:00:00,Mumbai,19.076,72.8777
23.1,79,8.0,54,2023-11-18 18:00:00,Mumbai,19.076,72.8777
22.6,80,6.6,77,2023-11-18 19:00:00,Mumbai,19.076,72.8777
23.4,75,5.1,51,2023-11-18 20:00:00,Mumbai,19.076,72.8777
22.2,81,5.8,68,2023-11-18 21:00:00,Mumbai,19.076,72.8777
23.0,75,4.0,27,2023-11-18 22:00:00,Mumbai,19.076,72.8777
21.2,83,5.9,43,2023-11-18 23:00:00,Mumbai,19.076,72.8777
20.8,84,7.6,65,2023-11-19 00:00:00,Mumbai,19.076,72.8777
22.0,76,5.3,28,2023-11-19 01:00:00,Mumbai,19.076,72.8777
22.7,72,8.8,55,2023-11-19 02:00:00,Mumbai,19.076,72.8777
25.4,64,7.8,56,2023-11-19 03:00:00,Mumbai,19.076,72.8777
28.8,54,5.6,63,2023-11-19 04:00:00,Mumbai,19.076,72.8777
31.3,47,2.9,7,2023-11-19 05:00:00,Mumbai,19.076,72.8777
32.0,47,6.8,302,2023-11-19 06:00:00,Mumbai,19.076,72.8777
32.0,50,11.3,301,2023-11-19 07:00:00,Mumbai,19.076,72.8777
32.3,48,12.9,300,2023-11-19 08:00:00,Mumbai,19.076,72.8777
32.2,46,14.9,302,2023-11-19 09:00:00,Mumbai,19.076,72.8777
31.6,48,14.1,308,2023-11-19 10:00:00,Mumbai,19.076,72.8777
30.6,53,14.8,309,2023-11-19 11:00:00,Mumbai,19.076,72.8777
29.1,62,14.6,320,2023-11-19 12:00:00,Mumbai,19.076,72.8777
28.0,64,17.2,334,2023-11-19 13:00:00,Mumbai,19.076,72.8777
28.0,64,17.5,328,2023-11-19 14:00:00,Mumbai,19.076,72.8777
27.6,64,14.4,338,2023-11-19 15:00:00,Mumbai,19.076,72.8777
26.9,65,10.0,21,2023-11-19 16:00:00,Mumbai,19.076,72.8777
25.9,60,7.4,51,2023-11-19 17:00:00,Mumbai,19.076,72.8777
25.3,60,7.4,14,2023-11-19 18:00:00,Mumbai,19.076,72.8777
25.0,60,7.5,17,2023-11-19 19:00:00,Mumbai,19.076,72.8777
24.4,61,6.8,3,2023-11-19 20:00:00,Mumbai,19.076,72.8777
23.6,66,9.5,11,2023-11-19 21:00:00,Mumbai,19.076,72.8777
23.5,65,8.4,20,2023-11-19 22:00:00,Mumbai,19.076,72.8777
23.5,63,7.3,349,2023-11-19 23:00:00,Mumbai,19.076,72.8777
24.0,60,6.9,6,2023-11-20 00:00:00,Mumbai,19.076,72.8777
23.9,64,6.4,52,2023-11-20 01:00:00,Mumbai,19.076,72.8777
24.3,65,9.0,61,2023-11-20 02:00:00,Mumbai,19.076,72.8777
26.6,62,7.1,66,2023-11-20 03:00:00,Mumbai,19.076,72.8777
29.5,54,4.3,95,2023-11-20 04:00:00,Mumbai,19.076,72.8777
31.7,49,4.1,105,2023-11-20 05:00:00,Mumbai,19.076,72.8777
33.3,43,2.6,124,2023-11-20 06:00:00,Mumbai,19.076,72.8777
34.2,38,1.1,252,2023-11-20 07:00:00,Mumbai,19.076,72.8777
33.8,44,8.4,280,2023-11-20 08:00:00,Mumbai,19.076,72.8777
32.9,52,12.3,285,2023-11-20 09:00:00,Mumbai,19.076,72.8777
32.2,55,14.7,295,2023-11-20 10:00:00,Mumbai,19.076,72.8777
31.0,58,15.5,306,2023-11-20 11:00:00,Mumbai,19.076,72.8777
29.7,63,12.8,320,2023-11-20 12:00:00,Mumbai,19.076,72.8777
28.3,70,15.9,327,2023-11-20 13:00:00,Mumbai,19.076,72.8777
28.0,74,16.0,324,2023-11-20 14:00:00,Mumbai,19.076,72.8777
27.5,74,9.1,353,2023-11-20 15:00:00,Mumbai,19.076,72.8777
27.3,76,5.0,30,2023-11-20 16:00:00,Mumbai,19.076,72.8777
26.4,78,5.1,82,2023-11-20 17:00:00,Mumbai,19.076,72.8777
27.2,70,3.7,61,2023-11-20 18:00:00,Mumbai,19.076,72.8777
25.8,74,5.7,325,2023-11-20 19:00:00,Mumbai,19.076,72.8777
26.5,68,8.8,341,2023-11-20 20:00:00,Mumbai,19.076,72.8777
25.8,72,4.1,38,2023-11-20 21:00:00,Mumbai,19.076,72.8777
26.0,70,3.1,54,2023-11-20 22:00:00,Mumbai,19.076,72.8777
25.2,72,5.0,69,2023-11-20 23:00:00,Mumbai,19.076,72.8777
25.0,72,6.5,71,2023-11-21 00:00:00,Mumbai,19.076,72.8777
24.2,80,7.4,61,2023-11-21 01:00:00,Mumbai,19.076,72.8777
24.8,76,9.8,62,2023-11-21 02:00:00,Mumbai,19.076,72.8777
26.9,69,9.6,70,2023-11-21 03:00:00,Mumbai,19.076,72.8777
29.9,54,8.4,83,2023-11-21 04:00:00,Mumbai,19.076,72.8777
31.8,44,10.4,92,2023-11-21 05:00:00,Mumbai,19.076,72.8777
33.3,39,10.1,96,2023-11-21 06:00:00,Mumbai,19.076,72.8777
34.1,35,4.4,81,2023-11-21 07:00:00,Mumbai,19.076,72.8777
34.2,34,6.1,332,2023-11-21 08:00:00,Mumbai,19.076,72.8777
33.3,43,10.0,291,2023-11-21 09:00:00,Mumbai,19.076,72.8777
32.8,47,11.6,292,2023-11-21 10:00:00,Mumbai,19.076,72.8777
30.4,58,20.2,321,2023-11-21 11:00:00,Mumbai,19.076,72.8777
29.7,61,16.7,323,2023-11-21 12:00:00,Mumbai,19.076,72.8777
28.4,70,13.5,314,2023-11-21 13:00:00,Mumbai,19.076,72.8777
28.1,65,14.3,335,2023-11-21 14:00:00,Mumbai,19.076,72.8777
28.0,57,14.5,346,2023-11-21 15:00:00,Mumbai,19.076,72.8777
27.7,51,16.1,350,2023-11-21 16:00:00,Mumbai,19.076,72.8777
27.4,50,15.3,352,2023-11-21 17:00:00,Mumbai,19.076,72.8777
26.8,50,12.2,2,2023-11-21 18:00:00,Mumbai,19.076,72.8777
25.9,52,8.2,23,2023-11-21 19:00:00,Mumbai,19.076,72.8777
25.2,51,8.2,38,2023-11-21 20:00:00,Mumbai,19.076,72.8777
24.8,51,9.6,56,2023-11-21 21:00:00,Mumbai,19.076,72.8777
24.1,54,9.4,58,2023-11-21 22:00:00,Mumbai,19.076,72.8777
23.6,56,8.9,50,2023-11-21 23:00:00,Mumbai,19.076,72.8777
23.2,58,8.1,45,2023-11-22 00:00:00,Mumbai,19.076,72.8777
23.4,59,9.0,61,2023-11-22 01:00:00,Mumbai,19.076,72.8777
23.8,59,10.5,59,2023-11-22 02:00:00,Mumbai,19.076,72.8777
25.9,55,10.5,59,2023-11-22 03:00:00,Mumbai,19.076,72.8777
28.6,50,9.7,63,2023-11-22 04:00:00,Mumbai,19.076,72.8777
31.1,42,8.9,69,2023-11-22 05:00:00,Mumbai,19.076,72.8777
32.8,35,7.1,66,2023-11-22 06:00:00,Mumbai,19.076,72.8777
33.5,31,4.0,10,2023-11-22 07:00:00,Mumbai,19.076,72.8777
33.6,31,6.9,317,2023-11-22 08:00:00,Mumbai,19.076,72.8777
32.7,40,14.8,299,2023-11-22 09:00:00,Mumbai,19.076,72.8777
31.4,45,18.4,310,2023-11-22 10:00:00,Mumbai,19.076,72.8777
30.2,49,17.7,322,2023-11-22 11:00:00,Mumbai,19.076,72.8777
29.1,55,16.6,326,2023-11-22 12:00:00,Mumbai,19.076,72.8777
28.0,60,16.4,331,2023-11-22 13:00:00,Mumbai,19.076,72.8777
27.9,55,17.1,335,2023-11-22 14:00:00,Mumbai,19.076,72.8777
27.4,54,15.3,341,2023-11-22 15:00:00,Mumbai,19.076,72.8777
26.8,54,13.3,347,2023-11-22 16:00:00,Mumbai,19.076,72.8777
26.2,55,11.2,354,2023-11-22 17:00:00,Mumbai,19.076,72.8777
25.8,53,10.5,356,2023-11-22 18:00:00,Mumbai,19.076,72.8777
25.1,54,7.3,9,2023-11-22 19:00:00,Mumbai,19.076,72.8777
23.5,61,7.9,24,2023-11-22 20:00:00,Mumbai,19.076,72.8777
22.7,63,8.1,32,2023-11-22 21:00:00,Mumbai,19.076,72.8777
22.5,61,6.2,21,2023-11-22 22:00:00,Mumbai,19.076,72.8777
22.6,59,6.8,18,2023-11-22 23:00:00,Mumbai,19.076,72.8777
22.5,60,7.9,16,2023-11-23 00:00:00,Mumbai,19.076,72.8777
22.0,65,7.1,24,2023-11-23 01:00:00,Mumbai,19.076,72.8777
22.6,63,9.4,23,2023-11-23 02:00:00,Mumbai,19.076,72.8777
25.0,58,8.5,28,2023-11-23 03:00:00,Mumbai,19.076,72.8777
28.1,50,7.9,30,2023-11-23 04:00:00,Mumbai,19.076,72.8777
30.8,44,7.1,30,2023-11-23 05:00:00,Mumbai,19.076,72.8777
32.5,39,5.1,8,2023-11-23 06:00:00,Mumbai,19.076,72.8777
33.2,37,6.7,324,2023-11-23 07:00:00,Mumbai,19.076,72.8777
33.0,41,11.4,305,2023-11-23 08:00:00,Mumbai,19.076,72.8777
32.4,45,14.2,306,2023-11-23 09:00:00,Mumbai,19.076,72.8777
32.0,45,14.3,313,2023-11-23 10:00:00,Mumbai,19.076,72.8777
30.9,47,16.1,320,2023-11-23 11:00:00,Mumbai,19.076,72.8777
29.1,60,16.7,327,2023-11-23 12:00:00,Mumbai,19.076,72.8777
28.1,62,18.1,343,2023-11-23 13:00:00,Mumbai,19.076,72.8777
27.7,59,15.5,347,2023-11-23 14:00:00,Mumbai,19.076,72.8777
27.3,55,14.4,347,2023-11-23 15:00:00,Mumbai,19.076,72.8777
26.6,51,11.3,7,2023-11-23 16:00:00,Mumbai,19.076,72.8777
26.1,49,9.7,356,2023-11-23 17:00:00,Mumbai,19.076,72.8777
24.1,58,8.0,27,2023-11-23 18:00:00,Mumbai,19.076,72.8777
24.0,57,7.6,355,2023-11-23 19:00:00,Mumbai,19.076,72.8777
25.4,52,5.0,69,2023-11-23 20:00:00,Mumbai,19.076,72.8777
23.5,61,5.6,345,2023-11-23 21:00:00,Mumbai,19.076,72.8777
22.5,68,7.9,16,2023-11-23 22:00:00,Mumbai,19.076,72.8777
22.0,69,7.4,61,2023-11-23 23:00:00,Mumbai,19.076,72.8777
21.9,67,6.1,45,2023-11-24 00:00:00,Mumbai,19.076,72.8777
22.8,66,7.1,45,2023-11-24 01:00:00,Mumbai,19.076,72.8777
23.2,67,9.8,54,2023-11-24 02:00:00,Mumbai,19.076,72.8777
25.5,63,10.1,55,2023-11-24 03:00:00,Mumbai,19.076,72.8777
29.0,56,8.0,72,2023-11-24 04:00:00,Mumbai,19.076,72.8777
31.4,51,9.0,92,2023-11-24 05:00:00,Mumbai,19.076,72.8777
33.2,45,9.0,113,2023-11-24 06:00:00,Mumbai,19.076,72.8777
34.0,38,7.6,135,2023-11-24 07:00:00,Mumbai,19.076,72.8777
34.4,36,5.1,184,2023-11-24 08:00:00,Mumbai,19.076,72.8777
33.7,44,9.0,265,2023-11-24 09:00:00,Mumbai,19.076,72.8777
32.2,55,14.3,288,2023-11-24 10:00:00,Mumbai,19.076,72.8777
31.4,55,15.2,292,2023-11-24 11:00:00,Mumbai,19.076,72.8777
29.9,64,10.7,310,2023-11-24 12:00:00,Mumbai,19.076,72.8777
28.6,70,6.0,327,2023-11-24 13:00:00,Mumbai,19.076,72.8777
27.8,76,6.6,347,2023-11-24 14:00:00,Mumbai,19.076,72.8777
27.2,72,8.7,355,2023-11-24 15:00:00,Mumbai,19.076,72.8777
26.9,68,8.3,5,2023-11-24 16:00:00,Mumbai,19.076,72.8777
26.2,67,6.5,360,2023-11-24 17:00:00,Mumbai,19.076,72.8777
25.5,69,6.3,24,2023-11-24 18:00:00,Mumbai,19.076,72.8777
24.8,70,6.5,56,2023-11-24 19:00:00,Mumbai,19.076,72.8777
24.6,69,7.4,51,2023-11-24 20:00:00,Mumbai,19.076,72.8777
24.5,68,9.4,50,2023-11-24 21:00:00,Mumbai,19.076,72.8777
24.0,68,10.4,56,2023-11-24 22:00:00,Mumbai,19.076,72.8777
23.5,69,10.6,55,2023-11-24 23:00:00,Mumbai,19.076,72.8777
23.1,69,9.7,59,2023-11-25 00:00:00,Mumbai,19.076,72.8777
24.4,70,8.2,67,2023-11-25 01:00:00,Mumbai,19.076,72.8777
24.6,70,9.9,71,2023-11-25 02:00:00,Mumbai,19.076,72.8777
27.1,64,9.1,83,2023-11-25 03:00:00,Mumbai,19.076,72.8777
29.6,58,11.0,109,2023-11-25 04:00:00,Mumbai,19.076,72.8777
31.3,54,10.1,117,2023-11-25 05:00:00,Mumbai,19.076,72.8777
32.7,49,10.7,130,2023-11-25 06:00:00,Mumbai,19.076,72.8777
33.3,45,9.7,138,2023-11-25 07:00:00,Mumbai,19.076,72.8777
33.5,43,6.2,170,2023-11-25 08:00:00,Mumbai,19.076,72.8777
33.4,44,6.4,223,2023-11-25 09:00:00,Mumbai,19.076,72.8777
32.4,54,11.4,252,2023-11-25 10:00:00,Mumbai,19.076,72.8777
30.9,63,12.0,254,2023-11-25 11:00:00,Mumbai,19.076,72.8777
29.6,69,9.6,257,2023-11-25 12:00:00,Mumbai,19.076,72.8777
28.4,83,9.7,285,2023-11-25 13:00:00,Mumbai,19.076,72.8777
28.0,87,7.7,323,2023-11-25 14:00:00,Mumbai,19.076,72.8777
27.5,90,10.0,334,2023-11-25 15:00:00,Mumbai,19.076,72.8777
27.1,87,8.3,2,2023-11-25 16:00:00,Mumbai,19.076,72.8777
26.5,86,4.2,20,2023-11-25 17:00:00,Mumbai,19.076,72.8777
25.8,87,5.6,333,2023-11-25 18:00:00,Mumbai,19.076,72.8777
26.6,81,3.2,360,2023-11-25 19:00:00,Mumbai,19.076,72.8777
25.2,88,4.1,52,2023-11-25 20:00:00,Mumbai,19.076,72.8777
25.1,89,3.4,108,2023-11-25 21:00:00,Mumbai,19.076,72.8777
25.1,92,5.8,210,2023-11-25 22:00:00,Mumbai,19.076,72.8777
25.7,92,7.7,208,2023-11-25 23:00:00,Mumbai,19.076,72.8777
25.0,95,5.2,214,2023-11-26 00:00:00,Mumbai,19.076,72.8777
26.6,83,2.5,188,2023-11-26 01:00:00,Mumbai,19.076,72.8777
26.1,88,2.5,98,2023-11-26 02:00:00,Mumbai,19.076,72.8777
27.1,84,7.5,107,2023-11-26 03:00:00,Mumbai,19.076,72.8777
29.2,63,9.8,152,2023-11-26 04:00:00,Mumbai,19.076,72.8777
30.6,56,11.2,178,2023-11-26 05:00:00,Mumbai,19.076,72.8777
31.0,58,11.3,207,2023-11-26 06:00:00,Mumbai,19.076,72.8777
30.9,61,12.1,217,2023-11-26 07:00:00,Mumbai,19.076,72.8777
31.1,61,11.1,257,2023-11-26 08:00:00,Mumbai,19.076,72.8777
29.1,72,13.1,254,2023-11-26 09:00:00,Mumbai,19.076,72.8777
29.4,71,12.2,268,2023-11-26 10:00:00,Mumbai,19.076,72.8777
28.2,75,8.3,268,2023-11-26 11:00:00,Mumbai,19.076,72.8777
27.3,83,7.1,294,2023-11-26 12:00:00,Mumbai,19.076,72.8777
26.6,84,6.3,294,2023-11-26 13:00:00,Mumbai,19.076,72.8777
26.6,83,9.5,25,2023-11-26 14:00:00,Mumbai,19.076,72.8777
23.9,79,19.0,71,2023-11-26 15:00:00,Mumbai,19.076,72.8777
24.1,78,7.2,72,2023-11-26 16:00:00,Mumbai,19.076,72.8777
23.9,83,2.1,149,2023-11-26 17:00:00,Mumbai,19.076,72.8777
24.2,82,0.8,333,2023-11-26 18:00:00,Mumbai,19.076,72.8777
24.0,84,7.1,345,2023-11-26 19:00:00,Mumbai,19.076,72.8777
24.2,86,3.2,333,2023-11-26 20:00:00,Mumbai,19.076,72.8777
23.9,91,1.5,45,2023-11-26 21:00:00,Mumbai,19.076,72.8777
23.9,89,0.5,315,2023-11-26 22:00:00,Mumbai,19.076,72.8777
23.8,90,2.0,135,2023-11-26 23:00:00,Mumbai,19.076,72.8777
23.5,92,2.9,83,2023-11-27 00:00:00,Mumbai,19.076,72.8777
23.4,93,6.4,43,2023-11-27 01:00:00,Mumbai,19.076,72.8777
23.6,91,6.5,19,2023-11-27 02:00:00,Mumbai,19.076,72.8777
25.1,83,6.5,360,2023-11-27 03:00:00,Mumbai,19.076,72.8777
27.0,73,6.5,357,2023-11-27 04:00:00,Mumbai,19.076,72.8777
28.1,66,6.1,360,2023-11-27 05:00:00,Mumbai,19.076,72.8777
29.1,60,4.6,321,2023-11-27 06:00:00,Mumbai,19.076,72.8777
29.8,59,4.2,290,2023-11-27 07:00:00,Mumbai,19.076,72.8777
30.3,55,6.3,246,2023-11-27 08:00:00,Mumbai,19.076,72.8777
30.3,54,9.1,236,2023-11-27 09:00:00,Mumbai,19.076,72.8777
29.6,58,11.8,258,2023-11-27 10:00:00,Mumbai,19.076,72.8777
28.5,66,14.0,288,2023-11-27 11:00:00,Mumbai,19.076,72.8777
27.2,73,12.2,304,2023-11-27 12:00:00,Mumbai,19.076,72.8777
26.9,75,13.7,337,2023-11-27 13:00:00,Mumbai,19.076,72.8777
26.1,80,14.9,345,2023-11-27 14:00:00,Mumbai,19.076,72.8777
25.6,82,11.2,358,2023-11-27 15:00:00,Mumbai,19.076,72.8777
25.0,84,7.3,20,2023-11-27 16:00:00,Mumbai,19.076,72.8777
24.5,86,6.2,7,2023-11-27 17:00:00,Mumbai,19.076,72.8777
24.2,87,6.5,357,2023-11-27 18:00:00,Mumbai,19.076,72.8777
24.0,89,6.6,9,2023-11-27 19:00:00,Mumbai,19.076,72.8777
23.5,91,4.0,10,2023-11-27 20:00:00,Mumbai,19.076,72.8777
23.2,93,3.2,27,2023-11-27 21:00:00,Mumbai,19.076,72.8777
22.9,95,3.5,24,2023-11-27 22:00:00,Mumbai,19.076,72.8777
22.9,95,3.7,11,2023-11-27 23:00:00,Mumbai,19.076,72.8777
23.0,93,5.4,360,2023-11-28 00:00:00,Mumbai,19.076,72.8777
23.1,91,4.2,340,2023-11-28 01:00:00,Mumbai,19.076,72.8777
24.0,84,8.6,2,2023-11-28 02:00:00,Mumbai,19.076,72.8777
25.3,75,6.7,16,2023-11-28 03:00:00,Mumbai,19.076,72.8777
27.0,67,7.6,3,2023-11-28 04:00:00,Mumbai,19.076,72.8777
28.5,60,6.3,347,2023-11-28 05:00:00,Mumbai,19.076,72.8777
29.5,56,6.9,313,2023-11-28 06:00:00,Mumbai,19.076,72.8777
30.0,54,10.9,297,2023-11-28 07:00:00,Mumbai,19.076,72.8777
29.9,55,14.6,303,2023-11-28 08:00:00,Mumbai,19.076,72.8777
29.2,57,16.4,308,2023-11-28 09:00:00,Mumbai,19.076,72.8777
28.9,59,16.6,311,2023-11-28 10:00:00,Mumbai,19.076,72.8777
28.0,60,15.5,318,2023-11-28 11:00:00,Mumbai,19.076,72.8777
27.0,63,14.3,321,2023-11-28 12:00:00,Mumbai,19.076,72.8777
26.3,70,15.0,336,2023-11-28 13:00:00,Mumbai,19.076,72.8777
25.8,73,14.3,342,2023-11-28 14:00:00,Mumbai,19.076,72.8777
25.2,72,13.6,348,2023-11-28 15:00:00,Mumbai,19.076,72.8777
24.6,71,12.4,350,2023-11-28 16:00:00,Mumbai,19.076,72.8777
24.1,71,11.2,354,2023-11-28 17:00:00,Mumbai,19.076,72.8777
23.8,71,10.2,350,2023-11-28 18:00:00,Mumbai,19.076,72.8777
23.3,72,9.5,351,2023-11-28 19:00:00,Mumbai,19.076,72.8777
22.7,73,7.9,357,2023-11-28 20:00:00,Mumbai,19.076,72.8777
22.1,75,6.2,353,2023-11-28 21:00:00,Mumbai,19.076,72.8777
21.5,79,4.7,351,2023-11-28 22:00:00,Mumbai,19.076,72.8777
20.6,85,5.4,4,2023-11-28 23:00:00,Mumbai,19.076,72.8777
20.5,85,4.7,360,2023-11-29 00:00:00,Mumbai,19.076,72.8777
21.0,85,3.3,13,2023-11-29 01:00:00,Mumbai,19.076,72.8777
22.0,81,3.9,34,2023-11-29 02:00:00,Mumbai,19.076,72.8777
23.6,69,4.3,66,2023-11-29 03:00:00,Mumbai,19.076,72.8777
25.6,63,3.7,101,2023-11-29 04:00:00,Mumbai,19.076,72.8777
27.3,58,2.0,225,2023-11-29 05:00:00,Mumbai,19.076,72.8777
28.4,55,6.6,261,2023-11-29 06:00:00,Mumbai,19.076,72.8777
28.8,54,9.0,272,2023-11-29 07:00:00,Mumbai,19.076,72.8777
28.8,54,11.6,286,2023-11-29 08:00:00,Mumbai,19.076,72.8777
28.5,57,13.8,298,2023-11-29 09:00:00,Mumbai,19.076,72.8777
27.9,61,14.7,306,2023-11-29 10:00:00,Mumbai,19.076,72.8777
27.2,63,14.5,312,2023-11-29 11:00:00,Mumbai,19.076,72.8777
26.1,68,14.8,319,2023-11-29 12:00:00,Mumbai,19.076,72.8777
25.4,73,15.3,326,2023-11-29 13:00:00,Mumbai,19.076,72.8777
25.0,75,14.3,335,2023-11-29 14:00:00,Mumbai,19.076,72.8777
24.6,79,13.3,347,2023-11-29 15:00:00,Mumbai,19.076,72.8777
24.0,83,11.5,360,2023-11-29 16:00:00,Mumbai,19.076,72.8777
23.3,89,9.6,20,2023-11-29 17:00:00,Mumbai,19.076,72.8777
22.5,91,6.7,36,2023-11-29 18:00:00,Mumbai,19.076,72.8777
21.5,94,5.9,38,2023-11-29 19:00:00,Mumbai,19.076,72.8777
21.0,95,6.0,25,2023-11-29 20:00:00,Mumbai,19.076,72.8777
20.5,95,6.3,13,2023-11-29 21:00:00,Mumbai,19.076,72.8777
20.9,95,4.6,51,2023-11-29 22:00:00,Mumbai,19.076,72.8777
20.8,95,3.3,49,2023-11-29 23:00:00,Mumbai,19.076,72.8777
20.5,96,2.4,27,2023-11-30 00:00:00,Mumbai,19.076,72.8777
21.0,95,3.6,37,2023-11-30 01:00:00,Mumbai,19.076,72.8777
21.4,92,5.0,21,2023-11-30 02:00:00,Mumbai,19.076,72.8777
23.0,86,4.7,23,2023-11-30 03:00:00,Mumbai,19.076,72.8777
25.8,73,4.3,5,2023-11-30 04:00:00,Mumbai,19.076,72.8777
28.0,61,6.3,329,2023-11-30 05:00:00,Mumbai,19.076,72.8777
29.2,54,7.7,311,2023-11-30 06:00:00,Mumbai,19.076,72.8777
29.7,52,11.4,305,2023-11-30 07:00:00,Mumbai,19.076,72.8777
29.6,53,14.8,304,2023-11-30 08:00:00,Mumbai,19.076,72.8777
29.1,57,16.8,305,2023-11-30 09:00:00,Mumbai,19.076,72.8777
28.4,61,17.8,312,2023-11-30 10:00:00,Mumbai,19.076,72.8777
27.6,64,17.3,318,2023-11-30 11:00:00,Mumbai,19.076,72.8777
26.6,70,15.3,330,2023-11-30 12:00:00,Mumbai,19.076,72.8777
25.9,75,13.8,332,2023-11-30 13:00:00,Mumbai,19.076,72.8777
25.5,78,14.5,333,2023-11-30 14:00:00,Mumbai,19.076,72.8777
25.1,82,13.1,339,2023-11-30 15:00:00,Mumbai,19.076,72.8777
24.7,85,12.2,346,2023-11-30 16:00:00,Mumbai,19.076,72.8777
24.2,88,9.0,2,2023-11-30 17:00:00,Mumbai,19.076,72.8777
23.5,90,6.5,3,2023-11-30 18:00:00,Mumbai,19.076,72.8777
23.0,92,5.1,352,2023-11-30 19:00:00,Mumbai,19.076,72.8777
22.7,94,4.7,351,2023-11-30 20:00:00,Mumbai,19.076,72.8777
22.2,94,5.8,4,2023-11-30 21:00:00,Mumbai,19.076,72.8777
22.0,94,5.1,39,2023-11-30 22:00:00,Mumbai,19.076,72.8777
21.9,93,3.8,73,2023-11-30 23:00:00,Mumbai,19.076,72.8777
21.6,94,4.0,80,2023-12-01 00:00:00,Mumbai,19.076,72.8777
22.1,93,5.1,39,2023-12-01 01:00:00,Mumbai,19.076,72.8777
22.5,91,7.2,37,2023-12-01 02:00:00,Mumbai,19.076,72.8777
23.9,86,6.8,58,2023-12-01 03:00:00,Mumbai,19.076,72.8777
26.1,76,5.9,52,2023-12-01 04:00:00,Mumbai,19.076,72.8777
28.0,64,4.3,24,2023-12-01 05:00:00,Mumbai,19.076,72.8777
29.1,57,1.5,284,2023-12-01 06:00:00,Mumbai,19.076,72.8777
29.6,56,6.6,257,2023-12-01 07:00:00,Mumbai,19.076,72.8777
29.0,61,13.0,267,2023-12-01 08:00:00,Mumbai,19.076,72.8777
28.6,62,14.7,281,2023-12-01 09:00:00,Mumbai,19.076,72.8777
28.1,63,15.3,285,2023-12-01 10:00:00,Mumbai,19.076,72.8777
27.5,64,15.8,294,2023-12-01 11:00:00,Mumbai,19.076,72.8777
26.6,67,14.2,306,2023-12-01 12:00:00,Mumbai,19.076,72.8777
25.4,78,13.0,321,2023-12-01 13:00:00,Mumbai,19.076,72.8777
24.9,82,10.9,333,2023-12-01 14:00:00,Mumbai,19.076,72.8777
24.5,85,9.3,347,2023-12-01 15:00:00,Mumbai,19.076,72.8777
24.0,89,8.0,350,2023-12-01 16:00:00,Mumbai,19.076,72.8777
23.3,93,7.3,9,2023-12-01 17:00:00,Mumbai,19.076,72.8777
22.5,95,5.5,32,2023-12-01 18:00:00,Mumbai,19.076,72.8777
21.5,96,5.9,38,2023-12-01 19:00:00,Mumbai,19.076,72.8777
22.7,91,3.6,37,2023-12-01 20:00:00,Mumbai,19.076,72.8777
21.0,96,5.1,51,2023-12-01 21:00:00,Mumbai,19.076,72.8777
20.9,97,4.7,32,2023-12-01 22:00:00,Mumbai,19.076,72.8777
20.5,98,3.7,11,2023-12-01 23:00:00,Mumbai,19.076,72.8777
20.8,96,2.8,50,2023-12-02 00:00:00,Mumbai,19.076,72.8777
21.4,97,4.3,42,2023-12-02 01:00:00,Mumbai,19.076,72.8777
21.5,98,5.6,63,2023-12-02 02:00:00,Mumbai,19.076,72.8777
22.8,92,6.6,68,2023-12-02 03:00:00,Mumbai,19.076,72.8777
26.3,74,6.8,72,2023-12-02 04:00:00,Mumbai,19.076,72.8777
29.1,60,5.8,90,2023-12-02 05:00:00,Mumbai,19.076,72.8777
30.8,54,5.6,140,2023-12-02 06:00:00,Mumbai,19.076,72.8777
31.6,50,8.4,187,2023-12-02 07:00:00,Mumbai,19.076,72.8777
31.5,52,9.6,236,2023-12-02 08:00:00,Mumbai,19.076,72.8777
31.0,56,11.2,270,2023-12-02 09:00:00,Mumbai,19.076,72.8777
30.2,58,12.5,282,2023-12-02 10:00:00,Mumbai,19.076,72.8777
29.4,61,13.2,299,2023-12-02 11:00:00,Mumbai,19.076,72.8777
28.0,69,14.8,309,2023-12-02 12:00:00,Mumbai,19.076,72.8777
27.4,74,11.5,328,2023-12-02 13:00:00,Mumbai,19.076,72.8777
26.8,78,8.2,345,2023-12-02 14:00:00,Mumbai,19.076,72.8777
26.0,78,7.9,360,2023-12-02 15:00:00,Mumbai,19.076,72.8777
25.6,76,5.9,349,2023-12-02 16:00:00,Mumbai,19.076,72.8777
25.4,77,6.5,360,2023-12-02 17:00:00,Mumbai,19.076,72.8777
25.1,77,5.1,4,2023-12-02 18:00:00,Mumbai,19.076,72.8777
24.9,78,5.0,30,2023-12-02 19:00:00,Mumbai,19.076,72.8777
24.2,79,4.8,63,2023-12-02 20:00:00,Mumbai,19.076,72.8777
24.0,79,5.6,63,2023-12-02 21:00:00,Mumbai,19.076,72.8777
24.0,79,8.1,58,2023-12-02 22:00:00,Mumbai,19.076,72.8777
23.5,81,5.9,76,2023-12-02 23:00:00,Mumbai,19.076,72.8777
23.4,81,5.1,45,2023-12-03 00:00:00,Mumbai,19.076,72.8777
23.9,81,6.4,63,2023-12-03 01:00:00,Mumbai,19.076,72.8777
23.9,81,6.8,65,2023-12-03 02:00:00,Mumbai,19.076,72.8777
25.6,75,6.6,61,2023-12-03 03:00:00,Mumbai,19.076,72.8777
28.7,62,4.8,77,2023-12-03 04:00:00,Mumbai,19.076,72.8777
31.0,52,6.7,106,2023-12-03 05:00:00,Mumbai,19.076,72.8777
32.4,47,5.2,146,2023-12-03 06:00:00,Mumbai,19.076,72.8777
33.3,43,4.6,225,2023-12-03 07:00:00,Mumbai,19.076,72.8777
32.5,51,13.0,273,2023-12-03 08:00:00,Mumbai,19.076,72.8777
31.5,56,14.0,293,2023-12-03 09:00:00,Mumbai,19.076,72.8777
31.0,56,15.3,319,2023-12-03 10:00:00,Mumbai,19.076,72.8777
30.5,55,13.6,320,2023-12-03 11:00:00,Mumbai,19.076,72.8777
29.2,64,16.0,324,2023-12-03 12:00:00,Mumbai,19.076,72.8777
27.9,74,17.0,328,2023-12-03 13:00:00,Mumbai,19.076,72.8777
27.5,70,16.7,341,2023-12-03 14:00:00,Mumbai,19.076,72.8777
27.2,68,16.5,350,2023-12-03 15:00:00,Mumbai,19.076,72.8777
26.9,72,15.3,352,2023-12-03 16:00:00,Mumbai,19.076,72.8777
26.4,73,9.4,23,2023-12-03 17:00:00,Mumbai,19.076,72.8777
25.0,80,6.6,81,2023-12-03 18:00:00,Mumbai,19.076,72.8777
25.8,76,4.4,325,2023-12-03 19:00:00,Mumbai,19.076,72.8777
24.2,86,5.7,342,2023-12-03 20:00:00,Mumbai,19.076,72.8777
23.9,89,5.1,8,2023-12-03 21:00:00,Mumbai,19.076,72.8777
23.5,90,4.5,29,2023-12-03 22:00:00,Mumbai,19.076,72.8777
23.4,89,4.2,31,2023-12-03 23:00:00,Mumbai,19.076,72.8777
23.5,84,6.6,13,2023-12-04 00:00:00,Mumbai,19.076,72.8777
24.3,78,2.9,7,2023-12-04 01:00:00,Mumbai,19.076,72.8777
24.4,78,9.9,19,2023-12-04 02:00:00,Mumbai,19.076,72.8777
26.0,71,8.7,30,2023-12-04 03:00:00,Mumbai,19.076,72.8777
28.6,61,6.1,28,2023-12-04 04:00:00,Mumbai,19.076,72.8777
30.7,53,4.9,17,2023-12-04 05:00:00,Mumbai,19.076,72.8777
32.5,46,5.4,360,2023-12-04 06:00:00,Mumbai,19.076,72.8777
33.2,41,6.3,329,2023-12-04 07:00:00,Mumbai,19.076,72.8777
33.2,41,9.4,317,2023-12-04 08:00:00,Mumbai,19.076,72.8777
32.1,51,15.3,313,2023-12-04 09:00:00,Mumbai,19.076,72.8777
31.4,56,18.7,322,2023-12-04 10:00:00,Mumbai,19.076,72.8777
30.7,55,15.3,321,2023-12-04 11:00:00,Mumbai,19.076,72.8777
29.4,64,15.2,324,2023-12-04 12:00:00,Mumbai,19.076,72.8777
27.8,77,18.2,330,2023-12-04 13:00:00,Mumbai,19.076,72.8777
27.4,81,19.7,336,2023-12-04 14:00:00,Mumbai,19.076,72.8777
27.1,80,18.9,346,2023-12-04 15:00:00,Mumbai,19.076,72.8777
26.8,76,16.6,355,2023-12-04 16:00:00,Mumbai,19.076,72.8777
26.5,73,13.7,358,2023-12-04 17:00:00,Mumbai,19.076,72.8777
26.4,72,13.7,360,2023-12-04 18:00:00,Mumbai,19.076,72.8777
26.2,71,11.6,5,2023-12-04 19:00:00,Mumbai,19.076,72.8777
26.0,71,9.4,18,2023-12-04 20:00:00,Mumbai,19.076,72.8777
25.5,71,10.4,20,2023-12-04 21:00:00,Mumbai,19.076,72.8777
25.2,70,10.1,35,2023-12-04 22:00:00,Mumbai,19.076,72.8777
24.9,70,10.2,51,2023-12-04 23:00:00,Mumbai,19.076,72.8777
24.6,70,11.2,48,2023-12-05 00:00:00,Mumbai,19.076,72.8777
24.6,71,9.7,51,2023-12-05 01:00:00,Mumbai,19.076,72.8777
24.8,71,9.4,50,2023-12-05 02:00:00,Mumbai,19.076,72.8777
26.4,66,8.9,40,2023-12-05 03:00:00,Mumbai,19.076,72.8777
28.6,58,9.8,36,2023-12-05 04:00:00,Mumbai,19.076,72.8777
30.8,50,7.4,39,2023-12-05 05:00:00,Mumbai,19.076,72.8777
32.0,45,4.7,23,2023-12-05 06:00:00,Mumbai,19.076,72.8777
32.8,41,4.5,331,2023-12-05 07:00:00,Mumbai,19.076,72.8777
32.6,43,9.7,309,2023-12-05 08:00:00,Mumbai,19.076,72.8777
30.7,62,17.6,305,2023-12-05 09:00:00,Mumbai,19.076,72.8777
30.5,60,19.4,320,2023-12-05 10:00:00,Mumbai,19.076,72.8777
30.1,58,18.9,320,2023-12-05 11:00:00,Mumbai,19.076,72.8777
28.5,71,18.7,320,2023-12-05 12:00:00,Mumbai,19.076,72.8777
27.2,75,18.2,330,2023-12-05 13:00:00,Mumbai,19.076,72.8777
26.9,82,18.7,332,2023-12-05 14:00:00,Mumbai,19.076,72.8777
26.7,78,17.5,341,2023-12-05 15:00:00,Mumbai,19.076,72.8777
26.8,71,14.9,345,2023-12-05 16:00:00,Mumbai,19.076,72.8777
26.6,67,13.9,350,2023-12-05 17:00:00,Mumbai,19.076,72.8777
26.0,66,10.8,4,2023-12-05 18:00:00,Mumbai,19.076,72.8777
25.5,65,8.7,24,2023-12-05 19:00:00,Mumbai,19.076,72.8777
24.8,67,6.9,47,2023-12-05 20:00:00,Mumbai,19.076,72.8777
24.4,69,6.9,43,2023-12-05 21:00:00,Mumbai,19.076,72.8777
24.0,70,7.9,47,2023-12-05 22:00:00,Mumbai,19.076,72.8777
23.7,72,8.5,54,2023-12-05 23:00:00,Mumbai,19.076,72.8777
23.1,76,6.7,54,2023-12-06 00:00:00,Mumbai,19.076,72.8777
23.0,77,5.4,53,2023-12-06 01:00:00,Mumbai,19.076,72.8777
23.2,77,5.4,37,2023-12-06 02:00:00,Mumbai,19.076,72.8777
24.8,72,6.9,47,2023-12-06 03:00:00,Mumbai,19.076,72.8777
27.0,64,7.4,67,2023-12-06 04:00:00,Mumbai,19.076,72.8777
29.0,57,5.8,68,2023-12-06 05:00:00,Mumbai,19.076,72.8777
30.5,51,2.5,45,2023-12-06 06:00:00,Mumbai,19.076,72.8777
31.2,46,2.6,304,2023-12-06 07:00:00,Mumbai,19.076,72.8777
31.5,45,7.6,295,2023-12-06 08:00:00,Mumbai,19.076,72.8777
30.1,59,14.0,293,2023-12-06 09:00:00,Mumbai,19.076,72.8777
29.3,63,16.5,306,2023-12-06 10:00:00,Mumbai,19.076,72.8777
28.8,59,16.6,318,2023-12-06 11:00:00,Mumbai,19.076,72.8777
28.0,66,15.5,316,2023-12-06 12:00:00,Mumbai,19.076,72.8777
26.6,76,18.2,326,2023-12-06 13:00:00,Mumbai,19.076,72.8777
26.4,75,18.8,340,2023-12-06 14:00:00,Mumbai,19.076,72.8777
26.3,71,16.8,350,2023-12-06 15:00:00,Mumbai,19.076,72.8777
26.1,68,16.3,352,2023-12-06 16:00:00,Mumbai,19.076,72.8777
25.6,68,13.3,2,2023-12-06 17:00:00,Mumbai,19.076,72.8777
25.1,68,9.6,20,2023-12-06 18:00:00,Mumbai,19.076,72.8777
24.5,69,6.9,47,2023-12-06 19:00:00,Mumbai,19.076,72.8777
23.6,72,5.7,55,2023-12-06 20:00:00,Mumbai,19.076,72.8777
23.4,73,7.4,51,2023-12-06 21:00:00,Mumbai,19.076,72.8777
22.9,75,7.7,49,2023-12-06 22:00:00,Mumbai,19.076,72.8777
22.5,76,8.7,45,2023-12-06 23:00:00,Mumbai,19.076,72.8777
22.2,78,9.4,50,2023-12-07 00:00:00,Mumbai,19.076,72.8777
22.5,76,9.7,63,2023-12-07 01:00:00,Mumbai,19.076,72.8777
22.5,77,10.1,63,2023-12-07 02:00:00,Mumbai,19.076,72.8777
24.0,73,8.9,58,2023-12-07 03:00:00,Mumbai,19.076,72.8777
26.8,64,9.2,69,2023-12-07 04:00:00,Mumbai,19.076,72.8777
29.0,54,7.6,85,2023-12-07 05:00:00,Mumbai,19.076,72.8777
30.5,47,4.7,86,2023-12-07 06:00:00,Mumbai,19.076,72.8777
31.3,42,1.8,281,2023-12-07 07:00:00,Mumbai,19.076,72.8777
31.1,44,9.7,274,2023-12-07 08:00:00,Mumbai,19.076,72.8777
29.8,58,15.3,279,2023-12-07 09:00:00,Mumbai,19.076,72.8777
29.0,59,16.1,290,2023-12-07 10:00:00,Mumbai,19.076,72.8777
28.4,61,15.0,305,2023-12-07 11:00:00,Mumbai,19.076,72.8777
27.5,67,15.9,308,2023-12-07 12:00:00,Mumbai,19.076,72.8777
26.6,72,16.8,325,2023-12-07 13:00:00,Mumbai,19.076,72.8777
26.0,76,17.0,339,2023-12-07 14:00:00,Mumbai,19.076,72.8777
25.7,72,17.5,346,2023-12-07 15:00:00,Mumbai,19.076,72.8777
25.1,75,14.1,345,2023-12-07 16:00:00,Mumbai,19.076,72.8777
24.6,75,13.4,355,2023-12-07 17:00:00,Mumbai,19.076,72.8777
24.3,73,12.2,358,2023-12-07 18:00:00,Mumbai,19.076,72.8777
23.9,72,10.5,6,2023-12-07 19:00:00,Mumbai,19.076,72.8777
23.2,73,6.3,13,2023-12-07 20:00:00,Mumbai,19.076,72.8777
22.0,78,6.0,25,2023-12-07 21:00:00,Mumbai,19.076,72.8777
21.9,78,6.2,36,2023-12-07 22:00:00,Mumbai,19.076,72.8777
21.5,77,7.6,45,2023-12-07 23:00:00,Mumbai,19.076,72.8777
21.1,76,8.4,50,2023-12-08 00:00:00,Mumbai,19.076,72.8777
21.4,79,7.4,47,2023-12-08 01:00:00,Mumbai,19.076,72.8777
21.6,77,8.7,48,2023-12-08 02:00:00,Mumbai,19.076,72.8777
23.5,70,8.7,52,2023-12-08 03:00:00,Mumbai,19.076,72.8777
26.6,62,6.2,54,2023-12-08 04:00:00,Mumbai,19.076,72.8777
29.3,53,6.6,81,2023-12-08 05:00:00,Mumbai,19.076,72.8777
30.9,46,5.0,111,2023-12-08 06:00:00,Mumbai,19.076,72.8777
31.6,41,2.3,198,2023-12-08 07:00:00,Mumbai,19.076,72.8777
31.8,41,5.9,259,2023-12-08 08:00:00,Mumbai,19.076,72.8777
31.0,52,12.5,282,2023-12-08 09:00:00,Mumbai,19.076,72.8777
30.1,59,13.6,292,2023-12-08 10:00:00,Mumbai,19.076,72.8777
29.0,62,15.3,311,2023-12-08 11:00:00,Mumbai,19.076,72.8777
27.7,66,15.7,328,2023-12-08 12:00:00,Mumbai,19.076,72.8777
26.8,72,18.8,334,2023-12-08 13:00:00,Mumbai,19.076,72.8777
26.4,71,17.5,341,2023-12-08 14:00:00,Mumbai,19.076,72.8777
26.0,69,16.6,342,2023-12-08 15:00:00,Mumbai,19.076,72.8777
25.6,69,16.9,348,2023-12-08 16:00:00,Mumbai,19.076,72.8777
25.4,67,14.0,359,2023-12-08 17:00:00,Mumbai,19.076,72.8777
24.7,68,8.0,18,2023-12-08 18:00:00,Mumbai,19.076,72.8777
24.2,69,7.3,9,2023-12-08 19:00:00,Mumbai,19.076,72.8777
23.8,69,6.4,16,2023-12-08 20:00:00,Mumbai,19.076,72.8777
22.6,72,6.4,52,2023-12-08 21:00:00,Mumbai,19.076,72.8777
22.2,71,5.9,43,2023-12-08 22:00:00,Mumbai,19.076,72.8777
22.1,70,7.9,43,2023-12-08 23:00:00,Mumbai,19.076,72.8777
21.5,73,8.9,47,2023-12-09 00:00:00,Mumbai,19.076,72.8777
21.5,78,7.1,41,2023-12-09 01:00:00,Mumbai,19.076,72.8777
21.6,78,7.2,37,2023-12-09 02:00:00,Mumbai,19.076,72.8777
23.6,70,6.9,39,2023-12-09 03:00:00,Mumbai,19.076,72.8777
26.4,59,7.4,43,2023-12-09 04:00:00,Mumbai,19.076,72.8777
29.1,50,7.2,53,2023-12-09 05:00:00,Mumbai,19.076,72.8777
31.1,43,5.7,72,2023-12-09 06:00:00,Mumbai,19.076,72.8777
32.0,40,2.3,51,2023-12-09 07:00:00,Mumbai,19.076,72.8777
32.3,38,5.1,309,2023-12-09 08:00:00,Mumbai,19.076,72.8777
31.2,52,14.7,306,2023-12-09 09:00:00,Mumbai,19.076,72.8777
30.5,58,17.3,317,2023-12-09 10:00:00,Mumbai,19.076,72.8777
29.2,59,18.3,324,2023-12-09 11:00:00,Mumbai,19.076,72.8777
28.0,65,15.5,332,2023-12-09 12:00:00,Mumbai,19.076,72.8777
27.0,67,18.1,337,2023-12-09 13:00:00,Mumbai,19.076,72.8777
26.5,69,18.4,343,2023-12-09 14:00:00,Mumbai,19.076,72.8777
26.1,71,17.2,344,2023-12-09 15:00:00,Mumbai,19.076,72.8777
25.9,64,15.7,349,2023-12-09 16:00:00,Mumbai,19.076,72.8777
25.5,60,12.3,3,2023-12-09 17:00:00,Mumbai,19.076,72.8777
24.9,61,8.7,17,2023-12-09 18:00:00,Mumbai,19.076,72.8777
24.0,63,6.4,16,2023-12-09 19:00:00,Mumbai,19.076,72.8777
22.3,71,8.1,32,2023-12-09 20:00:00,Mumbai,19.076,72.8777
21.8,72,7.1,24,2023-12-09 21:00:00,Mumbai,19.076,72.8777
21.8,71,5.7,35,2023-12-09 22:00:00,Mumbai,19.076,72.8777
21.9,70,7.6,45,2023-12-09 23:00:00,Mumbai,19.076,72.8777
21.8,71,9.2,45,2023-12-10 00:00:00,Mumbai,19.076,72.8777
22.1,71,7.9,43,2023-12-10 01:00:00,Mumbai,19.076,72.8777
22.3,70,9.4,43,2023-12-10 02:00:00,Mumbai,19.076,72.8777
24.1,66,9.9,46,2023-12-10 03:00:00,Mumbai,19.076,72.8777
27.0,59,8.1,69,2023-12-10 04:00:00,Mumbai,19.076,72.8777
29.8,49,8.0,80,2023-12-10 05:00:00,Mumbai,19.076,72.8777
31.4,45,5.9,101,2023-12-10 06:00:00,Mumbai,19.076,72.8777
32.5,42,1.8,169,2023-12-10 07:00:00,Mumbai,19.076,72.8777
32.8,41,5.4,270,2023-12-10 08:00:00,Mumbai,19.076,72.8777
32.1,46,11.8,290,2023-12-10 09:00:00,Mumbai,19.076,72.8777
31.1,53,13.2,299,2023-12-10 10:00:00,Mumbai,19.076,72.8777
29.9,58,13.8,303,2023-12-10 11:00:00,Mumbai,19.076,72.8777
28.2,66,13.8,317,2023-12-10 12:00:00,Mumbai,19.076,72.8777
26.9,73,16.3,332,2023-12-10 13:00:00,Mumbai,19.076,72.8777
26.8,68,15.6,331,2023-12-10 14:00:00,Mumbai,19.076,72.8777
26.5,71,14.8,337,2023-12-10 15:00:00,Mumbai,19.076,72.8777
26.1,66,12.3,353,2023-12-10 16:00:00,Mumbai,19.076,72.8777
26.0,60,11.5,356,2023-12-10 17:00:00,Mumbai,19.076,72.8777
25.6,57,11.6,5,2023-12-10 18:00:00,Mumbai,19.076,72.8777
24.9,59,8.1,21,2023-12-10 19:00:00,Mumbai,19.076,72.8777
23.5,65,7.8,34,2023-12-10 20:00:00,Mumbai,19.076,72.8777
23.1,65,7.3,20,2023-12-10 21:00:00,Mumbai,19.076,72.8777
23.1,64,6.4,16,2023-12-10 22:00:00,Mumbai,19.076,72.8777
22.2,69,6.5,19,2023-12-10 23:00:00,Mumbai,19.076,72.8777
21.1,75,8.1,45,2023-12-11 00:00:00,Mumbai,19.076,72.8777
22.0,71,6.1,45,2023-12-11 01:00:00,Mumbai,19.076,72.8777
22.2,70,8.9,40,2023-12-11 02:00:00,Mumbai,19.076,72.8777
24.4,65,10.2,42,2023-12-11 03:00:00,Mumbai,19.076,72.8777
27.3,57,7.9,43,2023-12-11 04:00:00,Mumbai,19.076,72.8777
30.0,48,6.0,33,2023-12-11 05:00:00,Mumbai,19.076,72.8777
31.6,40,6.2,353,2023-12-11 06:00:00,Mumbai,19.076,72.8777
32.2,40,8.7,330,2023-12-11 07:00:00,Mumbai,19.076,72.8777
32.0,44,12.5,309,2023-12-11 08:00:00,Mumbai,19.076,72.8777
31.3,49,16.2,307,2023-12-11 09:00:00,Mumbai,19.076,72.8777
30.6,49,16.6,312,2023-12-11 10:00:00,Mumbai,19.076,72.8777
29.7,50,16.1,321,2023-12-11 11:00:00,Mumbai,19.076,72.8777
28.3,60,14.3,326,2023-12-11 12:00:00,Mumbai,19.076,72.8777
27.1,63,15.6,334,2023-12-11 13:00:00,Mumbai,19.076,72.8777
26.6,59,14.9,345,2023-12-11 14:00:00,Mumbai,19.076,72.8777
26.1,60,14.2,344,2023-12-11 15:00:00,Mumbai,19.076,72.8777
25.8,56,14.5,346,2023-12-11 16:00:00,Mumbai,19.076,72.8777
25.1,58,11.5,356,2023-12-11 17:00:00,Mumbai,19.076,72.8777
24.2,58,8.2,29,2023-12-11 18:00:00,Mumbai,19.076,72.8777
23.1,59,6.9,51,2023-12-11 19:00:00,Mumbai,19.076,72.8777
21.8,66,7.8,22,2023-12-11 20:00:00,Mumbai,19.076,72.8777
21.2,69,7.3,9,2023-12-11 21:00:00,Mumbai,19.076,72.8777
21.0,70,6.8,3,2023-12-11 22:00:00,Mumbai,19.076,72.8777
21.0,71,6.1,357,2023-12-11 23:00:00,Mumbai,19.076,72.8777
20.4,75,7.1,15,2023-12-12 00:00:00,Mumbai,19.076,72.8777
21.8,72,6.8,3,2023-12-12 01:00:00,Mumbai,19.076,72.8777
21.9,75,6.1,28,2023-12-12 02:00:00,Mumbai,19.076,72.8777
23.7,69,5.9,43,2023-12-12 03:00:00,Mumbai,19.076,72.8777
26.3,61,5.7,35,2023-12-12 04:00:00,Mumbai,19.076,72.8777
29.0,52,6.3,13,2023-12-12 05:00:00,Mumbai,19.076,72.8777
30.8,43,8.1,347,2023-12-12 06:00:00,Mumbai,19.076,72.8777
31.2,42,9.9,316,2023-12-12 07:00:00,Mumbai,19.076,72.8777
31.1,43,14.7,306,2023-12-12 08:00:00,Mumbai,19.076,72.8777
30.4,43,18.7,310,2023-12-12 09:00:00,Mumbai,19.076,72.8777
29.6,44,18.8,317,2023-12-12 10:00:00,Mumbai,19.076,72.8777
28.9,47,16.9,322,2023-12-12 11:00:00,Mumbai,19.076,72.8777
27.4,53,16.3,325,2023-12-12 12:00:00,Mumbai,19.076,72.8777
26.1,56,17.1,335,2023-12-12 13:00:00,Mumbai,19.076,72.8777
25.5,56,15.8,336,2023-12-12 14:00:00,Mumbai,19.076,72.8777
25.1,54,14.7,343,2023-12-12 15:00:00,Mumbai,19.076,72.8777
24.5,54,13.3,3,2023-12-12 16:00:00,Mumbai,19.076,72.8777
23.5,54,7.9,39,2023-12-12 17:00:00,Mumbai,19.076,72.8777
21.7,60,7.9,43,2023-12-12 18:00:00,Mumbai,19.076,72.8777
21.0,63,8.5,54,2023-12-12 19:00:00,Mumbai,19.076,72.8777
20.6,64,8.1,69,2023-12-12 20:00:00,Mumbai,19.076,72.8777
21.7,59,5.3,28,2023-12-12 21:00:00,Mumbai,19.076,72.8777
19.8,70,6.9,354,2023-12-12 22:00:00,Mumbai,19.076,72.8777
20.3,74,5.8,353,2023-12-12 23:00:00,Mumbai,19.076,72.8777
19.5,77,7.0,21,2023-12-13 00:00:00,Mumbai,19.076,72.8777
19.6,77,6.4,43,2023-12-13 01:00:00,Mumbai,19.076,72.8777
20.0,78,4.7,58,2023-12-13 02:00:00,Mumbai,19.076,72.8777
22.8,64,4.8,63,2023-12-13 03:00:00,Mumbai,19.076,72.8777
25.6,57,4.7,67,2023-12-13 04:00:00,Mumbai,19.076,72.8777
28.3,49,4.0,63,2023-12-13 05:00:00,Mumbai,19.076,72.8777
30.1,43,2.2,9,2023-12-13 06:00:00,Mumbai,19.076,72.8777
30.9,41,4.5,299,2023-12-13 07:00:00,Mumbai,19.076,72.8777
30.8,45,10.0,291,2023-12-13 08:00:00,Mumbai,19.076,72.8777
30.4,48,13.0,294,2023-12-13 09:00:00,Mumbai,19.076,72.8777
29.8,51,14.4,302,2023-12-13 10:00:00,Mumbai,19.076,72.8777
28.5,56,15.2,306,2023-12-13 11:00:00,Mumbai,19.076,72.8777
27.2,67,13.2,317,2023-12-13 12:00:00,Mumbai,19.076,72.8777
26.2,75,17.2,327,2023-12-13 13:00:00,Mumbai,19.076,72.8777
25.9,75,17.4,336,2023-12-13 14:00:00,Mumbai,19.076,72.8777
25.8,69,15.0,343,2023-12-13 15:00:00,Mumbai,19.076,72.8777
25.4,65,10.7,348,2023-12-13 16:00:00,Mumbai,19.076,72.8777
24.0,66,7.3,20,2023-12-13 17:00:00,Mumbai,19.076,72.8777
24.3,64,6.6,22,2023-12-13 18:00:00,Mumbai,19.076,72.8777
24.8,62,3.4,72,2023-12-13 19:00:00,Mumbai,19.076,72.8777
22.7,74,6.3,121,2023-12-13 20:00:00,Mumbai,19.076,72.8777
22.6,77,5.9,101,2023-12-13 21:00:00,Mumbai,19.076,72.8777
20.7,86,6.6,68,2023-12-13 22:00:00,Mumbai,19.076,72.8777
20.6,84,5.4,70,2023-12-13 23:00:00,Mumbai,19.076,72.8777
20.4,83,5.5,58,2023-12-14 00:00:00,Mumbai,19.076,72.8777
20.8,79,7.4,67,2023-12-14 01:00:00,Mumbai,19.076,72.8777
20.6,79,6.3,66,2023-12-14 02:00:00,Mumbai,19.076,72.8777
22.7,68,7.1,75,2023-12-14 03:00:00,Mumbai,19.076,72.8777
26.2,53,8.3,92,2023-12-14 04:00:00,Mumbai,19.076,72.8777
28.6,45,9.8,118,2023-12-14 05:00:00,Mumbai,19.076,72.8777
30.6,40,10.8,120,2023-12-14 06:00:00,Mumbai,19.076,72.8777
32.3,31,9.4,130,2023-12-14 07:00:00,Mumbai,19.076,72.8777
32.5,30,6.2,159,2023-12-14 08:00:00,Mumbai,19.076,72.8777
32.5,30,3.2,207,2023-12-14 09:00:00,Mumbai,19.076,72.8777
32.0,33,5.1,274,2023-12-14 10:00:00,Mumbai,19.076,72.8777
30.9,42,7.2,297,2023-12-14 11:00:00,Mumbai,19.076,72.8777
29.2,53,6.9,298,2023-12-14 12:00:00,Mumbai,19.076,72.8777
26.5,69,5.9,313,2023-12-14 13:00:00,Mumbai,19.076,72.8777
26.2,70,11.5,346,2023-12-14 14:00:00,Mumbai,19.076,72.8777
26.1,55,11.6,355,2023-12-14 15:00:00,Mumbai,19.076,72.8777
25.9,53,11.5,360,2023-12-14 16:00:00,Mumbai,19.076,72.8777
25.4,55,10.9,8,2023-12-14 17:00:00,Mumbai,19.076,72.8777
24.4,61,7.2,6,2023-12-14 18:00:00,Mumbai,19.076,72.8777
23.4,65,6.2,353,2023-12-14 19:00:00,Mumbai,19.076,72.8777
22.9,64,6.7,16,2023-12-14 20:00:00,Mumbai,19.076,72.8777
22.0,68,7.4,43,2023-12-14 21:00:00,Mumbai,19.076,72.8777
21.6,70,6.2,69,2023-12-14 22:00:00,Mumbai,19.076,72.8777
21.1,72,6.0,65,2023-12-14 23:00:00,Mumbai,19.076,72.8777
20.6,74,5.4,53,2023-12-15 00:00:00,Mumbai,19.076,72.8777
20.7,72,7.3,57,2023-12-15 01:00:00,Mumbai,19.076,72.8777
20.8,72,9.5,61,2023-12-15 02:00:00,Mumbai,19.076,72.8777
23.2,63,10.6,66,2023-12-15 03:00:00,Mumbai,19.076,72.8777
26.5,54,9.7,68,2023-12-15 04:00:00,Mumbai,19.076,72.8777
29.0,44,11.9,87,2023-12-15 05:00:00,Mumbai,19.076,72.8777
30.9,31,10.7,110,2023-12-15 06:00:00,Mumbai,19.076,72.8777
31.5,28,7.0,125,2023-12-15 07:00:00,Mumbai,19.076,72.8777
31.9,28,5.7,162,2023-12-15 08:00:00,Mumbai,19.076,72.8777
31.9,27,5.2,205,2023-12-15 09:00:00,Mumbai,19.076,72.8777
31.4,29,8.0,260,2023-12-15 10:00:00,Mumbai,19.076,72.8777
30.0,32,14.6,280,2023-12-15 11:00:00,Mumbai,19.076,72.8777
28.4,39,10.8,296,2023-12-15 12:00:00,Mumbai,19.076,72.8777
26.1,51,7.7,311,2023-12-15 13:00:00,Mumbai,19.076,72.8777
25.9,54,10.8,339,2023-12-15 14:00:00,Mumbai,19.076,72.8777
25.9,51,13.3,347,2023-12-15 15:00:00,Mumbai,19.076,72.8777
25.4,56,13.7,346,2023-12-15 16:00:00,Mumbai,19.076,72.8777
25.0,63,15.1,348,2023-12-15 17:00:00,Mumbai,19.076,72.8777
24.6,67,14.8,357,2023-12-15 18:00:00,Mumbai,19.076,72.8777
23.8,76,11.3,353,2023-12-15 19:00:00,Mumbai,19.076,72.8777
22.5,81,6.0,17,2023-12-15 20:00:00,Mumbai,19.076,72.8777
21.0,81,5.9,52,2023-12-15 21:00:00,Mumbai,19.076,72.8777
20.4,80,6.5,19,2023-12-15 22:00:00,Mumbai,19.076,72.8777
20.0,74,7.4,39,2023-12-15 23:00:00,Mumbai,19.076,72.8777
19.4,69,7.7,49,2023-12-16 00:00:00,Mumbai,19.076,72.8777
19.6,73,7.9,47,2023-12-16 01:00:00,Mumbai,19.076,72.8777
19.5,71,9.5,53,2023-12-16 02:00:00,Mumbai,19.076,72.8777
21.8,64,10.7,57,2023-12-16 03:00:00,Mumbai,19.076,72.8777
25.3,53,10.0,60,2023-12-16 04:00:00,Mumbai,19.076,72.8777
28.7,40,11.3,68,2023-12-16 05:00:00,Mumbai,19.076,72.8777
30.5,30,11.6,68,2023-12-16 06:00:00,Mumbai,19.076,72.8777
31.2,28,9.2,59,2023-12-16 07:00:00,Mumbai,19.076,72.8777
31.6,26,6.7,36,2023-12-16 08:00:00,Mumbai,19.076,72.8777
31.7,26,7.0,348,2023-12-16 09:00:00,Mumbai,19.076,72.8777
30.7,34,12.8,322,2023-12-16 10:00:00,Mumbai,19.076,72.8777
29.2,43,18.4,320,2023-12-16 11:00:00,Mumbai,19.076,72.8777
27.5,47,18.8,328,2023-12-16 12:00:00,Mumbai,19.076,72.8777
26.0,52,18.3,340,2023-12-16 13:00:00,Mumbai,19.076,72.8777
25.5,55,15.9,347,2023-12-16 14:00:00,Mumbai,19.076,72.8777
25.1,59,14.0,337,2023-12-16 15:00:00,Mumbai,19.076,72.8777
24.5,63,14.9,340,2023-12-16 16:00:00,Mumbai,19.076,72.8777
24.0,60,10.5,4,2023-12-16 17:00:00,Mumbai,19.076,72.8777
22.9,60,7.4,14,2023-12-16 18:00:00,Mumbai,19.076,72.8777
22.2,61,7.5,17,2023-12-16 19:00:00,Mumbai,19.076,72.8777
21.6,61,7.2,27,2023-12-16 20:00:00,Mumbai,19.076,72.8777
21.2,61,7.8,34,2023-12-16 21:00:00,Mumbai,19.076,72.8777
21.1,60,9.2,31,2023-12-16 22:00:00,Mumbai,19.076,72.8777
20.9,60,10.6,35,2023-12-16 23:00:00,Mumbai,19.076,72.8777
20.7,60,12.0,46,2023-12-17 00:00:00,Mumbai,19.076,72.8777
21.4,60,12.3,52,2023-12-17 01:00:00,Mumbai,19.076,72.8777
21.5,60,12.8,52,2023-12-17 02:00:00,Mumbai,19.076,72.8777
23.0,57,12.3,52,2023-12-17 03:00:00,Mumbai,19.076,72.8777
25.9,51,11.4,55,2023-12-17 04:00:00,Mumbai,19.076,72.8777
28.7,45,12.4,54,2023-12-17 05:00:00,Mumbai,19.076,72.8777
30.5,43,12.1,60,2023-12-17 06:00:00,Mumbai,19.076,72.8777
31.8,38,10.0,64,2023-12-17 07:00:00,Mumbai,19.076,72.8777
32.1,36,6.9,28,2023-12-17 08:00:00,Mumbai,19.076,72.8777
32.0,35,8.8,348,2023-12-17 09:00:00,Mumbai,19.076,72.8777
30.5,51,16.0,329,2023-12-17 10:00:00,Mumbai,19.076,72.8777
29.5,57,17.6,332,2023-12-17 11:00:00,Mumbai,19.076,72.8777
28.0,66,17.7,331,2023-12-17 12:00:00,Mumbai,19.076,72.8777
27.0,74,12.3,328,2023-12-17 13:00:00,Mumbai,19.076,72.8777
26.3,75,10.2,337,2023-12-17 14:00:00,Mumbai,19.076,72.8777
25.8,69,8.8,351,2023-12-17 15:00:00,Mumbai,19.076,72.8777
25.2,64,8.0,355,2023-12-17 16:00:00,Mumbai,19.076,72.8777
24.6,58,8.6,22,2023-12-17 17:00:00,Mumbai,19.076,72.8777
24.7,50,12.3,40,2023-12-17 18:00:00,Mumbai,19.076,72.8777
24.3,54,12.2,56,2023-12-17 19:00:00,Mumbai,19.076,72.8777
23.8,57,10.5,59,2023-12-17 20:00:00,Mumbai,19.076,72.8777
23.4,59,13.3,52,2023-12-17 21:00:00,Mumbai,19.076,72.8777
23.2,58,14.5,55,2023-12-17 22:00:00,Mumbai,19.076,72.8777
22.9,59,14.1,52,2023-12-17 23:00:00,Mumbai,19.076,72.8777
22.8,59,14.4,53,2023-12-18 00:00:00,Mumbai,19.076,72.8777
22.8,61,14.7,54,2023-12-18 01:00:00,Mumbai,19.076,72.8777
23.0,59,16.1,56,2023-12-18 02:00:00,Mumbai,19.076,72.8777
24.4,56,15.5,59,2023-12-18 03:00:00,Mumbai,19.076,72.8777
26.4,50,15.0,63,2023-12-18 04:00:00,Mumbai,19.076,72.8777
28.6,44,16.5,67,2023-12-18 05:00:00,Mumbai,19.076,72.8777
30.5,41,16.7,84,2023-12-18 06:00:00,Mumbai,19.076,72.8777
31.9,38,16.2,90,2023-12-18 07:00:00,Mumbai,19.076,72.8777
32.7,35,14.4,91,2023-12-18 08:00:00,Mumbai,19.076,72.8777
32.9,35,10.8,86,2023-12-18 09:00:00,Mumbai,19.076,72.8777
32.5,35,7.8,77,2023-12-18 10:00:00,Mumbai,19.076,72.8777
31.1,40,4.8,333,2023-12-18 11:00:00,Mumbai,19.076,72.8777
29.2,58,6.3,301,2023-12-18 12:00:00,Mumbai,19.076,72.8777
28.0,61,2.1,301,2023-12-18 13:00:00,Mumbai,19.076,72.8777
27.2,64,4.7,23,2023-12-18 14:00:00,Mumbai,19.076,72.8777
27.4,53,6.2,21,2023-12-18 15:00:00,Mumbai,19.076,72.8777
27.4,47,13.8,41,2023-12-18 16:00:00,Mumbai,19.076,72.8777
26.6,48,15.7,53,2023-12-18 17:00:00,Mumbai,19.076,72.8777
26.0,49,12.6,63,2023-12-18 18:00:00,Mumbai,19.076,72.8777
25.7,50,12.8,58,2023-12-18 19:00:00,Mumbai,19.076,72.8777
25.2,51,14.3,56,2023-12-18 20:00:00,Mumbai,19.076,72.8777
24.5,53,14.3,56,2023-12-18 21:00:00,Mumbai,19.076,72.8777
24.1,54,14.5,60,2023-12-18 22:00:00,Mumbai,19.076,72.8777
24.1,54,13.9,65,2023-12-18 23:00:00,Mumbai,19.076,72.8777
24.0,55,12.8,58,2023-12-19 00:00:00,Mumbai,19.076,72.8777
23.6,57,12.6,59,2023-12-19 01:00:00,Mumbai,19.076,72.8777
23.6,57,12.7,65,2023-12-19 02:00:00,Mumbai,19.076,72.8777
24.5,56,12.9,67,2023-12-19 03:00:00,Mumbai,19.076,72.8777
26.5,50,13.1,69,2023-12-19 04:00:00,Mumbai,19.076,72.8777
28.5,44,15.2,76,2023-12-19 05:00:00,Mumbai,19.076,72.8777
30.5,40,14.8,86,2023-12-19 06:00:00,Mumbai,19.076,72.8777
32.0,35,13.3,90,2023-12-19 07:00:00,Mumbai,19.076,72.8777
32.6,34,9.2,64,2023-12-19 08:00:00,Mumbai,19.076,72.8777
32.5,34,7.3,20,2023-12-19 09:00:00,Mumbai,19.076,72.8777
32.0,35,8.8,341,2023-12-19 10:00:00,Mumbai,19.076,72.8777
29.6,55,15.7,323,2023-12-19 11:00:00,Mumbai,19.076,72.8777
28.0,64,15.8,319,2023-12-19 12:00:00,Mumbai,19.076,72.8777
27.0,71,9.4,320,2023-12-19 13:00:00,Mumbai,19.076,72.8777
26.5,75,8.0,333,2023-12-19 14:00:00,Mumbai,19.076,72.8777
25.9,68,6.8,3,2023-12-19 15:00:00,Mumbai,19.076,72.8777
25.6,50,7.4,39,2023-12-19 16:00:00,Mumbai,19.076,72.8777
25.1,49,9.4,50,2023-12-19 17:00:00,Mumbai,19.076,72.8777
24.4,50,8.4,59,2023-12-19 18:00:00,Mumbai,19.076,72.8777
23.4,53,6.5,71,2023-12-19 19:00:00,Mumbai,19.076,72.8777
22.7,54,6.9,62,2023-12-19 20:00:00,Mumbai,19.076,72.8777
22.0,56,8.0,54,2023-12-19 21:00:00,Mumbai,19.076,72.8777
21.5,57,8.6,57,2023-12-19 22:00:00,Mumbai,19.076,72.8777
21.2,58,8.9,58,2023-12-19 23:00:00,Mumbai,19.076,72.8777
21.0,57,9.2,64,2023-12-20 00:00:00,Mumbai,19.076,72.8777
21.5,54,8.1,58,2023-12-20 01:00:00,Mumbai,19.076,72.8777
21.4,53,8.9,63,2023-12-20 02:00:00,Mumbai,19.076,72.8777
22.7,51,10.2,67,2023-12-20 03:00:00,Mumbai,19.076,72.8777
25.0,46,8.9,69,2023-12-20 04:00:00,Mumbai,19.076,72.8777
27.6,37,11.8,78,2023-12-20 05:00:00,Mumbai,19.076,72.8777
29.8,34,12.3,83,2023-12-20 06:00:00,Mumbai,19.076,72.8777
31.3,31,10.1,92,2023-12-20 07:00:00,Mumbai,19.076,72.8777
32.3,29,7.8,103,2023-12-20 08:00:00,Mumbai,19.076,72.8777
32.6,29,2.3,72,2023-12-20 09:00:00,Mumbai,19.076,72.8777
31.4,37,10.2,312,2023-12-20 10:00:00,Mumbai,19.076,72.8777
29.0,51,17.1,321,2023-12-20 11:00:00,Mumbai,19.076,72.8777
27.2,55,16.4,331,2023-12-20 12:00:00,Mumbai,19.076,72.8777
26.2,53,14.2,344,2023-12-20 13:00:00,Mumbai,19.076,72.8777
26.0,55,14.6,340,2023-12-20 14:00:00,Mumbai,19.076,72.8777
25.7,52,14.8,346,2023-12-20 15:00:00,Mumbai,19.076,72.8777
25.6,48,12.3,353,2023-12-20 16:00:00,Mumbai,19.076,72.8777
25.2,51,8.5,348,2023-12-20 17:00:00,Mumbai,19.076,72.8777
24.4,61,7.0,348,2023-12-20 18:00:00,Mumbai,19.076,72.8777
23.9,62,6.4,43,2023-12-20 19:00:00,Mumbai,19.076,72.8777
23.5,57,5.2,102,2023-12-20 20:00:00,Mumbai,19.076,72.8777
22.2,63,6.0,57,2023-12-20 21:00:00,Mumbai,19.076,72.8777
22.5,59,8.6,57,2023-12-20 22:00:00,Mumbai,19.076,72.8777
22.1,60,6.4,52,2023-12-20 23:00:00,Mumbai,19.076,72.8777
21.5,61,8.8,55,2023-12-21 00:00:00,Mumbai,19.076,72.8777
21.9,62,11.2,57,2023-12-21 01:00:00,Mumbai,19.076,72.8777
22.2,58,12.9,60,2023-12-21 02:00:00,Mumbai,19.076,72.8777
23.6,55,11.6,60,2023-12-21 03:00:00,Mumbai,19.076,72.8777
26.5,49,9.4,92,2023-12-21 04:00:00,Mumbai,19.076,72.8777
29.4,43,10.9,117,2023-12-21 05:00:00,Mumbai,19.076,72.8777
31.6,37,11.6,116,2023-12-21 06:00:00,Mumbai,19.076,72.8777
33.0,31,6.4,133,2023-12-21 07:00:00,Mumbai,19.076,72.8777
33.0,32,8.3,275,2023-12-21 08:00:00,Mumbai,19.076,72.8777
31.0,45,15.9,303,2023-12-21 09:00:00,Mumbai,19.076,72.8777
30.2,48,16.1,304,2023-12-21 10:00:00,Mumbai,19.076,72.8777
28.6,54,14.0,314,2023-12-21 11:00:00,Mumbai,19.076,72.8777
28.0,53,13.3,319,2023-12-21 12:00:00,Mumbai,19.076,72.8777
26.5,58,12.7,335,2023-12-21 13:00:00,Mumbai,19.076,72.8777
26.3,56,13.1,339,2023-12-21 14:00:00,Mumbai,19.076,72.8777
26.0,58,10.8,339,2023-12-21 15:00:00,Mumbai,19.076,72.8777
25.5,58,8.0,352,2023-12-21 16:00:00,Mumbai,19.076,72.8777
25.0,55,6.8,357,2023-12-21 17:00:00,Mumbai,19.076,72.8777
24.5,56,5.4,20,2023-12-21 18:00:00,Mumbai,19.076,72.8777
23.7,60,5.1,8,2023-12-21 19:00:00,Mumbai,19.076,72.8777
23.3,61,3.6,354,2023-12-21 20:00:00,Mumbai,19.076,72.8777
22.0,67,5.9,43,2023-12-21 21:00:00,Mumbai,19.076,72.8777
21.5,68,6.4,43,2023-12-21 22:00:00,Mumbai,19.076,72.8777
21.0,69,5.4,53,2023-12-21 23:00:00,Mumbai,19.076,72.8777
20.7,71,4.7,67,2023-12-22 00:00:00,Mumbai,19.076,72.8777
21.6,80,7.2,87,2023-12-22 01:00:00,Mumbai,19.076,72.8777
22.8,75,3.9,68,2023-12-22 02:00:00,Mumbai,19.076,72.8777
24.5,67,7.9,106,2023-12-22 03:00:00,Mumbai,19.076,72.8777
26.4,61,7.1,105,2023-12-22 04:00:00,Mumbai,19.076,72.8777
28.0,55,4.5,76,2023-12-22 05:00:00,Mumbai,19.076,72.8777
30.4,48,3.1,135,2023-12-22 06:00:00,Mumbai,19.076,72.8777
31.5,44,5.6,310,2023-12-22 07:00:00,Mumbai,19.076,72.8777
30.3,53,11.5,302,2023-12-22 08:00:00,Mumbai,19.076,72.8777
30.8,52,12.4,306,2023-12-22 09:00:00,Mumbai,19.076,72.8777
30.5,48,12.3,310,2023-12-22 10:00:00,Mumbai,19.076,72.8777
29.5,51,12.5,319,2023-12-22 11:00:00,Mumbai,19.076,72.8777
28.1,63,10.6,325,2023-12-22 12:00:00,Mumbai,19.076,72.8777
25.9,65,6.2,350,2023-12-22 13:00:00,Mumbai,19.076,72.8777
25.0,64,6.8,342,2023-12-22 14:00:00,Mumbai,19.076,72.8777
24.9,62,6.7,324,2023-12-22 15:00:00,Mumbai,19.076,72.8777
25.0,74,12.0,319,2023-12-22 16:00:00,Mumbai,19.076,72.8777
24.6,76,11.3,338,2023-12-22 17:00:00,Mumbai,19.076,72.8777
24.4,69,9.7,356,2023-12-22 18:00:00,Mumbai,19.076,72.8777
23.5,71,7.3,11,2023-12-22 19:00:00,Mumbai,19.076,72.8777
22.7,74,6.9,9,2023-12-22 20:00:00,Mumbai,19.076,72.8777
21.8,77,6.3,31,2023-12-22 21:00:00,Mumbai,19.076,72.8777
21.0,76,5.8,60,2023-12-22 22:00:00,Mumbai,19.076,72.8777
20.5,73,5.6,63,2023-12-22 23:00:00,Mumbai,19.076,72.8777
20.5,70,6.7,54,2023-12-23 00:00:00,Mumbai,19.076,72.8777
20.9,81,4.3,42,2023-12-23 01:00:00,Mumbai,19.076,72.8777
20.6,80,5.9,43,2023-12-23 02:00:00,Mumbai,19.076,72.8777
22.6,70,7.4,43,2023-12-23 03:00:00,Mumbai,19.076,72.8777
26.4,58,7.4,47,2023-12-23 04:00:00,Mumbai,19.076,72.8777
29.8,47,6.9,51,2023-12-23 05:00:00,Mumbai,19.076,72.8777
32.2,36,5.7,55,2023-12-23 06:00:00,Mumbai,19.076,72.8777
33.1,31,4.0,355,2023-12-23 07:00:00,Mumbai,19.076,72.8777
33.0,34,6.9,298,2023-12-23 08:00:00,Mumbai,19.076,72.8777
31.9,46,11.6,292,2023-12-23 09:00:00,Mumbai,19.076,72.8777
30.9,50,14.4,302,2023-12-23 10:00:00,Mumbai,19.076,72.8777
29.5,51,16.6,318,2023-12-23 11:00:00,Mumbai,19.076,72.8777
28.0,63,14.7,324,2023-12-23 12:00:00,Mumbai,19.076,72.8777
26.7,63,17.7,333,2023-12-23 13:00:00,Mumbai,19.076,72.8777
26.4,64,18.2,335,2023-12-23 14:00:00,Mumbai,19.076,72.8777
26.0,64,18.4,343,2023-12-23 15:00:00,Mumbai,19.076,72.8777
25.8,58,16.2,348,2023-12-23 16:00:00,Mumbai,19.076,72.8777
25.3,57,8.6,2,2023-12-23 17:00:00,Mumbai,19.076,72.8777
23.5,63,8.9,40,2023-12-23 18:00:00,Mumbai,19.076,72.8777
23.4,61,7.2,3,2023-12-23 19:00:00,Mumbai,19.076,72.8777
22.6,64,7.1,75,2023-12-23 20:00:00,Mumbai,19.076,72.8777
21.6,68,7.6,65,2023-12-23 21:00:00,Mumbai,19.076,72.8777
20.5,72,6.8,58,2023-12-23 22:00:00,Mumbai,19.076,72.8777
20.0,73,6.9,62,2023-12-23 23:00:00,Mumbai,19.076,72.8777
19.8,74,6.4,63,2023-12-24 00:00:00,Mumbai,19.076,72.8777
19.9,70,5.9,79,2023-12-24 01:00:00,Mumbai,19.076,72.8777
19.8,67,5.9,47,2023-12-24 02:00:00,Mumbai,19.076,72.8777
21.9,55,7.2,37,2023-12-24 03:00:00,Mumbai,19.076,72.8777
25.4,45,5.7,35,2023-12-24 04:00:00,Mumbai,19.076,72.8777
28.8,36,4.8,48,2023-12-24 05:00:00,Mumbai,19.076,72.8777
31.3,30,3.6,53,2023-12-24 06:00:00,Mumbai,19.076,72.8777
32.6,28,1.5,315,2023-12-24 07:00:00,Mumbai,19.076,72.8777
32.8,30,5.9,284,2023-12-24 08:00:00,Mumbai,19.076,72.8777
32.0,37,9.9,280,2023-12-24 09:00:00,Mumbai,19.076,72.8777
31.0,39,12.1,287,2023-12-24 10:00:00,Mumbai,19.076,72.8777
29.5,41,13.1,302,2023-12-24 11:00:00,Mumbai,19.076,72.8777
28.1,44,11.0,319,2023-12-24 12:00:00,Mumbai,19.076,72.8777
26.4,55,13.6,328,2023-12-24 13:00:00,Mumbai,19.076,72.8777
25.7,66,15.1,332,2023-12-24 14:00:00,Mumbai,19.076,72.8777
25.6,63,14.2,336,2023-12-24 15:00:00,Mumbai,19.076,72.8777
25.0,62,8.4,353,2023-12-24 16:00:00,Mumbai,19.076,72.8777
22.6,68,7.5,73,2023-12-24 17:00:00,Mumbai,19.076,72.8777
22.3,68,7.6,93,2023-12-24 18:00:00,Mumbai,19.076,72.8777
20.9,72,9.9,80,2023-12-24 19:00:00,Mumbai,19.076,72.8777
20.6,71,6.4,52,2023-12-24 20:00:00,Mumbai,19.076,72.8777
20.0,68,6.1,45,2023-12-24 21:00:00,Mumbai,19.076,72.8777
19.6,66,5.9,52,2023-12-24 22:00:00,Mumbai,19.076,72.8777
19.5,65,6.6,49,2023-12-24 23:00:00,Mumbai,19.076,72.8777
18.9,66,6.1,62,2023-12-25 00:00:00,Mumbai,19.076,72.8777
19.5,62,6.6,68,2023-12-25 01:00:00,Mumbai,19.076,72.8777
19.5,62,7.3,70,2023-12-25 02:00:00,Mumbai,19.076,72.8777
21.8,57,8.9,76,2023-12-25 03:00:00,Mumbai,19.076,72.8777
25.5,50,8.4,80,2023-12-25 04:00:00,Mumbai,19.076,72.8777
29.1,40,6.9,99,2023-12-25 05:00:00,Mumbai,19.076,72.8777
31.3,35,5.4,110,2023-12-25 06:00:00,Mumbai,19.076,72.8777
32.5,33,0.0,270,2023-12-25 07:00:00,Mumbai,19.076,72.8777
32.8,33,6.6,292,2023-12-25 08:00:00,Mumbai,19.076,72.8777
31.6,41,13.2,296,2023-12-25 09:00:00,Mumbai,19.076,72.8777
30.5,43,15.4,307,2023-12-25 10:00:00,Mumbai,19.076,72.8777
29.2,45,15.8,317,2023-12-25 11:00:00,Mumbai,19.076,72.8777
27.6,56,15.1,327,2023-12-25 12:00:00,Mumbai,19.076,72.8777
26.1,62,15.8,330,2023-12-25 13:00:00,Mumbai,19.076,72.8777
25.5,59,16.0,337,2023-12-25 14:00:00,Mumbai,19.076,72.8777
25.5,56,15.8,343,2023-12-25 15:00:00,Mumbai,19.076,72.8777
25.2,49,13.5,351,2023-12-25 16:00:00,Mumbai,19.076,72.8777
24.2,47,7.4,14,2023-12-25 17:00:00,Mumbai,19.076,72.8777
22.7,54,8.1,32,2023-12-25 18:00:00,Mumbai,19.076,72.8777
22.9,53,5.4,360,2023-12-25 19:00:00,Mumbai,19.076,72.8777
21.4,60,5.8,360,2023-12-25 20:00:00,Mumbai,19.076,72.8777
20.0,67,7.6,5,2023-12-25 21:00:00,Mumbai,19.076,72.8777
19.8,69,7.6,19,2023-12-25 22:00:00,Mumbai,19.076,72.8777
19.0,73,8.8,55,2023-12-25 23:00:00,Mumbai,19.076,72.8777
18.9,72,6.3,66,2023-12-26 00:00:00,Mumbai,19.076,72.8777
19.9,68,4.3,66,2023-12-26 01:00:00,Mumbai,19.076,72.8777
19.9,69,6.7,74,2023-12-26 02:00:00,Mumbai,19.076,72.8777
22.2,62,8.3,85,2023-12-26 03:00:00,Mumbai,19.076,72.8777
26.1,52,7.6,98,2023-12-26 04:00:00,Mumbai,19.076,72.8777
29.6,42,6.8,115,2023-12-26 05:00:00,Mumbai,19.076,72.8777
32.0,35,5.4,138,2023-12-26 06:00:00,Mumbai,19.076,72.8777
33.0,31,4.1,218,2023-12-26 07:00:00,Mumbai,19.076,72.8777
33.1,31,8.0,262,2023-12-26 08:00:00,Mumbai,19.076,72.8777
32.5,35,10.9,276,2023-12-26 09:00:00,Mumbai,19.076,72.8777
31.7,37,12.3,285,2023-12-26 10:00:00,Mumbai,19.076,72.8777
30.4,41,11.8,297,2023-12-26 11:00:00,Mumbai,19.076,72.8777
28.5,55,11.2,312,2023-12-26 12:00:00,Mumbai,19.076,72.8777
26.4,66,11.6,334,2023-12-26 13:00:00,Mumbai,19.076,72.8777
26.0,63,13.0,332,2023-12-26 14:00:00,Mumbai,19.076,72.8777
25.6,62,13.6,338,2023-12-26 15:00:00,Mumbai,19.076,72.8777
25.0,59,13.4,354,2023-12-26 16:00:00,Mumbai,19.076,72.8777
23.8,59,8.2,49,2023-12-26 17:00:00,Mumbai,19.076,72.8777
22.3,63,6.6,41,2023-12-26 18:00:00,Mumbai,19.076,72.8777
21.4,65,8.7,30,2023-12-26 19:00:00,Mumbai,19.076,72.8777
20.9,67,9.7,15,2023-12-26 20:00:00,Mumbai,19.076,72.8777
20.8,66,10.1,2,2023-12-26 21:00:00,Mumbai,19.076,72.8777
21.3,63,7.9,39,2023-12-26 22:00:00,Mumbai,19.076,72.8777
20.5,67,7.5,55,2023-12-26 23:00:00,Mumbai,19.076,72.8777
19.8,69,7.5,35,2023-12-27 00:00:00,Mumbai,19.076,72.8777
20.4,69,5.9,47,2023-12-27 01:00:00,Mumbai,19.076,72.8777
20.6,68,6.2,36,2023-12-27 02:00:00,Mumbai,19.076,72.8777
23.0,59,8.5,54,2023-12-27 03:00:00,Mumbai,19.076,72.8777
26.1,52,7.1,49,2023-12-27 04:00:00,Mumbai,19.076,72.8777
29.6,42,6.4,52,2023-12-27 05:00:00,Mumbai,19.076,72.8777
32.2,33,5.5,58,2023-12-27 06:00:00,Mumbai,19.076,72.8777
33.5,30,2.5,45,2023-12-27 07:00:00,Mumbai,19.076,72.8777
33.8,29,4.6,309,2023-12-27 08:00:00,Mumbai,19.076,72.8777
32.8,40,12.8,302,2023-12-27 09:00:00,Mumbai,19.076,72.8777
31.8,46,14.6,310,2023-12-27 10:00:00,Mumbai,19.076,72.8777
30.5,48,14.8,315,2023-12-27 11:00:00,Mumbai,19.076,72.8777
28.5,54,14.2,330,2023-12-27 12:00:00,Mumbai,19.076,72.8777
27.5,57,16.6,330,2023-12-27 13:00:00,Mumbai,19.076,72.8777
26.5,67,16.1,333,2023-12-27 14:00:00,Mumbai,19.076,72.8777
26.0,65,16.5,337,2023-12-27 15:00:00,Mumbai,19.076,72.8777
25.9,56,16.9,349,2023-12-27 16:00:00,Mumbai,19.076,72.8777
25.8,54,16.6,359,2023-12-27 17:00:00,Mumbai,19.076,72.8777
25.2,57,15.5,4,2023-12-27 18:00:00,Mumbai,19.076,72.8777
24.9,58,13.4,6,2023-12-27 19:00:00,Mumbai,19.076,72.8777
24.2,59,9.1,18,2023-12-27 20:00:00,Mumbai,19.076,72.8777
22.4,64,7.5,35,2023-12-27 21:00:00,Mumbai,19.076,72.8777
21.2,68,9.4,58,2023-12-27 22:00:00,Mumbai,19.076,72.8777
20.9,67,8.0,54,2023-12-27 23:00:00,Mumbai,19.076,72.8777
20.1,69,7.7,41,2023-12-28 00:00:00,Mumbai,19.076,72.8777
20.1,78,5.1,39,2023-12-28 01:00:00,Mumbai,19.076,72.8777
20.0,77,4.8,48,2023-12-28 02:00:00,Mumbai,19.076,72.8777
22.4,66,6.6,61,2023-12-28 03:00:00,Mumbai,19.076,72.8777
26.1,55,6.2,54,2023-12-28 04:00:00,Mumbai,19.076,72.8777
29.1,48,5.7,72,2023-12-28 05:00:00,Mumbai,19.076,72.8777
31.0,44,3.2,90,2023-12-28 06:00:00,Mumbai,19.076,72.8777
32.0,41,3.0,284,2023-12-28 07:00:00,Mumbai,19.076,72.8777
32.3,42,7.1,285,2023-12-28 08:00:00,Mumbai,19.076,72.8777
32.0,45,11.4,283,2023-12-28 09:00:00,Mumbai,19.076,72.8777
31.0,48,14.8,288,2023-12-28 10:00:00,Mumbai,19.076,72.8777
29.5,53,15.2,301,2023-12-28 11:00:00,Mumbai,19.076,72.8777
28.0,62,14.6,322,2023-12-28 12:00:00,Mumbai,19.076,72.8777
26.7,64,14.7,332,2023-12-28 13:00:00,Mumbai,19.076,72.8777
26.0,69,14.0,334,2023-12-28 14:00:00,Mumbai,19.076,72.8777
25.5,71,14.4,338,2023-12-28 15:00:00,Mumbai,19.076,72.8777
25.0,73,15.7,349,2023-12-28 16:00:00,Mumbai,19.076,72.8777
24.4,66,9.7,15,2023-12-28 17:00:00,Mumbai,19.076,72.8777
22.5,70,8.2,49,2023-12-28 18:00:00,Mumbai,19.076,72.8777
23.7,63,5.6,75,2023-12-28 19:00:00,Mumbai,19.076,72.8777
23.7,62,5.7,55,2023-12-28 20:00:00,Mumbai,19.076,72.8777
21.5,72,6.6,13,2023-12-28 21:00:00,Mumbai,19.076,72.8777
20.5,76,8.3,2,2023-12-28 22:00:00,Mumbai,19.076,72.8777
20.8,74,7.3,11,2023-12-28 23:00:00,Mumbai,19.076,72.8777
20.5,75,6.1,40,2023-12-29 00:00:00,Mumbai,19.076,72.8777
20.3,82,5.2,56,2023-12-29 01:00:00,Mumbai,19.076,72.8777
20.4,82,4.9,54,2023-12-29 02:00:00,Mumbai,19.076,72.8777
22.5,74,6.5,56,2023-12-29 03:00:00,Mumbai,19.076,72.8777
25.9,62,5.5,58,2023-12-29 04:00:00,Mumbai,19.076,72.8777
29.4,48,4.5,76,2023-12-29 05:00:00,Mumbai,19.076,72.8777
31.6,38,4.3,114,2023-12-29 06:00:00,Mumbai,19.076,72.8777
32.7,34,2.9,187,2023-12-29 07:00:00,Mumbai,19.076,72.8777
33.1,33,5.6,243,2023-12-29 08:00:00,Mumbai,19.076,72.8777
32.5,40,11.4,259,2023-12-29 09:00:00,Mumbai,19.076,72.8777
31.5,45,13.3,272,2023-12-29 10:00:00,Mumbai,19.076,72.8777
30.1,51,13.6,287,2023-12-29 11:00:00,Mumbai,19.076,72.8777
28.5,61,11.9,305,2023-12-29 12:00:00,Mumbai,19.076,72.8777
26.2,76,11.5,316,2023-12-29 13:00:00,Mumbai,19.076,72.8777
25.6,76,12.7,331,2023-12-29 14:00:00,Mumbai,19.076,72.8777
25.2,77,13.0,332,2023-12-29 15:00:00,Mumbai,19.076,72.8777
24.7,78,9.4,358,2023-12-29 16:00:00,Mumbai,19.076,72.8777
23.4,77,7.7,53,2023-12-29 17:00:00,Mumbai,19.076,72.8777
22.0,80,8.1,45,2023-12-29 18:00:00,Mumbai,19.076,72.8777
21.8,79,7.4,51,2023-12-29 19:00:00,Mumbai,19.076,72.8777
21.0,80,7.7,62,2023-12-29 20:00:00,Mumbai,19.076,72.8777
20.6,81,7.1,30,2023-12-29 21:00:00,Mumbai,19.076,72.8777
19.8,86,7.4,14,2023-12-29 22:00:00,Mumbai,19.076,72.8777
19.5,86,8.7,7,2023-12-29 23:00:00,Mumbai,19.076,72.8777
19.5,86,8.6,15,2023-12-30 00:00:00,Mumbai,19.076,72.8777
19.9,89,5.9,38,2023-12-30 01:00:00,Mumbai,19.076,72.8777
20.0,88,3.8,41,2023-12-30 02:00:00,Mumbai,19.076,72.8777
22.5,76,5.4,37,2023-12-30 03:00:00,Mumbai,19.076,72.8777
26.0,62,3.6,45,2023-12-30 04:00:00,Mumbai,19.076,72.8777
29.0,52,3.8,41,2023-12-30 05:00:00,Mumbai,19.076,72.8777
31.0,46,2.2,360,2023-12-30 06:00:00,Mumbai,19.076,72.8777
31.9,44,3.9,292,2023-12-30 07:00:00,Mumbai,19.076,72.8777
32.0,46,8.4,280,2023-12-30 08:00:00,Mumbai,19.076,72.8777
31.5,50,10.9,278,2023-12-30 09:00:00,Mumbai,19.076,72.8777
30.9,53,11.5,284,2023-12-30 10:00:00,Mumbai,19.076,72.8777
29.6,55,12.4,296,2023-12-30 11:00:00,Mumbai,19.076,72.8777
28.0,60,12.6,307,2023-12-30 12:00:00,Mumbai,19.076,72.8777
26.1,70,14.0,325,2023-12-30 13:00:00,Mumbai,19.076,72.8777
25.5,78,13.4,333,2023-12-30 14:00:00,Mumbai,19.076,72.8777
25.0,77,11.4,342,2023-12-30 15:00:00,Mumbai,19.076,72.8777
24.6,72,12.0,339,2023-12-30 16:00:00,Mumbai,19.076,72.8777
23.6,72,6.2,36,2023-12-30 17:00:00,Mumbai,19.076,72.8777
22.0,74,8.4,40,2023-12-30 18:00:00,Mumbai,19.076,72.8777
21.8,72,7.9,39,2023-12-30 19:00:00,Mumbai,19.076,72.8777
21.4,72,8.2,52,2023-12-30 20:00:00,Mumbai,19.076,72.8777
20.9,75,8.3,34,2023-12-30 21:00:00,Mumbai,19.076,72.8777
20.4,76,7.6,357,2023-12-30 22:00:00,Mumbai,19.076,72.8777
21.0,80,6.7,344,2023-12-30 23:00:00,Mumbai,19.076,72.8777
20.4,83,6.2,7,2023-12-31 00:00:00,Mumbai,19.076,72.8777
19.8,88,6.1,50,2023-12-31 01:00:00,Mumbai,19.076,72.8777
19.5,85,6.8,58,2023-12-31 02:00:00,Mumbai,19.076,72.8777
22.8,69,5.9,38,2023-12-31 03:00:00,Mumbai,19.076,72.8777
26.1,56,4.4,35,2023-12-31 04:00:00,Mumbai,19.076,72.8777
29.0,46,3.4,18,2023-12-31 05:00:00,Mumbai,19.076,72.8777
30.8,41,1.1,342,2023-12-31 06:00:00,Mumbai,19.076,72.8777
31.7,39,4.0,275,2023-12-31 07:00:00,Mumbai,19.076,72.8777
31.9,41,9.9,289,2023-12-31 08:00:00,Mumbai,19.076,72.8777
31.5,45,13.4,297,2023-12-31 09:00:00,Mumbai,19.076,72.8777
31.0,45,14.0,299,2023-12-31 10:00:00,Mumbai,19.076,72.8777
29.9,48,14.4,307,2023-12-31 11:00:00,Mumbai,19.076,72.8777
28.5,54,13.5,316,2023-12-31 12:00:00,Mumbai,19.076,72.8777
26.7,63,12.9,324,2023-12-31 13:00:00,Mumbai,19.076,72.8777
26.0,66,11.9,331,2023-12-31 14:00:00,Mumbai,19.076,72.8777
25.1,74,11.5,340,2023-12-31 15:00:00,Mumbai,19.076,72.8777
24.8,70,10.5,356,2023-12-31 16:00:00,Mumbai,19.076,72.8777
23.6,67,5.6,50,2023-12-31 17:00:00,Mumbai,19.076,72.8777
22.3,72,8.4,25,2023-12-31 18:00:00,Mumbai,19.076,72.8777
22.3,71,7.1,49,2023-12-31 19:00:00,Mumbai,19.076,72.8777
22.4,70,5.8,30,2023-12-31 20:00:00,Mumbai,19.076,72.8777
21.5,74,6.5,6,2023-12-31 21:00:00,Mumbai,19.076,72.8777
21.2,76,5.8,4,2023-12-31 22:00:00,Mumbai,19.076,72.8777
21.3,78,5.9,14,2023-12-31 23:00:00,Mumbai,19.076,72.8777
20.8,82,5.8,30,2024-01-01 00:00:00,Mumbai,19.076,72.8777
20.0,85,5.1,39,2024-01-01 01:00:00,Mumbai,19.076,72.8777
20.0,86,4.7,32,2024-01-01 02:00:00,Mumbai,19.076,72.8777
22.4,75,7.0,12,2024-01-01 03:00:00,Mumbai,19.076,72.8777
25.7,61,5.7,35,2024-01-01 04:00:00,Mumbai,19.076,72.8777
28.7,49,4.1,45,2024-01-01 05:00:00,Mumbai,19.076,72.8777
30.8,40,1.8,11,2024-01-01 06:00:00,Mumbai,19.076,72.8777
31.6,38,3.8,287,2024-01-01 07:00:00,Mumbai,19.076,72.8777
31.5,44,10.5,286,2024-01-01 08:00:00,Mumbai,19.076,72.8777
30.9,50,12.9,288,2024-01-01 09:00:00,Mumbai,19.076,72.8777
30.0,52,14.3,304,2024-01-01 10:00:00,Mumbai,19.076,72.8777
29.1,51,14.8,315,2024-01-01 11:00:00,Mumbai,19.076,72.8777
27.5,64,15.9,322,2024-01-01 12:00:00,Mumbai,19.076,72.8777
26.0,72,14.6,327,2024-01-01 13:00:00,Mumbai,19.076,72.8777
25.2,78,15.6,334,2024-01-01 14:00:00,Mumbai,19.076,72.8777
24.8,77,15.8,339,2024-01-01 15:00:00,Mumbai,19.076,72.8777
24.5,72,15.6,341,2024-01-01 16:00:00,Mumbai,19.076,72.8777
23.7,70,9.8,24,2024-01-01 17:00:00,Mumbai,19.076,72.8777
22.5,72,6.1,50,2024-01-01 18:00:00,Mumbai,19.076,72.8777
21.9,73,6.4,16,2024-01-01 19:00:00,Mumbai,19.076,72.8777
21.1,74,7.9,360,2024-01-01 20:00:00,Mumbai,19.076,72.8777
21.6,72,7.2,342,2024-01-01 21:00:00,Mumbai,19.076,72.8777
21.4,75,6.6,347,2024-01-01 22:00:00,Mumbai,19.076,72.8777
21.0,77,7.2,357,2024-01-01 23:00:00,Mumbai,19.076,72.8777
20.6,78,8.3,2,2024-01-02 00:00:00,Mumbai,19.076,72.8777
20.3,83,5.8,22,2024-01-02 01:00:00,Mumbai,19.076,72.8777
19.9,85,4.5,29,2024-01-02 02:00:00,Mumbai,19.076,72.8777
22.2,75,5.8,22,2024-01-02 03:00:00,Mumbai,19.076,72.8777
25.1,63,5.0,21,2024-01-02 04:00:00,Mumbai,19.076,72.8777
27.9,54,5.2,12,2024-01-02 05:00:00,Mumbai,19.076,72.8777
30.0,46,4.7,351,2024-01-02 06:00:00,Mumbai,19.076,72.8777
31.0,44,6.3,301,2024-01-02 07:00:00,Mumbai,19.076,72.8777
30.5,52,12.9,297,2024-01-02 08:00:00,Mumbai,19.076,72.8777
29.9,56,15.2,301,2024-01-02 09:00:00,Mumbai,19.076,72.8777
29.3,54,15.9,309,2024-01-02 10:00:00,Mumbai,19.076,72.8777
28.4,57,17.3,318,2024-01-02 11:00:00,Mumbai,19.076,72.8777
26.6,67,18.7,326,2024-01-02 12:00:00,Mumbai,19.076,72.8777
25.3,76,19.4,329,2024-01-02 13:00:00,Mumbai,19.076,72.8777
24.9,77,20.0,337,2024-01-02 14:00:00,Mumbai,19.076,72.8777
24.5,75,19.1,340,2024-01-02 15:00:00,Mumbai,19.076,72.8777
24.0,71,15.2,355,2024-01-02 16:00:00,Mumbai,19.076,72.8777
23.2,64,8.8,35,2024-01-02 17:00:00,Mumbai,19.076,72.8777
21.8,64,6.1,28,2024-01-02 18:00:00,Mumbai,19.076,72.8777
21.0,64,6.1,360,2024-01-02 19:00:00,Mumbai,19.076,72.8777
20.6,65,6.4,344,2024-01-02 20:00:00,Mumbai,19.076,72.8777
21.1,64,9.0,344,2024-01-02 21:00:00,Mumbai,19.076,72.8777
21.0,64,9.4,353,2024-01-02 22:00:00,Mumbai,19.076,72.8777
20.8,66,10.1,360,2024-01-02 23:00:00,Mumbai,19.076,72.8777
20.2,70,7.3,11,2024-01-03 00:00:00,Mumbai,19.076,72.8777
19.4,83,4.9,17,2024-01-03 01:00:00,Mumbai,19.076,72.8777
19.8,82,5.8,353,2024-01-03 02:00:00,Mumbai,19.076,72.8777
22.1,73,7.9,357,2024-01-03 03:00:00,Mumbai,19.076,72.8777
24.7,64,7.2,6,2024-01-03 04:00:00,Mumbai,19.076,72.8777
27.1,57,6.8,357,2024-01-03 05:00:00,Mumbai,19.076,72.8777
29.0,51,6.8,342,2024-01-03 06:00:00,Mumbai,19.076,72.8777
30.1,48,9.4,320,2024-01-03 07:00:00,Mumbai,19.076,72.8777
30.0,53,15.1,310,2024-01-03 08:00:00,Mumbai,19.076,72.8777
29.4,55,17.8,312,2024-01-03 09:00:00,Mumbai,19.076,72.8777
28.8,53,18.1,316,2024-01-03 10:00:00,Mumbai,19.076,72.8777
27.9,53,18.7,322,2024-01-03 11:00:00,Mumbai,19.076,72.8777
26.4,61,17.8,328,2024-01-03 12:00:00,Mumbai,19.076,72.8777
25.0,67,16.9,333,2024-01-03 13:00:00,Mumbai,19.076,72.8777
24.4,71,17.4,338,2024-01-03 14:00:00,Mumbai,19.076,72.8777
24.0,73,16.5,340,2024-01-03 15:00:00,Mumbai,19.076,72.8777
23.3,76,14.2,351,2024-01-03 16:00:00,Mumbai,19.076,72.8777
22.3,76,6.4,16,2024-01-03 17:00:00,Mumbai,19.076,72.8777
21.4,79,6.5,357,2024-01-03 18:00:00,Mumbai,19.076,72.8777
21.4,80,9.7,345,2024-01-03 19:00:00,Mumbai,19.076,72.8777
21.0,82,10.9,351,2024-01-03 20:00:00,Mumbai,19.076,72.8777
20.7,83,10.8,358,2024-01-03 21:00:00,Mumbai,19.076,72.8777
20.3,81,9.7,4,2024-01-03 22:00:00,Mumbai,19.076,72.8777
19.5,83,6.8,3,2024-01-03 23:00:00,Mumbai,19.076,72.8777
19.0,86,6.9,354,2024-01-04 00:00:00,Mumbai,19.076,72.8777
19.6,91,5.5,349,2024-01-04 01:00:00,Mumbai,19.076,72.8777
19.5,92,5.1,356,2024-01-04 02:00:00,Mumbai,19.076,72.8777
21.8,79,7.9,360,2024-01-04 03:00:00,Mumbai,19.076,72.8777
24.2,67,8.0,352,2024-01-04 04:00:00,Mumbai,19.076,72.8777
26.5,60,9.1,342,2024-01-04 05:00:00,Mumbai,19.076,72.8777
28.1,55,11.0,328,2024-01-04 06:00:00,Mumbai,19.076,72.8777
28.9,53,13.2,317,2024-01-04 07:00:00,Mumbai,19.076,72.8777
28.8,55,17.1,312,2024-01-04 08:00:00,Mumbai,19.076,72.8777
28.5,53,18.3,313,2024-01-04 09:00:00,Mumbai,19.076,72.8777
28.0,51,18.1,313,2024-01-04 10:00:00,Mumbai,19.076,72.8777
26.8,59,18.6,317,2024-01-04 11:00:00,Mumbai,19.076,72.8777
25.2,71,17.2,323,2024-01-04 12:00:00,Mumbai,19.076,72.8777
23.9,76,16.4,327,2024-01-04 13:00:00,Mumbai,19.076,72.8777
23.1,83,16.0,337,2024-01-04 14:00:00,Mumbai,19.076,72.8777
22.4,90,14.9,340,2024-01-04 15:00:00,Mumbai,19.076,72.8777
22.0,93,16.9,340,2024-01-04 16:00:00,Mumbai,19.076,72.8777
21.5,90,15.9,347,2024-01-04 17:00:00,Mumbai,19.076,72.8777
21.0,89,11.9,355,2024-01-04 18:00:00,Mumbai,19.076,72.8777
20.5,90,9.4,360,2024-01-04 19:00:00,Mumbai,19.076,72.8777
19.8,91,6.7,16,2024-01-04 20:00:00,Mumbai,19.076,72.8777
18.9,93,5.6,27,2024-01-04 21:00:00,Mumbai,19.076,72.8777
18.7,93,5.9,11,2024-01-04 22:00:00,Mumbai,19.076,72.8777
18.6,92,6.5,357,2024-01-04 23:00:00,Mumbai,19.076,72.8777
18.0,93,5.8,7,2024-01-05 00:00:00,Mumbai,19.076,72.8777
18.4,94,6.6,22,2024-01-05 01:00:00,Mumbai,19.076,72.8777
18.1,94,6.0,17,2024-01-05 02:00:00,Mumbai,19.076,72.8777
19.1,92,7.9,24,2024-01-05 03:00:00,Mumbai,19.076,72.8777
21.9,77,6.3,31,2024-01-05 04:00:00,Mumbai,19.076,72.8777
25.2,61,6.0,25,2024-01-05 05:00:00,Mumbai,19.076,72.8777
27.9,46,4.7,9,2024-01-05 06:00:00,Mumbai,19.076,72.8777
29.5,35,5.1,321,2024-01-05 07:00:00,Mumbai,19.076,72.8777
29.8,37,10.0,300,2024-01-05 08:00:00,Mumbai,19.076,72.8777
29.4,43,14.9,302,2024-01-05 09:00:00,Mumbai,19.076,72.8777
28.9,42,16.7,307,2024-01-05 10:00:00,Mumbai,19.076,72.8777
27.9,43,17.6,316,2024-01-05 11:00:00,Mumbai,19.076,72.8777
26.2,54,16.7,323,2024-01-05 12:00:00,Mumbai,19.076,72.8777
24.5,76,15.6,331,2024-01-05 13:00:00,Mumbai,19.076,72.8777
23.9,83,16.5,337,2024-01-05 14:00:00,Mumbai,19.076,72.8777
23.2,85,16.1,344,2024-01-05 15:00:00,Mumbai,19.076,72.8777
22.5,82,13.4,352,2024-01-05 16:00:00,Mumbai,19.076,72.8777
21.8,80,10.5,354,2024-01-05 17:00:00,Mumbai,19.076,72.8777
21.1,81,8.6,2,2024-01-05 18:00:00,Mumbai,19.076,72.8777
20.5,83,8.0,5,2024-01-05 19:00:00,Mumbai,19.076,72.8777
20.5,81,10.8,356,2024-01-05 20:00:00,Mumbai,19.076,72.8777
20.7,73,12.3,7,2024-01-05 21:00:00,Mumbai,19.076,72.8777
20.1,73,7.1,30,2024-01-05 22:00:00,Mumbai,19.076,72.8777
19.7,75,7.0,35,2024-01-05 23:00:00,Mumbai,19.076,72.8777
19.4,76,6.4,38,2024-01-06 00:00:00,Mumbai,19.076,72.8777
20.7,76,7.9,360,2024-01-06 01:00:00,Mumbai,19.076,72.8777
20.5,76,10.6,350,2024-01-06 02:00:00,Mumbai,19.076,72.8777
22.4,70,10.8,345,2024-01-06 03:00:00,Mumbai,19.076,72.8777
25.0,62,8.6,360,2024-01-06 04:00:00,Mumbai,19.076,72.8777
27.9,54,8.0,5,2024-01-06 05:00:00,Mumbai,19.076,72.8777
30.5,45,10.5,354,2024-01-06 06:00:00,Mumbai,19.076,72.8777
31.6,35,12.2,332,2024-01-06 07:00:00,Mumbai,19.076,72.8777
31.8,36,15.1,308,2024-01-06 08:00:00,Mumbai,19.076,72.8777
30.8,38,21.4,306,2024-01-06 09:00:00,Mumbai,19.076,72.8777
30.1,37,21.4,315,2024-01-06 10:00:00,Mumbai,19.076,72.8777
29.4,39,19.7,320,2024-01-06 11:00:00,Mumbai,19.076,72.8777
27.5,56,17.9,322,2024-01-06 12:00:00,Mumbai,19.076,72.8777
26.2,60,16.3,332,2024-01-06 13:00:00,Mumbai,19.076,72.8777
25.7,66,16.1,336,2024-01-06 14:00:00,Mumbai,19.076,72.8777
25.2,65,15.9,342,2024-01-06 15:00:00,Mumbai,19.076,72.8777
24.9,61,15.6,345,2024-01-06 16:00:00,Mumbai,19.076,72.8777
24.3,63,14.7,349,2024-01-06 17:00:00,Mumbai,19.076,72.8777
23.7,65,12.3,353,2024-01-06 18:00:00,Mumbai,19.076,72.8777
23.0,67,8.6,360,2024-01-06 19:00:00,Mumbai,19.076,72.8777
22.0,71,5.8,356,2024-01-06 20:00:00,Mumbai,19.076,72.8777
21.7,74,7.3,349,2024-01-06 21:00:00,Mumbai,19.076,72.8777
21.1,76,6.2,21,2024-01-06 22:00:00,Mumbai,19.076,72.8777
20.9,76,6.9,47,2024-01-06 23:00:00,Mumbai,19.076,72.8777
21.0,74,7.5,55,2024-01-07 00:00:00,Mumbai,19.076,72.8777
21.5,74,6.6,99,2024-01-07 01:00:00,Mumbai,19.076,72.8777
21.2,76,6.8,87,2024-01-07 02:00:00,Mumbai,19.076,72.8777
22.6,70,10.1,90,2024-01-07 03:00:00,Mumbai,19.076,72.8777
25.7,58,10.5,94,2024-01-07 04:00:00,Mumbai,19.076,72.8777
28.4,48,8.0,82,2024-01-07 05:00:00,Mumbai,19.076,72.8777
30.2,43,4.6,108,2024-01-07 06:00:00,Mumbai,19.076,72.8777
31.4,40,3.6,180,2024-01-07 07:00:00,Mumbai,19.076,72.8777
31.7,39,7.1,229,2024-01-07 08:00:00,Mumbai,19.076,72.8777
30.7,47,13.8,279,2024-01-07 09:00:00,Mumbai,19.076,72.8777
29.5,52,16.6,300,2024-01-07 10:00:00,Mumbai,19.076,72.8777
28.5,56,15.5,314,2024-01-07 11:00:00,Mumbai,19.076,72.8777
27.5,61,14.6,322,2024-01-07 12:00:00,Mumbai,19.076,72.8777
25.6,72,16.4,327,2024-01-07 13:00:00,Mumbai,19.076,72.8777
25.0,75,17.3,339,2024-01-07 14:00:00,Mumbai,19.076,72.8777
24.9,73,14.8,346,2024-01-07 15:00:00,Mumbai,19.076,72.8777
24.5,72,13.0,355,2024-01-07 16:00:00,Mumbai,19.076,72.8777
24.3,68,7.8,22,2024-01-07 17:00:00,Mumbai,19.076,72.8777
23.1,73,6.9,84,2024-01-07 18:00:00,Mumbai,19.076,72.8777
23.1,71,5.4,352,2024-01-07 19:00:00,Mumbai,19.076,72.8777
22.9,73,6.1,357,2024-01-07 20:00:00,Mumbai,19.076,72.8777
22.2,76,6.6,41,2024-01-07 21:00:00,Mumbai,19.076,72.8777
21.9,78,5.8,30,2024-01-07 22:00:00,Mumbai,19.076,72.8777
21.8,77,5.6,45,2024-01-07 23:00:00,Mumbai,19.076,72.8777
21.5,77,7.0,55,2024-01-08 00:00:00,Mumbai,19.076,72.8777
22.0,77,9.0,67,2024-01-08 01:00:00,Mumbai,19.076,72.8777
21.9,75,10.7,70,2024-01-08 02:00:00,Mumbai,19.076,72.8777
24.5,63,13.6,79,2024-01-08 03:00:00,Mumbai,19.076,72.8777
28.1,45,14.6,99,2024-01-08 04:00:00,Mumbai,19.076,72.8777
30.0,38,16.3,112,2024-01-08 05:00:00,Mumbai,19.076,72.8777
31.5,35,13.4,121,2024-01-08 06:00:00,Mumbai,19.076,72.8777
32.5,34,9.4,137,2024-01-08 07:00:00,Mumbai,19.076,72.8777
32.8,34,6.6,189,2024-01-08 08:00:00,Mumbai,19.076,72.8777
32.8,35,9.0,247,2024-01-08 09:00:00,Mumbai,19.076,72.8777
31.8,37,15.9,266,2024-01-08 10:00:00,Mumbai,19.076,72.8777
30.2,42,17.6,269,2024-01-08 11:00:00,Mumbai,19.076,72.8777
29.3,46,12.2,289,2024-01-08 12:00:00,Mumbai,19.076,72.8777
27.6,57,15.8,333,2024-01-08 13:00:00,Mumbai,19.076,72.8777
26.9,57,16.5,328,2024-01-08 14:00:00,Mumbai,19.076,72.8777
26.5,59,16.2,339,2024-01-08 15:00:00,Mumbai,19.076,72.8777
26.2,56,12.2,360,2024-01-08 16:00:00,Mumbai,19.076,72.8777
25.8,57,11.6,344,2024-01-08 17:00:00,Mumbai,19.076,72.8777
25.5,59,7.8,338,2024-01-08 18:00:00,Mumbai,19.076,72.8777
25.4,60,2.9,7,2024-01-08 19:00:00,Mumbai,19.076,72.8777
24.5,65,9.1,353,2024-01-08 20:00:00,Mumbai,19.076,72.8777
24.0,72,8.7,355,2024-01-08 21:00:00,Mumbai,19.076,72.8777
23.4,75,6.9,354,2024-01-08 22:00:00,Mumbai,19.076,72.8777
23.4,78,6.9,351,2024-01-08 23:00:00,Mumbai,19.076,72.8777
23.4,77,6.8,360,2024-01-09 00:00:00,Mumbai,19.076,72.8777
22.8,81,8.0,175,2024-01-09 01:00:00,Mumbai,19.076,72.8777
24.0,79,5.0,240,2024-01-09 02:00:00,Mumbai,19.076,72.8777
26.0,76,4.4,279,2024-01-09 03:00:00,Mumbai,19.076,72.8777
27.5,70,1.8,37,2024-01-09 04:00:00,Mumbai,19.076,72.8777
29.0,60,3.5,156,2024-01-09 05:00:00,Mumbai,19.076,72.8777
30.2,51,5.6,195,2024-01-09 06:00:00,Mumbai,19.076,72.8777
30.7,49,5.9,232,2024-01-09 07:00:00,Mumbai,19.076,72.8777
30.5,52,8.1,257,2024-01-09 08:00:00,Mumbai,19.076,72.8777
30.3,54,11.5,272,2024-01-09 09:00:00,Mumbai,19.076,72.8777
29.2,56,10.3,295,2024-01-09 10:00:00,Mumbai,19.076,72.8777
28.9,58,10.4,304,2024-01-09 11:00:00,Mumbai,19.076,72.8777
26.6,71,12.7,331,2024-01-09 12:00:00,Mumbai,19.076,72.8777
26.5,71,2.2,9,2024-01-09 13:00:00,Mumbai,19.076,72.8777
25.7,76,6.3,13,2024-01-09 14:00:00,Mumbai,19.076,72.8777
24.8,81,10.1,4,2024-01-09 15:00:00,Mumbai,19.076,72.8777
24.5,82,8.0,18,2024-01-09 16:00:00,Mumbai,19.076,72.8777
24.0,86,7.7,37,2024-01-09 17:00:00,Mumbai,19.076,72.8777
23.5,89,4.7,58,2024-01-09 18:00:00,Mumbai,19.076,72.8777
23.3,89,5.4,53,2024-01-09 19:00:00,Mumbai,19.076,72.8777
23.0,89,6.1,62,2024-01-09 20:00:00,Mumbai,19.076,72.8777
22.8,89,5.0,90,2024-01-09 21:00:00,Mumbai,19.076,72.8777
22.9,86,9.4,108,2024-01-09 22:00:00,Mumbai,19.076,72.8777
22.4,84,10.3,102,2024-01-09 23:00:00,Mumbai,19.076,72.8777
21.9,88,10.6,80,2024-01-10 00:00:00,Mumbai,19.076,72.8777
22.5,80,5.4,48,2024-01-10 01:00:00,Mumbai,19.076,72.8777
22.5,81,7.9,39,2024-01-10 02:00:00,Mumbai,19.076,72.8777
23.7,77,10.0,49,2024-01-10 03:00:00,Mumbai,19.076,72.8777
26.1,66,9.0,53,2024-01-10 04:00:00,Mumbai,19.076,72.8777
28.8,50,8.7,66,2024-01-10 05:00:00,Mumbai,19.076,72.8777
30.5,45,6.2,111,2024-01-10 06:00:00,Mumbai,19.076,72.8777
29.6,52,11.5,141,2024-01-10 07:00:00,Mumbai,19.076,72.8777
29.5,51,1.3,34,2024-01-10 08:00:00,Mumbai,19.076,72.8777
29.1,54,3.4,18,2024-01-10 09:00:00,Mumbai,19.076,72.8777
29.0,56,7.7,332,2024-01-10 10:00:00,Mumbai,19.076,72.8777
28.5,59,6.4,333,2024-01-10 11:00:00,Mumbai,19.076,72.8777
28.0,61,7.4,346,2024-01-10 12:00:00,Mumbai,19.076,72.8777
27.2,63,7.6,341,2024-01-10 13:00:00,Mumbai,19.076,72.8777
26.2,70,7.8,326,2024-01-10 14:00:00,Mumbai,19.076,72.8777
25.6,74,8.2,319,2024-01-10 15:00:00,Mumbai,19.076,72.8777
25.2,78,10.5,344,2024-01-10 16:00:00,Mumbai,19.076,72.8777
25.0,79,10.8,339,2024-01-10 17:00:00,Mumbai,19.076,72.8777
24.5,80,9.5,335,2024-01-10 18:00:00,Mumbai,19.076,72.8777
24.4,77,9.6,347,2024-01-10 19:00:00,Mumbai,19.076,72.8777
24.0,77,6.6,22,2024-01-10 20:00:00,Mumbai,19.076,72.8777
23.5,80,6.7,74,2024-01-10 21:00:00,Mumbai,19.076,72.8777
23.5,81,2.4,333,2024-01-10 22:00:00,Mumbai,19.076,72.8777
23.0,89,10.1,354,2024-01-10 23:00:00,Mumbai,19.076,72.8777
22.5,88,6.1,50,2024-01-11 00:00:00,Mumbai,19.076,72.8777
23.5,81,5.7,18,2024-01-11 01:00:00,Mumbai,19.076,72.8777
23.2,81,8.2,41,2024-01-11 02:00:00,Mumbai,19.076,72.8777
24.8,75,10.2,42,2024-01-11 03:00:00,Mumbai,19.076,72.8777
27.5,63,8.9,50,2024-01-11 04:00:00,Mumbai,19.076,72.8777
30.0,50,9.7,51,2024-01-11 05:00:00,Mumbai,19.076,72.8777
31.5,42,8.4,47,2024-01-11 06:00:00,Mumbai,19.076,72.8777
32.4,40,4.8,13,2024-01-11 07:00:00,Mumbai,19.076,72.8777
32.8,40,5.6,320,2024-01-11 08:00:00,Mumbai,19.076,72.8777
32.2,47,11.1,299,2024-01-11 09:00:00,Mumbai,19.076,72.8777
31.1,54,15.7,307,2024-01-11 10:00:00,Mumbai,19.076,72.8777
30.2,55,17.1,318,2024-01-11 11:00:00,Mumbai,19.076,72.8777
29.1,61,14.5,325,2024-01-11 12:00:00,Mumbai,19.076,72.8777
27.5,64,16.8,329,2024-01-11 13:00:00,Mumbai,19.076,72.8777
27.0,67,17.6,337,2024-01-11 14:00:00,Mumbai,19.076,72.8777
26.5,70,17.2,344,2024-01-11 15:00:00,Mumbai,19.076,72.8777
26.2,66,16.7,354,2024-01-11 16:00:00,Mumbai,19.076,72.8777
26.0,64,15.2,5,2024-01-11 17:00:00,Mumbai,19.076,72.8777
25.7,64,12.4,17,2024-01-11 18:00:00,Mumbai,19.076,72.8777
25.3,66,10.8,15,2024-01-11 19:00:00,Mumbai,19.076,72.8777
25.0,68,10.2,8,2024-01-11 20:00:00,Mumbai,19.076,72.8777
24.7,68,9.5,9,2024-01-11 21:00:00,Mumbai,19.076,72.8777
24.3,69,8.2,15,2024-01-11 22:00:00,Mumbai,19.076,72.8777
23.6,71,7.2,27,2024-01-11 23:00:00,Mumbai,19.076,72.8777
23.0,73,7.0,35,2024-01-12 00:00:00,Mumbai,19.076,72.8777
23.2,80,8.6,57,2024-01-12 01:00:00,Mumbai,19.076,72.8777
22.8,83,7.4,43,2024-01-12 02:00:00,Mumbai,19.076,72.8777
24.2,78,9.2,59,2024-01-12 03:00:00,Mumbai,19.076,72.8777
27.4,66,7.4,51,2024-01-12 04:00:00,Mumbai,19.076,72.8777
31.0,51,7.6,71,2024-01-12 05:00:00,Mumbai,19.076,72.8777
32.8,43,5.8,83,2024-01-12 06:00:00,Mumbai,19.076,72.8777
33.8,36,2.3,108,2024-01-12 07:00:00,Mumbai,19.076,72.8777
34.2,34,5.4,274,2024-01-12 08:00:00,Mumbai,19.076,72.8777
33.3,45,11.7,281,2024-01-12 09:00:00,Mumbai,19.076,72.8777
32.3,51,13.2,292,2024-01-12 10:00:00,Mumbai,19.076,72.8777
30.9,54,13.6,307,2024-01-12 11:00:00,Mumbai,19.076,72.8777
29.0,61,13.0,326,2024-01-12 12:00:00,Mumbai,19.076,72.8777
27.5,65,16.2,339,2024-01-12 13:00:00,Mumbai,19.076,72.8777
27.0,67,18.3,344,2024-01-12 14:00:00,Mumbai,19.076,72.8777
27.0,62,18.2,342,2024-01-12 15:00:00,Mumbai,19.076,72.8777
26.8,59,17.0,343,2024-01-12 16:00:00,Mumbai,19.076,72.8777
26.0,61,15.1,1,2024-01-12 17:00:00,Mumbai,19.076,72.8777
25.2,63,13.2,22,2024-01-12 18:00:00,Mumbai,19.076,72.8777
24.8,66,11.1,29,2024-01-12 19:00:00,Mumbai,19.076,72.8777
24.3,68,8.4,25,2024-01-12 20:00:00,Mumbai,19.076,72.8777
22.9,76,8.5,12,2024-01-12 21:00:00,Mumbai,19.076,72.8777
22.0,80,9.2,11,2024-01-12 22:00:00,Mumbai,19.076,72.8777
21.5,83,8.4,40,2024-01-12 23:00:00,Mumbai,19.076,72.8777
20.9,86,8.1,58,2024-01-13 00:00:00,Mumbai,19.076,72.8777
21.0,87,6.0,33,2024-01-13 01:00:00,Mumbai,19.076,72.8777
20.6,89,5.9,38,2024-01-13 02:00:00,Mumbai,19.076,72.8777
23.2,77,4.4,35,2024-01-13 03:00:00,Mumbai,19.076,72.8777
26.9,61,4.0,5,2024-01-13 04:00:00,Mumbai,19.076,72.8777
30.2,46,4.4,351,2024-01-13 05:00:00,Mumbai,19.076,72.8777
32.4,38,5.6,320,2024-01-13 06:00:00,Mumbai,19.076,72.8777
32.9,40,8.5,306,2024-01-13 07:00:00,Mumbai,19.076,72.8777
32.7,45,13.8,303,2024-01-13 08:00:00,Mumbai,19.076,72.8777
32.6,41,17.0,306,2024-01-13 09:00:00,Mumbai,19.076,72.8777
32.0,43,18.1,314,2024-01-13 10:00:00,Mumbai,19.076,72.8777
30.9,52,18.4,321,2024-01-13 11:00:00,Mumbai,19.076,72.8777
29.5,61,18.2,322,2024-01-13 12:00:00,Mumbai,19.076,72.8777
27.5,64,13.4,333,2024-01-13 13:00:00,Mumbai,19.076,72.8777
26.8,62,14.0,342,2024-01-13 14:00:00,Mumbai,19.076,72.8777
26.4,61,14.2,344,2024-01-13 15:00:00,Mumbai,19.076,72.8777
26.0,59,13.2,349,2024-01-13 16:00:00,Mumbai,19.076,72.8777
25.6,55,11.9,357,2024-01-13 17:00:00,Mumbai,19.076,72.8777
24.9,55,7.8,13,2024-01-13 18:00:00,Mumbai,19.076,72.8777
22.9,63,8.1,58,2024-01-13 19:00:00,Mumbai,19.076,72.8777
22.3,66,7.7,28,2024-01-13 20:00:00,Mumbai,19.076,72.8777
22.2,65,6.0,343,2024-01-13 21:00:00,Mumbai,19.076,72.8777
22.5,65,8.2,345,2024-01-13 22:00:00,Mumbai,19.076,72.8777
22.5,64,8.8,351,2024-01-13 23:00:00,Mumbai,19.076,72.8777
22.1,64,7.2,360,2024-01-14 00:00:00,Mumbai,19.076,72.8777
22.1,66,6.5,360,2024-01-14 01:00:00,Mumbai,19.076,72.8777
21.2,72,6.4,16,2024-01-14 02:00:00,Mumbai,19.076,72.8777
23.7,64,7.0,21,2024-01-14 03:00:00,Mumbai,19.076,72.8777
27.0,53,6.1,3,2024-01-14 04:00:00,Mumbai,19.076,72.8777
29.9,41,8.7,353,2024-01-14 05:00:00,Mumbai,19.076,72.8777
31.8,32,9.2,349,2024-01-14 06:00:00,Mumbai,19.076,72.8777
32.7,31,10.4,326,2024-01-14 07:00:00,Mumbai,19.076,72.8777
32.3,37,15.3,311,2024-01-14 08:00:00,Mumbai,19.076,72.8777
31.8,39,19.1,314,2024-01-14 09:00:00,Mumbai,19.076,72.8777
31.3,38,19.7,322,2024-01-14 10:00:00,Mumbai,19.076,72.8777
30.5,41,19.5,326,2024-01-14 11:00:00,Mumbai,19.076,72.8777
28.9,46,17.4,330,2024-01-14 12:00:00,Mumbai,19.076,72.8777
27.4,44,18.4,343,2024-01-14 13:00:00,Mumbai,19.076,72.8777
26.5,43,17.9,350,2024-01-14 14:00:00,Mumbai,19.076,72.8777
25.8,41,17.3,355,2024-01-14 15:00:00,Mumbai,19.076,72.8777
25.1,39,16.2,3,2024-01-14 16:00:00,Mumbai,19.076,72.8777
24.6,38,14.3,12,2024-01-14 17:00:00,Mumbai,19.076,72.8777
24.2,38,12.8,22,2024-01-14 18:00:00,Mumbai,19.076,72.8777
23.6,39,11.6,26,2024-01-14 19:00:00,Mumbai,19.076,72.8777
23.2,39,11.4,24,2024-01-14 20:00:00,Mumbai,19.076,72.8777
22.8,39,11.1,25,2024-01-14 21:00:00,Mumbai,19.076,72.8777
22.3,40,10.6,28,2024-01-14 22:00:00,Mumbai,19.076,72.8777
21.7,41,9.6,34,2024-01-14 23:00:00,Mumbai,19.076,72.8777
21.0,42,8.7,38,2024-01-15 00:00:00,Mumbai,19.076,72.8777
20.3,46,7.5,35,2024-01-15 01:00:00,Mumbai,19.076,72.8777
20.0,47,7.4,29,2024-01-15 02:00:00,Mumbai,19.076,72.8777
22.3,43,9.9,33,2024-01-15 03:00:00,Mumbai,19.076,72.8777
25.2,36,7.6,31,2024-01-15 04:00:00,Mumbai,19.076,72.8777
27.6,29,9.5,25,2024-01-15 05:00:00,Mumbai,19.076,72.8777
29.1,27,9.4,4,2024-01-15 06:00:00,Mumbai,19.076,72.8777
30.0,26,10.6,336,2024-01-15 07:00:00,Mumbai,19.076,72.8777
30.0,27,14.3,317,2024-01-15 08:00:00,Mumbai,19.076,72.8777
29.4,32,18.6,311,2024-01-15 09:00:00,Mumbai,19.076,72.8777
28.4,35,20.9,314,2024-01-15 10:00:00,Mumbai,19.076,72.8777
27.5,36,20.9,319,2024-01-15 11:00:00,Mumbai,19.076,72.8777
26.3,40,19.3,323,2024-01-15 12:00:00,Mumbai,19.076,72.8777
25.0,47,17.8,328,2024-01-15 13:00:00,Mumbai,19.076,72.8777
24.3,51,17.4,333,2024-01-15 14:00:00,Mumbai,19.076,72.8777
23.9,52,16.6,338,2024-01-15 15:00:00,Mumbai,19.076,72.8777
23.2,56,14.6,344,2024-01-15 16:00:00,Mumbai,19.076,72.8777
22.5,62,11.6,353,2024-01-15 17:00:00,Mumbai,19.076,72.8777
21.0,67,7.0,35,2024-01-15 18:00:00,Mumbai,19.076,72.8777
19.5,65,5.8,60,2024-01-15 19:00:00,Mumbai,19.076,72.8777
18.2,65,8.9,27,2024-01-15 20:00:00,Mumbai,19.076,72.8777
18.8,61,7.4,23,2024-01-15 21:00:00,Mumbai,19.076,72.8777
18.6,60,7.8,22,2024-01-15 22:00:00,Mumbai,19.076,72.8777
18.4,61,7.4,14,2024-01-15 23:00:00,Mumbai,19.076,72.8777
17.7,64,6.7,16,2024-01-16 00:00:00,Mumbai,19.076,72.8777
18.2,68,6.8,360,2024-01-16 01:00:00,Mumbai,19.076,72.8777
18.0,69,6.2,21,2024-01-16 02:00:00,Mumbai,19.076,72.8777
20.0,60,8.1,32,2024-01-16 03:00:00,Mumbai,19.076,72.8777
22.9,49,6.8,32,2024-01-16 04:00:00,Mumbai,19.076,72.8777
25.6,39,7.9,3,2024-01-16 05:00:00,Mumbai,19.076,72.8777
27.5,34,8.9,339,2024-01-16 06:00:00,Mumbai,19.076,72.8777
28.4,33,11.5,319,2024-01-16 07:00:00,Mumbai,19.076,72.8777
28.4,38,15.3,309,2024-01-16 08:00:00,Mumbai,19.076,72.8777
27.7,43,17.4,304,2024-01-16 09:00:00,Mumbai,19.076,72.8777
27.0,44,17.0,302,2024-01-16 10:00:00,Mumbai,19.076,72.8777
26.4,48,16.0,306,2024-01-16 11:00:00,Mumbai,19.076,72.8777
25.1,56,16.5,316,2024-01-16 12:00:00,Mumbai,19.076,72.8777
23.9,63,15.1,322,2024-01-16 13:00:00,Mumbai,19.076,72.8777
23.2,66,13.4,333,2024-01-16 14:00:00,Mumbai,19.076,72.8777
22.6,67,11.8,337,2024-01-16 15:00:00,Mumbai,19.076,72.8777
21.9,70,9.9,350,2024-01-16 16:00:00,Mumbai,19.076,72.8777
20.7,74,6.7,16,2024-01-16 17:00:00,Mumbai,19.076,72.8777
19.1,75,6.3,31,2024-01-16 18:00:00,Mumbai,19.076,72.8777
17.9,77,8.9,32,2024-01-16 19:00:00,Mumbai,19.076,72.8777
17.8,74,7.2,37,2024-01-16 20:00:00,Mumbai,19.076,72.8777
17.5,72,6.9,39,2024-01-16 21:00:00,Mumbai,19.076,72.8777
16.6,75,7.7,28,2024-01-16 22:00:00,Mumbai,19.076,72.8777
16.5,74,7.4,23,2024-01-16 23:00:00,Mumbai,19.076,72.8777
17.1,69,6.2,7,2024-01-17 00:00:00,Mumbai,19.076,72.8777
17.9,74,6.9,9,2024-01-17 01:00:00,Mumbai,19.076,72.8777
18.4,72,6.6,22,2024-01-17 02:00:00,Mumbai,19.076,72.8777
20.5,66,8.4,43,2024-01-17 03:00:00,Mumbai,19.076,72.8777
23.1,57,6.6,49,2024-01-17 04:00:00,Mumbai,19.076,72.8777
25.6,49,7.6,5,2024-01-17 05:00:00,Mumbai,19.076,72.8777
27.0,44,8.3,326,2024-01-17 06:00:00,Mumbai,19.076,72.8777
27.5,47,11.2,303,2024-01-17 07:00:00,Mumbai,19.076,72.8777
27.5,49,14.3,295,2024-01-17 08:00:00,Mumbai,19.076,72.8777
27.0,50,15.5,295,2024-01-17 09:00:00,Mumbai,19.076,72.8777
26.6,52,14.7,295,2024-01-17 10:00:00,Mumbai,19.076,72.8777
26.0,55,14.8,299,2024-01-17 11:00:00,Mumbai,19.076,72.8777
24.9,61,13.2,305,2024-01-17 12:00:00,Mumbai,19.076,72.8777
23.6,67,12.2,313,2024-01-17 13:00:00,Mumbai,19.076,72.8777
23.2,68,10.5,319,2024-01-17 14:00:00,Mumbai,19.076,72.8777
22.5,70,8.1,328,2024-01-17 15:00:00,Mumbai,19.076,72.8777
21.9,74,7.0,339,2024-01-17 16:00:00,Mumbai,19.076,72.8777
21.0,78,6.1,360,2024-01-17 17:00:00,Mumbai,19.076,72.8777
20.0,81,5.9,38,2024-01-17 18:00:00,Mumbai,19.076,72.8777
19.3,77,6.8,58,2024-01-17 19:00:00,Mumbai,19.076,72.8777
18.4,78,5.8,60,2024-01-17 20:00:00,Mumbai,19.076,72.8777
17.4,82,8.7,45,2024-01-17 21:00:00,Mumbai,19.076,72.8777
17.0,83,8.7,38,2024-01-17 22:00:00,Mumbai,19.076,72.8777
17.2,82,7.0,21,2024-01-17 23:00:00,Mumbai,19.076,72.8777
17.4,83,6.2,21,2024-01-18 00:00:00,Mumbai,19.076,72.8777
17.4,87,3.1,54,2024-01-18 01:00:00,Mumbai,19.076,72.8777
17.7,85,3.2,63,2024-01-18 02:00:00,Mumbai,19.076,72.8777
19.6,78,4.4,81,2024-01-18 03:00:00,Mumbai,19.076,72.8777
23.0,65,2.6,56,2024-01-18 04:00:00,Mumbai,19.076,72.8777
25.3,53,4.4,351,2024-01-18 05:00:00,Mumbai,19.076,72.8777
26.9,44,4.5,331,2024-01-18 06:00:00,Mumbai,19.076,72.8777
27.8,41,5.2,295,2024-01-18 07:00:00,Mumbai,19.076,72.8777
27.9,43,10.9,278,2024-01-18 08:00:00,Mumbai,19.076,72.8777
27.0,49,16.5,286,2024-01-18 09:00:00,Mumbai,19.076,72.8777
26.6,49,16.3,298,2024-01-18 10:00:00,Mumbai,19.076,72.8777
26.0,51,16.6,309,2024-01-18 11:00:00,Mumbai,19.076,72.8777
25.0,54,17.1,316,2024-01-18 12:00:00,Mumbai,19.076,72.8777
23.8,59,15.1,320,2024-01-18 13:00:00,Mumbai,19.076,72.8777
23.5,60,15.1,320,2024-01-18 14:00:00,Mumbai,19.076,72.8777
23.1,61,14.3,332,2024-01-18 15:00:00,Mumbai,19.076,72.8777
22.5,66,13.2,349,2024-01-18 16:00:00,Mumbai,19.076,72.8777
21.5,73,10.0,21,2024-01-18 17:00:00,Mumbai,19.076,72.8777
20.5,75,7.0,55,2024-01-18 18:00:00,Mumbai,19.076,72.8777
19.0,78,6.1,62,2024-01-18 19:00:00,Mumbai,19.076,72.8777
18.2,81,8.2,52,2024-01-18 20:00:00,Mumbai,19.076,72.8777
18.2,81,7.4,39,2024-01-18 21:00:00,Mumbai,19.076,72.8777
17.5,84,8.0,36,2024-01-18 22:00:00,Mumbai,19.076,72.8777
17.1,85,8.6,33,2024-01-18 23:00:00,Mumbai,19.076,72.8777
17.0,84,7.7,49,2024-01-19 00:00:00,Mumbai,19.076,72.8777
16.9,86,6.6,61,2024-01-19 01:00:00,Mumbai,19.076,72.8777
16.7,87,5.6,50,2024-01-19 02:00:00,Mumbai,19.076,72.8777
19.2,75,4.6,45,2024-01-19 03:00:00,Mumbai,19.076,72.8777
22.6,62,3.6,45,2024-01-19 04:00:00,Mumbai,19.076,72.8777
25.4,50,2.4,27,2024-01-19 05:00:00,Mumbai,19.076,72.8777
27.0,44,2.5,270,2024-01-19 06:00:00,Mumbai,19.076,72.8777
27.7,44,7.6,265,2024-01-19 07:00:00,Mumbai,19.076,72.8777
27.7,47,11.5,274,2024-01-19 08:00:00,Mumbai,19.076,72.8777
27.5,48,13.1,286,2024-01-19 09:00:00,Mumbai,19.076,72.8777
27.4,49,12.7,295,2024-01-19 10:00:00,Mumbai,19.076,72.8777
26.8,52,12.8,302,2024-01-19 11:00:00,Mumbai,19.076,72.8777
25.7,57,12.7,313,2024-01-19 12:00:00,Mumbai,19.076,72.8777
23.8,74,13.2,317,2024-01-19 13:00:00,Mumbai,19.076,72.8777
23.2,78,11.4,325,2024-01-19 14:00:00,Mumbai,19.076,72.8777
22.5,81,8.4,335,2024-01-19 15:00:00,Mumbai,19.076,72.8777
21.9,85,7.8,347,2024-01-19 16:00:00,Mumbai,19.076,72.8777
21.3,85,6.8,357,2024-01-19 17:00:00,Mumbai,19.076,72.8777
20.5,83,6.2,10,2024-01-19 18:00:00,Mumbai,19.076,72.8777
19.5,84,8.3,18,2024-01-19 19:00:00,Mumbai,19.076,72.8777
18.9,86,9.4,7,2024-01-19 20:00:00,Mumbai,19.076,72.8777
19.4,81,6.5,354,2024-01-19 21:00:00,Mumbai,19.076,72.8777
19.5,76,9.0,355,2024-01-19 22:00:00,Mumbai,19.076,72.8777
19.2,74,9.7,356,2024-01-19 23:00:00,Mumbai,19.076,72.8777
18.9,73,9.4,360,2024-01-20 00:00:00,Mumbai,19.076,72.8777
18.2,91,6.6,13,2024-01-20 01:00:00,Mumbai,19.076,72.8777
18.1,89,6.6,22,2024-01-20 02:00:00,Mumbai,19.076,72.8777
19.6,83,6.9,43,2024-01-20 03:00:00,Mumbai,19.076,72.8777
22.3,78,5.9,52,2024-01-20 04:00:00,Mumbai,19.076,72.8777
25.2,66,4.3,42,2024-01-20 05:00:00,Mumbai,19.076,72.8777
27.2,54,4.4,325,2024-01-20 06:00:00,Mumbai,19.076,72.8777
28.2,47,9.7,301,2024-01-20 07:00:00,Mumbai,19.076,72.8777
28.4,45,16.8,305,2024-01-20 08:00:00,Mumbai,19.076,72.8777
28.0,46,21.6,314,2024-01-20 09:00:00,Mumbai,19.076,72.8777
27.5,45,21.9,319,2024-01-20 10:00:00,Mumbai,19.076,72.8777
26.8,47,21.1,323,2024-01-20 11:00:00,Mumbai,19.076,72.8777
25.5,53,19.8,331,2024-01-20 12:00:00,Mumbai,19.076,72.8777
24.1,61,19.7,332,2024-01-20 13:00:00,Mumbai,19.076,72.8777
23.6,62,18.6,338,2024-01-20 14:00:00,Mumbai,19.076,72.8777
23.3,61,17.7,347,2024-01-20 15:00:00,Mumbai,19.076,72.8777
22.7,61,15.5,357,2024-01-20 16:00:00,Mumbai,19.076,72.8777
22.1,56,12.3,5,2024-01-20 17:00:00,Mumbai,19.076,72.8777
21.6,53,10.3,12,2024-01-20 18:00:00,Mumbai,19.076,72.8777
21.2,54,10.7,14,2024-01-20 19:00:00,Mumbai,19.076,72.8777
21.1,53,13.4,6,2024-01-20 20:00:00,Mumbai,19.076,72.8777
21.0,52,14.5,6,2024-01-20 21:00:00,Mumbai,19.076,72.8777
20.6,53,12.0,9,2024-01-20 22:00:00,Mumbai,19.076,72.8777
20.0,54,8.8,12,2024-01-20 23:00:00,Mumbai,19.076,72.8777
19.1,58,6.8,18,2024-01-21 00:00:00,Mumbai,19.076,72.8777
18.0,65,6.4,27,2024-01-21 01:00:00,Mumbai,19.076,72.8777
17.5,69,6.0,33,2024-01-21 02:00:00,Mumbai,19.076,72.8777
20.0,62,7.7,37,2024-01-21 03:00:00,Mumbai,19.076,72.8777
22.8,55,7.1,41,2024-01-21 04:00:00,Mumbai,19.076,72.8777
25.9,47,7.9,43,2024-01-21 05:00:00,Mumbai,19.076,72.8777
28.5,39,5.7,35,2024-01-21 06:00:00,Mumbai,19.076,72.8777
29.9,35,2.6,344,2024-01-21 07:00:00,Mumbai,19.076,72.8777
30.2,36,7.2,288,2024-01-21 08:00:00,Mumbai,19.076,72.8777
29.4,46,14.7,295,2024-01-21 09:00:00,Mumbai,19.076,72.8777
28.6,47,18.4,312,2024-01-21 10:00:00,Mumbai,19.076,72.8777
28.1,44,17.6,319,2024-01-21 11:00:00,Mumbai,19.076,72.8777
27.0,51,16.1,321,2024-01-21 12:00:00,Mumbai,19.076,72.8777
25.5,57,15.1,332,2024-01-21 13:00:00,Mumbai,19.076,72.8777
24.6,60,13.8,340,2024-01-21 14:00:00,Mumbai,19.076,72.8777
24.0,58,13.7,346,2024-01-21 15:00:00,Mumbai,19.076,72.8777
23.9,51,13.8,351,2024-01-21 16:00:00,Mumbai,19.076,72.8777
23.0,48,7.4,23,2024-01-21 17:00:00,Mumbai,19.076,72.8777
20.9,53,9.2,21,2024-01-21 18:00:00,Mumbai,19.076,72.8777
20.5,51,8.3,355,2024-01-21 19:00:00,Mumbai,19.076,72.8777
20.0,53,6.5,354,2024-01-21 20:00:00,Mumbai,19.076,72.8777
21.1,49,5.6,40,2024-01-21 21:00:00,Mumbai,19.076,72.8777
19.1,56,7.6,45,2024-01-21 22:00:00,Mumbai,19.076,72.8777
18.1,59,6.9,43,2024-01-21 23:00:00,Mumbai,19.076,72.8777
17.2,64,7.6,45,2024-01-22 00:00:00,Mumbai,19.076,72.8777
17.5,65,5.1,39,2024-01-22 01:00:00,Mumbai,19.076,72.8777
17.5,69,4.9,36,2024-01-22 02:00:00,Mumbai,19.076,72.8777
19.6,64,6.5,56,2024-01-22 03:00:00,Mumbai,19.076,72.8777
23.0,54,4.2,59,2024-01-22 04:00:00,Mumbai,19.076,72.8777
26.4,45,1.1,90,2024-01-22 05:00:00,Mumbai,19.076,72.8777
28.6,38,0.8,243,2024-01-22 06:00:00,Mumbai,19.076,72.8777
29.8,37,5.5,247,2024-01-22 07:00:00,Mumbai,19.076,72.8777
29.5,41,13.0,270,2024-01-22 08:00:00,Mumbai,19.076,72.8777
28.6,44,17.0,287,2024-01-22 09:00:00,Mumbai,19.076,72.8777
28.1,44,17.4,304,2024-01-22 10:00:00,Mumbai,19.076,72.8777
27.2,47,18.3,317,2024-01-22 11:00:00,Mumbai,19.076,72.8777
26.0,52,16.7,327,2024-01-22 12:00:00,Mumbai,19.076,72.8777
24.6,60,13.5,331,2024-01-22 13:00:00,Mumbai,19.076,72.8777
23.8,63,13.0,341,2024-01-22 14:00:00,Mumbai,19.076,72.8777
23.1,62,11.4,349,2024-01-22 15:00:00,Mumbai,19.076,72.8777
22.6,59,13.1,344,2024-01-22 16:00:00,Mumbai,19.076,72.8777
22.6,52,16.2,347,2024-01-22 17:00:00,Mumbai,19.076,72.8777
22.3,45,14.4,359,2024-01-22 18:00:00,Mumbai,19.076,72.8777
21.6,44,13.0,360,2024-01-22 19:00:00,Mumbai,19.076,72.8777
21.3,43,13.0,5,2024-01-22 20:00:00,Mumbai,19.076,72.8777
21.0,41,13.2,11,2024-01-22 21:00:00,Mumbai,19.076,72.8777
20.8,39,13.3,19,2024-01-22 22:00:00,Mumbai,19.076,72.8777
20.6,38,13.4,24,2024-01-22 23:00:00,Mumbai,19.076,72.8777
20.2,37,12.3,21,2024-01-23 00:00:00,Mumbai,19.076,72.8777
19.6,38,10.9,9,2024-01-23 01:00:00,Mumbai,19.076,72.8777
19.4,39,10.7,14,2024-01-23 02:00:00,Mumbai,19.076,72.8777
21.4,36,12.3,15,2024-01-23 03:00:00,Mumbai,19.076,72.8777
24.4,30,10.2,18,2024-01-23 04:00:00,Mumbai,19.076,72.8777
26.9,23,12.9,13,2024-01-23 05:00:00,Mumbai,19.076,72.8777
28.6,18,14.2,9,2024-01-23 06:00:00,Mumbai,19.076,72.8777
29.7,16,12.7,352,2024-01-23 07:00:00,Mumbai,19.076,72.8777
29.7,19,15.8,330,2024-01-23 08:00:00,Mumbai,19.076,72.8777
28.1,37,23.7,318,2024-01-23 09:00:00,Mumbai,19.076,72.8777
27.3,40,24.8,320,2024-01-23 10:00:00,Mumbai,19.076,72.8777
26.3,42,24.9,323,2024-01-23 11:00:00,Mumbai,19.076,72.8777
25.3,45,23.4,329,2024-01-23 12:00:00,Mumbai,19.076,72.8777
24.0,50,21.9,335,2024-01-23 13:00:00,Mumbai,19.076,72.8777
23.5,54,21.5,339,2024-01-23 14:00:00,Mumbai,19.076,72.8777
23.1,53,20.8,342,2024-01-23 15:00:00,Mumbai,19.076,72.8777
22.6,53,20.1,351,2024-01-23 16:00:00,Mumbai,19.076,72.8777
22.3,47,17.7,356,2024-01-23 17:00:00,Mumbai,19.076,72.8777
21.9,44,17.3,358,2024-01-23 18:00:00,Mumbai,19.076,72.8777
21.8,40,18.4,360,2024-01-23 19:00:00,Mumbai,19.076,72.8777
21.6,35,19.1,1,2024-01-23 20:00:00,Mumbai,19.076,72.8777
21.3,34,18.1,5,2024-01-23 21:00:00,Mumbai,19.076,72.8777
20.8,35,15.6,8,2024-01-23 22:00:00,Mumbai,19.076,72.8777
20.2,36,13.3,13,2024-01-23 23:00:00,Mumbai,19.076,72.8777
19.7,38,12.1,17,2024-01-24 00:00:00,Mumbai,19.076,72.8777
18.9,42,9.7,22,2024-01-24 01:00:00,Mumbai,19.076,72.8777
18.5,44,9.3,28,2024-01-24 02:00:00,Mumbai,19.076,72.8777
20.4,40,11.6,36,2024-01-24 03:00:00,Mumbai,19.076,72.8777
23.2,35,11.0,38,2024-01-24 04:00:00,Mumbai,19.076,72.8777
26.1,30,10.7,42,2024-01-24 05:00:00,Mumbai,19.076,72.8777
28.5,25,9.4,40,2024-01-24 06:00:00,Mumbai,19.076,72.8777
29.9,22,8.4,20,2024-01-24 07:00:00,Mumbai,19.076,72.8777
30.5,21,8.3,342,2024-01-24 08:00:00,Mumbai,19.076,72.8777
30.0,29,13.7,315,2024-01-24 09:00:00,Mumbai,19.076,72.8777
28.8,39,19.1,316,2024-01-24 10:00:00,Mumbai,19.076,72.8777
27.8,43,19.9,319,2024-01-24 11:00:00,Mumbai,19.076,72.8777
26.0,49,20.0,322,2024-01-24 12:00:00,Mumbai,19.076,72.8777
24.1,55,21.3,330,2024-01-24 13:00:00,Mumbai,19.076,72.8777
23.5,56,19.1,340,2024-01-24 14:00:00,Mumbai,19.076,72.8777
22.9,57,18.8,348,2024-01-24 15:00:00,Mumbai,19.076,72.8777
22.5,51,17.5,351,2024-01-24 16:00:00,Mumbai,19.076,72.8777
22.5,42,15.9,355,2024-01-24 17:00:00,Mumbai,19.076,72.8777
22.0,38,12.3,5,2024-01-24 18:00:00,Mumbai,19.076,72.8777
21.4,37,10.7,12,2024-01-24 19:00:00,Mumbai,19.076,72.8777
20.2,39,7.9,30,2024-01-24 20:00:00,Mumbai,19.076,72.8777
19.3,41,7.6,31,2024-01-24 21:00:00,Mumbai,19.076,72.8777
19.0,41,7.8,34,2024-01-24 22:00:00,Mumbai,19.076,72.8777
18.6,43,8.7,38,2024-01-24 23:00:00,Mumbai,19.076,72.8777
18.3,44,8.9,47,2024-01-25 00:00:00,Mumbai,19.076,72.8777
18.3,51,7.9,51,2024-01-25 01:00:00,Mumbai,19.076,72.8777
18.0,53,8.2,52,2024-01-25 02:00:00,Mumbai,19.076,72.8777
19.8,50,10.1,55,2024-01-25 03:00:00,Mumbai,19.076,72.8777
23.0,44,7.9,51,2024-01-25 04:00:00,Mumbai,19.076,72.8777
26.5,37,7.5,55,2024-01-25 05:00:00,Mumbai,19.076,72.8777
29.2,32,5.2,56,2024-01-25 06:00:00,Mumbai,19.076,72.8777
30.6,29,1.1,18,2024-01-25 07:00:00,Mumbai,19.076,72.8777
31.1,28,4.7,279,2024-01-25 08:00:00,Mumbai,19.076,72.8777
30.5,36,12.0,279,2024-01-25 09:00:00,Mumbai,19.076,72.8777
29.5,39,14.4,292,2024-01-25 10:00:00,Mumbai,19.076,72.8777
28.5,38,15.6,308,2024-01-25 11:00:00,Mumbai,19.076,72.8777
27.0,40,14.1,322,2024-01-25 12:00:00,Mumbai,19.076,72.8777
25.2,56,15.6,326,2024-01-25 13:00:00,Mumbai,19.076,72.8777
24.5,57,15.5,335,2024-01-25 14:00:00,Mumbai,19.076,72.8777
24.0,57,14.7,338,2024-01-25 15:00:00,Mumbai,19.076,72.8777
23.6,51,15.6,341,2024-01-25 16:00:00,Mumbai,19.076,72.8777
23.1,45,11.5,4,2024-01-25 17:00:00,Mumbai,19.076,72.8777
20.4,52,9.2,45,2024-01-25 18:00:00,Mumbai,19.076,72.8777
20.5,50,7.6,8,2024-01-25 19:00:00,Mumbai,19.076,72.8777
21.0,47,6.0,17,2024-01-25 20:00:00,Mumbai,19.076,72.8777
18.5,56,6.9,39,2024-01-25 21:00:00,Mumbai,19.076,72.8777
17.5,60,8.0,54,2024-01-25 22:00:00,Mumbai,19.076,72.8777
17.2,61,6.5,56,2024-01-25 23:00:00,Mumbai,19.076,72.8777
17.3,61,7.7,41,2024-01-26 00:00:00,Mumbai,19.076,72.8777
17.1,63,7.1,49,2024-01-26 01:00:00,Mumbai,19.076,72.8777
17.0,64,6.4,43,2024-01-26 02:00:00,Mumbai,19.076,72.8777
19.7,56,8.4,50,2024-01-26 03:00:00,Mumbai,19.076,72.8777
23.8,47,6.9,62,2024-01-26 04:00:00,Mumbai,19.076,72.8777
27.8,35,4.5,76,2024-01-26 05:00:00,Mumbai,19.076,72.8777
30.7,26,1.8,53,2024-01-26 06:00:00,Mumbai,19.076,72.8777
32.0,24,2.4,297,2024-01-26 07:00:00,Mumbai,19.076,72.8777
31.9,28,9.1,277,2024-01-26 08:00:00,Mumbai,19.076,72.8777
31.2,33,13.3,283,2024-01-26 09:00:00,Mumbai,19.076,72.8777
30.5,34,14.5,293,2024-01-26 10:00:00,Mumbai,19.076,72.8777
29.0,38,15.6,310,2024-01-26 11:00:00,Mumbai,19.076,72.8777
27.2,48,14.6,322,2024-01-26 12:00:00,Mumbai,19.076,72.8777
25.2,58,14.1,328,2024-01-26 13:00:00,Mumbai,19.076,72.8777
24.3,60,14.5,337,2024-01-26 14:00:00,Mumbai,19.076,72.8777
24.0,57,15.7,344,2024-01-26 15:00:00,Mumbai,19.076,72.8777
24.0,48,15.1,348,2024-01-26 16:00:00,Mumbai,19.076,72.8777
23.2,47,12.2,2,2024-01-26 17:00:00,Mumbai,19.076,72.8777
21.3,50,6.7,74,2024-01-26 18:00:00,Mumbai,19.076,72.8777
19.5,57,10.0,52,2024-01-26 19:00:00,Mumbai,19.076,72.8777
18.6,60,10.0,41,2024-01-26 20:00:00,Mumbai,19.076,72.8777
18.4,60,9.5,29,2024-01-26 21:00:00,Mumbai,19.076,72.8777
18.3,59,8.7,30,2024-01-26 22:00:00,Mumbai,19.076,72.8777
18.4,56,7.4,43,2024-01-26 23:00:00,Mumbai,19.076,72.8777
18.5,55,8.2,52,2024-01-27 00:00:00,Mumbai,19.076,72.8777
19.2,53,8.6,68,2024-01-27 01:00:00,Mumbai,19.076,72.8777
19.2,53,8.2,61,2024-01-27 02:00:00,Mumbai,19.076,72.8777
21.8,46,10.5,59,2024-01-27 03:00:00,Mumbai,19.076,72.8777
25.8,39,8.5,62,2024-01-27 04:00:00,Mumbai,19.076,72.8777
29.7,30,6.3,59,2024-01-27 05:00:00,Mumbai,19.076,72.8777
31.9,26,6.2,353,2024-01-27 06:00:00,Mumbai,19.076,72.8777
31.9,31,10.6,325,2024-01-27 07:00:00,Mumbai,19.076,72.8777
32.5,34,10.2,312,2024-01-27 08:00:00,Mumbai,19.076,72.8777
32.7,32,11.4,298,2024-01-27 09:00:00,Mumbai,19.076,72.8777
32.2,32,13.2,296,2024-01-27 10:00:00,Mumbai,19.076,72.8777
31.0,35,13.4,301,2024-01-27 11:00:00,Mumbai,19.076,72.8777
28.8,45,12.8,310,2024-01-27 12:00:00,Mumbai,19.076,72.8777
26.5,51,13.7,325,2024-01-27 13:00:00,Mumbai,19.076,72.8777
25.3,57,14.8,334,2024-01-27 14:00:00,Mumbai,19.076,72.8777
24.6,59,15.0,339,2024-01-27 15:00:00,Mumbai,19.076,72.8777
24.2,56,16.2,339,2024-01-27 16:00:00,Mumbai,19.076,72.8777
23.6,54,12.6,358,2024-01-27 17:00:00,Mumbai,19.076,72.8777
22.1,51,7.8,68,2024-01-27 18:00:00,Mumbai,19.076,72.8777
20.0,58,9.9,33,2024-01-27 19:00:00,Mumbai,19.076,72.8777
19.8,58,8.2,41,2024-01-27 20:00:00,Mumbai,19.076,72.8777
18.9,62,9.0,23,2024-01-27 21:00:00,Mumbai,19.076,72.8777
18.4,63,9.0,16,2024-01-27 22:00:00,Mumbai,19.076,72.8777
18.1,63,9.0,16,2024-01-27 23:00:00,Mumbai,19.076,72.8777
17.5,65,9.7,31,2024-01-28 00:00:00,Mumbai,19.076,72.8777
18.5,69,7.9,24,2024-01-28 01:00:00,Mumbai,19.076,72.8777
18.6,69,5.6,63,2024-01-28 02:00:00,Mumbai,19.076,72.8777
22.0,56,7.3,33,2024-01-28 03:00:00,Mumbai,19.076,72.8777
26.4,46,5.4,37,2024-01-28 04:00:00,Mumbai,19.076,72.8777
29.9,36,5.1,45,2024-01-28 05:00:00,Mumbai,19.076,72.8777
32.0,28,3.7,11,2024-01-28 06:00:00,Mumbai,19.076,72.8777
32.5,27,4.1,308,2024-01-28 07:00:00,Mumbai,19.076,72.8777
32.7,28,11.2,285,2024-01-28 08:00:00,Mumbai,19.076,72.8777
32.1,28,15.5,295,2024-01-28 09:00:00,Mumbai,19.076,72.8777
31.1,30,17.1,305,2024-01-28 10:00:00,Mumbai,19.076,72.8777
29.9,33,18.1,314,2024-01-28 11:00:00,Mumbai,19.076,72.8777
28.0,44,17.4,322,2024-01-28 12:00:00,Mumbai,19.076,72.8777
26.4,46,16.7,335,2024-01-28 13:00:00,Mumbai,19.076,72.8777
25.7,47,17.7,343,2024-01-28 14:00:00,Mumbai,19.076,72.8777
25.2,44,18.3,345,2024-01-28 15:00:00,Mumbai,19.076,72.8777
24.9,42,16.8,350,2024-01-28 16:00:00,Mumbai,19.076,72.8777
24.3,39,11.9,25,2024-01-28 17:00:00,Mumbai,19.076,72.8777
22.6,38,6.8,58,2024-01-28 18:00:00,Mumbai,19.076,72.8777
21.0,45,9.5,29,2024-01-28 19:00:00,Mumbai,19.076,72.8777
20.8,46,8.0,8,2024-01-28 20:00:00,Mumbai,19.076,72.8777
20.4,49,7.6,341,2024-01-28 21:00:00,Mumbai,19.076,72.8777
20.5,51,7.4,346,2024-01-28 22:00:00,Mumbai,19.076,72.8777
20.8,49,9.1,351,2024-01-28 23:00:00,Mumbai,19.076,72.8777
20.6,47,9.4,356,2024-01-29 00:00:00,Mumbai,19.076,72.8777
20.9,50,7.9,357,2024-01-29 01:00:00,Mumbai,19.076,72.8777
19.7,53,6.8,25,2024-01-29 02:00:00,Mumbai,19.076,72.8777
22.0,45,10.5,22,2024-01-29 03:00:00,Mumbai,19.076,72.8777
26.2,35,8.1,21,2024-01-29 04:00:00,Mumbai,19.076,72.8777
29.5,27,8.7,5,2024-01-29 05:00:00,Mumbai,19.076,72.8777
31.2,26,11.9,346,2024-01-29 06:00:00,Mumbai,19.076,72.8777
32.0,25,15.0,336,2024-01-29 07:00:00,Mumbai,19.076,72.8777
32.0,28,17.9,322,2024-01-29 08:00:00,Mumbai,19.076,72.8777
31.1,36,21.1,313,2024-01-29 09:00:00,Mumbai,19.076,72.8777
30.2,41,22.4,316,2024-01-29 10:00:00,Mumbai,19.076,72.8777
29.1,44,21.7,320,2024-01-29 11:00:00,Mumbai,19.076,72.8777
27.6,50,19.3,327,2024-01-29 12:00:00,Mumbai,19.076,72.8777
26.2,52,17.7,333,2024-01-29 13:00:00,Mumbai,19.076,72.8777
25.6,48,17.2,340,2024-01-29 14:00:00,Mumbai,19.076,72.8777
25.0,50,16.0,346,2024-01-29 15:00:00,Mumbai,19.076,72.8777
24.5,49,15.0,349,2024-01-29 16:00:00,Mumbai,19.076,72.8777
24.2,45,14.2,351,2024-01-29 17:00:00,Mumbai,19.076,72.8777
23.6,44,12.2,358,2024-01-29 18:00:00,Mumbai,19.076,72.8777
22.4,45,9.5,9,2024-01-29 19:00:00,Mumbai,19.076,72.8777
21.4,47,8.8,9,2024-01-29 20:00:00,Mumbai,19.076,72.8777
20.7,48,9.0,360,2024-01-29 21:00:00,Mumbai,19.076,72.8777
20.6,50,10.1,354,2024-01-29 22:00:00,Mumbai,19.076,72.8777
20.5,52,10.5,356,2024-01-29 23:00:00,Mumbai,19.076,72.8777
20.1,53,9.4,360,2024-01-30 00:00:00,Mumbai,19.076,72.8777
20.2,53,7.7,11,2024-01-30 01:00:00,Mumbai,19.076,72.8777
19.5,57,6.8,18,2024-01-30 02:00:00,Mumbai,19.076,72.8777
22.1,50,10.3,12,2024-01-30 03:00:00,Mumbai,19.076,72.8777
25.9,42,9.8,6,2024-01-30 04:00:00,Mumbai,19.076,72.8777
28.9,34,11.6,5,2024-01-30 05:00:00,Mumbai,19.076,72.8777
30.5,29,10.5,352,2024-01-30 06:00:00,Mumbai,19.076,72.8777
31.4,28,11.5,328,2024-01-30 07:00:00,Mumbai,19.076,72.8777
31.2,32,16.6,309,2024-01-30 08:00:00,Mumbai,19.076,72.8777
30.4,38,19.7,308,2024-01-30 09:00:00,Mumbai,19.076,72.8777
29.6,37,20.4,312,2024-01-30 10:00:00,Mumbai,19.076,72.8777
28.5,39,19.1,317,2024-01-30 11:00:00,Mumbai,19.076,72.8777
27.0,48,19.0,323,2024-01-30 12:00:00,Mumbai,19.076,72.8777
25.1,62,16.9,326,2024-01-30 13:00:00,Mumbai,19.076,72.8777
24.2,67,15.9,332,2024-01-30 14:00:00,Mumbai,19.076,72.8777
23.8,69,15.0,333,2024-01-30 15:00:00,Mumbai,19.076,72.8777
23.2,68,14.0,337,2024-01-30 16:00:00,Mumbai,19.076,72.8777
22.6,66,9.8,352,2024-01-30 17:00:00,Mumbai,19.076,72.8777
20.8,67,5.9,43,2024-01-30 18:00:00,Mumbai,19.076,72.8777
19.8,70,7.5,17,2024-01-30 19:00:00,Mumbai,19.076,72.8777
19.2,71,6.5,341,2024-01-30 20:00:00,Mumbai,19.076,72.8777
20.0,66,8.1,347,2024-01-30 21:00:00,Mumbai,19.076,72.8777
20.2,68,10.1,356,2024-01-30 22:00:00,Mumbai,19.076,72.8777
20.0,72,10.4,358,2024-01-30 23:00:00,Mumbai,19.076,72.8777
20.0,76,11.2,354,2024-01-31 00:00:00,Mumbai,19.076,72.8777
20.5,81,11.9,360,2024-01-31 01:00:00,Mumbai,19.076,72.8777
20.2,83,11.0,11,2024-01-31 02:00:00,Mumbai,19.076,72.8777
22.0,73,10.0,21,2024-01-31 03:00:00,Mumbai,19.076,72.8777
24.9,61,7.6,5,2024-01-31 04:00:00,Mumbai,19.076,72.8777
27.4,47,7.8,347,2024-01-31 05:00:00,Mumbai,19.076,72.8777
29.0,41,9.4,328,2024-01-31 06:00:00,Mumbai,19.076,72.8777
29.5,44,11.8,310,2024-01-31 07:00:00,Mumbai,19.076,72.8777
29.3,51,14.8,299,2024-01-31 08:00:00,Mumbai,19.076,72.8777
29.0,49,17.6,298,2024-01-31 09:00:00,Mumbai,19.076,72.8777
28.3,46,19.4,301,2024-01-31 10:00:00,Mumbai,19.076,72.8777
27.2,53,19.0,307,2024-01-31 11:00:00,Mumbai,19.076,72.8777
26.0,62,17.8,313,2024-01-31 12:00:00,Mumbai,19.076,72.8777
24.6,68,15.1,322,2024-01-31 13:00:00,Mumbai,19.076,72.8777
24.0,67,14.4,328,2024-01-31 14:00:00,Mumbai,19.076,72.8777
23.5,68,12.9,333,2024-01-31 15:00:00,Mumbai,19.076,72.8777
23.0,67,10.2,342,2024-01-31 16:00:00,Mumbai,19.076,72.8777
21.7,70,6.5,354,2024-01-31 17:00:00,Mumbai,19.076,72.8777
19.9,75,8.8,12,2024-01-31 18:00:00,Mumbai,19.076,72.8777
19.4,71,6.6,41,2024-01-31 19:00:00,Mumbai,19.076,72.8777
18.9,70,6.2,36,2024-01-31 20:00:00,Mumbai,19.076,72.8777
18.9,69,7.6,3,2024-01-31 21:00:00,Mumbai,19.076,72.8777
19.8,70,6.8,3,2024-01-31 22:00:00,Mumbai,19.076,72.8777
19.5,79,6.3,24,2024-01-31 23:00:00,Mumbai,19.076,72.8777
18.9,83,6.4,47,2024-02-01 00:00:00,Mumbai,19.076,72.8777
19.1,85,5.1,39,2024-02-01 01:00:00,Mumbai,19.076,72.8777
19.4,83,5.4,53,2024-02-01 02:00:00,Mumbai,19.076,72.8777
21.2,71,6.2,69,2024-02-01 03:00:00,Mumbai,19.076,72.8777
24.0,65,4.7,58,2024-02-01 04:00:00,Mumbai,19.076,72.8777
26.0,62,6.2,353,2024-02-01 05:00:00,Mumbai,19.076,72.8777
27.5,52,10.0,319,2024-02-01 06:00:00,Mumbai,19.076,72.8777
28.2,49,12.4,306,2024-02-01 07:00:00,Mumbai,19.076,72.8777
28.1,50,16.9,297,2024-02-01 08:00:00,Mumbai,19.076,72.8777
27.4,52,20.4,296,2024-02-01 09:00:00,Mumbai,19.076,72.8777
27.0,55,20.3,297,2024-02-01 10:00:00,Mumbai,19.076,72.8777
26.1,61,20.4,302,2024-02-01 11:00:00,Mumbai,19.076,72.8777
25.0,67,18.3,313,2024-02-01 12:00:00,Mumbai,19.076,72.8777
23.9,70,14.4,323,2024-02-01 13:00:00,Mumbai,19.076,72.8777
23.2,76,15.0,325,2024-02-01 14:00:00,Mumbai,19.076,72.8777
22.9,77,15.2,329,2024-02-01 15:00:00,Mumbai,19.076,72.8777
22.6,79,14.1,328,2024-02-01 16:00:00,Mumbai,19.076,72.8777
22.0,83,9.2,349,2024-02-01 17:00:00,Mumbai,19.076,72.8777
20.6,91,6.0,33,2024-02-01 18:00:00,Mumbai,19.076,72.8777
19.8,93,5.6,45,2024-02-01 19:00:00,Mumbai,19.076,72.8777
19.2,93,5.6,40,2024-02-01 20:00:00,Mumbai,19.076,72.8777
19.1,92,7.3,33,2024-02-01 21:00:00,Mumbai,19.076,72.8777
19.3,92,8.2,15,2024-02-01 22:00:00,Mumbai,19.076,72.8777
19.1,93,8.4,25,2024-02-01 23:00:00,Mumbai,19.076,72.8777
18.9,94,7.2,27,2024-02-02 00:00:00,Mumbai,19.076,72.8777
19.1,90,6.6,9,2024-02-02 01:00:00,Mumbai,19.076,72.8777
19.0,90,6.2,36,2024-02-02 02:00:00,Mumbai,19.076,72.8777
20.9,78,6.9,47,2024-02-02 03:00:00,Mumbai,19.076,72.8777
23.7,63,7.2,37,2024-02-02 04:00:00,Mumbai,19.076,72.8777
26.5,48,8.0,27,2024-02-02 05:00:00,Mumbai,19.076,72.8777
28.6,39,7.5,17,2024-02-02 06:00:00,Mumbai,19.076,72.8777
29.9,34,6.8,342,2024-02-02 07:00:00,Mumbai,19.076,72.8777
30.1,37,12.5,314,2024-02-02 08:00:00,Mumbai,19.076,72.8777
28.9,50,19.5,308,2024-02-02 09:00:00,Mumbai,19.076,72.8777
28.4,48,20.7,310,2024-02-02 10:00:00,Mumbai,19.076,72.8777
27.2,52,21.1,316,2024-02-02 11:00:00,Mumbai,19.076,72.8777
26.1,56,20.5,326,2024-02-02 12:00:00,Mumbai,19.076,72.8777
24.9,63,20.5,329,2024-02-02 13:00:00,Mumbai,19.076,72.8777
24.4,69,19.3,331,2024-02-02 14:00:00,Mumbai,19.076,72.8777
24.2,63,18.7,335,2024-02-02 15:00:00,Mumbai,19.076,72.8777
23.9,62,18.3,344,2024-02-02 16:00:00,Mumbai,19.076,72.8777
23.5,61,17.3,355,2024-02-02 17:00:00,Mumbai,19.076,72.8777
23.1,60,14.8,360,2024-02-02 18:00:00,Mumbai,19.076,72.8777
22.9,60,13.4,5,2024-02-02 19:00:00,Mumbai,19.076,72.8777
22.7,59,11.3,9,2024-02-02 20:00:00,Mumbai,19.076,72.8777
21.9,62,6.9,39,2024-02-02 21:00:00,Mumbai,19.076,72.8777
20.9,65,6.6,41,2024-02-02 22:00:00,Mumbai,19.076,72.8777
20.6,65,7.7,37,2024-02-02 23:00:00,Mumbai,19.076,72.8777
20.1,66,7.9,43,2024-02-03 00:00:00,Mumbai,19.076,72.8777
20.0,69,7.3,57,2024-02-03 01:00:00,Mumbai,19.076,72.8777
20.0,69,7.1,60,2024-02-03 02:00:00,Mumbai,19.076,72.8777
22.2,61,9.2,79,2024-02-03 03:00:00,Mumbai,19.076,72.8777
25.9,50,8.7,85,2024-02-03 04:00:00,Mumbai,19.076,72.8777
29.7,39,6.8,90,2024-02-03 05:00:00,Mumbai,19.076,72.8777
32.3,30,6.2,83,2024-02-03 06:00:00,Mumbai,19.076,72.8777
33.8,25,4.7,90,2024-02-03 07:00:00,Mumbai,19.076,72.8777
34.2,24,1.1,288,2024-02-03 08:00:00,Mumbai,19.076,72.8777
33.7,31,12.5,288,2024-02-03 09:00:00,Mumbai,19.076,72.8777
33.0,32,15.0,291,2024-02-03 10:00:00,Mumbai,19.076,72.8777
31.5,41,15.9,309,2024-02-03 11:00:00,Mumbai,19.076,72.8777
29.4,46,15.9,327,2024-02-03 12:00:00,Mumbai,19.076,72.8777
27.4,50,19.2,334,2024-02-03 13:00:00,Mumbai,19.076,72.8777
26.7,53,21.5,339,2024-02-03 14:00:00,Mumbai,19.076,72.8777
26.4,50,22.2,343,2024-02-03 15:00:00,Mumbai,19.076,72.8777
26.3,48,21.1,351,2024-02-03 16:00:00,Mumbai,19.076,72.8777
26.3,44,20.3,353,2024-02-03 17:00:00,Mumbai,19.076,72.8777
25.5,47,11.3,7,2024-02-03 18:00:00,Mumbai,19.076,72.8777
23.1,56,9.2,21,2024-02-03 19:00:00,Mumbai,19.076,72.8777
22.8,57,6.5,357,2024-02-03 20:00:00,Mumbai,19.076,72.8777
22.4,58,6.1,3,2024-02-03 21:00:00,Mumbai,19.076,72.8777
21.3,62,7.2,63,2024-02-03 22:00:00,Mumbai,19.076,72.8777
20.6,64,6.4,16,2024-02-03 23:00:00,Mumbai,19.076,72.8777
20.3,66,5.8,30,2024-02-04 00:00:00,Mumbai,19.076,72.8777
20.0,70,6.0,25,2024-02-04 01:00:00,Mumbai,19.076,72.8777
20.1,69,5.4,42,2024-02-04 02:00:00,Mumbai,19.076,72.8777
23.0,58,7.6,59,2024-02-04 03:00:00,Mumbai,19.076,72.8777
26.8,48,5.6,63,2024-02-04 04:00:00,Mumbai,19.076,72.8777
30.6,37,3.9,56,2024-02-04 05:00:00,Mumbai,19.076,72.8777
32.8,31,0.7,270,2024-02-04 06:00:00,Mumbai,19.076,72.8777
33.5,32,5.9,259,2024-02-04 07:00:00,Mumbai,19.076,72.8777
33.3,35,10.8,268,2024-02-04 08:00:00,Mumbai,19.076,72.8777
33.1,34,12.2,272,2024-02-04 09:00:00,Mumbai,19.076,72.8777
32.6,35,11.9,284,2024-02-04 10:00:00,Mumbai,19.076,72.8777
31.5,39,12.6,294,2024-02-04 11:00:00,Mumbai,19.076,72.8777
29.4,48,13.1,307,2024-02-04 12:00:00,Mumbai,19.076,72.8777
27.1,60,8.9,310,2024-02-04 13:00:00,Mumbai,19.076,72.8777
25.8,67,9.3,324,2024-02-04 14:00:00,Mumbai,19.076,72.8777
25.2,71,9.0,331,2024-02-04 15:00:00,Mumbai,19.076,72.8777
24.8,73,9.4,337,2024-02-04 16:00:00,Mumbai,19.076,72.8777
24.3,72,7.6,360,2024-02-04 17:00:00,Mumbai,19.076,72.8777
23.6,69,8.5,54,2024-02-04 18:00:00,Mumbai,19.076,72.8777
22.5,67,6.9,28,2024-02-04 19:00:00,Mumbai,19.076,72.8777
21.8,68,8.5,36,2024-02-04 20:00:00,Mumbai,19.076,72.8777
21.7,67,5.8,353,2024-02-04 21:00:00,Mumbai,19.076,72.8777
21.8,69,6.9,332,2024-02-04 22:00:00,Mumbai,19.076,72.8777
22.1,70,10.3,335,2024-02-04 23:00:00,Mumbai,19.076,72.8777
22.1,68,10.7,340,2024-02-05 00:00:00,Mumbai,19.076,72.8777
23.0,65,12.2,341,2024-02-05 01:00:00,Mumbai,19.076,72.8777
23.0,63,10.5,352,2024-02-05 02:00:00,Mumbai,19.076,72.8777
24.9,57,10.1,360,2024-02-05 03:00:00,Mumbai,19.076,72.8777
27.9,48,8.3,355,2024-02-05 04:00:00,Mumbai,19.076,72.8777
30.2,41,10.2,342,2024-02-05 05:00:00,Mumbai,19.076,72.8777
31.5,40,12.1,323,2024-02-05 06:00:00,Mumbai,19.076,72.8777
31.9,42,14.5,314,2024-02-05 07:00:00,Mumbai,19.076,72.8777
32.2,40,16.8,312,2024-02-05 08:00:00,Mumbai,19.076,72.8777
32.0,39,18.4,310,2024-02-05 09:00:00,Mumbai,19.076,72.8777
31.5,40,18.4,312,2024-02-05 10:00:00,Mumbai,19.076,72.8777
30.2,44,18.6,317,2024-02-05 11:00:00,Mumbai,19.076,72.8777
28.5,53,17.2,323,2024-02-05 12:00:00,Mumbai,19.076,72.8777
26.8,61,16.5,324,2024-02-05 13:00:00,Mumbai,19.076,72.8777
26.1,58,15.5,335,2024-02-05 14:00:00,Mumbai,19.076,72.8777
25.9,55,15.9,342,2024-02-05 15:00:00,Mumbai,19.076,72.8777
25.8,50,14.1,347,2024-02-05 16:00:00,Mumbai,19.076,72.8777
25.2,47,11.3,353,2024-02-05 17:00:00,Mumbai,19.076,72.8777
23.7,49,6.7,16,2024-02-05 18:00:00,Mumbai,19.076,72.8777
22.0,55,8.5,36,2024-02-05 19:00:00,Mumbai,19.076,72.8777
21.2,57,7.3,349,2024-02-05 20:00:00,Mumbai,19.076,72.8777
21.3,58,6.5,341,2024-02-05 21:00:00,Mumbai,19.076,72.8777
21.5,59,8.3,342,2024-02-05 22:00:00,Mumbai,19.076,72.8777
21.4,62,10.5,344,2024-02-05 23:00:00,Mumbai,19.076,72.8777
21.5,65,13.3,347,2024-02-06 00:00:00,Mumbai,19.076,72.8777
22.0,71,10.4,358,2024-02-06 01:00:00,Mumbai,19.076,72.8777
21.1,69,7.6,25,2024-02-06 02:00:00,Mumbai,19.076,72.8777
23.0,59,8.6,22,2024-02-06 03:00:00,Mumbai,19.076,72.8777
26.5,49,8.7,7,2024-02-06 04:00:00,Mumbai,19.076,72.8777
29.5,44,9.0,355,2024-02-06 05:00:00,Mumbai,19.076,72.8777
31.5,41,8.2,337,2024-02-06 06:00:00,Mumbai,19.076,72.8777
32.0,45,12.3,308,2024-02-06 07:00:00,Mumbai,19.076,72.8777
31.5,52,17.1,305,2024-02-06 08:00:00,Mumbai,19.076,72.8777
31.4,48,18.7,310,2024-02-06 09:00:00,Mumbai,19.076,72.8777
31.0,45,18.6,311,2024-02-06 10:00:00,Mumbai,19.076,72.8777
29.9,50,18.1,314,2024-02-06 11:00:00,Mumbai,19.076,72.8777
28.2,59,17.4,322,2024-02-06 12:00:00,Mumbai,19.076,72.8777
26.5,64,19.9,325,2024-02-06 13:00:00,Mumbai,19.076,72.8777
25.9,67,18.4,334,2024-02-06 14:00:00,Mumbai,19.076,72.8777
25.5,66,16.5,340,2024-02-06 15:00:00,Mumbai,19.076,72.8777
25.4,61,16.7,341,2024-02-06 16:00:00,Mumbai,19.076,72.8777
25.0,59,15.2,346,2024-02-06 17:00:00,Mumbai,19.076,72.8777
24.4,61,13.2,349,2024-02-06 18:00:00,Mumbai,19.076,72.8777
23.5,66,11.2,354,2024-02-06 19:00:00,Mumbai,19.076,72.8777
22.9,67,12.8,350,2024-02-06 20:00:00,Mumbai,19.076,72.8777
22.6,70,15.0,343,2024-02-06 21:00:00,Mumbai,19.076,72.8777
22.4,74,14.8,346,2024-02-06 22:00:00,Mumbai,19.076,72.8777
22.0,76,12.4,352,2024-02-06 23:00:00,Mumbai,19.076,72.8777
21.4,77,9.0,5,2024-02-07 00:00:00,Mumbai,19.076,72.8777
21.8,82,10.8,360,2024-02-07 01:00:00,Mumbai,19.076,72.8777
21.7,82,10.4,358,2024-02-07 02:00:00,Mumbai,19.076,72.8777
23.6,73,10.5,4,2024-02-07 03:00:00,Mumbai,19.076,72.8777
26.6,58,10.1,358,2024-02-07 04:00:00,Mumbai,19.076,72.8777
29.5,46,10.6,350,2024-02-07 05:00:00,Mumbai,19.076,72.8777
31.2,42,11.9,335,2024-02-07 06:00:00,Mumbai,19.076,72.8777
31.8,44,15.6,320,2024-02-07 07:00:00,Mumbai,19.076,72.8777
32.2,43,18.8,317,2024-02-07 08:00:00,Mumbai,19.076,72.8777
32.4,41,20.6,314,2024-02-07 09:00:00,Mumbai,19.076,72.8777
31.2,46,21.1,314,2024-02-07 10:00:00,Mumbai,19.076,72.8777
30.2,45,20.6,317,2024-02-07 11:00:00,Mumbai,19.076,72.8777
28.1,55,21.0,325,2024-02-07 12:00:00,Mumbai,19.076,72.8777
25.8,63,24.0,330,2024-02-07 13:00:00,Mumbai,19.076,72.8777
25.8,53,23.7,343,2024-02-07 14:00:00,Mumbai,19.076,72.8777
25.6,49,20.9,349,2024-02-07 15:00:00,Mumbai,19.076,72.8777
25.4,45,20.4,352,2024-02-07 16:00:00,Mumbai,19.076,72.8777
25.1,43,18.4,357,2024-02-07 17:00:00,Mumbai,19.076,72.8777
24.7,46,17.0,5,2024-02-07 18:00:00,Mumbai,19.076,72.8777
24.2,48,15.0,11,2024-02-07 19:00:00,Mumbai,19.076,72.8777
23.6,50,13.8,20,2024-02-07 20:00:00,Mumbai,19.076,72.8777
23.4,51,13.4,20,2024-02-07 21:00:00,Mumbai,19.076,72.8777
23.1,51,12.3,15,2024-02-07 22:00:00,Mumbai,19.076,72.8777
22.5,53,10.0,15,2024-02-07 23:00:00,Mumbai,19.076,72.8777
21.8,55,9.0,16,2024-02-08 00:00:00,Mumbai,19.076,72.8777
21.5,58,7.7,11,2024-02-08 01:00:00,Mumbai,19.076,72.8777
20.9,62,6.9,9,2024-02-08 02:00:00,Mumbai,19.076,72.8777
23.2,56,9.7,2,2024-02-08 03:00:00,Mumbai,19.076,72.8777
26.1,47,9.8,6,2024-02-08 04:00:00,Mumbai,19.076,72.8777
29.0,40,8.7,7,2024-02-08 05:00:00,Mumbai,19.076,72.8777
31.1,35,9.3,347,2024-02-08 06:00:00,Mumbai,19.076,72.8777
32.2,33,12.7,325,2024-02-08 07:00:00,Mumbai,19.076,72.8777
32.0,40,18.6,314,2024-02-08 08:00:00,Mumbai,19.076,72.8777
31.5,43,22.1,314,2024-02-08 09:00:00,Mumbai,19.076,72.8777
30.5,44,24.5,319,2024-02-08 10:00:00,Mumbai,19.076,72.8777
29.1,45,23.8,325,2024-02-08 11:00:00,Mumbai,19.076,72.8777
28.0,52,21.0,329,2024-02-08 12:00:00,Mumbai,19.076,72.8777
26.0,63,17.3,324,2024-02-08 13:00:00,Mumbai,19.076,72.8777
25.0,66,20.0,330,2024-02-08 14:00:00,Mumbai,19.076,72.8777
24.3,70,20.6,335,2024-02-08 15:00:00,Mumbai,19.076,72.8777
23.9,68,20.9,339,2024-02-08 16:00:00,Mumbai,19.076,72.8777
23.4,67,17.7,347,2024-02-08 17:00:00,Mumbai,19.076,72.8777
22.8,67,12.6,357,2024-02-08 18:00:00,Mumbai,19.076,72.8777
22.1,65,8.6,2,2024-02-08 19:00:00,Mumbai,19.076,72.8777
21.0,65,6.5,3,2024-02-08 20:00:00,Mumbai,19.076,72.8777
20.5,66,6.6,351,2024-02-08 21:00:00,Mumbai,19.076,72.8777
20.4,67,8.6,345,2024-02-08 22:00:00,Mumbai,19.076,72.8777
19.9,68,7.6,357,2024-02-08 23:00:00,Mumbai,19.076,72.8777
19.0,68,6.5,360,2024-02-09 00:00:00,Mumbai,19.076,72.8777
18.6,73,7.2,6,2024-02-09 01:00:00,Mumbai,19.076,72.8777
19.3,74,6.6,347,2024-02-09 02:00:00,Mumbai,19.076,72.8777
21.9,65,9.0,358,2024-02-09 03:00:00,Mumbai,19.076,72.8777
25.0,52,7.6,357,2024-02-09 04:00:00,Mumbai,19.076,72.8777
28.1,43,12.3,339,2024-02-09 05:00:00,Mumbai,19.076,72.8777
30.1,36,15.9,332,2024-02-09 06:00:00,Mumbai,19.076,72.8777
31.0,35,17.2,323,2024-02-09 07:00:00,Mumbai,19.076,72.8777
31.0,38,18.8,317,2024-02-09 08:00:00,Mumbai,19.076,72.8777
30.8,38,21.4,316,2024-02-09 09:00:00,Mumbai,19.076,72.8777
30.1,38,22.2,318,2024-02-09 10:00:00,Mumbai,19.076,72.8777
29.0,41,23.1,321,2024-02-09 11:00:00,Mumbai,19.076,72.8777
27.5,48,21.6,327,2024-02-09 12:00:00,Mumbai,19.076,72.8777
25.8,51,19.3,327,2024-02-09 13:00:00,Mumbai,19.076,72.8777
24.8,53,19.6,334,2024-02-09 14:00:00,Mumbai,19.076,72.8777
24.4,51,18.0,340,2024-02-09 15:00:00,Mumbai,19.076,72.8777
24.1,42,16.6,347,2024-02-09 16:00:00,Mumbai,19.076,72.8777
23.6,37,13.4,354,2024-02-09 17:00:00,Mumbai,19.076,72.8777
22.8,37,11.9,358,2024-02-09 18:00:00,Mumbai,19.076,72.8777
22.5,36,11.2,360,2024-02-09 19:00:00,Mumbai,19.076,72.8777
21.9,37,8.4,10,2024-02-09 20:00:00,Mumbai,19.076,72.8777
20.8,42,7.2,6,2024-02-09 21:00:00,Mumbai,19.076,72.8777
21.0,43,8.0,352,2024-02-09 22:00:00,Mumbai,19.076,72.8777
20.9,44,8.3,355,2024-02-09 23:00:00,Mumbai,19.076,72.8777
20.1,47,7.2,357,2024-02-10 00:00:00,Mumbai,19.076,72.8777
20.3,53,8.2,345,2024-02-10 01:00:00,Mumbai,19.076,72.8777
20.8,55,11.4,347,2024-02-10 02:00:00,Mumbai,19.076,72.8777
22.8,48,13.0,355,2024-02-10 03:00:00,Mumbai,19.076,72.8777
25.9,39,10.1,356,2024-02-10 04:00:00,Mumbai,19.076,72.8777
28.9,33,9.1,351,2024-02-10 05:00:00,Mumbai,19.076,72.8777
30.7,29,12.2,332,2024-02-10 06:00:00,Mumbai,19.076,72.8777
30.9,35,18.6,317,2024-02-10 07:00:00,Mumbai,19.076,72.8777
30.2,41,22.2,317,2024-02-10 08:00:00,Mumbai,19.076,72.8777
30.0,37,22.7,318,2024-02-10 09:00:00,Mumbai,19.076,72.8777
29.5,34,23.6,321,2024-02-10 10:00:00,Mumbai,19.076,72.8777
28.6,36,24.4,326,2024-02-10 11:00:00,Mumbai,19.076,72.8777
27.2,44,22.6,331,2024-02-10 12:00:00,Mumbai,19.076,72.8777
25.4,50,21.7,333,2024-02-10 13:00:00,Mumbai,19.076,72.8777
24.6,47,19.7,339,2024-02-10 14:00:00,Mumbai,19.076,72.8777
24.0,45,16.8,345,2024-02-10 15:00:00,Mumbai,19.076,72.8777
23.5,40,15.5,348,2024-02-10 16:00:00,Mumbai,19.076,72.8777
22.7,38,9.8,6,2024-02-10 17:00:00,Mumbai,19.076,72.8777
20.5,42,7.9,24,2024-02-10 18:00:00,Mumbai,19.076,72.8777
19.2,46,10.1,27,2024-02-10 19:00:00,Mumbai,19.076,72.8777
18.6,48,9.5,9,2024-02-10 20:00:00,Mumbai,19.076,72.8777
19.2,47,7.7,349,2024-02-10 21:00:00,Mumbai,19.076,72.8777
20.4,45,12.3,339,2024-02-10 22:00:00,Mumbai,19.076,72.8777
20.2,43,11.4,347,2024-02-10 23:00:00,Mumbai,19.076,72.8777
19.2,43,8.4,7,2024-02-11 00:00:00,Mumbai,19.076,72.8777
18.8,51,7.0,12,2024-02-11 01:00:00,Mumbai,19.076,72.8777
18.2,54,6.3,24,2024-02-11 02:00:00,Mumbai,19.076,72.8777
21.4,45,8.5,12,2024-02-11 03:00:00,Mumbai,19.076,72.8777
25.5,36,8.0,352,2024-02-11 04:00:00,Mumbai,19.076,72.8777
28.6,32,9.3,344,2024-02-11 05:00:00,Mumbai,19.076,72.8777
30.5,29,11.3,329,2024-02-11 06:00:00,Mumbai,19.076,72.8777
31.0,33,15.0,316,2024-02-11 07:00:00,Mumbai,19.076,72.8777
30.6,38,18.8,313,2024-02-11 08:00:00,Mumbai,19.076,72.8777
30.5,38,20.9,316,2024-02-11 09:00:00,Mumbai,19.076,72.8777
29.8,36,22.2,320,2024-02-11 10:00:00,Mumbai,19.076,72.8777
28.8,40,22.1,323,2024-02-11 11:00:00,Mumbai,19.076,72.8777
27.2,47,20.8,326,2024-02-11 12:00:00,Mumbai,19.076,72.8777
25.1,55,18.1,329,2024-02-11 13:00:00,Mumbai,19.076,72.8777
24.4,55,17.1,332,2024-02-11 14:00:00,Mumbai,19.076,72.8777
23.8,55,14.1,341,2024-02-11 15:00:00,Mumbai,19.076,72.8777
23.0,55,11.6,344,2024-02-11 16:00:00,Mumbai,19.076,72.8777
22.5,54,11.5,346,2024-02-11 17:00:00,Mumbai,19.076,72.8777
22.0,49,11.7,349,2024-02-11 18:00:00,Mumbai,19.076,72.8777
21.2,47,7.6,355,2024-02-11 19:00:00,Mumbai,19.076,72.8777
19.0,54,9.8,8,2024-02-11 20:00:00,Mumbai,19.076,72.8777
18.2,58,8.3,18,2024-02-11 21:00:00,Mumbai,19.076,72.8777
17.9,60,6.8,3,2024-02-11 22:00:00,Mumbai,19.076,72.8777
19.0,56,9.8,354,2024-02-11 23:00:00,Mumbai,19.076,72.8777
19.9,56,12.6,347,2024-02-12 00:00:00,Mumbai,19.076,72.8777
19.8,60,10.3,348,2024-02-12 01:00:00,Mumbai,19.076,72.8777
20.0,65,10.4,358,2024-02-12 02:00:00,Mumbai,19.076,72.8777
22.0,61,8.6,22,2024-02-12 03:00:00,Mumbai,19.076,72.8777
25.0,54,6.5,19,2024-02-12 04:00:00,Mumbai,19.076,72.8777
28.0,43,6.5,6,2024-02-12 05:00:00,Mumbai,19.076,72.8777
30.2,35,5.7,342,2024-02-12 06:00:00,Mumbai,19.076,72.8777
31.5,32,6.9,309,2024-02-12 07:00:00,Mumbai,19.076,72.8777
31.5,37,12.0,291,2024-02-12 08:00:00,Mumbai,19.076,72.8777
31.2,39,14.4,292,2024-02-12 09:00:00,Mumbai,19.076,72.8777
30.9,35,15.0,300,2024-02-12 10:00:00,Mumbai,19.076,72.8777
29.8,36,15.0,305,2024-02-12 11:00:00,Mumbai,19.076,72.8777
27.9,48,12.8,310,2024-02-12 12:00:00,Mumbai,19.076,72.8777
25.4,60,12.5,309,2024-02-12 13:00:00,Mumbai,19.076,72.8777
24.0,66,11.8,322,2024-02-12 14:00:00,Mumbai,19.076,72.8777
23.5,67,13.4,333,2024-02-12 15:00:00,Mumbai,19.076,72.8777
23.1,66,10.7,340,2024-02-12 16:00:00,Mumbai,19.076,72.8777
22.4,65,8.9,346,2024-02-12 17:00:00,Mumbai,19.076,72.8777
22.0,61,9.7,345,2024-02-12 18:00:00,Mumbai,19.076,72.8777
21.7,54,9.5,349,2024-02-12 19:00:00,Mumbai,19.076,72.8777
21.2,49,10.9,354,2024-02-12 20:00:00,Mumbai,19.076,72.8777
21.2,47,11.6,355,2024-02-12 21:00:00,Mumbai,19.076,72.8777
20.5,47,7.9,3,2024-02-12 22:00:00,Mumbai,19.076,72.8777
20.0,51,8.4,353,2024-02-12 23:00:00,Mumbai,19.076,72.8777
19.8,56,9.0,2,2024-02-13 00:00:00,Mumbai,19.076,72.8777
20.2,55,9.7,360,2024-02-13 01:00:00,Mumbai,19.076,72.8777
20.0,57,9.1,9,2024-02-13 02:00:00,Mumbai,19.076,72.8777
22.0,51,9.2,21,2024-02-13 03:00:00,Mumbai,19.076,72.8777
25.5,40,7.2,18,2024-02-13 04:00:00,Mumbai,19.076,72.8777
28.6,29,8.4,7,2024-02-13 05:00:00,Mumbai,19.076,72.8777
30.9,22,8.9,346,2024-02-13 06:00:00,Mumbai,19.076,72.8777
31.8,21,13.3,322,2024-02-13 07:00:00,Mumbai,19.076,72.8777
31.1,32,18.9,312,2024-02-13 08:00:00,Mumbai,19.076,72.8777
30.8,34,17.8,312,2024-02-13 09:00:00,Mumbai,19.076,72.8777
30.1,32,19.4,310,2024-02-13 10:00:00,Mumbai,19.076,72.8777
28.9,36,21.4,316,2024-02-13 11:00:00,Mumbai,19.076,72.8777
27.1,48,22.3,321,2024-02-13 12:00:00,Mumbai,19.076,72.8777
25.5,51,21.0,329,2024-02-13 13:00:00,Mumbai,19.076,72.8777
25.0,45,18.6,338,2024-02-13 14:00:00,Mumbai,19.076,72.8777
24.5,42,14.5,346,2024-02-13 15:00:00,Mumbai,19.076,72.8777
24.2,38,14.6,350,2024-02-13 16:00:00,Mumbai,19.076,72.8777
23.9,34,14.5,353,2024-02-13 17:00:00,Mumbai,19.076,72.8777
23.5,32,13.0,357,2024-02-13 18:00:00,Mumbai,19.076,72.8777
23.0,32,10.1,360,2024-02-13 19:00:00,Mumbai,19.076,72.8777
22.1,34,8.6,360,2024-02-13 20:00:00,Mumbai,19.076,72.8777
21.9,34,9.4,358,2024-02-13 21:00:00,Mumbai,19.076,72.8777
21.5,37,10.1,356,2024-02-13 22:00:00,Mumbai,19.076,72.8777
21.5,38,11.5,358,2024-02-13 23:00:00,Mumbai,19.076,72.8777
21.4,39,11.9,357,2024-02-14 00:00:00,Mumbai,19.076,72.8777
20.5,48,9.0,358,2024-02-14 01:00:00,Mumbai,19.076,72.8777
20.5,49,9.7,358,2024-02-14 02:00:00,Mumbai,19.076,72.8777
22.9,45,12.0,353,2024-02-14 03:00:00,Mumbai,19.076,72.8777
25.9,40,11.6,355,2024-02-14 04:00:00,Mumbai,19.076,72.8777
29.0,33,13.3,360,2024-02-14 05:00:00,Mumbai,19.076,72.8777
31.5,26,14.8,359,2024-02-14 06:00:00,Mumbai,19.076,72.8777
33.0,22,15.2,346,2024-02-14 07:00:00,Mumbai,19.076,72.8777
32.6,29,18.2,322,2024-02-14 08:00:00,Mumbai,19.076,72.8777
31.2,42,22.4,316,2024-02-14 09:00:00,Mumbai,19.076,72.8777
30.6,44,23.7,319,2024-02-14 10:00:00,Mumbai,19.076,72.8777
29.6,43,23.4,323,2024-02-14 11:00:00,Mumbai,19.076,72.8777
28.0,46,21.3,330,2024-02-14 12:00:00,Mumbai,19.076,72.8777
25.8,54,20.0,330,2024-02-14 13:00:00,Mumbai,19.076,72.8777
25.1,51,20.3,337,2024-02-14 14:00:00,Mumbai,19.076,72.8777
24.8,47,19.0,345,2024-02-14 15:00:00,Mumbai,19.076,72.8777
24.5,41,17.8,346,2024-02-14 16:00:00,Mumbai,19.076,72.8777
24.3,36,16.8,351,2024-02-14 17:00:00,Mumbai,19.076,72.8777
24.1,32,14.0,360,2024-02-14 18:00:00,Mumbai,19.076,72.8777
23.6,32,13.4,6,2024-02-14 19:00:00,Mumbai,19.076,72.8777
23.2,35,14.8,4,2024-02-14 20:00:00,Mumbai,19.076,72.8777
23.2,35,15.5,360,2024-02-14 21:00:00,Mumbai,19.076,72.8777
23.2,35,16.3,355,2024-02-14 22:00:00,Mumbai,19.076,72.8777
22.9,36,16.3,352,2024-02-14 23:00:00,Mumbai,19.076,72.8777
22.3,37,13.3,2,2024-02-15 00:00:00,Mumbai,19.076,72.8777
20.4,43,7.3,11,2024-02-15 01:00:00,Mumbai,19.076,72.8777
20.0,48,6.3,13,2024-02-15 02:00:00,Mumbai,19.076,72.8777
23.0,43,9.4,360,2024-02-15 03:00:00,Mumbai,19.076,72.8777
26.4,38,8.3,360,2024-02-15 04:00:00,Mumbai,19.076,72.8777
29.4,33,6.2,21,2024-02-15 05:00:00,Mumbai,19.076,72.8777
31.7,29,6.3,336,2024-02-15 06:00:00,Mumbai,19.076,72.8777
32.7,31,12.5,316,2024-02-15 07:00:00,Mumbai,19.076,72.8777
32.3,37,17.1,311,2024-02-15 08:00:00,Mumbai,19.076,72.8777
31.8,39,19.4,310,2024-02-15 09:00:00,Mumbai,19.076,72.8777
30.9,38,20.9,314,2024-02-15 10:00:00,Mumbai,19.076,72.8777
29.7,44,20.2,320,2024-02-15 11:00:00,Mumbai,19.076,72.8777
28.0,55,19.0,323,2024-02-15 12:00:00,Mumbai,19.076,72.8777
25.4,72,15.9,322,2024-02-15 13:00:00,Mumbai,19.076,72.8777
24.9,69,16.8,332,2024-02-15 14:00:00,Mumbai,19.076,72.8777
24.8,64,14.9,340,2024-02-15 15:00:00,Mumbai,19.076,72.8777
24.5,57,10.5,4,2024-02-15 16:00:00,Mumbai,19.076,72.8777
22.6,59,7.2,93,2024-02-15 17:00:00,Mumbai,19.076,72.8777
24.4,53,3.1,159,2024-02-15 18:00:00,Mumbai,19.076,72.8777
22.3,60,4.7,328,2024-02-15 19:00:00,Mumbai,19.076,72.8777
21.5,67,7.1,315,2024-02-15 20:00:00,Mumbai,19.076,72.8777
20.9,74,8.0,324,2024-02-15 21:00:00,Mumbai,19.076,72.8777
21.4,73,6.8,335,2024-02-15 22:00:00,Mumbai,19.076,72.8777
19.9,78,6.9,43,2024-02-15 23:00:00,Mumbai,19.076,72.8777
19.6,79,5.6,310,2024-02-16 00:00:00,Mumbai,19.076,72.8777
21.0,70,6.4,52,2024-02-16 01:00:00,Mumbai,19.076,72.8777
20.8,74,6.3,31,2024-02-16 02:00:00,Mumbai,19.076,72.8777
24.3,57,6.8,25,2024-02-16 03:00:00,Mumbai,19.076,72.8777
28.0,44,5.2,56,2024-02-16 04:00:00,Mumbai,19.076,72.8777
31.6,36,1.8,79,2024-02-16 05:00:00,Mumbai,19.076,72.8777
33.5,32,4.8,207,2024-02-16 06:00:00,Mumbai,19.076,72.8777
34.2,32,7.2,243,2024-02-16 07:00:00,Mumbai,19.076,72.8777
34.5,31,9.5,245,2024-02-16 08:00:00,Mumbai,19.076,72.8777
33.8,31,13.4,246,2024-02-16 09:00:00,Mumbai,19.076,72.8777
32.8,34,14.8,269,2024-02-16 10:00:00,Mumbai,19.076,72.8777
31.2,42,17.2,290,2024-02-16 11:00:00,Mumbai,19.076,72.8777
29.8,47,14.3,313,2024-02-16 12:00:00,Mumbai,19.076,72.8777
27.1,57,12.4,324,2024-02-16 13:00:00,Mumbai,19.076,72.8777
25.9,64,9.5,331,2024-02-16 14:00:00,Mumbai,19.076,72.8777
24.7,69,6.7,306,2024-02-16 15:00:00,Mumbai,19.076,72.8777
24.1,67,7.4,76,2024-02-16 16:00:00,Mumbai,19.076,72.8777
23.1,71,6.6,347,2024-02-16 17:00:00,Mumbai,19.076,72.8777
23.2,65,5.8,7,2024-02-16 18:00:00,Mumbai,19.076,72.8777
22.4,67,7.8,34,2024-02-16 19:00:00,Mumbai,19.076,72.8777
21.5,70,6.5,87,2024-02-16 20:00:00,Mumbai,19.076,72.8777
22.1,67,4.9,73,2024-02-16 21:00:00,Mumbai,19.076,72.8777
20.5,73,6.7,36,2024-02-16 22:00:00,Mumbai,19.076,72.8777
20.3,74,5.6,15,2024-02-16 23:00:00,Mumbai,19.076,72.8777
19.6,76,6.8,3,2024-02-17 00:00:00,Mumbai,19.076,72.8777
21.6,67,5.8,30,2024-02-17 01:00:00,Mumbai,19.076,72.8777
21.9,67,6.2,21,2024-02-17 02:00:00,Mumbai,19.076,72.8777
25.1,56,6.3,13,2024-02-17 03:00:00,Mumbai,19.076,72.8777
28.8,45,1.9,292,2024-02-17 04:00:00,Mumbai,19.076,72.8777
31.5,39,3.9,292,2024-02-17 05:00:00,Mumbai,19.076,72.8777
33.0,37,5.2,282,2024-02-17 06:00:00,Mumbai,19.076,72.8777
33.5,39,8.5,258,2024-02-17 07:00:00,Mumbai,19.076,72.8777
33.3,41,12.2,256,2024-02-17 08:00:00,Mumbai,19.076,72.8777
33.0,42,12.4,260,2024-02-17 09:00:00,Mumbai,19.076,72.8777
32.5,43,12.9,257,2024-02-17 10:00:00,Mumbai,19.076,72.8777
31.4,47,13.3,272,2024-02-17 11:00:00,Mumbai,19.076,72.8777
29.6,54,14.5,276,2024-02-17 12:00:00,Mumbai,19.076,72.8777
27.6,59,8.7,315,2024-02-17 13:00:00,Mumbai,19.076,72.8777
25.9,70,7.1,336,2024-02-17 14:00:00,Mumbai,19.076,72.8777
25.2,70,8.3,342,2024-02-17 15:00:00,Mumbai,19.076,72.8777
25.0,68,10.8,330,2024-02-17 16:00:00,Mumbai,19.076,72.8777
23.9,70,6.0,33,2024-02-17 17:00:00,Mumbai,19.076,72.8777
22.9,60,10.1,88,2024-02-17 18:00:00,Mumbai,19.076,72.8777
25.4,46,4.3,24,2024-02-17 19:00:00,Mumbai,19.076,72.8777
24.8,48,3.9,214,2024-02-17 20:00:00,Mumbai,19.076,72.8777
23.1,58,4.1,315,2024-02-17 21:00:00,Mumbai,19.076,72.8777
21.1,68,5.6,345,2024-02-17 22:00:00,Mumbai,19.076,72.8777
20.6,71,6.8,357,2024-02-17 23:00:00,Mumbai,19.076,72.8777
21.0,76,10.2,352,2024-02-18 00:00:00,Mumbai,19.076,72.8777
22.0,87,10.0,347,2024-02-18 01:00:00,Mumbai,19.076,72.8777
21.6,83,7.9,43,2024-02-18 02:00:00,Mumbai,19.076,72.8777
23.9,65,9.2,59,2024-02-18 03:00:00,Mumbai,19.076,72.8777
28.1,50,8.0,54,2024-02-18 04:00:00,Mumbai,19.076,72.8777
31.9,36,8.2,41,2024-02-18 05:00:00,Mumbai,19.076,72.8777
34.0,25,9.4,4,2024-02-18 06:00:00,Mumbai,19.076,72.8777
34.8,22,10.3,331,2024-02-18 07:00:00,Mumbai,19.076,72.8777
34.7,28,16.0,301,2024-02-18 08:00:00,Mumbai,19.076,72.8777
33.5,34,21.3,304,2024-02-18 09:00:00,Mumbai,19.076,72.8777
32.7,32,21.7,312,2024-02-18 10:00:00,Mumbai,19.076,72.8777
31.8,35,20.1,316,2024-02-18 11:00:00,Mumbai,19.076,72.8777
30.5,40,18.6,324,2024-02-18 12:00:00,Mumbai,19.076,72.8777
26.5,64,17.1,311,2024-02-18 13:00:00,Mumbai,19.076,72.8777
25.7,65,17.7,321,2024-02-18 14:00:00,Mumbai,19.076,72.8777
25.2,67,15.5,324,2024-02-18 15:00:00,Mumbai,19.076,72.8777
24.6,71,12.7,331,2024-02-18 16:00:00,Mumbai,19.076,72.8777
23.5,76,6.8,3,2024-02-18 17:00:00,Mumbai,19.076,72.8777
21.5,79,8.0,54,2024-02-18 18:00:00,Mumbai,19.076,72.8777
20.7,77,9.1,7,2024-02-18 19:00:00,Mumbai,19.076,72.8777
20.4,73,8.2,15,2024-02-18 20:00:00,Mumbai,19.076,72.8777
19.8,72,7.4,14,2024-02-18 21:00:00,Mumbai,19.076,72.8777
19.4,71,7.9,360,2024-02-18 22:00:00,Mumbai,19.076,72.8777
19.5,68,8.0,352,2024-02-18 23:00:00,Mumbai,19.076,72.8777
20.0,64,7.3,349,2024-02-19 00:00:00,Mumbai,19.076,72.8777
22.8,62,10.2,352,2024-02-19 01:00:00,Mumbai,19.076,72.8777
22.4,63,7.9,3,2024-02-19 02:00:00,Mumbai,19.076,72.8777
24.8,54,8.1,21,2024-02-19 03:00:00,Mumbai,19.076,72.8777
28.1,43,5.5,32,2024-02-19 04:00:00,Mumbai,19.076,72.8777
30.9,33,4.4,351,2024-02-19 05:00:00,Mumbai,19.076,72.8777
31.7,34,11.9,295,2024-02-19 06:00:00,Mumbai,19.076,72.8777
31.7,36,16.8,305,2024-02-19 07:00:00,Mumbai,19.076,72.8777
32.3,28,19.4,313,2024-02-19 08:00:00,Mumbai,19.076,72.8777
32.2,27,20.4,316,2024-02-19 09:00:00,Mumbai,19.076,72.8777
31.7,28,20.6,317,2024-02-19 10:00:00,Mumbai,19.076,72.8777
30.5,33,19.6,317,2024-02-19 11:00:00,Mumbai,19.076,72.8777
28.9,41,17.9,320,2024-02-19 12:00:00,Mumbai,19.076,72.8777
27.0,44,18.3,324,2024-02-19 13:00:00,Mumbai,19.076,72.8777
25.9,47,15.5,332,2024-02-19 14:00:00,Mumbai,19.076,72.8777
25.2,49,15.0,339,2024-02-19 15:00:00,Mumbai,19.076,72.8777
24.9,48,14.9,340,2024-02-19 16:00:00,Mumbai,19.076,72.8777
24.3,51,13.6,338,2024-02-19 17:00:00,Mumbai,19.076,72.8777
23.8,57,14.2,336,2024-02-19 18:00:00,Mumbai,19.076,72.8777
23.2,65,14.4,338,2024-02-19 19:00:00,Mumbai,19.076,72.8777
22.9,70,12.4,350,2024-02-19 20:00:00,Mumbai,19.076,72.8777
22.4,72,10.8,4,2024-02-19 21:00:00,Mumbai,19.076,72.8777
21.8,73,8.5,12,2024-02-19 22:00:00,Mumbai,19.076,72.8777
21.0,76,7.0,21,2024-02-19 23:00:00,Mumbai,19.076,72.8777
20.3,76,6.9,28,2024-02-20 00:00:00,Mumbai,19.076,72.8777
20.4,90,5.5,58,2024-02-20 01:00:00,Mumbai,19.076,72.8777
20.5,85,5.9,43,2024-02-20 02:00:00,Mumbai,19.076,72.8777
23.6,71,8.9,32,2024-02-20 03:00:00,Mumbai,19.076,72.8777
27.2,57,9.6,20,2024-02-20 04:00:00,Mumbai,19.076,72.8777
30.0,40,11.2,356,2024-02-20 05:00:00,Mumbai,19.076,72.8777
31.5,35,11.8,329,2024-02-20 06:00:00,Mumbai,19.076,72.8777
31.4,41,17.9,310,2024-02-20 07:00:00,Mumbai,19.076,72.8777
31.0,38,23.4,313,2024-02-20 08:00:00,Mumbai,19.076,72.8777
30.9,35,25.3,319,2024-02-20 09:00:00,Mumbai,19.076,72.8777
30.1,40,24.3,322,2024-02-20 10:00:00,Mumbai,19.076,72.8777
29.1,44,23.0,325,2024-02-20 11:00:00,Mumbai,19.076,72.8777
27.6,53,21.3,326,2024-02-20 12:00:00,Mumbai,19.076,72.8777
26.0,53,18.9,329,2024-02-20 13:00:00,Mumbai,19.076,72.8777
25.0,60,17.4,333,2024-02-20 14:00:00,Mumbai,19.076,72.8777
24.4,67,14.5,337,2024-02-20 15:00:00,Mumbai,19.076,72.8777
23.8,72,11.6,338,2024-02-20 16:00:00,Mumbai,19.076,72.8777
23.0,78,8.7,336,2024-02-20 17:00:00,Mumbai,19.076,72.8777
21.9,87,5.9,349,2024-02-20 18:00:00,Mumbai,19.076,72.8777
20.5,91,6.1,62,2024-02-20 19:00:00,Mumbai,19.076,72.8777
20.0,84,5.2,65,2024-02-20 20:00:00,Mumbai,19.076,72.8777
19.5,81,5.4,48,2024-02-20 21:00:00,Mumbai,19.076,72.8777
19.3,80,5.1,51,2024-02-20 22:00:00,Mumbai,19.076,72.8777
19.2,80,5.1,45,2024-02-20 23:00:00,Mumbai,19.076,72.8777
19.9,80,5.4,42,2024-02-21 00:00:00,Mumbai,19.076,72.8777
20.8,93,4.9,17,2024-02-21 01:00:00,Mumbai,19.076,72.8777
21.2,91,5.6,45,2024-02-21 02:00:00,Mumbai,19.076,72.8777
23.3,80,7.4,67,2024-02-21 03:00:00,Mumbai,19.076,72.8777
25.4,76,6.2,36,2024-02-21 04:00:00,Mumbai,19.076,72.8777
27.6,63,7.7,323,2024-02-21 05:00:00,Mumbai,19.076,72.8777
28.5,57,12.1,300,2024-02-21 06:00:00,Mumbai,19.076,72.8777
28.8,53,15.5,298,2024-02-21 07:00:00,Mumbai,19.076,72.8777
28.7,54,16.6,297,2024-02-21 08:00:00,Mumbai,19.076,72.8777
28.2,59,18.0,299,2024-02-21 09:00:00,Mumbai,19.076,72.8777
27.8,60,19.3,299,2024-02-21 10:00:00,Mumbai,19.076,72.8777
27.3,59,19.3,299,2024-02-21 11:00:00,Mumbai,19.076,72.8777
26.3,67,17.3,301,2024-02-21 12:00:00,Mumbai,19.076,72.8777
24.7,78,14.8,304,2024-02-21 13:00:00,Mumbai,19.076,72.8777
24.2,83,11.8,301,2024-02-21 14:00:00,Mumbai,19.076,72.8777
24.0,84,9.9,303,2024-02-21 15:00:00,Mumbai,19.076,72.8777
23.8,85,8.8,305,2024-02-21 16:00:00,Mumbai,19.076,72.8777
23.4,86,7.3,303,2024-02-21 17:00:00,Mumbai,19.076,72.8777
22.9,89,5.6,310,2024-02-21 18:00:00,Mumbai,19.076,72.8777
21.8,93,6.8,342,2024-02-21 19:00:00,Mumbai,19.076,72.8777
21.6,94,4.6,18,2024-02-21 20:00:00,Mumbai,19.076,72.8777
21.5,95,4.6,45,2024-02-21 21:00:00,Mumbai,19.076,72.8777
21.1,96,5.0,69,2024-02-21 22:00:00,Mumbai,19.076,72.8777
20.8,97,6.2,80,2024-02-21 23:00:00,Mumbai,19.076,72.8777
20.5,99,7.1,75,2024-02-22 00:00:00,Mumbai,19.076,72.8777
22.0,98,3.5,24,2024-02-22 01:00:00,Mumbai,19.076,72.8777
22.2,97,5.6,15,2024-02-22 02:00:00,Mumbai,19.076,72.8777
23.8,91,6.6,13,2024-02-22 03:00:00,Mumbai,19.076,72.8777
26.0,75,8.9,346,2024-02-22 04:00:00,Mumbai,19.076,72.8777
27.6,63,10.4,326,2024-02-22 05:00:00,Mumbai,19.076,72.8777
28.6,58,12.8,308,2024-02-22 06:00:00,Mumbai,19.076,72.8777
28.6,59,17.2,303,2024-02-22 07:00:00,Mumbai,19.076,72.8777
28.4,61,19.4,301,2024-02-22 08:00:00,Mumbai,19.076,72.8777
28.3,57,19.4,301,2024-02-22 09:00:00,Mumbai,19.076,72.8777
27.7,58,19.6,302,2024-02-22 10:00:00,Mumbai,19.076,72.8777
27.0,59,18.9,305,2024-02-22 11:00:00,Mumbai,19.076,72.8777
25.9,66,17.8,313,2024-02-22 12:00:00,Mumbai,19.076,72.8777
24.0,69,17.1,321,2024-02-22 13:00:00,Mumbai,19.076,72.8777
23.4,71,14.7,324,2024-02-22 14:00:00,Mumbai,19.076,72.8777
23.0,72,12.9,324,2024-02-22 15:00:00,Mumbai,19.076,72.8777
22.5,76,11.0,319,2024-02-22 16:00:00,Mumbai,19.076,72.8777
22.2,81,11.2,327,2024-02-22 17:00:00,Mumbai,19.076,72.8777
21.9,86,11.6,334,2024-02-22 18:00:00,Mumbai,19.076,72.8777
21.7,88,12.8,338,2024-02-22 19:00:00,Mumbai,19.076,72.8777
21.6,89,11.9,346,2024-02-22 20:00:00,Mumbai,19.076,72.8777
20.8,93,5.4,20,2024-02-22 21:00:00,Mumbai,19.076,72.8777
19.6,94,4.5,61,2024-02-22 22:00:00,Mumbai,19.076,72.8777
19.2,91,5.9,79,2024-02-22 23:00:00,Mumbai,19.076,72.8777
18.6,88,7.0,78,2024-02-23 00:00:00,Mumbai,19.076,72.8777
20.5,95,6.1,90,2024-02-23 01:00:00,Mumbai,19.076,72.8777
20.5,94,9.4,83,2024-02-23 02:00:00,Mumbai,19.076,72.8777
22.9,83,10.9,73,2024-02-23 03:00:00,Mumbai,19.076,72.8777
24.8,70,11.0,58,2024-02-23 04:00:00,Mumbai,19.076,72.8777
26.8,55,7.4,47,2024-02-23 05:00:00,Mumbai,19.076,72.8777
29.0,42,7.4,14,2024-02-23 06:00:00,Mumbai,19.076,72.8777
30.1,39,10.5,333,2024-02-23 07:00:00,Mumbai,19.076,72.8777
30.1,44,15.8,317,2024-02-23 08:00:00,Mumbai,19.076,72.8777
29.1,55,20.5,308,2024-02-23 09:00:00,Mumbai,19.076,72.8777
29.0,47,23.9,315,2024-02-23 10:00:00,Mumbai,19.076,72.8777
28.5,41,24.9,321,2024-02-23 11:00:00,Mumbai,19.076,72.8777
27.6,39,23.4,326,2024-02-23 12:00:00,Mumbai,19.076,72.8777
25.8,42,21.8,326,2024-02-23 13:00:00,Mumbai,19.076,72.8777
25.1,46,18.8,328,2024-02-23 14:00:00,Mumbai,19.076,72.8777
24.6,48,16.9,336,2024-02-23 15:00:00,Mumbai,19.076,72.8777
24.1,48,17.0,343,2024-02-23 16:00:00,Mumbai,19.076,72.8777
23.3,46,16.0,351,2024-02-23 17:00:00,Mumbai,19.076,72.8777
22.1,39,11.6,7,2024-02-23 18:00:00,Mumbai,19.076,72.8777
20.8,36,8.4,20,2024-02-23 19:00:00,Mumbai,19.076,72.8777
19.8,39,7.3,9,2024-02-23 20:00:00,Mumbai,19.076,72.8777
19.6,44,7.6,3,2024-02-23 21:00:00,Mumbai,19.076,72.8777
19.9,48,10.1,360,2024-02-23 22:00:00,Mumbai,19.076,72.8777
19.9,51,12.6,360,2024-02-23 23:00:00,Mumbai,19.076,72.8777
20.1,50,14.4,1,2024-02-24 00:00:00,Mumbai,19.076,72.8777
20.2,55,14.1,4,2024-02-24 01:00:00,Mumbai,19.076,72.8777
20.1,56,13.4,14,2024-02-24 02:00:00,Mumbai,19.076,72.8777
22.6,51,14.4,13,2024-02-24 03:00:00,Mumbai,19.076,72.8777
25.6,44,15.2,7,2024-02-24 04:00:00,Mumbai,19.076,72.8777
28.6,28,15.2,7,2024-02-24 05:00:00,Mumbai,19.076,72.8777
30.8,19,13.7,3,2024-02-24 06:00:00,Mumbai,19.076,72.8777
31.6,18,18.1,337,2024-02-24 07:00:00,Mumbai,19.076,72.8777
31.8,21,20.6,327,2024-02-24 08:00:00,Mumbai,19.076,72.8777
31.0,27,24.7,318,2024-02-24 09:00:00,Mumbai,19.076,72.8777
30.4,26,27.5,323,2024-02-24 10:00:00,Mumbai,19.076,72.8777
29.2,27,27.8,326,2024-02-24 11:00:00,Mumbai,19.076,72.8777
28.1,28,25.4,333,2024-02-24 12:00:00,Mumbai,19.076,72.8777
26.5,26,21.1,337,2024-02-24 13:00:00,Mumbai,19.076,72.8777
25.1,29,17.1,345,2024-02-24 14:00:00,Mumbai,19.076,72.8777
24.1,32,16.9,349,2024-02-24 15:00:00,Mumbai,19.076,72.8777
23.5,29,16.2,356,2024-02-24 16:00:00,Mumbai,19.076,72.8777
22.9,27,14.1,3,2024-02-24 17:00:00,Mumbai,19.076,72.8777
22.4,26,13.8,6,2024-02-24 18:00:00,Mumbai,19.076,72.8777
22.0,27,13.4,8,2024-02-24 19:00:00,Mumbai,19.076,72.8777
21.5,26,12.4,8,2024-02-24 20:00:00,Mumbai,19.076,72.8777
21.3,26,11.7,9,2024-02-24 21:00:00,Mumbai,19.076,72.8777
21.1,25,12.7,8,2024-02-24 22:00:00,Mumbai,19.076,72.8777
21.0,23,12.4,10,2024-02-24 23:00:00,Mumbai,19.076,72.8777
19.6,25,8.0,27,2024-02-25 00:00:00,Mumbai,19.076,72.8777
18.8,29,7.4,23,2024-02-25 01:00:00,Mumbai,19.076,72.8777
19.0,30,7.8,34,2024-02-25 02:00:00,Mumbai,19.076,72.8777
22.0,27,9.8,28,2024-02-25 03:00:00,Mumbai,19.076,72.8777
25.6,22,10.0,15,2024-02-25 04:00:00,Mumbai,19.076,72.8777
29.0,19,10.8,21,2024-02-25 05:00:00,Mumbai,19.076,72.8777
31.5,15,8.7,38,2024-02-25 06:00:00,Mumbai,19.076,72.8777
33.1,13,5.8,353,2024-02-25 07:00:00,Mumbai,19.076,72.8777
33.7,13,7.9,330,2024-02-25 08:00:00,Mumbai,19.076,72.8777
34.3,13,8.2,308,2024-02-25 09:00:00,Mumbai,19.076,72.8777
31.9,31,19.0,307,2024-02-25 10:00:00,Mumbai,19.076,72.8777
31.4,29,18.9,312,2024-02-25 11:00:00,Mumbai,19.076,72.8777
29.8,35,18.1,319,2024-02-25 12:00:00,Mumbai,19.076,72.8777
26.2,50,17.8,328,2024-02-25 13:00:00,Mumbai,19.076,72.8777
25.2,50,16.6,338,2024-02-25 14:00:00,Mumbai,19.076,72.8777
24.8,49,15.9,342,2024-02-25 15:00:00,Mumbai,19.076,72.8777
24.5,45,14.5,341,2024-02-25 16:00:00,Mumbai,19.076,72.8777
24.1,40,11.2,358,2024-02-25 17:00:00,Mumbai,19.076,72.8777
22.4,39,6.4,74,2024-02-25 18:00:00,Mumbai,19.076,72.8777
21.5,45,8.7,85,2024-02-25 19:00:00,Mumbai,19.076,72.8777
23.6,38,3.7,11,2024-02-25 20:00:00,Mumbai,19.076,72.8777
23.0,41,2.6,326,2024-02-25 21:00:00,Mumbai,19.076,72.8777
19.6,56,6.8,18,2024-02-25 22:00:00,Mumbai,19.076,72.8777
19.0,56,7.5,35,2024-02-25 23:00:00,Mumbai,19.076,72.8777
18.5,53,7.6,59,2024-02-26 00:00:00,Mumbai,19.076,72.8777
19.1,52,6.2,54,2024-02-26 01:00:00,Mumbai,19.076,72.8777
20.2,48,8.1,69,2024-02-26 02:00:00,Mumbai,19.076,72.8777
24.1,39,9.5,79,2024-02-26 03:00:00,Mumbai,19.076,72.8777
29.0,32,6.6,99,2024-02-26 04:00:00,Mumbai,19.076,72.8777
32.5,27,6.4,142,2024-02-26 05:00:00,Mumbai,19.076,72.8777
34.2,25,8.7,175,2024-02-26 06:00:00,Mumbai,19.076,72.8777
34.8,25,11.0,212,2024-02-26 07:00:00,Mumbai,19.076,72.8777
34.3,27,14.0,241,2024-02-26 08:00:00,Mumbai,19.076,72.8777
33.5,32,16.2,258,2024-02-26 09:00:00,Mumbai,19.076,72.8777
32.3,36,17.3,271,2024-02-26 10:00:00,Mumbai,19.076,72.8777
30.8,45,15.7,281,2024-02-26 11:00:00,Mumbai,19.076,72.8777
29.0,58,14.7,287,2024-02-26 12:00:00,Mumbai,19.076,72.8777
27.4,62,12.0,303,2024-02-26 13:00:00,Mumbai,19.076,72.8777
26.4,65,12.8,308,2024-02-26 14:00:00,Mumbai,19.076,72.8777
25.8,68,7.4,337,2024-02-26 15:00:00,Mumbai,19.076,72.8777
24.8,68,4.6,72,2024-02-26 16:00:00,Mumbai,19.076,72.8777
23.8,70,6.7,106,2024-02-26 17:00:00,Mumbai,19.076,72.8777
25.3,64,3.8,131,2024-02-26 18:00:00,Mumbai,19.076,72.8777
24.9,67,2.5,98,2024-02-26 19:00:00,Mumbai,19.076,72.8777
24.5,68,1.3,56,2024-02-26 20:00:00,Mumbai,19.076,72.8777
22.7,74,2.3,18,2024-02-26 21:00:00,Mumbai,19.076,72.8777
21.8,75,3.1,54,2024-02-26 22:00:00,Mumbai,19.076,72.8777
21.6,74,2.7,67,2024-02-26 23:00:00,Mumbai,19.076,72.8777
20.9,76,4.3,66,2024-02-27 00:00:00,Mumbai,19.076,72.8777
22.4,73,7.7,41,2024-02-27 01:00:00,Mumbai,19.076,72.8777
23.6,66,6.3,336,2024-02-27 02:00:00,Mumbai,19.076,72.8777
26.1,65,10.3,331,2024-02-27 03:00:00,Mumbai,19.076,72.8777
29.6,45,9.0,5,2024-02-27 04:00:00,Mumbai,19.076,72.8777
32.3,35,6.5,360,2024-02-27 05:00:00,Mumbai,19.076,72.8777
33.8,32,8.3,326,2024-02-27 06:00:00,Mumbai,19.076,72.8777
34.0,34,14.8,299,2024-02-27 07:00:00,Mumbai,19.076,72.8777
33.5,34,17.9,300,2024-02-27 08:00:00,Mumbai,19.076,72.8777
32.9,33,20.1,303,2024-02-27 09:00:00,Mumbai,19.076,72.8777
32.0,32,20.8,307,2024-02-27 10:00:00,Mumbai,19.076,72.8777
30.9,36,21.4,311,2024-02-27 11:00:00,Mumbai,19.076,72.8777
29.5,42,20.2,319,2024-02-27 12:00:00,Mumbai,19.076,72.8777
27.1,55,18.0,327,2024-02-27 13:00:00,Mumbai,19.076,72.8777
26.8,49,18.2,335,2024-02-27 14:00:00,Mumbai,19.076,72.8777
26.6,46,15.8,339,2024-02-27 15:00:00,Mumbai,19.076,72.8777
26.5,44,14.1,345,2024-02-27 16:00:00,Mumbai,19.076,72.8777
26.5,38,11.9,358,2024-02-27 17:00:00,Mumbai,19.076,72.8777
25.9,35,7.4,23,2024-02-27 18:00:00,Mumbai,19.076,72.8777
24.9,34,6.3,31,2024-02-27 19:00:00,Mumbai,19.076,72.8777
24.1,35,6.2,7,2024-02-27 20:00:00,Mumbai,19.076,72.8777
23.0,40,8.9,21,2024-02-27 21:00:00,Mumbai,19.076,72.8777
22.5,42,8.3,355,2024-02-27 22:00:00,Mumbai,19.076,72.8777
23.0,42,6.9,351,2024-02-27 23:00:00,Mumbai,19.076,72.8777
23.0,41,7.6,355,2024-02-28 00:00:00,Mumbai,19.076,72.8777
23.6,33,9.7,356,2024-02-28 01:00:00,Mumbai,19.076,72.8777
23.9,34,9.0,358,2024-02-28 02:00:00,Mumbai,19.076,72.8777
26.0,33,8.1,13,2024-02-28 03:00:00,Mumbai,19.076,72.8777
29.0,28,6.4,27,2024-02-28 04:00:00,Mumbai,19.076,72.8777
32.2,25,5.5,11,2024-02-28 05:00:00,Mumbai,19.076,72.8777
34.3,25,3.8,343,2024-02-28 06:00:00,Mumbai,19.076,72.8777
35.2,26,7.9,300,2024-02-28 07:00:00,Mumbai,19.076,72.8777
35.0,30,14.3,288,2024-02-28 08:00:00,Mumbai,19.076,72.8777
34.4,32,16.2,291,2024-02-28 09:00:00,Mumbai,19.076,72.8777
33.7,35,15.9,298,2024-02-28 10:00:00,Mumbai,19.076,72.8777
32.5,39,16.0,316,2024-02-28 11:00:00,Mumbai,19.076,72.8777
31.0,46,16.5,328,2024-02-28 12:00:00,Mumbai,19.076,72.8777
27.5,67,15.9,321,2024-02-28 13:00:00,Mumbai,19.076,72.8777
26.9,66,20.3,327,2024-02-28 14:00:00,Mumbai,19.076,72.8777
26.7,63,21.9,330,2024-02-28 15:00:00,Mumbai,19.076,72.8777
26.5,63,15.4,349,2024-02-28 16:00:00,Mumbai,19.076,72.8777
25.0,62,5.5,113,2024-02-28 17:00:00,Mumbai,19.076,72.8777
25.5,55,4.4,325,2024-02-28 18:00:00,Mumbai,19.076,72.8777
26.1,51,4.4,351,2024-02-28 19:00:00,Mumbai,19.076,72.8777
23.5,57,7.2,354,2024-02-28 20:00:00,Mumbai,19.076,72.8777
23.9,55,7.2,354,2024-02-28 21:00:00,Mumbai,19.076,72.8777
24.2,54,10.7,340,2024-02-28 22:00:00,Mumbai,19.076,72.8777
24.0,56,10.6,342,2024-02-28 23:00:00,Mumbai,19.076,72.8777
22.5,60,7.6,8,2024-02-29 00:00:00,Mumbai,19.076,72.8777
23.2,64,6.1,332,2024-02-29 01:00:00,Mumbai,19.076,72.8777
24.0,67,10.5,329,2024-02-29 02:00:00,Mumbai,19.076,72.8777
26.7,63,10.7,340,2024-02-29 03:00:00,Mumbai,19.076,72.8777
29.4,53,9.5,349,2024-02-29 04:00:00,Mumbai,19.076,72.8777
32.2,41,7.2,342,2024-02-29 05:00:00,Mumbai,19.076,72.8777
33.8,37,6.4,308,2024-02-29 06:00:00,Mumbai,19.076,72.8777
34.2,40,10.8,300,2024-02-29 07:00:00,Mumbai,19.076,72.8777
34.4,39,14.7,298,2024-02-29 08:00:00,Mumbai,19.076,72.8777
34.0,38,16.4,296,2024-02-29 09:00:00,Mumbai,19.076,72.8777
33.3,37,16.8,301,2024-02-29 10:00:00,Mumbai,19.076,72.8777
32.3,42,16.4,310,2024-02-29 11:00:00,Mumbai,19.076,72.8777
30.5,51,17.3,317,2024-02-29 12:00:00,Mumbai,19.076,72.8777
28.8,57,17.3,306,2024-02-29 13:00:00,Mumbai,19.076,72.8777
28.0,58,19.0,307,2024-02-29 14:00:00,Mumbai,19.076,72.8777
27.2,63,10.1,2,2024-02-29 15:00:00,Mumbai,19.076,72.8777
26.6,62,7.4,43,2024-02-29 16:00:00,Mumbai,19.076,72.8777
27.2,57,5.1,4,2024-02-29 17:00:00,Mumbai,19.076,72.8777
25.5,64,5.2,348,2024-02-29 18:00:00,Mumbai,19.076,72.8777
24.4,68,6.1,360,2024-02-29 19:00:00,Mumbai,19.076,72.8777
24.4,64,5.1,356,2024-02-29 20:00:00,Mumbai,19.076,72.8777
24.5,62,6.9,354,2024-02-29 21:00:00,Mumbai,19.076,72.8777
24.9,60,8.3,355,2024-02-29 22:00:00,Mumbai,19.076,72.8777
24.0,63,6.2,353,2024-02-29 23:00:00,Mumbai,19.076,72.8777
